time,source,frame,x,y,theta,cov_xx,cov_yy,cov_xy,runtime_ms,ess,resampling_triggered
4.8,amcl,map,-1.97656,-0.526666,-0.0145514,0.176465,0.214068,-0.0163905,,,
5.802,amcl,map,-2.00075,-0.498281,0.00556378,0.155648,0.196898,-0.00269664,,,
5.904,odom,map,-1.97656,-0.526666,-0.0145514,0,0,0,,,
5.94,odom,map,-1.97656,-0.526666,-0.0145514,0,0,0,,,
5.976,odom,map,-1.97656,-0.526666,-0.0145514,0,0,0,,,
6.012,odom,map,-1.97656,-0.526666,-0.0145514,0,0,0,,,
6.048,odom,map,-1.97656,-0.526666,-0.0145514,0,0,0,,,
6.084,odom,map,-1.97656,-0.526666,-0.0145514,0,0,0,,,
6.12,odom,map,-1.97656,-0.526666,-0.0145514,0,0,0,,,
6.156,odom,map,-1.97656,-0.526666,-0.0145514,0,0,0,,,
6.192,odom,map,-1.97656,-0.526666,-0.0145514,0,0,0,,,
6.228,odom,map,-1.97656,-0.526666,-0.0145514,0,0,0,,,
6.264,odom,map,-1.97656,-0.526666,-0.0145514,0,0,0,,,
6.3,odom,map,-1.97656,-0.526666,-0.0145514,0,0,0,,,
6.336,odom,map,-1.97656,-0.526666,-0.0145514,0,0,0,,,
6.372,odom,map,-1.97656,-0.526666,-0.0145514,0,0,0,,,
6.408,odom,map,-1.97656,-0.526666,-0.0145514,0,0,0,,,
6.444,odom,map,-1.97656,-0.526666,-0.0145514,0,0,0,,,
6.48,odom,map,-1.97656,-0.526666,-0.0145514,0,0,0,,,
6.516,odom,map,-1.97656,-0.526666,-0.0145514,0,0,0,,,
6.552,odom,map,-1.97656,-0.526666,-0.0145514,0,0,0,,,
6.588,odom,map,-1.97656,-0.526666,-0.0145514,0,0,0,,,
6.624,odom,map,-1.97933,-0.523418,-0.0122497,0,0,0,,,
6.66,odom,map,-1.98366,-0.518334,-0.00864697,0,0,0,,,
6.696,odom,map,-1.988,-0.51325,-0.00504424,0,0,0,,,
6.732,odom,map,-1.99233,-0.508166,-0.00144152,0,0,0,,,
6.768,odom,map,-1.99666,-0.503082,0.0021612,0,0,0,,,
6.804,odom,map,-2.00075,-0.498281,0.00556378,0,0,0,,,
6.801,amcl,map,-1.97466,-0.51636,0.00281727,0.190494,0.239149,-0.0136476,,,
6.84,odom,map,-2.00075,-0.498281,0.00556378,0,0,0,,,
6.876,odom,map,-2.00075,-0.498281,0.00556378,0,0,0,,,
6.912,odom,map,-2.00075,-0.498281,0.00556378,0,0,0,,,
6.948,odom,map,-2.00075,-0.498281,0.00556378,0,0,0,,,
6.984,odom,map,-2.00075,-0.498281,0.00556378,0,0,0,,,
7.02,odom,map,-2.00075,-0.498281,0.00556378,0,0,0,,,
7.056,odom,map,-2.00075,-0.498281,0.00556378,0,0,0,,,
7.092,odom,map,-2.00075,-0.498281,0.00556378,0,0,0,,,
7.128,odom,map,-2.00075,-0.498281,0.00556378,0,0,0,,,
7.164,odom,map,-2.00075,-0.498281,0.00556378,0,0,0,,,
7.2,odom,map,-2.00075,-0.498281,0.00556378,0,0,0,,,
7.236,odom,map,-2.00075,-0.498281,0.00556378,0,0,0,,,
7.272,odom,map,-2.00075,-0.498281,0.00556378,0,0,0,,,
7.308,odom,map,-2.00075,-0.498281,0.00556378,0,0,0,,,
7.344,odom,map,-2.00075,-0.498281,0.00556378,0,0,0,,,
7.38,odom,map,-2.00075,-0.498281,0.00556378,0,0,0,,,
7.416,odom,map,-2.00075,-0.498281,0.00556378,0,0,0,,,
7.452,odom,map,-2.00075,-0.498281,0.00556378,0,0,0,,,
7.488,odom,map,-2.00075,-0.498281,0.00556378,0,0,0,,,
7.524,odom,map,-2.00075,-0.498281,0.00556378,0,0,0,,,
7.56,odom,map,-2.00075,-0.498281,0.00556378,0,0,0,,,
7.596,odom,map,-2.00075,-0.498281,0.00556378,0,0,0,,,
7.632,odom,map,-1.9966,-0.501159,0.00512652,0,0,0,,,
7.668,odom,map,-1.99192,-0.504397,0.00463461,0,0,0,,,
7.704,odom,map,-1.98725,-0.507635,0.0041427,0,0,0,,,
7.74,odom,map,-1.98258,-0.510873,0.00365079,0,0,0,,,
7.776,odom,map,-1.97791,-0.514111,0.00315888,0,0,0,,,
7.812,odom,map,-1.97466,-0.51636,0.00281727,0,0,0,,,
7.8,amcl,map,-1.96951,-0.467457,-0.00525874,0.184077,0.24161,-0.0145725,,,
7.848,odom,map,-1.97466,-0.51636,0.00281727,0,0,0,,,
7.884,odom,map,-1.97466,-0.51636,0.00281727,0,0,0,,,
7.92,odom,map,-1.97466,-0.51636,0.00281727,0,0,0,,,
7.956,odom,map,-1.97466,-0.51636,0.00281727,0,0,0,,,
7.992,odom,map,-1.97466,-0.51636,0.00281727,0,0,0,,,
8.028,odom,map,-1.97466,-0.51636,0.00281727,0,0,0,,,
8.064,odom,map,-1.97466,-0.51636,0.00281727,0,0,0,,,
8.1,odom,map,-1.97466,-0.51636,0.00281727,0,0,0,,,
8.136,odom,map,-1.97466,-0.51636,0.00281727,0,0,0,,,
8.172,odom,map,-1.97466,-0.51636,0.00281727,0,0,0,,,
8.208,odom,map,-1.97466,-0.51636,0.00281727,0,0,0,,,
8.244,odom,map,-1.97466,-0.51636,0.00281727,0,0,0,,,
8.28,odom,map,-1.97466,-0.51636,0.00281727,0,0,0,,,
8.316,odom,map,-1.97466,-0.51636,0.00281727,0,0,0,,,
8.352,odom,map,-1.97466,-0.51636,0.00281727,0,0,0,,,
8.388,odom,map,-1.97466,-0.51636,0.00281727,0,0,0,,,
8.424,odom,map,-1.97466,-0.51636,0.00281727,0,0,0,,,
8.46,odom,map,-1.97466,-0.51636,0.00281727,0,0,0,,,
8.496,odom,map,-1.97466,-0.51636,0.00281727,0,0,0,,,
8.532,odom,map,-1.97466,-0.51636,0.00281727,0,0,0,,,
8.568,odom,map,-1.97466,-0.51636,0.00281727,0,0,0,,,
8.604,odom,map,-1.97461,-0.515866,0.0027357,0,0,0,,,
8.64,odom,map,-1.97367,-0.506975,0.00126733,0,0,0,,,
8.676,odom,map,-1.97273,-0.498083,-0.000201035,0,0,0,,,
8.712,odom,map,-1.9718,-0.489192,-0.0016694,0,0,0,,,
8.748,odom,map,-1.97086,-0.4803,-0.00313777,0,0,0,,,
8.784,odom,map,-1.96993,-0.471409,-0.00460613,0,0,0,,,
8.82,odom,map,-1.96951,-0.467457,-0.00525874,0,0,0,,,
8.856,odom,map,-1.96951,-0.467457,-0.00525874,0,0,0,,,
8.892,odom,map,-1.96951,-0.467457,-0.00525874,0,0,0,,,
8.928,odom,map,-1.96951,-0.467457,-0.00525874,0,0,0,,,
8.964,odom,map,-1.96951,-0.467457,-0.00525874,0,0,0,,,
9,odom,map,-1.96951,-0.467457,-0.00525874,0,0,0,,,
9,kf,map,-2,-0.5,1.11524e-21,0.0671771,0.0671771,0,0.062459,,
9,ekf,map,-2,-0.5,1.11524e-21,0.0671771,0.0671771,0,0.229125,,
9,ekf_predict_only,map,-2,-0.5,0,0.15,0.15,0,,,
9,pf,map,-2.05769,-0.498667,0.00273411,0.0935705,0.0855729,-0.00230888,5.99062,85.0436,0
9.036,odom,map,-1.96951,-0.467457,-0.00525874,0,0,0,,,
9.072,odom,map,-1.96951,-0.467457,-0.00525874,0,0,0,,,
9.108,odom,map,-1.96951,-0.467457,-0.00525874,0,0,0,,,
9.144,odom,map,-1.96951,-0.467457,-0.00525874,0,0,0,,,
9.18,odom,map,-1.96951,-0.467457,-0.00525874,0,0,0,,,
9.216,ekf_predict_only,map,-2,-0.5,0,0.25,0.25,0,,,
9.216,odom,map,-1.96951,-0.467457,-0.00525874,0,0,0,,,
9.216,kf,map,-2,-0.5,3.6752e-21,0.063214,0.063214,0,0.076042,,
9.216,ekf,map,-2,-0.5,3.71601e-21,0.0642218,0.0642218,0,0.067917,,
9.216,pf,map,-2.04986,-0.525111,0.0158503,0.0623652,0.0608748,-0.00103566,4.61629,415.167,0
9.252,odom,map,-1.96951,-0.467457,-0.00525874,0,0,0,,,
9.288,odom,map,-1.96951,-0.467457,-0.00525874,0,0,0,,,
9.324,odom,map,-1.96951,-0.467457,-0.00525874,0,0,0,,,
9.36,odom,map,-1.96951,-0.467457,-0.00525874,0,0,0,,,
9.396,odom,map,-1.96951,-0.467457,-0.00525874,0,0,0,,,
9.432,odom,map,-1.96951,-0.467457,-0.00525874,0,0,0,,,
9.396,ekf,map,-2,-0.5,-2.7401e-22,0.0642905,0.0642905,0,0.0605,,
9.396,ekf_predict_only,map,-2,-0.5,0,0.35,0.35,0,,,
9.396,kf,map,-2,-0.5,-1.76345e-22,0.0624701,0.0624701,0,0.058166,,
9.396,pf,map,-2.0259,-0.527173,0.00410112,0.064528,0.0593457,-0.000705223,6.32621,478.358,0
9.468,odom,map,-1.96951,-0.467457,-0.00525874,0,0,0,,,
9.504,odom,map,-1.96951,-0.467457,-0.00525874,0,0,0,,,
9.54,odom,map,-1.96951,-0.467457,-0.00525874,0,0,0,,,
9.576,odom,map,-1.96951,-0.467457,-0.00525874,0,0,0,,,
9.612,odom,map,-1.96951,-0.467457,-0.00525874,0,0,0,,,
9.612,ekf_predict_only,map,-2,-0.5,0,0.45,0.45,0,,,
9.612,ekf,map,-2,-0.5,-1.55033e-21,0.0658056,0.0658056,0,0.062541,,
9.612,kf,map,-2,-0.5,-1.45093e-21,0.0625658,0.0625658,0,0.064958,,
9.612,pf,map,-2.02877,-0.527556,-0.00852884,0.0585131,0.0630814,-3.42336e-05,7.74008,464.301,0
9.648,odom,map,-1.96951,-0.467457,-0.00525874,0,0,0,,,
9.684,odom,map,-1.96951,-0.467457,-0.00525874,0,0,0,,,
9.72,odom,map,-1.96951,-0.467457,-0.00525874,0,0,0,,,
9.756,odom,map,-1.96951,-0.467457,-0.00525874,0,0,0,,,
9.792,odom,map,-1.96919,-0.467459,-0.00502625,0,0,0,,,
9.828,odom,map,-1.96762,-0.467466,-0.0044595,0,0,0,,,
9.792,ekf,map,-1.99487,-0.500004,0.0013992,0.0658516,0.0658522,8.97938e-28,0.059792,,
9.792,kf,map,-1.99438,-0.5,0.00151785,0.0623786,0.0623786,0,0.056625,,
9.792,ekf_predict_only,map,-1.98561,-0.5,0.00364906,0.55,0.550046,0,,,
9.792,pf,map,-2.0141,-0.526687,-0.00625936,0.0593294,0.061207,0.000443356,8.80338,478.743,0
9.864,odom,map,-1.96491,-0.467477,-0.00372969,0,0,0,,,
9.9,odom,map,-1.96171,-0.467488,-0.00343509,0,0,0,,,
9.936,odom,map,-1.95733,-0.467504,-0.00388439,0,0,0,,,
9.972,odom,map,-1.95234,-0.467525,-0.00462582,0,0,0,,,
10.008,odom,map,-1.94702,-0.467552,-0.00551473,0,0,0,,,
10.008,ekf,map,-1.9706,-0.499936,-0.00318533,0.0672705,0.067277,-6.40318e-09,0.058917,,
10.008,kf,map,-1.96942,-0.499964,-0.00356291,0.062553,0.062553,0,0.06275,,
10.008,ekf_predict_only,map,-1.94714,-0.49986,-0.00695572,0.65,0.650689,-1.90211e-06,,,
10.008,pf,map,-1.99657,-0.496477,-0.0114871,0.0570158,0.0590379,-0.000880737,4.99046,449.356,0
10.044,odom,map,-1.94076,-0.467591,-0.00712217,0,0,0,,,
10.08,odom,map,-1.93417,-0.467645,-0.00909148,0,0,0,,,
10.116,odom,map,-1.92718,-0.467716,-0.0113025,0,0,0,,,
10.152,odom,map,-1.91997,-0.467806,-0.0137345,0,0,0,,,
10.188,odom,map,-1.91219,-0.467924,-0.0164671,0,0,0,,,
10.188,ekf,map,-1.93853,-0.500096,-0.0137278,0.0668,0.0668149,1.05805e-08,0.059958,,
10.224,odom,map,-1.90415,-0.468068,-0.0194901,0,0,0,,,
10.188,ekf_predict_only,map,-1.90673,-0.500141,-0.0225659,0.75,0.752306,4.01032e-06,,,
10.188,kf,map,-1.93754,-0.500143,-0.0142049,0.0623767,0.0623767,0,0.112708,,
10.188,pf,map,-1.95879,-0.50057,-0.0237792,0.0604138,0.0595783,0.00308555,7.25863,476.625,0
10.26,odom,map,-1.89607,-0.468238,-0.0226122,0,0,0,,,
10.296,odom,map,-1.88781,-0.468438,-0.0257394,0,0,0,,,
10.332,odom,map,-1.87929,-0.468671,-0.0289715,0,0,0,,,
10.368,odom,map,-1.87044,-0.468943,-0.0326194,0,0,0,,,
10.404,odom,map,-1.8615,-0.469252,-0.0363481,0,0,0,,,
10.404,ekf_predict_only,map,-1.85247,-0.501365,-0.046327,0.850001,0.85627,6.38591e-05,,,
10.404,ekf,map,-1.88951,-0.501064,-0.0331363,0.0680443,0.068079,1.828e-07,0.109167,,
10.404,kf,map,-1.88872,-0.50111,-0.0336645,0.0625528,0.0625528,0,0.099375,,
10.404,pf,map,-1.90777,-0.525958,-0.0642647,0.0593253,0.0616283,0.00139463,8.30021,469.662,0
10.44,odom,map,-1.85247,-0.469598,-0.0402877,0,0,0,,,
10.476,odom,map,-1.84333,-0.469985,-0.0445413,0,0,0,,,
10.512,odom,map,-1.83412,-0.470416,-0.0489938,0,0,0,,,
10.548,odom,map,-1.82485,-0.470891,-0.0534419,0,0,0,,,
10.584,odom,map,-1.81557,-0.471408,-0.0578586,0,0,0,,,
10.584,pf,map,-1.85805,-0.529349,-0.0738303,0.0626961,0.0627576,-0.000502761,4.64938,490.638,0
10.584,ekf_predict_only,map,-1.8058,-0.503529,-0.0686678,0.950005,0.961531,0.000230592,,,
10.584,ekf,map,-1.84499,-0.502952,-0.0535434,0.0672736,0.0673158,5.29598e-07,0.070375,,
10.584,kf,map,-1.84453,-0.502969,-0.0538811,0.0623767,0.0623767,0,0.070041,,
10.62,odom,map,-1.80626,-0.471968,-0.0623096,0,0,0,,,
10.656,odom,map,-1.79703,-0.472565,-0.0669858,0,0,0,,,
10.692,odom,map,-1.78786,-0.473203,-0.0717798,0,0,0,,,
10.728,odom,map,-1.77863,-0.473889,-0.0765577,0,0,0,,,
10.764,odom,map,-1.76943,-0.474618,-0.0815563,0,0,0,,,
10.8,odom,map,-1.76026,-0.475389,-0.0863948,0,0,0,,,
10.8,ekf_predict_only,map,-1.7508,-0.507312,-0.0972237,1.05002,1.07023,0.000656414,,,
10.8,ekf,map,-1.79047,-0.506532,-0.0814435,0.0684154,0.0684789,1.49683e-06,0.059917,,
10.8,kf,map,-1.79025,-0.506497,-0.0816232,0.0625527,0.0625527,0,0.057084,,
10.8,pf,map,-1.81275,-0.523149,-0.100274,0.0634657,0.0620474,0.00383695,5.3395,490.974,0
10.836,odom,map,-1.75111,-0.476204,-0.0911542,0,0,0,,,
10.872,odom,map,-1.74191,-0.477068,-0.0961034,0,0,0,,,
10.908,odom,map,-1.73285,-0.477963,-0.100976,0,0,0,,,
10.944,odom,map,-1.72391,-0.47889,-0.105689,0,0,0,,,
10.98,odom,map,-1.71498,-0.47986,-0.11033,0,0,0,,,
11.016,odom,map,-1.70613,-0.48086,-0.114925,0,0,0,,,
11.016,ekf_predict_only,map,-1.69796,-0.512466,-0.124654,1.15007,1.18141,0.00144089,,,
11.016,ekf,map,-1.73687,-0.511659,-0.109422,0.0687567,0.068829,2.65388e-06,0.111583,,
11.016,kf,map,-1.73685,-0.511571,-0.109437,0.0625774,0.0625774,0,0.061083,,
11.016,pf,map,-1.73662,-0.536761,-0.135191,0.0606826,0.0611265,0.00348627,8.00708,478.743,0
11.001,amcl,map,-1.70531,-0.491571,-0.105235,0.143694,0.212666,-0.0254311,,,
11.052,odom,map,-1.69745,-0.481882,-0.119394,0,0,0,,,
11.088,odom,map,-1.68879,-0.48294,-0.123703,0,0,0,,,
11.124,odom,map,-1.68013,-0.484035,-0.127862,0,0,0,,,
11.16,odom,map,-1.67142,-0.485173,-0.132051,0,0,0,,,
11.196,odom,map,-1.66265,-0.486357,-0.136039,0,0,0,,,
11.196,ekf_predict_only,map,-1.65312,-0.518084,-0.14245,1.25015,1.29327,0.00251903,,,
11.196,kf,map,-1.69263,-0.516993,-0.129446,0.0623802,0.0623802,0,0.136083,,
11.232,odom,map,-1.65379,-0.487586,-0.139788,0,0,0,,,
11.196,ekf,map,-1.69269,-0.517081,-0.129626,0.0675569,0.0676205,3.33722e-06,0.058208,,
11.196,pf,map,-1.70163,-0.53867,-0.140152,0.0570737,0.0589341,8.0116e-05,13.1896,498.534,0
11.268,odom,map,-1.64484,-0.488862,-0.143347,0,0,0,,,
11.304,odom,map,-1.63598,-0.490156,-0.146866,0,0,0,,,
11.34,odom,map,-1.62714,-0.49148,-0.150155,0,0,0,,,
11.376,odom,map,-1.61817,-0.49285,-0.153156,0,0,0,,,
11.412,odom,map,-1.60915,-0.494257,-0.156069,0,0,0,,,
11.412,ekf,map,-1.63914,-0.524696,-0.149647,0.0685701,0.0686481,5.72709e-06,0.05975,,
11.412,kf,map,-1.63905,-0.524591,-0.149354,0.0625532,0.0625532,0,0.1075,,
11.412,ekf_predict_only,map,-1.59887,-0.525864,-0.159925,1.35033,1.41083,0.00440144,,,
11.412,pf,map,-1.64738,-0.558835,-0.163103,0.0598713,0.0623385,-0.00098269,4.78608,463.986,0
11.448,odom,map,-1.60008,-0.495697,-0.158705,0,0,0,,,
11.484,odom,map,-1.59093,-0.497173,-0.161189,0,0,0,,,
11.52,odom,map,-1.58164,-0.498695,-0.163496,0,0,0,,,
11.556,odom,map,-1.57224,-0.500257,-0.165638,0,0,0,,,
11.592,odom,map,-1.56277,-0.501849,-0.16755,0,0,0,,,
11.592,ekf_predict_only,map,-1.55018,-0.533718,-0.167041,1.45059,1.52982,0.00673776,,,
11.592,ekf,map,-1.59221,-0.532219,-0.1605,0.0675723,0.067642,6.49264e-06,0.064791,,
11.592,kf,map,-1.59203,-0.532131,-0.160101,0.0623768,0.0623768,0,0.113958,,
11.628,odom,map,-1.55309,-0.503493,-0.169044,0,0,0,,,
11.592,pf,map,-1.59671,-0.561934,-0.169742,0.0547485,0.0634224,-0.00101079,4.81683,486.815,0
11.664,odom,map,-1.54337,-0.50516,-0.170467,0,0,0,,,
11.7,odom,map,-1.53361,-0.506847,-0.171699,0,0,0,,,
11.736,odom,map,-1.52372,-0.508566,-0.172343,0,0,0,,,
11.772,odom,map,-1.51373,-0.510306,-0.172439,0,0,0,,,
11.808,odom,map,-1.50343,-0.512442,-0.171219,0,0,0,,,
11.808,ekf,map,-1.5331,-0.542212,-0.162471,0.068639,0.0687264,1.00839e-05,0.074458,,
11.808,kf,map,-1.53287,-0.542082,-0.161584,0.0625528,0.0625528,0,0.10225,,
11.808,ekf_predict_only,map,-1.4894,-0.543967,-0.160696,1.55106,1.65817,0.0105166,,,
11.808,pf,map,-1.54968,-0.578233,-0.188196,0.0623896,0.0615801,0.00418799,7.22433,489.625,0
11.844,odom,map,-1.49245,-0.515879,-0.168769,0,0,0,,,
11.88,odom,map,-1.48131,-0.519301,-0.166078,0,0,0,,,
11.916,odom,map,-1.46991,-0.522723,-0.162853,0,0,0,,,
11.952,odom,map,-1.45832,-0.52612,-0.159081,0,0,0,,,
11.988,odom,map,-1.44644,-0.529507,-0.155249,0,0,0,,,
11.988,ekf,map,-1.47941,-0.551121,-0.154495,0.0676271,0.0677083,1.07311e-05,0.069042,,
12.024,odom,map,-1.43475,-0.531855,-0.152077,0,0,0,,,
11.988,ekf_predict_only,map,-1.43199,-0.553272,-0.146941,1.65162,1.78999,0.0148249,,,
11.988,kf,map,-1.47902,-0.551038,-0.153713,0.0623767,0.0623767,0,0.061542,,
11.988,pf,map,-1.486,-0.588964,-0.191134,0.0579233,0.0582105,0.00119701,12.2376,466.382,0
12,amcl,map,-1.45414,-0.516706,-0.165076,0.113629,0.180477,-0.0205169,,,
12.06,odom,map,-1.42298,-0.533641,-0.149072,0,0,0,,,
12.096,odom,map,-1.4111,-0.535407,-0.146006,0,0,0,,,
12.132,odom,map,-1.39896,-0.537173,-0.142639,0,0,0,,,
12.168,odom,map,-1.38623,-0.538974,-0.13868,0,0,0,,,
12.204,odom,map,-1.37342,-0.540736,-0.134659,0,0,0,,,
12.204,ekf_predict_only,map,-1.35525,-0.564631,-0.122818,1.75249,1.94075,0.0215254,,,
12.204,ekf,map,-1.4067,-0.562127,-0.135042,0.0686872,0.068797,1.59555e-05,0.056583,,
12.204,kf,map,-1.40619,-0.562106,-0.134335,0.0625527,0.0625527,0,0.058,,
12.204,pf,map,-1.41808,-0.588731,-0.14833,0.0649046,0.0675077,0.00170063,6.11742,489.614,0
12.24,odom,map,-1.36049,-0.542461,-0.130566,0,0,0,,,
12.276,odom,map,-1.3473,-0.544165,-0.126206,0,0,0,,,
12.312,odom,map,-1.33377,-0.54585,-0.121603,0,0,0,,,
12.348,odom,map,-1.3202,-0.547476,-0.116995,0,0,0,,,
12.384,odom,map,-1.30645,-0.549058,-0.112193,0,0,0,,,
12.42,odom,map,-1.29244,-0.550601,-0.107065,0,0,0,,,
12.384,ekf,map,-1.33997,-0.570652,-0.112908,0.0676572,0.0677655,1.60128e-05,0.078917,,
12.384,ekf_predict_only,map,-1.2851,-0.57329,-0.0969281,1.8533,2.09585,0.0282083,,,
12.384,kf,map,-1.33951,-0.570661,-0.112353,0.0623767,0.0623767,0,0.067709,,
12.384,pf,map,-1.34905,-0.611403,-0.124806,0.0653188,0.0599766,0.00752383,5.52379,486.102,0
12.456,odom,map,-1.27824,-0.55209,-0.101894,0,0,0,,,
12.492,odom,map,-1.26384,-0.553525,-0.0967304,0,0,0,,,
12.528,odom,map,-1.2493,-0.554896,-0.0912622,0,0,0,,,
12.564,odom,map,-1.23464,-0.556197,-0.0858575,0,0,0,,,
12.6,odom,map,-1.21981,-0.557434,-0.0804504,0,0,0,,,
12.6,ekf_predict_only,map,-1.19611,-0.581942,-0.0644586,1.95425,2.27846,0.0370769,,,
12.6,ekf,map,-1.25373,-0.57936,-0.0821671,0.0687107,0.0688614,2.13285e-05,1.94312,,
12.6,kf,map,-1.25332,-0.579446,-0.0818118,0.0625527,0.0625527,0,0.118334,,
12.6,pf,map,-1.27356,-0.617534,-0.0863017,0.065052,0.0607861,0.000685586,4.72179,480.54,0
12.636,odom,map,-1.20495,-0.558591,-0.0750388,0,0,0,,,
12.672,odom,map,-1.18999,-0.559675,-0.0696311,0,0,0,,,
12.708,odom,map,-1.17496,-0.560683,-0.0642505,0,0,0,,,
12.744,odom,map,-1.16004,-0.561602,-0.0587568,0,0,0,,,
12.78,odom,map,-1.14513,-0.562437,-0.0532381,0,0,0,,,
12.816,odom,map,-1.13119,-0.562446,-0.0486684,0,0,0,,,
12.816,ekf_predict_only,map,-1.10747,-0.587664,-0.0324683,2.05495,2.47563,0.0456457,,,
12.816,ekf,map,-1.16537,-0.585292,-0.0503148,0.0689579,0.0691305,2.21384e-05,0.10625,,
12.816,kf,map,-1.1652,-0.585439,-0.0501779,0.0625774,0.0625774,0,0.060291,,
12.816,pf,map,-1.18844,-0.626535,-0.0661446,0.0554315,0.0615286,0.00457653,10.1807,464.751,0
12.801,amcl,map,-1.15862,-0.580465,-0.0763478,0.0924531,0.150778,-0.0164905,,,
12.852,odom,map,-1.11874,-0.561246,-0.0454035,0,0,0,,,
12.888,odom,map,-1.10651,-0.560019,-0.0422873,0,0,0,,,
12.924,odom,map,-1.0943,-0.558777,-0.039232,0,0,0,,,
12.96,odom,map,-1.08225,-0.557514,-0.0362703,0,0,0,,,
12.996,odom,map,-1.07037,-0.556233,-0.0336153,0,0,0,,,
12.996,ekf_predict_only,map,-1.03705,-0.589951,-0.00954797,2.15525,2.66393,0.0516731,,,
12.996,ekf,map,-1.09399,-0.587832,-0.0258615,0.0676717,0.067825,1.70962e-05,0.114875,,
12.996,kf,map,-1.09401,-0.587983,-0.0259358,0.0623802,0.0623802,0,0.060917,,
13.032,odom,map,-1.05653,-0.556482,-0.0292579,0,0,0,,,
12.996,pf,map,-1.10475,-0.624034,-0.0433252,0.0644008,0.0708169,-0.00125759,8.8575,469.353,0
13.068,odom,map,-1.04256,-0.55686,-0.0248324,0,0,0,,,
13.104,odom,map,-1.02883,-0.557172,-0.0206838,0,0,0,,,
13.14,odom,map,-1.01524,-0.557426,-0.0167829,0,0,0,,,
13.176,odom,map,-1.00167,-0.557628,-0.012953,0,0,0,,,
13.212,odom,map,-0.988286,-0.557777,-0.00938314,0,0,0,,,
13.212,ekf_predict_only,map,-0.957569,-0.59071,0.0109423,2.25535,2.87607,0.0575177,,,
13.212,ekf,map,-1.01223,-0.588825,-0.00214369,0.0686562,0.0688419,1.67664e-05,0.112875,,
13.212,kf,map,-1.01244,-0.589021,-0.0024644,0.0625532,0.0625532,0,0.062917,,
13.212,pf,map,-1.01335,-0.618061,-0.013145,0.067434,0.0622725,9.11697e-05,12.0077,471.525,0
13.248,odom,map,-0.97521,-0.557878,-0.00603473,0,0,0,,,
13.284,odom,map,-0.962238,-0.557934,-0.00263635,0,0,0,,,
13.32,odom,map,-0.949254,-0.557946,0.000845343,0,0,0,,,
13.356,odom,map,-0.936386,-0.557911,0.00496509,0,0,0,,,
13.392,odom,map,-0.923521,-0.55781,0.0108833,0,0,0,,,
13.428,odom,map,-0.910651,-0.55763,0.0170892,0,0,0,,,
13.392,ekf_predict_only,map,-0.893217,-0.590006,0.0419722,2.35525,3.07697,0.0612652,,,
13.392,ekf,map,-0.946885,-0.588302,0.0226031,0.0676224,0.0677807,1.13299e-05,0.059959,,
13.392,kf,map,-0.947041,-0.588368,0.0229647,0.0623768,0.0623768,0,0.107875,,
13.392,pf,map,-0.96583,-0.620082,0.00814293,0.0616815,0.0623156,0.000455028,6.642,472.488,0
13.464,odom,map,-0.897841,-0.55737,0.0237817,0,0,0,,,
13.5,odom,map,-0.885083,-0.557015,0.0320272,0,0,0,,,
13.536,odom,map,-0.872441,-0.556555,0.040861,0,0,0,,,
13.572,odom,map,-0.859836,-0.555983,0.0500883,0,0,0,,,
13.608,odom,map,-0.847598,-0.556589,0.0591213,0,0,0,,,
13.608,ekf,map,-0.870579,-0.585446,0.0742465,0.0686764,0.0688583,8.93633e-06,0.10675,,
13.608,kf,map,-0.870732,-0.585421,0.0755077,0.0625528,0.0625528,0,0.065583,,
13.608,ekf_predict_only,map,-0.817976,-0.586846,0.106351,2.45484,3.30699,0.0633932,,,
13.602,amcl,map,-0.878586,-0.585971,0.0375054,0.0801418,0.123306,-0.0108133,,,
13.608,pf,map,-0.894913,-0.640367,0.0550703,0.0578921,0.0554597,0.000727899,5.37346,463.284,0
13.644,odom,map,-0.83683,-0.561669,0.06679,0,0,0,,,
13.68,odom,map,-0.826216,-0.56669,0.0753122,0,0,0,,,
13.716,odom,map,-0.815691,-0.57164,0.0842589,0,0,0,,,
13.752,odom,map,-0.805166,-0.576509,0.0937173,0,0,0,,,
13.788,odom,map,-0.794748,-0.581297,0.103998,0,0,0,,,
13.788,kf,map,-0.841509,-0.586747,0.138351,0.0293814,0.0607487,-0.00732911,0.125667,,
13.824,odom,map,-0.783274,-0.582132,0.116753,0,0,0,,,
13.788,ekf,map,-0.843398,-0.583506,0.137095,0.0300063,0.0541754,-0.00564755,0.224042,,
13.788,ekf_predict_only,map,-0.757353,-0.580374,0.175932,2.55408,3.52158,0.0608403,,,
13.788,pf,map,-0.844578,-0.607071,0.138482,0.0263767,0.05337,-0.0017299,6.26779,486.526,0
13.86,odom,map,-0.771174,-0.580628,0.130669,0,0,0,,,
13.896,odom,map,-0.759228,-0.578972,0.144914,0,0,0,,,
13.932,odom,map,-0.747501,-0.577172,0.160067,0,0,0,,,
13.968,odom,map,-0.736013,-0.575225,0.17581,0,0,0,,,
14.004,odom,map,-0.724686,-0.57312,0.191678,0,0,0,,,
14.004,ekf_predict_only,map,-0.689297,-0.568276,0.27114,2.65294,3.76112,0.0516451,,,
14.004,ekf,map,-0.752057,-0.568615,0.221988,0.0626043,0.0661237,-0.000817015,0.0585,,
14.004,kf,map,-0.7531,-0.571091,0.223661,0.0572366,0.0622904,-0.00118086,0.062959,,
14.004,pf,map,-0.738761,-0.594387,0.213947,0.0536862,0.0600289,0.00355036,4.61021,542.939,0
14.04,odom,map,-0.713565,-0.570869,0.207971,0,0,0,,,
14.076,odom,map,-0.702776,-0.568498,0.224831,0,0,0,,,
14.112,odom,map,-0.692226,-0.565991,0.241985,0,0,0,,,
14.148,odom,map,-0.681822,-0.563327,0.259309,0,0,0,,,
14.184,odom,map,-0.671681,-0.560542,0.276924,0,0,0,,,
14.22,odom,map,-0.661809,-0.557641,0.294893,0,0,0,,,
14.184,ekf,map,-0.690884,-0.554333,0.30459,0.0669354,0.0673374,-7.97026e-05,0.130083,,
14.184,kf,map,-0.692194,-0.555503,0.3059,0.0616081,0.0623388,-0.000170736,0.05925,,
14.184,ekf_predict_only,map,-0.640038,-0.554583,0.361667,2.75211,3.96959,0.0380678,,,
14.202,amcl,map,-0.69317,-0.562852,0.274535,0.0659487,0.101495,-0.00833676,,,
14.184,pf,map,-0.699881,-0.579605,0.28611,0.058949,0.0684027,-0.00386049,4.58233,505.451,0
14.256,odom,map,-0.652052,-0.554581,0.312998,0,0,0,,,
14.292,odom,map,-0.642569,-0.551417,0.331289,0,0,0,,,
14.328,odom,map,-0.633574,-0.54823,0.349961,0,0,0,,,
14.364,odom,map,-0.625017,-0.545015,0.368872,0,0,0,,,
14.4,odom,map,-0.616743,-0.541727,0.387836,0,0,0,,,
14.4,ekf,map,-0.633962,-0.534636,0.413751,0.0686664,0.0687616,-6.75264e-06,0.057833,,
14.4,kf,map,-0.635102,-0.53538,0.414675,0.0624446,0.0625474,-2.40148e-05,0.056041,,
14.4,ekf_predict_only,map,-0.591033,-0.536044,0.47561,2.85179,4.18397,0.0168578,,,
14.4,pf,map,-0.64566,-0.562838,0.390846,0.0676969,0.0654831,-6.13958e-05,5.04038,469.135,0
14.436,odom,map,-0.611994,-0.538232,0.405853,0,0,0,,,
14.472,odom,map,-0.607626,-0.534698,0.424013,0,0,0,,,
14.508,odom,map,-0.603769,-0.531236,0.44259,0,0,0,,,
14.544,odom,map,-0.600204,-0.527758,0.461164,0,0,0,,,
14.58,odom,map,-0.596916,-0.524268,0.479705,0,0,0,,,
14.616,odom,map,-0.592554,-0.520791,0.498696,0,0,0,,,
14.616,ekf_predict_only,map,-0.553013,-0.516462,0.593406,2.95249,4.37732,-0.007862,,,
14.616,ekf,map,-0.590262,-0.513212,0.529114,0.0689636,0.0690546,-1.15013e-05,0.055041,,
14.616,kf,map,-0.591122,-0.513858,0.529678,0.0625623,0.0625767,-3.36458e-06,0.064,,
14.601,amcl,map,-0.603424,-0.546373,0.49019,0.0466953,0.0609123,0.00439608,,,
14.616,pf,map,-0.617968,-0.520212,0.507534,0.06227,0.0682927,-0.00457417,12.5115,462.502,0
14.652,odom,map,-0.586428,-0.517376,0.518347,0,0,0,,,
14.688,odom,map,-0.580427,-0.513875,0.538008,0,0,0,,,
14.724,odom,map,-0.574628,-0.510337,0.557768,0,0,0,,,
14.76,odom,map,-0.569078,-0.506799,0.577505,0,0,0,,,
14.796,odom,map,-0.563922,-0.503367,0.597279,0,0,0,,,
14.832,odom,map,-0.558886,-0.499868,0.617066,0,0,0,,,
14.796,ekf_predict_only,map,-0.527594,-0.499317,0.692339,3.05401,4.54205,-0.0308218,,,
14.796,ekf,map,-0.561303,-0.494557,0.627066,0.0676731,0.0677449,-1.35511e-05,0.053958,,
14.796,kf,map,-0.561827,-0.495041,0.627351,0.062378,0.0623801,-4.762e-07,0.064208,,
14.796,pf,map,-0.579318,-0.525071,0.617624,0.0629509,0.0574786,-0.00706868,10.4098,468.857,0
14.868,odom,map,-0.554046,-0.496363,0.636847,0,0,0,,,
14.904,odom,map,-0.549694,-0.493078,0.656671,0,0,0,,,
14.94,odom,map,-0.545663,-0.489908,0.676404,0,0,0,,,
14.976,odom,map,-0.54178,-0.486727,0.696084,0,0,0,,,
15.012,odom,map,-0.538576,-0.483984,0.715425,0,0,0,,,
15.012,kf,map,-0.536731,-0.474983,0.745136,0.0625529,0.0625532,-6.67762e-08,0.059916,,
15.012,ekf_predict_only,map,-0.507777,-0.482883,0.810132,3.1563,4.69385,-0.0536791,,,
15.012,ekf,map,-0.536282,-0.474441,0.745038,0.0686558,0.0687235,-1.69363e-05,0.055708,,
15,amcl,map,-0.539255,-0.501174,0.710948,0.0290639,0.0265244,0.00414976,,,
15.012,pf,map,-0.572884,-0.503351,0.739156,0.0609296,0.0604932,0.000154938,8.23496,488.089,0
15.048,odom,map,-0.536545,-0.482102,0.734025,0,0,0,,,
15.084,odom,map,-0.534754,-0.480336,0.752622,0,0,0,,,
15.12,odom,map,-0.533077,-0.478578,0.771219,0,0,0,,,
15.156,odom,map,-0.531665,-0.476982,0.789546,0,0,0,,,
15.192,odom,map,-0.530572,-0.47562,0.807638,0,0,0,,,
15.228,odom,map,-0.528761,-0.473613,0.826354,0,0,0,,,
15.192,ekf_predict_only,map,-0.497132,-0.471698,0.90495,3.25833,4.82217,-0.0695259,,,
15.192,kf,map,-0.522824,-0.460907,0.841509,0.0623767,0.0623768,-9.45224e-09,0.102208,,
15.192,ekf,map,-0.522467,-0.460423,0.841609,0.0676227,0.0676667,-1.30543e-05,0.091292,,
15.192,pf,map,-0.537238,-0.482579,0.829407,0.0658393,0.0564332,-0.000242784,7.29958,490.546,0
15.264,odom,map,-0.52669,-0.471322,0.845318,0,0,0,,,
15.3,odom,map,-0.524775,-0.469121,0.864101,0,0,0,,,
15.336,odom,map,-0.523146,-0.467179,0.882557,0,0,0,,,
15.372,odom,map,-0.521655,-0.465331,0.900927,0,0,0,,,
15.408,odom,map,-0.520347,-0.464311,0.919388,0,0,0,,,
15.408,ekf_predict_only,map,-0.489448,-0.461916,1.01388,3.36043,4.94284,-0.0835088,,,
15.408,ekf,map,-0.51236,-0.447959,0.952848,0.0686775,0.068713,-1.21573e-05,0.067083,,
15.408,kf,map,-0.512385,-0.448134,0.952834,0.0625528,0.0625528,-1.32548e-09,0.054709,,
15.402,amcl,map,-0.503846,-0.472025,0.916206,0.0215151,0.0233915,0.00315068,,,
15.408,pf,map,-0.511791,-0.468379,0.954571,0.066135,0.056319,8.18706e-05,5.52329,485.988,0
15.444,odom,map,-0.519467,-0.466098,0.938407,0,0,0,,,
15.48,odom,map,-0.518744,-0.468038,0.95716,0,0,0,,,
15.516,odom,map,-0.518114,-0.47005,0.975771,0,0,0,,,
15.552,odom,map,-0.51758,-0.472152,0.993981,0,0,0,,,
15.588,odom,map,-0.51715,-0.474364,1.01171,0,0,0,,,
15.624,odom,map,-0.516577,-0.474465,1.02878,0,0,0,,,
15.588,ekf,map,-0.50742,-0.440516,1.04,0.0676496,0.0676709,-7.97806e-06,0.063333,,
15.588,ekf_predict_only,map,-0.486068,-0.456488,1.09746,3.46173,5.052,-0.0912644,,,
15.588,kf,map,-0.507522,-0.440758,1.03972,0.0623767,0.0623767,-1.87624e-10,0.672167,,
15.588,pf,map,-0.539396,-0.461269,1.03267,0.0624118,0.0565919,0.00411442,6.95567,465.41,0
15.66,odom,map,-0.515967,-0.473433,1.04516,0,0,0,,,
15.696,odom,map,-0.515456,-0.472536,1.06112,0,0,0,,,
15.732,odom,map,-0.515073,-0.471838,1.07702,0,0,0,,,
15.768,odom,map,-0.514765,-0.471256,1.09276,0,0,0,,,
15.804,odom,map,-0.51443,-0.470683,1.10825,0,0,0,,,
15.804,ekf_predict_only,map,-0.484549,-0.453521,1.19031,3.56249,5.15613,-0.0954868,,,
15.804,ekf,map,-0.504705,-0.435537,1.13631,0.0687035,0.0687198,-6.54345e-06,0.053,,
15.804,kf,map,-0.504833,-0.435817,1.13589,0.0625527,0.0625527,-2.63104e-11,0.058125,,
15.804,pf,map,-0.50314,-0.450557,1.11906,0.0662275,0.074224,0.000682913,10.0512,461.856,0
15.84,odom,map,-0.512741,-0.46888,1.12368,0,0,0,,,
15.876,odom,map,-0.51113,-0.467227,1.13874,0,0,0,,,
15.912,odom,map,-0.509547,-0.465623,1.15373,0,0,0,,,
15.948,odom,map,-0.508005,-0.464108,1.16826,0,0,0,,,
15.984,odom,map,-0.506497,-0.462668,1.18231,0,0,0,,,
16.02,odom,map,-0.50583,-0.462036,1.1954,0,0,0,,,
15.984,ekf_predict_only,map,-0.484549,-0.453521,1.22936,3.66249,5.25613,-0.0954868,,,
16.002,amcl,map,-0.497731,-0.457838,1.18341,0.0187997,0.0189144,0.00548143,,,
15.984,ekf,map,-0.504104,-0.434238,1.19882,0.0676659,0.0676755,-3.97741e-06,0.065333,,
15.984,kf,map,-0.504197,-0.434442,1.19683,0.0623767,0.0623767,-3.72427e-12,0.064209,,
15.984,pf,map,-0.504042,-0.467274,1.1783,0.0628788,0.0655458,0.00125364,8.43108,449.58,0
16.056,odom,map,-0.50583,-0.462036,1.20584,0,0,0,,,
16.092,odom,map,-0.50583,-0.462036,1.21369,0,0,0,,,
16.128,odom,map,-0.50583,-0.462036,1.21894,0,0,0,,,
16.164,odom,map,-0.50583,-0.462036,1.2216,0,0,0,,,
16.2,odom,map,-0.50583,-0.462036,1.22196,0,0,0,,,
16.2,ekf,map,-0.503901,-0.433812,1.23366,0.0687161,0.0687234,-3.07686e-06,0.060167,,
16.2,kf,map,-0.503956,-0.43392,1.22979,0.0625527,0.0625527,-5.22254e-13,0.05775,,
16.2,ekf_predict_only,map,-0.484549,-0.453521,1.22936,3.76249,5.35613,-0.0954868,,,
16.2,pf,map,-0.519711,-0.447243,1.23595,0.0619329,0.0617666,0.000955681,5.26646,480.58,0
16.236,odom,map,-0.504095,-0.461605,1.22066,0,0,0,,,
16.272,odom,map,-0.502313,-0.461162,1.21933,0,0,0,,,
16.308,odom,map,-0.500534,-0.460719,1.21799,0,0,0,,,
16.344,odom,map,-0.498758,-0.460276,1.21665,0,0,0,,,
16.38,odom,map,-0.496984,-0.459833,1.21531,0,0,0,,,
16.416,odom,map,-0.495901,-0.459562,1.2145,0,0,0,,,
16.416,ekf_predict_only,map,-0.484549,-0.453521,1.22936,3.86249,5.45613,-0.0954868,,,
16.416,ekf,map,-0.503838,-0.433673,1.24459,0.0689607,0.0689656,-2.09096e-06,0.062667,,
16.416,kf,map,-0.503866,-0.433725,1.24213,0.0625774,0.0625774,-7.3139e-14,0.136333,,
16.416,pf,map,-0.520888,-0.44088,1.22709,0.0613847,0.0585698,6.88507e-05,5.62142,471.376,0
16.452,odom,map,-0.495901,-0.459562,1.2145,0,0,0,,,
16.488,odom,map,-0.495901,-0.459562,1.2145,0,0,0,,,
16.524,odom,map,-0.495901,-0.459562,1.2145,0,0,0,,,
16.56,odom,map,-0.495901,-0.459562,1.2145,0,0,0,,,
16.596,odom,map,-0.495901,-0.459562,1.2145,0,0,0,,,
16.632,odom,map,-0.49576,-0.459182,1.21439,0,0,0,,,
16.596,ekf_predict_only,map,-0.482415,-0.447516,1.22865,3.96411,5.56194,-0.103952,,,
16.596,kf,map,-0.503058,-0.431383,1.24647,0.0623802,0.0623802,-1.0351e-14,0.136959,,
16.596,ekf,map,-0.503163,-0.431677,1.2477,0.067673,0.0676757,-1.21729e-06,0.059708,,
16.596,pf,map,-0.521221,-0.448197,1.22939,0.0643117,0.0654951,0.00238851,8.99137,485.296,0
16.668,odom,map,-0.495177,-0.457616,1.21418,0,0,0,,,
16.704,odom,map,-0.494396,-0.455523,1.21396,0,0,0,,,
16.74,odom,map,-0.493475,-0.45305,1.21412,0,0,0,,,
16.776,odom,map,-0.492352,-0.450034,1.21509,0,0,0,,,
16.812,odom,map,-0.491325,-0.446894,1.21678,0,0,0,,,
16.812,ekf_predict_only,map,-0.475841,-0.429058,1.24025,4.06999,5.67995,-0.130288,,,
16.812,ekf,map,-0.498739,-0.418444,1.25408,0.0686581,0.0686591,-1.30825e-06,0.0555,,
16.812,kf,map,-0.498543,-0.417857,1.25408,0.0625532,0.0625532,-1.45148e-15,0.065458,,
16.812,pf,map,-0.524136,-0.463848,1.23013,0.0643566,0.0680663,0.00297971,8.34479,455.101,0
16.848,odom,map,-0.490528,-0.443519,1.21906,0,0,0,,,
16.884,odom,map,-0.489734,-0.440124,1.22188,0,0,0,,,
16.92,odom,map,-0.488959,-0.436742,1.22581,0,0,0,,,
16.956,odom,map,-0.488224,-0.433428,1.23068,0,0,0,,,
16.992,odom,map,-0.487513,-0.43013,1.23588,0,0,0,,,
16.992,ekf_predict_only,map,-0.470685,-0.414032,1.26972,4.17578,5.7942,-0.152043,,,
17.028,odom,map,-0.486571,-0.427042,1.24153,0,0,0,,,
16.992,kf,map,-0.49423,-0.404467,1.27452,0.0623768,0.0623768,-2.05458e-16,0.062584,,
16.992,ekf,map,-0.494321,-0.404809,1.27375,0.0676252,0.0676242,-1.34641e-06,0.943708,,
16.992,pf,map,-0.492952,-0.450551,1.25159,0.0603764,0.0688247,-8.713e-05,7.98196,459.466,0
17.064,odom,map,-0.485557,-0.424041,1.24808,0,0,0,,,
17.1,odom,map,-0.484521,-0.420904,1.25575,0,0,0,,,
17.136,odom,map,-0.483499,-0.417726,1.26368,0,0,0,,,
17.172,odom,map,-0.482494,-0.41451,1.27215,0,0,0,,,
17.208,odom,map,-0.481455,-0.411077,1.28176,0,0,0,,,
17.208,kf,map,-0.488624,-0.385289,1.32191,0.0625528,0.0625528,-2.88113e-17,0.057042,,
17.208,ekf,map,-0.488681,-0.385582,1.32052,0.0686818,0.068678,-2.098e-06,0.100584,,
17.208,ekf_predict_only,map,-0.464196,-0.393136,1.3289,4.28537,5.91228,-0.182654,,,
17.208,pf,map,-0.502495,-0.412056,1.30804,0.0621807,0.0616314,0.00325189,4.88513,468.473,0
17.244,odom,map,-0.480433,-0.407577,1.29163,0,0,0,,,
17.28,odom,map,-0.479409,-0.403937,1.30189,0,0,0,,,
17.316,odom,map,-0.47833,-0.399933,1.31323,0,0,0,,,
17.352,odom,map,-0.477246,-0.395717,1.32495,0,0,0,,,
17.388,odom,map,-0.476194,-0.391416,1.33673,0,0,0,,,
17.388,ekf_predict_only,map,-0.458532,-0.37018,1.39095,4.39802,6.02822,-0.216501,,,
17.388,ekf,map,-0.483914,-0.365279,1.37394,0.0676555,0.0676497,-2.34118e-06,0.056375,,
17.388,kf,map,-0.483851,-0.364954,1.37514,0.0623767,0.0623767,-4.07827e-18,0.064875,,
17.424,odom,map,-0.475153,-0.386929,1.34888,0,0,0,,,
17.388,pf,map,-0.507987,-0.404981,1.35725,0.0653181,0.0621671,0.00276294,5.42358,482.518,0
17.46,odom,map,-0.474085,-0.382048,1.36162,0,0,0,,,
17.496,odom,map,-0.473022,-0.376875,1.37469,0,0,0,,,
17.532,odom,map,-0.471988,-0.371482,1.38795,0,0,0,,,
17.568,odom,map,-0.47098,-0.365818,1.40122,0,0,0,,,
17.604,ekf_predict_only,map,-0.451656,-0.332358,1.47288,4.52379,6.14774,-0.272546,,,
17.604,ekf,map,-0.47837,-0.332397,1.45034,0.0687165,0.0687036,-3.8834e-06,0.06,,
17.604,kf,map,-0.478215,-0.331835,1.45128,0.0625527,0.0625527,-5.71895e-19,0.06175,,
17.604,odom,map,-0.469971,-0.359674,1.41473,0,0,0,,,
17.601,amcl,map,-0.46676,-0.364444,1.40848,0.0149909,0.0199711,0.00589978,,,
17.604,pf,map,-0.487286,-0.385062,1.44146,0.0678261,0.0658572,-0.0021219,12.0375,479.989,0
17.64,odom,map,-0.468981,-0.353092,1.42811,0,0,0,,,
17.676,odom,map,-0.468067,-0.346413,1.44141,0,0,0,,,
17.712,odom,map,-0.46721,-0.339465,1.45478,0,0,0,,,
17.748,odom,map,-0.466407,-0.332142,1.46803,0,0,0,,,
17.784,odom,map,-0.465684,-0.324646,1.48124,0,0,0,,,
17.82,odom,map,-0.465031,-0.316798,1.49415,0,0,0,,,
17.784,ekf_predict_only,map,-0.447762,-0.292716,1.53723,4.65755,6.25889,-0.330957,,,
17.784,kf,map,-0.475165,-0.296743,1.51482,0.0623767,0.0623767,-8.09524e-20,0.060584,,
17.784,pf,map,-0.511055,-0.314853,1.52146,0.0605638,0.0595287,0.00079218,5.45646,475.551,0
17.784,ekf,map,-0.475345,-0.297304,1.51445,0.0676847,0.0676662,-4.1906e-06,0.105125,,
17.856,odom,map,-0.464451,-0.30856,1.5068,0,0,0,,,
17.892,odom,map,-0.463954,-0.299936,1.51949,0,0,0,,,
17.928,odom,map,-0.46356,-0.291171,1.53223,0,0,0,,,
17.964,odom,map,-0.46327,-0.282182,1.54472,0,0,0,,,
18,odom,map,-0.463085,-0.27286,1.55701,0,0,0,,,
18,kf,map,-0.474022,-0.244037,1.58945,0.0625527,0.0625527,-1.13519e-20,0.068875,,
18,ekf_predict_only,map,-0.445791,-0.234022,1.61079,4.82053,6.36456,-0.416429,,,
18,ekf,map,-0.474297,-0.244796,1.58945,0.0687542,0.0687166,-5.66492e-06,0.05975,,
18,pf,map,-0.497107,-0.267578,1.58271,0.061974,0.0620348,-0.00470226,4.49179,461.885,0
18.036,odom,map,-0.463011,-0.26314,1.56927,0,0,0,,,
18.072,odom,map,-0.463056,-0.253352,1.58153,0,0,0,,,
18.108,odom,map,-0.463224,-0.243348,1.59342,0,0,0,,,
18.144,odom,map,-0.46352,-0.232917,1.6047,0,0,0,,,
18.18,odom,map,-0.463935,-0.222399,1.61589,0,0,0,,,
18.216,odom,map,-0.464478,-0.211668,1.62658,0,0,0,,,
18.216,ekf_predict_only,map,-0.448385,-0.1692,1.67388,5.00846,6.45711,-0.507847,,,
18.216,kf,map,-0.477416,-0.183743,1.657,0.0625774,0.0625774,-1.58978e-21,0.062958,,
18.216,ekf,map,-0.477776,-0.184444,1.65747,0.069018,0.0689611,-4.99344e-06,0.054375,,
18.201,amcl,map,-0.447934,-0.21719,1.62256,0.0124455,0.0190662,0.00389807,,,
18.216,pf,map,-0.504013,-0.211323,1.66749,0.0555268,0.064426,0.000142361,5.35271,463.547,0
18.252,odom,map,-0.465149,-0.200686,1.6369,0,0,0,,,
18.288,odom,map,-0.465962,-0.189274,1.64681,0,0,0,,,
18.324,odom,map,-0.466896,-0.177759,1.65663,0,0,0,,,
18.36,odom,map,-0.467962,-0.166032,1.666,0,0,0,,,
18.396,odom,map,-0.469158,-0.154074,1.6748,0,0,0,,,
18.396,ekf_predict_only,map,-0.454752,-0.107653,1.71434,5.21018,6.53893,-0.590405,,,
18.432,odom,map,-0.469781,-0.142516,1.68218,0,0,0,,,
18.396,kf,map,-0.484341,-0.126445,1.70396,0.0623802,0.0623802,-2.24994e-22,0.060541,,
18.396,ekf,map,-0.484677,-0.127046,1.70467,0.0677379,0.0676732,-1.85146e-06,0.06275,,
18.396,pf,map,-0.501516,-0.150715,1.69951,0.0587168,0.0624656,-0.000785328,5.4075,479.827,0
18.468,odom,map,-0.470402,-0.130984,1.68935,0,0,0,,,
18.504,odom,map,-0.47111,-0.11939,1.69616,0,0,0,,,
18.54,odom,map,-0.471901,-0.107684,1.70202,0,0,0,,,
18.576,odom,map,-0.472772,-0.0958345,1.70749,0,0,0,,,
18.612,odom,map,-0.473967,-0.0837056,1.71317,0,0,0,,,
18.612,ekf_predict_only,map,-0.46572,-0.0317691,1.75223,5.4606,6.60809,-0.686233,,,
18.612,kf,map,-0.496265,-0.0531952,1.74781,0.0625532,0.0625532,-3.15499e-23,0.155792,,
18.612,ekf,map,-0.496637,-0.0536631,1.74863,0.0687577,0.0686576,3.03946e-06,0.059416,,
18.612,pf,map,-0.517446,-0.0934819,1.72703,0.0646935,0.0628378,0.00181528,6.37263,474.451,0
18.648,odom,map,-0.475817,-0.0710678,1.7188,0,0,0,,,
18.684,odom,map,-0.47772,-0.0585141,1.72356,0,0,0,,,
18.72,odom,map,-0.479661,-0.0460856,1.72785,0,0,0,,,
18.756,odom,map,-0.481647,-0.0337094,1.732,0,0,0,,,
18.792,odom,map,-0.483678,-0.0213623,1.73555,0,0,0,,,
18.792,kf,map,-0.508644,0.00782977,1.76959,0.0623768,0.0623768,-4.46592e-24,0.062792,,
18.828,odom,map,-0.485767,-0.00892487,1.73865,0,0,0,,,
18.792,ekf_predict_only,map,-0.477132,0.0304343,1.76709,5.70488,6.67662,-0.758758,,,
18.792,ekf,map,-0.508968,0.00755842,1.77044,0.0677237,0.067624,7.29857e-06,0.059917,,
18.792,pf,map,-0.52904,-0.0407448,1.76563,0.0609769,0.0658024,-0.00235464,6.41404,460.048,0
18.864,odom,map,-0.487894,0.0035215,1.74133,0,0,0,,,
18.9,odom,map,-0.490047,0.0159417,1.74355,0,0,0,,,
18.936,odom,map,-0.492228,0.0283675,1.74552,0,0,0,,,
18.972,odom,map,-0.494423,0.0407236,1.74795,0,0,0,,,
19.008,odom,map,-0.496218,0.0531601,1.75121,0,0,0,,,
19.008,ekf_predict_only,map,-0.491777,0.104081,1.78532,6.00069,6.7372,-0.838429,,,
19.008,kf,map,-0.524551,0.0811273,1.78868,0.0625528,0.0625528,-6.26254e-25,0.05775,,
19.008,ekf,map,-0.524784,0.0810067,1.78904,0.0688094,0.0686791,1.49756e-05,0.054542,,
19.002,amcl,map,-0.491414,0.0384973,1.75871,0.014804,0.0229008,0.002062,,,
19.008,pf,map,-0.520443,0.0405036,1.77468,0.0603749,0.0596817,-0.00451748,5.67654,480.161,0
19.044,odom,map,-0.496561,0.0659907,1.75567,0,0,0,,,
19.08,odom,map,-0.49697,0.078763,1.76103,0,0,0,,,
19.116,odom,map,-0.497437,0.0913917,1.76697,0,0,0,,,
19.152,odom,map,-0.497971,0.103897,1.77329,0,0,0,,,
19.188,odom,map,-0.498579,0.116306,1.78012,0,0,0,,,
19.224,odom,map,-0.500435,0.128193,1.78715,0,0,0,,,
19.188,ekf_predict_only,map,-0.504435,0.162183,1.82006,6.27463,6.80399,-0.895678,,,
19.188,ekf,map,-0.538615,0.14035,1.81658,0.0677666,0.0676515,1.66167e-05,0.120666,,
19.188,kf,map,-0.538516,0.140281,1.817,0.0623767,0.0623767,-8.8647e-26,0.100791,,
19.188,pf,map,-0.54648,0.097671,1.80177,0.0602489,0.0680052,-0.00219406,7.46342,460.99,0
19.26,odom,map,-0.503028,0.1398,1.7941,0,0,0,,,
19.296,odom,map,-0.505673,0.151252,1.80169,0,0,0,,,
19.332,odom,map,-0.508364,0.162486,1.81023,0,0,0,,,
19.368,odom,map,-0.511142,0.173652,1.81923,0,0,0,,,
19.404,odom,map,-0.514018,0.18477,1.82864,0,0,0,,,
19.404,ekf,map,-0.556761,0.208214,1.86499,0.0688418,0.068707,2.36092e-05,0.061417,,
19.404,kf,map,-0.556691,0.208073,1.86586,0.0625527,0.0625527,-1.24309e-26,0.059459,,
19.404,ekf_predict_only,map,-0.521433,0.228955,1.87656,6.59618,6.86072,-0.952474,,,
19.404,pf,map,-0.562687,0.188605,1.84628,0.0686309,0.0668936,0.00196335,4.84496,464.638,0
19.44,odom,map,-0.516955,0.195694,1.83853,0,0,0,,,
19.476,odom,map,-0.519937,0.206344,1.8493,0,0,0,,,
19.512,odom,map,-0.52298,0.216764,1.86074,0,0,0,,,
19.548,odom,map,-0.526111,0.22704,1.87244,0,0,0,,,
19.584,odom,map,-0.529308,0.237103,1.88463,0,0,0,,,
19.62,odom,map,-0.532534,0.246832,1.89775,0,0,0,,,
19.584,ekf_predict_only,map,-0.536674,0.27724,1.94439,6.87106,6.92322,-0.984277,,,
19.584,kf,map,-0.573345,0.258975,1.92346,0.0623767,0.0623767,-1.75962e-27,0.070041,,
19.584,ekf,map,-0.573423,0.259261,1.92231,0.0677792,0.0676699,2.20323e-05,0.113167,,
19.584,pf,map,-0.568633,0.249433,1.90341,0.0646757,0.061438,-0.0021769,15.8347,462.898,0
19.656,odom,map,-0.535818,0.256301,1.91157,0,0,0,,,
19.692,odom,map,-0.53919,0.265603,1.92575,0,0,0,,,
19.728,odom,map,-0.542649,0.27473,1.94054,0,0,0,,,
19.764,odom,map,-0.546152,0.283568,1.95591,0,0,0,,,
19.8,odom,map,-0.549765,0.292285,1.97136,0,0,0,,,
19.8,ekf_predict_only,map,-0.557338,0.329952,2.03709,7.17633,6.97438,-1.00634,,,
19.8,ekf,map,-0.595491,0.314176,2.00746,0.068838,0.0687224,2.74832e-05,0.058042,,
19.8,amcl,map,-0.56819,0.248292,2.00231,0.0216621,0.0287548,0.000890069,,,
19.8,kf,map,-0.595312,0.313882,2.00856,0.0625527,0.0625527,-2.4675e-28,0.056541,,
19.8,pf,map,-0.585989,0.308861,1.98851,0.0592124,0.0621954,-0.000298557,6.36388,461.066,0
19.836,odom,map,-0.554568,0.298008,1.98762,0,0,0,,,
19.872,odom,map,-0.559456,0.303389,2.00431,0,0,0,,,
19.908,odom,map,-0.564386,0.308493,2.02124,0,0,0,,,
19.944,odom,map,-0.569409,0.313437,2.03822,0,0,0,,,
19.98,odom,map,-0.574457,0.3181,2.05557,0,0,0,,,
20.016,odom,map,-0.579063,0.323583,2.07323,0,0,0,,,
20.016,ekf_predict_only,map,-0.579183,0.373355,2.14311,7.45678,7.02529,-1.00969,,,
20.016,ekf,map,-0.619345,0.360316,2.10641,0.0690695,0.0689686,2.81877e-05,0.054709,,
20.016,kf,map,-0.619034,0.359982,2.10747,0.0625774,0.0625774,-3.45561e-29,0.062584,,
20.016,pf,map,-0.623252,0.330845,2.09069,0.0638084,0.0554035,-0.00199273,5.04279,466.199,0
20.052,odom,map,-0.583025,0.330645,2.0909,0,0,0,,,
20.088,odom,map,-0.587059,0.337546,2.10866,0,0,0,,,
20.124,odom,map,-0.591048,0.344101,2.12663,0,0,0,,,
20.16,odom,map,-0.594961,0.350276,2.14477,0,0,0,,,
20.196,odom,map,-0.598744,0.356012,2.1632,0,0,0,,,
20.232,odom,map,-0.602611,0.361644,2.18164,0,0,0,,,
20.196,kf,map,-0.639648,0.391659,2.19563,0.0623802,0.0623802,-4.89056e-30,0.112916,,
20.196,ekf_predict_only,map,-0.597682,0.40207,2.23533,7.68195,7.08581,-1.00002,,,
20.196,ekf,map,-0.639988,0.391981,2.19495,0.0677496,0.0676805,2.26775e-05,0.056625,,
20.196,pf,map,-0.635253,0.363395,2.19349,0.0637602,0.0621312,0.00257449,8.04217,465.495,0
20.268,odom,map,-0.606505,0.367098,2.20022,0,0,0,,,
20.304,odom,map,-0.6103,0.372209,2.2191,0,0,0,,,
20.34,odom,map,-0.614009,0.377012,2.23819,0,0,0,,,
20.376,odom,map,-0.617495,0.38135,2.25736,0,0,0,,,
20.412,ekf,map,-0.663008,0.420968,2.30759,0.0687281,0.0686666,2.43914e-05,0.053625,,
20.412,kf,map,-0.662566,0.420645,2.30805,0.0625532,0.0625532,-6.85783e-31,0.063292,,
20.412,odom,map,-0.621029,0.385578,2.27653,0,0,0,,,
20.4,amcl,map,-0.641581,0.354343,2.31704,0.0229841,0.0315882,0.00210746,,,
20.412,ekf_predict_only,map,-0.618072,0.428097,2.35034,7.89945,7.14455,-0.980324,,,
20.412,pf,map,-0.657881,0.413946,2.28668,0.0596573,0.0624362,0.00188871,6.23846,486.837,0
20.448,odom,map,-0.624501,0.389575,2.29579,0,0,0,,,
20.484,odom,map,-0.627784,0.39321,2.31525,0,0,0,,,
20.52,odom,map,-0.631089,0.396728,2.33474,0,0,0,,,
20.556,odom,map,-0.634221,0.399936,2.35403,0,0,0,,,
20.592,odom,map,-0.637222,0.402894,2.37335,0,0,0,,,
20.592,ekf,map,-0.679506,0.437471,2.40372,0.0676705,0.067631,1.81106e-05,0.063458,,
20.628,odom,map,-0.641969,0.401532,2.39644,0,0,0,,,
20.592,kf,map,-0.679033,0.437136,2.40395,0.0623768,0.0623768,-9.70731e-32,0.103667,,
20.592,ekf_predict_only,map,-0.631165,0.441344,2.44727,8.06076,7.21932,-0.96279,,,
20.592,pf,map,-0.668517,0.425576,2.38859,0.066167,0.0599859,0.0046867,5.54063,474.864,0
20.664,odom,map,-0.647506,0.39847,2.42097,0,0,0,,,
20.7,odom,map,-0.653004,0.395175,2.44561,0,0,0,,,
20.736,odom,map,-0.658347,0.391567,2.47015,0,0,0,,,
20.772,odom,map,-0.663521,0.387658,2.4945,0,0,0,,,
20.808,odom,map,-0.668062,0.384882,2.51764,0,0,0,,,
20.808,ekf_predict_only,map,-0.641492,0.449943,2.56142,8.2011,7.30013,-0.94655,,,
20.808,ekf,map,-0.694542,0.44984,2.51889,0.0687168,0.0686851,1.66748e-05,0.058042,,
20.808,kf,map,-0.693908,0.44942,2.51888,0.0625528,0.0625528,-1.36125e-32,0.0835,,
20.802,amcl,map,-0.662132,0.38544,2.51851,0.0211224,0.0271847,0.00347185,,,
20.808,pf,map,-0.681432,0.425558,2.50963,0.0517398,0.06377,0.00138964,7.486,493.171,0
20.844,odom,map,-0.670045,0.386283,2.53669,0,0,0,,,
20.88,odom,map,-0.671698,0.387404,2.55552,0,0,0,,,
20.916,odom,map,-0.673208,0.388387,2.5742,0,0,0,,,
20.952,odom,map,-0.674683,0.389307,2.5928,0,0,0,,,
20.988,odom,map,-0.676103,0.390158,2.61155,0,0,0,,,
21.024,odom,map,-0.67739,0.390896,2.63019,0,0,0,,,
20.988,ekf_predict_only,map,-0.647324,0.453765,2.65417,8.31918,7.38958,-0.936218,,,
20.988,ekf,map,-0.70339,0.455744,2.61273,0.0676734,0.0676545,1.08972e-05,0.057792,,
20.988,pf,map,-0.700039,0.439679,2.62011,0.0626636,0.0642178,-0.00382327,5.54612,482.864,0
20.988,kf,map,-0.702902,0.455444,2.61264,0.0623767,0.0623767,-1.92687e-33,0.118584,,
21.06,odom,map,-0.67838,0.391441,2.64856,0,0,0,,,
21.096,odom,map,-0.679335,0.391942,2.66691,0,0,0,,,
21.132,odom,map,-0.680185,0.39237,2.68531,0,0,0,,,
21.168,odom,map,-0.680717,0.392626,2.70344,0,0,0,,,
21.204,odom,map,-0.681277,0.392844,2.72169,0,0,0,,,
21.204,kf,map,-0.708388,0.458466,2.72238,0.0625527,0.0625527,-2.70204e-34,0.062875,,
21.204,ekf_predict_only,map,-0.650157,0.455267,2.76253,8.42631,7.48453,-0.930835,,,
21.201,amcl,map,-0.671729,0.389478,2.72906,0.0174965,0.0219761,0.00156911,,,
21.204,ekf,map,-0.708809,0.458697,2.72254,0.0687219,0.0687074,8.89847e-06,0.247125,,
21.204,pf,map,-0.702292,0.440931,2.73063,0.060246,0.0663599,-0.000268585,7.72429,493.473,0
21.24,odom,map,-0.682977,0.392922,2.74296,0,0,0,,,
21.276,odom,map,-0.684351,0.39284,2.76399,0,0,0,,,
21.312,odom,map,-0.685521,0.392662,2.78493,0,0,0,,,
21.348,odom,map,-0.686641,0.392455,2.80585,0,0,0,,,
21.384,odom,map,-0.687591,0.392183,2.82645,0,0,0,,,
21.42,odom,map,-0.687593,0.39193,2.8448,0,0,0,,,
21.384,ekf,map,-0.708185,0.458515,2.80934,0.0676767,0.0676682,5.38855e-06,0.064458,,
21.384,kf,map,-0.707816,0.458326,2.80901,0.0623767,0.0623767,-3.82477e-35,0.058833,,
21.384,ekf_predict_only,map,-0.646771,0.453918,2.84578,8.51991,7.59057,-0.937666,,,
21.384,pf,map,-0.721895,0.438343,2.81866,0.059543,0.0661263,-0.00108027,10.2787,472.5,0
21.456,odom,map,-0.686741,0.391677,2.86104,0,0,0,,,
21.492,odom,map,-0.685785,0.39141,2.87698,0,0,0,,,
21.528,odom,map,-0.684598,0.391099,2.89287,0,0,0,,,
21.564,odom,map,-0.683224,0.390762,2.90834,0,0,0,,,
21.6,odom,map,-0.681684,0.390408,2.92324,0,0,0,,,
21.6,ekf_predict_only,map,-0.637616,0.451129,2.93484,8.6067,7.70728,-0.956784,,,
21.6,ekf,map,-0.701771,0.456716,2.90384,0.0687244,0.0687182,4.24309e-06,0.070083,,
21.6,kf,map,-0.7014,0.456519,2.90323,0.0625527,0.0625527,-5.36347e-36,0.152916,,
21.6,pf,map,-0.716841,0.448133,2.90852,0.0649854,0.0597413,-0.000569588,7.42817,482.661,0
21.636,odom,map,-0.677834,0.3903,2.93555,0,0,0,,,
21.672,odom,map,-0.67417,0.390257,2.94728,0,0,0,,,
21.708,odom,map,-0.6716,0.390427,2.9566,0,0,0,,,
21.744,odom,map,-0.669271,0.390636,2.96332,0,0,0,,,
21.78,odom,map,-0.66695,0.390838,2.96746,0,0,0,,,
21.816,ekf_predict_only,map,-0.637616,0.451129,2.93484,8.7067,7.80728,-0.956784,,,
21.816,ekf,map,-0.700448,0.456671,2.94785,0.0689663,0.0689623,2.92387e-06,0.057833,,
21.816,odom,map,-0.665537,0.390958,2.97002,0,0,0,,,
21.816,kf,map,-0.700447,0.456579,2.94355,0.0625774,0.0625774,-7.51127e-37,0.056916,,
21.801,amcl,map,-0.656785,0.386507,2.96919,0.0181548,0.0175418,-0.0008102,,,
21.816,pf,map,-0.72284,0.442444,2.96308,0.0606271,0.0627561,-0.000825333,6.10654,458.474,0
21.852,odom,map,-0.665537,0.390958,2.97157,0,0,0,,,
21.888,odom,map,-0.665537,0.390958,2.97159,0,0,0,,,
21.924,odom,map,-0.665537,0.390958,2.97159,0,0,0,,,
21.96,odom,map,-0.665537,0.390958,2.97159,0,0,0,,,
21.996,odom,map,-0.665537,0.390958,2.97159,0,0,0,,,
22.032,odom,map,-0.66491,0.39031,2.97238,0,0,0,,,
21.996,ekf_predict_only,map,-0.637616,0.451129,2.93484,8.8067,7.90728,-0.956784,,,
21.996,ekf,map,-0.700059,0.456636,2.96232,0.0676761,0.0676738,1.67762e-06,0.108333,,
21.996,kf,map,-0.700091,0.456601,2.95957,0.0623802,0.0623802,-1.06303e-37,0.100875,,
21.996,pf,map,-0.709218,0.431143,2.96521,0.0649696,0.0638821,0.00168036,5.39342,472.619,0
22.068,odom,map,-0.664205,0.389581,2.97328,0,0,0,,,
22.104,odom,map,-0.663501,0.388851,2.97417,0,0,0,,,
22.14,odom,map,-0.662799,0.38812,2.97507,0,0,0,,,
22.176,odom,map,-0.662097,0.387388,2.97596,0,0,0,,,
22.212,odom,map,-0.661611,0.386879,2.97659,0,0,0,,,
22.212,kf,map,-0.699956,0.456609,2.96561,0.0625532,0.0625532,-1.49065e-38,0.062292,,
22.212,ekf_predict_only,map,-0.637616,0.451129,2.93484,8.9067,8.00728,-0.956784,,,
22.212,ekf,map,-0.699933,0.456621,2.96706,0.0686592,0.0686576,1.26567e-06,0.058333,,
22.212,pf,map,-0.723401,0.432062,2.96411,0.0601855,0.0615089,0.00380881,4.87721,468.785,0
22.248,odom,map,-0.661611,0.386879,2.97659,0,0,0,,,
22.284,odom,map,-0.661611,0.386879,2.97659,0,0,0,,,
22.32,odom,map,-0.661611,0.386879,2.97659,0,0,0,,,
22.356,odom,map,-0.661611,0.386879,2.97659,0,0,0,,,
22.392,odom,map,-0.661611,0.386879,2.97659,0,0,0,,,
22.392,ekf_predict_only,map,-0.637616,0.451129,2.93484,9.0067,8.10728,-0.956784,,,
22.428,odom,map,-0.661611,0.386879,2.97659,0,0,0,,,
22.392,ekf,map,-0.699894,0.456617,2.96853,0.0676242,0.0676232,7.43834e-07,0.060333,,
22.392,kf,map,-0.699906,0.456612,2.96787,0.0623768,0.0623768,-2.11002e-39,0.058375,,
22.392,pf,map,-0.704838,0.420461,2.95999,0.0557736,0.0564753,0.0020627,14.4898,490.786,0
22.464,odom,map,-0.661611,0.386879,2.97659,0,0,0,,,
22.5,odom,map,-0.661978,0.38694,2.97632,0,0,0,,,
22.536,odom,map,-0.663085,0.387125,2.97577,0,0,0,,,
22.572,odom,map,-0.664635,0.387385,2.97516,0,0,0,,,
22.608,odom,map,-0.666424,0.387705,2.97419,0,0,0,,,
22.608,ekf,map,-0.707612,0.457964,2.96589,0.0686776,0.0686773,6.40164e-07,0.090875,,
22.608,ekf_predict_only,map,-0.651242,0.453986,2.92976,9.12023,8.18265,-0.927117,,,
22.608,kf,map,-0.70815,0.458063,2.96542,0.0625528,0.0625528,-2.95887e-40,0.061,,
22.608,pf,map,-0.703031,0.426116,2.946,0.0667647,0.0652625,-0.00369374,4.77588,484.805,0
22.644,odom,map,-0.668166,0.388088,2.9718,0,0,0,,,
22.68,odom,map,-0.67015,0.388522,2.96831,0,0,0,,,
22.716,odom,map,-0.672458,0.389027,2.96434,0,0,0,,,
22.752,odom,map,-0.675459,0.389673,2.95982,0,0,0,,,
22.788,odom,map,-0.679027,0.390445,2.95517,0,0,0,,,
22.788,ekf_predict_only,map,-0.674256,0.458936,2.91002,9.24379,8.24397,-0.876494,,,
22.788,ekf,map,-0.724706,0.461069,2.94987,0.0676492,0.0676511,7.65982e-07,0.108167,,
22.788,kf,map,-0.72538,0.461201,2.9494,0.0623767,0.0623767,-4.18832e-41,0.055333,,
22.824,odom,map,-0.683339,0.39131,2.95096,0,0,0,,,
22.788,pf,map,-0.724742,0.432257,2.94602,0.0622069,0.0613708,-0.00232648,9.07733,455.258,0
22.86,odom,map,-0.688256,0.392269,2.94693,0,0,0,,,
22.896,odom,map,-0.693935,0.393401,2.94295,0,0,0,,,
22.932,odom,map,-0.700022,0.394639,2.93907,0,0,0,,,
22.968,odom,map,-0.706404,0.395962,2.93524,0,0,0,,,
23.004,odom,map,-0.71301,0.397358,2.93132,0,0,0,,,
23.004,ekf_predict_only,map,-0.715777,0.468727,2.88612,9.39091,8.28357,-0.783711,,,
23.004,ekf,map,-0.759359,0.468125,2.92741,0.0687031,0.0687131,2.23786e-06,0.056125,,
23.004,kf,map,-0.760255,0.468286,2.9271,0.0625527,0.0625527,-5.87327e-42,0.056833,,
23.004,pf,map,-0.760363,0.425101,2.91706,0.0672989,0.0654825,0.000122899,4.53471,477.48,0
23.04,odom,map,-0.720342,0.398939,2.92722,0,0,0,,,
23.076,odom,map,-0.728146,0.400655,2.92311,0,0,0,,,
23.112,odom,map,-0.736097,0.402438,2.91901,0,0,0,,,
23.148,odom,map,-0.744306,0.404314,2.91485,0,0,0,,,
23.184,odom,map,-0.752902,0.406316,2.91072,0,0,0,,,
23.22,odom,map,-0.761798,0.408426,2.90669,0,0,0,,,
23.184,kf,map,-0.799311,0.477217,2.90726,0.0623767,0.0623767,-8.31369e-43,0.089083,,
23.184,ekf_predict_only,map,-0.760005,0.480278,2.86593,9.54737,8.33267,-0.682264,,,
23.184,ekf,map,-0.798547,0.477092,2.90738,0.0676661,0.0676847,4.04481e-06,0.05775,,
23.184,pf,map,-0.799602,0.447633,2.88863,0.0592641,0.0596397,-0.00648524,11.9445,488.454,0
23.256,odom,map,-0.770868,0.410616,2.90288,0,0,0,,,
23.292,odom,map,-0.780584,0.412998,2.89946,0,0,0,,,
23.328,odom,map,-0.790824,0.415545,2.8962,0,0,0,,,
23.364,odom,map,-0.801265,0.418178,2.893,0,0,0,,,
23.4,odom,map,-0.811935,0.420904,2.89009,0,0,0,,,
23.4,ekf_predict_only,map,-0.828027,0.499519,2.8515,9.74356,8.38189,-0.51943,,,
23.4,ekf,map,-0.85878,0.492182,2.88875,0.0687178,0.0687613,1.00091e-05,0.056625,,
23.4,kf,map,-0.85984,0.492308,2.88908,0.0625527,0.0625527,-1.16583e-43,0.058125,,
23.4,pf,map,-0.843784,0.471077,2.87792,0.0678623,0.0583603,0.00408492,5.70733,482.901,0
23.436,odom,map,-0.823207,0.423815,2.88766,0,0,0,,,
23.472,odom,map,-0.834858,0.426852,2.88559,0,0,0,,,
23.508,odom,map,-0.846768,0.429979,2.88434,0,0,0,,,
23.544,odom,map,-0.858722,0.43313,2.88348,0,0,0,,,
23.58,odom,map,-0.870786,0.436317,2.88322,0,0,0,,,
23.616,ekf_predict_only,map,-0.900755,0.521229,2.85576,9.95533,8.46492,-0.334753,,,
23.616,ekf,map,-0.927838,0.510729,2.88428,0.0689643,0.0690323,1.67573e-05,0.057042,,
23.616,kf,map,-0.928671,0.510712,2.88522,0.0625774,0.0625774,-1.63268e-44,0.059791,,
23.616,odom,map,-0.882966,0.439535,2.88362,0,0,0,,,
23.616,pf,map,-0.937274,0.491269,2.85315,0.0603152,0.0585545,0.000483018,7.28567,484.484,0
23.652,odom,map,-0.895198,0.442758,2.88433,0,0,0,,,
23.688,odom,map,-0.907504,0.445988,2.88543,0,0,0,,,
23.724,odom,map,-0.919896,0.449225,2.88698,0,0,0,,,
23.76,odom,map,-0.932394,0.452463,2.88921,0,0,0,,,
23.796,odom,map,-0.944911,0.455676,2.89158,0,0,0,,,
23.832,odom,map,-0.957439,0.458857,2.89421,0,0,0,,,
23.796,ekf,map,-0.988585,0.526942,2.89138,0.0676774,0.0677516,1.91771e-05,0.109708,,
23.796,ekf_predict_only,map,-0.962761,0.539452,2.86926,10.1518,8.58129,-0.168164,,,
23.802,amcl,map,-0.946381,0.444924,2.90618,0.0277734,0.0260615,0.00198845,,,
23.796,kf,map,-0.989059,0.526864,2.89223,0.0623802,0.0623802,-2.31065e-45,0.06225,,
23.796,pf,map,-0.972059,0.488328,2.87385,0.0618613,0.0576202,0.00237781,7.82004,475.061,0
23.868,odom,map,-0.969991,0.462008,2.89719,0,0,0,,,
23.904,odom,map,-0.982558,0.465122,2.90027,0,0,0,,,
23.94,odom,map,-0.995045,0.468175,2.90338,0,0,0,,,
23.976,odom,map,-1.00742,0.471158,2.90682,0,0,0,,,
24.012,odom,map,-1.01963,0.474055,2.91047,0,0,0,,,
24.012,ekf,map,-1.06199,0.545435,2.90921,0.0686638,0.0687698,2.82289e-05,0.103625,,
24.012,ekf_predict_only,map,-1.0348,0.559571,2.89145,10.3613,8.73651,0.0354744,,,
24.012,kf,map,-1.0621,0.545336,2.90991,0.0625532,0.0625532,-3.24013e-46,0.061167,,
24.012,pf,map,-1.05601,0.511877,2.88874,0.0625555,0.0646728,0.000426225,4.75379,492.176,0
24.048,odom,map,-1.03177,0.476888,2.91417,0,0,0,,,
24.084,odom,map,-1.04381,0.479649,2.9181,0,0,0,,,
24.12,odom,map,-1.05564,0.482312,2.92221,0,0,0,,,
24.156,odom,map,-1.06732,0.484893,2.9262,0,0,0,,,
24.192,odom,map,-1.07891,0.487403,2.93018,0,0,0,,,
24.192,ekf,map,-1.12087,0.558932,2.92768,0.0676292,0.067728,2.63003e-05,0.055625,,
24.192,kf,map,-1.12079,0.558868,2.92807,0.0623768,0.0623768,-4.58643e-47,0.067125,,
24.228,odom,map,-1.09041,0.489848,2.93419,0,0,0,,,
24.192,ekf_predict_only,map,-1.09178,0.574127,2.9115,10.5424,8.90805,0.203304,,,
24.192,pf,map,-1.09502,0.524696,2.92589,0.0644937,0.0579481,0.000583525,6.96438,483.997,0
24.264,odom,map,-1.10185,0.49223,2.93826,0,0,0,,,
24.3,odom,map,-1.11324,0.494556,2.94233,0,0,0,,,
24.336,odom,map,-1.12467,0.496839,2.94632,0,0,0,,,
24.372,odom,map,-1.13596,0.499049,2.95017,0,0,0,,,
24.408,odom,map,-1.14704,0.501176,2.9539,0,0,0,,,
24.408,ekf_predict_only,map,-1.15702,0.58941,2.93116,10.7292,9.12064,0.401956,,,
24.408,ekf,map,-1.18869,0.57294,2.94961,0.0686842,0.0688049,3.1409e-05,0.056584,,
24.408,kf,map,-1.18845,0.57295,2.94955,0.0625528,0.0625528,-6.43154e-48,0.074084,,
24.408,pf,map,-1.19192,0.534207,2.95745,0.0587533,0.0605814,-0.00403481,4.98675,491.36,0
24.444,odom,map,-1.15805,0.503246,2.95735,0,0,0,,,
24.48,odom,map,-1.1689,0.505251,2.96071,0,0,0,,,
24.516,odom,map,-1.17972,0.50721,2.9641,0,0,0,,,
24.552,odom,map,-1.19028,0.509088,2.96711,0,0,0,,,
24.588,odom,map,-1.2004,0.510857,2.96962,0,0,0,,,
24.588,ekf_predict_only,map,-1.20601,0.599875,2.94134,10.8898,9.32697,0.555046,,,
24.588,ekf,map,-1.2414,0.582616,2.96423,0.0676545,0.0677558,2.54291e-05,0.063375,,
24.588,kf,map,-1.24103,0.582651,2.96386,0.0623767,0.0623767,-9.10392e-49,0.058042,,
24.624,odom,map,-1.21031,0.510858,2.97342,0,0,0,,,
24.588,pf,map,-1.25839,0.566221,2.96118,0.0614474,0.0618516,-0.00397841,6.38071,453.691,0
24.6,amcl,map,-1.19042,0.509667,2.97043,0.0371355,0.0361397,0.00769222,,,
24.66,odom,map,-1.22021,0.509822,2.978,0,0,0,,,
24.696,odom,map,-1.23003,0.508693,2.98242,0,0,0,,,
24.732,odom,map,-1.23955,0.507441,2.98642,0,0,0,,,
24.768,odom,map,-1.24871,0.506066,2.99,0,0,0,,,
24.804,odom,map,-1.25782,0.504775,2.9934,0,0,0,,,
24.804,ekf_predict_only,map,-1.25987,0.610806,2.94738,11.054,9.56571,0.72719,,,
24.804,ekf,map,-1.29874,0.592421,2.97419,0.0687083,0.0688201,2.66359e-05,0.05575,,
24.804,kf,map,-1.2983,0.592466,2.9737,0.0625527,0.0625527,-1.27664e-49,0.068709,,
24.804,pf,map,-1.30668,0.569863,2.95965,0.0610134,0.0664306,0.00152973,5.16325,468.591,0
24.84,odom,map,-1.26672,0.5061,2.99428,0,0,0,,,
24.876,odom,map,-1.27536,0.507381,2.99468,0,0,0,,,
24.912,odom,map,-1.28374,0.50862,2.9944,0,0,0,,,
24.948,odom,map,-1.29204,0.509854,2.99396,0,0,0,,,
24.984,odom,map,-1.30019,0.511067,2.99328,0,0,0,,,
25.02,odom,map,-1.30798,0.512235,2.99223,0,0,0,,,
24.984,ekf_predict_only,map,-1.29825,0.618356,2.94194,11.1988,9.77873,0.852388,,,
24.984,kf,map,-1.34036,0.599347,2.973,0.0623767,0.0623767,-1.8071e-50,0.063083,,
24.984,ekf,map,-1.3408,0.59932,2.97356,0.0676694,0.0677563,1.97622e-05,0.057209,,
24.984,pf,map,-1.33976,0.57188,2.96612,0.0629235,0.067857,-0.00108016,9.55571,482.328,0
25.056,odom,map,-1.31561,0.513388,2.99094,0,0,0,,,
25.092,odom,map,-1.32299,0.514514,2.9892,0,0,0,,,
25.128,odom,map,-1.33026,0.515638,2.98728,0,0,0,,,
25.164,odom,map,-1.33745,0.516765,2.98506,0,0,0,,,
25.2,odom,map,-1.34445,0.517878,2.98241,0,0,0,,,
25.2,ekf_predict_only,map,-1.33802,0.626403,2.92213,11.3472,10.0084,0.984945,,,
25.2,ekf,map,-1.38479,0.60676,2.96147,0.0687194,0.0688076,1.90758e-05,0.149833,,
25.2,kf,map,-1.38426,0.606768,2.96057,0.0625527,0.0625527,-2.53409e-51,0.092167,,
25.2,pf,map,-1.40691,0.585281,2.96204,0.0602523,0.0630051,0.000274421,6.82471,457.341,0
25.236,odom,map,-1.35117,0.518968,2.97924,0,0,0,,,
25.272,odom,map,-1.35784,0.520072,2.97593,0,0,0,,,
25.308,odom,map,-1.36441,0.521181,2.9724,0,0,0,,,
25.344,odom,map,-1.37092,0.522307,2.9685,0,0,0,,,
25.38,odom,map,-1.37718,0.523415,2.96404,0,0,0,,,
25.416,kf,map,-1.42396,0.614145,2.93882,0.0625774,0.0625774,-3.54886e-52,0.057375,,
25.416,odom,map,-1.38241,0.525661,2.95851,0,0,0,,,
25.416,ekf,map,-1.42438,0.614157,2.93965,0.0689635,0.0690397,1.59175e-05,0.060292,,
25.416,ekf_predict_only,map,-1.37499,0.634649,2.89491,11.4972,10.2405,1.11195,,,
25.416,pf,map,-1.45193,0.576058,2.93765,0.0582637,0.0553435,-0.00204834,7.61842,466.698,0
25.452,odom,map,-1.38614,0.529716,2.95128,0,0,0,,,
25.488,odom,map,-1.38986,0.533824,2.94383,0,0,0,,,
25.524,odom,map,-1.39348,0.537971,2.93628,0,0,0,,,
25.56,odom,map,-1.39708,0.542169,2.92873,0,0,0,,,
25.596,odom,map,-1.40072,0.546432,2.92115,0,0,0,,,
25.632,odom,map,-1.40671,0.548179,2.91599,0,0,0,,,
25.596,ekf,map,-1.45623,0.620956,2.91692,0.0676749,0.0677296,1.12525e-05,0.060167,,
25.596,ekf_predict_only,map,-1.40644,0.642569,2.87091,11.6459,10.4619,1.2238,,,
25.596,kf,map,-1.45607,0.620944,2.9165,0.0623802,0.0623802,-5.02253e-53,0.056,,
25.596,pf,map,-1.47829,0.598622,2.90314,0.0643655,0.0572528,0.000773814,8.18267,470.508,0
25.668,odom,map,-1.4133,0.549709,2.91125,0,0,0,,,
25.704,odom,map,-1.41995,0.551283,2.90653,0,0,0,,,
25.74,odom,map,-1.42664,0.552904,2.90168,0,0,0,,,
25.776,odom,map,-1.43343,0.554581,2.89662,0,0,0,,,
25.812,odom,map,-1.44024,0.556304,2.89147,0,0,0,,,
25.812,ekf_predict_only,map,-1.44709,0.65385,2.83999,11.8161,10.731,1.37373,,,
25.812,ekf,map,-1.49646,0.630643,2.88746,0.068659,0.0687156,1.17942e-05,0.09875,,
25.812,kf,map,-1.49647,0.630628,2.88718,0.0625532,0.0625532,-7.04289e-54,0.552417,,
25.812,pf,map,-1.5245,0.595719,2.87622,0.0664267,0.0591046,0.00231749,5.27571,475.766,0
25.848,odom,map,-1.44705,0.558063,2.88621,0,0,0,,,
25.884,odom,map,-1.45388,0.559865,2.88078,0,0,0,,,
25.92,odom,map,-1.4607,0.561706,2.87514,0,0,0,,,
25.956,odom,map,-1.46751,0.563585,2.86948,0,0,0,,,
25.992,odom,map,-1.4744,0.565528,2.86363,0,0,0,,,
25.992,ekf,map,-1.53058,0.639983,2.85919,0.0676247,0.06767,9.88773e-06,0.057667,,
26.028,odom,map,-1.48134,0.567532,2.85753,0,0,0,,,
25.992,ekf_predict_only,map,-1.4816,0.664586,2.80943,11.9839,10.9856,1.50673,,,
25.992,kf,map,-1.53065,0.639974,2.85891,0.0623768,0.0623768,-9.96926e-55,0.514542,,
26.001,amcl,map,-1.46037,0.556823,2.8729,0.0454152,0.0589086,0.0191835,,,
25.992,pf,map,-1.53624,0.616458,2.84574,0.0571146,0.0613544,-0.000552007,9.74808,467.716,0
26.064,odom,map,-1.48811,0.569533,2.85116,0,0,0,,,
26.1,odom,map,-1.49472,0.571532,2.84453,0,0,0,,,
26.136,odom,map,-1.50119,0.573536,2.83769,0,0,0,,,
26.172,odom,map,-1.50739,0.575503,2.83029,0,0,0,,,
26.208,odom,map,-1.51348,0.577489,2.82266,0,0,0,,,
26.208,ekf_predict_only,map,-1.51794,0.67712,2.7637,12.1643,11.2595,1.65326,,,
26.208,kf,map,-1.56859,0.651647,2.81702,0.0625528,0.0625528,-1.39799e-55,0.06275,,
26.208,ekf,map,-1.56867,0.651715,2.81748,0.0686791,0.0687286,1.16659e-05,0.096958,,
26.208,pf,map,-1.58125,0.626762,2.81344,0.0625871,0.0646518,0.00182006,6.13938,471.357,0
26.244,odom,map,-1.51948,0.579497,2.81486,0,0,0,,,
26.28,odom,map,-1.52548,0.581557,2.80689,0,0,0,,,
26.316,odom,map,-1.53133,0.58362,2.79843,0,0,0,,,
26.352,odom,map,-1.53696,0.585658,2.7896,0,0,0,,,
26.388,odom,map,-1.54268,0.587786,2.78092,0,0,0,,,
26.388,ekf_predict_only,map,-1.54702,0.688664,2.71877,12.3395,11.5068,1.7773,,,
26.388,ekf,map,-1.59836,0.662291,2.77595,0.0676509,0.0676901,1.00496e-05,0.056834,,
26.388,kf,map,-1.59832,0.66224,2.77552,0.0623767,0.0623767,-1.97887e-56,0.056583,,
26.424,odom,map,-1.54851,0.590018,2.77199,0,0,0,,,
26.388,pf,map,-1.60309,0.646251,2.77218,0.06148,0.0605271,0.000498605,9.49833,464.771,0
26.46,odom,map,-1.55434,0.592304,2.763,0,0,0,,,
26.496,odom,map,-1.5596,0.594426,2.75312,0,0,0,,,
26.532,odom,map,-1.56454,0.596478,2.74295,0,0,0,,,
26.568,odom,map,-1.56981,0.598728,2.73305,0,0,0,,,
26.604,odom,map,-1.57512,0.601056,2.72322,0,0,0,,,
26.604,ekf_predict_only,map,-1.57873,0.702935,2.65974,12.5342,11.776,1.92055,,,
26.604,ekf,map,-1.63079,0.675584,2.71895,0.0687055,0.0687467,1.18878e-05,0.05875,,
26.604,kf,map,-1.63078,0.675502,2.71861,0.0625527,0.0625527,-2.77496e-57,0.056083,,
26.604,pf,map,-1.63507,0.664268,2.71573,0.0657972,0.0622255,0.00757563,5.77204,491.3,0
26.64,odom,map,-1.58017,0.603334,2.71289,0,0,0,,,
26.676,odom,map,-1.58412,0.605162,2.70126,0,0,0,,,
26.712,odom,map,-1.58733,0.606701,2.68914,0,0,0,,,
26.748,odom,map,-1.59028,0.608158,2.67679,0,0,0,,,
26.784,odom,map,-1.59294,0.609513,2.6637,0,0,0,,,
26.784,ekf,map,-1.64655,0.683269,2.65618,0.0676677,0.0676969,9.05474e-06,0.064792,,
26.82,odom,map,-1.59378,0.609716,2.65084,0,0,0,,,
26.784,kf,map,-1.6462,0.683067,2.65537,0.0623767,0.0623767,-3.92799e-58,0.058,,
26.784,ekf_predict_only,map,-1.58991,0.708781,2.58823,12.6735,11.9378,1.97428,,,
26.802,amcl,map,-1.5681,0.599636,2.66746,0.0403517,0.0714814,0.026424,,,
26.784,pf,map,-1.66784,0.680458,2.64518,0.0652909,0.0577826,-0.000993631,5.06888,452.229,0
26.856,odom,map,-1.59314,0.608979,2.63792,0,0,0,,,
26.892,odom,map,-1.59246,0.608252,2.62488,0,0,0,,,
26.928,odom,map,-1.59179,0.607547,2.61139,0,0,0,,,
26.964,odom,map,-1.59108,0.606852,2.59715,0,0,0,,,
27,odom,map,-1.59046,0.606242,2.58229,0,0,0,,,
27,ekf,map,-1.66082,0.691341,2.56393,0.0687182,0.068744,8.62049e-06,0.0585,,
27,kf,map,-1.6606,0.691198,2.56278,0.0625527,0.0625527,-5.5082e-59,0.066459,,
27,ekf_predict_only,map,-1.6028,0.71674,2.48657,12.8275,12.1104,2.0404,,,
27,pf,map,-1.66612,0.652017,2.57192,0.0714098,0.0574877,0.00452971,6.20488,479.921,0
27.036,odom,map,-1.59251,0.607546,2.5654,0,0,0,,,
27.072,odom,map,-1.59468,0.608977,2.54827,0,0,0,,,
27.108,odom,map,-1.59696,0.610543,2.53062,0,0,0,,,
27.144,odom,map,-1.59923,0.612169,2.51285,0,0,0,,,
27.18,odom,map,-1.60162,0.613938,2.49478,0,0,0,,,
27.216,ekf,map,-1.6755,0.701749,2.45932,0.0689629,0.0689825,7.30077e-06,0.060375,,
27.216,kf,map,-1.67555,0.701731,2.45829,0.0625774,0.0625774,-7.71396e-60,0.112791,,
27.216,odom,map,-1.60412,0.61586,2.4764,0,0,0,,,
27.216,ekf_predict_only,map,-1.61816,0.728539,2.37542,13.0086,12.2989,2.12719,,,
27.216,pf,map,-1.67254,0.662779,2.46136,0.0624451,0.0584271,-0.00473726,8.82896,475.09,0
27.252,odom,map,-1.60678,0.617994,2.45766,0,0,0,,,
27.288,odom,map,-1.60957,0.620313,2.43876,0,0,0,,,
27.324,odom,map,-1.61235,0.622709,2.41969,0,0,0,,,
27.36,odom,map,-1.61518,0.625253,2.40032,0,0,0,,,
27.396,odom,map,-1.61802,0.6279,2.38083,0,0,0,,,
27.432,odom,map,-1.62097,0.63077,2.36119,0,0,0,,,
27.396,kf,map,-1.68985,0.714392,2.3641,0.0623802,0.0623802,-1.09172e-60,0.888917,,
27.396,ekf_predict_only,map,-1.63348,0.743286,2.27692,13.2118,12.4894,2.22433,,,
27.396,ekf,map,-1.68966,0.714317,2.3648,0.0676752,0.0676877,5.75465e-06,0.05475,,
27.402,amcl,map,-1.59636,0.657737,2.35128,0.0411315,0.0684919,0.0281126,,,
27.396,pf,map,-1.70649,0.669458,2.35903,0.0602488,0.0563768,-0.00392338,12.7777,488.281,0
27.468,odom,map,-1.62404,0.633873,2.34129,0,0,0,,,
27.504,odom,map,-1.62727,0.637269,2.32106,0,0,0,,,
27.54,odom,map,-1.63056,0.640864,2.3007,0,0,0,,,
27.576,odom,map,-1.63385,0.644618,2.28027,0,0,0,,,
27.612,odom,map,-1.6366,0.648588,2.25993,0,0,0,,,
27.612,ekf_predict_only,map,-1.65405,0.767407,2.15512,13.4849,12.7142,2.37135,,,
27.612,kf,map,-1.70929,0.73554,2.24449,0.0625532,0.0625532,-1.53087e-61,0.115458,,
27.612,ekf,map,-1.70893,0.735399,2.24492,0.0686616,0.068672,7.76504e-06,0.058458,,
27.612,pf,map,-1.71146,0.694404,2.24005,0.0619749,0.0623728,-0.00207535,4.61937,483.754,0
27.648,odom,map,-1.63809,0.652822,2.23958,0,0,0,,,
27.684,odom,map,-1.63964,0.657305,2.21943,0,0,0,,,
27.72,odom,map,-1.64126,0.662074,2.19952,0,0,0,,,
27.756,odom,map,-1.64296,0.667154,2.17973,0,0,0,,,
27.792,odom,map,-1.64474,0.672571,2.15989,0,0,0,,,
27.828,odom,map,-1.64802,0.678407,2.14041,0,0,0,,,
27.792,ekf,map,-1.72681,0.760405,2.14645,0.0676302,0.0676357,8.89705e-06,0.058375,,
27.792,kf,map,-1.72728,0.760662,2.14639,0.0623768,0.0623768,-2.16696e-62,0.07,,
27.792,ekf_predict_only,map,-1.67358,0.796934,2.05795,13.8042,12.9365,2.53628,,,
27.801,amcl,map,-1.6292,0.73827,2.10274,0.0384767,0.0623699,0.0279827,,,
27.792,pf,map,-1.73888,0.721539,2.14466,0.0560752,0.0561681,0.001633,5.17229,508.07,0
27.864,odom,map,-1.65178,0.684406,2.12097,0,0,0,,,
27.9,odom,map,-1.65551,0.690617,2.10171,0,0,0,,,
27.936,odom,map,-1.65935,0.697301,2.08282,0,0,0,,,
27.972,odom,map,-1.66312,0.704163,2.064,0,0,0,,,
28.008,odom,map,-1.66685,0.711256,2.04555,0,0,0,,,
28.008,ekf_predict_only,map,-1.69645,0.8401,1.94876,14.2398,13.1842,2.76458,,,
28.008,kf,map,-1.74951,0.799444,2.03362,0.0625528,0.0625528,-3.03872e-63,0.057584,,
28.008,ekf,map,-1.74891,0.799165,2.03328,0.0686933,0.0686929,1.5163e-05,0.058667,,
28.008,pf,map,-1.76395,0.762727,2.01641,0.0582625,0.0604925,0.00443283,4.77392,500.657,0
28.044,odom,map,-1.67057,0.718665,2.02745,0,0,0,,,
28.08,odom,map,-1.67425,0.726339,2.00948,0,0,0,,,
28.116,odom,map,-1.67782,0.734129,1.99155,0,0,0,,,
28.152,odom,map,-1.6813,0.742087,1.97392,0,0,0,,,
28.188,odom,map,-1.6847,0.750249,1.95659,0,0,0,,,
28.224,odom,map,-1.68626,0.76216,1.93629,0,0,0,,,
28.188,ekf_predict_only,map,-1.71289,0.881511,1.86227,14.6785,13.3935,2.96948,,,
28.188,ekf,map,-1.76567,0.837921,1.9439,0.0676709,0.0676629,1.66025e-05,0.074542,,
28.188,kf,map,-1.76616,0.8381,1.94426,0.0623767,0.0623767,-4.30135e-64,0.06625,,
28.2,amcl,map,-1.68001,0.821057,1.90673,0.0338885,0.061646,0.0287386,,,
28.188,pf,map,-1.77925,0.820997,1.92006,0.0548728,0.0608439,0.00296077,6.71492,469.453,0
28.26,odom,map,-1.68667,0.776203,1.9143,0,0,0,,,
28.296,odom,map,-1.68688,0.790375,1.89256,0,0,0,,,
28.332,odom,map,-1.68689,0.804636,1.87118,0,0,0,,,
28.368,odom,map,-1.68672,0.819088,1.85051,0,0,0,,,
28.404,odom,map,-1.68651,0.833321,1.83033,0,0,0,,,
28.404,ekf_predict_only,map,-1.72886,0.934737,1.76782,15.2383,13.6021,3.21955,,,
28.404,ekf,map,-1.7827,0.889151,1.84465,0.0687413,0.0687187,2.34682e-05,0.057417,,
28.404,kf,map,-1.78322,0.889245,1.84523,0.0625527,0.0625527,-6.03176e-65,0.228875,,
28.404,pf,map,-1.78532,0.879927,1.8216,0.059549,0.0595418,-0.00207451,8.18683,490.624,0
28.44,odom,map,-1.68886,0.842461,1.81479,0,0,0,,,
28.476,odom,map,-1.69114,0.851927,1.79954,0,0,0,,,
28.512,odom,map,-1.69333,0.86165,1.78449,0,0,0,,,
28.548,odom,map,-1.69539,0.871515,1.76985,0,0,0,,,
28.584,odom,map,-1.69736,0.881613,1.75549,0,0,0,,,
28.584,ekf_predict_only,map,-1.73922,0.986632,1.69724,15.8133,13.774,3.44686,,,
28.584,ekf,map,-1.79406,0.938046,1.76971,0.0677099,0.0676779,2.19972e-05,0.053292,,
28.584,kf,map,-1.79454,0.938227,1.77028,0.0623767,0.0623767,-8.53804e-66,0.123083,,
28.62,odom,map,-1.69838,0.895519,1.73871,0,0,0,,,
28.584,pf,map,-1.81863,0.924702,1.74713,0.0639894,0.0609008,0.00319075,7.97663,485.603,0
28.656,odom,map,-1.69854,0.912401,1.71993,0,0,0,,,
28.692,odom,map,-1.69847,0.929343,1.70167,0,0,0,,,
28.728,odom,map,-1.69817,0.946326,1.68383,0,0,0,,,
28.764,odom,map,-1.69764,0.963306,1.66636,0,0,0,,,
28.8,odom,map,-1.69688,0.98016,1.64924,0,0,0,,,
28.8,ekf_predict_only,map,-1.74711,1.04873,1.62464,16.5168,13.9294,3.70331,,,
28.8,ekf,map,-1.80371,0.999767,1.69038,0.0687838,0.0687282,2.64827e-05,0.054584,,
28.8,kf,map,-1.80421,0.999786,1.6912,0.0625527,0.0625527,-1.19729e-66,0.05625,,
28.8,amcl,map,-1.73221,0.960412,1.68594,0.0369966,0.0625283,0.0259354,,,
28.8,pf,map,-1.81545,0.97895,1.68281,0.0650973,0.060444,0.000203975,10.2102,468.533,0
28.836,odom,map,-1.69758,0.990742,1.63701,0,0,0,,,
28.872,odom,map,-1.69821,1.00114,1.62528,0,0,0,,,
28.908,odom,map,-1.69871,1.01141,1.61397,0,0,0,,,
28.944,odom,map,-1.69909,1.02156,1.60319,0,0,0,,,
28.98,odom,map,-1.69937,1.03169,1.59266,0,0,0,,,
29.016,odom,map,-1.70068,1.04186,1.58292,0,0,0,,,
29.016,ekf_predict_only,map,-1.75036,1.10892,1.56306,17.2384,14.0524,3.93311,,,
29.016,ekf,map,-1.80858,1.0607,1.62311,0.0690408,0.0689704,2.48458e-05,0.071292,,
29.016,kf,map,-1.80905,1.06059,1.62395,0.0625774,0.0625774,-1.67674e-67,0.058292,,
29.016,pf,map,-1.82176,1.04268,1.60372,0.0568281,0.0642322,0.000824351,11.1218,475.742,0
29.052,odom,map,-1.70371,1.05208,1.5745,0,0,0,,,
29.088,odom,map,-1.70667,1.06216,1.56642,0,0,0,,,
29.124,odom,map,-1.70957,1.07218,1.5584,0,0,0,,,
29.16,odom,map,-1.71241,1.08201,1.55074,0,0,0,,,
29.196,odom,map,-1.7152,1.09156,1.54352,0,0,0,,,
29.196,ekf,map,-1.80948,1.10804,1.57669,0.0677433,0.067679,1.74206e-05,0.055,,
29.196,kf,map,-1.80983,1.10776,1.57751,0.0623802,0.0623802,-2.373e-68,0.060625,,
29.232,odom,map,-1.71525,1.10059,1.53542,0,0,0,,,
29.196,ekf_predict_only,map,-1.75001,1.15329,1.52289,17.82,14.1499,4.0886,,,
29.196,pf,map,-1.82617,1.08939,1.56949,0.0625124,0.067484,-0.00406409,9.61375,506.037,0
29.268,odom,map,-1.7149,1.10946,1.52738,0,0,0,,,
29.304,odom,map,-1.71449,1.11823,1.51949,0,0,0,,,
29.34,odom,map,-1.71402,1.12669,1.51199,0,0,0,,,
29.376,odom,map,-1.7135,1.135,1.50463,0,0,0,,,
29.412,odom,map,-1.71296,1.14281,1.49825,0,0,0,,,
29.412,ekf_predict_only,map,-1.74891,1.17624,1.51325,18.1769,14.2421,4.16375,,,
29.412,ekf,map,-1.80825,1.15144,1.54043,0.0687304,0.0686617,1.50661e-05,0.059542,,
29.412,kf,map,-1.80865,1.14952,1.54311,0.0625532,0.0625532,-3.32757e-69,0.058125,,
29.412,pf,map,-1.79739,1.13792,1.52295,0.0642344,0.0701376,-0.000865444,4.85167,457.568,0
29.448,odom,map,-1.71247,1.14934,1.49445,0,0,0,,,
29.484,odom,map,-1.71206,1.15458,1.49324,0,0,0,,,
29.52,odom,map,-1.71176,1.15852,1.49324,0,0,0,,,
29.556,odom,map,-1.71155,1.16117,1.49324,0,0,0,,,
29.592,odom,map,-1.71145,1.16253,1.49324,0,0,0,,,
29.628,odom,map,-1.71469,1.15998,1.497,0,0,0,,,
29.592,kf,map,-1.80757,1.16885,1.53073,0.0623768,0.0623768,-4.7102e-70,0.109708,,
29.592,ekf,map,-1.80733,1.1711,1.52883,0.0676721,0.0676256,9.37545e-06,0.064791,,
29.592,ekf_predict_only,map,-1.74891,1.17624,1.51325,18.2769,14.3421,4.16375,,,
29.592,pf,map,-1.78355,1.16511,1.51161,0.0555254,0.0627645,0.00143225,6.60313,471.831,0
29.664,odom,map,-1.7192,1.15614,1.50221,0,0,0,,,
29.7,odom,map,-1.72372,1.15226,1.50742,0,0,0,,,
29.736,odom,map,-1.72824,1.14833,1.51262,0,0,0,,,
29.772,odom,map,-1.73278,1.14435,1.51783,0,0,0,,,
29.808,odom,map,-1.7363,1.14122,1.52188,0,0,0,,,
29.808,ekf,map,-1.80705,1.1777,1.52501,0.068717,0.0686788,7.3523e-06,0.059875,,
29.808,kf,map,-1.80716,1.17627,1.52607,0.0625528,0.0625528,-6.60509e-71,0.102417,,
29.808,ekf_predict_only,map,-1.74891,1.17624,1.51325,18.3769,14.4421,4.16375,,,
29.808,pf,map,-1.7744,1.16875,1.50728,0.0639785,0.0660837,-0.00195532,8.31317,486.679,0
29.844,odom,map,-1.7363,1.14122,1.52188,0,0,0,,,
29.88,odom,map,-1.7363,1.14122,1.52188,0,0,0,,,
29.916,odom,map,-1.7363,1.14122,1.52188,0,0,0,,,
29.952,odom,map,-1.7363,1.14122,1.52188,0,0,0,,,
29.988,odom,map,-1.7363,1.14122,1.52188,0,0,0,,,
30.024,odom,map,-1.7363,1.14122,1.52188,0,0,0,,,
29.988,ekf,map,-1.80696,1.17974,1.52383,0.067673,0.0676498,4.37678e-06,0.061583,,
29.988,kf,map,-1.80701,1.17904,1.52432,0.0623767,0.0623767,-9.34959e-72,0.135833,,
29.988,ekf_predict_only,map,-1.74891,1.17624,1.51325,18.4769,14.5421,4.16375,,,
29.988,pf,map,-1.7955,1.18946,1.50784,0.0564769,0.0627969,0.000538922,6.20192,476.379,0
30.06,odom,map,-1.7363,1.14122,1.52188,0,0,0,,,
30.096,odom,map,-1.7363,1.14122,1.52188,0,0,0,,,
30.132,odom,map,-1.7363,1.14122,1.52188,0,0,0,,,
30.168,odom,map,-1.7363,1.14122,1.52188,0,0,0,,,
30.204,odom,map,-1.7363,1.14122,1.52188,0,0,0,,,
30.204,ekf_predict_only,map,-1.74891,1.17624,1.51325,18.5769,14.6421,4.16375,,,
30.204,ekf,map,-1.80693,1.18041,1.52345,0.0687211,0.0687032,3.34544e-06,0.053708,,
30.204,kf,map,-1.80695,1.18009,1.52366,0.0625527,0.0625527,-1.31109e-72,0.055125,,
30.204,pf,map,-1.79377,1.14777,1.49579,0.0607362,0.0611619,0.00337546,7.95379,478.821,0
30.24,odom,map,-1.7363,1.14122,1.52188,0,0,0,,,
30.276,odom,map,-1.73628,1.14163,1.52179,0,0,0,,,
30.312,odom,map,-1.73624,1.14255,1.52168,0,0,0,,,
30.348,odom,map,-1.73618,1.14379,1.5214,0,0,0,,,
30.384,odom,map,-1.73607,1.14591,1.52056,0,0,0,,,
30.42,odom,map,-1.73593,1.14868,1.51931,0,0,0,,,
30.384,ekf_predict_only,map,-1.74802,1.19179,1.50647,18.8543,14.7358,4.21369,,,
30.384,kf,map,-1.80651,1.18926,1.52004,0.0623767,0.0623767,-1.85586e-73,0.190792,,
30.384,ekf,map,-1.80654,1.18882,1.52024,0.0676768,0.0676656,1.9387e-06,0.141625,,
30.384,pf,map,-1.77735,1.14495,1.51127,0.0572635,0.0626577,0.00636651,8.05754,477.091,0
30.456,odom,map,-1.73577,1.15179,1.51796,0,0,0,,,
30.492,odom,map,-1.73558,1.15529,1.51615,0,0,0,,,
30.528,odom,map,-1.73537,1.1591,1.514,0,0,0,,,
30.564,odom,map,-1.73513,1.16323,1.51105,0,0,0,,,
30.6,odom,map,-1.73487,1.16738,1.50801,0,0,0,,,
30.6,ekf,map,-1.80554,1.20784,1.50456,0.0687269,0.0687159,1.34893e-06,0.137333,,
30.6,ekf_predict_only,map,-1.74666,1.2129,1.48017,19.1991,14.8262,4.28037,,,
30.6,kf,map,-1.80549,1.20819,1.50353,0.0625527,0.0625527,-2.60247e-74,0.17075,,
30.6,pf,map,-1.78566,1.19225,1.50476,0.0583794,0.0615453,0.000756368,4.80417,478.495,0
30.636,odom,map,-1.73462,1.17125,1.50436,0,0,0,,,
30.672,odom,map,-1.73439,1.17461,1.49944,0,0,0,,,
30.708,odom,map,-1.73416,1.17777,1.49345,0,0,0,,,
30.744,odom,map,-1.73391,1.18086,1.48697,0,0,0,,,
30.78,odom,map,-1.73364,1.18386,1.47984,0,0,0,,,
30.816,odom,map,-1.73336,1.18681,1.47171,0,0,0,,,
30.816,kf,map,-1.80414,1.22613,1.46546,0.0625774,0.0625774,-3.64463e-75,0.0595,,
30.801,amcl,map,-1.73549,1.19425,1.45482,0.0430255,0.0689357,0.0310386,,,
30.816,ekf_predict_only,map,-1.74506,1.23054,1.42933,19.5073,14.9149,4.33304,,,
30.816,ekf,map,-1.80418,1.22606,1.46708,0.0689709,0.0689606,7.40189e-07,0.061833,,
30.816,pf,map,-1.79654,1.22875,1.47235,0.0540046,0.0617697,-0.00131799,5.30946,479.379,0
30.852,odom,map,-1.73307,1.18965,1.46257,0,0,0,,,
30.888,odom,map,-1.73275,1.19246,1.45293,0,0,0,,,
30.924,odom,map,-1.73241,1.19524,1.44294,0,0,0,,,
30.96,odom,map,-1.73203,1.19807,1.43168,0,0,0,,,
30.996,odom,map,-1.73159,1.20106,1.41959,0,0,0,,,
30.996,ekf,map,-1.80241,1.24086,1.41582,0.0676812,0.0676728,2.26056e-07,0.148375,,
30.996,kf,map,-1.80237,1.24093,1.41436,0.0623802,0.0623802,-5.15806e-76,0.133792,,
31.032,odom,map,-1.7311,1.20413,1.40718,0,0,0,,,
30.996,ekf_predict_only,map,-1.74287,1.24589,1.36727,19.7913,14.9995,4.37388,,,
30.996,pf,map,-1.81245,1.22927,1.43231,0.0611271,0.063051,0.00319625,7.01954,461.842,0
31.068,odom,map,-1.73057,1.20723,1.39429,0,0,0,,,
31.104,odom,map,-1.72997,1.21048,1.38066,0,0,0,,,
31.14,odom,map,-1.72928,1.2139,1.36674,0,0,0,,,
31.176,odom,map,-1.72854,1.21736,1.35278,0,0,0,,,
31.212,odom,map,-1.72771,1.22098,1.3385,0,0,0,,,
31.212,ekf_predict_only,map,-1.73822,1.26843,1.28038,20.1663,15.067,4.42427,,,
31.212,ekf,map,-1.7986,1.26146,1.33645,0.0686672,0.0686568,-3.17716e-07,0.056416,,
31.212,kf,map,-1.79857,1.26167,1.33524,0.0625532,0.0625532,-7.23295e-77,0.057875,,
31.212,pf,map,-1.77978,1.22472,1.35301,0.0635694,0.061135,-0.000732791,5.49062,474.891,0
31.248,odom,map,-1.72676,1.22489,1.32378,0,0,0,,,
31.284,odom,map,-1.7257,1.22895,1.30877,0,0,0,,,
31.32,odom,map,-1.72449,1.23333,1.29338,0,0,0,,,
31.356,odom,map,-1.72317,1.23784,1.27778,0,0,0,,,
31.392,odom,map,-1.72176,1.24239,1.26207,0,0,0,,,
31.428,odom,map,-1.72021,1.24711,1.24628,0,0,0,,,
31.392,ekf,map,-1.79257,1.28335,1.26146,0.0676335,0.0676229,-1.04466e-06,0.05725,,
31.392,kf,map,-1.79254,1.28365,1.26069,0.0623768,0.0623768,-1.02383e-77,0.0705,,
31.392,ekf_predict_only,map,-1.73089,1.29295,1.20124,20.5718,15.1163,4.46347,,,
31.401,amcl,map,-1.7206,1.25961,1.23507,0.0381878,0.0620914,0.0309068,,,
31.392,pf,map,-1.77008,1.22376,1.26222,0.0614111,0.0637304,0.00338183,14.3466,465.221,0
31.464,odom,map,-1.7185,1.25205,1.23024,0,0,0,,,
31.5,odom,map,-1.71665,1.25714,1.21412,0,0,0,,,
31.536,odom,map,-1.71467,1.26234,1.19802,0,0,0,,,
31.572,odom,map,-1.71251,1.26773,1.18193,0,0,0,,,
31.608,odom,map,-1.71015,1.27371,1.16517,0,0,0,,,
31.608,ekf_predict_only,map,-1.71731,1.32799,1.10597,21.1203,15.1239,4.49581,,,
31.608,ekf,map,-1.78101,1.31485,1.167,0.068694,0.0686773,-3.20544e-06,0.07425,,
31.608,kf,map,-1.78099,1.31534,1.16664,0.0625528,0.0625528,-1.43571e-78,0.0675,,
31.608,pf,map,-1.79228,1.28695,1.1588,0.0660319,0.0671613,-0.00205137,12.1415,496.335,0
31.644,odom,map,-1.70763,1.28101,1.1457,0,0,0,,,
31.68,odom,map,-1.70495,1.28825,1.12624,0,0,0,,,
31.716,odom,map,-1.70208,1.29556,1.10679,0,0,0,,,
31.752,odom,map,-1.69892,1.30308,1.08747,0,0,0,,,
31.788,odom,map,-1.69549,1.31074,1.06849,0,0,0,,,
31.824,odom,map,-1.69196,1.31749,1.05189,0,0,0,,,
31.788,kf,map,-1.76675,1.34495,1.08936,0.0623767,0.0623767,-2.03227e-79,0.144459,,
31.788,ekf_predict_only,map,-1.7012,1.36012,1.02956,21.6438,15.1171,4.49621,,,
31.788,ekf,map,-1.76674,1.3445,1.0894,0.0676681,0.0676501,-5.15948e-06,0.057041,,
31.788,pf,map,-1.76369,1.32636,1.07125,0.0543514,0.0685503,-0.000859904,9.48188,452.621,0
31.86,odom,map,-1.68818,1.32399,1.03706,0,0,0,,,
31.896,odom,map,-1.68413,1.33073,1.02265,0,0,0,,,
31.932,odom,map,-1.67978,1.33774,1.00873,0,0,0,,,
31.968,odom,map,-1.67521,1.34489,0.995106,0,0,0,,,
32.004,odom,map,-1.67043,1.35214,0.980963,0,0,0,,,
32.004,ekf_predict_only,map,-1.67238,1.40807,0.939101,22.3979,15.0333,4.45248,,,
32.004,ekf,map,-1.74202,1.3874,1.00146,0.068735,0.0687071,-1.18967e-05,0.060542,,
32.004,kf,map,-1.7419,1.38815,1.00123,0.0625527,0.0625527,-2.84984e-80,0.103458,,
32.001,amcl,map,-1.66872,1.38272,0.977249,0.0356454,0.0561767,0.0297228,,,
32.004,pf,map,-1.74826,1.35559,0.987005,0.0607668,0.0635937,-0.00143594,6.24058,475.809,0
32.04,odom,map,-1.66525,1.35975,0.965941,0,0,0,,,
32.076,odom,map,-1.65989,1.36738,0.950865,0,0,0,,,
32.112,odom,map,-1.65432,1.37506,0.935654,0,0,0,,,
32.148,odom,map,-1.64833,1.38305,0.92026,0,0,0,,,
32.184,odom,map,-1.64207,1.39115,0.904905,0,0,0,,,
32.22,odom,map,-1.63541,1.39998,0.889296,0,0,0,,,
32.184,ekf_predict_only,map,-1.64181,1.44985,0.862438,23.0896,14.9489,4.36202,,,
32.184,ekf,map,-1.71474,1.42623,0.925987,0.0677015,0.0676731,-1.64067e-05,0.327667,,
32.184,kf,map,-1.71463,1.42688,0.925815,0.0623767,0.0623767,-4.03399e-81,0.0615,,
32.184,pf,map,-1.72036,1.41111,0.914629,0.0636877,0.06754,-0.0018048,7.07504,484.239,0
32.256,odom,map,-1.62843,1.40933,0.87345,0,0,0,,,
32.292,odom,map,-1.62122,1.41868,0.857703,0,0,0,,,
32.328,odom,map,-1.61375,1.42807,0.842059,0,0,0,,,
32.364,odom,map,-1.60615,1.43736,0.826416,0,0,0,,,
32.4,odom,map,-1.59839,1.44655,0.810974,0,0,0,,,
32.4,kf,map,-1.67495,1.4751,0.835777,0.0625527,0.0625527,-5.65684e-82,0.106209,,
32.4,ekf_predict_only,map,-1.59966,1.49905,0.773031,23.9125,14.8126,4.19029,,,
32.4,ekf,map,-1.67491,1.47455,0.835754,0.0687689,0.0687325,-2.90992e-05,0.0615,,
32.4,pf,map,-1.68355,1.44693,0.816988,0.0547284,0.0679965,0.00281908,5.53287,465.824,0
32.436,odom,map,-1.59084,1.45441,0.796122,0,0,0,,,
32.472,odom,map,-1.58314,1.46216,0.781294,0,0,0,,,
32.508,odom,map,-1.57531,1.46981,0.766458,0,0,0,,,
32.544,odom,map,-1.56733,1.47738,0.751758,0,0,0,,,
32.58,odom,map,-1.55922,1.48485,0.737175,0,0,0,,,
32.616,odom,map,-1.55101,1.4922,0.722643,0,0,0,,,
32.616,ekf,map,-1.62897,1.52093,0.747525,0.0690208,0.0689863,-3.83529e-05,0.052125,,
32.616,kf,map,-1.62914,1.52139,0.747644,0.0625774,0.0625774,-7.92212e-83,0.058292,,
32.616,ekf_predict_only,map,-1.55265,1.54491,0.687779,24.712,14.6737,3.94828,,,
32.601,amcl,map,-1.56717,1.52147,0.712808,0.040151,0.044752,0.0291336,,,
32.616,pf,map,-1.63551,1.49091,0.743299,0.0614001,0.0643607,0.00459666,7.25917,490.074,0
32.652,odom,map,-1.54273,1.49939,0.708344,0,0,0,,,
32.688,odom,map,-1.53445,1.50638,0.694403,0,0,0,,,
32.724,odom,map,-1.52621,1.51315,0.680593,0,0,0,,,
32.76,odom,map,-1.51799,1.51971,0.666879,0,0,0,,,
32.796,odom,map,-1.50974,1.52612,0.653219,0,0,0,,,
32.796,ekf_predict_only,map,-1.5129,1.57757,0.620392,25.3254,14.5923,3.71038,,,
32.796,ekf,map,-1.58892,1.55505,0.678449,0.0677237,0.0677011,-3.67472e-05,0.059375,,
32.796,kf,map,-1.58919,1.5553,0.678636,0.0623802,0.0623802,-1.12118e-83,0.05575,,
32.832,odom,map,-1.5014,1.53606,0.639359,0,0,0,,,
32.796,pf,map,-1.56947,1.53316,0.660857,0.0600254,0.0669169,0.000897723,6.58962,476.483,0
32.868,odom,map,-1.49305,1.54628,0.62559,0,0,0,,,
32.904,odom,map,-1.48464,1.55636,0.611866,0,0,0,,,
32.94,odom,map,-1.47628,1.56624,0.598393,0,0,0,,,
32.976,odom,map,-1.46804,1.57587,0.585061,0,0,0,,,
33.012,odom,map,-1.45991,1.58402,0.571877,0,0,0,,,
33.012,ekf_predict_only,map,-1.46595,1.61112,0.542866,25.9661,14.5023,3.39987,,,
33.012,ekf,map,-1.54091,1.59072,0.599201,0.0687133,0.0686979,-4.65406e-05,0.497167,,
33.012,kf,map,-1.5413,1.59088,0.599435,0.0625532,0.0625532,-1.57218e-84,0.063167,,
33.012,pf,map,-1.51829,1.56559,0.582923,0.0565784,0.0650541,-0.000994195,6.88325,484.441,0
33.048,odom,map,-1.45191,1.5891,0.559178,0,0,0,,,
33.084,odom,map,-1.44424,1.59384,0.546956,0,0,0,,,
33.12,odom,map,-1.43694,1.59822,0.534839,0,0,0,,,
33.156,odom,map,-1.42965,1.60248,0.522721,0,0,0,,,
33.192,odom,map,-1.42252,1.60653,0.510816,0,0,0,,,
33.192,ekf,map,-1.50479,1.61348,0.53853,0.0676655,0.0676605,-3.86622e-05,0.05875,,
33.228,odom,map,-1.4156,1.61036,0.499094,0,0,0,,,
33.192,ekf_predict_only,map,-1.43297,1.63102,0.484635,26.3932,14.4848,3.16421,,,
33.192,kf,map,-1.50528,1.61347,0.538813,0.0623768,0.0623768,-2.22544e-85,0.100167,,
33.201,amcl,map,-1.44133,1.61015,0.501974,0.0515296,0.0408189,0.0328965,,,
33.192,pf,map,-1.51226,1.58928,0.519033,0.0569861,0.063779,0.00158588,6.13271,493.221,0
33.264,odom,map,-1.40894,1.61394,0.487558,0,0,0,,,
33.3,odom,map,-1.40244,1.61734,0.476133,0,0,0,,,
33.336,odom,map,-1.39607,1.62057,0.464801,0,0,0,,,
33.372,odom,map,-1.39012,1.62352,0.453603,0,0,0,,,
33.408,odom,map,-1.38492,1.62651,0.442107,0,0,0,,,
33.408,ekf,map,-1.46759,1.63402,0.470446,0.0687171,0.06872,-4.01757e-05,0.111708,,
33.408,kf,map,-1.46826,1.63391,0.470799,0.0625528,0.0625528,-3.12072e-86,0.057083,,
33.408,ekf_predict_only,map,-1.40004,1.64835,0.419274,26.7822,14.4808,2.91721,,,
33.408,pf,map,-1.46245,1.56461,0.458705,0.0627435,0.0624346,-0.000867123,7.75892,466.667,0
33.444,odom,map,-1.38157,1.63023,0.428903,0,0,0,,,
33.48,odom,map,-1.37845,1.63373,0.415819,0,0,0,,,
33.516,odom,map,-1.37566,1.63698,0.403544,0,0,0,,,
33.552,odom,map,-1.37403,1.63967,0.393808,0,0,0,,,
33.588,odom,map,-1.37358,1.6418,0.386664,0,0,0,,,
33.588,ekf_predict_only,map,-1.40004,1.64835,0.419274,26.8822,14.5808,2.91721,,,
33.588,ekf,map,-1.45146,1.64139,0.440448,0.0676748,0.0676788,-2.70411e-05,0.062292,,
33.588,kf,map,-1.453,1.64082,0.442919,0.0623767,0.0623767,-4.41742e-87,0.056291,,
33.624,odom,map,-1.37299,1.64274,0.383688,0,0,0,,,
33.588,pf,map,-1.4322,1.6086,0.401583,0.0675361,0.0592111,-0.00019972,14.0687,485.748,0
33.66,odom,map,-1.37277,1.64283,0.383569,0,0,0,,,
33.696,odom,map,-1.37277,1.64283,0.383569,0,0,0,,,
33.732,odom,map,-1.37277,1.64283,0.383569,0,0,0,,,
33.768,odom,map,-1.37277,1.64283,0.383569,0,0,0,,,
33.804,odom,map,-1.37277,1.64283,0.383569,0,0,0,,,
33.804,ekf_predict_only,map,-1.40004,1.64835,0.419274,26.9822,14.6808,2.91721,,,
33.804,ekf,map,-1.44514,1.64434,0.429078,0.0687234,0.0687277,-2.21808e-05,0.061917,,
33.804,kf,map,-1.44628,1.64386,0.431021,0.0625527,0.0625527,-6.19453e-88,1.05521,,
33.804,pf,map,-1.43216,1.62996,0.414229,0.0623595,0.0611808,0.00334024,5.13921,476.376,0
33.84,odom,map,-1.37277,1.64283,0.383569,0,0,0,,,
33.876,odom,map,-1.37277,1.64283,0.383569,0,0,0,,,
33.912,odom,map,-1.37277,1.64283,0.383569,0,0,0,,,
33.948,odom,map,-1.37277,1.64283,0.383569,0,0,0,,,
33.984,odom,map,-1.37277,1.64283,0.383569,0,0,0,,,
34.02,odom,map,-1.37364,1.64244,0.384351,0,0,0,,,
33.984,ekf_predict_only,map,-1.40004,1.64835,0.419274,27.0822,14.7808,2.91721,,,
33.984,ekf,map,-1.44319,1.64525,0.425573,0.0676777,0.0676806,-1.34393e-05,0.06325,,
33.984,kf,map,-1.44377,1.645,0.426578,0.0623767,0.0623767,-8.76844e-89,0.052958,,
33.984,pf,map,-1.40901,1.62074,0.424964,0.0616353,0.0618347,0.00084463,8.17925,465.3,0
34.056,odom,map,-1.37522,1.64175,0.385759,0,0,0,,,
34.092,odom,map,-1.3768,1.64105,0.387168,0,0,0,,,
34.128,odom,map,-1.37789,1.64055,0.388217,0,0,0,,,
34.164,odom,map,-1.3787,1.64016,0.389217,0,0,0,,,
34.2,odom,map,-1.37915,1.63992,0.38992,0,0,0,,,
34.2,ekf_predict_only,map,-1.38512,1.655,0.409887,27.294,14.838,2.8013,,,
34.2,ekf,map,-1.43628,1.64839,0.420473,0.0687253,0.068728,-1.06076e-05,0.060917,,
34.2,kf,map,-1.43578,1.64862,0.420465,0.0625527,0.0625527,-1.2296e-89,0.05575,,
34.2,pf,map,-1.41003,1.60986,0.417634,0.0627436,0.0648891,0.00544357,7.26629,461.019,0
34.236,odom,map,-1.37736,1.64065,0.388717,0,0,0,,,
34.272,odom,map,-1.37448,1.64183,0.386027,0,0,0,,,
34.308,odom,map,-1.37139,1.64308,0.382553,0,0,0,,,
34.344,odom,map,-1.36797,1.64444,0.378093,0,0,0,,,
34.38,odom,map,-1.36394,1.64603,0.371495,0,0,0,,,
34.416,odom,map,-1.35946,1.64776,0.363906,0,0,0,,,
34.416,ekf,map,-1.41644,1.65718,0.388246,0.0689676,0.0689719,-8.60098e-06,0.058916,,
34.416,kf,map,-1.4154,1.65758,0.386574,0.0625774,0.0625774,-1.72199e-90,0.067292,,
34.416,ekf_predict_only,map,-1.35619,1.66757,0.35961,27.6069,14.8632,2.57258,,,
34.416,pf,map,-1.40962,1.6275,0.39325,0.0646229,0.0539577,0.000301133,9.17,486.557,0
34.452,odom,map,-1.35454,1.64961,0.355527,0,0,0,,,
34.488,odom,map,-1.3493,1.65153,0.346755,0,0,0,,,
34.524,odom,map,-1.34338,1.65363,0.337625,0,0,0,,,
34.56,odom,map,-1.33679,1.65591,0.328428,0,0,0,,,
34.596,odom,map,-1.32993,1.65821,0.319038,0,0,0,,,
34.632,odom,map,-1.32207,1.66077,0.309308,0,0,0,,,
34.596,ekf_predict_only,map,-1.31548,1.68288,0.31088,27.9688,14.8761,2.24056,,,
34.596,ekf,map,-1.38641,1.66896,0.347627,0.0676782,0.0676875,-8.33557e-06,0.142292,,
34.596,kf,map,-1.38519,1.66941,0.346365,0.0623802,0.0623802,-2.43704e-91,0.060625,,
34.596,pf,map,-1.36448,1.66542,0.337071,0.0608737,0.0663487,0.00180156,9.10983,469.119,0
34.668,odom,map,-1.31339,1.6635,0.299616,0,0,0,,,
34.704,odom,map,-1.30371,1.66644,0.290045,0,0,0,,,
34.74,odom,map,-1.29329,1.66949,0.280493,0,0,0,,,
34.776,odom,map,-1.28254,1.67253,0.270915,0,0,0,,,
34.812,odom,map,-1.27102,1.67567,0.261289,0,0,0,,,
34.812,ekf_predict_only,map,-1.2439,1.70588,0.253019,28.4681,14.8747,1.63546,,,
34.812,ekf,map,-1.32756,1.68872,0.292496,0.0686649,0.0686949,-1.66714e-05,0.150958,,
34.812,kf,map,-1.32603,1.68935,0.291789,0.0625532,0.0625532,-3.41736e-92,0.065959,,
34.812,pf,map,-1.33417,1.67435,0.295602,0.0565957,0.0597766,0.00521901,5.67967,480.063,0
34.8,amcl,map,-1.2787,1.6723,0.270245,0.0486546,0.0278813,0.023084,,,
34.848,odom,map,-1.25872,1.67889,0.251536,0,0,0,,,
34.884,odom,map,-1.24579,1.68215,0.241675,0,0,0,,,
34.92,odom,map,-1.23252,1.68535,0.232021,0,0,0,,,
34.956,odom,map,-1.21851,1.68859,0.2225,0,0,0,,,
34.992,odom,map,-1.20393,1.69181,0.212992,0,0,0,,,
34.992,ekf,map,-1.26208,1.70654,0.24554,0.0676318,0.0676834,-2.26316e-05,0.0615,,
34.992,kf,map,-1.26079,1.70712,0.2453,0.0623768,0.0623768,-4.8373e-93,0.058916,,
35.028,odom,map,-1.18904,1.69496,0.203588,0,0,0,,,
34.992,ekf_predict_only,map,-1.16852,1.72537,0.206266,28.9119,14.9399,0.97517,,,
34.992,pf,map,-1.27705,1.68627,0.244911,0.0561615,0.0595971,0.00505225,10.5784,483.093,0
35.064,odom,map,-1.17359,1.69808,0.19443,0,0,0,,,
35.1,odom,map,-1.15743,1.70118,0.185598,0,0,0,,,
35.136,odom,map,-1.14114,1.70417,0.177039,0,0,0,,,
35.172,odom,map,-1.12483,1.70702,0.16861,0,0,0,,,
35.208,odom,map,-1.10849,1.70973,0.160501,0,0,0,,,
35.208,ekf_predict_only,map,-1.06633,1.74675,0.161901,29.3948,15.1116,0.0528176,,,
35.208,ekf,map,-1.1682,1.72729,0.195519,0.0686899,0.0687991,-3.92774e-05,0.099625,,
35.208,kf,map,-1.16708,1.728,0.195951,0.0625528,0.0625528,-6.78333e-94,0.105125,,
35.208,pf,map,-1.17909,1.69419,0.184784,0.060767,0.0585434,0.00161122,5.99904,487.153,0
35.244,odom,map,-1.09213,1.71231,0.152994,0,0,0,,,
35.28,odom,map,-1.07576,1.71478,0.1456,0,0,0,,,
35.316,odom,map,-1.05937,1.71712,0.138755,0,0,0,,,
35.352,odom,map,-1.04296,1.71936,0.132393,0,0,0,,,
35.388,odom,map,-1.02654,1.72149,0.126229,0,0,0,,,
35.424,odom,map,-1.0101,1.72353,0.120109,0,0,0,,,
35.388,ekf,map,-1.08746,1.74117,0.160695,0.0676605,0.067791,-4.01823e-05,0.102458,,
35.388,pf,map,-1.07897,1.71948,0.152804,0.0573002,0.062703,-0.00175903,4.69317,490.843,0
35.388,ekf_predict_only,map,-0.979636,1.76091,0.131302,29.7516,15.3803,-0.747294,,,
35.388,kf,map,-1.08663,1.74176,0.1612,0.0623767,0.0623767,-9.60189e-95,0.055208,,
35.4,amcl,map,-1.0634,1.70399,0.147935,0.0599541,0.0251963,0.0210855,,,
35.46,odom,map,-0.993655,1.72547,0.114558,0,0,0,,,
35.496,odom,map,-0.977199,1.72732,0.109598,0,0,0,,,
35.532,odom,map,-0.960734,1.72909,0.105121,0,0,0,,,
35.568,odom,map,-0.944262,1.73079,0.10073,0,0,0,,,
35.604,odom,map,-0.927824,1.73242,0.0968063,0,0,0,,,
35.604,ekf_predict_only,map,-0.877483,1.7744,0.11058,30.0988,15.8074,-1.70479,,,
35.604,ekf,map,-0.989836,1.75493,0.132568,0.0687156,0.0689118,-5.10251e-05,0.420375,,
35.604,kf,map,-0.989185,1.75553,0.133433,0.0625527,0.0625527,-1.34647e-95,0.064291,,
35.604,pf,map,-1.0121,1.73507,0.106543,0.0574591,0.0647841,-0.00144478,4.82975,468.777,0
35.64,odom,map,-0.912097,1.73396,0.0942806,0,0,0,,,
35.676,odom,map,-0.896368,1.73546,0.0920992,0,0,0,,,
35.712,odom,map,-0.880639,1.73695,0.0901091,0,0,0,,,
35.748,odom,map,-0.86491,1.73843,0.0885681,0,0,0,,,
35.784,odom,map,-0.849182,1.7399,0.0874208,0,0,0,,,
35.82,odom,map,-0.833027,1.74134,0.0858892,0,0,0,,,
35.784,ekf_predict_only,map,-0.795128,1.78354,0.101091,30.3678,16.2728,-2.48583,,,
35.784,ekf,map,-0.908933,1.76444,0.117337,0.0676751,0.0678638,-4.26977e-05,0.108541,,
35.784,kf,map,-0.908607,1.76489,0.118118,0.0623767,0.0623767,-1.90595e-96,0.066292,,
35.784,pf,map,-0.911213,1.73033,0.0973329,0.0635701,0.0583937,-0.00271095,5.57946,482.827,0
35.856,odom,map,-0.816526,1.74275,0.0839914,0,0,0,,,
35.892,odom,map,-0.800099,1.74411,0.0822171,0,0,0,,,
35.928,odom,map,-0.783843,1.74544,0.0808131,0,0,0,,,
35.964,odom,map,-0.767709,1.74674,0.0796645,0,0,0,,,
36,odom,map,-0.751631,1.74801,0.0787114,0,0,0,,,
36,kf,map,-0.812666,1.77518,0.109382,0.0625527,0.0625527,-2.6727e-97,0.080667,,
36,ekf,map,-0.812626,1.77481,0.108483,0.0687251,0.0689627,-4.61483e-05,0.111,,
36,ekf_predict_only,map,-0.700292,1.79316,0.0989561,30.6467,16.9069,-3.39497,,,
36,amcl,map,-0.790442,1.7367,0.0943579,0.0631275,0.0232529,0.012219,,,
36,pf,map,-0.807134,1.72747,0.0758161,0.0601046,0.0587512,-0.00225813,11.5192,481.856,0
36.036,odom,map,-0.735747,1.74926,0.0782687,0,0,0,,,
36.072,odom,map,-0.719936,1.7505,0.077967,0,0,0,,,
36.108,odom,map,-0.704322,1.75172,0.0781066,0,0,0,,,
36.144,odom,map,-0.688861,1.75293,0.0786517,0,0,0,,,
36.18,odom,map,-0.673464,1.75415,0.0793936,0,0,0,,,
36.216,odom,map,-0.661058,1.75463,0.0818335,0,0,0,,,
36.216,ekf_predict_only,map,-0.610116,1.80212,0.106749,30.9144,17.6282,-4.2702,,,
36.216,kf,map,-0.72023,1.78468,0.110983,0.0625774,0.0625774,-3.74298e-98,0.063,,
36.216,ekf,map,-0.719964,1.78441,0.110071,0.0689681,0.0692118,-4.16623e-05,0.104959,,
36.216,pf,map,-0.696939,1.74924,0.0964971,0.0720922,0.0616963,-0.000682948,8.87675,473.691,0
36.252,odom,map,-0.653197,1.75401,0.0865942,0,0,0,,,
36.288,odom,map,-0.645673,1.75346,0.091711,0,0,0,,,
36.324,odom,map,-0.638267,1.753,0.0969256,0,0,0,,,
36.36,odom,map,-0.631037,1.75262,0.102211,0,0,0,,,
36.396,odom,map,-0.624027,1.75232,0.107625,0,0,0,,,
36.432,odom,map,-0.610805,1.75366,0.110223,0,0,0,,,
36.396,ekf_predict_only,map,-0.54002,1.80963,0.117922,31.1559,18.2879,-4.96051,,,
36.396,ekf,map,-0.647579,1.79239,0.118176,0.0676779,0.0678751,-3.05469e-05,0.10075,,
36.396,kf,map,-0.647866,1.79253,0.118758,0.0623802,0.0623802,-5.29726e-99,1.27629,,
36.396,pf,map,-0.633328,1.76767,0.108622,0.0641316,0.0642727,0.00418782,6.75333,491.841,0
36.468,odom,map,-0.597003,1.7552,0.112561,0,0,0,,,
36.504,odom,map,-0.583457,1.75675,0.115145,0,0,0,,,
36.54,odom,map,-0.57013,1.75831,0.117892,0,0,0,,,
36.576,odom,map,-0.556893,1.7599,0.12067,0,0,0,,,
36.612,ekf,map,-0.566311,1.80236,0.133338,0.0686616,0.0688811,-3.12432e-05,0.097875,,
36.612,kf,map,-0.566598,1.80241,0.133758,0.0625532,0.0625532,-7.42813e-100,0.057917,,
36.612,odom,map,-0.543677,1.76152,0.123559,0,0,0,,,
36.612,ekf_predict_only,map,-0.46071,1.81902,0.13539,31.434,19.103,-5.75461,,,
36.612,pf,map,-0.548861,1.77979,0.128331,0.0612363,0.0608954,0.00134599,7.12154,465.663,0
36.648,odom,map,-0.530509,1.76317,0.125865,0,0,0,,,
36.684,odom,map,-0.517358,1.76485,0.127046,0,0,0,,,
36.72,odom,map,-0.504203,1.76653,0.12782,0,0,0,,,
36.756,odom,map,-0.49114,1.76821,0.128431,0,0,0,,,
36.792,odom,map,-0.478192,1.76989,0.128753,0,0,0,,,
36.792,ekf_predict_only,map,-0.396985,1.8277,0.135271,31.6997,19.8408,-6.40607,,,
36.792,ekf,map,-0.500844,1.81141,0.136097,0.0676262,0.0678035,-2.43213e-05,0.358,,
36.828,odom,map,-0.465377,1.77159,0.128501,0,0,0,,,
36.792,kf,map,-0.501083,1.81137,0.136031,0.0623768,0.0623768,-1.05146e-100,0.059334,,
36.801,amcl,map,-0.492624,1.77291,0.141782,0.0700607,0.026502,0.00445288,,,
36.792,pf,map,-0.505757,1.77637,0.127267,0.0576981,0.0586952,0.000162712,9.00508,482.552,0
36.864,odom,map,-0.452735,1.77328,0.127961,0,0,0,,,
36.9,odom,map,-0.440196,1.77493,0.127357,0,0,0,,,
36.936,odom,map,-0.427851,1.77655,0.126489,0,0,0,,,
36.972,odom,map,-0.415627,1.77814,0.125543,0,0,0,,,
37.008,odom,map,-0.403629,1.77967,0.124575,0,0,0,,,
37.008,kf,map,-0.427182,1.82159,0.134205,0.0625528,0.0625528,-1.47445e-101,0.060542,,
37.008,ekf_predict_only,map,-0.325743,1.8374,0.131034,31.9859,20.7212,-7.14349,,,
37.008,ekf,map,-0.42685,1.82168,0.134462,0.0686802,0.0688728,-2.60739e-05,0.056042,,
37.008,pf,map,-0.404982,1.79528,0.135737,0.063479,0.0617852,-0.00253861,14.0521,480.587,0
37.044,odom,map,-0.391739,1.78116,0.123869,0,0,0,,,
37.08,odom,map,-0.379929,1.78262,0.123061,0,0,0,,,
37.116,odom,map,-0.368495,1.78403,0.121976,0,0,0,,,
37.152,odom,map,-0.357347,1.78539,0.12084,0,0,0,,,
37.188,odom,map,-0.346358,1.78672,0.119691,0,0,0,,,
37.188,ekf_predict_only,map,-0.272597,1.8444,0.124202,32.2213,21.4499,-7.69854,,,
37.188,kf,map,-0.370526,1.82925,0.129488,0.0623767,0.0623767,-2.08711e-102,0.119,,
37.224,odom,map,-0.335623,1.788,0.118362,0,0,0,,,
37.188,ekf,map,-0.370124,1.82934,0.12975,0.0676513,0.0678017,-2.03465e-05,0.062167,,
37.188,pf,map,-0.370862,1.78566,0.120135,0.0627053,0.061592,8.90265e-05,12.0337,487.168,0
37.26,odom,map,-0.325109,1.78925,0.117012,0,0,0,,,
37.296,odom,map,-0.314807,1.79045,0.115581,0,0,0,,,
37.332,odom,map,-0.304536,1.79164,0.114117,0,0,0,,,
37.368,odom,map,-0.294422,1.79279,0.112578,0,0,0,,,
37.404,odom,map,-0.284893,1.79386,0.111601,0,0,0,,,
37.404,kf,map,-0.328763,1.83459,0.125226,0.0625527,0.0625527,-2.92674e-103,0.103666,,
37.404,ekf_predict_only,map,-0.26716,1.84508,0.124202,32.3345,21.6164,-7.75539,,,
37.404,ekf,map,-0.325063,1.83506,0.124888,0.0687048,0.0688426,-1.86576e-05,0.053292,,
37.404,pf,map,-0.296853,1.794,0.134582,0.063483,0.0651326,-0.000950539,10.8924,482.64,0
37.44,odom,map,-0.276598,1.79479,0.111601,0,0,0,,,
37.476,odom,map,-0.269591,1.79557,0.111601,0,0,0,,,
37.512,odom,map,-0.263871,1.79621,0.111601,0,0,0,,,
37.548,odom,map,-0.25944,1.79671,0.111601,0,0,0,,,
37.584,odom,map,-0.256296,1.79706,0.111601,0,0,0,,,
37.62,odom,map,-0.256223,1.79786,0.11313,0,0,0,,,
37.584,ekf_predict_only,map,-0.26716,1.84508,0.124202,32.4345,21.7164,-7.75539,,,
37.584,ekf,map,-0.293525,1.839,0.12339,0.0676666,0.0677542,-1.18543e-05,0.1015,,
37.584,kf,map,-0.297382,1.83851,0.123634,0.0623767,0.0623767,-4.14284e-104,0.287792,,
37.584,pf,map,-0.269439,1.80064,0.116943,0.0592423,0.0578781,-0.000980897,6.47125,475.051,0
37.656,odom,map,-0.258873,1.79897,0.115882,0,0,0,,,
37.692,odom,map,-0.262105,1.79999,0.118634,0,0,0,,,
37.728,odom,map,-0.26535,1.801,0.121387,0,0,0,,,
37.764,odom,map,-0.268608,1.80199,0.124139,0,0,0,,,
37.8,odom,map,-0.27188,1.80296,0.126891,0,0,0,,,
37.8,ekf_predict_only,map,-0.26716,1.84508,0.124202,32.5345,21.8164,-7.75539,,,
37.8,ekf,map,-0.281505,1.8405,0.122898,0.0687167,0.0687861,-9.39312e-06,0.124083,,
37.8,kf,map,-0.284027,1.84018,0.123033,0.0625527,0.0625527,-5.8095e-105,0.061208,,
37.8,pf,map,-0.25777,1.81647,0.112037,0.0593764,0.0569997,-0.00318372,9.62083,479.22,0
37.836,odom,map,-0.271971,1.80299,0.126968,0,0,0,,,
37.872,odom,map,-0.271971,1.80299,0.126968,0,0,0,,,
37.908,odom,map,-0.271971,1.80299,0.126968,0,0,0,,,
37.944,odom,map,-0.271971,1.80299,0.126968,0,0,0,,,
37.98,odom,map,-0.271649,1.80303,0.12721,0,0,0,,,
38.016,odom,map,-0.270096,1.80323,0.127393,0,0,0,,,
38.016,ekf_predict_only,map,-0.253283,1.84682,0.124855,32.6681,22.0883,-7.90073,,,
38.016,kf,map,-0.272656,1.8416,0.123319,0.0625774,0.0625774,-8.1359e-106,0.065583,,
38.016,ekf,map,-0.272129,1.84166,0.123239,0.0689611,0.0690092,-6.50423e-06,0.055584,,
38.016,pf,map,-0.257212,1.82051,0.111468,0.0649916,0.0684404,-0.00277145,14.5031,469.542,0
38.052,odom,map,-0.267539,1.80356,0.127053,0,0,0,,,
38.088,odom,map,-0.263781,1.80404,0.125678,0,0,0,,,
38.124,odom,map,-0.25914,1.80462,0.123991,0,0,0,,,
38.16,odom,map,-0.254022,1.80525,0.122198,0,0,0,,,
38.196,odom,map,-0.248081,1.80597,0.119879,0,0,0,,,
38.232,odom,map,-0.241252,1.80679,0.117123,0,0,0,,,
38.196,ekf_predict_only,map,-0.217255,1.85134,0.110763,32.856,22.6476,-8.27985,,,
38.196,kf,map,-0.246296,1.84481,0.113193,0.0623802,0.0623802,-1.15143e-106,0.119083,,
38.196,ekf,map,-0.246949,1.84475,0.113503,0.0676732,0.067705,-4.26564e-06,0.110167,,
38.196,pf,map,-0.246077,1.82067,0.114127,0.0616963,0.0644348,0.00158974,6.50017,464.567,0
38.268,odom,map,-0.233717,1.80766,0.113932,0,0,0,,,
38.304,odom,map,-0.225568,1.80858,0.110477,0,0,0,,,
38.34,odom,map,-0.216989,1.80952,0.106624,0,0,0,,,
38.376,odom,map,-0.207781,1.81048,0.102274,0,0,0,,,
38.412,odom,map,-0.198004,1.81146,0.097545,0,0,0,,,
38.412,kf,map,-0.196217,1.85019,0.0899265,0.0625532,0.0625532,-1.61461e-107,0.073667,,
38.412,ekf,map,-0.197375,1.85008,0.0905636,0.0686573,0.0686995,-5.38128e-06,0.055625,,
38.412,ekf_predict_only,map,-0.157448,1.85799,0.0819437,33.0859,23.5521,-8.90856,,,
38.4,amcl,map,-0.220109,1.80162,0.111266,0.0815414,0.0247528,0.000187683,,,
38.412,pf,map,-0.184366,1.82466,0.092298,0.0636618,0.0605539,-0.000913834,10.764,493.957,0
38.448,odom,map,-0.18802,1.81241,0.0927417,0,0,0,,,
38.484,odom,map,-0.177614,1.81336,0.087735,0,0,0,,,
38.52,odom,map,-0.166618,1.81429,0.0824122,0,0,0,,,
38.556,odom,map,-0.155235,1.8152,0.0769548,0,0,0,,,
38.592,odom,map,-0.143504,1.81607,0.0714499,0,0,0,,,
38.592,ekf,map,-0.144455,1.85431,0.0658016,0.0676233,0.0676731,-5.76973e-06,0.060666,,
38.628,odom,map,-0.131621,1.81689,0.0659338,0,0,0,,,
38.592,ekf_predict_only,map,-0.0980908,1.86286,0.0543632,33.2815,24.5029,-9.5256,,,
38.592,kf,map,-0.143519,1.8544,0.0653463,0.0623768,0.0623768,-2.28549e-108,0.104833,,
38.592,pf,map,-0.131985,1.82064,0.0689147,0.0658907,0.0604955,0.00601587,7.79629,475.436,0
38.664,odom,map,-0.119537,1.81765,0.0602753,0,0,0,,,
38.7,odom,map,-0.107056,1.81837,0.0544757,0,0,0,,,
38.736,odom,map,-0.0942265,1.81903,0.048684,0,0,0,,,
38.772,odom,map,-0.0812647,1.81963,0.0429085,0,0,0,,,
38.808,ekf_predict_only,map,-0.0184587,1.8672,0.0191847,33.4668,25.8268,-10.3426,,,
38.808,ekf,map,-0.0698239,1.85814,0.0320926,0.0686773,0.0687636,-8.45994e-06,0.357333,,
38.808,kf,map,-0.0690303,1.85827,0.0317976,0.0625528,0.0625528,-3.20494e-109,0.099709,,
38.808,odom,map,-0.0680883,1.82015,0.0370673,0,0,0,,,
38.808,pf,map,-0.0842704,1.84377,0.0306999,0.0639127,0.0602042,-0.00142658,6.43621,465.641,0
38.844,odom,map,-0.054569,1.82062,0.0311963,0,0,0,,,
38.88,odom,map,-0.0407245,1.82101,0.0254195,0,0,0,,,
38.916,odom,map,-0.0266605,1.82133,0.0197878,0,0,0,,,
38.952,odom,map,-0.0125674,1.82156,0.0141797,0,0,0,,,
38.988,odom,map,0.00165867,1.82173,0.00864173,0,0,0,,,
38.988,ekf_predict_only,map,0.0534313,1.86858,-0.00822776,33.594,27.1133,-11.0629,,,
38.988,kf,map,-0.000383044,1.85942,0.00436179,0.0623767,0.0623767,-4.53663e-110,0.061375,,
39.024,odom,map,0.0160249,1.82181,0.003157,0,0,0,,,
38.988,ekf,map,-0.000911858,1.85929,0.00444868,0.0676491,0.0677462,-7.65213e-06,0.446375,,
38.988,pf,map,-0.00959837,1.82148,-0.014565,0.0672495,0.0553324,-0.00148474,6.02258,455.148,0
39.06,odom,map,0.0304056,1.82182,-0.00232549,0,0,0,,,
39.096,odom,map,0.0448341,1.82175,-0.0076277,0,0,0,,,
39.132,odom,map,0.0594551,1.8216,-0.0127817,0,0,0,,,
39.168,odom,map,0.0744125,1.82137,-0.0180298,0,0,0,,,
39.204,odom,map,0.0892852,1.82099,-0.0232202,0,0,0,,,
39.204,ekf_predict_only,map,0.143825,1.86783,-0.0401063,33.6793,28.8159,-11.9481,,,
39.204,ekf,map,0.0867391,1.85831,-0.0275821,0.0687028,0.0688494,-8.03986e-06,0.057166,,
39.204,kf,map,0.0871827,1.85849,-0.0275919,0.0625527,0.0625527,-6.3617e-111,0.068209,,
39.201,amcl,map,0.0579889,1.82105,0.0043873,0.098784,0.03043,-0.0116572,,,
39.204,pf,map,0.0746609,1.81538,-0.0509052,0.0640494,0.0630524,-0.00172467,6.883,466.988,0
39.24,odom,map,0.100878,1.81958,-0.0263569,0,0,0,,,
39.276,odom,map,0.112615,1.81813,-0.0295877,0,0,0,,,
39.312,odom,map,0.124376,1.81665,-0.0327545,0,0,0,,,
39.348,odom,map,0.136182,1.81515,-0.0358533,0,0,0,,,
39.384,odom,map,0.148012,1.81362,-0.0389745,0,0,0,,,
39.42,odom,map,0.161786,1.81257,-0.0431228,0,0,0,,,
39.384,ekf_predict_only,map,0.22044,1.86476,-0.0655421,33.7188,30.3714,-12.6735,,,
39.384,ekf,map,0.16206,1.85508,-0.0539823,0.0676654,0.0678113,-4.83683e-06,0.097833,,
39.384,kf,map,0.162331,1.85525,-0.0539036,0.0623767,0.0623767,-9.00506e-112,0.065917,,
39.384,pf,map,0.167191,1.80461,-0.0749295,0.0624471,0.0629173,-0.00136408,5.74317,492.67,0
39.456,odom,map,0.177143,1.81187,-0.0481737,0,0,0,,,
39.492,odom,map,0.192524,1.81109,-0.0531987,0,0,0,,,
39.528,odom,map,0.207892,1.81023,-0.0580698,0,0,0,,,
39.564,odom,map,0.223292,1.8093,-0.0627411,0,0,0,,,
39.6,odom,map,0.238651,1.8083,-0.0674799,0,0,0,,,
39.6,ekf_predict_only,map,0.312516,1.85872,-0.0941246,33.7001,32.3394,-13.516,,,
39.6,kf,map,0.253874,1.84895,-0.0833822,0.0625527,0.0625527,-1.26278e-112,0.057708,,
39.6,ekf,map,0.25373,1.84875,-0.0835053,0.0687158,0.06891,-1.52927e-06,0.055042,,
39.6,pf,map,0.261894,1.80856,-0.114259,0.0618104,0.0621586,0.0023215,8.45592,465.617,0
39.636,odom,map,0.253993,1.80723,-0.0722436,0,0,0,,,
39.672,odom,map,0.269357,1.80608,-0.0767714,0,0,0,,,
39.708,odom,map,0.284727,1.80486,-0.0811854,0,0,0,,,
39.744,odom,map,0.299969,1.80359,-0.085349,0,0,0,,,
39.78,odom,map,0.315177,1.80226,-0.0894585,0,0,0,,,
39.816,ekf_predict_only,map,0.403121,1.85016,-0.117985,33.6332,34.4049,-14.3074,,,
39.816,ekf,map,0.344855,1.83979,-0.109143,0.0689608,0.0691711,3.28646e-06,0.102625,,
39.816,kf,map,0.344871,1.84003,-0.108924,0.0625774,0.0625774,-1.76845e-113,0.102208,,
39.816,odom,map,0.330323,1.80087,-0.0934905,0,0,0,,,
39.801,amcl,map,0.304712,1.81927,-0.0731784,0.0994218,0.0365895,-0.0208595,,,
39.816,pf,map,0.338583,1.82519,-0.136537,0.0716614,0.0605375,-0.000855267,9.29904,467.179,0
39.852,odom,map,0.345379,1.79943,-0.097378,0,0,0,,,
39.888,odom,map,0.360408,1.79793,-0.101049,0,0,0,,,
39.924,odom,map,0.375429,1.79638,-0.104654,0,0,0,,,
39.96,odom,map,0.390634,1.79476,-0.108278,0,0,0,,,
39.996,odom,map,0.406038,1.79305,-0.111891,0,0,0,,,
40.032,odom,map,0.419976,1.7931,-0.113058,0,0,0,,,
39.996,kf,map,0.421636,1.83065,-0.12775,0.0623802,0.0623802,-2.50281e-114,0.062833,,
39.996,ekf,map,0.421487,1.83048,-0.127909,0.0676734,0.067856,7.10872e-06,0.058041,,
39.996,ekf_predict_only,map,0.481472,1.84087,-0.135851,33.5532,36.307,-14.9599,,,
39.996,pf,map,0.421249,1.8208,-0.156709,0.062235,0.0610862,-0.00120707,6.89833,498.572,0
40.068,odom,map,0.43388,1.79337,-0.114076,0,0,0,,,
40.104,odom,map,0.447809,1.79364,-0.115126,0,0,0,,,
40.14,odom,map,0.461865,1.7939,-0.11619,0,0,0,,,
40.176,odom,map,0.476061,1.79416,-0.117433,0,0,0,,,
40.212,ekf_predict_only,map,0.578523,1.82761,-0.160385,33.3984,38.7721,-15.7301,,,
40.212,kf,map,0.517086,1.81728,-0.151619,0.0625532,0.0625532,-3.50958e-115,0.13675,,
40.212,odom,map,0.490899,1.79374,-0.119638,0,0,0,,,
40.212,ekf,map,0.516874,1.81715,-0.151612,0.0686583,0.0688847,1.49623e-05,0.066375,,
40.212,pf,map,0.518912,1.7842,-0.156314,0.064725,0.0641168,0.000185606,4.62183,476.004,0
40.248,odom,map,0.507168,1.79175,-0.123835,0,0,0,,,
40.284,odom,map,0.523516,1.78968,-0.128384,0,0,0,,,
40.32,odom,map,0.539924,1.78752,-0.133286,0,0,0,,,
40.356,odom,map,0.556307,1.78528,-0.138114,0,0,0,,,
40.392,odom,map,0.572675,1.78297,-0.142915,0,0,0,,,
40.428,odom,map,0.589025,1.78057,-0.147766,0,0,0,,,
40.392,ekf_predict_only,map,0.66007,1.81442,-0.184811,33.2478,40.9735,-16.3347,,,
40.392,ekf,map,0.597809,1.80383,-0.175003,0.0676248,0.0678268,1.79105e-05,0.0645,,
40.392,kf,map,0.597943,1.80393,-0.175079,0.0623768,0.0623768,-4.96784e-116,0.194875,,
40.401,amcl,map,0.55565,1.78303,-0.160378,0.0961606,0.042049,-0.0264252,,,
40.392,pf,map,0.597945,1.76242,-0.174844,0.0592625,0.0662628,0.00555074,11.841,458.528,0
40.464,odom,map,0.60533,1.7781,-0.15273,0,0,0,,,
40.5,odom,map,0.621616,1.77556,-0.157711,0,0,0,,,
40.536,odom,map,0.637703,1.77296,-0.162535,0,0,0,,,
40.572,odom,map,0.653617,1.77031,-0.16739,0,0,0,,,
40.608,odom,map,0.668959,1.76799,-0.172103,0,0,0,,,
40.608,kf,map,0.692779,1.7859,-0.203854,0.0625528,0.0625528,-6.96638e-117,0.05825,,
40.608,ekf_predict_only,map,0.753482,1.79695,-0.213637,33.0203,43.6098,-16.9736,,,
40.608,ekf,map,0.69286,1.78572,-0.203835,0.0686803,0.0689241,2.76721e-05,0.052208,,
40.608,pf,map,0.706538,1.75734,-0.216585,0.0575309,0.0601507,-0.00324007,5.56667,474.905,0
40.644,odom,map,0.683113,1.76691,-0.176282,0,0,0,,,
40.68,odom,map,0.697218,1.76577,-0.180492,0,0,0,,,
40.716,odom,map,0.711034,1.76463,-0.184547,0,0,0,,,
40.752,odom,map,0.724633,1.76348,-0.18859,0,0,0,,,
40.788,odom,map,0.738167,1.76228,-0.192644,0,0,0,,,
40.824,odom,map,0.7524,1.75999,-0.197158,0,0,0,,,
40.788,kf,map,0.768108,1.76929,-0.227553,0.0623767,0.0623767,-9.861e-118,0.062834,,
40.788,ekf,map,0.768321,1.76911,-0.227545,0.0676527,0.0678584,2.76602e-05,0.113375,,
40.788,ekf_predict_only,map,0.825675,1.78129,-0.237535,32.8307,45.7649,-17.4181,,,
40.788,pf,map,0.792286,1.70483,-0.235129,0.0660272,0.0587099,-0.00330876,12.3545,484.326,0
40.86,odom,map,0.766924,1.75705,-0.201933,0,0,0,,,
40.896,odom,map,0.781241,1.75408,-0.206856,0,0,0,,,
40.932,odom,map,0.795447,1.75106,-0.21185,0,0,0,,,
40.968,odom,map,0.809413,1.74802,-0.216904,0,0,0,,,
41.004,odom,map,0.823281,1.74493,-0.221911,0,0,0,,,
41.004,ekf_predict_only,map,0.908345,1.76128,-0.267349,32.5663,48.3206,-17.8734,,,
41.004,ekf,map,0.853393,1.74821,-0.257108,0.0687087,0.0689396,3.6765e-05,0.0675,,
41.004,kf,map,0.853115,1.74843,-0.257126,0.0625527,0.0625527,-1.3828e-118,0.110083,,
41.001,amcl,map,0.816143,1.71808,-0.24833,0.0865823,0.0473753,-0.03218,,,
41.004,pf,map,0.846523,1.69306,-0.277882,0.058423,0.062724,-0.00376123,9.58621,478.787,0
41.04,odom,map,0.837108,1.74178,-0.226869,0,0,0,,,
41.076,odom,map,0.850927,1.73855,-0.231814,0,0,0,,,
41.112,odom,map,0.864657,1.73527,-0.236255,0,0,0,,,
41.148,odom,map,0.87834,1.73196,-0.238914,0,0,0,,,
41.184,odom,map,0.891953,1.72863,-0.240682,0,0,0,,,
41.22,odom,map,0.904161,1.72384,-0.244188,0,0,0,,,
41.184,ekf,map,0.921976,1.72919,-0.27222,0.0676717,0.0678582,3.39769e-05,0.067333,,
41.184,kf,map,0.921821,1.72945,-0.271644,0.0623767,0.0623767,-1.95738e-119,0.056208,,
41.184,pf,map,0.908778,1.6771,-0.298104,0.0607553,0.0583847,0.00548733,5.46617,492.91,0
41.184,ekf_predict_only,map,0.974326,1.7432,-0.270213,32.3428,50.4594,-18.1847,,,
41.256,odom,map,0.91499,1.71785,-0.2486,0,0,0,,,
41.292,odom,map,0.925591,1.71176,-0.252387,0,0,0,,,
41.328,odom,map,0.935987,1.70559,-0.255512,0,0,0,,,
41.364,odom,map,0.94625,1.69934,-0.258301,0,0,0,,,
41.4,odom,map,0.956288,1.69301,-0.260853,0,0,0,,,
41.4,ekf_predict_only,map,1.04921,1.72246,-0.260283,32.0781,52.9588,-18.5108,,,
41.4,ekf,map,0.999424,1.7069,-0.271906,0.0687247,0.0689267,4.22198e-05,0.065541,,
41.4,kf,map,0.999168,1.70726,-0.270827,0.0625527,0.0625527,-2.74482e-120,0.499209,,
41.4,pf,map,1.01602,1.65493,-0.293388,0.0581242,0.0613175,-0.000940184,4.68025,484.647,0
41.436,odom,map,0.968795,1.68958,-0.259551,0,0,0,,,
41.472,odom,map,0.981184,1.6863,-0.257638,0,0,0,,,
41.508,odom,map,0.9935,1.68307,-0.255572,0,0,0,,,
41.544,odom,map,1.00562,1.67992,-0.253167,0,0,0,,,
41.58,odom,map,1.01755,1.67685,-0.250389,0,0,0,,,
41.616,odom,map,1.02925,1.67387,-0.247081,0,0,0,,,
41.616,kf,map,1.07156,1.68693,-0.257805,0.0625774,0.0625774,-3.84399e-121,0.064125,,
41.616,ekf_predict_only,map,1.11874,1.70395,-0.239557,31.8584,55.3683,-18.8035,,,
41.616,ekf,map,1.07192,1.68659,-0.258924,0.0689704,0.0691565,4.29057e-05,1.31383,,
41.616,pf,map,1.0789,1.62109,-0.282939,0.0639496,0.0589455,-0.00248336,7.38771,472.567,0
41.652,odom,map,1.04078,1.67099,-0.243501,0,0,0,,,
41.688,odom,map,1.05222,1.66817,-0.239832,0,0,0,,,
41.724,odom,map,1.06348,1.66544,-0.235732,0,0,0,,,
41.76,odom,map,1.07443,1.66283,-0.231277,0,0,0,,,
41.796,odom,map,1.08509,1.66035,-0.226517,0,0,0,,,
41.832,odom,map,1.09662,1.65547,-0.222681,0,0,0,,,
41.796,ekf,map,1.12688,1.67227,-0.239243,0.067681,0.067819,3.38201e-05,0.057958,,
41.796,kf,map,1.12641,1.67254,-0.238398,0.0623802,0.0623802,-5.4402e-122,0.054667,,
41.796,ekf_predict_only,map,1.16949,1.69155,-0.214429,31.7475,57.2042,-19.0232,,,
41.802,amcl,map,1.10095,1.63896,-0.238448,0.0945629,0.0670671,-0.0376882,,,
41.796,pf,map,1.15028,1.63003,-0.233402,0.0582001,0.0623841,-0.00339447,5.16075,457.671,0
41.868,odom,map,1.10815,1.65033,-0.218927,0,0,0,,,
41.904,odom,map,1.11953,1.64525,-0.214839,0,0,0,,,
41.94,odom,map,1.13074,1.64023,-0.210524,0,0,0,,,
41.976,odom,map,1.14164,1.6353,-0.205907,0,0,0,,,
42.012,odom,map,1.15196,1.63134,-0.200585,0,0,0,,,
42.012,ekf_predict_only,map,1.22544,1.67937,-0.17662,31.6427,59.2668,-19.2797,,,
42.012,kf,map,1.18599,1.65853,-0.205737,0.0625532,0.0625532,-7.62858e-123,0.070375,,
42.012,ekf,map,1.1865,1.65833,-0.206501,0.0686656,0.0688058,3.56909e-05,0.058083,,
42.012,pf,map,1.21603,1.59536,-0.215367,0.0582635,0.0723803,-0.00157057,6.53879,465.934,0
42.048,odom,map,1.1611,1.62951,-0.19415,0,0,0,,,
42.084,odom,map,1.16994,1.6278,-0.187619,0,0,0,,,
42.12,odom,map,1.17852,1.62621,-0.180807,0,0,0,,,
42.156,odom,map,1.18682,1.62472,-0.173805,0,0,0,,,
42.192,odom,map,1.19479,1.62335,-0.166527,0,0,0,,,
42.228,odom,map,1.20271,1.62205,-0.159146,0,0,0,,,
42.192,ekf,map,1.22937,1.64993,-0.173086,0.0676293,0.0677335,2.66297e-05,0.056542,,
42.192,kf,map,1.2289,1.65005,-0.172531,0.0623768,0.0623768,-1.07983e-123,0.13575,,
42.192,ekf_predict_only,map,1.26492,1.67232,-0.139713,31.6253,60.7833,-19.482,,,
42.192,pf,map,1.25741,1.57732,-0.177252,0.0563536,0.0583594,-0.00107689,5.163,465.561,0
42.264,odom,map,1.21034,1.62085,-0.15156,0,0,0,,,
42.3,odom,map,1.21752,1.61978,-0.143734,0,0,0,,,
42.336,odom,map,1.22386,1.61889,-0.13701,0,0,0,,,
42.372,odom,map,1.22892,1.6182,-0.132878,0,0,0,,,
42.408,odom,map,1.23269,1.6177,-0.131338,0,0,0,,,
42.408,ekf_predict_only,map,1.26492,1.67232,-0.139713,31.7253,60.8833,-19.482,,,
42.408,ekf,map,1.25657,1.64586,-0.150069,0.0686823,0.0687746,2.3527e-05,0.0625,,
42.408,kf,map,1.25396,1.64622,-0.151914,0.0625528,0.0625528,-1.51424e-124,0.05475,,
42.408,pf,map,1.30113,1.57091,-0.13646,0.0609804,0.0569989,-0.0026691,4.83167,504.405,0
42.444,odom,map,1.23518,1.61737,-0.131326,0,0,0,,,
42.48,odom,map,1.23639,1.61721,-0.131326,0,0,0,,,
42.516,odom,map,1.23651,1.6172,-0.131326,0,0,0,,,
42.552,odom,map,1.23651,1.6172,-0.131326,0,0,0,,,
42.588,odom,map,1.23651,1.6172,-0.131326,0,0,0,,,
42.624,odom,map,1.23727,1.61652,-0.131974,0,0,0,,,
42.588,ekf,map,1.26753,1.64419,-0.142961,0.0676521,0.0677099,1.47259e-05,0.108041,,
42.588,ekf_predict_only,map,1.26893,1.67175,-0.139991,31.816,61.1287,-19.5051,,,
42.588,kf,map,1.2657,1.64445,-0.144209,0.0623767,0.0623767,-2.14343e-125,0.10575,,
42.588,pf,map,1.29005,1.57351,-0.143128,0.0592898,0.0577516,0.00349373,7.27954,485.815,0
42.66,odom,map,1.23876,1.61541,-0.133025,0,0,0,,,
42.696,odom,map,1.2409,1.61422,-0.134111,0,0,0,,,
42.732,odom,map,1.24332,1.61298,-0.135212,0,0,0,,,
42.768,odom,map,1.24603,1.61169,-0.136568,0,0,0,,,
42.804,odom,map,1.2493,1.61038,-0.138086,0,0,0,,,
42.804,ekf_predict_only,map,1.28225,1.66988,-0.143389,31.8849,61.7132,-19.5813,,,
42.804,ekf,map,1.27959,1.64244,-0.142442,0.0687051,0.0687511,1.16633e-05,0.068917,,
42.804,kf,map,1.27901,1.64252,-0.14326,0.0625527,0.0625527,-3.00572e-126,0.062375,,
42.804,pf,map,1.28267,1.58045,-0.14532,0.0589237,0.0614001,0.00344993,9.38213,484.157,0
42.84,odom,map,1.25167,1.61005,-0.138886,0,0,0,,,
42.876,odom,map,1.25438,1.60967,-0.140193,0,0,0,,,
42.912,odom,map,1.25725,1.60926,-0.141884,0,0,0,,,
42.948,odom,map,1.26028,1.60882,-0.143855,0,0,0,,,
42.984,odom,map,1.26358,1.60834,-0.146473,0,0,0,,,
43.02,odom,map,1.26709,1.60782,-0.150007,0,0,0,,,
42.984,ekf_predict_only,map,1.29989,1.66733,-0.161477,31.9428,62.4597,-19.6804,,,
42.984,kf,map,1.29455,1.64026,-0.153674,0.0623767,0.0623767,-4.25464e-127,0.06675,,
42.984,ekf,map,1.29456,1.64029,-0.152759,0.0676667,0.0676957,7.16754e-06,0.0595,,
42.984,pf,map,1.31076,1.58898,-0.15857,0.0619998,0.063307,-0.0014589,4.45167,495.426,0
43.056,odom,map,1.27061,1.60728,-0.153624,0,0,0,,,
43.092,odom,map,1.2742,1.60672,-0.157631,0,0,0,,,
43.128,odom,map,1.27782,1.60613,-0.162439,0,0,0,,,
43.164,odom,map,1.2814,1.60553,-0.167872,0,0,0,,,
43.2,odom,map,1.28466,1.60497,-0.173975,0,0,0,,,
43.2,ekf_predict_only,map,1.31691,1.66456,-0.202147,31.9971,63.1884,-19.7695,,,
43.2,ekf,map,1.3135,1.63725,-0.181829,0.0687168,0.0687417,5.89808e-06,0.064333,,
43.2,kf,map,1.31332,1.63724,-0.183212,0.0625527,0.0625527,-5.96627e-128,0.054625,,
43.2,pf,map,1.34163,1.58519,-0.177865,0.0585756,0.0609207,0.000399898,6.67737,470.247,0
43.236,odom,map,1.28727,1.60451,-0.181242,0,0,0,,,
43.272,odom,map,1.28957,1.60408,-0.189348,0,0,0,,,
43.308,odom,map,1.29209,1.60358,-0.197695,0,0,0,,,
43.344,odom,map,1.29464,1.60306,-0.206583,0,0,0,,,
43.38,odom,map,1.29713,1.60252,-0.216849,0,0,0,,,
43.416,ekf,map,1.32909,1.63415,-0.23565,0.0689612,0.0689806,4.40572e-06,0.058792,,
43.416,odom,map,1.29962,1.60196,-0.22778,0,0,0,,,
43.416,kf,map,1.32897,1.63415,-0.237256,0.0625774,0.0625774,-8.35545e-129,0.082167,,
43.416,ekf_predict_only,map,1.33192,1.66148,-0.267735,32.0465,63.8469,-19.8355,,,
43.416,pf,map,1.34024,1.58497,-0.235114,0.0612867,0.0591692,0.000966582,5.32204,460.916,0
43.452,odom,map,1.30209,1.60137,-0.239026,0,0,0,,,
43.488,odom,map,1.30455,1.60076,-0.251076,0,0,0,,,
43.524,odom,map,1.30708,1.60009,-0.26406,0,0,0,,,
43.56,odom,map,1.30962,1.59939,-0.27731,0,0,0,,,
43.596,odom,map,1.31221,1.59863,-0.291003,0,0,0,,,
43.596,ekf_predict_only,map,1.34521,1.65784,-0.341443,32.0868,64.4449,-19.8761,,,
43.596,kf,map,1.34207,1.63072,-0.300116,0.0623802,0.0623802,-1.18251e-129,0.113083,,
43.632,odom,map,1.31483,1.59783,-0.305336,0,0,0,,,
43.596,ekf,map,1.34209,1.63074,-0.298677,0.0676733,0.0676861,2.8829e-06,2.46346,,
43.596,pf,map,1.35555,1.56513,-0.302123,0.0679915,0.0708774,0.00203157,13.5163,491.042,0
43.668,odom,map,1.31756,1.59694,-0.320384,0,0,0,,,
43.704,odom,map,1.32033,1.596,-0.335558,0,0,0,,,
43.74,odom,map,1.32319,1.59498,-0.35103,0,0,0,,,
43.776,odom,map,1.32628,1.59382,-0.367137,0,0,0,,,
43.812,ekf_predict_only,map,1.3656,1.65059,-0.441361,32.0689,65.3146,-19.9053,,,
43.812,ekf,map,1.36032,1.62446,-0.390071,0.0686573,0.0686701,2.99685e-06,0.058292,,
43.812,kf,map,1.36052,1.62441,-0.391367,0.0625532,0.0625532,-1.65818e-130,0.060625,,
43.812,odom,map,1.32952,1.59254,-0.383606,0,0,0,,,
43.812,pf,map,1.36771,1.55112,-0.400666,0.0671214,0.0710002,-0.00156524,6.47783,447.888,0
43.848,odom,map,1.33303,1.59109,-0.400519,0,0,0,,,
43.884,odom,map,1.33663,1.58953,-0.417587,0,0,0,,,
43.92,odom,map,1.34031,1.58786,-0.43481,0,0,0,,,
43.956,odom,map,1.34427,1.58598,-0.452509,0,0,0,,,
43.992,odom,map,1.34848,1.58388,-0.470619,0,0,0,,,
44.028,odom,map,1.35281,1.58163,-0.488907,0,0,0,,,
43.992,ekf,map,1.37967,1.6156,-0.475887,0.0676235,0.0676342,3.04326e-06,0.057084,,
43.992,kf,map,1.37998,1.61552,-0.476809,0.0623768,0.0623768,-2.34717e-131,0.057833,,
43.992,ekf_predict_only,map,1.38764,1.64018,-0.5328,32.0009,66.2551,-19.8845,,,
44.001,amcl,map,1.34317,1.60153,-0.458297,0.109052,0.088951,-0.0503096,,,
43.992,pf,map,1.39032,1.55906,-0.469297,0.067693,0.067721,-0.00171317,9.39317,464.782,0
44.064,odom,map,1.35727,1.5792,-0.50731,0,0,0,,,
44.1,odom,map,1.36197,1.57653,-0.525881,0,0,0,,,
44.136,odom,map,1.36706,1.57351,-0.544723,0,0,0,,,
44.172,odom,map,1.37243,1.57018,-0.56368,0,0,0,,,
44.208,odom,map,1.37793,1.56663,-0.582668,0,0,0,,,
44.208,ekf_predict_only,map,1.42149,1.62022,-0.646733,31.7844,67.662,-19.7675,,,
44.208,ekf,map,1.40975,1.59819,-0.58668,0.0686788,0.0686934,5.92702e-06,0.056208,,
44.208,kf,map,1.41029,1.59808,-0.5873,0.0625528,0.0625528,-3.29142e-132,0.083708,,
44.208,pf,map,1.42577,1.55217,-0.578701,0.0629178,0.0717229,0.00184104,4.92554,489.369,0
44.244,odom,map,1.38356,1.56284,-0.602047,0,0,0,,,
44.28,odom,map,1.38932,1.55881,-0.621685,0,0,0,,,
44.316,odom,map,1.39524,1.55447,-0.641438,0,0,0,,,
44.352,odom,map,1.40121,1.54992,-0.661214,0,0,0,,,
44.388,odom,map,1.40735,1.54504,-0.681019,0,0,0,,,
44.424,odom,map,1.41375,1.53975,-0.701057,0,0,0,,,
44.388,ekf_predict_only,map,1.45511,1.59483,-0.747182,31.492,69.0804,-19.5296,,,
44.388,kf,map,1.44008,1.57601,-0.685156,0.0623767,0.0623767,-4.65905e-133,0.066084,,
44.388,ekf,map,1.43947,1.57617,-0.684742,0.0676528,0.0676678,8.83266e-06,0.117041,,
44.4,amcl,map,1.41087,1.55857,-0.669135,0.0969301,0.0806815,-0.0488536,,,
44.388,pf,map,1.43665,1.50889,-0.683909,0.0704256,0.0634293,0.00693831,13.0928,452.41,0
44.46,odom,map,1.42028,1.53412,-0.721119,0,0,0,,,
44.496,odom,map,1.42704,1.52806,-0.741283,0,0,0,,,
44.532,odom,map,1.4339,1.52165,-0.761532,0,0,0,,,
44.568,odom,map,1.44078,1.51495,-0.781777,0,0,0,,,
44.604,odom,map,1.44782,1.50782,-0.80177,0,0,0,,,
44.604,ekf_predict_only,map,1.50134,1.552,-0.866252,30.956,71.0264,-19.0179,,,
44.604,ekf,map,1.48072,1.53846,-0.804191,0.0687146,0.0687349,1.93465e-05,0.055333,,
44.604,kf,map,1.48162,1.5382,-0.804299,0.0625527,0.0625527,-6.53337e-134,0.061666,,
44.604,pf,map,1.47232,1.46507,-0.814458,0.0643509,0.070388,-0.00114385,5.01367,479.873,0
44.64,odom,map,1.45514,1.50011,-0.82162,0,0,0,,,
44.676,odom,map,1.46264,1.49188,-0.841327,0,0,0,,,
44.712,odom,map,1.47008,1.48339,-0.860959,0,0,0,,,
44.748,odom,map,1.47754,1.47453,-0.880241,0,0,0,,,
44.784,odom,map,1.48514,1.46515,-0.899057,0,0,0,,,
44.82,odom,map,1.49245,1.45738,-0.916024,0,0,0,,,
44.784,kf,map,1.51859,1.4952,-0.900052,0.0623767,0.0623767,-9.24806e-135,0.106042,,
44.784,ekf_predict_only,map,1.54221,1.50392,-0.959389,30.3812,72.79,-18.3262,,,
44.784,ekf,map,1.5177,1.49547,-0.900254,0.0676857,0.0677015,2.64444e-05,0.516125,,
44.802,amcl,map,1.49568,1.47498,-0.896457,0.0774361,0.0788294,-0.0481531,,,
44.784,pf,map,1.53361,1.42537,-0.911546,0.0606557,0.0602944,-0.0010457,11.1386,456.322,0
44.856,odom,map,1.49947,1.45091,-0.931352,0,0,0,,,
44.892,odom,map,1.50645,1.44418,-0.946427,0,0,0,,,
44.928,odom,map,1.51338,1.43719,-0.961215,0,0,0,,,
44.964,odom,map,1.5204,1.42973,-0.975433,0,0,0,,,
45,odom,map,1.52741,1.42196,-0.989386,0,0,0,,,
45,ekf_predict_only,map,1.59048,1.43508,-1.06034,29.5872,74.8931,-17.2108,,,
45,kf,map,1.564,1.43111,-1.00586,0.0625527,0.0625527,-1.29685e-135,0.06725,,
45,ekf,map,1.56298,1.43132,-1.00643,0.0687607,0.068769,4.75626e-05,0.102167,,
45,pf,map,1.60128,1.35188,-1.01694,0.0681015,0.0606096,-0.00127735,4.51117,479.247,0
45.036,odom,map,1.53499,1.41029,-1.00613,0,0,0,,,
45.072,odom,map,1.54242,1.39834,-1.02281,0,0,0,,,
45.108,odom,map,1.5497,1.38619,-1.03911,0,0,0,,,
45.144,odom,map,1.55678,1.37392,-1.05529,0,0,0,,,
45.18,odom,map,1.56373,1.36142,-1.0712,0,0,0,,,
45.216,ekf_predict_only,map,1.63295,1.35922,-1.15348,28.8016,76.7909,-15.8534,,,
45.216,ekf,map,1.60401,1.35789,-1.10421,0.0690307,0.06902,6.2454e-05,0.105083,,
45.216,odom,map,1.57109,1.34842,-1.08668,0,0,0,,,
45.216,kf,map,1.60496,1.35786,-1.10354,0.0625774,0.0625774,-1.81618e-136,0.063416,,
45.216,pf,map,1.62937,1.29063,-1.10897,0.0632958,0.0603029,0.000843306,6.41642,468.881,0
45.252,odom,map,1.57912,1.33482,-1.10187,0,0,0,,,
45.288,odom,map,1.58699,1.32107,-1.11704,0,0,0,,,
45.324,odom,map,1.59468,1.3072,-1.13191,0,0,0,,,
45.36,odom,map,1.60224,1.29311,-1.14618,0,0,0,,,
45.396,odom,map,1.60961,1.27893,-1.16007,0,0,0,,,
45.396,kf,map,1.63433,1.29142,-1.17861,0.0623802,0.0623802,-2.57034e-137,0.063,,
45.432,odom,map,1.61557,1.26526,-1.1742,0,0,0,,,
45.396,ekf,map,1.63362,1.29136,-1.17921,0.0677518,0.0677221,5.98229e-05,0.057875,,
45.396,pf,map,1.64846,1.22537,-1.18146,0.0611925,0.063488,-0.000272128,6.26167,467.341,0
45.396,ekf_predict_only,map,1.66289,1.2917,-1.22215,28.2013,78.1778,-14.5574,,,
45.402,amcl,map,1.62666,1.28226,-1.16233,0.0588008,0.0842683,-0.0411853,,,
45.468,odom,map,1.62118,1.25159,-1.18806,0,0,0,,,
45.504,odom,map,1.62661,1.23785,-1.20165,0,0,0,,,
45.54,odom,map,1.63187,1.22396,-1.21488,0,0,0,,,
45.576,odom,map,1.63698,1.20995,-1.22767,0,0,0,,,
45.612,odom,map,1.64204,1.19565,-1.24054,0,0,0,,,
45.612,ekf_predict_only,map,1.69368,1.207,-1.29469,27.5408,79.6182,-12.8518,,,
45.612,ekf,map,1.66404,1.2076,-1.25834,0.0687781,0.0687104,7.65883e-05,0.059792,,
45.612,kf,map,1.66477,1.20771,-1.2575,0.0625532,0.0625532,-3.60429e-138,0.156541,,
45.612,pf,map,1.69508,1.15706,-1.26406,0.0582483,0.0597865,-0.00250727,9.02858,489.788,0
45.648,odom,map,1.64714,1.18094,-1.25332,0,0,0,,,
45.684,odom,map,1.65201,1.16627,-1.26566,0,0,0,,,
45.72,odom,map,1.65666,1.15159,-1.27789,0,0,0,,,
45.756,odom,map,1.66109,1.13697,-1.28966,0,0,0,,,
45.792,odom,map,1.66529,1.12245,-1.30051,0,0,0,,,
45.828,odom,map,1.66912,1.10843,-1.31013,0,0,0,,,
45.792,ekf,map,1.68376,1.1376,-1.31155,0.0677434,0.0676631,6.55539e-05,0.059041,,
45.792,ekf_predict_only,map,1.71312,1.13837,-1.33996,27.1213,80.5739,-11.4155,,,
45.792,kf,map,1.68432,1.13785,-1.31061,0.0623768,0.0623768,-5.1019e-139,0.059958,,
45.792,pf,map,1.70456,1.06503,-1.329,0.062099,0.0579137,-0.00293347,6.60487,480.407,0
45.864,odom,map,1.67274,1.09463,-1.31918,0,0,0,,,
45.9,odom,map,1.6762,1.08091,-1.32781,0,0,0,,,
45.936,odom,map,1.67952,1.0673,-1.33599,0,0,0,,,
45.972,odom,map,1.68271,1.05372,-1.34409,0,0,0,,,
46.008,odom,map,1.68579,1.04009,-1.35244,0,0,0,,,
46.008,kf,map,1.70353,1.05513,-1.36492,0.0625528,0.0625528,-7.15437e-140,0.063709,,
46.008,ekf,map,1.70304,1.05487,-1.36556,0.0688352,0.0687153,7.25807e-05,0.059792,,
46.008,ekf_predict_only,map,1.73232,1.05669,-1.39091,26.7165,81.5254,-9.66325,,,
46.008,pf,map,1.72623,0.973357,-1.39191,0.0699125,0.0677378,0.0022861,5.64079,474.557,0
46.044,odom,map,1.68876,1.02645,-1.36089,0,0,0,,,
46.08,odom,map,1.6916,1.01284,-1.36924,0,0,0,,,
46.116,odom,map,1.69432,0.999215,-1.37756,0,0,0,,,
46.152,odom,map,1.69691,0.985661,-1.38654,0,0,0,,,
46.188,odom,map,1.69935,0.972224,-1.39685,0,0,0,,,
46.224,odom,map,1.70343,0.959803,-1.40726,0,0,0,,,
46.188,kf,map,1.71573,0.986896,-1.41541,0.0623767,0.0623767,-1.01271e-140,0.064291,,
46.188,ekf_predict_only,map,1.74455,0.989449,-1.44812,26.4941,82.1714,-8.19133,,,
46.188,ekf,map,1.71551,0.986715,-1.41506,0.0677915,0.0676752,5.62954e-05,0.062125,,
46.188,pf,map,1.7177,0.911472,-1.44194,0.0636161,0.0647879,-0.00216091,6.593,489.179,0
46.2,amcl,map,1.71458,0.987681,-1.38515,0.0487583,0.103545,-0.0348026,,,
46.26,odom,map,1.7084,0.947915,-1.41775,0,0,0,,,
46.296,odom,map,1.71323,0.935992,-1.42845,0,0,0,,,
46.332,odom,map,1.71793,0.924084,-1.43965,0,0,0,,,
46.368,odom,map,1.72246,0.912287,-1.45172,0,0,0,,,
46.404,odom,map,1.72666,0.90058,-1.46474,0,0,0,,,
46.404,ekf_predict_only,map,1.75427,0.910563,-1.53777,26.3235,82.7077,-6.43877,,,
46.404,ekf,map,1.72589,0.906129,-1.49183,0.0688757,0.0687257,5.67828e-05,0.05875,,
46.404,kf,map,1.72599,0.906358,-1.4931,0.0625527,0.0625527,-1.42012e-141,0.064708,,
46.404,pf,map,1.74431,0.848686,-1.49632,0.0624542,0.064049,-0.00292576,5.02137,474.281,0
46.44,odom,map,1.72796,0.887385,-1.47945,0,0,0,,,
46.476,odom,map,1.72907,0.874184,-1.49439,0,0,0,,,
46.512,odom,map,1.72998,0.861022,-1.50983,0,0,0,,,
46.548,odom,map,1.73067,0.847948,-1.52631,0,0,0,,,
46.584,odom,map,1.73114,0.834998,-1.5433,0,0,0,,,
46.62,odom,map,1.73138,0.82211,-1.56049,0,0,0,,,
46.584,ekf_predict_only,map,1.7564,0.846148,-1.62371,26.2893,82.9034,-4.99271,,,
46.584,ekf,map,1.75257,0.885399,-1.55722,0.0212612,0.0287019,-0.00063027,0.102917,,
46.584,kf,map,1.72556,0.881695,-1.53331,0.0621316,0.0279985,0.00290264,0.102167,,
46.584,pf,map,1.77314,0.867013,-1.56977,0.0199068,0.0241025,0.000736157,9.69733,294.156,0
46.656,odom,map,1.7314,0.80941,-1.57835,0,0,0,,,
46.692,odom,map,1.73119,0.796872,-1.59683,0,0,0,,,
46.728,odom,map,1.73075,0.78452,-1.6159,0,0,0,,,
46.764,odom,map,1.73008,0.772252,-1.63523,0,0,0,,,
46.8,odom,map,1.72919,0.76019,-1.65491,0,0,0,,,
46.8,ekf_predict_only,map,1.75261,0.774496,-1.74329,26.332,82.8328,-3.38078,,,
46.8,kf,map,1.72242,0.817142,-1.61019,0.0622366,0.0269456,0.0033521,0.109667,,
46.8,ekf,map,1.77307,0.821901,-1.65948,0.0194738,0.0277116,-0.000664463,0.1795,,
46.8,amcl,map,1.73901,0.780708,-1.63457,0.0418383,0.115802,-0.0229134,,,
46.8,pf,map,1.77513,0.803043,-1.65967,0.0229915,0.024968,-0.00298726,6.64267,372.807,0
46.836,odom,map,1.72808,0.748479,-1.67512,0,0,0,,,
46.872,odom,map,1.72678,0.737216,-1.69571,0,0,0,,,
46.908,odom,map,1.72526,0.726012,-1.71631,0,0,0,,,
46.944,odom,map,1.72353,0.715002,-1.73716,0,0,0,,,
46.98,odom,map,1.72164,0.704428,-1.75839,0,0,0,,,
47.016,odom,map,1.71972,0.695079,-1.77929,0,0,0,,,
47.016,ekf_predict_only,map,1.74208,0.714081,-1.87288,26.4595,82.4611,-2.02943,,,
47.016,kf,map,1.71187,0.754289,-1.71289,0.0621044,0.0270547,0.00408574,0.10925,,
47.016,ekf,map,1.77385,0.760018,-1.7803,0.0174299,0.0276679,-0.000894854,0.14475,,
47.016,pf,map,1.77399,0.740661,-1.77814,0.0189596,0.0235999,-0.00421606,5.75771,309.26,0
47.052,odom,map,1.71778,0.687091,-1.7993,0,0,0,,,
47.088,odom,map,1.71572,0.679396,-1.81951,0,0,0,,,
47.124,odom,map,1.71354,0.672047,-1.83997,0,0,0,,,
47.16,odom,map,1.71132,0.665241,-1.86075,0,0,0,,,
47.196,odom,map,1.70903,0.658828,-1.88175,0,0,0,,,
47.232,odom,map,1.70633,0.650841,-1.90421,0,0,0,,,
47.196,ekf_predict_only,map,1.72921,0.672793,-1.98608,26.6184,81.9874,-1.11805,,,
47.196,kf,map,1.69845,0.701068,-1.82181,0.0616617,0.0272372,0.00500511,0.102959,,
47.196,ekf,map,1.75734,0.70722,-1.89217,0.015724,0.0273095,-0.00121132,0.088709,,
47.196,pf,map,1.7869,0.726177,-1.92661,0.017019,0.0300764,-0.00374555,7.55629,312.487,0
47.202,amcl,map,1.72561,0.667926,-1.87992,0.0349553,0.111189,-0.0166694,,,
47.268,odom,map,1.70349,0.642943,-1.92695,0,0,0,,,
47.304,odom,map,1.70061,0.635457,-1.94977,0,0,0,,,
47.34,odom,map,1.69764,0.628249,-1.97271,0,0,0,,,
47.376,odom,map,1.69455,0.6212,-1.99574,0,0,0,,,
47.412,odom,map,1.69141,0.614471,-2.01885,0,0,0,,,
47.412,ekf,map,1.76175,0.665108,-2.0222,0.0144883,0.0274277,-0.00191239,0.118459,,
47.412,ekf_predict_only,map,1.71164,0.632948,-2.12496,26.8062,81.3091,-0.254847,,,
47.412,kf,map,1.67885,0.653098,-1.91902,0.0613881,0.0277357,0.00633779,0.1285,,
47.412,pf,map,1.7678,0.68273,-2.03534,0.013603,0.0201403,-7.07815e-05,14.0787,325.213,0
47.448,odom,map,1.68829,0.608153,-2.04206,0,0,0,,,
47.484,odom,map,1.68522,0.602306,-2.06537,0,0,0,,,
47.52,odom,map,1.68212,0.596715,-2.08872,0,0,0,,,
47.556,odom,map,1.67906,0.591488,-2.11198,0,0,0,,,
47.592,odom,map,1.67611,0.586692,-2.13552,0,0,0,,,
47.628,odom,map,1.67462,0.583271,-2.15768,0,0,0,,,
47.592,ekf_predict_only,map,1.69723,0.60965,-2.24335,26.9717,80.7748,0.237333,,,
47.592,ekf,map,1.74566,0.631783,-2.13977,0.0135478,0.0270886,-0.0021989,0.983334,,
47.592,kf,map,1.66244,0.618055,-2.02816,0.0607212,0.0281698,0.00750025,0.115458,,
47.601,amcl,map,1.70365,0.5934,-2.14395,0.0245641,0.0963271,-0.0154432,,,
47.592,pf,map,1.74952,0.657997,-2.14863,0.0132718,0.0219522,-0.00102416,11.39,285.394,0
47.664,odom,map,1.67376,0.580588,-2.17895,0,0,0,,,
47.7,odom,map,1.67311,0.57839,-2.20003,0,0,0,,,
47.736,odom,map,1.67266,0.576631,-2.22121,0,0,0,,,
47.772,odom,map,1.67228,0.57511,-2.24258,0,0,0,,,
47.808,odom,map,1.6715,0.573423,-2.26421,0,0,0,,,
47.808,ekf_predict_only,map,1.68565,0.595113,-2.38147,27.1179,80.3684,0.536834,,,
47.808,ekf,map,1.74405,0.607948,-2.2754,0.0132305,0.0271656,-0.00281392,0.099417,,
47.808,kf,map,1.6471,0.589024,-2.14119,0.0603236,0.0288005,0.00865323,1.33471,,
47.808,pf,map,1.76326,0.622991,-2.30844,0.0159198,0.0224209,0.0006717,6.28538,248.849,0
47.844,odom,map,1.66945,0.571016,-2.28724,0,0,0,,,
47.88,odom,map,1.6675,0.568826,-2.31028,0,0,0,,,
47.916,odom,map,1.66561,0.566806,-2.33341,0,0,0,,,
47.952,odom,map,1.6639,0.565053,-2.35631,0,0,0,,,
47.988,odom,map,1.66221,0.563404,-2.37908,0,0,0,,,
48.024,odom,map,1.66132,0.562074,-2.40234,0,0,0,,,
47.988,ekf,map,1.73267,0.58891,-2.39092,0.0127874,0.0268368,-0.00297723,0.118583,,
47.988,kf,map,1.63768,0.568873,-2.25345,0.0597118,0.0291831,0.0093943,0.216209,,
47.988,ekf_predict_only,map,1.67807,0.587907,-2.49381,27.2424,80.1383,0.680909,,,
48,amcl,map,1.69062,0.555299,-2.39542,0.0217312,0.0805216,-0.0116299,,,
47.988,pf,map,1.73561,0.62505,-2.41293,0.0145934,0.0286187,-0.00251451,8.60017,256.847,0
48.06,odom,map,1.66098,0.561044,-2.42578,0,0,0,,,
48.096,odom,map,1.66089,0.560285,-2.44902,0,0,0,,,
48.132,odom,map,1.6609,0.559666,-2.47201,0,0,0,,,
48.168,odom,map,1.66099,0.559147,-2.49481,0,0,0,,,
48.204,odom,map,1.66111,0.558719,-2.51733,0,0,0,,,
48.204,ekf_predict_only,map,1.67382,0.58469,-2.6198,27.3536,80.0536,0.743351,,,
48.204,ekf,map,1.73106,0.585119,-2.52029,0.0128274,0.0269697,-0.0033359,0.114208,,
48.204,kf,map,1.62958,0.561627,-2.37195,0.059546,0.0295841,0.00995115,0.137708,,
48.204,pf,map,1.73091,0.595753,-2.54046,0.0132735,0.0229301,-0.00105206,8.71796,201.479,0
48.24,odom,map,1.66037,0.558195,-2.53841,0,0,0,,,
48.276,odom,map,1.65971,0.557754,-2.55916,0,0,0,,,
48.312,odom,map,1.65908,0.557346,-2.57981,0,0,0,,,
48.348,odom,map,1.65858,0.55704,-2.60026,0,0,0,,,
48.384,odom,map,1.6583,0.556872,-2.62029,0,0,0,,,
48.42,odom,map,1.65909,0.556532,-2.64107,0,0,0,,,
48.384,ekf,map,1.73208,0.574646,-2.62315,0.0126417,0.0267052,-0.00330612,0.102833,,
48.384,ekf_predict_only,map,1.67352,0.584516,-2.71778,27.4542,80.1405,0.746589,,,
48.384,kf,map,1.62818,0.550473,-2.46926,0.0592077,0.0296913,0.0101758,0.100375,,
48.402,amcl,map,1.67867,0.54322,-2.65227,0.0197329,0.070536,-0.00865319,,,
48.384,pf,map,1.73402,0.582275,-2.64585,0.0139113,0.0251901,-0.000134855,20.5253,258.118,0
48.456,odom,map,1.661,0.556188,-2.6618,0,0,0,,,
48.492,odom,map,1.66296,0.555874,-2.68236,0,0,0,,,
48.528,odom,map,1.66502,0.555607,-2.70271,0,0,0,,,
48.564,odom,map,1.66714,0.555363,-2.72271,0,0,0,,,
48.6,odom,map,1.66935,0.55515,-2.74229,0,0,0,,,
48.6,ekf_predict_only,map,1.67573,0.585516,-2.82563,27.5507,80.3367,0.728783,,,
48.6,kf,map,1.631,0.541274,-2.57551,0.0593584,0.029774,0.0102324,0.109708,,
48.6,ekf,map,1.73794,0.565945,-2.73564,0.0126878,0.0269627,-0.00337112,0.099833,,
48.6,pf,map,1.73474,0.558301,-2.75512,0.0113782,0.0232014,-0.00462157,6.08908,241.666,0
48.636,odom,map,1.66977,0.555294,-2.7603,0,0,0,,,
48.672,odom,map,1.67015,0.555442,-2.77792,0,0,0,,,
48.708,odom,map,1.6706,0.55561,-2.79514,0,0,0,,,
48.744,odom,map,1.67102,0.555754,-2.81207,0,0,0,,,
48.78,odom,map,1.67145,0.555898,-2.82881,0,0,0,,,
48.816,odom,map,1.67279,0.555555,-2.84485,0,0,0,,,
48.816,ekf,map,1.74566,0.566026,-2.83753,0.0125615,0.0270206,-0.0033048,0.129833,,
48.816,ekf_predict_only,map,1.67855,0.586437,-2.92412,27.6475,80.5592,0.7137,,,
48.816,kf,map,1.63324,0.540359,-2.6688,0.0594422,0.0297173,0.01015,0.5595,,
48.801,amcl,map,1.67291,0.534032,-2.85351,0.0211992,0.0620597,-0.00650386,,,
48.816,pf,map,1.7562,0.579146,-2.8588,0.0133431,0.0217782,-0.00123629,7.03096,253.456,0
48.852,odom,map,1.67548,0.554425,-2.85996,0,0,0,,,
48.888,odom,map,1.67824,0.553311,-2.87481,0,0,0,,,
48.924,odom,map,1.68106,0.552201,-2.88927,0,0,0,,,
48.96,odom,map,1.68387,0.551082,-2.90349,0,0,0,,,
48.996,odom,map,1.68659,0.549934,-2.91724,0,0,0,,,
49.032,odom,map,1.68741,0.549918,-2.93147,0,0,0,,,
48.996,ekf_predict_only,map,1.68146,0.587079,-2.99553,27.7452,80.7857,0.704784,,,
48.996,ekf,map,1.74233,0.560143,-2.91638,0.0122706,0.0267949,-0.00310632,0.096333,,
48.996,kf,map,1.6368,0.536966,-2.75528,0.0593412,0.0295621,0.00998649,0.110375,,
48.996,pf,map,1.76002,0.569145,-2.95085,0.0114714,0.0233633,-0.00403303,20.8581,241.945,0
49.068,odom,map,1.68761,0.549962,-2.94476,0,0,0,,,
49.104,odom,map,1.68761,0.549962,-2.95548,0,0,0,,,
49.14,odom,map,1.68761,0.549962,-2.96361,0,0,0,,,
49.176,odom,map,1.68761,0.549962,-2.96914,0,0,0,,,
49.212,odom,map,1.68694,0.549612,-2.97428,0,0,0,,,
49.212,ekf_predict_only,map,1.67455,0.586064,-3.01997,27.8488,80.5855,0.714828,,,
49.212,ekf,map,1.74129,0.552309,-2.96457,0.0124184,0.0269852,-0.00331154,1.14321,,
49.212,kf,map,1.63664,0.528558,-2.80327,0.059423,0.0297099,0.0101391,0.110833,,
49.212,pf,map,1.76571,0.586535,-2.99108,0.0134562,0.0210678,-0.000140912,16.367,232.485,0
49.248,odom,map,1.68497,0.548517,-2.98231,0,0,0,,,
49.284,odom,map,1.68197,0.547274,-2.99027,0,0,0,,,
49.32,odom,map,1.67799,0.54591,-2.99795,0,0,0,,,
49.356,odom,map,1.67316,0.54446,-3.00551,0,0,0,,,
49.392,odom,map,1.66776,0.542977,-3.01307,0,0,0,,,
49.428,odom,map,1.66191,0.542027,-3.01801,0,0,0,,,
49.392,kf,map,1.61649,0.525647,-2.82363,0.0585359,0.0303573,0.0110767,0.131583,,
49.392,ekf_predict_only,map,1.64441,0.582379,-3.03967,27.9618,79.3861,0.74096,,,
49.392,ekf,map,1.72556,0.555195,-2.99141,0.0124824,0.0264697,-0.00379507,0.104708,,
49.392,pf,map,1.73165,0.584933,-3.01393,0.0110718,0.023893,-0.0022231,9.22508,268.145,0
49.464,odom,map,1.65569,0.541267,-3.02185,0,0,0,,,
49.5,odom,map,1.64902,0.540477,-3.02558,0,0,0,,,
49.536,odom,map,1.64202,0.539675,-3.02908,0,0,0,,,
49.572,odom,map,1.63423,0.538807,-3.03226,0,0,0,,,
49.608,ekf_predict_only,map,1.5919,0.577009,-3.05664,28.0813,77.2669,0.759245,,,
49.608,odom,map,1.62554,0.537498,-3.03523,0,0,0,,,
49.608,ekf,map,1.68895,0.552011,-3.01247,0.0135471,0.0261572,-0.00468252,0.099709,,
49.608,kf,map,1.57812,0.51336,-2.84004,0.0570048,0.0320994,0.0129506,0.625542,,
49.608,pf,map,1.67636,0.588528,-3.00409,0.0112552,0.0181196,-0.00149642,25.0688,294.326,0
49.644,odom,map,1.61522,0.534749,-3.03826,0,0,0,,,
49.68,odom,map,1.60463,0.532001,-3.04106,0,0,0,,,
49.716,odom,map,1.59359,0.529233,-3.0436,0,0,0,,,
49.752,odom,map,1.5817,0.52641,-3.046,0,0,0,,,
49.788,odom,map,1.56965,0.523597,-3.04839,0,0,0,,,
49.788,ekf_predict_only,map,1.53673,0.572311,-3.06809,28.1988,75.0959,0.753089,,,
49.824,odom,map,1.55847,0.52196,-3.05069,0,0,0,,,
49.788,ekf,map,1.63295,0.548662,-3.02839,0.0144712,0.025246,-0.00532784,0.108,,
49.788,kf,map,1.53419,0.50563,-2.87065,0.0547579,0.0341046,0.0146217,3.0435,,
49.788,pf,map,1.62466,0.567248,-3.01428,0.0127496,0.0251393,-0.00350961,8.17983,261.844,0
49.86,odom,map,1.54716,0.520942,-3.05297,0,0,0,,,
49.896,odom,map,1.53544,0.519915,-3.05535,0,0,0,,,
49.932,odom,map,1.52361,0.518906,-3.05775,0,0,0,,,
49.968,odom,map,1.51152,0.517905,-3.06008,0,0,0,,,
50.004,odom,map,1.49911,0.516905,-3.0623,0,0,0,,,
50.004,kf,map,1.47197,0.493366,-2.89094,0.0517336,0.0373354,0.0164341,0.105875,,
50.004,ekf,map,1.56579,0.547145,-3.04154,0.0167696,0.0243674,-0.00604102,0.108041,,
50.004,ekf_predict_only,map,1.462,0.566808,-3.08133,28.3199,72.219,0.719458,,,
50.001,amcl,map,1.4973,0.5031,-3.06479,0.0296535,0.0500248,-0.00539107,,,
50.004,pf,map,1.55529,0.546362,-3.02038,0.0146992,0.0205773,-0.000963594,6.82212,228.001,0
50.04,odom,map,1.48655,0.515921,-3.06443,0,0,0,,,
50.076,odom,map,1.47391,0.514957,-3.06656,0,0,0,,,
50.112,odom,map,1.46114,0.514011,-3.06875,0,0,0,,,
50.148,odom,map,1.44827,0.513086,-3.07084,0,0,0,,,
50.184,odom,map,1.43534,0.512182,-3.07289,0,0,0,,,
50.184,ekf_predict_only,map,1.39653,0.562858,-3.09106,28.4354,69.8056,0.666613,,,
50.22,odom,map,1.42233,0.5113,-3.07488,0,0,0,,,
50.184,kf,map,1.41779,0.483494,-2.93034,0.0487814,0.0400682,0.0173538,0.107083,,
50.184,ekf,map,1.49324,0.535629,-3.05582,0.0183496,0.0234203,-0.00604464,0.102125,,
50.184,pf,map,1.4778,0.564152,-3.06064,0.0167509,0.0204627,-0.00593495,16.6513,289.678,0
50.256,odom,map,1.40924,0.510439,-3.07683,0,0,0,,,
50.292,odom,map,1.39621,0.509606,-3.07881,0,0,0,,,
50.328,odom,map,1.38321,0.508802,-3.0808,0,0,0,,,
50.364,odom,map,1.37025,0.508026,-3.08274,0,0,0,,,
50.4,odom,map,1.35731,0.507276,-3.08468,0,0,0,,,
50.4,ekf_predict_only,map,1.31887,0.55893,-3.10265,28.5512,67.039,0.583301,,,
50.4,ekf,map,1.42028,0.536449,-3.06554,0.0208458,0.0229825,-0.00570039,0.209417,,
50.4,kf,map,1.34917,0.475796,-2.9484,0.0457493,0.0433303,0.0179089,0.216292,,
50.4,pf,map,1.42002,0.547455,-3.07935,0.0187149,0.0188604,-0.00400135,7.27163,267.533,0
50.436,odom,map,1.34435,0.506551,-3.08669,0,0,0,,,
50.472,odom,map,1.33134,0.505849,-3.08877,0,0,0,,,
50.508,odom,map,1.31834,0.505175,-3.09085,0,0,0,,,
50.544,odom,map,1.30555,0.504535,-3.09193,0,0,0,,,
50.58,odom,map,1.29279,0.503904,-3.09251,0,0,0,,,
50.616,odom,map,1.28,0.503276,-3.09239,0,0,0,,,
50.616,ekf,map,1.33938,0.530843,-3.07165,0.0227098,0.0230156,-0.00487715,0.106,,
50.616,ekf_predict_only,map,1.24213,0.55594,-3.10073,28.6634,64.4296,0.479374,,,
50.616,kf,map,1.27984,0.471104,-2.97101,0.0429947,0.0461226,0.0179005,0.102,,
50.616,pf,map,1.33033,0.546155,-3.08387,0.0173467,0.0149333,-0.00152896,6.00563,319.925,0
50.652,odom,map,1.26716,0.502639,-3.09142,0,0,0,,,
50.688,odom,map,1.2543,0.501982,-3.08942,0,0,0,,,
50.724,odom,map,1.24143,0.501295,-3.08709,0,0,0,,,
50.76,odom,map,1.22862,0.500578,-3.08402,0,0,0,,,
50.796,odom,map,1.21593,0.499822,-3.0799,0,0,0,,,
50.796,ekf_predict_only,map,1.17925,0.553369,-3.07458,28.774,62.4012,0.392655,,,
50.796,kf,map,1.21785,0.472541,-2.98066,0.0409095,0.0479693,0.0175607,0.239541,,
50.832,odom,map,1.20289,0.496929,-3.0753,0,0,0,,,
50.796,ekf,map,1.26395,0.525007,-3.06054,0.0237175,0.0229844,-0.00406726,0.103458,,
50.802,amcl,map,1.23417,0.478975,-3.08456,0.030493,0.0379527,-0.00353488,,,
50.796,pf,map,1.23021,0.535423,-3.06288,0.0274899,0.0216074,-0.00338777,10.2077,274.081,0
50.868,odom,map,1.18981,0.493723,-3.07055,0,0,0,,,
50.904,odom,map,1.17682,0.490469,-3.06542,0,0,0,,,
50.94,odom,map,1.16396,0.487158,-3.05908,0,0,0,,,
50.976,odom,map,1.15125,0.483781,-3.0519,0,0,0,,,
51.012,odom,map,1.13883,0.481039,-3.04408,0,0,0,,,
51.012,ekf_predict_only,map,1.10705,0.548523,-3.02369,28.8945,60.1597,0.318879,,,
51.012,kf,map,1.15334,0.466025,-2.95041,0.0390189,0.0500916,0.0170972,0.112125,,
51.012,ekf,map,1.19455,0.519148,-3.02093,0.0253205,0.0239484,-0.00299419,0.212084,,
51.012,pf,map,1.17215,0.522001,-3.0227,0.0247633,0.0196747,-0.00118772,6.13796,336.184,0
51.048,odom,map,1.12683,0.479814,-3.0356,0,0,0,,,
51.084,odom,map,1.11493,0.478496,-3.02681,0,0,0,,,
51.12,odom,map,1.10324,0.477092,-3.01723,0,0,0,,,
51.156,odom,map,1.0918,0.475604,-3.0069,0,0,0,,,
51.192,odom,map,1.0805,0.474011,-2.99627,0,0,0,,,
51.192,ekf_predict_only,map,1.05184,0.541984,-2.96589,29.0229,58.5435,0.300718,,,
51.228,odom,map,1.06941,0.472326,-2.98507,0,0,0,,,
51.192,ekf,map,1.1352,0.516111,-2.97289,0.025783,0.024323,-0.0022717,0.103458,,
51.192,kf,map,1.09781,0.462839,-2.90844,0.0374894,0.0513963,0.016513,0.092208,,
51.192,pf,map,1.12969,0.526204,-2.98724,0.0226573,0.0222854,-0.000520976,7.58788,355.765,0
51.264,odom,map,1.05851,0.47054,-2.97301,0,0,0,,,
51.3,odom,map,1.04771,0.468633,-2.96039,0,0,0,,,
51.336,odom,map,1.03714,0.466625,-2.94742,0,0,0,,,
51.372,odom,map,1.02685,0.464529,-2.93385,0,0,0,,,
51.408,odom,map,1.01677,0.462332,-2.9199,0,0,0,,,
51.408,ekf_predict_only,map,0.993178,0.53157,-2.87719,29.1699,56.8907,0.323734,,,
51.408,kf,map,1.03821,0.454325,-2.84266,0.0361247,0.0529941,0.0158755,0.1145,,
51.408,ekf,map,1.06908,0.503221,-2.89779,0.0267749,0.0255867,-0.00141598,0.105541,,
51.408,pf,map,1.05,0.519732,-2.9123,0.0264552,0.0169153,-0.0015448,5.7075,342.369,0
51.444,odom,map,1.00706,0.460069,-2.90522,0,0,0,,,
51.48,odom,map,0.997421,0.457672,-2.89043,0,0,0,,,
51.516,odom,map,0.988097,0.455205,-2.8751,0,0,0,,,
51.552,odom,map,0.979095,0.452672,-2.85915,0,0,0,,,
51.588,odom,map,0.970448,0.450086,-2.84253,0,0,0,,,
51.624,odom,map,0.964718,0.446638,-2.8259,0,0,0,,,
51.588,ekf_predict_only,map,0.950757,0.520085,-2.79243,29.3245,55.7687,0.388335,,,
51.588,ekf,map,1.02873,0.498528,-2.81755,0.0268844,0.0259707,-0.000908118,0.114791,,
51.588,kf,map,0.996624,0.443634,-2.76113,0.034981,0.05391,0.0152177,0.182167,,
51.6,amcl,map,0.987313,0.427695,-2.83644,0.0363753,0.0322237,-0.00359386,,,
51.588,pf,map,0.996742,0.506991,-2.80782,0.028392,0.0237681,-0.000255259,15.1877,328.209,0
51.66,odom,map,0.960807,0.442704,-2.80924,0,0,0,,,
51.696,odom,map,0.957314,0.438772,-2.79222,0,0,0,,,
51.732,odom,map,0.954365,0.434896,-2.77446,0,0,0,,,
51.768,odom,map,0.951575,0.430942,-2.75657,0,0,0,,,
51.804,odom,map,0.948749,0.426995,-2.73838,0,0,0,,,
51.804,ekf_predict_only,map,0.91276,0.506251,-2.67616,29.494,54.8069,0.486181,,,
51.804,ekf,map,0.972658,0.485549,-2.71262,0.0274696,0.0270279,-0.000418006,0.132542,,
51.804,kf,map,0.945972,0.435036,-2.66248,0.0340664,0.0550584,0.0145998,0.18625,,
51.804,pf,map,0.952864,0.463307,-2.69142,0.0232879,0.0264608,-0.00196841,10.9499,341.974,0
51.84,odom,map,0.942475,0.424249,-2.71911,0,0,0,,,
51.876,odom,map,0.936356,0.421426,-2.69973,0,0,0,,,
51.912,odom,map,0.930454,0.418564,-2.68009,0,0,0,,,
51.948,odom,map,0.924882,0.415724,-2.66008,0,0,0,,,
51.984,odom,map,0.91969,0.412944,-2.63983,0,0,0,,,
52.02,odom,map,0.914596,0.410082,-2.61956,0,0,0,,,
51.984,ekf_predict_only,map,0.886656,0.49314,-2.57483,29.6637,54.1954,0.5955,,,
51.984,kf,map,0.911072,0.425733,-2.55598,0.0332684,0.0556265,0.01401,0.110417,,
51.984,ekf,map,0.940722,0.485062,-2.61052,0.0273636,0.0272423,-0.000131881,0.106208,,
51.984,pf,map,0.90349,0.463,-2.57974,0.0284532,0.0242822,-0.00242862,16.9425,362.744,0
52.002,amcl,map,0.901268,0.399696,-2.64925,0.0303868,0.0280836,-0.00208955,,,
52.056,odom,map,0.909765,0.407238,-2.59915,0,0,0,,,
52.092,odom,map,0.905416,0.404556,-2.57847,0,0,0,,,
52.128,odom,map,0.901422,0.401977,-2.55756,0,0,0,,,
52.164,odom,map,0.897745,0.399491,-2.53644,0,0,0,,,
52.2,odom,map,0.894191,0.396977,-2.51527,0,0,0,,,
52.2,ekf_predict_only,map,0.866429,0.480267,-2.4467,29.8357,53.7542,0.711143,,,
52.2,ekf,map,0.908906,0.466267,-2.48958,0.0277804,0.0280882,0.0001502,0.103292,,
52.2,kf,map,0.883887,0.413452,-2.44088,0.0327154,0.0564134,0.0135286,0.097625,,
52.2,pf,map,0.889525,0.465231,-2.46798,0.0237782,0.0262018,3.03332e-05,5.86521,339.782,0
52.236,odom,map,0.890902,0.394545,-2.49395,0,0,0,,,
52.272,odom,map,0.888022,0.392318,-2.47261,0,0,0,,,
52.308,odom,map,0.885439,0.390232,-2.45102,0,0,0,,,
52.344,odom,map,0.88316,0.388307,-2.42918,0,0,0,,,
52.38,odom,map,0.881099,0.386489,-2.4073,0,0,0,,,
52.416,kf,map,0.871616,0.401702,-2.31927,0.0322915,0.056866,0.0131487,0.1945,,
52.416,odom,map,0.8791,0.383799,-2.38519,0,0,0,,,
52.416,ekf_predict_only,map,0.855337,0.471022,-2.31542,29.9896,53.5612,0.80091,,,
52.416,ekf,map,0.893634,0.449786,-2.36286,0.0278741,0.0284179,0.000298801,0.098625,,
52.401,amcl,map,0.876861,0.371281,-2.4167,0.0247939,0.0246614,0.000792902,,,
52.416,pf,map,0.885163,0.444585,-2.36557,0.0297294,0.0271306,-0.000603145,15.4239,371.92,0
52.452,odom,map,0.87692,0.379549,-2.36264,0,0,0,,,
52.488,odom,map,0.875005,0.375492,-2.33997,0,0,0,,,
52.524,odom,map,0.873269,0.371564,-2.31737,0,0,0,,,
52.56,odom,map,0.871642,0.367699,-2.29482,0,0,0,,,
52.596,odom,map,0.870151,0.363938,-2.27232,0,0,0,,,
52.596,ekf_predict_only,map,0.852077,0.467483,-2.20666,30.1108,53.5756,0.83763,,,
52.596,ekf,map,0.888966,0.457112,-2.24735,0.0275451,0.0280061,0.00025357,0.126208,,
52.596,kf,map,0.862416,0.39748,-2.19616,0.0320024,0.0569003,0.0129011,0.174625,,
52.632,odom,map,0.869404,0.362811,-2.25045,0,0,0,,,
52.596,pf,map,0.870501,0.450162,-2.23697,0.0277434,0.0259722,0.000132807,6.76125,343.889,0
52.668,odom,map,0.868877,0.362145,-2.22874,0,0,0,,,
52.704,odom,map,0.868452,0.361584,-2.20707,0,0,0,,,
52.74,odom,map,0.868118,0.361122,-2.18547,0,0,0,,,
52.776,odom,map,0.867952,0.360883,-2.16407,0,0,0,,,
52.812,ekf,map,0.882816,0.454792,-2.11912,0.0278503,0.0284307,0.000325815,0.189458,,
52.812,kf,map,0.857048,0.396699,-2.06827,0.0319956,0.0571373,0.0128644,0.104,,
52.812,odom,map,0.867276,0.361141,-2.14405,0,0,0,,,
52.812,ekf_predict_only,map,0.852557,0.468134,-2.07908,30.2068,53.6882,0.830536,,,
52.8,amcl,map,0.874412,0.36546,-2.18362,0.0226582,0.0226636,0.00207418,,,
52.812,pf,map,0.85912,0.437429,-2.09922,0.0261481,0.0196216,0.000326941,6.67183,379.381,0
52.848,odom,map,0.865116,0.362112,-2.1269,0,0,0,,,
52.884,odom,map,0.863034,0.363273,-2.10981,0,0,0,,,
52.92,odom,map,0.861006,0.364605,-2.09294,0,0,0,,,
52.956,odom,map,0.859041,0.366133,-2.07612,0,0,0,,,
52.992,odom,map,0.857092,0.367786,-2.0593,0,0,0,,,
53.028,odom,map,0.856957,0.369051,-2.03969,0,0,0,,,
52.992,ekf_predict_only,map,0.855674,0.47373,-1.97568,30.2736,53.8701,0.766293,,,
52.992,ekf,map,0.873649,0.46599,-2.01231,0.0275749,0.0280739,0.000298424,0.116084,,
52.992,kf,map,0.846436,0.404579,-1.95928,0.0319872,0.0569126,0.0128861,0.1765,,
52.992,pf,map,0.856298,0.45569,-2.00103,0.0271785,0.0250892,0.000158524,8.09225,375.712,0
53.064,odom,map,0.857534,0.37022,-2.01912,0,0,0,,,
53.1,odom,map,0.858131,0.371495,-1.9988,0,0,0,,,
53.136,odom,map,0.85876,0.372913,-1.97864,0,0,0,,,
53.172,odom,map,0.8594,0.374437,-1.95862,0,0,0,,,
53.208,ekf_predict_only,map,0.860482,0.484949,-1.85852,30.3091,54.0968,0.632259,,,
53.208,odom,map,0.86062,0.376065,-1.93903,0,0,0,,,
53.208,ekf,map,0.871358,0.472418,-1.89351,0.0279158,0.0285854,0.000422344,0.104375,,
53.208,kf,map,0.845044,0.414742,-1.84312,0.0322714,0.0568608,0.013128,0.214459,,
53.202,amcl,map,0.881764,0.380541,-1.94637,0.0191868,0.0192004,0.00189112,,,
53.208,pf,map,0.857186,0.463868,-1.87321,0.0278044,0.026432,0.000677798,6.93396,393.417,0
53.244,odom,map,0.86372,0.377471,-1.92012,0,0,0,,,
53.28,odom,map,0.866797,0.378926,-1.90135,0,0,0,,,
53.316,odom,map,0.869836,0.380395,-1.8826,0,0,0,,,
53.352,odom,map,0.872884,0.382025,-1.86426,0,0,0,,,
53.388,odom,map,0.87593,0.383798,-1.84625,0,0,0,,,
53.388,ekf_predict_only,map,0.864094,0.497153,-1.7677,30.3421,54.2923,0.48077,,,
53.388,ekf,map,0.881014,0.490795,-1.79302,0.0276514,0.0282919,0.000424122,0.116166,,
53.388,kf,map,0.849316,0.42394,-1.73581,0.0324493,0.0564499,0.0133172,0.10475,,
53.424,odom,map,0.877452,0.386042,-1.82823,0,0,0,,,
53.388,pf,map,0.869868,0.487484,-1.78938,0.0250843,0.0246263,0.000139142,7.99087,379.565,0
53.46,odom,map,0.878085,0.388536,-1.81029,0,0,0,,,
53.496,odom,map,0.87868,0.391069,-1.79266,0,0,0,,,
53.532,odom,map,0.879247,0.393691,-1.7754,0,0,0,,,
53.568,odom,map,0.879773,0.396339,-1.75867,0,0,0,,,
53.604,odom,map,0.880331,0.399052,-1.74257,0,0,0,,,
53.604,kf,map,0.853355,0.437864,-1.64037,0.0328902,0.0562411,0.013681,0.11275,,
53.604,ekf_predict_only,map,0.867304,0.513243,-1.67362,30.3589,54.4775,0.275669,,,
53.604,ekf,map,0.88339,0.498709,-1.69404,0.0279872,0.0287396,0.000527053,0.098,,
53.601,amcl,map,0.886276,0.415214,-1.74201,0.014731,0.0196874,0.00181989,,,
53.604,pf,map,0.881928,0.501335,-1.69586,0.0237882,0.0239118,-0.000613146,6.14058,373.122,0
53.64,odom,map,0.882055,0.402394,-1.72841,0,0,0,,,
53.676,odom,map,0.883762,0.405893,-1.71469,0,0,0,,,
53.712,odom,map,0.885391,0.409114,-1.70176,0,0,0,,,
53.748,odom,map,0.886831,0.411104,-1.69131,0,0,0,,,
53.784,odom,map,0.888117,0.411934,-1.68346,0,0,0,,,
53.82,odom,map,0.888676,0.412216,-1.67736,0,0,0,,,
53.784,ekf,map,0.879334,0.523391,-1.63864,0.0276859,0.0283887,0.000479208,0.192625,,
53.784,ekf_predict_only,map,0.867304,0.513243,-1.67362,30.4589,54.5775,0.275669,,,
53.784,kf,map,0.842888,0.44847,-1.57659,0.0329651,0.0559344,0.0137646,0.182292,,
53.784,pf,map,0.86719,0.51104,-1.60889,0.0234749,0.0251609,0.000761666,10.8313,371.368,0
53.856,odom,map,0.888676,0.412216,-1.67318,0,0,0,,,
53.892,odom,map,0.888658,0.412038,-1.67084,0,0,0,,,
53.928,odom,map,0.888589,0.411339,-1.66662,0,0,0,,,
53.964,odom,map,0.888513,0.410518,-1.6619,0,0,0,,,
54,odom,map,0.888434,0.409633,-1.65791,0,0,0,,,
54,ekf_predict_only,map,0.866588,0.506307,-1.65536,30.5941,54.6585,0.365945,,,
54,ekf,map,0.880302,0.508466,-1.60505,0.0279993,0.0288722,0.000569456,0.128084,,
54,kf,map,0.848149,0.443899,-1.54848,0.0330086,0.0561239,0.0137816,0.100208,,
54,pf,map,0.89815,0.503353,-1.62147,0.0273256,0.023151,0.00206567,13.7391,411.68,0
54.036,odom,map,0.888644,0.4093,-1.65363,0,0,0,,,
54.072,odom,map,0.888858,0.40891,-1.64938,0,0,0,,,
54.108,odom,map,0.889066,0.408409,-1.64534,0,0,0,,,
54.144,odom,map,0.889258,0.407657,-1.64133,0,0,0,,,
54.18,odom,map,0.889454,0.406891,-1.63748,0,0,0,,,
54.216,odom,map,0.889538,0.405849,-1.63435,0,0,0,,,
54.216,kf,map,0.844036,0.439203,-1.53252,0.0328676,0.0562918,0.0136652,0.120167,,
54.216,ekf,map,0.873183,0.499401,-1.58533,0.0279961,0.0288213,0.000526377,0.095,,
54.216,ekf_predict_only,map,0.865824,0.497294,-1.64125,30.7414,54.7382,0.483533,,,
54.216,pf,map,0.876252,0.500015,-1.58957,0.0235144,0.0268096,-0.000848371,8.64546,401.644,0
54.252,odom,map,0.889444,0.404344,-1.632,0,0,0,,,
54.288,odom,map,0.889359,0.402941,-1.62977,0,0,0,,,
54.324,odom,map,0.889285,0.40165,-1.62766,0,0,0,,,
54.36,odom,map,0.889213,0.400372,-1.62559,0,0,0,,,
54.396,odom,map,0.889144,0.399085,-1.62352,0,0,0,,,
54.432,odom,map,0.888672,0.399193,-1.62125,0,0,0,,,
54.396,ekf_predict_only,map,0.86538,0.491002,-1.63327,30.8756,54.8264,0.565761,,,
54.396,ekf,map,0.864206,0.492714,-1.57537,0.0276437,0.0283593,0.000443797,0.181,,
54.396,kf,map,0.837468,0.436518,-1.52615,0.0326509,0.0562523,0.0134971,0.09475,,
54.396,pf,map,0.856766,0.470312,-1.57113,0.027682,0.0261151,0.00211724,6.64504,385.866,0
54.468,odom,map,0.888154,0.39953,-1.61911,0,0,0,,,
54.504,odom,map,0.887637,0.399826,-1.61736,0,0,0,,,
54.54,odom,map,0.88712,0.400089,-1.61585,0,0,0,,,
54.576,odom,map,0.886606,0.400392,-1.6143,0,0,0,,,
54.612,odom,map,0.886234,0.400206,-1.61305,0,0,0,,,
54.612,ekf_predict_only,map,0.864905,0.483402,-1.62848,31.018,54.9138,0.665186,,,
54.612,ekf,map,0.864693,0.483877,-1.56814,0.0279271,0.0287217,0.000478248,0.380333,,
54.612,kf,map,0.838665,0.428712,-1.52013,0.0325606,0.0565722,0.0133932,0.1145,,
54.612,pf,map,0.892657,0.480743,-1.57954,0.0252559,0.0295404,-0.00159598,5.78704,382.732,0
54.648,odom,map,0.88618,0.398925,-1.61224,0,0,0,,,
54.684,odom,map,0.886128,0.397642,-1.61143,0,0,0,,,
54.72,odom,map,0.886077,0.396393,-1.61067,0,0,0,,,
54.756,odom,map,0.886031,0.395217,-1.61002,0,0,0,,,
54.792,odom,map,0.885988,0.394128,-1.60934,0,0,0,,,
54.828,odom,map,0.885949,0.393086,-1.60861,0,0,0,,,
54.792,kf,map,0.841773,0.421728,-1.51542,0.0323518,0.0565479,0.0132289,0.116792,,
54.792,ekf,map,0.867647,0.476932,-1.5635,0.0276172,0.0282883,0.000394769,1.26358,,
54.792,ekf_predict_only,map,0.864604,0.478197,-1.62483,31.1478,55.0059,0.733305,,,
54.792,pf,map,0.870658,0.486082,-1.57196,0.0273245,0.0276925,-0.0021958,8.00417,394.079,0
54.864,odom,map,0.885914,0.392175,-1.6079,0,0,0,,,
54.9,odom,map,0.885888,0.391468,-1.60752,0,0,0,,,
54.936,odom,map,0.885863,0.390779,-1.60722,0,0,0,,,
54.972,odom,map,0.885835,0.389994,-1.6069,0,0,0,,,
55.008,odom,map,0.885805,0.389173,-1.60667,0,0,0,,,
55.008,ekf_predict_only,map,0.864344,0.473386,-1.62812,31.276,55.099,0.796296,,,
55.008,ekf,map,0.87601,0.470157,-1.56144,0.0278952,0.0285867,0.000401329,0.111292,,
55.008,kf,map,0.849461,0.41337,-1.51209,0.0323103,0.0568221,0.0131645,0.22825,,
55.008,pf,map,0.868955,0.477442,-1.56225,0.0268468,0.023928,0.000710562,6.32113,371.052,0
55.044,odom,map,0.885776,0.388369,-1.60697,0,0,0,,,
55.08,odom,map,0.885747,0.387566,-1.60752,0,0,0,,,
55.116,odom,map,0.885718,0.386774,-1.60811,0,0,0,,,
55.152,odom,map,0.885691,0.386072,-1.60877,0,0,0,,,
55.188,odom,map,0.885664,0.385364,-1.60936,0,0,0,,,
55.224,odom,map,0.885636,0.38465,-1.60991,0,0,0,,,
55.188,ekf_predict_only,map,0.864139,0.469816,-1.6309,31.3972,55.1935,0.842972,,,
55.188,ekf,map,0.867536,0.473498,-1.5614,0.0275752,0.0280974,0.000297927,0.102,,
55.188,kf,map,0.840382,0.413518,-1.50958,0.0321455,0.0567542,0.0130373,0.228666,,
55.188,pf,map,0.856797,0.486285,-1.56233,0.0266536,0.0267387,-0.0015893,6.88192,397.407,0
55.26,odom,map,0.885612,0.384024,-1.61049,0,0,0,,,
55.296,odom,map,0.885587,0.383407,-1.61109,0,0,0,,,
55.332,odom,map,0.885563,0.382819,-1.61166,0,0,0,,,
55.368,odom,map,0.88554,0.382258,-1.61222,0,0,0,,,
55.404,odom,map,0.885516,0.38168,-1.61279,0,0,0,,,
55.404,ekf_predict_only,map,0.863923,0.466233,-1.6359,31.5188,55.2878,0.889782,,,
55.404,kf,map,0.838025,0.410831,-1.51406,0.0321356,0.0569968,0.0129997,0.098125,,
55.404,ekf,map,0.864684,0.46992,-1.56539,0.0278859,0.0285421,0.000374871,0.100375,,
55.404,pf,map,0.842884,0.463357,-1.55765,0.0258427,0.0275147,0.0015758,9.54529,351.645,0
55.44,odom,map,0.885491,0.381086,-1.61355,0,0,0,,,
55.476,odom,map,0.885469,0.380591,-1.61456,0,0,0,,,
55.512,odom,map,0.885451,0.380182,-1.61571,0,0,0,,,
55.548,odom,map,0.885434,0.379797,-1.6168,0,0,0,,,
55.584,odom,map,0.885417,0.379445,-1.61794,0,0,0,,,
55.584,ekf,map,0.867341,0.471487,-1.56869,0.0275948,0.0281795,0.000334778,0.106041,,
55.584,kf,map,0.838833,0.408563,-1.5145,0.0320137,0.056886,0.0129117,0.102208,,
55.62,odom,map,0.885404,0.379173,-1.61941,0,0,0,,,
55.584,ekf_predict_only,map,0.863842,0.464983,-1.64385,31.6264,55.3857,0.906086,,,
55.584,pf,map,0.84449,0.479281,-1.5724,0.0291509,0.0288319,0.000675189,10.5387,358.948,0
55.656,odom,map,0.885392,0.378922,-1.621,0,0,0,,,
55.692,odom,map,0.88538,0.37869,-1.62259,0,0,0,,,
55.728,odom,map,0.885375,0.378588,-1.62433,0,0,0,,,
55.764,odom,map,0.885373,0.378552,-1.62636,0,0,0,,,
55.8,odom,map,0.885366,0.378441,-1.62843,0,0,0,,,
55.8,ekf_predict_only,map,0.863763,0.463909,-1.65624,31.7329,55.4836,0.920058,,,
55.8,kf,map,0.842405,0.40577,-1.52858,0.0320581,0.0570744,0.0129252,0.106125,,
55.8,ekf,map,0.869541,0.465414,-1.58083,0.0278868,0.0285348,0.000371425,0.710583,,
55.8,pf,map,0.850927,0.493245,-1.59608,0.0275301,0.0265372,-0.00120614,5.84717,393.624,0
55.836,odom,map,0.885356,0.378262,-1.6305,0,0,0,,,
55.872,odom,map,0.885349,0.378157,-1.63267,0,0,0,,,
55.908,odom,map,0.885351,0.378176,-1.63516,0,0,0,,,
55.944,odom,map,0.885349,0.378145,-1.63792,0,0,0,,,
55.98,odom,map,0.885344,0.378078,-1.64069,0,0,0,,,
56.016,ekf,map,0.864851,0.471398,-1.59392,0.0279116,0.0285676,0.000377204,0.105958,,
56.016,kf,map,0.83646,0.407776,-1.53918,0.0320508,0.0571087,0.0129205,0.102459,,
56.016,odom,map,0.885339,0.378009,-1.64354,0,0,0,,,
56.016,ekf_predict_only,map,0.863727,0.463493,-1.67348,31.8355,55.5826,0.92546,,,
56.016,pf,map,0.868551,0.469036,-1.61214,0.0264854,0.0230523,0.0028854,5.98783,364.3,0
56.052,odom,map,0.885336,0.377962,-1.64664,0,0,0,,,
56.088,odom,map,0.885342,0.378046,-1.65003,0,0,0,,,
56.124,odom,map,0.885353,0.378185,-1.65363,0,0,0,,,
56.16,odom,map,0.885363,0.3783,-1.65777,0,0,0,,,
56.196,odom,map,0.885363,0.378296,-1.66211,0,0,0,,,
56.232,odom,map,0.885373,0.378408,-1.66683,0,0,0,,,
56.196,kf,map,0.843364,0.405243,-1.56343,0.0319781,0.0569253,0.0128779,0.159625,,
56.196,ekf_predict_only,map,0.863796,0.464159,-1.69724,31.9314,55.6844,0.91686,,,
56.196,ekf,map,0.87052,0.464748,-1.6156,0.0275881,0.0281858,0.000343931,0.100708,,
56.196,pf,map,0.874894,0.474167,-1.62407,0.0289163,0.0213312,-0.000746673,16.3061,360.3,0
56.268,odom,map,0.885395,0.378628,-1.67191,0,0,0,,,
56.304,odom,map,0.885423,0.378895,-1.67723,0,0,0,,,
56.34,odom,map,0.885451,0.379151,-1.68286,0,0,0,,,
56.376,odom,map,0.885467,0.379291,-1.68908,0,0,0,,,
56.412,ekf_predict_only,map,0.863884,0.464852,-1.73643,32.0272,55.7868,0.907943,,,
56.412,kf,map,0.839854,0.407602,-1.59934,0.0320714,0.0570617,0.0129381,0.123,,
56.412,odom,map,0.885481,0.379406,-1.69558,0,0,0,,,
56.412,ekf,map,0.866162,0.466194,-1.65026,0.0278647,0.0284699,0.000352669,0.106375,,
56.412,pf,map,0.859332,0.464369,-1.65213,0.0339714,0.0231391,-0.000196259,8.14458,325.561,0
56.448,odom,map,0.885496,0.379522,-1.70212,0,0,0,,,
56.484,odom,map,0.88553,0.379771,-1.70929,0,0,0,,,
56.52,odom,map,0.885586,0.380161,-1.71688,0,0,0,,,
56.556,odom,map,0.885632,0.380466,-1.72484,0,0,0,,,
56.592,odom,map,0.885674,0.380729,-1.73284,0,0,0,,,
56.592,ekf_predict_only,map,0.864237,0.466963,-1.77898,32.1143,55.8961,0.881053,,,
56.592,ekf,map,0.874961,0.464387,-1.68733,0.0275871,0.0281538,0.000331169,0.100208,,
56.628,odom,map,0.88574,0.38112,-1.74123,0,0,0,,,
56.592,kf,map,0.848091,0.405818,-1.6363,0.0320342,0.0568657,0.0129314,0.21175,,
56.592,pf,map,0.876026,0.453257,-1.69183,0.0284816,0.0254005,0.00319325,8.77533,359.953,0
56.664,odom,map,0.885803,0.381481,-1.75003,0,0,0,,,
56.7,odom,map,0.885865,0.381812,-1.75912,0,0,0,,,
56.736,odom,map,0.885931,0.38215,-1.76821,0,0,0,,,
56.772,odom,map,0.885993,0.382456,-1.7778,0,0,0,,,
56.808,odom,map,0.886047,0.382706,-1.788,0,0,0,,,
56.808,ekf_predict_only,map,0.864538,0.46839,-1.8406,32.2057,56.0041,0.863063,,,
56.808,ekf,map,0.873516,0.473579,-1.73961,0.0278696,0.0284523,0.00034268,0.094625,,
56.808,kf,map,0.844348,0.409119,-1.68431,0.0321484,0.0569842,0.0130119,0.1025,,
56.808,pf,map,0.863596,0.457216,-1.72648,0.0251863,0.0277964,-0.00282633,9.09767,394.674,0
56.844,odom,map,0.886109,0.382979,-1.79834,0,0,0,,,
56.88,odom,map,0.886179,0.383276,-1.80873,0,0,0,,,
56.916,odom,map,0.886238,0.383515,-1.81934,0,0,0,,,
56.952,odom,map,0.886282,0.383684,-1.83048,0,0,0,,,
56.988,odom,map,0.886311,0.383791,-1.84197,0,0,0,,,
56.988,kf,map,0.841642,0.411253,-1.74304,0.0320967,0.0568031,0.0129911,0.181875,,
56.988,ekf_predict_only,map,0.864652,0.4688,-1.89865,32.3033,56.1071,0.85797,,,
57.024,odom,map,0.886335,0.383873,-1.85358,0,0,0,,,
56.988,ekf,map,0.868955,0.47122,-1.79558,0.0275863,0.0281309,0.000317918,0.184584,,
56.988,pf,map,0.852553,0.432408,-1.76611,0.027932,0.022019,-0.000961241,7.29138,385.174,0
57.06,odom,map,0.886342,0.3839,-1.86538,0,0,0,,,
57.096,odom,map,0.886313,0.383804,-1.87762,0,0,0,,,
57.132,odom,map,0.886283,0.383712,-1.8902,0,0,0,,,
57.168,odom,map,0.886258,0.383639,-1.90289,0,0,0,,,
57.204,odom,map,0.886228,0.383554,-1.91575,0,0,0,,,
57.204,ekf_predict_only,map,0.864431,0.46815,-1.97979,32.4072,56.2013,0.865916,,,
57.204,ekf,map,0.883944,0.472821,-1.86592,0.0278914,0.0285359,0.000379482,0.188458,,
57.204,kf,map,0.852971,0.406154,-1.80848,0.0321687,0.0569639,0.0130313,0.597333,,
57.204,pf,map,0.87947,0.45393,-1.85335,0.0265861,0.0248766,0.0024235,6.17317,362.933,0
57.24,odom,map,0.886191,0.383452,-1.92906,0,0,0,,,
57.276,odom,map,0.88615,0.383345,-1.94258,0,0,0,,,
57.312,odom,map,0.886042,0.383075,-1.95627,0,0,0,,,
57.348,odom,map,0.885877,0.382675,-1.97014,0,0,0,,,
57.384,odom,map,0.885679,0.382215,-1.98407,0,0,0,,,
57.384,ekf,map,0.884335,0.464244,-1.93585,0.0275642,0.028037,0.000268796,0.107333,,
57.384,kf,map,0.856116,0.403033,-1.88146,0.0320551,0.0568447,0.0129514,0.118333,,
57.42,odom,map,0.885473,0.381755,-1.99799,0,0,0,,,
57.384,ekf_predict_only,map,0.863333,0.465618,-2.04948,32.5225,56.2722,0.896133,,,
57.402,amcl,map,0.888309,0.382336,-2.00599,0.0131376,0.0439026,-0.00104886,,,
57.384,pf,map,0.881038,0.453255,-1.93256,0.0269184,0.0261209,-0.00488545,8.25779,403.154,0
57.456,odom,map,0.885247,0.381268,-2.01192,0,0,0,,,
57.492,odom,map,0.884993,0.380739,-2.02595,0,0,0,,,
57.528,odom,map,0.884721,0.380194,-2.04007,0,0,0,,,
57.564,odom,map,0.88444,0.379649,-2.05423,0,0,0,,,
57.6,odom,map,0.884064,0.378946,-2.06828,0,0,0,,,
57.6,kf,map,0.858102,0.398009,-1.96559,0.0320372,0.0570953,0.0129048,0.139375,,
57.6,ekf_predict_only,map,0.860872,0.460876,-2.13259,32.6516,56.3071,0.951268,,,
57.6,ekf,map,0.885668,0.458721,-2.01923,0.0278517,0.028378,0.000297304,0.449458,,
57.6,pf,map,0.855368,0.448224,-1.99395,0.0256077,0.0284068,-0.000751467,8.235,359.061,0
57.636,odom,map,0.883642,0.378181,-2.08218,0,0,0,,,
57.672,odom,map,0.883217,0.377436,-2.096,0,0,0,,,
57.708,odom,map,0.882806,0.376737,-2.10977,0,0,0,,,
57.744,odom,map,0.882346,0.375981,-2.12348,0,0,0,,,
57.78,odom,map,0.88184,0.375172,-2.13705,0,0,0,,,
57.816,odom,map,0.881317,0.374362,-2.15058,0,0,0,,,
57.816,ekf,map,0.882801,0.45417,-2.10145,0.0278753,0.0284403,0.000308353,0.100625,,
57.816,ekf_predict_only,map,0.857793,0.455983,-2.21382,32.7822,56.3259,1.00615,,,
57.816,kf,map,0.855895,0.393726,-2.04822,0.0319242,0.0572351,0.0127966,0.105875,,
57.816,pf,map,0.861447,0.44812,-2.09273,0.0261698,0.0222117,0.00141388,20.217,353.68,0
57.852,odom,map,0.880752,0.373512,-2.16409,0,0,0,,,
57.888,odom,map,0.880151,0.372634,-2.1774,0,0,0,,,
57.924,odom,map,0.879526,0.371745,-2.19061,0,0,0,,,
57.96,odom,map,0.878889,0.370865,-2.20352,0,0,0,,,
57.996,odom,map,0.878242,0.369994,-2.21632,0,0,0,,,
57.996,ekf_predict_only,map,0.854493,0.45158,-2.27751,32.9103,56.3391,1.05354,,,
57.996,ekf,map,0.884695,0.442256,-2.16946,0.0275391,0.0280106,0.000249977,0.102583,,
57.996,kf,map,0.860055,0.386798,-2.11991,0.0317254,0.0571778,0.0126282,0.110583,,
58.032,odom,map,0.877577,0.369123,-2.22907,0,0,0,,,
58.002,amcl,map,0.880283,0.367812,-2.23135,0.0122604,0.0430044,-0.000441121,,,
57.996,pf,map,0.865798,0.422272,-2.15392,0.0266761,0.0221799,0.00336382,23.8498,346.6,0
58.068,odom,map,0.876882,0.368236,-2.24157,0,0,0,,,
58.104,odom,map,0.876174,0.367355,-2.25401,0,0,0,,,
58.14,odom,map,0.875422,0.366443,-2.26626,0,0,0,,,
58.176,odom,map,0.874714,0.365604,-2.2783,0,0,0,,,
58.212,ekf,map,0.873687,0.446678,-2.24026,0.0278201,0.0283461,0.000275058,0.226625,,
58.212,odom,map,0.874194,0.364862,-2.29105,0,0,0,,,
58.212,ekf_predict_only,map,0.850559,0.446971,-2.3489,33.0402,56.336,1.10117,,,
58.212,kf,map,0.847738,0.385513,-2.18745,0.0316567,0.0574761,0.0125242,0.193,,
58.212,pf,map,0.884319,0.427708,-2.227,0.0227082,0.0252889,-0.00165031,15.4517,357.803,0
58.248,odom,map,0.874043,0.364256,-2.30542,0,0,0,,,
58.284,odom,map,0.873878,0.363676,-2.31966,0,0,0,,,
58.32,odom,map,0.873694,0.363113,-2.33373,0,0,0,,,
58.356,odom,map,0.873479,0.362555,-2.34749,0,0,0,,,
58.392,odom,map,0.873263,0.362031,-2.36119,0,0,0,,,
58.428,odom,map,0.872766,0.361466,-2.37295,0,0,0,,,
58.392,ekf,map,0.883631,0.437884,-2.297,0.0275545,0.0281117,0.000285015,0.182333,,
58.392,kf,map,0.857289,0.377344,-2.24391,0.0314823,0.0574175,0.0123778,0.188875,,
58.392,ekf_predict_only,map,0.8476,0.443969,-2.40395,33.1599,56.3587,1.13065,,,
58.392,pf,map,0.879317,0.437486,-2.29466,0.0258501,0.0257895,0.00278448,6.54758,377.507,0
58.464,odom,map,0.872163,0.360889,-2.38378,0,0,0,,,
58.5,odom,map,0.871539,0.360305,-2.39429,0,0,0,,,
58.536,odom,map,0.871018,0.359827,-2.40455,0,0,0,,,
58.572,odom,map,0.870506,0.359367,-2.41478,0,0,0,,,
58.608,odom,map,0.8698,0.358746,-2.42484,0,0,0,,,
58.608,ekf_predict_only,map,0.837811,0.435073,-2.46165,33.3197,56.2046,1.21323,,,
58.608,ekf,map,0.885023,0.423266,-2.36214,0.0278329,0.0284524,0.000300696,0.224666,,
58.608,kf,map,0.861317,0.367996,-2.31269,0.031385,0.0577472,0.0122379,1.07787,,
58.608,pf,map,0.841419,0.410534,-2.3514,0.0278174,0.0308392,0.00357698,5.92667,350.942,0
58.644,odom,map,0.86829,0.357445,-2.43452,0,0,0,,,
58.68,odom,map,0.866483,0.355916,-2.44393,0,0,0,,,
58.716,odom,map,0.864451,0.354228,-2.45311,0,0,0,,,
58.752,odom,map,0.862268,0.352449,-2.46211,0,0,0,,,
58.788,odom,map,0.859643,0.350348,-2.47064,0,0,0,,,
58.824,odom,map,0.856703,0.347774,-2.47835,0,0,0,,,
58.788,ekf,map,0.866696,0.414617,-2.40835,0.0275413,0.0281454,0.000268064,0.094458,,
58.788,ekf_predict_only,map,0.822835,0.422964,-2.49892,33.5043,55.9204,1.31625,,,
58.788,kf,map,0.845437,0.361694,-2.36171,0.0310456,0.0578535,0.0119032,0.185291,,
58.8,amcl,map,0.869238,0.338656,-2.48071,0.0127906,0.0381998,-3.53127e-05,,,
58.788,pf,map,0.837497,0.410487,-2.3996,0.0272189,0.0249453,0.00141354,11.2378,335.716,0
58.86,odom,map,0.853433,0.344828,-2.48496,0,0,0,,,
58.896,odom,map,0.850096,0.341863,-2.49142,0,0,0,,,
58.932,odom,map,0.846583,0.338795,-2.49748,0,0,0,,,
58.968,odom,map,0.842919,0.335645,-2.50322,0,0,0,,,
59.004,odom,map,0.839134,0.332457,-2.50869,0,0,0,,,
59.004,ekf_predict_only,map,0.800509,0.406248,-2.53353,33.7271,55.458,1.44478,,,
59.004,ekf,map,0.852779,0.397893,-2.44914,0.0278804,0.0289754,0.000456201,0.122417,,
59.004,kf,map,0.832568,0.345283,-2.40384,0.0306777,0.0584527,0.0114279,0.244167,,
59.004,pf,map,0.851707,0.422636,-2.47765,0.0327314,0.023427,-0.00166305,7.52792,392.004,0
59.04,odom,map,0.835328,0.329682,-2.5142,0,0,0,,,
59.076,odom,map,0.831454,0.326888,-2.51937,0,0,0,,,
59.112,odom,map,0.827524,0.324084,-2.5243,0,0,0,,,
59.148,odom,map,0.823554,0.32128,-2.52881,0,0,0,,,
59.184,odom,map,0.819412,0.318381,-2.5329,0,0,0,,,
59.22,odom,map,0.815078,0.315373,-2.53666,0,0,0,,,
59.184,ekf_predict_only,map,0.778858,0.391179,-2.55232,33.9438,55.0246,1.54658,,,
59.184,ekf,map,0.839776,0.376222,-2.47643,0.0276134,0.0288989,0.000499176,0.090459,,
59.184,kf,map,0.822553,0.329227,-2.43584,0.030207,0.0586906,0.0108852,0.1005,,
59.184,pf,map,0.8208,0.37883,-2.47893,0.0263923,0.0257264,-0.00290462,8.01408,402.224,0
59.256,odom,map,0.810721,0.312372,-2.54018,0,0,0,,,
59.292,odom,map,0.806283,0.309337,-2.54337,0,0,0,,,
59.328,odom,map,0.801799,0.306291,-2.54642,0,0,0,,,
59.364,odom,map,0.797205,0.30319,-2.54923,0,0,0,,,
59.4,odom,map,0.792536,0.300057,-2.55171,0,0,0,,,
59.4,ekf,map,0.812012,0.364194,-2.49243,0.0279264,0.0297865,0.000656834,0.120417,,
59.4,kf,map,0.794925,0.31226,-2.45006,0.0297835,0.0593456,0.0102444,0.098791,,
59.4,ekf_predict_only,map,0.750789,0.372414,-2.56644,34.1971,54.4506,1.65718,,,
59.4,pf,map,0.780788,0.375433,-2.49243,0.02733,0.0184771,0.000958128,7.04029,376.097,0
59.436,odom,map,0.787768,0.296873,-2.55388,0,0,0,,,
59.472,odom,map,0.782827,0.293588,-2.55585,0,0,0,,,
59.508,odom,map,0.777822,0.290275,-2.55778,0,0,0,,,
59.544,odom,map,0.772829,0.286982,-2.55922,0,0,0,,,
59.58,odom,map,0.767811,0.283681,-2.56023,0,0,0,,,
59.616,odom,map,0.763422,0.279789,-2.56134,0,0,0,,,
59.616,kf,map,0.763821,0.294223,-2.46577,0.0293043,0.0598512,0.00951518,0.130666,,
59.616,ekf,map,0.777808,0.340903,-2.50384,0.0279839,0.0305522,0.000827894,0.189333,,
59.616,ekf_predict_only,map,0.719716,0.352271,-2.56801,34.4716,53.8278,1.75689,,,
59.616,pf,map,0.772336,0.339074,-2.50554,0.0256112,0.0287102,2.8899e-05,8.30583,380.621,0
59.652,odom,map,0.76014,0.27506,-2.56332,0,0,0,,,
59.688,odom,map,0.756866,0.270365,-2.56504,0,0,0,,,
59.724,odom,map,0.75357,0.265682,-2.56614,0,0,0,,,
59.76,odom,map,0.750256,0.26101,-2.56716,0,0,0,,,
59.796,odom,map,0.746999,0.256397,-2.56779,0,0,0,,,
59.796,ekf,map,0.749652,0.326066,-2.5009,0.0276728,0.0306081,0.000874643,0.100375,,
59.832,odom,map,0.742268,0.253057,-2.56609,0,0,0,,,
59.796,ekf_predict_only,map,0.695252,0.336466,-2.55723,34.7157,53.3759,1.82361,,,
59.796,kf,map,0.736841,0.27984,-2.46456,0.0288745,0.060026,0.00887451,0.09175,,
59.796,pf,map,0.734045,0.327728,-2.50799,0.0300255,0.0234234,0.000289216,6.55746,400.66,0
59.868,odom,map,0.737359,0.249864,-2.5636,0,0,0,,,
59.904,odom,map,0.732446,0.24665,-2.56088,0,0,0,,,
59.94,odom,map,0.727507,0.243399,-2.55795,0,0,0,,,
59.976,odom,map,0.722463,0.240057,-2.55479,0,0,0,,,
60.012,odom,map,0.717448,0.236709,-2.55088,0,0,0,,,
60.012,kf,map,0.707684,0.260628,-2.44972,0.0285471,0.0605825,0.00817734,0.317291,,
60.012,ekf,map,0.719148,0.305885,-2.48436,0.0279577,0.0317635,0.00101558,0.261,,
60.012,ekf_predict_only,map,0.66515,0.316556,-2.53291,35.0063,52.8178,1.89715,,,
60.012,pf,map,0.696051,0.29781,-2.47848,0.0234569,0.021896,-0.000137659,11.3015,371.31,0
60.048,odom,map,0.712561,0.233416,-2.5464,0,0,0,,,
60.084,odom,map,0.707729,0.230128,-2.5417,0,0,0,,,
60.12,odom,map,0.702967,0.226854,-2.53657,0,0,0,,,
60.156,odom,map,0.698238,0.223562,-2.5305,0,0,0,,,
60.192,odom,map,0.693711,0.220368,-2.52373,0,0,0,,,
60.228,odom,map,0.689238,0.217166,-2.51683,0,0,0,,,
60.192,kf,map,0.683638,0.245596,-2.42337,0.0282003,0.0606971,0.00756976,0.101917,,
60.192,ekf,map,0.694146,0.29056,-2.45694,0.0276747,0.0318458,0.00102661,0.09225,,
60.192,ekf_predict_only,map,0.642583,0.300828,-2.49843,35.2641,52.4397,1.95061,,,
60.192,pf,map,0.67469,0.302607,-2.4716,0.0303775,0.0240362,0.00331224,14.2257,388.369,0
60.264,odom,map,0.684844,0.213973,-2.50938,0,0,0,,,
60.3,odom,map,0.680573,0.210819,-2.50122,0,0,0,,,
60.336,odom,map,0.676387,0.207671,-2.49246,0,0,0,,,
60.372,odom,map,0.672227,0.204486,-2.48368,0,0,0,,,
60.408,odom,map,0.668318,0.201436,-2.47426,0,0,0,,,
60.408,ekf_predict_only,map,0.619447,0.283488,-2.43693,35.5454,52.063,2.00829,,,
60.408,ekf,map,0.666111,0.270383,-2.40738,0.0279476,0.0329075,0.00110482,0.106666,,
60.408,kf,map,0.657231,0.228146,-2.37616,0.0279801,0.0611499,0.00695644,0.1125,,
60.408,pf,map,0.636483,0.273485,-2.41609,0.0253763,0.0269985,0.00191911,6.16058,440.676,0
60.444,odom,map,0.664538,0.198427,-2.46427,0,0,0,,,
60.48,odom,map,0.660798,0.195388,-2.45402,0,0,0,,,
60.516,odom,map,0.657159,0.192367,-2.44339,0,0,0,,,
60.552,odom,map,0.653638,0.189379,-2.43206,0,0,0,,,
60.588,odom,map,0.650258,0.186442,-2.42028,0,0,0,,,
60.588,ekf_predict_only,map,0.602437,0.269025,-2.37439,35.8025,51.8214,2.06112,,,
60.624,odom,map,0.646927,0.183476,-2.40785,0,0,0,,,
60.588,ekf,map,0.64808,0.253557,-2.35488,0.0276529,0.0328824,0.00107331,0.19225,,
60.588,kf,map,0.640169,0.213446,-2.32576,0.0277136,0.0611844,0.00642285,0.101375,,
60.588,pf,map,0.637917,0.261951,-2.36738,0.031759,0.0326486,0.00377096,11.6216,378.886,0
60.66,odom,map,0.643629,0.180465,-2.39534,0,0,0,,,
60.696,odom,map,0.640396,0.177437,-2.38229,0,0,0,,,
60.732,odom,map,0.637152,0.174316,-2.36868,0,0,0,,,
60.768,odom,map,0.633947,0.171146,-2.35499,0,0,0,,,
60.804,odom,map,0.630834,0.167984,-2.34109,0,0,0,,,
60.804,ekf_predict_only,map,0.583608,0.250868,-2.28951,36.1075,51.552,2.13297,,,
60.804,ekf,map,0.634137,0.224258,-2.28284,0.0279089,0.0338179,0.00108191,0.127667,,
60.804,kf,map,0.628487,0.194171,-2.26031,0.0275578,0.0615726,0.00584905,0.128875,,
60.804,pf,map,0.621482,0.237849,-2.29362,0.03003,0.034265,0.00183362,7.80279,385.869,0
60.84,odom,map,0.627894,0.164909,-2.32653,0,0,0,,,
60.876,odom,map,0.625062,0.161859,-2.31153,0,0,0,,,
60.912,odom,map,0.622275,0.158763,-2.29597,0,0,0,,,
60.948,odom,map,0.619531,0.155617,-2.28019,0,0,0,,,
60.984,odom,map,0.616748,0.152323,-2.26423,0,0,0,,,
61.02,odom,map,0.613943,0.148892,-2.24791,0,0,0,,,
60.984,ekf,map,0.608475,0.209699,-2.2066,0.0275997,0.0335931,0.000979817,0.103833,,
60.984,kf,map,0.604031,0.180128,-2.18573,0.0273314,0.0615668,0.00532122,0.093542,,
60.984,ekf_predict_only,map,0.568865,0.234016,-2.20653,36.4053,51.3691,2.20807,,,
61.002,amcl,map,0.611136,0.151398,-2.24682,0.0252731,0.0305363,0.00695202,,,
60.984,pf,map,0.617933,0.204973,-2.21194,0.0289679,0.0282861,0.00397975,17.0956,415.885,0
61.056,odom,map,0.611167,0.145378,-2.23132,0,0,0,,,
61.092,odom,map,0.608428,0.141791,-2.21449,0,0,0,,,
61.128,odom,map,0.605658,0.138032,-2.19716,0,0,0,,,
61.164,odom,map,0.602879,0.13412,-2.17972,0,0,0,,,
61.2,odom,map,0.60015,0.130132,-2.16229,0,0,0,,,
61.2,ekf_predict_only,map,0.550899,0.209669,-2.10005,36.8043,51.1321,2.3261,,,
61.2,ekf,map,0.552896,0.176043,-2.11589,0.0621846,0.0626739,-3.35121e-05,0.058833,,
61.2,kf,map,0.554255,0.162304,-2.10488,0.0568762,0.0624216,0.00086192,0.059833,,
61.2,pf,map,0.548292,0.142113,-2.12113,0.0609894,0.0573761,0.0011012,7.13912,535.2,0
61.236,odom,map,0.59739,0.125943,-2.14458,0,0,0,,,
61.272,odom,map,0.594543,0.121451,-2.1269,0,0,0,,,
61.308,odom,map,0.591628,0.116666,-2.10909,0,0,0,,,
61.344,odom,map,0.588737,0.111724,-2.09122,0,0,0,,,
61.38,odom,map,0.585839,0.10656,-2.07334,0,0,0,,,
61.416,odom,map,0.582919,0.101132,-2.05539,0,0,0,,,
61.416,ekf_predict_only,map,0.531876,0.177148,-1.99202,37.3279,50.8846,2.49934,,,
61.416,kf,map,0.521694,0.134706,-2.01074,0.0617648,0.0625586,0.000123389,0.060959,,
61.416,ekf,map,0.519725,0.139735,-2.01578,0.0682136,0.0682879,-3.86678e-05,0.599333,,
61.416,pf,map,0.52031,0.0963562,-2.02048,0.0671425,0.0618776,0.00172575,5.18817,498.771,0
61.452,odom,map,0.579978,0.0954192,-2.03741,0,0,0,,,
61.488,odom,map,0.577097,0.0895712,-2.01946,0,0,0,,,
61.524,odom,map,0.574239,0.0834942,-2.00146,0,0,0,,,
61.56,odom,map,0.571406,0.0771755,-1.9836,0,0,0,,,
61.596,odom,map,0.568595,0.070599,-1.96588,0,0,0,,,
61.632,odom,map,0.565877,0.0639171,-1.94817,0,0,0,,,
61.596,ekf,map,0.501469,0.106804,-1.92909,0.0676152,0.0676168,-1.50336e-05,1.79412,,
61.596,kf,map,0.502499,0.104904,-1.92703,0.0622648,0.0623775,1.75174e-05,0.056209,,
61.596,ekf_predict_only,map,0.517129,0.144234,-1.90348,37.8849,50.7216,2.69038,,,
61.596,pf,map,0.47693,0.0761534,-1.94528,0.0688582,0.0698113,0.00183201,4.98863,459.273,0
61.602,amcl,map,0.568609,0.0569805,-1.94258,0.0232077,0.0306189,0.00874257,,,
61.668,odom,map,0.563247,0.0571046,-1.93062,0,0,0,,,
61.704,odom,map,0.560662,0.0500456,-1.91316,0,0,0,,,
61.74,odom,map,0.558051,0.0425156,-1.89622,0,0,0,,,
61.776,odom,map,0.555477,0.0346704,-1.87957,0,0,0,,,
61.812,odom,map,0.552794,0.0265471,-1.86266,0,0,0,,,
61.812,ekf_predict_only,map,0.500438,0.0959257,-1.80502,38.7074,50.531,2.98617,,,
61.812,ekf,map,0.485336,0.0610419,-1.8283,0.0686672,0.0686419,-1.03383e-05,0.075916,,
61.812,kf,map,0.485584,0.0601373,-1.82774,0.0625371,0.0625529,2.45749e-06,0.117708,,
61.812,pf,map,0.463204,0.0296197,-1.84064,0.0583271,0.0557905,-0.00297644,4.8185,459.736,0
61.848,odom,map,0.549887,0.0184082,-1.84539,0,0,0,,,
61.884,odom,map,0.547081,0.010072,-1.82974,0,0,0,,,
61.92,odom,map,0.544382,0.00159468,-1.81479,0,0,0,,,
61.956,odom,map,0.541808,-0.00695636,-1.80033,0,0,0,,,
61.992,odom,map,0.539326,-0.0156857,-1.78731,0,0,0,,,
61.992,ekf,map,0.475806,0.0187872,-1.76607,0.0676397,0.0676073,-9.28897e-06,0.061583,,
62.028,odom,map,0.537313,-0.024443,-1.77663,0,0,0,,,
61.992,ekf_predict_only,map,0.490058,0.052426,-1.75509,39.5109,50.4539,3.2732,,,
61.992,kf,map,0.475676,0.0183973,-1.76682,0.0623745,0.0623767,3.47881e-07,0.064375,,
61.992,pf,map,0.462154,-0.00916682,-1.76834,0.0565943,0.0647578,0.00209178,5.45804,503.627,0
62.064,odom,map,0.535529,-0.0332073,-1.76664,0,0,0,,,
62.1,odom,map,0.533821,-0.0420418,-1.75726,0,0,0,,,
62.136,odom,map,0.532167,-0.0510171,-1.74906,0,0,0,,,
62.172,odom,map,0.530576,-0.0600446,-1.74152,0,0,0,,,
62.208,odom,map,0.529031,-0.0691978,-1.73453,0,0,0,,,
62.208,kf,map,0.466665,-0.0353199,-1.71583,0.0625524,0.0625528,4.87836e-08,0.064709,,
62.208,ekf_predict_only,map,0.479754,-0.00285387,-1.71742,40.5776,50.381,3.64692,,,
62.208,ekf,map,0.46704,-0.0350926,-1.71429,0.068711,0.0686603,-1.30204e-05,0.055667,,
62.202,amcl,map,0.529481,-0.0701609,-1.74355,0.0211535,0.0240292,0.00741856,,,
62.208,pf,map,0.454703,-0.0553054,-1.71083,0.0588219,0.0636324,0.00466115,7.09721,467.332,0
62.244,odom,map,0.527537,-0.0784367,-1.728,0,0,0,,,
62.28,odom,map,0.526098,-0.0876977,-1.72172,0,0,0,,,
62.316,odom,map,0.524706,-0.0970436,-1.71593,0,0,0,,,
62.352,odom,map,0.523362,-0.106406,-1.71097,0,0,0,,,
62.388,odom,map,0.522064,-0.115755,-1.70653,0,0,0,,,
62.424,odom,map,0.521524,-0.126584,-1.70142,0,0,0,,,
62.388,ekf_predict_only,map,0.472907,-0.049217,-1.69938,41.5512,50.3677,3.96611,,,
62.388,ekf,map,0.461628,-0.0812974,-1.68516,0.0676894,0.067638,-1.19069e-05,0.05675,,
62.388,kf,map,0.461272,-0.0813769,-1.68661,0.0623767,0.0623767,6.90539e-09,0.063375,,
62.388,pf,map,0.45094,-0.125029,-1.68809,0.0627468,0.063612,-0.000860995,5.14179,478.921,0
62.46,odom,map,0.521445,-0.138268,-1.69583,0,0,0,,,
62.496,odom,map,0.521434,-0.149898,-1.69047,0,0,0,,,
62.532,odom,map,0.521495,-0.161396,-1.68588,0,0,0,,,
62.568,odom,map,0.521615,-0.17279,-1.68182,0,0,0,,,
62.604,odom,map,0.521721,-0.183999,-1.67796,0,0,0,,,
62.604,ekf_predict_only,map,0.465987,-0.102738,-1.68749,42.7312,50.3544,4.33429,,,
62.604,ekf,map,0.456338,-0.135804,-1.66579,0.0687627,0.0686942,-1.37211e-05,0.116459,,
62.604,kf,map,0.456035,-0.135742,-1.66701,0.0625527,0.0625527,9.68341e-10,0.119792,,
62.604,pf,map,0.449976,-0.165159,-1.66944,0.0592557,0.0605783,-0.000822859,5.54029,479.864,0
62.64,odom,map,0.520777,-0.192851,-1.67629,0,0,0,,,
62.676,odom,map,0.519861,-0.201546,-1.67525,0,0,0,,,
62.712,odom,map,0.518966,-0.210121,-1.67454,0,0,0,,,
62.748,odom,map,0.518079,-0.218662,-1.67392,0,0,0,,,
62.784,odom,map,0.51721,-0.227074,-1.67381,0,0,0,,,
62.82,odom,map,0.516394,-0.234963,-1.67383,0,0,0,,,
62.784,ekf,map,0.453364,-0.171581,-1.66068,0.0677148,0.0676604,-1.00262e-05,0.063708,,
62.784,ekf_predict_only,map,0.463701,-0.122234,-1.68749,43.2438,50.4173,4.46845,,,
62.784,kf,map,0.453302,-0.170287,-1.66154,0.0623767,0.0623767,1.3707e-10,0.111042,,
62.784,pf,map,0.421927,-0.215749,-1.6679,0.0603154,0.062803,0.00445454,5.238,471.766,0
62.856,odom,map,0.515711,-0.241572,-1.67383,0,0,0,,,
62.892,odom,map,0.515161,-0.246891,-1.67383,0,0,0,,,
62.928,odom,map,0.514744,-0.250922,-1.67383,0,0,0,,,
62.964,odom,map,0.51446,-0.253663,-1.67383,0,0,0,,,
63,odom,map,0.51431,-0.255116,-1.67383,0,0,0,,,
63,ekf_predict_only,map,0.463701,-0.122234,-1.68749,43.3438,50.5173,4.46845,,,
63,kf,map,0.451443,-0.193515,-1.65948,0.0625527,0.0625527,1.92213e-11,0.1085,,
63,ekf,map,0.451283,-0.196207,-1.65901,0.068761,0.068712,-8.64279e-06,0.066333,,
63,pf,map,0.41801,-0.236605,-1.66681,0.0635271,0.0614234,0.000533227,4.76029,480.125,0
63.036,odom,map,0.512857,-0.253415,-1.67713,0,0,0,,,
63.072,odom,map,0.51136,-0.25141,-1.68052,0,0,0,,,
63.108,odom,map,0.509836,-0.249407,-1.68392,0,0,0,,,
63.144,odom,map,0.508283,-0.247407,-1.68731,0,0,0,,,
63.18,odom,map,0.506702,-0.24541,-1.69071,0,0,0,,,
63.216,odom,map,0.505722,-0.24419,-1.69278,0,0,0,,,
63.216,ekf_predict_only,map,0.463701,-0.122234,-1.68749,43.4438,50.6173,4.46845,,,
63.216,ekf,map,0.450611,-0.204114,-1.65849,0.0689935,0.0689579,-6.15751e-06,0.066,,
63.216,kf,map,0.450732,-0.202375,-1.65871,0.0625774,0.0625774,2.69184e-12,0.061166,,
63.216,pf,map,0.447975,-0.248768,-1.67028,0.0594376,0.0634944,0.00535454,4.46433,487.126,0
63.252,odom,map,0.505722,-0.24419,-1.69278,0,0,0,,,
63.288,odom,map,0.505722,-0.24419,-1.69278,0,0,0,,,
63.324,odom,map,0.505722,-0.24419,-1.69278,0,0,0,,,
63.36,odom,map,0.505722,-0.24419,-1.69278,0,0,0,,,
63.396,odom,map,0.505673,-0.244591,-1.69371,0,0,0,,,
63.396,ekf_predict_only,map,0.462917,-0.128924,-1.70275,43.6877,50.7046,4.51421,,,
63.432,odom,map,0.505555,-0.245535,-1.69603,0,0,0,,,
63.396,kf,map,0.450223,-0.208455,-1.66475,0.0623802,0.0623802,3.80963e-13,0.06,,
63.396,ekf,map,0.450195,-0.208964,-1.66389,0.0676923,0.0676713,-3.58764e-06,3.439,,
63.396,pf,map,0.438918,-0.226458,-1.67355,0.063292,0.0606213,-0.00112331,5.51146,478.282,0
63.468,odom,map,0.505346,-0.247169,-1.69978,0,0,0,,,
63.504,odom,map,0.505041,-0.249469,-1.70504,0,0,0,,,
63.54,odom,map,0.504669,-0.252163,-1.71109,0,0,0,,,
63.576,odom,map,0.504224,-0.25524,-1.71778,0,0,0,,,
63.612,ekf_predict_only,map,0.45958,-0.15407,-1.75438,44.3397,50.7507,4.68059,,,
63.612,kf,map,0.44842,-0.226651,-1.70032,0.0625532,0.0625532,5.34209e-14,0.063375,,
63.612,odom,map,0.503671,-0.25888,-1.72524,0,0,0,,,
63.612,ekf,map,0.448523,-0.226126,-1.69849,0.0686737,0.0686557,-2.91447e-06,0.059917,,
63.612,pf,map,0.458411,-0.235986,-1.68997,0.0592446,0.0722865,0.00268831,7.81167,451.644,0
63.648,odom,map,0.502945,-0.26341,-1.73447,0,0,0,,,
63.684,odom,map,0.502119,-0.268264,-1.74418,0,0,0,,,
63.72,odom,map,0.501199,-0.273361,-1.7544,0,0,0,,,
63.756,odom,map,0.500127,-0.278959,-1.76567,0,0,0,,,
63.792,odom,map,0.498868,-0.285136,-1.77798,0,0,0,,,
63.828,odom,map,0.49749,-0.291495,-1.79053,0,0,0,,,
63.792,kf,map,0.444625,-0.252623,-1.75083,0.0623768,0.0623768,7.56176e-15,0.060875,,
63.792,ekf,map,0.44477,-0.251934,-1.74921,0.0676381,0.0676221,-2.33814e-06,0.107834,,
63.792,ekf_predict_only,map,0.453375,-0.187483,-1.82089,45.1999,50.7513,4.87757,,,
63.792,pf,map,0.443168,-0.258894,-1.74631,0.0576593,0.0607826,-0.00115036,8.09417,455.656,0
63.864,odom,map,0.495986,-0.298027,-1.80356,0,0,0,,,
63.9,odom,map,0.494333,-0.304796,-1.81723,0,0,0,,,
63.936,odom,map,0.492556,-0.311656,-1.83116,0,0,0,,,
63.972,odom,map,0.490636,-0.318663,-1.84547,0,0,0,,,
64.008,odom,map,0.488515,-0.325979,-1.86049,0,0,0,,,
64.008,ekf,map,0.43621,-0.292282,-1.83035,0.0687018,0.0686764,-3.83912e-06,0.104708,,
64.008,kf,map,0.436102,-0.292967,-1.83181,0.0625528,0.0625528,1.06038e-15,0.488791,,
64.008,ekf_predict_only,map,0.441983,-0.232083,-1.91162,46.3625,50.6716,5.0936,,,
64.002,amcl,map,0.489141,-0.322578,-1.84313,0.0282889,0.032159,0.00965262,,,
64.008,pf,map,0.441823,-0.307819,-1.81326,0.0639385,0.0647974,0.000605317,5.15471,480.717,0
64.044,odom,map,0.486237,-0.333413,-1.87578,0,0,0,,,
64.08,odom,map,0.483818,-0.340893,-1.89119,0,0,0,,,
64.116,odom,map,0.481245,-0.348449,-1.90688,0,0,0,,,
64.152,odom,map,0.478507,-0.356088,-1.92308,0,0,0,,,
64.188,odom,map,0.475634,-0.36371,-1.93951,0,0,0,,,
64.224,odom,map,0.472626,-0.371307,-1.95606,0,0,0,,,
64.188,kf,map,0.424813,-0.32977,-1.9086,0.0623767,0.0623767,1.50099e-16,0.061792,,
64.188,ekf_predict_only,map,0.428326,-0.270589,-1.99441,47.4241,50.5609,5.22012,,,
64.188,ekf,map,0.424843,-0.329337,-1.90762,0.0676773,0.067649,-5.15311e-06,0.065042,,
64.188,pf,map,0.425717,-0.344896,-1.89595,0.0680712,0.0694861,-0.000632326,14.3849,476.366,0
64.26,odom,map,0.469461,-0.378928,-1.97268,0,0,0,,,
64.296,odom,map,0.466147,-0.386548,-1.9895,0,0,0,,,
64.332,odom,map,0.46273,-0.394055,-2.00658,0,0,0,,,
64.368,odom,map,0.459191,-0.401486,-2.02376,0,0,0,,,
64.404,odom,map,0.45556,-0.408786,-2.04105,0,0,0,,,
64.404,ekf,map,0.465282,-0.327616,-1.9862,0.029689,0.0387531,-0.00270214,0.1185,,
64.404,kf,map,0.470447,-0.357537,-1.97099,0.0301327,0.0602083,-0.00871826,0.123459,,
64.404,ekf_predict_only,map,0.408255,-0.3151,-2.09827,48.6867,50.3607,5.29094,,,
64.404,pf,map,0.467282,-0.34559,-1.98398,0.0300536,0.0335794,0.000830886,6.10733,349.186,0
64.44,odom,map,0.451792,-0.416043,-2.05846,0,0,0,,,
64.476,odom,map,0.447913,-0.423207,-2.07582,0,0,0,,,
64.512,odom,map,0.443921,-0.43028,-2.09323,0,0,0,,,
64.548,odom,map,0.439817,-0.437268,-2.11063,0,0,0,,,
64.584,odom,map,0.435595,-0.444175,-2.12801,0,0,0,,,
64.62,odom,map,0.431345,-0.450869,-2.14533,0,0,0,,,
64.584,ekf_predict_only,map,0.388482,-0.349044,-2.1847,49.7103,50.1758,5.26644,,,
64.584,kf,map,0.456466,-0.391106,-2.0715,0.0293423,0.0596056,-0.00956314,0.126875,,
64.584,ekf,map,0.452562,-0.375355,-2.08194,0.0283465,0.0380086,-0.0030163,0.101792,,
64.602,amcl,map,0.433983,-0.440247,-2.12775,0.0357493,0.0312469,0.00846262,,,
64.584,pf,map,0.453894,-0.388591,-2.08548,0.0293608,0.0343046,0.000822989,8.29187,438.585,0
64.656,odom,map,0.42702,-0.457423,-2.16264,0,0,0,,,
64.692,odom,map,0.422651,-0.463804,-2.17978,0,0,0,,,
64.728,odom,map,0.41818,-0.4701,-2.19691,0,0,0,,,
64.764,odom,map,0.413566,-0.476367,-2.21393,0,0,0,,,
64.8,odom,map,0.408862,-0.482534,-2.23072,0,0,0,,,
64.8,ekf_predict_only,map,0.362001,-0.38662,-2.28443,50.8703,49.9114,5.1515,,,
64.8,ekf,map,0.427662,-0.414222,-2.18411,0.0288355,0.039147,-0.00355939,0.128708,,
64.8,kf,map,0.432191,-0.428995,-2.17492,0.0297705,0.0593613,-0.0102228,1.14342,,
64.8,pf,map,0.42049,-0.43504,-2.17159,0.0261524,0.0325672,-0.00413343,9.46146,437.911,0
64.836,odom,map,0.404622,-0.488389,-2.24476,0,0,0,,,
64.872,odom,map,0.400336,-0.494154,-2.25859,0,0,0,,,
64.908,odom,map,0.395984,-0.499848,-2.27231,0,0,0,,,
64.944,odom,map,0.391626,-0.505398,-2.28595,0,0,0,,,
64.98,odom,map,0.387139,-0.510954,-2.29933,0,0,0,,,
65.016,odom,map,0.382494,-0.516367,-2.31343,0,0,0,,,
65.016,ekf_predict_only,map,0.33318,-0.419905,-2.37836,51.9422,49.6371,4.94688,,,
65.016,ekf,map,0.402014,-0.442211,-2.27714,0.0290686,0.039909,-0.00400758,0.107375,,
65.016,kf,map,0.408285,-0.461683,-2.26591,0.0301227,0.0590349,-0.0107185,0.146917,,
65.016,pf,map,0.38061,-0.460699,-2.27895,0.0250486,0.0353439,-0.00207865,7.41754,450.288,0
65.052,odom,map,0.37749,-0.521733,-2.32908,0,0,0,,,
65.088,odom,map,0.372439,-0.526984,-2.34463,0,0,0,,,
65.124,odom,map,0.367462,-0.532,-2.35979,0,0,0,,,
65.16,odom,map,0.362502,-0.536852,-2.37473,0,0,0,,,
65.196,odom,map,0.357485,-0.541614,-2.38962,0,0,0,,,
65.196,ekf_predict_only,map,0.309241,-0.442805,-2.45083,52.7289,49.4439,4.72816,,,
65.232,odom,map,0.352562,-0.546153,-2.4042,0,0,0,,,
65.196,ekf,map,0.383866,-0.475916,-2.36109,0.0288437,0.0396987,-0.0041536,0.148709,,
65.196,kf,map,0.386887,-0.484949,-2.3548,0.0302823,0.0586201,-0.0109841,0.102709,,
65.196,pf,map,0.396298,-0.496152,-2.35867,0.0279454,0.0408259,-0.00177837,7.97642,465.2,0
65.202,amcl,map,0.365096,-0.534397,-2.38281,0.0381268,0.0265827,0.00870558,,,
65.268,odom,map,0.347702,-0.550503,-2.4186,0,0,0,,,
65.304,odom,map,0.342935,-0.554651,-2.43277,0,0,0,,,
65.34,odom,map,0.33832,-0.558554,-2.44655,0,0,0,,,
65.376,odom,map,0.334033,-0.562082,-2.45943,0,0,0,,,
65.412,odom,map,0.330571,-0.564408,-2.4701,0,0,0,,,
65.412,ekf_predict_only,map,0.302502,-0.448376,-2.49841,52.9982,49.4643,4.65867,,,
65.412,ekf,map,0.360681,-0.500742,-2.43692,0.0292449,0.0405608,-0.00444522,0.1335,,
65.412,kf,map,0.362374,-0.502929,-2.43402,0.0304911,0.0586415,-0.0111983,0.245375,,
65.412,pf,map,0.371849,-0.507129,-2.42518,0.0292044,0.0463609,-0.00986555,6.53425,454.635,0
65.448,odom,map,0.327818,-0.565086,-2.47891,0,0,0,,,
65.484,odom,map,0.326071,-0.56495,-2.48513,0,0,0,,,
65.52,odom,map,0.325324,-0.564033,-2.48876,0,0,0,,,
65.556,odom,map,0.324908,-0.562859,-2.49013,0,0,0,,,
65.592,odom,map,0.324489,-0.561686,-2.4912,0,0,0,,,
65.628,odom,map,0.324372,-0.561359,-2.49149,0,0,0,,,
65.592,ekf_predict_only,map,0.302502,-0.448376,-2.49841,53.0982,49.5643,4.65867,,,
65.592,ekf,map,0.355912,-0.509948,-2.4582,0.0289848,0.0401084,-0.00442793,0.112916,,
65.592,kf,map,0.355782,-0.508282,-2.45799,0.0304706,0.0584291,-0.0112227,0.108958,,
65.592,pf,map,0.33315,-0.491618,-2.47944,0.0282334,0.0383019,-0.0054847,6.679,408.269,0
65.664,odom,map,0.324372,-0.561359,-2.49149,0,0,0,,,
65.7,odom,map,0.324372,-0.561359,-2.49149,0,0,0,,,
65.736,odom,map,0.324372,-0.561359,-2.49149,0,0,0,,,
65.772,odom,map,0.324372,-0.561359,-2.49149,0,0,0,,,
65.808,odom,map,0.324372,-0.561359,-2.49149,0,0,0,,,
65.808,ekf,map,0.36515,-0.509556,-2.4656,0.0293273,0.0407102,-0.0045797,0.098292,,
65.808,kf,map,0.363799,-0.506558,-2.46686,0.0305584,0.0585741,-0.0112824,0.227417,,
65.808,ekf_predict_only,map,0.302502,-0.448376,-2.49841,53.1982,49.6643,4.65867,,,
65.808,pf,map,0.343073,-0.531402,-2.44687,0.0287434,0.0317165,-0.00163606,10.9596,450.369,0
65.844,odom,map,0.324372,-0.561359,-2.49149,0,0,0,,,
65.88,odom,map,0.324372,-0.561359,-2.49149,0,0,0,,,
65.916,odom,map,0.324372,-0.561359,-2.49149,0,0,0,,,
65.952,odom,map,0.324372,-0.561359,-2.49149,0,0,0,,,
65.988,odom,map,0.324372,-0.561359,-2.49149,0,0,0,,,
66.024,odom,map,0.325655,-0.561229,-2.48976,0,0,0,,,
65.988,ekf,map,0.355816,-0.512045,-2.46665,0.0290197,0.0400636,-0.00446342,0.112,,
65.988,kf,map,0.355354,-0.509938,-2.46777,0.0304949,0.0584049,-0.011253,0.100208,,
65.988,ekf_predict_only,map,0.302502,-0.448376,-2.49841,53.2982,49.7643,4.65867,,,
65.988,pf,map,0.347017,-0.54387,-2.43348,0.0260427,0.035439,-0.004491,15.8868,438.58,0
66.06,odom,map,0.327649,-0.561025,-2.48704,0,0,0,,,
66.096,odom,map,0.329627,-0.56082,-2.48432,0,0,0,,,
66.132,odom,map,0.331587,-0.560615,-2.4816,0,0,0,,,
66.168,odom,map,0.333531,-0.560409,-2.47889,0,0,0,,,
66.204,odom,map,0.334962,-0.560519,-2.47643,0,0,0,,,
66.204,ekf,map,0.352213,-0.513526,-2.46679,0.0293663,0.0408104,-0.0046472,0.128458,,
66.204,ekf_predict_only,map,0.293644,-0.455016,-2.4994,53.6011,49.7616,4.56179,,,
66.204,kf,map,0.351747,-0.512858,-2.46728,0.0305865,0.058546,-0.0113172,0.11975,,
66.204,pf,map,0.352723,-0.542436,-2.43959,0.024441,0.0305682,-0.00339778,7.06379,499.302,0
66.24,odom,map,0.333789,-0.561439,-2.47659,0,0,0,,,
66.276,odom,map,0.332033,-0.562816,-2.47696,0,0,0,,,
66.312,odom,map,0.32996,-0.564439,-2.47767,0,0,0,,,
66.348,odom,map,0.327725,-0.566186,-2.47866,0,0,0,,,
66.384,odom,map,0.325341,-0.568045,-2.47999,0,0,0,,,
66.42,odom,map,0.322727,-0.570077,-2.48181,0,0,0,,,
66.384,ekf,map,0.345607,-0.514654,-2.46883,0.0291086,0.0404395,-0.00465219,0.103416,,
66.384,kf,map,0.346635,-0.518678,-2.46717,0.0305694,0.0583303,-0.0113447,0.169291,,
66.384,ekf_predict_only,map,0.279392,-0.465675,-2.51027,54.0296,49.7011,4.40226,,,
66.384,pf,map,0.33621,-0.522628,-2.45939,0.0249164,0.0398907,-0.00364535,11.2063,466.202,0
66.456,odom,map,0.319883,-0.572278,-2.48438,0,0,0,,,
66.492,odom,map,0.317018,-0.574482,-2.48724,0,0,0,,,
66.528,odom,map,0.314098,-0.576714,-2.49056,0,0,0,,,
66.564,odom,map,0.310989,-0.579073,-2.4947,0,0,0,,,
66.6,odom,map,0.307741,-0.581515,-2.4994,0,0,0,,,
66.6,ekf_predict_only,map,0.258805,-0.480727,-2.54182,54.5989,49.5796,4.16226,,,
66.6,kf,map,0.334278,-0.52996,-2.48227,0.0307317,0.0584008,-0.0114942,0.103875,,
66.6,ekf,map,0.331568,-0.521164,-2.48626,0.0295036,0.0413535,-0.00493368,0.114417,,
66.6,pf,map,0.305708,-0.558604,-2.45601,0.0300238,0.0368089,-0.00063427,6.035,460.515,0
66.636,odom,map,0.304398,-0.584002,-2.50438,0,0,0,,,
66.672,odom,map,0.301128,-0.58641,-2.50999,0,0,0,,,
66.708,odom,map,0.298454,-0.588353,-2.51684,0,0,0,,,
66.744,odom,map,0.295837,-0.590225,-2.52404,0,0,0,,,
66.78,odom,map,0.292926,-0.592276,-2.5314,0,0,0,,,
66.816,odom,map,0.290048,-0.594272,-2.53946,0,0,0,,,
66.816,ekf_predict_only,map,0.242845,-0.491641,-2.59325,55.0433,49.5163,3.96628,,,
66.816,ekf,map,0.321652,-0.530082,-2.52633,0.0295971,0.0417429,-0.00509943,0.199833,,
66.816,kf,map,0.324543,-0.539035,-2.52196,0.0308145,0.0583449,-0.0115946,0.102125,,
66.816,pf,map,0.28665,-0.560131,-2.52449,0.0306524,0.0271138,-0.00226659,7.31987,444.53,0
66.852,odom,map,0.28754,-0.59598,-2.54868,0,0,0,,,
66.888,odom,map,0.285038,-0.597648,-2.55807,0,0,0,,,
66.924,odom,map,0.282653,-0.599207,-2.56794,0,0,0,,,
66.96,odom,map,0.280492,-0.600587,-2.57885,0,0,0,,,
66.996,odom,map,0.27831,-0.601945,-2.59073,0,0,0,,,
66.996,ekf,map,0.303864,-0.545022,-2.58117,0.0292695,0.0411645,-0.005024,0.102667,,
67.032,odom,map,0.276097,-0.603287,-2.60283,0,0,0,,,
66.996,kf,map,0.305629,-0.549154,-2.57882,0.0307856,0.0581178,-0.0116047,0.169542,,
66.996,ekf_predict_only,map,0.231802,-0.498386,-2.65375,55.3579,49.5076,3.82382,,,
67.002,amcl,map,0.277212,-0.606891,-2.58189,0.0359033,0.0215396,0.00503935,,,
66.996,pf,map,0.284448,-0.579699,-2.55701,0.0270745,0.0404339,-0.00124738,13.7253,480.179,0
67.068,odom,map,0.273776,-0.604654,-2.61552,0,0,0,,,
67.104,odom,map,0.271264,-0.60609,-2.62918,0,0,0,,,
67.14,odom,map,0.268629,-0.607548,-2.6434,0,0,0,,,
67.176,odom,map,0.265923,-0.608994,-2.65794,0,0,0,,,
67.212,odom,map,0.263045,-0.610479,-2.67264,0,0,0,,,
67.212,ekf_predict_only,map,0.214018,-0.507823,-2.7424,55.7603,49.4401,3.5833,,,
67.212,ekf,map,0.278302,-0.560901,-2.66453,0.0296626,0.0420805,-0.00530826,0.094584,,
67.212,kf,map,0.279255,-0.562202,-2.66375,0.0309015,0.0582315,-0.0116957,0.106458,,
67.212,pf,map,0.281661,-0.603346,-2.63946,0.0292507,0.0360629,-0.00492219,6.04063,497.224,0
67.248,odom,map,0.259896,-0.612044,-2.68759,0,0,0,,,
67.284,odom,map,0.256186,-0.613818,-2.70303,0,0,0,,,
67.32,odom,map,0.252281,-0.615613,-2.71879,0,0,0,,,
67.356,odom,map,0.248296,-0.617368,-2.73472,0,0,0,,,
67.392,odom,map,0.244011,-0.619173,-2.75089,0,0,0,,,
67.428,odom,map,0.239416,-0.621021,-2.76728,0,0,0,,,
67.392,ekf_predict_only,map,0.190964,-0.517548,-2.82453,56.1747,49.3366,3.25357,,,
67.392,ekf,map,0.264044,-0.579309,-2.75055,0.029429,0.0419143,-0.00537377,0.10275,,
67.392,kf,map,0.260854,-0.570931,-2.75434,0.0308576,0.0580423,-0.0116884,0.109875,,
67.392,pf,map,0.269884,-0.602915,-2.72798,0.0300999,0.0398564,-0.000432471,6.485,431.972,0
67.464,odom,map,0.234744,-0.622812,-2.7837,0,0,0,,,
67.5,odom,map,0.229953,-0.624559,-2.80018,0,0,0,,,
67.536,odom,map,0.224803,-0.62634,-2.81684,0,0,0,,,
67.572,odom,map,0.219148,-0.628191,-2.83365,0,0,0,,,
67.608,odom,map,0.213401,-0.629965,-2.85047,0,0,0,,,
67.608,ekf,map,0.185337,-0.603046,-2.84473,0.0624716,0.0643514,-0.000820006,0.074708,,
67.608,kf,map,0.187667,-0.597903,-2.84696,0.0574474,0.0618507,-0.00189325,0.060167,,
67.608,ekf_predict_only,map,0.156673,-0.5288,-2.92542,56.6419,49.1628,2.73896,,,
67.602,amcl,map,0.215443,-0.635845,-2.8396,0.0379832,0.0200167,0.0058424,,,
67.608,pf,map,0.157903,-0.62559,-2.8325,0.0559572,0.0594514,0.000318501,4.84904,531.884,0
67.644,odom,map,0.207466,-0.631689,-2.86727,0,0,0,,,
67.68,odom,map,0.201183,-0.6334,-2.8839,0,0,0,,,
67.716,odom,map,0.194415,-0.635124,-2.90018,0,0,0,,,
67.752,odom,map,0.187346,-0.636803,-2.91628,0,0,0,,,
67.788,odom,map,0.180067,-0.63841,-2.93229,0,0,0,,,
67.824,odom,map,0.172499,-0.640621,-2.9469,0,0,0,,,
67.788,ekf_predict_only,map,0.118658,-0.537148,-3.00447,57.0168,48.9997,2.14208,,,
67.788,ekf,map,0.132116,-0.616197,-2.92253,0.0669062,0.0671837,-0.000121309,0.060292,,
67.788,kf,map,0.134271,-0.61403,-2.92347,0.0616379,0.0622751,-0.000273978,0.060292,,
67.788,pf,map,0.101151,-0.657165,-2.92603,0.0611698,0.0589011,0.00285415,5.23575,474.047,0
67.86,odom,map,0.164496,-0.643193,-2.96048,0,0,0,,,
67.896,odom,map,0.156159,-0.645728,-2.97373,0,0,0,,,
67.932,odom,map,0.147614,-0.6482,-2.98671,0,0,0,,,
67.968,odom,map,0.138772,-0.65062,-2.99942,0,0,0,,,
68.004,odom,map,0.129527,-0.652935,-3.01208,0,0,0,,,
68.004,ekf_predict_only,map,0.0605442,-0.545167,-3.08989,57.3827,48.7798,1.2005,,,
68.004,ekf,map,0.0742376,-0.626747,-3.01109,0.068638,0.068697,-2.23472e-05,0.06375,,
68.004,kf,map,0.0751053,-0.626139,-3.01115,0.0624488,0.0625385,-3.85412e-05,0.07375,,
68.004,pf,map,0.0308962,-0.659712,-3.02318,0.0540611,0.0600109,-0.000594324,6.67325,489.815,0
68.04,odom,map,0.119962,-0.654111,-3.0264,0,0,0,,,
68.076,odom,map,0.110071,-0.655184,-3.04052,0,0,0,,,
68.112,odom,map,0.100121,-0.656123,-3.05462,0,0,0,,,
68.148,odom,map,0.0900223,-0.656932,-3.06851,0,0,0,,,
68.184,odom,map,0.0798302,-0.657608,-3.082,0,0,0,,,
68.22,odom,map,0.0696133,-0.65815,-3.09532,0,0,0,,,
68.184,ekf_predict_only,map,0.00945581,-0.547811,3.12671,57.5708,48.6811,0.354467,,,
68.184,kf,map,0.0243124,-0.631327,-3.08066,0.062362,0.0623747,-5.45798e-06,0.106583,,
68.202,amcl,map,0.0718159,-0.658226,-3.0849,0.0421469,0.0183536,0.00531629,,,
68.184,ekf,map,0.0240207,-0.631369,-3.08089,0.0676527,0.0676877,-8.41548e-06,0.05425,,
68.184,pf,map,0.0122416,-0.6795,-3.09849,0.0573971,0.0583171,-0.00186894,9.98758,512.439,0
68.256,odom,map,0.0592635,-0.658562,-3.10812,0,0,0,,,
68.292,odom,map,0.0488712,-0.658844,-3.12069,0,0,0,,,
68.328,odom,map,0.0384115,-0.659,-3.13262,0,0,0,,,
68.364,odom,map,0.027737,-0.659035,3.13933,0,0,0,,,
68.4,odom,map,0.0168585,-0.658951,3.12876,0,0,0,,,
68.4,ekf_predict_only,map,-0.0563406,-0.546832,3.06534,57.6382,48.6394,-0.743616,,,
68.4,ekf,map,-0.0396381,-0.632787,3.13226,0.0686992,0.0687561,-8.69506e-06,0.11625,,
68.4,kf,map,-0.0397011,-0.633098,3.13314,0.0625507,0.0625525,-7.65419e-07,0.065833,,
68.4,pf,map,-0.0233448,-0.669399,3.11557,0.0684322,0.0632219,0.00280491,4.59621,466.501,0
68.436,odom,map,0.00614591,-0.658787,3.11805,0,0,0,,,
68.472,odom,map,-0.00460625,-0.658499,3.10749,0,0,0,,,
68.508,odom,map,-0.0156413,-0.658084,3.0981,0,0,0,,,
68.544,odom,map,-0.0266814,-0.657561,3.08943,0,0,0,,,
68.58,odom,map,-0.0376904,-0.656945,3.08232,0,0,0,,,
68.616,odom,map,-0.0487936,-0.656246,3.07639,0,0,0,,,
68.616,ekf,map,-0.106285,-0.629781,3.08635,0.0689446,0.0690217,-7.66528e-06,0.069416,,
68.616,ekf_predict_only,map,-0.123842,-0.541675,3.03632,57.5667,48.7281,-1.86641,,,
68.616,kf,map,-0.106402,-0.630317,3.08825,0.0625771,0.0625774,-1.07194e-07,0.076666,,
68.616,pf,map,-0.091847,-0.679279,3.06516,0.0651938,0.0630265,-0.00153565,6.59312,486.007,0
68.652,odom,map,-0.0601401,-0.65548,3.07223,0,0,0,,,
68.688,odom,map,-0.0715776,-0.654665,3.0688,0,0,0,,,
68.724,odom,map,-0.0831648,-0.653808,3.06682,0,0,0,,,
68.76,odom,map,-0.0947547,-0.65293,3.06543,0,0,0,,,
68.796,odom,map,-0.106388,-0.652042,3.06561,0,0,0,,,
68.796,ekf_predict_only,map,-0.181213,-0.535613,3.04602,57.4661,48.9255,-2.81038,,,
68.796,ekf,map,-0.163558,-0.625262,3.07705,0.0676623,0.0677398,-4.21252e-06,0.067041,,
68.796,kf,map,-0.163637,-0.625799,3.07925,0.0623802,0.0623802,-1.51706e-08,0.124667,,
68.832,odom,map,-0.117942,-0.651167,3.06675,0,0,0,,,
68.796,pf,map,-0.172486,-0.656604,3.05218,0.0608996,0.0657755,-0.000183187,10.053,491.603,0
68.868,odom,map,-0.129448,-0.650315,3.06869,0,0,0,,,
68.904,odom,map,-0.141007,-0.649484,3.07111,0,0,0,,,
68.94,odom,map,-0.15262,-0.648686,3.07506,0,0,0,,,
68.976,odom,map,-0.164191,-0.64794,3.07964,0,0,0,,,
69.012,kf,map,-0.232648,-0.620754,3.09735,0.0625532,0.0625532,-2.12732e-09,0.060417,,
69.012,odom,map,-0.175925,-0.647347,3.08556,0,0,0,,,
69.012,ekf,map,-0.23262,-0.620272,3.09507,0.0686483,0.0687542,-1.37095e-06,0.055208,,
69.012,ekf_predict_only,map,-0.249923,-0.529026,3.08048,57.3494,49.2722,-3.92875,,,
69.012,pf,map,-0.266007,-0.642198,3.07296,0.0659832,0.0570472,0.00184208,10.474,494.941,0
69.048,odom,map,-0.188201,-0.64704,3.09247,0,0,0,,,
69.084,odom,map,-0.200437,-0.646829,3.09981,0,0,0,,,
69.12,odom,map,-0.21251,-0.646727,3.10827,0,0,0,,,
69.156,odom,map,-0.224427,-0.646745,3.11761,0,0,0,,,
69.192,odom,map,-0.236066,-0.64689,3.12822,0,0,0,,,
69.192,kf,map,-0.288042,-0.618252,3.13266,0.0623768,0.0623768,-3.01123e-10,0.058666,,
69.228,odom,map,-0.247095,-0.646901,3.13836,0,0,0,,,
69.201,amcl,map,-0.235696,-0.653646,3.1366,0.0416247,0.0245914,-0.00366788,,,
69.192,ekf,map,-0.288142,-0.617909,3.13077,0.0676177,0.0677144,8.27932e-07,0.105916,,
69.192,ekf_predict_only,map,-0.303599,-0.525742,3.13182,57.3418,49.6636,-4.79875,,,
69.192,pf,map,-0.31601,-0.639637,3.10255,0.0586522,0.0628159,-0.00224612,12.2457,476.219,0
69.264,odom,map,-0.257868,-0.64692,-3.13473,0,0,0,,,
69.3,odom,map,-0.268514,-0.647048,-3.12409,0,0,0,,,
69.336,odom,map,-0.27896,-0.647293,-3.11218,0,0,0,,,
69.372,odom,map,-0.289382,-0.647662,-3.10008,0,0,0,,,
69.408,ekf,map,-0.351247,-0.61839,-3.08674,0.0686727,0.0687888,2.1436e-06,0.05775,,
69.408,odom,map,-0.299745,-0.648155,-3.08788,0,0,0,,,
69.408,ekf_predict_only,map,-0.364288,-0.525149,-3.07403,57.4225,50.1979,-5.78861,,,
69.408,kf,map,-0.350998,-0.618569,-3.085,0.0625528,0.0625528,-4.22264e-11,0.071583,,
69.408,pf,map,-0.390396,-0.648328,-3.09186,0.0615044,0.0540904,-0.000398993,12.7166,481.263,0
69.444,odom,map,-0.309761,-0.648759,-3.07462,0,0,0,,,
69.48,odom,map,-0.319604,-0.649487,-3.0607,0,0,0,,,
69.516,odom,map,-0.329311,-0.650344,-3.04645,0,0,0,,,
69.552,odom,map,-0.338734,-0.651313,-3.03162,0,0,0,,,
69.588,odom,map,-0.347901,-0.652396,-3.01621,0,0,0,,,
69.588,ekf,map,-0.398996,-0.622307,-3.01604,0.0676462,0.0677418,1.32338e-06,0.058875,,
69.588,kf,map,-0.398649,-0.622359,-3.01469,0.0623767,0.0623767,-5.9772e-12,0.058541,,
69.624,odom,map,-0.356808,-0.653589,-3.00035,0,0,0,,,
69.588,ekf_predict_only,map,-0.408796,-0.528161,-2.99425,57.621,50.6874,-6.53009,,,
69.588,pf,map,-0.428602,-0.648341,-3.04098,0.061853,0.0586292,0.00245954,9.5455,490.503,0
69.66,odom,map,-0.365631,-0.654916,-2.98439,0,0,0,,,
69.696,odom,map,-0.374241,-0.656351,-2.96814,0,0,0,,,
69.732,odom,map,-0.382444,-0.65786,-2.95106,0,0,0,,,
69.768,odom,map,-0.390365,-0.659458,-2.93359,0,0,0,,,
69.804,odom,map,-0.397985,-0.661137,-2.91572,0,0,0,,,
69.804,ekf_predict_only,map,-0.454585,-0.534957,-2.88537,57.9445,51.2508,-7.31717,,,
69.804,ekf,map,-0.448863,-0.630476,-2.91592,0.0687006,0.0688025,-3.55858e-07,0.055583,,
69.804,kf,map,-0.448371,-0.630367,-2.91463,0.0625527,0.0625527,-8.38181e-13,0.176708,,
69.801,amcl,map,-0.390404,-0.6612,-2.93376,0.0401124,0.0280581,-0.00466291,,,
69.804,pf,map,-0.481944,-0.644193,-2.93936,0.0634509,0.0527016,0.00201283,7.28163,466.471,0
69.84,odom,map,-0.405489,-0.662933,-2.89758,0,0,0,,,
69.876,odom,map,-0.412739,-0.664808,-2.87917,0,0,0,,,
69.912,odom,map,-0.419511,-0.666695,-2.86024,0,0,0,,,
69.948,odom,map,-0.425981,-0.668631,-2.84125,0,0,0,,,
69.984,odom,map,-0.432056,-0.670576,-2.82188,0,0,0,,,
70.02,odom,map,-0.437693,-0.673397,-2.80185,0,0,0,,,
69.984,ekf_predict_only,map,-0.485159,-0.542967,-2.788,58.3096,51.6958,-7.86839,,,
69.984,ekf,map,-0.422125,-0.617768,-2.81798,0.0305359,0.0515134,-0.00636846,0.097667,,
69.984,kf,map,-0.422803,-0.622873,-2.81636,0.0302742,0.0598559,-0.00899575,0.098583,,
69.984,pf,map,-0.430038,-0.601047,-2.83048,0.0298788,0.0529859,-0.00745219,7.16058,414.803,0
70.056,odom,map,-0.44276,-0.676871,-2.78119,0,0,0,,,
70.092,odom,map,-0.447327,-0.680291,-2.76027,0,0,0,,,
70.128,odom,map,-0.451472,-0.683668,-2.73914,0,0,0,,,
70.164,odom,map,-0.455379,-0.687066,-2.71788,0,0,0,,,
70.2,odom,map,-0.459003,-0.690453,-2.69634,0,0,0,,,
70.2,ekf_predict_only,map,-0.508834,-0.551705,-2.66379,58.7011,52.0827,-8.3162,,,
70.2,kf,map,-0.441895,-0.631194,-2.69947,0.0292666,0.059916,-0.00936841,0.102333,,
70.2,amcl,map,-0.424357,-0.68681,-2.69523,0.0351215,0.0235044,-0.0045272,,,
70.2,ekf,map,-0.442089,-0.628531,-2.70065,0.0296789,0.0521279,-0.00683015,0.127625,,
70.2,pf,map,-0.46581,-0.617242,-2.71737,0.028974,0.0453337,-0.00287744,8.86637,537.853,0
70.236,odom,map,-0.462811,-0.692366,-2.67562,0,0,0,,,
70.272,odom,map,-0.466312,-0.694172,-2.65489,0,0,0,,,
70.308,odom,map,-0.469689,-0.696003,-2.63415,0,0,0,,,
70.344,odom,map,-0.472875,-0.697817,-2.61335,0,0,0,,,
70.38,odom,map,-0.47554,-0.699409,-2.59243,0,0,0,,,
70.416,odom,map,-0.47801,-0.700956,-2.57148,0,0,0,,,
70.416,ekf_predict_only,map,-0.524363,-0.559746,-2.53807,59.0714,52.3801,-8.62833,,,
70.416,ekf,map,-0.4607,-0.642861,-2.58196,0.0297163,0.0523655,-0.00696649,0.113375,,
70.416,kf,map,-0.461056,-0.641298,-2.58215,0.0292612,0.0599003,-0.00944403,0.112208,,
70.416,pf,map,-0.485523,-0.671905,-2.57633,0.0269296,0.0382429,-0.00500829,7.13296,514.885,0
70.452,odom,map,-0.480276,-0.702442,-2.55056,0,0,0,,,
70.488,odom,map,-0.48231,-0.703837,-2.52968,0,0,0,,,
70.524,odom,map,-0.484188,-0.705184,-2.5089,0,0,0,,,
70.56,odom,map,-0.485995,-0.706538,-2.48817,0,0,0,,,
70.596,odom,map,-0.487676,-0.707852,-2.4674,0,0,0,,,
70.596,ekf_predict_only,map,-0.531699,-0.564804,-2.43394,59.3424,52.576,-8.78543,,,
70.632,odom,map,-0.488684,-0.707561,-2.45012,0,0,0,,,
70.596,ekf,map,-0.467216,-0.647462,-2.4771,0.0293937,0.0514479,-0.00685846,0.106916,,
70.596,kf,map,-0.467334,-0.647109,-2.47725,0.0292215,0.059682,-0.00945882,1.24246,,
70.602,amcl,map,-0.457467,-0.691927,-2.49037,0.0330328,0.0187216,-0.00328378,,,
70.596,pf,map,-0.472694,-0.650152,-2.47191,0.0260652,0.0432176,-0.00518803,8.26892,511.741,0
70.668,odom,map,-0.489421,-0.706916,-2.43341,0,0,0,,,
70.704,odom,map,-0.490094,-0.706222,-2.41677,0,0,0,,,
70.74,odom,map,-0.490595,-0.705374,-2.40014,0,0,0,,,
70.776,odom,map,-0.490967,-0.704407,-2.38359,0,0,0,,,
70.812,odom,map,-0.491373,-0.703877,-2.36597,0,0,0,,,
70.812,ekf,map,-0.472299,-0.647476,-2.34829,0.0297238,0.0521778,-0.00702737,0.117708,,
70.812,ekf_predict_only,map,-0.536031,-0.568509,-2.31179,59.5682,52.7334,-8.8835,,,
70.812,kf,map,-0.471074,-0.651816,-2.3471,0.0293152,0.0598178,-0.00953527,0.120417,,
70.812,pf,map,-0.466357,-0.67539,-2.3447,0.0303004,0.0482995,-0.0041817,7.38617,464.85,0
70.848,odom,map,-0.492041,-0.704545,-2.3456,0,0,0,,,
70.884,odom,map,-0.492692,-0.705225,-2.32521,0,0,0,,,
70.92,odom,map,-0.493199,-0.705774,-2.30493,0,0,0,,,
70.956,odom,map,-0.493516,-0.706131,-2.28483,0,0,0,,,
70.992,odom,map,-0.493753,-0.70641,-2.26481,0,0,0,,,
71.028,odom,map,-0.489653,-0.707402,-2.24197,0,0,0,,,
70.992,ekf_predict_only,map,-0.536584,-0.569114,-2.2138,59.6888,52.8408,-8.89695,,,
70.992,ekf,map,-0.472468,-0.646276,-2.24433,0.0294129,0.0514112,-0.0068837,0.1075,,
70.992,kf,map,-0.470442,-0.653454,-2.24204,0.0292646,0.0596353,-0.00952767,0.152833,,
71.001,amcl,map,-0.480645,-0.703245,-2.27515,0.025543,0.0180095,-0.00387529,,,
70.992,pf,map,-0.456929,-0.688796,-2.24054,0.0291383,0.0441021,-0.00755559,9.32567,517.607,0
71.064,odom,map,-0.483895,-0.708654,-2.21839,0,0,0,,,
71.1,odom,map,-0.478075,-0.709793,-2.19518,0,0,0,,,
71.136,odom,map,-0.472257,-0.710898,-2.17204,0,0,0,,,
71.172,odom,map,-0.46646,-0.711992,-2.14916,0,0,0,,,
71.208,odom,map,-0.46193,-0.71278,-2.1276,0,0,0,,,
71.208,kf,map,-0.476104,-0.655656,-2.13422,0.0293356,0.0597969,-0.00956776,0.143625,,
71.208,ekf,map,-0.477504,-0.651809,-2.13596,0.0297264,0.0521695,-0.00701782,0.105875,,
71.208,ekf_predict_only,map,-0.536313,-0.568752,-2.10726,59.7765,52.9371,-8.88993,,,
71.208,pf,map,-0.494707,-0.674001,-2.12509,0.0278824,0.0418216,-0.00367977,8.348,493.511,0
71.244,odom,map,-0.461887,-0.71271,-2.10966,0,0,0,,,
71.28,odom,map,-0.461849,-0.712645,-2.0919,0,0,0,,,
71.316,odom,map,-0.461765,-0.712496,-2.0744,0,0,0,,,
71.352,odom,map,-0.46163,-0.712245,-2.05715,0,0,0,,,
71.388,odom,map,-0.461471,-0.711937,-2.04035,0,0,0,,,
71.424,odom,map,-0.461758,-0.710171,-2.02688,0,0,0,,,
71.388,kf,map,-0.479495,-0.656077,-2.03487,0.0292662,0.0596336,-0.0095303,0.101959,,
71.4,amcl,map,-0.485568,-0.706173,-2.07736,0.0227794,0.0199624,-0.00289676,,,
71.388,ekf,map,-0.483068,-0.64441,-2.03851,0.029418,0.0514214,-0.0068857,0.099916,,
71.388,ekf_predict_only,map,-0.535402,-0.567219,-2.02417,59.8244,53.025,-8.86424,,,
71.388,pf,map,-0.485597,-0.666053,-2.02153,0.0306503,0.0405866,-0.00614074,7.82483,526.484,0
71.46,odom,map,-0.462299,-0.707519,-2.0154,0,0,0,,,
71.496,odom,map,-0.462831,-0.704763,-2.00447,0,0,0,,,
71.532,odom,map,-0.463343,-0.701877,-1.99385,0,0,0,,,
71.568,odom,map,-0.463908,-0.699017,-1.98338,0,0,0,,,
71.604,odom,map,-0.464462,-0.696275,-1.97297,0,0,0,,,
71.604,ekf,map,-0.494184,-0.648655,-1.94784,0.0297023,0.0522118,-0.00697452,0.102125,,
71.604,kf,map,-0.491146,-0.65697,-1.94478,0.0293142,0.0598183,-0.00953361,0.185041,,
71.604,ekf_predict_only,map,-0.533676,-0.563677,-1.93471,59.8043,53.1021,-8.81147,,,
71.604,pf,map,-0.493244,-0.665298,-1.95047,0.0304615,0.0482314,-0.00560946,5.7045,500.905,0
71.64,odom,map,-0.46421,-0.695669,-1.95806,0,0,0,,,
71.676,odom,map,-0.463981,-0.695097,-1.94341,0,0,0,,,
71.712,odom,map,-0.46376,-0.69452,-1.92919,0,0,0,,,
71.748,odom,map,-0.463605,-0.694098,-1.91553,0,0,0,,,
71.784,odom,map,-0.463605,-0.694098,-1.9042,0,0,0,,,
71.784,kf,map,-0.488365,-0.655184,-1.87592,0.0292402,0.0596596,-0.00948864,0.108125,,
71.784,ekf_predict_only,map,-0.533676,-0.563677,-1.92213,59.9043,53.2021,-8.81147,,,
71.82,odom,map,-0.465039,-0.69445,-1.89655,0,0,0,,,
71.784,ekf,map,-0.494087,-0.635217,-1.88138,0.0294108,0.051484,-0.00687807,0.1665,,
71.784,pf,map,-0.478523,-0.673569,-1.87134,0.0245427,0.040779,-0.00370284,20.042,497.285,0
71.856,odom,map,-0.467705,-0.695322,-1.89228,0,0,0,,,
71.892,odom,map,-0.470756,-0.697338,-1.88772,0,0,0,,,
71.928,odom,map,-0.474086,-0.700208,-1.8819,0,0,0,,,
71.964,odom,map,-0.477545,-0.703495,-1.87621,0,0,0,,,
72,odom,map,-0.481326,-0.707823,-1.87097,0,0,0,,,
72,ekf_predict_only,map,-0.544427,-0.593009,-1.87837,61.011,53.4463,-9.19266,,,
72,kf,map,-0.48681,-0.670105,-1.82699,0.0294156,0.0597167,-0.00969376,0.102667,,
72,ekf,map,-0.490443,-0.655371,-1.83218,0.0297948,0.0523313,-0.00714897,0.177875,,
72,amcl,map,-0.491069,-0.707499,-1.87787,0.0210894,0.0201961,-0.000691548,,,
72,pf,map,-0.507511,-0.663177,-1.837,0.0276854,0.0422549,-0.0014169,6.22692,511.305,0
72.036,odom,map,-0.482819,-0.712487,-1.86376,0,0,0,,,
72.072,odom,map,-0.484304,-0.717477,-1.85647,0,0,0,,,
72.108,odom,map,-0.485805,-0.72266,-1.84906,0,0,0,,,
72.144,odom,map,-0.487503,-0.728692,-1.84151,0,0,0,,,
72.18,odom,map,-0.489408,-0.735663,-1.83372,0,0,0,,,
72.216,odom,map,-0.491711,-0.74317,-1.82617,0,0,0,,,
72.216,ekf,map,-0.499729,-0.69028,-1.78429,0.030037,0.0524817,-0.00753835,0.119,,
72.216,ekf_predict_only,map,-0.558069,-0.635954,-1.83135,62.6339,53.7345,-9.73078,,,
72.216,kf,map,-0.496067,-0.703417,-1.77946,0.0296517,0.059507,-0.0100529,0.104208,,
72.216,pf,map,-0.482489,-0.726911,-1.77706,0.0296273,0.0421223,-0.00624647,6.59713,499.973,0
72.252,odom,map,-0.494654,-0.751446,-1.81918,0,0,0,,,
72.288,odom,map,-0.49769,-0.760289,-1.81238,0,0,0,,,
72.324,odom,map,-0.500907,-0.770084,-1.80584,0,0,0,,,
72.36,odom,map,-0.504128,-0.780126,-1.79935,0,0,0,,,
72.396,odom,map,-0.507336,-0.790359,-1.79292,0,0,0,,,
72.432,odom,map,-0.509693,-0.800529,-1.78604,0,0,0,,,
72.396,ekf_predict_only,map,-0.571724,-0.687171,-1.79668,64.6267,54.0288,-10.3475,,,
72.396,ekf,map,-0.520232,-0.73876,-1.7496,0.029939,0.0515066,-0.00776879,0.098834,,
72.396,kf,map,-0.516506,-0.749686,-1.74548,0.0298962,0.0590057,-0.0104667,0.090292,,
72.396,pf,map,-0.504645,-0.753089,-1.74501,0.0302993,0.051869,-0.00844175,9.953,529.283,0
72.468,odom,map,-0.511966,-0.811106,-1.77911,0,0,0,,,
72.504,odom,map,-0.514226,-0.821983,-1.77219,0,0,0,,,
72.54,odom,map,-0.516452,-0.833079,-1.76535,0,0,0,,,
72.576,odom,map,-0.518706,-0.844728,-1.75871,0,0,0,,,
72.612,odom,map,-0.520945,-0.856717,-1.75205,0,0,0,,,
72.612,ekf_predict_only,map,-0.588233,-0.759008,-1.75651,67.522,54.3716,-11.197,,,
72.612,ekf,map,-0.529159,-0.802983,-1.7085,0.0306971,0.0521564,-0.0085544,0.10975,,
72.612,kf,map,-0.525754,-0.813448,-1.70468,0.0304599,0.0586699,-0.0111575,0.100584,,
72.612,pf,map,-0.500551,-0.823557,-1.69541,0.0267549,0.0489733,-0.00744221,6.81242,520.862,0
72.648,odom,map,-0.523119,-0.868808,-1.74535,0,0,0,,,
72.684,odom,map,-0.525233,-0.881038,-1.73877,0,0,0,,,
72.72,odom,map,-0.527347,-0.893748,-1.73256,0,0,0,,,
72.756,odom,map,-0.529413,-0.906655,-1.72655,0,0,0,,,
72.792,odom,map,-0.53143,-0.91975,-1.72072,0,0,0,,,
72.828,odom,map,-0.53406,-0.932482,-1.71589,0,0,0,,,
72.792,ekf,map,-0.540895,-0.864476,-1.67865,0.0307842,0.0512291,-0.00892394,0.210208,,
72.792,ekf_predict_only,map,-0.600688,-0.825304,-1.73455,70.3477,54.6606,-11.9559,,,
72.792,kf,map,-0.536886,-0.875323,-1.67492,0.0308922,0.0580044,-0.011727,0.09425,,
72.792,pf,map,-0.536771,-0.871895,-1.6573,0.0296914,0.0455928,-0.00986642,10.536,566.033,0
72.864,odom,map,-0.536908,-0.945105,-1.71202,0,0,0,,,
72.9,odom,map,-0.539711,-0.957713,-1.70849,0,0,0,,,
72.936,odom,map,-0.542487,-0.970401,-1.70541,0,0,0,,,
72.972,odom,map,-0.545232,-0.98311,-1.70238,0,0,0,,,
73.008,odom,map,-0.54773,-0.995977,-1.69935,0,0,0,,,
73.008,ekf_predict_only,map,-0.613938,-0.905489,-1.71447,73.9323,54.967,-12.8684,,,
73.008,kf,map,-0.544696,-0.952453,-1.64786,0.0316206,0.0575073,-0.0124846,0.148916,,
73.008,ekf,map,-0.549299,-0.940804,-1.65179,0.031698,0.0517595,-0.00978555,0.703041,,
73.002,amcl,map,-0.539446,-0.985332,-1.68798,0.0290366,0.0296012,-0.0026756,,,
73.008,pf,map,-0.536879,-0.97105,-1.63136,0.0310932,0.0472691,-0.00937831,12.0079,525.282,0
73.044,odom,map,-0.549445,-1.00941,-1.69625,0,0,0,,,
73.08,odom,map,-0.551124,-1.02289,-1.69326,0,0,0,,,
73.116,odom,map,-0.552765,-1.03638,-1.69028,0,0,0,,,
73.152,odom,map,-0.554348,-1.04973,-1.68736,0,0,0,,,
73.188,odom,map,-0.55589,-1.06307,-1.68445,0,0,0,,,
73.188,kf,map,-0.552877,-1.01805,-1.63326,0.032128,0.0567681,-0.013019,0.194875,,
73.224,odom,map,-0.557371,-1.07619,-1.68189,0,0,0,,,
73.188,ekf_predict_only,map,-0.623345,-0.970516,-1.70208,77.0097,55.217,-13.6022,,,
73.188,ekf,map,-0.557491,-1.00752,-1.63696,0.0318161,0.0507744,-0.0100992,0.110083,,
73.188,pf,map,-0.543951,-1.02849,-1.62781,0.0280767,0.0459101,-0.0076684,7.697,487.8,0
73.26,odom,map,-0.558799,-1.08915,-1.67935,0,0,0,,,
73.296,odom,map,-0.560187,-1.10204,-1.67678,0,0,0,,,
73.332,odom,map,-0.561538,-1.11489,-1.67435,0,0,0,,,
73.368,odom,map,-0.562831,-1.12746,-1.67216,0,0,0,,,
73.404,odom,map,-0.564098,-1.14004,-1.67023,0,0,0,,,
73.404,ekf_predict_only,map,-0.633298,-1.04589,-1.69113,80.7311,55.4788,-14.454,,,
73.404,ekf,map,-0.560418,-1.08501,-1.62634,0.0327864,0.0512272,-0.0109108,0.107541,,
73.404,kf,map,-0.556919,-1.09269,-1.62352,0.0328873,0.0562409,-0.0136769,0.172208,,
73.404,pf,map,-0.559026,-1.12716,-1.62255,0.0310248,0.0451662,-0.00756758,6.37462,532.112,0
73.44,odom,map,-0.565344,-1.15265,-1.66841,0,0,0,,,
73.476,odom,map,-0.566568,-1.16524,-1.66739,0,0,0,,,
73.512,odom,map,-0.567799,-1.17791,-1.66823,0,0,0,,,
73.548,odom,map,-0.569055,-1.19062,-1.67056,0,0,0,,,
73.584,odom,map,-0.570343,-1.20331,-1.67347,0,0,0,,,
73.62,odom,map,-0.571674,-1.21603,-1.67676,0,0,0,,,
73.584,ekf_predict_only,map,-0.640993,-1.10953,-1.71206,84.0316,55.7061,-15.1738,,,
73.584,ekf,map,-0.561651,-1.14539,-1.63318,0.0329217,0.0502012,-0.0111603,0.179833,,
73.584,kf,map,-0.557767,-1.15368,-1.6306,0.0333996,0.0554969,-0.0141144,0.096875,,
73.584,pf,map,-0.561733,-1.18047,-1.62487,0.0316099,0.0550243,-0.00953203,10.2198,507.782,0
73.656,odom,map,-0.573059,-1.22878,-1.68154,0,0,0,,,
73.692,odom,map,-0.574501,-1.24142,-1.68743,0,0,0,,,
73.728,odom,map,-0.576011,-1.25397,-1.69378,0,0,0,,,
73.764,odom,map,-0.577594,-1.26644,-1.70061,0,0,0,,,
73.8,odom,map,-0.579264,-1.27888,-1.70805,0,0,0,,,
73.8,ekf_predict_only,map,-0.65157,-1.1839,-1.76627,88.0383,55.9842,-16.0777,,,
73.8,ekf,map,-0.578854,-1.22558,-1.67009,0.0339332,0.0506131,-0.0119211,0.106041,,
73.8,kf,map,-0.574354,-1.23318,-1.66784,0.0341652,0.0549636,-0.0146723,0.105709,,
73.8,amcl,map,-0.56209,-1.2606,-1.68716,0.0362211,0.0317535,-0.00505155,,,
73.8,pf,map,-0.568131,-1.2576,-1.65513,0.0375052,0.0495109,-0.0145294,7.09087,491.126,0
73.836,odom,map,-0.579006,-1.2899,-1.71459,0,0,0,,,
73.872,odom,map,-0.578753,-1.30085,-1.72149,0,0,0,,,
73.908,odom,map,-0.578552,-1.31169,-1.7288,0,0,0,,,
73.944,odom,map,-0.578379,-1.32224,-1.73699,0,0,0,,,
73.98,odom,map,-0.578262,-1.33261,-1.74585,0,0,0,,,
74.016,ekf_predict_only,map,-0.665442,-1.25397,-1.83467,91.9827,56.3232,-17.062,,,
74.016,ekf,map,-0.614024,-1.31769,-1.7352,0.0635098,0.0658737,-0.00203636,0.0605,,
74.016,kf,map,-0.609771,-1.31861,-1.73469,0.0579835,0.0613493,-0.00237446,0.105333,,
74.016,odom,map,-0.579069,-1.34345,-1.75594,0,0,0,,,
74.016,pf,map,-0.62855,-1.37483,-1.71931,0.0596756,0.0598094,-0.0046086,6.79692,515.243,0
74.052,odom,map,-0.581316,-1.35507,-1.76779,0,0,0,,,
74.088,odom,map,-0.583671,-1.3665,-1.78044,0,0,0,,,
74.124,odom,map,-0.586131,-1.3777,-1.79391,0,0,0,,,
74.16,odom,map,-0.588711,-1.38871,-1.80783,0,0,0,,,
74.196,odom,map,-0.591409,-1.39954,-1.82214,0,0,0,,,
74.196,ekf_predict_only,map,-0.679656,-1.30658,-1.90837,95.0748,56.6747,-17.9316,,,
74.196,ekf,map,-0.635961,-1.38122,-1.80273,0.0670776,0.0672906,-0.000294487,0.127708,,
74.196,kf,map,-0.633347,-1.38074,-1.80301,0.0617155,0.0622025,-0.000343571,0.409875,,
74.232,odom,map,-0.594222,-1.41018,-1.83672,0,0,0,,,
74.196,pf,map,-0.649901,-1.40736,-1.79166,0.061964,0.0646456,0.00161723,5.63654,500.735,0
74.268,odom,map,-0.597133,-1.42056,-1.8518,0,0,0,,,
74.304,odom,map,-0.600121,-1.43061,-1.86784,0,0,0,,,
74.34,odom,map,-0.603191,-1.44036,-1.88444,0,0,0,,,
74.376,odom,map,-0.606399,-1.44997,-1.90116,0,0,0,,,
74.412,odom,map,-0.609716,-1.45939,-1.91827,0,0,0,,,
74.412,ekf_predict_only,map,-0.699279,-1.36248,-2.01276,98.4533,57.1327,-19.017,,,
74.412,ekf,map,-0.656298,-1.44392,-1.89933,0.0686577,0.0686194,-3.88768e-05,0.058,,
74.412,kf,map,-0.654787,-1.44327,-1.90011,0.0624597,0.0625282,-4.833e-05,0.063625,,
74.4,amcl,map,-0.598073,-1.4578,-1.90022,0.0419267,0.0318671,-0.00811962,,,
74.412,pf,map,-0.670633,-1.48606,-1.88943,0.0592179,0.0675945,0.00664011,4.77354,457.005,0
74.448,odom,map,-0.613112,-1.46852,-1.93581,0,0,0,,,
74.484,odom,map,-0.616512,-1.47718,-1.95377,0,0,0,,,
74.52,odom,map,-0.620051,-1.48574,-1.97175,0,0,0,,,
74.556,odom,map,-0.623642,-1.49401,-1.9901,0,0,0,,,
74.592,odom,map,-0.627167,-1.50172,-2.00898,0,0,0,,,
74.628,odom,map,-0.629702,-1.50791,-2.02694,0,0,0,,,
74.592,ekf_predict_only,map,-0.7168,-1.39951,-2.1091,100.781,57.5631,-19.8932,,,
74.592,ekf,map,-0.673836,-1.48691,-1.98943,0.0676581,0.0676155,-6.34444e-06,0.062208,,
74.592,kf,map,-0.672986,-1.48632,-1.9902,0.0623635,0.0623732,-6.8442e-06,0.121958,,
74.592,pf,map,-0.70538,-1.53673,-1.99216,0.0644705,0.0575474,-0.00162046,12.9913,491.66,0
74.664,odom,map,-0.631926,-1.51348,-2.04458,0,0,0,,,
74.7,odom,map,-0.634182,-1.51882,-2.06235,0,0,0,,,
74.736,odom,map,-0.63624,-1.52352,-2.08049,0,0,0,,,
74.772,odom,map,-0.638232,-1.52784,-2.09892,0,0,0,,,
74.808,ekf_predict_only,map,-0.737053,-1.43343,-2.23085,102.962,58.0575,-20.8446,,,
74.808,ekf,map,-0.694493,-1.52745,-2.10644,0.0687141,0.0686699,-6.67186e-06,0.065583,,
74.808,kf,map,-0.693803,-1.52682,-2.10714,0.0625509,0.0625523,-9.59819e-07,0.061417,,
74.808,odom,map,-0.640532,-1.53227,-2.11787,0,0,0,,,
74.802,amcl,map,-0.633497,-1.54884,-2.11176,0.0413636,0.0272356,-0.0087613,,,
74.808,pf,map,-0.73803,-1.56516,-2.10394,0.0608607,0.0574991,0.00241791,6.59133,483.472,0
74.844,odom,map,-0.644014,-1.53786,-2.13816,0,0,0,,,
74.88,odom,map,-0.647493,-1.5432,-2.15853,0,0,0,,,
74.916,odom,map,-0.650817,-1.54809,-2.17914,0,0,0,,,
74.952,odom,map,-0.654102,-1.5527,-2.19992,0,0,0,,,
74.988,odom,map,-0.657331,-1.55704,-2.22079,0,0,0,,,
75.024,odom,map,-0.660457,-1.56107,-2.24169,0,0,0,,,
74.988,kf,map,-0.710583,-1.55204,-2.20888,0.0623764,0.0623766,-1.35865e-07,0.062125,,
74.988,ekf_predict_only,map,-0.752189,-1.45293,-2.33538,104.275,58.4611,-21.511,,,
74.988,ekf,map,-0.711142,-1.55259,-2.20842,0.0676765,0.0676445,-7.46462e-06,0.058875,,
74.988,pf,map,-0.743312,-1.57467,-2.20162,0.0615368,0.061032,0.00224058,7.52742,475.556,0
75.06,odom,map,-0.663435,-1.56474,-2.26266,0,0,0,,,
75.096,odom,map,-0.666423,-1.56827,-2.28366,0,0,0,,,
75.132,odom,map,-0.669397,-1.57164,-2.30481,0,0,0,,,
75.168,odom,map,-0.672199,-1.57468,-2.32597,0,0,0,,,
75.204,odom,map,-0.674776,-1.57752,-2.34691,0,0,0,,,
75.204,kf,map,-0.727794,-1.57301,-2.3338,0.0625527,0.0625527,-1.90523e-08,0.066083,,
75.204,ekf_predict_only,map,-0.767329,-1.46871,-2.46106,105.366,58.8724,-22.1486,,,
75.204,ekf,map,-0.728377,-1.57352,-2.33358,0.0687294,0.0687003,-9.55639e-06,0.056958,,
75.201,amcl,map,-0.675231,-1.58964,-2.34922,0.043412,0.0248572,-0.00778403,,,
75.204,pf,map,-0.763417,-1.61697,-2.33302,0.0623823,0.0581231,-0.001961,4.81904,484.993,0
75.24,odom,map,-0.676709,-1.58222,-2.36724,0,0,0,,,
75.276,odom,map,-0.67854,-1.58672,-2.38753,0,0,0,,,
75.312,odom,map,-0.680126,-1.59091,-2.40776,0,0,0,,,
75.348,odom,map,-0.681487,-1.59481,-2.42797,0,0,0,,,
75.384,odom,map,-0.682803,-1.59861,-2.44816,0,0,0,,,
75.42,odom,map,-0.684388,-1.60108,-2.46867,0,0,0,,,
75.384,kf,map,-0.739357,-1.58408,-2.43768,0.0623767,0.0623767,-2.69688e-09,0.065542,,
75.384,ekf,map,-0.739839,-1.58447,-2.43761,0.0676836,0.0676649,-7.46787e-06,0.056959,,
75.384,ekf_predict_only,map,-0.776452,-1.4761,-2.56493,105.933,59.1636,-22.5142,,,
75.384,pf,map,-0.752108,-1.6146,-2.45772,0.0640458,0.0591139,-0.00142815,5.23262,492.16,0
75.456,odom,map,-0.686071,-1.6024,-2.48923,0,0,0,,,
75.492,odom,map,-0.687412,-1.6034,-2.50945,0,0,0,,,
75.528,odom,map,-0.68845,-1.60415,-2.52955,0,0,0,,,
75.564,odom,map,-0.689481,-1.60485,-2.54964,0,0,0,,,
75.6,odom,map,-0.690324,-1.60541,-2.56944,0,0,0,,,
75.6,ekf_predict_only,map,-0.779418,-1.47802,-2.68224,106.155,59.3264,-22.6286,,,
75.6,kf,map,-0.746518,-1.58963,-2.55764,0.0625527,0.0625527,-3.78182e-10,0.102417,,
75.6,ekf,map,-0.747111,-1.59007,-2.55788,0.068731,0.068716,-6.80429e-06,2.35954,,
75.6,amcl,map,-0.699082,-1.6039,-2.58214,0.0391317,0.0215435,-0.00611621,,,
75.6,pf,map,-0.786761,-1.60901,-2.55969,0.0625979,0.0673057,8.06538e-05,6.58188,461.032,0
75.636,odom,map,-0.690393,-1.60682,-2.58914,0,0,0,,,
75.672,odom,map,-0.690312,-1.60816,-2.6088,0,0,0,,,
75.708,odom,map,-0.69004,-1.60938,-2.62842,0,0,0,,,
75.744,odom,map,-0.689621,-1.61051,-2.64786,0,0,0,,,
75.78,odom,map,-0.689069,-1.61157,-2.667,0,0,0,,,
75.816,odom,map,-0.688521,-1.61211,-2.68568,0,0,0,,,
75.816,ekf_predict_only,map,-0.778012,-1.47733,-2.79381,106.211,59.3966,-22.5767,,,
75.816,kf,map,-0.748462,-1.59101,-2.67272,0.0625774,0.0625774,-5.29625e-11,0.105041,,
75.816,ekf,map,-0.748977,-1.59138,-2.67315,0.0689712,0.0689609,-4.95893e-06,0.9065,,
75.816,pf,map,-0.778542,-1.61593,-2.68697,0.0685759,0.0711928,-0.00102849,8.88912,464.422,0
75.852,odom,map,-0.688164,-1.61194,-2.70409,0,0,0,,,
75.888,odom,map,-0.687691,-1.61173,-2.72235,0,0,0,,,
75.924,odom,map,-0.68704,-1.61145,-2.74045,0,0,0,,,
75.96,odom,map,-0.686139,-1.61107,-2.75804,0,0,0,,,
75.996,odom,map,-0.685217,-1.61071,-2.77558,0,0,0,,,
75.996,ekf,map,-0.745992,-1.5902,-2.76235,0.067679,0.0676731,-2.93942e-06,0.12775,,
75.996,kf,map,-0.745617,-1.58994,-2.7618,0.0623802,0.0623802,-7.49552e-12,0.107417,,
76.032,odom,map,-0.685299,-1.60947,-2.79369,0,0,0,,,
75.996,ekf_predict_only,map,-0.772388,-1.47529,-2.87806,106.182,59.3781,-22.3772,,,
76.002,amcl,map,-0.702565,-1.59872,-2.79563,0.0327334,0.0179032,-0.00215071,,,
75.996,pf,map,-0.783032,-1.61117,-2.78571,0.0636185,0.0625791,0.00135062,11.1525,476.407,0
76.068,odom,map,-0.685373,-1.60809,-2.81146,0,0,0,,,
76.104,odom,map,-0.685345,-1.60671,-2.82892,0,0,0,,,
76.14,odom,map,-0.685211,-1.60531,-2.84614,0,0,0,,,
76.176,odom,map,-0.685063,-1.60394,-2.86334,0,0,0,,,
76.212,ekf_predict_only,map,-0.763133,-1.47279,-2.96897,106.124,59.2854,-22.0585,,,
76.212,ekf,map,-0.738453,-1.58773,-2.85936,0.0686615,0.0686574,-2.40228e-06,0.064791,,
76.212,kf,map,-0.738196,-1.58753,-2.85862,0.0625532,0.0625532,-1.05107e-12,0.063667,,
76.212,odom,map,-0.684466,-1.60287,-2.87978,0,0,0,,,
76.212,pf,map,-0.773242,-1.62313,-2.87398,0.0612348,0.0694702,0.00154476,12.6973,465.535,0
76.248,odom,map,-0.682997,-1.60249,-2.89462,0,0,0,,,
76.284,odom,map,-0.681543,-1.60213,-2.90916,0,0,0,,,
76.32,odom,map,-0.680085,-1.6018,-2.92358,0,0,0,,,
76.356,odom,map,-0.678576,-1.60147,-2.93746,0,0,0,,,
76.392,odom,map,-0.67763,-1.60128,-2.94983,0,0,0,,,
76.392,ekf_predict_only,map,-0.763133,-1.47279,-2.97917,106.224,59.3854,-22.0585,,,
76.392,ekf,map,-0.734261,-1.58693,-2.91192,0.0676255,0.0676232,-1.47879e-06,0.065291,,
76.428,odom,map,-0.678171,-1.60101,-2.9603,0,0,0,,,
76.392,kf,map,-0.734503,-1.58689,-2.90835,0.0623768,0.0623768,-1.48779e-13,0.083125,,
76.392,pf,map,-0.759281,-1.62243,-2.95651,0.0618816,0.0641068,-0.0035695,5.18054,465.841,0
76.464,odom,map,-0.678974,-1.60063,-2.96845,0,0,0,,,
76.5,odom,map,-0.679778,-1.60026,-2.974,0,0,0,,,
76.536,odom,map,-0.680584,-1.59988,-2.97697,0,0,0,,,
76.572,odom,map,-0.681639,-1.59955,-2.97852,0,0,0,,,
76.608,odom,map,-0.683706,-1.59949,-2.98219,0,0,0,,,
76.608,ekf,map,-0.73797,-1.58775,-2.95273,0.0686787,0.0686773,-1.20974e-06,0.0545,,
76.608,kf,map,-0.738846,-1.58796,-2.95011,0.0625528,0.0625528,-2.08632e-14,0.056791,,
76.608,ekf_predict_only,map,-0.775886,-1.47488,-3.0056,106.456,59.7517,-22.4835,,,
76.608,pf,map,-0.754417,-1.61534,-2.96308,0.0636534,0.0612033,0.00104377,4.54004,495.093,0
76.644,odom,map,-0.685834,-1.59982,-2.98658,0,0,0,,,
76.68,odom,map,-0.688524,-1.60024,-2.99025,0,0,0,,,
76.716,odom,map,-0.691874,-1.60074,-2.99318,0,0,0,,,
76.752,odom,map,-0.696193,-1.60138,-2.99459,0,0,0,,,
76.788,odom,map,-0.701047,-1.6021,-2.99597,0,0,0,,,
76.788,ekf,map,-0.755825,-1.59081,-2.96806,0.0676498,0.0676516,-1.24185e-06,0.108583,,
76.824,odom,map,-0.706803,-1.60233,-2.99773,0,0,0,,,
76.788,ekf_predict_only,map,-0.803639,-1.47868,-3.01047,106.796,60.4503,-23.4033,,,
76.788,kf,map,-0.756896,-1.59113,-2.96626,0.0623767,0.0623767,-2.95322e-15,0.061334,,
76.8,amcl,map,-0.713229,-1.60874,-3.00887,0.03156,0.0159971,-0.000812352,,,
76.788,pf,map,-0.754583,-1.61005,-2.98325,0.0683178,0.0599171,-0.000844147,4.98929,481.803,0
76.86,odom,map,-0.713857,-1.60238,-2.99926,0,0,0,,,
76.896,odom,map,-0.721391,-1.60248,-3.0007,0,0,0,,,
76.932,odom,map,-0.729324,-1.60263,-3.00174,0,0,0,,,
76.968,odom,map,-0.73776,-1.60283,-3.00259,0,0,0,,,
77.004,odom,map,-0.746486,-1.60311,-3.00343,0,0,0,,,
77.004,kf,map,-0.795735,-1.5976,-2.97189,0.0625527,0.0625527,-4.14129e-16,0.056167,,
77.004,ekf_predict_only,map,-0.851178,-1.48495,-3.01031,107.294,61.6365,-24.9843,,,
77.004,ekf,map,-0.794587,-1.59725,-2.97302,0.0687036,0.0687159,-2.99911e-06,0.0555,,
77.004,pf,map,-0.78768,-1.61597,-2.9816,0.0665109,0.0599437,0.00479062,4.79058,471.044,0
77.04,odom,map,-0.754402,-1.60421,-3.0034,0,0,0,,,
77.076,odom,map,-0.762567,-1.60535,-3.00352,0,0,0,,,
77.112,odom,map,-0.771516,-1.60659,-3.00374,0,0,0,,,
77.148,odom,map,-0.780773,-1.60787,-3.00377,0,0,0,,,
77.184,odom,map,-0.790391,-1.60921,-3.00401,0,0,0,,,
77.184,ekf_predict_only,map,-0.901981,-1.49166,-3.01272,107.822,62.9824,-26.6852,,,
77.184,ekf,map,-0.837887,-1.60446,-2.97577,0.0676664,0.0676901,-4.73244e-06,0.062167,,
77.184,kf,map,-0.838879,-1.60472,-2.97532,0.0623767,0.0623767,-5.86205e-17,0.062209,,
77.22,odom,map,-0.800419,-1.61059,-3.00446,0,0,0,,,
77.184,pf,map,-0.82922,-1.6551,-2.97637,0.0577012,0.0641783,0.0042838,4.61646,462.425,0
77.256,odom,map,-0.810572,-1.61199,-3.00494,0,0,0,,,
77.292,odom,map,-0.820918,-1.61341,-3.00569,0,0,0,,,
77.328,odom,map,-0.831565,-1.61486,-3.0067,0,0,0,,,
77.364,odom,map,-0.842317,-1.61631,-3.00777,0,0,0,,,
77.4,odom,map,-0.85307,-1.61776,-3.00884,0,0,0,,,
77.4,ekf_predict_only,map,-0.966539,-1.50002,-3.01914,108.457,64.793,-28.8613,,,
77.4,ekf,map,-0.898489,-1.61446,-2.98121,0.0687174,0.0687672,-9.16061e-06,0.058292,,
77.4,kf,map,-0.899183,-1.61462,-2.98113,0.0625527,0.0625527,-8.22033e-18,0.093625,,
77.4,pf,map,-0.908164,-1.66772,-2.98539,0.0662214,0.0555971,-0.00372153,4.70296,464.634,0
77.436,odom,map,-0.864119,-1.61922,-3.01029,0,0,0,,,
77.472,odom,map,-0.875365,-1.6207,-3.01192,0,0,0,,,
77.508,odom,map,-0.886614,-1.62216,-3.01354,0,0,0,,,
77.544,odom,map,-0.898056,-1.62362,-3.01614,0,0,0,,,
77.58,odom,map,-0.90953,-1.62505,-3.01919,0,0,0,,,
77.616,ekf,map,-0.965784,-1.62514,-2.9988,0.0689627,0.0690345,-1.27017e-05,0.123375,,
77.616,odom,map,-0.921497,-1.62712,-3.02336,0,0,0,,,
77.616,kf,map,-0.966295,-1.62516,-2.9996,0.0625774,0.0625774,-1.15122e-18,0.056833,,
77.616,ekf_predict_only,map,-1.03676,-1.50867,-3.04567,109.113,66.9161,-31.2425,,,
77.616,pf,map,-1.00302,-1.65503,-3.00241,0.0686065,0.0601014,-0.00192028,6.69767,468.665,0
77.652,odom,map,-0.934107,-1.63018,-3.02912,0,0,0,,,
77.688,odom,map,-0.946845,-1.63316,-3.03506,0,0,0,,,
77.724,odom,map,-0.959607,-1.63605,-3.04101,0,0,0,,,
77.76,odom,map,-0.97249,-1.63887,-3.04756,0,0,0,,,
77.796,odom,map,-0.985473,-1.64159,-3.05509,0,0,0,,,
77.796,ekf_predict_only,map,-1.09714,-1.51448,-3.0772,109.587,68.891,-33.2804,,,
77.796,ekf,map,-1.02451,-1.63316,-3.02323,0.0676749,0.0677501,-1.27093e-05,0.059,,
77.832,odom,map,-0.997663,-1.64278,-3.06154,0,0,0,,,
77.796,kf,map,-1.02481,-1.63313,-3.02408,0.0623802,0.0623802,-1.62926e-19,0.124,,
77.802,amcl,map,-0.991248,-1.64651,-3.04006,0.0425736,0.0221181,-0.0082629,,,
77.796,pf,map,-1.07054,-1.66629,-3.02834,0.0569236,0.0642572,-0.000744252,5.77496,459.587,0
77.868,odom,map,-1.00967,-1.6437,-3.06827,0,0,0,,,
77.904,odom,map,-1.02165,-1.64454,-3.07522,0,0,0,,,
77.94,odom,map,-1.03352,-1.64528,-3.08257,0,0,0,,,
77.976,odom,map,-1.04534,-1.64594,-3.09012,0,0,0,,,
78.012,odom,map,-1.05708,-1.6465,-3.09782,0,0,0,,,
78.012,ekf_predict_only,map,-1.16732,-1.519,-3.1239,109.98,71.3285,-35.6261,,,
78.012,ekf,map,-1.09492,-1.64053,-3.06477,0.0686593,0.0687647,-1.65071e-05,0.107959,,
78.012,kf,map,-1.09499,-1.64053,-3.06554,0.0625532,0.0625532,-2.28464e-20,0.100709,,
78.012,pf,map,-1.1184,-1.66595,-3.05955,0.0675883,0.0635288,-5.06915e-05,4.72783,469.955,0
78.048,odom,map,-1.0688,-1.64697,-3.1056,0,0,0,,,
78.084,odom,map,-1.08044,-1.64734,-3.1135,0,0,0,,,
78.12,odom,map,-1.092,-1.64762,-3.12152,0,0,0,,,
78.156,odom,map,-1.10347,-1.6478,-3.12968,0,0,0,,,
78.192,odom,map,-1.11468,-1.64789,-3.13842,0,0,0,,,
78.192,kf,map,-1.15189,-1.64394,-3.10574,0.0623768,0.0623768,-3.23393e-21,0.064459,,
78.228,odom,map,-1.12582,-1.64787,3.13582,0,0,0,,,
78.192,ekf,map,-1.15197,-1.64393,-3.10511,0.0676247,0.0677224,-1.37925e-05,0.055459,,
78.192,ekf_predict_only,map,-1.22302,-1.51999,3.11455,110.144,73.4049,-37.4482,,,
78.192,pf,map,-1.18955,-1.65547,-3.10382,0.063238,0.059128,-0.00421047,7.03592,474.488,0
78.264,odom,map,-1.13696,-1.64776,3.12688,0,0,0,,,
78.3,odom,map,-1.14818,-1.64754,3.11743,0,0,0,,,
78.336,odom,map,-1.15946,-1.64721,3.10696,0,0,0,,,
78.372,odom,map,-1.17102,-1.64674,3.09541,0,0,0,,,
78.408,odom,map,-1.18263,-1.64614,3.08319,0,0,0,,,
78.408,kf,map,-1.22103,-1.64498,3.11318,0.0625528,0.0625528,-4.53492e-22,0.065583,,
78.408,ekf_predict_only,map,-1.29278,-1.5181,3.04123,110.122,76.1319,-39.672,,,
78.408,ekf,map,-1.221,-1.64495,3.11425,0.0686784,0.0688009,-1.42347e-05,0.063541,,
78.408,pf,map,-1.24349,-1.65609,3.10656,0.0610054,0.0583411,-0.000789332,6.10371,476.329,0
78.444,odom,map,-1.19428,-1.64538,3.07042,0,0,0,,,
78.48,odom,map,-1.20593,-1.64447,3.05711,0,0,0,,,
78.516,odom,map,-1.21766,-1.6434,3.04322,0,0,0,,,
78.552,odom,map,-1.22943,-1.64215,3.0287,0,0,0,,,
78.588,odom,map,-1.24117,-1.64074,3.01417,0,0,0,,,
78.6,amcl,map,-1.24387,-1.64703,3.02927,0.0497703,0.0357688,-0.0180277,,,
78.588,ekf,map,-1.27987,-1.64168,3.04554,0.0676496,0.0677593,-9.4224e-06,0.058542,,
78.624,odom,map,-1.25342,-1.64016,3.00094,0,0,0,,,
78.588,pf,map,-1.31251,-1.65395,3.04761,0.0604191,0.053132,-0.00147582,6.71358,482.046,0
78.588,kf,map,-1.27997,-1.64172,3.04449,0.0623767,0.0623767,-6.41924e-23,0.067916,,
78.588,ekf_predict_only,map,-1.35244,-1.51209,2.9641,109.834,78.6126,-41.4802,,,
78.66,odom,map,-1.26593,-1.64003,2.98843,0,0,0,,,
78.696,odom,map,-1.27843,-1.63978,2.97591,0,0,0,,,
78.732,odom,map,-1.29086,-1.63941,2.96318,0,0,0,,,
78.768,odom,map,-1.30313,-1.63894,2.95043,0,0,0,,,
78.804,odom,map,-1.31515,-1.63829,2.93729,0,0,0,,,
78.804,ekf_predict_only,map,-1.42051,-1.49988,2.86834,109.148,81.5811,-43.4122,,,
78.804,ekf,map,-1.34954,-1.63231,2.95436,0.0687032,0.0688364,-5.7099e-06,0.553167,,
78.804,kf,map,-1.34949,-1.6325,2.95357,0.0625527,0.0625527,-9.00168e-24,0.062541,,
78.804,pf,map,-1.37391,-1.65567,2.9442,0.0691782,0.0610043,0.00294758,4.43821,476.909,0
78.84,odom,map,-1.32636,-1.63588,2.92125,0,0,0,,,
78.876,odom,map,-1.33746,-1.63329,2.90513,0,0,0,,,
78.912,odom,map,-1.34839,-1.63057,2.88877,0,0,0,,,
78.948,odom,map,-1.35904,-1.62772,2.87246,0,0,0,,,
78.984,odom,map,-1.3695,-1.62475,2.85624,0,0,0,,,
79.02,odom,map,-1.37991,-1.6216,2.84001,0,0,0,,,
78.984,ekf,map,-1.404,-1.6197,2.87469,0.0676661,0.0677787,1.03382e-07,0.1275,,
78.984,kf,map,-1.4039,-1.61994,2.87429,0.0623767,0.0623767,-1.2742e-24,0.102542,,
78.984,ekf_predict_only,map,-1.47287,-1.48521,2.7872,108.311,83.9976,-44.7592,,,
78.984,pf,map,-1.43289,-1.64626,2.86649,0.0669838,0.0650657,0.00540307,5.63842,459.238,0
79.056,odom,map,-1.38997,-1.61838,2.82367,0,0,0,,,
79.092,odom,map,-1.3999,-1.61502,2.80733,0,0,0,,,
79.128,odom,map,-1.40954,-1.61159,2.79109,0,0,0,,,
79.164,odom,map,-1.41892,-1.60807,2.7749,0,0,0,,,
79.2,odom,map,-1.42823,-1.60441,2.75872,0,0,0,,,
79.2,ekf_predict_only,map,-1.5292,-1.46436,2.69009,107.093,86.6975,-46.0591,,,
79.2,ekf,map,-1.46309,-1.60071,2.77778,0.0687177,0.0688428,7.2347e-06,0.056667,,
79.2,kf,map,-1.46295,-1.60108,2.77763,0.0625527,0.0625527,-1.78681e-25,0.055,,
79.2,amcl,map,-1.44651,-1.59343,2.74817,0.0472278,0.0461283,-0.0248164,,,
79.2,pf,map,-1.49377,-1.64414,2.77223,0.0632772,0.0629823,0.00457438,5.18983,466.298,0
79.236,odom,map,-1.43719,-1.60072,2.74282,0,0,0,,,
79.272,odom,map,-1.44576,-1.59703,2.72684,0,0,0,,,
79.308,odom,map,-1.45418,-1.59324,2.7108,0,0,0,,,
79.344,odom,map,-1.46254,-1.58932,2.69476,0,0,0,,,
79.38,odom,map,-1.47051,-1.58542,2.67895,0,0,0,,,
79.416,odom,map,-1.47782,-1.58147,2.6635,0,0,0,,,
79.416,kf,map,-1.51284,-1.5794,2.68273,0.0625774,0.0625774,-2.50233e-26,0.057209,,
79.416,ekf,map,-1.51307,-1.57893,2.68271,0.068964,0.0690772,1.28931e-05,0.155709,,
79.416,ekf_predict_only,map,-1.57543,-1.44195,2.59573,105.793,89.0147,-46.9656,,,
79.416,pf,map,-1.54148,-1.61115,2.66825,0.0692562,0.0614903,0.00449131,4.68092,470.389,0
79.452,odom,map,-1.48455,-1.57728,2.64848,0,0,0,,,
79.488,odom,map,-1.49106,-1.57308,2.63362,0,0,0,,,
79.524,odom,map,-1.49719,-1.56896,2.61894,0,0,0,,,
79.56,odom,map,-1.5031,-1.56484,2.60438,0,0,0,,,
79.596,odom,map,-1.50845,-1.56093,2.58993,0,0,0,,,
79.596,ekf_predict_only,map,-1.60502,-1.42397,2.52084,104.783,90.5731,-47.4362,,,
79.632,odom,map,-1.51438,-1.55715,2.57495,0,0,0,,,
79.596,kf,map,-1.54713,-1.56048,2.60625,0.0623802,0.0623802,-3.54142e-27,0.088541,,
79.596,ekf,map,-1.54748,-1.56001,2.60611,0.067677,0.0677564,1.33206e-05,0.061,,
79.596,pf,map,-1.58373,-1.60382,2.57298,0.0685122,0.0591251,0.000314314,10.6538,492.528,0
79.668,odom,map,-1.52019,-1.55339,2.55997,0,0,0,,,
79.704,odom,map,-1.52587,-1.54959,2.54516,0,0,0,,,
79.74,odom,map,-1.53108,-1.546,2.53091,0,0,0,,,
79.776,odom,map,-1.53623,-1.54234,2.51666,0,0,0,,,
79.812,ekf_predict_only,map,-1.63317,-1.40384,2.4392,103.653,92.0897,-47.7896,,,
79.812,ekf,map,-1.58063,-1.53843,2.52007,0.0686632,0.0687355,1.69754e-05,0.065791,,
79.812,odom,map,-1.54111,-1.53877,2.50278,0,0,0,,,
79.812,kf,map,-1.58021,-1.53898,2.52052,0.0625532,0.0625532,-4.966e-28,0.186959,,
79.8,amcl,map,-1.5469,-1.53228,2.49389,0.0435484,0.041275,-0.021789,,,
79.812,pf,map,-1.62191,-1.57717,2.50181,0.0601557,0.0642787,0.00408402,5.83442,468.432,0
79.848,odom,map,-1.54572,-1.5353,2.48918,0,0,0,,,
79.884,odom,map,-1.55028,-1.53176,2.47557,0,0,0,,,
79.92,odom,map,-1.55461,-1.52832,2.46226,0,0,0,,,
79.956,odom,map,-1.5586,-1.52505,2.44923,0,0,0,,,
79.992,odom,map,-1.56243,-1.52184,2.43629,0,0,0,,,
80.028,odom,map,-1.56899,-1.5171,2.4215,0,0,0,,,
79.992,ekf_predict_only,map,-1.65187,-1.38802,2.37471,102.797,93.1459,-47.95,,,
79.992,ekf,map,-1.60271,-1.52139,2.45287,0.0676288,0.0676768,1.41952e-05,0.06,,
79.992,kf,map,-1.60239,-1.52182,2.45325,0.0623768,0.0623768,-7.0294e-29,0.116458,,
79.992,pf,map,-1.64185,-1.5549,2.44243,0.0543219,0.0694464,0.00276819,5.66296,484.649,0
80.064,odom,map,-1.57641,-1.51187,2.40648,0,0,0,,,
80.1,odom,map,-1.58289,-1.50739,2.39387,0,0,0,,,
80.136,odom,map,-1.5884,-1.50376,2.38386,0,0,0,,,
80.172,odom,map,-1.59296,-1.501,2.37643,0,0,0,,,
80.208,odom,map,-1.59603,-1.49929,2.37218,0,0,0,,,
80.208,ekf_predict_only,map,-1.65187,-1.38802,2.37471,102.897,93.2459,-47.95,,,
80.208,ekf,map,-1.61171,-1.51327,2.41788,0.0686827,0.0687221,1.33248e-05,0.116125,,
80.208,kf,map,-1.61082,-1.5142,2.42114,0.0625528,0.0625528,-9.8573e-30,0.080416,,
80.208,pf,map,-1.64649,-1.52467,2.37135,0.0571291,0.0617609,-0.00522489,5.44167,497.244,0
80.244,odom,map,-1.59603,-1.49929,2.37203,0,0,0,,,
80.28,odom,map,-1.59603,-1.49929,2.37203,0,0,0,,,
80.316,odom,map,-1.59603,-1.49929,2.37203,0,0,0,,,
80.352,odom,map,-1.59603,-1.49929,2.37203,0,0,0,,,
80.388,odom,map,-1.59613,-1.49919,2.37189,0,0,0,,,
80.424,odom,map,-1.59699,-1.49836,2.37147,0,0,0,,,
80.388,ekf,map,-1.61691,-1.50868,2.40609,0.0676527,0.0676768,8.77836e-06,0.1255,,
80.388,kf,map,-1.61675,-1.50891,2.40805,0.0623767,0.0623767,-1.39531e-30,0.054834,,
80.388,ekf_predict_only,map,-1.65879,-1.38135,2.37227,102.597,93.7029,-47.9857,,,
80.388,pf,map,-1.64611,-1.54521,2.37397,0.0596416,0.0563809,0.00189291,9.33737,476.245,0
80.46,odom,map,-1.59836,-1.49703,2.37098,0,0,0,,,
80.496,odom,map,-1.59991,-1.49553,2.37024,0,0,0,,,
80.532,odom,map,-1.6018,-1.49368,2.36907,0,0,0,,,
80.568,odom,map,-1.60432,-1.49122,2.36694,0,0,0,,,
80.604,odom,map,-1.60685,-1.48864,2.36459,0,0,0,,,
80.604,kf,map,-1.6295,-1.49725,2.39413,0.0625527,0.0625527,-1.95664e-31,0.065167,,
80.604,ekf_predict_only,map,-1.67493,-1.36572,2.35807,101.765,94.6423,-48.0605,,,
80.604,ekf,map,-1.62916,-1.4975,2.39355,0.0687066,0.0687255,8.11475e-06,0.058375,,
80.604,pf,map,-1.6662,-1.53725,2.36357,0.0587113,0.0641133,0.000804562,5.37425,491.595,0
80.64,odom,map,-1.60668,-1.48686,2.36174,0,0,0,,,
80.676,odom,map,-1.60624,-1.48536,2.35727,0,0,0,,,
80.712,odom,map,-1.60563,-1.48399,2.35208,0,0,0,,,
80.748,odom,map,-1.60487,-1.48275,2.3462,0,0,0,,,
80.784,odom,map,-1.60392,-1.48168,2.3389,0,0,0,,,
80.82,odom,map,-1.60449,-1.48017,2.33063,0,0,0,,,
80.784,ekf,map,-1.63828,-1.48888,2.36175,0.0676686,0.06768,5.922e-06,0.060375,,
80.784,ekf_predict_only,map,-1.68463,-1.35606,2.31365,101.293,95.2513,-48.094,,,
80.784,kf,map,-1.63846,-1.48872,2.36098,0.0623767,0.0623767,-2.76965e-32,0.061583,,
80.784,pf,map,-1.67081,-1.51361,2.34325,0.0570577,0.0548519,-0.00190956,7.71925,473.499,0
80.856,odom,map,-1.60644,-1.4781,2.32125,0,0,0,,,
80.892,odom,map,-1.60843,-1.47594,2.31091,0,0,0,,,
80.928,odom,map,-1.61056,-1.47358,2.30007,0,0,0,,,
80.964,odom,map,-1.61286,-1.47097,2.28848,0,0,0,,,
81,odom,map,-1.61536,-1.46807,2.2759,0,0,0,,,
81,ekf_predict_only,map,-1.70034,-1.33895,2.23722,100.388,96.1833,-48.1024,,,
81,ekf,map,-1.6521,-1.4747,2.29863,0.06872,0.0687289,6.47227e-06,0.056459,,
81,kf,map,-1.65238,-1.47441,2.29715,0.0625527,0.0625527,-3.88388e-33,0.064209,,
81,amcl,map,-1.61127,-1.46731,2.26702,0.0343813,0.0426024,-0.0220747,,,
81,pf,map,-1.68306,-1.5122,2.30387,0.0617386,0.0668223,0.00113634,6.05942,487.392,0
81.036,odom,map,-1.61785,-1.46511,2.26316,0,0,0,,,
81.072,odom,map,-1.62047,-1.46191,2.24994,0,0,0,,,
81.108,odom,map,-1.62341,-1.45821,2.23587,0,0,0,,,
81.144,odom,map,-1.62659,-1.4541,2.22147,0,0,0,,,
81.18,odom,map,-1.62995,-1.44961,2.20695,0,0,0,,,
81.216,odom,map,-1.63348,-1.44476,2.19207,0,0,0,,,
81.216,ekf_predict_only,map,-1.72342,-1.3096,2.14736,98.7896,97.5212,-47.9831,,,
81.216,ekf,map,-1.67192,-1.45101,2.21712,0.0689673,0.0689729,8.08074e-06,0.057208,,
81.216,kf,map,-1.67244,-1.45048,2.21579,0.0625774,0.0625774,-5.43917e-34,0.156417,,
81.216,pf,map,-1.69515,-1.49604,2.2031,0.0635722,0.0671401,0.000873885,7.17929,475.71,0
81.252,odom,map,-1.63724,-1.43942,2.17688,0,0,0,,,
81.288,odom,map,-1.64118,-1.43364,2.16132,0,0,0,,,
81.324,odom,map,-1.64536,-1.42729,2.14575,0,0,0,,,
81.36,odom,map,-1.64955,-1.42071,2.13019,0,0,0,,,
81.396,odom,map,-1.6538,-1.41381,2.11468,0,0,0,,,
81.432,odom,map,-1.65821,-1.40639,2.09933,0,0,0,,,
81.396,ekf,map,-1.69324,-1.42043,2.1426,0.0676838,0.0676846,1.0429e-05,0.059583,,
81.396,kf,map,-1.6938,-1.41987,2.14196,0.0623802,0.0623802,-7.69779e-35,0.781208,,
81.396,ekf_predict_only,map,-1.74806,-1.27172,2.07364,96.7435,98.9637,-47.6486,,,
81.396,pf,map,-1.73973,-1.44927,2.12071,0.0679493,0.0633914,-0.000671768,7.73054,440.98,0
81.468,odom,map,-1.66266,-1.39863,2.08442,0,0,0,,,
81.504,odom,map,-1.66704,-1.39073,2.06967,0,0,0,,,
81.54,odom,map,-1.67139,-1.38261,2.05493,0,0,0,,,
81.576,odom,map,-1.67579,-1.37408,2.04038,0,0,0,,,
81.612,odom,map,-1.68031,-1.36501,2.02628,0,0,0,,,
81.612,ekf_predict_only,map,-1.77764,-1.21792,1.98964,93.8855,100.705,-46.9698,,,
81.612,kf,map,-1.72182,-1.37214,2.05616,0.0625532,0.0625532,-1.07943e-35,0.067291,,
81.612,ekf,map,-1.72113,-1.3727,2.05617,0.0686825,0.0686747,2.03443e-05,0.057875,,
81.6,amcl,map,-1.65604,-1.3945,2.03454,0.0365407,0.044031,-0.0256684,,,
81.612,pf,map,-1.74682,-1.37108,2.0377,0.0668592,0.0575274,-0.000782403,4.82529,451.545,0
81.648,odom,map,-1.68475,-1.35579,2.01228,0,0,0,,,
81.684,odom,map,-1.68916,-1.34628,1.99844,0,0,0,,,
81.72,odom,map,-1.69358,-1.33641,1.98481,0,0,0,,,
81.756,odom,map,-1.69795,-1.32629,1.9713,0,0,0,,,
81.792,odom,map,-1.70224,-1.31595,1.95812,0,0,0,,,
81.792,ekf_predict_only,map,-1.80089,-1.16571,1.92791,91.2152,102.117,-46.1129,,,
81.828,odom,map,-1.70575,-1.30517,1.94436,0,0,0,,,
81.792,kf,map,-1.74447,-1.32439,1.98975,0.0623768,0.0623768,-1.52794e-36,0.058625,,
81.792,ekf,map,-1.74386,-1.32478,1.98935,0.0676579,0.0676408,2.42189e-05,0.167375,,
81.792,pf,map,-1.77229,-1.35127,1.98053,0.0643495,0.0624512,-0.00272347,7.6215,475.538,0
81.864,odom,map,-1.70888,-1.29409,1.93034,0,0,0,,,
81.9,odom,map,-1.71188,-1.28281,1.91627,0,0,0,,,
81.936,odom,map,-1.71474,-1.27141,1.90239,0,0,0,,,
81.972,odom,map,-1.71753,-1.25965,1.88959,0,0,0,,,
82.008,odom,map,-1.72045,-1.24774,1.87742,0,0,0,,,
82.008,ekf,map,-1.76995,-1.25926,1.91798,0.0687397,0.0687002,3.73456e-05,0.061042,,
82.008,ekf_predict_only,map,-1.82682,-1.09621,1.86289,87.7819,103.704,-44.7794,,,
82.008,kf,map,-1.77062,-1.25895,1.91871,0.0625528,0.0625528,-2.14263e-37,0.275292,,
82.008,pf,map,-1.78383,-1.28311,1.90549,0.0595843,0.0567527,0.00294149,7.45512,479.867,0
82.044,odom,map,-1.72416,-1.23579,1.86696,0,0,0,,,
82.08,odom,map,-1.72779,-1.22368,1.85693,0,0,0,,,
82.116,odom,map,-1.73133,-1.21143,1.84738,0,0,0,,,
82.152,odom,map,-1.73477,-1.1991,1.83848,0,0,0,,,
82.188,odom,map,-1.73811,-1.18673,1.83008,0,0,0,,,
82.188,ekf,map,-1.78934,-1.19938,1.87135,0.0677197,0.067669,3.68182e-05,0.059041,,
82.224,odom,map,-1.74138,-1.17421,1.82203,0,0,0,,,
82.188,pf,map,-1.80862,-1.24768,1.85518,0.0581029,0.0612223,0.00393442,5.00583,467.537,0
82.188,ekf_predict_only,map,-1.84555,-1.03393,1.82379,84.8657,104.893,-43.4218,,,
82.188,kf,map,-1.7899,-1.1992,1.87222,0.0623767,0.0623767,-3.03291e-38,0.106834,,
82.26,odom,map,-1.74457,-1.16155,1.81448,0,0,0,,,
82.296,odom,map,-1.74771,-1.14876,1.8076,0,0,0,,,
82.332,odom,map,-1.75075,-1.13594,1.8009,0,0,0,,,
82.368,odom,map,-1.7537,-1.12318,1.79444,0,0,0,,,
82.404,odom,map,-1.75639,-1.11082,1.78865,0,0,0,,,
82.404,ekf_predict_only,map,-1.86497,-0.958795,1.79052,81.5165,106.137,-41.6564,,,
82.404,ekf,map,-1.81023,-1.12476,1.82991,0.0688078,0.068725,4.70063e-05,0.054708,,
82.404,kf,map,-1.81075,-1.12478,1.83098,0.0625527,0.0625527,-4.25304e-39,0.101042,,
82.401,amcl,map,-1.72465,-1.18623,1.81015,0.027737,0.045523,-0.0201648,,,
82.404,pf,map,-1.82236,-1.1831,1.81824,0.0685339,0.0666537,0.00292666,4.94671,467.424,0
82.44,odom,map,-1.7565,-1.10354,1.78586,0,0,0,,,
82.476,odom,map,-1.7566,-1.09629,1.78333,0,0,0,,,
82.512,odom,map,-1.75668,-1.08917,1.78118,0,0,0,,,
82.548,odom,map,-1.75672,-1.08222,1.77975,0,0,0,,,
82.584,odom,map,-1.75676,-1.07536,1.77856,0,0,0,,,
82.62,odom,map,-1.75817,-1.06568,1.77644,0,0,0,,,
82.584,ekf_predict_only,map,-1.87834,-0.898946,1.77566,79.0176,107.032,-40.1673,,,
82.584,ekf,map,-1.82502,-1.06398,1.80811,0.0677664,0.0676825,4.01224e-05,0.0635,,
82.584,kf,map,-1.82538,-1.06413,1.80906,0.0623767,0.0623767,-6.02024e-40,0.067834,,
82.584,pf,map,-1.85335,-1.10977,1.79093,0.0622199,0.064521,0.00169504,4.47342,475.196,0
82.656,odom,map,-1.76063,-1.05377,1.77377,0,0,0,,,
82.692,odom,map,-1.76306,-1.04192,1.77142,0,0,0,,,
82.728,odom,map,-1.76544,-1.03013,1.76937,0,0,0,,,
82.764,odom,map,-1.7678,-1.01834,1.76774,0,0,0,,,
82.8,odom,map,-1.77015,-1.00657,1.76656,0,0,0,,,
82.8,kf,map,-1.84142,-0.993492,1.79744,0.0625527,0.0625527,-8.44216e-41,0.07175,,
82.8,ekf,map,-1.8411,-0.993257,1.79621,0.0688434,0.0687327,4.47119e-05,0.059458,,
82.8,ekf_predict_only,map,-1.89279,-0.829369,1.77344,76.2624,107.999,-38.3774,,,
82.8,pf,map,-1.87989,-1.02829,1.77218,0.0630876,0.0608859,-0.00356873,6.47075,481.552,0
82.836,odom,map,-1.77245,-0.994935,1.76603,0,0,0,,,
82.872,odom,map,-1.77474,-0.983316,1.76566,0,0,0,,,
82.908,odom,map,-1.77701,-0.971821,1.7656,0,0,0,,,
82.944,odom,map,-1.77926,-0.960437,1.76589,0,0,0,,,
82.98,odom,map,-1.78148,-0.949209,1.76662,0,0,0,,,
83.016,odom,map,-1.78369,-0.938124,1.76763,0,0,0,,,
83.016,ekf_predict_only,map,-1.90623,-0.763968,1.78159,73.8419,108.911,-36.6583,,,
83.016,ekf,map,-1.85609,-0.925597,1.79644,0.0690917,0.0689748,4.15494e-05,0.056542,,
83.016,kf,map,-1.85631,-0.925949,1.79763,0.0625774,0.0625774,-1.18228e-41,1.30404,,
83.016,pf,map,-1.90429,-0.94854,1.78127,0.0615591,0.0647994,0.00226456,9.07867,499.902,0
83.052,odom,map,-1.78587,-0.927212,1.76898,0,0,0,,,
83.088,odom,map,-1.78807,-0.916264,1.76985,0,0,0,,,
83.124,odom,map,-1.7903,-0.905229,1.76943,0,0,0,,,
83.16,odom,map,-1.79254,-0.894038,1.76799,0,0,0,,,
83.196,odom,map,-1.79478,-0.882813,1.76624,0,0,0,,,
83.232,odom,map,-1.79465,-0.878963,1.76531,0,0,0,,,
83.196,kf,map,-1.8689,-0.869743,1.78876,0.0623802,0.0623802,-1.67322e-42,0.108292,,
83.196,ekf_predict_only,map,-1.9182,-0.708046,1.76819,71.9125,109.741,-35.1709,,,
83.196,ekf,map,-1.86884,-0.869595,1.78876,0.0677813,0.0676829,3.16906e-05,0.055542,,
83.202,amcl,map,-1.77937,-0.949821,1.80012,0.0266386,0.051571,-0.0154308,,,
83.196,pf,map,-1.87568,-0.909267,1.79121,0.0589527,0.0567155,0.00091295,14.9766,458.911,0
83.268,odom,map,-1.79422,-0.876055,1.76401,0,0,0,,,
83.304,odom,map,-1.79378,-0.873185,1.76187,0,0,0,,,
83.34,odom,map,-1.79333,-0.870366,1.75935,0,0,0,,,
83.376,odom,map,-1.79286,-0.867575,1.75587,0,0,0,,,
83.412,odom,map,-1.79315,-0.862185,1.75118,0,0,0,,,
83.412,ekf_predict_only,map,-1.93159,-0.641068,1.73061,69.7349,110.664,-33.3413,,,
83.412,ekf,map,-1.88332,-0.802838,1.76254,0.0687839,0.0686667,3.42607e-05,0.218042,,
83.412,kf,map,-1.88326,-0.802875,1.76153,0.0625532,0.0625532,-2.34629e-43,1.13688,,
83.412,pf,map,-1.88633,-0.84835,1.76544,0.056729,0.0659849,0.00251958,12.4835,464.508,0
83.448,odom,map,-1.79515,-0.85098,1.74491,0,0,0,,,
83.484,odom,map,-1.79708,-0.839822,1.73825,0,0,0,,,
83.52,odom,map,-1.79891,-0.828742,1.73058,0,0,0,,,
83.556,odom,map,-1.80063,-0.817743,1.72201,0,0,0,,,
83.592,odom,map,-1.80227,-0.806672,1.7126,0,0,0,,,
83.628,odom,map,-1.8038,-0.79558,1.703,0,0,0,,,
83.592,ekf,map,-1.89345,-0.747584,1.72442,0.0677312,0.0676301,2.73492e-05,0.059542,,
83.592,ekf_predict_only,map,-1.9405,-0.585799,1.68262,68.0815,111.315,-31.7734,,,
83.592,kf,map,-1.89336,-0.747599,1.72328,0.0623768,0.0623768,-3.3212e-44,0.139917,,
83.592,pf,map,-1.90926,-0.771686,1.72924,0.0622716,0.0606154,0.00312534,12.2336,474.233,0
83.664,odom,map,-1.80521,-0.784524,1.69302,0,0,0,,,
83.7,odom,map,-1.8065,-0.773584,1.68209,0,0,0,,,
83.736,odom,map,-1.80763,-0.762889,1.67022,0,0,0,,,
83.772,odom,map,-1.80863,-0.752245,1.65817,0,0,0,,,
83.808,kf,map,-1.90199,-0.683207,1.65612,0.0625528,0.0625528,-4.6573e-45,0.283667,,
83.808,odom,map,-1.80949,-0.741611,1.64573,0,0,0,,,
83.808,ekf_predict_only,map,-1.94763,-0.522279,1.60518,66.3073,111.858,-29.9048,,,
83.808,ekf,map,-1.90205,-0.683105,1.65748,0.0688024,0.0686837,2.89804e-05,0.052,,
83.808,pf,map,-1.93722,-0.70484,1.6531,0.0603991,0.0666671,0.00390072,7.75462,462.542,0
83.844,odom,map,-1.81021,-0.731176,1.63217,0,0,0,,,
83.88,odom,map,-1.81076,-0.72095,1.61791,0,0,0,,,
83.916,odom,map,-1.81117,-0.710825,1.6033,0,0,0,,,
83.952,odom,map,-1.81141,-0.70093,1.58802,0,0,0,,,
83.988,odom,map,-1.8115,-0.691191,1.57192,0,0,0,,,
83.988,ekf_predict_only,map,-1.9493,-0.473748,1.52327,65.0773,112.062,-28.4156,,,
83.988,kf,map,-1.90493,-0.633125,1.58311,0.0623767,0.0623767,-6.59247e-46,0.071,,
84.024,odom,map,-1.81204,-0.684169,1.55846,0,0,0,,,
83.988,ekf,map,-1.90494,-0.632958,1.58429,0.067752,0.0676534,2.13825e-05,0.0545,,
84,amcl,map,-1.82098,-0.710158,1.61502,0.0257745,0.0627605,-0.00931965,,,
83.988,pf,map,-1.94791,-0.66614,1.59381,0.0670562,0.057821,-0.00187844,5.87958,462.008,0
84.06,odom,map,-1.81283,-0.678924,1.54605,0,0,0,,,
84.096,odom,map,-1.81355,-0.673951,1.53276,0,0,0,,,
84.132,odom,map,-1.8142,-0.669222,1.51891,0,0,0,,,
84.168,odom,map,-1.81479,-0.664932,1.50437,0,0,0,,,
84.204,odom,map,-1.81526,-0.660766,1.48898,0,0,0,,,
84.204,ekf_predict_only,map,-1.94702,-0.42571,1.40383,63.9481,112.02,-26.8899,,,
84.204,ekf,map,-1.90351,-0.580305,1.47523,0.0688132,0.0687063,1.93272e-05,0.134791,,
84.204,kf,map,-1.90359,-0.580774,1.47386,0.0625527,0.0625527,-9.24459e-47,0.086125,,
84.204,pf,map,-1.943,-0.580593,1.50074,0.0627801,0.0627617,0.00331806,8.611,477.858,0
84.24,odom,map,-1.81453,-0.652784,1.46908,0,0,0,,,
84.276,odom,map,-1.81365,-0.644991,1.4486,0,0,0,,,
84.312,odom,map,-1.81263,-0.637293,1.42792,0,0,0,,,
84.348,odom,map,-1.81148,-0.629866,1.40691,0,0,0,,,
84.384,odom,map,-1.8102,-0.622625,1.38558,0,0,0,,,
84.42,odom,map,-1.80881,-0.615597,1.36395,0,0,0,,,
84.384,ekf,map,-1.8981,-0.541964,1.3732,0.0677489,0.0676675,1.18083e-05,0.126083,,
84.384,kf,map,-1.89824,-0.542446,1.37214,0.0623767,0.0623767,-1.30858e-47,0.1485,,
84.384,ekf_predict_only,map,-1.94126,-0.391542,1.29477,63.2266,111.762,-25.7589,,,
84.402,amcl,map,-1.81166,-0.635233,1.39683,0.0238443,0.0552714,-0.00889472,,,
84.384,pf,map,-1.93584,-0.549893,1.38144,0.0561333,0.0596959,0.0014383,5.96267,469.197,0
84.456,odom,map,-1.80734,-0.608969,1.34203,0,0,0,,,
84.492,odom,map,-1.80575,-0.60246,1.32005,0,0,0,,,
84.528,odom,map,-1.80408,-0.596209,1.29771,0,0,0,,,
84.564,odom,map,-1.80233,-0.590229,1.27514,0,0,0,,,
84.6,odom,map,-1.80058,-0.58472,1.25229,0,0,0,,,
84.6,ekf_predict_only,map,-1.93191,-0.358522,1.15756,62.5747,111.283,-24.631,,,
84.6,kf,map,-1.88872,-0.504743,1.24016,0.0625527,0.0625527,-1.83502e-48,0.067,,
84.6,ekf,map,-1.88844,-0.504184,1.24099,0.0687974,0.0687175,7.89521e-06,0.057583,,
84.6,pf,map,-1.91627,-0.50001,1.24719,0.0576466,0.0582857,0.00288591,5.01842,482.518,0
84.636,odom,map,-1.79881,-0.579538,1.22924,0,0,0,,,
84.672,odom,map,-1.79696,-0.574523,1.20612,0,0,0,,,
84.708,odom,map,-1.79506,-0.569705,1.18289,0,0,0,,,
84.744,odom,map,-1.79324,-0.565404,1.15935,0,0,0,,,
84.78,odom,map,-1.79148,-0.561489,1.13579,0,0,0,,,
84.816,odom,map,-1.79033,-0.557794,1.11367,0,0,0,,,
84.816,ekf_predict_only,map,-1.92286,-0.337881,1.01456,62.2257,110.827,-23.8977,,,
84.816,kf,map,-1.87803,-0.478538,1.10084,0.0625774,0.0625774,-2.56986e-49,0.063625,,
84.816,ekf,map,-1.87762,-0.477859,1.10147,0.0690262,0.068962,3.78324e-06,0.05425,,
84.801,amcl,map,-1.80191,-0.580203,1.15429,0.0231911,0.0615484,-0.00791829,,,
84.816,pf,map,-1.91604,-0.492074,1.099,0.0622257,0.06552,0.000137151,4.67671,501.02,0
84.852,odom,map,-1.79008,-0.554101,1.09402,0,0,0,,,
84.888,odom,map,-1.78989,-0.550629,1.07431,0,0,0,,,
84.924,odom,map,-1.78976,-0.547392,1.05447,0,0,0,,,
84.96,odom,map,-1.78976,-0.544475,1.03442,0,0,0,,,
84.996,odom,map,-1.78976,-0.541646,1.01434,0,0,0,,,
85.032,odom,map,-1.78855,-0.539441,0.990524,0,0,0,,,
84.996,kf,map,-1.86958,-0.463769,0.981524,0.0623802,0.0623802,-3.63699e-50,0.166167,,
84.996,ekf,map,-1.8692,-0.463212,0.981905,0.0677145,0.067674,1.11834e-06,0.054666,,
84.996,ekf_predict_only,map,-1.91645,-0.32757,0.893153,62.1074,110.534,-23.5142,,,
84.996,pf,map,-1.87429,-0.498301,0.971293,0.0578777,0.0627345,0.00438184,5.64917,481.457,0
85.068,odom,map,-1.7873,-0.537587,0.966113,0,0,0,,,
85.104,odom,map,-1.78621,-0.536043,0.941703,0,0,0,,,
85.14,odom,map,-1.78517,-0.534645,0.917325,0,0,0,,,
85.176,odom,map,-1.7842,-0.533413,0.892899,0,0,0,,,
85.212,ekf_predict_only,map,-1.91195,-0.321979,0.746689,62.0908,110.36,-23.2967,,,
85.212,kf,map,-1.86269,-0.454435,0.835936,0.0625532,0.0625532,-5.1e-51,0.494916,,
85.212,odom,map,-1.78314,-0.533379,0.868424,0,0,0,,,
85.2,amcl,map,-1.80025,-0.553312,0.880489,0.0178661,0.0494496,-0.00688357,,,
85.212,ekf,map,-1.86229,-0.453931,0.836141,0.0686907,0.068658,-1.12731e-08,0.058,,
85.212,pf,map,-1.88729,-0.488138,0.829419,0.0652219,0.0580856,0.000958236,5.98296,485.621,0
85.248,odom,map,-1.78165,-0.535722,0.843796,0,0,0,,,
85.284,odom,map,-1.7803,-0.538256,0.819287,0,0,0,,,
85.32,odom,map,-1.77897,-0.540849,0.794825,0,0,0,,,
85.356,odom,map,-1.7777,-0.543518,0.770392,0,0,0,,,
85.392,odom,map,-1.77664,-0.546405,0.746107,0,0,0,,,
85.392,ekf_predict_only,map,-1.91183,-0.321875,0.626479,62.1886,110.453,-23.2924,,,
85.392,ekf,map,-1.85959,-0.451104,0.715295,0.0676434,0.0676235,-2.6701e-07,0.10475,,
85.392,kf,map,-1.85995,-0.451504,0.715267,0.0623768,0.0623768,-7.21909e-52,0.06075,,
85.428,odom,map,-1.77633,-0.547204,0.722019,0,0,0,,,
85.392,pf,map,-1.85625,-0.482328,0.689305,0.0580124,0.0598766,0.00281468,6.91775,457.527,0
85.464,odom,map,-1.77644,-0.547296,0.698228,0,0,0,,,
85.5,odom,map,-1.77661,-0.547435,0.674535,0,0,0,,,
85.536,odom,map,-1.77694,-0.547691,0.650994,0,0,0,,,
85.572,odom,map,-1.77743,-0.548053,0.627656,0,0,0,,,
85.608,odom,map,-1.7784,-0.548704,0.6052,0,0,0,,,
85.608,ekf_predict_only,map,-1.91584,-0.324774,0.490353,62.3489,110.797,-23.4225,,,
85.608,kf,map,-1.8614,-0.452392,0.57575,0.0625528,0.0625528,-1.01233e-52,0.05875,,
85.608,ekf,map,-1.86107,-0.452035,0.575427,0.0686926,0.0686772,-3.3194e-07,0.172792,,
85.602,amcl,map,-1.80354,-0.559678,0.632461,0.019922,0.0527542,-0.00127805,,,
85.608,pf,map,-1.87407,-0.486299,0.549559,0.0591826,0.0612944,-0.000954563,4.99929,482.735,0
85.644,odom,map,-1.7807,-0.550145,0.58468,0,0,0,,,
85.68,odom,map,-1.78305,-0.551597,0.564245,0,0,0,,,
85.716,odom,map,-1.78564,-0.55317,0.544087,0,0,0,,,
85.752,odom,map,-1.78848,-0.554871,0.524286,0,0,0,,,
85.788,odom,map,-1.79138,-0.556569,0.504527,0,0,0,,,
85.788,ekf_predict_only,map,-1.92415,-0.329212,0.384515,62.5419,111.406,-23.6454,,,
85.824,odom,map,-1.79347,-0.55773,0.483826,0,0,0,,,
85.788,ekf,map,-1.86683,-0.455164,0.465693,0.0676581,0.0676491,-3.75103e-07,0.086167,,
85.788,kf,map,-1.86712,-0.455459,0.466118,0.0623767,0.0623767,-1.43297e-53,0.059958,,
85.788,pf,map,-1.87747,-0.485637,0.463461,0.0621046,0.057335,0.00303319,5.07883,475.031,0
85.86,odom,map,-1.79531,-0.558671,0.462921,0,0,0,,,
85.896,odom,map,-1.79722,-0.559601,0.442326,0,0,0,,,
85.932,odom,map,-1.79917,-0.5605,0.42191,0,0,0,,,
85.968,odom,map,-1.80115,-0.561364,0.401553,0,0,0,,,
86.004,odom,map,-1.80338,-0.562211,0.381574,0,0,0,,,
86.004,kf,map,-1.87821,-0.460089,0.343413,0.0625527,0.0625527,-2.00944e-54,0.054375,,
86.004,ekf_predict_only,map,-1.93717,-0.33448,0.267065,62.7533,112.309,-23.9454,,,
86.004,ekf,map,-1.87799,-0.459819,0.342762,0.0687098,0.0687035,-7.76434e-07,0.382042,,
86.001,amcl,map,-1.81739,-0.577625,0.387588,0.0187553,0.048538,-0.00349127,,,
86.004,pf,map,-1.89349,-0.473132,0.321529,0.0637147,0.0628358,-0.00112659,4.71129,465.569,0
86.04,odom,map,-1.80791,-0.5627,0.361328,0,0,0,,,
86.076,odom,map,-1.81257,-0.563183,0.34142,0,0,0,,,
86.112,odom,map,-1.81731,-0.563638,0.321621,0,0,0,,,
86.148,odom,map,-1.82211,-0.564057,0.302153,0,0,0,,,
86.184,odom,map,-1.82714,-0.564493,0.28336,0,0,0,,,
86.184,ekf_predict_only,map,-1.95063,-0.338164,0.181101,62.9318,113.246,-24.2033,,,
86.184,ekf,map,-1.89007,-0.463301,0.250188,0.0676697,0.067667,-9.96284e-07,0.067625,,
86.184,kf,map,-1.89023,-0.463514,0.25095,0.0623767,0.0623767,-2.84439e-55,0.067375,,
86.22,odom,map,-1.83088,-0.565085,0.26556,0,0,0,,,
86.184,pf,map,-1.90449,-0.484043,0.2308,0.0638962,0.0599531,-0.000566248,6.27871,496.848,0
86.256,odom,map,-1.83358,-0.565795,0.248367,0,0,0,,,
86.292,odom,map,-1.83635,-0.566472,0.231688,0,0,0,,,
86.328,odom,map,-1.83917,-0.567112,0.215478,0,0,0,,,
86.364,odom,map,-1.84169,-0.567645,0.200188,0,0,0,,,
86.4,odom,map,-1.84301,-0.567904,0.187382,0,0,0,,,
86.4,ekf_predict_only,map,-1.95063,-0.338164,0.154593,63.0318,113.346,-24.2033,,,
86.4,ekf,map,-1.90001,-0.464965,0.174077,0.0687191,0.0687178,-1.11151e-06,0.055583,,
86.4,kf,map,-1.89916,-0.464938,0.178812,0.0625527,0.0625527,-3.98868e-56,0.076042,,
86.4,pf,map,-1.93803,-0.492612,0.130639,0.0634781,0.057349,-0.00162833,7.58437,479.197,0
86.436,odom,map,-1.84392,-0.569518,0.180484,0,0,0,,,
86.472,odom,map,-1.84467,-0.571144,0.176273,0,0,0,,,
86.508,odom,map,-1.84542,-0.57277,0.174654,0,0,0,,,
86.544,odom,map,-1.84618,-0.574397,0.175627,0,0,0,,,
86.58,odom,map,-1.84694,-0.576024,0.178787,0,0,0,,,
86.616,odom,map,-1.8474,-0.577019,0.180871,0,0,0,,,
86.616,ekf_predict_only,map,-1.95063,-0.338164,0.154593,63.1318,113.446,-24.2033,,,
86.616,ekf,map,-1.90323,-0.465545,0.140882,0.0689628,0.0689621,-8.77922e-07,0.063166,,
86.616,kf,map,-1.90261,-0.465488,0.145726,0.0625774,0.0625774,-5.58595e-57,0.056583,,
86.601,amcl,map,-1.8365,-0.604087,0.181068,0.0164593,0.0468996,-0.00386291,,,
86.616,pf,map,-1.94205,-0.495226,0.109435,0.0609379,0.0555308,0.00274406,5.23404,503.644,0
86.652,odom,map,-1.8474,-0.577019,0.180871,0,0,0,,,
86.688,odom,map,-1.8474,-0.577019,0.180871,0,0,0,,,
86.724,odom,map,-1.8474,-0.577019,0.180871,0,0,0,,,
86.76,odom,map,-1.8474,-0.577019,0.180871,0,0,0,,,
86.796,odom,map,-1.8474,-0.577019,0.180871,0,0,0,,,
86.832,odom,map,-1.84695,-0.578397,0.179395,0,0,0,,,
86.796,kf,map,-1.9039,-0.465693,0.133384,0.0623802,0.0623802,-7.90551e-58,0.070292,,
86.796,ekf_predict_only,map,-1.95063,-0.338164,0.154593,63.2318,113.546,-24.2033,,,
86.796,ekf,map,-1.90421,-0.465729,0.13077,0.0676741,0.0676738,-5.32415e-07,0.064833,,
86.796,pf,map,-1.92779,-0.497644,0.116592,0.0629687,0.0661707,1.46649e-05,5.6015,475.972,0
86.868,odom,map,-1.84644,-0.579947,0.177735,0,0,0,,,
86.904,odom,map,-1.84593,-0.581497,0.176075,0,0,0,,,
86.94,odom,map,-1.84543,-0.583047,0.174415,0,0,0,,,
86.976,odom,map,-1.84492,-0.584597,0.172755,0,0,0,,,
87.012,ekf_predict_only,map,-1.95063,-0.338164,0.154593,63.3318,113.646,-24.2033,,,
87.012,ekf,map,-1.90453,-0.465789,0.127454,0.0686578,0.0686575,-4.14066e-07,0.119834,,
87.012,odom,map,-1.84457,-0.585674,0.171602,0,0,0,,,
87.012,kf,map,-1.90439,-0.46577,0.128728,0.0625532,0.0625532,-1.10856e-58,0.749291,,
87.012,pf,map,-1.91844,-0.497938,0.127204,0.0609321,0.0616379,-0.00251669,9.95417,467.755,0
87.048,odom,map,-1.84457,-0.585674,0.171602,0,0,0,,,
87.084,odom,map,-1.84457,-0.585674,0.171602,0,0,0,,,
87.12,odom,map,-1.84457,-0.585674,0.171602,0,0,0,,,
87.156,odom,map,-1.84457,-0.585674,0.171602,0,0,0,,,
87.192,odom,map,-1.84457,-0.585674,0.171602,0,0,0,,,
87.228,odom,map,-1.84457,-0.585674,0.171602,0,0,0,,,
87.192,ekf_predict_only,map,-1.95063,-0.338164,0.154593,63.4318,113.746,-24.2033,,,
87.192,ekf,map,-1.90463,-0.465808,0.12643,0.0676233,0.0676232,-2.46276e-07,0.061667,,
87.192,kf,map,-1.90457,-0.465799,0.126989,0.0623768,0.0623768,-1.56917e-59,0.060458,,
87.192,pf,map,-1.89449,-0.486652,0.108007,0.0636863,0.0639232,-0.000904307,7.39129,482.441,0
87.264,odom,map,-1.84457,-0.585674,0.171602,0,0,0,,,
87.3,odom,map,-1.84457,-0.585674,0.171602,0,0,0,,,
87.336,odom,map,-1.84457,-0.585674,0.171602,0,0,0,,,
87.372,odom,map,-1.84457,-0.585674,0.171602,0,0,0,,,
87.408,odom,map,-1.84425,-0.586407,0.171978,0,0,0,,,
87.408,ekf,map,-1.90466,-0.465814,0.126094,0.068677,0.0686769,-1.8844e-07,0.199375,,
87.408,ekf_predict_only,map,-1.95063,-0.338164,0.154593,63.5318,113.846,-24.2033,,,
87.408,kf,map,-1.90464,-0.46581,0.126333,0.0625528,0.0625528,-2.20044e-60,0.106625,,
87.408,pf,map,-1.91172,-0.491948,0.0984185,0.065976,0.0657064,0.000728968,7.62379,470.404,0
87.444,odom,map,-1.8428,-0.589704,0.173674,0,0,0,,,
87.48,odom,map,-1.84135,-0.593002,0.175369,0,0,0,,,
87.516,odom,map,-1.83991,-0.5963,0.177065,0,0,0,,,
87.552,odom,map,-1.83846,-0.599598,0.178761,0,0,0,,,
87.588,odom,map,-1.83702,-0.602896,0.180456,0,0,0,,,
87.624,odom,map,-1.8365,-0.604087,0.181068,0,0,0,,,
87.66,odom,map,-1.8365,-0.604087,0.181068,0,0,0,,,
87.696,odom,map,-1.8365,-0.604087,0.181068,0,0,0,,,
87.732,odom,map,-1.8365,-0.604087,0.181068,0,0,0,,,
87.768,odom,map,-1.8365,-0.604087,0.181068,0,0,0,,,
87.804,odom,map,-1.8365,-0.604087,0.181068,0,0,0,,,
87.84,odom,map,-1.8365,-0.604087,0.181068,0,0,0,,,
87.876,odom,map,-1.8365,-0.604087,0.181068,0,0,0,,,
87.912,odom,map,-1.8365,-0.604087,0.181068,0,0,0,,,
87.948,odom,map,-1.8365,-0.604087,0.181068,0,0,0,,,
87.984,odom,map,-1.8365,-0.604087,0.181068,0,0,0,,,
88.02,odom,map,-1.8365,-0.604087,0.181068,0,0,0,,,
88.056,odom,map,-1.8365,-0.604087,0.181068,0,0,0,,,
88.092,odom,map,-1.8365,-0.604087,0.181068,0,0,0,,,
88.128,odom,map,-1.8365,-0.604087,0.181068,0,0,0,,,
88.164,odom,map,-1.8365,-0.604087,0.181068,0,0,0,,,
88.2,odom,map,-1.8365,-0.604087,0.181068,0,0,0,,,
88.236,odom,map,-1.8365,-0.604087,0.181068,0,0,0,,,
88.272,odom,map,-1.8365,-0.604087,0.181068,0,0,0,,,
88.308,odom,map,-1.8365,-0.604087,0.181068,0,0,0,,,
88.344,odom,map,-1.8365,-0.604087,0.181068,0,0,0,,,
88.38,odom,map,-1.8365,-0.604087,0.181068,0,0,0,,,
88.416,odom,map,-1.8365,-0.604087,0.181068,0,0,0,,,
88.452,odom,map,-1.8365,-0.604087,0.181068,0,0,0,,,
88.488,odom,map,-1.8365,-0.604087,0.181068,0,0,0,,,
88.524,odom,map,-1.8365,-0.604087,0.181068,0,0,0,,,
88.56,odom,map,-1.8365,-0.604087,0.181068,0,0,0,,,
88.596,odom,map,-1.8365,-0.604087,0.181068,0,0,0,,,
88.632,odom,map,-1.8365,-0.604087,0.181068,0,0,0,,,
88.668,odom,map,-1.8365,-0.604087,0.181068,0,0,0,,,
88.704,odom,map,-1.8365,-0.604087,0.181068,0,0,0,,,
88.74,odom,map,-1.8365,-0.604087,0.181068,0,0,0,,,
88.776,odom,map,-1.8365,-0.604087,0.181068,0,0,0,,,
88.812,odom,map,-1.8365,-0.604087,0.181068,0,0,0,,,
88.848,odom,map,-1.8365,-0.604087,0.181068,0,0,0,,,
88.884,odom,map,-1.8365,-0.604087,0.181068,0,0,0,,,
88.92,odom,map,-1.8365,-0.604087,0.181068,0,0,0,,,
88.956,odom,map,-1.8365,-0.604087,0.181068,0,0,0,,,
88.992,odom,map,-1.8365,-0.604087,0.181068,0,0,0,,,
89.028,odom,map,-1.8365,-0.604087,0.181068,0,0,0,,,
89.064,odom,map,-1.8365,-0.604087,0.181068,0,0,0,,,
89.1,odom,map,-1.8365,-0.604087,0.181068,0,0,0,,,
89.136,odom,map,-1.8365,-0.604087,0.181068,0,0,0,,,
89.172,odom,map,-1.8365,-0.604087,0.181068,0,0,0,,,
89.208,odom,map,-1.8365,-0.604087,0.181068,0,0,0,,,
89.244,odom,map,-1.8365,-0.604087,0.181068,0,0,0,,,
89.28,odom,map,-1.8365,-0.604087,0.181068,0,0,0,,,
89.316,odom,map,-1.8365,-0.604087,0.181068,0,0,0,,,
89.352,odom,map,-1.8365,-0.604087,0.181068,0,0,0,,,
89.388,odom,map,-1.8365,-0.604087,0.181068,0,0,0,,,
89.424,odom,map,-1.8365,-0.604087,0.181068,0,0,0,,,
89.46,odom,map,-1.8365,-0.604087,0.181068,0,0,0,,,
89.496,odom,map,-1.8365,-0.604087,0.181068,0,0,0,,,
89.532,odom,map,-1.8365,-0.604087,0.181068,0,0,0,,,
89.568,odom,map,-1.8365,-0.604087,0.181068,0,0,0,,,
89.604,odom,map,-1.8365,-0.604087,0.181068,0,0,0,,,
89.64,odom,map,-1.8365,-0.604087,0.181068,0,0,0,,,
89.676,odom,map,-1.8365,-0.604087,0.181068,0,0,0,,,
89.712,odom,map,-1.8365,-0.604087,0.181068,0,0,0,,,
89.748,odom,map,-1.8365,-0.604087,0.181068,0,0,0,,,
89.784,odom,map,-1.8365,-0.604087,0.181068,0,0,0,,,
89.82,odom,map,-1.8365,-0.604087,0.181068,0,0,0,,,
89.856,odom,map,-1.8365,-0.604087,0.181068,0,0,0,,,
89.892,odom,map,-1.8365,-0.604087,0.181068,0,0,0,,,
89.928,odom,map,-1.8365,-0.604087,0.181068,0,0,0,,,
89.964,odom,map,-1.8365,-0.604087,0.181068,0,0,0,,,
90,odom,map,-1.8365,-0.604087,0.181068,0,0,0,,,
90.036,odom,map,-1.8365,-0.604087,0.181068,0,0,0,,,
90.072,odom,map,-1.8365,-0.604087,0.181068,0,0,0,,,
90.108,odom,map,-1.8365,-0.604087,0.181068,0,0,0,,,
90.144,odom,map,-1.8365,-0.604087,0.181068,0,0,0,,,
90.18,odom,map,-1.8365,-0.604087,0.181068,0,0,0,,,
90.216,odom,map,-1.8365,-0.604087,0.181068,0,0,0,,,
90.252,odom,map,-1.8365,-0.604087,0.181068,0,0,0,,,
90.288,odom,map,-1.8365,-0.604087,0.181068,0,0,0,,,
90.324,odom,map,-1.8365,-0.604087,0.181068,0,0,0,,,
90.36,odom,map,-1.8365,-0.604087,0.181068,0,0,0,,,
90.396,odom,map,-1.8365,-0.604087,0.181068,0,0,0,,,
90.432,odom,map,-1.8365,-0.604087,0.181068,0,0,0,,,
90.468,odom,map,-1.8365,-0.604087,0.181068,0,0,0,,,
90.504,odom,map,-1.8365,-0.604087,0.181068,0,0,0,,,
90.54,odom,map,-1.8365,-0.604087,0.181068,0,0,0,,,
90.576,odom,map,-1.8365,-0.604087,0.181068,0,0,0,,,
90.612,odom,map,-1.8365,-0.604087,0.181068,0,0,0,,,
90.648,odom,map,-1.8365,-0.604087,0.181068,0,0,0,,,
90.684,odom,map,-1.8365,-0.604087,0.181068,0,0,0,,,
90.72,odom,map,-1.8365,-0.604087,0.181068,0,0,0,,,
90.756,odom,map,-1.8365,-0.604087,0.181068,0,0,0,,,
90.792,odom,map,-1.8365,-0.604087,0.181068,0,0,0,,,
90.828,odom,map,-1.8365,-0.604087,0.181068,0,0,0,,,
90.864,odom,map,-1.8365,-0.604087,0.181068,0,0,0,,,
90.9,odom,map,-1.8365,-0.604087,0.181068,0,0,0,,,
90.936,odom,map,-1.8365,-0.604087,0.181068,0,0,0,,,
90.972,odom,map,-1.8365,-0.604087,0.181068,0,0,0,,,
91.008,odom,map,-1.8365,-0.604087,0.181068,0,0,0,,,
91.044,odom,map,-1.8365,-0.604087,0.181068,0,0,0,,,
91.08,odom,map,-1.8365,-0.604087,0.181068,0,0,0,,,
91.116,odom,map,-1.8365,-0.604087,0.181068,0,0,0,,,
91.152,odom,map,-1.8365,-0.604087,0.181068,0,0,0,,,
91.188,odom,map,-1.8365,-0.604087,0.181068,0,0,0,,,
91.224,odom,map,-1.8365,-0.604087,0.181068,0,0,0,,,
91.26,odom,map,-1.8365,-0.604087,0.181068,0,0,0,,,
91.296,odom,map,-1.8365,-0.604087,0.181068,0,0,0,,,
91.332,odom,map,-1.8365,-0.604087,0.181068,0,0,0,,,
91.368,odom,map,-1.8365,-0.604087,0.181068,0,0,0,,,
91.404,odom,map,-1.8365,-0.604087,0.181068,0,0,0,,,
91.44,odom,map,-1.8365,-0.604087,0.181068,0,0,0,,,
91.476,odom,map,-1.8365,-0.604087,0.181068,0,0,0,,,
91.512,odom,map,-1.8365,-0.604087,0.181068,0,0,0,,,
91.548,odom,map,-1.8365,-0.604087,0.181068,0,0,0,,,
91.584,odom,map,-1.8365,-0.604087,0.181068,0,0,0,,,
91.62,odom,map,-1.8365,-0.604087,0.181068,0,0,0,,,
91.656,odom,map,-1.8365,-0.604087,0.181068,0,0,0,,,
91.692,odom,map,-1.8365,-0.604087,0.181068,0,0,0,,,
91.728,odom,map,-1.8365,-0.604087,0.181068,0,0,0,,,
91.764,odom,map,-1.8365,-0.604087,0.181068,0,0,0,,,
91.8,odom,map,-1.8365,-0.604087,0.181068,0,0,0,,,
91.836,odom,map,-1.8365,-0.604087,0.181068,0,0,0,,,
91.872,odom,map,-1.8365,-0.604087,0.181068,0,0,0,,,
91.908,odom,map,-1.8365,-0.604087,0.181068,0,0,0,,,
91.944,odom,map,-1.8365,-0.604087,0.181068,0,0,0,,,
91.98,odom,map,-1.8365,-0.604087,0.181068,0,0,0,,,
92.016,odom,map,-1.8365,-0.604087,0.181068,0,0,0,,,
92.052,odom,map,-1.8365,-0.604087,0.181068,0,0,0,,,
92.088,odom,map,-1.8365,-0.604087,0.181068,0,0,0,,,
92.124,odom,map,-1.8365,-0.604087,0.181068,0,0,0,,,
92.16,odom,map,-1.8365,-0.604087,0.181068,0,0,0,,,
92.196,odom,map,-1.8365,-0.604087,0.181068,0,0,0,,,
92.232,odom,map,-1.8365,-0.604087,0.181068,0,0,0,,,
92.268,odom,map,-1.8365,-0.604087,0.181068,0,0,0,,,
92.304,odom,map,-1.8365,-0.604087,0.181068,0,0,0,,,
92.34,odom,map,-1.8365,-0.604087,0.181068,0,0,0,,,
92.376,odom,map,-1.8365,-0.604087,0.181068,0,0,0,,,
92.412,odom,map,-1.8365,-0.604087,0.181068,0,0,0,,,
92.448,odom,map,-1.8365,-0.604087,0.181068,0,0,0,,,
92.484,odom,map,-1.8365,-0.604087,0.181068,0,0,0,,,
92.52,odom,map,-1.8365,-0.604087,0.181068,0,0,0,,,
92.556,odom,map,-1.8365,-0.604087,0.181068,0,0,0,,,
92.592,odom,map,-1.8365,-0.604087,0.181068,0,0,0,,,
92.628,odom,map,-1.8365,-0.604087,0.181068,0,0,0,,,
92.664,odom,map,-1.8365,-0.604087,0.181068,0,0,0,,,
92.7,odom,map,-1.8365,-0.604087,0.181068,0,0,0,,,
92.736,odom,map,-1.8365,-0.604087,0.181068,0,0,0,,,
92.772,odom,map,-1.8365,-0.604087,0.181068,0,0,0,,,
92.808,odom,map,-1.8365,-0.604087,0.181068,0,0,0,,,
92.844,odom,map,-1.8365,-0.604087,0.181068,0,0,0,,,
92.88,odom,map,-1.8365,-0.604087,0.181068,0,0,0,,,
92.916,odom,map,-1.8365,-0.604087,0.181068,0,0,0,,,
92.952,odom,map,-1.8365,-0.604087,0.181068,0,0,0,,,
92.988,odom,map,-1.8365,-0.604087,0.181068,0,0,0,,,
93.024,odom,map,-1.8365,-0.604087,0.181068,0,0,0,,,
93.06,odom,map,-1.8365,-0.604087,0.181068,0,0,0,,,
93.096,odom,map,-1.8365,-0.604087,0.181068,0,0,0,,,
93.132,odom,map,-1.8365,-0.604087,0.181068,0,0,0,,,
93.168,odom,map,-1.8365,-0.604087,0.181068,0,0,0,,,
93.204,odom,map,-1.8365,-0.604087,0.181068,0,0,0,,,
93.24,odom,map,-1.8365,-0.604087,0.181068,0,0,0,,,
93.276,odom,map,-1.8365,-0.604087,0.181068,0,0,0,,,
93.312,odom,map,-1.8365,-0.604087,0.181068,0,0,0,,,
93.348,odom,map,-1.8365,-0.604087,0.181068,0,0,0,,,
93.384,odom,map,-1.8365,-0.604087,0.181068,0,0,0,,,
93.42,odom,map,-1.8365,-0.604087,0.181068,0,0,0,,,
93.456,odom,map,-1.8365,-0.604087,0.181068,0,0,0,,,
93.492,odom,map,-1.8365,-0.604087,0.181068,0,0,0,,,
93.528,odom,map,-1.8365,-0.604087,0.181068,0,0,0,,,
93.564,odom,map,-1.8365,-0.604087,0.181068,0,0,0,,,
93.6,odom,map,-1.8365,-0.604087,0.181068,0,0,0,,,
93.636,odom,map,-1.8365,-0.604087,0.181068,0,0,0,,,
93.672,odom,map,-1.8365,-0.604087,0.181068,0,0,0,,,
93.708,odom,map,-1.8365,-0.604087,0.181068,0,0,0,,,
93.744,odom,map,-1.8365,-0.604087,0.181068,0,0,0,,,
93.78,odom,map,-1.8365,-0.604087,0.181068,0,0,0,,,
93.816,odom,map,-1.8365,-0.604087,0.181068,0,0,0,,,
93.852,odom,map,-1.8365,-0.604087,0.181068,0,0,0,,,
93.888,odom,map,-1.8365,-0.604087,0.181068,0,0,0,,,
93.924,odom,map,-1.8365,-0.604087,0.181068,0,0,0,,,
93.96,odom,map,-1.8365,-0.604087,0.181068,0,0,0,,,
93.996,odom,map,-1.8365,-0.604087,0.181068,0,0,0,,,
94.032,odom,map,-1.8365,-0.604087,0.181068,0,0,0,,,
94.068,odom,map,-1.8365,-0.604087,0.181068,0,0,0,,,
94.104,odom,map,-1.8365,-0.604087,0.181068,0,0,0,,,
94.14,odom,map,-1.8365,-0.604087,0.181068,0,0,0,,,
94.176,odom,map,-1.8365,-0.604087,0.181068,0,0,0,,,
94.212,odom,map,-1.8365,-0.604087,0.181068,0,0,0,,,
94.248,odom,map,-1.8365,-0.604087,0.181068,0,0,0,,,
94.284,odom,map,-1.8365,-0.604087,0.181068,0,0,0,,,
94.32,odom,map,-1.8365,-0.604087,0.181068,0,0,0,,,
94.356,odom,map,-1.8365,-0.604087,0.181068,0,0,0,,,
94.392,odom,map,-1.8365,-0.604087,0.181068,0,0,0,,,
94.428,odom,map,-1.8365,-0.604087,0.181068,0,0,0,,,
94.464,odom,map,-1.8365,-0.604087,0.181068,0,0,0,,,
94.5,odom,map,-1.8365,-0.604087,0.181068,0,0,0,,,
94.536,odom,map,-1.8365,-0.604087,0.181068,0,0,0,,,
94.572,odom,map,-1.8365,-0.604087,0.181068,0,0,0,,,
94.608,odom,map,-1.8365,-0.604087,0.181068,0,0,0,,,
94.644,odom,map,-1.8365,-0.604087,0.181068,0,0,0,,,
94.68,odom,map,-1.8365,-0.604087,0.181068,0,0,0,,,
94.716,odom,map,-1.8365,-0.604087,0.181068,0,0,0,,,
94.752,odom,map,-1.8365,-0.604087,0.181068,0,0,0,,,
94.788,odom,map,-1.8365,-0.604087,0.181068,0,0,0,,,
94.824,odom,map,-1.8365,-0.604087,0.181068,0,0,0,,,
94.86,odom,map,-1.8365,-0.604087,0.181068,0,0,0,,,
94.896,odom,map,-1.8365,-0.604087,0.181068,0,0,0,,,
94.932,odom,map,-1.8365,-0.604087,0.181068,0,0,0,,,
94.968,odom,map,-1.8365,-0.604087,0.181068,0,0,0,,,
95.004,odom,map,-1.8365,-0.604087,0.181068,0,0,0,,,
95.04,odom,map,-1.8365,-0.604087,0.181068,0,0,0,,,
95.076,odom,map,-1.8365,-0.604087,0.181068,0,0,0,,,
95.112,odom,map,-1.8365,-0.604087,0.181068,0,0,0,,,
95.148,odom,map,-1.8365,-0.604087,0.181068,0,0,0,,,
95.184,odom,map,-1.8365,-0.604087,0.181068,0,0,0,,,
95.22,odom,map,-1.8365,-0.604087,0.181068,0,0,0,,,
95.256,odom,map,-1.8365,-0.604087,0.181068,0,0,0,,,
95.292,odom,map,-1.8365,-0.604087,0.181068,0,0,0,,,
95.328,odom,map,-1.8365,-0.604087,0.181068,0,0,0,,,
95.364,odom,map,-1.8365,-0.604087,0.181068,0,0,0,,,
95.4,odom,map,-1.8365,-0.604087,0.181068,0,0,0,,,
95.436,odom,map,-1.8365,-0.604087,0.181068,0,0,0,,,
95.472,odom,map,-1.8365,-0.604087,0.181068,0,0,0,,,
95.508,odom,map,-1.8365,-0.604087,0.181068,0,0,0,,,
95.544,odom,map,-1.8365,-0.604087,0.181068,0,0,0,,,
95.58,odom,map,-1.8365,-0.604087,0.181068,0,0,0,,,
95.616,odom,map,-1.8365,-0.604087,0.181068,0,0,0,,,
95.652,odom,map,-1.8365,-0.604087,0.181068,0,0,0,,,
95.688,odom,map,-1.8365,-0.604087,0.181068,0,0,0,,,
95.724,odom,map,-1.8365,-0.604087,0.181068,0,0,0,,,
95.76,odom,map,-1.8365,-0.604087,0.181068,0,0,0,,,
95.796,odom,map,-1.8365,-0.604087,0.181068,0,0,0,,,
95.832,odom,map,-1.8365,-0.604087,0.181068,0,0,0,,,
95.868,odom,map,-1.8365,-0.604087,0.181068,0,0,0,,,
95.904,odom,map,-1.8365,-0.604087,0.181068,0,0,0,,,
95.94,odom,map,-1.8365,-0.604087,0.181068,0,0,0,,,
95.976,odom,map,-1.8365,-0.604087,0.181068,0,0,0,,,
96.012,odom,map,-1.8365,-0.604087,0.181068,0,0,0,,,
96.048,odom,map,-1.8365,-0.604087,0.181068,0,0,0,,,
96.084,odom,map,-1.8365,-0.604087,0.181068,0,0,0,,,
96.12,odom,map,-1.8365,-0.604087,0.181068,0,0,0,,,
96.156,odom,map,-1.8365,-0.604087,0.181068,0,0,0,,,
96.192,odom,map,-1.8365,-0.604087,0.181068,0,0,0,,,
96.228,odom,map,-1.8365,-0.604087,0.181068,0,0,0,,,
96.264,odom,map,-1.8365,-0.604087,0.181068,0,0,0,,,
96.3,odom,map,-1.8365,-0.604087,0.181068,0,0,0,,,
96.336,odom,map,-1.8365,-0.604087,0.181068,0,0,0,,,
96.372,odom,map,-1.8365,-0.604087,0.181068,0,0,0,,,
96.408,odom,map,-1.8365,-0.604087,0.181068,0,0,0,,,
96.444,odom,map,-1.8365,-0.604087,0.181068,0,0,0,,,
96.48,odom,map,-1.8365,-0.604087,0.181068,0,0,0,,,
96.516,odom,map,-1.8365,-0.604087,0.181068,0,0,0,,,
96.552,odom,map,-1.8365,-0.604087,0.181068,0,0,0,,,
96.588,odom,map,-1.8365,-0.604087,0.181068,0,0,0,,,
96.624,odom,map,-1.8365,-0.604087,0.181068,0,0,0,,,
96.66,odom,map,-1.8365,-0.604087,0.181068,0,0,0,,,
96.696,odom,map,-1.8365,-0.604087,0.181068,0,0,0,,,
96.732,odom,map,-1.8365,-0.604087,0.181068,0,0,0,,,
96.768,odom,map,-1.8365,-0.604087,0.181068,0,0,0,,,
96.804,odom,map,-1.8365,-0.604087,0.181068,0,0,0,,,
96.84,odom,map,-1.8365,-0.604087,0.181068,0,0,0,,,
96.876,odom,map,-1.8365,-0.604087,0.181068,0,0,0,,,
96.912,odom,map,-1.8365,-0.604087,0.181068,0,0,0,,,
96.948,odom,map,-1.8365,-0.604087,0.181068,0,0,0,,,
96.984,odom,map,-1.8365,-0.604087,0.181068,0,0,0,,,
97.02,odom,map,-1.8365,-0.604087,0.181068,0,0,0,,,
97.056,odom,map,-1.8365,-0.604087,0.181068,0,0,0,,,
97.092,odom,map,-1.8365,-0.604087,0.181068,0,0,0,,,
97.128,odom,map,-1.8365,-0.604087,0.181068,0,0,0,,,
97.164,odom,map,-1.8365,-0.604087,0.181068,0,0,0,,,
97.2,odom,map,-1.8365,-0.604087,0.181068,0,0,0,,,
97.236,odom,map,-1.8365,-0.604087,0.181068,0,0,0,,,
97.272,odom,map,-1.8365,-0.604087,0.181068,0,0,0,,,
97.308,odom,map,-1.8365,-0.604087,0.181068,0,0,0,,,
97.344,odom,map,-1.8365,-0.604087,0.181068,0,0,0,,,
97.38,odom,map,-1.8365,-0.604087,0.181068,0,0,0,,,
97.416,odom,map,-1.8365,-0.604087,0.181068,0,0,0,,,
97.452,odom,map,-1.8365,-0.604087,0.181068,0,0,0,,,
97.488,odom,map,-1.8365,-0.604087,0.181068,0,0,0,,,
97.524,odom,map,-1.8365,-0.604087,0.181068,0,0,0,,,
97.56,odom,map,-1.8365,-0.604087,0.181068,0,0,0,,,
97.596,odom,map,-1.8365,-0.604087,0.181068,0,0,0,,,
97.632,odom,map,-1.8365,-0.604087,0.181068,0,0,0,,,
97.668,odom,map,-1.8365,-0.604087,0.181068,0,0,0,,,
97.704,odom,map,-1.8365,-0.604087,0.181068,0,0,0,,,
97.74,odom,map,-1.8365,-0.604087,0.181068,0,0,0,,,
97.776,odom,map,-1.8365,-0.604087,0.181068,0,0,0,,,
97.812,odom,map,-1.8365,-0.604087,0.181068,0,0,0,,,
97.848,odom,map,-1.8365,-0.604087,0.181068,0,0,0,,,
97.884,odom,map,-1.8365,-0.604087,0.181068,0,0,0,,,
97.92,odom,map,-1.8365,-0.604087,0.181068,0,0,0,,,
97.956,odom,map,-1.8365,-0.604087,0.181068,0,0,0,,,
97.992,odom,map,-1.8365,-0.604087,0.181068,0,0,0,,,
98.028,odom,map,-1.8365,-0.604087,0.181068,0,0,0,,,
98.064,odom,map,-1.8365,-0.604087,0.181068,0,0,0,,,
98.1,odom,map,-1.8365,-0.604087,0.181068,0,0,0,,,
98.136,odom,map,-1.8365,-0.604087,0.181068,0,0,0,,,
98.172,odom,map,-1.8365,-0.604087,0.181068,0,0,0,,,
98.208,odom,map,-1.8365,-0.604087,0.181068,0,0,0,,,
98.244,odom,map,-1.8365,-0.604087,0.181068,0,0,0,,,
98.28,odom,map,-1.8365,-0.604087,0.181068,0,0,0,,,
98.316,odom,map,-1.8365,-0.604087,0.181068,0,0,0,,,
98.352,odom,map,-1.8365,-0.604087,0.181068,0,0,0,,,
98.388,odom,map,-1.8365,-0.604087,0.181068,0,0,0,,,
98.424,odom,map,-1.8365,-0.604087,0.181068,0,0,0,,,
98.46,odom,map,-1.8365,-0.604087,0.181068,0,0,0,,,
98.496,odom,map,-1.8365,-0.604087,0.181068,0,0,0,,,
98.532,odom,map,-1.8365,-0.604087,0.181068,0,0,0,,,
98.568,odom,map,-1.8365,-0.604087,0.181068,0,0,0,,,
98.604,odom,map,-1.8365,-0.604087,0.181068,0,0,0,,,
98.64,odom,map,-1.8365,-0.604087,0.181068,0,0,0,,,
98.676,odom,map,-1.8365,-0.604087,0.181068,0,0,0,,,
98.712,odom,map,-1.8365,-0.604087,0.181068,0,0,0,,,
98.748,odom,map,-1.8365,-0.604087,0.181068,0,0,0,,,
98.784,odom,map,-1.8365,-0.604087,0.181068,0,0,0,,,
98.82,odom,map,-1.8365,-0.604087,0.181068,0,0,0,,,
98.856,odom,map,-1.8365,-0.604087,0.181068,0,0,0,,,
98.892,odom,map,-1.8365,-0.604087,0.181068,0,0,0,,,
98.928,odom,map,-1.8365,-0.604087,0.181068,0,0,0,,,
98.964,odom,map,-1.8365,-0.604087,0.181068,0,0,0,,,
99,odom,map,-1.8365,-0.604087,0.181068,0,0,0,,,
99.036,odom,map,-1.8365,-0.604087,0.181068,0,0,0,,,
99.072,odom,map,-1.8365,-0.604087,0.181068,0,0,0,,,
99.108,odom,map,-1.8365,-0.604087,0.181068,0,0,0,,,
99.144,odom,map,-1.8365,-0.604087,0.181068,0,0,0,,,
99.18,odom,map,-1.8365,-0.604087,0.181068,0,0,0,,,
99.216,odom,map,-1.8365,-0.604087,0.181068,0,0,0,,,
99.252,odom,map,-1.8365,-0.604087,0.181068,0,0,0,,,
99.288,odom,map,-1.8365,-0.604087,0.181068,0,0,0,,,
99.324,odom,map,-1.8365,-0.604087,0.181068,0,0,0,,,
99.36,odom,map,-1.8365,-0.604087,0.181068,0,0,0,,,
99.396,odom,map,-1.8365,-0.604087,0.181068,0,0,0,,,
99.432,odom,map,-1.8365,-0.604087,0.181068,0,0,0,,,
99.468,odom,map,-1.8365,-0.604087,0.181068,0,0,0,,,
99.504,odom,map,-1.8365,-0.604087,0.181068,0,0,0,,,
99.54,odom,map,-1.8365,-0.604087,0.181068,0,0,0,,,
99.576,odom,map,-1.8365,-0.604087,0.181068,0,0,0,,,
99.612,odom,map,-1.8365,-0.604087,0.181068,0,0,0,,,
99.648,odom,map,-1.8365,-0.604087,0.181068,0,0,0,,,
99.684,odom,map,-1.8365,-0.604087,0.181068,0,0,0,,,
99.72,odom,map,-1.8365,-0.604087,0.181068,0,0,0,,,
99.756,odom,map,-1.8365,-0.604087,0.181068,0,0,0,,,
99.792,odom,map,-1.8365,-0.604087,0.181068,0,0,0,,,
99.828,odom,map,-1.8365,-0.604087,0.181068,0,0,0,,,
99.864,odom,map,-1.8365,-0.604087,0.181068,0,0,0,,,
99.9,odom,map,-1.8365,-0.604087,0.181068,0,0,0,,,
99.936,odom,map,-1.8365,-0.604087,0.181068,0,0,0,,,
99.972,odom,map,-1.8365,-0.604087,0.181068,0,0,0,,,
100.008,odom,map,-1.8365,-0.604087,0.181068,0,0,0,,,
100.044,odom,map,-1.8365,-0.604087,0.181068,0,0,0,,,
100.08,odom,map,-1.8365,-0.604087,0.181068,0,0,0,,,
100.116,odom,map,-1.8365,-0.604087,0.181068,0,0,0,,,
100.152,odom,map,-1.8365,-0.604087,0.181068,0,0,0,,,
100.188,odom,map,-1.8365,-0.604087,0.181068,0,0,0,,,
100.224,odom,map,-1.8365,-0.604087,0.181068,0,0,0,,,
100.26,odom,map,-1.8365,-0.604087,0.181068,0,0,0,,,
100.296,odom,map,-1.8365,-0.604087,0.181068,0,0,0,,,
100.332,odom,map,-1.8365,-0.604087,0.181068,0,0,0,,,
100.368,odom,map,-1.8365,-0.604087,0.181068,0,0,0,,,
100.404,odom,map,-1.8365,-0.604087,0.181068,0,0,0,,,
100.44,odom,map,-1.8365,-0.604087,0.181068,0,0,0,,,
100.476,odom,map,-1.8365,-0.604087,0.181068,0,0,0,,,
100.512,odom,map,-1.8365,-0.604087,0.181068,0,0,0,,,
100.548,odom,map,-1.8365,-0.604087,0.181068,0,0,0,,,
100.584,odom,map,-1.8365,-0.604087,0.181068,0,0,0,,,
100.62,odom,map,-1.8365,-0.604087,0.181068,0,0,0,,,
100.656,odom,map,-1.8365,-0.604087,0.181068,0,0,0,,,
100.692,odom,map,-1.8365,-0.604087,0.181068,0,0,0,,,
100.728,odom,map,-1.8365,-0.604087,0.181068,0,0,0,,,
