time,source,frame,x,y,theta,cov_xx,cov_yy,cov_xy,runtime_ms,ess,resampling_triggered
5.202,amcl,map,-1.97456,-0.519436,-0.0143147,0.189901,0.219886,-0.0139964,,,
6.201,amcl,map,-1.9996,-0.501352,0.00640719,0.157849,0.202987,-0.00437166,,,
6.3,odom,map,-1.97456,-0.519436,-0.0143147,0,0,0,,,
6.336,odom,map,-1.97456,-0.519436,-0.0143147,0,0,0,,,
6.372,odom,map,-1.97456,-0.519436,-0.0143147,0,0,0,,,
6.408,odom,map,-1.97456,-0.519436,-0.0143147,0,0,0,,,
6.444,odom,map,-1.97456,-0.519436,-0.0143147,0,0,0,,,
6.48,odom,map,-1.97456,-0.519436,-0.0143147,0,0,0,,,
6.516,odom,map,-1.97456,-0.519436,-0.0143147,0,0,0,,,
6.552,odom,map,-1.97456,-0.519436,-0.0143147,0,0,0,,,
6.588,odom,map,-1.97456,-0.519436,-0.0143147,0,0,0,,,
6.624,odom,map,-1.97456,-0.519436,-0.0143147,0,0,0,,,
6.66,odom,map,-1.97456,-0.519436,-0.0143147,0,0,0,,,
6.696,odom,map,-1.97456,-0.519436,-0.0143147,0,0,0,,,
6.732,odom,map,-1.97456,-0.519436,-0.0143147,0,0,0,,,
6.768,odom,map,-1.97456,-0.519436,-0.0143147,0,0,0,,,
6.804,odom,map,-1.97456,-0.519436,-0.0143147,0,0,0,,,
6.84,odom,map,-1.97456,-0.519436,-0.0143147,0,0,0,,,
6.876,odom,map,-1.97456,-0.519436,-0.0143147,0,0,0,,,
6.912,odom,map,-1.97456,-0.519436,-0.0143147,0,0,0,,,
6.948,odom,map,-1.97456,-0.519436,-0.0143147,0,0,0,,,
6.984,odom,map,-1.97456,-0.519436,-0.0143147,0,0,0,,,
7.02,odom,map,-1.97705,-0.517637,-0.0122528,0,0,0,,,
7.002,amcl,map,-1.9792,-0.522897,5.48357e-05,0.194036,0.242894,-0.0120078,,,
7.056,odom,map,-1.98154,-0.514398,-0.00854145,0,0,0,,,
7.092,odom,map,-1.98602,-0.511159,-0.00483006,0,0,0,,,
7.128,odom,map,-1.99051,-0.50792,-0.00111867,0,0,0,,,
7.164,odom,map,-1.99499,-0.504681,0.00259271,0,0,0,,,
7.2,odom,map,-1.99948,-0.501442,0.0063041,0,0,0,,,
7.236,odom,map,-1.9996,-0.501352,0.00640719,0,0,0,,,
7.272,odom,map,-1.9996,-0.501352,0.00640719,0,0,0,,,
7.308,odom,map,-1.9996,-0.501352,0.00640719,0,0,0,,,
7.344,odom,map,-1.9996,-0.501352,0.00640719,0,0,0,,,
7.38,odom,map,-1.9996,-0.501352,0.00640719,0,0,0,,,
7.416,odom,map,-1.9996,-0.501352,0.00640719,0,0,0,,,
7.452,odom,map,-1.9996,-0.501352,0.00640719,0,0,0,,,
7.488,odom,map,-1.9996,-0.501352,0.00640719,0,0,0,,,
7.524,odom,map,-1.9996,-0.501352,0.00640719,0,0,0,,,
7.56,odom,map,-1.9996,-0.501352,0.00640719,0,0,0,,,
7.596,odom,map,-1.9996,-0.501352,0.00640719,0,0,0,,,
7.632,odom,map,-1.9996,-0.501352,0.00640719,0,0,0,,,
7.668,odom,map,-1.9996,-0.501352,0.00640719,0,0,0,,,
7.704,odom,map,-1.9996,-0.501352,0.00640719,0,0,0,,,
7.74,odom,map,-1.9996,-0.501352,0.00640719,0,0,0,,,
7.776,odom,map,-1.9996,-0.501352,0.00640719,0,0,0,,,
7.812,odom,map,-1.99848,-0.502531,0.00605955,0,0,0,,,
7.848,odom,map,-1.99483,-0.50639,0.00492182,0,0,0,,,
7.884,odom,map,-1.99118,-0.510249,0.00378408,0,0,0,,,
7.92,odom,map,-1.98752,-0.514107,0.00264634,0,0,0,,,
7.956,odom,map,-1.98387,-0.517966,0.00150861,0,0,0,,,
7.992,odom,map,-1.98021,-0.521825,0.000370873,0,0,0,,,
8.028,odom,map,-1.9792,-0.522897,5.48357e-05,0,0,0,,,
8.001,amcl,map,-1.98445,-0.471358,-0.00507988,0.174117,0.234727,-0.023227,,,
8.064,odom,map,-1.9792,-0.522897,5.48357e-05,0,0,0,,,
8.1,odom,map,-1.9792,-0.522897,5.48357e-05,0,0,0,,,
8.136,odom,map,-1.9792,-0.522897,5.48357e-05,0,0,0,,,
8.172,odom,map,-1.9792,-0.522897,5.48357e-05,0,0,0,,,
8.208,odom,map,-1.9792,-0.522897,5.48357e-05,0,0,0,,,
8.244,odom,map,-1.9792,-0.522897,5.48357e-05,0,0,0,,,
8.28,odom,map,-1.9792,-0.522897,5.48357e-05,0,0,0,,,
8.316,odom,map,-1.9792,-0.522897,5.48357e-05,0,0,0,,,
8.352,odom,map,-1.9792,-0.522897,5.48357e-05,0,0,0,,,
8.388,odom,map,-1.9792,-0.522897,5.48357e-05,0,0,0,,,
8.424,odom,map,-1.9792,-0.522897,5.48357e-05,0,0,0,,,
8.46,odom,map,-1.9792,-0.522897,5.48357e-05,0,0,0,,,
8.496,odom,map,-1.9792,-0.522897,5.48357e-05,0,0,0,,,
8.532,odom,map,-1.9792,-0.522897,5.48357e-05,0,0,0,,,
8.568,odom,map,-1.9792,-0.522897,5.48357e-05,0,0,0,,,
8.604,odom,map,-1.9792,-0.522897,5.48357e-05,0,0,0,,,
8.64,odom,map,-1.9792,-0.522897,5.48357e-05,0,0,0,,,
8.676,odom,map,-1.9792,-0.522897,5.48357e-05,0,0,0,,,
8.712,odom,map,-1.9792,-0.522897,5.48357e-05,0,0,0,,,
8.748,odom,map,-1.9792,-0.522897,5.48357e-05,0,0,0,,,
8.784,odom,map,-1.9792,-0.522897,5.48357e-05,0,0,0,,,
8.82,odom,map,-1.97972,-0.517769,-0.000456082,0,0,0,,,
8.856,odom,map,-1.98066,-0.508538,-0.00137573,0,0,0,,,
8.892,odom,map,-1.9816,-0.499307,-0.00229538,0,0,0,,,
8.928,odom,map,-1.98254,-0.490076,-0.00321504,0,0,0,,,
8.964,odom,map,-1.98349,-0.480845,-0.00413469,0,0,0,,,
9,odom,map,-1.98443,-0.471614,-0.00505434,0,0,0,,,
9.036,odom,map,-1.98445,-0.471358,-0.00507988,0,0,0,,,
9.072,odom,map,-1.98445,-0.471358,-0.00507988,0,0,0,,,
9.108,odom,map,-1.98445,-0.471358,-0.00507988,0,0,0,,,
9.144,odom,map,-1.98445,-0.471358,-0.00507988,0,0,0,,,
9.18,odom,map,-1.98445,-0.471358,-0.00507988,0,0,0,,,
9.216,odom,map,-1.98445,-0.471358,-0.00507988,0,0,0,,,
9.252,odom,map,-1.98445,-0.471358,-0.00507988,0,0,0,,,
9.288,odom,map,-1.98445,-0.471358,-0.00507988,0,0,0,,,
9.324,odom,map,-1.98445,-0.471358,-0.00507988,0,0,0,,,
9.36,odom,map,-1.98445,-0.471358,-0.00507988,0,0,0,,,
9.396,odom,map,-1.98445,-0.471358,-0.00507988,0,0,0,,,
9.432,odom,map,-1.98445,-0.471358,-0.00507988,0,0,0,,,
9.396,kf,map,-2,-0.5,-4.63226e-21,0.0605118,0.0605118,0,0.069583,,
9.396,ekf_predict_only,map,-2,-0.5,0,0.1,0.1,0,,,
9.396,ekf,map,-2,-0.5,-4.63226e-21,0.0605118,0.0605118,0,0.064,,
9.396,pf,map,-1.99684,-0.526461,0.00732389,0.0811961,0.0798735,-0.00172281,6.09979,84.3883,0
9.468,odom,map,-1.98445,-0.471358,-0.00507988,0,0,0,,,
9.504,odom,map,-1.98445,-0.471358,-0.00507988,0,0,0,,,
9.54,odom,map,-1.98445,-0.471358,-0.00507988,0,0,0,,,
9.576,odom,map,-1.98445,-0.471358,-0.00507988,0,0,0,,,
9.612,odom,map,-1.98445,-0.471358,-0.00507988,0,0,0,,,
9.612,ekf_predict_only,map,-2,-0.5,0,0.15,0.15,0,,,
9.612,kf,map,-2,-0.5,-6.08822e-21,0.0530174,0.0530174,0,0.067875,,
9.612,ekf,map,-2,-0.5,-6.13313e-21,0.0546529,0.0546529,0,0.058959,,
9.612,pf,map,-1.99822,-0.521804,0.0029035,0.0519388,0.0558151,0.00249768,5.18925,541.768,0
9.648,odom,map,-1.98445,-0.471358,-0.00507988,0,0,0,,,
9.684,odom,map,-1.98445,-0.471358,-0.00507988,0,0,0,,,
9.72,odom,map,-1.98445,-0.471358,-0.00507988,0,0,0,,,
9.756,odom,map,-1.98445,-0.471358,-0.00507988,0,0,0,,,
9.792,odom,map,-1.98445,-0.471358,-0.00507988,0,0,0,,,
9.828,odom,map,-1.98445,-0.471358,-0.00507988,0,0,0,,,
9.792,ekf,map,-2,-0.5,-5.90923e-21,0.0539743,0.0539743,0,0.059666,,
9.792,ekf_predict_only,map,-2,-0.5,0,0.2,0.2,0,,,
9.792,kf,map,-2,-0.5,-5.89907e-21,0.0511331,0.0511331,0,0.134625,,
9.792,pf,map,-1.98097,-0.512048,0.00593996,0.0483755,0.0510186,-0.00165394,7.96071,613.061,0
9.864,odom,map,-1.98445,-0.471358,-0.00507988,0,0,0,,,
9.9,odom,map,-1.98445,-0.471358,-0.00507988,0,0,0,,,
9.936,odom,map,-1.98445,-0.471358,-0.00507988,0,0,0,,,
9.972,odom,map,-1.98445,-0.471358,-0.00507988,0,0,0,,,
10.008,odom,map,-1.98445,-0.471358,-0.00507988,0,0,0,,,
10.008,ekf_predict_only,map,-2,-0.5,0,0.25,0.25,0,,,
10.008,ekf,map,-2,-0.5,-2.21556e-21,0.0555684,0.0555684,0,0.101166,,
10.008,kf,map,-2,-0.5,-2.52408e-21,0.0508517,0.0508517,0,0.07125,,
10.008,pf,map,-1.96601,-0.500287,0.00358094,0.0451175,0.0508121,-0.00112348,8.05808,641.155,0
10.044,odom,map,-1.98426,-0.471359,-0.00489049,0,0,0,,,
10.08,odom,map,-1.98293,-0.471365,-0.00447913,0,0,0,,,
10.116,odom,map,-1.98112,-0.471373,-0.00406778,0,0,0,,,
10.152,odom,map,-1.97881,-0.471381,-0.00335539,0,0,0,,,
10.188,odom,map,-1.97553,-0.471391,-0.0031689,0,0,0,,,
10.188,ekf_predict_only,map,-1.9726,-0.5,-0.00320067,0.3,0.30009,0,,,
10.224,odom,map,-1.97101,-0.471407,-0.00379514,0,0,0,,,
10.188,kf,map,-1.98195,-0.499994,-0.000613643,0.0506104,0.0506104,0,0.058375,,
10.188,ekf,map,-1.98289,-0.499977,-0.00035485,0.055674,0.0556769,6.34554e-27,0.06725,,
10.188,pf,map,-1.97729,-0.502794,0.00968662,0.0493251,0.0479777,-0.00236802,6.91779,654.32,0
10.26,odom,map,-1.96557,-0.47143,-0.00443527,0,0,0,,,
10.296,odom,map,-1.95968,-0.471459,-0.00583274,0,0,0,,,
10.332,odom,map,-1.95317,-0.471504,-0.00801041,0,0,0,,,
10.368,odom,map,-1.9461,-0.47157,-0.0106258,0,0,0,,,
10.404,odom,map,-1.93871,-0.471659,-0.0134859,0,0,0,,,
10.404,kf,map,-1.94606,-0.500045,-0.0130224,0.0507251,0.0507251,0,0.059792,,
10.404,ekf,map,-1.94754,-0.499968,-0.0123053,0.057207,0.0572266,3.65021e-09,0.056708,,
10.404,ekf_predict_only,map,-1.92827,-0.500142,-0.0203616,0.35,0.350667,1.3784e-06,,,
10.404,pf,map,-1.91476,-0.508746,0.00388755,0.0484833,0.0465848,-0.000862722,9.71392,648.16,0
10.44,odom,map,-1.93104,-0.471774,-0.0166733,0,0,0,,,
10.476,odom,map,-1.92298,-0.471922,-0.0201579,0,0,0,,,
10.512,odom,map,-1.91483,-0.472101,-0.0237206,0,0,0,,,
10.548,odom,map,-1.90653,-0.472313,-0.0272397,0,0,0,,,
10.584,odom,map,-1.89802,-0.47256,-0.0308633,0,0,0,,,
10.584,ekf_predict_only,map,-1.88378,-0.501048,-0.0390278,0.4,0.401867,1.79472e-05,,,
10.584,kf,map,-1.90764,-0.500695,-0.0287018,0.0505795,0.0505795,0,0.059,,
10.62,odom,map,-1.88926,-0.472847,-0.0345804,0,0,0,,,
10.584,ekf,map,-1.90901,-0.500609,-0.0280296,0.056745,0.0567852,1.65755e-07,0.067375,,
10.584,pf,map,-1.87988,-0.525926,-0.0150896,0.0478077,0.0416741,-0.00291576,7.75,659.417,0
10.656,odom,map,-1.88036,-0.473172,-0.0383136,0,0,0,,,
10.692,odom,map,-1.87141,-0.473532,-0.0422835,0,0,0,,,
10.728,odom,map,-1.86242,-0.473931,-0.0463915,0,0,0,,,
10.764,odom,map,-1.85335,-0.474372,-0.0508297,0,0,0,,,
10.8,odom,map,-1.84425,-0.474856,-0.0554903,0,0,0,,,
10.8,ekf_predict_only,map,-1.82912,-0.503182,-0.066991,0.450002,0.454339,8.71303e-05,,,
10.8,kf,map,-1.85641,-0.502529,-0.0534928,0.0507176,0.0507176,0,0.103958,,
10.8,ekf,map,-1.85749,-0.502452,-0.0527598,0.0580099,0.058094,9.31356e-07,0.05775,,
10.8,pf,map,-1.82512,-0.511657,-0.0456211,0.0489656,0.0473371,-0.00364618,4.72733,652.65,0
10.836,odom,map,-1.83514,-0.475383,-0.0601508,0,0,0,,,
10.872,odom,map,-1.82607,-0.475951,-0.0649164,0,0,0,,,
10.908,odom,map,-1.81713,-0.476554,-0.0698882,0,0,0,,,
10.944,odom,map,-1.80822,-0.477201,-0.0748942,0,0,0,,,
10.98,odom,map,-1.79926,-0.477895,-0.0799218,0,0,0,,,
11.016,odom,map,-1.79036,-0.478631,-0.0850645,0,0,0,,,
11.016,ekf_predict_only,map,-1.77577,-0.506761,-0.0980558,0.500009,0.507946,0.000260638,,,
11.016,kf,map,-1.80447,-0.505844,-0.0822368,0.0507511,0.0507511,0,0.139583,,
11.016,ekf,map,-1.80514,-0.505822,-0.0815827,0.05857,0.0586897,2.44049e-06,0.130458,,
11.016,pf,map,-1.79143,-0.523126,-0.0714918,0.0533025,0.0490379,-0.00262356,4.51908,650.774,0
11.052,odom,map,-1.78147,-0.479412,-0.0900688,0,0,0,,,
11.088,odom,map,-1.77259,-0.480236,-0.0950384,0,0,0,,,
11.124,odom,map,-1.76365,-0.48111,-0.10003,0,0,0,,,
11.16,odom,map,-1.75481,-0.48202,-0.10491,0,0,0,,,
11.196,odom,map,-1.74599,-0.48297,-0.109622,0,0,0,,,
11.232,odom,map,-1.73716,-0.483962,-0.114273,0,0,0,,,
11.196,ekf,map,-1.76122,-0.50999,-0.104674,0.0574284,0.0575509,3.9265e-06,0.433916,,
11.196,kf,map,-1.76085,-0.509952,-0.105012,0.0505858,0.0505858,0,0.066459,,
11.196,ekf_predict_only,map,-1.73157,-0.51111,-0.121312,0.550025,0.561932,0.000541172,,,
11.196,pf,map,-1.74689,-0.517435,-0.109722,0.0550536,0.0572825,-0.00174938,12.3979,618.322,0
11.268,odom,map,-1.72837,-0.484992,-0.118954,0,0,0,,,
11.304,odom,map,-1.71961,-0.486058,-0.123393,0,0,0,,,
11.34,odom,map,-1.71085,-0.487165,-0.127677,0,0,0,,,
11.376,odom,map,-1.70207,-0.488311,-0.131892,0,0,0,,,
11.412,odom,map,-1.69323,-0.489502,-0.135939,0,0,0,,,
11.412,ekf_predict_only,map,-1.67835,-0.517598,-0.145244,0.600069,0.618073,0.00109216,,,
11.412,ekf,map,-1.70836,-0.516247,-0.129928,0.0584189,0.0585778,7.74701e-06,0.641209,,
11.4,amcl,map,-1.67763,-0.466482,-0.129072,0.141268,0.210578,-0.0181106,,,
11.412,kf,map,-1.70812,-0.516126,-0.129915,0.0507192,0.0507192,0,0.062375,,
11.412,pf,map,-1.68442,-0.531601,-0.123739,0.0566557,0.0503083,0.000466069,10.2714,615.89,0
11.448,odom,map,-1.68432,-0.490738,-0.139708,0,0,0,,,
11.484,odom,map,-1.67529,-0.492023,-0.143061,0,0,0,,,
11.52,odom,map,-1.66622,-0.493345,-0.146278,0,0,0,,,
11.556,odom,map,-1.65714,-0.494697,-0.149303,0,0,0,,,
11.592,odom,map,-1.64806,-0.496076,-0.152221,0,0,0,,,
11.628,odom,map,-1.63899,-0.497482,-0.155139,0,0,0,,,
11.592,ekf_predict_only,map,-1.63292,-0.524243,-0.159834,0.650137,0.674576,0.00180286,,,
11.592,kf,map,-1.66305,-0.522547,-0.145838,0.050578,0.050578,0,0.334958,,
11.592,ekf,map,-1.66321,-0.522692,-0.146029,0.0574505,0.0576016,9.84604e-06,0.061541,,
11.592,pf,map,-1.63255,-0.538588,-0.132209,0.0532919,0.047465,0.00367425,5.58721,640.902,0
11.664,odom,map,-1.62975,-0.498939,-0.157756,0,0,0,,,
11.7,odom,map,-1.62027,-0.500458,-0.159827,0,0,0,,,
11.736,odom,map,-1.61076,-0.502002,-0.161749,0,0,0,,,
11.772,odom,map,-1.60124,-0.503564,-0.163671,0,0,0,,,
11.808,kf,map,-1.60532,-0.531548,-0.156846,0.0507173,0.0507173,0,0.091917,,
11.808,odom,map,-1.59145,-0.505189,-0.165069,0,0,0,,,
11.808,ekf_predict_only,map,-1.57376,-0.533779,-0.167609,0.700284,0.734956,0.00309398,,,
11.808,ekf,map,-1.60564,-0.531735,-0.157426,0.0585066,0.0586934,1.61891e-05,0.060375,,
11.808,pf,map,-1.57183,-0.538533,-0.140235,0.0503047,0.048986,0.00102668,5.15542,645.96,0
11.844,odom,map,-1.58151,-0.50685,-0.166149,0,0,0,,,
11.88,odom,map,-1.57131,-0.508563,-0.166822,0,0,0,,,
11.916,odom,map,-1.56097,-0.510309,-0.167166,0,0,0,,,
11.952,odom,map,-1.55055,-0.512067,-0.167298,0,0,0,,,
11.988,odom,map,-1.53998,-0.513852,-0.167108,0,0,0,,,
12.024,odom,map,-1.52917,-0.515672,-0.166316,0,0,0,,,
11.988,ekf,map,-1.55344,-0.540447,-0.157442,0.0575291,0.0577076,1.88569e-05,0.05925,,
11.988,ekf_predict_only,map,-1.51908,-0.543032,-0.161413,0.750484,0.796619,0.0046714,,,
11.988,kf,map,-1.55295,-0.540224,-0.156405,0.0505776,0.0505776,0,0.062708,,
11.988,pf,map,-1.53513,-0.549278,-0.158762,0.0493528,0.0462854,-0.00272625,6.59138,640.297,0
12.06,odom,map,-1.51823,-0.517502,-0.165076,0,0,0,,,
12.096,odom,map,-1.50714,-0.519341,-0.163539,0,0,0,,,
12.132,odom,map,-1.4957,-0.521216,-0.161345,0,0,0,,,
12.168,odom,map,-1.48396,-0.523111,-0.158644,0,0,0,,,
12.204,odom,map,-1.47188,-0.524755,-0.155639,0,0,0,,,
12.204,ekf_predict_only,map,-1.44776,-0.554645,-0.143722,0.800822,0.865059,0.00721028,,,
12.204,ekf,map,-1.48519,-0.551499,-0.146113,0.0585791,0.0588083,2.87277e-05,0.104125,,
12.204,kf,map,-1.4845,-0.551254,-0.14475,0.0507172,0.0507172,0,0.0605,,
12.204,pf,map,-1.45429,-0.559526,-0.140889,0.0498496,0.0469017,0.00240986,5.60117,647.661,0
12.24,odom,map,-1.45629,-0.522296,-0.151444,0,0,0,,,
12.276,odom,map,-1.44052,-0.519798,-0.147154,0,0,0,,,
12.312,odom,map,-1.42431,-0.517297,-0.142703,0,0,0,,,
12.348,odom,map,-1.40777,-0.51477,-0.13822,0,0,0,,,
12.384,odom,map,-1.39086,-0.512221,-0.133869,0,0,0,,,
12.384,ekf_predict_only,map,-1.37749,-0.564814,-0.128461,0.851202,0.937028,0.0101142,,,
12.42,odom,map,-1.37545,-0.512107,-0.130277,0,0,0,,,
12.384,ekf,map,-1.4198,-0.560932,-0.132581,0.0575785,0.0578106,3.17594e-05,0.057167,,
12.384,kf,map,-1.41886,-0.560836,-0.1317,0.0505775,0.0505775,0,0.115875,,
12.384,pf,map,-1.40328,-0.567976,-0.128328,0.0517442,0.0527582,0.000764073,4.61383,650.064,0
12.402,amcl,map,-1.38355,-0.522298,-0.136266,0.112115,0.187287,-0.0171372,,,
12.456,odom,map,-1.36116,-0.513959,-0.127548,0,0,0,,,
12.492,odom,map,-1.34683,-0.515777,-0.124861,0,0,0,,,
12.528,odom,map,-1.33235,-0.517575,-0.122271,0,0,0,,,
12.564,odom,map,-1.31777,-0.519348,-0.119729,0,0,0,,,
12.6,odom,map,-1.30299,-0.521107,-0.117249,0,0,0,,,
12.6,ekf_predict_only,map,-1.28762,-0.576423,-0.113858,0.90174,1.02102,0.0143901,,,
12.6,kf,map,-1.33308,-0.571892,-0.117396,0.0507171,0.0507171,0,0.063833,,
12.6,ekf,map,-1.3341,-0.571825,-0.1178,0.0586186,0.0589372,4.52473e-05,0.054708,,
12.6,pf,map,-1.29654,-0.590507,-0.1172,0.0471318,0.0514113,-0.000806614,6.43337,647.31,0
12.636,odom,map,-1.28799,-0.522856,-0.114816,0,0,0,,,
12.672,odom,map,-1.27296,-0.52457,-0.112225,0,0,0,,,
12.708,odom,map,-1.25768,-0.526271,-0.109545,0,0,0,,,
12.744,odom,map,-1.24226,-0.527945,-0.106675,0,0,0,,,
12.78,odom,map,-1.22682,-0.529575,-0.103735,0,0,0,,,
12.816,odom,map,-1.21132,-0.531167,-0.100946,0,0,0,,,
12.816,ekf_predict_only,map,-1.1946,-0.58706,-0.0974197,0.952334,1.11355,0.0194225,,,
12.816,ekf,map,-1.24362,-0.581847,-0.101364,0.058982,0.0593643,5.34668e-05,0.157792,,
12.816,kf,map,-1.24277,-0.582002,-0.101174,0.050751,0.050751,0,0.0665,,
12.816,pf,map,-1.20979,-0.59996,-0.0996688,0.0527019,0.0452584,0.0018671,6.02667,654.733,0
12.852,odom,map,-1.19579,-0.532718,-0.0982059,0,0,0,,,
12.888,odom,map,-1.18022,-0.53423,-0.0953122,0,0,0,,,
12.924,odom,map,-1.1646,-0.535699,-0.0923006,0,0,0,,,
12.96,odom,map,-1.14899,-0.537121,-0.089289,0,0,0,,,
12.996,odom,map,-1.13366,-0.538469,-0.0860422,0,0,0,,,
12.996,ekf_predict_only,map,-1.11836,-0.594511,-0.081058,1.00281,1.20431,0.0238593,,,
12.996,ekf,map,-1.16757,-0.588992,-0.0858443,0.0576713,0.0580369,4.88856e-05,0.063041,,
13.032,odom,map,-1.11839,-0.53976,-0.0827698,0,0,0,,,
12.996,kf,map,-1.16713,-0.589116,-0.0856557,0.0505858,0.0505858,0,0.10625,,
12.996,pf,map,-1.15173,-0.60175,-0.0902634,0.0479676,0.0442831,0.000129894,6.56454,635.37,0
13.002,amcl,map,-1.1518,-0.558426,-0.114986,0.0838351,0.155537,-0.0112594,,,
13.068,odom,map,-1.10312,-0.541002,-0.0794975,0,0,0,,,
13.104,odom,map,-1.08815,-0.542169,-0.075957,0,0,0,,,
13.14,odom,map,-1.07372,-0.543241,-0.072278,0,0,0,,,
13.176,odom,map,-1.05945,-0.544247,-0.0684648,0,0,0,,,
13.212,odom,map,-1.04535,-0.545881,-0.0648239,0,0,0,,,
13.212,ekf_predict_only,map,-1.0334,-0.601413,-0.0577626,1.0533,1.30634,0.0289917,,,
13.212,kf,map,-1.08074,-0.59583,-0.0637092,0.0507192,0.0507192,0,0.057875,,
13.212,ekf,map,-1.0807,-0.595735,-0.0639827,0.0585943,0.0590439,5.57014e-05,0.073583,,
13.212,pf,map,-1.0511,-0.614479,-0.0660412,0.0481103,0.0535852,-0.000935668,5.08225,651.471,0
13.248,odom,map,-1.03158,-0.549031,-0.0618037,0,0,0,,,
13.284,odom,map,-1.01801,-0.552137,-0.0586923,0,0,0,,,
13.32,odom,map,-1.00476,-0.555192,-0.0553952,0,0,0,,,
13.356,odom,map,-0.991648,-0.558204,-0.0520317,0,0,0,,,
13.392,odom,map,-0.978697,-0.561173,-0.0485057,0,0,0,,,
13.428,odom,map,-0.965677,-0.562422,-0.0435548,0,0,0,,,
13.392,ekf_predict_only,map,-0.968015,-0.605194,-0.0278156,1.10359,1.40136,0.0327925,,,
13.392,kf,map,-1.01341,-0.599506,-0.0393179,0.050578,0.050578,0,0.061708,,
13.392,ekf,map,-1.01313,-0.599569,-0.0401863,0.0575563,0.0579616,4.62475e-05,0.060792,,
13.392,pf,map,-0.969656,-0.617,-0.0524395,0.0458985,0.049995,-0.00171854,5.67837,637.27,0
13.464,odom,map,-0.952573,-0.562951,-0.0368741,0,0,0,,,
13.5,odom,map,-0.93946,-0.563387,-0.0296206,0,0,0,,,
13.536,odom,map,-0.926471,-0.563722,-0.0215729,0,0,0,,,
13.572,odom,map,-0.913598,-0.56394,-0.0120904,0,0,0,,,
13.608,odom,map,-0.900715,-0.564029,-0.00157712,0,0,0,,,
13.608,ekf_predict_only,map,-0.890696,-0.607345,0.0368299,1.15376,1.51048,0.0366916,,,
13.608,ekf,map,-0.934444,-0.60201,0.0115629,0.058583,0.0590419,4.60051e-05,0.056625,,
13.608,kf,map,-0.93475,-0.601724,0.0137003,0.0507173,0.0507173,0,0.130292,,
13.608,pf,map,-0.912218,-0.606176,-0.00401972,0.0493318,0.0503574,-0.0007486,6.63504,639.648,0
13.644,odom,map,-0.887824,-0.56398,0.00919714,0,0,0,,,
13.68,odom,map,-0.874997,-0.56379,0.0207362,0,0,0,,,
13.716,odom,map,-0.862194,-0.563446,0.0330752,0,0,0,,,
13.752,odom,map,-0.849397,-0.562943,0.0454142,0,0,0,,,
13.788,odom,map,-0.836775,-0.56229,0.0584567,0,0,0,,,
13.788,ekf_predict_only,map,-0.827911,-0.605032,0.105035,1.20358,1.61338,0.0382109,,,
13.824,odom,map,-0.826462,-0.563218,0.0692287,0,0,0,,,
13.788,ekf,map,-0.870396,-0.600172,0.0698124,0.0575742,0.0579688,3.32415e-05,0.108292,,
13.788,kf,map,-0.870695,-0.599887,0.072058,0.0505776,0.0505776,0,0.057625,,
13.788,pf,map,-0.832277,-0.599834,0.0535133,0.0537302,0.0555481,0.00122357,6.6865,619.105,0
13.8,amcl,map,-0.871989,-0.577433,0.0294227,0.0814512,0.12248,-0.0104228,,,
13.86,odom,map,-0.817489,-0.565056,0.0788704,0,0,0,,,
13.896,odom,map,-0.80868,-0.566832,0.0896254,0,0,0,,,
13.932,odom,map,-0.800014,-0.568535,0.100709,0,0,0,,,
13.968,odom,map,-0.791368,-0.570152,0.112252,0,0,0,,,
14.004,odom,map,-0.782628,-0.57152,0.124582,0,0,0,,,
14.004,ekf_predict_only,map,-0.755623,-0.597411,0.205479,1.25302,1.72998,0.0373598,,,
14.004,kf,map,-0.836282,-0.601823,0.163134,0.026443,0.0494521,-0.00554141,0.117,,
14.004,ekf,map,-0.839211,-0.601397,0.162213,0.0280297,0.0470674,-0.00457236,0.102583,,
14.004,pf,map,-0.821528,-0.574626,0.15927,0.024932,0.0378873,-0.00378855,7.81762,560.46,0
14.04,odom,map,-0.77062,-0.569914,0.141322,0,0,0,,,
14.076,odom,map,-0.758685,-0.568112,0.158441,0,0,0,,,
14.112,odom,map,-0.746983,-0.566138,0.175946,0,0,0,,,
14.148,odom,map,-0.73544,-0.563981,0.193509,0,0,0,,,
14.184,odom,map,-0.724238,-0.561683,0.211565,0,0,0,,,
14.22,odom,map,-0.713287,-0.559226,0.229896,0,0,0,,,
14.184,ekf_predict_only,map,-0.700687,-0.585961,0.297134,1.30231,1.83483,0.0333457,,,
14.184,kf,map,-0.762179,-0.586775,0.249156,0.0437919,0.0502239,-0.00154906,0.061,,
14.184,ekf,map,-0.76168,-0.58495,0.247664,0.0488355,0.05373,-0.00115198,0.060416,,
14.184,pf,map,-0.735165,-0.594463,0.238969,0.0405215,0.0462751,-0.00150831,14.1876,727.759,0
14.256,odom,map,-0.702612,-0.556623,0.248555,0,0,0,,,
14.292,odom,map,-0.692111,-0.553853,0.267355,0,0,0,,,
14.328,odom,map,-0.681663,-0.550885,0.286155,0,0,0,,,
14.364,odom,map,-0.671513,-0.547795,0.305148,0,0,0,,,
14.4,odom,map,-0.661799,-0.544634,0.324349,0,0,0,,,
14.4,ekf_predict_only,map,-0.64412,-0.56864,0.414041,1.35155,1.9453,0.0253236,,,
14.4,kf,map,-0.690634,-0.566487,0.359993,0.049009,0.0506281,-0.000389955,0.058709,,
14.4,ekf,map,-0.688203,-0.564748,0.358296,0.0566016,0.0576631,-0.000206477,0.106208,,
14.4,amcl,map,-0.688989,-0.54658,0.331816,0.0687346,0.0941049,-0.0115216,,,
14.4,pf,map,-0.673975,-0.578353,0.352946,0.0493323,0.0483394,-0.000963532,7.65954,654.94,0
14.436,odom,map,-0.652449,-0.541389,0.343799,0,0,0,,,
14.472,odom,map,-0.643199,-0.537975,0.363283,0,0,0,,,
14.508,odom,map,-0.634017,-0.534382,0.382768,0,0,0,,,
14.544,odom,map,-0.625202,-0.530734,0.402484,0,0,0,,,
14.58,odom,map,-0.616904,-0.527103,0.422335,0,0,0,,,
14.616,odom,map,-0.610031,-0.523483,0.441584,0,0,0,,,
14.616,kf,map,-0.631478,-0.54254,0.475163,0.050333,0.0507292,-9.54267e-05,0.125583,,
14.616,ekf_predict_only,map,-0.594366,-0.546776,0.533147,1.40116,2.05196,0.0133186,,,
14.616,ekf,map,-0.62907,-0.541104,0.4738,0.0586155,0.0589077,-2.53541e-05,0.056666,,
14.616,pf,map,-0.602461,-0.559618,0.473533,0.0514842,0.0534612,-0.00161977,9.34979,646.31,0
14.652,odom,map,-0.605642,-0.520132,0.459872,0,0,0,,,
14.688,odom,map,-0.601777,-0.51688,0.478151,0,0,0,,,
14.724,odom,map,-0.598182,-0.513613,0.496505,0,0,0,,,
14.76,odom,map,-0.594822,-0.510319,0.514897,0,0,0,,,
14.796,odom,map,-0.591809,-0.507073,0.533282,0,0,0,,,
14.796,kf,map,-0.594381,-0.522199,0.572721,0.0504835,0.0505805,-2.33517e-05,0.062208,,
14.832,odom,map,-0.586233,-0.503531,0.553039,0,0,0,,,
14.796,ekf_predict_only,map,-0.564385,-0.529083,0.63279,1.45132,2.13772,0.00262881,,,
14.796,ekf,map,-0.592472,-0.520999,0.571855,0.0576263,0.0577878,-1.26328e-05,0.10525,,
14.802,amcl,map,-0.572486,-0.518228,0.548542,0.0578083,0.0677197,-0.0102736,,,
14.796,pf,map,-0.547952,-0.535802,0.568544,0.0489995,0.0529873,0.0029782,8.99642,646.021,0
14.868,odom,map,-0.580345,-0.499815,0.572968,0,0,0,,,
14.904,odom,map,-0.574731,-0.496113,0.59284,0,0,0,,,
14.94,odom,map,-0.569368,-0.492423,0.612674,0,0,0,,,
14.976,odom,map,-0.564357,-0.488828,0.632451,0,0,0,,,
15.012,odom,map,-0.559676,-0.485326,0.652205,0,0,0,,,
15.012,ekf_predict_only,map,-0.536101,-0.50834,0.751314,1.50208,2.22263,-0.010685,,,
15.012,kf,map,-0.560733,-0.498973,0.690495,0.0506943,0.0507179,-5.6742e-06,0.05575,,
15.012,ekf,map,-0.559285,-0.497824,0.690031,0.0586025,0.0587673,-2.74531e-05,0.054834,,
15.012,pf,map,-0.514126,-0.518711,0.687965,0.0515245,0.0553821,0.00372108,9.64721,646.79,0
15.048,odom,map,-0.555066,-0.481733,0.671959,0,0,0,,,
15.084,odom,map,-0.550795,-0.478267,0.691652,0,0,0,,,
15.12,odom,map,-0.546666,-0.474778,0.71134,0,0,0,,,
15.156,odom,map,-0.542945,-0.471509,0.730996,0,0,0,,,
15.192,odom,map,-0.53972,-0.468561,0.750443,0,0,0,,,
15.228,odom,map,-0.53801,-0.465505,0.77187,0,0,0,,,
15.192,ekf_predict_only,map,-0.522079,-0.495242,0.847886,1.55288,2.29037,-0.019397,,,
15.192,kf,map,-0.541603,-0.482006,0.78754,0.050572,0.0505777,-1.38612e-06,0.059708,,
15.192,ekf,map,-0.540394,-0.480852,0.787415,0.0575646,0.0576933,-2.96319e-05,0.054833,,
15.201,amcl,map,-0.517855,-0.489613,0.772292,0.0344799,0.0428463,-0.00338064,,,
15.192,pf,map,-0.497942,-0.488607,0.796178,0.0534135,0.0519934,0.00257676,7.19829,628.981,0
15.264,odom,map,-0.536939,-0.462366,0.794089,0,0,0,,,
15.3,odom,map,-0.53607,-0.459285,0.816242,0,0,0,,,
15.336,odom,map,-0.535525,-0.456409,0.838222,0,0,0,,,
15.372,odom,map,-0.535141,-0.453577,0.860155,0,0,0,,,
15.408,odom,map,-0.534572,-0.450951,0.881219,0,0,0,,,
15.408,ekf_predict_only,map,-0.511263,-0.482983,0.959584,1.60386,2.35425,-0.0276995,,,
15.408,ekf,map,-0.525696,-0.464854,0.901278,0.0585895,0.0587042,-3.33571e-05,0.056667,,
15.408,kf,map,-0.526706,-0.466032,0.901047,0.0507158,0.0507172,-3.3667e-07,0.085,,
15.408,pf,map,-0.491486,-0.472625,0.91567,0.0494305,0.0518225,-9.5956e-05,5.3885,633.364,0
15.444,odom,map,-0.532858,-0.448833,0.899836,0,0,0,,,
15.48,odom,map,-0.531239,-0.446755,0.918289,0,0,0,,,
15.516,odom,map,-0.529983,-0.445082,0.93609,0,0,0,,,
15.552,odom,map,-0.528784,-0.443422,0.953861,0,0,0,,,
15.588,odom,map,-0.52777,-0.441967,0.971384,0,0,0,,,
15.624,odom,map,-0.523811,-0.442294,0.988171,0,0,0,,,
15.588,ekf_predict_only,map,-0.507359,-0.477411,1.04528,1.65438,2.40931,-0.0314911,,,
15.588,ekf,map,-0.518814,-0.455543,0.990424,0.0575785,0.0576556,-2.54277e-05,0.108542,,
15.588,kf,map,-0.519624,-0.456621,0.98989,0.0505772,0.0505775,-8.22348e-08,0.057458,,
15.6,amcl,map,-0.507568,-0.468255,0.978405,0.0239798,0.0352776,-0.00197144,,,
15.588,pf,map,-0.476653,-0.459973,0.987175,0.050394,0.0529584,-0.00170594,6.49846,637.386,0
15.66,odom,map,-0.518218,-0.443668,1.0045,0,0,0,,,
15.696,odom,map,-0.512698,-0.445121,1.02076,0,0,0,,,
15.732,odom,map,-0.507319,-0.446773,1.03657,0,0,0,,,
15.768,odom,map,-0.502078,-0.448636,1.05184,0,0,0,,,
15.804,odom,map,-0.497152,-0.450418,1.06694,0,0,0,,,
15.804,ekf_predict_only,map,-0.505639,-0.474445,1.13982,1.70468,2.46154,-0.0335055,,,
15.804,kf,map,-0.515742,-0.450602,1.08847,0.0507171,0.0507172,-1.99732e-08,0.05875,,
15.804,ekf,map,-0.515106,-0.449659,1.08932,0.0586135,0.058674,-2.2056e-05,0.057542,,
15.804,pf,map,-0.472606,-0.457938,1.09694,0.0491188,0.0487875,0.00238768,5.45192,634.848,0
15.84,odom,map,-0.49688,-0.449916,1.0827,0,0,0,,,
15.876,odom,map,-0.49666,-0.449494,1.09824,0,0,0,,,
15.912,odom,map,-0.496623,-0.449422,1.11307,0,0,0,,,
15.948,odom,map,-0.496686,-0.449553,1.1276,0,0,0,,,
15.984,odom,map,-0.496843,-0.449891,1.14193,0,0,0,,,
16.02,odom,map,-0.496851,-0.451575,1.15628,0,0,0,,,
15.984,kf,map,-0.515518,-0.450516,1.16214,0.0505775,0.0505775,-4.87862e-09,0.059833,,
15.984,ekf_predict_only,map,-0.507294,-0.478044,1.20813,1.75432,2.50939,-0.0310835,,,
15.984,ekf,map,-0.514961,-0.44962,1.16325,0.0575973,0.0576353,-1.4533e-05,0.099709,,
15.984,pf,map,-0.471255,-0.449424,1.16751,0.0476897,0.0470063,0.000731554,6.0625,639.89,0
16.056,odom,map,-0.496668,-0.454192,1.17083,0,0,0,,,
16.092,odom,map,-0.496475,-0.456815,1.18537,0,0,0,,,
16.128,odom,map,-0.496131,-0.459085,1.1991,0,0,0,,,
16.164,odom,map,-0.495637,-0.460975,1.21029,0,0,0,,,
16.2,odom,map,-0.495143,-0.462866,1.21889,0,0,0,,,
16.2,ekf_predict_only,map,-0.507294,-0.478044,1.20813,1.80432,2.55939,-0.0310835,,,
16.2,ekf,map,-0.514664,-0.449588,1.20792,0.0586292,0.0586576,-1.12491e-05,0.105875,,
16.2,amcl,map,-0.503799,-0.469404,1.22475,0.0190442,0.028641,0.00220789,,,
16.2,kf,map,-0.515,-0.450001,1.20136,0.0507171,0.0507171,-1.18492e-09,0.06825,,
16.2,pf,map,-0.478512,-0.442602,1.2364,0.0467772,0.0499002,-0.00249294,11.942,645.087,0
16.236,odom,map,-0.49513,-0.462919,1.22405,0,0,0,,,
16.272,odom,map,-0.49513,-0.462919,1.22659,0,0,0,,,
16.308,odom,map,-0.49513,-0.462919,1.22689,0,0,0,,,
16.344,odom,map,-0.49513,-0.462919,1.22689,0,0,0,,,
16.38,odom,map,-0.49513,-0.462919,1.22689,0,0,0,,,
16.416,odom,map,-0.495859,-0.463106,1.2269,0,0,0,,,
16.416,ekf,map,-0.514554,-0.449554,1.23122,0.058986,0.0590054,-7.83018e-06,0.060792,,
16.416,ekf_predict_only,map,-0.507294,-0.478044,1.20813,1.85432,2.60939,-0.0310835,,,
16.416,kf,map,-0.514744,-0.449747,1.22474,0.050751,0.050751,-2.87398e-10,0.104292,,
16.416,pf,map,-0.480366,-0.461234,1.25105,0.0500375,0.050342,-0.00105691,6.13825,656.629,0
16.452,odom,map,-0.497733,-0.463589,1.22695,0,0,0,,,
16.488,odom,map,-0.499608,-0.464072,1.22699,0,0,0,,,
16.524,odom,map,-0.501483,-0.464554,1.22703,0,0,0,,,
16.56,odom,map,-0.503358,-0.465037,1.22707,0,0,0,,,
16.596,odom,map,-0.505233,-0.465519,1.22712,0,0,0,,,
16.632,odom,map,-0.505441,-0.465573,1.22712,0,0,0,,,
16.596,kf,map,-0.514618,-0.449622,1.23622,0.0505858,0.0505858,-7.01756e-11,0.06125,,
16.596,ekf,map,-0.514518,-0.449528,1.24057,0.0576715,0.0576829,-4.66942e-06,0.10425,,
16.596,ekf_predict_only,map,-0.507294,-0.478044,1.20813,1.90432,2.65939,-0.0310835,,,
16.596,pf,map,-0.492021,-0.449403,1.24005,0.0514677,0.0525971,-0.00222477,6.356,659.019,0
16.668,odom,map,-0.505441,-0.465573,1.22712,0,0,0,,,
16.704,odom,map,-0.505441,-0.465573,1.22712,0,0,0,,,
16.74,odom,map,-0.505441,-0.465573,1.22712,0,0,0,,,
16.776,odom,map,-0.505441,-0.465573,1.22712,0,0,0,,,
16.812,kf,map,-0.514556,-0.449561,1.2419,0.0507192,0.0507192,-1.70429e-11,0.056833,,
16.812,ekf,map,-0.514504,-0.449513,1.24459,0.0585921,0.0586003,-3.38619e-06,0.117334,,
16.812,odom,map,-0.505441,-0.465573,1.22712,0,0,0,,,
16.812,ekf_predict_only,map,-0.507294,-0.478044,1.20813,1.95432,2.70939,-0.0310835,,,
16.812,pf,map,-0.479686,-0.458366,1.23494,0.048947,0.0514722,0.0018268,6.73504,656.047,0
16.848,odom,map,-0.505441,-0.465573,1.22712,0,0,0,,,
16.884,odom,map,-0.505274,-0.465107,1.22724,0,0,0,,,
16.92,odom,map,-0.50486,-0.463948,1.22737,0,0,0,,,
16.956,odom,map,-0.504308,-0.462406,1.22765,0,0,0,,,
16.992,odom,map,-0.503486,-0.460103,1.22799,0,0,0,,,
17.028,odom,map,-0.502133,-0.457402,1.22933,0,0,0,,,
16.992,ekf_predict_only,map,-0.500546,-0.46026,1.21228,2.00636,2.7682,-0.0430727,,,
16.992,kf,map,-0.510557,-0.437848,1.24719,0.050578,0.050578,-4.16277e-12,0.10025,,
16.992,ekf,map,-0.51085,-0.438689,1.24848,0.0575549,0.0575588,-2.40122e-06,0.055792,,
16.992,pf,map,-0.484132,-0.459154,1.24631,0.0489095,0.0508214,0.00153859,5.92417,637.353,0
17.064,odom,map,-0.500572,-0.454509,1.23118,0,0,0,,,
17.1,odom,map,-0.498922,-0.451326,1.2333,0,0,0,,,
17.136,odom,map,-0.497246,-0.448015,1.23663,0,0,0,,,
17.172,odom,map,-0.495627,-0.444806,1.24101,0,0,0,,,
17.208,odom,map,-0.494131,-0.441549,1.24605,0,0,0,,,
17.208,ekf_predict_only,map,-0.492137,-0.437819,1.23911,2.05982,2.8293,-0.0585296,,,
17.208,ekf,map,-0.504359,-0.419227,1.26679,0.0585862,0.0585844,-3.49616e-06,0.070292,,
17.208,kf,map,-0.504104,-0.418362,1.26729,0.0507173,0.0507173,-1.01105e-12,0.059458,,
17.208,pf,map,-0.462045,-0.427438,1.24602,0.0500116,0.0469351,0.00194663,4.95787,647.336,0
17.244,odom,map,-0.492865,-0.437761,1.25052,0,0,0,,,
17.28,odom,map,-0.491627,-0.433999,1.25572,0,0,0,,,
17.316,odom,map,-0.49042,-0.430258,1.26174,0,0,0,,,
17.352,odom,map,-0.48926,-0.426582,1.26884,0,0,0,,,
17.388,odom,map,-0.488136,-0.422925,1.27623,0,0,0,,,
17.424,odom,map,-0.487027,-0.419219,1.28409,0,0,0,,,
17.388,ekf_predict_only,map,-0.485816,-0.419465,1.27968,2.1134,2.88773,-0.0713938,,,
17.388,kf,map,-0.498918,-0.401334,1.29931,0.0505776,0.0505776,-2.46957e-13,0.056625,,
17.388,ekf,map,-0.499037,-0.401931,1.29791,0.0575822,0.0575754,-4.21114e-06,0.059417,,
17.388,pf,map,-0.458465,-0.401316,1.28006,0.0543304,0.0498194,0.0030004,4.99538,642.861,0
17.46,odom,map,-0.485919,-0.415402,1.29267,0,0,0,,,
17.496,odom,map,-0.484789,-0.411368,1.30242,0,0,0,,,
17.532,odom,map,-0.483693,-0.407306,1.31223,0,0,0,,,
17.568,odom,map,-0.482616,-0.40315,1.32254,0,0,0,,,
17.604,odom,map,-0.481528,-0.398753,1.33351,0,0,0,,,
17.604,ekf_predict_only,map,-0.477838,-0.39284,1.34673,2.16983,2.9485,-0.0903216,,,
17.604,kf,map,-0.492378,-0.376572,1.35716,0.0507172,0.0507172,-5.99808e-14,0.056958,,
17.604,ekf,map,-0.492463,-0.377163,1.35516,0.0586274,0.0586116,-6.72365e-06,0.0565,,
17.604,pf,map,-0.450123,-0.395193,1.34554,0.0512596,0.0509759,0.00103771,6.00717,629.065,0
17.64,odom,map,-0.480464,-0.394244,1.34469,0,0,0,,,
17.676,odom,map,-0.479408,-0.389528,1.35614,0,0,0,,,
17.712,odom,map,-0.478336,-0.384468,1.368,0,0,0,,,
17.748,odom,map,-0.477257,-0.379055,1.3801,0,0,0,,,
17.784,odom,map,-0.476223,-0.373514,1.39224,0,0,0,,,
17.82,odom,map,-0.47523,-0.367813,1.40456,0,0,0,,,
17.784,ekf_predict_only,map,-0.471339,-0.364321,1.40866,2.22839,3.00737,-0.110756,,,
17.784,kf,map,-0.487268,-0.350631,1.41295,0.0505775,0.0505775,-1.46508e-14,0.070375,,
17.784,ekf,map,-0.487371,-0.351269,1.41126,0.0576189,0.0575969,-7.65326e-06,0.170416,,
17.784,pf,map,-0.448698,-0.385615,1.40257,0.0506391,0.0468277,0.00159674,8.77704,639.349,0
17.856,odom,map,-0.474255,-0.361769,1.41707,0,0,0,,,
17.892,odom,map,-0.4733,-0.355333,1.42979,0,0,0,,,
17.928,odom,map,-0.472403,-0.34871,1.44258,0,0,0,,,
17.964,odom,map,-0.471562,-0.341832,1.45526,0,0,0,,,
18,odom,map,-0.470743,-0.334356,1.46805,0,0,0,,,
18,ekf_predict_only,map,-0.463946,-0.319125,1.48547,2.29557,3.06757,-0.143339,,,
18,ekf,map,-0.482006,-0.310709,1.48497,0.0586728,0.0586301,-1.15931e-05,0.067292,,
18,amcl,map,-0.472904,-0.342659,1.46813,0.014442,0.0254085,0.000957358,,,
18,kf,map,-0.481774,-0.309754,1.48621,0.0507171,0.0507171,-3.55838e-15,0.0685,,
18,pf,map,-0.458586,-0.33229,1.48053,0.0527122,0.0464127,0.00167769,6.39733,639.892,0
18.036,odom,map,-0.470009,-0.326758,1.48085,0,0,0,,,
18.072,odom,map,-0.469351,-0.318907,1.49348,0,0,0,,,
18.108,odom,map,-0.468758,-0.310556,1.50592,0,0,0,,,
18.144,odom,map,-0.468239,-0.301727,1.51818,0,0,0,,,
18.18,odom,map,-0.467816,-0.292645,1.53032,0,0,0,,,
18.216,odom,map,-0.467495,-0.283313,1.54225,0,0,0,,,
18.216,ekf,map,-0.479372,-0.259071,1.55652,0.0590594,0.0589876,-1.44314e-05,0.062459,,
18.216,ekf_predict_only,map,-0.459059,-0.261989,1.55634,2.37377,3.12438,-0.184348,,,
18.216,kf,map,-0.478962,-0.257832,1.55703,0.050751,0.050751,-8.63071e-16,0.056042,,
18.216,pf,map,-0.445965,-0.272546,1.56219,0.0484411,0.0532819,0.00142522,6.60567,638.522,0
18.252,odom,map,-0.467274,-0.273527,1.55377,0,0,0,,,
18.288,odom,map,-0.467156,-0.263132,1.56504,0,0,0,,,
18.324,odom,map,-0.467154,-0.252584,1.57632,0,0,0,,,
18.36,odom,map,-0.467274,-0.241878,1.58748,0,0,0,,,
18.396,odom,map,-0.467519,-0.230842,1.59833,0,0,0,,,
18.396,ekf_predict_only,map,-0.458228,-0.204459,1.60901,2.45963,3.17554,-0.22487,,,
18.396,kf,map,-0.479971,-0.205425,1.61139,0.0505858,0.0505858,-2.10741e-16,0.103708,,
18.396,ekf,map,-0.480432,-0.206665,1.61143,0.0577674,0.0576729,-1.29152e-05,0.058875,,
18.432,odom,map,-0.467893,-0.219461,1.6089,0,0,0,,,
18.396,pf,map,-0.446633,-0.219405,1.60366,0.0518409,0.055563,0.00575173,9.85737,648.991,0
18.468,odom,map,-0.468392,-0.207965,1.61944,0,0,0,,,
18.504,odom,map,-0.46902,-0.196314,1.62963,0,0,0,,,
18.54,odom,map,-0.46978,-0.184408,1.63923,0,0,0,,,
18.576,odom,map,-0.47066,-0.172384,1.64856,0,0,0,,,
18.612,odom,map,-0.471661,-0.160261,1.65768,0,0,0,,,
18.612,ekf_predict_only,map,-0.46103,-0.131157,1.66304,2.56644,3.22162,-0.274999,,,
18.612,ekf,map,-0.485572,-0.137207,1.66954,0.0587563,0.0585934,-1.18139e-05,0.058417,,
18.612,kf,map,-0.484958,-0.13608,1.66895,0.0507192,0.0507192,-5.11807e-17,0.112458,,
18.612,pf,map,-0.43325,-0.158125,1.66535,0.0499079,0.0497315,0.00131725,8.74896,633.875,0
18.648,odom,map,-0.472791,-0.147917,1.66637,0,0,0,,,
18.684,odom,map,-0.474049,-0.135345,1.6745,0,0,0,,,
18.72,odom,map,-0.475426,-0.122598,1.6822,0,0,0,,,
18.756,odom,map,-0.476904,-0.109827,1.68982,0,0,0,,,
18.792,odom,map,-0.478483,-0.0970143,1.69691,0,0,0,,,
18.828,odom,map,-0.480455,-0.0851548,1.70338,0,0,0,,,
18.792,kf,map,-0.493043,-0.0738338,1.70595,0.050578,0.050578,-1.2501e-17,0.061708,,
18.792,ekf_predict_only,map,-0.467071,-0.06586,1.69421,2.67775,3.26325,-0.317443,,,
18.792,ekf,map,-0.493714,-0.0747399,1.70702,0.0577434,0.0575548,-4.61326e-06,0.055583,,
18.801,amcl,map,-0.470898,-0.106914,1.70697,0.0140241,0.0284609,0.00259905,,,
18.792,pf,map,-0.444479,-0.0908643,1.71327,0.0536557,0.0547715,-0.00196774,5.20338,636.825,0
18.864,odom,map,-0.482627,-0.0736701,1.70964,0,0,0,,,
18.9,odom,map,-0.484878,-0.0621977,1.71564,0,0,0,,,
18.936,odom,map,-0.487197,-0.0507934,1.72117,0,0,0,,,
18.972,odom,map,-0.489571,-0.0394594,1.72569,0,0,0,,,
19.008,odom,map,-0.491912,-0.0278012,1.72992,0,0,0,,,
19.008,ekf_predict_only,map,-0.47664,0.0112852,1.7166,2.81345,3.30016,-0.364893,,,
19.008,ekf,map,-0.506155,0.00124493,1.7383,0.0588514,0.058582,6.44882e-06,0.11725,,
19.008,kf,map,-0.505305,0.00186072,1.73656,0.0507173,0.0507173,-3.03624e-18,0.074291,,
19.008,pf,map,-0.456558,0.0025775,1.75005,0.0531748,0.0516023,0.00033493,6.7755,639.07,0
19.044,odom,map,-0.493991,-0.0150069,1.73376,0,0,0,,,
19.08,odom,map,-0.496104,-0.00229099,1.73708,0,0,0,,,
19.116,odom,map,-0.498248,0.0103646,1.74004,0,0,0,,,
19.152,odom,map,-0.500425,0.0229938,1.74287,0,0,0,,,
19.188,odom,map,-0.50263,0.0355872,1.7454,0,0,0,,,
19.188,kf,map,-0.517257,0.064166,1.75699,0.0505776,0.0505776,-7.41624e-19,0.059791,,
19.188,ekf,map,-0.517937,0.0638335,1.75817,0.0578421,0.0575748,1.58032e-05,0.059833,,
19.224,odom,map,-0.504859,0.0481185,1.74843,0,0,0,,,
19.188,ekf_predict_only,map,-0.485875,0.0741721,1.73391,2.94416,3.33774,-0.401253,,,
19.188,pf,map,-0.489351,0.058202,1.76775,0.05363,0.052155,-0.00226517,6.589,631.345,0
19.26,odom,map,-0.507127,0.0606268,1.75189,0,0,0,,,
19.296,odom,map,-0.509423,0.0730381,1.75581,0,0,0,,,
19.332,odom,map,-0.511764,0.0853887,1.76059,0,0,0,,,
19.368,odom,map,-0.514144,0.0976057,1.766,0,0,0,,,
19.404,odom,map,-0.516583,0.109762,1.77156,0,0,0,,,
19.404,ekf_predict_only,map,-0.497888,0.147166,1.7714,3.10032,3.3719,-0.440622,,,
19.404,ekf,map,-0.532749,0.137267,1.79013,0.0589422,0.0586131,3.13025e-05,0.060584,,
19.404,kf,map,-0.532358,0.137315,1.79027,0.0507172,0.0507172,-1.80126e-19,0.310917,,
19.404,pf,map,-0.49714,0.132318,1.78233,0.0503736,0.0509855,-0.00360655,9.74542,634.96,0
19.44,odom,map,-0.519079,0.121842,1.77769,0,0,0,,,
19.476,odom,map,-0.521632,0.133807,1.78448,0,0,0,,,
19.512,odom,map,-0.524231,0.145577,1.79192,0,0,0,,,
19.548,odom,map,-0.526898,0.157234,1.79957,0,0,0,,,
19.584,odom,map,-0.529639,0.168799,1.80758,0,0,0,,,
19.584,ekf_predict_only,map,-0.509402,0.203794,1.81725,3.24208,3.40707,-0.467759,,,
19.584,kf,map,-0.546306,0.19517,1.82909,0.0505775,0.0505775,-4.39971e-20,0.059292,,
19.584,ekf,map,-0.546477,0.195392,1.82807,0.0578948,0.0575999,3.60735e-05,0.054875,,
19.62,odom,map,-0.531626,0.179538,1.81744,0,0,0,,,
19.602,amcl,map,-0.512697,0.159745,1.80464,0.0220652,0.0330209,0.00407556,,,
19.584,pf,map,-0.502759,0.196298,1.81235,0.0565017,0.044102,-0.0030925,8.80963,640.869,0
19.656,odom,map,-0.533067,0.189623,1.82868,0,0,0,,,
19.692,odom,map,-0.534648,0.199647,1.84005,0,0,0,,,
19.728,odom,map,-0.536324,0.209451,1.85194,0,0,0,,,
19.764,odom,map,-0.538088,0.218996,1.86474,0,0,0,,,
19.8,odom,map,-0.539988,0.228422,1.87807,0,0,0,,,
19.8,ekf,map,-0.564585,0.25964,1.89145,0.0589625,0.058636,5.01107e-05,0.104125,,
19.8,kf,map,-0.564474,0.259133,1.89328,0.0507171,0.0507171,-1.0686e-20,0.061167,,
19.8,ekf_predict_only,map,-0.524974,0.265693,1.8906,3.40198,3.43757,-0.492697,,,
19.8,pf,map,-0.531834,0.25039,1.87994,0.0518989,0.0488467,-0.000264975,5.37129,649.778,0
19.836,odom,map,-0.543247,0.238567,1.89026,0,0,0,,,
19.872,odom,map,-0.546581,0.248441,1.90306,0,0,0,,,
19.908,odom,map,-0.549952,0.258004,1.91655,0,0,0,,,
19.944,odom,map,-0.553413,0.267409,1.93024,0,0,0,,,
19.98,odom,map,-0.556912,0.276528,1.94442,0,0,0,,,
20.016,odom,map,-0.560413,0.285271,1.95927,0,0,0,,,
20.016,ekf,map,-0.584861,0.315796,1.97254,0.0593054,0.0589964,5.68399e-05,0.061084,,
20.016,ekf_predict_only,map,-0.542446,0.318451,1.98168,3.55371,3.46646,-0.507728,,,
20.016,kf,map,-0.584634,0.315003,1.97481,0.050751,0.050751,-2.59185e-21,0.094083,,
20.016,pf,map,-0.546963,0.294452,1.9639,0.0520991,0.0522889,-0.00197244,5.43604,651.657,0
20.052,odom,map,-0.563943,0.293711,1.97461,0,0,0,,,
20.088,odom,map,-0.567564,0.302008,1.99007,0,0,0,,,
20.124,odom,map,-0.57126,0.310129,2.00592,0,0,0,,,
20.16,odom,map,-0.57491,0.317816,2.02248,0,0,0,,,
20.196,odom,map,-0.578658,0.325382,2.03908,0,0,0,,,
20.232,odom,map,-0.58243,0.332687,2.0558,0,0,0,,,
20.196,ekf,map,-0.603474,0.356086,2.04999,0.0579183,0.0576829,5.08259e-05,0.058333,,
20.196,kf,map,-0.603157,0.355302,2.05188,0.0505858,0.0505858,-6.32868e-22,0.056375,,
20.202,amcl,map,-0.55164,0.319709,1.99435,0.0284274,0.0355142,0.00668337,,,
20.196,ekf_predict_only,map,-0.558723,0.355811,2.06543,3.6803,3.49754,-0.512759,,,
20.196,pf,map,-0.571789,0.354863,2.05835,0.0528857,0.0481726,-0.00177394,11.8186,636.029,0
20.268,odom,map,-0.586241,0.339776,2.0727,0,0,0,,,
20.304,odom,map,-0.590027,0.346538,2.08991,0,0,0,,,
20.34,odom,map,-0.593835,0.35307,2.10723,0,0,0,,,
20.376,odom,map,-0.597621,0.359314,2.12485,0,0,0,,,
20.412,kf,map,-0.62558,0.395121,2.15527,0.0507192,0.0507192,-1.53699e-22,0.060917,,
20.412,ekf,map,-0.626082,0.395933,2.15353,0.0588297,0.0586084,5.79819e-05,0.063042,,
20.412,odom,map,-0.600638,0.364841,2.14202,0,0,0,,,
20.412,ekf_predict_only,map,-0.578556,0.392583,2.17511,3.80946,3.52547,-0.511867,,,
20.412,pf,map,-0.585502,0.413042,2.16013,0.0483136,0.0500666,5.08583e-05,5.09417,643.856,0
20.448,odom,map,-0.601989,0.369218,2.15747,0,0,0,,,
20.484,odom,map,-0.603336,0.373408,2.173,0,0,0,,,
20.52,odom,map,-0.604614,0.377325,2.18867,0,0,0,,,
20.556,odom,map,-0.60572,0.380838,2.20451,0,0,0,,,
20.592,odom,map,-0.60672,0.38405,2.22042,0,0,0,,,
20.628,odom,map,-0.609455,0.388076,2.23856,0,0,0,,,
20.592,ekf_predict_only,map,-0.594264,0.415332,2.26991,3.91034,3.55878,-0.50639,,,
20.592,kf,map,-0.644137,0.421118,2.24585,0.050578,0.050578,-3.75413e-23,0.070917,,
20.592,ekf,map,-0.644757,0.421902,2.24454,0.05773,0.05757,4.90926e-05,0.142834,,
20.592,pf,map,-0.606244,0.440317,2.24335,0.0513867,0.0462323,0.00159618,4.862,640.207,0
20.664,odom,map,-0.61282,0.392261,2.25768,0,0,0,,,
20.7,odom,map,-0.616102,0.396185,2.27701,0,0,0,,,
20.736,odom,map,-0.619447,0.400031,2.29635,0,0,0,,,
20.772,odom,map,-0.622692,0.403621,2.31586,0,0,0,,,
20.808,ekf_predict_only,map,-0.610905,0.435125,2.38704,4.00581,3.59187,-0.497333,,,
20.808,ekf,map,-0.664768,0.44482,2.35922,0.0587373,0.0586,5.04164e-05,0.100625,,
20.808,odom,map,-0.625692,0.406811,2.33539,0,0,0,,,
20.808,kf,map,-0.663967,0.444048,2.36019,0.0507173,0.0507173,-9.11799e-24,0.238459,,
20.802,amcl,map,-0.598795,0.41225,2.30029,0.033065,0.0333626,0.00820794,,,
20.808,pf,map,-0.648433,0.445256,2.36536,0.0503946,0.0434816,0.00211661,8.17962,638.762,0
20.844,odom,map,-0.628547,0.40973,2.35495,0,0,0,,,
20.88,odom,map,-0.631407,0.412542,2.37452,0,0,0,,,
20.916,odom,map,-0.634152,0.415137,2.39416,0,0,0,,,
20.952,odom,map,-0.636696,0.417451,2.41364,0,0,0,,,
20.988,odom,map,-0.63917,0.419613,2.43306,0,0,0,,,
20.988,ekf,map,-0.678902,0.457702,2.45562,0.0576807,0.0575893,3.85267e-05,0.059333,,
21.024,odom,map,-0.639438,0.422133,2.44885,0,0,0,,,
20.988,kf,map,-0.678116,0.457064,2.45618,0.0505776,0.0505776,-2.22714e-24,0.055875,,
20.988,ekf_predict_only,map,-0.622095,0.445645,2.4841,4.08044,3.63095,-0.489367,,,
20.988,pf,map,-0.658834,0.443708,2.4538,0.0481101,0.053015,-8.26968e-05,6.06354,644.951,0
21.06,odom,map,-0.638325,0.4247,2.46248,0,0,0,,,
21.096,odom,map,-0.636992,0.426996,2.4762,0,0,0,,,
21.132,odom,map,-0.635484,0.429068,2.4898,0,0,0,,,
21.168,odom,map,-0.633962,0.431044,2.50335,0,0,0,,,
21.204,odom,map,-0.63255,0.432855,2.51711,0,0,0,,,
21.204,ekf_predict_only,map,-0.628699,0.450744,2.59822,4.1425,3.67468,-0.483979,,,
21.204,kf,map,-0.688906,0.465168,2.5706,0.0507172,0.0507172,-5.40928e-25,0.127125,,
21.204,ekf,map,-0.689911,0.465869,2.57042,0.0586968,0.0586251,3.43957e-05,0.055958,,
21.201,amcl,map,-0.616811,0.422897,2.50644,0.0389916,0.0321826,0.0111783,,,
21.204,pf,map,-0.676216,0.469938,2.55751,0.0459684,0.049727,-0.00339113,5.72908,661.135,0
21.24,odom,map,-0.633837,0.433765,2.53614,0,0,0,,,
21.276,odom,map,-0.634988,0.434545,2.55516,0,0,0,,,
21.312,odom,map,-0.636041,0.435231,2.5741,0,0,0,,,
21.348,odom,map,-0.636907,0.435772,2.59279,0,0,0,,,
21.384,odom,map,-0.637697,0.436245,2.61154,0,0,0,,,
21.42,odom,map,-0.638478,0.436693,2.63034,0,0,0,,,
21.384,ekf_predict_only,map,-0.632556,0.453073,2.69221,4.19803,3.72107,-0.480486,,,
21.384,kf,map,-0.695599,0.469331,2.66497,0.0505775,0.0505775,-1.32126e-25,0.26175,,
21.384,ekf,map,-0.69643,0.469866,2.66494,0.0576511,0.0576062,2.34363e-05,0.058417,,
21.384,pf,map,-0.689209,0.480999,2.65681,0.0497003,0.0512735,0.000355,12.5033,650.713,0
21.456,odom,map,-0.639178,0.437077,2.64902,0,0,0,,,
21.492,odom,map,-0.639726,0.437366,2.66754,0,0,0,,,
21.528,odom,map,-0.6401,0.437554,2.68604,0,0,0,,,
21.564,odom,map,-0.64037,0.437683,2.70461,0,0,0,,,
21.6,odom,map,-0.64054,0.437761,2.72295,0,0,0,,,
21.6,ekf,map,-0.699088,0.471218,2.77482,0.0586703,0.0586369,1.8677e-05,0.058375,,
21.6,ekf_predict_only,map,-0.631988,0.4528,2.79939,4.24738,3.7716,-0.481034,,,
21.6,kf,map,-0.698243,0.470735,2.77447,0.0507171,0.0507171,-3.20907e-26,0.066459,,
21.6,amcl,map,-0.623778,0.416775,2.74225,0.0288726,0.0270141,0.00639247,,,
21.6,pf,map,-0.682181,0.464132,2.77818,0.0501842,0.0469803,-0.00164064,5.15608,650.306,0
21.636,odom,map,-0.638931,0.438167,2.74083,0,0,0,,,
21.672,odom,map,-0.63707,0.4385,2.75866,0,0,0,,,
21.708,odom,map,-0.635018,0.438765,2.77638,0,0,0,,,
21.744,odom,map,-0.632906,0.439016,2.79407,0,0,0,,,
21.78,odom,map,-0.630687,0.43924,2.81145,0,0,0,,,
21.816,odom,map,-0.628965,0.439263,2.82842,0,0,0,,,
21.816,ekf_predict_only,map,-0.627317,0.451136,2.9004,4.29342,3.82598,-0.485803,,,
21.816,kf,map,-0.696146,0.470267,2.87897,0.050751,0.050751,-7.78348e-27,0.180583,,
21.816,ekf,map,-0.6969,0.470682,2.87968,0.0590145,0.0589917,1.32324e-05,0.069917,,
21.816,pf,map,-0.684238,0.468996,2.89364,0.051714,0.0477609,0.00117082,6.22571,627.334,0
21.852,odom,map,-0.628102,0.438991,2.84502,0,0,0,,,
21.888,odom,map,-0.627176,0.438717,2.86142,0,0,0,,,
21.924,odom,map,-0.626138,0.438428,2.87786,0,0,0,,,
21.96,odom,map,-0.624901,0.438104,2.89374,0,0,0,,,
21.996,odom,map,-0.623644,0.437797,2.90924,0,0,0,,,
21.996,ekf,map,-0.694756,0.470513,2.94826,0.0576884,0.057675,7.96272e-06,0.061,,
22.032,odom,map,-0.621362,0.435559,2.92312,0,0,0,,,
21.996,kf,map,-0.694661,0.470315,2.94541,0.0505858,0.0505858,-1.90054e-27,0.061125,,
21.996,ekf_predict_only,map,-0.627317,0.451136,2.94867,4.34342,3.87598,-0.485803,,,
21.996,pf,map,-0.676412,0.461611,2.98328,0.0490079,0.0505295,2.87823e-05,8.82425,642.363,0
22.068,odom,map,-0.619838,0.433281,2.93488,0,0,0,,,
22.104,odom,map,-0.618626,0.431068,2.94405,0,0,0,,,
22.14,odom,map,-0.617418,0.428852,2.95063,0,0,0,,,
22.176,odom,map,-0.616213,0.426634,2.95462,0,0,0,,,
22.212,odom,map,-0.615379,0.425092,2.9565,0,0,0,,,
22.212,ekf_predict_only,map,-0.627317,0.451136,2.94867,4.39342,3.92598,-0.485803,,,
22.212,kf,map,-0.693152,0.470208,2.98292,0.0507192,0.0507192,-4.61565e-28,0.061792,,
22.212,ekf,map,-0.692933,0.470294,2.98992,0.0586043,0.0585947,5.81478e-06,0.166791,,
22.2,amcl,map,-0.634714,0.399843,3.00475,0.0282361,0.0216252,-2.78089e-05,,,
22.212,pf,map,-0.662203,0.464061,3.03983,0.0500326,0.0510166,0.00132406,8.02958,655.772,0
22.248,odom,map,-0.615379,0.425092,2.95706,0,0,0,,,
22.284,odom,map,-0.615379,0.425092,2.95706,0,0,0,,,
22.32,odom,map,-0.615379,0.425092,2.95706,0,0,0,,,
22.356,odom,map,-0.615379,0.425092,2.95706,0,0,0,,,
22.392,odom,map,-0.615379,0.425092,2.95706,0,0,0,,,
22.392,ekf_predict_only,map,-0.627317,0.451136,2.94867,4.44342,3.97598,-0.485803,,,
22.428,odom,map,-0.61516,0.423699,2.96078,0,0,0,,,
22.392,kf,map,-0.69241,0.470155,3.00163,0.050578,0.050578,-1.12739e-28,0.101208,,
22.392,ekf,map,-0.692209,0.470189,3.00718,0.0575611,0.0575554,3.52653e-06,0.057416,,
22.392,pf,map,-0.659845,0.455112,3.0316,0.0496561,0.0498016,-0.00324025,5.04846,659.923,0
22.464,odom,map,-0.61489,0.421749,2.96594,0,0,0,,,
22.5,odom,map,-0.614655,0.419775,2.9711,0,0,0,,,
22.536,odom,map,-0.614457,0.417778,2.97627,0,0,0,,,
22.572,odom,map,-0.614294,0.415755,2.98143,0,0,0,,,
22.608,ekf_predict_only,map,-0.627317,0.451136,2.94867,4.49342,4.02598,-0.485803,,,
22.608,odom,map,-0.614193,0.414166,2.98544,0,0,0,,,
22.608,ekf,map,-0.6919,0.47014,3.01464,0.0585855,0.0585814,2.57527e-06,0.061417,,
22.608,kf,map,-0.692043,0.470128,3.01091,0.0507173,0.0507173,-2.73819e-29,0.073042,,
22.608,pf,map,-0.669337,0.462016,3.03283,0.0520456,0.0540333,-0.001902,9.30642,640.256,0
22.644,odom,map,-0.614193,0.414166,2.98544,0,0,0,,,
22.68,odom,map,-0.61449,0.414212,2.98518,0,0,0,,,
22.716,odom,map,-0.61515,0.414317,2.98477,0,0,0,,,
22.752,odom,map,-0.615811,0.414421,2.98436,0,0,0,,,
22.788,odom,map,-0.616791,0.414577,2.98357,0,0,0,,,
22.824,odom,map,-0.618848,0.414906,2.9825,0,0,0,,,
22.788,ekf_predict_only,map,-0.638375,0.453296,2.94335,4.54856,4.06574,-0.473662,,,
22.788,ekf,map,-0.698023,0.470898,3.01434,0.0575754,0.0575733,1.59997e-06,0.118583,,
22.788,kf,map,-0.698704,0.471004,3.01189,0.0505776,0.0505776,-6.68823e-30,0.061542,,
22.788,pf,map,-0.663237,0.447227,3.02885,0.0504737,0.0536109,-0.000313999,11.6843,634.551,0
22.86,odom,map,-0.621206,0.415286,2.98117,0,0,0,,,
22.896,odom,map,-0.624045,0.415749,2.97837,0,0,0,,,
22.932,odom,map,-0.627116,0.41626,2.97516,0,0,0,,,
22.968,odom,map,-0.63103,0.416926,2.97135,0,0,0,,,
23.004,odom,map,-0.6356,0.417537,2.9677,0,0,0,,,
23.004,ekf_predict_only,map,-0.664433,0.458531,2.92016,4.61107,4.09328,-0.444786,,,
23.004,ekf,map,-0.717715,0.473419,2.99749,0.0586105,0.0586133,1.70457e-06,0.059125,,
23.004,kf,map,-0.718941,0.473654,2.99543,0.0507172,0.0507172,-1.62444e-30,0.059708,,
23.004,pf,map,-0.686129,0.464768,3.01636,0.049948,0.0472359,-0.000839479,5.47321,642.967,0
23.04,odom,map,-0.644154,0.415727,2.96716,0,0,0,,,
23.076,odom,map,-0.653559,0.414032,2.96648,0,0,0,,,
23.112,odom,map,-0.663323,0.412366,2.96573,0,0,0,,,
23.148,odom,map,-0.6737,0.410771,2.96494,0,0,0,,,
23.184,odom,map,-0.68453,0.409221,2.9638,0,0,0,,,
23.184,kf,map,-0.749152,0.478243,2.97486,0.0505775,0.0505775,-3.96781e-31,0.079208,,
23.184,ekf,map,-0.747811,0.477967,2.97634,0.0575955,0.0576089,2.6584e-06,0.0595,,
23.22,odom,map,-0.693425,0.409261,2.96051,0,0,0,,,
23.184,ekf_predict_only,map,-0.700127,0.466566,2.89526,4.68045,4.11634,-0.404766,,,
23.184,pf,map,-0.701166,0.488361,2.98854,0.0497057,0.0479071,0.00031668,4.89987,645.264,0
23.256,odom,map,-0.701074,0.410682,2.95551,0,0,0,,,
23.292,odom,map,-0.708906,0.412177,2.9505,0,0,0,,,
23.328,odom,map,-0.717031,0.413771,2.94534,0,0,0,,,
23.364,odom,map,-0.72569,0.415516,2.93993,0,0,0,,,
23.4,odom,map,-0.734927,0.417431,2.93466,0,0,0,,,
23.4,kf,map,-0.80042,0.487302,2.94612,0.0507171,0.0507171,-9.63703e-32,0.063166,,
23.4,ekf_predict_only,map,-0.758938,0.481353,2.8643,4.76672,4.13173,-0.336998,,,
23.4,ekf,map,-0.798546,0.486964,2.94707,0.0586286,0.0586754,7.7438e-06,0.055209,,
23.4,pf,map,-0.744183,0.497005,2.9562,0.0536487,0.049067,5.885e-05,7.659,652.559,0
23.436,odom,map,-0.744811,0.419533,2.9295,0,0,0,,,
23.472,odom,map,-0.75504,0.421763,2.92447,0,0,0,,,
23.508,odom,map,-0.765808,0.424166,2.91956,0,0,0,,,
23.544,odom,map,-0.776892,0.426697,2.91472,0,0,0,,,
23.58,odom,map,-0.788167,0.429328,2.91006,0,0,0,,,
23.616,odom,map,-0.799685,0.432071,2.90556,0,0,0,,,
23.616,kf,map,-0.863496,0.500584,2.91915,0.050751,0.050751,-2.33742e-32,0.100416,,
23.616,ekf,map,-0.861657,0.500347,2.91954,0.0589876,0.0590824,1.6614e-05,0.066042,,
23.616,ekf_predict_only,map,-0.827264,0.500801,2.83731,4.8656,4.15701,-0.254641,,,
23.616,pf,map,-0.818085,0.513567,2.922,0.0484391,0.0490067,0.00142933,4.67104,637.674,0
23.652,odom,map,-0.811477,0.434935,2.90116,0,0,0,,,
23.688,odom,map,-0.823593,0.437934,2.89681,0,0,0,,,
23.724,odom,map,-0.835921,0.441041,2.89274,0,0,0,,,
23.76,odom,map,-0.848567,0.444279,2.88933,0,0,0,,,
23.796,odom,map,-0.861341,0.447588,2.88699,0,0,0,,,
23.796,ekf,map,-0.921915,0.514913,2.90367,0.0576753,0.0578021,2.43733e-05,0.059709,,
23.832,odom,map,-0.874108,0.450926,2.88466,0,0,0,,,
23.796,ekf_predict_only,map,-0.890212,0.520569,2.82563,4.96669,4.19917,-0.174525,,,
23.796,kf,map,-0.923343,0.514947,2.904,0.0505858,0.0505858,-5.70743e-33,0.356917,,
23.796,pf,map,-0.880625,0.494109,2.89661,0.0494043,0.044716,-0.00119153,10.6129,640.914,0
23.868,odom,map,-0.887004,0.454329,2.88279,0,0,0,,,
23.904,odom,map,-0.900025,0.457784,2.88166,0,0,0,,,
23.94,odom,map,-0.913111,0.461272,2.88078,0,0,0,,,
23.976,odom,map,-0.92623,0.464778,2.88003,0,0,0,,,
24.012,ekf_predict_only,map,-0.968579,0.546188,2.82644,5.08504,4.25972,-0.0682669,,,
24,amcl,map,-0.907801,0.459085,2.86585,0.039222,0.0277463,0.00332789,,,
24.012,kf,map,-1.00036,0.534391,2.89905,0.0507192,0.0507192,-1.38611e-33,0.363458,,
24.012,odom,map,-0.93946,0.468322,2.87984,0,0,0,,,
24.012,ekf,map,-0.99924,0.534583,2.89801,0.0586007,0.05881,4.44953e-05,0.544167,,
24.012,pf,map,-0.962367,0.512258,2.89508,0.0509897,0.046276,-0.00193206,5.47708,655.597,0
24.048,odom,map,-0.952754,0.471883,2.88007,0,0,0,,,
24.084,odom,map,-0.966056,0.475441,2.88034,0,0,0,,,
24.12,odom,map,-0.97936,0.478996,2.8806,0,0,0,,,
24.156,odom,map,-0.992619,0.482535,2.88094,0,0,0,,,
24.192,odom,map,-1.00569,0.486018,2.88158,0,0,0,,,
24.228,odom,map,-1.0186,0.489445,2.88245,0,0,0,,,
24.192,kf,map,-1.06448,0.550827,2.89924,0.050578,0.050578,-3.38561e-34,0.123667,,
24.192,ekf_predict_only,map,-1.03205,0.566881,2.83079,5.19202,4.33498,0.0232426,,,
24.192,ekf,map,-1.06387,0.551105,2.89823,0.0575647,0.0577911,5.13328e-05,0.098916,,
24.192,pf,map,-1.03104,0.546457,2.90165,0.0514782,0.0446227,-0.0017885,5.68379,660.665,0
24.264,odom,map,-1.03143,0.492842,2.88346,0,0,0,,,
24.3,odom,map,-1.04422,0.49621,2.88459,0,0,0,,,
24.336,odom,map,-1.05684,0.49952,2.88574,0,0,0,,,
24.372,odom,map,-1.06936,0.502786,2.8869,0,0,0,,,
24.408,odom,map,-1.08183,0.506026,2.88798,0,0,0,,,
24.408,ekf_predict_only,map,-1.10555,0.59049,2.83698,5.30901,4.43318,0.135249,,,
24.408,ekf,map,-1.13961,0.570038,2.90276,0.0585963,0.0588954,7.14569e-05,0.105875,,
24.408,kf,map,-1.13982,0.569778,2.90349,0.0507173,0.0507173,-8.22293e-35,0.055291,,
24.408,pf,map,-1.11903,0.559697,2.89555,0.0510896,0.0489801,-0.000448764,6.5245,653.292,0
24.444,odom,map,-1.09416,0.509216,2.88893,0,0,0,,,
24.48,odom,map,-1.10642,0.512376,2.88985,0,0,0,,,
24.516,odom,map,-1.11869,0.515524,2.89078,0,0,0,,,
24.552,odom,map,-1.13098,0.51867,2.89129,0,0,0,,,
24.588,odom,map,-1.14325,0.521803,2.89156,0,0,0,,,
24.624,odom,map,-1.15528,0.524877,2.89113,0,0,0,,,
24.588,ekf_predict_only,map,-1.16448,0.609017,2.83364,5.41306,4.53671,0.229628,,,
24.588,ekf,map,-1.20092,0.584844,2.90273,0.0575881,0.0578687,6.89063e-05,0.106083,,
24.588,kf,map,-1.20085,0.584744,2.90269,0.0505776,0.0505776,-2.00851e-35,0.057333,,
24.588,pf,map,-1.16358,0.579208,2.89123,0.0513938,0.0498297,-0.00273436,12.0788,637.262,0
24.66,odom,map,-1.16725,0.527944,2.89046,0,0,0,,,
24.696,odom,map,-1.17915,0.530999,2.89028,0,0,0,,,
24.732,odom,map,-1.19104,0.534051,2.89028,0,0,0,,,
24.768,odom,map,-1.2028,0.537071,2.89017,0,0,0,,,
24.804,odom,map,-1.21415,0.540022,2.88984,0,0,0,,,
24.804,kf,map,-1.27145,0.601957,2.90285,0.0507172,0.0507172,-4.87827e-36,0.063625,,
24.804,ekf_predict_only,map,-1.23189,0.630457,2.83303,5.52727,4.6644,0.342917,,,
24.804,ekf,map,-1.27177,0.602049,2.90298,0.0586275,0.058955,8.20966e-05,0.062667,,
24.801,amcl,map,-1.18482,0.527972,2.86349,0.04469,0.0421164,0.011996,,,
24.804,pf,map,-1.23785,0.584998,2.90007,0.0455373,0.049382,-0.00648451,4.70392,635.824,0
24.84,odom,map,-1.22049,0.542274,2.88715,0,0,0,,,
24.876,odom,map,-1.22672,0.544554,2.88441,0,0,0,,,
24.912,odom,map,-1.2328,0.546851,2.88147,0,0,0,,,
24.948,odom,map,-1.23881,0.549188,2.8785,0,0,0,,,
24.984,odom,map,-1.24468,0.551543,2.8755,0,0,0,,,
25.02,odom,map,-1.25333,0.554264,2.8739,0,0,0,,,
24.984,ekf_predict_only,map,-1.28595,0.647691,2.8307,5.63018,4.78956,0.437902,,,
24.984,ekf,map,-1.32864,0.615867,2.90145,0.0576111,0.0578967,7.23295e-05,0.056375,,
24.984,kf,map,-1.32827,0.615791,2.90128,0.0505775,0.0505775,-1.19156e-36,0.054167,,
24.984,pf,map,-1.32204,0.588923,2.90333,0.0493003,0.0526347,-0.00352274,4.81942,632.944,0
25.056,odom,map,-1.26427,0.557269,2.87344,0,0,0,,,
25.092,odom,map,-1.27514,0.560257,2.87306,0,0,0,,,
25.128,odom,map,-1.28592,0.563226,2.87278,0,0,0,,,
25.164,odom,map,-1.29666,0.566186,2.87231,0,0,0,,,
25.2,odom,map,-1.30737,0.569145,2.87169,0,0,0,,,
25.2,ekf,map,-1.39421,0.631934,2.89853,0.0586458,0.0589603,8.03241e-05,0.057666,,
25.2,kf,map,-1.3938,0.631869,2.89829,0.0507171,0.0507171,-2.89405e-37,0.108625,,
25.2,ekf_predict_only,map,-1.34861,0.667823,2.82663,5.74349,4.94117,0.552739,,,
25.2,pf,map,-1.39123,0.600664,2.89686,0.0476423,0.052448,0.00143689,4.46808,645.945,0
25.236,odom,map,-1.31798,0.572086,2.87103,0,0,0,,,
25.272,odom,map,-1.32844,0.57499,2.87036,0,0,0,,,
25.308,odom,map,-1.33873,0.577857,2.86946,0,0,0,,,
25.344,odom,map,-1.349,0.580727,2.86847,0,0,0,,,
25.38,odom,map,-1.35916,0.583581,2.86738,0,0,0,,,
25.416,odom,map,-1.36919,0.586409,2.86584,0,0,0,,,
25.416,ekf_predict_only,map,-1.40797,0.687162,2.81679,5.85584,5.10196,0.666466,,,
25.416,kf,map,-1.45604,0.647371,2.89102,0.050751,0.050751,-7.01941e-38,0.064083,,
25.416,ekf,map,-1.4565,0.647405,2.89153,0.0590032,0.0593093,7.86955e-05,0.057667,,
25.416,pf,map,-1.44919,0.63122,2.89509,0.0479394,0.0504007,0.000624132,4.60762,659.355,0
25.452,odom,map,-1.3792,0.58925,2.8642,0,0,0,,,
25.488,odom,map,-1.389,0.59205,2.86239,0,0,0,,,
25.524,odom,map,-1.39871,0.594844,2.86039,0,0,0,,,
25.56,odom,map,-1.40815,0.597583,2.85756,0,0,0,,,
25.596,odom,map,-1.4175,0.60033,2.85445,0,0,0,,,
25.632,odom,map,-1.42649,0.602323,2.84907,0,0,0,,,
25.596,ekf_predict_only,map,-1.45279,0.702256,2.79883,5.95555,5.24511,0.755968,,,
25.596,kf,map,-1.50412,0.659756,2.87764,0.0505858,0.0505858,-1.71397e-38,0.107,,
25.596,ekf,map,-1.50465,0.659761,2.8785,0.0576858,0.0579309,6.34817e-05,0.063583,,
25.596,pf,map,-1.47947,0.648844,2.89244,0.0484499,0.0518946,0.00140205,7.16208,656.163,0
25.668,odom,map,-1.43531,0.604256,2.84324,0,0,0,,,
25.704,odom,map,-1.44373,0.606136,2.83661,0,0,0,,,
25.74,odom,map,-1.45103,0.607743,2.82875,0,0,0,,,
25.776,odom,map,-1.4581,0.609353,2.8209,0,0,0,,,
25.812,kf,map,-1.55189,0.672889,2.84682,0.0507192,0.0507192,-4.16256e-39,0.063375,,
25.812,ekf,map,-1.55277,0.672948,2.84822,0.0586073,0.0588545,6.487e-05,0.102792,,
25.812,odom,map,-1.46514,0.611238,2.81329,0,0,0,,,
25.812,ekf_predict_only,map,-1.49556,0.717518,2.76122,6.05677,5.3917,0.844971,,,
25.8,amcl,map,-1.46477,0.631789,2.79822,0.0502035,0.0535207,0.0181509,,,
25.812,pf,map,-1.52613,0.672489,2.86707,0.048478,0.0494592,0.000600813,7.77613,654.342,0
25.848,odom,map,-1.47229,0.6137,2.80702,0,0,0,,,
25.884,odom,map,-1.47943,0.616208,2.80075,0,0,0,,,
25.92,odom,map,-1.48627,0.618657,2.79422,0,0,0,,,
25.956,odom,map,-1.49288,0.621077,2.78757,0,0,0,,,
25.992,odom,map,-1.49948,0.623541,2.78092,0,0,0,,,
25.992,ekf_predict_only,map,-1.52405,0.728909,2.72262,6.14563,5.51026,0.907277,,,
25.992,kf,map,-1.58595,0.683447,2.81471,0.050578,0.050578,-1.01672e-39,0.0605,,
25.992,ekf,map,-1.58699,0.683595,2.81619,0.057566,0.0577564,5.08636e-05,0.053459,,
26.028,odom,map,-1.50576,0.625933,2.77374,0,0,0,,,
25.992,pf,map,-1.55468,0.686841,2.83091,0.0470595,0.0479407,0.00405389,7.36846,636.121,0
26.064,odom,map,-1.5111,0.628015,2.76544,0,0,0,,,
26.1,odom,map,-1.51573,0.629865,2.75677,0,0,0,,,
26.136,odom,map,-1.51992,0.631587,2.74729,0,0,0,,,
26.172,odom,map,-1.52395,0.633285,2.73754,0,0,0,,,
26.208,odom,map,-1.52796,0.635022,2.72778,0,0,0,,,
26.208,ekf_predict_only,map,-1.548,0.739574,2.66411,6.23252,5.62054,0.962107,,,
26.208,kf,map,-1.61517,0.69365,2.76213,0.0507173,0.0507173,-2.46939e-40,0.161958,,
26.208,ekf,map,-1.61631,0.69391,2.76366,0.0585923,0.0587683,4.83475e-05,0.107209,,
26.208,pf,map,-1.60036,0.678731,2.77669,0.0502207,0.0527001,0.00367375,6.53658,645.959,0
26.244,odom,map,-1.53183,0.636745,2.71767,0,0,0,,,
26.28,odom,map,-1.53558,0.63846,2.70717,0,0,0,,,
26.316,odom,map,-1.5393,0.640213,2.69666,0,0,0,,,
26.352,odom,map,-1.54264,0.641824,2.68555,0,0,0,,,
26.388,odom,map,-1.54537,0.643183,2.67348,0,0,0,,,
26.388,ekf_predict_only,map,-1.55979,0.745676,2.60069,6.30384,5.70112,0.99062,,,
26.388,ekf,map,-1.63358,0.701081,2.70793,0.0575812,0.0577051,3.49337e-05,0.060625,,
26.424,odom,map,-1.54773,0.644396,2.6608,0,0,0,,,
26.388,kf,map,-1.6324,0.700729,2.70624,0.0505776,0.0505776,-6.03168e-41,0.055209,,
26.388,pf,map,-1.62165,0.67215,2.72305,0.0548092,0.0495869,-0.000579193,8.49821,644.834,0
26.46,odom,map,-1.54997,0.645582,2.64759,0,0,0,,,
26.496,odom,map,-1.55215,0.646776,2.63408,0,0,0,,,
26.532,odom,map,-1.55434,0.648016,2.62029,0,0,0,,,
26.568,odom,map,-1.55654,0.649298,2.60625,0,0,0,,,
26.604,odom,map,-1.55877,0.650871,2.59123,0,0,0,,,
26.604,kf,map,-1.64873,0.70855,2.62302,0.0507172,0.0507172,-1.46497e-41,0.061041,,
26.604,ekf,map,-1.64959,0.708833,2.62508,0.0586164,0.0587203,3.04416e-05,0.15275,,
26.601,amcl,map,-1.56403,0.660933,2.57348,0.044769,0.0453663,0.0165371,,,
26.604,ekf_predict_only,map,-1.57318,0.753718,2.50872,6.38217,5.78656,1.02485,,,
26.604,pf,map,-1.62314,0.674714,2.6513,0.048681,0.0499648,0.00228627,4.67604,627.28,0
26.64,odom,map,-1.56121,0.656462,2.57279,0,0,0,,,
26.676,odom,map,-1.56367,0.662119,2.554,0,0,0,,,
26.712,odom,map,-1.56624,0.667913,2.53464,0,0,0,,,
26.748,odom,map,-1.56881,0.673771,2.51511,0,0,0,,,
26.784,odom,map,-1.57153,0.679803,2.49526,0,0,0,,,
26.784,ekf_predict_only,map,-1.58693,0.763803,2.42261,6.46812,5.87378,1.063,,,
26.784,kf,map,-1.66318,0.717056,2.54408,0.0505775,0.0505775,-3.57831e-42,0.064333,,
26.82,odom,map,-1.57431,0.683729,2.4767,0,0,0,,,
26.784,ekf,map,-1.66352,0.717138,2.54594,0.0576001,0.0576699,2.16139e-05,0.163708,,
26.784,pf,map,-1.64674,0.68896,2.56685,0.0479862,0.0473529,0.00169528,8.25092,655.283,0
26.856,odom,map,-1.57698,0.685856,2.45948,0,0,0,,,
26.892,odom,map,-1.5796,0.688029,2.44226,0,0,0,,,
26.928,odom,map,-1.58238,0.690409,2.42475,0,0,0,,,
26.964,odom,map,-1.58529,0.692984,2.40718,0,0,0,,,
27,odom,map,-1.5882,0.695661,2.38959,0,0,0,,,
27,kf,map,-1.68244,0.73093,2.44071,0.0507171,0.0507171,-8.69101e-43,0.104375,,
27,ekf,map,-1.68225,0.730781,2.44245,0.0586338,0.0586918,2.07401e-05,0.057334,,
27,ekf_predict_only,map,-1.60658,0.781002,2.31297,6.58045,5.97842,1.12252,,,
27,pf,map,-1.66801,0.701387,2.45518,0.0495953,0.043959,-0.00323346,10.1698,648.169,0
27.036,odom,map,-1.59125,0.698564,2.37155,0,0,0,,,
27.072,odom,map,-1.59434,0.701622,2.35328,0,0,0,,,
27.108,odom,map,-1.59746,0.704821,2.33493,0,0,0,,,
27.144,odom,map,-1.60057,0.708126,2.31655,0,0,0,,,
27.18,odom,map,-1.6038,0.711686,2.29787,0,0,0,,,
27.216,odom,map,-1.60718,0.715562,2.2788,0,0,0,,,
27.216,ekf_predict_only,map,-1.62751,0.803821,2.19832,6.71519,6.0885,1.19414,,,
27.216,kf,map,-1.70314,0.749893,2.33111,0.050751,0.050751,-2.10797e-43,0.061375,,
27.216,ekf,map,-1.70262,0.749617,2.33264,0.0589938,0.0590387,2.087e-05,0.058416,,
27.201,amcl,map,-1.61908,0.703485,2.3134,0.0311037,0.0421786,0.00923864,,,
27.216,pf,map,-1.68861,0.732741,2.33213,0.0504349,0.0472711,-0.0027817,5.94492,637.7,0
27.252,odom,map,-1.6105,0.719514,2.25969,0,0,0,,,
27.288,odom,map,-1.61381,0.723608,2.24056,0,0,0,,,
27.324,odom,map,-1.61714,0.727901,2.22155,0,0,0,,,
27.36,odom,map,-1.62058,0.732503,2.20254,0,0,0,,,
27.396,odom,map,-1.62395,0.737212,2.18352,0,0,0,,,
27.396,ekf_predict_only,map,-1.64452,0.827276,2.10324,6.85475,6.1888,1.26129,,,
27.396,kf,map,-1.72065,0.770225,2.23841,0.0505858,0.0505858,-5.14716e-44,0.057667,,
27.396,ekf,map,-1.72011,0.769989,2.23938,0.0576823,0.0577116,1.97525e-05,0.058542,,
27.432,odom,map,-1.62787,0.740004,2.16418,0,0,0,,,
27.396,pf,map,-1.71365,0.748847,2.23286,0.0528842,0.0495827,-0.00211322,8.73054,652.648,0
27.468,odom,map,-1.63192,0.742832,2.14496,0,0,0,,,
27.504,odom,map,-1.63601,0.745941,2.12583,0,0,0,,,
27.54,odom,map,-1.64002,0.749154,2.10682,0,0,0,,,
27.576,odom,map,-1.64393,0.752443,2.08784,0,0,0,,,
27.612,ekf_predict_only,map,-1.6657,0.863219,1.99328,7.04686,6.30326,1.35786,,,
27.612,odom,map,-1.64771,0.7568,2.0692,0,0,0,,,
27.612,ekf,map,-1.74239,0.801361,2.12885,0.0586142,0.0586348,2.80782e-05,0.152041,,
27.612,kf,map,-1.74312,0.801668,2.12846,0.0507192,0.0507192,-1.25004e-44,0.059666,,
27.6,amcl,map,-1.65805,0.750344,2.09686,0.0345956,0.0420663,0.0175476,,,
27.612,pf,map,-1.72527,0.767111,2.1208,0.0537819,0.053579,0.00146068,4.63438,633.333,0
27.648,odom,map,-1.65099,0.762974,2.05085,0,0,0,,,
27.684,odom,map,-1.65417,0.769225,2.0325,0,0,0,,,
27.72,odom,map,-1.65724,0.775534,2.01414,0,0,0,,,
27.756,odom,map,-1.66025,0.782023,1.9959,0,0,0,,,
27.792,odom,map,-1.66321,0.788733,1.97785,0,0,0,,,
27.828,odom,map,-1.66607,0.795514,1.95984,0,0,0,,,
27.792,ekf_predict_only,map,-1.68078,0.89677,1.90319,7.2349,6.40043,1.44135,,,
27.792,kf,map,-1.75989,0.832104,2.03774,0.050578,0.050578,-3.05326e-45,0.056,,
27.792,ekf,map,-1.75919,0.831872,2.03781,0.0575837,0.0575905,3.02351e-05,0.108208,,
27.792,pf,map,-1.73834,0.805784,2.02583,0.0520971,0.0455631,-0.00194067,9.04279,635.26,0
27.864,odom,map,-1.66881,0.802378,1.94203,0,0,0,,,
27.9,odom,map,-1.67151,0.809506,1.92479,0,0,0,,,
27.936,odom,map,-1.67428,0.817197,1.90851,0,0,0,,,
27.972,odom,map,-1.67698,0.825079,1.89241,0,0,0,,,
28.008,odom,map,-1.68014,0.833267,1.87769,0,0,0,,,
28.008,ekf,map,-1.7789,0.876442,1.93885,0.0586348,0.0586213,4.33739e-05,0.059333,,
28.008,ekf_predict_only,map,-1.69788,0.9463,1.80857,7.49828,6.50519,1.5575,,,
28.008,kf,map,-1.77982,0.876822,1.93942,0.0507173,0.0507173,-7.41572e-46,0.71375,,
28.008,pf,map,-1.75256,0.854739,1.92634,0.0525721,0.0471744,-0.000493878,5.35733,634.574,0
28.044,odom,map,-1.68507,0.841668,1.86706,0,0,0,,,
28.08,odom,map,-1.69002,0.850234,1.85659,0,0,0,,,
28.116,odom,map,-1.695,0.858997,1.84622,0,0,0,,,
28.152,odom,map,-1.69994,0.867736,1.83585,0,0,0,,,
28.188,odom,map,-1.70492,0.876738,1.82586,0,0,0,,,
28.188,ekf_predict_only,map,-1.70915,0.992832,1.73343,7.75928,6.59206,1.65913,,,
28.224,odom,map,-1.70822,0.885957,1.81269,0,0,0,,,
28.2,amcl,map,-1.72551,0.875652,1.83599,0.0268284,0.0392245,0.0125192,,,
28.188,ekf,map,-1.79299,0.919259,1.86056,0.0576408,0.0576071,4.48595e-05,0.059125,,
28.188,pf,map,-1.78045,0.910476,1.86132,0.0473629,0.0479014,-0.00130233,4.74542,638.984,0
28.188,kf,map,-1.79405,0.920058,1.86198,0.0505776,0.0505776,-1.81135e-46,0.061667,,
28.26,odom,map,-1.71047,0.89541,1.79791,0,0,0,,,
28.296,odom,map,-1.71262,0.905004,1.78328,0,0,0,,,
28.332,odom,map,-1.71465,0.914781,1.76886,0,0,0,,,
28.368,odom,map,-1.71655,0.924621,1.75448,0,0,0,,,
28.404,odom,map,-1.71833,0.934553,1.74038,0,0,0,,,
28.404,ekf_predict_only,map,-1.71903,1.05299,1.65051,8.0974,6.67483,1.78263,,,
28.404,ekf,map,-1.80717,0.976355,1.77373,0.0587195,0.0586449,5.83448e-05,0.0545,,
28.404,kf,map,-1.80824,0.97689,1.77498,0.0507172,0.0507172,-4.3994e-47,0.163542,,
28.404,pf,map,-1.79286,0.96074,1.78243,0.0477536,0.0544115,-0.000365611,7.99579,656.289,0
28.44,odom,map,-1.71984,0.943679,1.72524,0,0,0,,,
28.476,odom,map,-1.7212,0.952842,1.71035,0,0,0,,,
28.512,odom,map,-1.72239,0.962034,1.69559,0,0,0,,,
28.548,odom,map,-1.72342,0.971244,1.68084,0,0,0,,,
28.584,odom,map,-1.72428,0.980359,1.66644,0,0,0,,,
28.584,ekf_predict_only,map,-1.723,1.10275,1.5869,8.39882,6.73816,1.87608,,,
28.584,kf,map,-1.81587,1.0256,1.70744,0.0505775,0.0505775,-1.07459e-47,0.06075,,
28.62,odom,map,-1.72509,0.989898,1.65313,0,0,0,,,
28.584,ekf,map,-1.81496,1.02538,1.70634,0.0577164,0.0576225,5.34106e-05,0.072542,,
28.584,pf,map,-1.78905,1.01017,1.71836,0.0490123,0.0533653,-0.00151804,7.05896,663.846,0
28.656,odom,map,-1.72584,0.999852,1.64041,0,0,0,,,
28.692,odom,map,-1.72648,1.00982,1.62809,0,0,0,,,
28.728,odom,map,-1.72699,1.01979,1.61627,0,0,0,,,
28.764,odom,map,-1.72738,1.02977,1.60445,0,0,0,,,
28.8,odom,map,-1.72766,1.03961,1.59299,0,0,0,,,
28.8,ekf_predict_only,map,-1.72395,1.16164,1.52249,8.76201,6.79135,1.97769,,,
28.8,kf,map,-1.82148,1.08445,1.63679,0.0507171,0.0507171,-2.60996e-48,0.059292,,
28.8,ekf,map,-1.82055,1.08446,1.63534,0.0587947,0.0586529,5.8574e-05,0.059209,,
28.8,amcl,map,-1.74796,1.03794,1.61297,0.0244182,0.0460182,0.0148012,,,
28.8,pf,map,-1.79127,1.06681,1.64245,0.0537964,0.055008,-0.000153978,6.58683,648.472,0
28.836,odom,map,-1.72782,1.04943,1.58204,0,0,0,,,
28.872,odom,map,-1.72788,1.0591,1.57166,0,0,0,,,
28.908,odom,map,-1.72784,1.06869,1.56154,0,0,0,,,
28.944,odom,map,-1.7277,1.07828,1.55141,0,0,0,,,
28.98,odom,map,-1.72748,1.08755,1.54194,0,0,0,,,
29.016,ekf_predict_only,map,-1.72378,1.16517,1.52249,8.83134,6.84078,1.98317,,,
29.016,kf,map,-1.82125,1.11481,1.60426,0.050751,0.050751,-6.33035e-49,0.061666,,
29.016,ekf,map,-1.82038,1.11923,1.59837,0.0591421,0.0590045,4.97052e-05,0.064458,,
29.016,odom,map,-1.72889,1.09562,1.53639,0,0,0,,,
29.016,pf,map,-1.78463,1.12555,1.58411,0.0510658,0.0536363,-0.000561362,14.182,628.322,0
29.052,odom,map,-1.73295,1.10248,1.53571,0,0,0,,,
29.088,odom,map,-1.7371,1.10802,1.53762,0,0,0,,,
29.124,odom,map,-1.74132,1.11224,1.5413,0,0,0,,,
29.16,odom,map,-1.74561,1.11514,1.54502,0,0,0,,,
29.196,odom,map,-1.74995,1.11673,1.54874,0,0,0,,,
29.232,odom,map,-1.75043,1.11704,1.54915,0,0,0,,,
29.196,ekf,map,-1.82051,1.14364,1.57995,0.0577807,0.0576833,3.30344e-05,0.059791,,
29.196,kf,map,-1.82099,1.13845,1.58512,0.0505858,0.0505858,-1.54572e-49,0.057125,,
29.196,ekf_predict_only,map,-1.72378,1.16517,1.52249,8.88134,6.89078,1.98317,,,
29.196,pf,map,-1.80546,1.1225,1.5691,0.0524183,0.0505629,0.00192795,5.94129,629.719,0
29.268,odom,map,-1.75043,1.11704,1.54915,0,0,0,,,
29.304,odom,map,-1.75043,1.11704,1.54915,0,0,0,,,
29.34,odom,map,-1.75043,1.11704,1.54915,0,0,0,,,
29.376,odom,map,-1.75043,1.11704,1.54915,0,0,0,,,
29.412,ekf_predict_only,map,-1.72378,1.16517,1.52249,8.93134,6.94078,1.98317,,,
29.412,kf,map,-1.82087,1.15031,1.57564,0.0507192,0.0507192,-3.75394e-50,0.05625,,
29.412,ekf,map,-1.82064,1.1543,1.57203,0.0586811,0.0586011,2.59588e-05,0.05925,,
29.412,odom,map,-1.75043,1.11704,1.54915,0,0,0,,,
29.412,pf,map,-1.80774,1.12788,1.57595,0.0439539,0.0518643,-0.00135717,4.67704,630.889,0
29.448,odom,map,-1.75043,1.11704,1.54915,0,0,0,,,
29.484,odom,map,-1.75043,1.11704,1.54915,0,0,0,,,
29.52,odom,map,-1.75043,1.11704,1.54915,0,0,0,,,
29.556,odom,map,-1.75042,1.1173,1.54927,0,0,0,,,
29.592,odom,map,-1.75039,1.11867,1.54935,0,0,0,,,
29.628,odom,map,-1.75006,1.1203,1.54932,0,0,0,,,
29.592,ekf_predict_only,map,-1.72332,1.17475,1.52267,9.03403,6.98922,1.99801,,,
29.592,ekf,map,-1.8207,1.16364,1.56899,0.0576113,0.0575593,1.63456e-05,0.060084,,
29.592,kf,map,-1.82082,1.1617,1.57116,0.050578,0.050578,-9.16912e-51,0.11925,,
29.592,pf,map,-1.80417,1.15326,1.56232,0.0499727,0.0424358,-0.00175086,7.82596,628.754,0
29.664,odom,map,-1.74961,1.12206,1.54904,0,0,0,,,
29.7,odom,map,-1.74914,1.1245,1.54838,0,0,0,,,
29.736,odom,map,-1.74866,1.12747,1.54723,0,0,0,,,
29.772,odom,map,-1.74817,1.13058,1.54583,0,0,0,,,
29.808,ekf,map,-1.82065,1.183,1.56061,0.0586273,0.0585843,1.22596e-05,0.059167,,
29.808,odom,map,-1.74776,1.1339,1.54423,0,0,0,,,
29.808,kf,map,-1.82073,1.18245,1.56142,0.0507173,0.0507173,-2.22698e-51,0.056666,,
29.808,ekf_predict_only,map,-1.72224,1.19709,1.51233,9.20883,7.0356,2.03256,,,
29.808,pf,map,-1.7988,1.16361,1.55655,0.0506494,0.0507266,-0.000284851,14.4456,669.534,0
29.844,odom,map,-1.74765,1.1378,1.54214,0,0,0,,,
29.88,odom,map,-1.74753,1.14189,1.53932,0,0,0,,,
29.916,odom,map,-1.74739,1.146,1.53629,0,0,0,,,
29.952,odom,map,-1.74724,1.15017,1.53305,0,0,0,,,
29.988,odom,map,-1.74708,1.15439,1.52929,0,0,0,,,
30.024,odom,map,-1.74691,1.15827,1.5243,0,0,0,,,
29.988,ekf,map,-1.82043,1.20108,1.54093,0.0576062,0.0575747,7.49725e-06,0.0585,,
29.988,kf,map,-1.82044,1.20075,1.54032,0.0505776,0.0505776,-5.43958e-52,0.143292,,
29.988,ekf_predict_only,map,-1.72121,1.21474,1.48434,9.35923,7.08213,2.05923,,,
29.988,pf,map,-1.81189,1.19777,1.55526,0.0519467,0.052049,0.000292029,13.0063,649.543,0
30.06,odom,map,-1.74674,1.16162,1.51846,0,0,0,,,
30.096,odom,map,-1.74658,1.16459,1.5123,0,0,0,,,
30.132,odom,map,-1.7464,1.16744,1.50546,0,0,0,,,
30.168,odom,map,-1.74621,1.17015,1.49758,0,0,0,,,
30.204,odom,map,-1.74601,1.17275,1.48865,0,0,0,,,
30.204,ekf,map,-1.81982,1.21843,1.49766,0.0586405,0.0586099,5.42879e-06,0.063542,,
30.204,ekf_predict_only,map,-1.71987,1.23018,1.42868,9.49841,7.12765,2.08123,,,
30.204,kf,map,-1.81977,1.21802,1.49569,0.0507172,0.0507172,-1.32116e-52,0.057083,,
30.204,pf,map,-1.81303,1.2014,1.50779,0.0496859,0.0498687,0.00199101,6.20338,651.907,0
30.24,odom,map,-1.74579,1.17531,1.47903,0,0,0,,,
30.276,odom,map,-1.74554,1.17785,1.4688,0,0,0,,,
30.312,odom,map,-1.74526,1.18043,1.4581,0,0,0,,,
30.348,odom,map,-1.74494,1.18312,1.44606,0,0,0,,,
30.384,odom,map,-1.74456,1.18603,1.43352,0,0,0,,,
30.42,odom,map,-1.74412,1.18905,1.42078,0,0,0,,,
30.384,ekf_predict_only,map,-1.71771,1.24528,1.365,9.63684,7.17043,2.10013,,,
30.384,kf,map,-1.81849,1.23314,1.44176,0.0505775,0.0505775,-3.22705e-53,0.058333,,
30.384,ekf,map,-1.81856,1.23331,1.44394,0.0576194,0.0575949,3.10263e-06,0.072959,,
30.384,pf,map,-1.80228,1.22919,1.45465,0.0471239,0.0494904,-0.00429215,6.30546,645.35,0
30.456,odom,map,-1.74362,1.19224,1.40758,0,0,0,,,
30.492,odom,map,-1.74304,1.19561,1.39373,0,0,0,,,
30.528,odom,map,-1.74241,1.19901,1.3797,0,0,0,,,
30.564,odom,map,-1.7417,1.20251,1.36531,0,0,0,,,
30.6,odom,map,-1.74091,1.20618,1.35053,0,0,0,,,
30.6,ekf_predict_only,map,-1.71278,1.26887,1.27364,9.82734,7.20408,2.12463,,,
30.6,kf,map,-1.81523,1.25512,1.35948,0.0507171,0.0507171,-7.83785e-54,0.055792,,
30.6,ekf,map,-1.81532,1.2549,1.3618,0.0586548,0.0586274,1.56182e-06,0.053875,,
30.6,amcl,map,-1.74519,1.22371,1.35177,0.0279593,0.0499632,0.0175837,,,
30.6,pf,map,-1.78047,1.25608,1.38106,0.045154,0.0525136,-0.0066046,5.11212,637.445,0
30.636,odom,map,-1.74001,1.21006,1.33536,0,0,0,,,
30.672,odom,map,-1.73904,1.21395,1.32013,0,0,0,,,
30.708,odom,map,-1.73799,1.21795,1.30479,0,0,0,,,
30.744,odom,map,-1.73682,1.22211,1.28919,0,0,0,,,
30.78,odom,map,-1.73553,1.22645,1.2734,0,0,0,,,
30.816,odom,map,-1.73413,1.23089,1.25754,0,0,0,,,
30.816,ekf,map,-1.80908,1.2799,1.27171,0.0590155,0.058985,-6.1661e-07,0.060875,,
30.816,kf,map,-1.80902,1.28035,1.26986,0.050751,0.050751,-1.90104e-54,0.127708,,
30.816,ekf_predict_only,map,-1.70453,1.29583,1.17841,10.0416,7.22695,2.14377,,,
30.816,pf,map,-1.77984,1.27511,1.28355,0.0450069,0.0500541,-0.00257509,6.39546,634.625,0
30.852,odom,map,-1.73264,1.23535,1.24167,0,0,0,,,
30.888,odom,map,-1.73102,1.23997,1.22575,0,0,0,,,
30.924,odom,map,-1.72921,1.2449,1.20968,0,0,0,,,
30.96,odom,map,-1.72723,1.25001,1.19364,0,0,0,,,
30.996,odom,map,-1.72515,1.25513,1.17761,0,0,0,,,
31.032,odom,map,-1.72295,1.26033,1.16165,0,0,0,,,
30.996,ekf_predict_only,map,-1.69351,1.32245,1.09885,10.2578,7.24131,2.15245,,,
30.996,kf,map,-1.80033,1.30515,1.19286,0.0505858,0.0505858,-4.64189e-55,0.057042,,
30.996,ekf,map,-1.80037,1.30458,1.194,0.057702,0.0576715,-3.20478e-06,0.108333,,
30.996,pf,map,-1.77173,1.29949,1.19604,0.0519512,0.0502593,-0.00323365,10.8489,636.708,0
31.068,odom,map,-1.72055,1.26573,1.14581,0,0,0,,,
31.104,odom,map,-1.71795,1.27135,1.13006,0,0,0,,,
31.14,odom,map,-1.7152,1.27709,1.1145,0,0,0,,,
31.176,odom,map,-1.71232,1.28282,1.09899,0,0,0,,,
31.212,odom,map,-1.70927,1.2887,1.08352,0,0,0,,,
31.212,ekf_predict_only,map,-1.67502,1.35868,1.00614,10.54,7.233,2.1503,,,
31.212,ekf,map,-1.78511,1.33884,1.10128,0.0586381,0.0585944,-9.4705e-06,0.062375,,
31.212,kf,map,-1.78511,1.33959,1.10073,0.0507192,0.0507192,-1.12733e-55,0.057208,,
31.2,amcl,map,-1.71533,1.31985,1.08334,0.0264172,0.0460786,0.0213877,,,
31.212,pf,map,-1.75551,1.32782,1.10388,0.0469439,0.0542894,0.00170768,5.02871,648.59,0
31.248,odom,map,-1.70596,1.29483,1.06815,0,0,0,,,
31.284,odom,map,-1.70245,1.3011,1.05302,0,0,0,,,
31.32,odom,map,-1.69884,1.30733,1.03794,0,0,0,,,
31.356,odom,map,-1.69501,1.31371,1.0232,0,0,0,,,
31.392,odom,map,-1.69101,1.32017,1.0086,0,0,0,,,
31.428,odom,map,-1.68742,1.32898,0.994225,0,0,0,,,
31.392,ekf,map,-1.76705,1.37091,1.02762,0.057606,0.057559,-1.53123e-05,0.108584,,
31.392,kf,map,-1.76705,1.37174,1.02756,0.050578,0.050578,-2.75354e-56,0.06075,,
31.392,ekf_predict_only,map,-1.65349,1.39266,0.934201,10.8144,7.21751,2.13092,,,
31.392,pf,map,-1.75226,1.35377,1.0281,0.053671,0.0541153,-0.00145441,11.3399,635.706,0
31.464,odom,map,-1.68385,1.33881,0.980023,0,0,0,,,
31.5,odom,map,-1.68006,1.34877,0.966165,0,0,0,,,
31.536,odom,map,-1.67599,1.35892,0.952847,0,0,0,,,
31.572,odom,map,-1.6718,1.36907,0.939623,0,0,0,,,
31.608,odom,map,-1.66723,1.37857,0.925896,0,0,0,,,
31.608,kf,map,-1.73958,1.41334,0.941355,0.0507173,0.0507173,-6.68776e-57,0.059458,,
31.608,ekf_predict_only,map,-1.62178,1.43555,0.846895,11.1569,7.17572,2.08489,,,
31.608,ekf,map,-1.73962,1.41237,0.94153,0.0586584,0.0585937,-3.05712e-05,0.110584,,
31.608,pf,map,-1.74259,1.39803,0.952393,0.0461219,0.0518834,-0.00230995,15.4986,631.812,0
31.644,odom,map,-1.66174,1.38576,0.911148,0,0,0,,,
31.68,odom,map,-1.6559,1.39318,0.896101,0,0,0,,,
31.716,odom,map,-1.64982,1.40066,0.880987,0,0,0,,,
31.752,odom,map,-1.64351,1.40819,0.865804,0,0,0,,,
31.788,odom,map,-1.63686,1.41589,0.850696,0,0,0,,,
31.824,odom,map,-1.63006,1.42352,0.835629,0,0,0,,,
31.788,ekf_predict_only,map,-1.58792,1.47386,0.771564,11.4768,7.13393,2.0175,,,
31.788,kf,map,-1.70971,1.45089,0.866631,0.0505776,0.0505776,-1.63354e-57,0.104208,,
31.788,ekf,map,-1.70977,1.44997,0.866771,0.0576564,0.0575932,-4.01157e-05,0.090792,,
31.8,amcl,map,-1.63912,1.4294,0.849058,0.0288726,0.0393674,0.0196486,,,
31.788,pf,map,-1.71216,1.44784,0.877736,0.0462464,0.0515367,0.000469476,4.79846,637.517,0
31.86,odom,map,-1.62307,1.43114,0.820686,0,0,0,,,
31.896,odom,map,-1.61582,1.4388,0.806024,0,0,0,,,
31.932,odom,map,-1.60832,1.4465,0.791537,0,0,0,,,
31.968,odom,map,-1.60068,1.45413,0.777068,0,0,0,,,
32.004,odom,map,-1.59284,1.46187,0.762553,0,0,0,,,
32.004,ekf,map,-1.66688,1.49637,0.779521,0.0587243,0.0586503,-6.71247e-05,0.056167,,
32.004,ekf_predict_only,map,-1.54077,1.51972,0.684912,11.8609,7.06697,1.90266,,,
32.004,kf,map,-1.6669,1.49734,0.779558,0.0507172,0.0507172,-3.96753e-58,0.057916,,
32.004,pf,map,-1.66139,1.48198,0.777218,0.0521015,0.051791,-0.00170706,6.91033,646.592,0
32.04,odom,map,-1.58471,1.47214,0.747064,0,0,0,,,
32.076,odom,map,-1.57645,1.48227,0.731771,0,0,0,,,
32.112,odom,map,-1.56808,1.49225,0.716764,0,0,0,,,
32.148,odom,map,-1.55959,1.50209,0.701775,0,0,0,,,
32.184,odom,map,-1.55113,1.51168,0.686947,0,0,0,,,
32.184,ekf_predict_only,map,-1.49931,1.55359,0.61844,12.1653,7.0246,1.78464,,,
32.184,kf,map,-1.62746,1.53301,0.711279,0.0505775,0.0505775,-9.69101e-59,0.056291,,
32.184,ekf,map,-1.62723,1.53229,0.710988,0.0577063,0.0576472,-7.45607e-05,0.598541,,
32.22,odom,map,-1.54271,1.51961,0.67296,0,0,0,,,
32.184,pf,map,-1.60444,1.51943,0.69751,0.0509842,0.0466813,-0.00512881,9.70854,638.557,0
32.256,odom,map,-1.53435,1.52619,0.659678,0,0,0,,,
32.292,odom,map,-1.52594,1.53262,0.646409,0,0,0,,,
32.328,odom,map,-1.51752,1.53888,0.633217,0,0,0,,,
32.364,odom,map,-1.5092,1.5449,0.620185,0,0,0,,,
32.4,odom,map,-1.50093,1.55074,0.6072,0,0,0,,,
32.4,ekf_predict_only,map,-1.45016,1.58856,0.540592,12.485,6.97795,1.62953,,,
32.4,kf,map,-1.57928,1.57124,0.631841,0.0507171,0.0507171,-2.35375e-59,0.077709,,
32.4,ekf,map,-1.57876,1.57073,0.631445,0.0587587,0.0587091,-0.000100673,0.057958,,
32.4,amcl,map,-1.51264,1.54939,0.616979,0.0344578,0.035449,0.0213037,,,
32.4,pf,map,-1.55109,1.56132,0.608329,0.0478418,0.047776,-0.00423928,4.35337,643.831,0
32.436,odom,map,-1.49263,1.55642,0.594226,0,0,0,,,
32.472,odom,map,-1.48438,1.56192,0.581425,0,0,0,,,
32.508,odom,map,-1.4762,1.56722,0.568771,0,0,0,,,
32.544,odom,map,-1.46816,1.57229,0.556339,0,0,0,,,
32.58,odom,map,-1.46024,1.57715,0.544207,0,0,0,,,
32.616,odom,map,-1.45278,1.58171,0.532935,0,0,0,,,
32.616,ekf_predict_only,map,-1.40289,1.61693,0.468741,12.759,6.94825,1.46686,,,
32.616,ekf,map,-1.53113,1.60269,0.557054,0.0591132,0.0590853,-0.000109942,0.055042,,
32.616,kf,map,-1.53187,1.60307,0.557624,0.050751,0.050751,-5.70893e-60,0.064041,,
32.616,pf,map,-1.50228,1.59588,0.538036,0.0480837,0.0471165,-0.00395965,5.17033,644.783,0
32.652,odom,map,-1.4461,1.58586,0.52285,0,0,0,,,
32.688,odom,map,-1.43973,1.58975,0.512897,0,0,0,,,
32.724,odom,map,-1.43356,1.59344,0.503094,0,0,0,,,
32.76,odom,map,-1.42752,1.59697,0.493413,0,0,0,,,
32.796,odom,map,-1.42148,1.60043,0.483748,0,0,0,,,
32.832,odom,map,-1.41453,1.60406,0.472659,0,0,0,,,
32.796,ekf_predict_only,map,-1.36767,1.63477,0.412618,12.9522,6.94738,1.33832,,,
32.796,kf,map,-1.49538,1.62379,0.499272,0.0505858,0.0505858,-1.39399e-60,0.056375,,
32.796,ekf,map,-1.49462,1.62356,0.498705,0.0577695,0.0577643,-9.25215e-05,0.061667,,
32.796,pf,map,-1.47265,1.63765,0.48429,0.0514407,0.0496861,-5.15909e-05,9.05767,658.446,0
32.868,odom,map,-1.40769,1.60751,0.46153,0,0,0,,,
32.904,odom,map,-1.40115,1.61072,0.450665,0,0,0,,,
32.94,odom,map,-1.39483,1.61374,0.440096,0,0,0,,,
32.976,odom,map,-1.38874,1.61657,0.429725,0,0,0,,,
33.012,ekf_predict_only,map,-1.35548,1.64011,0.384952,13.0455,6.98147,1.29243,,,
33.012,kf,map,-1.46854,1.63669,0.451862,0.0507192,0.0507192,-3.38544e-61,0.056708,,
33.012,ekf,map,-1.46573,1.63738,0.448555,0.0586803,0.0586887,-8.922e-05,0.108084,,
33.012,odom,map,-1.3827,1.6193,0.419534,0,0,0,,,
33.012,pf,map,-1.41754,1.65434,0.419942,0.0502707,0.0545321,0.000954781,5.58546,655.557,0
33.048,odom,map,-1.37759,1.62155,0.411431,0,0,0,,,
33.084,odom,map,-1.37365,1.62326,0.40592,0,0,0,,,
33.12,odom,map,-1.3709,1.62444,0.403001,0,0,0,,,
33.156,odom,map,-1.36934,1.6251,0.402495,0,0,0,,,
33.192,odom,map,-1.36895,1.62527,0.402495,0,0,0,,,
33.228,odom,map,-1.36973,1.62544,0.402473,0,0,0,,,
33.192,ekf_predict_only,map,-1.35548,1.64011,0.384952,13.0955,7.03147,1.29243,,,
33.192,kf,map,-1.45418,1.64301,0.433542,0.050578,0.050578,-8.26903e-62,0.059791,,
33.192,ekf,map,-1.45096,1.6441,0.429611,0.0576136,0.0576238,-6.25105e-05,0.107875,,
33.201,amcl,map,-1.38006,1.62588,0.410438,0.0362231,0.0276482,0.0182436,,,
33.192,pf,map,-1.40977,1.65046,0.395133,0.0471686,0.0567128,0.000660419,5.72329,639.096,0
33.264,odom,map,-1.37081,1.62569,0.402441,0,0,0,,,
33.3,odom,map,-1.37188,1.62593,0.40241,0,0,0,,,
33.336,odom,map,-1.37266,1.6263,0.402319,0,0,0,,,
33.372,odom,map,-1.37264,1.62702,0.40193,0,0,0,,,
33.408,odom,map,-1.3716,1.628,0.401006,0,0,0,,,
33.408,kf,map,-1.4374,1.65057,0.420305,0.0507173,0.0507173,-2.00837e-62,0.05775,,
33.408,ekf_predict_only,map,-1.33888,1.64683,0.37787,13.2002,7.06126,1.22903,,,
33.408,ekf,map,-1.43597,1.65099,0.417723,0.0586281,0.0586405,-5.17963e-05,0.105958,,
33.408,pf,map,-1.42126,1.64474,0.41137,0.0523857,0.0523122,0.000617659,7.53592,641.772,0
33.444,odom,map,-1.36893,1.62913,0.399826,0,0,0,,,
33.48,odom,map,-1.36589,1.63042,0.398323,0,0,0,,,
33.516,odom,map,-1.36209,1.63201,0.396102,0,0,0,,,
33.552,odom,map,-1.35742,1.63395,0.391483,0,0,0,,,
33.588,odom,map,-1.35264,1.63591,0.38583,0,0,0,,,
33.624,odom,map,-1.34746,1.63799,0.379493,0,0,0,,,
33.588,ekf,map,-1.41367,1.66086,0.392402,0.0576037,0.0576174,-3.59736e-05,0.059166,,
33.588,kf,map,-1.41364,1.66096,0.392568,0.0505776,0.0505776,-4.9056e-63,0.130042,,
33.588,ekf_predict_only,map,-1.31013,1.65824,0.3434,13.3436,7.0802,1.11746,,,
33.588,pf,map,-1.40164,1.65777,0.394114,0.0516676,0.0514286,-0.000513892,9.76863,633.636,0
33.66,odom,map,-1.34134,1.64041,0.372182,0,0,0,,,
33.696,odom,map,-1.33443,1.64308,0.364449,0,0,0,,,
33.732,odom,map,-1.327,1.64588,0.356592,0,0,0,,,
33.768,odom,map,-1.31917,1.64875,0.348257,0,0,0,,,
33.804,odom,map,-1.31048,1.65187,0.339504,0,0,0,,,
33.804,ekf_predict_only,map,-1.25054,1.67955,0.288465,13.5703,7.08192,0.879049,,,
33.804,kf,map,-1.36578,1.68016,0.345336,0.0507172,0.0507172,-1.19147e-63,0.0595,,
33.804,ekf,map,-1.36749,1.67948,0.346457,0.058637,0.0586706,-3.92517e-05,0.059583,,
33.804,pf,map,-1.36589,1.66058,0.347573,0.0472385,0.0513804,-0.00241971,4.59488,645.992,0
33.84,odom,map,-1.30087,1.65521,0.330465,0,0,0,,,
33.876,odom,map,-1.29087,1.65859,0.321309,0,0,0,,,
33.912,odom,map,-1.28047,1.662,0.312068,0,0,0,,,
33.948,odom,map,-1.26927,1.66555,0.302752,0,0,0,,,
33.984,odom,map,-1.25755,1.66916,0.293412,0,0,0,,,
33.984,ekf_predict_only,map,-1.18818,1.69806,0.240804,13.776,7.10486,0.620766,,,
33.984,kf,map,-1.31409,1.69768,0.302255,0.0505775,0.0505775,-2.91027e-64,0.061625,,
33.984,ekf,map,-1.31618,1.69689,0.303352,0.0576188,0.0576793,-4.25867e-05,0.060667,,
34.02,odom,map,-1.24604,1.67277,0.284751,0,0,0,,,
33.984,pf,map,-1.32073,1.69065,0.300536,0.0527572,0.0529158,0.000113323,9.78667,650.844,0
34.056,odom,map,-1.23415,1.67656,0.276799,0,0,0,,,
34.092,odom,map,-1.22153,1.68047,0.268956,0,0,0,,,
34.128,odom,map,-1.2084,1.68441,0.261086,0,0,0,,,
34.164,odom,map,-1.19504,1.68831,0.253172,0,0,0,,,
34.2,odom,map,-1.1812,1.69223,0.245337,0,0,0,,,
34.2,ekf_predict_only,map,-1.09443,1.72108,0.184315,14.0226,7.15969,0.219753,,,
34.2,kf,map,-1.23194,1.72142,0.248207,0.0507171,0.0507171,-7.06845e-65,0.058583,,
34.2,ekf,map,-1.2344,1.72042,0.249011,0.0586587,0.0588003,-7.03995e-05,0.0555,,
34.2,pf,map,-1.24395,1.69833,0.247922,0.0500839,0.0564179,-0.0020516,6.05308,648.356,0
34.236,odom,map,-1.1658,1.69602,0.235984,0,0,0,,,
34.272,odom,map,-1.15013,1.69971,0.226569,0,0,0,,,
34.308,odom,map,-1.1342,1.7033,0.217256,0,0,0,,,
34.344,odom,map,-1.11801,1.7068,0.208142,0,0,0,,,
34.38,odom,map,-1.10179,1.71015,0.199339,0,0,0,,,
34.416,odom,map,-1.08555,1.71336,0.190601,0,0,0,,,
34.416,kf,map,-1.13875,1.7425,0.195762,0.050751,0.050751,-1.71443e-65,0.062458,,
34.416,ekf,map,-1.14099,1.74138,0.196055,0.0590211,0.0592603,-9.6314e-05,0.166458,,
34.416,ekf_predict_only,map,-0.992251,1.74013,0.131827,14.2378,7.27767,-0.229699,,,
34.401,amcl,map,-1.11557,1.6948,0.204291,0.0480774,0.0258207,0.0146193,,,
34.416,pf,map,-1.14509,1.75002,0.190447,0.0476036,0.0513993,-0.00542309,9.54542,614.412,0
34.452,odom,map,-1.06927,1.71642,0.181853,0,0,0,,,
34.488,odom,map,-1.05297,1.71935,0.173351,0,0,0,,,
34.524,odom,map,-1.03665,1.72214,0.165231,0,0,0,,,
34.56,odom,map,-1.02031,1.7248,0.157305,0,0,0,,,
34.596,odom,map,-1.00394,1.72733,0.149431,0,0,0,,,
34.632,odom,map,-0.987556,1.72973,0.141943,0,0,0,,,
34.596,ekf,map,-1.06013,1.75501,0.15724,0.0577029,0.0579884,-9.72346e-05,0.131834,,
34.596,kf,map,-1.05905,1.75596,0.158658,0.0505858,0.0505858,-4.18622e-66,0.056666,,
34.596,pf,map,-1.04666,1.76608,0.146443,0.0520971,0.0489191,-0.00404972,8.09367,646.122,0
34.596,ekf_predict_only,map,-0.904504,1.75176,0.0966419,14.3899,7.43866,-0.621852,,,
34.668,odom,map,-0.971155,1.73202,0.135291,0,0,0,,,
34.704,odom,map,-0.954739,1.7342,0.128922,0,0,0,,,
34.74,odom,map,-0.93831,1.73628,0.122819,0,0,0,,,
34.776,odom,map,-0.921869,1.73826,0.116737,0,0,0,,,
34.812,ekf_predict_only,map,-0.803339,1.76157,0.0647293,14.5266,7.67746,-1.07809,,,
34.812,kf,map,-0.962444,1.76892,0.121375,0.0507192,0.0507192,-1.01667e-66,0.089375,,
34.812,ekf,map,-0.963427,1.76776,0.119918,0.058626,0.0590488,-0.000120006,0.089333,,
34.812,odom,map,-0.905416,1.74014,0.110954,0,0,0,,,
34.812,pf,map,-0.940319,1.78702,0.106549,0.047627,0.0478809,-0.00100762,5.27171,651.711,0
34.848,odom,map,-0.888953,1.74193,0.105993,0,0,0,,,
34.884,odom,map,-0.872482,1.74364,0.101401,0,0,0,,,
34.92,odom,map,-0.856003,1.74528,0.0968969,0,0,0,,,
34.956,odom,map,-0.839517,1.74685,0.0925221,0,0,0,,,
34.992,odom,map,-0.823029,1.74834,0.0885006,0,0,0,,,
35.028,odom,map,-0.806563,1.74977,0.0850875,0,0,0,,,
34.992,ekf_predict_only,map,-0.720951,1.76691,0.048958,14.624,7.9297,-1.45074,,,
34.992,kf,map,-0.882142,1.7767,0.099584,0.050578,0.050578,-2.48324e-67,0.058583,,
34.992,ekf,map,-0.88275,1.77564,0.0981145,0.0575804,0.0580096,-0.000104822,0.056667,,
35.001,amcl,map,-0.8697,1.73202,0.110203,0.0563522,0.0259421,0.0118413,,,
34.992,pf,map,-0.853823,1.77613,0.0813441,0.0527984,0.0488259,0.000178547,6.22642,647.135,0
35.064,odom,map,-0.790108,1.75115,0.0819333,0,0,0,,,
35.1,odom,map,-0.773692,1.75247,0.0790029,0,0,0,,,
35.136,odom,map,-0.757403,1.75374,0.0764996,0,0,0,,,
35.172,odom,map,-0.741308,1.75496,0.074375,0,0,0,,,
35.208,odom,map,-0.72625,1.7556,0.0727876,0,0,0,,,
35.208,ekf_predict_only,map,-0.626187,1.77156,0.0396756,14.7154,8.26661,-1.8804,,,
35.208,ekf,map,-0.786981,1.78346,0.0822288,0.0586049,0.0591435,-0.000110293,0.057,,
35.208,kf,map,-0.786894,1.78446,0.0838543,0.0507173,0.0507173,-6.03126e-68,0.0735,,
35.208,pf,map,-0.753773,1.78101,0.0730712,0.0518061,0.0506,-0.000447523,9.02992,648.845,0
35.244,odom,map,-0.714651,1.75436,0.0729109,0,0,0,,,
35.28,odom,map,-0.7033,1.75313,0.0735488,0,0,0,,,
35.316,odom,map,-0.692269,1.75191,0.0747771,0,0,0,,,
35.352,odom,map,-0.681485,1.75071,0.0763795,0,0,0,,,
35.388,odom,map,-0.670825,1.74955,0.0781791,0,0,0,,,
35.424,odom,map,-0.657653,1.74988,0.0791639,0,0,0,,,
35.388,kf,map,-0.711759,1.78957,0.0802494,0.0505776,0.0505776,-1.47318e-68,0.100166,,
35.388,ekf,map,-0.711438,1.78875,0.0786666,0.0575897,0.0580773,-8.65384e-05,0.112583,,
35.388,ekf_predict_only,map,-0.553276,1.77445,0.0424849,14.7913,8.57715,-2.21162,,,
35.388,pf,map,-0.682091,1.78776,0.0731103,0.0489871,0.0552432,-0.000840483,5.30262,645.874,0
35.46,odom,map,-0.643197,1.75104,0.0799284,0,0,0,,,
35.496,odom,map,-0.628849,1.75219,0.080936,0,0,0,,,
35.532,odom,map,-0.614592,1.75336,0.0820809,0,0,0,,,
35.568,odom,map,-0.600622,1.75452,0.0838288,0,0,0,,,
35.604,odom,map,-0.586915,1.75568,0.0860279,0,0,0,,,
35.604,ekf_predict_only,map,-0.472657,1.77788,0.0579928,14.8721,8.95588,-2.57998,,,
35.604,kf,map,-0.627564,1.79558,0.0883643,0.0507172,0.0507172,-3.57806e-69,0.112875,,
35.604,ekf,map,-0.626823,1.79488,0.0865607,0.0586231,0.0591694,-8.28321e-05,0.062125,,
35.601,amcl,map,-0.627697,1.74217,0.0877205,0.0602697,0.0244475,0.0100223,,,
35.604,pf,map,-0.606241,1.78389,0.0815604,0.0422649,0.0508017,-2.47232e-05,6.78525,643.771,0
35.64,odom,map,-0.573456,1.75686,0.0885424,0,0,0,,,
35.676,odom,map,-0.560062,1.75807,0.091127,0,0,0,,,
35.712,odom,map,-0.546772,1.7593,0.0939239,0,0,0,,,
35.748,odom,map,-0.533717,1.76055,0.0963963,0,0,0,,,
35.784,odom,map,-0.520886,1.7618,0.0979647,0,0,0,,,
35.82,odom,map,-0.51087,1.76327,0.100479,0,0,0,,,
35.784,ekf_predict_only,map,-0.408725,1.78159,0.0643442,14.9554,9.29711,-2.87576,,,
35.784,kf,map,-0.560777,1.80108,0.0939073,0.0505775,0.0505775,-8.73969e-70,0.060208,,
35.784,ekf,map,-0.560043,1.80072,0.0930312,0.0576041,0.0580645,-6.22633e-05,0.05525,,
35.784,pf,map,-0.531676,1.78653,0.0875137,0.0503792,0.0454527,0.0030158,4.96087,658.233,0
35.856,odom,map,-0.503089,1.76496,0.103801,0,0,0,,,
35.892,odom,map,-0.495465,1.7667,0.106536,0,0,0,,,
35.928,odom,map,-0.488039,1.76845,0.108881,0,0,0,,,
35.964,odom,map,-0.480832,1.77023,0.111104,0,0,0,,,
36,odom,map,-0.473752,1.77204,0.113287,0,0,0,,,
36,ekf_predict_only,map,-0.337225,1.7862,0.0628817,15.047,9.7051,-3.20962,,,
36,kf,map,-0.485753,1.80799,0.0947986,0.0507171,0.0507171,-2.1227e-70,0.058875,,
36,ekf,map,-0.485041,1.80788,0.094629,0.0586353,0.0591226,-5.91481e-05,0.790958,,
36,pf,map,-0.454617,1.80477,0.105157,0.0491648,0.0425729,-2.9268e-05,6.20842,657.369,0
36.036,odom,map,-0.461946,1.77342,0.113183,0,0,0,,,
36.072,odom,map,-0.450199,1.77475,0.112821,0,0,0,,,
36.108,odom,map,-0.438534,1.77607,0.112311,0,0,0,,,
36.144,odom,map,-0.42692,1.77737,0.111637,0,0,0,,,
36.18,odom,map,-0.415285,1.77867,0.111029,0,0,0,,,
36.216,odom,map,-0.403808,1.77995,0.110166,0,0,0,,,
36.216,ekf,map,-0.414428,1.81466,0.0911728,0.0589911,0.0594497,-5.17342e-05,0.066125,,
36.216,ekf_predict_only,map,-0.2685,1.79052,0.057069,15.1361,10.1316,-3.53232,,,
36.216,kf,map,-0.415063,1.81463,0.0909281,0.050751,0.050751,-5.14852e-71,0.058375,,
36.216,pf,map,-0.384384,1.81811,0.0846738,0.0506004,0.055078,-0.000590457,6.97817,636.287,0
36.252,odom,map,-0.392499,1.7812,0.109197,0,0,0,,,
36.288,odom,map,-0.381395,1.78241,0.108262,0,0,0,,,
36.324,odom,map,-0.370339,1.7836,0.107337,0,0,0,,,
36.36,odom,map,-0.359368,1.78478,0.106335,0,0,0,,,
36.396,odom,map,-0.348688,1.78591,0.105181,0,0,0,,,
36.432,odom,map,-0.340121,1.78427,0.102207,0,0,0,,,
36.396,ekf,map,-0.359827,1.81965,0.0863853,0.0576752,0.0580334,-3.85173e-05,0.05825,,
36.396,ekf_predict_only,map,-0.216557,1.79349,0.05032,15.213,10.4873,-3.77663,,,
36.396,kf,map,-0.360479,1.81956,0.0860245,0.0505858,0.0505858,-1.25714e-71,0.059833,,
36.402,amcl,map,-0.373,1.76369,0.112762,0.0626392,0.0223603,0.00542072,,,
36.396,pf,map,-0.33602,1.82378,0.0813062,0.0547254,0.0513258,-0.00256078,7.89883,634.129,0
36.468,odom,map,-0.331889,1.78221,0.0989529,0,0,0,,,
36.504,odom,map,-0.323769,1.78008,0.0957589,0,0,0,,,
36.54,odom,map,-0.315836,1.77786,0.0924652,0,0,0,,,
36.576,odom,map,-0.308065,1.77558,0.0890917,0,0,0,,,
36.612,odom,map,-0.299787,1.7742,0.086167,0,0,0,,,
36.612,ekf_predict_only,map,-0.158054,1.79644,0.040546,15.2898,10.9036,-4.05178,,,
36.612,kf,map,-0.299488,1.82474,0.07787,0.0507192,0.0507192,-3.0531e-72,0.055833,,
36.612,ekf,map,-0.298813,1.82484,0.0782688,0.0585956,0.0589564,-3.70444e-05,0.106375,,
36.612,pf,map,-0.27963,1.81936,0.0810453,0.0543686,0.0503618,-0.00162734,18.0375,631.221,0
36.648,odom,map,-0.290553,1.775,0.0854493,0,0,0,,,
36.684,odom,map,-0.282601,1.77568,0.0854493,0,0,0,,,
36.72,odom,map,-0.275941,1.77625,0.0854493,0,0,0,,,
36.756,odom,map,-0.270571,1.77671,0.0854493,0,0,0,,,
36.792,odom,map,-0.266493,1.77706,0.0854493,0,0,0,,,
36.792,ekf_predict_only,map,-0.158054,1.79644,0.040546,15.3398,10.9536,-4.05178,,,
36.792,ekf,map,-0.278558,1.82637,0.0785311,0.0575562,0.0578171,-2.62509e-05,0.134791,,
36.828,odom,map,-0.263707,1.7773,0.0854493,0,0,0,,,
36.792,kf,map,-0.281346,1.82614,0.078303,0.050578,0.050578,-7.4573e-73,0.105042,,
36.792,pf,map,-0.243961,1.81534,0.0759948,0.0491995,0.0518582,0.00149701,11.4492,646.751,0
36.864,odom,map,-0.262211,1.77742,0.0854493,0,0,0,,,
36.9,odom,map,-0.261931,1.77745,0.0854493,0,0,0,,,
36.936,odom,map,-0.261931,1.77745,0.0854493,0,0,0,,,
36.972,odom,map,-0.261931,1.77745,0.0854493,0,0,0,,,
37.008,odom,map,-0.261931,1.77745,0.0854493,0,0,0,,,
37.008,ekf_predict_only,map,-0.158054,1.79644,0.040546,15.3898,11.0036,-4.05178,,,
37.008,kf,map,-0.270041,1.82701,0.0785175,0.0507173,0.0507173,-1.81122e-73,0.065,,
37.008,ekf,map,-0.267133,1.82725,0.0786453,0.0585822,0.0588,-2.16197e-05,0.053833,,
37.008,pf,map,-0.250651,1.80628,0.0780048,0.0556875,0.0504293,0.00416392,11.8298,642.883,0
37.044,odom,map,-0.261931,1.77745,0.0854493,0,0,0,,,
37.08,odom,map,-0.261931,1.77745,0.0854493,0,0,0,,,
37.116,odom,map,-0.261438,1.77749,0.0852969,0,0,0,,,
37.152,odom,map,-0.259893,1.77762,0.0852269,0,0,0,,,
37.188,odom,map,-0.257242,1.77785,0.0852374,0,0,0,,,
37.188,ekf_predict_only,map,-0.138083,1.79725,0.0440324,15.4472,11.1841,-4.14533,,,
37.188,kf,map,-0.252264,1.82841,0.0802389,0.0505776,0.0505776,-4.42404e-74,0.057959,,
37.188,ekf,map,-0.251327,1.82848,0.080049,0.0575735,0.0577173,-1.41397e-05,0.061875,,
37.224,odom,map,-0.255728,1.77779,0.0876932,0,0,0,,,
37.188,pf,map,-0.231219,1.81706,0.0815559,0.0503381,0.0509455,0.00262943,13.6552,633.442,0
37.26,odom,map,-0.25394,1.77765,0.0915159,0,0,0,,,
37.296,odom,map,-0.25114,1.77761,0.0952224,0,0,0,,,
37.332,odom,map,-0.247777,1.77765,0.098901,0,0,0,,,
37.368,odom,map,-0.24413,1.77773,0.102465,0,0,0,,,
37.404,odom,map,-0.239467,1.77795,0.105599,0,0,0,,,
37.404,ekf_predict_only,map,-0.091845,1.79928,0.043896,15.5157,11.5468,-4.36293,,,
37.404,ekf,map,-0.215148,1.83138,0.0802277,0.0586092,0.0587344,-1.1993e-05,0.125333,,
37.404,kf,map,-0.21427,1.83145,0.0802791,0.0507172,0.0507172,-1.07451e-74,1.80587,,
37.404,pf,map,-0.207392,1.80236,0.0853334,0.0485892,0.0497401,-0.000347449,7.08146,644.291,0
37.44,odom,map,-0.231497,1.7788,0.105359,0,0,0,,,
37.476,odom,map,-0.223157,1.77968,0.104994,0,0,0,,,
37.512,odom,map,-0.214439,1.78059,0.104434,0,0,0,,,
37.548,odom,map,-0.205325,1.78155,0.103657,0,0,0,,,
37.584,odom,map,-0.195487,1.78256,0.102708,0,0,0,,,
37.62,odom,map,-0.185083,1.78363,0.101639,0,0,0,,,
37.584,ekf_predict_only,map,-0.0379399,1.80165,0.0380229,15.5874,11.9805,-4.61741,,,
37.584,ekf,map,-0.171004,1.83493,0.0762,0.0575947,0.0577029,-9.88542e-06,0.061417,,
37.584,kf,map,-0.169393,1.83504,0.0760012,0.0505775,0.0505775,-2.62458e-75,0.061,,
37.584,pf,map,-0.167621,1.80723,0.0754453,0.0494452,0.0519705,0.00208104,4.49908,660.909,0
37.656,odom,map,-0.174347,1.78472,0.100465,0,0,0,,,
37.692,odom,map,-0.163582,1.7858,0.0992796,0,0,0,,,
37.728,odom,map,-0.152037,1.78694,0.0977343,0,0,0,,,
37.764,odom,map,-0.140003,1.78811,0.0958383,0,0,0,,,
37.8,odom,map,-0.127714,1.78928,0.0937547,0,0,0,,,
37.8,ekf_predict_only,map,0.0360722,1.80447,0.025521,15.6631,12.5911,-4.9666,,,
37.8,kf,map,-0.102964,1.83998,0.0660895,0.0507171,0.0507171,-6.37458e-76,0.056667,,
37.8,ekf,map,-0.104794,1.83991,0.0665727,0.0586276,0.0587812,-1.31134e-05,0.055875,,
37.8,pf,map,-0.0927912,1.82002,0.0798689,0.050341,0.0546394,0.00290323,4.84254,636.019,0
37.836,odom,map,-0.115301,1.79043,0.0914386,0,0,0,,,
37.872,odom,map,-0.102481,1.79159,0.0886982,0,0,0,,,
37.908,odom,map,-0.0891315,1.79276,0.0857382,0,0,0,,,
37.944,odom,map,-0.0754405,1.79391,0.0824414,0,0,0,,,
37.98,odom,map,-0.061692,1.79502,0.0790652,0,0,0,,,
38.016,odom,map,-0.0477694,1.7961,0.0756581,0,0,0,,,
38.016,ekf_predict_only,map,0.120286,1.80662,0.00501685,15.7328,13.3266,-5.36129,,,
38.001,amcl,map,-0.064787,1.80565,0.057031,0.080961,0.0273277,-0.00351782,,,
38.016,ekf,map,-0.026257,1.84477,0.0486806,0.0589855,0.0591969,-1.68162e-05,0.057334,,
38.016,kf,map,-0.0235037,1.8449,0.0468841,0.050751,0.050751,-1.54613e-76,0.063917,,
38.016,pf,map,-0.00358246,1.8257,0.0551305,0.0535482,0.052171,0.000812153,6.69808,622.604,0
38.052,odom,map,-0.0334708,1.79716,0.0718842,0,0,0,,,
38.088,odom,map,-0.0190201,1.79817,0.0679607,0,0,0,,,
38.124,odom,map,-0.00453865,1.79913,0.064004,0,0,0,,,
38.16,odom,map,0.0101231,1.80004,0.0599887,0,0,0,,,
38.196,odom,map,0.0249491,1.8009,0.0557032,0,0,0,,,
38.232,odom,map,0.0398057,1.80169,0.0513192,0,0,0,,,
38.196,kf,map,0.04672,1.84774,0.0277923,0.0505858,0.0505858,-3.77528e-77,0.057792,,
38.196,ekf_predict_only,map,0.194674,1.80699,-0.0169031,15.7862,14.0248,-5.70416,,,
38.196,ekf,map,0.0449765,1.84771,0.0289393,0.0576716,0.0579051,-1.68608e-05,0.060625,,
38.196,pf,map,0.0524661,1.84027,0.0235857,0.0483414,0.0552444,0.00110664,11.9994,629.222,0
38.268,odom,map,0.0547804,1.80243,0.0469368,0,0,0,,,
38.304,odom,map,0.069952,1.80311,0.0424448,0,0,0,,,
38.34,odom,map,0.0853795,1.80373,0.0378101,0,0,0,,,
38.376,odom,map,0.10085,1.80428,0.0331542,0,0,0,,,
38.412,ekf_predict_only,map,0.286781,1.80543,-0.0463661,15.822,14.933,-6.11923,,,
38.412,kf,map,0.136418,1.84946,0.000802049,0.0507192,0.0507192,-9.16864e-78,0.0555,,
38.412,ekf,map,0.135322,1.84943,0.00164341,0.0585926,0.0589325,-2.07415e-05,0.057875,,
38.412,odom,map,0.116251,1.80475,0.0283529,0,0,0,,,
38.412,pf,map,0.14322,1.82954,0.000869373,0.0478552,0.0507674,-0.0006316,11.5363,624.286,0
38.448,odom,map,0.131646,1.80515,0.0233673,0,0,0,,,
38.484,odom,map,0.147062,1.80547,0.0183988,0,0,0,,,
38.52,odom,map,0.162448,1.80572,0.0134394,0,0,0,,,
38.556,odom,map,0.177782,1.80588,0.00847613,0,0,0,,,
38.592,odom,map,0.193223,1.80598,0.00341386,0,0,0,,,
38.592,ekf_predict_only,map,0.364674,1.80182,-0.0727056,15.8389,15.7572,-6.45769,,,
38.592,kf,map,0.212718,1.84873,-0.0236139,0.050578,0.050578,-2.23947e-78,0.059875,,
38.628,odom,map,0.208795,1.80599,-0.00181501,0,0,0,,,
38.601,amcl,map,0.193315,1.81554,-0.00771937,0.0737444,0.0297797,-0.00928272,,,
38.592,ekf,map,0.212021,1.84868,-0.0230071,0.0575543,0.0579057,-1.71476e-05,0.058958,,
38.592,pf,map,0.213584,1.82249,-0.0233795,0.0470987,0.0564529,-0.00261168,9.42658,655.274,0
38.664,odom,map,0.224301,1.80592,-0.00711664,0,0,0,,,
38.7,odom,map,0.239735,1.80577,-0.0124424,0,0,0,,,
38.736,odom,map,0.255189,1.80554,-0.0178632,0,0,0,,,
38.772,odom,map,0.270534,1.80522,-0.0233735,0,0,0,,,
38.808,odom,map,0.285438,1.80496,-0.0297858,0,0,0,,,
38.808,ekf_predict_only,map,0.456441,1.79514,-0.106706,15.828,16.7766,-6.84054,,,
38.808,kf,map,0.304174,1.84549,-0.0558504,0.0507173,0.0507173,-5.4392e-79,0.062166,,
38.808,ekf,map,0.303804,1.84538,-0.055348,0.0585807,0.0590377,-1.46602e-05,0.059,,
38.808,pf,map,0.321956,1.82274,-0.0600432,0.049614,0.0506257,-0.00342809,5.32821,623.379,0
38.844,odom,map,0.298727,1.80505,-0.0391158,0,0,0,,,
38.88,odom,map,0.311955,1.8049,-0.0484604,0,0,0,,,
38.916,odom,map,0.325103,1.80453,-0.057836,0,0,0,,,
38.952,odom,map,0.338053,1.80395,-0.0671245,0,0,0,,,
38.988,odom,map,0.350937,1.80314,-0.0763868,0,0,0,,,
39.024,odom,map,0.365061,1.80202,-0.0833373,0,0,0,,,
38.988,ekf_predict_only,map,0.530488,1.7872,-0.13493,15.8061,17.6543,-7.13162,,,
38.988,kf,map,0.378797,1.8403,-0.0834224,0.0505776,0.0505776,-1.32857e-79,0.525625,,
38.988,ekf,map,0.378679,1.84013,-0.0831363,0.0575725,0.0580023,-6.80475e-06,0.05625,,
38.988,pf,map,0.391533,1.82434,-0.0858794,0.0478314,0.0539357,-0.00228436,5.96471,639.852,0
39.06,odom,map,0.380096,1.80072,-0.0889983,0,0,0,,,
39.096,odom,map,0.395421,1.79931,-0.0944228,0,0,0,,,
39.132,odom,map,0.4109,1.7978,-0.0998121,0,0,0,,,
39.168,odom,map,0.426546,1.7962,-0.105193,0,0,0,,,
39.204,odom,map,0.442274,1.79449,-0.110504,0,0,0,,,
39.204,ekf_predict_only,map,0.624651,1.77442,-0.166713,15.7413,18.8161,-7.47904,,,
39.204,kf,map,0.47228,1.83122,-0.115408,0.0507172,0.0507172,-3.22682e-80,0.05875,,
39.204,ekf,map,0.472043,1.83095,-0.115344,0.0586089,0.0591265,3.48196e-06,0.080541,,
39.201,amcl,map,0.441457,1.79953,-0.0994513,0.0876942,0.0324255,-0.0186456,,,
39.204,pf,map,0.498298,1.82581,-0.110469,0.0456523,0.0511425,-0.000652025,4.62937,640.588,0
39.24,odom,map,0.45817,1.79269,-0.115662,0,0,0,,,
39.276,odom,map,0.474269,1.79077,-0.120761,0,0,0,,,
39.312,odom,map,0.490434,1.78877,-0.12585,0,0,0,,,
39.348,odom,map,0.506702,1.78667,-0.130861,0,0,0,,,
39.384,odom,map,0.523086,1.78447,-0.135814,0,0,0,,,
39.42,odom,map,0.54025,1.78302,-0.139631,0,0,0,,,
39.384,kf,map,0.553414,1.82063,-0.140167,0.0505775,0.0505775,-7.88176e-81,0.059375,,
39.384,ekf,map,0.55309,1.82035,-0.140264,0.0575953,0.0580715,1.38909e-05,0.055875,,
39.384,ekf_predict_only,map,0.706774,1.7606,-0.190707,15.6686,19.8901,-7.75759,,,
39.384,pf,map,0.594968,1.82104,-0.125148,0.0479188,0.0509255,0.00117456,10.1721,643.506,0
39.456,odom,map,0.558011,1.78219,-0.142587,0,0,0,,,
39.492,odom,map,0.575762,1.78133,-0.145529,0,0,0,,,
39.528,odom,map,0.593501,1.78045,-0.148473,0,0,0,,,
39.564,odom,map,0.611187,1.77954,-0.15144,0,0,0,,,
39.6,odom,map,0.628747,1.77863,-0.154477,0,0,0,,,
39.6,ekf,map,0.64998,1.80526,-0.169739,0.0586301,0.0591958,3.23528e-05,0.056292,,
39.6,ekf_predict_only,map,0.803071,1.74201,-0.220111,15.5557,21.2058,-8.05716,,,
39.6,kf,map,0.650171,1.80561,-0.169661,0.0507171,0.0507171,-1.91432e-81,0.102459,,
39.6,pf,map,0.698299,1.80215,-0.159666,0.0510744,0.0498039,-0.00353749,6.35767,636.73,0
39.636,odom,map,0.64493,1.77612,-0.159327,0,0,0,,,
39.672,odom,map,0.661001,1.7735,-0.164299,0,0,0,,,
39.708,odom,map,0.676905,1.77082,-0.169492,0,0,0,,,
39.744,odom,map,0.692723,1.76807,-0.174797,0,0,0,,,
39.78,odom,map,0.708298,1.76528,-0.179939,0,0,0,,,
39.816,odom,map,0.723743,1.76243,-0.185021,0,0,0,,,
39.816,kf,map,0.7438,1.78814,-0.200248,0.050751,0.050751,-4.64311e-82,0.07275,,
39.801,amcl,map,0.698249,1.77943,-0.169596,0.0950605,0.0376737,-0.026398,,,
39.816,ekf,map,0.74384,1.78772,-0.20032,0.0589902,0.0595777,4.8855e-05,0.055791,,
39.816,ekf_predict_only,map,0.895033,1.72144,-0.2506,15.4286,22.5305,-8.31047,,,
39.816,pf,map,0.783894,1.76527,-0.192368,0.0481171,0.0477457,0.000208627,5.91858,622.978,0
39.852,odom,map,0.739062,1.75952,-0.190013,0,0,0,,,
39.888,odom,map,0.754177,1.75658,-0.194907,0,0,0,,,
39.924,odom,map,0.769035,1.75361,-0.199617,0,0,0,,,
39.96,odom,map,0.783825,1.75058,-0.204294,0,0,0,,,
39.996,odom,map,0.798457,1.74751,-0.208941,0,0,0,,,
40.032,odom,map,0.811592,1.74411,-0.21359,0,0,0,,,
39.996,kf,map,0.816905,1.77213,-0.224109,0.0505858,0.0505858,-1.13374e-82,0.057583,,
39.996,ekf_predict_only,map,0.96518,1.70348,-0.274303,15.3266,23.5964,-8.47726,,,
39.996,ekf,map,0.81722,1.77171,-0.224178,0.0576778,0.0581716,5.25674e-05,0.172833,,
39.996,pf,map,0.836082,1.745,-0.22459,0.052371,0.0533712,0.000848539,6.10558,645.899,0
40.068,odom,map,0.824573,1.74061,-0.218132,0,0,0,,,
40.104,odom,map,0.837492,1.73705,-0.222485,0,0,0,,,
40.14,odom,map,0.850368,1.73345,-0.226796,0,0,0,,,
40.176,odom,map,0.863177,1.72979,-0.231106,0,0,0,,,
40.212,odom,map,0.876214,1.72622,-0.23479,0,0,0,,,
40.212,ekf_predict_only,map,1.04726,1.68038,-0.289796,15.1848,24.8832,-8.64402,,,
40.212,kf,map,0.901714,1.75163,-0.24513,0.0507192,0.0507192,-2.7534e-83,0.057,,
40.212,ekf,map,0.90206,1.751,-0.246029,0.0586032,0.0591393,7.23204e-05,0.061875,,
40.212,pf,map,0.919872,1.74714,-0.251296,0.0504735,0.0513956,-0.00372561,5.60813,649.458,0
40.248,odom,map,0.889897,1.72293,-0.23693,0,0,0,,,
40.284,odom,map,0.903448,1.71965,-0.238466,0,0,0,,,
40.32,odom,map,0.916944,1.71636,-0.239543,0,0,0,,,
40.356,odom,map,0.930286,1.7131,-0.239857,0,0,0,,,
40.392,odom,map,0.943404,1.70989,-0.239433,0,0,0,,,
40.392,ekf_predict_only,map,1.11129,1.66129,-0.286668,15.0794,25.9345,-8.75537,,,
40.392,kf,map,0.968426,1.73405,-0.248649,0.050578,0.050578,-6.72526e-84,0.067125,,
40.392,ekf,map,0.96878,1.73338,-0.249952,0.0575664,0.0580151,7.11727e-05,0.056375,,
40.428,odom,map,0.956388,1.70673,-0.238807,0,0,0,,,
40.392,pf,map,0.981282,1.72936,-0.259215,0.0531152,0.0501908,0.00260099,10.5897,635.007,0
40.464,odom,map,0.969289,1.70359,-0.237901,0,0,0,,,
40.5,odom,map,0.982008,1.70052,-0.236507,0,0,0,,,
40.536,odom,map,0.994578,1.6975,-0.234827,0,0,0,,,
40.572,odom,map,1.00708,1.69452,-0.232824,0,0,0,,,
40.608,odom,map,1.019,1.69249,-0.230053,0,0,0,,,
40.608,kf,map,1.0436,1.7144,-0.240003,0.0507173,0.0507173,-1.63342e-84,0.913042,,
40.608,ekf,map,1.04408,1.71372,-0.241542,0.0585976,0.0590714,8.74048e-05,1.18967,,
40.608,ekf_predict_only,map,1.18324,1.64008,-0.271564,14.9601,27.1478,-8.8711,,,
40.602,amcl,map,1.00782,1.70336,-0.223095,0.104406,0.0481523,-0.037372,,,
40.608,pf,map,1.06737,1.70479,-0.256128,0.0492619,0.0495154,0.00281495,9.53608,625.032,0
40.644,odom,map,1.02899,1.6937,-0.225055,0,0,0,,,
40.68,odom,map,1.03887,1.69501,-0.220001,0,0,0,,,
40.716,odom,map,1.04859,1.69643,-0.214661,0,0,0,,,
40.752,odom,map,1.05804,1.69799,-0.20899,0,0,0,,,
40.788,odom,map,1.06722,1.69969,-0.203143,0,0,0,,,
40.788,kf,map,1.10085,1.70013,-0.226147,0.0505776,0.0505776,-3.98976e-85,0.10425,,
40.788,ekf,map,1.10145,1.69956,-0.227475,0.0575886,0.0579723,7.75417e-05,0.106208,,
40.824,odom,map,1.07749,1.69892,-0.198648,0,0,0,,,
40.788,ekf_predict_only,map,1.23687,1.62515,-0.252806,14.893,28.0913,-8.95695,,,
40.788,pf,map,1.12859,1.68224,-0.232349,0.0521416,0.0496417,0.00435279,16.0033,641.454,0
40.86,odom,map,1.08821,1.69678,-0.194716,0,0,0,,,
40.896,odom,map,1.09887,1.6947,-0.190749,0,0,0,,,
40.932,odom,map,1.10938,1.69269,-0.186672,0,0,0,,,
40.968,odom,map,1.1195,1.6908,-0.182282,0,0,0,,,
41.004,odom,map,1.1294,1.689,-0.177686,0,0,0,,,
41.004,ekf,map,1.16356,1.68548,-0.203362,0.0586268,0.0590138,8.39698e-05,0.060459,,
41.004,ekf_predict_only,map,1.29453,1.61025,-0.224529,14.828,29.1273,-9.05221,,,
41.004,kf,map,1.16274,1.68596,-0.202154,0.0507172,0.0507172,-9.69032e-86,0.062625,,
41.004,pf,map,1.18891,1.67723,-0.20711,0.0482683,0.0496817,0.00132186,7.06671,654.525,0
41.04,odom,map,1.13917,1.68727,-0.172973,0,0,0,,,
41.076,odom,map,1.14878,1.68561,-0.168225,0,0,0,,,
41.112,odom,map,1.15808,1.68406,-0.163142,0,0,0,,,
41.148,odom,map,1.16711,1.6826,-0.15793,0,0,0,,,
41.184,odom,map,1.17578,1.68124,-0.152617,0,0,0,,,
41.22,odom,map,1.18431,1.67995,-0.147251,0,0,0,,,
41.184,ekf_predict_only,map,1.33657,1.60065,-0.1977,14.8047,29.913,-9.1285,,,
41.184,kf,map,1.20885,1.67669,-0.17832,0.0505775,0.0505775,-2.36694e-86,0.112792,,
41.184,ekf,map,1.20972,1.67633,-0.179242,0.057609,0.0579105,6.74475e-05,0.11425,,
41.184,pf,map,1.23825,1.66604,-0.178208,0.0493384,0.0500098,-0.00131675,7.39154,655.283,0
41.256,odom,map,1.19265,1.67873,-0.141858,0,0,0,,,
41.292,odom,map,1.20069,1.67761,-0.136211,0,0,0,,,
41.328,odom,map,1.20844,1.67657,-0.130848,0,0,0,,,
41.364,odom,map,1.21505,1.67571,-0.127807,0,0,0,,,
41.4,odom,map,1.22037,1.67503,-0.12722,0,0,0,,,
41.4,ekf_predict_only,map,1.33657,1.60065,-0.1977,14.8547,29.963,-9.1285,,,
41.4,kf,map,1.23329,1.67258,-0.166924,0.0507171,0.0507171,-5.74882e-87,0.115917,,
41.4,ekf,map,1.23748,1.67192,-0.165523,0.0586403,0.0589078,6.08074e-05,0.06925,,
41.4,pf,map,1.27813,1.6523,-0.157939,0.0501395,0.0508386,-0.000274082,4.46579,652.632,0
41.436,odom,map,1.22468,1.67246,-0.128103,0,0,0,,,
41.472,odom,map,1.22771,1.66998,-0.129011,0,0,0,,,
41.508,odom,map,1.22945,1.66767,-0.129919,0,0,0,,,
41.544,odom,map,1.22999,1.66551,-0.130827,0,0,0,,,
41.58,odom,map,1.23026,1.66339,-0.131735,0,0,0,,,
41.616,odom,map,1.23042,1.66209,-0.13229,0,0,0,,,
41.616,ekf_predict_only,map,1.33657,1.60065,-0.1977,14.9047,30.013,-9.1285,,,
41.616,ekf,map,1.25402,1.66919,-0.159817,0.0589947,0.0591967,4.62738e-05,0.059292,,
41.616,kf,map,1.24964,1.66989,-0.161303,0.050751,0.050751,-1.39435e-87,0.107208,,
41.616,pf,map,1.28053,1.64875,-0.149488,0.0503055,0.0495789,0.00215539,5.33038,643.156,0
41.652,odom,map,1.23042,1.66209,-0.13229,0,0,0,,,
41.688,odom,map,1.23042,1.66209,-0.13229,0,0,0,,,
41.724,odom,map,1.23042,1.66209,-0.13229,0,0,0,,,
41.76,odom,map,1.23042,1.66209,-0.13229,0,0,0,,,
41.796,odom,map,1.23091,1.66202,-0.132685,0,0,0,,,
41.832,odom,map,1.2323,1.66184,-0.133196,0,0,0,,,
41.796,ekf_predict_only,map,1.3436,1.59924,-0.200255,14.9441,30.1874,-9.14269,,,
41.796,kf,map,1.26141,1.66795,-0.160007,0.0505858,0.0505858,-3.40468e-88,0.057417,,
41.796,ekf,map,1.26393,1.66756,-0.158838,0.057677,0.0578036,2.90752e-05,0.055167,,
41.796,pf,map,1.26543,1.66054,-0.150716,0.0515365,0.0522586,0.00221139,11.0795,653.856,0
41.868,odom,map,1.23372,1.66165,-0.133706,0,0,0,,,
41.904,odom,map,1.23539,1.66142,-0.134671,0,0,0,,,
41.94,odom,map,1.23773,1.6611,-0.136286,0,0,0,,,
41.976,odom,map,1.24043,1.66073,-0.138428,0,0,0,,,
42.012,ekf,map,1.28205,1.66466,-0.170448,0.0585964,0.0586946,2.24184e-05,0.067208,,
42.012,odom,map,1.24382,1.66025,-0.141379,0,0,0,,,
42.012,ekf_predict_only,map,1.36604,1.59469,-0.219659,14.9597,30.6371,-9.18689,,,
42.012,kf,map,1.28141,1.66471,-0.172071,0.0507192,0.0507192,-8.2686e-89,0.056333,,
42.012,pf,map,1.27672,1.66588,-0.162566,0.0535549,0.0520835,0.000535733,11.6202,637.45,0
42.048,odom,map,1.24765,1.6597,-0.144967,0,0,0,,,
42.084,odom,map,1.25151,1.65913,-0.148799,0,0,0,,,
42.12,odom,map,1.25536,1.65854,-0.152632,0,0,0,,,
42.156,odom,map,1.25881,1.65801,-0.157275,0,0,0,,,
42.192,odom,map,1.2619,1.6575,-0.164179,0,0,0,,,
42.228,odom,map,1.26524,1.65694,-0.171454,0,0,0,,,
42.192,ekf_predict_only,map,1.38255,1.591,-0.256033,14.9819,30.984,-9.21588,,,
42.192,kf,map,1.29747,1.66188,-0.197972,0.050578,0.050578,-2.01963e-89,0.053959,,
42.192,ekf,map,1.29767,1.66193,-0.19584,0.0575565,0.0576215,1.45847e-05,0.069583,,
42.201,amcl,map,1.27943,1.63285,-0.170387,0.10233,0.0652273,-0.0462172,,,
42.192,pf,map,1.32471,1.65931,-0.175054,0.0539363,0.0553347,0.00515747,11.334,644.509,0
42.264,odom,map,1.26857,1.65635,-0.178728,0,0,0,,,
42.3,odom,map,1.27156,1.6558,-0.186436,0,0,0,,,
42.336,odom,map,1.27413,1.6553,-0.194865,0,0,0,,,
42.372,odom,map,1.27629,1.65486,-0.20548,0,0,0,,,
42.408,odom,map,1.27839,1.65441,-0.216582,0,0,0,,,
42.408,kf,map,1.31172,1.6589,-0.252189,0.0507173,0.0507173,-4.90526e-90,0.108666,,
42.408,ekf_predict_only,map,1.39502,1.58774,-0.322647,15.0075,31.2596,-9.23306,,,
42.408,ekf,map,1.31207,1.65893,-0.249385,0.0585824,0.0586364,1.18589e-05,0.059584,,
42.408,pf,map,1.36141,1.65046,-0.243334,0.0517149,0.0526264,0.00325477,6.10679,630.639,0
42.444,odom,map,1.28049,1.65394,-0.227685,0,0,0,,,
42.48,odom,map,1.28258,1.65344,-0.239369,0,0,0,,,
42.516,odom,map,1.28466,1.65292,-0.251719,0,0,0,,,
42.552,odom,map,1.28685,1.65235,-0.264668,0,0,0,,,
42.588,odom,map,1.28911,1.65172,-0.278029,0,0,0,,,
42.588,ekf_predict_only,map,1.40963,1.58285,-0.397186,15.021,31.5756,-9.24309,,,
42.588,kf,map,1.32528,1.65529,-0.314013,0.0505776,0.0505776,-1.19815e-90,0.120542,,
42.624,odom,map,1.29166,1.65097,-0.292128,0,0,0,,,
42.588,ekf,map,1.32526,1.65542,-0.311066,0.0575737,0.0576114,8.23804e-06,0.15675,,
42.588,pf,map,1.35104,1.64291,-0.295779,0.050527,0.0550344,0.000279077,12.612,636.654,0
42.66,odom,map,1.29466,1.65004,-0.307285,0,0,0,,,
42.696,odom,map,1.2977,1.64905,-0.322662,0,0,0,,,
42.732,odom,map,1.30072,1.64801,-0.338038,0,0,0,,,
42.768,odom,map,1.30395,1.64685,-0.353895,0,0,0,,,
42.804,odom,map,1.30747,1.64551,-0.370442,0,0,0,,,
42.804,ekf_predict_only,map,1.43088,1.57394,-0.497256,15.005,32.0157,-9.23992,,,
42.804,ekf,map,1.34426,1.64874,-0.401096,0.0586098,0.058645,8.09301e-06,0.058292,,
42.801,amcl,map,1.31805,1.62252,-0.364077,0.101653,0.0573855,-0.0493705,,,
42.804,kf,map,1.34464,1.64853,-0.403898,0.0507172,0.0507172,-2.91006e-91,0.066208,,
42.804,pf,map,1.37972,1.63331,-0.389902,0.0535537,0.0523626,0.00118098,5.44004,619.499,0
42.84,odom,map,1.31104,1.64409,-0.38712,0,0,0,,,
42.876,odom,map,1.3147,1.64256,-0.403977,0,0,0,,,
42.912,odom,map,1.31866,1.64083,-0.421237,0,0,0,,,
42.948,odom,map,1.32298,1.63885,-0.438917,0,0,0,,,
42.984,odom,map,1.32734,1.63676,-0.456656,0,0,0,,,
43.02,odom,map,1.33331,1.63212,-0.474832,0,0,0,,,
42.984,kf,map,1.36431,1.63935,-0.486333,0.0505775,0.0505775,-7.10805e-92,0.0605,,
42.984,ekf,map,1.36382,1.63955,-0.48428,0.0575958,0.0576247,7.7243e-06,0.124875,,
42.984,ekf_predict_only,map,1.45212,1.56241,-0.585952,14.9707,32.4594,-9.21078,,,
42.984,pf,map,1.37976,1.6341,-0.478176,0.0529027,0.0545662,0.000864201,4.58225,638.087,0
43.056,odom,map,1.34069,1.62536,-0.49356,0,0,0,,,
43.092,odom,map,1.34857,1.61821,-0.512679,0,0,0,,,
43.128,odom,map,1.35642,1.61095,-0.531799,0,0,0,,,
43.164,odom,map,1.36432,1.60352,-0.551134,0,0,0,,,
43.2,odom,map,1.37283,1.59557,-0.571113,0,0,0,,,
43.2,ekf,map,1.39405,1.62199,-0.594288,0.0586312,0.0586664,1.30325e-05,0.054959,,
43.2,kf,map,1.39492,1.62167,-0.596051,0.0507171,0.0507171,-1.7264e-92,0.098792,,
43.2,ekf_predict_only,map,1.48531,1.54038,-0.701581,14.8627,33.1323,-9.12313,,,
43.2,pf,map,1.41104,1.62158,-0.587248,0.0497351,0.0579734,-0.00109268,6.469,637.092,0
43.236,odom,map,1.37846,1.5918,-0.590406,0,0,0,,,
43.272,odom,map,1.38394,1.58805,-0.609678,0,0,0,,,
43.308,odom,map,1.38958,1.58403,-0.629082,0,0,0,,,
43.344,odom,map,1.39532,1.57977,-0.648613,0,0,0,,,
43.38,odom,map,1.40148,1.575,-0.668282,0,0,0,,,
43.416,ekf_predict_only,map,1.52392,1.50775,-0.819571,14.6861,33.9188,-8.94597,,,
43.401,amcl,map,1.40664,1.57872,-0.691642,0.0923284,0.0622571,-0.0559209,,,
43.416,kf,map,1.43083,1.59476,-0.710527,0.050751,0.050751,-4.18732e-93,0.061209,,
43.416,ekf,map,1.42956,1.5952,-0.709252,0.0589951,0.0590366,2.27388e-05,0.052875,,
43.416,odom,map,1.40804,1.56971,-0.687947,0,0,0,,,
43.416,pf,map,1.45722,1.59728,-0.690905,0.0519934,0.0508711,-0.00016036,7.439,637.453,0
43.452,odom,map,1.4145,1.5643,-0.707612,0,0,0,,,
43.488,odom,map,1.42114,1.5585,-0.727184,0,0,0,,,
43.524,odom,map,1.42807,1.55221,-0.746676,0,0,0,,,
43.56,odom,map,1.4351,1.54557,-0.766137,0,0,0,,,
43.596,odom,map,1.44243,1.53839,-0.785478,0,0,0,,,
43.596,ekf_predict_only,map,1.56239,1.46657,-0.916352,14.4633,34.7151,-8.67382,,,
43.596,kf,map,1.46612,1.56114,-0.805963,0.0505858,0.0505858,-1.02244e-93,0.056917,,
43.632,odom,map,1.44946,1.53089,-0.80334,0,0,0,,,
43.596,ekf,map,1.46457,1.5618,-0.805255,0.0576914,0.0577309,3.39837e-05,0.113916,,
43.596,pf,map,1.49658,1.56662,-0.794211,0.0459008,0.0481295,-0.00152858,9.2865,643.777,0
43.668,odom,map,1.45635,1.52322,-0.821017,0,0,0,,,
43.704,odom,map,1.46329,1.51522,-0.838515,0,0,0,,,
43.74,odom,map,1.47027,1.50687,-0.855917,0,0,0,,,
43.776,odom,map,1.47732,1.49815,-0.873112,0,0,0,,,
43.812,odom,map,1.48487,1.48865,-0.890481,0,0,0,,,
43.812,ekf_predict_only,map,1.61017,1.40428,-1.027,14.1284,35.7101,-8.20566,,,
43.812,kf,map,1.51253,1.50751,-0.917835,0.0507192,0.0507192,-2.48311e-94,0.0575,,
43.812,ekf,map,1.51063,1.50822,-0.917777,0.0586451,0.0586877,6.92338e-05,0.16725,,
43.8,amcl,map,1.48203,1.49496,-0.902506,0.0991468,0.0657525,-0.0645952,,,
43.812,pf,map,1.54214,1.51314,-0.90695,0.0452967,0.0471708,-0.00139301,4.72996,645.764,0
43.848,odom,map,1.49295,1.47847,-0.908925,0,0,0,,,
43.884,odom,map,1.5009,1.46808,-0.927366,0,0,0,,,
43.92,odom,map,1.50881,1.45732,-0.945358,0,0,0,,,
43.956,odom,map,1.51669,1.4462,-0.962979,0,0,0,,,
43.992,odom,map,1.5245,1.43477,-0.98044,0,0,0,,,
43.992,ekf_predict_only,map,1.64706,1.34328,-1.11048,13.834,36.503,-7.6954,,,
43.992,kf,map,1.54928,1.45318,-1.0052,0.050578,0.050578,-6.06507e-95,0.055166,,
43.992,ekf,map,1.54747,1.45372,-1.00575,0.0576353,0.057658,8.92734e-05,0.060541,,
44.028,odom,map,1.53226,1.42297,-0.997442,0,0,0,,,
43.992,pf,map,1.59309,1.45965,-1.00009,0.0506451,0.0502346,-0.00425833,7.60663,652.562,0
44.064,odom,map,1.53989,1.41093,-1.01414,0,0,0,,,
44.1,odom,map,1.54732,1.39876,-1.03084,0,0,0,,,
44.136,odom,map,1.55462,1.38635,-1.04725,0,0,0,,,
44.172,odom,map,1.56184,1.37362,-1.06315,0,0,0,,,
44.208,odom,map,1.56902,1.36073,-1.07957,0,0,0,,,
44.208,ekf_predict_only,map,1.68637,1.264,-1.20394,13.485,37.3578,-6.98276,,,
44.208,kf,map,1.59084,1.3793,-1.10303,0.0507173,0.0507173,-1.47308e-95,0.067334,,
44.208,ekf,map,1.58904,1.37954,-1.104,0.0587325,0.0587174,0.00013956,0.057709,,
44.208,pf,map,1.61456,1.37132,-1.10984,0.0555765,0.047919,-0.00147181,6.22329,628.45,0
44.244,odom,map,1.57638,1.34772,-1.09839,0,0,0,,,
44.28,odom,map,1.58344,1.33445,-1.11659,0,0,0,,,
44.316,odom,map,1.59017,1.32096,-1.1345,0,0,0,,,
44.352,odom,map,1.59656,1.30729,-1.15235,0,0,0,,,
44.388,odom,map,1.60262,1.29342,-1.1699,0,0,0,,,
44.388,ekf_predict_only,map,1.71393,1.19228,-1.26736,13.2214,37.9801,-6.29831,,,
44.388,kf,map,1.62083,1.31122,-1.17257,0.0505776,0.0505776,-3.5981e-96,0.064625,,
44.424,odom,map,1.60848,1.27925,-1.18418,0,0,0,,,
44.388,ekf,map,1.61921,1.31127,-1.17388,0.0577569,0.0576975,0.000146041,0.057709,,
44.4,amcl,map,1.61967,1.29071,-1.17908,0.0651883,0.0755028,-0.0519021,,,
44.388,pf,map,1.65369,1.29597,-1.18534,0.0506376,0.0502551,-0.00211593,7.76054,644.701,0
44.46,odom,map,1.61419,1.26498,-1.19687,0,0,0,,,
44.496,odom,map,1.61973,1.2506,-1.2093,0,0,0,,,
44.532,odom,map,1.62512,1.23609,-1.22105,0,0,0,,,
44.568,odom,map,1.63034,1.22152,-1.23192,0,0,0,,,
44.604,odom,map,1.63536,1.20691,-1.24234,0,0,0,,,
44.604,kf,map,1.65257,1.22531,-1.24256,0.0507172,0.0507172,-8.73907e-97,0.072416,,
44.604,ekf_predict_only,map,1.74166,1.10371,-1.33006,12.9468,38.6128,-5.41867,,,
44.604,ekf,map,1.65094,1.22513,-1.24429,0.0588882,0.058746,0.00018707,0.056709,,
44.604,pf,map,1.68178,1.23141,-1.25046,0.0481665,0.0507625,-0.00185237,5.39813,623.365,0
44.64,odom,map,1.63953,1.19238,-1.25223,0,0,0,,,
44.676,odom,map,1.64352,1.17797,-1.26153,0,0,0,,,
44.712,odom,map,1.64736,1.16358,-1.27044,0,0,0,,,
44.748,odom,map,1.65102,1.14934,-1.27895,0,0,0,,,
44.784,odom,map,1.65448,1.13537,-1.28678,0,0,0,,,
44.784,ekf_predict_only,map,1.75919,1.0323,-1.37163,12.7856,39.0346,-4.68729,,,
44.784,ekf,map,1.67206,1.15369,-1.29224,0.0578845,0.0577045,0.000169356,0.0605,,
44.82,odom,map,1.65823,1.1213,-1.29485,0,0,0,,,
44.784,kf,map,1.6734,1.15409,-1.29058,0.0505775,0.0505775,-2.13459e-97,0.45475,,
44.784,pf,map,1.69842,1.13369,-1.30463,0.0463781,0.0490029,0.000537977,9.10825,630.564,0
44.856,odom,map,1.66218,1.10714,-1.30316,0,0,0,,,
44.892,odom,map,1.66598,1.09306,-1.3113,0,0,0,,,
44.928,odom,map,1.6696,1.0792,-1.31891,0,0,0,,,
44.964,odom,map,1.6731,1.06541,-1.32619,0,0,0,,,
45,odom,map,1.67646,1.05171,-1.33338,0,0,0,,,
45,ekf,map,1.69318,1.07021,-1.3402,0.0590006,0.0587331,0.000186631,0.053167,,
45,ekf_predict_only,map,1.77586,0.949719,-1.4145,12.6482,39.4407,-3.82413,,,
45,kf,map,1.69433,1.07081,-1.33866,0.0507171,0.0507171,-5.18448e-98,0.058958,,
45,pf,map,1.70357,1.05797,-1.35516,0.0488981,0.0548565,-0.000155923,10.3841,648.707,0
45.036,odom,map,1.67972,1.03805,-1.34052,0,0,0,,,
45.072,odom,map,1.68285,1.02447,-1.34773,0,0,0,,,
45.108,odom,map,1.68588,1.01088,-1.35493,0,0,0,,,
45.144,odom,map,1.6888,0.997353,-1.36222,0,0,0,,,
45.18,odom,map,1.69159,0.983907,-1.37033,0,0,0,,,
45.216,kf,map,1.71109,0.988866,-1.39118,0.050751,0.050751,-1.25748e-98,0.112833,,
45.216,ekf,map,1.71028,0.988326,-1.3916,0.0593912,0.0590733,0.000176049,0.057583,,
45.216,odom,map,1.69549,0.970501,-1.37981,0,0,0,,,
45.216,ekf_predict_only,map,1.78867,0.868383,-1.46857,12.5733,39.7662,-2.9598,,,
45.201,amcl,map,1.71624,0.988333,-1.38931,0.0512053,0.0937055,-0.0422767,,,
45.216,pf,map,1.71847,0.973382,-1.39144,0.0475881,0.051336,0.000387117,5.46271,654.514,0
45.252,odom,map,1.70116,0.957349,-1.39082,0,0,0,,,
45.288,odom,map,1.70662,0.94426,-1.40298,0,0,0,,,
45.324,odom,map,1.71188,0.931312,-1.41571,0,0,0,,,
45.36,odom,map,1.7169,0.918603,-1.42926,0,0,0,,,
45.396,odom,map,1.72172,0.905895,-1.44288,0,0,0,,,
45.432,odom,map,1.72362,0.893089,-1.45584,0,0,0,,,
45.396,ekf_predict_only,map,1.79525,0.804229,-1.53429,12.5669,39.9582,-2.2704,,,
45.396,kf,map,1.72085,0.923579,-1.45179,0.0505858,0.0505858,-3.07046e-99,0.063792,,
45.396,ekf,map,1.72039,0.923117,-1.45128,0.0580252,0.0577316,0.000134359,0.087333,,
45.396,pf,map,1.72834,0.907943,-1.44064,0.0515932,0.0472943,-0.0013052,12.3811,638.06,0
45.468,odom,map,1.725,0.880435,-1.46967,0,0,0,,,
45.504,odom,map,1.72618,0.86791,-1.48397,0,0,0,,,
45.54,odom,map,1.72717,0.855474,-1.49889,0,0,0,,,
45.576,odom,map,1.72797,0.843021,-1.5142,0,0,0,,,
45.612,odom,map,1.72858,0.830605,-1.53002,0,0,0,,,
45.612,ekf_predict_only,map,1.79797,0.729795,-1.63089,12.5982,40.067,-1.46593,,,
45.612,ekf,map,1.72719,0.847605,-1.53967,0.0589923,0.0586424,0.000127352,0.1075,,
45.612,kf,map,1.7275,0.848018,-1.54099,0.0507192,0.0507192,-7.45692e-100,0.059792,,
45.612,pf,map,1.72196,0.844429,-1.53411,0.0467604,0.0447767,-0.000318764,7.80492,643.694,0
45.648,odom,map,1.72898,0.818293,-1.54684,0,0,0,,,
45.684,odom,map,1.72916,0.806009,-1.56433,0,0,0,,,
45.72,odom,map,1.72913,0.793724,-1.58182,0,0,0,,,
45.756,odom,map,1.72889,0.78154,-1.59958,0,0,0,,,
45.792,odom,map,1.72844,0.769514,-1.61781,0,0,0,,,
45.792,ekf_predict_only,map,1.79445,0.671217,-1.72721,12.669,40.0408,-0.833298,,,
45.792,kf,map,1.72342,0.827106,-1.57137,0.0503618,0.0253599,0.002335,0.105917,,
45.828,odom,map,1.72777,0.757727,-1.63687,0,0,0,,,
45.792,ekf,map,1.76696,0.833549,-1.61005,0.0169265,0.0266775,-0.000900323,0.097584,,
45.801,amcl,map,1.74722,0.779754,-1.63048,0.0424942,0.095388,-0.031104,,,
45.792,pf,map,1.75358,0.809161,-1.59818,0.020398,0.0214954,-0.000917992,12.6136,359.536,0
45.864,odom,map,1.72689,0.746128,-1.65626,0,0,0,,,
45.9,odom,map,1.72581,0.734735,-1.67586,0,0,0,,,
45.936,odom,map,1.72451,0.723483,-1.69557,0,0,0,,,
45.972,odom,map,1.72302,0.712503,-1.71559,0,0,0,,,
46.008,ekf_predict_only,map,1.78463,0.608958,-1.8512,12.7755,39.8791,-0.166616,,,
46.008,kf,map,1.71723,0.770761,-1.67527,0.0504153,0.0236069,0.00285388,0.215375,,
46.008,ekf,map,1.76637,0.775992,-1.72558,0.0156993,0.0249347,-0.000656719,0.108208,,
46.008,odom,map,1.72152,0.702383,-1.73635,0,0,0,,,
46.008,pf,map,1.77162,0.780202,-1.72903,0.0160058,0.023381,-0.000578515,9.42229,392.154,0
46.044,odom,map,1.72034,0.694099,-1.75829,0,0,0,,,
46.08,odom,map,1.719,0.686247,-1.78078,0,0,0,,,
46.116,odom,map,1.71746,0.67867,-1.80345,0,0,0,,,
46.152,odom,map,1.71578,0.67151,-1.82658,0,0,0,,,
46.188,odom,map,1.71396,0.664769,-1.84993,0,0,0,,,
46.224,odom,map,1.71155,0.65677,-1.87247,0,0,0,,,
46.188,ekf_predict_only,map,1.772,0.56511,-1.96156,12.8868,39.6582,0.294965,,,
46.188,kf,map,1.70701,0.718171,-1.76898,0.0501449,0.0234988,0.0034038,0.108791,,
46.188,ekf,map,1.76199,0.723283,-1.82997,0.0142845,0.0244181,-0.000868436,0.146917,,
46.2,amcl,map,1.72926,0.658707,-1.86705,0.0322659,0.0876284,-0.0277064,,,
46.188,pf,map,1.76513,0.740453,-1.82862,0.0134763,0.0206854,-0.00153814,20.581,413.074,0
46.26,odom,map,1.70883,0.648327,-1.89481,0,0,0,,,
46.296,odom,map,1.7061,0.640497,-1.91739,0,0,0,,,
46.332,odom,map,1.70326,0.632919,-1.94013,0,0,0,,,
46.368,odom,map,1.70031,0.625549,-1.96294,0,0,0,,,
46.404,odom,map,1.69736,0.61862,-1.98607,0,0,0,,,
46.404,ekf_predict_only,map,1.75619,0.526732,-2.10114,13.005,39.371,0.690106,,,
46.404,kf,map,1.6908,0.67278,-1.87777,0.0500456,0.0237776,0.00421766,0.187958,,
46.404,ekf,map,1.7621,0.680943,-1.96082,0.0131705,0.0246777,-0.00128398,0.102459,,
46.404,pf,map,1.77123,0.694356,-1.96858,0.0108654,0.0215847,-0.00175001,11.7965,397.267,0
46.44,odom,map,1.69449,0.612324,-2.00933,0,0,0,,,
46.476,odom,map,1.69164,0.606419,-2.03253,0,0,0,,,
46.512,odom,map,1.6888,0.600871,-2.0557,0,0,0,,,
46.548,odom,map,1.68583,0.595391,-2.07887,0,0,0,,,
46.584,odom,map,1.68293,0.590317,-2.10208,0,0,0,,,
46.62,odom,map,1.68175,0.586122,-2.12546,0,0,0,,,
46.584,ekf,map,1.74892,0.651517,-2.07583,0.0123029,0.0243135,-0.00145582,0.100208,,
46.584,kf,map,1.67582,0.64208,-1.98353,0.0496295,0.0239895,0.00498604,0.093666,,
46.584,ekf_predict_only,map,1.74397,0.505882,-2.21767,13.0979,39.1619,0.8985,,,
46.602,amcl,map,1.69643,0.583611,-2.12676,0.0231323,0.091346,-0.0212903,,,
46.584,pf,map,1.74926,0.655508,-2.07969,0.0125897,0.0198479,-0.00292601,10.2171,394.02,0
46.656,odom,map,1.68178,0.582369,-2.1489,0,0,0,,,
46.692,odom,map,1.68171,0.578679,-2.17233,0,0,0,,,
46.728,odom,map,1.68167,0.575224,-2.19581,0,0,0,,,
46.764,odom,map,1.6818,0.572178,-2.21933,0,0,0,,,
46.8,odom,map,1.68203,0.569421,-2.24277,0,0,0,,,
46.8,ekf_predict_only,map,1.73168,0.489607,-2.35681,13.1841,38.9528,1.05634,,,
46.8,ekf,map,1.74722,0.622867,-2.2113,0.0119443,0.0245268,-0.00194054,0.115208,,
46.8,kf,map,1.66125,0.609939,-2.09939,0.0494143,0.0244043,0.00582118,0.2215,,
46.8,pf,map,1.76373,0.640639,-2.23091,0.010126,0.0212797,-0.000436466,5.97058,349.185,0
46.836,odom,map,1.67996,0.566794,-2.26596,0,0,0,,,
46.872,odom,map,1.67775,0.564209,-2.28915,0,0,0,,,
46.908,odom,map,1.67559,0.561791,-2.3122,0,0,0,,,
46.944,odom,map,1.67362,0.559693,-2.33505,0,0,0,,,
46.98,odom,map,1.67182,0.557855,-2.35784,0,0,0,,,
47.016,ekf_predict_only,map,1.72075,0.478691,-2.49351,13.2598,38.7736,1.15792,,,
47.001,amcl,map,1.67316,0.556936,-2.37953,0.0218067,0.0749971,-0.0158366,,,
47.016,kf,map,1.6491,0.584611,-2.20861,0.0490831,0.0247763,0.00655517,0.105958,,
47.016,ekf,map,1.74995,0.601714,-2.34475,0.0115651,0.0245172,-0.00218656,2.32929,,
47.016,odom,map,1.67001,0.555694,-2.38122,0,0,0,,,
47.016,pf,map,1.76483,0.631135,-2.36871,0.0128984,0.023529,-0.00390985,12.6943,317.196,0
47.052,odom,map,1.66843,0.553217,-2.40532,0,0,0,,,
47.088,odom,map,1.66713,0.551073,-2.42928,0,0,0,,,
47.124,odom,map,1.66579,0.548961,-2.45324,0,0,0,,,
47.16,odom,map,1.66458,0.547013,-2.47697,0,0,0,,,
47.196,odom,map,1.66353,0.545244,-2.50065,0,0,0,,,
47.232,odom,map,1.66282,0.544623,-2.52236,0,0,0,,,
47.196,ekf,map,1.73623,0.591394,-2.45698,0.0111112,0.0241461,-0.00210448,0.176292,,
47.196,kf,map,1.64261,0.574721,-2.32249,0.0487022,0.0249304,0.00693921,0.105583,,
47.196,ekf_predict_only,map,1.71859,0.477056,-2.5992,13.3138,38.7785,1.17241,,,
47.196,pf,map,1.74302,0.634189,-2.47126,0.0133926,0.0231712,-0.00272334,18.0597,330.837,0
47.268,odom,map,1.66238,0.544314,-2.5435,0,0,0,,,
47.304,odom,map,1.66193,0.544013,-2.56464,0,0,0,,,
47.34,odom,map,1.66174,0.543891,-2.58531,0,0,0,,,
47.376,odom,map,1.66199,0.544045,-2.60545,0,0,0,,,
47.412,ekf_predict_only,map,1.72026,0.478064,-2.71959,13.3613,38.8634,1.1639,,,
47.412,odom,map,1.66224,0.544166,-2.62572,0,0,0,,,
47.412,kf,map,1.64157,0.566105,-2.42534,0.0487308,0.0250997,0.00713321,0.108209,,
47.412,ekf,map,1.74955,0.585831,-2.57757,0.011239,0.024381,-0.0023739,0.442583,,
47.4,amcl,map,1.67159,0.545347,-2.63028,0.0185724,0.0671239,-0.00822001,,,
47.412,pf,map,1.76124,0.629766,-2.60043,0.00970774,0.0224382,-0.00179415,9.68512,373.851,0
47.448,odom,map,1.66242,0.544182,-2.64645,0,0,0,,,
47.484,odom,map,1.66272,0.544251,-2.66684,0,0,0,,,
47.52,odom,map,1.66319,0.544398,-2.68694,0,0,0,,,
47.556,odom,map,1.66373,0.544562,-2.70701,0,0,0,,,
47.592,odom,map,1.6644,0.544773,-2.72631,0,0,0,,,
47.628,odom,map,1.6652,0.545089,-2.74473,0,0,0,,,
47.592,kf,map,1.64244,0.56688,-2.52988,0.0486025,0.0250266,0.0071037,0.105875,,
47.592,ekf,map,1.74255,0.584954,-2.67668,0.0109104,0.024148,-0.00208233,0.177333,,
47.592,ekf_predict_only,map,1.72437,0.479911,-2.81071,13.4069,38.9995,1.14951,,,
47.592,pf,map,1.75753,0.636833,-2.7179,0.01069,0.0225313,-0.00211656,10.7913,316.939,0
47.664,odom,map,1.6661,0.545458,-2.7628,0,0,0,,,
47.7,odom,map,1.66709,0.54584,-2.78071,0,0,0,,,
47.736,odom,map,1.66807,0.546201,-2.79846,0,0,0,,,
47.772,odom,map,1.6692,0.546591,-2.81537,0,0,0,,,
47.808,odom,map,1.67047,0.54722,-2.8317,0,0,0,,,
47.802,amcl,map,1.65695,0.55056,-2.82654,0.0205677,0.0665136,-0.00838317,,,
47.808,ekf,map,1.75231,0.580031,-2.78077,0.0111035,0.0244627,-0.00216358,0.101292,,
47.808,ekf_predict_only,map,1.73134,0.482303,-2.90965,13.4512,39.1957,1.13271,,,
47.808,kf,map,1.64899,0.562462,-2.63065,0.0488422,0.0249877,0.00694447,0.10975,,
47.808,pf,map,1.75801,0.606365,-2.79476,0.0104672,0.024288,-0.00166006,9.43725,303.352,0
47.844,odom,map,1.67212,0.548688,-2.8475,0,0,0,,,
47.88,odom,map,1.67373,0.550122,-2.86302,0,0,0,,,
47.916,odom,map,1.67538,0.551552,-2.87789,0,0,0,,,
47.952,odom,map,1.67707,0.552974,-2.89218,0,0,0,,,
47.988,odom,map,1.67876,0.554379,-2.90612,0,0,0,,,
48.024,odom,map,1.68015,0.555062,-2.92012,0,0,0,,,
47.988,kf,map,1.65528,0.559207,-2.70251,0.0488276,0.0248007,0.00671423,0.11025,,
47.988,ekf,map,1.76163,0.576164,-2.85753,0.0107916,0.024201,-0.00193713,0.182584,,
47.988,ekf_predict_only,map,1.73744,0.483744,-2.98091,13.4978,39.3741,1.12475,,,
47.988,pf,map,1.77364,0.615666,-2.88002,0.0132378,0.0236842,-0.000353694,13.3505,346.8,0
48.06,odom,map,1.68137,0.555328,-2.93438,0,0,0,,,
48.096,odom,map,1.68229,0.555514,-2.94798,0,0,0,,,
48.132,odom,map,1.68233,0.555523,-2.9591,0,0,0,,,
48.168,odom,map,1.68233,0.555523,-2.96763,0,0,0,,,
48.204,odom,map,1.68241,0.55548,-2.97368,0,0,0,,,
48.204,ekf,map,1.75435,0.570402,-2.90285,0.0107973,0.0245788,-0.00180083,0.2785,,
48.204,ekf_predict_only,map,1.73744,0.483744,-2.98091,13.5478,39.4241,1.12475,,,
48.204,kf,map,1.65771,0.555288,-2.7539,0.0490081,0.0248219,0.00665184,1.77125,,
48.204,pf,map,1.78141,0.600889,-2.96338,0.0109318,0.0226372,-0.000507528,9.04867,341.326,0
48.24,odom,map,1.68379,0.5547,-2.97914,0,0,0,,,
48.276,odom,map,1.68515,0.553916,-2.98206,0,0,0,,,
48.312,odom,map,1.6865,0.553128,-2.98417,0,0,0,,,
48.348,odom,map,1.68783,0.552336,-2.98628,0,0,0,,,
48.384,odom,map,1.68915,0.551539,-2.98838,0,0,0,,,
48.42,odom,map,1.68941,0.551134,-2.98932,0,0,0,,,
48.384,ekf_predict_only,map,1.73111,0.482719,-2.98092,13.6002,39.341,1.12807,,,
48.384,kf,map,1.65506,0.555733,-2.762,0.0488318,0.0247972,0.00670821,1.986,,
48.384,ekf,map,1.76187,0.573726,-2.91983,0.0106271,0.0241807,-0.00203222,0.247208,,
48.384,pf,map,1.77407,0.602009,-2.9469,0.00926786,0.0218072,-0.00175632,7.65054,322.293,0
48.456,odom,map,1.68819,0.550947,-2.98933,0,0,0,,,
48.492,odom,map,1.68652,0.550691,-2.98937,0,0,0,,,
48.528,odom,map,1.68361,0.550244,-2.98949,0,0,0,,,
48.564,odom,map,1.67992,0.549679,-2.98983,0,0,0,,,
48.6,odom,map,1.67544,0.548996,-2.99057,0,0,0,,,
48.6,kf,map,1.63636,0.548615,-2.76502,0.0485327,0.0252899,0.00743477,0.102708,,
48.6,ekf,map,1.74765,0.571499,-2.92992,0.0109287,0.0243771,-0.00245454,0.095209,,
48.6,ekf_predict_only,map,1.70172,0.477955,-2.98607,13.6616,38.7775,1.14264,,,
48.6,pf,map,1.75097,0.61156,-2.95043,0.0119896,0.0233985,-0.00319224,5.88258,314.267,0
48.636,odom,map,1.66651,0.548543,-2.98963,0,0,0,,,
48.672,odom,map,1.65721,0.548043,-2.98888,0,0,0,,,
48.708,odom,map,1.64689,0.547371,-2.9885,0,0,0,,,
48.744,odom,map,1.63604,0.546602,-2.98822,0,0,0,,,
48.78,odom,map,1.62484,0.545763,-2.9881,0,0,0,,,
48.816,odom,map,1.61473,0.544738,-2.98897,0,0,0,,,
48.816,ekf_predict_only,map,1.65413,0.470494,-2.99922,13.7299,37.8523,1.16075,,,
48.816,ekf,map,1.72183,0.571355,-2.9395,0.0113624,0.0240916,-0.00322307,0.182167,,
48.816,kf,map,1.59999,0.538064,-2.7594,0.0475512,0.0262853,0.00878238,0.121667,,
48.816,pf,map,1.71252,0.601391,-2.92867,0.010604,0.0273114,-0.00339277,8.19696,308.365,0
48.852,odom,map,1.60648,0.54348,-2.9912,0,0,0,,,
48.888,odom,map,1.59751,0.542131,-2.99367,0,0,0,,,
48.924,odom,map,1.58832,0.540774,-2.99623,0,0,0,,,
48.96,odom,map,1.57882,0.539396,-2.99887,0,0,0,,,
48.996,odom,map,1.56884,0.537976,-3.00173,0,0,0,,,
49.032,odom,map,1.55818,0.536492,-3.00462,0,0,0,,,
48.996,ekf,map,1.67134,0.551271,-2.95531,0.0117676,0.0233052,-0.00383957,0.111959,,
48.996,kf,map,1.56263,0.514017,-2.78449,0.0459579,0.027623,0.0102144,0.189959,,
48.996,ekf_predict_only,map,1.60002,0.462738,-3.01365,13.7995,36.8207,1.1699,,,
48.996,pf,map,1.64976,0.58848,-2.93982,0.0111563,0.022365,-0.00376975,16.6895,332.877,0
49.068,odom,map,1.54715,0.534989,-3.0076,0,0,0,,,
49.104,odom,map,1.53598,0.5335,-3.01061,0,0,0,,,
49.14,odom,map,1.52461,0.532019,-3.01368,0,0,0,,,
49.176,odom,map,1.51284,0.530524,-3.01669,0,0,0,,,
49.212,odom,map,1.50088,0.52904,-3.01962,0,0,0,,,
49.212,ekf_predict_only,map,1.52831,0.453512,-3.03126,13.8736,35.4823,1.16555,,,
49.212,ekf,map,1.60744,0.549322,-2.97165,0.0132762,0.0225522,-0.00503999,0.110334,,
49.212,kf,map,1.50124,0.498235,-2.80255,0.0437531,0.0299745,0.0118717,0.095875,,
49.212,pf,map,1.57956,0.57544,-2.96054,0.0135764,0.0181797,-0.0038198,5.88271,343.316,0
49.248,odom,map,1.48881,0.527579,-3.02258,0,0,0,,,
49.284,odom,map,1.4766,0.526138,-3.02561,0,0,0,,,
49.32,odom,map,1.46424,0.524717,-3.02877,0,0,0,,,
49.356,odom,map,1.4519,0.523338,-3.03194,0,0,0,,,
49.392,odom,map,1.43957,0.522001,-3.03513,0,0,0,,,
49.428,odom,map,1.42733,0.520713,-3.03857,0,0,0,,,
49.392,ekf_predict_only,map,1.4674,0.446764,-3.04919,13.9418,34.3934,1.14665,,,
49.392,ekf,map,1.53565,0.540393,-2.99168,0.0145254,0.0215455,-0.00538013,0.114125,,
49.392,kf,map,1.44724,0.487611,-2.84404,0.0414502,0.0320835,0.0128697,0.100459,,
49.401,amcl,map,1.45437,0.533796,-3.01996,0.0242706,0.0435019,-0.00693734,,,
49.392,pf,map,1.5378,0.549778,-3.00645,0.0161253,0.0219609,-0.0060411,7.38946,330.746,0
49.464,odom,map,1.41508,0.519471,-3.04229,0,0,0,,,
49.5,odom,map,1.4029,0.518279,-3.04602,0,0,0,,,
49.536,odom,map,1.39072,0.517135,-3.04975,0,0,0,,,
49.572,odom,map,1.37849,0.516032,-3.05356,0,0,0,,,
49.608,odom,map,1.36636,0.514985,-3.05748,0,0,0,,,
49.608,ekf_predict_only,map,1.39513,0.440067,-3.0729,14.0102,33.1405,1.1073,,,
49.608,kf,map,1.38315,0.474318,-2.88077,0.0390619,0.0346678,0.0135532,0.121041,,
49.608,ekf,map,1.46217,0.533671,-3.0139,0.0168299,0.0208825,-0.00557631,0.188167,,
49.608,pf,map,1.45479,0.560707,-3.01863,0.0143381,0.0185784,-0.00599426,7.30375,339.144,0
49.644,odom,map,1.35431,0.513993,-3.06143,0,0,0,,,
49.68,odom,map,1.34222,0.513047,-3.06553,0,0,0,,,
49.716,odom,map,1.33022,0.512156,-3.06956,0,0,0,,,
49.752,odom,map,1.31817,0.511311,-3.07349,0,0,0,,,
49.788,odom,map,1.30591,0.510497,-3.07675,0,0,0,,,
49.824,odom,map,1.29358,0.50971,-3.07892,0,0,0,,,
49.788,ekf_predict_only,map,1.33353,0.435829,-3.08376,14.0722,32.1218,1.05738,,,
49.788,kf,map,1.33125,0.464505,-2.91787,0.036994,0.0365625,0.0137111,0.109333,,
49.788,ekf,map,1.39617,0.521261,-3.03157,0.0180839,0.0202113,-0.00522581,0.103666,,
49.788,pf,map,1.38228,0.535977,-3.03818,0.0183084,0.0190038,-0.00645601,8.26325,380.173,0
49.86,odom,map,1.28131,0.508949,-3.08019,0,0,0,,,
49.896,odom,map,1.26909,0.508202,-3.08066,0,0,0,,,
49.932,odom,map,1.25699,0.507461,-3.08005,0,0,0,,,
49.968,odom,map,1.24483,0.506704,-3.07859,0,0,0,,,
50.004,odom,map,1.23266,0.505926,-3.07698,0,0,0,,,
50.004,ekf_predict_only,map,1.26156,0.431662,-3.06695,14.1341,30.9719,0.989277,,,
50.004,ekf,map,1.32506,0.51608,-3.0261,0.020005,0.0202861,-0.00467047,0.117375,,
50.004,kf,map,1.2672,0.456244,-2.92384,0.0350996,0.0386662,0.0136405,0.106208,,
50.004,pf,map,1.33353,0.536283,-3.06506,0.0185315,0.0172687,-0.00325886,14.446,368.652,0
50.04,odom,map,1.22065,0.505136,-3.07451,0,0,0,,,
50.076,odom,map,1.20863,0.50431,-3.07135,0,0,0,,,
50.112,odom,map,1.19661,0.503439,-3.06715,0,0,0,,,
50.148,odom,map,1.1846,0.502518,-3.06285,0,0,0,,,
50.184,odom,map,1.17252,0.501537,-3.05818,0,0,0,,,
50.184,ekf_predict_only,map,1.20169,0.427185,-3.03712,14.1971,30.0642,0.938231,,,
50.22,odom,map,1.16237,0.501279,-3.05104,0,0,0,,,
50.184,ekf,map,1.25968,0.510764,-3.00873,0.0208232,0.0201476,-0.00399367,0.100334,,
50.202,amcl,map,1.20055,0.512796,-3.03789,0.0248648,0.0342197,-0.00545666,,,
50.184,kf,map,1.21064,0.453255,-2.91994,0.0335209,0.0400643,0.0133375,0.195083,,
50.184,pf,map,1.24975,0.520337,-3.01412,0.0190198,0.0167624,-0.00250729,11.2815,410.108,0
50.256,odom,map,1.15375,0.501517,-3.04207,0,0,0,,,
50.292,odom,map,1.14516,0.501608,-3.03266,0,0,0,,,
50.328,odom,map,1.13659,0.501547,-3.02305,0,0,0,,,
50.364,odom,map,1.12803,0.501331,-3.01321,0,0,0,,,
50.4,odom,map,1.11958,0.500968,-3.00248,0,0,0,,,
50.4,kf,map,1.14224,0.448086,-2.89509,0.0321045,0.0416861,0.012914,0.207541,,
50.4,ekf,map,1.18329,0.503508,-2.97118,0.0222857,0.0209314,-0.00314773,0.104542,,
50.4,ekf_predict_only,map,1.13153,0.419828,-2.98835,14.2689,29.0385,0.890697,,,
50.4,pf,map,1.18912,0.507552,-2.97982,0.0222258,0.0182553,-0.0032798,6.86033,407.866,0
50.436,odom,map,1.10807,0.499326,-2.99398,0,0,0,,,
50.472,odom,map,1.0965,0.497555,-2.98528,0,0,0,,,
50.508,odom,map,1.08492,0.495676,-2.97614,0,0,0,,,
50.544,odom,map,1.07346,0.493706,-2.96625,0,0,0,,,
50.58,odom,map,1.06217,0.491644,-2.95552,0,0,0,,,
50.616,odom,map,1.05109,0.489494,-2.94404,0,0,0,,,
50.616,ekf_predict_only,map,1.06518,0.409581,-2.91761,14.3502,28.1181,0.864353,,,
50.616,kf,map,1.08044,0.438238,-2.84978,0.0308061,0.0430301,0.0123642,0.104542,,
50.616,ekf,map,1.11386,0.488751,-2.91366,0.0232309,0.0217244,-0.00228816,0.110625,,
50.616,pf,map,1.11649,0.494473,-2.91822,0.0206408,0.0175688,-0.00117481,9.30383,420.753,0
50.652,odom,map,1.04013,0.487234,-2.93225,0,0,0,,,
50.688,odom,map,1.02921,0.484845,-2.92021,0,0,0,,,
50.724,odom,map,1.01849,0.482362,-2.90759,0,0,0,,,
50.76,odom,map,1.00799,0.479786,-2.89417,0,0,0,,,
50.796,odom,map,0.997602,0.477085,-2.88039,0,0,0,,,
50.832,odom,map,0.987443,0.474294,-2.86646,0,0,0,,,
50.796,ekf_predict_only,map,1.01412,0.397947,-2.84774,14.437,27.4522,0.865037,,,
50.796,ekf,map,1.06384,0.481745,-2.84955,0.0233578,0.0218865,-0.00171306,0.100459,,
50.796,kf,map,1.03175,0.428421,-2.78945,0.0297436,0.0438712,0.0117979,0.0985,,
50.796,pf,map,1.07351,0.491381,-2.86664,0.0229163,0.0182253,-0.00140006,13.8281,445.471,0
50.868,odom,map,0.97761,0.471444,-2.85211,0,0,0,,,
50.904,odom,map,0.968213,0.46857,-2.83713,0,0,0,,,
50.94,odom,map,0.959193,0.46566,-2.8217,0,0,0,,,
50.976,odom,map,0.95043,0.462681,-2.80613,0,0,0,,,
51.012,odom,map,0.942845,0.459857,-2.79002,0,0,0,,,
51.012,ekf_predict_only,map,0.963542,0.382643,-2.75011,14.5376,26.82,0.884631,,,
51,amcl,map,0.979264,0.463583,-2.78299,0.0345374,0.0282713,-0.00165976,,,
51.012,kf,map,0.981259,0.41413,-2.70952,0.0288893,0.044923,0.0112188,0.169291,,
51.012,ekf,map,1.0074,0.462218,-2.76165,0.024082,0.0229324,-0.00117117,0.325958,,
51.012,pf,map,0.997956,0.476831,-2.78099,0.022252,0.0209803,-0.00289582,9.87192,451.861,0
51.048,odom,map,0.93775,0.457518,-2.77314,0,0,0,,,
51.084,odom,map,0.932843,0.455095,-2.75616,0,0,0,,,
51.12,odom,map,0.928254,0.452648,-2.7388,0,0,0,,,
51.156,odom,map,0.924093,0.450232,-2.721,0,0,0,,,
51.192,odom,map,0.920417,0.447884,-2.70293,0,0,0,,,
51.192,ekf_predict_only,map,0.93305,0.370056,-2.6593,14.6311,26.4717,0.914211,,,
51.192,kf,map,0.94792,0.402464,-2.61892,0.0281785,0.0454384,0.0107104,0.104333,,
51.192,ekf,map,0.975497,0.457137,-2.67244,0.0239839,0.0229798,-0.000863441,0.169917,,
51.228,odom,map,0.915072,0.445116,-2.68481,0,0,0,,,
51.192,pf,map,0.967058,0.462332,-2.67438,0.0204373,0.0211692,-0.00101143,11.8787,441.872,0
51.264,odom,map,0.909177,0.442153,-2.66664,0,0,0,,,
51.3,odom,map,0.903422,0.439127,-2.6483,0,0,0,,,
51.336,odom,map,0.898007,0.436151,-2.62956,0,0,0,,,
51.372,odom,map,0.893068,0.433314,-2.61036,0,0,0,,,
51.408,odom,map,0.888265,0.430429,-2.59109,0,0,0,,,
51.408,ekf_predict_only,map,0.904978,0.35536,-2.54245,14.7339,26.1635,0.957476,,,
51.408,ekf,map,0.929269,0.441586,-2.56364,0.0244887,0.0238013,-0.000580991,0.117333,,
51.408,kf,map,0.90684,0.391892,-2.51552,0.0276679,0.0461525,0.0102412,0.109625,,
51.408,pf,map,0.930841,0.463501,-2.57968,0.0206167,0.0187082,-0.00253488,6.78108,453.018,0
51.444,odom,map,0.8837,0.427567,-2.57167,0,0,0,,,
51.48,odom,map,0.879434,0.424775,-2.55212,0,0,0,,,
51.516,odom,map,0.875769,0.422272,-2.53233,0,0,0,,,
51.552,odom,map,0.872483,0.419931,-2.51218,0,0,0,,,
51.588,odom,map,0.869309,0.41757,-2.49196,0,0,0,,,
51.588,kf,map,0.890179,0.380589,-2.41474,0.0272153,0.0464081,0.0098601,0.097792,,
51.588,ekf,map,0.913543,0.433127,-2.46295,0.0242783,0.0237546,-0.000390078,0.186875,,
51.624,odom,map,0.866357,0.415281,-2.47158,0,0,0,,,
51.588,ekf_predict_only,map,0.890284,0.345325,-2.44013,14.8213,26.0294,0.992965,,,
51.6,amcl,map,0.886226,0.398285,-2.47793,0.032034,0.0232787,-0.00243358,,,
51.588,pf,map,0.923071,0.443955,-2.47898,0.0213292,0.0179231,0.000800875,16.8276,457.304,0
51.66,odom,map,0.863782,0.413199,-2.45097,0,0,0,,,
51.696,odom,map,0.861594,0.411353,-2.43012,0,0,0,,,
51.732,odom,map,0.859594,0.409592,-2.40923,0,0,0,,,
51.768,odom,map,0.857709,0.407861,-2.38832,0,0,0,,,
51.804,odom,map,0.856174,0.406187,-2.36731,0,0,0,,,
51.804,ekf_predict_only,map,0.87981,0.336477,-2.3148,14.9052,25.9495,1.02777,,,
51.804,kf,map,0.861599,0.376657,-2.29379,0.026994,0.0468329,0.00959344,0.201708,,
51.804,ekf,map,0.882603,0.428683,-2.34029,0.0246714,0.0242805,-0.000284789,0.109833,,
51.804,pf,map,0.887979,0.418325,-2.32855,0.0222184,0.0206073,0.000504592,6.45192,482.496,0
51.84,odom,map,0.85827,0.404428,-2.34445,0,0,0,,,
51.876,odom,map,0.860631,0.402882,-2.3216,0,0,0,,,
51.912,odom,map,0.863105,0.401407,-2.29875,0,0,0,,,
51.948,odom,map,0.865745,0.400074,-2.27581,0,0,0,,,
51.984,odom,map,0.868604,0.398964,-2.25284,0,0,0,,,
52.02,odom,map,0.869657,0.398183,-2.23103,0,0,0,,,
51.984,ekf_predict_only,map,0.877285,0.333734,-2.21029,14.9659,25.9684,1.03977,,,
52.002,amcl,map,0.88349,0.375128,-2.24571,0.0225307,0.0239787,-0.000577517,,,
51.984,kf,map,0.859318,0.371063,-2.1743,0.0267821,0.0468456,0.00942117,0.179958,,
51.984,ekf,map,0.886513,0.435409,-2.22892,0.0243966,0.0241209,-0.000180697,0.099083,,
51.984,pf,map,0.86541,0.429152,-2.21454,0.0227462,0.0207957,-0.00270759,17.6084,440.684,0
52.056,odom,map,0.869277,0.397685,-2.21026,0,0,0,,,
52.092,odom,map,0.869001,0.397304,-2.18965,0,0,0,,,
52.128,odom,map,0.868816,0.39704,-2.16888,0,0,0,,,
52.164,odom,map,0.868801,0.397018,-2.14816,0,0,0,,,
52.2,odom,map,0.868919,0.397205,-2.12762,0,0,0,,,
52.2,ekf_predict_only,map,0.87826,0.335045,-2.08721,15.0107,26.0304,1.0336,,,
52.2,ekf,map,0.875845,0.434216,-2.10714,0.0247396,0.0244742,-0.000165381,0.097709,,
52.2,kf,map,0.850405,0.373036,-2.05331,0.026811,0.0470189,0.00940207,0.104875,,
52.2,pf,map,0.865458,0.425278,-2.09663,0.0248499,0.0203068,-0.000294176,7.39417,476.215,0
52.236,odom,map,0.86906,0.397437,-2.10711,0,0,0,,,
52.272,odom,map,0.869248,0.397761,-2.08663,0,0,0,,,
52.308,odom,map,0.869496,0.39821,-2.06631,0,0,0,,,
52.344,odom,map,0.869773,0.398735,-2.04618,0,0,0,,,
52.38,odom,map,0.870051,0.399289,-2.02614,0,0,0,,,
52.416,odom,map,0.870262,0.398736,-2.0065,0,0,0,,,
52.416,kf,map,0.849581,0.375859,-1.93953,0.0268507,0.0470191,0.00944403,0.156625,,
52.401,amcl,map,0.878574,0.371561,-2.02143,0.0209665,0.0258843,0.00119237,,,
52.416,ekf,map,0.873278,0.431792,-1.98947,0.0248426,0.0246616,-8.23438e-05,0.179,,
52.416,ekf_predict_only,map,0.880588,0.339144,-1.9686,15.0449,26.1092,1.01281,,,
52.416,pf,map,0.876649,0.413301,-1.98499,0.022653,0.0263688,0.000721145,5.96008,467.71,0
52.452,odom,map,0.870379,0.396458,-1.98771,0,0,0,,,
52.488,odom,map,0.870519,0.394274,-1.96921,0,0,0,,,
52.524,odom,map,0.870687,0.392207,-1.95093,0,0,0,,,
52.56,odom,map,0.870856,0.390193,-1.93274,0,0,0,,,
52.596,odom,map,0.871019,0.388224,-1.91469,0,0,0,,,
52.596,ekf_predict_only,map,0.883469,0.346002,-1.87761,15.0688,26.1948,0.975894,,,
52.632,odom,map,0.871456,0.389218,-1.89649,0,0,0,,,
52.596,kf,map,0.853649,0.37959,-1.84294,0.0268534,0.0467844,0.00949794,0.17225,,
52.596,ekf,map,0.879087,0.437885,-1.89378,0.0244409,0.0241962,-0.000100473,0.10925,,
52.596,pf,map,0.875248,0.444131,-1.90176,0.0240223,0.0226062,0.000731854,13.5198,456.619,0
52.668,odom,map,0.871965,0.390772,-1.87833,0,0,0,,,
52.704,odom,map,0.872508,0.392536,-1.8604,0,0,0,,,
52.74,odom,map,0.873031,0.394351,-1.84255,0,0,0,,,
52.776,odom,map,0.873564,0.396333,-1.82494,0,0,0,,,
52.812,odom,map,0.874917,0.39812,-1.80767,0,0,0,,,
52.812,ekf_predict_only,map,0.887559,0.358908,-1.77462,15.071,26.2955,0.90341,,,
52.812,kf,map,0.85216,0.391842,-1.73814,0.0271099,0.0467217,0.00971333,0.109833,,
52.812,ekf,map,0.877156,0.448497,-1.78791,0.0247739,0.0245468,-7.97898e-05,0.178833,,
52.8,amcl,map,0.882134,0.372826,-1.80845,0.0184137,0.0250441,0.000988294,,,
52.812,pf,map,0.870243,0.437232,-1.7668,0.0203259,0.0210686,0.000108273,6.44108,440.249,0
52.848,odom,map,0.878093,0.39913,-1.79059,0,0,0,,,
52.884,odom,map,0.881218,0.400087,-1.7737,0,0,0,,,
52.92,odom,map,0.884324,0.401132,-1.75746,0,0,0,,,
52.956,odom,map,0.887408,0.402258,-1.74162,0,0,0,,,
52.992,odom,map,0.890459,0.403415,-1.72591,0,0,0,,,
52.992,ekf,map,0.879102,0.473029,-1.70006,0.0244607,0.0242728,-5.32393e-05,0.194708,,
53.028,odom,map,0.891561,0.40552,-1.71045,0,0,0,,,
52.992,ekf_predict_only,map,0.890119,0.371296,-1.6987,15.0769,26.3774,0.830916,,,
52.992,kf,map,0.848132,0.404685,-1.64259,0.0272305,0.0463981,0.009877,0.170625,,
52.992,pf,map,0.883141,0.447112,-1.67409,0.0233199,0.0224645,0.000827058,9.17008,471.347,0
53.064,odom,map,0.891843,0.407626,-1.69607,0,0,0,,,
53.1,odom,map,0.891946,0.408476,-1.68423,0,0,0,,,
53.136,odom,map,0.891947,0.408492,-1.67499,0,0,0,,,
53.172,odom,map,0.891947,0.408492,-1.66834,0,0,0,,,
53.208,odom,map,0.891743,0.408303,-1.66438,0,0,0,,,
53.208,kf,map,0.84261,0.408808,-1.60235,0.0273601,0.0464699,0.00995962,0.205083,,
53.208,ekf,map,0.874646,0.479702,-1.66051,0.0248153,0.024751,-3.42787e-07,0.108375,,
53.208,ekf_predict_only,map,0.890119,0.371296,-1.6987,15.1269,26.4274,0.830916,,,
53.208,pf,map,0.845884,0.444232,-1.60974,0.0219648,0.0252057,-0.000717503,11.2461,474.185,0
53.244,odom,map,0.89082,0.407453,-1.66339,0,0,0,,,
53.28,odom,map,0.889897,0.406603,-1.66387,0,0,0,,,
53.316,odom,map,0.888974,0.405752,-1.66435,0,0,0,,,
53.352,odom,map,0.888049,0.404901,-1.66483,0,0,0,,,
53.388,odom,map,0.887125,0.40405,-1.66531,0,0,0,,,
53.388,kf,map,0.842779,0.409588,-1.59451,0.0273077,0.0463214,0.00995177,0.100334,,
53.388,ekf,map,0.871557,0.471879,-1.64877,0.0244729,0.0244653,-5.40055e-06,0.112875,,
53.424,odom,map,0.88679,0.403742,-1.66548,0,0,0,,,
53.388,ekf_predict_only,map,0.890119,0.371296,-1.6987,15.1769,26.4774,0.830916,,,
53.388,pf,map,0.845081,0.463572,-1.62197,0.0240349,0.0252532,-0.0020925,16.1407,487.402,0
53.46,odom,map,0.88679,0.403742,-1.66548,0,0,0,,,
53.496,odom,map,0.88679,0.403742,-1.66548,0,0,0,,,
53.532,odom,map,0.88679,0.403742,-1.66548,0,0,0,,,
53.568,odom,map,0.88679,0.403742,-1.66548,0,0,0,,,
53.604,odom,map,0.886775,0.403606,-1.6654,0,0,0,,,
53.604,ekf_predict_only,map,0.890119,0.371296,-1.6987,15.2269,26.5274,0.830916,,,
53.604,kf,map,0.840758,0.410871,-1.59315,0.0273908,0.0464395,0.00998904,0.106917,,
53.604,ekf,map,0.867438,0.468913,-1.64417,0.0248242,0.0248438,2.21131e-05,0.105459,,
53.604,pf,map,0.850958,0.465029,-1.63499,0.0220665,0.0214514,0.00121914,9.50488,516.444,0
53.64,odom,map,0.886497,0.401149,-1.66392,0,0,0,,,
53.676,odom,map,0.886212,0.398689,-1.66244,0,0,0,,,
53.712,odom,map,0.885921,0.396228,-1.66096,0,0,0,,,
53.748,odom,map,0.885624,0.393764,-1.65949,0,0,0,,,
53.784,odom,map,0.885321,0.391299,-1.65801,0,0,0,,,
53.82,odom,map,0.885185,0.390202,-1.65735,0,0,0,,,
53.784,ekf_predict_only,map,0.890119,0.371296,-1.6987,15.2769,26.5774,0.830916,,,
53.784,kf,map,0.839757,0.411502,-1.59299,0.0273215,0.0463076,0.00996502,0.109167,,
53.784,ekf,map,0.865627,0.467685,-1.64233,0.0244843,0.0244925,7.83506e-06,0.30225,,
53.784,pf,map,0.870873,0.459533,-1.64425,0.0228965,0.0220809,-0.00125228,7.80146,458.757,0
53.856,odom,map,0.885185,0.390202,-1.65735,0,0,0,,,
53.892,odom,map,0.885185,0.390202,-1.65735,0,0,0,,,
53.928,odom,map,0.885185,0.390202,-1.65735,0,0,0,,,
53.964,odom,map,0.885185,0.390202,-1.65735,0,0,0,,,
54,odom,map,0.885185,0.390203,-1.65736,0,0,0,,,
54,kf,map,0.835924,0.413247,-1.59305,0.0273974,0.0464329,0.00999536,0.110584,,
54,ekf,map,0.861242,0.468885,-1.64157,0.0248328,0.0248933,3.90001e-05,0.095208,,
54,ekf_predict_only,map,0.89012,0.371301,-1.69881,15.3269,26.6274,0.830885,,,
54,pf,map,0.845704,0.481193,-1.64093,0.0241366,0.0233748,-0.000579531,11.2879,427.778,0
54.036,odom,map,0.885185,0.390203,-1.65738,0,0,0,,,
54.072,odom,map,0.885189,0.390256,-1.65758,0,0,0,,,
54.108,odom,map,0.88519,0.390265,-1.65786,0,0,0,,,
54.144,odom,map,0.885188,0.390245,-1.65843,0,0,0,,,
54.18,odom,map,0.885186,0.39022,-1.65912,0,0,0,,,
54.216,ekf_predict_only,map,0.890013,0.370474,-1.70462,15.3798,26.676,0.835853,,,
54.216,odom,map,0.885177,0.39012,-1.65999,0,0,0,,,
54.216,ekf,map,0.86765,0.467753,-1.64383,0.0249105,0.0250567,8.6055e-05,0.106042,,
54.216,pf,map,0.87224,0.478648,-1.65111,0.0227017,0.0229332,-0.00232921,6.98996,474.552,0
54.216,kf,map,0.841001,0.410753,-1.59515,0.0274031,0.0464669,0.0100013,0.105,,
54.252,odom,map,0.885166,0.389998,-1.66127,0,0,0,,,
54.288,odom,map,0.885152,0.389848,-1.66332,0,0,0,,,
54.324,odom,map,0.885136,0.389678,-1.66571,0,0,0,,,
54.36,odom,map,0.88513,0.389606,-1.66846,0,0,0,,,
54.396,odom,map,0.885126,0.389571,-1.67137,0,0,0,,,
54.396,ekf_predict_only,map,0.889906,0.369674,-1.72545,15.4326,26.7247,0.840641,,,
54.396,kf,map,0.839864,0.410721,-1.60489,0.0273127,0.0463253,0.0099577,0.099459,,
54.396,ekf,map,0.867746,0.471118,-1.65643,0.0244769,0.0245082,1.19027e-05,0.189125,,
54.432,odom,map,0.885117,0.389485,-1.67455,0,0,0,,,
54.396,pf,map,0.865847,0.471983,-1.66135,0.0240994,0.0223306,0.00144796,13.9714,449.96,0
54.468,odom,map,0.8851,0.389324,-1.67871,0,0,0,,,
54.504,odom,map,0.885082,0.389164,-1.68288,0,0,0,,,
54.54,odom,map,0.885066,0.389024,-1.68712,0,0,0,,,
54.576,odom,map,0.885059,0.388965,-1.69216,0,0,0,,,
54.612,ekf,map,0.870956,0.46967,-1.68221,0.0248072,0.0248714,3.25344e-05,0.264375,,
54.612,odom,map,0.885054,0.38892,-1.69756,0,0,0,,,
54.612,ekf_predict_only,map,0.889864,0.369404,-1.75784,15.4835,26.7742,0.842248,,,
54.612,kf,map,0.842655,0.408641,-1.63018,0.0273704,0.046462,0.00996991,0.101375,,
54.612,pf,map,0.860133,0.459981,-1.67707,0.0183362,0.0217097,0.00100781,16.4163,470.387,0
54.648,odom,map,0.885034,0.388773,-1.70322,0,0,0,,,
54.684,odom,map,0.885001,0.388526,-1.70925,0,0,0,,,
54.72,odom,map,0.884944,0.388127,-1.71576,0,0,0,,,
54.756,odom,map,0.884869,0.387626,-1.72238,0,0,0,,,
54.792,odom,map,0.884779,0.387053,-1.72943,0,0,0,,,
54.792,ekf_predict_only,map,0.889656,0.368306,-1.79618,15.5374,26.8216,0.848721,,,
54.792,kf,map,0.842907,0.407238,-1.66264,0.027275,0.0463546,0.0099206,0.102041,,
54.792,ekf,map,0.870622,0.467211,-1.71472,0.0244573,0.0244384,-1.71433e-05,0.09625,,
54.828,odom,map,0.884732,0.386764,-1.73703,0,0,0,,,
54.792,pf,map,0.84384,0.47492,-1.70114,0.0186453,0.023579,-0.00172875,11.9969,432.087,0
54.864,odom,map,0.884729,0.386748,-1.74506,0,0,0,,,
54.9,odom,map,0.884732,0.386764,-1.75315,0,0,0,,,
54.936,odom,map,0.884757,0.386896,-1.76144,0,0,0,,,
54.972,odom,map,0.884781,0.387016,-1.76997,0,0,0,,,
55.008,odom,map,0.884796,0.38709,-1.77924,0,0,0,,,
55.008,ekf_predict_only,map,0.889835,0.369089,-1.85263,15.5846,26.8738,0.844162,,,
55.008,ekf,map,0.868616,0.472073,-1.76277,0.0248075,0.0248182,8.61619e-06,0.09925,,
55.008,kf,map,0.839753,0.408934,-1.70876,0.0273505,0.0464799,0.00995054,0.098958,,
55.008,pf,map,0.844966,0.480623,-1.75592,0.0209909,0.0259509,-0.00356834,6.24238,445.147,0
55.044,odom,map,0.884825,0.387221,-1.78865,0,0,0,,,
55.08,odom,map,0.884851,0.387336,-1.79833,0,0,0,,,
55.116,odom,map,0.884876,0.387444,-1.80877,0,0,0,,,
55.152,odom,map,0.884891,0.387501,-1.81983,0,0,0,,,
55.188,odom,map,0.884903,0.387549,-1.83097,0,0,0,,,
55.224,odom,map,0.884877,0.387453,-1.84256,0,0,0,,,
55.188,ekf_predict_only,map,0.889645,0.368433,-1.9113,15.6369,26.9215,0.847912,,,
55.188,kf,map,0.849179,0.404594,-1.76592,0.0272724,0.0463568,0.00991796,0.101584,,
55.188,ekf,map,0.87655,0.462559,-1.81733,0.0244723,0.0244825,-1.02019e-06,0.210917,,
55.188,pf,map,0.870296,0.471651,-1.81772,0.0249285,0.0217311,-0.00150113,21.3667,453.571,0
55.26,odom,map,0.884829,0.387285,-1.85446,0,0,0,,,
55.296,odom,map,0.884741,0.386993,-1.86699,0,0,0,,,
55.332,odom,map,0.884647,0.386692,-1.8796,0,0,0,,,
55.368,odom,map,0.884552,0.3864,-1.89235,0,0,0,,,
55.404,odom,map,0.884443,0.38608,-1.90534,0,0,0,,,
55.404,ekf_predict_only,map,0.888955,0.366486,-1.99146,15.6938,26.9629,0.858806,,,
55.404,kf,map,0.846778,0.403903,-1.83722,0.0273195,0.0465108,0.00992057,0.221167,,
55.404,ekf,map,0.874649,0.464809,-1.88989,0.0247958,0.0247418,-3.10022e-05,0.092666,,
55.404,pf,map,0.862967,0.482238,-1.89553,0.0258227,0.0239861,0.000858306,9.10221,480.549,0
55.44,odom,map,0.884328,0.385754,-1.91864,0,0,0,,,
55.476,odom,map,0.884208,0.385432,-1.932,0,0,0,,,
55.512,odom,map,0.884074,0.385083,-1.94566,0,0,0,,,
55.548,odom,map,0.883852,0.384532,-1.95959,0,0,0,,,
55.584,odom,map,0.88361,0.383953,-1.97353,0,0,0,,,
55.584,ekf_predict_only,map,0.887675,0.363623,-2.06116,15.754,26.997,0.874321,,,
55.62,odom,map,0.883361,0.383377,-1.98747,0,0,0,,,
55.584,kf,map,0.849452,0.400141,-1.90935,0.0272027,0.0464264,0.00985046,0.109583,,
55.584,ekf,map,0.875077,0.455842,-1.95908,0.0244506,0.0243916,-5.12033e-05,0.097167,,
55.584,pf,map,0.89137,0.456706,-1.96518,0.0231953,0.0213295,0.000774494,15.1265,497.901,0
55.656,odom,map,0.88305,0.382688,-2.00168,0,0,0,,,
55.692,odom,map,0.882716,0.381976,-2.01597,0,0,0,,,
55.728,odom,map,0.882335,0.381192,-2.03026,0,0,0,,,
55.764,odom,map,0.881912,0.380353,-2.04456,0,0,0,,,
55.8,odom,map,0.881438,0.379444,-2.05864,0,0,0,,,
55.8,ekf_predict_only,map,0.884755,0.358155,-2.14549,15.8238,27.0107,0.902974,,,
55.8,kf,map,0.845148,0.396344,-1.98723,0.0271859,0.0466443,0.00978947,0.104917,,
55.8,ekf,map,0.872283,0.457189,-2.03977,0.0247891,0.0247367,-4.3933e-05,0.090417,,
55.8,amcl,map,0.890339,0.384717,-2.05313,0.0151292,0.025938,0.00127515,,,
55.8,pf,map,0.862564,0.466763,-2.03069,0.0256011,0.0246292,0.000105561,19.8464,470.188,0
55.836,odom,map,0.880927,0.378499,-2.07278,0,0,0,,,
55.872,odom,map,0.880371,0.377502,-2.08679,0,0,0,,,
55.908,odom,map,0.8798,0.376512,-2.10062,0,0,0,,,
55.944,odom,map,0.879217,0.375531,-2.11444,0,0,0,,,
55.98,odom,map,0.878616,0.374553,-2.12813,0,0,0,,,
56.016,odom,map,0.877963,0.37352,-2.1417,0,0,0,,,
56.016,kf,map,0.846533,0.388766,-2.06153,0.0270782,0.0467914,0.00968107,0.175833,,
56.016,ekf,map,0.87614,0.45479,-2.11847,0.0248597,0.024913,-2.30133e-06,0.179667,,
56.016,ekf_predict_only,map,0.880692,0.35188,-2.22668,15.8969,27.0105,0.934295,,,
56.016,pf,map,0.879452,0.459635,-2.12373,0.0240544,0.0218883,0.00168725,5.75646,452.128,0
56.052,odom,map,0.877283,0.372477,-2.15523,0,0,0,,,
56.088,odom,map,0.876636,0.371513,-2.16868,0,0,0,,,
56.124,odom,map,0.876003,0.370597,-2.18209,0,0,0,,,
56.16,odom,map,0.875075,0.369293,-2.19503,0,0,0,,,
56.196,odom,map,0.873842,0.367604,-2.20782,0,0,0,,,
56.232,odom,map,0.872461,0.365764,-2.22048,0,0,0,,,
56.196,ekf_predict_only,map,0.873172,0.342109,-2.28961,15.9838,26.968,0.980191,,,
56.196,kf,map,0.850474,0.377592,-2.134,0.0268391,0.0467981,0.00948268,0.112084,,
56.196,ekf,map,0.876803,0.436574,-2.1875,0.0244317,0.0244235,-5.79208e-05,0.103083,,
56.196,pf,map,0.866751,0.462836,-2.19566,0.0247979,0.0264523,0.00205009,6.619,479.703,0
56.268,odom,map,0.870795,0.363599,-2.23277,0,0,0,,,
56.304,odom,map,0.868924,0.361228,-2.2447,0,0,0,,,
56.34,odom,map,0.866993,0.358839,-2.25654,0,0,0,,,
56.376,odom,map,0.864869,0.356274,-2.26822,0,0,0,,,
56.412,odom,map,0.862568,0.353561,-2.27953,0,0,0,,,
56.412,ekf_predict_only,map,0.858799,0.325681,-2.35605,16.0984,26.843,1.05191,,,
56.412,kf,map,0.841918,0.362521,-2.20591,0.0266199,0.0472103,0.00919154,0.115833,,
56.412,ekf,map,0.866637,0.421659,-2.25842,0.0247565,0.024793,-4.35792e-05,0.098042,,
56.4,amcl,map,0.885126,0.361485,-2.26904,0.0132515,0.016582,0.00171746,,,
56.412,pf,map,0.85349,0.443277,-2.27289,0.0235123,0.0217904,0.00254786,6.74842,449.831,0
56.448,odom,map,0.860139,0.350759,-2.29039,0,0,0,,,
56.484,odom,map,0.857638,0.347936,-2.30114,0,0,0,,,
56.52,odom,map,0.855093,0.345125,-2.31188,0,0,0,,,
56.556,odom,map,0.852433,0.342249,-2.32239,0,0,0,,,
56.592,odom,map,0.849529,0.339173,-2.33227,0,0,0,,,
56.592,ekf_predict_only,map,0.843738,0.310616,-2.40513,16.2104,26.7123,1.11128,,,
56.592,kf,map,0.833441,0.347947,-2.26549,0.0262591,0.0473676,0.00883045,0.10175,,
56.592,ekf,map,0.855073,0.402267,-2.31407,0.024435,0.02455,-2.32565e-05,0.112667,,
56.628,odom,map,0.84778,0.336773,-2.34136,0,0,0,,,
56.592,pf,map,0.847912,0.422492,-2.33047,0.0234966,0.0234503,-0.00196351,17.4617,444.788,0
56.664,odom,map,0.846368,0.334553,-2.35007,0,0,0,,,
56.7,odom,map,0.844748,0.332172,-2.35847,0,0,0,,,
56.736,odom,map,0.843014,0.329728,-2.36658,0,0,0,,,
56.772,odom,map,0.841149,0.327205,-2.37453,0,0,0,,,
56.808,odom,map,0.838774,0.324397,-2.38255,0,0,0,,,
56.808,kf,map,0.811611,0.32968,-2.32232,0.0259421,0.0478832,0.00836902,0.101459,,
56.808,ekf,map,0.83159,0.385221,-2.3699,0.0248084,0.0252204,8.47569e-05,0.140625,,
56.808,ekf_predict_only,map,0.820858,0.289873,-2.45764,16.3503,26.493,1.18385,,,
56.808,pf,map,0.842243,0.400343,-2.38193,0.0218658,0.0215033,-0.000334064,6.02513,487.442,0
56.844,odom,map,0.834984,0.320832,-2.39111,0,0,0,,,
56.88,odom,map,0.831004,0.317152,-2.39938,0,0,0,,,
56.916,odom,map,0.826955,0.313469,-2.40762,0,0,0,,,
56.952,odom,map,0.82275,0.309706,-2.41561,0,0,0,,,
56.988,odom,map,0.818399,0.305873,-2.42278,0,0,0,,,
57.024,odom,map,0.814014,0.302063,-2.42973,0,0,0,,,
56.988,ekf,map,0.818343,0.360491,-2.41175,0.0245101,0.0252035,0.000174999,0.301125,,
56.988,kf,map,0.800777,0.310103,-2.36804,0.0255281,0.0480958,0.00787337,0.217292,,
56.988,ekf_predict_only,map,0.798344,0.271519,-2.49235,16.484,26.284,1.23804,,,
56.988,pf,map,0.790493,0.36437,-2.41562,0.0215091,0.0225473,0.00229278,13.5727,476.352,0
57.06,odom,map,0.809577,0.298261,-2.4362,0,0,0,,,
57.096,odom,map,0.80509,0.294462,-2.44162,0,0,0,,,
57.132,odom,map,0.800603,0.2907,-2.4463,0,0,0,,,
57.168,odom,map,0.796107,0.286967,-2.45083,0,0,0,,,
57.204,odom,map,0.791725,0.283271,-2.45492,0,0,0,,,
57.204,ekf_predict_only,map,0.770421,0.250325,-2.51563,16.6357,26.0212,1.28973,,,
57.204,ekf,map,0.793494,0.336593,-2.44369,0.0248775,0.0260003,0.000290986,0.100375,,
57.204,kf,map,0.778461,0.288778,-2.40307,0.0252185,0.0486051,0.00732312,0.103708,,
57.204,pf,map,0.78733,0.327839,-2.44912,0.0263383,0.025191,0.000983144,6.67333,489.767,0
57.24,odom,map,0.78953,0.279887,-2.45836,0,0,0,,,
57.276,odom,map,0.787307,0.276503,-2.46096,0,0,0,,,
57.312,odom,map,0.785075,0.273127,-2.46344,0,0,0,,,
57.348,odom,map,0.782829,0.269757,-2.46556,0,0,0,,,
57.384,odom,map,0.780466,0.266305,-2.46694,0,0,0,,,
57.42,odom,map,0.776773,0.262663,-2.46835,0,0,0,,,
57.384,ekf_predict_only,map,0.745875,0.232579,-2.52316,16.775,25.804,1.32453,,,
57.384,kf,map,0.752927,0.272912,-2.42414,0.0248532,0.0487702,0.00680465,0.098,,
57.384,ekf,map,0.764953,0.315883,-2.46016,0.0245639,0.0259798,0.000358425,0.110125,,
57.384,pf,map,0.748683,0.29028,-2.42999,0.0251112,0.0239968,-0.00235237,6.56808,475.727,0
57.456,odom,map,0.771961,0.25883,-2.46936,0,0,0,,,
57.492,odom,map,0.767096,0.254961,-2.46992,0,0,0,,,
57.528,odom,map,0.762132,0.251015,-2.46976,0,0,0,,,
57.564,odom,map,0.75715,0.24705,-2.46919,0,0,0,,,
57.6,odom,map,0.752167,0.24308,-2.46849,0,0,0,,,
57.6,ekf_predict_only,map,0.714729,0.210418,-2.51895,16.9419,25.5255,1.35929,,,
57.6,kf,map,0.728439,0.250619,-2.42692,0.0245979,0.0492257,0.00622329,0.100458,,
57.6,ekf,map,0.739702,0.293949,-2.46152,0.024925,0.0270658,0.000499713,0.105792,,
57.6,pf,map,0.702287,0.27448,-2.43769,0.0228267,0.0263197,-0.000949885,7.53683,453.092,0
57.636,odom,map,0.747174,0.239096,-2.46746,0,0,0,,,
57.672,odom,map,0.742198,0.235114,-2.46564,0,0,0,,,
57.708,odom,map,0.737244,0.231131,-2.4631,0,0,0,,,
57.744,odom,map,0.732306,0.227138,-2.4602,0,0,0,,,
57.78,odom,map,0.727404,0.22315,-2.45692,0,0,0,,,
57.816,ekf_predict_only,map,0.684417,0.188656,-2.4931,17.1125,25.267,1.38606,,,
57.816,ekf,map,0.706273,0.273061,-2.44428,0.024993,0.0277592,0.000589111,0.135292,,
57.816,odom,map,0.722578,0.219194,-2.45289,0,0,0,,,
57.816,kf,map,0.696713,0.230067,-2.41081,0.024318,0.0495451,0.00562547,0.192917,,
57.816,pf,map,0.675543,0.250474,-2.42144,0.0211504,0.0259186,-0.00084873,8.97329,448.393,0
57.852,odom,map,0.71783,0.215268,-2.44822,0,0,0,,,
57.888,odom,map,0.713133,0.211345,-2.44317,0,0,0,,,
57.924,odom,map,0.708457,0.207399,-2.43812,0,0,0,,,
57.96,odom,map,0.70394,0.203547,-2.43256,0,0,0,,,
57.996,odom,map,0.699809,0.199977,-2.4251,0,0,0,,,
57.996,ekf_predict_only,map,0.665136,0.174045,-2.45046,17.2467,25.1266,1.40267,,,
58.032,odom,map,0.696012,0.196645,-2.41691,0,0,0,,,
57.996,kf,map,0.673802,0.215213,-2.38348,0.0240548,0.0495785,0.00515493,0.107041,,
57.996,ekf,map,0.681918,0.25545,-2.4147,0.0245956,0.0276184,0.000612342,0.252375,,
57.996,pf,map,0.679886,0.253695,-2.41402,0.0194771,0.0257702,0.000106937,8.57429,464.937,0
58.068,odom,map,0.692403,0.193422,-2.40838,0,0,0,,,
58.104,odom,map,0.688979,0.19031,-2.39928,0,0,0,,,
58.14,odom,map,0.685761,0.187329,-2.38928,0,0,0,,,
58.176,odom,map,0.682557,0.184298,-2.37855,0,0,0,,,
58.212,odom,map,0.679368,0.181215,-2.3672,0,0,0,,,
58.212,ekf_predict_only,map,0.644596,0.157053,-2.38046,17.3979,24.9787,1.42335,,,
58.212,kf,map,0.656978,0.197175,-2.33534,0.0239405,0.0498879,0.00470385,0.113042,,
58.212,ekf,map,0.663205,0.229345,-2.36132,0.0249159,0.0285099,0.000662616,0.1335,,
58.212,pf,map,0.681117,0.248679,-2.37881,0.0255781,0.0249729,-0.000971717,5.80067,492.742,0
58.248,odom,map,0.67621,0.178089,-2.35554,0,0,0,,,
58.284,odom,map,0.6731,0.174938,-2.34349,0,0,0,,,
58.32,odom,map,0.670033,0.171753,-2.33117,0,0,0,,,
58.356,odom,map,0.667006,0.168531,-2.31886,0,0,0,,,
58.392,odom,map,0.663927,0.165171,-2.30604,0,0,0,,,
58.392,ekf,map,0.639127,0.214092,-2.30195,0.0245711,0.0283171,0.000623829,0.110709,,
58.428,odom,map,0.660795,0.161659,-2.29216,0,0,0,,,
58.392,kf,map,0.634138,0.18277,-2.27821,0.0237358,0.0498906,0.00428322,3.04275,,
58.392,ekf_predict_only,map,0.627502,0.140769,-2.31046,17.5481,24.868,1.44726,,,
58.392,pf,map,0.63591,0.227932,-2.30886,0.0202062,0.0258556,-0.000155735,11.6648,497.323,0
58.464,odom,map,0.657646,0.158026,-2.27794,0,0,0,,,
58.5,odom,map,0.654519,0.154315,-2.26359,0,0,0,,,
58.536,odom,map,0.651393,0.150491,-2.24902,0,0,0,,,
58.572,odom,map,0.648231,0.146506,-2.23401,0,0,0,,,
58.608,odom,map,0.645027,0.142339,-2.21849,0,0,0,,,
58.608,ekf_predict_only,map,0.606202,0.117426,-2.21709,17.7476,24.7228,1.48604,,,
58.608,ekf,map,0.585311,0.185329,-2.22372,0.0491769,0.0493894,-0.000171875,0.058167,,
58.608,kf,map,0.586445,0.164729,-2.20712,0.0431747,0.0505242,0.0012036,0.059791,,
58.608,pf,map,0.611016,0.202888,-2.22624,0.0416364,0.0436217,0.000712394,5.40283,704.757,0
58.644,odom,map,0.641788,0.137986,-2.20273,0,0,0,,,
58.68,odom,map,0.638526,0.133455,-2.18679,0,0,0,,,
58.716,odom,map,0.635253,0.128751,-2.17062,0,0,0,,,
58.752,odom,map,0.63192,0.12379,-2.15435,0,0,0,,,
58.788,odom,map,0.628571,0.118627,-2.13799,0,0,0,,,
58.824,odom,map,0.625219,0.113266,-2.12139,0,0,0,,,
58.788,ekf_predict_only,map,0.586888,0.0918236,-2.13345,17.9693,24.6006,1.5354,,,
58.788,kf,map,0.55085,0.143793,-2.14119,0.048662,0.0505286,0.000305674,0.107583,,
58.788,ekf,map,0.54782,0.154338,-2.15139,0.0554924,0.0555452,-0.000120908,0.057084,,
58.8,amcl,map,0.630622,0.125416,-2.12891,0.0327088,0.0239507,0.0106845,,,
58.788,pf,map,0.574843,0.155978,-2.1479,0.0450348,0.0496204,0.00198906,11.7776,663.545,0
58.86,odom,map,0.621909,0.107772,-2.10467,0,0,0,,,
58.896,odom,map,0.618657,0.102164,-2.08776,0,0,0,,,
58.932,odom,map,0.615401,0.0963194,-2.07065,0,0,0,,,
58.968,odom,map,0.612165,0.0902728,-2.05363,0,0,0,,,
59.004,odom,map,0.60894,0.0839902,-2.03679,0,0,0,,,
59.004,ekf_predict_only,map,0.563675,0.0550149,-2.03303,18.2803,24.4498,1.61227,,,
59.004,kf,map,0.520113,0.110909,-2.05008,0.0502474,0.0507051,7.49678e-05,0.066541,,
59.004,ekf,map,0.517487,0.116068,-2.05589,0.0582542,0.058281,-6.76681e-05,0.054667,,
59.004,pf,map,0.562763,0.112066,-2.06685,0.0440972,0.0517722,-0.00132228,4.81642,644.428,0
59.04,odom,map,0.605704,0.0774198,-2.02004,0,0,0,,,
59.076,odom,map,0.602564,0.0707641,-2.00328,0,0,0,,,
59.112,odom,map,0.599518,0.0640186,-1.98664,0,0,0,,,
59.148,odom,map,0.596506,0.0570412,-1.97019,0,0,0,,,
59.184,odom,map,0.59351,0.0497786,-1.95419,0,0,0,,,
59.184,kf,map,0.498832,0.0774308,-1.97477,0.0504625,0.0505746,1.83552e-05,0.059833,,
59.22,odom,map,0.590487,0.0421122,-1.93868,0,0,0,,,
59.184,ekf,map,0.497338,0.0801241,-1.97754,0.0575673,0.0575525,-3.78494e-05,0.11875,,
59.184,ekf_predict_only,map,0.545161,0.017856,-1.95567,18.611,24.3445,1.69823,,,
59.184,pf,map,0.54584,0.0723938,-1.98325,0.0488041,0.0457456,-0.00397614,8.17708,667.703,0
59.256,odom,map,0.587561,0.0343419,-1.92321,0,0,0,,,
59.292,odom,map,0.58469,0.0263438,-1.90797,0,0,0,,,
59.328,odom,map,0.58183,0.0179907,-1.89359,0,0,0,,,
59.364,odom,map,0.579008,0.00936718,-1.88102,0,0,0,,,
59.4,odom,map,0.576274,0.000659501,-1.86886,0,0,0,,,
59.4,kf,map,0.477798,0.0294344,-1.89944,0.0506892,0.0507164,4.4607e-06,0.06725,,
59.4,ekf,map,0.477406,0.0308863,-1.8993,0.0586705,0.0586127,-3.76817e-05,0.059042,,
59.4,ekf_predict_only,map,0.524486,-0.0331838,-1.88854,19.0748,24.2261,1.82229,,,
59.4,amcl,map,0.565909,0.00293578,-1.8605,0.0327598,0.0257855,0.0106235,,,
59.4,pf,map,0.506129,0.0305602,-1.88913,0.0543737,0.0531899,-0.00205134,4.71779,644.117,0
59.436,odom,map,0.573635,-0.00811727,-1.85728,0,0,0,,,
59.472,odom,map,0.57106,-0.0170327,-1.84686,0,0,0,,,
59.508,odom,map,0.568592,-0.0259073,-1.83739,0,0,0,,,
59.544,odom,map,0.566217,-0.0347587,-1.82866,0,0,0,,,
59.58,odom,map,0.563915,-0.0436324,-1.82072,0,0,0,,,
59.616,odom,map,0.561944,-0.0519538,-1.81292,0,0,0,,,
59.616,kf,map,0.461315,-0.0218011,-1.84518,0.0507443,0.0507509,1.08208e-06,0.109958,,
59.616,ekf_predict_only,map,0.507254,-0.085579,-1.84396,19.5835,24.1399,1.95399,,,
59.616,ekf,map,0.461579,-0.0211378,-1.84354,0.059055,0.0589662,-4.2432e-05,0.05675,,
59.616,pf,map,0.488076,-0.0238401,-1.82413,0.0491605,0.0538015,-0.0027153,8.6765,644.047,0
59.652,odom,map,0.560476,-0.0593262,-1.80509,0,0,0,,,
59.688,odom,map,0.559091,-0.0666655,-1.79814,0,0,0,,,
59.724,odom,map,0.557768,-0.0740284,-1.79148,0,0,0,,,
59.76,odom,map,0.556475,-0.0815535,-1.78524,0,0,0,,,
59.796,odom,map,0.555236,-0.0891112,-1.77974,0,0,0,,,
59.832,odom,map,0.553416,-0.0979993,-1.77553,0,0,0,,,
59.796,ekf_predict_only,map,0.49477,-0.130136,-1.82362,20.0509,24.0935,2.0675,,,
59.796,ekf,map,0.450554,-0.0655459,-1.81317,0.0577513,0.0576563,-4.00837e-05,0.063792,,
59.796,kf,map,0.450053,-0.0658277,-1.81522,0.0505842,0.0505858,2.64227e-07,0.105834,,
59.796,pf,map,0.476178,-0.0657899,-1.79118,0.0568921,0.0537909,-0.00287583,9.32083,625.933,0
59.868,odom,map,0.551536,-0.107137,-1.77183,0,0,0,,,
59.904,odom,map,0.549687,-0.116295,-1.76822,0,0,0,,,
59.94,odom,map,0.547889,-0.125359,-1.76518,0,0,0,,,
59.976,odom,map,0.546113,-0.134437,-1.76288,0,0,0,,,
60.012,odom,map,0.544356,-0.143529,-1.76069,0,0,0,,,
60.012,ekf,map,0.438368,-0.119599,-1.7923,0.0587113,0.0585814,-4.8891e-05,0.115666,,
60.012,ekf_predict_only,map,0.480872,-0.183931,-1.81048,20.6383,24.0385,2.20121,,,
60.012,kf,map,0.437778,-0.11967,-1.79435,0.0507188,0.0507191,6.41707e-08,0.057958,,
60.012,pf,map,0.458918,-0.146828,-1.78199,0.0541615,0.0536972,0.000550269,5.82354,622.652,0
60.048,odom,map,0.542611,-0.152655,-1.75887,0,0,0,,,
60.084,odom,map,0.540902,-0.161669,-1.75748,0,0,0,,,
60.12,odom,map,0.539233,-0.170532,-1.7564,0,0,0,,,
60.156,odom,map,0.537583,-0.17934,-1.75544,0,0,0,,,
60.192,odom,map,0.535953,-0.188094,-1.75461,0,0,0,,,
60.228,odom,map,0.53266,-0.197518,-1.75353,0,0,0,,,
60.192,ekf_predict_only,map,0.470588,-0.226015,-1.80916,21.1344,24.0124,2.30238,,,
60.192,ekf,map,0.429244,-0.163082,-1.78509,0.0576755,0.057549,-4.35678e-05,0.061084,,
60.192,kf,map,0.428894,-0.162383,-1.78738,0.0505779,0.050578,1.56739e-08,0.061958,,
60.192,pf,map,0.455675,-0.177014,-1.77403,0.0540006,0.0534327,-0.00129672,6.5625,606.586,0
60.264,odom,map,0.52877,-0.207032,-1.75256,0,0,0,,,
60.3,odom,map,0.524905,-0.216483,-1.75165,0,0,0,,,
60.336,odom,map,0.521067,-0.225862,-1.75086,0,0,0,,,
60.372,odom,map,0.517343,-0.234676,-1.75002,0,0,0,,,
60.408,odom,map,0.514376,-0.241968,-1.74934,0,0,0,,,
60.408,ekf_predict_only,map,0.470588,-0.226015,-1.80916,21.1844,24.0624,2.30238,,,
60.408,kf,map,0.42403,-0.187137,-1.78379,0.0507172,0.0507173,3.80686e-09,0.055166,,
60.408,ekf,map,0.423453,-0.191266,-1.78228,0.0587066,0.0585782,-4.20002e-05,0.059375,,
60.408,pf,map,0.442714,-0.225472,-1.77656,0.0574365,0.0483799,-0.000658476,5.95967,628.842,0
60.444,odom,map,0.513453,-0.247084,-1.74934,0,0,0,,,
60.48,odom,map,0.51276,-0.250924,-1.74934,0,0,0,,,
60.516,odom,map,0.512297,-0.25349,-1.74934,0,0,0,,,
60.552,odom,map,0.512064,-0.254779,-1.74934,0,0,0,,,
60.588,odom,map,0.512034,-0.254946,-1.74934,0,0,0,,,
60.588,ekf_predict_only,map,0.470588,-0.226015,-1.80916,21.2344,24.1124,2.30238,,,
60.588,kf,map,0.420252,-0.205828,-1.78202,0.0505776,0.0505776,9.29856e-10,0.060291,,
60.588,ekf,map,0.419491,-0.210163,-1.78114,0.0576633,0.0575716,-2.93257e-05,0.054875,,
60.624,odom,map,0.512034,-0.254946,-1.74934,0,0,0,,,
60.588,pf,map,0.439928,-0.227381,-1.78069,0.0491491,0.0528281,0.00130107,4.7075,626.455,0
60.6,amcl,map,0.528225,-0.237933,-1.75466,0.0358057,0.0308076,0.00771037,,,
60.66,odom,map,0.512034,-0.254946,-1.74934,0,0,0,,,
60.696,odom,map,0.511951,-0.255407,-1.75028,0,0,0,,,
60.732,odom,map,0.511761,-0.256447,-1.75245,0,0,0,,,
60.768,odom,map,0.511362,-0.258596,-1.75651,0,0,0,,,
60.804,odom,map,0.510816,-0.261461,-1.76157,0,0,0,,,
60.804,ekf_predict_only,map,0.465857,-0.245484,-1.84243,21.4984,24.1279,2.34747,,,
60.804,kf,map,0.415589,-0.228029,-1.80375,0.0507172,0.0507172,2.25843e-10,0.1115,,
60.804,ekf,map,0.41526,-0.230241,-1.80159,0.0586859,0.0586082,-2.4245e-05,0.059625,,
60.804,pf,map,0.44494,-0.245378,-1.77565,0.0484544,0.0482996,-0.00275992,5.22517,638.313,0
60.84,odom,map,0.510174,-0.264738,-1.76711,0,0,0,,,
60.876,odom,map,0.509452,-0.268309,-1.77331,0,0,0,,,
60.912,odom,map,0.508563,-0.272552,-1.78118,0,0,0,,,
60.948,odom,map,0.507491,-0.277465,-1.7904,0,0,0,,,
60.984,odom,map,0.506326,-0.282566,-1.80003,0,0,0,,,
61.02,odom,map,0.505031,-0.287991,-1.81025,0,0,0,,,
60.984,kf,map,0.409418,-0.254008,-1.84373,0.0505775,0.0505775,5.5164e-11,0.107208,,
60.984,ekf_predict_only,map,0.457992,-0.273723,-1.89544,21.8675,24.1211,2.40499,,,
60.984,ekf,map,0.409487,-0.254621,-1.84101,0.0576507,0.0575944,-1.70069e-05,0.156042,,
60.984,pf,map,0.440339,-0.270332,-1.81671,0.0541317,0.0469417,-0.0022795,10.3954,647.595,0
61.056,odom,map,0.503537,-0.293965,-1.82144,0,0,0,,,
61.092,odom,map,0.501865,-0.300338,-1.83338,0,0,0,,,
61.128,odom,map,0.500063,-0.306884,-1.84554,0,0,0,,,
61.164,odom,map,0.498146,-0.313525,-1.85801,0,0,0,,,
61.2,odom,map,0.496029,-0.320518,-1.87134,0,0,0,,,
61.2,ekf_predict_only,map,0.443646,-0.316349,-1.97695,22.4189,24.0696,2.47146,,,
61.2,ekf,map,0.398246,-0.292828,-1.91067,0.0586906,0.0586283,-1.81282e-05,0.369875,,
61.2,kf,map,0.397923,-0.293169,-1.9136,0.0507171,0.0507171,1.33982e-11,0.670542,,
61.2,pf,map,0.4316,-0.314191,-1.88675,0.0548599,0.045123,-0.00182705,4.53904,615.537,0
61.236,odom,map,0.493729,-0.327763,-1.88509,0,0,0,,,
61.272,odom,map,0.491255,-0.335196,-1.89925,0,0,0,,,
61.308,odom,map,0.488663,-0.342628,-1.9135,0,0,0,,,
61.344,odom,map,0.485957,-0.350041,-1.9282,0,0,0,,,
61.38,odom,map,0.483099,-0.357519,-1.9434,0,0,0,,,
61.416,odom,map,0.48119,-0.363845,-1.95923,0,0,0,,,
61.416,ekf,map,0.38162,-0.33562,-1.99554,0.0590606,0.0589883,-2.20617e-05,0.061041,,
61.416,kf,map,0.381327,-0.33621,-1.99812,0.050751,0.050751,3.24969e-12,0.066333,,
61.416,ekf_predict_only,map,0.424274,-0.361394,-2.07002,23.0243,23.9867,2.50647,,,
61.401,amcl,map,0.476687,-0.333196,-1.98945,0.0392859,0.0298344,0.0122899,,,
61.416,pf,map,0.399167,-0.358836,-1.9855,0.0482689,0.0530123,-5.95881e-05,4.87183,653.201,0
61.452,odom,map,0.480849,-0.368304,-1.97599,0,0,0,,,
61.488,odom,map,0.480324,-0.37281,-1.99319,0,0,0,,,
61.524,odom,map,0.479644,-0.377286,-2.01052,0,0,0,,,
61.56,odom,map,0.478836,-0.381665,-2.02802,0,0,0,,,
61.596,odom,map,0.477844,-0.386063,-2.04571,0,0,0,,,
61.632,odom,map,0.474184,-0.393277,-2.06264,0,0,0,,,
61.596,kf,map,0.42368,-0.35711,-2.03625,0.0267503,0.0489811,-0.00618455,0.113084,,
61.596,ekf,map,0.419729,-0.324414,-2.05059,0.0273446,0.0340994,-0.00200949,0.113542,,
61.596,ekf_predict_only,map,0.403793,-0.398953,-2.15415,23.5577,23.9016,2.49856,,,
61.596,pf,map,0.431321,-0.33008,-2.04661,0.0244519,0.0313077,-0.000944281,11.7928,449.036,0
61.668,odom,map,0.470081,-0.400785,-2.07947,0,0,0,,,
61.704,odom,map,0.46578,-0.408346,-2.09634,0,0,0,,,
61.74,odom,map,0.461346,-0.415846,-2.11316,0,0,0,,,
61.776,odom,map,0.45684,-0.423183,-2.12992,0,0,0,,,
61.812,ekf_predict_only,map,0.375375,-0.442013,-2.25291,24.1847,23.7732,2.4433,,,
61.812,ekf,map,0.399322,-0.369488,-2.15103,0.0257577,0.0343166,-0.00268372,0.1355,,
61.812,odom,map,0.45222,-0.430432,-2.14643,0,0,0,,,
61.812,kf,map,0.405607,-0.398103,-2.13467,0.0253261,0.0486961,-0.0071594,0.128167,,
61.812,pf,map,0.406092,-0.374455,-2.15547,0.023707,0.0299086,-0.000544321,6.38729,551.303,0
61.848,odom,map,0.44748,-0.437606,-2.16289,0,0,0,,,
61.884,odom,map,0.442668,-0.444634,-2.17942,0,0,0,,,
61.92,odom,map,0.437824,-0.451466,-2.19574,0,0,0,,,
61.956,odom,map,0.432889,-0.458191,-2.21203,0,0,0,,,
61.992,odom,map,0.427843,-0.464837,-2.22833,0,0,0,,,
61.992,ekf,map,0.379842,-0.4154,-2.24239,0.0253703,0.0341518,-0.00291175,0.113709,,
62.028,odom,map,0.422677,-0.471417,-2.2444,0,0,0,,,
61.992,kf,map,0.383545,-0.429731,-2.23204,0.0253443,0.0483003,-0.00757392,0.17625,,
61.992,ekf_predict_only,map,0.348968,-0.474528,-2.33259,24.6866,23.667,2.35598,,,
62.001,amcl,map,0.389911,-0.450681,-2.27287,0.0465937,0.0244663,0.0125956,,,
61.992,pf,map,0.382554,-0.432708,-2.23028,0.0265161,0.0297512,-0.000540709,6.71946,546.583,0
62.064,odom,map,0.417435,-0.477879,-2.26028,0,0,0,,,
62.1,odom,map,0.412155,-0.484182,-2.27595,0,0,0,,,
62.136,odom,map,0.406797,-0.490378,-2.29153,0,0,0,,,
62.172,odom,map,0.401422,-0.496404,-2.30691,0,0,0,,,
62.208,odom,map,0.39516,-0.501579,-2.32306,0,0,0,,,
62.208,ekf_predict_only,map,0.31666,-0.508397,-2.42135,25.2221,23.5384,2.21801,,,
62.208,ekf,map,0.354158,-0.448027,-2.33423,0.0259102,0.0353137,-0.00338042,0.122,,
62.208,kf,map,0.358172,-0.462261,-2.32538,0.0256443,0.0481848,-0.00796202,0.092792,,
62.208,pf,map,0.356069,-0.471089,-2.32034,0.0264688,0.0304538,-0.00473931,14.0301,534.693,0
62.244,odom,map,0.385441,-0.504495,-2.34346,0,0,0,,,
62.28,odom,map,0.375647,-0.507132,-2.36351,0,0,0,,,
62.316,odom,map,0.365683,-0.509596,-2.38347,0,0,0,,,
62.352,odom,map,0.355638,-0.511808,-2.40312,0,0,0,,,
62.388,odom,map,0.345538,-0.51376,-2.42229,0,0,0,,,
62.424,odom,map,0.338424,-0.51736,-2.43756,0,0,0,,,
62.388,ekf_predict_only,map,0.290079,-0.531722,-2.48731,25.6153,23.4519,2.08236,,,
62.388,ekf,map,0.331201,-0.475441,-2.40751,0.0256545,0.0351251,-0.00352144,0.103875,,
62.388,kf,map,0.334233,-0.48532,-2.4009,0.0257415,0.0478861,-0.00817247,1.27017,,
62.388,pf,map,0.342061,-0.492891,-2.39532,0.0255661,0.0310107,-0.00577701,10.1883,563.183,0
62.46,odom,map,0.333003,-0.521903,-2.45075,0,0,0,,,
62.496,odom,map,0.327646,-0.526274,-2.46353,0,0,0,,,
62.532,odom,map,0.32249,-0.530375,-2.47579,0,0,0,,,
62.568,odom,map,0.317647,-0.534135,-2.48719,0,0,0,,,
62.604,odom,map,0.313775,-0.537078,-2.49606,0,0,0,,,
62.604,ekf_predict_only,map,0.280383,-0.539159,-2.52604,25.7763,23.4544,2.02823,,,
62.604,kf,map,0.305817,-0.503287,-2.47495,0.0259087,0.0479209,-0.00832745,0.091084,,
62.604,ekf,map,0.305106,-0.506083,-2.47683,0.0260672,0.0359677,-0.0037237,0.105458,,
62.601,amcl,map,0.269252,-0.529534,-2.52378,0.0433178,0.0234486,0.00905403,,,
62.604,pf,map,0.319102,-0.51844,-2.47475,0.0263847,0.0281053,-0.00329458,9.04875,552.665,0
62.64,odom,map,0.31092,-0.539215,-2.50233,0,0,0,,,
62.676,odom,map,0.309095,-0.540566,-2.50601,0,0,0,,,
62.712,odom,map,0.30831,-0.541144,-2.50711,0,0,0,,,
62.748,odom,map,0.308277,-0.541168,-2.50711,0,0,0,,,
62.784,odom,map,0.308277,-0.541168,-2.50711,0,0,0,,,
62.82,odom,map,0.306959,-0.54089,-2.50799,0,0,0,,,
62.784,ekf_predict_only,map,0.280383,-0.539159,-2.52604,25.8263,23.5044,2.02823,,,
62.784,kf,map,0.308918,-0.504846,-2.49412,0.025876,0.0477529,-0.00835264,0.142917,,
62.784,ekf,map,0.310168,-0.509337,-2.49343,0.0257374,0.0354418,-0.00370028,0.172125,,
62.784,pf,map,0.318021,-0.515581,-2.49145,0.0272553,0.031188,-0.00385791,7.93525,534.441,0
62.856,odom,map,0.304584,-0.54039,-2.50956,0,0,0,,,
62.892,odom,map,0.302203,-0.539889,-2.51114,0,0,0,,,
62.928,odom,map,0.299816,-0.539388,-2.51272,0,0,0,,,
62.964,odom,map,0.297424,-0.538887,-2.51429,0,0,0,,,
63,odom,map,0.295026,-0.538386,-2.51587,0,0,0,,,
63,ekf_predict_only,map,0.280383,-0.539159,-2.52604,25.8763,23.5544,2.02823,,,
63,kf,map,0.294999,-0.510829,-2.49755,0.025962,0.0478683,-0.00839773,0.113333,,
63,ekf,map,0.294275,-0.51237,-2.4972,0.0261083,0.0359523,-0.00378692,0.11025,,
63,pf,map,0.290954,-0.50388,-2.50891,0.0221516,0.0329124,-0.00115002,6.20162,584.925,0
63.036,odom,map,0.29496,-0.538372,-2.51592,0,0,0,,,
63.072,odom,map,0.29496,-0.538372,-2.51592,0,0,0,,,
63.108,odom,map,0.29496,-0.538372,-2.51592,0,0,0,,,
63.144,odom,map,0.29496,-0.538372,-2.51592,0,0,0,,,
63.18,odom,map,0.29496,-0.538372,-2.51592,0,0,0,,,
63.216,odom,map,0.29496,-0.538372,-2.51592,0,0,0,,,
63.216,ekf_predict_only,map,0.280383,-0.539159,-2.52604,25.9263,23.6044,2.02823,,,
63.216,kf,map,0.300015,-0.509725,-2.49801,0.0259782,0.0478918,-0.00841616,0.100667,,
63.216,ekf,map,0.299855,-0.50898,-2.49836,0.0261871,0.0362312,-0.00386013,0.194416,,
63.216,pf,map,0.31714,-0.520768,-2.49424,0.0238472,0.0276418,-0.00336781,6.41854,545.751,0
63.252,odom,map,0.29496,-0.538372,-2.51592,0,0,0,,,
63.288,odom,map,0.29496,-0.538372,-2.51592,0,0,0,,,
63.324,odom,map,0.29496,-0.538372,-2.51592,0,0,0,,,
63.36,odom,map,0.29496,-0.538372,-2.51592,0,0,0,,,
63.396,odom,map,0.29496,-0.538372,-2.51592,0,0,0,,,
63.432,odom,map,0.289978,-0.537631,-2.51904,0,0,0,,,
63.396,ekf_predict_only,map,0.280383,-0.539159,-2.52604,25.9763,23.6544,2.02823,,,
63.396,kf,map,0.295593,-0.511516,-2.49799,0.0259048,0.0477332,-0.00839082,0.618333,,
63.396,ekf,map,0.294809,-0.51005,-2.49878,0.0257383,0.0354307,-0.00371899,0.112083,,
63.396,pf,map,0.311294,-0.535327,-2.47541,0.0218142,0.0249621,-0.00064021,6.50213,566.288,0
63.468,odom,map,0.284348,-0.536796,-2.52256,0,0,0,,,
63.504,odom,map,0.278425,-0.536148,-2.52624,0,0,0,,,
63.54,odom,map,0.27147,-0.5362,-2.53014,0,0,0,,,
63.576,odom,map,0.264097,-0.536509,-2.53405,0,0,0,,,
63.612,ekf_predict_only,map,0.268724,-0.547405,-2.53152,26.1502,23.649,1.96024,,,
63.612,kf,map,0.289813,-0.516845,-2.49799,0.0260026,0.0478298,-0.00845072,0.194292,,
63.612,ekf,map,0.288599,-0.512071,-2.50002,0.0261291,0.0361889,-0.00389779,0.168334,,
63.612,odom,map,0.258256,-0.537199,-2.53725,0,0,0,,,
63.612,pf,map,0.314696,-0.521367,-2.49525,0.0273488,0.0345526,-0.0059716,9.60417,544.128,0
63.648,odom,map,0.256062,-0.538711,-2.53855,0,0,0,,,
63.684,odom,map,0.253434,-0.540518,-2.54045,0,0,0,,,
63.72,odom,map,0.250665,-0.542412,-2.54258,0,0,0,,,
63.756,odom,map,0.247724,-0.544415,-2.54496,0,0,0,,,
63.792,odom,map,0.244783,-0.546406,-2.54838,0,0,0,,,
63.792,ekf_predict_only,map,0.252237,-0.55893,-2.55353,26.3749,23.6238,1.86154,,,
63.792,ekf,map,0.272452,-0.517132,-2.51077,0.0258246,0.0358243,-0.00392486,0.106333,,
63.828,odom,map,0.24171,-0.548469,-2.55241,0,0,0,,,
63.792,kf,map,0.275522,-0.526816,-2.50667,0.0259798,0.0476497,-0.00848693,0.095667,,
63.792,pf,map,0.284748,-0.513898,-2.51245,0.0273003,0.0341401,-0.0038671,9.802,549.001,0
63.864,odom,map,0.23836,-0.550697,-2.55682,0,0,0,,,
63.9,odom,map,0.234904,-0.552974,-2.56161,0,0,0,,,
63.936,odom,map,0.231548,-0.55516,-2.5669,0,0,0,,,
63.972,odom,map,0.228534,-0.557098,-2.57375,0,0,0,,,
64.008,odom,map,0.22566,-0.558917,-2.58117,0,0,0,,,
64.008,kf,map,0.255398,-0.539395,-2.54458,0.0261041,0.0477262,-0.00857994,0.126917,,
64.008,ekf,map,0.252622,-0.532115,-2.54794,0.0262498,0.0367265,-0.00415232,0.1265,,
64.008,ekf_predict_only,map,0.235699,-0.569956,-2.59981,26.5938,23.6022,1.75881,,,
64.008,pf,map,0.242926,-0.533308,-2.53678,0.0220122,0.0320832,-0.0033633,7.81321,543.125,0
64.044,odom,map,0.222847,-0.560667,-2.58889,0,0,0,,,
64.08,odom,map,0.220064,-0.562369,-2.59699,0,0,0,,,
64.116,odom,map,0.217367,-0.563986,-2.6059,0,0,0,,,
64.152,odom,map,0.214707,-0.565548,-2.6158,0,0,0,,,
64.188,odom,map,0.212032,-0.567082,-2.6258,0,0,0,,,
64.224,odom,map,0.209302,-0.568612,-2.63622,0,0,0,,,
64.188,ekf_predict_only,map,0.222161,-0.578104,-2.65467,26.7696,23.5963,1.67108,,,
64.188,kf,map,0.243268,-0.547358,-2.5876,0.0260732,0.0475558,-0.00860481,0.1135,,
64.188,ekf,map,0.240293,-0.538817,-2.59129,0.0259369,0.0363415,-0.00416426,0.098833,,
64.188,pf,map,0.231579,-0.540752,-2.58739,0.0250302,0.0358377,-0.00748885,7.61392,514.894,0
64.26,odom,map,0.206426,-0.570181,-2.64765,0,0,0,,,
64.296,odom,map,0.203493,-0.571739,-2.65931,0,0,0,,,
64.332,odom,map,0.200504,-0.573281,-2.6713,0,0,0,,,
64.368,odom,map,0.197274,-0.574897,-2.68429,0,0,0,,,
64.404,odom,map,0.193815,-0.57657,-2.69762,0,0,0,,,
64.404,ekf_predict_only,map,0.201301,-0.589149,-2.73512,26.9917,23.5651,1.5301,,,
64.404,kf,map,0.220089,-0.559704,-2.66176,0.0261842,0.0476461,-0.00867983,0.118209,,
64.404,ekf,map,0.217789,-0.553799,-2.66452,0.0263654,0.0372681,-0.00440119,0.117584,,
64.404,pf,map,0.218037,-0.558001,-2.65696,0.0220934,0.0263431,-0.00272428,10.3245,578.286,0
64.44,odom,map,0.190213,-0.578253,-2.7112,0,0,0,,,
64.476,odom,map,0.186549,-0.579905,-2.72495,0,0,0,,,
64.512,odom,map,0.182755,-0.581552,-2.73899,0,0,0,,,
64.548,odom,map,0.178693,-0.583247,-2.75362,0,0,0,,,
64.584,odom,map,0.174399,-0.584964,-2.76851,0,0,0,,,
64.62,odom,map,0.169947,-0.586668,-2.78347,0,0,0,,,
64.584,ekf_predict_only,map,0.179407,-0.598572,-2.8099,27.1898,23.5363,1.37498,,,
64.584,kf,map,0.16869,-0.580232,-2.73553,0.0436385,0.0497089,-0.00245505,0.056708,,
64.584,ekf,map,0.164114,-0.579152,-2.7365,0.0483668,0.0510647,-0.0011227,0.062083,,
64.602,amcl,map,0.144009,-0.596758,-2.77949,0.0433968,0.0200567,0.00617788,,,
64.584,pf,map,0.187058,-0.575844,-2.7266,0.0454214,0.0401066,6.3105e-05,7.93483,716.666,0
64.656,odom,map,0.16527,-0.588378,-2.79855,0,0,0,,,
64.692,odom,map,0.160257,-0.590125,-2.81373,0,0,0,,,
64.728,odom,map,0.154926,-0.591893,-2.82903,0,0,0,,,
64.764,odom,map,0.149475,-0.593608,-2.84435,0,0,0,,,
64.8,odom,map,0.143874,-0.595277,-2.85977,0,0,0,,,
64.8,ekf,map,0.111932,-0.600113,-2.82677,0.0565397,0.0572059,-0.000292243,0.053333,,
64.8,kf,map,0.116648,-0.599705,-2.82655,0.0489644,0.0504977,-0.000620145,0.060083,,
64.8,ekf_predict_only,map,0.143952,-0.610784,-2.90212,27.4336,23.4729,1.11319,,,
64.8,pf,map,0.1599,-0.601117,-2.82932,0.0535503,0.0454575,0.00184582,6.16883,662.387,0
64.836,odom,map,0.138005,-0.596926,-2.87517,0,0,0,,,
64.872,odom,map,0.131963,-0.598525,-2.89054,0,0,0,,,
64.908,odom,map,0.125736,-0.600071,-2.90579,0,0,0,,,
64.944,odom,map,0.119212,-0.601586,-2.92085,0,0,0,,,
64.98,odom,map,0.112387,-0.603064,-2.93574,0,0,0,,,
65.016,odom,map,0.105466,-0.604456,-2.9506,0,0,0,,,
65.016,ekf_predict_only,map,0.102805,-0.62083,-2.99127,27.6445,23.4133,0.79692,,,
65.016,ekf,map,0.0648983,-0.614386,-2.91602,0.0585972,0.0587747,-8.10471e-05,0.056167,,
65.016,pf,map,0.102231,-0.602859,-2.92156,0.0560092,0.0462883,0.0016572,5.22779,651.872,0
65.016,kf,map,0.0681999,-0.614015,-2.91588,0.0503217,0.0506973,-0.000151889,0.0535,,
65.052,odom,map,0.0983976,-0.605768,-2.96535,0,0,0,,,
65.088,odom,map,0.0909702,-0.607034,-2.97994,0,0,0,,,
65.124,odom,map,0.0831241,-0.608255,-2.9943,0,0,0,,,
65.16,odom,map,0.0751229,-0.609384,-3.00849,0,0,0,,,
65.196,odom,map,0.0669001,-0.610426,-3.02246,0,0,0,,,
65.196,ekf_predict_only,map,0.0603231,-0.627265,-3.05871,27.7984,23.3748,0.460817,,,
65.196,kf,map,0.0240313,-0.623064,-2.98564,0.0504807,0.0505727,-3.71764e-05,0.173667,,
65.196,ekf,map,0.0222957,-0.623099,-2.98604,0.0576014,0.0576708,-2.89041e-05,0.059417,,
65.232,odom,map,0.0584525,-0.611378,-3.03612,0,0,0,,,
65.202,amcl,map,0.0465729,-0.626673,-3.01476,0.0423995,0.0162637,0.00298567,,,
65.196,pf,map,0.0548392,-0.61798,-2.98401,0.0492673,0.0527183,0.000703069,7.54471,613.18,0
65.268,odom,map,0.0499011,-0.612225,-3.04961,0,0,0,,,
65.304,odom,map,0.0411775,-0.61297,-3.06284,0,0,0,,,
65.34,odom,map,0.0320913,-0.613629,-3.07548,0,0,0,,,
65.376,odom,map,0.0228217,-0.614185,-3.08774,0,0,0,,,
65.412,odom,map,0.0119158,-0.615202,-3.09985,0,0,0,,,
65.412,ekf_predict_only,map,0.00418355,-0.631928,-3.12984,27.924,23.3468,0.00887045,,,
65.412,ekf,map,-0.0322755,-0.629822,-3.06184,0.058566,0.0586415,-2.21434e-05,0.074667,,
65.412,kf,map,-0.0315469,-0.630166,-3.061,0.0506936,0.050716,-9.03393e-06,0.0685,,
65.412,pf,map,-0.0140217,-0.633741,-3.06821,0.0499316,0.0522759,0.00304769,5.11879,630.103,0
65.448,odom,map,-0.00252792,-0.617392,-3.11233,0,0,0,,,
65.484,odom,map,-0.0170175,-0.619462,-3.12436,0,0,0,,,
65.52,odom,map,-0.0316779,-0.621418,-3.13578,0,0,0,,,
65.556,odom,map,-0.0465178,-0.623261,3.13709,0,0,0,,,
65.592,odom,map,-0.0613923,-0.625006,3.12807,0,0,0,,,
65.592,ekf_predict_only,map,-0.0472088,-0.632532,3.11758,27.9838,23.3642,-0.408586,,,
65.592,kf,map,-0.081079,-0.632574,-3.10713,0.0505718,0.0505772,-2.20688e-06,0.162584,,
65.592,ekf,map,-0.0811869,-0.63194,-3.10892,0.0575326,0.0576226,-1.9286e-05,0.061458,,
65.628,odom,map,-0.0729716,-0.625335,3.12039,0,0,0,,,
65.592,pf,map,-0.069005,-0.639885,-3.12601,0.0476969,0.0480801,-0.00133594,5.71513,650.798,0
65.664,odom,map,-0.0834569,-0.625077,3.11389,0,0,0,,,
65.7,odom,map,-0.0940286,-0.62476,3.10966,0,0,0,,,
65.736,odom,map,-0.104683,-0.6244,3.10628,0,0,0,,,
65.772,odom,map,-0.115442,-0.624006,3.10363,0,0,0,,,
65.808,odom,map,-0.126211,-0.623586,3.10193,0,0,0,,,
65.808,ekf_predict_only,map,-0.111866,-0.630979,3.11234,28.0086,23.4262,-0.933673,,,
65.808,kf,map,-0.144268,-0.633061,-3.12801,0.0507158,0.0507171,-5.36023e-07,0.058791,,
65.808,ekf,map,-0.144118,-0.632073,-3.13118,0.0585574,0.0587021,-2.17023e-05,0.05825,,
65.808,pf,map,-0.124272,-0.648372,3.13762,0.0533966,0.0512327,-0.00369269,4.90325,644.784,0
65.844,odom,map,-0.137095,-0.623151,3.10163,0,0,0,,,
65.88,odom,map,-0.148044,-0.622715,3.10195,0,0,0,,,
65.916,odom,map,-0.158994,-0.622283,3.10274,0,0,0,,,
65.952,odom,map,-0.169925,-0.621867,3.1047,0,0,0,,,
65.988,odom,map,-0.180844,-0.62148,3.10762,0,0,0,,,
66.024,odom,map,-0.190674,-0.622113,3.11249,0,0,0,,,
65.988,ekf_predict_only,map,-0.166436,-0.629383,3.13159,28.0327,23.5324,-1.37553,,,
65.988,ekf,map,-0.198043,-0.63156,-3.12667,0.0575551,0.0577132,-1.73699e-05,0.056625,,
65.988,kf,map,-0.198187,-0.632558,-3.12331,0.0505772,0.0505775,-1.30929e-07,0.10625,,
65.988,pf,map,-0.164588,-0.647412,-3.13316,0.0509639,0.0538749,0.00366537,9.67188,642.631,0
66.06,odom,map,-0.199872,-0.623387,3.11923,0,0,0,,,
66.096,odom,map,-0.209171,-0.624767,3.12748,0,0,0,,,
66.132,odom,map,-0.218504,-0.626266,3.13612,0,0,0,,,
66.168,odom,map,-0.227771,-0.627887,-3.13788,0,0,0,,,
66.204,odom,map,-0.23709,-0.629545,-3.12805,0,0,0,,,
66.204,ekf_predict_only,map,-0.231592,-0.628731,-3.10222,28.0721,23.7049,-1.90295,,,
66.204,ekf,map,-0.263159,-0.632175,-3.09263,0.0585937,0.0588085,-1.64207e-05,0.109625,,
66.204,kf,map,-0.263228,-0.633146,-3.08892,0.0507171,0.0507171,-3.18e-08,0.061458,,
66.201,amcl,map,-0.215243,-0.62601,3.14123,0.0508364,0.0240619,-0.00503606,,,
66.204,pf,map,-0.241948,-0.654523,-3.11083,0.0507478,0.0482151,0.00277693,4.95925,654.4,0
66.24,odom,map,-0.247899,-0.629736,-3.11942,0,0,0,,,
66.276,odom,map,-0.258681,-0.630025,-3.11014,0,0,0,,,
66.312,odom,map,-0.269478,-0.630418,-3.10038,0,0,0,,,
66.348,odom,map,-0.280117,-0.63091,-3.09,0,0,0,,,
66.384,odom,map,-0.290551,-0.631507,-3.07867,0,0,0,,,
66.42,odom,map,-0.300836,-0.632216,-3.06669,0,0,0,,,
66.384,ekf_predict_only,map,-0.282984,-0.630755,-3.04155,28.155,23.8942,-2.32244,,,
66.384,ekf,map,-0.315684,-0.635077,-3.0447,0.0575844,0.0577906,-1.26356e-05,0.0605,,
66.384,kf,map,-0.315566,-0.635845,-3.04133,0.0505775,0.0505775,-7.76741e-09,0.05425,,
66.384,pf,map,-0.29698,-0.65762,-3.06007,0.058754,0.0537713,0.00154725,6.6915,654.078,0
66.456,odom,map,-0.311089,-0.633048,-3.05455,0,0,0,,,
66.492,odom,map,-0.32119,-0.633992,-3.04211,0,0,0,,,
66.528,odom,map,-0.330955,-0.635032,-3.0286,0,0,0,,,
66.564,odom,map,-0.340533,-0.636187,-3.01454,0,0,0,,,
66.6,odom,map,-0.349889,-0.637449,-3.00021,0,0,0,,,
66.6,kf,map,-0.373532,-0.642356,-2.96535,0.0507171,0.0507171,-1.88655e-09,0.061166,,
66.6,ekf_predict_only,map,-0.338725,-0.63635,-2.955,28.296,24.1381,-2.7857,,,
66.6,ekf,map,-0.373949,-0.641884,-2.96838,0.0586195,0.0588627,-1.39399e-05,0.067125,,
66.6,pf,map,-0.348745,-0.667487,-2.97982,0.0518886,0.0507477,7.73638e-06,6.79492,611.543,0
66.636,odom,map,-0.359123,-0.638831,-2.98578,0,0,0,,,
66.672,odom,map,-0.368077,-0.640305,-2.97087,0,0,0,,,
66.708,odom,map,-0.376572,-0.641837,-2.95519,0,0,0,,,
66.744,odom,map,-0.384741,-0.643444,-2.93912,0,0,0,,,
66.78,odom,map,-0.392708,-0.645147,-2.92295,0,0,0,,,
66.816,kf,map,-0.423248,-0.652357,-2.87459,0.050751,0.050751,-4.57575e-10,0.102083,,
66.816,ekf,map,-0.423917,-0.65225,-2.87705,0.0589799,0.0592196,-1.58256e-05,0.058667,,
66.816,odom,map,-0.400512,-0.646947,-2.90662,0,0,0,,,
66.816,ekf_predict_only,map,-0.385445,-0.64517,-2.85653,28.4904,24.385,-3.18683,,,
66.801,amcl,map,-0.366117,-0.643482,-2.93038,0.0445672,0.0269357,-0.0100649,,,
66.816,pf,map,-0.392608,-0.656299,-2.88858,0.0491013,0.0530804,0.00050983,14.4718,635.098,0
66.852,odom,map,-0.408029,-0.648813,-2.88976,0,0,0,,,
66.888,odom,map,-0.415219,-0.650729,-2.8724,0,0,0,,,
66.924,odom,map,-0.421914,-0.652639,-2.85476,0,0,0,,,
66.96,odom,map,-0.428474,-0.654637,-2.83711,0,0,0,,,
66.996,odom,map,-0.434923,-0.656727,-2.81933,0,0,0,,,
67.032,odom,map,-0.437723,-0.657829,-2.80314,0,0,0,,,
66.996,ekf_predict_only,map,-0.415681,-0.654031,-2.76409,28.6867,24.5792,-3.45747,,,
66.996,kf,map,-0.399245,-0.645706,-2.79814,0.0271646,0.0485668,-0.00687655,0.137625,,
66.996,ekf,map,-0.39427,-0.650028,-2.79723,0.0282875,0.0444013,-0.00515026,0.094916,,
66.996,pf,map,-0.411235,-0.673458,-2.79186,0.0263942,0.0337975,-0.00250335,7.57587,528.445,0
67.068,odom,map,-0.439734,-0.658764,-2.7868,0,0,0,,,
67.104,odom,map,-0.441481,-0.659687,-2.7704,0,0,0,,,
67.14,odom,map,-0.44316,-0.660665,-2.75401,0,0,0,,,
67.176,odom,map,-0.444652,-0.661648,-2.73746,0,0,0,,,
67.212,odom,map,-0.446969,-0.662952,-2.71974,0,0,0,,,
67.212,ekf_predict_only,map,-0.444626,-0.665508,-2.6468,28.9278,24.7796,-3.72827,,,
67.212,kf,map,-0.415627,-0.653984,-2.68495,0.0255004,0.0485251,-0.00743847,0.130292,,
67.212,ekf,map,-0.412562,-0.657916,-2.68362,0.0266984,0.0447248,-0.00583401,0.260833,,
67.2,amcl,map,-0.427365,-0.670706,-2.69506,0.0490764,0.028969,-0.0154965,,,
67.212,pf,map,-0.41903,-0.679384,-2.6787,0.0261471,0.0334731,-0.00623547,6.56579,593.459,0
67.248,odom,map,-0.451461,-0.66502,-2.70008,0,0,0,,,
67.284,odom,map,-0.455779,-0.667113,-2.6803,0,0,0,,,
67.32,odom,map,-0.459841,-0.669182,-2.6604,0,0,0,,,
67.356,odom,map,-0.463746,-0.67127,-2.64047,0,0,0,,,
67.392,odom,map,-0.467483,-0.673366,-2.62029,0,0,0,,,
67.392,kf,map,-0.433154,-0.664256,-2.57518,0.0253008,0.0483471,-0.00750933,0.103875,,
67.428,odom,map,-0.471052,-0.675464,-2.60007,0,0,0,,,
67.392,ekf,map,-0.43373,-0.660634,-2.57577,0.0262121,0.0439094,-0.0057929,0.170375,,
67.392,ekf_predict_only,map,-0.462229,-0.675005,-2.54593,29.1374,24.927,-3.90244,,,
67.392,pf,map,-0.422742,-0.67245,-2.57658,0.0234798,0.0345065,-0.00266402,11.1261,601.131,0
67.464,odom,map,-0.474329,-0.67748,-2.57979,0,0,0,,,
67.5,odom,map,-0.477513,-0.679529,-2.55946,0,0,0,,,
67.536,odom,map,-0.480493,-0.681534,-2.53901,0,0,0,,,
67.572,odom,map,-0.48312,-0.68338,-2.51856,0,0,0,,,
67.608,odom,map,-0.485063,-0.685207,-2.49832,0,0,0,,,
67.608,kf,map,-0.442152,-0.673607,-2.46083,0.0253931,0.048439,-0.00759555,0.115709,,
67.608,ekf,map,-0.441246,-0.674926,-2.46075,0.026603,0.0447237,-0.0059699,0.094083,,
67.602,amcl,map,-0.452963,-0.696217,-2.45736,0.0439998,0.0256592,-0.0140767,,,
67.608,ekf_predict_only,map,-0.476262,-0.684516,-2.42382,29.3485,25.0579,-4.04872,,,
67.608,pf,map,-0.43351,-0.693519,-2.45633,0.0254423,0.0385158,-0.00381654,6.72738,578.598,0
67.644,odom,map,-0.48547,-0.68738,-2.47862,0,0,0,,,
67.68,odom,map,-0.485809,-0.689565,-2.45892,0,0,0,,,
67.716,odom,map,-0.485947,-0.691652,-2.43928,0,0,0,,,
67.752,odom,map,-0.485699,-0.69347,-2.41959,0,0,0,,,
67.788,odom,map,-0.485396,-0.695292,-2.39989,0,0,0,,,
67.788,ekf,map,-0.462931,-0.676291,-2.34755,0.0262687,0.0439089,-0.00589076,0.202083,,
67.824,odom,map,-0.486163,-0.696788,-2.3798,0,0,0,,,
67.788,ekf_predict_only,map,-0.483407,-0.690755,-2.32225,29.5049,25.1502,-4.12812,,,
67.788,kf,map,-0.459884,-0.68437,-2.3455,0.0253579,0.0482713,-0.0076263,1.10829,,
67.788,pf,map,-0.44045,-0.684769,-2.34242,0.024012,0.0401345,-0.00488188,7.49721,583.754,0
67.86,odom,map,-0.487363,-0.697955,-2.35954,0,0,0,,,
67.896,odom,map,-0.488377,-0.698983,-2.3396,0,0,0,,,
67.932,odom,map,-0.489354,-0.700012,-2.31974,0,0,0,,,
67.968,odom,map,-0.490263,-0.701011,-2.30002,0,0,0,,,
68.004,odom,map,-0.490941,-0.701975,-2.2802,0,0,0,,,
68.004,ekf_predict_only,map,-0.486955,-0.694553,-2.20598,29.62,25.2215,-4.1699,,,
68.004,kf,map,-0.466698,-0.690932,-2.23228,0.0254549,0.0483754,-0.0076913,0.105375,,
68.004,ekf,map,-0.468472,-0.686575,-2.23403,0.0266465,0.0446992,-0.00603181,0.185083,,
68.001,amcl,map,-0.468885,-0.726322,-2.23117,0.038733,0.024352,-0.0100291,,,
68.004,pf,map,-0.440925,-0.719585,-2.2153,0.0212342,0.0371871,-0.00337346,7.72504,584.196,0
68.04,odom,map,-0.489753,-0.704083,-2.25451,0,0,0,,,
68.076,odom,map,-0.488469,-0.706031,-2.22892,0,0,0,,,
68.112,odom,map,-0.487148,-0.707878,-2.20338,0,0,0,,,
68.148,odom,map,-0.485789,-0.70961,-2.178,0,0,0,,,
68.184,odom,map,-0.484355,-0.711158,-2.15302,0,0,0,,,
68.22,odom,map,-0.4837,-0.71179,-2.1319,0,0,0,,,
68.184,ekf_predict_only,map,-0.486909,-0.69449,-2.11483,29.6689,25.2712,-4.16931,,,
68.184,ekf,map,-0.473008,-0.684908,-2.13414,0.0262845,0.0439023,-0.00591408,0.100708,,
68.184,kf,map,-0.469964,-0.693662,-2.13155,0.0254001,0.048229,-0.00768952,0.105416,,
68.184,pf,map,-0.464526,-0.700242,-2.1254,0.024227,0.0402713,-0.00406611,10.3942,619.175,0
68.256,odom,map,-0.483692,-0.711777,-2.11367,0,0,0,,,
68.292,odom,map,-0.48366,-0.711722,-2.09559,0,0,0,,,
68.328,odom,map,-0.48359,-0.711599,-2.07776,0,0,0,,,
68.364,odom,map,-0.483476,-0.711389,-2.06027,0,0,0,,,
68.4,odom,map,-0.483335,-0.711118,-2.04298,0,0,0,,,
68.4,ekf_predict_only,map,-0.485915,-0.692848,-2.01398,29.6907,25.3153,-4.15586,,,
68.4,kf,map,-0.47029,-0.693716,-2.02518,0.0254701,0.0483602,-0.00771399,0.130958,,
68.4,ekf,map,-0.473234,-0.684798,-2.028,0.026645,0.0446464,-0.00602128,0.395833,,
68.4,amcl,map,-0.466305,-0.732584,-2.0265,0.0351601,0.0233051,-0.0067512,,,
68.4,pf,map,-0.458135,-0.677447,-2.02809,0.0244963,0.0403374,-0.00211903,6.77708,582.325,0
68.436,odom,map,-0.480798,-0.711161,-2.02371,0,0,0,,,
68.472,odom,map,-0.478178,-0.71115,-2.00482,0,0,0,,,
68.508,odom,map,-0.475523,-0.711021,-1.98641,0,0,0,,,
68.544,odom,map,-0.472878,-0.710868,-1.9681,0,0,0,,,
68.58,odom,map,-0.470216,-0.710626,-1.95004,0,0,0,,,
68.616,odom,map,-0.468485,-0.710177,-1.93325,0,0,0,,,
68.616,kf,map,-0.480747,-0.69466,-1.93522,0.0254667,0.0484033,-0.00770462,0.149,,
68.616,ekf,map,-0.483162,-0.690353,-1.93701,0.0267017,0.0448781,-0.00604902,0.107291,,
68.616,ekf_predict_only,map,-0.484047,-0.688913,-1.92281,29.6734,25.3541,-4.12809,,,
68.616,pf,map,-0.461129,-0.677426,-1.92975,0.0240413,0.0367784,-0.00499724,6.69808,612.547,0
68.652,odom,map,-0.468219,-0.709457,-1.91837,0,0,0,,,
68.688,odom,map,-0.467948,-0.708693,-1.90388,0,0,0,,,
68.724,odom,map,-0.467687,-0.70792,-1.88946,0,0,0,,,
68.76,odom,map,-0.467554,-0.707513,-1.87584,0,0,0,,,
68.796,odom,map,-0.467554,-0.707513,-1.86475,0,0,0,,,
68.796,ekf,map,-0.491593,-0.672533,-1.87299,0.0262884,0.0439348,-0.00594127,0.097042,,
68.832,odom,map,-0.467633,-0.709884,-1.85577,0,0,0,,,
68.796,kf,map,-0.484171,-0.695049,-1.86856,0.0253864,0.0482515,-0.00766955,0.095875,,
68.796,ekf_predict_only,map,-0.484047,-0.688913,-1.92281,29.7234,25.4041,-4.12809,,,
68.796,pf,map,-0.481698,-0.663811,-1.86112,0.0234851,0.0362573,-0.00169417,12.3947,610.311,0
68.868,odom,map,-0.467722,-0.712551,-1.84931,0,0,0,,,
68.904,odom,map,-0.467811,-0.715219,-1.84545,0,0,0,,,
68.94,odom,map,-0.4679,-0.717886,-1.84411,0,0,0,,,
68.976,odom,map,-0.46799,-0.720553,-1.84356,0,0,0,,,
69.012,odom,map,-0.468053,-0.722406,-1.84317,0,0,0,,,
69.012,ekf_predict_only,map,-0.484047,-0.688913,-1.92281,29.7734,25.4541,-4.12809,,,
69.012,kf,map,-0.490943,-0.69679,-1.84092,0.0254512,0.0483812,-0.00768602,0.31275,,
69.012,ekf,map,-0.497868,-0.676039,-1.84642,0.0265952,0.0446844,-0.00598443,0.117583,,
69.012,pf,map,-0.478809,-0.665135,-1.84665,0.0206953,0.0322942,-0.00240124,7.44479,609.747,0
69.048,odom,map,-0.468053,-0.722406,-1.84317,0,0,0,,,
69.084,odom,map,-0.468053,-0.722406,-1.84317,0,0,0,,,
69.12,odom,map,-0.468053,-0.722406,-1.84317,0,0,0,,,
69.156,odom,map,-0.468053,-0.722406,-1.84317,0,0,0,,,
69.192,odom,map,-0.468162,-0.722796,-1.84322,0,0,0,,,
69.228,odom,map,-0.468097,-0.724998,-1.84315,0,0,0,,,
69.192,ekf,map,-0.489344,-0.682719,-1.8397,0.026255,0.043993,-0.00590762,0.105833,,
69.192,ekf_predict_only,map,-0.488394,-0.700746,-1.92236,30.0265,25.5302,-4.20097,,,
69.192,kf,map,-0.4846,-0.700294,-1.8338,0.0254108,0.0482188,-0.00770552,0.180292,,
69.192,pf,map,-0.466855,-0.699669,-1.83784,0.0238529,0.0390325,-0.00356325,20.3845,614.935,0
69.264,odom,map,-0.468131,-0.728493,-1.84322,0,0,0,,,
69.3,odom,map,-0.468441,-0.732971,-1.84346,0,0,0,,,
69.336,odom,map,-0.46885,-0.737804,-1.84369,0,0,0,,,
69.372,odom,map,-0.469369,-0.743028,-1.84352,0,0,0,,,
69.408,odom,map,-0.470273,-0.748889,-1.84301,0,0,0,,,
69.408,ekf_predict_only,map,-0.501049,-0.735246,-1.91881,30.6807,25.6579,-4.4177,,,
69.408,kf,map,-0.47623,-0.720354,-1.83731,0.0256042,0.0482257,-0.00790896,0.118125,,
69.408,ekf,map,-0.478114,-0.708615,-1.84216,0.0267733,0.0447789,-0.00627285,0.097167,,
69.408,pf,map,-0.461713,-0.728643,-1.82129,0.0257399,0.0416787,-0.00463781,18.3286,577.768,0
69.444,odom,map,-0.471916,-0.75478,-1.84241,0,0,0,,,
69.48,odom,map,-0.473635,-0.760959,-1.84179,0,0,0,,,
69.516,odom,map,-0.475444,-0.767479,-1.84111,0,0,0,,,
69.552,odom,map,-0.47748,-0.774845,-1.83989,0,0,0,,,
69.588,odom,map,-0.479714,-0.782968,-1.83844,0,0,0,,,
69.624,odom,map,-0.481973,-0.791229,-1.83696,0,0,0,,,
69.588,ekf_predict_only,map,-0.515652,-0.775499,-1.91144,31.4582,25.8006,-4.6774,,,
69.588,kf,map,-0.497163,-0.756175,-1.829,0.0257109,0.047917,-0.00813128,0.104958,,
69.588,ekf,map,-0.501309,-0.743569,-1.83383,0.0265915,0.0439997,-0.00642682,0.182042,,
69.588,pf,map,-0.492548,-0.777716,-1.81796,0.0222599,0.0397332,-0.00511031,10.3962,621.1,0
69.66,odom,map,-0.484269,-0.799675,-1.83534,0,0,0,,,
69.696,odom,map,-0.486743,-0.808845,-1.83333,0,0,0,,,
69.732,odom,map,-0.489336,-0.81854,-1.83103,0,0,0,,,
69.768,odom,map,-0.491996,-0.828577,-1.82866,0,0,0,,,
69.804,ekf_predict_only,map,-0.537044,-0.835849,-1.89714,32.6449,25.9922,-5.07857,,,
69.804,odom,map,-0.494705,-0.838899,-1.82628,0,0,0,,,
69.804,kf,map,-0.517168,-0.811418,-1.81758,0.0260755,0.0477519,-0.00854205,0.167625,,
69.804,ekf,map,-0.521335,-0.799817,-1.8222,0.0272895,0.0448449,-0.0070444,0.092333,,
69.801,amcl,map,-0.497568,-0.847888,-1.82348,0.0374159,0.0304704,-0.00904946,,,
69.804,pf,map,-0.520552,-0.79308,-1.82126,0.0253476,0.0397572,-0.00458373,15.2416,623.761,0
69.84,odom,map,-0.49744,-0.849425,-1.82357,0,0,0,,,
69.876,odom,map,-0.500251,-0.860383,-1.82022,0,0,0,,,
69.912,odom,map,-0.503056,-0.871476,-1.81666,0,0,0,,,
69.948,odom,map,-0.505886,-0.882842,-1.81299,0,0,0,,,
69.984,odom,map,-0.508751,-0.89453,-1.80929,0,0,0,,,
69.984,ekf_predict_only,map,-0.55672,-0.893985,-1.87737,33.8421,26.1785,-5.47415,,,
69.984,kf,map,-0.534428,-0.865297,-1.79985,0.0263194,0.0473061,-0.00890153,0.111625,,
70.02,odom,map,-0.511615,-0.906413,-1.80542,0,0,0,,,
69.984,ekf,map,-0.538715,-0.853853,-1.80429,0.0272085,0.0440868,-0.00730981,0.100417,,
69.984,pf,map,-0.520604,-0.853865,-1.8021,0.0249957,0.0388033,-0.00572092,17.2171,610.944,0
70.056,odom,map,-0.514446,-0.918357,-1.80147,0,0,0,,,
70.092,odom,map,-0.517261,-0.930452,-1.79748,0,0,0,,,
70.128,odom,map,-0.520051,-0.942667,-1.79325,0,0,0,,,
70.164,odom,map,-0.522803,-0.954961,-1.78864,0,0,0,,,
70.2,odom,map,-0.525496,-0.967269,-1.78387,0,0,0,,,
70.2,ekf_predict_only,map,-0.579651,-0.966426,-1.84807,35.3936,26.3949,-5.97454,,,
70.2,kf,map,-0.54553,-0.932072,-1.77547,0.0268036,0.0470214,-0.00939139,0.221458,,
70.2,ekf,map,-0.548914,-0.921941,-1.77949,0.0280308,0.0448056,-0.00801034,0.131458,,
70.2,pf,map,-0.539021,-0.921314,-1.78125,0.026511,0.0328697,-0.0075384,6.15717,621.821,0
70.236,odom,map,-0.528142,-0.979641,-1.779,0,0,0,,,
70.272,odom,map,-0.530729,-0.992037,-1.77411,0,0,0,,,
70.308,odom,map,-0.53326,-1.00447,-1.76915,0,0,0,,,
70.344,odom,map,-0.535732,-1.01693,-1.76411,0,0,0,,,
70.38,odom,map,-0.538131,-1.02935,-1.75914,0,0,0,,,
70.416,ekf_predict_only,map,-0.600345,-1.03914,-1.81873,37.0312,26.6019,-6.47631,,,
70.416,kf,map,-0.561804,-1.00337,-1.75098,0.0272627,0.0466012,-0.00986243,0.102667,,
70.416,ekf,map,-0.564812,-0.995888,-1.75413,0.0285587,0.044895,-0.00858143,0.102333,,
70.416,odom,map,-0.54046,-1.04173,-1.75425,0,0,0,,,
70.416,pf,map,-0.547177,-1.00773,-1.7519,0.0267493,0.0366116,-0.00800622,8.17775,597.646,0
70.452,odom,map,-0.54273,-1.05414,-1.74921,0,0,0,,,
70.488,odom,map,-0.544923,-1.06648,-1.74423,0,0,0,,,
70.524,odom,map,-0.547066,-1.07889,-1.73928,0,0,0,,,
70.56,odom,map,-0.549152,-1.09134,-1.73434,0,0,0,,,
70.596,odom,map,-0.551159,-1.10369,-1.72949,0,0,0,,,
70.596,ekf_predict_only,map,-0.615465,-1.09887,-1.79437,38.4459,26.7707,-6.88381,,,
70.596,kf,map,-0.57892,-1.06506,-1.72517,0.0275771,0.0460558,-0.0102011,0.343,,
70.596,ekf,map,-0.582927,-1.0569,-1.72813,0.0284194,0.0437693,-0.00871436,0.224584,,
70.632,odom,map,-0.553439,-1.11748,-1.72416,0,0,0,,,
70.602,amcl,map,-0.577067,-1.10798,-1.75055,0.0506722,0.0324802,-0.00872571,,,
70.596,pf,map,-0.570903,-1.04957,-1.72487,0.0264775,0.0369289,-0.00670896,11.9683,631.558,0
70.668,odom,map,-0.555681,-1.1314,-1.71901,0,0,0,,,
70.704,odom,map,-0.557851,-1.1453,-1.71402,0,0,0,,,
70.74,odom,map,-0.559975,-1.15933,-1.70984,0,0,0,,,
70.776,odom,map,-0.562067,-1.17345,-1.708,0,0,0,,,
70.812,odom,map,-0.564016,-1.18696,-1.7073,0,0,0,,,
70.812,ekf_predict_only,map,-0.631889,-1.1711,-1.79483,40.2197,26.9538,-7.37246,,,
70.812,ekf,map,-0.59375,-1.12302,-1.71047,0.029307,0.04427,-0.00936039,0.166834,,
70.812,kf,map,-0.588066,-1.13548,-1.7072,0.0281193,0.0457074,-0.0106337,0.747125,,
70.812,pf,map,-0.570736,-1.14982,-1.70022,0.0238375,0.0379571,-0.0062484,6.24792,606.236,0
70.848,odom,map,-0.565697,-1.1992,-1.70738,0,0,0,,,
70.884,odom,map,-0.567384,-1.21145,-1.70822,0,0,0,,,
70.92,odom,map,-0.569081,-1.22364,-1.71025,0,0,0,,,
70.956,odom,map,-0.5708,-1.23576,-1.71335,0,0,0,,,
70.992,odom,map,-0.572559,-1.24786,-1.71703,0,0,0,,,
71.028,odom,map,-0.574342,-1.25979,-1.72128,0,0,0,,,
70.992,ekf_predict_only,map,-0.645215,-1.22958,-1.81796,41.7241,27.1149,-7.78182,,,
70.992,kf,map,-0.601747,-1.19657,-1.72051,0.0284509,0.0451741,-0.010928,0.10975,,
70.992,ekf,map,-0.607151,-1.18624,-1.72362,0.0292297,0.0433284,-0.00946438,0.1815,,
70.992,pf,map,-0.576188,-1.2056,-1.70678,0.0318702,0.0412876,-0.010872,11.0517,587.831,0
71.064,odom,map,-0.576148,-1.27152,-1.72645,0,0,0,,,
71.1,odom,map,-0.577993,-1.28305,-1.73255,0,0,0,,,
71.136,odom,map,-0.579899,-1.29449,-1.73913,0,0,0,,,
71.172,odom,map,-0.581867,-1.30583,-1.74642,0,0,0,,,
71.208,odom,map,-0.583908,-1.31708,-1.75448,0,0,0,,,
71.208,kf,map,-0.636049,-1.27585,-1.7703,0.0444997,0.0491989,-0.00307081,0.061125,,
71.208,ekf,map,-0.641797,-1.27341,-1.77121,0.0508951,0.0543455,-0.00287792,0.05875,,
71.208,ekf_predict_only,map,-0.661926,-1.29582,-1.86976,43.4852,27.308,-8.28133,,,
71.208,pf,map,-0.614921,-1.29935,-1.7573,0.0476685,0.0500004,-0.00349532,5.13833,684.222,0
71.244,odom,map,-0.586037,-1.32826,-1.76368,0,0,0,,,
71.28,odom,map,-0.588272,-1.33942,-1.77324,0,0,0,,,
71.316,odom,map,-0.590606,-1.35051,-1.7833,0,0,0,,,
71.352,odom,map,-0.593036,-1.36149,-1.79421,0,0,0,,,
71.388,odom,map,-0.595567,-1.37234,-1.8059,0,0,0,,,
71.388,ekf_predict_only,map,-0.677923,-1.34772,-1.9323,44.9236,27.4991,-8.72414,,,
71.388,kf,map,-0.66312,-1.3376,-1.82608,0.0489985,0.050192,-0.000779886,0.065291,,
71.424,odom,map,-0.601568,-1.38198,-1.82109,0,0,0,,,
71.388,ekf,map,-0.667772,-1.338,-1.82551,0.0560553,0.0566437,-0.000740676,0.110208,,
71.4,amcl,map,-0.608869,-1.36601,-1.83145,0.0596479,0.0288558,-0.0119566,,,
71.388,pf,map,-0.634936,-1.35771,-1.81287,0.0533007,0.0524964,5.30728e-05,5.03512,654.934,0
71.46,odom,map,-0.609689,-1.3909,-1.83805,0,0,0,,,
71.496,odom,map,-0.61803,-1.39963,-1.85549,0,0,0,,,
71.532,odom,map,-0.626583,-1.40814,-1.8737,0,0,0,,,
71.568,odom,map,-0.635347,-1.4164,-1.89246,0,0,0,,,
71.604,odom,map,-0.644041,-1.42463,-1.91102,0,0,0,,,
71.604,kf,map,-0.688707,-1.40301,-1.90556,0.0503299,0.0506226,-0.000191271,0.059375,,
71.604,ekf,map,-0.692053,-1.40404,-1.90432,0.0584854,0.0584518,-0.000185888,0.055292,,
71.604,ekf_predict_only,map,-0.700007,-1.40612,-2.01844,46.5861,27.7504,-9.29519,,,
71.604,pf,map,-0.667736,-1.42145,-1.88934,0.053054,0.052842,-0.00133632,7.42958,632.332,0
71.64,odom,map,-0.647483,-1.43414,-1.92585,0,0,0,,,
71.676,odom,map,-0.650924,-1.44321,-1.94123,0,0,0,,,
71.712,odom,map,-0.654411,-1.45198,-1.95697,0,0,0,,,
71.748,odom,map,-0.657987,-1.46058,-1.97292,0,0,0,,,
71.784,odom,map,-0.66164,-1.46898,-1.98931,0,0,0,,,
71.82,odom,map,-0.66533,-1.4771,-2.00611,0,0,0,,,
71.784,kf,map,-0.709314,-1.44838,-1.98368,0.0504827,0.0505544,-4.68309e-05,0.062917,,
71.784,ekf_predict_only,map,-0.718861,-1.44539,-2.10315,47.7502,27.9783,-9.74789,,,
71.784,ekf,map,-0.711481,-1.44945,-1.98226,0.0576761,0.0575702,-4.88898e-05,0.061333,,
71.784,pf,map,-0.696899,-1.48223,-1.96346,0.0478219,0.0541919,-0.00124006,5.61546,650.078,0
71.856,odom,map,-0.669009,-1.48484,-2.02311,0,0,0,,,
71.892,odom,map,-0.672762,-1.4924,-2.04015,0,0,0,,,
71.928,odom,map,-0.676557,-1.49972,-2.05749,0,0,0,,,
71.964,odom,map,-0.680259,-1.50657,-2.07532,0,0,0,,,
72,odom,map,-0.683911,-1.51305,-2.09331,0,0,0,,,
72,ekf_predict_only,map,-0.739731,-1.48082,-2.21271,48.826,28.2317,-10.2227,,,
72,kf,map,-0.731601,-1.49152,-2.08714,0.0506941,0.0507115,-1.13809e-05,0.056375,,
72,ekf,map,-0.733285,-1.49287,-2.08562,0.0587367,0.0586173,-2.46972e-05,0.05625,,
72,amcl,map,-0.659035,-1.50574,-2.08876,0.0697811,0.032805,-0.0155884,,,
72,pf,map,-0.709766,-1.52228,-2.07637,0.0559147,0.0502195,0.0036759,7.25942,637.506,0
72.036,odom,map,-0.687501,-1.51916,-2.11148,0,0,0,,,
72.072,odom,map,-0.691082,-1.525,-2.12974,0,0,0,,,
72.108,odom,map,-0.694678,-1.53063,-2.14814,0,0,0,,,
72.144,odom,map,-0.698101,-1.53579,-2.16687,0,0,0,,,
72.18,odom,map,-0.701485,-1.54067,-2.18572,0,0,0,,,
72.216,odom,map,-0.70354,-1.54524,-2.20464,0,0,0,,,
72.216,ekf_predict_only,map,-0.759274,-1.50696,-2.32885,49.6457,28.4784,-10.6419,,,
72.216,kf,map,-0.752801,-1.5247,-2.19794,0.0507454,0.0507497,-2.76078e-06,0.056958,,
72.216,ekf,map,-0.754237,-1.52607,-2.19648,0.0590797,0.0589754,-2.40496e-05,0.088875,,
72.216,pf,map,-0.721798,-1.54905,-2.19306,0.0513831,0.0511188,0.000194719,4.60021,619.851,0
72.252,odom,map,-0.703368,-1.54924,-2.22335,0,0,0,,,
72.288,odom,map,-0.703033,-1.55288,-2.24212,0,0,0,,,
72.324,odom,map,-0.702702,-1.55638,-2.2609,0,0,0,,,
72.36,odom,map,-0.702285,-1.55965,-2.2797,0,0,0,,,
72.396,odom,map,-0.701655,-1.56255,-2.29862,0,0,0,,,
72.432,odom,map,-0.703706,-1.56519,-2.31822,0,0,0,,,
72.396,ekf_predict_only,map,-0.771306,-1.51967,-2.42724,50.0738,28.6524,-10.8864,,,
72.396,kf,map,-0.767589,-1.54319,-2.29307,0.0505844,0.0505855,-6.7414e-07,0.896375,,
72.396,ekf,map,-0.7688,-1.5444,-2.292,0.0577376,0.0576648,-2.1221e-05,0.059375,,
72.402,amcl,map,-0.701247,-1.55817,-2.31309,0.0628882,0.0317415,-0.0190358,,,
72.396,pf,map,-0.738386,-1.57455,-2.28687,0.0504333,0.0470756,0.00101361,17.9305,640.765,0
72.468,odom,map,-0.705989,-1.56761,-2.33807,0,0,0,,,
72.504,odom,map,-0.708182,-1.56984,-2.35791,0,0,0,,,
72.54,odom,map,-0.71032,-1.57193,-2.37773,0,0,0,,,
72.576,odom,map,-0.712328,-1.57382,-2.39755,0,0,0,,,
72.612,ekf_predict_only,map,-0.782208,-1.52912,-2.5451,50.4066,28.8168,-11.0991,,,
72.612,odom,map,-0.714164,-1.57547,-2.41724,0,0,0,,,
72.612,kf,map,-0.781,-1.55729,-2.40973,0.0507188,0.0507191,-1.63723e-07,0.107459,,
72.612,ekf,map,-0.782096,-1.55831,-2.4091,0.0586494,0.0585886,-2.25323e-05,0.060708,,
72.612,pf,map,-0.758605,-1.57525,-2.41371,0.0486645,0.046462,-0.000672859,4.71054,650.187,0
72.648,odom,map,-0.71598,-1.57705,-2.43689,0,0,0,,,
72.684,odom,map,-0.717668,-1.57846,-2.45652,0,0,0,,,
72.72,odom,map,-0.719144,-1.57964,-2.476,0,0,0,,,
72.756,odom,map,-0.720404,-1.58061,-2.49553,0,0,0,,,
72.792,odom,map,-0.72152,-1.58143,-2.51494,0,0,0,,,
72.792,ekf_predict_only,map,-0.786731,-1.53219,-2.64169,50.5488,28.9149,-11.1833,,,
72.828,odom,map,-0.721507,-1.58124,-2.53411,0,0,0,,,
72.792,kf,map,-0.788608,-1.56375,-2.50629,0.0505779,0.050578,-3.999e-08,0.060833,,
72.792,ekf,map,-0.789562,-1.56457,-2.50602,0.0575926,0.0575527,-1.698e-05,0.354375,,
72.801,amcl,map,-0.722502,-1.58262,-2.52508,0.0578517,0.0275578,-0.0156727,,,
72.792,pf,map,-0.774668,-1.5858,-2.51369,0.0498471,0.0463036,0.000364548,15.981,670.734,0
72.864,odom,map,-0.721027,-1.58062,-2.55289,0,0,0,,,
72.9,odom,map,-0.720548,-1.57998,-2.57162,0,0,0,,,
72.936,odom,map,-0.719913,-1.57922,-2.59017,0,0,0,,,
72.972,odom,map,-0.719149,-1.57836,-2.60861,0,0,0,,,
73.008,odom,map,-0.718593,-1.57771,-2.62694,0,0,0,,,
73.008,ekf_predict_only,map,-0.789394,-1.53365,-2.75243,50.6426,28.9933,-11.2311,,,
73.008,kf,map,-0.793684,-1.56744,-2.61822,0.0507172,0.0507173,-9.71272e-09,0.058292,,
73.008,ekf,map,-0.794491,-1.56807,-2.61829,0.0586112,0.0585804,-1.47154e-05,0.064625,,
73.008,pf,map,-0.767531,-1.59038,-2.62848,0.0486944,0.049732,0.00270101,9.29533,648.118,0
73.044,odom,map,-0.719035,-1.57796,-2.6454,0,0,0,,,
73.08,odom,map,-0.719398,-1.57815,-2.66379,0,0,0,,,
73.116,odom,map,-0.719572,-1.57824,-2.68196,0,0,0,,,
73.152,odom,map,-0.719656,-1.57828,-2.69991,0,0,0,,,
73.188,odom,map,-0.719703,-1.5783,-2.71779,0,0,0,,,
73.224,odom,map,-0.720368,-1.57841,-2.7368,0,0,0,,,
73.188,ekf,map,-0.795811,-1.56891,-2.70838,0.0575919,0.0575726,-9.73065e-06,0.108625,,
73.188,kf,map,-0.795158,-1.56845,-2.70805,0.0505776,0.0505776,-2.37241e-09,0.056708,,
73.188,ekf_predict_only,map,-0.788572,-1.53331,-2.84003,50.6824,29.0345,-11.2169,,,
73.2,amcl,map,-0.740636,-1.5757,-2.74133,0.0463907,0.0234535,-0.0111841,,,
73.188,pf,map,-0.786225,-1.58706,-2.71541,0.0489483,0.0485497,0.000182305,7.69225,652.994,0
73.26,odom,map,-0.72138,-1.57858,-2.75638,0,0,0,,,
73.296,odom,map,-0.722258,-1.57868,-2.77558,0,0,0,,,
73.332,odom,map,-0.723059,-1.57877,-2.79438,0,0,0,,,
73.368,odom,map,-0.723826,-1.57884,-2.81285,0,0,0,,,
73.404,odom,map,-0.72433,-1.57884,-2.83085,0,0,0,,,
73.404,ekf,map,-0.793618,-1.56815,-2.80772,0.058623,0.0586087,-7.56383e-06,0.104542,,
73.404,ekf_predict_only,map,-0.784117,-1.53193,-2.93486,50.6908,29.0371,-11.1426,,,
73.404,kf,map,-0.793025,-1.56776,-2.80695,0.0507172,0.0507172,-5.7621e-10,0.132875,,
73.404,pf,map,-0.770778,-1.59924,-2.82347,0.0468115,0.0497676,0.00120453,8.41113,641.95,0
73.44,odom,map,-0.723534,-1.57859,-2.84641,0,0,0,,,
73.476,odom,map,-0.722698,-1.57834,-2.86178,0,0,0,,,
73.512,odom,map,-0.721753,-1.57808,-2.87688,0,0,0,,,
73.548,odom,map,-0.720615,-1.57778,-2.8917,0,0,0,,,
73.584,odom,map,-0.71928,-1.57745,-2.90633,0,0,0,,,
73.584,ekf_predict_only,map,-0.777051,-1.53044,-3.00778,50.6963,29.0125,-11.0287,,,
73.62,odom,map,-0.71797,-1.57773,-2.92032,0,0,0,,,
73.584,ekf,map,-0.788665,-1.56678,-2.88395,0.057603,0.0575945,-4.83451e-06,0.056375,,
73.584,kf,map,-0.788148,-1.56646,-2.88317,0.0505775,0.0505775,-1.40744e-10,0.057875,,
73.584,pf,map,-0.769495,-1.58084,-2.89725,0.0463005,0.0444272,-0.00171859,8.71138,638.087,0
73.656,odom,map,-0.716733,-1.5785,-2.93343,0,0,0,,,
73.692,odom,map,-0.715979,-1.57939,-2.94521,0,0,0,,,
73.728,odom,map,-0.716121,-1.58046,-2.95442,0,0,0,,,
73.764,odom,map,-0.7163,-1.58154,-2.96104,0,0,0,,,
73.8,odom,map,-0.71648,-1.58262,-2.96507,0,0,0,,,
73.8,ekf_predict_only,map,-0.777051,-1.53044,-3.00778,50.7463,29.0625,-11.0287,,,
73.8,amcl,map,-0.73496,-1.55878,-2.97793,0.048717,0.0201464,-0.0132359,,,
73.8,kf,map,-0.7872,-1.56653,-2.91759,0.0507171,0.0507171,-3.41839e-11,0.103209,,
73.8,ekf,map,-0.787232,-1.56673,-2.92329,0.0586333,0.0586274,-3.69168e-06,0.052792,,
73.8,pf,map,-0.73844,-1.58863,-2.96457,0.0482527,0.0494802,-0.00100914,14.5861,639.684,0
73.836,odom,map,-0.716485,-1.58265,-2.96754,0,0,0,,,
73.872,odom,map,-0.716804,-1.5827,-2.96874,0,0,0,,,
73.908,odom,map,-0.718347,-1.58297,-2.97206,0,0,0,,,
73.944,odom,map,-0.720879,-1.5834,-2.97577,0,0,0,,,
73.98,odom,map,-0.723729,-1.58387,-2.97906,0,0,0,,,
74.016,odom,map,-0.728486,-1.58379,-2.98204,0,0,0,,,
74.016,ekf_predict_only,map,-0.80169,-1.53376,-3.01875,50.8959,29.376,-11.4166,,,
74.016,ekf,map,-0.803157,-1.56996,-2.95372,0.0589888,0.0589863,-2.80754e-06,0.0635,,
74.016,kf,map,-0.804282,-1.5703,-2.9482,0.050751,0.050751,-8.29116e-12,0.060833,,
74.016,pf,map,-0.761627,-1.57353,-2.95441,0.0465885,0.0488124,-0.00183388,5.21067,645.789,0
74.052,odom,map,-0.734945,-1.58262,-2.98591,0,0,0,,,
74.088,odom,map,-0.741704,-1.58146,-2.98935,0,0,0,,,
74.124,odom,map,-0.748917,-1.58035,-2.99213,0,0,0,,,
74.16,odom,map,-0.756944,-1.57933,-2.99417,0,0,0,,,
74.196,odom,map,-0.765417,-1.57834,-2.99601,0,0,0,,,
74.196,kf,map,-0.829788,-1.57484,-2.95839,0.0505858,0.0505858,-2.0245e-12,0.065333,,
74.196,ekf,map,-0.828271,-1.57423,-2.96254,0.0576734,0.0576797,-3.22145e-06,0.066917,,
74.232,odom,map,-0.772203,-1.57909,-2.99573,0,0,0,,,
74.196,ekf_predict_only,map,-0.83525,-1.5379,-3.01604,51.0707,29.8008,-11.9448,,,
74.196,pf,map,-0.76598,-1.57867,-2.975,0.0480977,0.048143,-0.00109288,7.8265,638.093,0
74.268,odom,map,-0.779132,-1.58011,-2.99501,0,0,0,,,
74.304,odom,map,-0.786691,-1.58123,-2.99419,0,0,0,,,
74.34,odom,map,-0.794632,-1.58241,-2.99342,0,0,0,,,
74.376,odom,map,-0.803216,-1.5837,-2.9925,0,0,0,,,
74.412,odom,map,-0.811909,-1.58501,-2.99155,0,0,0,,,
74.412,ekf_predict_only,map,-0.887578,-1.54451,-3.01039,51.3201,30.4717,-12.774,,,
74.412,kf,map,-0.874892,-1.58267,-2.95962,0.0507192,0.0507192,-4.91671e-13,0.117375,,
74.412,ekf,map,-0.873246,-1.58197,-2.96241,0.0585945,0.0586265,-7.62923e-06,0.10625,,
74.412,pf,map,-0.815368,-1.59971,-2.96572,0.0550832,0.0517856,-0.00294127,6.20246,645.6,0
74.448,odom,map,-0.820937,-1.58638,-2.9908,0,0,0,,,
74.484,odom,map,-0.830303,-1.5878,-2.99014,0,0,0,,,
74.52,odom,map,-0.839955,-1.58928,-2.98976,0,0,0,,,
74.556,odom,map,-0.849675,-1.59077,-2.98947,0,0,0,,,
74.592,odom,map,-0.859611,-1.59229,-2.98917,0,0,0,,,
74.592,ekf_predict_only,map,-0.940264,-1.55146,-3.01121,51.5807,31.1921,-13.6165,,,
74.592,kf,map,-0.921427,-1.59085,-2.96221,0.050578,0.050578,-1.20092e-13,0.059625,,
74.592,ekf,map,-0.919951,-1.59028,-2.96363,0.0575566,0.0576147,-1.19711e-05,0.059458,,
74.628,odom,map,-0.87069,-1.59202,-2.9894,0,0,0,,,
74.592,pf,map,-0.871199,-1.61093,-2.96396,0.0543162,0.0494261,-0.00405006,8.26542,640.216,0
74.664,odom,map,-0.882314,-1.59107,-2.98985,0,0,0,,,
74.7,odom,map,-0.894107,-1.59014,-2.99027,0,0,0,,,
74.736,odom,map,-0.906044,-1.58921,-2.99097,0,0,0,,,
74.772,odom,map,-0.918255,-1.58832,-2.99203,0,0,0,,,
74.808,odom,map,-0.930518,-1.58803,-2.99326,0,0,0,,,
74.808,ekf_predict_only,map,-1.00969,-1.56057,-3.01736,51.9078,32.1947,-14.7354,,,
74.808,kf,map,-0.985585,-1.6022,-2.96735,0.0507173,0.0507173,-2.91679e-14,0.094375,,
74.808,ekf,map,-0.984238,-1.6018,-2.96779,0.0585848,0.0587026,-2.28914e-05,0.082083,,
74.808,pf,map,-0.961487,-1.62911,-2.96432,0.0547989,0.0474535,0.000488285,5.19083,630.036,0
74.844,odom,map,-0.94206,-1.58975,-2.99428,0,0,0,,,
74.88,odom,map,-0.953665,-1.59146,-2.99583,0,0,0,,,
74.916,odom,map,-0.965418,-1.59317,-2.99808,0,0,0,,,
74.952,odom,map,-0.97719,-1.59486,-3.00076,0,0,0,,,
74.988,odom,map,-0.988954,-1.59651,-3.00373,0,0,0,,,
74.988,ekf_predict_only,map,-1.06843,-1.5679,-3.03564,52.182,33.1125,-15.6873,,,
74.988,kf,map,-1.0415,-1.6118,-2.98119,0.0505776,0.0505776,-7.12447e-15,0.104458,,
74.988,ekf,map,-1.04057,-1.61165,-2.98076,0.0575773,0.0577207,-2.72016e-05,0.106834,,
75.024,odom,map,-1.00069,-1.59812,-3.00721,0,0,0,,,
75,amcl,map,-0.970434,-1.60757,-2.98741,0.0495141,0.0231887,-0.013855,,,
74.988,pf,map,-1.01984,-1.6394,-2.97239,0.0504058,0.046573,0.0031591,15.6047,640.789,0
75.06,odom,map,-1.01244,-1.59968,-3.01134,0,0,0,,,
75.096,odom,map,-1.02427,-1.6012,-3.01583,0,0,0,,,
75.132,odom,map,-1.03615,-1.60268,-3.02043,0,0,0,,,
75.168,odom,map,-1.04793,-1.60408,-3.02554,0,0,0,,,
75.204,odom,map,-1.05983,-1.60544,-3.03135,0,0,0,,,
75.204,ekf_predict_only,map,-1.13996,-1.57551,-3.07086,52.4655,34.2961,-16.8454,,,
75.204,kf,map,-1.11113,-1.62262,-3.01035,0.0507172,0.0507172,-1.73039e-15,0.055542,,
75.204,ekf,map,-1.1105,-1.62264,-3.00924,0.0586152,0.0588271,-3.90074e-05,0.057292,,
75.204,pf,map,-1.09478,-1.61315,-3.01105,0.051374,0.0482387,-0.00465318,7.61704,645.368,0
75.24,odom,map,-1.07175,-1.60672,-3.03722,0,0,0,,,
75.276,odom,map,-1.08366,-1.60793,-3.04307,0,0,0,,,
75.312,odom,map,-1.09546,-1.60906,-3.04937,0,0,0,,,
75.348,odom,map,-1.10714,-1.6101,-3.0561,0,0,0,,,
75.384,odom,map,-1.11873,-1.61106,-3.06307,0,0,0,,,
75.42,odom,map,-1.13033,-1.61193,-3.07026,0,0,0,,,
75.384,ekf_predict_only,map,-1.19802,-1.57962,-3.10745,52.6422,35.3283,-17.7739,,,
75.384,kf,map,-1.16867,-1.6297,-3.0415,0.0505775,0.0505775,-4.22662e-16,0.131584,,
75.384,ekf,map,-1.16836,-1.62979,-3.04029,0.0576004,0.0578151,-3.78047e-05,0.096791,,
75.384,pf,map,-1.14846,-1.62365,-3.04777,0.0504597,0.0553646,0.00323018,8.18617,630.544,0
75.456,odom,map,-1.14194,-1.61271,-3.07758,0,0,0,,,
75.492,odom,map,-1.15344,-1.61341,-3.08497,0,0,0,,,
75.528,odom,map,-1.16489,-1.61401,-3.09304,0,0,0,,,
75.564,odom,map,-1.17633,-1.61451,-3.10267,0,0,0,,,
75.6,odom,map,-1.18777,-1.6149,-3.11329,0,0,0,,,
75.6,ekf_predict_only,map,-1.26648,-1.58196,3.10706,52.7643,36.6081,-18.8506,,,
75.6,ekf,map,-1.237,-1.63596,-3.09576,0.0586336,0.0589048,-4.39294e-05,0.055917,,
75.6,kf,map,-1.23712,-1.6357,-3.09812,0.0507171,0.0507171,-1.02656e-16,0.061375,,
75.6,pf,map,-1.21455,-1.6318,-3.09254,0.0492806,0.0511573,0.000379518,5.90517,617.808,0
75.636,odom,map,-1.19919,-1.61516,-3.12444,0,0,0,,,
75.672,odom,map,-1.21065,-1.61529,-3.13648,0,0,0,,,
75.708,odom,map,-1.22207,-1.61528,3.13389,0,0,0,,,
75.744,odom,map,-1.23346,-1.61511,3.12065,0,0,0,,,
75.78,odom,map,-1.24484,-1.6148,3.10705,0,0,0,,,
75.816,odom,map,-1.25457,-1.61541,3.094,0,0,0,,,
75.816,ekf_predict_only,map,-1.33451,-1.57961,3.02062,52.7418,37.9574,-19.8773,,,
75.816,kf,map,-1.30548,-1.63738,3.1093,0.050751,0.050751,-2.48988e-17,0.121041,,
75.816,ekf,map,-1.30547,-1.63761,3.11197,0.0589903,0.0592838,-4.15835e-05,0.060625,,
75.816,pf,map,-1.28916,-1.64449,3.12361,0.0455829,0.0484108,0.00140456,5.97788,633.442,0
75.801,amcl,map,-1.24296,-1.62942,3.10266,0.0621932,0.0329197,-0.0217209,,,
75.852,odom,map,-1.26173,-1.61759,3.08253,0,0,0,,,
75.888,odom,map,-1.26889,-1.61967,3.07091,0,0,0,,,
75.924,odom,map,-1.27604,-1.62164,3.05882,0,0,0,,,
75.96,odom,map,-1.28319,-1.6235,3.04643,0,0,0,,,
75.996,odom,map,-1.29031,-1.62524,3.03383,0,0,0,,,
75.996,ekf_predict_only,map,-1.39048,-1.57281,2.94141,52.5825,39.1342,-20.6698,,,
75.996,kf,map,-1.36207,-1.63415,3.03692,0.0505858,0.0505858,-6.0797e-18,0.055625,,
75.996,ekf,map,-1.3621,-1.63425,3.03898,0.0576745,0.0579325,-2.94919e-05,0.059625,,
76.032,odom,map,-1.30105,-1.62426,3.01835,0,0,0,,,
75.996,pf,map,-1.32857,-1.66179,3.04605,0.0450909,0.0486162,-0.0008336,8.02492,662.11,0
76.068,odom,map,-1.31221,-1.62279,3.00231,0,0,0,,,
76.104,odom,map,-1.32322,-1.62115,2.98591,0,0,0,,,
76.14,odom,map,-1.33415,-1.61935,2.96937,0,0,0,,,
76.176,odom,map,-1.345,-1.61737,2.95264,0,0,0,,,
76.212,odom,map,-1.35573,-1.61522,2.93568,0,0,0,,,
76.212,kf,map,-1.42775,-1.62515,2.94,0.0507192,0.0507192,-1.47652e-18,0.060042,,
76.212,ekf,map,-1.42786,-1.62502,2.94164,0.0585947,0.0588909,-2.12275e-05,0.056916,,
76.212,ekf_predict_only,map,-1.45469,-1.55978,2.83926,52.2339,40.5412,-21.5144,,,
76.212,pf,map,-1.40839,-1.65389,2.94749,0.0484263,0.0527846,-0.000663856,5.26108,656.343,0
76.248,odom,map,-1.36626,-1.61293,2.91873,0,0,0,,,
76.284,odom,map,-1.37666,-1.61048,2.90182,0,0,0,,,
76.32,odom,map,-1.38689,-1.60789,2.88493,0,0,0,,,
76.356,odom,map,-1.39686,-1.60518,2.86798,0,0,0,,,
76.392,odom,map,-1.40659,-1.60236,2.85097,0,0,0,,,
76.428,odom,map,-1.41617,-1.59941,2.83393,0,0,0,,,
76.392,ekf_predict_only,map,-1.50198,-1.54503,2.75395,51.8359,41.6351,-22.0698,,,
76.392,kf,map,-1.47779,-1.61293,2.85756,0.050578,0.050578,-3.60644e-19,0.055667,,
76.392,ekf,map,-1.47805,-1.61263,2.85863,0.0575561,0.0578124,-7.50603e-06,0.060333,,
76.401,amcl,map,-1.41544,-1.59668,2.84066,0.0634417,0.0419085,-0.0284018,,,
76.392,pf,map,-1.46158,-1.63346,2.86446,0.0501711,0.0454773,-0.000809583,9.17188,635.559,0
76.464,odom,map,-1.42558,-1.59633,2.81687,0,0,0,,,
76.5,odom,map,-1.43479,-1.59314,2.79976,0,0,0,,,
76.536,odom,map,-1.44367,-1.58989,2.78255,0,0,0,,,
76.572,odom,map,-1.45246,-1.58651,2.76532,0,0,0,,,
76.608,odom,map,-1.46162,-1.58289,2.74777,0,0,0,,,
76.608,ekf_predict_only,map,-1.55348,-1.524,2.65214,51.2538,42.8643,-22.6031,,,
76.608,kf,map,-1.53257,-1.59456,2.75675,0.0507173,0.0507173,-8.75927e-20,0.062708,,
76.608,ekf,map,-1.5329,-1.59402,2.75731,0.0585844,0.0588596,7.45449e-06,0.066208,,
76.608,pf,map,-1.51663,-1.62179,2.76029,0.0468393,0.0541173,0.000175895,5.16563,639.873,0
76.644,odom,map,-1.47243,-1.57873,2.72835,0,0,0,,,
76.68,odom,map,-1.48292,-1.57449,2.70889,0,0,0,,,
76.716,odom,map,-1.49297,-1.57024,2.68948,0,0,0,,,
76.752,odom,map,-1.50281,-1.56588,2.67012,0,0,0,,,
76.788,odom,map,-1.51243,-1.56143,2.65089,0,0,0,,,
76.824,odom,map,-1.52016,-1.55743,2.63363,0,0,0,,,
76.788,ekf_predict_only,map,-1.58681,-1.50624,2.57155,50.7757,43.7016,-22.8891,,,
76.788,kf,map,-1.57028,-1.57724,2.67454,0.0505776,0.0505776,-2.13952e-20,0.064667,,
76.788,ekf,map,-1.57079,-1.57654,2.67454,0.057578,0.0577975,1.67795e-05,3.28533,,
76.788,pf,map,-1.55983,-1.59316,2.67772,0.0515075,0.0546357,0.00248844,8.94742,636.139,0
76.86,odom,map,-1.52659,-1.55379,2.61758,0,0,0,,,
76.896,odom,map,-1.53259,-1.55025,2.60159,0,0,0,,,
76.932,odom,map,-1.53841,-1.5467,2.58562,0,0,0,,,
76.968,odom,map,-1.54387,-1.54325,2.56985,0,0,0,,,
77.004,odom,map,-1.54899,-1.5399,2.55447,0,0,0,,,
77.004,ekf_predict_only,map,-1.61692,-1.48694,2.48023,50.2577,44.4789,-23.099,,,
77.001,amcl,map,-1.54237,-1.54288,2.56251,0.058421,0.041237,-0.0305765,,,
77.004,kf,map,-1.60571,-1.55738,2.58027,0.0507172,0.0507172,-5.19646e-21,0.061125,,
77.004,ekf,map,-1.60644,-1.55645,2.5798,0.0586178,0.0588267,2.81788e-05,0.126375,,
77.004,pf,map,-1.60545,-1.58124,2.57477,0.0545107,0.0540449,0.00261746,5.39592,638.189,0
77.04,odom,map,-1.55385,-1.53661,2.53932,0,0,0,,,
77.076,odom,map,-1.55862,-1.53328,2.52422,0,0,0,,,
77.112,odom,map,-1.56318,-1.52999,2.50941,0,0,0,,,
77.148,odom,map,-1.56741,-1.52685,2.49505,0,0,0,,,
77.184,odom,map,-1.57122,-1.52393,2.48089,0,0,0,,,
77.22,odom,map,-1.57419,-1.52093,2.46747,0,0,0,,,
77.184,ekf_predict_only,map,-1.63525,-1.47268,2.40941,49.8921,44.979,-23.1908,,,
77.184,kf,map,-1.62856,-1.54161,2.50661,0.0505775,0.0505775,-1.26928e-21,0.06775,,
77.184,ekf,map,-1.6293,-1.5407,2.50601,0.0576041,0.0577544,2.75172e-05,0.058917,,
77.184,pf,map,-1.62422,-1.56928,2.50743,0.049452,0.0426138,-0.00144562,7.08975,629.592,0
77.256,odom,map,-1.57637,-1.51796,2.45483,0,0,0,,,
77.292,odom,map,-1.57822,-1.5152,2.44254,0,0,0,,,
77.328,odom,map,-1.57977,-1.51264,2.43067,0,0,0,,,
77.364,odom,map,-1.58124,-1.51009,2.41891,0,0,0,,,
77.4,odom,map,-1.58263,-1.50757,2.40727,0,0,0,,,
77.4,kf,map,-1.63952,-1.53239,2.44317,0.0507171,0.0507171,-3.08282e-22,0.064792,,
77.4,ekf,map,-1.64146,-1.53047,2.43964,0.0586373,0.0587625,2.75751e-05,0.054334,,
77.4,ekf_predict_only,map,-1.63525,-1.47268,2.36697,49.9421,45.029,-23.1908,,,
77.4,pf,map,-1.63593,-1.53533,2.422,0.0501111,0.0519899,0.00169196,5.77463,653.925,0
77.436,odom,map,-1.58475,-1.5056,2.39546,0,0,0,,,
77.472,odom,map,-1.58593,-1.50449,2.3862,0,0,0,,,
77.508,odom,map,-1.5862,-1.50424,2.37952,0,0,0,,,
77.544,odom,map,-1.5862,-1.50424,2.37543,0,0,0,,,
77.58,odom,map,-1.5862,-1.50424,2.37394,0,0,0,,,
77.616,ekf,map,-1.65106,-1.52235,2.40519,0.0589933,0.0590847,2.25028e-05,0.0585,,
77.616,odom,map,-1.58638,-1.50406,2.37343,0,0,0,,,
77.616,kf,map,-1.64958,-1.52383,2.41019,0.050751,0.050751,-7.47726e-23,0.074333,,
77.616,ekf_predict_only,map,-1.64038,-1.46766,2.35596,49.8465,45.2061,-23.203,,,
77.616,pf,map,-1.63204,-1.51,2.38914,0.0505052,0.0530609,-0.000222533,6.91237,619.369,0
77.652,odom,map,-1.5872,-1.50327,2.3716,0,0,0,,,
77.688,odom,map,-1.58835,-1.50216,2.36975,0,0,0,,,
77.724,odom,map,-1.58965,-1.50088,2.36789,0,0,0,,,
77.76,odom,map,-1.59119,-1.49938,2.36548,0,0,0,,,
77.796,odom,map,-1.59334,-1.49726,2.36246,0,0,0,,,
77.832,odom,map,-1.59563,-1.49577,2.35933,0,0,0,,,
77.796,ekf_predict_only,map,-1.65116,-1.45688,2.34089,49.5856,45.5244,-23.2242,,,
77.796,ekf,map,-1.66159,-1.51279,2.38308,0.0576772,0.0577334,1.5473e-05,0.058875,,
77.796,kf,map,-1.66099,-1.51348,2.38641,0.0505858,0.0505858,-1.82577e-23,0.059708,,
77.802,amcl,map,-1.60377,-1.49752,2.35429,0.0452306,0.0425385,-0.0304559,,,
77.796,pf,map,-1.63411,-1.51636,2.38021,0.0492293,0.0461716,0.000240172,9.41133,650.552,0
77.868,odom,map,-1.59815,-1.49412,2.35555,0,0,0,,,
77.904,odom,map,-1.60109,-1.49203,2.35081,0,0,0,,,
77.94,odom,map,-1.60385,-1.49009,2.34557,0,0,0,,,
77.976,odom,map,-1.6064,-1.48834,2.3394,0,0,0,,,
78.012,odom,map,-1.60866,-1.48659,2.33262,0,0,0,,,
78.012,kf,map,-1.67433,-1.50057,2.34137,0.0507192,0.0507192,-4.43406e-24,0.061416,,
78.012,ekf,map,-1.67484,-1.50002,2.34117,0.0585985,0.0586406,1.40489e-05,0.079208,,
78.012,ekf_predict_only,map,-1.66241,-1.44528,2.28819,49.3033,45.8566,-23.2398,,,
78.012,pf,map,-1.64618,-1.50091,2.36249,0.0517001,0.0523296,1.20776e-05,4.62825,649.876,0
78.048,odom,map,-1.61051,-1.48463,2.324,0,0,0,,,
78.084,odom,map,-1.61229,-1.48272,2.31471,0,0,0,,,
78.12,odom,map,-1.61401,-1.48083,2.30414,0,0,0,,,
78.156,odom,map,-1.61566,-1.47898,2.29308,0,0,0,,,
78.192,odom,map,-1.61737,-1.47702,2.28081,0,0,0,,,
78.192,ekf,map,-1.68473,-1.48964,2.28849,0.0575598,0.0575857,1.08612e-05,0.116916,,
78.228,odom,map,-1.61919,-1.47487,2.26797,0,0,0,,,
78.192,kf,map,-1.68442,-1.48991,2.28719,0.050578,0.050578,-1.08303e-24,0.104042,,
78.192,ekf_predict_only,map,-1.67165,-1.43468,2.22399,49.0517,46.1403,-23.2375,,,
78.192,pf,map,-1.67804,-1.48706,2.30373,0.0522135,0.0506502,-0.000102956,8.13075,648.412,0
78.264,odom,map,-1.62098,-1.4727,2.25513,0,0,0,,,
78.3,odom,map,-1.62299,-1.4702,2.24154,0,0,0,,,
78.336,odom,map,-1.62526,-1.4673,2.22723,0,0,0,,,
78.372,odom,map,-1.62748,-1.46437,2.21293,0,0,0,,,
78.408,odom,map,-1.62972,-1.46133,2.19846,0,0,0,,,
78.408,ekf_predict_only,map,-1.69063,-1.40989,2.1308,48.4037,46.6742,-23.1884,,,
78.408,kf,map,-1.70107,-1.47018,2.20446,0.0507173,0.0507173,-2.63046e-25,0.1475,,
78.408,ekf,map,-1.70068,-1.47073,2.20662,0.0585902,0.0586086,1.32344e-05,0.059458,,
78.408,pf,map,-1.70139,-1.48153,2.21694,0.0483224,0.0498996,-0.00171655,6.72408,652.241,0
78.444,odom,map,-1.63221,-1.45784,2.18327,0,0,0,,,
78.48,odom,map,-1.63523,-1.45348,2.16771,0,0,0,,,
78.516,odom,map,-1.63843,-1.44868,2.15211,0,0,0,,,
78.552,odom,map,-1.64175,-1.44355,2.13643,0,0,0,,,
78.588,odom,map,-1.64514,-1.43812,2.12071,0,0,0,,,
78.624,odom,map,-1.6497,-1.43177,2.10384,0,0,0,,,
78.588,kf,map,-1.71828,-1.4453,2.13032,0.0505776,0.0505776,-6.4251e-26,0.1375,,
78.6,amcl,map,-1.65409,-1.44574,2.10525,0.035374,0.0310853,-0.02386,,,
78.588,ekf,map,-1.71747,-1.4464,2.13215,0.0575883,0.0575962,1.63013e-05,0.059458,,
78.588,ekf_predict_only,map,-1.71081,-1.37769,2.04994,47.5631,47.246,-23.0514,,,
78.588,pf,map,-1.7111,-1.44854,2.12782,0.0478487,0.0506095,0.000555769,6.08721,645.786,0
78.66,odom,map,-1.65508,-1.4245,2.08642,0,0,0,,,
78.696,odom,map,-1.66043,-1.417,2.06919,0,0,0,,,
78.732,odom,map,-1.66588,-1.409,2.05219,0,0,0,,,
78.768,odom,map,-1.6712,-1.40093,2.03519,0,0,0,,,
78.804,odom,map,-1.67637,-1.39269,2.01831,0,0,0,,,
78.804,ekf_predict_only,map,-1.73429,-1.3325,1.95586,46.3935,47.9118,-22.7756,,,
78.804,ekf,map,-1.73983,-1.40714,2.04002,0.0586444,0.0586385,2.96135e-05,0.055416,,
78.804,kf,map,-1.74081,-1.40604,2.03887,0.0507172,0.0507172,-1.56053e-26,0.12475,,
78.804,pf,map,-1.71737,-1.42134,2.03701,0.0470756,0.0515845,-0.0015311,5.25171,631.458,0
78.84,odom,map,-1.6801,-1.38475,2.00299,0,0,0,,,
78.876,odom,map,-1.68379,-1.3766,1.98783,0,0,0,,,
78.912,odom,map,-1.68735,-1.3684,1.97268,0,0,0,,,
78.948,odom,map,-1.69089,-1.35989,1.95797,0,0,0,,,
78.984,odom,map,-1.69441,-1.35107,1.94364,0,0,0,,,
78.984,kf,map,-1.7597,-1.36439,1.96813,0.0505775,0.0505775,-3.81171e-27,0.059208,,
79.02,odom,map,-1.69794,-1.34184,1.92963,0,0,0,,,
78.984,ekf_predict_only,map,-1.75366,-1.28471,1.88652,45.1928,48.4769,-22.3936,,,
78.984,ekf,map,-1.75866,-1.36545,1.96841,0.0576474,0.0576243,3.73553e-05,0.502458,,
78.984,pf,map,-1.73064,-1.38476,1.96407,0.0498658,0.0469943,-0.00103645,11.9144,661.64,0
79.056,odom,map,-1.7015,-1.33216,1.91577,0,0,0,,,
79.092,odom,map,-1.70492,-1.32244,1.9019,0,0,0,,,
79.128,odom,map,-1.70825,-1.31252,1.88826,0,0,0,,,
79.164,odom,map,-1.71151,-1.30235,1.87501,0,0,0,,,
79.2,odom,map,-1.71476,-1.29178,1.86248,0,0,0,,,
79.2,ekf,map,-1.78003,-1.30749,1.88872,0.0587263,0.0586656,5.88744e-05,0.055333,,
79.2,ekf_predict_only,map,-1.77426,-1.22165,1.81133,43.6529,49.0821,-21.8035,,,
79.2,kf,map,-1.7812,-1.30657,1.88922,0.0507171,0.0507171,-9.25788e-28,0.0565,,
79.2,amcl,map,-1.7173,-1.32021,1.87059,0.0298938,0.0373006,-0.0235882,,,
79.2,pf,map,-1.7614,-1.32162,1.88944,0.0488769,0.0481799,0.000982086,5.36733,637.66,0
79.236,odom,map,-1.71787,-1.28117,1.84995,0,0,0,,,
79.272,odom,map,-1.72093,-1.27023,1.83802,0,0,0,,,
79.308,odom,map,-1.72396,-1.25893,1.82684,0,0,0,,,
79.344,odom,map,-1.72686,-1.24759,1.81566,0,0,0,,,
79.38,odom,map,-1.72971,-1.23593,1.80501,0,0,0,,,
79.416,odom,map,-1.73243,-1.22469,1.79489,0,0,0,,,
79.416,ekf,map,-1.79925,-1.23953,1.82292,0.0591333,0.059026,7.48796e-05,0.057584,,
79.416,ekf_predict_only,map,-1.79224,-1.14833,1.75235,41.9422,49.6228,-21.0191,,,
79.416,kf,map,-1.8006,-1.23861,1.82414,0.050751,0.050751,-2.24546e-28,0.142041,,
79.416,pf,map,-1.78391,-1.24888,1.80468,0.0518012,0.0478573,-0.000384854,11.0178,648.882,0
79.452,odom,map,-1.73484,-1.2148,1.78449,0,0,0,,,
79.488,odom,map,-1.73711,-1.20488,1.77408,0,0,0,,,
79.524,odom,map,-1.73927,-1.19486,1.764,0,0,0,,,
79.56,odom,map,-1.74133,-1.18465,1.75462,0,0,0,,,
79.596,odom,map,-1.74328,-1.1744,1.74587,0,0,0,,,
79.632,odom,map,-1.74541,-1.16209,1.73828,0,0,0,,,
79.596,kf,map,-1.81353,-1.17865,1.77962,0.0505858,0.0505858,-5.48289e-29,0.061291,,
79.596,ekf,map,-1.8123,-1.17921,1.778,0.0578375,0.0577052,7.20415e-05,0.056375,,
79.596,ekf_predict_only,map,-1.80375,-1.08567,1.71556,40.5622,49.9896,-20.2873,,,
79.596,pf,map,-1.78974,-1.17915,1.76192,0.0526751,0.0526275,-0.00236073,6.08675,650.473,0
79.668,odom,map,-1.74749,-1.14954,1.73141,0,0,0,,,
79.704,odom,map,-1.74948,-1.13697,1.72499,0,0,0,,,
79.74,odom,map,-1.75137,-1.1246,1.71932,0,0,0,,,
79.776,odom,map,-1.75317,-1.11235,1.71434,0,0,0,,,
79.812,odom,map,-1.7549,-1.10014,1.70953,0,0,0,,,
79.812,ekf,map,-1.82535,-1.10635,1.74129,0.0588297,0.0586269,8.6277e-05,0.062209,,
79.812,ekf_predict_only,map,-1.81442,-1.01243,1.68666,39.0285,50.3358,-19.3869,,,
79.812,kf,map,-1.8265,-1.10619,1.74315,0.0507192,0.0507192,-1.33157e-29,0.054792,,
79.812,pf,map,-1.78834,-1.12154,1.73667,0.0480312,0.048494,0.00137969,19.5672,619.651,0
79.848,odom,map,-1.75658,-1.08792,1.70471,0,0,0,,,
79.884,odom,map,-1.75819,-1.07578,1.70051,0,0,0,,,
79.92,odom,map,-1.75974,-1.06371,1.69696,0,0,0,,,
79.956,odom,map,-1.76125,-1.05166,1.69353,0,0,0,,,
79.992,odom,map,-1.76269,-1.03983,1.6908,0,0,0,,,
79.992,kf,map,-1.83506,-1.04707,1.72475,0.050578,0.050578,-3.25241e-30,0.103833,,
79.992,ekf,map,-1.83412,-1.04695,1.72286,0.0577905,0.0575806,7.47323e-05,0.1555,,
80.028,odom,map,-1.76503,-1.0302,1.69017,0,0,0,,,
79.992,ekf_predict_only,map,-1.82124,-0.953875,1.67611,37.8806,50.5759,-18.64,,,
80.001,amcl,map,-1.77708,-1.05539,1.69821,0.0252287,0.0564985,-0.0221821,,,
79.992,pf,map,-1.79302,-1.06563,1.71503,0.0481797,0.0531724,0.000323857,9.12246,651.397,0
80.064,odom,map,-1.76773,-1.02153,1.69057,0,0,0,,,
80.1,odom,map,-1.77045,-1.01301,1.69167,0,0,0,,,
80.136,odom,map,-1.77321,-1.00449,1.69276,0,0,0,,,
80.172,odom,map,-1.77599,-0.996124,1.69443,0,0,0,,,
80.208,odom,map,-1.77848,-0.98722,1.69627,0,0,0,,,
80.208,ekf_predict_only,map,-1.82831,-0.886968,1.67847,36.636,50.8241,-17.7711,,,
80.208,ekf,map,-1.84351,-0.978864,1.71704,0.0588722,0.0586051,7.90211e-05,0.056416,,
80.208,kf,map,-1.84433,-0.979175,1.71908,0.0507173,0.0507173,-7.89942e-31,0.058167,,
80.208,pf,map,-1.79029,-0.992128,1.70373,0.053986,0.050016,-0.000252174,14.0017,641.914,0
80.244,odom,map,-1.77989,-0.976095,1.69666,0,0,0,,,
80.28,odom,map,-1.78128,-0.965081,1.69732,0,0,0,,,
80.316,odom,map,-1.78266,-0.954304,1.69848,0,0,0,,,
80.352,odom,map,-1.78402,-0.943737,1.69992,0,0,0,,,
80.388,odom,map,-1.78539,-0.933274,1.7015,0,0,0,,,
80.424,odom,map,-1.78676,-0.922875,1.70246,0,0,0,,,
80.388,ekf_predict_only,map,-1.83393,-0.834976,1.67932,35.735,51.0322,-17.0912,,,
80.388,kf,map,-1.85154,-0.925689,1.7182,0.0505776,0.0505776,-1.92949e-31,0.122583,,
80.388,ekf,map,-1.85105,-0.925303,1.71709,0.0578339,0.0575901,6.31541e-05,0.058041,,
80.388,pf,map,-1.81477,-0.940698,1.71938,0.0465848,0.0487558,-0.00215429,8.98738,624.469,0
80.46,odom,map,-1.78815,-0.912391,1.7021,0,0,0,,,
80.496,odom,map,-1.78953,-0.901943,1.70115,0,0,0,,,
80.532,odom,map,-1.79088,-0.891538,1.6997,0,0,0,,,
80.568,odom,map,-1.79222,-0.881131,1.69826,0,0,0,,,
80.604,odom,map,-1.79355,-0.870715,1.69624,0,0,0,,,
80.604,kf,map,-1.86045,-0.862436,1.70765,0.0507172,0.0507172,-4.68635e-32,0.06325,,
80.604,ekf_predict_only,map,-1.84075,-0.772339,1.66507,34.7032,51.2749,-16.2656,,,
80.604,ekf,map,-1.86028,-0.862143,1.70777,0.0589037,0.0586241,6.32154e-05,0.062833,,
80.604,pf,map,-1.83437,-0.881952,1.7214,0.0472014,0.048434,-0.000712399,4.72167,637.038,0
80.64,odom,map,-1.79485,-0.860287,1.69324,0,0,0,,,
80.676,odom,map,-1.79611,-0.849851,1.68933,0,0,0,,,
80.712,odom,map,-1.79734,-0.839411,1.68543,0,0,0,,,
80.748,odom,map,-1.79851,-0.829009,1.68122,0,0,0,,,
80.784,odom,map,-1.79963,-0.818688,1.67598,0,0,0,,,
80.82,odom,map,-1.80128,-0.808838,1.669,0,0,0,,,
80.784,kf,map,-1.86716,-0.810993,1.68111,0.0505775,0.0505775,-1.14468e-32,0.060959,,
80.784,ekf_predict_only,map,-1.84551,-0.722068,1.62843,33.9357,51.4596,-15.5918,,,
80.784,ekf,map,-1.8673,-0.810702,1.68256,0.0578477,0.0576053,4.9689e-05,0.123541,,
80.784,pf,map,-1.84836,-0.814591,1.69973,0.052045,0.0567043,0.00267154,5.70092,629.803,0
80.856,odom,map,-1.80331,-0.799382,1.66057,0,0,0,,,
80.892,odom,map,-1.80525,-0.789949,1.65198,0,0,0,,,
80.928,odom,map,-1.80709,-0.780588,1.64311,0,0,0,,,
80.964,odom,map,-1.80882,-0.771387,1.63249,0,0,0,,,
81,odom,map,-1.81044,-0.762295,1.62123,0,0,0,,,
81,ekf_predict_only,map,-1.8488,-0.664988,1.56339,33.1123,51.6032,-14.806,,,
81,kf,map,-1.87309,-0.752415,1.62798,0.0507171,0.0507171,-2.78019e-33,0.066667,,
81,ekf,map,-1.87338,-0.752056,1.63042,0.0589029,0.0586367,4.88818e-05,0.059708,,
81,amcl,map,-1.82073,-0.781562,1.62495,0.0243703,0.0689281,-0.0171253,,,
81,pf,map,-1.87238,-0.763554,1.63465,0.0531492,0.0538496,0.000954412,4.70571,621.709,0
81.036,odom,map,-1.81089,-0.752788,1.61038,0,0,0,,,
81.072,odom,map,-1.81121,-0.74347,1.59865,0,0,0,,,
81.108,odom,map,-1.81141,-0.73418,1.58658,0,0,0,,,
81.144,odom,map,-1.8115,-0.725072,1.57401,0,0,0,,,
81.18,odom,map,-1.81147,-0.716165,1.56002,0,0,0,,,
81.216,odom,map,-1.81131,-0.70726,1.54601,0,0,0,,,
81.216,ekf_predict_only,map,-1.8484,-0.611549,1.47935,32.3977,51.642,-14.0432,,,
81.216,ekf,map,-1.87559,-0.696945,1.55696,0.0592506,0.0589921,4.20781e-05,0.059125,,
81.216,kf,map,-1.87535,-0.697351,1.5543,0.050751,0.050751,-6.74325e-34,0.060542,,
81.216,pf,map,-1.87426,-0.722289,1.57532,0.0524438,0.0488501,-0.00144998,4.90867,612.209,0
81.252,odom,map,-1.81103,-0.698562,1.5315,0,0,0,,,
81.288,odom,map,-1.81064,-0.690257,1.51562,0,0,0,,,
81.324,odom,map,-1.81012,-0.682012,1.49957,0,0,0,,,
81.36,odom,map,-1.80947,-0.673831,1.48307,0,0,0,,,
81.396,odom,map,-1.8087,-0.665899,1.46529,0,0,0,,,
81.396,ekf_predict_only,map,-1.84478,-0.572023,1.38954,31.9152,51.589,-13.4573,,,
81.396,kf,map,-1.8737,-0.655958,1.47416,0.0505858,0.0505858,-1.64654e-34,0.083,,
81.432,odom,map,-1.80779,-0.658013,1.44733,0,0,0,,,
81.396,ekf,map,-1.87386,-0.655549,1.47663,0.0578816,0.0576754,2.88414e-05,0.058416,,
81.396,pf,map,-1.86328,-0.679566,1.49913,0.0514339,0.0520135,0.00141928,10.5474,640.197,0
81.468,odom,map,-1.80675,-0.650145,1.42936,0,0,0,,,
81.504,odom,map,-1.80557,-0.642385,1.41122,0,0,0,,,
81.54,odom,map,-1.80435,-0.635252,1.39172,0,0,0,,,
81.576,odom,map,-1.80301,-0.628232,1.37208,0,0,0,,,
81.612,odom,map,-1.80153,-0.621239,1.35244,0,0,0,,,
81.612,ekf_predict_only,map,-1.83705,-0.52984,1.27172,31.4281,51.4202,-12.8111,,,
81.612,kf,map,-1.86794,-0.611362,1.36367,0.0507192,0.0507192,-3.99879e-35,0.054208,,
81.612,ekf,map,-1.86791,-0.610885,1.36581,0.0588051,0.0585952,2.21866e-05,0.055417,,
81.6,amcl,map,-1.81821,-0.658755,1.37823,0.0194774,0.0625187,-0.00862997,,,
81.612,pf,map,-1.83683,-0.62719,1.38485,0.0507947,0.0488182,0.00407339,5.1755,652.26,0
81.648,odom,map,-1.79994,-0.614405,1.33262,0,0,0,,,
81.684,odom,map,-1.7983,-0.607935,1.31238,0,0,0,,,
81.72,odom,map,-1.79661,-0.601797,1.29188,0,0,0,,,
81.756,odom,map,-1.7948,-0.595695,1.27138,0,0,0,,,
81.792,odom,map,-1.79297,-0.589962,1.25054,0,0,0,,,
81.828,odom,map,-1.79257,-0.58716,1.22983,0,0,0,,,
81.792,ekf,map,-1.86011,-0.580548,1.26475,0.0577192,0.0575559,1.19983e-05,0.108875,,
81.792,kf,map,-1.86031,-0.581208,1.26303,0.050578,0.050578,-9.76718e-36,0.102166,,
81.792,ekf_predict_only,map,-1.82894,-0.503525,1.16511,31.1593,51.2417,-12.3915,,,
81.792,pf,map,-1.84937,-0.606898,1.28367,0.0498747,0.0486214,0.00279623,8.36229,644.897,0
81.864,odom,map,-1.79267,-0.585476,1.20918,0,0,0,,,
81.9,odom,map,-1.79266,-0.583831,1.18854,0,0,0,,,
81.936,odom,map,-1.79264,-0.582459,1.1677,0,0,0,,,
81.972,odom,map,-1.7928,-0.581741,1.14654,0,0,0,,,
82.008,odom,map,-1.79256,-0.580576,1.12513,0,0,0,,,
82.008,ekf,map,-1.84971,-0.552643,1.13713,0.058735,0.0585824,5.26758e-06,0.054584,,
82.008,ekf_predict_only,map,-1.81933,-0.481163,1.03383,30.9484,51.0228,-12.0224,,,
82.008,kf,map,-1.85017,-0.553614,1.1358,0.0507173,0.0507173,-2.37224e-36,0.059708,,
82.002,amcl,map,-1.8108,-0.60173,1.14995,0.018295,0.0485797,-0.010273,,,
82.008,pf,map,-1.83059,-0.581997,1.15619,0.0494537,0.0509884,0.000315954,7.33404,647.033,0
82.044,odom,map,-1.79077,-0.576935,1.10325,0,0,0,,,
82.08,odom,map,-1.7889,-0.573335,1.08137,0,0,0,,,
82.116,odom,map,-1.78707,-0.569992,1.05921,0,0,0,,,
82.152,odom,map,-1.78546,-0.567191,1.03688,0,0,0,,,
82.188,odom,map,-1.78393,-0.564672,1.0144,0,0,0,,,
82.188,ekf_predict_only,map,-1.81193,-0.468738,0.921243,30.8573,50.8668,-11.8074,,,
82.188,kf,map,-1.84156,-0.536865,1.02614,0.0505776,0.0505776,-5.79438e-37,0.949667,,
82.188,ekf,map,-1.84103,-0.535939,1.02711,0.0576826,0.0575743,3.45294e-07,0.05725,,
82.224,odom,map,-1.78238,-0.562234,0.991885,0,0,0,,,
82.188,pf,map,-1.82552,-0.557958,1.03467,0.0532561,0.0492442,0.00304189,6.85358,657.316,0
82.26,odom,map,-1.78089,-0.560017,0.969293,0,0,0,,,
82.296,odom,map,-1.77943,-0.557929,0.946677,0,0,0,,,
82.332,odom,map,-1.77791,-0.555874,0.92406,0,0,0,,,
82.368,odom,map,-1.77659,-0.554158,0.901493,0,0,0,,,
82.404,odom,map,-1.77563,-0.553052,0.878837,0,0,0,,,
82.404,kf,map,-1.83428,-0.525927,0.891674,0.0507172,0.0507172,-1.40734e-37,0.102834,,
82.404,ekf,map,-1.83352,-0.524817,0.89233,0.0587008,0.0586105,-2.44158e-06,0.063,,
82.404,ekf_predict_only,map,-1.80748,-0.462879,0.785114,30.8418,50.7934,-11.7012,,,
82.401,amcl,map,-1.80144,-0.573082,0.898468,0.0142251,0.0411094,-0.0060783,,,
82.404,pf,map,-1.82135,-0.532453,0.887383,0.0495399,0.0436641,0.00208959,5.42104,650.193,0
82.44,odom,map,-1.776,-0.554823,0.858911,0,0,0,,,
82.476,odom,map,-1.77643,-0.556698,0.839043,0,0,0,,,
82.512,odom,map,-1.77697,-0.558719,0.81912,0,0,0,,,
82.548,odom,map,-1.77774,-0.561011,0.799142,0,0,0,,,
82.584,odom,map,-1.77858,-0.56339,0.779154,0,0,0,,,
82.584,ekf_predict_only,map,-1.80559,-0.460986,0.671054,30.8707,50.7909,-11.6645,,,
82.584,kf,map,-1.8301,-0.520765,0.778568,0.0505775,0.0505775,-3.43753e-38,0.066583,,
82.584,ekf,map,-1.82944,-0.519865,0.778978,0.0576545,0.0575957,-2.68483e-06,0.360416,,
82.62,odom,map,-1.77875,-0.564258,0.757596,0,0,0,,,
82.584,pf,map,-1.81291,-0.532788,0.780058,0.052554,0.0522851,-0.000683027,6.67358,655.867,0
82.656,odom,map,-1.77836,-0.563894,0.734784,0,0,0,,,
82.692,odom,map,-1.77817,-0.56373,0.712216,0,0,0,,,
82.728,odom,map,-1.77813,-0.563694,0.689744,0,0,0,,,
82.764,odom,map,-1.77828,-0.563815,0.667478,0,0,0,,,
82.8,odom,map,-1.7785,-0.563986,0.645255,0,0,0,,,
82.8,ekf,map,-1.82896,-0.519172,0.645749,0.0586734,0.0586281,-2.67078e-06,0.062,,
82.8,ekf_predict_only,map,-1.80807,-0.462954,0.539807,30.9426,50.9096,-11.7055,,,
82.8,kf,map,-1.82966,-0.520008,0.645813,0.0507171,0.0507171,-8.34908e-39,0.114042,,
82.8,amcl,map,-1.80957,-0.553575,0.645061,0.0129044,0.0362098,-0.00199597,,,
82.8,pf,map,-1.80102,-0.534118,0.649133,0.053217,0.0534605,0.00141386,5.0775,629.677,0
82.836,odom,map,-1.78093,-0.565089,0.624296,0,0,0,,,
82.872,odom,map,-1.78361,-0.566335,0.603528,0,0,0,,,
82.908,odom,map,-1.78659,-0.567773,0.583122,0,0,0,,,
82.944,odom,map,-1.78966,-0.569247,0.562835,0,0,0,,,
82.98,odom,map,-1.79275,-0.570702,0.542549,0,0,0,,,
83.016,odom,map,-1.7952,-0.571907,0.522291,0,0,0,,,
83.016,ekf_predict_only,map,-1.81627,-0.467865,0.417837,31.0475,51.1873,-11.8196,,,
83.016,ekf,map,-1.83388,-0.52217,0.519033,0.0590169,0.0589855,-2.23397e-06,0.082916,,
83.016,kf,map,-1.83459,-0.522973,0.519727,0.050751,0.050751,-2.02504e-39,0.055084,,
83.016,pf,map,-1.81681,-0.53753,0.521086,0.0488666,0.0467599,0.000228676,5.01817,636.7,0
83.052,odom,map,-1.79659,-0.572688,0.501963,0,0,0,,,
83.088,odom,map,-1.79799,-0.57344,0.481635,0,0,0,,,
83.124,odom,map,-1.79953,-0.574221,0.461493,0,0,0,,,
83.16,odom,map,-1.80123,-0.575048,0.441569,0,0,0,,,
83.196,odom,map,-1.80308,-0.5759,0.422017,0,0,0,,,
83.196,ekf_predict_only,map,-1.82657,-0.47244,0.323693,31.149,51.5254,-11.9416,,,
83.196,kf,map,-1.84211,-0.526365,0.420461,0.0505858,0.0505858,-4.94466e-40,0.1115,,
83.232,odom,map,-1.80628,-0.576775,0.402558,0,0,0,,,
83.196,ekf,map,-1.8415,-0.525697,0.41945,0.0576902,0.057672,-1.9132e-06,0.061833,,
83.202,amcl,map,-1.82645,-0.56784,0.419127,0.0137068,0.0312494,-0.00257606,,,
83.196,pf,map,-1.81013,-0.537692,0.418294,0.0519392,0.0471673,-0.00256474,7.87042,656.59,0
83.268,odom,map,-1.80966,-0.577619,0.383143,0,0,0,,,
83.304,odom,map,-1.81306,-0.578421,0.363727,0,0,0,,,
83.34,odom,map,-1.81656,-0.579213,0.344795,0,0,0,,,
83.376,odom,map,-1.82014,-0.579982,0.32638,0,0,0,,,
83.412,kf,map,-1.85413,-0.530669,0.309881,0.0507192,0.0507192,-1.20086e-40,0.063209,,
83.412,ekf,map,-1.8537,-0.530111,0.308695,0.0586063,0.0585947,-2.63359e-06,0.054833,,
83.412,odom,map,-1.82334,-0.580721,0.308366,0,0,0,,,
83.412,ekf_predict_only,map,-1.84035,-0.477062,0.218051,31.2515,51.9635,-12.0849,,,
83.412,pf,map,-1.81816,-0.53495,0.314366,0.0491978,0.0548504,3.48112e-05,13.4567,639.879,0
83.448,odom,map,-1.82575,-0.581464,0.291073,0,0,0,,,
83.484,odom,map,-1.82822,-0.582182,0.273986,0,0,0,,,
83.52,odom,map,-1.83083,-0.58289,0.257402,0,0,0,,,
83.556,odom,map,-1.83351,-0.583574,0.241284,0,0,0,,,
83.592,odom,map,-1.83621,-0.584214,0.225165,0,0,0,,,
83.628,odom,map,-1.84019,-0.582748,0.209358,0,0,0,,,
83.592,kf,map,-1.86002,-0.531615,0.239777,0.050578,0.050578,-2.93314e-41,0.059917,,
83.592,ekf,map,-1.86069,-0.531463,0.236745,0.0575626,0.0575565,-2.15614e-06,0.054,,
83.592,ekf_predict_only,map,-1.84035,-0.477062,0.16626,31.3015,52.0135,-12.0849,,,
83.592,pf,map,-1.84005,-0.546297,0.213394,0.0510048,0.0509729,-0.0026949,11.066,638.197,0
83.664,odom,map,-1.84357,-0.580229,0.195904,0,0,0,,,
83.7,odom,map,-1.84589,-0.57749,0.185043,0,0,0,,,
83.736,odom,map,-1.84809,-0.574727,0.176774,0,0,0,,,
83.772,odom,map,-1.85029,-0.571964,0.171096,0,0,0,,,
83.808,odom,map,-1.852,-0.569815,0.168115,0,0,0,,,
83.808,ekf_predict_only,map,-1.84035,-0.477062,0.16626,31.3515,52.0635,-12.0849,,,
83.808,ekf,map,-1.86587,-0.532516,0.196123,0.0585868,0.0585829,-1.97467e-06,0.057417,,
83.802,amcl,map,-1.85426,-0.582797,0.159209,0.0145685,0.0273509,-0.00123131,,,
83.808,pf,map,-1.83775,-0.552349,0.161427,0.0502361,0.051184,0.00202649,6.21817,639.531,0
83.808,kf,map,-1.86482,-0.532481,0.20307,0.0507173,0.0507173,-7.12397e-42,0.059792,,
83.844,odom,map,-1.852,-0.569815,0.167778,0,0,0,,,
83.88,odom,map,-1.852,-0.569815,0.167778,0,0,0,,,
83.916,odom,map,-1.852,-0.569815,0.167778,0,0,0,,,
83.952,odom,map,-1.852,-0.569815,0.167778,0,0,0,,,
83.988,odom,map,-1.852,-0.569815,0.167778,0,0,0,,,
83.988,ekf,map,-1.86795,-0.532977,0.179393,0.0575762,0.0575741,-1.34426e-06,0.065542,,
84.024,odom,map,-1.85242,-0.570638,0.168477,0,0,0,,,
83.988,kf,map,-1.86718,-0.532907,0.184859,0.0505776,0.0505776,-1.74008e-42,0.066291,,
83.988,ekf_predict_only,map,-1.84035,-0.477062,0.16626,31.4015,52.1135,-12.0849,,,
83.988,pf,map,-1.81114,-0.536961,0.166691,0.0480291,0.0562345,-0.000219627,4.99546,637.621,0
84.06,odom,map,-1.85307,-0.571926,0.169572,0,0,0,,,
84.096,odom,map,-1.85372,-0.573214,0.170667,0,0,0,,,
84.132,odom,map,-1.85437,-0.574502,0.171761,0,0,0,,,
84.168,odom,map,-1.85502,-0.575789,0.172856,0,0,0,,,
84.204,odom,map,-1.85564,-0.577006,0.17389,0,0,0,,,
84.204,ekf_predict_only,map,-1.84035,-0.477062,0.16626,31.4515,52.1635,-12.0849,,,
84.204,kf,map,-1.86834,-0.533118,0.175834,0.0507172,0.0507172,-4.22632e-43,0.060916,,
84.204,ekf,map,-1.86885,-0.53318,0.172167,0.0586111,0.0586097,-1.06688e-06,0.057542,,
84.204,pf,map,-1.84218,-0.536626,0.167012,0.0518818,0.0516004,-0.000701665,5.41237,632.404,0
84.24,odom,map,-1.85564,-0.577006,0.17389,0,0,0,,,
84.276,odom,map,-1.85564,-0.577006,0.17389,0,0,0,,,
84.312,odom,map,-1.85564,-0.577006,0.17389,0,0,0,,,
84.348,odom,map,-1.85564,-0.577006,0.17389,0,0,0,,,
84.384,odom,map,-1.85564,-0.577006,0.17389,0,0,0,,,
84.42,odom,map,-1.85564,-0.577006,0.17389,0,0,0,,,
84.384,ekf_predict_only,map,-1.84035,-0.477062,0.16626,31.5015,52.2135,-12.0849,,,
84.384,kf,map,-1.86892,-0.533221,0.171399,0.0505775,0.0505775,-1.03231e-43,0.077958,,
84.384,ekf,map,-1.86921,-0.533262,0.169228,0.0575956,0.0575948,-6.73787e-07,0.066291,,
84.384,pf,map,-1.8376,-0.542547,0.171593,0.0514818,0.0539512,-0.000734127,5.08971,637.252,0
84.456,odom,map,-1.85564,-0.577006,0.17389,0,0,0,,,
84.492,odom,map,-1.85564,-0.577006,0.17389,0,0,0,,,
84.528,odom,map,-1.85564,-0.577006,0.17389,0,0,0,,,
84.564,odom,map,-1.85564,-0.577006,0.17389,0,0,0,,,
84.6,odom,map,-1.85564,-0.577006,0.17389,0,0,0,,,
84.6,ekf,map,-1.86937,-0.533298,0.16796,0.0586279,0.0586273,-5.0608e-07,0.081458,,
84.6,ekf_predict_only,map,-1.84035,-0.477062,0.16626,31.5515,52.2635,-12.0849,,,
84.6,kf,map,-1.8692,-0.533273,0.1692,0.0507171,0.0507171,-2.50728e-44,0.068291,,
84.6,pf,map,-1.83033,-0.554441,0.182332,0.0491321,0.051272,0.00311604,4.54979,640.636,0
84.636,odom,map,-1.85539,-0.578015,0.171199,0,0,0,,,
84.672,odom,map,-1.85515,-0.579052,0.168431,0,0,0,,,
84.708,odom,map,-1.8549,-0.58009,0.165663,0,0,0,,,
84.744,odom,map,-1.85465,-0.581127,0.162895,0,0,0,,,
84.78,odom,map,-1.85441,-0.582164,0.160127,0,0,0,,,
84.816,odom,map,-1.85426,-0.582797,0.158435,0,0,0,,,
84.852,odom,map,-1.85426,-0.582797,0.158435,0,0,0,,,
84.888,odom,map,-1.85426,-0.582797,0.158435,0,0,0,,,
84.924,odom,map,-1.85426,-0.582797,0.158435,0,0,0,,,
84.96,odom,map,-1.85426,-0.582797,0.158435,0,0,0,,,
84.996,odom,map,-1.85426,-0.582797,0.158435,0,0,0,,,
85.032,odom,map,-1.85426,-0.582797,0.158435,0,0,0,,,
85.068,odom,map,-1.85426,-0.582797,0.158435,0,0,0,,,
85.104,odom,map,-1.85426,-0.582797,0.158435,0,0,0,,,
85.14,odom,map,-1.85426,-0.582797,0.158435,0,0,0,,,
85.176,odom,map,-1.85426,-0.582797,0.158435,0,0,0,,,
85.212,odom,map,-1.85426,-0.582797,0.158435,0,0,0,,,
85.248,odom,map,-1.85426,-0.582797,0.158435,0,0,0,,,
85.284,odom,map,-1.85426,-0.582797,0.158435,0,0,0,,,
85.32,odom,map,-1.85426,-0.582797,0.158435,0,0,0,,,
85.356,odom,map,-1.85426,-0.582797,0.158435,0,0,0,,,
85.392,odom,map,-1.85426,-0.582797,0.158435,0,0,0,,,
85.428,odom,map,-1.85426,-0.582797,0.158435,0,0,0,,,
85.464,odom,map,-1.85426,-0.582797,0.158435,0,0,0,,,
85.5,odom,map,-1.85426,-0.582797,0.158435,0,0,0,,,
85.536,odom,map,-1.85426,-0.582797,0.158435,0,0,0,,,
85.572,odom,map,-1.85426,-0.582797,0.158435,0,0,0,,,
85.608,odom,map,-1.85426,-0.582797,0.158435,0,0,0,,,
85.644,odom,map,-1.85426,-0.582797,0.158435,0,0,0,,,
85.68,odom,map,-1.85426,-0.582797,0.158435,0,0,0,,,
85.716,odom,map,-1.85426,-0.582797,0.158435,0,0,0,,,
85.752,odom,map,-1.85426,-0.582797,0.158435,0,0,0,,,
85.788,odom,map,-1.85426,-0.582797,0.158435,0,0,0,,,
85.824,odom,map,-1.85426,-0.582797,0.158435,0,0,0,,,
85.86,odom,map,-1.85426,-0.582797,0.158435,0,0,0,,,
85.896,odom,map,-1.85426,-0.582797,0.158435,0,0,0,,,
85.932,odom,map,-1.85426,-0.582797,0.158435,0,0,0,,,
85.968,odom,map,-1.85426,-0.582797,0.158435,0,0,0,,,
86.004,odom,map,-1.85426,-0.582797,0.158435,0,0,0,,,
86.04,odom,map,-1.85426,-0.582797,0.158435,0,0,0,,,
86.076,odom,map,-1.85426,-0.582797,0.158435,0,0,0,,,
86.112,odom,map,-1.85426,-0.582797,0.158435,0,0,0,,,
86.148,odom,map,-1.85426,-0.582797,0.158435,0,0,0,,,
86.184,odom,map,-1.85426,-0.582797,0.158435,0,0,0,,,
86.22,odom,map,-1.85426,-0.582797,0.158435,0,0,0,,,
86.256,odom,map,-1.85426,-0.582797,0.158435,0,0,0,,,
86.292,odom,map,-1.85426,-0.582797,0.158435,0,0,0,,,
86.328,odom,map,-1.85426,-0.582797,0.158435,0,0,0,,,
86.364,odom,map,-1.85426,-0.582797,0.158435,0,0,0,,,
86.4,odom,map,-1.85426,-0.582797,0.158435,0,0,0,,,
86.436,odom,map,-1.85426,-0.582797,0.158435,0,0,0,,,
86.472,odom,map,-1.85426,-0.582797,0.158435,0,0,0,,,
86.508,odom,map,-1.85426,-0.582797,0.158435,0,0,0,,,
86.544,odom,map,-1.85426,-0.582797,0.158435,0,0,0,,,
86.58,odom,map,-1.85426,-0.582797,0.158435,0,0,0,,,
86.616,odom,map,-1.85426,-0.582797,0.158435,0,0,0,,,
86.652,odom,map,-1.85426,-0.582797,0.158435,0,0,0,,,
86.688,odom,map,-1.85426,-0.582797,0.158435,0,0,0,,,
86.724,odom,map,-1.85426,-0.582797,0.158435,0,0,0,,,
86.76,odom,map,-1.85426,-0.582797,0.158435,0,0,0,,,
86.796,odom,map,-1.85426,-0.582797,0.158435,0,0,0,,,
86.832,odom,map,-1.85426,-0.582797,0.158435,0,0,0,,,
86.868,odom,map,-1.85426,-0.582797,0.158435,0,0,0,,,
86.904,odom,map,-1.85426,-0.582797,0.158435,0,0,0,,,
86.94,odom,map,-1.85426,-0.582797,0.158435,0,0,0,,,
86.976,odom,map,-1.85426,-0.582797,0.158435,0,0,0,,,
87.012,odom,map,-1.85426,-0.582797,0.158435,0,0,0,,,
87.048,odom,map,-1.85426,-0.582797,0.158435,0,0,0,,,
87.084,odom,map,-1.85426,-0.582797,0.158435,0,0,0,,,
87.12,odom,map,-1.85426,-0.582797,0.158435,0,0,0,,,
87.156,odom,map,-1.85426,-0.582797,0.158435,0,0,0,,,
87.192,odom,map,-1.85426,-0.582797,0.158435,0,0,0,,,
87.228,odom,map,-1.85426,-0.582797,0.158435,0,0,0,,,
87.264,odom,map,-1.85426,-0.582797,0.158435,0,0,0,,,
87.3,odom,map,-1.85426,-0.582797,0.158435,0,0,0,,,
87.336,odom,map,-1.85426,-0.582797,0.158435,0,0,0,,,
87.372,odom,map,-1.85426,-0.582797,0.158435,0,0,0,,,
87.408,odom,map,-1.85426,-0.582797,0.158435,0,0,0,,,
87.444,odom,map,-1.85426,-0.582797,0.158435,0,0,0,,,
87.48,odom,map,-1.85426,-0.582797,0.158435,0,0,0,,,
87.516,odom,map,-1.85426,-0.582797,0.158435,0,0,0,,,
87.552,odom,map,-1.85426,-0.582797,0.158435,0,0,0,,,
87.588,odom,map,-1.85426,-0.582797,0.158435,0,0,0,,,
87.624,odom,map,-1.85426,-0.582797,0.158435,0,0,0,,,
87.66,odom,map,-1.85426,-0.582797,0.158435,0,0,0,,,
87.696,odom,map,-1.85426,-0.582797,0.158435,0,0,0,,,
87.732,odom,map,-1.85426,-0.582797,0.158435,0,0,0,,,
87.768,odom,map,-1.85426,-0.582797,0.158435,0,0,0,,,
87.804,odom,map,-1.85426,-0.582797,0.158435,0,0,0,,,
87.84,odom,map,-1.85426,-0.582797,0.158435,0,0,0,,,
87.876,odom,map,-1.85426,-0.582797,0.158435,0,0,0,,,
87.912,odom,map,-1.85426,-0.582797,0.158435,0,0,0,,,
87.948,odom,map,-1.85426,-0.582797,0.158435,0,0,0,,,
87.984,odom,map,-1.85426,-0.582797,0.158435,0,0,0,,,
88.02,odom,map,-1.85426,-0.582797,0.158435,0,0,0,,,
88.056,odom,map,-1.85426,-0.582797,0.158435,0,0,0,,,
88.092,odom,map,-1.85426,-0.582797,0.158435,0,0,0,,,
88.128,odom,map,-1.85426,-0.582797,0.158435,0,0,0,,,
88.164,odom,map,-1.85426,-0.582797,0.158435,0,0,0,,,
88.2,odom,map,-1.85426,-0.582797,0.158435,0,0,0,,,
88.236,odom,map,-1.85426,-0.582797,0.158435,0,0,0,,,
88.272,odom,map,-1.85426,-0.582797,0.158435,0,0,0,,,
88.308,odom,map,-1.85426,-0.582797,0.158435,0,0,0,,,
88.344,odom,map,-1.85426,-0.582797,0.158435,0,0,0,,,
88.38,odom,map,-1.85426,-0.582797,0.158435,0,0,0,,,
88.416,odom,map,-1.85426,-0.582797,0.158435,0,0,0,,,
88.452,odom,map,-1.85426,-0.582797,0.158435,0,0,0,,,
88.488,odom,map,-1.85426,-0.582797,0.158435,0,0,0,,,
88.524,odom,map,-1.85426,-0.582797,0.158435,0,0,0,,,
88.56,odom,map,-1.85426,-0.582797,0.158435,0,0,0,,,
88.596,odom,map,-1.85426,-0.582797,0.158435,0,0,0,,,
88.632,odom,map,-1.85426,-0.582797,0.158435,0,0,0,,,
88.668,odom,map,-1.85426,-0.582797,0.158435,0,0,0,,,
88.704,odom,map,-1.85426,-0.582797,0.158435,0,0,0,,,
88.74,odom,map,-1.85426,-0.582797,0.158435,0,0,0,,,
88.776,odom,map,-1.85426,-0.582797,0.158435,0,0,0,,,
88.812,odom,map,-1.85426,-0.582797,0.158435,0,0,0,,,
88.848,odom,map,-1.85426,-0.582797,0.158435,0,0,0,,,
88.884,odom,map,-1.85426,-0.582797,0.158435,0,0,0,,,
88.92,odom,map,-1.85426,-0.582797,0.158435,0,0,0,,,
88.956,odom,map,-1.85426,-0.582797,0.158435,0,0,0,,,
88.992,odom,map,-1.85426,-0.582797,0.158435,0,0,0,,,
89.028,odom,map,-1.85426,-0.582797,0.158435,0,0,0,,,
89.064,odom,map,-1.85426,-0.582797,0.158435,0,0,0,,,
89.1,odom,map,-1.85426,-0.582797,0.158435,0,0,0,,,
89.136,odom,map,-1.85426,-0.582797,0.158435,0,0,0,,,
89.172,odom,map,-1.85426,-0.582797,0.158435,0,0,0,,,
89.208,odom,map,-1.85426,-0.582797,0.158435,0,0,0,,,
89.244,odom,map,-1.85426,-0.582797,0.158435,0,0,0,,,
89.28,odom,map,-1.85426,-0.582797,0.158435,0,0,0,,,
89.316,odom,map,-1.85426,-0.582797,0.158435,0,0,0,,,
89.352,odom,map,-1.85426,-0.582797,0.158435,0,0,0,,,
89.388,odom,map,-1.85426,-0.582797,0.158435,0,0,0,,,
89.424,odom,map,-1.85426,-0.582797,0.158435,0,0,0,,,
89.46,odom,map,-1.85426,-0.582797,0.158435,0,0,0,,,
89.496,odom,map,-1.85426,-0.582797,0.158435,0,0,0,,,
89.532,odom,map,-1.85426,-0.582797,0.158435,0,0,0,,,
89.568,odom,map,-1.85426,-0.582797,0.158435,0,0,0,,,
89.604,odom,map,-1.85426,-0.582797,0.158435,0,0,0,,,
89.64,odom,map,-1.85426,-0.582797,0.158435,0,0,0,,,
89.676,odom,map,-1.85426,-0.582797,0.158435,0,0,0,,,
89.712,odom,map,-1.85426,-0.582797,0.158435,0,0,0,,,
89.748,odom,map,-1.85426,-0.582797,0.158435,0,0,0,,,
89.784,odom,map,-1.85426,-0.582797,0.158435,0,0,0,,,
89.82,odom,map,-1.85426,-0.582797,0.158435,0,0,0,,,
89.856,odom,map,-1.85426,-0.582797,0.158435,0,0,0,,,
89.892,odom,map,-1.85426,-0.582797,0.158435,0,0,0,,,
89.928,odom,map,-1.85426,-0.582797,0.158435,0,0,0,,,
89.964,odom,map,-1.85426,-0.582797,0.158435,0,0,0,,,
90,odom,map,-1.85426,-0.582797,0.158435,0,0,0,,,
90.036,odom,map,-1.85426,-0.582797,0.158435,0,0,0,,,
90.072,odom,map,-1.85426,-0.582797,0.158435,0,0,0,,,
90.108,odom,map,-1.85426,-0.582797,0.158435,0,0,0,,,
90.144,odom,map,-1.85426,-0.582797,0.158435,0,0,0,,,
90.18,odom,map,-1.85426,-0.582797,0.158435,0,0,0,,,
90.216,odom,map,-1.85426,-0.582797,0.158435,0,0,0,,,
90.252,odom,map,-1.85426,-0.582797,0.158435,0,0,0,,,
90.288,odom,map,-1.85426,-0.582797,0.158435,0,0,0,,,
90.324,odom,map,-1.85426,-0.582797,0.158435,0,0,0,,,
90.36,odom,map,-1.85426,-0.582797,0.158435,0,0,0,,,
90.396,odom,map,-1.85426,-0.582797,0.158435,0,0,0,,,
90.432,odom,map,-1.85426,-0.582797,0.158435,0,0,0,,,
90.468,odom,map,-1.85426,-0.582797,0.158435,0,0,0,,,
90.504,odom,map,-1.85426,-0.582797,0.158435,0,0,0,,,
90.54,odom,map,-1.85426,-0.582797,0.158435,0,0,0,,,
90.576,odom,map,-1.85426,-0.582797,0.158435,0,0,0,,,
90.612,odom,map,-1.85426,-0.582797,0.158435,0,0,0,,,
90.648,odom,map,-1.85426,-0.582797,0.158435,0,0,0,,,
90.684,odom,map,-1.85426,-0.582797,0.158435,0,0,0,,,
90.72,odom,map,-1.85426,-0.582797,0.158435,0,0,0,,,
90.756,odom,map,-1.85426,-0.582797,0.158435,0,0,0,,,
90.792,odom,map,-1.85426,-0.582797,0.158435,0,0,0,,,
90.828,odom,map,-1.85426,-0.582797,0.158435,0,0,0,,,
90.864,odom,map,-1.85426,-0.582797,0.158435,0,0,0,,,
90.9,odom,map,-1.85426,-0.582797,0.158435,0,0,0,,,
90.936,odom,map,-1.85426,-0.582797,0.158435,0,0,0,,,
90.972,odom,map,-1.85426,-0.582797,0.158435,0,0,0,,,
91.008,odom,map,-1.85426,-0.582797,0.158435,0,0,0,,,
91.044,odom,map,-1.85426,-0.582797,0.158435,0,0,0,,,
91.08,odom,map,-1.85426,-0.582797,0.158435,0,0,0,,,
91.116,odom,map,-1.85426,-0.582797,0.158435,0,0,0,,,
91.152,odom,map,-1.85426,-0.582797,0.158435,0,0,0,,,
91.188,odom,map,-1.85426,-0.582797,0.158435,0,0,0,,,
91.224,odom,map,-1.85426,-0.582797,0.158435,0,0,0,,,
91.26,odom,map,-1.85426,-0.582797,0.158435,0,0,0,,,
91.296,odom,map,-1.85426,-0.582797,0.158435,0,0,0,,,
91.332,odom,map,-1.85426,-0.582797,0.158435,0,0,0,,,
91.368,odom,map,-1.85426,-0.582797,0.158435,0,0,0,,,
91.404,odom,map,-1.85426,-0.582797,0.158435,0,0,0,,,
91.44,odom,map,-1.85426,-0.582797,0.158435,0,0,0,,,
91.476,odom,map,-1.85426,-0.582797,0.158435,0,0,0,,,
91.512,odom,map,-1.85426,-0.582797,0.158435,0,0,0,,,
91.548,odom,map,-1.85426,-0.582797,0.158435,0,0,0,,,
91.584,odom,map,-1.85426,-0.582797,0.158435,0,0,0,,,
91.62,odom,map,-1.85426,-0.582797,0.158435,0,0,0,,,
91.656,odom,map,-1.85426,-0.582797,0.158435,0,0,0,,,
91.692,odom,map,-1.85426,-0.582797,0.158435,0,0,0,,,
91.728,odom,map,-1.85426,-0.582797,0.158435,0,0,0,,,
91.764,odom,map,-1.85426,-0.582797,0.158435,0,0,0,,,
91.8,odom,map,-1.85426,-0.582797,0.158435,0,0,0,,,
91.836,odom,map,-1.85426,-0.582797,0.158435,0,0,0,,,
91.872,odom,map,-1.85426,-0.582797,0.158435,0,0,0,,,
91.908,odom,map,-1.85426,-0.582797,0.158435,0,0,0,,,
91.944,odom,map,-1.85426,-0.582797,0.158435,0,0,0,,,
91.98,odom,map,-1.85426,-0.582797,0.158435,0,0,0,,,
92.016,odom,map,-1.85426,-0.582797,0.158435,0,0,0,,,
92.052,odom,map,-1.85426,-0.582797,0.158435,0,0,0,,,
92.088,odom,map,-1.85426,-0.582797,0.158435,0,0,0,,,
92.124,odom,map,-1.85426,-0.582797,0.158435,0,0,0,,,
92.16,odom,map,-1.85426,-0.582797,0.158435,0,0,0,,,
92.196,odom,map,-1.85426,-0.582797,0.158435,0,0,0,,,
92.232,odom,map,-1.85426,-0.582797,0.158435,0,0,0,,,
92.268,odom,map,-1.85426,-0.582797,0.158435,0,0,0,,,
92.304,odom,map,-1.85426,-0.582797,0.158435,0,0,0,,,
92.34,odom,map,-1.85426,-0.582797,0.158435,0,0,0,,,
92.376,odom,map,-1.85426,-0.582797,0.158435,0,0,0,,,
92.412,odom,map,-1.85426,-0.582797,0.158435,0,0,0,,,
92.448,odom,map,-1.85426,-0.582797,0.158435,0,0,0,,,
92.484,odom,map,-1.85426,-0.582797,0.158435,0,0,0,,,
92.52,odom,map,-1.85426,-0.582797,0.158435,0,0,0,,,
92.556,odom,map,-1.85426,-0.582797,0.158435,0,0,0,,,
92.592,odom,map,-1.85426,-0.582797,0.158435,0,0,0,,,
92.628,odom,map,-1.85426,-0.582797,0.158435,0,0,0,,,
92.664,odom,map,-1.85426,-0.582797,0.158435,0,0,0,,,
92.7,odom,map,-1.85426,-0.582797,0.158435,0,0,0,,,
92.736,odom,map,-1.85426,-0.582797,0.158435,0,0,0,,,
92.772,odom,map,-1.85426,-0.582797,0.158435,0,0,0,,,
92.808,odom,map,-1.85426,-0.582797,0.158435,0,0,0,,,
92.844,odom,map,-1.85426,-0.582797,0.158435,0,0,0,,,
92.88,odom,map,-1.85426,-0.582797,0.158435,0,0,0,,,
92.916,odom,map,-1.85426,-0.582797,0.158435,0,0,0,,,
92.952,odom,map,-1.85426,-0.582797,0.158435,0,0,0,,,
92.988,odom,map,-1.85426,-0.582797,0.158435,0,0,0,,,
93.024,odom,map,-1.85426,-0.582797,0.158435,0,0,0,,,
93.06,odom,map,-1.85426,-0.582797,0.158435,0,0,0,,,
93.096,odom,map,-1.85426,-0.582797,0.158435,0,0,0,,,
93.132,odom,map,-1.85426,-0.582797,0.158435,0,0,0,,,
93.168,odom,map,-1.85426,-0.582797,0.158435,0,0,0,,,
93.204,odom,map,-1.85426,-0.582797,0.158435,0,0,0,,,
93.24,odom,map,-1.85426,-0.582797,0.158435,0,0,0,,,
93.276,odom,map,-1.85426,-0.582797,0.158435,0,0,0,,,
93.312,odom,map,-1.85426,-0.582797,0.158435,0,0,0,,,
93.348,odom,map,-1.85426,-0.582797,0.158435,0,0,0,,,
93.384,odom,map,-1.85426,-0.582797,0.158435,0,0,0,,,
93.42,odom,map,-1.85426,-0.582797,0.158435,0,0,0,,,
93.456,odom,map,-1.85426,-0.582797,0.158435,0,0,0,,,
93.492,odom,map,-1.85426,-0.582797,0.158435,0,0,0,,,
93.528,odom,map,-1.85426,-0.582797,0.158435,0,0,0,,,
93.564,odom,map,-1.85426,-0.582797,0.158435,0,0,0,,,
93.6,odom,map,-1.85426,-0.582797,0.158435,0,0,0,,,
93.636,odom,map,-1.85426,-0.582797,0.158435,0,0,0,,,
93.672,odom,map,-1.85426,-0.582797,0.158435,0,0,0,,,
93.708,odom,map,-1.85426,-0.582797,0.158435,0,0,0,,,
93.744,odom,map,-1.85426,-0.582797,0.158435,0,0,0,,,
93.78,odom,map,-1.85426,-0.582797,0.158435,0,0,0,,,
93.816,odom,map,-1.85426,-0.582797,0.158435,0,0,0,,,
93.852,odom,map,-1.85426,-0.582797,0.158435,0,0,0,,,
93.888,odom,map,-1.85426,-0.582797,0.158435,0,0,0,,,
93.924,odom,map,-1.85426,-0.582797,0.158435,0,0,0,,,
93.96,odom,map,-1.85426,-0.582797,0.158435,0,0,0,,,
93.996,odom,map,-1.85426,-0.582797,0.158435,0,0,0,,,
94.032,odom,map,-1.85426,-0.582797,0.158435,0,0,0,,,
94.068,odom,map,-1.85426,-0.582797,0.158435,0,0,0,,,
94.104,odom,map,-1.85426,-0.582797,0.158435,0,0,0,,,
94.14,odom,map,-1.85426,-0.582797,0.158435,0,0,0,,,
94.176,odom,map,-1.85426,-0.582797,0.158435,0,0,0,,,
94.212,odom,map,-1.85426,-0.582797,0.158435,0,0,0,,,
94.248,odom,map,-1.85426,-0.582797,0.158435,0,0,0,,,
94.284,odom,map,-1.85426,-0.582797,0.158435,0,0,0,,,
94.32,odom,map,-1.85426,-0.582797,0.158435,0,0,0,,,
94.356,odom,map,-1.85426,-0.582797,0.158435,0,0,0,,,
94.392,odom,map,-1.85426,-0.582797,0.158435,0,0,0,,,
94.428,odom,map,-1.85426,-0.582797,0.158435,0,0,0,,,
94.464,odom,map,-1.85426,-0.582797,0.158435,0,0,0,,,
94.5,odom,map,-1.85426,-0.582797,0.158435,0,0,0,,,
94.536,odom,map,-1.85426,-0.582797,0.158435,0,0,0,,,
94.572,odom,map,-1.85426,-0.582797,0.158435,0,0,0,,,
94.608,odom,map,-1.85426,-0.582797,0.158435,0,0,0,,,
94.644,odom,map,-1.85426,-0.582797,0.158435,0,0,0,,,
94.68,odom,map,-1.85426,-0.582797,0.158435,0,0,0,,,
94.716,odom,map,-1.85426,-0.582797,0.158435,0,0,0,,,
94.752,odom,map,-1.85426,-0.582797,0.158435,0,0,0,,,
94.788,odom,map,-1.85426,-0.582797,0.158435,0,0,0,,,
94.824,odom,map,-1.85426,-0.582797,0.158435,0,0,0,,,
94.86,odom,map,-1.85426,-0.582797,0.158435,0,0,0,,,
94.896,odom,map,-1.85426,-0.582797,0.158435,0,0,0,,,
94.932,odom,map,-1.85426,-0.582797,0.158435,0,0,0,,,
94.968,odom,map,-1.85426,-0.582797,0.158435,0,0,0,,,
95.004,odom,map,-1.85426,-0.582797,0.158435,0,0,0,,,
95.04,odom,map,-1.85426,-0.582797,0.158435,0,0,0,,,
95.076,odom,map,-1.85426,-0.582797,0.158435,0,0,0,,,
95.112,odom,map,-1.85426,-0.582797,0.158435,0,0,0,,,
95.148,odom,map,-1.85426,-0.582797,0.158435,0,0,0,,,
95.184,odom,map,-1.85426,-0.582797,0.158435,0,0,0,,,
95.22,odom,map,-1.85426,-0.582797,0.158435,0,0,0,,,
95.256,odom,map,-1.85426,-0.582797,0.158435,0,0,0,,,
95.292,odom,map,-1.85426,-0.582797,0.158435,0,0,0,,,
95.328,odom,map,-1.85426,-0.582797,0.158435,0,0,0,,,
95.364,odom,map,-1.85426,-0.582797,0.158435,0,0,0,,,
95.4,odom,map,-1.85426,-0.582797,0.158435,0,0,0,,,
95.436,odom,map,-1.85426,-0.582797,0.158435,0,0,0,,,
95.472,odom,map,-1.85426,-0.582797,0.158435,0,0,0,,,
95.508,odom,map,-1.85426,-0.582797,0.158435,0,0,0,,,
95.544,odom,map,-1.85426,-0.582797,0.158435,0,0,0,,,
95.58,odom,map,-1.85426,-0.582797,0.158435,0,0,0,,,
95.616,odom,map,-1.85426,-0.582797,0.158435,0,0,0,,,
95.652,odom,map,-1.85426,-0.582797,0.158435,0,0,0,,,
95.688,odom,map,-1.85426,-0.582797,0.158435,0,0,0,,,
95.724,odom,map,-1.85426,-0.582797,0.158435,0,0,0,,,
95.76,odom,map,-1.85426,-0.582797,0.158435,0,0,0,,,
95.796,odom,map,-1.85426,-0.582797,0.158435,0,0,0,,,
95.832,odom,map,-1.85426,-0.582797,0.158435,0,0,0,,,
95.868,odom,map,-1.85426,-0.582797,0.158435,0,0,0,,,
95.904,odom,map,-1.85426,-0.582797,0.158435,0,0,0,,,
95.94,odom,map,-1.85426,-0.582797,0.158435,0,0,0,,,
95.976,odom,map,-1.85426,-0.582797,0.158435,0,0,0,,,
96.012,odom,map,-1.85426,-0.582797,0.158435,0,0,0,,,
96.048,odom,map,-1.85426,-0.582797,0.158435,0,0,0,,,
96.084,odom,map,-1.85426,-0.582797,0.158435,0,0,0,,,
96.12,odom,map,-1.85426,-0.582797,0.158435,0,0,0,,,
96.156,odom,map,-1.85426,-0.582797,0.158435,0,0,0,,,
96.192,odom,map,-1.85426,-0.582797,0.158435,0,0,0,,,
96.228,odom,map,-1.85426,-0.582797,0.158435,0,0,0,,,
96.264,odom,map,-1.85426,-0.582797,0.158435,0,0,0,,,
96.3,odom,map,-1.85426,-0.582797,0.158435,0,0,0,,,
96.336,odom,map,-1.85426,-0.582797,0.158435,0,0,0,,,
96.372,odom,map,-1.85426,-0.582797,0.158435,0,0,0,,,
96.408,odom,map,-1.85426,-0.582797,0.158435,0,0,0,,,
96.444,odom,map,-1.85426,-0.582797,0.158435,0,0,0,,,
96.48,odom,map,-1.85426,-0.582797,0.158435,0,0,0,,,
96.516,odom,map,-1.85426,-0.582797,0.158435,0,0,0,,,
96.552,odom,map,-1.85426,-0.582797,0.158435,0,0,0,,,
96.588,odom,map,-1.85426,-0.582797,0.158435,0,0,0,,,
96.624,odom,map,-1.85426,-0.582797,0.158435,0,0,0,,,
96.66,odom,map,-1.85426,-0.582797,0.158435,0,0,0,,,
