time,source,frame,x,y,theta,cov_xx,cov_yy,cov_xy,runtime_ms,ess,resampling_triggered
4.8,amcl,map,-2.0025,-0.497422,0.0084069,0.170314,0.20534,-0.00650984,,,
5.436,odom,map,-1.9657,-0.526466,-0.0151372,0,0,0,,,
5.472,odom,map,-1.9657,-0.526466,-0.0151372,0,0,0,,,
5.508,odom,map,-1.9657,-0.526466,-0.0151372,0,0,0,,,
5.544,odom,map,-1.9657,-0.526466,-0.0151372,0,0,0,,,
5.58,odom,map,-1.9657,-0.526466,-0.0151372,0,0,0,,,
5.616,odom,map,-1.96831,-0.524412,-0.0134725,0,0,0,,,
5.652,odom,map,-1.97499,-0.519132,-0.00919172,0,0,0,,,
5.688,odom,map,-1.98168,-0.513851,-0.00491097,0,0,0,,,
5.724,odom,map,-1.98837,-0.50857,-0.000630227,0,0,0,,,
5.76,odom,map,-1.99506,-0.50329,0.00365052,0,0,0,,,
5.796,odom,map,-2.00175,-0.498009,0.00793126,0,0,0,,,
5.832,odom,map,-2.0025,-0.497422,0.0084069,0,0,0,,,
5.802,amcl,map,-1.97971,-0.520421,0.000654595,0.192935,0.237992,-0.0135656,,,
5.868,odom,map,-2.0025,-0.497422,0.0084069,0,0,0,,,
5.904,odom,map,-2.0025,-0.497422,0.0084069,0,0,0,,,
5.94,odom,map,-2.0025,-0.497422,0.0084069,0,0,0,,,
5.976,odom,map,-2.0025,-0.497422,0.0084069,0,0,0,,,
6.012,odom,map,-2.0025,-0.497422,0.0084069,0,0,0,,,
6.048,odom,map,-2.0025,-0.497422,0.0084069,0,0,0,,,
6.084,odom,map,-2.0025,-0.497422,0.0084069,0,0,0,,,
6.12,odom,map,-2.0025,-0.497422,0.0084069,0,0,0,,,
6.156,odom,map,-2.0025,-0.497422,0.0084069,0,0,0,,,
6.192,odom,map,-2.0025,-0.497422,0.0084069,0,0,0,,,
6.228,odom,map,-2.0025,-0.497422,0.0084069,0,0,0,,,
6.264,odom,map,-2.0025,-0.497422,0.0084069,0,0,0,,,
6.3,odom,map,-2.0025,-0.497422,0.0084069,0,0,0,,,
6.336,odom,map,-2.0025,-0.497422,0.0084069,0,0,0,,,
6.372,odom,map,-2.0025,-0.497422,0.0084069,0,0,0,,,
6.408,odom,map,-2.0025,-0.497422,0.0084069,0,0,0,,,
6.444,odom,map,-2.0025,-0.497422,0.0084069,0,0,0,,,
6.48,odom,map,-2.0025,-0.497422,0.0084069,0,0,0,,,
6.516,odom,map,-2.0025,-0.497422,0.0084069,0,0,0,,,
6.552,odom,map,-2.0025,-0.497422,0.0084069,0,0,0,,,
6.588,odom,map,-2.0025,-0.497422,0.0084069,0,0,0,,,
6.624,odom,map,-1.99989,-0.500054,0.00751982,0,0,0,,,
6.66,odom,map,-1.99581,-0.504173,0.00613135,0,0,0,,,
6.696,odom,map,-1.99173,-0.508292,0.00474288,0,0,0,,,
6.732,odom,map,-1.98764,-0.512412,0.0033544,0,0,0,,,
6.768,odom,map,-1.98356,-0.516531,0.00196593,0,0,0,,,
6.804,odom,map,-1.97971,-0.520421,0.000654595,0,0,0,,,
6.801,amcl,map,-1.9692,-0.481286,-0.00183863,0.190088,0.24311,-0.0167741,,,
6.84,odom,map,-1.97971,-0.520421,0.000654595,0,0,0,,,
6.876,odom,map,-1.97971,-0.520421,0.000654595,0,0,0,,,
6.912,odom,map,-1.97971,-0.520421,0.000654595,0,0,0,,,
6.948,odom,map,-1.97971,-0.520421,0.000654595,0,0,0,,,
6.984,odom,map,-1.97971,-0.520421,0.000654595,0,0,0,,,
7.02,odom,map,-1.97971,-0.520421,0.000654595,0,0,0,,,
7.056,odom,map,-1.97971,-0.520421,0.000654595,0,0,0,,,
7.092,odom,map,-1.97971,-0.520421,0.000654595,0,0,0,,,
7.128,odom,map,-1.97971,-0.520421,0.000654595,0,0,0,,,
7.164,odom,map,-1.97971,-0.520421,0.000654595,0,0,0,,,
7.2,odom,map,-1.97971,-0.520421,0.000654595,0,0,0,,,
7.236,odom,map,-1.97971,-0.520421,0.000654595,0,0,0,,,
7.272,odom,map,-1.97971,-0.520421,0.000654595,0,0,0,,,
7.308,odom,map,-1.97971,-0.520421,0.000654595,0,0,0,,,
7.344,odom,map,-1.97971,-0.520421,0.000654595,0,0,0,,,
7.38,odom,map,-1.97971,-0.520421,0.000654595,0,0,0,,,
7.416,odom,map,-1.97971,-0.520421,0.000654595,0,0,0,,,
7.452,odom,map,-1.97971,-0.520421,0.000654595,0,0,0,,,
7.488,odom,map,-1.97971,-0.520421,0.000654595,0,0,0,,,
7.524,odom,map,-1.97971,-0.520421,0.000654595,0,0,0,,,
7.56,odom,map,-1.97971,-0.520421,0.000654595,0,0,0,,,
7.596,odom,map,-1.97971,-0.520421,0.000654595,0,0,0,,,
7.632,odom,map,-1.97803,-0.514191,0.000257664,0,0,0,,,
7.668,odom,map,-1.97615,-0.507182,-0.000188884,0,0,0,,,
7.704,odom,map,-1.97427,-0.500172,-0.000635431,0,0,0,,,
7.74,odom,map,-1.97239,-0.493163,-0.00108198,0,0,0,,,
7.776,odom,map,-1.97051,-0.486154,-0.00152853,0,0,0,,,
7.812,odom,map,-1.9692,-0.481286,-0.00183863,0,0,0,,,
7.8,amcl,map,-1.97926,-0.498485,-0.00223421,0.180324,0.202716,-0.00953335,,,
7.848,odom,map,-1.9692,-0.481286,-0.00183863,0,0,0,,,
7.884,odom,map,-1.9692,-0.481286,-0.00183863,0,0,0,,,
7.92,odom,map,-1.9692,-0.481286,-0.00183863,0,0,0,,,
7.956,odom,map,-1.9692,-0.481286,-0.00183863,0,0,0,,,
7.992,odom,map,-1.9692,-0.481286,-0.00183863,0,0,0,,,
8.028,odom,map,-1.9692,-0.481286,-0.00183863,0,0,0,,,
8.064,odom,map,-1.9692,-0.481286,-0.00183863,0,0,0,,,
8.1,odom,map,-1.9692,-0.481286,-0.00183863,0,0,0,,,
8.136,odom,map,-1.9692,-0.481286,-0.00183863,0,0,0,,,
8.172,odom,map,-1.9692,-0.481286,-0.00183863,0,0,0,,,
8.208,odom,map,-1.9692,-0.481286,-0.00183863,0,0,0,,,
8.244,odom,map,-1.9692,-0.481286,-0.00183863,0,0,0,,,
8.28,odom,map,-1.9692,-0.481286,-0.00183863,0,0,0,,,
8.316,odom,map,-1.9692,-0.481286,-0.00183863,0,0,0,,,
8.352,odom,map,-1.9692,-0.481286,-0.00183863,0,0,0,,,
8.388,odom,map,-1.9692,-0.481286,-0.00183863,0,0,0,,,
8.424,odom,map,-1.9692,-0.481286,-0.00183863,0,0,0,,,
8.46,odom,map,-1.9692,-0.481286,-0.00183863,0,0,0,,,
8.496,odom,map,-1.9692,-0.481286,-0.00183863,0,0,0,,,
8.532,odom,map,-1.9692,-0.481286,-0.00183863,0,0,0,,,
8.568,odom,map,-1.9692,-0.481286,-0.00183863,0,0,0,,,
8.604,odom,map,-1.9693,-0.48146,-0.00184262,0,0,0,,,
8.64,odom,map,-1.97113,-0.484587,-0.00191455,0,0,0,,,
8.676,odom,map,-1.97296,-0.487714,-0.00198647,0,0,0,,,
8.712,odom,map,-1.97479,-0.490841,-0.00205839,0,0,0,,,
8.748,odom,map,-1.97662,-0.493968,-0.00213032,0,0,0,,,
8.784,odom,map,-1.97845,-0.497095,-0.00220224,0,0,0,,,
8.82,odom,map,-1.97926,-0.498485,-0.00223421,0,0,0,,,
8.856,odom,map,-1.97926,-0.498485,-0.00223421,0,0,0,,,
8.892,odom,map,-1.97926,-0.498485,-0.00223421,0,0,0,,,
8.928,odom,map,-1.97926,-0.498485,-0.00223421,0,0,0,,,
8.964,odom,map,-1.97926,-0.498485,-0.00223421,0,0,0,,,
9,odom,map,-1.97926,-0.498485,-0.00223421,0,0,0,,,
9,kf,map,-2,-0.5,1.11524e-21,0.0671771,0.0671771,0,0.069833,,
9,ekf,map,-2,-0.5,1.11524e-21,0.0671771,0.0671771,0,0.060583,,
9,ekf_predict_only,map,-2,-0.5,0,0.15,0.15,0,,,
9,pf,map,-1.93724,-0.474704,0.0173525,0.0744159,0.0705247,-0.000726773,4.48692,78.8545,1
9.036,odom,map,-1.97926,-0.498485,-0.00223421,0,0,0,,,
9.072,odom,map,-1.97926,-0.498485,-0.00223421,0,0,0,,,
9.108,odom,map,-1.97926,-0.498485,-0.00223421,0,0,0,,,
9.144,odom,map,-1.97926,-0.498485,-0.00223421,0,0,0,,,
9.18,odom,map,-1.97926,-0.498485,-0.00223421,0,0,0,,,
9.216,ekf_predict_only,map,-2,-0.5,0,0.25,0.25,0,,,
9.216,kf,map,-2,-0.5,3.6752e-21,0.063214,0.063214,0,0.070375,,
9.216,odom,map,-1.97926,-0.498485,-0.00223421,0,0,0,,,
9.216,ekf,map,-2,-0.5,3.71601e-21,0.0642218,0.0642218,0,0.052166,,
9.216,pf,map,-1.97343,-0.521345,0.00499738,0.0363522,0.0344658,0.00056115,9.1045,443.565,1
9.252,odom,map,-1.97926,-0.498485,-0.00223421,0,0,0,,,
9.288,odom,map,-1.97926,-0.498485,-0.00223421,0,0,0,,,
9.324,odom,map,-1.97926,-0.498485,-0.00223421,0,0,0,,,
9.36,odom,map,-1.97926,-0.498485,-0.00223421,0,0,0,,,
9.396,odom,map,-1.97926,-0.498485,-0.00223421,0,0,0,,,
9.432,odom,map,-1.97926,-0.498485,-0.00223421,0,0,0,,,
9.396,ekf,map,-2,-0.5,-2.7401e-22,0.0642905,0.0642905,0,0.111375,,
9.396,kf,map,-2,-0.5,-1.76345e-22,0.0624701,0.0624701,0,0.056625,,
9.396,ekf_predict_only,map,-2,-0.5,0,0.35,0.35,0,,,
9.396,pf,map,-1.95502,-0.503042,-0.000879741,0.0253503,0.0256619,-0.000213585,10.0932,533.471,1
9.468,odom,map,-1.97926,-0.498485,-0.00223421,0,0,0,,,
9.504,odom,map,-1.97926,-0.498485,-0.00223421,0,0,0,,,
9.54,odom,map,-1.97926,-0.498485,-0.00223421,0,0,0,,,
9.576,odom,map,-1.97926,-0.498485,-0.00223421,0,0,0,,,
9.612,odom,map,-1.97926,-0.498485,-0.00223421,0,0,0,,,
9.612,ekf_predict_only,map,-2,-0.5,0,0.45,0.45,0,,,
9.612,ekf,map,-2,-0.5,-1.55033e-21,0.0658056,0.0658056,0,0.077791,,
9.612,kf,map,-2,-0.5,-1.45093e-21,0.0625658,0.0625658,0,0.063625,,
9.612,pf,map,-1.97807,-0.512682,-0.000542694,0.0268733,0.0300855,-0.00397,4.62554,568.411,1
9.648,odom,map,-1.97926,-0.498485,-0.00223421,0,0,0,,,
9.684,odom,map,-1.97926,-0.498485,-0.00223421,0,0,0,,,
9.72,odom,map,-1.97926,-0.498485,-0.00223421,0,0,0,,,
9.756,odom,map,-1.97886,-0.498485,-0.00191974,0,0,0,,,
9.792,odom,map,-1.97718,-0.498488,-0.00123397,0,0,0,,,
9.828,odom,map,-1.97442,-0.49849,-0.000342837,0,0,0,,,
9.792,ekf_predict_only,map,-1.98559,-0.5,0.00445568,0.55,0.550046,0,,,
9.792,kf,map,-1.99328,-0.499999,0.00230022,0.0623786,0.0623786,0,0.064833,,
9.792,ekf,map,-1.99371,-0.500003,0.00218022,0.0658516,0.0658522,9.00525e-28,1.42437,,
9.792,pf,map,-1.97726,-0.518868,0.0143597,0.0275578,0.0228026,0.000101504,9.70404,578.593,1
9.864,odom,map,-1.97135,-0.49849,0.000224533,0,0,0,,,
9.9,odom,map,-1.96712,-0.49849,-0.00028175,0,0,0,,,
9.936,odom,map,-1.96166,-0.498494,-0.00117411,0,0,0,,,
9.972,odom,map,-1.95591,-0.498503,-0.00208371,0,0,0,,,
10.008,odom,map,-1.94994,-0.498519,-0.0033305,0,0,0,,,
10.008,ekf_predict_only,map,-1.94492,-0.499819,-0.00721327,0.65,0.65075,-2.56422e-06,,,
10.008,ekf,map,-1.96491,-0.499919,-0.00384332,0.0672705,0.0672775,-1.10514e-08,0.059084,,
10.008,kf,map,-1.96391,-0.499945,-0.00419407,0.062553,0.062553,0,0.0635,,
10.008,pf,map,-1.96577,-0.529546,0.00132455,0.0327086,0.02455,0.00384988,4.72621,566.791,1
10.044,odom,map,-1.94353,-0.498546,-0.00507531,0,0,0,,,
10.08,odom,map,-1.93652,-0.498589,-0.00718363,0,0,0,,,
10.116,odom,map,-1.9291,-0.498651,-0.009598,0,0,0,,,
10.152,odom,map,-1.92151,-0.498733,-0.0121387,0,0,0,,,
10.188,odom,map,-1.91378,-0.498838,-0.0149039,0,0,0,,,
10.224,odom,map,-1.90581,-0.498968,-0.0178559,0,0,0,,,
10.188,ekf_predict_only,map,-1.90422,-0.500112,-0.022178,0.75,0.752432,3.42209e-06,,,
10.188,ekf,map,-1.9311,-0.500134,-0.0147082,0.0668,0.0668158,8.6893e-09,0.057792,,
10.188,kf,map,-1.93027,-0.500173,-0.0151111,0.0623767,0.0623767,0,0.062833,,
10.188,pf,map,-1.89812,-0.510513,-0.0128229,0.0263032,0.0275232,0.00235348,5.8055,561.102,1
10.26,odom,map,-1.89762,-0.499127,-0.020957,0,0,0,,,
10.296,odom,map,-1.88937,-0.499313,-0.0241664,0,0,0,,,
10.332,odom,map,-1.8808,-0.499534,-0.0273917,0,0,0,,,
10.368,odom,map,-1.872,-0.499791,-0.0309637,0,0,0,,,
10.404,odom,map,-1.86318,-0.50008,-0.0346887,0,0,0,,,
10.404,ekf,map,-1.88206,-0.501173,-0.0339274,0.0680443,0.0680796,1.89675e-07,0.058041,,
10.404,kf,map,-1.88144,-0.5012,-0.0343293,0.0625528,0.0625528,0,0.055916,,
10.404,ekf_predict_only,map,-1.85127,-0.501287,-0.044528,0.850001,0.856348,6.07436e-05,,,
10.404,pf,map,-1.85034,-0.511036,-0.0218163,0.0306404,0.0270074,-0.00141399,5.24162,533.912,1
10.44,odom,map,-1.85428,-0.500406,-0.0385519,0,0,0,,,
10.476,odom,map,-1.84527,-0.500772,-0.0426153,0,0,0,,,
10.512,odom,map,-1.83615,-0.50118,-0.0467225,0,0,0,,,
10.548,odom,map,-1.82702,-0.501625,-0.0507975,0,0,0,,,
10.584,odom,map,-1.81782,-0.502112,-0.0549052,0,0,0,,,
10.62,odom,map,-1.80863,-0.502636,-0.0591192,0,0,0,,,
10.584,ekf_predict_only,map,-1.80537,-0.503332,-0.0658363,0.950004,0.961526,0.000217824,,,
10.584,ekf,map,-1.83776,-0.503077,-0.0535122,0.0672736,0.0673157,5.35613e-07,0.0585,,
10.584,kf,map,-1.83741,-0.503083,-0.0537872,0.0623767,0.0623767,0,0.065583,,
10.584,pf,map,-1.81716,-0.515447,-0.0524617,0.0273017,0.0247448,0.00106171,8.08825,556.094,1
10.656,odom,map,-1.79946,-0.503199,-0.0633809,0,0,0,,,
10.692,odom,map,-1.79024,-0.503804,-0.0677024,0,0,0,,,
10.728,odom,map,-1.78094,-0.504455,-0.0721167,0,0,0,,,
10.764,odom,map,-1.77164,-0.505147,-0.0762494,0,0,0,,,
10.8,odom,map,-1.76223,-0.505885,-0.080276,0,0,0,,,
10.8,ekf_predict_only,map,-1.74849,-0.507082,-0.0898942,1.05002,1.07056,0.000641853,,,
10.8,ekf,map,-1.78228,-0.506669,-0.0778958,0.0684154,0.0684791,1.53834e-06,0.115708,,
10.8,kf,map,-1.78203,-0.506627,-0.0779681,0.0625527,0.0625527,0,0.115958,,
10.8,pf,map,-1.75368,-0.529688,-0.0681241,0.0269259,0.0278037,-3.12147e-05,10.6264,544.608,1
10.836,odom,map,-1.75276,-0.506665,-0.0842857,0,0,0,,,
10.872,odom,map,-1.74346,-0.507469,-0.0881926,0,0,0,,,
10.908,odom,map,-1.73426,-0.5083,-0.0917855,0,0,0,,,
10.944,odom,map,-1.7251,-0.509159,-0.0953614,0,0,0,,,
10.98,odom,map,-1.71601,-0.510045,-0.0989512,0,0,0,,,
11.016,odom,map,-1.70703,-0.510951,-0.102163,0,0,0,,,
11.016,ekf_predict_only,map,-1.69461,-0.511939,-0.10884,1.15006,1.18207,0.00139571,,,
11.016,kf,map,-1.72787,-0.511478,-0.0988006,0.0625774,0.0625774,0,0.401125,,
11.016,ekf,map,-1.72793,-0.511573,-0.098967,0.0687567,0.06883,2.70681e-06,0.209833,,
11.016,pf,map,-1.70903,-0.520717,-0.107266,0.0317592,0.0260446,0.000612669,6.31525,559.452,1
11.001,amcl,map,-1.6989,-0.499189,-0.0960985,0.143065,0.177332,-0.0139207,,,
11.052,odom,map,-1.69801,-0.511891,-0.105373,0,0,0,,,
11.088,odom,map,-1.68897,-0.512862,-0.1086,0,0,0,,,
11.124,odom,map,-1.67986,-0.513869,-0.111872,0,0,0,,,
11.16,odom,map,-1.67066,-0.514919,-0.115024,0,0,0,,,
11.196,odom,map,-1.66126,-0.516018,-0.117808,0,0,0,,,
11.232,odom,map,-1.65181,-0.517149,-0.120521,0,0,0,,,
11.196,ekf,map,-1.68152,-0.516662,-0.114588,0.0675569,0.0676225,3.37463e-06,0.078875,,
11.196,kf,map,-1.68143,-0.516577,-0.114366,0.0623802,0.0623802,0,0.086083,,
11.196,ekf_predict_only,map,-1.64733,-0.517105,-0.122403,1.25014,1.29476,0.00242489,,,
11.196,pf,map,-1.64856,-0.532619,-0.099243,0.0278003,0.0273888,-0.00132513,5.27508,556.87,1
11.268,odom,map,-1.64235,-0.518308,-0.123265,0,0,0,,,
11.304,odom,map,-1.6328,-0.519504,-0.125764,0,0,0,,,
11.34,odom,map,-1.62314,-0.520736,-0.128071,0,0,0,,,
11.376,odom,map,-1.61341,-0.522,-0.130286,0,0,0,,,
11.412,odom,map,-1.60361,-0.523295,-0.132333,0,0,0,,,
11.412,kf,map,-1.62356,-0.523744,-0.128679,0.0625532,0.0625532,0,0.067708,,
11.412,ekf_predict_only,map,-1.5883,-0.524367,-0.134344,1.35029,1.41437,0.00426959,,,
11.412,ekf,map,-1.62371,-0.523836,-0.128979,0.0685701,0.0686531,5.81834e-06,0.125041,,
11.412,pf,map,-1.58519,-0.547428,-0.118802,0.0263283,0.0299397,-0.00385209,6.0145,542.187,1
11.448,odom,map,-1.59377,-0.524615,-0.134313,0,0,0,,,
11.484,odom,map,-1.58372,-0.525983,-0.136048,0,0,0,,,
11.52,odom,map,-1.57351,-0.527388,-0.137643,0,0,0,,,
11.556,odom,map,-1.56316,-0.52883,-0.139096,0,0,0,,,
11.592,odom,map,-1.55245,-0.530335,-0.140166,0,0,0,,,
11.628,odom,map,-1.54163,-0.531868,-0.140957,0,0,0,,,
11.592,kf,map,-1.57163,-0.530854,-0.13557,0.0623768,0.0623768,0,0.057666,,
11.592,ekf_predict_only,map,-1.53395,-0.531713,-0.13732,1.45052,1.53639,0.00660196,,,
11.592,ekf,map,-1.57189,-0.530934,-0.135995,0.0675722,0.0676493,6.68673e-06,0.064333,,
11.592,pf,map,-1.537,-0.536027,-0.12276,0.0281183,0.026757,0.00142523,7.75783,554.379,1
11.664,odom,map,-1.53076,-0.533412,-0.141552,0,0,0,,,
11.7,odom,map,-1.51979,-0.534978,-0.141947,0,0,0,,,
11.736,odom,map,-1.5086,-0.536577,-0.141712,0,0,0,,,
11.772,odom,map,-1.49735,-0.53818,-0.141242,0,0,0,,,
11.808,ekf_predict_only,map,-1.4649,-0.541254,-0.131993,1.55093,1.6703,0.0104251,,,
11.808,odom,map,-1.48542,-0.539307,-0.140253,0,0,0,,,
11.808,kf,map,-1.50506,-0.540238,-0.135225,0.0625528,0.0625528,0,0.05625,,
11.808,ekf,map,-1.50539,-0.540327,-0.135843,0.0686389,0.0687401,1.05773e-05,0.058541,,
11.808,pf,map,-1.47554,-0.547105,-0.138468,0.0327653,0.0326565,0.00140646,4.46154,564.348,1
11.844,odom,map,-1.47154,-0.538718,-0.138159,0,0,0,,,
11.88,odom,map,-1.45727,-0.538142,-0.135595,0,0,0,,,
11.916,odom,map,-1.44286,-0.537544,-0.132908,0,0,0,,,
11.952,odom,map,-1.42821,-0.536931,-0.130007,0,0,0,,,
11.988,odom,map,-1.41326,-0.536308,-0.126952,0,0,0,,,
11.988,ekf_predict_only,map,-1.4001,-0.549858,-0.120686,1.65142,1.80859,0.014793,,,
11.988,ekf,map,-1.44369,-0.548754,-0.127647,0.067627,0.0677243,1.1346e-05,0.06875,,
12.024,odom,map,-1.3995,-0.537121,-0.124385,0,0,0,,,
11.988,kf,map,-1.44332,-0.548706,-0.127174,0.0623767,0.0623767,0,0.144583,,
12,amcl,map,-1.41037,-0.536663,-0.126959,0.116777,0.143057,-0.0204589,,,
11.988,pf,map,-1.41151,-0.552522,-0.126982,0.0301171,0.0278841,-0.00132487,7.08492,543.379,1
12.06,odom,map,-1.3863,-0.538756,-0.122072,0,0,0,,,
12.096,odom,map,-1.37273,-0.540404,-0.119647,0,0,0,,,
12.132,odom,map,-1.35879,-0.542063,-0.117124,0,0,0,,,
12.168,odom,map,-1.34458,-0.543716,-0.114543,0,0,0,,,
12.204,odom,map,-1.33034,-0.545336,-0.111955,0,0,0,,,
12.204,ekf,map,-1.36158,-0.558935,-0.113715,0.068687,0.0688216,1.6777e-05,0.159334,,
12.204,kf,map,-1.36115,-0.558952,-0.113397,0.0625527,0.0625527,0,0.653833,,
12.204,ekf_predict_only,map,-1.31471,-0.560214,-0.105156,1.75216,1.96929,0.0215248,,,
12.204,pf,map,-1.32461,-0.581919,-0.117614,0.0237209,0.0252452,-0.0031375,4.71425,547.769,1
12.24,odom,map,-1.31599,-0.546928,-0.109141,0,0,0,,,
12.276,odom,map,-1.30146,-0.5485,-0.106232,0,0,0,,,
12.312,odom,map,-1.28671,-0.550049,-0.103125,0,0,0,,,
12.348,odom,map,-1.2719,-0.551558,-0.0999545,0,0,0,,,
12.384,odom,map,-1.25706,-0.553022,-0.0965704,0,0,0,,,
12.42,odom,map,-1.242,-0.554454,-0.0930015,0,0,0,,,
12.384,ekf_predict_only,map,-1.23897,-0.568208,-0.0872068,1.85285,2.13341,0.0282004,,,
12.384,ekf,map,-1.28853,-0.566825,-0.0979923,0.0676569,0.0677894,1.65797e-05,0.059709,,
12.384,kf,map,-1.28816,-0.566854,-0.0977025,0.0623767,0.0623767,0,1.86925,,
12.384,pf,map,-1.25884,-0.583194,-0.0953519,0.0262351,0.0251329,0.00160118,5.36342,576.123,1
12.456,odom,map,-1.22679,-0.555844,-0.089212,0,0,0,,,
12.492,odom,map,-1.21157,-0.557175,-0.0853945,0,0,0,,,
12.528,odom,map,-1.19636,-0.558449,-0.0816369,0,0,0,,,
12.564,odom,map,-1.18109,-0.559669,-0.077751,0,0,0,,,
12.6,odom,map,-1.16571,-0.560836,-0.0737077,0,0,0,,,
12.6,ekf_predict_only,map,-1.14666,-0.576278,-0.0628349,1.95367,2.32548,0.0369005,,,
12.6,ekf,map,-1.19778,-0.574936,-0.0753857,0.0687103,0.0688897,2.15225e-05,0.057417,,
12.6,kf,map,-1.19751,-0.574999,-0.0751252,0.0625527,0.0625527,0,0.055709,,
12.6,pf,map,-1.17569,-0.576031,-0.065107,0.0259546,0.0265614,0.00299929,4.478,556.19,1
12.636,odom,map,-1.1503,-0.561942,-0.0696457,0,0,0,,,
12.672,odom,map,-1.13498,-0.56298,-0.0655496,0,0,0,,,
12.708,odom,map,-1.1198,-0.563944,-0.0613185,0,0,0,,,
12.744,odom,map,-1.10487,-0.564828,-0.0568063,0,0,0,,,
12.78,odom,map,-1.09001,-0.565638,-0.0522227,0,0,0,,,
12.816,odom,map,-1.07556,-0.566438,-0.0476045,0,0,0,,,
12.816,ekf_predict_only,map,-1.05993,-0.581735,-0.0344534,2.05429,2.52666,0.0450275,,,
12.816,ekf,map,-1.10908,-0.580639,-0.0490765,0.0689575,0.0691534,2.17276e-05,0.46625,,
12.816,kf,map,-1.10916,-0.580708,-0.0487946,0.0625774,0.0625774,0,0.596042,,
12.801,amcl,map,-1.10308,-0.591989,-0.0562241,0.0927328,0.114974,-0.0123538,,,
12.816,pf,map,-1.08105,-0.615048,-0.05482,0.0259902,0.0272799,-0.000440223,7.26471,563.352,1
12.852,odom,map,-1.06166,-0.567268,-0.0430486,0,0,0,,,
12.888,odom,map,-1.04796,-0.568027,-0.0384012,0,0,0,,,
12.924,odom,map,-1.03433,-0.56872,-0.0337112,0,0,0,,,
12.96,odom,map,-1.02081,-0.569347,-0.0291053,0,0,0,,,
12.996,odom,map,-1.00749,-0.569907,-0.0244698,0,0,0,,,
13.032,odom,map,-0.993903,-0.570229,-0.0196331,0,0,0,,,
12.996,kf,map,-1.03918,-0.583322,-0.0253851,0.0623802,0.0623802,0,0.061417,,
12.996,ekf,map,-1.03899,-0.583254,-0.0255454,0.0676714,0.0678374,1.64624e-05,0.104625,,
12.996,ekf_predict_only,map,-0.991814,-0.584083,-0.0101625,2.15458,2.71658,0.0507225,,,
12.996,pf,map,-0.997538,-0.599201,-0.0244144,0.0300291,0.0297084,0.00119242,5.3175,559.041,1
13.068,odom,map,-0.980448,-0.570461,-0.0147205,0,0,0,,,
13.104,odom,map,-0.967142,-0.570623,-0.00965957,0,0,0,,,
13.14,odom,map,-0.953849,-0.570714,-0.00369311,0,0,0,,,
13.176,odom,map,-0.940556,-0.570718,0.0034194,0,0,0,,,
13.212,odom,map,-0.927262,-0.570621,0.0111016,0,0,0,,,
13.212,ekf_predict_only,map,-0.91205,-0.584893,0.0359307,2.25468,2.93423,0.0563042,,,
13.212,ekf,map,-0.958235,-0.584296,0.0130931,0.0686559,0.06885,1.59882e-05,0.091542,,
13.212,kf,map,-0.958393,-0.584317,0.0138074,0.0625532,0.0625532,0,0.064292,,
13.212,pf,map,-0.923558,-0.610013,-0.00841028,0.0253427,0.0256628,-0.00155082,4.89371,543.707,1
13.248,odom,map,-0.914118,-0.570421,0.0194185,0,0,0,,,
13.284,odom,map,-0.901102,-0.570111,0.0284851,0,0,0,,,
13.32,odom,map,-0.88809,-0.569677,0.0383588,0,0,0,,,
13.356,odom,map,-0.875064,-0.569111,0.0485426,0,0,0,,,
13.392,odom,map,-0.862147,-0.568414,0.059519,0,0,0,,,
13.428,odom,map,-0.849305,-0.567573,0.0714755,0,0,0,,,
13.392,ekf,map,-0.893074,-0.582318,0.063379,0.0676223,0.0677849,1.05036e-05,0.06525,,
13.392,kf,map,-0.893203,-0.58228,0.0644931,0.0623768,0.0623768,0,0.131708,,
13.392,ekf_predict_only,map,-0.847812,-0.582584,0.0972261,2.35439,3.13909,0.0583782,,,
13.392,pf,map,-0.840283,-0.610846,0.0570353,0.0361136,0.0308478,0.00285607,4.74942,523.21,1
13.464,odom,map,-0.836615,-0.566586,0.0839098,0,0,0,,,
13.5,odom,map,-0.824014,-0.565446,0.0964384,0,0,0,,,
13.536,odom,map,-0.811471,-0.564151,0.109597,0,0,0,,,
13.572,odom,map,-0.799017,-0.562693,0.123635,0,0,0,,,
13.608,odom,map,-0.787532,-0.562141,0.137996,0,0,0,,,
13.608,ekf,map,-0.817949,-0.575511,0.141502,0.0686763,0.0688602,7.08557e-06,0.061667,,
13.608,ekf_predict_only,map,-0.774428,-0.575427,0.185618,2.45359,3.37045,0.0560921,,,
13.608,kf,map,-0.818143,-0.575547,0.142821,0.0625528,0.0625528,0,0.057625,,
13.602,amcl,map,-0.811576,-0.575503,0.127235,0.0877684,0.0984743,0.00030518,,,
13.608,pf,map,-0.797599,-0.58359,0.137933,0.0304232,0.0285746,0.00162951,4.73025,537.397,1
13.644,odom,map,-0.778829,-0.565142,0.151712,0,0,0,,,
13.68,odom,map,-0.770117,-0.567984,0.165652,0,0,0,,,
13.716,odom,map,-0.761619,-0.570697,0.180152,0,0,0,,,
13.752,odom,map,-0.753281,-0.573271,0.195073,0,0,0,,,
13.788,odom,map,-0.745011,-0.575687,0.210163,0,0,0,,,
13.788,kf,map,-0.758471,-0.565098,0.217698,0.0623767,0.0623767,0,0.061833,,
13.824,odom,map,-0.734758,-0.574885,0.225969,0,0,0,,,
13.788,ekf_predict_only,map,-0.716813,-0.564608,0.266553,2.55261,3.58258,0.0481772,,,
13.788,ekf,map,-0.758258,-0.564988,0.216771,0.0676486,0.0677976,1.30523e-06,0.054542,,
13.788,pf,map,-0.738808,-0.575727,0.206328,0.0277826,0.0263871,-0.00170521,7.31671,552.553,1
13.86,odom,map,-0.723437,-0.572185,0.242494,0,0,0,,,
13.896,odom,map,-0.712364,-0.569347,0.259474,0,0,0,,,
13.932,odom,map,-0.701531,-0.566372,0.276557,0,0,0,,,
13.968,odom,map,-0.69094,-0.563266,0.294058,0,0,0,,,
14.004,odom,map,-0.680653,-0.560052,0.311723,0,0,0,,,
14.004,ekf,map,-0.693062,-0.54778,0.318149,0.0687033,0.0688636,-5.43648e-06,0.059,,
14.004,kf,map,-0.693377,-0.548065,0.318905,0.0625527,0.0625527,0,0.1005,,
14.004,ekf_predict_only,map,-0.65486,-0.547692,0.372663,2.65166,3.81239,0.0321914,,,
14.004,pf,map,-0.658519,-0.551151,0.313225,0.0264621,0.0291918,0.00106861,4.6295,580.855,1
14.04,odom,map,-0.670495,-0.55668,0.329408,0,0,0,,,
14.076,odom,map,-0.660479,-0.553157,0.34717,0,0,0,,,
14.112,odom,map,-0.650842,-0.549572,0.365213,0,0,0,,,
14.148,odom,map,-0.641514,-0.545908,0.383465,0,0,0,,,
14.184,odom,map,-0.632335,-0.542107,0.401806,0,0,0,,,
14.184,ekf_predict_only,map,-0.610114,-0.530199,0.464984,2.75146,4.0123,0.0129177,,,
14.184,kf,map,-0.645229,-0.529895,0.407999,0.0623767,0.0623767,0,0.133583,,
14.22,odom,map,-0.6234,-0.538214,0.420229,0,0,0,,,
14.184,ekf,map,-0.644902,-0.529571,0.407492,0.0676672,0.0677895,-9.50504e-06,0.057917,,
14.202,amcl,map,-0.633131,-0.547042,0.406229,0.0680598,0.0727969,-0.00488644,,,
14.184,pf,map,-0.612397,-0.526835,0.403865,0.0272594,0.0290582,0.000299706,5.90396,540.85,1
14.256,odom,map,-0.614989,-0.534361,0.438945,0,0,0,,,
14.292,odom,map,-0.606741,-0.530394,0.45769,0,0,0,,,
14.328,odom,map,-0.59888,-0.52643,0.476568,0,0,0,,,
14.364,odom,map,-0.591443,-0.522502,0.495421,0,0,0,,,
14.4,odom,map,-0.584396,-0.518609,0.514365,0,0,0,,,
14.4,ekf_predict_only,map,-0.568049,-0.509096,0.578939,2.85232,4.21114,-0.0127269,,,
14.4,kf,map,-0.598175,-0.506905,0.519863,0.0625527,0.0625527,0,0.055792,,
14.4,ekf,map,-0.597685,-0.506392,0.51951,0.0687199,0.0688397,-1.60021e-05,0.051875,,
14.4,pf,map,-0.564266,-0.52003,0.513977,0.0262626,0.0278381,-0.000136854,4.58113,550.644,1
14.436,odom,map,-0.578168,-0.512631,0.532855,0,0,0,,,
14.472,odom,map,-0.572226,-0.506592,0.551573,0,0,0,,,
14.508,odom,map,-0.566708,-0.500656,0.57023,0,0,0,,,
14.544,odom,map,-0.561544,-0.494794,0.588807,0,0,0,,,
14.58,odom,map,-0.556664,-0.488977,0.607355,0,0,0,,,
14.616,odom,map,-0.551919,-0.484083,0.626064,0,0,0,,,
14.616,ekf_predict_only,map,-0.537862,-0.489364,0.692956,2.95424,4.3851,-0.0383714,,,
14.616,ekf,map,-0.562187,-0.483566,0.633305,0.0689663,0.0690626,-1.79961e-05,0.5965,,
14.616,kf,map,-0.562761,-0.484214,0.633451,0.0625774,0.0625774,0,0.058167,,
14.601,amcl,map,-0.568584,-0.517309,0.62043,0.0579605,0.0614346,-0.000247437,,,
14.616,pf,map,-0.519011,-0.496033,0.627209,0.0278753,0.0313191,0.000100358,7.01758,574.83,1
14.652,odom,map,-0.547213,-0.480612,0.645165,0,0,0,,,
14.688,odom,map,-0.542663,-0.477119,0.664315,0,0,0,,,
14.724,odom,map,-0.538306,-0.473641,0.683425,0,0,0,,,
14.76,odom,map,-0.534449,-0.470439,0.702521,0,0,0,,,
14.796,odom,map,-0.531056,-0.467512,0.721637,0,0,0,,,
14.796,ekf_predict_only,map,-0.520969,-0.475338,0.788538,3.05629,4.52764,-0.0572632,,,
14.796,kf,map,-0.541628,-0.467113,0.728867,0.0623802,0.0623802,0,0.06425,,
14.832,odom,map,-0.527788,-0.464579,0.740753,0,0,0,,,
14.796,ekf,map,-0.541151,-0.466553,0.728809,0.0676782,0.0677392,-1.43706e-05,0.063583,,
14.796,pf,map,-0.524321,-0.471813,0.742134,0.0250396,0.0279906,-0.000354029,6.34546,535.81,1
14.868,odom,map,-0.524742,-0.461742,0.759847,0,0,0,,,
14.904,odom,map,-0.522077,-0.459163,0.77884,0,0,0,,,
14.94,odom,map,-0.519836,-0.45691,0.797703,0,0,0,,,
14.976,odom,map,-0.517726,-0.454706,0.816563,0,0,0,,,
15.012,odom,map,-0.515919,-0.453682,0.835232,0,0,0,,,
15.012,kf,map,-0.526288,-0.452105,0.842071,0.0625532,0.0625532,0,0.101041,,
15.012,ekf_predict_only,map,-0.509411,-0.463707,0.901081,3.15843,4.65723,-0.0732181,,,
15.012,ekf,map,-0.525837,-0.451526,0.842119,0.0686631,0.0687125,-1.42865e-05,0.521084,,
15,amcl,map,-0.515432,-0.493185,0.808314,0.0344722,0.0385133,0.00224223,,,
15.012,pf,map,-0.504435,-0.454521,0.829567,0.0262857,0.0322936,-0.00140512,4.74871,541.599,1
15.048,odom,map,-0.514583,-0.455227,0.853584,0,0,0,,,
15.084,odom,map,-0.513365,-0.45684,0.871914,0,0,0,,,
15.12,odom,map,-0.51237,-0.458658,0.88998,0,0,0,,,
15.156,odom,map,-0.511583,-0.460678,0.907794,0,0,0,,,
15.192,odom,map,-0.510957,-0.462857,0.925337,0,0,0,,,
15.228,odom,map,-0.510136,-0.462573,0.943094,0,0,0,,,
15.192,ekf,map,-0.518835,-0.443041,0.933339,0.0676274,0.0676574,-9.74621e-06,0.061792,,
15.192,kf,map,-0.519149,-0.443477,0.933169,0.0623768,0.0623768,0,0.116083,,
15.192,ekf_predict_only,map,-0.504658,-0.457704,0.99034,3.2597,4.76952,-0.0814803,,,
15.192,pf,map,-0.485553,-0.482031,0.912508,0.0283677,0.0278609,-0.000472891,6.13079,551.428,1
15.264,odom,map,-0.509334,-0.461448,0.96072,0,0,0,,,
15.3,odom,map,-0.508687,-0.460506,0.978034,0,0,0,,,
15.336,odom,map,-0.508178,-0.459737,0.995136,0,0,0,,,
15.372,odom,map,-0.50776,-0.459081,1.01217,0,0,0,,,
15.408,odom,map,-0.507953,-0.459061,1.02915,0,0,0,,,
15.408,kf,map,-0.515382,-0.438035,1.03643,0.0625528,0.0625528,0,0.067084,,
15.408,ekf,map,-0.515119,-0.437637,1.03675,0.0686807,0.0687039,-8.19043e-06,0.573417,,
15.408,ekf_predict_only,map,-0.502759,-0.454808,1.09096,3.36036,4.87445,-0.0854529,,,
15.408,pf,map,-0.467977,-0.428495,1.03981,0.0282502,0.0302627,0.00042669,4.46229,541.245,1
15.444,odom,map,-0.510025,-0.460917,1.04642,0,0,0,,,
15.48,odom,map,-0.512198,-0.462935,1.06311,0,0,0,,,
15.516,odom,map,-0.514385,-0.464964,1.0797,0,0,0,,,
15.552,odom,map,-0.516593,-0.467024,1.09604,0,0,0,,,
15.588,odom,map,-0.518838,-0.469147,1.1118,0,0,0,,,
15.624,odom,map,-0.519617,-0.469848,1.12692,0,0,0,,,
15.588,ekf_predict_only,map,-0.502474,-0.454262,1.16518,3.46048,4.97518,-0.0861961,,,
15.588,ekf,map,-0.514079,-0.435878,1.11499,0.0676511,0.0676648,-5.03302e-06,0.059416,,
15.588,kf,map,-0.514233,-0.436124,1.11456,0.0623767,0.0623767,0,0.066917,,
15.6,amcl,map,-0.509843,-0.472584,1.09148,0.0270835,0.0254891,-0.000222304,,,
15.588,pf,map,-0.489121,-0.452594,1.13456,0.0326736,0.0298795,0.00206169,10.7712,547.558,1
15.66,odom,map,-0.519604,-0.46982,1.14163,0,0,0,,,
15.696,odom,map,-0.519653,-0.469929,1.15607,0,0,0,,,
15.732,odom,map,-0.51974,-0.470131,1.17005,0,0,0,,,
15.768,odom,map,-0.519831,-0.47035,1.18391,0,0,0,,,
15.804,odom,map,-0.519756,-0.470663,1.19721,0,0,0,,,
15.804,ekf_predict_only,map,-0.502474,-0.454262,1.21104,3.56048,5.07518,-0.0861961,,,
15.804,ekf,map,-0.514008,-0.435908,1.18931,0.0687043,0.0687148,-3.91895e-06,0.139333,,
15.804,kf,map,-0.514073,-0.435991,1.1866,0.0625527,0.0625527,0,0.056,,
15.804,pf,map,-0.480798,-0.4501,1.22227,0.029424,0.0261614,0.00212874,9.35663,544.942,1
15.84,odom,map,-0.516831,-0.472293,1.20577,0,0,0,,,
15.876,odom,map,-0.513897,-0.473835,1.21185,0,0,0,,,
15.912,odom,map,-0.51099,-0.475377,1.21534,0,0,0,,,
15.948,odom,map,-0.508108,-0.476919,1.21623,0,0,0,,,
15.984,odom,map,-0.505252,-0.478462,1.21453,0,0,0,,,
16.02,odom,map,-0.503992,-0.479148,1.21295,0,0,0,,,
15.984,kf,map,-0.514035,-0.435997,1.22026,0.0623767,0.0623767,0,0.060292,,
15.984,ekf_predict_only,map,-0.502474,-0.454262,1.21104,3.66048,5.17518,-0.0861961,,,
15.984,ekf,map,-0.514008,-0.435979,1.22399,0.0676663,0.0676724,-2.32611e-06,0.057,,
15.984,pf,map,-0.486862,-0.437679,1.24775,0.0255327,0.0258971,0.00163298,4.90892,568.3,1
16.056,odom,map,-0.503992,-0.479148,1.21295,0,0,0,,,
16.092,odom,map,-0.503992,-0.479148,1.21295,0,0,0,,,
16.128,odom,map,-0.503992,-0.479148,1.21295,0,0,0,,,
16.164,odom,map,-0.503992,-0.479148,1.21295,0,0,0,,,
16.2,odom,map,-0.503992,-0.479148,1.21295,0,0,0,,,
16.2,ekf_predict_only,map,-0.502474,-0.454262,1.21104,3.76048,5.27518,-0.0861961,,,
16.2,ekf,map,-0.51401,-0.435996,1.23557,0.0687164,0.0687211,-1.77494e-06,0.115584,,
16.2,kf,map,-0.514021,-0.436,1.23314,0.0625527,0.0625527,0,0.056666,,
16.2,pf,map,-0.480562,-0.446429,1.23585,0.0243754,0.0267831,-0.000447254,4.53571,567.079,1
16.236,odom,map,-0.503992,-0.479148,1.21295,0,0,0,,,
16.272,odom,map,-0.503992,-0.479148,1.21295,0,0,0,,,
16.308,odom,map,-0.503992,-0.479148,1.21295,0,0,0,,,
16.344,odom,map,-0.503992,-0.479148,1.21295,0,0,0,,,
16.38,odom,map,-0.503992,-0.479148,1.21295,0,0,0,,,
16.416,odom,map,-0.504428,-0.478736,1.21277,0,0,0,,,
16.416,ekf,map,-0.514011,-0.436,1.23921,0.0689609,0.068964,-1.19924e-06,0.060667,,
16.416,ekf_predict_only,map,-0.502474,-0.454262,1.21104,3.86048,5.37518,-0.0861961,,,
16.416,kf,map,-0.514015,-0.436001,1.23796,0.0625774,0.0625774,0,0.407,,
16.416,pf,map,-0.48586,-0.446212,1.2453,0.0295339,0.0238087,-0.00274584,6.34192,566.271,1
16.452,odom,map,-0.50555,-0.477677,1.21232,0,0,0,,,
16.488,odom,map,-0.506672,-0.476617,1.21187,0,0,0,,,
16.524,odom,map,-0.507795,-0.475558,1.21142,0,0,0,,,
16.56,odom,map,-0.508743,-0.474035,1.21108,0,0,0,,,
16.596,odom,map,-0.509293,-0.471452,1.21092,0,0,0,,,
16.596,ekf,map,-0.512406,-0.431328,1.24113,0.0676733,0.0676748,-7.67287e-07,0.059,,
16.632,odom,map,-0.508654,-0.469305,1.21121,0,0,0,,,
16.596,ekf_predict_only,map,-0.498659,-0.444117,1.21273,3.96303,5.48513,-0.0998999,,,
16.596,kf,map,-0.512252,-0.430894,1.24064,0.0623802,0.0623802,0,0.104625,,
16.596,pf,map,-0.493081,-0.445754,1.26206,0.0272676,0.0322776,-0.00303792,8.4015,569.313,1
16.668,odom,map,-0.507837,-0.46713,1.21184,0,0,0,,,
16.704,odom,map,-0.506773,-0.464288,1.21304,0,0,0,,,
16.74,odom,map,-0.505665,-0.461317,1.21503,0,0,0,,,
16.776,odom,map,-0.504578,-0.458381,1.21726,0,0,0,,,
16.812,odom,map,-0.503509,-0.455474,1.21996,0,0,0,,,
16.812,ekf_predict_only,map,-0.492181,-0.426806,1.23156,4.06832,5.60215,-0.12363,,,
16.812,ekf,map,-0.507421,-0.416674,1.25336,0.0686586,0.0686584,-1.06754e-06,0.066459,,
16.812,kf,map,-0.507286,-0.416256,1.25376,0.0625532,0.0625532,0,0.056833,,
16.812,pf,map,-0.47158,-0.413845,1.25973,0.0273653,0.0316338,-0.00390782,10.0477,541.72,1
16.848,odom,map,-0.502497,-0.452691,1.22383,0,0,0,,,
16.884,odom,map,-0.501488,-0.449882,1.22835,0,0,0,,,
16.92,odom,map,-0.500494,-0.447073,1.23324,0,0,0,,,
16.956,odom,map,-0.499515,-0.444262,1.23832,0,0,0,,,
16.992,odom,map,-0.498531,-0.441386,1.24396,0,0,0,,,
16.992,ekf_predict_only,map,-0.487072,-0.412328,1.26709,4.17365,5.71569,-0.143756,,,
17.028,odom,map,-0.497555,-0.438475,1.25067,0,0,0,,,
16.992,ekf,map,-0.503092,-0.403205,1.27905,0.0676255,0.0676239,-1.22195e-06,0.104792,,
16.992,kf,map,-0.503032,-0.402953,1.27996,0.0623768,0.0623768,0,0.054542,,
16.992,pf,map,-0.478472,-0.397918,1.26875,0.0270189,0.0267841,0.000360407,8.26725,558.985,1
17.064,odom,map,-0.496576,-0.435486,1.25824,0,0,0,,,
17.1,odom,map,-0.495613,-0.432465,1.26605,0,0,0,,,
17.136,odom,map,-0.494655,-0.429376,1.27445,0,0,0,,,
17.172,odom,map,-0.493692,-0.426166,1.28395,0,0,0,,,
17.208,odom,map,-0.492745,-0.422897,1.29403,0,0,0,,,
17.208,ekf_predict_only,map,-0.480945,-0.392777,1.32896,4.28222,5.83207,-0.171232,,,
17.208,kf,map,-0.497766,-0.384417,1.33093,0.0625528,0.0625528,0,0.131959,,
17.208,ekf,map,-0.497802,-0.384616,1.32958,0.0686818,0.0686777,-1.9318e-06,0.05925,,
17.202,amcl,map,-0.494107,-0.426184,1.30255,0.0182447,0.0237116,-0.00145792,,,
17.208,pf,map,-0.47168,-0.389699,1.33632,0.0317524,0.0256176,0.000459622,7.86658,548.468,1
17.244,odom,map,-0.491829,-0.419607,1.30434,0,0,0,,,
17.28,odom,map,-0.490899,-0.416127,1.31517,0,0,0,,,
17.316,odom,map,-0.489944,-0.412385,1.32656,0,0,0,,,
17.352,odom,map,-0.48894,-0.40825,1.33847,0,0,0,,,
17.388,odom,map,-0.487956,-0.403976,1.35048,0,0,0,,,
17.424,odom,map,-0.486983,-0.399503,1.36258,0,0,0,,,
17.388,ekf,map,-0.49336,-0.364759,1.38388,0.0676552,0.0676495,-2.15411e-06,0.107042,,
17.388,kf,map,-0.493295,-0.364469,1.38488,0.0623767,0.0623767,0,0.054792,,
17.388,ekf_predict_only,map,-0.475395,-0.37028,1.38956,4.39407,5.94704,-0.203038,,,
17.388,pf,map,-0.480973,-0.37931,1.38067,0.0271283,0.0304503,-0.00185291,12.9457,538.327,1
17.46,odom,map,-0.486022,-0.39481,1.37494,0,0,0,,,
17.496,odom,map,-0.485048,-0.389731,1.38765,0,0,0,,,
17.532,odom,map,-0.484118,-0.384522,1.40042,0,0,0,,,
17.568,odom,map,-0.483214,-0.37906,1.41311,0,0,0,,,
17.604,odom,map,-0.482282,-0.372946,1.42559,0,0,0,,,
17.604,ekf_predict_only,map,-0.468062,-0.330258,1.46557,4.52052,6.06703,-0.260001,,,
17.604,ekf,map,-0.488113,-0.331684,1.4572,0.0687167,0.0687034,-3.71943e-06,0.055584,,
17.604,kf,map,-0.487911,-0.330952,1.45781,0.0625527,0.0625527,0,0.063583,,
17.604,pf,map,-0.472919,-0.350724,1.44688,0.0268386,0.0264581,-3.42771e-06,7.22954,536.17,1
17.64,odom,map,-0.481361,-0.366357,1.43823,0,0,0,,,
17.676,odom,map,-0.480507,-0.359629,1.45089,0,0,0,,,
17.712,odom,map,-0.479716,-0.352682,1.46342,0,0,0,,,
17.748,odom,map,-0.478951,-0.34515,1.47577,0,0,0,,,
17.784,odom,map,-0.478239,-0.337153,1.48801,0,0,0,,,
17.82,odom,map,-0.477608,-0.328934,1.50019,0,0,0,,,
17.784,ekf_predict_only,map,-0.463733,-0.28927,1.52651,4.6549,6.17894,-0.318195,,,
17.784,ekf,map,-0.485334,-0.296277,1.51831,0.0676856,0.0676661,-4.11582e-06,0.060375,,
17.784,kf,map,-0.485118,-0.295567,1.51852,0.0623767,0.0623767,0,0.064791,,
17.802,amcl,map,-0.478388,-0.343204,1.50307,0.017043,0.0210542,-0.00194676,,,
17.784,pf,map,-0.459523,-0.303425,1.51486,0.0328413,0.0262709,0.000725593,5.42413,544.838,1
17.856,odom,map,-0.477058,-0.320428,1.51208,0,0,0,,,
17.892,odom,map,-0.476578,-0.311338,1.52358,0,0,0,,,
17.928,odom,map,-0.47618,-0.301764,1.53501,0,0,0,,,
17.964,odom,map,-0.475886,-0.291964,1.54649,0,0,0,,,
18,odom,map,-0.4757,-0.281977,1.55784,0,0,0,,,
18,ekf_predict_only,map,-0.460959,-0.226681,1.59254,4.82199,6.28661,-0.40627,,,
18,ekf,map,-0.48436,-0.240572,1.58702,0.0687574,0.0687165,-5.68515e-06,0.080333,,
18,kf,map,-0.484052,-0.239693,1.58685,0.0625527,0.0625527,0,0.061583,,
18,pf,map,-0.466143,-0.242832,1.58502,0.0315067,0.0306791,0.000598101,4.52525,556.815,1
18.036,odom,map,-0.476092,-0.272036,1.57066,0,0,0,,,
18.072,odom,map,-0.476653,-0.262055,1.58349,0,0,0,,,
18.108,odom,map,-0.477379,-0.25178,1.59626,0,0,0,,,
18.144,odom,map,-0.478277,-0.241094,1.60845,0,0,0,,,
18.18,odom,map,-0.479346,-0.230147,1.62014,0,0,0,,,
18.216,odom,map,-0.480341,-0.218933,1.63096,0,0,0,,,
18.216,ekf_predict_only,map,-0.462462,-0.157601,1.65078,5.01692,6.38245,-0.500902,,,
18.216,kf,map,-0.48737,-0.175317,1.64887,0.0625774,0.0625774,0,0.064833,,
18.216,ekf,map,-0.487741,-0.17607,1.64932,0.0690241,0.0689611,-5.06912e-06,0.716833,,
18.216,pf,map,-0.447109,-0.210138,1.65506,0.0252451,0.0272713,-0.00106183,5.00421,560.177,1
18.252,odom,map,-0.481098,-0.207282,1.64033,0,0,0,,,
18.288,odom,map,-0.481989,-0.195259,1.64894,0,0,0,,,
18.324,odom,map,-0.483003,-0.182955,1.65701,0,0,0,,,
18.36,odom,map,-0.484122,-0.170581,1.66493,0,0,0,,,
18.396,odom,map,-0.485358,-0.157997,1.67228,0,0,0,,,
18.432,odom,map,-0.486698,-0.145275,1.6791,0,0,0,,,
18.396,ekf_predict_only,map,-0.467588,-0.0936472,1.68379,5.22475,6.46833,-0.584647,,,
18.396,ekf,map,-0.494317,-0.115634,1.6892,0.0677447,0.0676732,-1.94053e-06,0.058458,,
18.396,kf,map,-0.493973,-0.11507,1.68848,0.0623802,0.0623802,0,0.054583,,
18.396,pf,map,-0.46453,-0.13642,1.69344,0.0318633,0.0277047,0.00133801,5.23025,569.207,1
18.468,odom,map,-0.488141,-0.132389,1.68539,0,0,0,,,
18.504,odom,map,-0.489673,-0.119431,1.69149,0,0,0,,,
18.54,odom,map,-0.49128,-0.106493,1.69707,0,0,0,,,
18.576,odom,map,-0.492947,-0.09361,1.70165,0,0,0,,,
18.612,odom,map,-0.494566,-0.0811032,1.70559,0,0,0,,,
18.612,ekf_predict_only,map,-0.47642,-0.0158209,1.70722,5.48243,6.54431,-0.681566,,,
18.612,ekf,map,-0.50523,-0.0394841,1.72171,0.0687668,0.0686574,2.71792e-06,0.058209,,
18.612,kf,map,-0.504822,-0.0391139,1.72062,0.0625532,0.0625532,0,0.49925,,
18.6,amcl,map,-0.499324,-0.101321,1.7285,0.0140788,0.0254262,0.00229625,,,
18.612,pf,map,-0.490997,-0.0518304,1.73143,0.02765,0.0254209,0.000404816,5.97825,568.334,1
18.648,odom,map,-0.495989,-0.0695222,1.70928,0,0,0,,,
18.684,odom,map,-0.497454,-0.0579576,1.71266,0,0,0,,,
18.72,odom,map,-0.498931,-0.0465784,1.71539,0,0,0,,,
18.756,odom,map,-0.500411,-0.0353683,1.71762,0,0,0,,,
18.792,odom,map,-0.501909,-0.0242071,1.71974,0,0,0,,,
18.792,ekf_predict_only,map,-0.485078,0.0472527,1.71629,5.73192,6.62112,-0.755754,,,
18.792,ekf,map,-0.515883,0.0232974,1.73775,0.067731,0.0676237,6.5581e-06,0.116375,,
18.792,kf,map,-0.515543,0.0234639,1.7368,0.0623768,0.0623768,0,0.110958,,
18.828,odom,map,-0.503705,-0.0120195,1.7217,0,0,0,,,
18.792,pf,map,-0.50315,0.000687835,1.75762,0.0279394,0.0290152,-0.000694364,6.42483,567.55,1
18.864,odom,map,-0.505635,0.000606058,1.72319,0,0,0,,,
18.9,odom,map,-0.507577,0.0132033,1.72421,0,0,0,,,
18.936,odom,map,-0.509528,0.0257858,1.72509,0,0,0,,,
18.972,odom,map,-0.511499,0.0384084,1.72659,0,0,0,,,
19.008,odom,map,-0.513484,0.050959,1.72887,0,0,0,,,
19.008,ekf,map,-0.529203,0.098385,1.75132,0.0688171,0.0686785,1.32432e-05,0.058583,,
19.008,ekf_predict_only,map,-0.496074,0.1223,1.73213,6.03567,6.69222,-0.839463,,,
19.008,kf,map,-0.52901,0.0984213,1.75116,0.0625528,0.0625528,0,0.060042,,
19.008,pf,map,-0.530535,0.0816039,1.76384,0.0303926,0.0258098,-0.00160619,7.46696,546.79,1
19.044,odom,map,-0.515489,0.0634241,1.7318,0,0,0,,,
19.08,odom,map,-0.517531,0.0758668,1.73515,0,0,0,,,
19.116,odom,map,-0.519609,0.0882595,1.7389,0,0,0,,,
19.152,odom,map,-0.521703,0.100426,1.74368,0,0,0,,,
19.188,odom,map,-0.523851,0.112554,1.7486,0,0,0,,,
19.224,odom,map,-0.526049,0.124602,1.75392,0,0,0,,,
19.188,ekf,map,-0.540831,0.159424,1.77309,0.067773,0.0676508,1.46149e-05,0.056208,,
19.188,kf,map,-0.540767,0.159351,1.77352,0.0623767,0.0623767,0,0.056334,,
19.188,ekf_predict_only,map,-0.505882,0.182564,1.76033,6.32002,6.76695,-0.902075,,,
19.188,pf,map,-0.516198,0.132959,1.77389,0.0304298,0.0299882,0.000866912,8.60558,543.828,1
19.26,odom,map,-0.528276,0.136432,1.76011,0,0,0,,,
19.296,odom,map,-0.530544,0.148051,1.76715,0,0,0,,,
19.332,odom,map,-0.53289,0.159626,1.77436,0,0,0,,,
19.368,odom,map,-0.535292,0.171044,1.78209,0,0,0,,,
19.404,odom,map,-0.5379,0.182236,1.79073,0,0,0,,,
19.404,ekf_predict_only,map,-0.51889,0.250369,1.81402,6.64998,6.83422,-0.965332,,,
19.404,ekf,map,-0.555928,0.228649,1.81655,0.0688487,0.0687057,2.05469e-05,0.054625,,
19.404,kf,map,-0.55591,0.228455,1.81762,0.0625527,0.0625527,0,0.060666,,
19.401,amcl,map,-0.545399,0.159643,1.83295,0.0202942,0.0327998,0.00157487,,,
19.404,pf,map,-0.540213,0.183092,1.81397,0.0291246,0.0286744,0.000596074,4.80817,542.391,1
19.44,odom,map,-0.542987,0.191509,1.80461,0,0,0,,,
19.476,odom,map,-0.548288,0.200627,1.81871,0,0,0,,,
19.512,odom,map,-0.553787,0.209531,1.83324,0,0,0,,,
19.548,odom,map,-0.559431,0.218016,1.84886,0,0,0,,,
19.584,odom,map,-0.565243,0.22617,1.86512,0,0,0,,,
19.62,odom,map,-0.569624,0.235228,1.87908,0,0,0,,,
19.584,ekf_predict_only,map,-0.531397,0.300773,1.87354,6.93667,6.90359,-1.00389,,,
19.584,ekf,map,-0.570166,0.281325,1.86735,0.0677849,0.0676686,1.91665e-05,0.108083,,
19.584,kf,map,-0.570128,0.281049,1.86843,0.0623767,0.0623767,0,0.063583,,
19.584,pf,map,-0.540331,0.24281,1.86622,0.0262418,0.0296507,0.000375879,6.31042,551.534,1
19.656,odom,map,-0.57274,0.244808,1.89181,0,0,0,,,
19.692,odom,map,-0.57589,0.254075,1.90528,0,0,0,,,
19.728,odom,map,-0.579118,0.26316,1.91934,0,0,0,,,
19.764,odom,map,-0.582466,0.272171,1.93362,0,0,0,,,
19.8,odom,map,-0.585865,0.280935,1.94821,0,0,0,,,
19.8,ekf,map,-0.588961,0.337113,1.94769,0.068844,0.0687205,2.38421e-05,0.057125,,
19.8,kf,map,-0.588811,0.336786,1.94877,0.0625527,0.0625527,0,0.061291,,
19.8,ekf_predict_only,map,-0.548096,0.354237,1.96148,7.24966,6.96401,-1.03399,,,
19.8,pf,map,-0.558761,0.327245,1.93983,0.0317366,0.029018,0.000777443,4.47,570.099,1
19.836,odom,map,-0.589295,0.289403,1.96321,0,0,0,,,
19.872,odom,map,-0.592768,0.297616,1.97865,0,0,0,,,
19.908,odom,map,-0.596363,0.305761,1.99414,0,0,0,,,
19.944,odom,map,-0.599984,0.313636,2.00991,0,0,0,,,
19.98,odom,map,-0.603569,0.321113,2.02612,0,0,0,,,
20.016,odom,map,-0.60714,0.328252,2.04306,0,0,0,,,
20.016,ekf_predict_only,map,-0.566271,0.398366,2.06393,7.53727,7.02267,-1.04554,,,
20.016,ekf,map,-0.609729,0.384274,2.04251,0.0690743,0.0689662,2.43924e-05,0.05725,,
20.016,kf,map,-0.609442,0.383868,2.04361,0.0625774,0.0625774,0,0.068542,,
20.001,amcl,map,-0.602637,0.319398,2.04056,0.0242656,0.0342081,0.00223253,,,
20.016,pf,map,-0.579187,0.386085,2.04751,0.02932,0.0296098,0.000173402,7.86292,552.582,1
20.052,odom,map,-0.610818,0.335305,2.06014,0,0,0,,,
20.088,odom,map,-0.614503,0.342083,2.07748,0,0,0,,,
20.124,odom,map,-0.618149,0.34852,2.09511,0,0,0,,,
20.16,odom,map,-0.621701,0.35454,2.11297,0,0,0,,,
20.196,odom,map,-0.625273,0.36035,2.13088,0,0,0,,,
20.196,ekf_predict_only,map,-0.58148,0.426666,2.15524,7.7633,7.0895,-1.04253,,,
20.196,ekf,map,-0.627638,0.416136,2.12913,0.0677524,0.0676782,1.94926e-05,0.053917,,
20.196,kf,map,-0.627304,0.415713,2.12991,0.0623802,0.0623802,0,0.064333,,
20.232,odom,map,-0.628347,0.36384,2.15185,0,0,0,,,
20.196,pf,map,-0.590814,0.407467,2.13058,0.0302518,0.0287589,-0.000752507,8.31421,536.953,1
20.268,odom,map,-0.631313,0.366682,2.17351,0,0,0,,,
20.304,odom,map,-0.63435,0.369327,2.1953,0,0,0,,,
20.34,odom,map,-0.637426,0.371739,2.21723,0,0,0,,,
20.376,odom,map,-0.640362,0.373696,2.23951,0,0,0,,,
20.412,ekf_predict_only,map,-0.599223,0.453488,2.27022,7.98696,7.15246,-1.02963,,,
20.412,kf,map,-0.647725,0.445508,2.24128,0.0625532,0.0625532,0,0.064208,,
20.412,odom,map,-0.643446,0.376181,2.26089,0,0,0,,,
20.412,ekf,map,-0.648137,0.445901,2.24069,0.0687302,0.0686639,2.09426e-05,0.102541,,
20.4,amcl,map,-0.629481,0.380871,2.23126,0.0233295,0.0311091,0.00388683,,,
20.412,pf,map,-0.622229,0.425161,2.23564,0.0308875,0.0282912,0.000859881,5.65054,537.991,1
20.448,odom,map,-0.64683,0.380202,2.28002,0,0,0,,,
20.484,odom,map,-0.650004,0.383831,2.29928,0,0,0,,,
20.52,odom,map,-0.653058,0.387188,2.31869,0,0,0,,,
20.556,odom,map,-0.656131,0.390437,2.33814,0,0,0,,,
20.592,odom,map,-0.659097,0.393454,2.35743,0,0,0,,,
20.628,odom,map,-0.661909,0.396206,2.37673,0,0,0,,,
20.592,ekf_predict_only,map,-0.61155,0.46814,2.36677,8.15626,7.2278,-1.01513,,,
20.592,ekf,map,-0.663394,0.463429,2.33618,0.067672,0.0676289,1.57167e-05,0.060708,,
20.592,kf,map,-0.662982,0.463082,2.33648,0.0623768,0.0623768,0,0.099458,,
20.592,pf,map,-0.650685,0.444876,2.33757,0.0274949,0.0236995,0.0012206,8.69138,569.655,1
20.664,odom,map,-0.664565,0.398708,2.39606,0,0,0,,,
20.7,odom,map,-0.667121,0.401023,2.4154,0,0,0,,,
20.736,odom,map,-0.669571,0.403157,2.43487,0,0,0,,,
20.772,odom,map,-0.671782,0.405009,2.45422,0,0,0,,,
20.808,odom,map,-0.673874,0.407032,2.47301,0,0,0,,,
20.808,ekf_predict_only,map,-0.623239,0.479584,2.48262,8.31127,7.30525,-0.998079,,,
20.808,ekf,map,-0.678023,0.47728,2.45184,0.0687184,0.0686833,1.48927e-05,0.114334,,
20.808,kf,map,-0.677575,0.476965,2.45197,0.0625528,0.0625528,0,0.056417,,
20.802,amcl,map,-0.653053,0.426498,2.42408,0.0211222,0.0288049,0.00542547,,,
20.808,pf,map,-0.663681,0.465383,2.45474,0.0257026,0.0286041,0.000119072,6.27125,554.509,1
20.844,odom,map,-0.675778,0.410029,2.48985,0,0,0,,,
20.88,odom,map,-0.677348,0.412717,2.50659,0,0,0,,,
20.916,odom,map,-0.678575,0.415107,2.52319,0,0,0,,,
20.952,odom,map,-0.679749,0.417419,2.53976,0,0,0,,,
20.988,odom,map,-0.680867,0.419657,2.55626,0,0,0,,,
21.024,odom,map,-0.68188,0.420849,2.57434,0,0,0,,,
20.988,ekf,map,-0.685667,0.483031,2.54678,0.0676746,0.0676533,9.87936e-06,0.063209,,
20.988,kf,map,-0.685265,0.482764,2.54681,0.0623767,0.0623767,0,0.435584,,
20.988,ekf_predict_only,map,-0.628013,0.483281,2.57739,8.42921,7.39627,-0.989973,,,
20.988,pf,map,-0.659617,0.475795,2.5516,0.0263516,0.0306935,-0.00266292,6.11733,550.958,1
21.06,odom,map,-0.682799,0.421423,2.59321,0,0,0,,,
21.096,odom,map,-0.683666,0.421941,2.61205,0,0,0,,,
21.132,odom,map,-0.684344,0.42233,2.63077,0,0,0,,,
21.168,odom,map,-0.684775,0.422567,2.64955,0,0,0,,,
21.204,odom,map,-0.684844,0.422665,2.66805,0,0,0,,,
21.204,ekf,map,-0.68978,0.485608,2.65914,0.0687228,0.0687064,8.09884e-06,0.058209,,
21.204,ekf_predict_only,map,-0.628975,0.48389,2.68872,8.53217,7.49448,-0.988201,,,
21.201,amcl,map,-0.667531,0.422202,2.64926,0.0193395,0.0235378,0.00380561,,,
21.204,kf,map,-0.689345,0.485335,2.65906,0.0625527,0.0625527,0,0.058792,,
21.204,pf,map,-0.668165,0.480421,2.66227,0.0273991,0.0263866,-0.000563686,5.81221,551.223,1
21.24,odom,map,-0.682645,0.422601,2.68479,0,0,0,,,
21.276,odom,map,-0.680264,0.422442,2.7013,0,0,0,,,
21.312,odom,map,-0.67763,0.422161,2.71769,0,0,0,,,
21.348,odom,map,-0.674883,0.421828,2.73405,0,0,0,,,
21.384,odom,map,-0.67201,0.421445,2.75038,0,0,0,,,
21.42,odom,map,-0.670224,0.421072,2.76745,0,0,0,,,
21.384,ekf_predict_only,map,-0.625201,0.482054,2.77783,8.62324,7.60154,-0.995655,,,
21.384,ekf,map,-0.688854,0.485278,2.75014,0.0676773,0.0676676,4.91441e-06,0.057541,,
21.384,kf,map,-0.688473,0.485048,2.74996,0.0623767,0.0623767,0,0.840167,,
21.384,pf,map,-0.668299,0.495197,2.76645,0.0239352,0.0254932,-0.000222317,13.9441,568.221,1
21.456,odom,map,-0.669357,0.420741,2.78497,0,0,0,,,
21.492,odom,map,-0.668468,0.420418,2.80242,0,0,0,,,
21.528,odom,map,-0.667425,0.420061,2.81941,0,0,0,,,
21.564,odom,map,-0.666214,0.419668,2.83626,0,0,0,,,
21.6,odom,map,-0.664825,0.419243,2.85281,0,0,0,,,
21.6,ekf_predict_only,map,-0.616744,0.478834,2.87593,8.70764,7.7177,-1.01307,,,
21.6,kf,map,-0.68257,0.483056,2.85195,0.0625527,0.0625527,0,0.105708,,
21.6,ekf,map,-0.682929,0.483278,2.85239,0.0687249,0.0687177,3.89661e-06,0.056708,,
21.6,pf,map,-0.651914,0.465194,2.85952,0.025036,0.0284477,0.00297907,8.3725,565.174,1
21.636,odom,map,-0.662099,0.421187,2.86516,0,0,0,,,
21.672,odom,map,-0.659328,0.423185,2.87713,0,0,0,,,
21.708,odom,map,-0.656446,0.425144,2.88872,0,0,0,,,
21.744,odom,map,-0.65342,0.427057,2.90001,0,0,0,,,
21.78,odom,map,-0.650349,0.42895,2.91123,0,0,0,,,
21.816,odom,map,-0.64824,0.430051,2.92305,0,0,0,,,
21.816,ekf_predict_only,map,-0.616744,0.478834,2.93338,8.80764,7.8177,-1.01307,,,
21.801,amcl,map,-0.64689,0.419021,2.95179,0.0239056,0.0220631,0.00280434,,,
21.816,kf,map,-0.677491,0.482141,2.93325,0.0625774,0.0625774,0,0.058209,,
21.816,ekf,map,-0.677073,0.482131,2.93582,0.0689667,0.0689619,2.69662e-06,0.102125,,
21.816,pf,map,-0.651005,0.478192,2.95038,0.0254015,0.0290789,-0.00108846,8.15021,562.234,1
21.852,odom,map,-0.648015,0.430002,2.93482,0,0,0,,,
21.888,odom,map,-0.648015,0.430002,2.944,0,0,0,,,
21.924,odom,map,-0.648015,0.430002,2.95059,0,0,0,,,
21.96,odom,map,-0.648015,0.430002,2.95458,0,0,0,,,
21.996,odom,map,-0.648015,0.430002,2.95599,0,0,0,,,
21.996,ekf_predict_only,map,-0.616744,0.478834,2.93338,8.90764,7.9177,-1.01307,,,
21.996,ekf,map,-0.675141,0.481743,2.96603,0.0676763,0.0676736,1.55071e-06,0.060708,,
21.996,kf,map,-0.675454,0.481773,2.9627,0.0623802,0.0623802,0,0.060917,,
22.032,odom,map,-0.648404,0.427967,2.95848,0,0,0,,,
21.996,pf,map,-0.650528,0.493832,2.99034,0.0272606,0.0247975,0.000805755,5.87704,551.136,1
22.068,odom,map,-0.648851,0.42567,2.96129,0,0,0,,,
22.104,odom,map,-0.649309,0.423366,2.96409,0,0,0,,,
22.14,odom,map,-0.649777,0.421055,2.9669,0,0,0,,,
22.176,odom,map,-0.650256,0.418736,2.96971,0,0,0,,,
22.212,kf,map,-0.674686,0.481634,2.9738,0.0625532,0.0625532,0,0.117958,,
22.212,odom,map,-0.650594,0.417121,2.97166,0,0,0,,,
22.212,ekf_predict_only,map,-0.616744,0.478834,2.93338,9.00764,8.0177,-1.01307,,,
22.212,ekf,map,-0.674512,0.481611,2.97593,0.0686594,0.0686574,1.17159e-06,0.063416,,
22.212,pf,map,-0.637411,0.483632,2.98603,0.0308178,0.0276688,-0.00187421,6.38229,566.757,1
22.248,odom,map,-0.650594,0.417121,2.97166,0,0,0,,,
22.284,odom,map,-0.650594,0.417121,2.97166,0,0,0,,,
22.32,odom,map,-0.650594,0.417121,2.97166,0,0,0,,,
22.356,odom,map,-0.650594,0.417121,2.97166,0,0,0,,,
22.392,odom,map,-0.650843,0.417163,2.97166,0,0,0,,,
22.392,ekf_predict_only,map,-0.623883,0.480342,2.92893,9.11495,8.10404,-0.997232,,,
22.392,ekf,map,-0.676818,0.481982,2.97755,0.0676242,0.0676232,7.07638e-07,0.059875,,
22.428,odom,map,-0.651987,0.41736,2.97111,0,0,0,,,
22.392,kf,map,-0.677261,0.482065,2.97628,0.0623768,0.0623768,0,0.123917,,
22.392,pf,map,-0.669545,0.465595,2.99306,0.0277918,0.0289318,0.000279001,7.77562,529.277,1
22.464,odom,map,-0.653425,0.417608,2.97022,0,0,0,,,
22.5,odom,map,-0.655049,0.41789,2.96898,0,0,0,,,
22.536,odom,map,-0.657816,0.418376,2.96668,0,0,0,,,
22.572,odom,map,-0.661489,0.41903,2.96422,0,0,0,,,
22.608,odom,map,-0.665444,0.419842,2.96255,0,0,0,,,
22.608,ekf_predict_only,map,-0.650281,0.486042,2.91447,9.24267,8.15655,-0.938151,,,
22.608,kf,map,-0.694758,0.484987,2.9673,0.0625528,0.0625528,0,0.061209,,
22.608,ekf,map,-0.693728,0.484783,2.96824,0.0686778,0.0686792,9.12182e-07,0.081334,,
22.608,pf,map,-0.661374,0.459526,2.98401,0.0263493,0.030042,0.0013696,4.53479,564.152,1
22.644,odom,map,-0.669044,0.420919,2.96355,0,0,0,,,
22.68,odom,map,-0.67303,0.422031,2.9646,0,0,0,,,
22.716,odom,map,-0.677672,0.423222,2.96548,0,0,0,,,
22.752,odom,map,-0.682842,0.424469,2.96604,0,0,0,,,
22.788,odom,map,-0.688193,0.425709,2.96646,0,0,0,,,
22.788,kf,map,-0.720457,0.489602,2.95504,0.0623767,0.0623767,0,0.108958,,
22.824,odom,map,-0.694291,0.426888,2.96453,0,0,0,,,
22.788,ekf_predict_only,map,-0.683026,0.49361,2.89822,9.37983,8.20431,-0.863791,,,
22.788,ekf,map,-0.719503,0.489404,2.95568,0.0676493,0.0676558,1.52565e-06,0.143584,,
22.788,pf,map,-0.698244,0.474306,2.96187,0.0325278,0.0279782,0.00198282,8.76812,560.468,1
22.86,odom,map,-0.701121,0.428122,2.96116,0,0,0,,,
22.896,odom,map,-0.708056,0.4294,2.95774,0,0,0,,,
22.932,odom,map,-0.715152,0.430732,2.95414,0,0,0,,,
22.968,odom,map,-0.722535,0.432147,2.95052,0,0,0,,,
23.004,odom,map,-0.730167,0.433637,2.94706,0,0,0,,,
23.004,ekf_predict_only,map,-0.728961,0.505015,2.87784,9.5366,8.24369,-0.757013,,,
23.004,ekf,map,-0.760615,0.497477,2.93634,0.0687034,0.0687222,3.75903e-06,0.058334,,
23.004,kf,map,-0.761452,0.49763,2.93601,0.0625527,0.0625527,0,0.060417,,
23.004,pf,map,-0.751665,0.495287,2.95114,0.0287014,0.0303612,0.00109309,5.18637,559.879,1
23.04,odom,map,-0.738075,0.435209,2.94371,0,0,0,,,
23.076,odom,map,-0.746095,0.436831,2.94038,0,0,0,,,
23.112,odom,map,-0.754251,0.438508,2.93717,0,0,0,,,
23.148,odom,map,-0.762601,0.440253,2.93417,0,0,0,,,
23.184,odom,map,-0.771265,0.442089,2.9313,0,0,0,,,
23.184,ekf_predict_only,map,-0.771952,0.516625,2.86355,9.69532,8.3005,-0.654114,,,
23.184,ekf,map,-0.800793,0.506221,2.92138,0.0676663,0.0676925,5.27518e-06,0.061083,,
23.184,kf,map,-0.801375,0.506305,2.9213,0.0623767,0.0623767,0,0.113042,,
23.22,odom,map,-0.779972,0.443961,2.92844,0,0,0,,,
23.184,pf,map,-0.774857,0.493684,2.92049,0.0319085,0.028975,0.000852754,5.76267,555.63,1
23.256,odom,map,-0.788886,0.445902,2.92591,0,0,0,,,
23.292,odom,map,-0.798067,0.447925,2.92368,0,0,0,,,
23.328,odom,map,-0.807437,0.45001,2.92172,0,0,0,,,
23.364,odom,map,-0.816853,0.452123,2.91985,0,0,0,,,
23.4,odom,map,-0.826402,0.454283,2.91866,0,0,0,,,
23.4,kf,map,-0.856535,0.519085,2.91274,0.0625527,0.0625527,0,0.075292,,
23.4,ekf_predict_only,map,-0.8302,0.533251,2.86222,9.88111,8.3632,-0.509156,,,
23.4,ekf,map,-0.855947,0.51909,2.91205,0.0687176,0.0687642,9.87439e-06,0.0605,,
23.4,pf,map,-0.831281,0.508925,2.90956,0.0322043,0.0282902,-0.00181968,4.59304,550.351,1
23.436,odom,map,-0.836172,0.456501,2.9183,0,0,0,,,
23.472,odom,map,-0.846151,0.458767,2.91825,0,0,0,,,
23.508,odom,map,-0.856213,0.461052,2.91828,0,0,0,,,
23.544,odom,map,-0.866412,0.463367,2.91879,0,0,0,,,
23.58,odom,map,-0.876834,0.465722,2.92001,0,0,0,,,
23.616,ekf_predict_only,map,-0.893271,0.551344,2.87321,10.0768,8.45071,-0.344229,,,
23.616,ekf,map,-0.916541,0.53358,2.91506,0.0689634,0.0690262,1.4041e-05,0.0535,,
23.616,kf,map,-0.917088,0.533526,2.91606,0.0625774,0.0625774,0,0.059083,,
23.616,odom,map,-0.887459,0.468107,2.92172,0,0,0,,,
23.616,pf,map,-0.88554,0.535822,2.91419,0.0274494,0.028151,0.000224429,5.95433,549.7,1
23.652,odom,map,-0.898134,0.470482,2.92355,0,0,0,,,
23.688,odom,map,-0.908854,0.472846,2.92569,0,0,0,,,
23.724,odom,map,-0.919677,0.475205,2.92826,0,0,0,,,
23.76,odom,map,-0.930473,0.477528,2.93124,0,0,0,,,
23.796,odom,map,-0.941254,0.479812,2.93431,0,0,0,,,
23.832,odom,map,-0.952112,0.482077,2.93775,0,0,0,,,
23.796,ekf_predict_only,map,-0.946861,0.566082,2.89131,10.2565,8.56319,-0.197612,,,
23.796,ekf,map,-0.96937,0.545754,2.927,0.0676759,0.0677393,1.46462e-05,0.121667,,
23.796,kf,map,-0.969697,0.545682,2.92786,0.0623802,0.0623802,0,0.053375,,
23.802,amcl,map,-0.923135,0.474409,2.93296,0.0315778,0.0359812,0.00766212,,,
23.796,pf,map,-0.943632,0.541021,2.92211,0.0291323,0.0269873,0.00236214,6.3935,536.282,1
23.868,odom,map,-0.962947,0.484296,2.94155,0,0,0,,,
23.904,odom,map,-0.973706,0.486455,2.94551,0,0,0,,,
23.94,odom,map,-0.984442,0.488565,2.94949,0,0,0,,,
23.976,odom,map,-0.995215,0.490638,2.95356,0,0,0,,,
24.012,odom,map,-1.00598,0.492663,2.95796,0,0,0,,,
24.012,kf,map,-1.03356,0.559251,2.95031,0.0625532,0.0625532,0,0.064709,,
24.012,ekf,map,-1.03341,0.5593,2.94962,0.0686612,0.0687483,2.035e-05,0.151625,,
24.012,ekf_predict_only,map,-1.01052,0.582358,2.9181,10.4464,8.70598,-0.0163017,,,
24.012,pf,map,-1.00736,0.552618,2.94388,0.0275059,0.0261947,0.00175914,6.46321,572.548,1
24.048,odom,map,-1.01691,0.494667,2.96244,0,0,0,,,
24.084,odom,map,-1.02776,0.496607,2.96687,0,0,0,,,
24.12,odom,map,-1.03859,0.498493,2.97129,0,0,0,,,
24.156,odom,map,-1.04937,0.500323,2.97579,0,0,0,,,
24.192,odom,map,-1.06008,0.502091,2.98018,0,0,0,,,
24.192,ekf,map,-1.08702,0.569208,2.97042,0.0676267,0.0677078,1.86046e-05,0.13925,,
24.192,kf,map,-1.08703,0.569196,2.97075,0.0623768,0.0623768,0,0.070792,,
24.228,odom,map,-1.07074,0.503803,2.98453,0,0,0,,,
24.192,ekf_predict_only,map,-1.0631,0.594307,2.93991,10.6137,8.8645,0.13837,,,
24.192,pf,map,-1.06067,0.560801,2.97612,0.0297848,0.027988,0.0009215,6.49242,542.598,1
24.264,odom,map,-1.08139,0.505466,2.9889,0,0,0,,,
24.3,odom,map,-1.09194,0.507066,2.99308,0,0,0,,,
24.336,odom,map,-1.10225,0.508588,2.99699,0,0,0,,,
24.372,odom,map,-1.11265,0.510081,3.0012,0,0,0,,,
24.408,odom,map,-1.12314,0.51154,3.00561,0,0,0,,,
24.408,ekf_predict_only,map,-1.12438,0.606836,2.96624,10.7854,9.05954,0.323497,,,
24.408,kf,map,-1.14969,0.579377,2.99601,0.0625528,0.0625528,0,0.065208,,
24.408,ekf,map,-1.14979,0.579352,2.9958,0.0686812,0.068782,2.20795e-05,0.05725,,
24.408,pf,map,-1.11061,0.569962,2.98583,0.0277956,0.0254251,-0.0022693,5.26533,546.514,1
24.444,odom,map,-1.13353,0.512938,3.01,0,0,0,,,
24.48,odom,map,-1.14384,0.51428,3.01445,0,0,0,,,
24.516,odom,map,-1.15408,0.515565,3.01896,0,0,0,,,
24.552,odom,map,-1.16424,0.516794,3.02349,0,0,0,,,
24.588,odom,map,-1.17427,0.517961,3.02786,0,0,0,,,
24.588,ekf_predict_only,map,-1.17199,0.615271,2.98524,10.9344,9.25356,0.470054,,,
24.588,ekf,map,-1.20016,0.586138,3.0167,0.067652,0.0677387,1.78903e-05,0.059542,,
24.588,kf,map,-1.19992,0.586179,3.01663,0.0623767,0.0623767,0,0.054041,,
24.624,odom,map,-1.18163,0.518436,3.03152,0,0,0,,,
24.588,pf,map,-1.18135,0.577076,3.02181,0.0295504,0.0263114,0.00131318,5.32179,541.9,1
24.66,odom,map,-1.18752,0.518518,3.03468,0,0,0,,,
24.696,odom,map,-1.19336,0.518567,3.03772,0,0,0,,,
24.732,odom,map,-1.199,0.518571,3.04061,0,0,0,,,
24.768,odom,map,-1.20444,0.518531,3.0434,0,0,0,,,
24.804,odom,map,-1.2099,0.518504,3.04602,0,0,0,,,
24.804,ekf_predict_only,map,-1.22431,0.62352,3.00226,11.0828,9.47753,0.633473,,,
24.804,kf,map,-1.25527,0.592539,3.03618,0.0625527,0.0625527,0,0.156375,,
24.801,amcl,map,-1.20844,0.524275,3.03744,0.033214,0.0490715,0.0108921,,,
24.804,ekf,map,-1.25563,0.592475,3.03646,0.0687057,0.0688042,1.86809e-05,0.057791,,
24.804,pf,map,-1.22915,0.58146,3.04183,0.0318507,0.0262246,-0.000730846,4.66733,555.19,1
24.84,odom,map,-1.21869,0.519334,3.04886,0,0,0,,,
24.876,odom,map,-1.22733,0.520126,3.05148,0,0,0,,,
24.912,odom,map,-1.23572,0.520875,3.05363,0,0,0,,,
24.948,odom,map,-1.24411,0.521606,3.05572,0,0,0,,,
24.984,odom,map,-1.25222,0.522296,3.05759,0,0,0,,,
25.02,odom,map,-1.26018,0.52296,3.05917,0,0,0,,,
24.984,ekf,map,-1.29789,0.59654,3.04742,0.0676675,0.0677462,1.37744e-05,0.113625,,
24.984,ekf_predict_only,map,-1.26357,0.629026,3.00938,11.2154,9.6849,0.757359,,,
24.984,kf,map,-1.29753,0.596602,3.04702,0.0623767,0.0623767,0,0.125625,,
24.984,pf,map,-1.27115,0.592065,3.06682,0.0270142,0.0267521,-0.00217487,16.4693,549.421,1
25.056,odom,map,-1.26801,0.523601,3.06047,0,0,0,,,
25.092,odom,map,-1.27578,0.524228,3.06169,0,0,0,,,
25.128,odom,map,-1.28346,0.524839,3.06265,0,0,0,,,
25.164,odom,map,-1.2909,0.525425,3.06322,0,0,0,,,
25.2,odom,map,-1.29811,0.525991,3.06338,0,0,0,,,
25.2,ekf_predict_only,map,-1.30617,0.63469,3.00921,11.3493,9.91549,0.893245,,,
25.2,ekf,map,-1.34371,0.600564,3.05261,0.0687176,0.0688006,1.31621e-05,0.059833,,
25.2,kf,map,-1.3433,0.600631,3.05198,0.0625527,0.0625527,0,0.055542,,
25.2,pf,map,-1.29669,0.569279,3.06528,0.0272029,0.0284004,-0.00234157,5.18667,550.311,1
25.236,odom,map,-1.30525,0.52655,3.06335,0,0,0,,,
25.272,odom,map,-1.31219,0.527096,3.06304,0,0,0,,,
25.308,odom,map,-1.3189,0.527625,3.06235,0,0,0,,,
25.344,odom,map,-1.32554,0.528156,3.06117,0,0,0,,,
25.38,odom,map,-1.3322,0.528697,3.05992,0,0,0,,,
25.416,odom,map,-1.339,0.529258,3.0587,0,0,0,,,
25.416,ekf_predict_only,map,-1.34683,0.640105,3.00189,11.4819,10.154,1.02483,,,
25.416,ekf,map,-1.38553,0.604194,3.0488,0.0689619,0.0690368,1.0813e-05,0.065667,,
25.416,kf,map,-1.38528,0.604252,3.04823,0.0625774,0.0625774,0,0.058583,,
25.416,pf,map,-1.35651,0.58234,3.05679,0.0238328,0.0255629,0.000891101,8.16263,558.021,1
25.452,odom,map,-1.34597,0.529842,3.05729,0,0,0,,,
25.488,odom,map,-1.35261,0.530409,3.05512,0,0,0,,,
25.524,odom,map,-1.35874,0.530949,3.05235,0,0,0,,,
25.56,odom,map,-1.36498,0.531516,3.04945,0,0,0,,,
25.596,odom,map,-1.3709,0.532073,3.04588,0,0,0,,,
25.632,odom,map,-1.37615,0.533759,3.04019,0,0,0,,,
25.596,ekf_predict_only,map,-1.37255,0.643721,2.97826,11.6038,10.3487,1.10933,,,
25.596,ekf,map,-1.41575,0.607033,3.03355,0.0676737,0.0677274,7.22398e-06,0.05375,,
25.596,kf,map,-1.41531,0.607065,3.03268,0.0623802,0.0623802,0,0.065084,,
25.596,pf,map,-1.39662,0.596509,3.05665,0.0229967,0.0253404,0.000280608,13.6294,570.428,1
25.668,odom,map,-1.38116,0.535604,3.03397,0,0,0,,,
25.704,odom,map,-1.38591,0.537457,3.02734,0,0,0,,,
25.74,odom,map,-1.39067,0.539351,3.02036,0,0,0,,,
25.776,odom,map,-1.39532,0.541272,3.01294,0,0,0,,,
25.812,odom,map,-1.39987,0.542809,3.00577,0,0,0,,,
25.812,ekf_predict_only,map,-1.40034,0.648302,2.94141,11.7317,10.5573,1.20291,,,
25.812,kf,map,-1.44602,0.610578,3.00205,0.0625532,0.0625532,0,0.110417,,
25.812,ekf,map,-1.44643,0.610575,3.00293,0.0686575,0.0687093,6.55266e-06,0.061667,,
25.812,pf,map,-1.43287,0.586035,3.01491,0.0281469,0.0258955,-0.00341882,4.61421,579.194,1
25.848,odom,map,-1.40433,0.543433,2.99921,0,0,0,,,
25.884,odom,map,-1.40853,0.54405,2.99213,0,0,0,,,
25.92,odom,map,-1.41262,0.544681,2.98485,0,0,0,,,
25.956,odom,map,-1.41665,0.545333,2.97732,0,0,0,,,
25.992,odom,map,-1.42057,0.546,2.96932,0,0,0,,,
26.028,odom,map,-1.42447,0.546693,2.96097,0,0,0,,,
25.992,kf,map,-1.4673,0.61377,2.96571,0.0623768,0.0623768,0,0.065125,,
25.992,ekf,map,-1.46758,0.613779,2.96649,0.0676232,0.0676599,4.55131e-06,0.053125,,
25.992,ekf_predict_only,map,-1.41969,0.652228,2.89905,11.8557,10.7367,1.27024,,,
25.992,pf,map,-1.44443,0.615843,2.9549,0.0259505,0.0284641,-0.00139567,5.0075,555.293,1
26.064,odom,map,-1.42835,0.547419,2.9525,0,0,0,,,
26.1,odom,map,-1.43216,0.548166,2.94368,0,0,0,,,
26.136,odom,map,-1.43592,0.548939,2.93415,0,0,0,,,
26.172,odom,map,-1.43963,0.549739,2.92434,0,0,0,,,
26.208,odom,map,-1.44332,0.550573,2.91447,0,0,0,,,
26.208,ekf_predict_only,map,-1.44241,0.657849,2.83412,11.9904,10.9341,1.35234,,,
26.208,ekf,map,-1.49095,0.618342,2.91043,0.0686771,0.0687116,4.38156e-06,0.185375,,
26.208,kf,map,-1.49081,0.618332,2.90935,0.0625528,0.0625528,0,0.058459,,
26.208,pf,map,-1.48228,0.62603,2.89597,0.0255613,0.0296616,0.00101777,5.21154,543.82,1
26.244,odom,map,-1.4471,0.551466,2.90394,0,0,0,,,
26.28,odom,map,-1.4509,0.552409,2.89286,0,0,0,,,
26.316,odom,map,-1.45468,0.553392,2.88155,0,0,0,,,
26.352,odom,map,-1.45844,0.554415,2.87019,0,0,0,,,
26.388,odom,map,-1.46236,0.55553,2.85888,0,0,0,,,
26.424,odom,map,-1.46647,0.556751,2.84751,0,0,0,,,
26.388,ekf,map,-1.51087,0.623497,2.85712,0.0676489,0.0676739,3.45712e-06,0.06325,,
26.388,ekf_predict_only,map,-1.46341,0.664516,2.77711,12.1318,11.1281,1.43256,,,
26.388,kf,map,-1.51093,0.623506,2.85642,0.0623767,0.0623767,0,0.064375,,
26.4,amcl,map,-1.45381,0.572475,2.82435,0.0416358,0.071643,0.0206185,,,
26.388,pf,map,-1.49704,0.623286,2.85898,0.025769,0.0281302,0.00272137,14.0647,562.539,1
26.46,odom,map,-1.47071,0.558061,2.83615,0,0,0,,,
26.496,odom,map,-1.47496,0.559426,2.82481,0,0,0,,,
26.532,odom,map,-1.47923,0.560853,2.81335,0,0,0,,,
26.568,odom,map,-1.48351,0.562339,2.80184,0,0,0,,,
26.604,odom,map,-1.48778,0.563876,2.79034,0,0,0,,,
26.604,ekf_predict_only,map,-1.48964,0.674524,2.70473,12.2948,11.351,1.53855,,,
26.604,kf,map,-1.53642,0.631723,2.78799,0.0625527,0.0625527,0,0.202458,,
26.604,ekf,map,-1.53627,0.63173,2.78859,0.068703,0.0687284,4.24689e-06,0.054667,,
26.604,pf,map,-1.51065,0.610285,2.7999,0.0296641,0.0305941,-0.000659016,6.55667,583.853,1
26.64,odom,map,-1.49215,0.565508,2.77837,0,0,0,,,
26.676,odom,map,-1.49663,0.567241,2.76607,0,0,0,,,
26.712,odom,map,-1.50116,0.569059,2.7535,0,0,0,,,
26.748,odom,map,-1.50571,0.570955,2.74063,0,0,0,,,
26.784,odom,map,-1.51025,0.572912,2.72773,0,0,0,,,
26.784,ekf_predict_only,map,-1.51267,0.685279,2.63939,12.4635,11.5639,1.63846,,,
26.784,ekf,map,-1.5587,0.640798,2.72629,0.067666,0.0676861,4.1989e-06,0.059208,,
26.784,kf,map,-1.55886,0.64079,2.72583,0.0623767,0.0623767,0,0.057125,,
26.82,odom,map,-1.51487,0.574981,2.71468,0,0,0,,,
26.784,pf,map,-1.51849,0.641119,2.72063,0.0296871,0.0262027,-0.00175203,5.60829,566.905,1
26.856,odom,map,-1.51949,0.577115,2.70161,0,0,0,,,
26.892,odom,map,-1.52411,0.579329,2.68833,0,0,0,,,
26.928,odom,map,-1.52874,0.581624,2.67482,0,0,0,,,
26.964,odom,map,-1.53332,0.583973,2.66084,0,0,0,,,
27,odom,map,-1.53798,0.586443,2.64652,0,0,0,,,
27,ekf_predict_only,map,-1.54052,0.700575,2.55312,12.663,11.8068,1.76828,,,
27,kf,map,-1.58657,0.65416,2.64392,0.0625527,0.0625527,0,0.063083,,
27,ekf,map,-1.58639,0.65419,2.64449,0.0687173,0.0687395,6.19986e-06,0.057958,,
27,amcl,map,-1.51831,0.605806,2.61583,0.0377225,0.0789507,0.0215965,,,
27,pf,map,-1.55397,0.631284,2.65621,0.031419,0.0316796,0.0011552,12.3748,529.581,1
27.036,odom,map,-1.54262,0.588992,2.63214,0,0,0,,,
27.072,odom,map,-1.54719,0.591587,2.61771,0,0,0,,,
27.108,odom,map,-1.55169,0.594231,2.60295,0,0,0,,,
27.144,odom,map,-1.55622,0.596986,2.58772,0,0,0,,,
27.18,odom,map,-1.56074,0.599832,2.57238,0,0,0,,,
27.216,odom,map,-1.56441,0.60418,2.55465,0,0,0,,,
27.216,ekf_predict_only,map,-1.56731,0.718453,2.45863,12.8819,12.051,1.9055,,,
27.216,ekf,map,-1.61354,0.670385,2.55471,0.0689631,0.0689844,7.74162e-06,0.064292,,
27.216,kf,map,-1.6137,0.670322,2.55406,0.0625774,0.0625774,0,0.123,,
27.216,pf,map,-1.58419,0.674108,2.56585,0.0266893,0.0313269,-9.79997e-05,5.26013,548.272,1
27.252,odom,map,-1.56675,0.610857,2.53285,0,0,0,,,
27.288,odom,map,-1.56905,0.617644,2.51084,0,0,0,,,
27.324,odom,map,-1.57131,0.624541,2.48868,0,0,0,,,
27.36,odom,map,-1.57348,0.631515,2.4665,0,0,0,,,
27.396,odom,map,-1.57564,0.638625,2.44409,0,0,0,,,
27.396,ekf_predict_only,map,-1.58993,0.736857,2.37455,13.1075,12.2778,2.03425,,,
27.396,ekf,map,-1.63597,0.686672,2.47306,0.0676762,0.0676926,7.86451e-06,0.062583,,
27.396,kf,map,-1.63617,0.686653,2.47263,0.0623802,0.0623802,0,0.053209,,
27.432,odom,map,-1.57977,0.642756,2.42663,0,0,0,,,
27.396,pf,map,-1.62474,0.691824,2.47693,0.0256114,0.0297269,0.00144746,6.81979,556.573,1
27.468,odom,map,-1.58414,0.646616,2.40982,0,0,0,,,
27.504,odom,map,-1.58868,0.650763,2.39298,0,0,0,,,
27.54,odom,map,-1.59339,0.65521,2.376,0,0,0,,,
27.576,odom,map,-1.5982,0.659918,2.35891,0,0,0,,,
27.612,odom,map,-1.60301,0.664782,2.34178,0,0,0,,,
27.612,ekf_predict_only,map,-1.61948,0.765336,2.27177,13.4079,12.5507,2.22152,,,
27.612,ekf,map,-1.66495,0.711786,2.37182,0.0686637,0.068681,1.22088e-05,0.055958,,
27.612,kf,map,-1.6653,0.711819,2.37153,0.0625532,0.0625532,0,0.056209,,
27.6,amcl,map,-1.58252,0.680445,2.33248,0.0390649,0.0800755,0.0228094,,,
27.612,pf,map,-1.64538,0.709658,2.37583,0.0276679,0.0230094,-0.00155157,5.46942,540.846,1
27.648,odom,map,-1.60778,0.669773,2.32448,0,0,0,,,
27.684,odom,map,-1.61266,0.675074,2.3071,0,0,0,,,
27.72,odom,map,-1.61753,0.680538,2.28972,0,0,0,,,
27.756,odom,map,-1.62237,0.686169,2.27248,0,0,0,,,
27.792,odom,map,-1.6272,0.691988,2.25489,0,0,0,,,
27.792,kf,map,-1.69025,0.738385,2.28466,0.0623768,0.0623768,0,0.067167,,
27.828,odom,map,-1.63087,0.698078,2.23718,0,0,0,,,
27.792,ekf_predict_only,map,-1.64453,0.795017,2.18327,13.725,12.8036,2.40372,,,
27.792,ekf,map,-1.6899,0.738324,2.28489,0.0676321,0.0676448,1.3555e-05,0.055208,,
27.792,pf,map,-1.65347,0.710911,2.29367,0.0304561,0.0343023,0.00157274,7.55321,550.496,1
27.864,odom,map,-1.63402,0.704327,2.21949,0,0,0,,,
27.9,odom,map,-1.63713,0.710744,2.20172,0,0,0,,,
27.936,odom,map,-1.64019,0.71734,2.18391,0,0,0,,,
27.972,odom,map,-1.6432,0.724101,2.16605,0,0,0,,,
28.008,ekf_predict_only,map,-1.67256,0.834923,2.07591,14.1299,13.0819,2.63772,,,
28.008,ekf,map,-1.71899,0.775487,2.17844,0.0686939,0.068704,2.07154e-05,0.122,,
28.008,kf,map,-1.71937,0.775488,2.17828,0.0625528,0.0625528,0,0.102833,,
28.008,odom,map,-1.64646,0.73095,2.14817,0,0,0,,,
28.008,pf,map,-1.67354,0.758269,2.17436,0.0288382,0.0314517,-0.00099824,7.27708,550.351,1
28.044,odom,map,-1.65092,0.737933,2.13028,0,0,0,,,
28.08,odom,map,-1.6553,0.745068,2.11256,0,0,0,,,
28.116,odom,map,-1.65961,0.752383,2.09495,0,0,0,,,
28.152,odom,map,-1.66388,0.759924,2.07746,0,0,0,,,
28.188,odom,map,-1.66803,0.767559,2.05999,0,0,0,,,
28.188,ekf_predict_only,map,-1.69371,0.87316,1.9886,14.5365,13.3213,2.84854,,,
28.188,ekf,map,-1.74152,0.811498,2.09082,0.0676694,0.0676722,2.10908e-05,0.1245,,
28.188,kf,map,-1.74185,0.811487,2.09079,0.0623767,0.0623767,0,0.057125,,
28.224,odom,map,-1.67207,0.775305,2.04252,0,0,0,,,
28.2,amcl,map,-1.6549,0.777486,2.05531,0.0396914,0.0759443,0.0240846,,,
28.188,pf,map,-1.72146,0.819543,2.09916,0.0289843,0.0280896,9.87259e-05,9.45763,542.129,1
28.26,odom,map,-1.67597,0.783117,2.02527,0,0,0,,,
28.296,odom,map,-1.67974,0.790993,2.00814,0,0,0,,,
28.332,odom,map,-1.68343,0.799063,1.99111,0,0,0,,,
28.368,odom,map,-1.68695,0.807128,1.97387,0,0,0,,,
28.404,odom,map,-1.69027,0.815596,1.95687,0,0,0,,,
28.404,ekf_predict_only,map,-1.71591,0.923165,1.88985,15.0588,13.5723,3.11238,,,
28.404,kf,map,-1.766,0.858803,1.98935,0.0625527,0.0625527,0,0.056666,,
28.404,ekf,map,-1.76558,0.858805,1.98908,0.0687365,0.0687293,2.8773e-05,0.056292,,
28.404,pf,map,-1.74824,0.849678,2.00222,0.0319358,0.0285632,0.00297018,6.16362,551.848,1
28.44,odom,map,-1.69135,0.82741,1.93768,0,0,0,,,
28.476,odom,map,-1.69229,0.839401,1.91861,0,0,0,,,
28.512,odom,map,-1.69312,0.851663,1.89973,0,0,0,,,
28.548,odom,map,-1.69378,0.864077,1.88099,0,0,0,,,
28.584,odom,map,-1.69426,0.876546,1.86231,0,0,0,,,
28.62,odom,map,-1.69592,0.887378,1.84532,0,0,0,,,
28.584,ekf,map,-1.78275,0.902867,1.90808,0.0677029,0.0676866,2.67618e-05,0.059875,,
28.584,kf,map,-1.78315,0.90293,1.9084,0.0623767,0.0623767,0,0.137708,,
28.584,ekf_predict_only,map,-1.73137,0.96996,1.81146,15.5761,13.7804,3.34482,,,
28.584,pf,map,-1.76672,0.903773,1.91567,0.0335936,0.0278646,-0.0017632,5.43042,543.403,1
28.656,odom,map,-1.69854,0.896976,1.8298,0,0,0,,,
28.692,odom,map,-1.70102,0.906621,1.81429,0,0,0,,,
28.728,odom,map,-1.70338,0.916437,1.79902,0,0,0,,,
28.764,odom,map,-1.70562,0.926444,1.78403,0,0,0,,,
28.8,odom,map,-1.70773,0.93656,1.76938,0,0,0,,,
28.8,ekf,map,-1.80003,0.960597,1.81688,0.0687733,0.0687378,3.32749e-05,0.059375,,
28.8,ekf_predict_only,map,-1.74616,1.03023,1.72415,16.2455,13.9859,3.62976,,,
28.8,kf,map,-1.80052,0.960678,1.81736,0.0625527,0.0625527,0,0.0545,,
28.8,amcl,map,-1.71596,0.925438,1.79721,0.0388068,0.0725019,0.0292573,,,
28.8,pf,map,-1.76302,0.934739,1.8126,0.0366691,0.0315914,0.00132675,4.48942,535.473,1
28.836,odom,map,-1.7097,0.946713,1.75483,0,0,0,,,
28.872,odom,map,-1.71152,0.956924,1.74045,0,0,0,,,
28.908,odom,map,-1.7132,0.967123,1.7264,0,0,0,,,
28.944,odom,map,-1.71471,0.977218,1.71279,0,0,0,,,
28.98,odom,map,-1.71609,0.987322,1.69923,0,0,0,,,
29.016,ekf,map,-1.81211,1.02017,1.7339,0.0690304,0.0689792,3.31794e-05,0.106209,,
29.016,kf,map,-1.81259,1.02012,1.73452,0.0625774,0.0625774,0,0.057417,,
29.016,odom,map,-1.71736,0.996565,1.6872,0,0,0,,,
29.016,ekf_predict_only,map,-1.75542,1.09014,1.64582,16.9476,14.1531,3.89371,,,
29.016,pf,map,-1.79442,1.02133,1.74012,0.0313304,0.0282276,0.00269367,5.94208,533.594,1
29.052,odom,map,-1.71861,1.00455,1.67733,0,0,0,,,
29.088,odom,map,-1.71979,1.01254,1.66752,0,0,0,,,
29.124,odom,map,-1.7209,1.02038,1.65793,0,0,0,,,
29.16,odom,map,-1.72193,1.02808,1.64878,0,0,0,,,
29.196,odom,map,-1.7229,1.03572,1.63994,0,0,0,,,
29.196,ekf_predict_only,map,-1.75908,1.13894,1.58707,17.5647,14.28,4.0918,,,
29.232,odom,map,-1.72356,1.04525,1.62851,0,0,0,,,
29.196,ekf,map,-1.81823,1.06949,1.67154,0.0677376,0.0676852,2.52767e-05,0.111042,,
29.196,kf,map,-1.8186,1.06938,1.67206,0.0623802,0.0623802,0,0.735833,,
29.196,pf,map,-1.79378,1.04949,1.68144,0.0294892,0.0293383,0.000230434,4.58396,540.891,1
29.268,odom,map,-1.72406,1.05497,1.61694,0,0,0,,,
29.304,odom,map,-1.72445,1.06458,1.60586,0,0,0,,,
29.34,odom,map,-1.72473,1.07411,1.59494,0,0,0,,,
29.376,odom,map,-1.72491,1.08361,1.58403,0,0,0,,,
29.412,kf,map,-1.82134,1.11667,1.61759,0.0625532,0.0625532,0,0.058541,,
29.412,odom,map,-1.72498,1.0927,1.57392,0,0,0,,,
29.412,ekf,map,-1.82101,1.11843,1.61512,0.0687291,0.0686672,2.38095e-05,0.089292,,
29.412,ekf_predict_only,map,-1.75957,1.16894,1.55616,17.9946,14.3836,4.20465,,,
29.412,pf,map,-1.79782,1.0934,1.59711,0.0241399,0.0244342,-0.00143129,8.31683,547.384,1
29.4,amcl,map,-1.73296,1.10053,1.59768,0.0477799,0.0759599,0.0418847,,,
29.448,odom,map,-1.72498,1.10053,1.56636,0,0,0,,,
29.484,odom,map,-1.72493,1.10706,1.56139,0,0,0,,,
29.52,odom,map,-1.72488,1.1123,1.55901,0,0,0,,,
29.556,odom,map,-1.72483,1.11623,1.55878,0,0,0,,,
29.592,odom,map,-1.7248,1.11888,1.55878,0,0,0,,,
29.592,ekf_predict_only,map,-1.75957,1.16894,1.55616,18.0946,14.4836,4.20465,,,
29.592,ekf,map,-1.82147,1.142,1.59701,0.0676725,0.0676291,1.53813e-05,0.063417,,
29.592,kf,map,-1.82159,1.13951,1.59935,0.0623768,0.0623768,0,0.053834,,
29.628,odom,map,-1.7262,1.12024,1.56031,0,0,0,,,
29.592,pf,map,-1.79978,1.12477,1.59159,0.0260795,0.0262489,-0.00209323,8.29867,575.613,1
29.664,odom,map,-1.72817,1.12044,1.56242,0,0,0,,,
29.7,odom,map,-1.73014,1.12045,1.56454,0,0,0,,,
29.736,odom,map,-1.73212,1.12045,1.56665,0,0,0,,,
29.772,odom,map,-1.73409,1.12045,1.56877,0,0,0,,,
29.808,odom,map,-1.73563,1.12044,1.57041,0,0,0,,,
29.808,ekf_predict_only,map,-1.75957,1.16894,1.55616,18.1946,14.5836,4.20465,,,
29.808,kf,map,-1.8217,1.14908,1.59246,0.0625528,0.0625528,0,0.061167,,
29.808,ekf,map,-1.82167,1.1508,1.59106,0.0687179,0.0686815,1.23292e-05,0.607042,,
29.808,pf,map,-1.82239,1.16032,1.58083,0.0255847,0.0246741,0.00183463,4.51517,567.994,1
29.844,odom,map,-1.73563,1.12044,1.57041,0,0,0,,,
29.88,odom,map,-1.73563,1.12044,1.57041,0,0,0,,,
29.916,odom,map,-1.73563,1.12044,1.57041,0,0,0,,,
29.952,odom,map,-1.73563,1.12044,1.57041,0,0,0,,,
29.988,odom,map,-1.73563,1.12044,1.57041,0,0,0,,,
30.024,odom,map,-1.73563,1.12044,1.57041,0,0,0,,,
29.988,ekf_predict_only,map,-1.75957,1.16894,1.55616,18.2946,14.6836,4.20465,,,
29.988,ekf,map,-1.82174,1.15351,1.58922,0.0676736,0.0676514,7.40449e-06,0.057875,,
29.988,kf,map,-1.82174,1.15266,1.58989,0.0623767,0.0623767,0,0.055542,,
29.988,pf,map,-1.794,1.15406,1.59682,0.0259337,0.0282527,-0.00240278,5.17283,578.251,1
30.06,odom,map,-1.73563,1.12044,1.57041,0,0,0,,,
30.096,odom,map,-1.73563,1.12044,1.57041,0,0,0,,,
30.132,odom,map,-1.73563,1.12069,1.57041,0,0,0,,,
30.168,odom,map,-1.73562,1.12215,1.57032,0,0,0,,,
30.204,odom,map,-1.7356,1.12429,1.57028,0,0,0,,,
30.204,ekf_predict_only,map,-1.75939,1.18113,1.55538,18.5313,14.7823,4.2484,,,
30.204,ekf,map,-1.82187,1.16079,1.58822,0.0687221,0.0687045,5.69093e-06,0.770292,,
30.204,kf,map,-1.82189,1.16091,1.58849,0.0625527,0.0625527,0,0.058125,,
30.204,pf,map,-1.8029,1.17198,1.58199,0.0273071,0.027029,0.00301367,6.22462,551.313,1
30.24,odom,map,-1.7352,1.12866,1.57137,0,0,0,,,
30.276,odom,map,-1.73482,1.1337,1.5719,0,0,0,,,
30.312,odom,map,-1.73443,1.13933,1.57176,0,0,0,,,
30.348,odom,map,-1.73406,1.14506,1.57148,0,0,0,,,
30.384,odom,map,-1.73368,1.15091,1.57079,0,0,0,,,
30.42,odom,map,-1.73352,1.15596,1.56842,0,0,0,,,
30.384,ekf,map,-1.82215,1.1776,1.57743,0.0676786,0.0676664,3.38559e-06,0.057375,,
30.384,kf,map,-1.82215,1.17801,1.577,0.0623767,0.0623767,0,0.11175,,
30.384,ekf_predict_only,map,-1.75906,1.20268,1.53781,18.877,14.8798,4.32564,,,
30.384,pf,map,-1.77787,1.16724,1.59365,0.0295077,0.0275283,-0.0011617,6.82829,535.187,1
30.456,odom,map,-1.7335,1.16038,1.56458,0,0,0,,,
30.492,odom,map,-1.73346,1.16488,1.56042,0,0,0,,,
30.528,odom,map,-1.73341,1.16907,1.55565,0,0,0,,,
30.564,odom,map,-1.73335,1.17257,1.54935,0,0,0,,,
30.6,odom,map,-1.73327,1.17574,1.54215,0,0,0,,,
30.6,ekf_predict_only,map,-1.75844,1.22141,1.49347,19.1945,14.9753,4.39076,,,
30.6,ekf,map,-1.82215,1.19836,1.54562,0.0687294,0.0687164,2.62183e-06,0.055167,,
30.6,kf,map,-1.82212,1.19834,1.54433,0.0625527,0.0625527,0,0.055375,,
30.6,pf,map,-1.82222,1.17291,1.57458,0.0290186,0.0313613,0.00110395,4.82921,549.311,1
30.636,odom,map,-1.73316,1.17886,1.53476,0,0,0,,,
30.672,odom,map,-1.73305,1.1818,1.52708,0,0,0,,,
30.708,odom,map,-1.73292,1.1845,1.51869,0,0,0,,,
30.744,odom,map,-1.73277,1.18714,1.50948,0,0,0,,,
30.78,odom,map,-1.7326,1.18975,1.50004,0,0,0,,,
30.816,kf,map,-1.82147,1.21508,1.49328,0.0625774,0.0625774,0,0.059458,,
30.816,odom,map,-1.7324,1.19233,1.49017,0,0,0,,,
30.816,ekf_predict_only,map,-1.75725,1.23676,1.43229,19.4756,15.0666,4.43999,,,
30.816,ekf,map,-1.82149,1.21522,1.49472,0.0689727,0.0689609,1.76775e-06,0.063083,,
30.816,pf,map,-1.80391,1.22139,1.50347,0.0277932,0.0308908,0.000800609,9.06483,534.073,1
30.852,odom,map,-1.73218,1.19488,1.47953,0,0,0,,,
30.888,odom,map,-1.73193,1.19748,1.46785,0,0,0,,,
30.924,odom,map,-1.73164,1.2001,1.45567,0,0,0,,,
30.96,odom,map,-1.73131,1.20284,1.443,0,0,0,,,
30.996,odom,map,-1.73093,1.20566,1.42921,0,0,0,,,
31.032,odom,map,-1.73048,1.20864,1.41504,0,0,0,,,
30.996,ekf_predict_only,map,-1.75503,1.25274,1.36068,19.7669,15.1503,4.48504,,,
30.996,ekf,map,-1.8201,1.2299,1.43344,0.0676822,0.067673,9.13023e-07,0.101291,,
30.996,kf,map,-1.82007,1.22995,1.4321,0.0623802,0.0623802,0,0.058792,,
30.996,pf,map,-1.80341,1.22173,1.44765,0.0308286,0.029441,0.00102156,6.65033,553.797,1
31.068,odom,map,-1.72996,1.21183,1.40072,0,0,0,,,
31.104,odom,map,-1.72937,1.21508,1.38622,0,0,0,,,
31.14,odom,map,-1.72869,1.21861,1.3711,0,0,0,,,
31.176,odom,map,-1.72792,1.22226,1.3557,0,0,0,,,
31.212,odom,map,-1.72704,1.22611,1.34006,0,0,0,,,
31.212,ekf_predict_only,map,-1.75004,1.27613,1.26666,20.152,15.214,4.53963,,,
31.212,ekf,map,-1.81647,1.25093,1.34615,0.0686681,0.068657,2.92841e-07,0.06225,,
31.212,kf,map,-1.81646,1.25118,1.34505,0.0625532,0.0625532,0,0.054958,,
31.2,amcl,map,-1.7142,1.23479,1.33333,0.0486928,0.0779411,0.0398923,,,
31.212,pf,map,-1.79231,1.23312,1.34888,0.02523,0.0261471,0.00118194,8.76383,559.133,1
31.248,odom,map,-1.72605,1.23021,1.32427,0,0,0,,,
31.284,odom,map,-1.72495,1.23443,1.30837,0,0,0,,,
31.32,odom,map,-1.72378,1.23865,1.29242,0,0,0,,,
31.356,odom,map,-1.72249,1.24302,1.27629,0,0,0,,,
31.392,odom,map,-1.72104,1.24766,1.25996,0,0,0,,,
31.392,ekf_predict_only,map,-1.74258,1.29988,1.18475,20.5479,15.2604,4.57871,,,
31.392,ekf,map,-1.81063,1.27258,1.26754,0.067634,0.067623,-6.01374e-07,0.062333,,
31.392,kf,map,-1.81063,1.27287,1.26688,0.0623768,0.0623768,0,0.101417,,
31.428,odom,map,-1.71948,1.25239,1.24357,0,0,0,,,
31.392,pf,map,-1.79882,1.24442,1.27705,0.0318578,0.0330129,-0.00176525,6.8015,537.63,1
31.464,odom,map,-1.71779,1.25724,1.22717,0,0,0,,,
31.5,odom,map,-1.71594,1.26227,1.21091,0,0,0,,,
31.536,odom,map,-1.71395,1.26744,1.19483,0,0,0,,,
31.572,odom,map,-1.71177,1.27282,1.17894,0,0,0,,,
31.608,odom,map,-1.70947,1.27827,1.16309,0,0,0,,,
31.608,ekf_predict_only,map,-1.72861,1.33426,1.09059,21.0872,15.2615,4.61107,,,
31.608,ekf,map,-1.7993,1.30389,1.17261,0.0686942,0.0686773,-2.72088e-06,0.089375,,
31.608,kf,map,-1.79931,1.30437,1.17243,0.0625528,0.0625528,0,0.100625,,
31.608,pf,map,-1.78513,1.28825,1.17991,0.0290311,0.031703,-0.00262852,5.74458,537.783,1
31.644,odom,map,-1.707,1.28387,1.14737,0,0,0,,,
31.68,odom,map,-1.7043,1.28974,1.13167,0,0,0,,,
31.716,odom,map,-1.70142,1.29573,1.11598,0,0,0,,,
31.752,odom,map,-1.69839,1.30182,1.10035,0,0,0,,,
31.788,odom,map,-1.69513,1.3081,1.08493,0,0,0,,,
31.824,odom,map,-1.69166,1.31455,1.06977,0,0,0,,,
31.788,ekf,map,-1.78504,1.33397,1.09511,0.0676685,0.0676501,-4.89046e-06,0.061,,
31.788,kf,map,-1.78504,1.33448,1.09521,0.0623767,0.0623767,0,0.055417,,
31.788,ekf_predict_only,map,-1.71146,1.36719,1.01521,21.6209,15.2431,4.61177,,,
31.8,amcl,map,-1.68204,1.32926,1.06976,0.0571575,0.0749036,0.0468933,,,
31.788,pf,map,-1.7718,1.31752,1.09704,0.029049,0.0287589,0.000527112,7.17408,532.836,1
31.86,odom,map,-1.68805,1.32104,1.05469,0,0,0,,,
31.896,odom,map,-1.68432,1.3275,1.03969,0,0,0,,,
31.932,odom,map,-1.68035,1.33414,1.02506,0,0,0,,,
31.968,odom,map,-1.67603,1.34114,1.01092,0,0,0,,,
32.004,odom,map,-1.67143,1.34823,0.996732,0,0,0,,,
32.004,kf,map,-1.76157,1.37561,1.00568,0.0625527,0.0625527,0,0.060709,,
32.004,ekf_predict_only,map,-1.68372,1.41187,0.925107,22.329,15.1589,4.57138,,,
32.004,ekf,map,-1.76163,1.3749,1.0057,0.0687346,0.0687068,-1.1227e-05,0.067459,,
32.004,pf,map,-1.72709,1.36035,1.00232,0.0302365,0.0276786,0.00102891,6.04583,536.344,1
32.04,odom,map,-1.66408,1.35704,0.980075,0,0,0,,,
32.076,odom,map,-1.65637,1.36609,0.962752,0,0,0,,,
32.112,odom,map,-1.64838,1.37522,0.94528,0,0,0,,,
32.148,odom,map,-1.64009,1.38445,0.927577,0,0,0,,,
32.184,odom,map,-1.63142,1.39385,0.909636,0,0,0,,,
32.22,odom,map,-1.62397,1.40243,0.892931,0,0,0,,,
32.184,ekf_predict_only,map,-1.65324,1.45233,0.846569,22.9997,15.0667,4.48393,,,
32.184,kf,map,-1.73538,1.41312,0.928788,0.0623767,0.0623767,0,0.061,,
32.184,ekf,map,-1.73549,1.41245,0.928924,0.0677005,0.0676726,-1.54376e-05,0.064458,,
32.184,pf,map,-1.7108,1.39895,0.948832,0.0295041,0.0318879,0.000412649,4.94054,553.667,1
32.256,odom,map,-1.61756,1.41028,0.877223,0,0,0,,,
32.292,odom,map,-1.61094,1.41811,0.861589,0,0,0,,,
32.328,odom,map,-1.6041,1.42595,0.84627,0,0,0,,,
32.364,odom,map,-1.5971,1.43374,0.831051,0,0,0,,,
32.4,odom,map,-1.58997,1.44144,0.815828,0,0,0,,,
32.4,ekf,map,-1.69692,1.45947,0.836949,0.068767,0.0687314,-2.75609e-05,0.056166,,
32.4,ekf_predict_only,map,-1.61105,1.50003,0.754671,23.7971,14.9186,4.31572,,,
32.4,kf,map,-1.69692,1.46007,0.836918,0.0625527,0.0625527,0,0.055875,,
32.4,amcl,map,-1.58856,1.46015,0.799502,0.0586481,0.0636491,0.043877,,,
32.4,pf,map,-1.68682,1.44521,0.840804,0.0260151,0.0296542,-0.0012893,4.38317,564.492,1
32.436,odom,map,-1.58265,1.4491,0.800527,0,0,0,,,
32.472,odom,map,-1.57517,1.45669,0.785334,0,0,0,,,
32.508,odom,map,-1.56751,1.46424,0.770355,0,0,0,,,
32.544,odom,map,-1.55971,1.4717,0.755421,0,0,0,,,
32.58,odom,map,-1.55179,1.47904,0.740635,0,0,0,,,
32.616,odom,map,-1.544,1.4869,0.726124,0,0,0,,,
32.616,ekf_predict_only,map,-1.56435,1.54393,0.667122,24.5627,14.7685,4.07936,,,
32.616,ekf,map,-1.65227,1.50452,0.7478,0.0690184,0.0689848,-3.63546e-05,0.054375,,
32.616,kf,map,-1.65245,1.505,0.747951,0.0625774,0.0625774,0,0.05725,,
32.616,pf,map,-1.63104,1.46973,0.756504,0.0309229,0.0268518,0.00150169,4.99346,550.443,1
32.652,odom,map,-1.53642,1.49571,0.711863,0,0,0,,,
32.688,odom,map,-1.52877,1.50437,0.697815,0,0,0,,,
32.724,odom,map,-1.5212,1.51279,0.684247,0,0,0,,,
32.76,odom,map,-1.51364,1.52102,0.670748,0,0,0,,,
32.796,odom,map,-1.5061,1.52906,0.657268,0,0,0,,,
32.796,ekf_predict_only,map,-1.52469,1.57517,0.59851,25.1502,14.6765,3.84551,,,
32.796,kf,map,-1.61328,1.53819,0.677625,0.0623802,0.0623802,0,0.063292,,
32.832,odom,map,-1.4981,1.53538,0.643567,0,0,0,,,
32.796,ekf,map,-1.61303,1.53793,0.67742,0.0677217,0.0676995,-3.49116e-05,0.062791,,
32.796,pf,map,-1.57846,1.52562,0.683113,0.0292035,0.0331369,0.00201604,10.0328,570.541,1
32.868,odom,map,-1.49013,1.54128,0.630053,0,0,0,,,
32.904,odom,map,-1.48223,1.54696,0.616742,0,0,0,,,
32.94,odom,map,-1.47436,1.55246,0.603554,0,0,0,,,
32.976,odom,map,-1.46657,1.55775,0.590384,0,0,0,,,
33.012,odom,map,-1.45892,1.56281,0.577362,0,0,0,,,
33.012,kf,map,-1.5674,1.57214,0.597777,0.0625532,0.0625532,0,0.061167,,
33.012,ekf_predict_only,map,-1.47956,1.60595,0.520547,25.742,14.5809,3.55161,,,
33.012,pf,map,-1.54743,1.54898,0.603297,0.0289702,0.0282879,-0.000751173,4.76058,546.013,1
33.012,ekf,map,-1.56698,1.57201,0.597518,0.0687106,0.0686954,-4.39253e-05,0.05575,,
33,amcl,map,-1.48797,1.54908,0.572681,0.0594878,0.052541,0.0380269,,,
33.048,odom,map,-1.45145,1.56761,0.564592,0,0,0,,,
33.084,odom,map,-1.44397,1.57228,0.551874,0,0,0,,,
33.12,odom,map,-1.43658,1.57677,0.539286,0,0,0,,,
33.156,odom,map,-1.42952,1.58093,0.52696,0,0,0,,,
33.192,odom,map,-1.42245,1.58499,0.514659,0,0,0,,,
33.228,odom,map,-1.4146,1.58971,0.500204,0,0,0,,,
33.192,ekf_predict_only,map,-1.44481,1.62587,0.460306,26.1664,14.547,3.30702,,,
33.192,kf,map,-1.53122,1.59478,0.535296,0.0623768,0.0623768,0,0.58625,,
33.192,pf,map,-1.50812,1.57556,0.531642,0.0282928,0.0284551,-0.00144263,8.02504,571.496,1
33.192,ekf,map,-1.53082,1.59473,0.535018,0.0676636,0.0676588,-3.68022e-05,0.0595,,
33.264,odom,map,-1.40654,1.5945,0.485036,0,0,0,,,
33.3,odom,map,-1.3987,1.59899,0.469884,0,0,0,,,
33.336,odom,map,-1.39102,1.60324,0.454772,0,0,0,,,
33.372,odom,map,-1.38351,1.60723,0.439777,0,0,0,,,
33.408,odom,map,-1.37643,1.61078,0.425695,0,0,0,,,
33.408,ekf_predict_only,map,-1.41113,1.64257,0.39314,26.5421,14.5314,3.05773,,,
33.408,ekf,map,-1.4929,1.6154,0.464603,0.0687156,0.0687188,-3.87313e-05,0.057208,,
33.408,kf,map,-1.49356,1.61531,0.465001,0.0625528,0.0625528,0,0.074208,,
33.408,pf,map,-1.47008,1.62173,0.470846,0.0244574,0.0287174,0.000605277,4.55462,567.822,1
33.444,odom,map,-1.37067,1.61336,0.414481,0,0,0,,,
33.48,odom,map,-1.36492,1.61585,0.403287,0,0,0,,,
33.516,odom,map,-1.35952,1.61812,0.392903,0,0,0,,,
33.552,odom,map,-1.35527,1.61986,0.385056,0,0,0,,,
33.588,odom,map,-1.35221,1.62109,0.379802,0,0,0,,,
33.624,odom,map,-1.35036,1.62183,0.377139,0,0,0,,,
33.588,ekf_predict_only,map,-1.41113,1.64257,0.39314,26.6421,14.6314,3.05773,,,
33.588,ekf,map,-1.47504,1.62341,0.432559,0.0676739,0.0676782,-2.62028e-05,0.10575,,
33.588,kf,map,-1.47671,1.62281,0.435206,0.0623767,0.0623767,0,0.062541,,
33.588,pf,map,-1.43989,1.61388,0.415362,0.028941,0.0297856,0.00222979,4.68183,544.886,1
33.66,odom,map,-1.3497,1.62209,0.37678,0,0,0,,,
33.696,odom,map,-1.3497,1.62209,0.37678,0,0,0,,,
33.732,odom,map,-1.3497,1.62209,0.37678,0,0,0,,,
33.768,odom,map,-1.3497,1.62209,0.37678,0,0,0,,,
33.804,odom,map,-1.35003,1.62191,0.376872,0,0,0,,,
33.804,ekf_predict_only,map,-1.41113,1.64257,0.39314,26.7421,14.7314,3.05773,,,
33.804,ekf,map,-1.46751,1.62685,0.419956,0.0687227,0.0687272,-2.15548e-05,0.060125,,
33.804,kf,map,-1.46881,1.62632,0.422075,0.0625527,0.0625527,0,0.105666,,
33.804,pf,map,-1.44719,1.6113,0.418361,0.030646,0.0254952,-0.000516145,4.48267,550.605,1
33.84,odom,map,-1.356,1.61869,0.378532,0,0,0,,,
33.876,odom,map,-1.36196,1.61547,0.380191,0,0,0,,,
33.912,odom,map,-1.36793,1.61223,0.38185,0,0,0,,,
33.948,odom,map,-1.37389,1.609,0.383509,0,0,0,,,
33.984,odom,map,-1.37986,1.60576,0.385168,0,0,0,,,
34.02,odom,map,-1.38214,1.60446,0.385765,0,0,0,,,
33.984,ekf,map,-1.46381,1.62853,0.415766,0.0676773,0.0676804,-1.31082e-05,0.055916,,
33.984,kf,map,-1.46426,1.62835,0.416818,0.0623767,0.0623767,0,0.101416,,
33.984,ekf_predict_only,map,-1.40681,1.64436,0.3922,26.8719,14.8176,3.02469,,,
33.984,pf,map,-1.42182,1.60283,0.420173,0.0300565,0.0324171,0.00102823,22.9881,553.886,1
34.056,odom,map,-1.38128,1.60482,0.385577,0,0,0,,,
34.092,odom,map,-1.38006,1.60531,0.385312,0,0,0,,,
34.128,odom,map,-1.37807,1.60611,0.384464,0,0,0,,,
34.164,odom,map,-1.37552,1.60715,0.382978,0,0,0,,,
34.2,odom,map,-1.37188,1.60861,0.380044,0,0,0,,,
34.2,ekf_predict_only,map,-1.38357,1.65397,0.370138,27.1324,14.8472,2.84522,,,
34.2,ekf,map,-1.44958,1.63481,0.403768,0.0687252,0.0687289,-1.08184e-05,0.11725,,
34.2,kf,map,-1.44896,1.63508,0.40326,0.0625527,0.0625527,0,0.423375,,
34.2,pf,map,-1.4367,1.63013,0.434385,0.032203,0.0312566,0.00313374,8.07,549.465,1
34.236,odom,map,-1.36798,1.61015,0.376367,0,0,0,,,
34.272,odom,map,-1.36371,1.61183,0.371914,0,0,0,,,
34.308,odom,map,-1.3586,1.61381,0.365895,0,0,0,,,
34.344,odom,map,-1.35289,1.61597,0.358974,0,0,0,,,
34.38,odom,map,-1.34679,1.61824,0.351785,0,0,0,,,
34.416,odom,map,-1.34037,1.62056,0.344121,0,0,0,,,
34.416,ekf_predict_only,map,-1.34121,1.67041,0.321704,27.5094,14.8366,2.50966,,,
34.416,kf,map,-1.41671,1.64849,0.365842,0.0625774,0.0625774,0,0.063625,,
34.416,ekf,map,-1.41791,1.64803,0.367121,0.0689682,0.0689765,-1.04052e-05,0.053292,,
34.401,amcl,map,-1.35565,1.61771,0.339993,0.0597765,0.0395169,0.0326565,,,
34.416,pf,map,-1.39206,1.6425,0.395325,0.0325551,0.0307361,-0.00147829,4.92737,547.214,1
34.452,odom,map,-1.33286,1.62322,0.335841,0,0,0,,,
34.488,odom,map,-1.32441,1.62613,0.32738,0,0,0,,,
34.524,odom,map,-1.31538,1.62915,0.318868,0,0,0,,,
34.56,odom,map,-1.30596,1.63222,0.310189,0,0,0,,,
34.596,odom,map,-1.29559,1.63549,0.301453,0,0,0,,,
34.632,odom,map,-1.28411,1.639,0.292649,0,0,0,,,
34.596,ekf_predict_only,map,-1.28301,1.68981,0.277657,27.9409,14.8221,2.03141,,,
34.596,ekf,map,-1.37246,1.66467,0.327594,0.0676799,0.067699,-1.27357e-05,0.058667,,
34.596,kf,map,-1.37106,1.6652,0.326764,0.0623802,0.0623802,0,0.102083,,
34.596,pf,map,-1.35406,1.63888,0.331985,0.0278915,0.0276252,0.000289813,5.45842,542.538,1
34.668,odom,map,-1.27235,1.64249,0.28384,0,0,0,,,
34.704,odom,map,-1.26031,1.64595,0.275074,0,0,0,,,
34.74,odom,map,-1.24715,1.6496,0.266342,0,0,0,,,
34.776,odom,map,-1.23336,1.6533,0.25761,0,0,0,,,
34.812,odom,map,-1.21928,1.65694,0.248928,0,0,0,,,
34.812,ekf_predict_only,map,-1.19767,1.71413,0.22572,28.4634,14.8333,1.30294,,,
34.812,ekf,map,-1.29803,1.68803,0.276728,0.0686681,0.0687215,-2.60025e-05,0.080083,,
34.812,kf,map,-1.29664,1.68865,0.276334,0.0625532,0.0625532,0,0.066917,,
34.812,pf,map,-1.27924,1.67456,0.28465,0.0290109,0.03017,0.00238186,4.54821,549.465,1
34.848,odom,map,-1.20455,1.66062,0.24055,0,0,0,,,
34.884,odom,map,-1.1891,1.66434,0.232344,0,0,0,,,
34.92,odom,map,-1.17343,1.66798,0.224159,0,0,0,,,
34.956,odom,map,-1.1575,1.67154,0.215996,0,0,0,,,
34.992,odom,map,-1.14131,1.67503,0.208209,0,0,0,,,
34.992,ekf_predict_only,map,-1.11174,1.73386,0.189711,28.9118,14.9394,0.543634,,,
34.992,ekf,map,-1.22115,1.70789,0.237865,0.0676349,0.067715,-3.26461e-05,0.053291,,
34.992,kf,map,-1.22002,1.70848,0.237949,0.0623768,0.0623768,0,0.1495,,
35.028,odom,map,-1.12509,1.67839,0.200886,0,0,0,,,
34.992,pf,map,-1.19674,1.71058,0.241585,0.0317851,0.0307933,0.000858466,5.55821,543.48,1
35.064,odom,map,-1.10885,1.68164,0.193684,0,0,0,,,
35.1,odom,map,-1.09259,1.68477,0.186748,0,0,0,,,
35.136,odom,map,-1.07631,1.68779,0.180107,0,0,0,,,
35.172,odom,map,-1.06001,1.6907,0.173803,0,0,0,,,
35.208,odom,map,-1.04417,1.69335,0.167343,0,0,0,,,
35.208,ekf_predict_only,map,-1.00705,1.75396,0.155438,29.372,15.1775,-0.407455,,,
35.208,ekf,map,-1.12465,1.72891,0.198321,0.0686931,0.0688392,-5.06742e-05,0.061917,,
35.208,kf,map,-1.12361,1.72958,0.198838,0.0625528,0.0625528,0,0.062333,,
35.202,amcl,map,-1.06971,1.69062,0.171405,0.0785376,0.0358927,0.0268407,,,
35.208,pf,map,-1.09781,1.70055,0.200733,0.0322113,0.0226696,0.00126925,4.49792,550.239,1
35.244,odom,map,-1.02999,1.69532,0.160222,0,0,0,,,
35.28,odom,map,-1.01578,1.69715,0.153518,0,0,0,,,
35.316,odom,map,-1.00156,1.69885,0.147368,0,0,0,,,
35.352,odom,map,-0.987328,1.70042,0.141265,0,0,0,,,
35.388,odom,map,-0.973076,1.70187,0.135622,0,0,0,,,
35.388,ekf,map,-1.04438,1.74331,0.173528,0.0676627,0.0678196,-4.79923e-05,0.064917,,
35.424,odom,map,-0.957439,1.70377,0.131269,0,0,0,,,
35.388,ekf_predict_only,map,-0.921782,1.76733,0.136429,29.7143,15.4968,-1.19793,,,
35.388,kf,map,-1.04368,1.74387,0.174183,0.0623767,0.0623767,0,0.276667,,
35.388,pf,map,-1.0228,1.73335,0.185594,0.0273955,0.0280137,0.00154285,5.33654,554.929,1
35.46,odom,map,-0.941018,1.7059,0.127792,0,0,0,,,
35.496,odom,map,-0.924589,1.70799,0.124399,0,0,0,,,
35.532,odom,map,-0.908154,1.71002,0.121403,0,0,0,,,
35.568,odom,map,-0.891713,1.712,0.118879,0,0,0,,,
35.604,odom,map,-0.875268,1.71395,0.116618,0,0,0,,,
35.604,ekf_predict_only,map,-0.82051,1.78123,0.122869,30.069,15.9828,-2.152,,,
35.604,ekf,map,-0.94692,1.7589,0.154653,0.0687175,0.0689347,-5.77825e-05,0.060042,,
35.604,kf,map,-0.946387,1.7594,0.155383,0.0625527,0.0625527,0,0.057958,,
35.604,pf,map,-0.938776,1.74253,0.146569,0.0293819,0.0251378,-0.00158117,5.45029,557.57,1
35.64,odom,map,-0.858818,1.71585,0.114467,0,0,0,,,
35.676,odom,map,-0.842365,1.71773,0.112742,0,0,0,,,
35.712,odom,map,-0.825909,1.71958,0.111507,0,0,0,,,
35.748,odom,map,-0.809451,1.72142,0.110491,0,0,0,,,
35.784,odom,map,-0.792991,1.72324,0.1097,0,0,0,,,
35.82,odom,map,-0.776685,1.72503,0.109417,0,0,0,,,
35.784,kf,map,-0.866157,1.77097,0.148783,0.0623767,0.0623767,0,0.058583,,
35.784,ekf_predict_only,map,-0.739308,1.79126,0.121995,30.3543,16.4915,-2.92749,,,
35.784,ekf,map,-0.866363,1.7706,0.148057,0.0676765,0.0678761,-4.74903e-05,6.68221,,
35.802,amcl,map,-0.800893,1.72779,0.0882034,0.0788001,0.0309016,0.0135995,,,
35.784,pf,map,-0.867758,1.74649,0.139182,0.03007,0.0275334,0.000140917,5.38275,555.728,1
35.856,odom,map,-0.760507,1.7268,0.109435,0,0,0,,,
35.892,odom,map,-0.744398,1.72858,0.109609,0,0,0,,,
35.928,odom,map,-0.728406,1.73034,0.109805,0,0,0,,,
35.964,odom,map,-0.712619,1.73208,0.110247,0,0,0,,,
36,odom,map,-0.697179,1.7338,0.111186,0,0,0,,,
36,ekf,map,-0.772211,1.7842,0.149146,0.0687267,0.0689686,-5.13172e-05,0.10475,,
36,kf,map,-0.772362,1.78444,0.149878,0.0625527,0.0625527,0,0.057584,,
36,ekf_predict_only,map,-0.647209,1.80255,0.128209,30.6646,17.1627,-3.82006,,,
36,pf,map,-0.727909,1.78326,0.156598,0.0298289,0.0310862,0.00459212,6.18721,553.008,1
36.036,odom,map,-0.68384,1.73648,0.113974,0,0,0,,,
36.072,odom,map,-0.670789,1.73923,0.117366,0,0,0,,,
36.108,odom,map,-0.657955,1.74204,0.121054,0,0,0,,,
36.144,odom,map,-0.645445,1.74488,0.124855,0,0,0,,,
36.18,odom,map,-0.633031,1.74778,0.12864,0,0,0,,,
36.216,odom,map,-0.619808,1.75034,0.131954,0,0,0,,,
36.216,ekf_predict_only,map,-0.56006,1.81378,0.141798,30.9755,17.9093,-4.67988,,,
36.216,ekf,map,-0.683296,1.7976,0.159139,0.0689698,0.0692112,-4.70667e-05,0.056833,,
36.216,kf,map,-0.68355,1.79773,0.159745,0.0625774,0.0625774,0,0.099917,,
36.216,pf,map,-0.654747,1.81871,0.15643,0.0277472,0.0288218,0.00194905,4.397,534.212,1
36.252,odom,map,-0.605448,1.75226,0.134156,0,0,0,,,
36.288,odom,map,-0.591364,1.75418,0.136391,0,0,0,,,
36.324,odom,map,-0.577399,1.75611,0.138658,0,0,0,,,
36.36,odom,map,-0.563592,1.75805,0.141024,0,0,0,,,
36.396,odom,map,-0.549886,1.76001,0.143564,0,0,0,,,
36.396,ekf_predict_only,map,-0.491831,1.82352,0.148433,31.2598,18.5881,-5.3666,,,
36.396,ekf,map,-0.613559,1.80907,0.168046,0.0676794,0.0678713,-3.54516e-05,0.056667,,
36.396,kf,map,-0.613785,1.80906,0.168095,0.0623802,0.0623802,0,0.0625,,
36.432,odom,map,-0.536241,1.762,0.145376,0,0,0,,,
36.396,pf,map,-0.567663,1.8184,0.16949,0.0287647,0.0263485,-0.00121471,4.88242,565.947,1
36.468,odom,map,-0.522603,1.76401,0.146703,0,0,0,,,
36.504,odom,map,-0.509118,1.76601,0.147652,0,0,0,,,
36.54,odom,map,-0.495856,1.76798,0.147962,0,0,0,,,
36.576,odom,map,-0.482779,1.76993,0.147826,0,0,0,,,
36.612,odom,map,-0.469865,1.77133,0.145935,0,0,0,,,
36.612,ekf_predict_only,map,-0.413526,1.83523,0.147402,31.5831,19.4315,-6.1687,,,
36.612,ekf,map,-0.533735,1.82297,0.171276,0.0686635,0.0688746,-3.76746e-05,0.052792,,
36.612,kf,map,-0.533968,1.82286,0.170915,0.0625532,0.0625532,0,0.060375,,
36.6,amcl,map,-0.505314,1.75438,0.129586,0.0969461,0.0386044,0.00838711,,,
36.612,pf,map,-0.510616,1.82266,0.185332,0.0259263,0.0292584,-0.000581276,4.55308,567.877,1
36.648,odom,map,-0.457362,1.77133,0.139936,0,0,0,,,
36.684,odom,map,-0.445062,1.77109,0.133695,0,0,0,,,
36.72,odom,map,-0.433159,1.77057,0.127255,0,0,0,,,
36.756,odom,map,-0.4215,1.76981,0.120727,0,0,0,,,
36.792,odom,map,-0.409948,1.76881,0.114163,0,0,0,,,
36.792,ekf_predict_only,map,-0.354146,1.84405,0.142879,31.8524,20.152,-6.78509,,,
36.792,kf,map,-0.472171,1.83365,0.168382,0.0623768,0.0623768,0,0.0585,,
36.828,odom,map,-0.398072,1.76947,0.111681,0,0,0,,,
36.792,ekf,map,-0.471878,1.83376,0.168667,0.0676279,0.0677959,-2.96405e-05,0.101125,,
36.792,pf,map,-0.450512,1.82683,0.175897,0.0234771,0.026247,-0.00080295,12.599,564.277,1
36.864,odom,map,-0.386261,1.77079,0.110685,0,0,0,,,
36.9,odom,map,-0.374612,1.77208,0.109626,0,0,0,,,
36.936,odom,map,-0.36315,1.77333,0.108524,0,0,0,,,
36.972,odom,map,-0.351864,1.77456,0.107385,0,0,0,,,
37.008,odom,map,-0.340902,1.77573,0.106241,0,0,0,,,
37.008,ekf_predict_only,map,-0.289023,1.85342,0.136033,32.1336,20.9892,-7.46776,,,
37.008,ekf,map,-0.403498,1.84533,0.162784,0.068682,0.06886,-3.12806e-05,0.07525,,
37.008,kf,map,-0.403919,1.84522,0.162592,0.0625528,0.0625528,0,0.070792,,
37.008,pf,map,-0.399702,1.82765,0.167581,0.0271659,0.0304247,0.000138679,4.68712,559.955,1
37.044,odom,map,-0.329997,1.77689,0.1051,0,0,0,,,
37.08,odom,map,-0.319227,1.77802,0.103835,0,0,0,,,
37.116,odom,map,-0.308778,1.7791,0.102385,0,0,0,,,
37.152,odom,map,-0.298792,1.78012,0.100751,0,0,0,,,
37.188,odom,map,-0.288922,1.78111,0.0990789,0,0,0,,,
37.224,odom,map,-0.279374,1.78205,0.0980503,0,0,0,,,
37.188,ekf_predict_only,map,-0.262179,1.85709,0.136033,32.305,21.4104,-7.7505,,,
37.188,ekf,map,-0.358857,1.8525,0.158237,0.0676523,0.0677804,-2.24527e-05,0.1425,,
37.188,kf,map,-0.360415,1.85227,0.158519,0.0623767,0.0623767,0,0.0575,,
37.188,pf,map,-0.328736,1.85494,0.166222,0.0269327,0.0257222,0.000988427,5.49104,549.762,1
37.26,odom,map,-0.271062,1.78287,0.0980503,0,0,0,,,
37.296,odom,map,-0.264039,1.78356,0.0980503,0,0,0,,,
37.332,odom,map,-0.258306,1.78412,0.0980503,0,0,0,,,
37.368,odom,map,-0.253863,1.78456,0.0980503,0,0,0,,,
37.404,odom,map,-0.250993,1.78484,0.0981846,0,0,0,,,
37.404,ekf_predict_only,map,-0.262179,1.85709,0.136033,32.405,21.5104,-7.7505,,,
37.404,ekf,map,-0.326915,1.85752,0.156036,0.0687055,0.0688155,-1.92494e-05,0.064917,,
37.404,kf,map,-0.330358,1.85699,0.156339,0.0625527,0.0625527,0,0.0685,,
37.404,pf,map,-0.279263,1.8775,0.166162,0.0253685,0.0259648,0.000413989,4.67958,558.14,1
37.44,odom,map,-0.254253,1.78452,0.100601,0,0,0,,,
37.476,odom,map,-0.258812,1.78406,0.103018,0,0,0,,,
37.512,odom,map,-0.263956,1.78353,0.105435,0,0,0,,,
37.548,odom,map,-0.269111,1.78299,0.107852,0,0,0,,,
37.584,odom,map,-0.274277,1.78243,0.110269,0,0,0,,,
37.62,odom,map,-0.276576,1.78218,0.111343,0,0,0,,,
37.584,ekf,map,-0.315431,1.85933,0.155358,0.0676671,0.067735,-1.18866e-05,0.06125,,
37.584,ekf_predict_only,map,-0.262179,1.85709,0.136033,32.505,21.6104,-7.7505,,,
37.584,kf,map,-0.317624,1.85899,0.155525,0.0623767,0.0623767,0,0.102958,,
37.584,pf,map,-0.296979,1.87812,0.176114,0.0283961,0.0321935,0.000351409,6.87425,551.839,1
37.656,odom,map,-0.276576,1.78218,0.111343,0,0,0,,,
37.692,odom,map,-0.276576,1.78218,0.111343,0,0,0,,,
37.728,odom,map,-0.276576,1.78218,0.111343,0,0,0,,,
37.764,odom,map,-0.276576,1.78218,0.111343,0,0,0,,,
37.8,odom,map,-0.276576,1.78218,0.111343,0,0,0,,,
37.8,ekf,map,-0.31166,1.85992,0.155135,0.068717,0.06877,-9.26845e-06,0.106416,,
37.8,kf,map,-0.312819,1.85974,0.155218,0.0625527,0.0625527,0,0.10225,,
37.8,ekf_predict_only,map,-0.262179,1.85709,0.136033,32.605,21.7104,-7.7505,,,
37.8,pf,map,-0.293797,1.86644,0.149909,0.0290651,0.032649,0.00127005,6.20237,556.08,1
37.836,odom,map,-0.276576,1.78218,0.111343,0,0,0,,,
37.872,odom,map,-0.276576,1.78218,0.111343,0,0,0,,,
37.908,odom,map,-0.276326,1.78221,0.111358,0,0,0,,,
37.944,odom,map,-0.274877,1.78237,0.111587,0,0,0,,,
37.98,odom,map,-0.27214,1.78268,0.111111,0,0,0,,,
38.016,odom,map,-0.268557,1.78307,0.110384,0,0,0,,,
38.016,ekf_predict_only,map,-0.240641,1.86004,0.131672,32.7624,22.0756,-7.97839,,,
38.016,ekf,map,-0.298312,1.86201,0.15305,0.0689614,0.0689985,-6.48109e-06,0.065584,,
38.016,kf,map,-0.297993,1.86206,0.15287,0.0625774,0.0625774,0,0.054291,,
38.016,pf,map,-0.285909,1.83851,0.154839,0.0280057,0.0279222,-0.00305839,4.70488,554.901,1
38.052,odom,map,-0.264565,1.78351,0.109302,0,0,0,,,
38.088,odom,map,-0.25972,1.78404,0.107447,0,0,0,,,
38.124,odom,map,-0.254047,1.78465,0.105035,0,0,0,,,
38.16,odom,map,-0.24796,1.78528,0.102555,0,0,0,,,
38.196,odom,map,-0.241478,1.78594,0.0999528,0,0,0,,,
38.232,odom,map,-0.234047,1.78667,0.0966005,0,0,0,,,
38.196,ekf,map,-0.270276,1.86628,0.140946,0.0676734,0.0677002,-4.58449e-06,0.126833,,
38.196,ekf_predict_only,map,-0.202497,1.86509,0.113921,32.9611,22.662,-8.38315,,,
38.196,kf,map,-0.26937,1.8664,0.140437,0.0623802,0.0623802,0,0.096208,,
38.202,amcl,map,-0.25142,1.79526,0.105915,0.0943046,0.0438056,-0.00011815,,,
38.196,pf,map,-0.268778,1.83654,0.157708,0.0277297,0.0366429,0.000127842,4.87271,560.225,1
38.268,odom,map,-0.226041,1.78743,0.092997,0,0,0,,,
38.304,odom,map,-0.217746,1.78819,0.0893757,0,0,0,,,
38.34,odom,map,-0.20901,1.78896,0.085445,0,0,0,,,
38.376,odom,map,-0.19955,1.78975,0.0811956,0,0,0,,,
38.412,odom,map,-0.189828,1.79052,0.0768904,0,0,0,,,
38.412,kf,map,-0.21907,1.87316,0.118343,0.0625532,0.0625532,0,0.059208,,
38.412,ekf,map,-0.220105,1.87303,0.118866,0.0686576,0.0686966,-6.28493e-06,0.062792,,
38.412,ekf_predict_only,map,-0.144364,1.87174,0.0880896,33.1916,23.5443,-8.9982,,,
38.412,pf,map,-0.221734,1.85568,0.127578,0.0276822,0.0319195,4.16531e-05,4.63271,544.02,1
38.448,odom,map,-0.179817,1.79127,0.0726223,0,0,0,,,
38.484,odom,map,-0.16918,1.79202,0.0680881,0,0,0,,,
38.52,odom,map,-0.15809,1.79275,0.0634511,0,0,0,,,
38.556,odom,map,-0.146562,1.79345,0.0587317,0,0,0,,,
38.592,odom,map,-0.134645,1.79412,0.0539453,0,0,0,,,
38.628,odom,map,-0.122382,1.79476,0.0491335,0,0,0,,,
38.592,ekf_predict_only,map,-0.081813,1.87727,0.0639888,33.4005,24.5418,-9.65428,,,
38.592,ekf,map,-0.165137,1.87904,0.0967034,0.0676237,0.067673,-7.21769e-06,0.053833,,
38.592,kf,map,-0.164171,1.87917,0.0963594,0.0623768,0.0623768,0,0.060333,,
38.592,pf,map,-0.156668,1.86771,0.0945756,0.029925,0.0287242,-0.00158803,6.73879,554.167,1
38.664,odom,map,-0.109738,1.79535,0.0441779,0,0,0,,,
38.7,odom,map,-0.0970114,1.79588,0.0391229,0,0,0,,,
38.736,odom,map,-0.0841039,1.79635,0.0340624,0,0,0,,,
38.772,odom,map,-0.0708584,1.79677,0.028967,0,0,0,,,
38.808,odom,map,-0.0574686,1.79712,0.0238787,0,0,0,,,
38.808,ekf_predict_only,map,-0.00137669,1.88242,0.0335551,33.6025,25.8817,-10.4899,,,
38.808,ekf,map,-0.0895732,1.88537,0.0671557,0.0686779,0.0687657,-1.12632e-05,0.05475,,
38.808,kf,map,-0.0887939,1.88552,0.0669539,0.0625528,0.0625528,0,0.056208,,
38.808,pf,map,-0.0770591,1.86903,0.0631654,0.0297023,0.0268959,-0.00202098,4.67638,546.863,1
38.844,odom,map,-0.0440382,1.79741,0.0188064,0,0,0,,,
38.88,odom,map,-0.0303761,1.79763,0.0137416,0,0,0,,,
38.916,odom,map,-0.0162704,1.79779,0.00868607,0,0,0,,,
38.952,odom,map,-0.00201808,1.79787,0.00359805,0,0,0,,,
38.988,odom,map,0.0122364,1.79789,-0.00150124,0,0,0,,,
39.024,odom,map,0.0253828,1.79909,-0.00598211,0,0,0,,,
38.988,ekf_predict_only,map,0.0711361,1.88486,0.00720726,33.7508,27.1826,-11.2296,,,
38.988,kf,map,-0.0199518,1.88921,0.0415938,0.0623767,0.0623767,0,0.058917,,
38.988,ekf,map,-0.020505,1.88907,0.0417364,0.0676497,0.0677487,-1.09363e-05,0.123167,,
39,amcl,map,0.000813214,1.82156,0.00889395,0.104985,0.0465233,-0.0131591,,,
38.988,pf,map,-0.00838089,1.87241,0.0312605,0.0259033,0.0286604,-0.000454751,6.60183,560.096,1
39.06,odom,map,0.0379624,1.80094,-0.00999366,0,0,0,,,
39.096,odom,map,0.0506837,1.80275,-0.0139893,0,0,0,,,
39.132,odom,map,0.0634853,1.80452,-0.0180058,0,0,0,,,
39.168,odom,map,0.076389,1.80623,-0.0219642,0,0,0,,,
39.204,odom,map,0.0895425,1.80779,-0.0261132,0,0,0,,,
39.204,ekf,map,0.0676368,1.89149,0.0106318,0.0687035,0.0688524,-1.31753e-05,0.057125,,
39.204,kf,map,0.0680777,1.89165,0.0105065,0.0625527,0.0625527,0,0.056208,,
39.204,ekf_predict_only,map,0.161959,1.88551,-0.0247999,33.8638,28.8987,-12.1378,,,
39.204,pf,map,0.078599,1.86656,0.026347,0.0260935,0.0270245,-0.00055869,4.57725,558.116,1
39.24,odom,map,0.104663,1.80735,-0.031434,0,0,0,,,
39.276,odom,map,0.119792,1.80684,-0.0367685,0,0,0,,,
39.312,odom,map,0.134982,1.80623,-0.042317,0,0,0,,,
39.348,odom,map,0.150226,1.80555,-0.0481229,0,0,0,,,
39.384,odom,map,0.165542,1.80476,-0.0539111,0,0,0,,,
39.42,odom,map,0.180895,1.80389,-0.0596309,0,0,0,,,
39.384,ekf_predict_only,map,0.238825,1.8836,-0.0533992,33.9259,30.4643,-12.8829,,,
39.384,kf,map,0.143433,1.89133,-0.0172494,0.0623767,0.0623767,0,0.146541,,
39.384,ekf,map,0.143161,1.89119,-0.0171452,0.0676659,0.0678138,-1.00866e-05,0.169333,,
39.384,pf,map,0.155448,1.89206,0.000930969,0.0305218,0.0283619,0.0013319,8.07129,565.652,1
39.456,odom,map,0.196319,1.80292,-0.0654015,0,0,0,,,
39.492,odom,map,0.211725,1.80187,-0.0710891,0,0,0,,,
39.528,odom,map,0.227107,1.80073,-0.0766742,0,0,0,,,
39.564,odom,map,0.242482,1.79951,-0.0822454,0,0,0,,,
39.6,odom,map,0.257887,1.7982,-0.0878242,0,0,0,,,
39.6,ekf_predict_only,map,0.331538,1.87865,-0.0868865,33.9277,32.4522,-13.7506,,,
39.6,ekf,map,0.235335,1.88817,-0.0506583,0.0687161,0.0689128,-8.62526e-06,0.055916,,
39.6,kf,map,0.235496,1.88834,-0.0506848,0.0625527,0.0625527,0,0.05725,,
39.6,amcl,map,0.247679,1.80396,-0.0870464,0.111687,0.056836,-0.0143575,,,
39.6,pf,map,0.236648,1.8814,-0.0400873,0.026098,0.0279342,-0.0013003,4.76929,540.074,1
39.636,odom,map,0.273299,1.7968,-0.0933181,0,0,0,,,
39.672,odom,map,0.288689,1.79531,-0.0988219,0,0,0,,,
39.708,odom,map,0.304068,1.79374,-0.10434,0,0,0,,,
39.744,odom,map,0.319431,1.79209,-0.10981,0,0,0,,,
39.78,odom,map,0.334717,1.79037,-0.115191,0,0,0,,,
39.816,kf,map,0.327196,1.88221,-0.0829995,0.0625774,0.0625774,0,0.061917,,
39.816,odom,map,0.349564,1.78961,-0.120107,0,0,0,,,
39.816,ekf,map,0.327172,1.88199,-0.0830594,0.0689608,0.0691741,-4.30257e-06,0.062208,,
39.816,ekf_predict_only,map,0.422756,1.8707,-0.118642,33.8711,34.5389,-14.563,,,
39.816,pf,map,0.340023,1.88293,-0.0833946,0.0282323,0.0296329,0.000704087,8.60487,547.035,1
39.852,odom,map,0.363832,1.79045,-0.124378,0,0,0,,,
39.888,odom,map,0.378218,1.79121,-0.128477,0,0,0,,,
39.924,odom,map,0.392873,1.79189,-0.132339,0,0,0,,,
39.96,odom,map,0.407734,1.7925,-0.136212,0,0,0,,,
39.996,odom,map,0.422607,1.79306,-0.140088,0,0,0,,,
39.996,ekf,map,0.405816,1.8743,-0.108392,0.0676732,0.0678594,9.05245e-07,0.059167,,
39.996,kf,map,0.405944,1.87446,-0.108355,0.0623802,0.0623802,0,0.101625,,
40.032,odom,map,0.438368,1.79109,-0.144973,0,0,0,,,
39.996,ekf_predict_only,map,0.502632,1.86118,-0.143888,33.7848,36.4843,-15.2347,,,
39.996,pf,map,0.434177,1.86102,-0.10134,0.0282319,0.030354,0.00256815,5.28,567.42,1
40.068,odom,map,0.454437,1.7887,-0.150133,0,0,0,,,
40.104,odom,map,0.470646,1.7862,-0.155372,0,0,0,,,
40.14,odom,map,0.486849,1.78362,-0.160469,0,0,0,,,
40.176,odom,map,0.503161,1.78094,-0.165528,0,0,0,,,
40.212,odom,map,0.519488,1.77817,-0.170518,0,0,0,,,
40.212,ekf_predict_only,map,0.602167,1.84676,-0.173678,33.6052,39.0232,-16.0228,,,
40.212,kf,map,0.503783,1.8624,-0.138658,0.0625532,0.0625532,0,0.068292,,
40.212,ekf,map,0.503533,1.86222,-0.138731,0.0686577,0.068891,8.3126e-06,0.065417,,
40.2,amcl,map,0.525533,1.78486,-0.161648,0.122496,0.0559779,-0.0186236,,,
40.212,pf,map,0.515399,1.85784,-0.139823,0.0247976,0.0282164,-0.00101271,6.29671,562.642,1
40.248,odom,map,0.535801,1.77532,-0.175484,0,0,0,,,
40.284,odom,map,0.552099,1.77239,-0.180363,0,0,0,,,
40.32,odom,map,0.568383,1.76938,-0.185149,0,0,0,,,
40.356,odom,map,0.584653,1.76629,-0.189739,0,0,0,,,
40.392,odom,map,0.600909,1.76313,-0.194279,0,0,0,,,
40.428,odom,map,0.616424,1.75856,-0.199471,0,0,0,,,
40.392,ekf_predict_only,map,0.684032,1.8324,-0.196486,33.43,41.2456,-16.6209,,,
40.392,ekf,map,0.584837,1.8497,-0.16235,0.0676242,0.067833,1.28883e-05,0.053625,,
40.392,kf,map,0.585012,1.84986,-0.162252,0.0623768,0.0623768,0,0.063375,,
40.392,pf,map,0.617325,1.83804,-0.160708,0.0281482,0.0298861,0.000349487,6.58096,551.625,1
40.464,odom,map,0.631569,1.75338,-0.204718,0,0,0,,,
40.5,odom,map,0.64664,1.74812,-0.209806,0,0,0,,,
40.536,odom,map,0.661623,1.74278,-0.214834,0,0,0,,,
40.572,odom,map,0.676464,1.73736,-0.219663,0,0,0,,,
40.608,odom,map,0.691319,1.73233,-0.223926,0,0,0,,,
40.608,ekf_predict_only,map,0.778315,1.81363,-0.217624,33.1753,43.9211,-17.2555,,,
40.608,ekf,map,0.680579,1.83268,-0.186275,0.0686795,0.0689314,2.27452e-05,0.069667,,
40.608,kf,map,0.680574,1.83293,-0.185982,0.0625528,0.0625528,0,0.058,,
40.608,pf,map,0.704463,1.82573,-0.196548,0.0289387,0.0269339,-0.00278671,5.77892,551.872,1
40.644,odom,map,0.706825,1.72877,-0.227128,0,0,0,,,
40.68,odom,map,0.722277,1.72518,-0.230193,0,0,0,,,
40.716,odom,map,0.73761,1.72156,-0.232993,0,0,0,,,
40.752,odom,map,0.752577,1.71799,-0.235243,0,0,0,,,
40.788,odom,map,0.767358,1.71443,-0.237392,0,0,0,,,
40.788,ekf_predict_only,map,0.852862,1.79715,-0.231802,32.9684,46.1574,-17.7133,,,
40.788,ekf,map,0.756973,1.81747,-0.200829,0.0676519,0.0678651,2.41219e-05,0.063166,,
40.824,odom,map,0.782173,1.71083,-0.239936,0,0,0,,,
40.788,kf,map,0.756867,1.81766,-0.200684,0.0623767,0.0623767,0,0.980958,,
40.8,amcl,map,0.798246,1.74236,-0.235907,0.104279,0.0554615,-0.0216446,,,
40.788,pf,map,0.774323,1.8242,-0.199745,0.0267794,0.0287076,0.000791653,11.1585,554.096,1
40.86,odom,map,0.796886,1.70721,-0.242781,0,0,0,,,
40.896,odom,map,0.811515,1.70356,-0.245394,0,0,0,,,
40.932,odom,map,0.82613,1.69988,-0.247803,0,0,0,,,
40.968,odom,map,0.840584,1.69621,-0.250021,0,0,0,,,
41.004,odom,map,0.854939,1.69278,-0.251178,0,0,0,,,
41.004,ekf_predict_only,map,0.938009,1.77705,-0.236294,32.7001,48.8062,-18.1927,,,
41.004,ekf,map,0.844786,1.79874,-0.211911,0.0687076,0.0689486,3.32231e-05,0.06125,,
41.004,kf,map,0.844579,1.79902,-0.211263,0.0625527,0.0625527,0,0.12575,,
41.004,pf,map,0.866284,1.7939,-0.212714,0.0283353,0.0321684,-0.00113774,5.7825,545.733,1
41.04,odom,map,0.872344,1.69278,-0.249737,0,0,0,,,
41.076,odom,map,0.8897,1.69283,-0.248047,0,0,0,,,
41.112,odom,map,0.906911,1.69297,-0.245709,0,0,0,,,
41.148,odom,map,0.924019,1.6932,-0.243137,0,0,0,,,
41.184,odom,map,0.941112,1.69348,-0.240555,0,0,0,,,
41.184,ekf_predict_only,map,1.00661,1.76053,-0.233536,32.5022,51.0446,-18.5538,,,
41.22,odom,map,0.956292,1.69177,-0.239057,0,0,0,,,
41.184,kf,map,0.915158,1.78339,-0.212703,0.0623767,0.0623767,0,0.267583,,
41.184,ekf,map,0.915345,1.78316,-0.21327,0.0676704,0.0678662,3.07314e-05,0.584833,,
41.184,pf,map,0.947822,1.76326,-0.216643,0.0306682,0.0269743,-0.00106071,7.48542,554.846,1
41.256,odom,map,0.969882,1.68846,-0.238403,0,0,0,,,
41.292,odom,map,0.983244,1.68522,-0.237606,0,0,0,,,
41.328,odom,map,0.996522,1.68201,-0.236772,0,0,0,,,
41.364,odom,map,1.00965,1.67885,-0.235672,0,0,0,,,
41.4,odom,map,1.0225,1.67577,-0.234158,0,0,0,,,
41.4,ekf_predict_only,map,1.08171,1.74266,-0.222361,32.285,53.573,-18.9316,,,
41.4,ekf,map,0.994706,1.76584,-0.207396,0.0687225,0.0689351,3.73189e-05,0.062042,,
41.4,kf,map,0.994303,1.76609,-0.206709,0.0625527,0.0625527,0,0.09525,,
41.4,pf,map,1.03162,1.7563,-0.206266,0.0286807,0.0267617,-0.00166716,4.41125,550.493,1
41.436,odom,map,1.03506,1.67279,-0.23232,0,0,0,,,
41.472,odom,map,1.04758,1.66984,-0.230457,0,0,0,,,
41.508,odom,map,1.05981,1.66699,-0.228063,0,0,0,,,
41.544,odom,map,1.07174,1.66423,-0.225429,0,0,0,,,
41.58,odom,map,1.08359,1.66153,-0.222767,0,0,0,,,
41.616,odom,map,1.09577,1.65945,-0.220567,0,0,0,,,
41.616,ekf,map,1.06783,1.75063,-0.193676,0.0689674,0.0691632,3.67588e-05,0.057,,
41.616,kf,map,1.06733,1.75084,-0.193039,0.0625774,0.0625774,0,0.10725,,
41.616,ekf_predict_only,map,1.15069,1.72707,-0.204521,32.1124,55.9842,-19.2732,,,
41.601,amcl,map,1.09083,1.68369,-0.228432,0.0926219,0.0706759,-0.0252151,,,
41.616,pf,map,1.10662,1.7402,-0.200538,0.0316529,0.0240787,-0.00126128,7.89021,562.186,1
41.652,odom,map,1.10843,1.6583,-0.219151,0,0,0,,,
41.688,odom,map,1.1208,1.6572,-0.217384,0,0,0,,,
41.724,odom,map,1.13307,1.65612,-0.215453,0,0,0,,,
41.76,odom,map,1.14508,1.65508,-0.213291,0,0,0,,,
41.796,odom,map,1.15663,1.65415,-0.21068,0,0,0,,,
41.832,odom,map,1.16693,1.65214,-0.206419,0,0,0,,,
41.796,ekf,map,1.12225,1.74026,-0.17506,0.0676782,0.0678233,2.82117e-05,0.059959,,
41.796,ekf_predict_only,map,1.2015,1.71653,-0.182234,32.0305,57.8366,-19.5301,,,
41.796,kf,map,1.1218,1.74042,-0.174536,0.0623802,0.0623802,0,0.15075,,
41.796,pf,map,1.13776,1.72554,-0.163674,0.0262015,0.0260601,-0.00135116,7.72496,557.578,1
41.868,odom,map,1.17692,1.65007,-0.201736,0,0,0,,,
41.904,odom,map,1.18655,1.64813,-0.196742,0,0,0,,,
41.94,odom,map,1.19552,1.64636,-0.191377,0,0,0,,,
41.976,odom,map,1.2044,1.64467,-0.185961,0,0,0,,,
42.012,odom,map,1.21298,1.64308,-0.180349,0,0,0,,,
42.012,ekf_predict_only,map,1.25229,1.70717,-0.148314,31.9704,59.7308,-19.7991,,,
42.012,ekf,map,1.17817,1.73094,-0.144673,0.0686623,0.0688073,2.85626e-05,0.057416,,
42.012,kf,map,1.17755,1.73107,-0.144165,0.0625532,0.0625532,0,0.155625,,
42.012,pf,map,1.19382,1.7295,-0.154182,0.0275566,0.0281438,-0.00352799,4.37121,549.507,1
42.048,odom,map,1.22119,1.64161,-0.174373,0,0,0,,,
42.084,odom,map,1.22888,1.64028,-0.167981,0,0,0,,,
42.12,odom,map,1.23646,1.63901,-0.161555,0,0,0,,,
42.156,odom,map,1.24376,1.63785,-0.154897,0,0,0,,,
42.192,odom,map,1.25052,1.63682,-0.148068,0,0,0,,,
42.228,odom,map,1.25708,1.63586,-0.141201,0,0,0,,,
42.192,kf,map,1.21526,1.72603,-0.112437,0.0623768,0.0623768,0,0.059417,,
42.192,ekf_predict_only,map,1.28506,1.70227,-0.113981,31.9872,61.0113,-19.9892,,,
42.192,ekf,map,1.21586,1.72595,-0.112819,0.0676266,0.067731,2.03649e-05,0.059042,,
42.192,pf,map,1.23836,1.7219,-0.110543,0.0256596,0.028411,-0.00239541,4.73383,560.952,1
42.264,odom,map,1.26341,1.63498,-0.134345,0,0,0,,,
42.3,odom,map,1.2692,1.63422,-0.128302,0,0,0,,,
42.336,odom,map,1.27374,1.63364,-0.124797,0,0,0,,,
42.372,odom,map,1.277,1.63324,-0.123856,0,0,0,,,
42.408,odom,map,1.27868,1.63365,-0.123762,0,0,0,,,
42.408,ekf_predict_only,map,1.28506,1.70227,-0.113981,32.0872,61.1113,-19.9892,,,
42.408,ekf,map,1.2371,1.72396,-0.0970074,0.0686799,0.0687703,1.74804e-05,0.120917,,
42.408,kf,map,1.23497,1.72414,-0.098275,0.0625528,0.0625528,0,0.075791,,
42.408,pf,map,1.26845,1.73263,-0.0859424,0.0238231,0.0310197,0.00123522,6.14667,554.65,1
42.444,odom,map,1.2781,1.63654,-0.123339,0,0,0,,,
42.48,odom,map,1.27683,1.63951,-0.122915,0,0,0,,,
42.516,odom,map,1.27556,1.64248,-0.122492,0,0,0,,,
42.552,odom,map,1.27429,1.64544,-0.122068,0,0,0,,,
42.588,odom,map,1.27302,1.64841,-0.121645,0,0,0,,,
42.588,ekf_predict_only,map,1.28506,1.70227,-0.113981,32.1872,61.2113,-19.9892,,,
42.588,ekf,map,1.24411,1.72327,-0.0921296,0.0676505,0.0677067,1.08126e-05,0.057667,,
42.624,odom,map,1.27256,1.64949,-0.121492,0,0,0,,,
42.588,kf,map,1.24276,1.72339,-0.0929865,0.0623767,0.0623767,0,0.099459,,
42.588,pf,map,1.27917,1.72395,-0.0813629,0.0272325,0.0267364,-0.000453835,7.90975,577.967,1
42.66,odom,map,1.27256,1.64949,-0.121492,0,0,0,,,
42.696,odom,map,1.27256,1.64949,-0.121492,0,0,0,,,
42.732,odom,map,1.27256,1.64949,-0.121492,0,0,0,,,
42.768,odom,map,1.27277,1.64946,-0.121733,0,0,0,,,
42.804,odom,map,1.27302,1.64943,-0.122,0,0,0,,,
42.804,kf,map,1.24698,1.72299,-0.0918648,0.0625527,0.0625527,0,0.067083,,
42.804,ekf_predict_only,map,1.28769,1.70197,-0.115466,32.2821,61.4067,-20.006,,,
42.804,ekf,map,1.24755,1.72294,-0.0913404,0.0687038,0.0687478,8.44808e-06,0.054459,,
42.804,pf,map,1.25262,1.72661,-0.0910576,0.0263113,0.0242276,-0.000530211,6.36958,576.687,1
42.84,odom,map,1.27339,1.64938,-0.122254,0,0,0,,,
42.876,odom,map,1.27408,1.6493,-0.122849,0,0,0,,,
42.912,odom,map,1.27521,1.64916,-0.124014,0,0,0,,,
42.948,odom,map,1.27657,1.64899,-0.125515,0,0,0,,,
42.984,odom,map,1.27827,1.64877,-0.127598,0,0,0,,,
43.02,odom,map,1.28038,1.6485,-0.130548,0,0,0,,,
42.984,ekf_predict_only,map,1.29894,1.70067,-0.132151,32.36,61.9165,-20.0775,,,
42.984,ekf,map,1.25501,1.72226,-0.0998222,0.067666,0.0676925,5.05403e-06,0.10325,,
42.984,kf,map,1.25509,1.72224,-0.100661,0.0623767,0.0623767,0,0.0605,,
42.984,pf,map,1.27445,1.71979,-0.0940936,0.0262314,0.0275582,0.000266968,9.02642,571.718,1
43.056,odom,map,1.28262,1.6482,-0.133885,0,0,0,,,
43.092,odom,map,1.28513,1.64786,-0.13774,0,0,0,,,
43.128,odom,map,1.28797,1.64746,-0.142512,0,0,0,,,
43.164,odom,map,1.2903,1.64712,-0.148711,0,0,0,,,
43.2,odom,map,1.29161,1.64691,-0.156162,0,0,0,,,
43.2,ekf_predict_only,map,1.30203,1.70026,-0.180067,32.4531,62.1296,-20.0961,,,
43.2,ekf,map,1.26394,1.72129,-0.131747,0.0687161,0.068737,3.90656e-06,0.055333,,
43.2,kf,map,1.26345,1.72133,-0.133495,0.0625527,0.0625527,0,0.061375,,
43.2,pf,map,1.29096,1.72833,-0.127469,0.0277639,0.0226231,-0.00213367,6.09833,551.709,1
43.236,odom,map,1.29184,1.64688,-0.164593,0,0,0,,,
43.272,odom,map,1.29163,1.64692,-0.173386,0,0,0,,,
43.308,odom,map,1.29117,1.647,-0.182683,0,0,0,,,
43.344,odom,map,1.28999,1.64722,-0.193725,0,0,0,,,
43.38,odom,map,1.28868,1.64749,-0.205085,0,0,0,,,
43.416,odom,map,1.28733,1.64778,-0.216703,0,0,0,,,
43.416,ekf_predict_only,map,1.29381,1.70175,-0.250684,32.5784,61.9293,-20.0539,,,
43.416,ekf,map,1.26022,1.72191,-0.190395,0.0689607,0.068975,2.6675e-06,0.058333,,
43.416,kf,map,1.25961,1.72198,-0.192157,0.0625774,0.0625774,0,0.147584,,
43.416,pf,map,1.30273,1.73885,-0.184335,0.0262068,0.0264299,0.000782965,8.4875,577.423,1
43.452,odom,map,1.28593,1.64809,-0.228987,0,0,0,,,
43.488,odom,map,1.28451,1.64843,-0.24176,0,0,0,,,
43.524,odom,map,1.28318,1.64877,-0.254715,0,0,0,,,
43.56,odom,map,1.28195,1.6491,-0.26809,0,0,0,,,
43.596,odom,map,1.28083,1.64941,-0.281943,0,0,0,,,
43.596,ekf,map,1.25557,1.72304,-0.254311,0.0676729,0.0676813,1.54905e-06,0.053583,,
43.596,kf,map,1.25532,1.72307,-0.255638,0.0623802,0.0623802,0,0.06075,,
43.632,odom,map,1.27985,1.64971,-0.296363,0,0,0,,,
43.596,ekf_predict_only,map,1.28889,1.70301,-0.323105,32.6997,61.8504,-20.0351,,,
43.596,pf,map,1.26146,1.72637,-0.25612,0.0279878,0.0265495,-0.000481378,6.05379,577.996,1
43.668,odom,map,1.27889,1.65001,-0.310847,0,0,0,,,
43.704,odom,map,1.27802,1.65029,-0.325494,0,0,0,,,
43.74,odom,map,1.27742,1.6505,-0.340557,0,0,0,,,
43.776,odom,map,1.27698,1.65066,-0.355919,0,0,0,,,
43.812,odom,map,1.27686,1.65071,-0.371572,0,0,0,,,
43.812,ekf_predict_only,map,1.29396,1.70132,-0.418131,32.771,62.1348,-20.0472,,,
43.812,ekf,map,1.25455,1.72349,-0.342842,0.0686569,0.0686632,1.18005e-06,0.099542,,
43.812,kf,map,1.255,1.72333,-0.343916,0.0625532,0.0625532,0,0.057875,,
43.812,pf,map,1.27019,1.72062,-0.3404,0.0282685,0.029166,0.000680624,6.4895,566.579,1
43.848,odom,map,1.27788,1.6503,-0.387777,0,0,0,,,
43.884,odom,map,1.27989,1.64945,-0.404415,0,0,0,,,
43.92,odom,map,1.28224,1.64842,-0.421196,0,0,0,,,
43.956,odom,map,1.28474,1.64728,-0.43805,0,0,0,,,
43.992,odom,map,1.28783,1.6458,-0.455136,0,0,0,,,
44.028,odom,map,1.2917,1.64386,-0.47255,0,0,0,,,
43.992,ekf,map,1.2671,1.71849,-0.425628,0.0676229,0.0676278,1.14696e-06,0.060125,,
43.992,kf,map,1.26796,1.71821,-0.426386,0.0623768,0.0623768,0,0.053459,,
43.992,ekf_predict_only,map,1.31476,1.69207,-0.505483,32.7153,62.9967,-20.0531,,,
44.001,amcl,map,1.27846,1.65544,-0.461011,0.0903785,0.0737682,-0.0324903,,,
43.992,pf,map,1.28955,1.71868,-0.421826,0.028823,0.0273017,0.00198022,8.867,545.692,1
44.064,odom,map,1.29574,1.64175,-0.490021,0,0,0,,,
44.1,odom,map,1.30001,1.63942,-0.507576,0,0,0,,,
44.136,odom,map,1.30501,1.63658,-0.525402,0,0,0,,,
44.172,odom,map,1.31022,1.6335,-0.54328,0,0,0,,,
44.208,odom,map,1.31567,1.63014,-0.561166,0,0,0,,,
44.208,ekf_predict_only,map,1.34982,1.67267,-0.612817,32.4933,64.3981,-19.9839,,,
44.208,ekf,map,1.29506,1.70404,-0.530569,0.0686778,0.0686868,3.56215e-06,0.0595,,
44.208,kf,map,1.29613,1.70372,-0.531062,0.0625528,0.0625528,0,0.152125,,
44.208,pf,map,1.32192,1.70874,-0.525398,0.029977,0.0266813,-0.000989121,5.69212,521.64,1
44.244,odom,map,1.32156,1.62636,-0.578941,0,0,0,,,
44.28,odom,map,1.32818,1.62195,-0.59667,0,0,0,,,
44.316,odom,map,1.33535,1.61698,-0.614574,0,0,0,,,
44.352,odom,map,1.34258,1.61178,-0.632493,0,0,0,,,
44.388,odom,map,1.35012,1.60615,-0.650499,0,0,0,,,
44.424,odom,map,1.35796,1.60007,-0.668517,0,0,0,,,
44.388,ekf_predict_only,map,1.39279,1.64246,-0.702931,32.1053,66.1224,-19.7599,,,
44.388,ekf,map,1.33089,1.6806,-0.619419,0.0676525,0.0676665,8.37067e-06,0.057834,,
44.388,kf,map,1.33202,1.68022,-0.619696,0.0623767,0.0623767,0,0.091625,,
44.388,pf,map,1.36956,1.67891,-0.622999,0.0295572,0.0262803,0.000159167,6.36108,563.119,1
44.46,odom,map,1.36648,1.59321,-0.686462,0,0,0,,,
44.496,odom,map,1.37512,1.586,-0.70439,0,0,0,,,
44.532,odom,map,1.38392,1.57838,-0.722567,0,0,0,,,
44.568,odom,map,1.39293,1.57029,-0.740981,0,0,0,,,
44.604,odom,map,1.40213,1.56171,-0.759603,0,0,0,,,
44.604,kf,map,1.38544,1.63782,-0.729407,0.0625527,0.0625527,0,0.055667,,
44.604,ekf_predict_only,map,1.45176,1.59249,-0.815148,31.4336,68.5057,-19.248,,,
44.604,ekf,map,1.38417,1.63822,-0.729095,0.0687163,0.0687433,2.3623e-05,0.060792,,
44.601,amcl,map,1.39655,1.5919,-0.742657,0.0815121,0.0780971,-0.0323028,,,
44.604,pf,map,1.39795,1.6318,-0.723342,0.0370268,0.03469,-0.00171524,5.06533,547.794,1
44.64,odom,map,1.41139,1.55275,-0.778306,0,0,0,,,
44.676,odom,map,1.42059,1.54351,-0.796988,0,0,0,,,
44.712,odom,map,1.43003,1.53366,-0.815617,0,0,0,,,
44.748,odom,map,1.43965,1.52326,-0.833985,0,0,0,,,
44.784,odom,map,1.44916,1.51257,-0.852292,0,0,0,,,
44.784,ekf_predict_only,map,1.50293,1.53818,-0.905778,30.7457,70.637,-18.5412,,,
44.784,kf,map,1.43312,1.59034,-0.820386,0.0623767,0.0623767,0,0.10575,,
44.82,odom,map,1.45759,1.50252,-0.870644,0,0,0,,,
44.784,ekf,map,1.43203,1.59066,-0.820336,0.0676896,0.0677167,3.49146e-05,0.052833,,
44.784,pf,map,1.45514,1.59166,-0.805109,0.0276711,0.0281493,-0.000332432,6.07683,543.677,1
44.856,odom,map,1.46535,1.49261,-0.888988,0,0,0,,,
44.892,odom,map,1.47297,1.48243,-0.907312,0,0,0,,,
44.928,odom,map,1.48044,1.47198,-0.925447,0,0,0,,,
44.964,odom,map,1.48783,1.46115,-0.943192,0,0,0,,,
45,odom,map,1.49514,1.44998,-0.960426,0,0,0,,,
45,ekf_predict_only,map,1.56185,1.46304,-1.00667,29.843,73.1345,-17.4056,,,
45,kf,map,1.4913,1.52093,-0.924994,0.0625527,0.0625527,0,0.061083,,
45,ekf,map,1.49023,1.52102,-0.92538,0.0687685,0.0687957,6.38684e-05,0.052834,,
45,amcl,map,1.53108,1.44136,-0.968177,0.0563765,0.0624581,-0.0316292,,,
45,pf,map,1.51622,1.53075,-0.923717,0.0250645,0.0271714,-0.00219844,10.7963,544.625,1
45.036,odom,map,1.5041,1.43691,-0.97725,0,0,0,,,
45.072,odom,map,1.51293,1.42358,-0.993767,0,0,0,,,
45.108,odom,map,1.52166,1.40993,-1.00964,0,0,0,,,
45.144,odom,map,1.53025,1.39603,-1.02509,0,0,0,,,
45.18,odom,map,1.53864,1.38196,-1.04043,0,0,0,,,
45.216,odom,map,1.54682,1.36778,-1.05546,0,0,0,,,
45.216,ekf_predict_only,map,1.61438,1.38002,-1.09597,28.9541,75.4247,-15.9877,,,
45.216,ekf,map,1.54391,1.44121,-1.01993,0.0690417,0.0690518,8.40472e-05,0.054292,,
45.216,kf,map,1.54489,1.44137,-1.01927,0.0625774,0.0625774,0,0.060458,,
45.216,pf,map,1.55828,1.44472,-1.02881,0.0260648,0.0275044,-0.00270477,6.17563,550.154,1
45.252,odom,map,1.55474,1.35355,-1.06987,0,0,0,,,
45.288,odom,map,1.56246,1.33921,-1.08388,0,0,0,,,
45.324,odom,map,1.56999,1.32474,-1.09776,0,0,0,,,
45.36,odom,map,1.5773,1.31021,-1.11126,0,0,0,,,
45.396,odom,map,1.5844,1.29562,-1.12444,0,0,0,,,
45.432,odom,map,1.59306,1.28463,-1.1349,0,0,0,,,
45.396,kf,map,1.58374,1.37076,-1.0889,0.0623802,0.0623802,0,0.059167,,
45.396,ekf_predict_only,map,1.65146,1.30789,-1.16177,28.2965,77.101,-14.6491,,,
45.396,ekf,map,1.58305,1.37053,-1.08947,0.0677628,0.0677495,8.03817e-05,0.805958,,
45.396,pf,map,1.60275,1.37429,-1.10213,0.0279606,0.0265106,-0.000563748,5.32304,573.354,1
45.468,odom,map,1.60177,1.27409,-1.14472,0,0,0,,,
45.504,odom,map,1.61037,1.26344,-1.15394,0,0,0,,,
45.54,odom,map,1.61878,1.25288,-1.16288,0,0,0,,,
45.576,odom,map,1.627,1.24247,-1.17161,0,0,0,,,
45.612,odom,map,1.63447,1.23075,-1.18125,0,0,0,,,
45.612,ekf_predict_only,map,1.68923,1.22077,-1.23223,27.6084,78.8324,-12.9382,,,
45.612,ekf,map,1.62402,1.28387,-1.16341,0.0687907,0.0687411,0.000102073,0.064625,,
45.612,kf,map,1.62462,1.28422,-1.16286,0.0625532,0.0625532,0,0.059375,,
45.6,amcl,map,1.66236,1.20314,-1.20159,0.0386021,0.0772681,-0.0298669,,,
45.612,pf,map,1.63941,1.28818,-1.1613,0.034252,0.027582,-0.00161543,4.58954,562.948,1
45.648,odom,map,1.64035,1.21619,-1.19305,0,0,0,,,
45.684,odom,map,1.646,1.20171,-1.20493,0,0,0,,,
45.72,odom,map,1.65145,1.18722,-1.21685,0,0,0,,,
45.756,odom,map,1.65664,1.17289,-1.22936,0,0,0,,,
45.792,odom,map,1.66151,1.15891,-1.2426,0,0,0,,,
45.792,ekf,map,1.65151,1.21343,-1.22752,0.0677515,0.0676868,8.65479e-05,0.06175,,
45.792,kf,map,1.65181,1.21388,-1.22749,0.0623768,0.0623768,0,0.054208,,
45.828,odom,map,1.66887,1.14075,-1.25914,0,0,0,,,
45.792,ekf_predict_only,map,1.71319,1.15272,-1.29883,27.19,79.981,-11.5405,,,
45.792,pf,map,1.64357,1.22164,-1.22023,0.0299896,0.0229364,-0.00229069,5.13087,527.62,1
45.864,odom,map,1.67688,1.12104,-1.27662,0,0,0,,,
45.9,odom,map,1.6845,1.10123,-1.29407,0,0,0,,,
45.936,odom,map,1.69171,1.08145,-1.31141,0,0,0,,,
45.972,odom,map,1.69847,1.06186,-1.32871,0,0,0,,,
46.008,odom,map,1.70413,1.04374,-1.34503,0,0,0,,,
46.008,ekf_predict_only,map,1.73462,1.07587,-1.37511,26.8074,81.0279,-9.91003,,,
46.008,kf,map,1.67721,1.13389,-1.30395,0.0625528,0.0625528,0,0.064375,,
46.008,ekf,map,1.67696,1.13327,-1.304,0.0688374,0.0687383,9.4033e-05,0.058458,,
46.008,pf,map,1.68305,1.1424,-1.28894,0.0305857,0.029901,-0.000168156,4.42846,516.613,1
46.044,odom,map,1.70704,1.03069,-1.35776,0,0,0,,,
46.08,odom,map,1.70976,1.0177,-1.37033,0,0,0,,,
46.116,odom,map,1.71233,1.00466,-1.38364,0,0,0,,,
46.152,odom,map,1.71472,0.991519,-1.39778,0,0,0,,,
46.188,odom,map,1.71693,0.978289,-1.41243,0,0,0,,,
46.188,ekf_predict_only,map,1.74773,1.0097,-1.4526,26.5799,81.7116,-8.47018,,,
46.188,ekf,map,1.69283,1.06681,-1.37473,0.0677891,0.0676911,7.2003e-05,0.05225,,
46.188,kf,map,1.693,1.06714,-1.37522,0.0623767,0.0623767,0,0.058875,,
46.224,odom,map,1.71896,0.964983,-1.42747,0,0,0,,,
46.2,amcl,map,1.72094,1.00545,-1.40057,0.0327548,0.0828439,-0.0215411,,,
46.188,pf,map,1.69301,1.08448,-1.35463,0.0301041,0.0307224,0.00143069,9.22379,559.053,1
46.26,odom,map,1.72077,0.951634,-1.44329,0,0,0,,,
46.296,odom,map,1.72238,0.938265,-1.45924,0,0,0,,,
46.332,odom,map,1.72377,0.924902,-1.47572,0,0,0,,,
46.368,odom,map,1.72493,0.911518,-1.493,0,0,0,,,
46.404,odom,map,1.72593,0.89807,-1.51069,0,0,0,,,
46.404,ekf_predict_only,map,1.75728,0.929323,-1.55903,26.3921,82.2385,-6.69009,,,
46.404,ekf,map,1.70554,0.986683,-1.47333,0.0688714,0.0687398,7.21642e-05,0.059292,,
46.404,kf,map,1.70578,0.986852,-1.4742,0.0625527,0.0625527,0,0.064041,,
46.404,pf,map,1.71488,0.987616,-1.45844,0.0305621,0.0227334,0.00250886,4.86592,545.997,1
46.44,odom,map,1.72801,0.884715,-1.52836,0,0,0,,,
46.476,odom,map,1.72984,0.871419,-1.54648,0,0,0,,,
46.512,odom,map,1.73142,0.858247,-1.56515,0,0,0,,,
46.548,odom,map,1.73276,0.845162,-1.58411,0,0,0,,,
46.584,odom,map,1.73384,0.832191,-1.60343,0,0,0,,,
46.584,ekf_predict_only,map,1.75804,0.864927,-1.66007,26.3491,82.3724,-5.24806,,,
46.584,kf,map,1.70562,0.958535,-1.53542,0.0620443,0.0280858,0.00337625,0.107458,,
46.62,odom,map,1.73391,0.81936,-1.62352,0,0,0,,,
46.584,ekf,map,1.72995,0.962238,-1.55507,0.0240334,0.0287108,-0.00046187,0.18275,,
46.584,pf,map,1.74002,0.981369,-1.57269,0.0158473,0.0147023,-0.00209325,8.39162,488.655,1
46.656,odom,map,1.7331,0.806553,-1.64399,0,0,0,,,
46.692,odom,map,1.73204,0.793864,-1.66475,0,0,0,,,
46.728,odom,map,1.73072,0.781265,-1.68567,0,0,0,,,
46.764,odom,map,1.72916,0.768873,-1.70692,0,0,0,,,
46.8,odom,map,1.72737,0.756758,-1.72851,0,0,0,,,
46.8,ekf,map,1.74906,0.897026,-1.66999,0.0222793,0.0277145,-0.000529516,0.160958,,
46.8,kf,map,1.70189,0.891888,-1.62831,0.0621292,0.0270528,0.00387405,0.099208,,
46.8,ekf_predict_only,map,1.75171,0.794239,-1.79139,26.3823,82.1892,-3.66308,,,
46.8,amcl,map,1.73631,0.80128,-1.69402,0.0273762,0.0923117,-0.0115185,,,
46.8,pf,map,1.74799,0.901582,-1.6643,0.0119201,0.0117067,0.00132876,8.38158,518.306,1
46.836,odom,map,1.72537,0.745032,-1.75038,0,0,0,,,
46.872,odom,map,1.72313,0.733418,-1.77227,0,0,0,,,
46.908,odom,map,1.72068,0.722073,-1.79441,0,0,0,,,
46.944,odom,map,1.7181,0.711291,-1.81701,0,0,0,,,
46.98,odom,map,1.71532,0.700725,-1.83969,0,0,0,,,
47.016,ekf_predict_only,map,1.7379,0.732637,-1.928,26.5015,81.6736,-2.29249,,,
47.016,ekf,map,1.7455,0.830467,-1.80039,0.0202197,0.0276607,-0.000800992,0.107833,,
47.016,kf,map,1.69028,0.824402,-1.74567,0.061965,0.0271938,0.0046419,0.100084,,
47.016,odom,map,1.71245,0.69269,-1.86128,0,0,0,,,
47.016,pf,map,1.75874,0.84269,-1.81903,0.0120745,0.0148519,-0.000906302,5.731,456.593,1
47.052,odom,map,1.70958,0.688531,-1.88109,0,0,0,,,
47.088,odom,map,1.70662,0.684723,-1.90093,0,0,0,,,
47.124,odom,map,1.7035,0.681068,-1.92079,0,0,0,,,
47.16,odom,map,1.70027,0.677658,-1.94073,0,0,0,,,
47.196,odom,map,1.69707,0.674822,-1.96086,0,0,0,,,
47.196,ekf,map,1.73413,0.786527,-1.91362,0.0184473,0.0272898,-0.00114182,0.116042,,
47.232,odom,map,1.6936,0.667246,-1.98369,0,0,0,,,
47.196,ekf_predict_only,map,1.72234,0.690963,-2.04379,26.6555,81.0847,-1.37975,,,
47.196,kf,map,1.67428,0.778662,-1.84992,0.0614903,0.0274084,0.00556029,2.67208,,
47.202,amcl,map,1.70941,0.697246,-1.92716,0.0212258,0.085609,-0.00861943,,,
47.196,pf,map,1.75273,0.773425,-1.92598,0.00701343,0.0149888,0.00112711,8.53942,486.53,1
47.268,odom,map,1.69003,0.659342,-2.00688,0,0,0,,,
47.304,odom,map,1.68635,0.651671,-2.03013,0,0,0,,,
47.34,odom,map,1.68272,0.644534,-2.0535,0,0,0,,,
47.376,odom,map,1.67899,0.637611,-2.07688,0,0,0,,,
47.412,ekf_predict_only,map,1.70212,0.65145,-2.18441,26.8375,80.2962,-0.532535,,,
47.412,ekf,map,1.73647,0.739207,-2.04579,0.0173451,0.0274301,-0.00168804,0.136042,,
47.412,kf,map,1.65407,0.725846,-1.95407,0.0611893,0.027935,0.00684379,0.096208,,
47.412,odom,map,1.67522,0.63099,-2.10029,0,0,0,,,
47.412,pf,map,1.72297,0.767838,-2.04064,0.0109388,0.0156742,-0.00317379,14.0251,468.055,1
47.448,odom,map,1.67152,0.624835,-2.12367,0,0,0,,,
47.484,odom,map,1.66777,0.618915,-2.14701,0,0,0,,,
47.52,odom,map,1.66398,0.613226,-2.17029,0,0,0,,,
47.556,odom,map,1.66027,0.607936,-2.1935,0,0,0,,,
47.592,odom,map,1.65664,0.603,-2.2167,0,0,0,,,
47.628,odom,map,1.65475,0.599875,-2.23753,0,0,0,,,
47.592,ekf_predict_only,map,1.68485,0.626929,-2.30042,27.0036,79.6435,-0.0214423,,,
47.592,kf,map,1.63734,0.683835,-2.07023,0.0604952,0.0283961,0.00797309,0.124958,,
47.592,ekf,map,1.71507,0.698083,-2.16437,0.0162791,0.0270762,-0.00200628,0.0945,,
47.601,amcl,map,1.68061,0.605034,-2.19486,0.0214536,0.0694853,-0.00555407,,,
47.592,pf,map,1.7237,0.738942,-2.18274,0.00714958,0.0166741,-8.21502e-05,10.6073,378.025,1
47.664,odom,map,1.65362,0.59767,-2.25741,0,0,0,,,
47.7,odom,map,1.65257,0.595744,-2.27725,0,0,0,,,
47.736,odom,map,1.65177,0.594264,-2.2969,0,0,0,,,
47.772,odom,map,1.65097,0.592948,-2.31648,0,0,0,,,
47.808,odom,map,1.64968,0.591324,-2.33697,0,0,0,,,
47.808,ekf_predict_only,map,1.66724,0.607236,-2.43934,27.165,78.9819,0.376895,,,
47.808,ekf,map,1.70719,0.67473,-2.29968,0.0158611,0.0271205,-0.00264804,0.176666,,
47.808,kf,map,1.61774,0.654559,-2.18842,0.0600123,0.0291108,0.00919515,0.092875,,
47.808,pf,map,1.70688,0.702929,-2.29435,0.0079987,0.0143649,-0.000718376,7.37979,420.854,1
47.844,odom,map,1.64683,0.588429,-2.35964,0,0,0,,,
47.88,odom,map,1.64398,0.585663,-2.38221,0,0,0,,,
47.916,odom,map,1.64122,0.5831,-2.40463,0,0,0,,,
47.952,odom,map,1.63879,0.580935,-2.42691,0,0,0,,,
47.988,odom,map,1.63659,0.579071,-2.44894,0,0,0,,,
47.988,ekf_predict_only,map,1.65702,0.598584,-2.54873,27.2944,78.6425,0.545438,,,
47.988,ekf,map,1.69341,0.65268,-2.41206,0.0154404,0.0267658,-0.00284852,0.107875,,
47.988,kf,map,1.60655,0.631595,-2.29919,0.0593402,0.029554,0.00997149,0.196166,,
48.024,odom,map,1.63497,0.578411,-2.46862,0,0,0,,,
48,amcl,map,1.65792,0.586626,-2.44404,0.0194216,0.0515034,-0.00478689,,,
47.988,pf,map,1.70297,0.686477,-2.42187,0.0070688,0.0123064,-0.000356625,13.7803,372.115,1
48.06,odom,map,1.63365,0.578441,-2.48696,0,0,0,,,
48.096,odom,map,1.63246,0.578638,-2.50508,0,0,0,,,
48.132,odom,map,1.63152,0.579074,-2.52311,0,0,0,,,
48.168,odom,map,1.63059,0.579563,-2.54115,0,0,0,,,
48.204,odom,map,1.62969,0.580061,-2.55905,0,0,0,,,
48.204,ekf,map,1.69481,0.645605,-2.53652,0.0154952,0.0268802,-0.00319878,0.109208,,
48.204,kf,map,1.59688,0.619607,-2.40856,0.0590939,0.0300355,0.010599,0.156042,,
48.204,ekf_predict_only,map,1.65049,0.594184,-2.67158,27.4099,78.4629,0.628101,,,
48.204,pf,map,1.71794,0.641293,-2.56983,0.00511792,0.0164066,-0.00213626,6.16763,436.165,1
48.24,odom,map,1.62855,0.579325,-2.57958,0,0,0,,,
48.276,odom,map,1.62757,0.578719,-2.59998,0,0,0,,,
48.312,odom,map,1.62666,0.578185,-2.62033,0,0,0,,,
48.348,odom,map,1.62579,0.577697,-2.64072,0,0,0,,,
48.384,odom,map,1.6251,0.577328,-2.66064,0,0,0,,,
48.42,odom,map,1.62534,0.57521,-2.68135,0,0,0,,,
48.384,ekf,map,1.68979,0.637352,-2.6392,0.015221,0.02661,-0.00319286,0.173542,,
48.384,kf,map,1.59257,0.611031,-2.50934,0.058691,0.0302076,0.0108865,0.102125,,
48.384,ekf_predict_only,map,1.64726,0.592544,-2.77035,27.5158,78.425,0.657347,,,
48.402,amcl,map,1.6393,0.570478,-2.687,0.0182272,0.0409672,-0.00282972,,,
48.384,pf,map,1.67686,0.639461,-2.62335,0.00639301,0.0124343,-0.00296435,9.52267,391.744,1
48.456,odom,map,1.62643,0.571739,-2.70251,0,0,0,,,
48.492,odom,map,1.62762,0.568334,-2.72325,0,0,0,,,
48.528,odom,map,1.62897,0.565004,-2.74336,0,0,0,,,
48.564,odom,map,1.63032,0.561688,-2.76338,0,0,0,,,
48.6,odom,map,1.63186,0.558444,-2.78328,0,0,0,,,
48.6,ekf,map,1.69409,0.632378,-2.74944,0.0153826,0.0268325,-0.00330703,0.109875,,
48.6,kf,map,1.59248,0.604575,-2.61325,0.0587681,0.0303642,0.0110369,0.09875,,
48.6,ekf_predict_only,map,1.64862,0.593074,-2.87518,27.6139,78.5832,0.648471,,,
48.6,pf,map,1.68576,0.677187,-2.76836,0.00917556,0.0173939,-0.00400035,7.02083,341.705,1
48.636,odom,map,1.63208,0.55842,-2.80098,0,0,0,,,
48.672,odom,map,1.63246,0.55855,-2.81821,0,0,0,,,
48.708,odom,map,1.6329,0.558693,-2.83535,0,0,0,,,
48.744,odom,map,1.63345,0.558863,-2.85215,0,0,0,,,
48.78,odom,map,1.6342,0.559079,-2.86841,0,0,0,,,
48.816,odom,map,1.63579,0.560556,-2.88387,0,0,0,,,
48.816,ekf,map,1.69722,0.63177,-2.8502,0.0153064,0.026902,-0.00322864,0.126833,,
48.816,kf,map,1.59548,0.604421,-2.71287,0.0588727,0.0302867,0.0109372,0.103458,,
48.816,ekf_predict_only,map,1.65404,0.594554,-2.9687,27.7086,78.9151,0.62652,,,
48.816,pf,map,1.6959,0.674786,-2.85603,0.00792391,0.0183786,-0.00103899,7.09754,415.332,1
48.852,odom,map,1.63848,0.563958,-2.89898,0,0,0,,,
48.888,odom,map,1.64136,0.567394,-2.91347,0,0,0,,,
48.924,odom,map,1.64434,0.570835,-2.92733,0,0,0,,,
48.96,odom,map,1.64733,0.574261,-2.94111,0,0,0,,,
48.996,odom,map,1.64992,0.577595,-2.95409,0,0,0,,,
48.996,ekf_predict_only,map,1.65404,0.594554,-2.98236,27.8086,79.0151,0.62652,,,
48.996,kf,map,1.59888,0.601521,-2.77963,0.0587682,0.0301351,0.0107919,0.114459,,
49.032,odom,map,1.65013,0.57795,-2.96494,0,0,0,,,
48.996,ekf,map,1.69201,0.625959,-2.90893,0.0149656,0.0266709,-0.00307938,0.097125,,
49.002,amcl,map,1.6318,0.564309,-2.95609,0.0219331,0.0365769,0.000806557,,,
48.996,pf,map,1.71299,0.670048,-2.94699,0.00808213,0.0124358,-0.000708763,8.15221,391.041,1
49.068,odom,map,1.65013,0.57795,-2.97325,0,0,0,,,
49.104,odom,map,1.65013,0.57795,-2.97897,0,0,0,,,
49.14,odom,map,1.65013,0.57795,-2.9821,0,0,0,,,
49.176,odom,map,1.65013,0.57795,-2.98275,0,0,0,,,
49.212,odom,map,1.64992,0.577617,-2.98327,0,0,0,,,
49.212,ekf_predict_only,map,1.65404,0.594554,-2.98236,27.9086,79.1151,0.62652,,,
49.212,ekf,map,1.69627,0.62367,-2.94169,0.0151467,0.0268738,-0.00322636,0.116541,,
49.212,kf,map,1.60084,0.59839,-2.81061,0.0589631,0.0301699,0.0107824,0.098541,,
49.212,pf,map,1.70928,0.588328,-2.95858,0.00917486,0.0123008,-0.00266546,10.4241,372.662,1
49.248,odom,map,1.64922,0.576523,-2.98496,0,0,0,,,
49.284,odom,map,1.6485,0.575426,-2.98666,0,0,0,,,
49.32,odom,map,1.64778,0.574327,-2.98836,0,0,0,,,
49.356,odom,map,1.64705,0.573223,-2.99006,0,0,0,,,
49.392,odom,map,1.6463,0.572117,-2.99176,0,0,0,,,
49.428,odom,map,1.64609,0.571809,-2.99223,0,0,0,,,
49.392,ekf_predict_only,map,1.65404,0.594554,-2.98236,28.0086,79.2151,0.62652,,,
49.392,ekf,map,1.70111,0.625401,-2.95056,0.0149038,0.026621,-0.00319336,0.732792,,
49.392,kf,map,1.60104,0.598821,-2.81477,0.0588112,0.0300887,0.0107297,0.169958,,
49.392,pf,map,1.6978,0.637416,-2.94889,0.00683926,0.0172355,-0.00265567,9.28971,362.015,1
49.464,odom,map,1.64609,0.571809,-2.99223,0,0,0,,,
49.5,odom,map,1.64609,0.571809,-2.99223,0,0,0,,,
49.536,odom,map,1.64609,0.571809,-2.99223,0,0,0,,,
49.572,odom,map,1.64609,0.571809,-2.99223,0,0,0,,,
49.608,odom,map,1.64577,0.571761,-2.99225,0,0,0,,,
49.608,ekf_predict_only,map,1.64764,0.593526,-2.98259,28.1123,79.0414,0.637068,,,
49.608,kf,map,1.59933,0.596136,-2.81245,0.0588977,0.0302347,0.0108683,0.137125,,
49.608,ekf,map,1.7029,0.6241,-2.95293,0.0151382,0.0268645,-0.00326298,0.101375,,
49.608,pf,map,1.70574,0.627884,-2.95099,0.00603263,0.0155562,-0.00136362,14.942,432.377,1
49.644,odom,map,1.64439,0.571553,-2.99227,0,0,0,,,
49.68,odom,map,1.64221,0.571225,-2.99228,0,0,0,,,
49.716,odom,map,1.63969,0.570846,-2.99239,0,0,0,,,
49.752,odom,map,1.63596,0.570284,-2.99204,0,0,0,,,
49.788,odom,map,1.63174,0.569648,-2.9915,0,0,0,,,
49.824,odom,map,1.62544,0.568064,-2.98944,0,0,0,,,
49.788,ekf_predict_only,map,1.62193,0.589403,-2.97681,28.2272,78.0505,0.677946,,,
49.788,kf,map,1.58271,0.592924,-2.81105,0.058175,0.0307213,0.0115261,0.155459,,
49.788,ekf,map,1.68531,0.623523,-2.95177,0.0151159,0.0264638,-0.00346783,0.805458,,
49.788,pf,map,1.67984,0.661519,-2.95534,0.00599527,0.0135139,-0.00246789,7.14088,419.331,1
49.86,odom,map,1.61744,0.565843,-2.98649,0,0,0,,,
49.896,odom,map,1.6084,0.563431,-2.9834,0,0,0,,,
49.932,odom,map,1.59917,0.560954,-2.98031,0,0,0,,,
49.968,odom,map,1.58955,0.558379,-2.97712,0,0,0,,,
50.004,odom,map,1.57933,0.555722,-2.97396,0,0,0,,,
50.004,ekf_predict_only,map,1.57239,0.581165,-2.96714,28.3581,76.0872,0.756609,,,
50.004,ekf,map,1.64797,0.61735,-2.94409,0.0160085,0.0262764,-0.00409857,0.114625,,
50.004,kf,map,1.54674,0.580281,-2.80344,0.0568978,0.0322152,0.0130655,0.102167,,
50.004,pf,map,1.64518,0.605412,-2.9352,0.00824248,0.0189811,-0.00451542,5.90246,362.068,1
50.04,odom,map,1.57086,0.554282,-2.97248,0,0,0,,,
50.076,odom,map,1.56211,0.552781,-2.9711,0,0,0,,,
50.112,odom,map,1.55313,0.55123,-2.96986,0,0,0,,,
50.148,odom,map,1.54353,0.549558,-2.96879,0,0,0,,,
50.184,odom,map,1.53349,0.547801,-2.96789,0,0,0,,,
50.22,odom,map,1.52328,0.546006,-2.96709,0,0,0,,,
50.184,ekf_predict_only,map,1.52135,0.572171,-2.96311,28.4935,74.1142,0.839051,,,
50.184,ekf,map,1.60133,0.610112,-2.94017,0.0166304,0.0255126,-0.00456356,0.109584,,
50.184,kf,map,1.50627,0.568133,-2.80543,0.0549419,0.0339304,0.014502,0.13825,,
50.184,pf,map,1.60522,0.606925,-2.94381,0.0066549,0.0130287,-0.00337924,6.15908,359.252,1
50.256,odom,map,1.51289,0.54417,-2.9665,0,0,0,,,
50.292,odom,map,1.50219,0.542275,-2.96618,0,0,0,,,
50.328,odom,map,1.49132,0.540347,-2.96595,0,0,0,,,
50.364,odom,map,1.48036,0.538402,-2.9659,0,0,0,,,
50.4,odom,map,1.46932,0.536442,-2.96612,0,0,0,,,
50.4,ekf_predict_only,map,1.45332,0.559897,-2.96547,28.6444,71.5348,0.939654,,,
50.4,ekf,map,1.54425,0.5986,-2.93783,0.0183178,0.0249733,-0.00507174,0.10825,,
50.4,kf,map,1.45157,0.547087,-2.80426,0.052354,0.03673,0.0161635,0.101416,,
50.4,pf,map,1.54739,0.597059,-2.93509,0.00676658,0.0149856,-0.00321348,6.60492,394.862,1
50.436,odom,map,1.45806,0.534449,-2.9665,0,0,0,,,
50.472,odom,map,1.44672,0.532444,-2.96689,0,0,0,,,
50.508,odom,map,1.43534,0.530439,-2.96736,0,0,0,,,
50.544,odom,map,1.42378,0.528408,-2.96809,0,0,0,,,
50.58,odom,map,1.41219,0.526382,-2.96903,0,0,0,,,
50.616,ekf,map,1.47223,0.5927,-2.94182,0.0199089,0.0243265,-0.00516711,0.099541,,
50.616,odom,map,1.40061,0.52437,-2.97003,0,0,0,,,
50.616,ekf_predict_only,map,1.38392,0.547546,-2.97146,28.7988,69.0006,1.02124,,,
50.616,kf,map,1.38806,0.534955,-2.81676,0.0493827,0.0397242,0.0172997,0.119166,,
50.616,pf,map,1.45559,0.588625,-2.90566,0.0112142,0.0117656,-0.00331631,8.11112,460.251,1
50.652,odom,map,1.38907,0.522378,-2.97175,0,0,0,,,
50.688,odom,map,1.37754,0.520417,-2.97447,0,0,0,,,
50.724,odom,map,1.36613,0.51851,-2.97774,0,0,0,,,
50.76,odom,map,1.35478,0.516654,-2.98122,0,0,0,,,
50.796,odom,map,1.34326,0.514811,-2.98465,0,0,0,,,
50.832,odom,map,1.33156,0.512981,-2.98812,0,0,0,,,
50.796,ekf_predict_only,map,1.32556,0.53752,-2.98881,28.9452,66.9633,1.0695,,,
50.796,ekf,map,1.41255,0.576264,-2.95879,0.021019,0.0236615,-0.00491734,0.186666,,
50.796,pf,map,1.39342,0.610672,-2.96065,0.00833908,0.0123888,0.000142966,6.10596,439.853,1
50.802,amcl,map,1.36762,0.528886,-2.99403,0.0231806,0.0285117,0.00258927,,,
50.796,kf,map,1.34069,0.519463,-2.84894,0.0468179,0.0420494,0.0177444,0.093625,,
50.868,odom,map,1.31986,0.511191,-2.99159,0,0,0,,,
50.904,odom,map,1.30812,0.509438,-2.9951,0,0,0,,,
50.94,odom,map,1.29649,0.50774,-2.99802,0,0,0,,,
50.976,odom,map,1.28486,0.50607,-2.99946,0,0,0,,,
51.012,odom,map,1.27323,0.504412,-3.00063,0,0,0,,,
51.012,ekf,map,1.33909,0.573113,-2.97059,0.0228296,0.0236747,-0.00443188,0.109375,,
51.012,kf,map,1.27378,0.511573,-2.86916,0.0442492,0.0448462,0.0179582,0.114875,,
51.012,ekf_predict_only,map,1.25587,0.526789,-2.99586,29.0974,64.6048,1.08961,,,
51.012,pf,map,1.35377,0.589966,-2.99064,0.0100249,0.0126043,-0.00352314,6.697,469.914,1
51.048,odom,map,1.26168,0.502778,-3.00131,0,0,0,,,
51.084,odom,map,1.25013,0.501149,-3.00123,0,0,0,,,
51.12,odom,map,1.23867,0.499523,-3.00001,0,0,0,,,
51.156,odom,map,1.2273,0.497892,-2.99835,0,0,0,,,
51.192,odom,map,1.2159,0.496237,-2.99607,0,0,0,,,
51.192,ekf_predict_only,map,1.19951,0.518517,-2.978,29.2392,62.7914,1.08756,,,
51.192,kf,map,1.22939,0.497693,-2.89228,0.0421565,0.0467196,0.0177648,0.108667,,
51.228,odom,map,1.20461,0.494564,-2.99274,0,0,0,,,
51.192,ekf,map,1.27661,0.547004,-2.96994,0.0237051,0.0235934,-0.00378948,0.090833,,
51.192,pf,map,1.26305,0.53716,-2.9547,0.0106601,0.0133274,-0.00371156,15.9969,418.734,1
51.264,odom,map,1.19335,0.492854,-2.98895,0,0,0,,,
51.3,odom,map,1.18209,0.4911,-2.98504,0,0,0,,,
51.336,odom,map,1.17096,0.489317,-2.98038,0,0,0,,,
51.372,odom,map,1.15994,0.487495,-2.97478,0,0,0,,,
51.408,odom,map,1.14905,0.485627,-2.96856,0,0,0,,,
51.408,kf,map,1.16826,0.488508,-2.86464,0.040189,0.0489202,0.017432,0.104708,,
51.408,ekf_predict_only,map,1.13433,0.507757,-2.93931,29.3957,60.7624,1.09193,,,
51.408,ekf,map,1.21454,0.544434,-2.93936,0.0251446,0.0241625,-0.00302173,0.097,,
51.408,pf,map,1.22716,0.543992,-2.95464,0.0122617,0.0153707,-0.000671091,7.7395,426.814,1
51.444,odom,map,1.13821,0.483697,-2.96211,0,0,0,,,
51.48,odom,map,1.12745,0.481705,-2.95509,0,0,0,,,
51.516,odom,map,1.11671,0.479635,-2.94719,0,0,0,,,
51.552,odom,map,1.10604,0.477488,-2.93845,0,0,0,,,
51.588,odom,map,1.0954,0.475247,-2.92952,0,0,0,,,
51.624,odom,map,1.08789,0.474843,-2.92087,0,0,0,,,
51.588,ekf_predict_only,map,1.0818,0.496985,-2.88924,29.5548,59.2127,1.117,,,
51.588,ekf,map,1.15521,0.536124,-2.90136,0.0255779,0.0244021,-0.00238407,0.205,,
51.588,kf,map,1.11512,0.482685,-2.83459,0.0385372,0.050347,0.0169152,0.161917,,
51.588,pf,map,1.133,0.529975,-2.88065,0.012108,0.0116467,-0.00148844,7.82471,476.63,1
51.66,odom,map,1.08226,0.47548,-2.91183,0,0,0,,,
51.696,odom,map,1.07681,0.476073,-2.90203,0,0,0,,,
51.732,odom,map,1.07143,0.476593,-2.89199,0,0,0,,,
51.768,odom,map,1.06618,0.477054,-2.88159,0,0,0,,,
51.804,odom,map,1.06091,0.477308,-2.86985,0,0,0,,,
51.804,ekf_predict_only,map,1.02505,0.482351,-2.80626,29.7391,57.5965,1.17486,,,
51.804,ekf,map,1.09031,0.522406,-2.83341,0.0265945,0.0254646,-0.00159476,0.105417,,
51.804,kf,map,1.05657,0.472098,-2.77529,0.0370348,0.0520822,0.0163255,0.212,,
51.801,amcl,map,1.05297,0.470077,-2.87366,0.0318268,0.0331881,0.00176492,,,
51.804,pf,map,1.10324,0.538068,-2.84835,0.0108676,0.0100087,-0.00112117,6.30596,494.67,1
51.84,odom,map,1.0515,0.474616,-2.85604,0,0,0,,,
51.876,odom,map,1.04214,0.4718,-2.8422,0,0,0,,,
51.912,odom,map,1.03293,0.468886,-2.828,0,0,0,,,
51.948,odom,map,1.02395,0.465899,-2.81299,0,0,0,,,
51.984,odom,map,1.01516,0.462828,-2.79769,0,0,0,,,
51.984,ekf_predict_only,map,0.981354,0.467124,-2.72944,29.9317,56.4224,1.26406,,,
51.984,ekf,map,1.0434,0.514299,-2.76191,0.026737,0.0257726,-0.00109058,0.9685,,
51.984,kf,map,1.01074,0.461219,-2.70567,0.0357412,0.053148,0.015664,0.726625,,
52.02,odom,map,1.00647,0.459641,-2.78233,0,0,0,,,
51.984,pf,map,1.04669,0.516433,-2.76911,0.0109069,0.00945378,-0.00126344,8.49621,513.981,1
52.056,odom,map,0.998025,0.456392,-2.76652,0,0,0,,,
52.092,odom,map,0.989933,0.453131,-2.75013,0,0,0,,,
52.128,odom,map,0.981967,0.449765,-2.73366,0,0,0,,,
52.164,odom,map,0.974198,0.44633,-2.71684,0,0,0,,,
52.2,odom,map,0.966754,0.442887,-2.69965,0,0,0,,,
52.2,ekf_predict_only,map,0.936832,0.44766,-2.62576,30.1573,55.2665,1.39492,,,
52.2,ekf,map,0.988999,0.499411,-2.66441,0.0273899,0.0268592,-0.000537681,0.105292,,
52.2,kf,map,0.959706,0.446684,-2.61173,0.0345976,0.0545241,0.0149659,0.091875,,
52.2,pf,map,0.998357,0.520652,-2.68036,0.0141595,0.0157162,-0.00265949,5.94388,489.2,1
52.236,odom,map,0.959589,0.439422,-2.68228,0,0,0,,,
52.272,odom,map,0.952668,0.435923,-2.66482,0,0,0,,,
52.308,odom,map,0.945964,0.432387,-2.64718,0,0,0,,,
52.344,odom,map,0.939749,0.428964,-2.62912,0,0,0,,,
52.38,odom,map,0.933796,0.425544,-2.6108,0,0,0,,,
52.416,odom,map,0.928067,0.42211,-2.59235,0,0,0,,,
52.416,ekf_predict_only,map,0.901968,0.42789,-2.51501,30.3933,54.4131,1.54532,,,
52.416,ekf,map,0.948866,0.47557,-2.56013,0.0276557,0.0275696,-0.000129704,0.178834,,
52.416,kf,map,0.924163,0.427627,-2.51375,0.0335875,0.0555634,0.0142467,0.105,,
52.401,amcl,map,0.924358,0.421862,-2.60249,0.0292049,0.0342005,0.00116967,,,
52.416,pf,map,0.983238,0.47869,-2.58244,0.0106168,0.014014,-0.00402575,6.14283,531.799,1
52.452,odom,map,0.922678,0.418742,-2.57349,0,0,0,,,
52.488,odom,map,0.917656,0.41547,-2.55434,0,0,0,,,
52.524,odom,map,0.912949,0.412272,-2.53517,0,0,0,,,
52.56,odom,map,0.908493,0.409118,-2.51601,0,0,0,,,
52.596,odom,map,0.904375,0.406083,-2.49657,0,0,0,,,
52.632,odom,map,0.899168,0.402063,-2.4773,0,0,0,,,
52.596,ekf_predict_only,map,0.88346,0.414492,-2.4158,30.5903,54.0177,1.65762,,,
52.596,ekf,map,0.924118,0.472314,-2.45966,0.0274092,0.0274333,-2.58961e-05,0.090375,,
52.596,kf,map,0.897092,0.416238,-2.40898,0.0328581,0.0560408,0.0136735,0.103541,,
52.596,pf,map,0.94241,0.470402,-2.48301,0.0151382,0.00863638,-0.00108697,18.7829,545.169,1
52.668,odom,map,0.894185,0.398107,-2.45777,0,0,0,,,
52.704,odom,map,0.889288,0.394115,-2.43823,0,0,0,,,
52.74,odom,map,0.884604,0.390202,-2.41856,0,0,0,,,
52.776,odom,map,0.880392,0.386607,-2.39861,0,0,0,,,
52.812,ekf,map,0.901497,0.458049,-2.33967,0.0277739,0.0281236,0.000170154,0.117375,,
52.812,odom,map,0.87676,0.383383,-2.37849,0,0,0,,,
52.812,kf,map,0.876181,0.402855,-2.29007,0.0323709,0.0567589,0.0132193,0.100208,,
52.812,ekf_predict_only,map,0.867999,0.400773,-2.29306,30.7937,53.7096,1.78042,,,
52.8,amcl,map,0.874177,0.395692,-2.40718,0.0234829,0.0271435,0.0011163,,,
52.812,pf,map,0.882603,0.472183,-2.3492,0.0151189,0.0122275,-3.03297e-05,6.56583,475.55,1
52.848,odom,map,0.874418,0.381097,-2.358,0,0,0,,,
52.884,odom,map,0.872426,0.379072,-2.33751,0,0,0,,,
52.92,odom,map,0.870714,0.37726,-2.31705,0,0,0,,,
52.956,odom,map,0.869157,0.375541,-2.2966,0,0,0,,,
52.992,odom,map,0.867854,0.374043,-2.2762,0,0,0,,,
53.028,odom,map,0.866828,0.372816,-2.25575,0,0,0,,,
52.992,ekf,map,0.892588,0.459392,-2.23352,0.0275168,0.0278684,0.000185934,0.243667,,
52.992,ekf_predict_only,map,0.863367,0.395515,-2.19066,30.9344,53.6883,1.83128,,,
52.992,kf,map,0.864467,0.396561,-2.17881,0.032007,0.0568917,0.0129047,0.518583,,
52.992,pf,map,0.896021,0.457105,-2.22002,0.0125104,0.0122241,-0.000280007,12.7076,511.345,1
53.064,odom,map,0.866092,0.371896,-2.23522,0,0,0,,,
53.1,odom,map,0.865419,0.371019,-2.21468,0,0,0,,,
53.136,odom,map,0.864837,0.370227,-2.19419,0,0,0,,,
53.172,odom,map,0.864531,0.369795,-2.17399,0,0,0,,,
53.208,ekf,map,0.885286,0.449387,-2.11498,0.0278353,0.0283355,0.000275467,0.100667,,
53.208,kf,map,0.859961,0.392334,-2.06421,0.0319283,0.0572038,0.0127981,0.091958,,
53.208,odom,map,0.864411,0.369666,-2.15383,0,0,0,,,
53.208,ekf_predict_only,map,0.861922,0.39349,-2.06977,31.0503,53.7506,1.85206,,,
53.202,amcl,map,0.853612,0.384427,-2.16674,0.0197721,0.0226182,0.00319508,,,
53.208,pf,map,0.891787,0.468471,-2.12926,0.0146878,0.0144246,-0.00134098,8.15217,553.258,1
53.244,odom,map,0.864798,0.370455,-2.13344,0,0,0,,,
53.28,odom,map,0.865382,0.371556,-2.11315,0,0,0,,,
53.316,odom,map,0.866121,0.372925,-2.09307,0,0,0,,,
53.352,odom,map,0.866983,0.374534,-2.07307,0,0,0,,,
53.388,odom,map,0.867855,0.376189,-2.05308,0,0,0,,,
53.388,kf,map,0.847857,0.399253,-1.95627,0.0318822,0.0570175,0.0127837,0.113541,,
53.424,odom,map,0.868442,0.377334,-2.03326,0,0,0,,,
53.388,ekf_predict_only,map,0.86416,0.397596,-1.97097,31.1182,53.909,1.80717,,,
53.388,ekf,map,0.8758,0.462994,-2.01117,0.0275521,0.0279585,0.000239417,1.30879,,
53.388,pf,map,0.887202,0.452421,-2.02231,0.0150277,0.0148612,-0.00100061,5.67654,501.091,1
53.46,odom,map,0.868889,0.378253,-2.01364,0,0,0,,,
53.496,odom,map,0.869387,0.379332,-1.99429,0,0,0,,,
53.532,odom,map,0.869897,0.380493,-1.97504,0,0,0,,,
53.568,odom,map,0.870415,0.381736,-1.95617,0,0,0,,,
53.604,odom,map,0.870898,0.38317,-1.93781,0,0,0,,,
53.604,ekf_predict_only,map,0.867661,0.405875,-1.85982,31.1548,54.1007,1.71223,,,
53.604,kf,map,0.851831,0.404726,-1.85257,0.0321115,0.0570208,0.0129766,0.204209,,
53.601,amcl,map,0.847839,0.368536,-1.95034,0.0177972,0.0235301,0.00336506,,,
53.604,ekf,map,0.876745,0.459541,-1.90136,0.0278878,0.0284812,0.000361697,0.220583,,
53.604,pf,map,0.869848,0.439882,-1.87228,0.0110229,0.0159168,0.00159278,6.80346,476.032,1
53.64,odom,map,0.870371,0.385753,-1.92331,0,0,0,,,
53.676,odom,map,0.869811,0.388403,-1.90908,0,0,0,,,
53.712,odom,map,0.869227,0.391146,-1.89528,0,0,0,,,
53.748,odom,map,0.868635,0.394046,-1.88174,0,0,0,,,
53.784,odom,map,0.868009,0.397022,-1.86824,0,0,0,,,
53.82,odom,map,0.868045,0.39948,-1.85266,0,0,0,,,
53.784,ekf,map,0.879529,0.477486,-1.80677,0.0276029,0.0281063,0.000325786,0.096833,,
53.784,kf,map,0.850404,0.414272,-1.75244,0.0322391,0.0566603,0.0131249,0.109084,,
53.784,ekf_predict_only,map,0.87067,0.415992,-1.77333,31.1793,54.2797,1.59065,,,
53.784,pf,map,0.899855,0.476936,-1.81216,0.0121688,0.0128752,0.00259826,6.53158,535.938,1
53.856,odom,map,0.868642,0.401609,-1.83571,0,0,0,,,
53.892,odom,map,0.869205,0.403755,-1.8188,0,0,0,,,
53.928,odom,map,0.869753,0.406003,-1.80198,0,0,0,,,
53.964,odom,map,0.87028,0.408326,-1.78553,0,0,0,,,
54,odom,map,0.870746,0.410549,-1.76945,0,0,0,,,
54,ekf_predict_only,map,0.873381,0.429193,-1.67733,31.1843,54.451,1.42669,,,
54,ekf,map,0.880492,0.486263,-1.70841,0.0279372,0.0285939,0.000438066,0.104625,,
54,kf,map,0.852058,0.426713,-1.65602,0.0326165,0.0565152,0.0134427,0.1385,,
54,pf,map,0.913224,0.475183,-1.70728,0.0156299,0.0124553,0.000377041,6.36388,569.043,1
54.036,odom,map,0.869919,0.413326,-1.7513,0,0,0,,,
54.072,odom,map,0.869007,0.416183,-1.73333,0,0,0,,,
54.108,odom,map,0.867954,0.418496,-1.71675,0,0,0,,,
54.144,odom,map,0.86668,0.41954,-1.70277,0,0,0,,,
54.18,odom,map,0.865326,0.420113,-1.69138,0,0,0,,,
54.216,odom,map,0.864491,0.420461,-1.68344,0,0,0,,,
54.216,ekf_predict_only,map,0.873381,0.429193,-1.67733,31.2843,54.551,1.42669,,,
54.216,ekf,map,0.879122,0.505787,-1.6494,0.0279731,0.0287065,0.000474567,0.117459,,
54.216,kf,map,0.84521,0.433789,-1.59017,0.0327319,0.0564274,0.0135478,0.103583,,
54.201,amcl,map,0.872578,0.414208,-1.66735,0.0141582,0.0218876,0.00232863,,,
54.216,pf,map,0.903754,0.506337,-1.64654,0.0153895,0.0124114,-0.000505267,6.69671,531.982,1
54.252,odom,map,0.864491,0.420461,-1.67944,0,0,0,,,
54.288,odom,map,0.864491,0.420461,-1.67803,0,0,0,,,
54.324,odom,map,0.864491,0.420461,-1.67803,0,0,0,,,
54.36,odom,map,0.864491,0.420461,-1.67803,0,0,0,,,
54.396,odom,map,0.864491,0.420461,-1.67803,0,0,0,,,
54.432,odom,map,0.862967,0.416649,-1.67825,0,0,0,,,
54.396,kf,map,0.847745,0.434086,-1.57585,0.0326891,0.0562143,0.0135304,0.208125,,
54.396,ekf_predict_only,map,0.873381,0.429193,-1.67733,31.3843,54.651,1.42669,,,
54.396,ekf,map,0.879715,0.499852,-1.63302,0.027646,0.0283469,0.000443101,0.1725,,
54.396,pf,map,0.871753,0.473033,-1.60766,0.0121954,0.0139735,-0.00182621,11.5668,516.85,1
54.468,odom,map,0.861252,0.41236,-1.67851,0,0,0,,,
54.504,odom,map,0.859513,0.407862,-1.67884,0,0,0,,,
54.54,odom,map,0.857744,0.403076,-1.67925,0,0,0,,,
54.576,odom,map,0.855961,0.398182,-1.67971,0,0,0,,,
54.612,odom,map,0.854701,0.394578,-1.68011,0,0,0,,,
54.612,ekf_predict_only,map,0.872976,0.425411,-1.67873,31.5112,54.7404,1.47508,,,
54.612,ekf,map,0.871519,0.493231,-1.63159,0.0279263,0.0286477,0.000459514,0.210708,,
54.612,kf,map,0.843195,0.43404,-1.57939,0.0327226,0.0564104,0.0135368,0.114208,,
54.612,pf,map,0.877614,0.472729,-1.61668,0.011059,0.010172,-0.00112308,10.581,543.994,1
54.648,odom,map,0.854633,0.39396,-1.6806,0,0,0,,,
54.684,odom,map,0.854561,0.393311,-1.68127,0,0,0,,,
54.72,odom,map,0.854485,0.392624,-1.68193,0,0,0,,,
54.756,odom,map,0.854406,0.391922,-1.68292,0,0,0,,,
54.792,odom,map,0.85432,0.391161,-1.68428,0,0,0,,,
54.828,odom,map,0.854229,0.390367,-1.68603,0,0,0,,,
54.792,ekf,map,0.878121,0.485002,-1.63624,0.0276339,0.0283019,0.000415663,0.10825,,
54.792,kf,map,0.850466,0.427696,-1.58588,0.032576,0.0563238,0.0134306,0.092417,,
54.792,ekf_predict_only,map,0.872542,0.421401,-1.68823,31.6399,54.8289,1.52631,,,
54.792,pf,map,0.877198,0.463909,-1.61797,0.0107717,0.0131884,-0.00102827,6.45546,536.818,1
54.864,odom,map,0.854135,0.389565,-1.68793,0,0,0,,,
54.9,odom,map,0.85404,0.388763,-1.69027,0,0,0,,,
54.936,odom,map,0.853949,0.388012,-1.6932,0,0,0,,,
54.972,odom,map,0.85385,0.38722,-1.69663,0,0,0,,,
55.008,odom,map,0.854476,0.387092,-1.69946,0,0,0,,,
55.008,ekf_predict_only,map,0.871947,0.416362,-1.71004,31.7766,54.9133,1.59047,,,
55.008,kf,map,0.845543,0.425294,-1.60675,0.0325474,0.056585,0.0133813,0.213291,,
55.008,ekf,map,0.870912,0.479526,-1.65431,0.027901,0.0285681,0.000403316,1.65138,,
55.008,pf,map,0.862069,0.486184,-1.66402,0.012498,0.0119649,-0.00105462,6.28058,534.565,1
55.044,odom,map,0.857652,0.38949,-1.69993,0,0,0,,,
55.08,odom,map,0.860799,0.391916,-1.70085,0,0,0,,,
55.116,odom,map,0.863916,0.394368,-1.70209,0,0,0,,,
55.152,odom,map,0.866999,0.396824,-1.70348,0,0,0,,,
55.188,odom,map,0.870063,0.399393,-1.7053,0,0,0,,,
55.224,odom,map,0.871097,0.399861,-1.71023,0,0,0,,,
55.188,ekf,map,0.876862,0.479854,-1.67588,0.027611,0.0282273,0.000366808,0.187417,,
55.188,kf,map,0.848931,0.420362,-1.62467,0.0323892,0.0565105,0.0132631,0.16875,,
55.188,ekf_predict_only,map,0.871452,0.412828,-1.74193,31.9027,55.0003,1.63513,,,
55.188,pf,map,0.876748,0.496177,-1.68325,0.0150097,0.0136624,0.000305587,6.4435,538.141,1
55.26,odom,map,0.870996,0.399154,-1.71661,0,0,0,,,
55.296,odom,map,0.870888,0.398439,-1.72314,0,0,0,,,
55.332,odom,map,0.870742,0.39751,-1.73012,0,0,0,,,
55.368,odom,map,0.870582,0.396533,-1.73739,0,0,0,,,
55.404,odom,map,0.870412,0.395547,-1.74484,0,0,0,,,
55.404,ekf,map,0.871893,0.477527,-1.71525,0.0278872,0.0285332,0.000374247,0.116,,
55.404,ekf_predict_only,map,0.870429,0.406911,-1.78663,32.0471,55.0734,1.70907,,,
55.404,kf,map,0.844095,0.417012,-1.66284,0.0323412,0.0567911,0.0131932,0.102417,,
55.404,pf,map,0.867385,0.491695,-1.71355,0.0159884,0.0103702,0.000598002,7.59779,546.235,1
55.44,odom,map,0.870272,0.394766,-1.75276,0,0,0,,,
55.476,odom,map,0.870174,0.394246,-1.76146,0,0,0,,,
55.512,odom,map,0.870097,0.393857,-1.77071,0,0,0,,,
55.548,odom,map,0.870023,0.3935,-1.78012,0,0,0,,,
55.584,odom,map,0.869934,0.393087,-1.78985,0,0,0,,,
55.62,odom,map,0.869852,0.392731,-1.80031,0,0,0,,,
55.584,ekf,map,0.870099,0.473395,-1.76294,0.0276025,0.0281971,0.000347235,0.105166,,
55.584,kf,map,0.843328,0.415281,-1.71229,0.0322122,0.0566875,0.0131,0.094,,
55.584,ekf_predict_only,map,0.870051,0.405188,-1.84055,32.1601,55.1634,1.73028,,,
55.584,pf,map,0.882008,0.461055,-1.75716,0.0138223,0.0122652,-0.00232033,12.9307,554.515,1
55.656,odom,map,0.869744,0.39228,-1.81141,0,0,0,,,
55.692,odom,map,0.869615,0.391768,-1.82272,0,0,0,,,
55.728,odom,map,0.869454,0.391158,-1.83461,0,0,0,,,
55.764,odom,map,0.869242,0.39039,-1.84737,0,0,0,,,
55.8,odom,map,0.869011,0.389597,-1.86031,0,0,0,,,
55.8,ekf_predict_only,map,0.868344,0.399014,-1.92118,32.3075,55.2186,1.80477,,,
55.8,ekf,map,0.880532,0.467205,-1.83246,0.0278909,0.0285596,0.00038156,0.117083,,
55.8,kf,map,0.852413,0.406424,-1.77988,0.0321778,0.0569546,0.0130399,0.104667,,
55.8,pf,map,0.891272,0.450618,-1.8082,0.0126593,0.0143899,-0.00203613,7.30754,510.579,1
55.836,odom,map,0.868709,0.388608,-1.87367,0,0,0,,,
55.872,odom,map,0.868348,0.387481,-1.88739,0,0,0,,,
55.908,odom,map,0.867934,0.386248,-1.90145,0,0,0,,,
55.944,odom,map,0.867471,0.384931,-1.91591,0,0,0,,,
55.98,odom,map,0.866987,0.383612,-1.93042,0,0,0,,,
56.016,ekf,map,0.874878,0.463306,-1.91431,0.0278892,0.0285164,0.000340864,0.102417,,
56.016,odom,map,0.866457,0.382234,-1.94496,0,0,0,,,
56.001,amcl,map,0.872941,0.369753,-1.93599,0.0136184,0.0235253,0.00253205,,,
56.016,ekf_predict_only,map,0.865275,0.390615,-2.00849,32.4734,55.2382,1.90273,,,
56.016,pf,map,0.872366,0.450057,-1.88237,0.0142955,0.00850662,0.00139333,7.04129,446.939,1
56.016,kf,map,0.846982,0.400693,-1.86008,0.0320036,0.0571556,0.0128745,0.103834,,
56.052,odom,map,0.865889,0.380818,-1.95981,0,0,0,,,
56.088,odom,map,0.865297,0.379403,-1.97472,0,0,0,,,
56.124,odom,map,0.864634,0.377885,-1.98994,0,0,0,,,
56.16,odom,map,0.863858,0.376181,-2.00521,0,0,0,,,
56.196,odom,map,0.862962,0.374288,-2.02041,0,0,0,,,
56.232,odom,map,0.862032,0.372396,-2.03561,0,0,0,,,
56.196,ekf_predict_only,map,0.860807,0.381067,-2.08447,32.6503,55.2216,2.00936,,,
56.196,ekf,map,0.868647,0.447703,-1.99274,0.0275517,0.0281037,0.000284805,0.198167,,
56.196,kf,map,0.844419,0.392384,-1.94376,0.0317138,0.0571892,0.0126163,0.607709,,
56.196,pf,map,0.866534,0.455142,-1.99076,0.0143742,0.0152496,-5.32983e-05,7.41225,515.036,1
56.268,odom,map,0.86102,0.370417,-2.05096,0,0,0,,,
56.304,odom,map,0.859919,0.368343,-2.06632,0,0,0,,,
56.34,odom,map,0.858707,0.366142,-2.08159,0,0,0,,,
56.376,odom,map,0.857452,0.363941,-2.09685,0,0,0,,,
56.412,odom,map,0.856107,0.361666,-2.11191,0,0,0,,,
56.412,ekf_predict_only,map,0.852338,0.366057,-2.17387,32.8756,55.1018,2.16879,,,
56.412,ekf,map,0.873902,0.434802,-2.08066,0.0278336,0.0285072,0.000325215,0.106125,,
56.412,kf,map,0.848491,0.375341,-2.02922,0.0314498,0.0576821,0.012307,0.093833,,
56.412,pf,map,0.893686,0.439734,-2.08418,0.0120223,0.0107137,-0.000460274,9.22138,530.723,1
56.448,odom,map,0.854628,0.359246,-2.12681,0,0,0,,,
56.484,odom,map,0.853094,0.356818,-2.14171,0,0,0,,,
56.52,odom,map,0.85137,0.354177,-2.15623,0,0,0,,,
56.556,odom,map,0.849427,0.351291,-2.17024,0,0,0,,,
56.592,odom,map,0.847293,0.348215,-2.18389,0,0,0,,,
56.628,odom,map,0.845058,0.345084,-2.19745,0,0,0,,,
56.592,ekf_predict_only,map,0.841428,0.350214,-2.24163,33.1137,54.9212,2.32499,,,
56.592,ekf,map,0.863169,0.410334,-2.15746,0.0275278,0.0281162,0.000253173,0.102167,,
56.592,kf,map,0.84308,0.360834,-2.11322,0.031015,0.0578834,0.0118683,0.169334,,
56.601,amcl,map,0.848622,0.324403,-2.19589,0.0121819,0.0208593,0.00402155,,,
56.592,pf,map,0.873682,0.424395,-2.17005,0.0113585,0.011912,0.000530448,6.71329,556.37,1
56.664,odom,map,0.842658,0.341815,-2.21083,0,0,0,,,
56.7,odom,map,0.840128,0.338464,-2.22387,0,0,0,,,
56.736,odom,map,0.837501,0.335075,-2.23646,0,0,0,,,
56.772,odom,map,0.83481,0.331692,-2.2489,0,0,0,,,
56.808,odom,map,0.832276,0.327748,-2.26094,0,0,0,,,
56.808,ekf_predict_only,map,0.824777,0.329233,-2.31348,33.4058,54.5984,2.51516,,,
56.808,ekf,map,0.851636,0.397307,-2.23054,0.0278318,0.028694,0.000345383,0.094459,,
56.808,kf,map,0.830601,0.341191,-2.18305,0.0305834,0.0585462,0.011312,0.111291,,
56.808,pf,map,0.852044,0.387707,-2.20802,0.0137573,0.0160825,0.001305,16.732,484.851,1
56.844,odom,map,0.830511,0.321898,-2.27207,0,0,0,,,
56.88,odom,map,0.828636,0.315993,-2.28293,0,0,0,,,
56.916,odom,map,0.826663,0.310048,-2.29364,0,0,0,,,
56.952,odom,map,0.824641,0.304121,-2.30398,0,0,0,,,
56.988,odom,map,0.822468,0.298097,-2.31395,0,0,0,,,
57.024,odom,map,0.819442,0.293533,-2.32415,0,0,0,,,
56.988,ekf_predict_only,map,0.807659,0.310587,-2.36539,33.6854,54.2707,2.66569,,,
56.988,ekf,map,0.842403,0.371416,-2.28968,0.0275597,0.0285566,0.000366145,0.168291,,
56.988,kf,map,0.82447,0.321425,-2.2465,0.0300687,0.0588283,0.0107015,0.232666,,
56.988,pf,map,0.843739,0.37302,-2.29373,0.0107195,0.011765,0.00137478,6.97383,581.599,1
57.06,odom,map,0.815829,0.289719,-2.334,0,0,0,,,
57.096,odom,map,0.812075,0.285832,-2.34337,0,0,0,,,
57.132,odom,map,0.808222,0.281914,-2.35264,0,0,0,,,
57.168,odom,map,0.804324,0.278025,-2.36192,0,0,0,,,
57.204,odom,map,0.800246,0.27403,-2.37074,0,0,0,,,
57.204,ekf_predict_only,map,0.781902,0.285299,-2.41411,34.0423,53.7404,2.84426,,,
57.204,ekf,map,0.814002,0.348105,-2.34673,0.0278606,0.0293155,0.000481628,0.119625,,
57.204,kf,map,0.79872,0.299829,-2.3062,0.0295821,0.0595459,0.00994696,0.830875,,
57.204,pf,map,0.810855,0.353428,-2.35798,0.0121496,0.0143366,-0.000241858,5.78862,541.943,1
57.24,odom,map,0.795953,0.269895,-2.37899,0,0,0,,,
57.276,odom,map,0.791586,0.265756,-2.38711,0,0,0,,,
57.312,odom,map,0.787084,0.261559,-2.39512,0,0,0,,,
57.348,odom,map,0.782402,0.257262,-2.40277,0,0,0,,,
57.384,odom,map,0.777599,0.252918,-2.40989,0,0,0,,,
57.384,ekf,map,0.798013,0.322766,-2.3884,0.0275965,0.0294263,0.000551963,0.085292,,
57.384,kf,map,0.784756,0.278339,-2.35155,0.0290642,0.0598317,0.00919855,0.12275,,
57.42,odom,map,0.772203,0.247687,-2.41794,0,0,0,,,
57.384,ekf_predict_only,map,0.757542,0.263608,-2.44862,34.375,53.259,2.97241,,,
57.402,amcl,map,0.774175,0.24085,-2.42516,0.0140973,0.0179542,0.00564576,,,
57.384,pf,map,0.834546,0.327864,-2.40278,0.0114031,0.0150786,0.000546169,8.51404,592.062,1
57.456,odom,map,0.766225,0.241697,-2.42662,0,0,0,,,
57.492,odom,map,0.760125,0.2357,-2.43481,0,0,0,,,
57.528,odom,map,0.754063,0.229831,-2.44224,0,0,0,,,
57.564,odom,map,0.747992,0.224038,-2.44923,0,0,0,,,
57.6,odom,map,0.741936,0.218341,-2.45595,0,0,0,,,
57.6,ekf_predict_only,map,0.728224,0.239264,-2.46942,34.7497,52.6785,3.0895,,,
57.6,kf,map,0.754597,0.255418,-2.38483,0.0286427,0.0604848,0.00836122,0.184,,
57.6,ekf,map,0.766061,0.299734,-2.4204,0.027889,0.0304284,0.000679054,0.147667,,
57.6,pf,map,0.782849,0.28959,-2.412,0.00988503,0.0104094,0.00173436,6.26837,558.842,1
57.636,odom,map,0.736971,0.214277,-2.45984,0,0,0,,,
57.672,odom,map,0.732104,0.210339,-2.46281,0,0,0,,,
57.708,odom,map,0.727232,0.206421,-2.4657,0,0,0,,,
57.744,odom,map,0.72244,0.202588,-2.46799,0,0,0,,,
57.78,odom,map,0.717755,0.198855,-2.46965,0,0,0,,,
57.816,odom,map,0.7129,0.194999,-2.47109,0,0,0,,,
57.816,ekf_predict_only,map,0.69856,0.215658,-2.47783,35.13,52.1112,3.17891,,,
57.816,ekf,map,0.742926,0.275591,-2.43694,0.02792,0.0312431,0.000791374,0.096666,,
57.816,kf,map,0.732537,0.231998,-2.40283,0.0282362,0.0609187,0.00753425,0.100042,,
57.816,pf,map,0.771364,0.267973,-2.4379,0.0112644,0.0143668,0.000677755,10.7091,544.437,1
57.852,odom,map,0.707947,0.191077,-2.47249,0,0,0,,,
57.888,odom,map,0.703141,0.18728,-2.47334,0,0,0,,,
57.924,odom,map,0.698505,0.183621,-2.47315,0,0,0,,,
57.96,odom,map,0.693883,0.179969,-2.4728,0,0,0,,,
57.996,odom,map,0.689179,0.176249,-2.47213,0,0,0,,,
58.032,odom,map,0.684607,0.172627,-2.47088,0,0,0,,,
57.996,ekf,map,0.720792,0.254645,-2.43938,0.0275951,0.031182,0.000780212,0.105917,,
57.996,kf,map,0.712216,0.214749,-2.40843,0.0278898,0.0610106,0.00686382,0.27675,,
57.996,ekf_predict_only,map,0.675888,0.197925,-2.47001,35.4495,51.7158,3.23235,,,
57.996,pf,map,0.7672,0.245453,-2.43667,0.0153562,0.0140659,8.5082e-05,8.87087,539.368,1
58.068,odom,map,0.679981,0.16895,-2.46899,0,0,0,,,
58.104,odom,map,0.675277,0.165195,-2.46682,0,0,0,,,
58.14,odom,map,0.67054,0.161396,-2.46449,0,0,0,,,
58.176,odom,map,0.666104,0.15782,-2.46134,0,0,0,,,
58.212,ekf_predict_only,map,0.651807,0.178784,-2.44402,35.7951,51.3034,3.28149,,,
58.212,ekf,map,0.690879,0.223192,-2.43069,0.0278612,0.0322404,0.000843322,0.146375,,
58.212,odom,map,0.662263,0.154457,-2.45724,0,0,0,,,
58.212,kf,map,0.685755,0.195418,-2.40834,0.027674,0.061456,0.00617579,0.193834,,
58.212,pf,map,0.72443,0.21537,-2.42615,0.0126682,0.0152954,0.00320113,5.89271,557.503,1
58.248,odom,map,0.659089,0.151055,-2.45296,0,0,0,,,
58.284,odom,map,0.656071,0.147752,-2.44841,0,0,0,,,
58.32,odom,map,0.653031,0.144402,-2.44343,0,0,0,,,
58.356,odom,map,0.650096,0.141105,-2.43755,0,0,0,,,
58.392,odom,map,0.647339,0.137922,-2.43122,0,0,0,,,
58.428,odom,map,0.644215,0.134983,-2.42428,0,0,0,,,
58.392,ekf_predict_only,map,0.635164,0.164835,-2.40816,36.0798,51.0576,3.31622,,,
58.392,kf,map,0.625678,0.187696,-2.40144,0.0566668,0.0621972,0.00101103,0.060542,,
58.392,ekf,map,0.62469,0.201886,-2.41321,0.0607719,0.060925,-5.96485e-05,0.108625,,
58.392,pf,map,0.636219,0.175192,-2.42006,0.0273419,0.0248952,0.000466336,7.30125,577.565,1
58.464,odom,map,0.641092,0.13224,-2.41663,0,0,0,,,
58.5,odom,map,0.638144,0.129606,-2.40831,0,0,0,,,
58.536,odom,map,0.63533,0.127049,-2.3995,0,0,0,,,
58.572,odom,map,0.632576,0.124501,-2.3905,0,0,0,,,
58.608,ekf_predict_only,map,0.619489,0.15071,-2.34791,36.3717,50.8383,3.35362,,,
58.608,odom,map,0.62995,0.122027,-2.38097,0,0,0,,,
58.608,ekf,map,0.585496,0.180888,-2.36838,0.0677924,0.0678215,-3.63648e-05,0.7655,,
58.608,kf,map,0.588023,0.175721,-2.36239,0.061734,0.062527,0.000144974,0.065583,,
58.608,pf,map,0.60905,0.160271,-2.3763,0.0275577,0.0288097,-0.000114423,4.63292,559.255,1
58.644,odom,map,0.627499,0.119669,-2.37021,0,0,0,,,
58.68,odom,map,0.625153,0.117363,-2.35893,0,0,0,,,
58.716,odom,map,0.622891,0.115087,-2.34736,0,0,0,,,
58.752,odom,map,0.620725,0.112856,-2.33521,0,0,0,,,
58.788,odom,map,0.618593,0.110605,-2.32248,0,0,0,,,
58.824,odom,map,0.616488,0.108322,-2.30951,0,0,0,,,
58.788,kf,map,0.568296,0.165347,-2.3098,0.0622604,0.062373,2.05867e-05,0.135916,,
58.788,ekf_predict_only,map,0.608602,0.139641,-2.28306,36.6255,50.72,3.38889,,,
58.788,ekf,map,0.566703,0.16713,-2.31281,0.0675519,0.0675538,-1.147e-05,0.114208,,
58.788,pf,map,0.58062,0.157789,-2.3232,0.0328315,0.0293436,-0.000482657,5.15437,556.09,1
58.86,odom,map,0.614349,0.105943,-2.29612,0,0,0,,,
58.896,odom,map,0.612156,0.103433,-2.28189,0,0,0,,,
58.932,odom,map,0.609987,0.100878,-2.26723,0,0,0,,,
58.968,odom,map,0.607853,0.0982876,-2.2524,0,0,0,,,
59.004,odom,map,0.605655,0.0955349,-2.23716,0,0,0,,,
59.004,ekf_predict_only,map,0.593339,0.121964,-2.18708,36.9776,50.5191,3.45432,,,
59.004,kf,map,0.55107,0.149619,-2.22514,0.0625364,0.0625522,2.88816e-06,0.060958,,
59.004,ekf,map,0.550382,0.150372,-2.2272,0.0686896,0.0686808,-5.12514e-06,0.210709,,
59.004,pf,map,0.580437,0.150436,-2.22576,0.0275348,0.0356287,0.0028135,7.62592,555.19,1
59.04,odom,map,0.603322,0.0925194,-2.22128,0,0,0,,,
59.076,odom,map,0.60099,0.0894032,-2.20529,0,0,0,,,
59.112,odom,map,0.598665,0.0861902,-2.18917,0,0,0,,,
59.148,odom,map,0.596236,0.0827156,-2.17269,0,0,0,,,
59.184,odom,map,0.593755,0.079038,-2.15606,0,0,0,,,
59.184,ekf,map,0.537757,0.133479,-2.14857,0.0676593,0.0676505,-3.6254e-06,0.053416,,
59.184,kf,map,0.537947,0.133089,-2.14743,0.0623744,0.0623766,4.08849e-07,0.059792,,
59.22,odom,map,0.59128,0.0752345,-2.13939,0,0,0,,,
59.184,ekf_predict_only,map,0.580223,0.103448,-2.10372,37.3501,50.3652,3.53708,,,
59.202,amcl,map,0.594258,0.0834888,-2.14341,0.0210593,0.0244413,0.0111235,,,
59.184,pf,map,0.573599,0.121897,-2.14101,0.0262879,0.0343205,0.00262485,9.37838,549.595,1
59.256,odom,map,0.588815,0.0713041,-2.12248,0,0,0,,,
59.292,odom,map,0.586336,0.0671961,-2.10536,0,0,0,,,
59.328,odom,map,0.583885,0.0629736,-2.08819,0,0,0,,,
59.364,odom,map,0.581424,0.0585613,-2.07095,0,0,0,,,
59.4,odom,map,0.578891,0.0538275,-2.05362,0,0,0,,,
59.4,ekf_predict_only,map,0.563558,0.0751942,-1.9996,37.8825,50.1488,3.67778,,,
59.4,ekf,map,0.522432,0.107857,-2.04716,0.0687131,0.0687027,-5.89148e-06,0.078167,,
59.4,kf,map,0.522293,0.10753,-2.04649,0.0625524,0.0625527,5.73332e-08,0.05525,,
59.4,pf,map,0.547013,0.108053,-2.05198,0.0242447,0.0280908,0.00163302,8.25354,553.565,1
59.436,odom,map,0.576267,0.0487155,-2.03668,0,0,0,,,
59.472,odom,map,0.573653,0.0434044,-2.01993,0,0,0,,,
59.508,odom,map,0.571012,0.0378072,-2.00339,0,0,0,,,
59.544,odom,map,0.568365,0.0319498,-1.98754,0,0,0,,,
59.58,odom,map,0.565738,0.0258944,-1.97309,0,0,0,,,
59.616,odom,map,0.563178,0.0197592,-1.95902,0,0,0,,,
59.616,kf,map,0.506572,0.0736165,-1.95689,0.0625774,0.0625774,8.02924e-09,0.056416,,
59.616,ekf_predict_only,map,0.546973,0.0389186,-1.91519,38.5672,49.9409,3.88085,,,
59.616,ekf,map,0.506901,0.0738597,-1.95656,0.0689654,0.0689529,-8.67174e-06,0.065917,,
59.616,pf,map,0.538111,0.0630817,-1.95106,0.0284813,0.0289313,0.000681549,4.81667,550.768,1
59.652,odom,map,0.560632,0.013407,-1.94553,0,0,0,,,
59.688,odom,map,0.558092,0.00682766,-1.93318,0,0,0,,,
59.724,odom,map,0.555614,0.000175245,-1.92152,0,0,0,,,
59.76,odom,map,0.553157,-0.00666188,-1.91024,0,0,0,,,
59.796,odom,map,0.550731,-0.0136557,-1.89946,0,0,0,,,
59.796,ekf,map,0.494903,0.0404146,-1.89876,0.0676847,0.0676703,-9.52479e-06,0.063541,,
59.832,odom,map,0.54835,-0.0207541,-1.8895,0,0,0,,,
59.796,kf,map,0.494558,0.0402495,-1.89963,0.0623802,0.0623802,1.13634e-09,0.112125,,
59.796,ekf_predict_only,map,0.534322,0.00364774,-1.86689,39.2678,49.8107,4.094,,,
59.802,amcl,map,0.562473,0.00764355,-1.88879,0.0192395,0.0208288,0.0104383,,,
59.796,pf,map,0.517316,0.0370353,-1.89291,0.0335156,0.0268304,-0.00129809,10.341,550.3,1
59.868,odom,map,0.546036,-0.0278821,-1.87984,0,0,0,,,
59.904,odom,map,0.543746,-0.0351734,-1.87061,0,0,0,,,
59.94,odom,map,0.541456,-0.0426973,-1.86216,0,0,0,,,
59.976,odom,map,0.539206,-0.0503125,-1.85411,0,0,0,,,
60.012,ekf,map,0.481482,-0.00389372,-1.84467,0.0686825,0.0686576,-1.40454e-05,0.063292,,
60.012,kf,map,0.481102,-0.00403206,-1.84571,0.0625532,0.0625532,1.59344e-10,0.057958,,
60.012,odom,map,0.537133,-0.0576497,-1.84605,0,0,0,,,
60.012,ekf_predict_only,map,0.520313,-0.0422748,-1.82074,40.1973,49.6605,4.37745,,,
60.012,pf,map,0.504758,-0.0127533,-1.81765,0.0291454,0.0222665,-0.00028823,4.83825,563.338,1
60.048,odom,map,0.53537,-0.064414,-1.83811,0,0,0,,,
60.084,odom,map,0.533654,-0.071264,-1.83046,0,0,0,,,
60.12,odom,map,0.531981,-0.0782135,-1.82319,0,0,0,,,
60.156,odom,map,0.530366,-0.0851991,-1.81603,0,0,0,,,
60.192,odom,map,0.5288,-0.0922498,-1.80924,0,0,0,,,
60.228,odom,map,0.526955,-0.100151,-1.80356,0,0,0,,,
60.192,ekf_predict_only,map,0.509861,-0.0832162,-1.79456,41.0823,49.5772,4.63634,,,
60.192,kf,map,0.471084,-0.0439054,-1.8124,0.0623768,0.0623768,2.25553e-11,0.067792,,
60.192,ekf,map,0.471394,-0.0438134,-1.81147,0.0676533,0.067625,-1.35206e-05,0.058916,,
60.192,pf,map,0.50384,-0.0629862,-1.78685,0.0264282,0.0249782,8.21444e-05,8.23312,546.784,1
60.264,odom,map,0.525044,-0.108306,-1.79855,0,0,0,,,
60.3,odom,map,0.523186,-0.116414,-1.79372,0,0,0,,,
60.336,odom,map,0.521369,-0.124512,-1.78926,0,0,0,,,
60.372,odom,map,0.519592,-0.132596,-1.78531,0,0,0,,,
60.408,odom,map,0.517846,-0.140685,-1.78141,0,0,0,,,
60.408,ekf_predict_only,map,0.498843,-0.131631,-1.77114,42.1662,49.487,4.94235,,,
60.408,ekf,map,0.460542,-0.0921408,-1.78286,0.0687225,0.0686802,-1.6897e-05,0.163459,,
60.408,kf,map,0.460281,-0.0921515,-1.78368,0.0625528,0.0625528,3.16292e-12,0.061208,,
60.408,pf,map,0.509603,-0.118688,-1.78694,0.0329049,0.0303053,-0.000699839,7.23708,546.395,1
60.444,odom,map,0.516144,-0.148718,-1.77765,0,0,0,,,
60.48,odom,map,0.514494,-0.156651,-1.77435,0,0,0,,,
60.516,odom,map,0.512846,-0.164694,-1.7714,0,0,0,,,
60.552,odom,map,0.511232,-0.172685,-1.76888,0,0,0,,,
60.588,odom,map,0.509644,-0.180649,-1.76644,0,0,0,,,
60.588,ekf_predict_only,map,0.490844,-0.17102,-1.76123,43.1113,49.4508,5.19177,,,
60.588,ekf,map,0.452579,-0.131923,-1.76792,0.0676928,0.0676517,-1.43201e-05,0.11125,,
60.588,kf,map,0.452396,-0.131879,-1.76862,0.0623767,0.0623767,4.47715e-13,0.057334,,
60.624,odom,map,0.509329,-0.18672,-1.76375,0,0,0,,,
60.588,pf,map,0.483956,-0.144932,-1.75504,0.0330043,0.0293108,-3.52224e-06,14.9037,555.658,1
60.66,odom,map,0.509748,-0.191721,-1.76115,0,0,0,,,
60.696,odom,map,0.510214,-0.196607,-1.75899,0,0,0,,,
60.732,odom,map,0.510714,-0.201428,-1.75702,0,0,0,,,
60.768,odom,map,0.51123,-0.206266,-1.75531,0,0,0,,,
60.804,odom,map,0.511652,-0.211277,-1.7541,0,0,0,,,
60.804,ekf,map,0.44369,-0.178655,-1.7606,0.0687587,0.0687059,-1.60133e-05,0.059125,,
60.804,kf,map,0.443535,-0.178587,-1.7614,0.0625527,0.0625527,6.27829e-14,0.059125,,
60.804,ekf_predict_only,map,0.481913,-0.217354,-1.75988,44.2568,49.4007,5.48024,,,
60.804,pf,map,0.48351,-0.166703,-1.76002,0.0304649,0.0268438,0.000919593,15.3884,538.683,1
60.84,odom,map,0.510253,-0.218824,-1.75399,0,0,0,,,
60.876,odom,map,0.509067,-0.22523,-1.75399,0,0,0,,,
60.912,odom,map,0.508116,-0.230361,-1.75399,0,0,0,,,
60.948,odom,map,0.507402,-0.234218,-1.75399,0,0,0,,,
60.984,odom,map,0.506923,-0.2368,-1.75399,0,0,0,,,
60.984,kf,map,0.440679,-0.194661,-1.75914,0.0623767,0.0623767,8.887e-15,0.070208,,
61.02,odom,map,0.506681,-0.238108,-1.75399,0,0,0,,,
60.984,ekf_predict_only,map,0.481913,-0.217354,-1.75988,44.3568,49.5007,5.48024,,,
60.984,ekf,map,0.440493,-0.196046,-1.75869,0.067706,0.0676676,-1.11323e-05,0.097,,
60.984,pf,map,0.475452,-0.196838,-1.75038,0.0261165,0.0300692,0.00310762,4.53783,545.782,1
61.056,odom,map,0.506648,-0.238284,-1.75399,0,0,0,,,
61.092,odom,map,0.506648,-0.238284,-1.75399,0,0,0,,,
61.128,odom,map,0.506648,-0.238284,-1.75399,0,0,0,,,
61.164,odom,map,0.506648,-0.238284,-1.75399,0,0,0,,,
61.2,odom,map,0.506648,-0.238284,-1.75399,0,0,0,,,
61.2,ekf_predict_only,map,0.481913,-0.217354,-1.75988,44.4568,49.6007,5.48024,,,
61.2,ekf,map,0.439245,-0.202775,-1.75806,0.0687504,0.0687175,-9.29988e-06,0.05275,,
61.2,kf,map,0.439426,-0.201653,-1.75828,0.0625527,0.0625527,1.24622e-15,0.697625,,
61.2,pf,map,0.473639,-0.215346,-1.74911,0.0246881,0.030467,2.64069e-05,5.03783,545.661,1
61.236,odom,map,0.506648,-0.238284,-1.75399,0,0,0,,,
61.272,odom,map,0.506566,-0.238725,-1.75487,0,0,0,,,
61.308,odom,map,0.506422,-0.239497,-1.7564,0,0,0,,,
61.344,odom,map,0.506276,-0.240269,-1.75793,0,0,0,,,
61.38,odom,map,0.506054,-0.241438,-1.76027,0,0,0,,,
61.416,ekf_predict_only,map,0.479037,-0.232378,-1.79142,44.9078,49.6529,5.57172,,,
61.416,odom,map,0.505608,-0.243735,-1.76499,0,0,0,,,
61.416,ekf,map,0.437256,-0.213312,-1.77523,0.0689857,0.0689618,-6.65888e-06,0.126875,,
61.401,amcl,map,0.51306,-0.222382,-1.75211,0.0228144,0.0270409,0.0100711,,,
61.416,kf,map,0.437226,-0.213305,-1.77665,0.0625774,0.0625774,1.74527e-16,0.067,,
61.416,pf,map,0.460093,-0.23717,-1.76413,0.0289373,0.0302167,-0.00390138,7.94433,566.934,1
61.452,odom,map,0.505012,-0.246715,-1.77113,0,0,0,,,
61.488,odom,map,0.50435,-0.249919,-1.77761,0,0,0,,,
61.524,odom,map,0.5036,-0.253435,-1.78475,0,0,0,,,
61.56,odom,map,0.502592,-0.257971,-1.79394,0,0,0,,,
61.596,odom,map,0.501442,-0.262922,-1.80391,0,0,0,,,
61.632,odom,map,0.500096,-0.268457,-1.81486,0,0,0,,,
61.596,ekf_predict_only,map,0.472362,-0.262144,-1.84982,45.7207,49.6426,5.73768,,,
61.596,ekf,map,0.432699,-0.234584,-1.81608,0.0676909,0.0676736,-4.5494e-06,0.086042,,
61.596,kf,map,0.43248,-0.235238,-1.81798,0.0623802,0.0623802,2.46999e-17,0.0555,,
61.596,pf,map,0.456917,-0.252038,-1.79322,0.0274923,0.0257998,-0.00216944,5.36517,532.803,1
61.668,odom,map,0.498587,-0.274369,-1.82654,0,0,0,,,
61.704,odom,map,0.49701,-0.280262,-1.83822,0,0,0,,,
61.74,odom,map,0.495251,-0.286526,-1.85064,0,0,0,,,
61.776,odom,map,0.493134,-0.293712,-1.86396,0,0,0,,,
61.812,odom,map,0.490888,-0.300977,-1.87736,0,0,0,,,
61.812,ekf,map,0.422416,-0.27174,-1.88594,0.0686819,0.068658,-6.08258e-06,0.059916,,
61.812,kf,map,0.422168,-0.272593,-1.88758,0.0625532,0.0625532,3.46357e-18,0.057208,,
61.812,ekf_predict_only,map,0.459795,-0.306006,-1.93019,46.9139,49.5381,5.93787,,,
61.812,pf,map,0.458922,-0.278117,-1.89446,0.0276987,0.0340335,0.0021436,10.357,545.065,1
61.848,odom,map,0.488417,-0.308596,-1.89134,0,0,0,,,
61.884,odom,map,0.485709,-0.316558,-1.9058,0,0,0,,,
61.92,odom,map,0.482795,-0.324734,-1.92071,0,0,0,,,
61.956,odom,map,0.479732,-0.332934,-1.93574,0,0,0,,,
61.992,odom,map,0.476511,-0.341175,-1.95104,0,0,0,,,
62.028,odom,map,0.473157,-0.349383,-1.9664,0,0,0,,,
61.992,ekf_predict_only,map,0.444202,-0.347511,-2.00698,48.0953,49.3903,6.0646,,,
61.992,kf,map,0.408228,-0.310913,-1.95842,0.0623768,0.0623768,4.90271e-19,0.122125,,
61.992,ekf,map,0.408359,-0.310336,-1.95739,0.0676514,0.0676245,-7.47938e-06,0.115458,,
61.992,pf,map,0.433351,-0.326684,-1.95284,0.032163,0.0291838,0.00129238,4.87058,533.227,1
62.064,odom,map,0.469665,-0.357565,-1.98208,0,0,0,,,
62.1,odom,map,0.466036,-0.365708,-1.99808,0,0,0,,,
62.136,odom,map,0.462276,-0.373793,-2.01408,0,0,0,,,
62.172,odom,map,0.458372,-0.381847,-2.03027,0,0,0,,,
62.208,odom,map,0.454688,-0.389062,-2.04615,0,0,0,,,
62.208,ekf_predict_only,map,0.421468,-0.396282,-2.10485,49.5245,49.1405,6.12999,,,
62.208,ekf,map,0.386528,-0.358147,-2.05191,0.0687211,0.0686806,-1.34538e-05,0.069125,,
62.208,kf,map,0.386573,-0.358527,-2.05258,0.0625528,0.0625528,6.87505e-20,0.081292,,
62.202,amcl,map,0.457834,-0.368031,-2.03609,0.0229991,0.0254011,0.0104682,,,
62.208,pf,map,0.414026,-0.352172,-2.04707,0.0262308,0.0327713,0.00265675,4.8905,561.077,1
62.244,odom,map,0.452122,-0.393494,-2.0606,0,0,0,,,
62.28,odom,map,0.449437,-0.397893,-2.07511,0,0,0,,,
62.316,odom,map,0.446685,-0.402163,-2.08966,0,0,0,,,
62.352,odom,map,0.44386,-0.406319,-2.10426,0,0,0,,,
62.388,odom,map,0.440939,-0.410402,-2.11892,0,0,0,,,
62.424,odom,map,0.436828,-0.416708,-2.13486,0,0,0,,,
62.388,ekf,map,0.422656,-0.365345,-2.12255,0.0295865,0.0391987,-0.00294531,0.113208,,
62.388,kf,map,0.424426,-0.380219,-2.11535,0.0302109,0.0599192,-0.00889087,0.112084,,
62.388,ekf_predict_only,map,0.398721,-0.434746,-2.18801,50.7176,48.9043,6.09101,,,
62.388,pf,map,0.454509,-0.353625,-2.1229,0.010234,0.0174087,-0.00356652,10.0345,616.373,1
62.46,odom,map,0.431987,-0.424221,-2.15149,0,0,0,,,
62.496,odom,map,0.427022,-0.431652,-2.16813,0,0,0,,,
62.532,odom,map,0.421902,-0.439046,-2.18481,0,0,0,,,
62.568,odom,map,0.416696,-0.446304,-2.20122,0,0,0,,,
62.604,odom,map,0.41139,-0.453452,-2.21748,0,0,0,,,
62.604,ekf_predict_only,map,0.367881,-0.4782,-2.28505,52.1002,48.5707,5.94137,,,
62.604,kf,map,0.405925,-0.419769,-2.21917,0.029585,0.0595952,-0.00986899,0.10625,,
62.604,ekf,map,0.404082,-0.410685,-2.22484,0.0288599,0.0398256,-0.00363052,0.932667,,
62.604,pf,map,0.431126,-0.407104,-2.22226,0.0128753,0.0219709,0.000212926,8.21383,607.069,1
62.64,odom,map,0.405982,-0.460496,-2.23366,0,0,0,,,
62.676,odom,map,0.400463,-0.467449,-2.24963,0,0,0,,,
62.712,odom,map,0.394913,-0.474221,-2.26524,0,0,0,,,
62.748,odom,map,0.389427,-0.480706,-2.28051,0,0,0,,,
62.784,odom,map,0.383879,-0.487066,-2.29572,0,0,0,,,
62.784,ekf,map,0.380789,-0.443819,-2.30385,0.0286867,0.0397514,-0.00389953,0.113541,,
62.784,kf,map,0.382457,-0.449869,-2.29988,0.0297807,0.0591195,-0.0103004,0.101458,,
62.82,odom,map,0.378331,-0.493237,-2.3104,0,0,0,,,
62.784,ekf_predict_only,map,0.340758,-0.509486,-2.35788,53.155,48.3104,5.73523,,,
62.802,amcl,map,0.367857,-0.493818,-2.29434,0.0247005,0.0227975,0.0103004,,,
62.784,pf,map,0.396553,-0.444312,-2.29026,0.0102076,0.0168079,0.000479405,15.8984,631.048,1
62.856,odom,map,0.372772,-0.499242,-2.32489,0,0,0,,,
62.892,odom,map,0.367208,-0.505081,-2.33932,0,0,0,,,
62.928,odom,map,0.361746,-0.510653,-2.35324,0,0,0,,,
62.964,odom,map,0.356342,-0.516015,-2.36689,0,0,0,,,
63,odom,map,0.350932,-0.52124,-2.38006,0,0,0,,,
63,ekf,map,0.354071,-0.478871,-2.39123,0.0291928,0.0409947,-0.00441223,0.100709,,
63,kf,map,0.354446,-0.48051,-2.38961,0.0301361,0.0589952,-0.0107363,0.107084,,
63,ekf_predict_only,map,0.308815,-0.541321,-2.4364,54.2538,48.0117,5.43289,,,
63,pf,map,0.366806,-0.503033,-2.37023,0.00983275,0.0171567,-0.00406936,12.5167,654.599,1
63.036,odom,map,0.344324,-0.526215,-2.3937,0,0,0,,,
63.072,odom,map,0.337701,-0.531025,-2.40709,0,0,0,,,
63.108,odom,map,0.331231,-0.535562,-2.41985,0,0,0,,,
63.144,odom,map,0.324739,-0.539993,-2.43248,0,0,0,,,
63.18,odom,map,0.318186,-0.544354,-2.44511,0,0,0,,,
63.216,odom,map,0.312417,-0.548407,-2.45653,0,0,0,,,
63.216,kf,map,0.328236,-0.501146,-2.4586,0.0303086,0.0588504,-0.0109656,0.13575,,
63.216,ekf,map,0.328496,-0.504217,-2.4584,0.0293288,0.0415155,-0.004669,0.175416,,
63.216,ekf_predict_only,map,0.297197,-0.55121,-2.47426,54.6696,47.9735,5.30619,,,
63.216,pf,map,0.347447,-0.519596,-2.45725,0.013483,0.0187629,-0.00107199,9.64383,634.943,1
63.252,odom,map,0.308329,-0.551718,-2.46504,0,0,0,,,
63.288,odom,map,0.30523,-0.554191,-2.47095,0,0,0,,,
63.324,odom,map,0.302989,-0.555961,-2.47562,0,0,0,,,
63.36,odom,map,0.300527,-0.557884,-2.48107,0,0,0,,,
63.396,odom,map,0.297186,-0.560463,-2.48752,0,0,0,,,
63.396,ekf_predict_only,map,0.279473,-0.565175,-2.50714,55.2201,47.8697,5.10056,,,
63.396,kf,map,0.312398,-0.515348,-2.49269,0.0303557,0.0585474,-0.0110785,0.101791,,
63.432,odom,map,0.293595,-0.563197,-2.4941,0,0,0,,,
63.396,ekf,map,0.311559,-0.513174,-2.49386,0.0290904,0.0411764,-0.00476991,0.101958,,
63.396,pf,map,0.345331,-0.533124,-2.46632,0.0102101,0.0177828,-0.00250396,7.02179,612.374,1
63.468,odom,map,0.290036,-0.56587,-2.50022,0,0,0,,,
63.504,odom,map,0.286286,-0.568652,-2.50682,0,0,0,,,
63.54,odom,map,0.282645,-0.571313,-2.51434,0,0,0,,,
63.576,odom,map,0.27909,-0.573869,-2.52222,0,0,0,,,
63.612,odom,map,0.275205,-0.576711,-2.52946,0,0,0,,,
63.612,ekf_predict_only,map,0.258314,-0.580748,-2.55444,55.8288,47.7377,4.84036,,,
63.612,ekf,map,0.287965,-0.535531,-2.54486,0.0294939,0.0421429,-0.00508134,0.173667,,
63.612,kf,map,0.287065,-0.532354,-2.54609,0.0305344,0.0585985,-0.0112525,0.115917,,
63.6,amcl,map,0.264956,-0.588379,-2.52166,0.0242696,0.0171444,0.00750686,,,
63.612,pf,map,0.32275,-0.551304,-2.53366,0.0145088,0.0153078,0.0013044,8.46317,615.907,1
63.648,odom,map,0.270526,-0.580297,-2.53557,0,0,0,,,
63.684,odom,map,0.265984,-0.58376,-2.54239,0,0,0,,,
63.72,odom,map,0.261734,-0.58699,-2.54987,0,0,0,,,
63.756,odom,map,0.257569,-0.590132,-2.55767,0,0,0,,,
63.792,odom,map,0.253816,-0.592969,-2.56661,0,0,0,,,
63.792,ekf_predict_only,map,0.24661,-0.588536,-2.61531,56.1857,47.7146,4.68829,,,
63.828,odom,map,0.251051,-0.594851,-2.57775,0,0,0,,,
63.792,ekf,map,0.267753,-0.546364,-2.5962,0.0292587,0.0417824,-0.00511337,0.094459,,
63.792,kf,map,0.267137,-0.5436,-2.59788,0.0305237,0.0583761,-0.0112885,0.111375,,
63.792,pf,map,0.277764,-0.561938,-2.58981,0.0109494,0.0190371,-0.00026813,7.83496,681.047,1
63.864,odom,map,0.248666,-0.596339,-2.58993,0,0,0,,,
63.9,odom,map,0.246183,-0.597845,-2.60249,0,0,0,,,
63.936,odom,map,0.243672,-0.599325,-2.61594,0,0,0,,,
63.972,odom,map,0.241016,-0.600841,-2.63019,0,0,0,,,
64.008,odom,map,0.23832,-0.602328,-2.64451,0,0,0,,,
64.008,ekf_predict_only,map,0.229607,-0.598413,-2.7038,56.6139,47.6426,4.45579,,,
64.008,ekf,map,0.259832,-0.551482,-2.67386,0.0296463,0.0427368,-0.00539013,0.103166,,
64.008,kf,map,0.258978,-0.550109,-2.67511,0.030642,0.0584905,-0.0113854,0.097333,,
64.008,pf,map,0.291735,-0.55501,-2.66234,0.00949615,0.0180405,-0.00173103,6.26596,647.683,1
64.044,odom,map,0.235449,-0.603858,-2.65921,0,0,0,,,
64.08,odom,map,0.232376,-0.605438,-2.67443,0,0,0,,,
64.116,odom,map,0.229119,-0.607048,-2.69038,0,0,0,,,
64.152,odom,map,0.225828,-0.60861,-2.7064,0,0,0,,,
64.188,odom,map,0.22235,-0.610193,-2.72267,0,0,0,,,
64.224,odom,map,0.21859,-0.611829,-2.73915,0,0,0,,,
64.188,ekf_predict_only,map,0.210159,-0.607517,-2.78664,57.0187,47.5555,4.17393,,,
64.188,ekf,map,0.242763,-0.570586,-2.75951,0.0293707,0.0423822,-0.00536986,0.096875,,
64.188,kf,map,0.238652,-0.559226,-2.76489,0.0305975,0.0583022,-0.011379,0.091,,
64.2,amcl,map,0.226181,-0.617318,-2.74221,0.0250845,0.0150162,0.00724192,,,
64.188,pf,map,0.265025,-0.555525,-2.75963,0.0133767,0.0219105,-0.00195807,10.7743,597.502,1
64.26,odom,map,0.214515,-0.613523,-2.75596,0,0,0,,,
64.296,odom,map,0.210348,-0.615174,-2.7729,0,0,0,,,
64.332,odom,map,0.205804,-0.616884,-2.7897,0,0,0,,,
64.368,odom,map,0.200893,-0.618641,-2.80647,0,0,0,,,
64.404,odom,map,0.195891,-0.620382,-2.82329,0,0,0,,,
64.404,ekf_predict_only,map,0.180814,-0.618394,-2.88721,57.486,47.3931,3.72713,,,
64.404,ekf,map,0.160071,-0.592992,-2.8522,0.0624843,0.0644252,-0.000810762,0.061666,,
64.404,kf,map,0.162738,-0.586443,-2.85523,0.0574053,0.0618928,-0.00184314,0.061334,,
64.404,pf,map,0.17828,-0.600385,-2.851,0.0281837,0.0283345,-0.00151428,4.61371,569.41,1
64.44,odom,map,0.18951,-0.62327,-2.84106,0,0,0,,,
64.476,odom,map,0.182707,-0.626176,-2.85879,0,0,0,,,
64.512,odom,map,0.175871,-0.628974,-2.87652,0,0,0,,,
64.548,odom,map,0.168794,-0.63172,-2.89406,0,0,0,,,
64.584,odom,map,0.161362,-0.634433,-2.91141,0,0,0,,,
64.62,odom,map,0.154103,-0.636477,-2.92816,0,0,0,,,
64.584,ekf_predict_only,map,0.147019,-0.627181,-2.96858,57.8851,47.2206,3.18741,,,
64.584,kf,map,0.110047,-0.602293,-2.93212,0.0616318,0.0622812,-0.000266727,0.062625,,
64.584,ekf,map,0.10752,-0.605054,-2.93074,0.0669209,0.0671959,-0.000115321,0.111,,
64.584,pf,map,0.128209,-0.60578,-2.92807,0.0290181,0.0280756,-0.00301868,6.77046,541.789,1
64.656,odom,map,0.147266,-0.637901,-2.94444,0,0,0,,,
64.692,odom,map,0.140167,-0.639259,-2.96049,0,0,0,,,
64.728,odom,map,0.132751,-0.640555,-2.97637,0,0,0,,,
64.764,odom,map,0.125149,-0.641761,-2.99218,0,0,0,,,
64.8,odom,map,0.117383,-0.642868,-3.00774,0,0,0,,,
64.8,ekf,map,0.0557334,-0.613919,-3.02428,0.068651,0.0687011,-1.84888e-05,0.138875,,
64.8,ekf_predict_only,map,0.0976915,-0.635801,-3.06027,58.2806,46.98,2.37167,,,
64.8,kf,map,0.0569361,-0.613017,-3.02463,0.062448,0.0625393,-3.75211e-05,0.070833,,
64.8,amcl,map,0.120005,-0.642053,-3.01181,0.0262264,0.0132233,0.00405958,,,
64.8,pf,map,0.0923564,-0.614715,-3.00837,0.0268152,0.0273695,0.000884737,6.44396,566.843,1
64.836,odom,map,0.109253,-0.643899,-3.02305,0,0,0,,,
64.872,odom,map,0.100832,-0.644836,-3.0381,0,0,0,,,
64.908,odom,map,0.0922855,-0.64566,-3.05296,0,0,0,,,
64.944,odom,map,0.0834505,-0.64638,-3.06748,0,0,0,,,
64.98,odom,map,0.0743221,-0.646992,-3.08147,0,0,0,,,
65.016,odom,map,0.0656823,-0.647393,-3.09555,0,0,0,,,
65.016,ekf_predict_only,map,0.0403563,-0.640474,-3.14054,58.5417,46.7697,1.39622,,,
65.016,ekf,map,0.000867462,-0.618028,-3.10995,0.0689458,0.0689782,-6.80046e-06,0.0585,,
65.016,kf,map,0.00111413,-0.617972,-3.10957,0.0625627,0.0625755,-5.25697e-06,0.11625,,
65.016,pf,map,0.0407853,-0.636306,-3.10558,0.0253414,0.0306587,0.00103729,8.20538,565.555,1
65.052,odom,map,0.0581042,-0.647498,-3.11039,0,0,0,,,
65.088,odom,map,0.0504449,-0.647448,-3.12496,0,0,0,,,
65.124,odom,map,0.0425436,-0.647246,-3.13892,0,0,0,,,
65.16,odom,map,0.0344005,-0.646897,3.13104,0,0,0,,,
65.196,odom,map,0.0262548,-0.646398,3.11781,0,0,0,,,
65.232,odom,map,0.0161761,-0.646057,3.10674,0,0,0,,,
65.196,ekf_predict_only,map,-0.0113875,-0.640528,3.09119,58.6435,46.6689,0.502883,,,
65.196,ekf,map,-0.0485893,-0.617606,3.11263,0.067659,0.0676974,-4.98612e-06,0.060584,,
65.196,kf,map,-0.0486672,-0.617834,3.11349,0.0623781,0.0623799,-7.44039e-07,0.055125,,
65.196,pf,map,-0.00864526,-0.638668,3.11124,0.0281121,0.0246569,0.00131224,9.81363,546.536,1
65.268,odom,map,0.0058357,-0.645643,3.09645,0,0,0,,,
65.304,odom,map,-0.00449995,-0.645123,3.08616,0,0,0,,,
65.34,odom,map,-0.0149282,-0.644491,3.07611,0,0,0,,,
65.376,odom,map,-0.0256275,-0.643737,3.06671,0,0,0,,,
65.412,odom,map,-0.0365747,-0.642867,3.05797,0,0,0,,,
65.412,ekf_predict_only,map,-0.0775665,-0.63719,3.03993,58.6284,46.6221,-0.641978,,,
65.412,ekf,map,-0.111866,-0.613513,3.05259,0.0686415,0.0687077,-4.69158e-06,0.121709,,
65.412,kf,map,-0.112158,-0.613905,3.0537,0.0625529,0.0625532,-1.04334e-07,0.121875,,
65.4,amcl,map,-0.0365241,-0.64236,3.04142,0.0263709,0.0142667,0.000775857,,,
65.412,pf,map,-0.0757281,-0.628594,3.05264,0.0290048,0.0273067,-0.0015359,5.45417,547.537,1
65.448,odom,map,-0.0476295,-0.641896,3.05042,0,0,0,,,
65.484,odom,map,-0.0586886,-0.640854,3.04525,0,0,0,,,
65.52,odom,map,-0.0698038,-0.639758,3.04166,0,0,0,,,
65.556,odom,map,-0.0809422,-0.638626,3.03934,0,0,0,,,
65.592,odom,map,-0.0920896,-0.637478,3.03848,0,0,0,,,
65.628,odom,map,-0.104338,-0.636464,3.03815,0,0,0,,,
65.592,ekf_predict_only,map,-0.133309,-0.631503,3.03571,58.533,46.6946,-1.60102,,,
65.592,kf,map,-0.166727,-0.607596,3.03677,0.0623767,0.0623768,-1.47686e-08,0.082334,,
65.592,ekf,map,-0.166518,-0.607194,3.03534,0.0676123,0.0676831,-1.78529e-06,0.055958,,
65.592,pf,map,-0.13466,-0.635149,3.03418,0.0314623,0.0250804,-0.000635086,4.63938,542.284,1
65.664,odom,map,-0.116942,-0.63552,3.03853,0,0,0,,,
65.7,odom,map,-0.129497,-0.634605,3.04117,0,0,0,,,
65.736,odom,map,-0.142057,-0.633732,3.04437,0,0,0,,,
65.772,odom,map,-0.15463,-0.632903,3.04813,0,0,0,,,
65.808,odom,map,-0.166813,-0.63208,3.0527,0,0,0,,,
65.808,ekf,map,-0.232181,-0.599413,3.04928,0.0686682,0.0687659,1.75917e-06,0.060125,,
65.808,ekf_predict_only,map,-0.198992,-0.624522,3.07132,58.3944,46.8755,-2.71922,,,
65.808,kf,map,-0.232287,-0.599892,3.05175,0.0625528,0.0625528,-2.071e-09,0.146542,,
65.808,pf,map,-0.215665,-0.612405,3.04828,0.0245405,0.0298306,-0.00155889,6.02017,543.578,1
65.844,odom,map,-0.177782,-0.631134,3.05853,0,0,0,,,
65.88,odom,map,-0.188755,-0.630253,3.06447,0,0,0,,,
65.916,odom,map,-0.199741,-0.629439,3.07084,0,0,0,,,
65.952,odom,map,-0.210711,-0.628699,3.07797,0,0,0,,,
65.988,odom,map,-0.221492,-0.628058,3.08661,0,0,0,,,
65.988,ekf_predict_only,map,-0.252608,-0.620748,3.11569,58.366,47.1326,-3.62588,,,
65.988,ekf,map,-0.28645,-0.594462,3.07989,0.0676436,0.0677335,3.85961e-06,0.061459,,
65.988,kf,map,-0.286449,-0.594819,3.08188,0.0623767,0.0623767,-2.93153e-10,0.063208,,
66.024,odom,map,-0.232229,-0.627515,3.09548,0,0,0,,,
65.988,pf,map,-0.267138,-0.609189,3.07781,0.028206,0.0252419,1.09901e-05,9.41804,560.998,1
66.06,odom,map,-0.242877,-0.627072,3.105,0,0,0,,,
66.096,odom,map,-0.253478,-0.626741,3.11575,0,0,0,,,
66.132,odom,map,-0.264036,-0.626526,3.12688,0,0,0,,,
66.168,odom,map,-0.27455,-0.626436,3.13924,0,0,0,,,
66.204,odom,map,-0.285006,-0.626402,-3.13182,0,0,0,,,
66.204,ekf_predict_only,map,-0.315671,-0.619114,-3.09331,58.4105,47.5225,-4.69258,,,
66.204,ekf,map,-0.350064,-0.591605,-3.13995,0.0686988,0.0688091,6.3063e-06,0.056208,,
66.204,kf,map,-0.350017,-0.591796,-3.13824,0.0625527,0.0625527,-4.11087e-11,0.058208,,
66.204,pf,map,-0.330392,-0.60199,3.13975,0.0232306,0.0285842,-0.00114501,7.1905,561.919,1
66.24,odom,map,-0.294321,-0.625196,-3.12321,0,0,0,,,
66.276,odom,map,-0.303471,-0.624037,-3.11334,0,0,0,,,
66.312,odom,map,-0.312649,-0.622934,-3.10347,0,0,0,,,
66.348,odom,map,-0.321761,-0.621882,-3.09329,0,0,0,,,
66.384,odom,map,-0.330808,-0.620888,-3.08222,0,0,0,,,
66.42,odom,map,-0.340349,-0.620848,-3.06844,0,0,0,,,
66.384,kf,map,-0.40052,-0.593108,-3.0687,0.0623767,0.0623767,-5.81899e-12,2.12188,,
66.384,ekf_predict_only,map,-0.365368,-0.621516,-3.01496,58.5921,47.9314,-5.54391,,,
66.402,amcl,map,-0.318452,-0.611815,-3.08399,0.0368026,0.0212246,-0.00545408,,,
66.384,ekf,map,-0.400597,-0.59304,-3.07,0.0676631,0.0677575,5.1345e-06,0.058,,
66.384,pf,map,-0.358412,-0.610468,-3.08957,0.0306469,0.0289011,0.000505041,10.4392,584.473,1
66.456,odom,map,-0.350083,-0.621638,-3.0524,0,0,0,,,
66.492,odom,map,-0.359396,-0.62255,-3.03549,0,0,0,,,
66.528,odom,map,-0.368573,-0.623606,-3.01834,0,0,0,,,
66.564,odom,map,-0.377575,-0.624801,-3.00088,0,0,0,,,
66.6,odom,map,-0.386406,-0.626131,-2.98322,0,0,0,,,
66.6,ekf_predict_only,map,-0.415686,-0.627922,-2.90568,58.9104,48.4165,-6.42602,,,
66.6,kf,map,-0.454729,-0.598987,-2.968,0.0625527,0.0625527,-8.15995e-13,0.069584,,
66.6,ekf,map,-0.455114,-0.599089,-2.96923,0.068714,0.0688195,3.9491e-06,0.501375,,
66.6,pf,map,-0.417435,-0.62696,-2.97007,0.0297095,0.0302523,8.53404e-05,4.50692,564.079,1
66.636,odom,map,-0.394859,-0.627559,-2.96512,0,0,0,,,
66.672,odom,map,-0.402909,-0.62907,-2.94663,0,0,0,,,
66.708,odom,map,-0.410837,-0.630712,-2.92808,0,0,0,,,
66.744,odom,map,-0.418569,-0.632464,-2.90935,0,0,0,,,
66.78,odom,map,-0.425641,-0.634207,-2.8899,0,0,0,,,
66.816,ekf_predict_only,map,-0.455764,-0.637556,-2.78768,59.3411,48.8757,-7.15689,,,
66.816,ekf,map,-0.432256,-0.598994,-2.86653,0.0306431,0.0527326,-0.00627384,0.102167,,
66.816,kf,map,-0.436686,-0.592182,-2.86854,0.0300716,0.0602989,-0.0086062,0.103125,,
66.816,odom,map,-0.432278,-0.635983,-2.87024,0,0,0,,,
66.816,pf,map,-0.397695,-0.580003,-2.86817,0.00991501,0.0241844,-0.00337289,7.22588,625.29,1
66.852,odom,map,-0.438878,-0.637889,-2.85057,0,0,0,,,
66.888,odom,map,-0.44523,-0.639859,-2.83073,0,0,0,,,
66.924,odom,map,-0.450799,-0.641709,-2.81032,0,0,0,,,
66.96,odom,map,-0.455858,-0.643507,-2.78977,0,0,0,,,
66.996,odom,map,-0.460879,-0.645409,-2.76922,0,0,0,,,
66.996,ekf_predict_only,map,-0.477036,-0.645415,-2.68364,59.7128,49.1852,-7.56331,,,
66.996,ekf,map,-0.444253,-0.601644,-2.76343,0.0291837,0.0515742,-0.0064256,0.178,,
66.996,kf,map,-0.446431,-0.596785,-2.76527,0.0289328,0.0600208,-0.00888345,0.103584,,
67.032,odom,map,-0.465685,-0.647343,-2.74855,0,0,0,,,
67.002,amcl,map,-0.444472,-0.637379,-2.7899,0.0291252,0.0222071,-0.00607867,,,
66.996,pf,map,-0.386938,-0.608988,-2.75615,0.0094873,0.0246347,-0.00302593,10.4283,674.042,1
67.068,odom,map,-0.469863,-0.649126,-2.72774,0,0,0,,,
67.104,odom,map,-0.473996,-0.650993,-2.70694,0,0,0,,,
67.14,odom,map,-0.477819,-0.652815,-2.68598,0,0,0,,,
67.176,odom,map,-0.481277,-0.654554,-2.66495,0,0,0,,,
67.212,ekf_predict_only,map,-0.497864,-0.655682,-2.55746,60.1704,49.5031,-7.97979,,,
67.212,kf,map,-0.472063,-0.608246,-2.64064,0.0289848,0.0601503,-0.00898127,0.119792,,
67.212,odom,map,-0.483782,-0.655826,-2.64434,0,0,0,,,
67.212,ekf,map,-0.470792,-0.61319,-2.63888,0.0294904,0.0524276,-0.00663756,0.098083,,
67.212,pf,map,-0.40928,-0.636938,-2.62603,0.00925085,0.0213617,-0.004716,10.9471,685.086,1
67.248,odom,map,-0.484026,-0.655852,-2.62467,0,0,0,,,
67.284,odom,map,-0.483845,-0.655708,-2.60498,0,0,0,,,
67.32,odom,map,-0.483349,-0.655441,-2.58537,0,0,0,,,
67.356,odom,map,-0.482768,-0.655181,-2.56583,0,0,0,,,
67.392,odom,map,-0.481885,-0.654779,-2.54605,0,0,0,,,
67.392,ekf_predict_only,map,-0.507668,-0.662163,-2.45142,60.4978,49.71,-8.18712,,,
67.428,odom,map,-0.482994,-0.655622,-2.52523,0,0,0,,,
67.392,ekf,map,-0.49424,-0.618573,-2.52771,0.0292165,0.0517153,-0.00656901,0.173125,,
67.392,kf,map,-0.493784,-0.6186,-2.52797,0.0289513,0.0599486,-0.00900896,0.76725,,
67.401,amcl,map,-0.472418,-0.67047,-2.53205,0.0257779,0.0205653,-0.00402773,,,
67.392,pf,map,-0.454583,-0.602774,-2.52552,0.00847513,0.0292327,-0.0041271,11.1868,725.537,1
67.464,odom,map,-0.484821,-0.656945,-2.50426,0,0,0,,,
67.5,odom,map,-0.486592,-0.658285,-2.48339,0,0,0,,,
67.536,odom,map,-0.488335,-0.659662,-2.46252,0,0,0,,,
67.572,odom,map,-0.489846,-0.660907,-2.4416,0,0,0,,,
67.608,odom,map,-0.491258,-0.662122,-2.42068,0,0,0,,,
67.608,ekf_predict_only,map,-0.516285,-0.669277,-2.32586,60.8488,49.9063,-8.37887,,,
67.608,ekf,map,-0.500431,-0.621043,-2.39707,0.0295569,0.0525894,-0.00676817,0.095834,,
67.608,kf,map,-0.499322,-0.625396,-2.39587,0.0290546,0.0600779,-0.0091051,0.11625,,
67.608,pf,map,-0.474231,-0.620292,-2.39188,0.011757,0.0273945,-0.00466785,5.98554,671.022,1
67.644,odom,map,-0.492644,-0.663366,-2.39975,0,0,0,,,
67.68,odom,map,-0.493825,-0.664469,-2.37912,0,0,0,,,
67.716,odom,map,-0.494786,-0.665406,-2.3587,0,0,0,,,
67.752,odom,map,-0.495702,-0.666336,-2.33832,0,0,0,,,
67.788,odom,map,-0.496598,-0.667284,-2.31793,0,0,0,,,
67.824,odom,map,-0.497368,-0.668202,-2.29976,0,0,0,,,
67.788,ekf_predict_only,map,-0.519979,-0.673202,-2.22675,61.0879,50.0483,-8.46663,,,
67.788,ekf,map,-0.517271,-0.626592,-2.29224,0.02926,0.0518269,-0.0066573,0.107,,
67.788,kf,map,-0.514966,-0.633451,-2.29004,0.0290183,0.0598815,-0.00912335,0.101792,,
67.8,amcl,map,-0.486732,-0.686954,-2.2873,0.0245593,0.0185564,-0.00355502,,,
67.788,pf,map,-0.454325,-0.693566,-2.25245,0.00674106,0.0256412,-0.00241219,11.318,678.673,1
67.86,odom,map,-0.498069,-0.669097,-2.28288,0,0,0,,,
67.896,odom,map,-0.498664,-0.669873,-2.26607,0,0,0,,,
67.932,odom,map,-0.499246,-0.670639,-2.24927,0,0,0,,,
67.968,odom,map,-0.499693,-0.671236,-2.23271,0,0,0,,,
68.004,odom,map,-0.500077,-0.671749,-2.21642,0,0,0,,,
68.004,ekf_predict_only,map,-0.521982,-0.675805,-2.11338,61.2804,50.1712,-8.51712,,,
68.004,kf,map,-0.502817,-0.633202,-2.17402,0.0291066,0.0600259,-0.00919302,0.093791,,
68.004,ekf,map,-0.503932,-0.627041,-2.17607,0.0295882,0.0526481,-0.00682868,0.9245,,
68.004,pf,map,-0.441118,-0.632227,-2.16792,0.0108958,0.0279962,-0.00544512,5.71087,706.159,1
68.04,odom,map,-0.500403,-0.67219,-2.19752,0,0,0,,,
68.076,odom,map,-0.50072,-0.672636,-2.17863,0,0,0,,,
68.112,odom,map,-0.500919,-0.672927,-2.15994,0,0,0,,,
68.148,odom,map,-0.501039,-0.67311,-2.14146,0,0,0,,,
68.184,odom,map,-0.501123,-0.673243,-2.12325,0,0,0,,,
68.22,odom,map,-0.500218,-0.674926,-2.10257,0,0,0,,,
68.184,ekf_predict_only,map,-0.522354,-0.676422,-2.02265,61.4023,50.2755,-8.52727,,,
68.184,ekf,map,-0.526783,-0.628718,-2.07549,0.029281,0.0518223,-0.0066925,0.111,,
68.184,kf,map,-0.522998,-0.640153,-2.07181,0.0290527,0.0598471,-0.00918134,0.108667,,
68.202,amcl,map,-0.481887,-0.691617,-2.07619,0.0268147,0.0211229,0.000295682,,,
68.184,pf,map,-0.500596,-0.60627,-2.08812,0.00952405,0.0176099,-0.00503746,8.10613,721.499,1
68.256,odom,map,-0.498499,-0.677764,-2.08001,0,0,0,,,
68.292,odom,map,-0.496752,-0.680496,-2.05812,0,0,0,,,
68.328,odom,map,-0.494963,-0.68308,-2.0369,0,0,0,,,
68.364,odom,map,-0.49318,-0.685599,-2.01593,0,0,0,,,
68.4,odom,map,-0.491434,-0.688112,-1.99495,0,0,0,,,
68.4,kf,map,-0.516216,-0.637171,-1.98037,0.0291111,0.0600215,-0.00920058,0.102792,,
68.4,ekf_predict_only,map,-0.520623,-0.672855,-1.9301,61.3756,50.3556,-8.47607,,,
68.4,ekf,map,-0.51763,-0.631664,-1.98243,0.0295804,0.0526543,-0.00681333,0.121917,,
68.4,pf,map,-0.478241,-0.639338,-1.98281,0.00950448,0.024851,-0.00515013,6.557,682.689,1
68.436,odom,map,-0.491149,-0.687644,-1.97917,0,0,0,,,
68.472,odom,map,-0.490891,-0.687036,-1.96375,0,0,0,,,
68.508,odom,map,-0.490643,-0.686423,-1.94832,0,0,0,,,
68.544,odom,map,-0.490368,-0.685713,-1.93321,0,0,0,,,
68.58,odom,map,-0.49006,-0.684881,-1.91879,0,0,0,,,
68.616,odom,map,-0.489675,-0.684247,-1.90383,0,0,0,,,
68.616,ekf_predict_only,map,-0.518658,-0.667626,-1.84662,61.2904,50.4332,-8.41148,,,
68.616,ekf,map,-0.519721,-0.627169,-1.88995,0.029603,0.0527871,-0.00683043,0.170875,,
68.616,kf,map,-0.517616,-0.634263,-1.88773,0.029092,0.0600675,-0.00916758,0.106375,,
68.616,pf,map,-0.475035,-0.627242,-1.88357,0.0119113,0.0246784,-0.00323953,6.84346,702.055,1
68.652,odom,map,-0.489198,-0.683989,-1.88721,0,0,0,,,
68.688,odom,map,-0.488916,-0.684256,-1.87178,0,0,0,,,
68.724,odom,map,-0.488759,-0.684877,-1.85894,0,0,0,,,
68.76,odom,map,-0.488612,-0.685497,-1.8487,0,0,0,,,
68.796,odom,map,-0.488476,-0.686116,-1.84104,0,0,0,,,
68.832,odom,map,-0.488462,-0.686185,-1.83839,0,0,0,,,
68.796,ekf,map,-0.523768,-0.61981,-1.84502,0.0292583,0.0518527,-0.00667897,0.169541,,
68.796,kf,map,-0.519626,-0.634569,-1.84118,0.0290201,0.0598833,-0.0091267,0.100459,,
68.796,ekf_predict_only,map,-0.518658,-0.667626,-1.84662,61.3904,50.5332,-8.41148,,,
68.802,amcl,map,-0.475581,-0.683545,-1.86501,0.0255471,0.0251752,0.00227771,,,
68.796,pf,map,-0.515728,-0.651189,-1.82012,0.00729936,0.0324706,-0.00605935,11.7988,702.605,1
68.868,odom,map,-0.488462,-0.686185,-1.83817,0,0,0,,,
68.904,odom,map,-0.488462,-0.686185,-1.83817,0,0,0,,,
68.94,odom,map,-0.488462,-0.686185,-1.83817,0,0,0,,,
68.976,odom,map,-0.488462,-0.686185,-1.83817,0,0,0,,,
69.012,odom,map,-0.487974,-0.686144,-1.8383,0,0,0,,,
69.012,ekf_predict_only,map,-0.518658,-0.667626,-1.84662,61.4904,50.6332,-8.41148,,,
69.012,kf,map,-0.516423,-0.633602,-1.82865,0.0290839,0.0600491,-0.00915488,0.137417,,
69.012,ekf,map,-0.520007,-0.619941,-1.83301,0.0295383,0.0526175,-0.00676243,0.112916,,
69.012,pf,map,-0.484304,-0.644751,-1.81507,0.013255,0.0200787,-0.00311796,5.93992,646.591,1
69.048,odom,map,-0.486379,-0.686008,-1.83872,0,0,0,,,
69.084,odom,map,-0.484785,-0.685873,-1.83915,0,0,0,,,
69.12,odom,map,-0.48319,-0.685737,-1.83957,0,0,0,,,
69.156,odom,map,-0.481596,-0.685602,-1.83999,0,0,0,,,
69.192,odom,map,-0.48011,-0.685857,-1.84049,0,0,0,,,
69.192,ekf_predict_only,map,-0.521889,-0.67904,-1.84831,61.9957,50.7701,-8.53402,,,
69.192,ekf,map,-0.525997,-0.626245,-1.83073,0.0292579,0.0518665,-0.00667416,0.174166,,
69.192,kf,map,-0.522386,-0.639361,-1.82613,0.0290468,0.0598531,-0.00917138,0.115875,,
69.228,odom,map,-0.480114,-0.687432,-1.84092,0,0,0,,,
69.192,pf,map,-0.478391,-0.683572,-1.80134,0.0094242,0.0257411,-0.00517488,7.15188,675.232,1
69.264,odom,map,-0.480747,-0.689719,-1.84126,0,0,0,,,
69.3,odom,map,-0.481522,-0.692512,-1.84158,0,0,0,,,
69.336,odom,map,-0.482486,-0.695983,-1.84193,0,0,0,,,
69.372,odom,map,-0.483676,-0.700262,-1.84191,0,0,0,,,
69.408,odom,map,-0.485115,-0.705444,-1.84108,0,0,0,,,
69.408,ekf_predict_only,map,-0.531425,-0.712514,-1.84196,63.3068,50.9809,-8.90093,,,
69.408,kf,map,-0.528415,-0.661225,-1.8318,0.0292529,0.0598793,-0.00943461,0.102667,,
69.408,ekf,map,-0.530342,-0.653548,-1.83512,0.0297003,0.0526914,-0.00704855,0.098916,,
69.408,pf,map,-0.51302,-0.632192,-1.83271,0.00854726,0.0245982,-0.00392597,6.41913,671.681,1
69.444,odom,map,-0.486661,-0.711035,-1.84002,0,0,0,,,
69.48,odom,map,-0.48833,-0.717105,-1.83843,0,0,0,,,
69.516,odom,map,-0.490161,-0.723809,-1.83634,0,0,0,,,
69.552,odom,map,-0.492117,-0.731032,-1.83395,0,0,0,,,
69.588,odom,map,-0.494122,-0.738513,-1.83147,0,0,0,,,
69.624,odom,map,-0.495865,-0.746093,-1.8313,0,0,0,,,
69.588,ekf_predict_only,map,-0.542522,-0.752431,-1.82808,64.8955,51.2133,-9.34591,,,
69.588,kf,map,-0.538839,-0.692512,-1.82199,0.0293957,0.0595033,-0.00973318,0.180542,,
69.588,ekf,map,-0.540951,-0.684914,-1.82494,0.0295805,0.0519302,-0.00723935,0.108542,,
69.588,pf,map,-0.5068,-0.683081,-1.81658,0.00735583,0.0204003,-0.00473608,7.25142,755.132,1
69.66,odom,map,-0.497607,-0.75405,-1.83202,0,0,0,,,
69.696,odom,map,-0.499557,-0.762542,-1.83233,0,0,0,,,
69.732,odom,map,-0.501691,-0.771479,-1.83252,0,0,0,,,
69.768,odom,map,-0.503956,-0.780662,-1.83269,0,0,0,,,
69.804,odom,map,-0.50637,-0.790137,-1.83229,0,0,0,,,
69.804,ekf_predict_only,map,-0.558478,-0.813074,-1.80224,67.3498,51.5101,-10.0298,,,
69.804,kf,map,-0.552245,-0.744667,-1.80248,0.0298267,0.0593038,-0.0103072,0.10575,,
69.804,ekf,map,-0.554006,-0.738405,-1.80502,0.0302224,0.0527005,-0.00791186,0.094042,,
69.804,pf,map,-0.504402,-0.748894,-1.79169,0.00944479,0.0203616,-0.00489067,6.40292,700.575,1
69.84,odom,map,-0.50911,-0.80047,-1.82768,0,0,0,,,
69.876,odom,map,-0.511854,-0.811019,-1.82286,0,0,0,,,
69.912,odom,map,-0.514627,-0.8219,-1.81766,0,0,0,,,
69.948,odom,map,-0.517414,-0.83309,-1.81213,0,0,0,,,
69.984,odom,map,-0.520202,-0.844561,-1.80638,0,0,0,,,
70.02,odom,map,-0.522942,-0.856123,-1.80061,0,0,0,,,
69.984,ekf,map,-0.569372,-0.790901,-1.77859,0.030224,0.0518643,-0.00823912,0.114375,,
69.984,kf,map,-0.56722,-0.797427,-1.77613,0.0301447,0.0587529,-0.0108031,0.092833,,
69.984,ekf_predict_only,map,-0.572106,-0.870901,-1.77338,69.7993,51.7844,-10.6764,,,
69.984,pf,map,-0.548027,-0.800945,-1.76401,0.0079427,0.0191827,-0.0039215,10.3779,719.169,1
70.056,odom,map,-0.52565,-0.867853,-1.79468,0,0,0,,,
70.092,odom,map,-0.528349,-0.879875,-1.78865,0,0,0,,,
70.128,odom,map,-0.531,-0.892025,-1.78262,0,0,0,,,
70.164,odom,map,-0.533621,-0.904397,-1.77645,0,0,0,,,
70.2,odom,map,-0.536191,-0.916916,-1.77004,0,0,0,,,
70.2,ekf,map,-0.584875,-0.863228,-1.74408,0.031031,0.0525225,-0.00906085,0.133334,,
70.2,ekf_predict_only,map,-0.587673,-0.946691,-1.73444,73.1335,52.0905,-11.5101,,,
70.2,kf,map,-0.583062,-0.868402,-1.74202,0.0307522,0.0583766,-0.0115171,0.465041,,
70.2,pf,map,-0.550775,-0.88798,-1.73367,0.00845881,0.0227956,-0.00481333,6.03637,713.802,1
70.236,odom,map,-0.538696,-0.929532,-1.76355,0,0,0,,,
70.272,odom,map,-0.541125,-0.942196,-1.75706,0,0,0,,,
70.308,odom,map,-0.543486,-0.954954,-1.75059,0,0,0,,,
70.344,odom,map,-0.545758,-0.967693,-1.74391,0,0,0,,,
70.38,odom,map,-0.547943,-0.98044,-1.73721,0,0,0,,,
70.416,odom,map,-0.550029,-0.993118,-1.7305,0,0,0,,,
70.416,ekf_predict_only,map,-0.600205,-1.02259,-1.69413,76.6488,52.3617,-12.3107,,,
70.416,kf,map,-0.589604,-0.93933,-1.70075,0.0313507,0.0578046,-0.0122008,0.165666,,
70.416,ekf,map,-0.591763,-0.932862,-1.70297,0.0315904,0.0524861,-0.00975613,1.98638,,
70.401,amcl,map,-0.553848,-0.971582,-1.74585,0.0395166,0.0354653,-0.00489577,,,
70.416,pf,map,-0.547519,-0.972786,-1.68386,0.0126502,0.020491,-0.00671509,7.55708,652.912,1
70.452,odom,map,-0.552027,-1.00579,-1.72382,0,0,0,,,
70.488,odom,map,-0.553942,-1.01848,-1.71744,0,0,0,,,
70.524,odom,map,-0.555766,-1.03111,-1.71107,0,0,0,,,
70.56,odom,map,-0.557507,-1.04372,-1.70468,0,0,0,,,
70.596,odom,map,-0.559168,-1.05636,-1.69838,0,0,0,,,
70.632,odom,map,-0.560734,-1.06887,-1.6922,0,0,0,,,
70.596,ekf_predict_only,map,-0.607909,-1.08473,-1.66346,79.6775,52.5694,-12.9266,,,
70.596,kf,map,-0.606391,-1.00412,-1.67699,0.0317966,0.0571036,-0.012698,0.101208,,
70.596,ekf,map,-0.607361,-1.00244,-1.67792,0.0316122,0.0513231,-0.00998937,0.090542,,
70.596,pf,map,-0.55995,-1.03311,-1.6679,0.0101473,0.0230692,-0.00660833,10.732,720.484,1
70.668,odom,map,-0.562212,-1.0813,-1.68619,0,0,0,,,
70.704,odom,map,-0.563615,-1.09373,-1.6802,0,0,0,,,
70.74,odom,map,-0.56493,-1.10604,-1.67439,0,0,0,,,
70.776,odom,map,-0.566155,-1.11814,-1.6688,0,0,0,,,
70.812,ekf_predict_only,map,-0.614742,-1.15826,-1.63282,83.3967,52.7665,-13.6169,,,
70.812,ekf,map,-0.622779,-1.07515,-1.63982,0.0325404,0.0517702,-0.0107837,0.105042,,
70.812,kf,map,-0.620409,-1.07969,-1.63846,0.032498,0.0566312,-0.0133351,0.102166,,
70.812,odom,map,-0.567322,-1.13035,-1.66356,0,0,0,,,
70.812,pf,map,-0.632202,-1.03111,-1.65853,0.00957332,0.0185849,-0.00466402,10.7522,713.563,1
70.848,odom,map,-0.56843,-1.14261,-1.65845,0,0,0,,,
70.884,odom,map,-0.569482,-1.15491,-1.65365,0,0,0,,,
70.92,odom,map,-0.570478,-1.16722,-1.64986,0,0,0,,,
70.956,odom,map,-0.571437,-1.17949,-1.648,0,0,0,,,
70.992,odom,map,-0.572377,-1.19174,-1.64674,0,0,0,,,
70.992,ekf_predict_only,map,-0.618583,-1.2201,-1.63278,86.6703,52.9217,-14.1598,,,
71.028,odom,map,-0.57331,-1.20407,-1.64616,0,0,0,,,
70.992,ekf,map,-0.625358,-1.13121,-1.62255,0.0326403,0.0507777,-0.0110178,0.174209,,
70.992,kf,map,-0.621767,-1.13906,-1.62039,0.0329717,0.0559252,-0.0137689,0.266583,,
70.992,pf,map,-0.597385,-1.11652,-1.62565,0.00750325,0.0223913,-0.00475878,6.74092,730.942,1
71.064,odom,map,-0.574239,-1.21635,-1.6468,0,0,0,,,
71.1,odom,map,-0.575179,-1.22852,-1.64924,0,0,0,,,
71.136,odom,map,-0.576152,-1.24068,-1.65195,0,0,0,,,
71.172,odom,map,-0.577153,-1.25277,-1.65514,0,0,0,,,
71.208,odom,map,-0.578511,-1.26405,-1.66051,0,0,0,,,
71.208,ekf,map,-0.628038,-1.19983,-1.63525,0.0335975,0.0512047,-0.0117526,0.105541,,
71.208,ekf_predict_only,map,-0.623031,-1.29178,-1.66519,90.5973,53.0862,-14.7981,,,
71.208,kf,map,-0.623564,-1.20914,-1.63273,0.033696,0.055433,-0.0143284,3.17462,,
71.202,amcl,map,-0.591783,-1.23367,-1.68062,0.0513183,0.0378409,-0.0133437,,,
71.208,pf,map,-0.581862,-1.24018,-1.61638,0.0107763,0.0239993,-0.00731171,7.18504,708.024,1
71.244,odom,map,-0.58109,-1.273,-1.66816,0,0,0,,,
71.28,odom,map,-0.5838,-1.28196,-1.67633,0,0,0,,,
71.316,odom,map,-0.586635,-1.29082,-1.68552,0,0,0,,,
71.352,odom,map,-0.589592,-1.29941,-1.69592,0,0,0,,,
71.388,odom,map,-0.5927,-1.30796,-1.70646,0,0,0,,,
71.388,ekf_predict_only,map,-0.628466,-1.34918,-1.71181,93.8777,53.2658,-15.3691,,,
71.424,odom,map,-0.594904,-1.31833,-1.71609,0,0,0,,,
71.388,kf,map,-0.624094,-1.26445,-1.67905,0.0341473,0.05475,-0.0146694,0.224166,,
71.388,ekf,map,-0.624886,-1.26256,-1.6798,0.033658,0.0502229,-0.0118965,0.156208,,
71.388,pf,map,-0.632051,-1.2504,-1.67285,0.0092109,0.020568,-0.00553933,9.38183,741.713,1
71.46,odom,map,-0.596606,-1.32957,-1.72604,0,0,0,,,
71.496,odom,map,-0.598415,-1.34076,-1.73626,0,0,0,,,
71.532,odom,map,-0.600335,-1.3519,-1.74695,0,0,0,,,
71.568,odom,map,-0.602337,-1.36278,-1.7586,0,0,0,,,
71.604,odom,map,-0.604414,-1.37336,-1.771,0,0,0,,,
71.604,ekf_predict_only,map,-0.637486,-1.41272,-1.78753,97.6187,53.5,-16.1003,,,
71.604,ekf,map,-0.66822,-1.34876,-1.746,0.0633711,0.0657523,-0.00202381,0.060583,,
71.604,kf,map,-0.665044,-1.34695,-1.7467,0.0579803,0.0613174,-0.00237613,0.147,,
71.604,pf,map,-0.651255,-1.38106,-1.72984,0.0288852,0.0286919,0.00427673,4.54842,614.422,1
71.64,odom,map,-0.606607,-1.38383,-1.78362,0,0,0,,,
71.676,odom,map,-0.608886,-1.39406,-1.79679,0,0,0,,,
71.712,odom,map,-0.61125,-1.40402,-1.81082,0,0,0,,,
71.748,odom,map,-0.613724,-1.41382,-1.82545,0,0,0,,,
71.784,odom,map,-0.616331,-1.42354,-1.84028,0,0,0,,,
71.82,odom,map,-0.619048,-1.4331,-1.85558,0,0,0,,,
71.784,ekf,map,-0.693145,-1.40696,-1.81437,0.067094,0.0673118,-0.000282647,0.05925,,
71.784,ekf_predict_only,map,-0.648084,-1.46085,-1.86608,100.561,53.7609,-16.7786,,,
71.784,kf,map,-0.690723,-1.40541,-1.81544,0.061715,0.0621979,-0.000343858,0.060792,,
71.784,pf,map,-0.678335,-1.41162,-1.79879,0.0288849,0.0300753,-0.00209822,4.40004,548.907,1
71.856,odom,map,-0.621848,-1.44239,-1.87154,0,0,0,,,
71.892,odom,map,-0.624785,-1.4516,-1.88756,0,0,0,,,
71.928,odom,map,-0.62781,-1.46058,-1.90384,0,0,0,,,
71.964,odom,map,-0.630898,-1.46927,-1.92056,0,0,0,,,
72,odom,map,-0.634012,-1.47759,-1.93769,0,0,0,,,
72,ekf_predict_only,map,-0.663261,-1.51075,-1.9695,103.684,54.0976,-17.6274,,,
72,ekf,map,-0.713667,-1.4635,-1.91016,0.0687156,0.0686851,-3.31774e-05,0.057959,,
72,kf,map,-0.712114,-1.46236,-1.91123,0.0624597,0.0625276,-4.83713e-05,0.062292,,
72,amcl,map,-0.634796,-1.45827,-1.9381,0.0689056,0.03882,-0.0206424,,,
72,pf,map,-0.686146,-1.47194,-1.89826,0.0299245,0.0280562,-0.00326839,5.03846,541.748,1
72.036,odom,map,-0.638543,-1.48344,-1.95648,0,0,0,,,
72.072,odom,map,-0.643222,-1.48902,-1.9756,0,0,0,,,
72.108,odom,map,-0.647957,-1.49427,-1.9952,0,0,0,,,
72.144,odom,map,-0.652803,-1.49934,-2.01498,0,0,0,,,
72.18,odom,map,-0.657745,-1.50419,-2.0348,0,0,0,,,
72.216,odom,map,-0.662097,-1.50952,-2.05431,0,0,0,,,
72.216,ekf_predict_only,map,-0.680497,-1.55166,-2.08138,106.322,54.4751,-18.4914,,,
72.216,ekf,map,-0.733607,-1.50977,-2.01677,0.0689932,0.0689534,-4.24013e-06,0.3035,,
72.216,kf,map,-0.732598,-1.50892,-2.01765,0.0625644,0.0625739,-6.77716e-06,0.068875,,
72.216,pf,map,-0.709636,-1.52848,-1.99648,0.0310475,0.0325506,0.00246886,8.87108,559.097,1
72.252,odom,map,-0.665506,-1.51587,-2.07312,0,0,0,,,
72.288,odom,map,-0.668926,-1.52196,-2.09207,0,0,0,,,
72.324,odom,map,-0.6724,-1.52788,-2.11116,0,0,0,,,
72.36,odom,map,-0.675825,-1.53347,-2.13065,0,0,0,,,
72.396,odom,map,-0.679163,-1.53868,-2.15034,0,0,0,,,
72.432,odom,map,-0.682551,-1.54375,-2.17003,0,0,0,,,
72.396,ekf_predict_only,map,-0.695392,-1.57825,-2.17987,108.1,54.8226,-19.1822,,,
72.396,ekf,map,-0.750201,-1.54017,-2.11198,0.0676952,0.067667,-4.08733e-06,0.118167,,
72.396,kf,map,-0.749577,-1.53961,-2.11256,0.0623783,0.0623797,-9.59197e-07,0.244875,,
72.402,amcl,map,-0.659366,-1.54092,-2.1249,0.0591811,0.0325942,-0.0151393,,,
72.396,pf,map,-0.741417,-1.57981,-2.10694,0.0299289,0.026683,0.00064675,6.37254,550.966,1
72.468,odom,map,-0.685878,-1.54852,-2.18977,0,0,0,,,
72.504,odom,map,-0.689123,-1.55298,-2.20971,0,0,0,,,
72.54,odom,map,-0.692323,-1.5572,-2.22978,0,0,0,,,
72.576,odom,map,-0.695478,-1.56119,-2.24991,0,0,0,,,
72.612,odom,map,-0.698377,-1.56471,-2.27014,0,0,0,,,
72.612,ekf_predict_only,map,-0.71068,-1.60017,-2.3013,109.6,55.1839,-19.8577,,,
72.612,ekf,map,-0.768123,-1.56669,-2.23122,0.0686788,0.0686518,-7.39146e-06,0.126291,,
72.612,kf,map,-0.767533,-1.56615,-2.23163,0.062553,0.0625532,-1.34506e-07,0.067416,,
72.612,pf,map,-0.749359,-1.60036,-2.21417,0.0273285,0.0247007,0.00107887,4.63504,552.769,1
72.648,odom,map,-0.701076,-1.56785,-2.29043,0,0,0,,,
72.684,odom,map,-0.703752,-1.57085,-2.31073,0,0,0,,,
72.72,odom,map,-0.706383,-1.57367,-2.33107,0,0,0,,,
72.756,odom,map,-0.708733,-1.57609,-2.35146,0,0,0,,,
72.792,odom,map,-0.710857,-1.57819,-2.37208,0,0,0,,,
72.792,ekf_predict_only,map,-0.720225,-1.61083,-2.40483,110.386,55.4508,-20.2582,,,
72.792,ekf,map,-0.780321,-1.58091,-2.33299,0.0676386,0.0676203,-6.71381e-06,0.061375,,
72.792,kf,map,-0.779839,-1.58047,-2.33328,0.0623767,0.0623768,-1.90394e-08,0.142,,
72.828,odom,map,-0.711894,-1.5794,-2.39167,0,0,0,,,
72.801,amcl,map,-0.694954,-1.58004,-2.35134,0.0555645,0.0259307,-0.0140284,,,
72.792,pf,map,-0.727387,-1.58917,-2.32382,0.0285458,0.0262003,0.000850226,4.50467,555.781,1
72.864,odom,map,-0.712404,-1.58012,-2.41066,0,0,0,,,
72.9,odom,map,-0.712678,-1.58056,-2.42956,0,0,0,,,
72.936,odom,map,-0.712769,-1.58079,-2.44839,0,0,0,,,
72.972,odom,map,-0.712783,-1.58091,-2.46718,0,0,0,,,
73.008,odom,map,-0.712963,-1.5811,-2.48619,0,0,0,,,
73.008,ekf_predict_only,map,-0.725699,-1.61579,-2.5249,110.807,55.6478,-20.4791,,,
73.008,ekf,map,-0.789702,-1.58979,-2.4542,0.0686907,0.0686754,-6.75954e-06,0.064459,,
73.008,kf,map,-0.789139,-1.58931,-2.45421,0.0625528,0.0625528,-2.66989e-09,0.066708,,
73.008,pf,map,-0.730951,-1.63082,-2.4496,0.0309439,0.0291762,-0.00340265,4.63492,547.087,1
73.044,odom,map,-0.714065,-1.58193,-2.50626,0,0,0,,,
73.08,odom,map,-0.715064,-1.58266,-2.52628,0,0,0,,,
73.116,odom,map,-0.715965,-1.58328,-2.5463,0,0,0,,,
73.152,odom,map,-0.716756,-1.5838,-2.56606,0,0,0,,,
73.188,odom,map,-0.717389,-1.58421,-2.5856,0,0,0,,,
73.188,ekf_predict_only,map,-0.728454,-1.61775,-2.62236,111.033,55.7971,-20.5858,,,
73.2,amcl,map,-0.728116,-1.59762,-2.57994,0.0528443,0.0215741,-0.0119673,,,
73.188,ekf,map,-0.794792,-1.59377,-2.55333,0.0676574,0.067648,-4.52092e-06,0.103791,,
73.188,kf,map,-0.794386,-1.59345,-2.5532,0.0623767,0.0623767,-3.77926e-10,0.071042,,
73.224,odom,map,-0.716354,-1.58555,-2.60277,0,0,0,,,
73.188,pf,map,-0.773972,-1.61962,-2.547,0.0280194,0.0280843,0.00245797,11.3234,569.693,1
73.26,odom,map,-0.71437,-1.5874,-2.61841,0,0,0,,,
73.296,odom,map,-0.712253,-1.58914,-2.6337,0,0,0,,,
73.332,odom,map,-0.710036,-1.5908,-2.64877,0,0,0,,,
73.368,odom,map,-0.707786,-1.59242,-2.66371,0,0,0,,,
73.404,odom,map,-0.705474,-1.59382,-2.6786,0,0,0,,,
73.404,kf,map,-0.796523,-1.59489,-2.66573,0.0625527,0.0625527,-5.29964e-11,0.054625,,
73.404,ekf_predict_only,map,-0.728254,-1.61763,-2.73211,111.126,55.8935,-20.5783,,,
73.404,ekf,map,-0.796878,-1.59515,-2.66604,0.0687094,0.0687021,-3.69827e-06,0.054125,,
73.404,pf,map,-0.77565,-1.60339,-2.67601,0.0240444,0.0302287,-0.000129555,4.62483,559.878,1
73.44,odom,map,-0.705371,-1.59377,-2.69658,0,0,0,,,
73.476,odom,map,-0.705253,-1.59372,-2.71449,0,0,0,,,
73.512,odom,map,-0.705031,-1.59362,-2.7323,0,0,0,,,
73.548,odom,map,-0.704722,-1.59349,-2.74961,0,0,0,,,
73.584,odom,map,-0.704305,-1.59332,-2.76646,0,0,0,,,
73.62,odom,map,-0.704356,-1.59305,-2.78352,0,0,0,,,
73.584,kf,map,-0.795848,-1.59474,-2.75313,0.0623767,0.0623767,-7.5017e-12,0.091917,,
73.584,ekf_predict_only,map,-0.726008,-1.61666,-2.81599,111.163,55.9534,-20.4968,,,
73.602,amcl,map,-0.753472,-1.60721,-2.78874,0.0438451,0.0192197,-0.00851788,,,
73.584,ekf,map,-0.796089,-1.5949,-2.75352,0.0676693,0.067665,-2.24208e-06,0.060125,,
73.584,pf,map,-0.757084,-1.62291,-2.75054,0.0300898,0.0295433,0.000482881,5.75921,548.623,1
73.656,odom,map,-0.7048,-1.5927,-2.80078,0,0,0,,,
73.692,odom,map,-0.705179,-1.59234,-2.81762,0,0,0,,,
73.728,odom,map,-0.705412,-1.59195,-2.83411,0,0,0,,,
73.764,odom,map,-0.705567,-1.59154,-2.85053,0,0,0,,,
73.8,odom,map,-0.705677,-1.59113,-2.86662,0,0,0,,,
73.8,ekf_predict_only,map,-0.720598,-1.61483,-2.90574,111.145,55.9574,-20.3056,,,
73.8,ekf,map,-0.792348,-1.59365,-2.84969,0.0687187,0.0687155,-1.77163e-06,0.06825,,
73.8,kf,map,-0.792122,-1.5935,-2.84897,0.0625527,0.0625527,-1.05196e-12,0.058584,,
73.8,pf,map,-0.733903,-1.61829,-2.85881,0.030886,0.0294511,-0.000969227,4.61142,540.772,1
73.836,odom,map,-0.7048,-1.59088,-2.8817,0,0,0,,,
73.872,odom,map,-0.703769,-1.59061,-2.89647,0,0,0,,,
73.908,odom,map,-0.70267,-1.59035,-2.91114,0,0,0,,,
73.944,odom,map,-0.701963,-1.59018,-2.925,0,0,0,,,
73.98,odom,map,-0.701959,-1.59018,-2.93633,0,0,0,,,
74.016,odom,map,-0.703321,-1.5906,-2.94543,0,0,0,,,
74.016,ekf,map,-0.790253,-1.59325,-2.91165,0.0689625,0.0689604,-1.22306e-06,0.058,,
74.016,kf,map,-0.790372,-1.59322,-2.9074,0.0625774,0.0625774,-1.47322e-13,0.066875,,
74.016,ekf_predict_only,map,-0.720598,-1.61483,-2.92464,111.245,56.0574,-20.3056,,,
74.016,pf,map,-0.72852,-1.60974,-2.9324,0.0266316,0.0249382,-0.00227413,11.602,536.879,1
74.052,odom,map,-0.706826,-1.59166,-2.95253,0,0,0,,,
74.088,odom,map,-0.71065,-1.59279,-2.95802,0,0,0,,,
74.124,odom,map,-0.715698,-1.59413,-2.9646,0,0,0,,,
74.16,odom,map,-0.721427,-1.59558,-2.97165,0,0,0,,,
74.196,odom,map,-0.727558,-1.59708,-2.97876,0,0,0,,,
74.196,ekf_predict_only,map,-0.740722,-1.61927,-2.9494,111.632,56.5192,-20.9971,,,
74.196,ekf,map,-0.800639,-1.59547,-2.95207,0.067674,0.0676736,-9.04793e-07,0.108334,,
74.232,odom,map,-0.73165,-1.59779,-2.98416,0,0,0,,,
74.196,kf,map,-0.801427,-1.59572,-2.94925,0.0623802,0.0623802,-2.08497e-14,0.343,,
74.196,pf,map,-0.762955,-1.61681,-2.95714,0.027155,0.0335573,0.00062937,9.70388,556.384,1
74.268,odom,map,-0.735969,-1.59847,-2.98882,0,0,0,,,
74.304,odom,map,-0.74077,-1.5992,-2.99322,0,0,0,,,
74.34,odom,map,-0.745939,-1.59996,-2.99762,0,0,0,,,
74.376,odom,map,-0.751785,-1.60079,-3.00157,0,0,0,,,
74.412,ekf_predict_only,map,-0.778987,-1.62671,-2.97082,112.216,57.3437,-22.3102,,,
74.412,odom,map,-0.759587,-1.60218,-3.00546,0,0,0,,,
74.412,kf,map,-0.831242,-1.60083,-2.98015,0.0625532,0.0625532,-2.92367e-15,0.099167,,
74.412,ekf,map,-0.830186,-1.60044,-2.98197,0.0686579,0.0686638,-1.96718e-06,0.054291,,
74.4,amcl,map,-0.78412,-1.62699,-3.00608,0.0389063,0.0161402,-0.00710394,,,
74.412,pf,map,-0.795125,-1.59149,-2.96368,0.0296559,0.0250113,0.00121207,4.68462,557.841,1
74.448,odom,map,-0.770779,-1.60469,-3.00986,0,0,0,,,
74.484,odom,map,-0.782665,-1.60725,-3.01406,0,0,0,,,
74.52,odom,map,-0.79509,-1.60984,-3.01813,0,0,0,,,
74.556,odom,map,-0.808185,-1.61247,-3.02215,0,0,0,,,
74.592,odom,map,-0.821467,-1.61507,-3.02617,0,0,0,,,
74.592,ekf,map,-0.869078,-1.60609,-3,0.0676238,0.0676393,-3.34084e-06,0.059625,,
74.592,kf,map,-0.87004,-1.60643,-2.9991,0.0623768,0.0623768,-4.13848e-16,0.1025,,
74.628,odom,map,-0.831774,-1.61654,-3.02948,0,0,0,,,
74.592,ekf_predict_only,map,-0.825177,-1.63468,-2.98603,112.835,58.3822,-23.8971,,,
74.592,pf,map,-0.82734,-1.6142,-3.00083,0.0257353,0.0256366,-0.000513034,7.99992,556.94,1
74.664,odom,map,-0.841266,-1.61759,-3.03276,0,0,0,,,
74.7,odom,map,-0.850883,-1.61863,-3.03617,0,0,0,,,
74.736,odom,map,-0.860639,-1.61964,-3.03964,0,0,0,,,
74.772,odom,map,-0.870849,-1.62067,-3.04358,0,0,0,,,
74.808,odom,map,-0.881349,-1.62168,-3.04775,0,0,0,,,
74.808,ekf_predict_only,map,-0.888305,-1.64458,-3.01133,113.583,59.8783,-26.074,,,
74.808,ekf,map,-0.926609,-1.61361,-3.02348,0.068678,0.0687173,-6.94858e-06,0.060458,,
74.808,kf,map,-0.927479,-1.61388,-3.0233,0.0625528,0.0625528,-5.80338e-17,0.0625,,
74.808,pf,map,-0.905327,-1.64678,-3.01272,0.0300261,0.0314703,0.00398732,6.39808,580.386,1
74.844,odom,map,-0.891954,-1.62265,-3.05197,0,0,0,,,
74.88,odom,map,-0.902776,-1.6236,-3.05651,0,0,0,,,
74.916,odom,map,-0.914009,-1.62453,-3.0615,0,0,0,,,
74.952,odom,map,-0.925469,-1.62542,-3.06682,0,0,0,,,
74.988,odom,map,-0.937022,-1.62625,-3.07229,0,0,0,,,
74.988,kf,map,-0.982162,-1.61963,-3.049,0.0623767,0.0623767,-8.21475e-18,0.268584,,
75.024,odom,map,-0.948784,-1.62704,-3.07796,0,0,0,,,
74.988,ekf_predict_only,map,-0.947246,-1.6523,-3.04005,114.191,61.4005,-28.106,,,
74.988,ekf,map,-0.981509,-1.61947,-3.04881,0.0676499,0.0677019,-8.11022e-06,0.055834,,
74.988,pf,map,-0.92784,-1.62383,-3.04849,0.0351184,0.0292551,0.00170214,6.17858,540.909,1
75.06,odom,map,-0.960824,-1.62777,-3.08384,0,0,0,,,
75.096,odom,map,-0.973054,-1.62844,-3.08982,0,0,0,,,
75.132,odom,map,-0.985408,-1.62904,-3.09589,0,0,0,,,
75.168,odom,map,-0.997811,-1.62957,-3.10207,0,0,0,,,
75.204,odom,map,-1.01025,-1.6302,-3.10834,0,0,0,,,
75.204,kf,map,-1.05402,-1.62525,-3.08479,0.0625527,0.0625527,-1.15195e-18,0.054917,,
75.204,ekf_predict_only,map,-1.02139,-1.65985,-3.07839,114.79,63.4528,-30.6536,,,
75.204,ekf,map,-1.05358,-1.62511,-3.08449,0.0687039,0.068791,-1.16792e-05,0.0545,,
75.204,pf,map,-1.0203,-1.65547,-3.07844,0.0304411,0.0266185,-0.000697041,6.26117,534.141,1
75.24,odom,map,-1.0232,-1.63376,-3.11406,0,0,0,,,
75.276,odom,map,-1.03622,-1.63725,-3.11979,0,0,0,,,
75.312,odom,map,-1.04933,-1.64069,-3.12563,0,0,0,,,
75.348,odom,map,-1.0624,-1.64405,-3.13167,0,0,0,,,
75.384,odom,map,-1.07546,-1.64735,-3.13771,0,0,0,,,
75.42,odom,map,-1.08806,-1.64879,3.1387,0,0,0,,,
75.384,ekf_predict_only,map,-1.08271,-1.66374,-3.1146,115.147,65.3055,-32.7401,,,
75.384,ekf,map,-1.11504,-1.62763,-3.11751,0.0676664,0.0677566,-1.03145e-05,0.055542,,
75.384,kf,map,-1.1152,-1.62772,-3.11787,0.0623767,0.0623767,-1.6306e-19,0.0625,,
75.402,amcl,map,-1.07545,-1.653,-3.13092,0.0427889,0.0201246,-0.00587534,,,
75.384,pf,map,-1.07586,-1.65206,-3.11429,0.0288966,0.0275748,0.000591967,5.00133,549.975,1
75.456,odom,map,-1.10014,-1.64871,3.13106,0,0,0,,,
75.492,odom,map,-1.11218,-1.64854,3.12336,0,0,0,,,
75.528,odom,map,-1.12414,-1.64827,3.11553,0,0,0,,,
75.564,odom,map,-1.1359,-1.64792,3.10735,0,0,0,,,
75.6,odom,map,-1.14757,-1.64747,3.09897,0,0,0,,,
75.6,ekf_predict_only,map,-1.15287,-1.66563,3.11836,115.373,67.5641,-35.0959,,,
75.6,ekf,map,-1.18642,-1.628,3.11885,0.0687166,0.0688374,-1.08959e-05,0.059916,,
75.6,kf,map,-1.18637,-1.62811,3.11842,0.0625527,0.0625527,-2.28659e-20,0.119625,,
75.6,pf,map,-1.1436,-1.63896,3.11157,0.0339754,0.0288113,-0.00350643,4.99454,541.295,1
75.636,odom,map,-1.15926,-1.64692,3.0906,0,0,0,,,
75.672,odom,map,-1.17094,-1.64628,3.08159,0,0,0,,,
75.708,odom,map,-1.18261,-1.64551,3.07099,0,0,0,,,
75.744,odom,map,-1.19431,-1.64462,3.05949,0,0,0,,,
75.78,odom,map,-1.20602,-1.64359,3.04759,0,0,0,,,
75.816,odom,map,-1.21775,-1.64241,3.03515,0,0,0,,,
75.816,ekf_predict_only,map,-1.22363,-1.66399,3.04179,115.364,70.0077,-37.4155,,,
75.816,ekf,map,-1.25722,-1.62471,3.05214,0.0689611,0.0690916,-8.35061e-06,0.112708,,
75.816,kf,map,-1.2572,-1.62479,3.05108,0.0625774,0.0625774,-3.20225e-21,0.0545,,
75.816,pf,map,-1.23495,-1.64635,3.05672,0.0309518,0.025261,0.000896721,10.0883,547.344,1
75.852,odom,map,-1.22941,-1.64109,3.02203,0,0,0,,,
75.888,odom,map,-1.2411,-1.6396,3.00832,0,0,0,,,
75.924,odom,map,-1.25282,-1.63795,2.99444,0,0,0,,,
75.96,odom,map,-1.26454,-1.63613,2.9804,0,0,0,,,
75.996,odom,map,-1.2762,-1.63414,2.96602,0,0,0,,,
75.996,ekf,map,-1.31593,-1.61769,2.98496,0.0676732,0.0677851,-3.58958e-06,0.065083,,
75.996,kf,map,-1.31592,-1.61778,2.98416,0.0623802,0.0623802,-4.53198e-22,0.054334,,
76.032,odom,map,-1.28782,-1.632,2.95154,0,0,0,,,
75.996,ekf_predict_only,map,-1.2824,-1.6581,2.9694,115.074,72.1817,-39.2571,,,
75.996,pf,map,-1.26806,-1.64239,2.99206,0.0265631,0.0241553,-0.000253306,7.75075,547.913,1
76.068,odom,map,-1.2993,-1.6297,2.93678,0,0,0,,,
76.104,odom,map,-1.31064,-1.62726,2.92179,0,0,0,,,
76.14,odom,map,-1.32188,-1.62466,2.90661,0,0,0,,,
76.176,odom,map,-1.33308,-1.62188,2.89137,0,0,0,,,
76.212,odom,map,-1.34375,-1.61936,2.87666,0,0,0,,,
76.212,kf,map,-1.38355,-1.60461,2.89567,0.0625532,0.0625532,-6.35502e-23,0.05775,,
76.212,ekf,map,-1.38364,-1.60438,2.89621,0.0686576,0.0687902,1.63026e-06,0.057792,,
76.2,amcl,map,-1.33519,-1.62419,2.90096,0.0470254,0.0280673,-0.0123884,,,
76.212,ekf_predict_only,map,-1.34902,-1.64651,2.87777,114.411,74.773,-41.236,,,
76.212,pf,map,-1.34793,-1.61624,2.89568,0.0289502,0.0273741,0.00193617,4.7375,557.352,1
76.248,odom,map,-1.35338,-1.61761,2.86295,0,0,0,,,
76.284,odom,map,-1.36287,-1.61576,2.84914,0,0,0,,,
76.32,odom,map,-1.3723,-1.61379,2.83531,0,0,0,,,
76.356,odom,map,-1.3815,-1.61175,2.82144,0,0,0,,,
76.392,odom,map,-1.39036,-1.60968,2.8076,0,0,0,,,
76.428,odom,map,-1.39971,-1.60662,2.79233,0,0,0,,,
76.392,ekf,map,-1.43532,-1.58923,2.81879,0.0676241,0.0677336,6.05439e-06,0.104916,,
76.392,ekf_predict_only,map,-1.39827,-1.63321,2.79886,113.639,76.8108,-42.587,,,
76.392,kf,map,-1.43511,-1.58951,2.81848,0.0623768,0.0623768,-8.99558e-24,0.053834,,
76.392,pf,map,-1.40887,-1.59789,2.83256,0.026688,0.0308235,0.000277313,11.399,565.162,1
76.464,odom,map,-1.40927,-1.60305,2.77655,0,0,0,,,
76.5,odom,map,-1.41865,-1.59938,2.76079,0,0,0,,,
76.536,odom,map,-1.42771,-1.59567,2.74509,0,0,0,,,
76.572,odom,map,-1.43657,-1.59188,2.72941,0,0,0,,,
76.608,odom,map,-1.44531,-1.58798,2.71373,0,0,0,,,
76.608,ekf,map,-1.49077,-1.56803,2.72474,0.0686797,0.0687974,1.30432e-05,0.053792,,
76.608,ekf_predict_only,map,-1.45098,-1.6144,2.70397,112.518,79.0755,-43.9125,,,
76.608,kf,map,-1.49047,-1.56844,2.72456,0.0625528,0.0625528,-1.26145e-24,0.692,,
76.608,pf,map,-1.46352,-1.56594,2.72768,0.0300356,0.0333625,-0.000556223,4.84325,560.463,1
76.644,odom,map,-1.45379,-1.58403,2.69793,0,0,0,,,
76.68,odom,map,-1.46208,-1.58001,2.68235,0,0,0,,,
76.716,odom,map,-1.47011,-1.57596,2.66703,0,0,0,,,
76.752,odom,map,-1.47804,-1.57181,2.65173,0,0,0,,,
76.788,odom,map,-1.48577,-1.56762,2.63645,0,0,0,,,
76.824,odom,map,-1.49318,-1.56344,2.62136,0,0,0,,,
76.788,ekf,map,-1.5314,-1.54801,2.64841,0.0676527,0.0677413,1.45739e-05,0.07675,,
76.788,kf,map,-1.53111,-1.54841,2.64844,0.0623767,0.0623767,-1.78559e-25,0.114833,,
76.788,ekf_predict_only,map,-1.48888,-1.59667,2.6288,111.477,80.7905,-44.754,,,
76.8,amcl,map,-1.49212,-1.56963,2.6364,0.0492633,0.0352576,-0.017766,,,
76.788,pf,map,-1.50895,-1.56882,2.64997,0.0307559,0.0270542,-0.00143088,7.53,549.697,1
76.86,odom,map,-1.50031,-1.55929,2.60637,0,0,0,,,
76.896,odom,map,-1.50724,-1.55511,2.59147,0,0,0,,,
76.932,odom,map,-1.51402,-1.55088,2.57665,0,0,0,,,
76.968,odom,map,-1.5205,-1.54671,2.56214,0,0,0,,,
77.004,odom,map,-1.5266,-1.54266,2.54812,0,0,0,,,
77.004,ekf_predict_only,map,-1.52628,-1.57561,2.5447,110.236,82.5318,-45.4826,,,
77.004,ekf,map,-1.57224,-1.52381,2.56095,0.0687092,0.0687948,1.9928e-05,0.058209,,
77.004,kf,map,-1.57187,-1.52433,2.56127,0.0625527,0.0625527,-2.50393e-26,0.058042,,
77.004,pf,map,-1.54324,-1.53697,2.55476,0.027636,0.0228701,0.00147146,4.69192,553.087,1
77.04,odom,map,-1.53282,-1.53851,2.53587,0,0,0,,,
77.076,odom,map,-1.53885,-1.53441,2.52366,0,0,0,,,
77.112,odom,map,-1.54467,-1.53036,2.51167,0,0,0,,,
77.148,odom,map,-1.55008,-1.52653,2.50003,0,0,0,,,
77.184,odom,map,-1.55539,-1.52269,2.48841,0,0,0,,,
77.184,ekf_predict_only,map,-1.55005,-1.55946,2.47887,109.318,83.6994,-45.8688,,,
77.22,odom,map,-1.5602,-1.51904,2.47599,0,0,0,,,
77.184,ekf,map,-1.59939,-1.50447,2.49224,0.067672,0.0677307,1.72904e-05,0.08025,,
77.184,kf,map,-1.59901,-1.50497,2.49259,0.0623767,0.0623767,-3.54435e-27,0.052958,,
77.184,pf,map,-1.57747,-1.5165,2.49788,0.0295512,0.0280368,4.3556e-05,6.16038,556.514,1
77.256,odom,map,-1.56453,-1.5156,2.46292,0,0,0,,,
77.292,odom,map,-1.56868,-1.51221,2.4499,0,0,0,,,
77.328,odom,map,-1.57263,-1.50889,2.43721,0,0,0,,,
77.364,odom,map,-1.57636,-1.50569,2.42475,0,0,0,,,
77.4,odom,map,-1.57943,-1.50298,2.41359,0,0,0,,,
77.4,ekf,map,-1.61711,-1.48957,2.42698,0.0687226,0.0687719,1.65432e-05,0.142292,,
77.4,kf,map,-1.61549,-1.49107,2.42942,0.0625527,0.0625527,-4.97022e-28,0.065208,,
77.4,ekf_predict_only,map,-1.55093,-1.55877,2.43934,109.375,83.8396,-45.881,,,
77.4,amcl,map,-1.56811,-1.51717,2.41254,0.0456778,0.0399937,-0.0242638,,,
77.4,pf,map,-1.60441,-1.50138,2.42649,0.0284454,0.0284438,0.0016445,5.75237,555.327,1
77.436,odom,map,-1.58151,-1.50111,2.40502,0,0,0,,,
77.472,odom,map,-1.58262,-1.5001,2.39885,0,0,0,,,
77.508,odom,map,-1.58283,-1.49991,2.39517,0,0,0,,,
77.544,odom,map,-1.58283,-1.49991,2.39408,0,0,0,,,
77.58,odom,map,-1.58283,-1.49991,2.39408,0,0,0,,,
77.616,odom,map,-1.58297,-1.5002,2.39375,0,0,0,,,
77.616,ekf_predict_only,map,-1.55093,-1.55877,2.43934,109.475,83.9396,-45.881,,,
77.616,ekf,map,-1.62476,-1.48304,2.40545,0.0689657,0.0690005,1.23223e-05,0.061916,,
77.616,kf,map,-1.62345,-1.4842,2.40836,0.0625774,0.0625774,-6.96055e-29,0.055625,,
77.616,pf,map,-1.61152,-1.49314,2.40221,0.0292897,0.0247712,0.000307567,5.00008,561.29,1
77.652,odom,map,-1.58335,-1.50093,2.39288,0,0,0,,,
77.688,odom,map,-1.58372,-1.50166,2.39202,0,0,0,,,
77.724,odom,map,-1.5841,-1.50239,2.39115,0,0,0,,,
77.76,odom,map,-1.58447,-1.50312,2.39029,0,0,0,,,
77.796,odom,map,-1.58485,-1.50385,2.38943,0,0,0,,,
77.796,ekf,map,-1.6271,-1.48105,2.39889,0.0676759,0.067696,7.2901e-06,0.107583,,
77.832,odom,map,-1.58489,-1.50393,2.38933,0,0,0,,,
77.796,kf,map,-1.62642,-1.48164,2.4005,0.0623802,0.0623802,-9.85091e-30,0.424083,,
77.796,ekf_predict_only,map,-1.55093,-1.55877,2.43934,109.575,84.0396,-45.881,,,
77.796,pf,map,-1.57501,-1.49482,2.39973,0.0266768,0.0298212,0.000649628,6.69221,575.167,1
77.868,odom,map,-1.58489,-1.50393,2.38933,0,0,0,,,
77.904,odom,map,-1.58489,-1.50393,2.38933,0,0,0,,,
77.94,odom,map,-1.58489,-1.50393,2.38933,0,0,0,,,
77.976,odom,map,-1.58489,-1.50393,2.38933,0,0,0,,,
78.012,ekf_predict_only,map,-1.55532,-1.55506,2.43661,109.442,84.3388,-45.9341,,,
78.012,odom,map,-1.58507,-1.50376,2.38909,0,0,0,,,
78.012,ekf,map,-1.62932,-1.47906,2.39572,0.0686592,0.0686744,5.62993e-06,0.060916,,
78.012,kf,map,-1.62924,-1.47912,2.39636,0.0625532,0.0625532,-1.38135e-30,0.060292,,
78.012,pf,map,-1.60059,-1.49496,2.39339,0.0225768,0.0253591,0.00265526,5.17121,551.976,1
78.048,odom,map,-1.5859,-1.50298,2.3886,0,0,0,,,
78.084,odom,map,-1.58721,-1.50176,2.38808,0,0,0,,,
78.12,odom,map,-1.58868,-1.50038,2.38735,0,0,0,,,
78.156,odom,map,-1.5905,-1.49866,2.38619,0,0,0,,,
78.192,odom,map,-1.59284,-1.49645,2.38415,0,0,0,,,
78.192,ekf_predict_only,map,-1.56788,-1.54437,2.42585,108.875,85.0134,-46.0818,,,
78.228,odom,map,-1.59348,-1.49552,2.38248,0,0,0,,,
78.192,ekf,map,-1.63791,-1.47112,2.38876,0.0676246,0.0676336,3.77557e-06,0.062167,,
78.192,kf,map,-1.63815,-1.47088,2.38871,0.0623768,0.0623768,-1.95532e-31,0.059,,
78.192,pf,map,-1.59774,-1.49238,2.40217,0.0297024,0.0243059,0.000633936,8.35667,564.281,1
78.264,odom,map,-1.59334,-1.49521,2.38063,0,0,0,,,
78.3,odom,map,-1.59329,-1.4948,2.37739,0,0,0,,,
78.336,odom,map,-1.59327,-1.49434,2.37325,0,0,0,,,
78.372,odom,map,-1.59316,-1.49396,2.3683,0,0,0,,,
78.408,odom,map,-1.59356,-1.49317,2.36234,0,0,0,,,
78.408,ekf_predict_only,map,-1.58231,-1.53183,2.37368,108.197,85.7799,-46.2394,,,
78.408,ekf,map,-1.65085,-1.4589,2.35615,0.0686791,0.0686862,4.15121e-06,0.058167,,
78.408,kf,map,-1.65099,-1.4587,2.35438,0.0625528,0.0625528,-2.74193e-32,0.0605,,
78.408,pf,map,-1.6248,-1.48543,2.36811,0.0309722,0.0273529,0.00154424,5.08662,538.917,1
78.444,odom,map,-1.59582,-1.49092,2.35437,0,0,0,,,
78.48,odom,map,-1.59806,-1.48865,2.34502,0,0,0,,,
78.516,odom,map,-1.60028,-1.48636,2.33537,0,0,0,,,
78.552,odom,map,-1.60254,-1.48398,2.32515,0,0,0,,,
78.588,odom,map,-1.60499,-1.48134,2.31375,0,0,0,,,
78.588,ekf_predict_only,map,-1.59565,-1.51894,2.31548,107.503,86.5029,-46.3495,,,
78.588,kf,map,-1.66266,-1.44673,2.30884,0.0623767,0.0623767,-3.88124e-33,0.060667,,
78.624,odom,map,-1.60749,-1.47859,2.30211,0,0,0,,,
78.588,ekf,map,-1.66252,-1.44693,2.31048,0.0676513,0.0676556,3.85e-06,0.056125,,
78.588,pf,map,-1.64817,-1.4839,2.33864,0.0286331,0.0253179,-0.00187764,9.62575,553.384,1
78.66,odom,map,-1.61011,-1.47563,2.29027,0,0,0,,,
78.696,odom,map,-1.6129,-1.47241,2.27794,0,0,0,,,
78.732,odom,map,-1.61589,-1.46886,2.26473,0,0,0,,,
78.768,odom,map,-1.61897,-1.46511,2.25115,0,0,0,,,
78.804,odom,map,-1.62221,-1.46104,2.23718,0,0,0,,,
78.804,ekf,map,-1.68061,-1.42606,2.23565,0.0687077,0.0687107,6.09117e-06,0.055708,,
78.804,kf,map,-1.68091,-1.42571,2.2342,0.0625527,0.0625527,-5.44265e-34,0.057083,,
78.804,ekf_predict_only,map,-1.61715,-1.49562,2.23131,106.182,87.6195,-46.4531,,,
78.804,pf,map,-1.64729,-1.46163,2.23591,0.0317886,0.0273224,-0.000751756,5.06575,537.93,1
78.84,odom,map,-1.62564,-1.45662,2.22278,0,0,0,,,
78.876,odom,map,-1.62922,-1.45186,2.20803,0,0,0,,,
78.912,odom,map,-1.63284,-1.44689,2.19314,0,0,0,,,
78.948,odom,map,-1.63654,-1.44164,2.17807,0,0,0,,,
78.984,odom,map,-1.64042,-1.43596,2.16283,0,0,0,,,
79.02,odom,map,-1.64454,-1.42974,2.14715,0,0,0,,,
78.984,kf,map,-1.69993,-1.3998,2.16168,0.0623767,0.0623767,-7.70414e-35,0.071375,,
78.984,ekf,map,-1.69951,-1.40028,2.16269,0.0676736,0.0676738,8.0831e-06,0.068875,,
78.984,ekf_predict_only,map,-1.64036,-1.46574,2.15238,104.489,88.8353,-46.4315,,,
79.002,amcl,map,-1.63188,-1.44583,2.15631,0.0403395,0.0403066,-0.0253136,,,
78.984,pf,map,-1.65277,-1.41543,2.18251,0.0278154,0.0321166,-0.000157829,5.50604,544.48,1
79.056,odom,map,-1.64861,-1.42336,2.13136,0,0,0,,,
79.092,odom,map,-1.65278,-1.41661,2.11546,0,0,0,,,
79.128,odom,map,-1.65713,-1.40928,2.0998,0,0,0,,,
79.164,odom,map,-1.66157,-1.40156,2.08452,0,0,0,,,
79.2,odom,map,-1.66593,-1.39369,2.06938,0,0,0,,,
79.2,ekf_predict_only,map,-1.67082,-1.41941,2.0609,101.87,90.4284,-46.1897,,,
79.2,ekf,map,-1.72531,-1.35817,2.07181,0.0687352,0.0687295,1.6006e-05,0.062042,,
79.2,kf,map,-1.72591,-1.35763,2.07139,0.0625527,0.0625527,-1.08035e-35,0.058083,,
79.2,pf,map,-1.70012,-1.37892,2.08117,0.030503,0.0251057,-0.00176534,4.43433,537.965,1
79.236,odom,map,-1.67026,-1.38559,2.05415,0,0,0,,,
79.272,odom,map,-1.67457,-1.37723,2.03911,0,0,0,,,
79.308,odom,map,-1.6789,-1.3685,2.02437,0,0,0,,,
79.344,odom,map,-1.68316,-1.3596,2.00968,0,0,0,,,
79.38,odom,map,-1.68736,-1.35049,1.99519,0,0,0,,,
79.416,ekf,map,-1.75082,-1.30599,1.98506,0.068994,0.0689779,2.36722e-05,0.062875,,
79.416,odom,map,-1.69155,-1.34102,1.9811,0,0,0,,,
79.416,ekf_predict_only,map,-1.70042,-1.36393,1.97693,98.8138,92.0105,-45.6427,,,
79.416,kf,map,-1.75149,-1.30552,1.98517,0.0625774,0.0625774,-1.51297e-36,0.058,,
79.416,pf,map,-1.70495,-1.33392,2.00005,0.0312259,0.0275023,0.000250957,5.52267,546.982,1
79.452,odom,map,-1.69572,-1.33126,1.96737,0,0,0,,,
79.488,odom,map,-1.69977,-1.32141,1.95375,0,0,0,,,
79.524,odom,map,-1.70374,-1.31134,1.94047,0,0,0,,,
79.56,odom,map,-1.70769,-1.30096,1.9275,0,0,0,,,
79.596,odom,map,-1.71162,-1.2902,1.91486,0,0,0,,,
79.632,odom,map,-1.71547,-1.27924,1.90244,0,0,0,,,
79.596,ekf_predict_only,map,-1.72336,-1.3106,1.91486,95.9824,93.2801,-44.9131,,,
79.596,kf,map,-1.77117,-1.255,1.91966,0.0623802,0.0623802,-2.14124e-37,0.064,,
79.596,ekf,map,-1.7706,-1.25536,1.91932,0.0677147,0.067689,2.54194e-05,0.067166,,
79.596,pf,map,-1.72032,-1.27536,1.92374,0.0297317,0.028763,-0.000914744,9.31258,531.49,1
79.602,amcl,map,-1.71261,-1.30613,1.91599,0.03314,0.0472904,-0.0259284,,,
79.668,odom,map,-1.71924,-1.26808,1.89044,0,0,0,,,
79.704,odom,map,-1.72296,-1.25662,1.87909,0,0,0,,,
79.74,odom,map,-1.72659,-1.245,1.86806,0,0,0,,,
79.776,odom,map,-1.73009,-1.23333,1.85705,0,0,0,,,
79.812,odom,map,-1.73295,-1.22217,1.84669,0,0,0,,,
79.812,ekf_predict_only,map,-1.74854,-1.24031,1.8546,92.3725,94.686,-43.7555,,,
79.812,ekf,map,-1.79254,-1.18702,1.85237,0.0687286,0.0686768,3.66941e-05,0.057916,,
79.812,kf,map,-1.79315,-1.18675,1.85311,0.0625532,0.0625532,-3.00257e-38,0.075417,,
79.812,pf,map,-1.74769,-1.20425,1.83518,0.0292102,0.031403,-0.00188903,4.64112,534.461,1
79.848,odom,map,-1.73447,-1.2124,1.83722,0,0,0,,,
79.884,odom,map,-1.7359,-1.20253,1.82828,0,0,0,,,
79.92,odom,map,-1.73723,-1.19262,1.81948,0,0,0,,,
79.956,odom,map,-1.73846,-1.18266,1.81082,0,0,0,,,
79.992,odom,map,-1.73959,-1.17267,1.80285,0,0,0,,,
80.028,odom,map,-1.74194,-1.16103,1.79527,0,0,0,,,
79.992,ekf_predict_only,map,-1.76618,-1.17984,1.81701,89.4212,95.7139,-42.6099,,,
79.992,kf,map,-1.80839,-1.12653,1.80853,0.0623768,0.0623768,-4.25016e-39,0.060375,,
79.992,ekf,map,-1.8079,-1.1266,1.8077,0.0677005,0.0676392,3.43797e-05,0.145667,,
79.992,pf,map,-1.74971,-1.12411,1.80533,0.0236981,0.0279651,-0.00195582,8.75858,551.911,1
80.064,odom,map,-1.7447,-1.14874,1.78775,0,0,0,,,
80.1,odom,map,-1.74735,-1.13648,1.78076,0,0,0,,,
80.136,odom,map,-1.7499,-1.12432,1.77479,0,0,0,,,
80.172,odom,map,-1.75238,-1.11217,1.76902,0,0,0,,,
80.208,odom,map,-1.7548,-1.09995,1.76346,0,0,0,,,
80.208,kf,map,-1.82398,-1.05364,1.77049,0.0625528,0.0625528,-5.95998e-40,0.055667,,
80.208,ekf,map,-1.8235,-1.05358,1.7693,0.068787,0.0686938,4.14976e-05,0.100917,,
80.208,ekf_predict_only,map,-1.78433,-1.10762,1.78837,86.0477,96.7803,-41.1237,,,
80.208,pf,map,-1.77234,-1.06633,1.75444,0.0255643,0.03351,0.00187294,6.24667,554.164,1
80.244,odom,map,-1.75715,-1.08774,1.75837,0,0,0,,,
80.28,odom,map,-1.75943,-1.07556,1.75392,0,0,0,,,
80.316,odom,map,-1.76166,-1.06338,1.74969,0,0,0,,,
80.352,odom,map,-1.76382,-1.05131,1.74587,0,0,0,,,
80.388,odom,map,-1.7659,-1.03941,1.74267,0,0,0,,,
80.424,odom,map,-1.76923,-1.02814,1.74045,0,0,0,,,
80.388,ekf,map,-1.83433,-0.993433,1.74841,0.0677522,0.0676611,3.40922e-05,0.06275,,
80.388,kf,map,-1.83471,-0.993587,1.74957,0.0623767,0.0623767,-8.43643e-41,0.060959,,
80.388,ekf_predict_only,map,-1.79727,-1.04908,1.77656,83.4684,97.5766,-39.845,,,
80.4,amcl,map,-1.77761,-1.05578,1.7489,0.027529,0.0573844,-0.023442,,,
80.388,pf,map,-1.78707,-1.00142,1.74404,0.0281901,0.0274555,0.00076464,11.705,562.134,1
80.46,odom,map,-1.77326,-1.01718,1.73842,0,0,0,,,
80.496,odom,map,-1.77727,-1.00629,1.73671,0,0,0,,,
80.532,odom,map,-1.78123,-0.995548,1.73584,0,0,0,,,
80.568,odom,map,-1.78518,-0.98492,1.73513,0,0,0,,,
80.604,odom,map,-1.789,-0.974263,1.73442,0,0,0,,,
80.604,ekf,map,-1.84606,-0.92313,1.73684,0.0688318,0.0687142,3.67641e-05,0.108792,,
80.604,kf,map,-1.84637,-0.923264,1.73785,0.0625527,0.0625527,-1.18304e-41,0.129958,,
80.604,ekf_predict_only,map,-1.81173,-0.979808,1.77135,80.5566,98.4616,-38.2788,,,
80.604,pf,map,-1.82428,-0.95819,1.74049,0.0283045,0.0300341,-0.000905718,4.832,567,1
80.64,odom,map,-1.79091,-0.962671,1.73351,0,0,0,,,
80.676,odom,map,-1.79279,-0.951158,1.73294,0,0,0,,,
80.712,odom,map,-1.79465,-0.939787,1.73284,0,0,0,,,
80.748,odom,map,-1.7965,-0.928469,1.73297,0,0,0,,,
80.784,odom,map,-1.79836,-0.917079,1.7324,0,0,0,,,
80.82,odom,map,-1.80023,-0.905609,1.73073,0,0,0,,,
80.784,ekf_predict_only,map,-1.82333,-0.922739,1.76118,78.3047,99.1969,-36.9554,,,
80.784,ekf,map,-1.85537,-0.86568,1.73022,0.0677784,0.0676734,2.86206e-05,0.083625,,
80.784,kf,map,-1.8555,-0.86573,1.73032,0.0623767,0.0623767,-1.6746e-42,0.106,,
80.784,pf,map,-1.81242,-0.899166,1.73064,0.0285769,0.0296102,0.000506063,7.79746,563.408,1
80.856,odom,map,-1.80205,-0.894188,1.72814,0,0,0,,,
80.892,odom,map,-1.80385,-0.882778,1.72532,0,0,0,,,
80.928,odom,map,-1.8056,-0.871395,1.72203,0,0,0,,,
80.964,odom,map,-1.80729,-0.860141,1.71763,0,0,0,,,
81,odom,map,-1.80892,-0.848926,1.71267,0,0,0,,,
81,kf,map,-1.86591,-0.797915,1.70784,0.0625527,0.0625527,-2.34829e-43,0.064416,,
81,ekf_predict_only,map,-1.8362,-0.855971,1.73143,75.8019,100.007,-35.3634,,,
81,ekf,map,-1.86592,-0.797845,1.70852,0.0688494,0.0687233,3.00502e-05,0.057042,,
81,pf,map,-1.84896,-0.801786,1.71311,0.0256804,0.0253603,-0.00333147,4.52388,569.606,1
81.036,odom,map,-1.81049,-0.837787,1.70749,0,0,0,,,
81.072,odom,map,-1.81197,-0.826792,1.70143,0,0,0,,,
81.108,odom,map,-1.81336,-0.8159,1.69448,0,0,0,,,
81.144,odom,map,-1.81467,-0.805028,1.68728,0,0,0,,,
81.18,odom,map,-1.8159,-0.794188,1.67973,0,0,0,,,
81.216,odom,map,-1.8171,-0.784625,1.67168,0,0,0,,,
81.216,ekf_predict_only,map,-1.84644,-0.792763,1.67917,73.5861,100.677,-33.7933,,,
81.216,ekf,map,-1.87415,-0.732828,1.66631,0.0690932,0.0689666,2.69609e-05,0.071,,
81.216,kf,map,-1.87409,-0.732986,1.66513,0.0625774,0.0625774,-3.28866e-44,0.0635,,
81.201,amcl,map,-1.81966,-0.826797,1.68664,0.0263346,0.0670961,-0.0185314,,,
81.216,pf,map,-1.86297,-0.757933,1.68188,0.0294345,0.024944,-0.00282994,6.43987,549.6,1
81.252,odom,map,-1.81833,-0.776905,1.66355,0,0,0,,,
81.288,odom,map,-1.81948,-0.769201,1.65518,0,0,0,,,
81.324,odom,map,-1.82054,-0.761645,1.64613,0,0,0,,,
81.36,odom,map,-1.8215,-0.754263,1.6363,0,0,0,,,
81.396,odom,map,-1.82235,-0.74705,1.62574,0,0,0,,,
81.396,ekf_predict_only,map,-1.85186,-0.742958,1.61962,71.9632,101.08,-32.4949,,,
81.396,ekf,map,-1.87819,-0.681109,1.61586,0.0677783,0.0676768,1.92774e-05,0.059583,,
81.432,odom,map,-1.82287,-0.73736,1.61393,0,0,0,,,
81.396,kf,map,-1.87813,-0.681304,1.61471,0.0623802,0.0623802,-4.65428e-45,0.055917,,
81.396,pf,map,-1.87803,-0.683487,1.63504,0.0270118,0.027907,0.00115087,5.46821,559.157,1
81.468,odom,map,-1.82324,-0.727424,1.60171,0,0,0,,,
81.504,odom,map,-1.82348,-0.717632,1.58853,0,0,0,,,
81.54,odom,map,-1.82358,-0.708085,1.5746,0,0,0,,,
81.576,odom,map,-1.82355,-0.698661,1.56042,0,0,0,,,
81.612,odom,map,-1.82339,-0.689461,1.54536,0,0,0,,,
81.612,ekf_predict_only,map,-1.85454,-0.688041,1.52729,70.2679,101.33,-30.9998,,,
81.612,kf,map,-1.87921,-0.623828,1.53323,0.0625532,0.0625532,-6.52651e-46,0.065083,,
81.612,ekf,map,-1.87922,-0.623524,1.53464,0.0687723,0.0686601,1.79327e-05,0.059125,,
81.612,pf,map,-1.85902,-0.620475,1.5444,0.037469,0.0260666,0.000243495,5.80167,544.609,1
81.648,odom,map,-1.82309,-0.680549,1.52946,0,0,0,,,
81.684,odom,map,-1.82266,-0.671918,1.51297,0,0,0,,,
81.72,odom,map,-1.8221,-0.663384,1.49629,0,0,0,,,
81.756,odom,map,-1.8214,-0.655015,1.47922,0,0,0,,,
81.792,odom,map,-1.82059,-0.646896,1.46163,0,0,0,,,
81.828,odom,map,-1.81966,-0.639093,1.44335,0,0,0,,,
81.792,ekf_predict_only,map,-1.85284,-0.648893,1.43567,69.155,101.335,-29.876,,,
81.792,kf,map,-1.87626,-0.581604,1.45058,0.0623768,0.0623768,-9.23833e-47,0.108958,,
81.792,ekf,map,-1.87621,-0.581246,1.45178,0.0677129,0.0676248,1.15222e-05,0.053625,,
81.801,amcl,map,-1.82039,-0.678184,1.46934,0.0211512,0.0661281,-0.0136991,,,
81.792,pf,map,-1.85728,-0.603565,1.48007,0.0283702,0.029104,-0.00306977,5.13483,539.743,1
81.864,odom,map,-1.81859,-0.631329,1.42503,0,0,0,,,
81.9,odom,map,-1.81742,-0.623794,1.40639,0,0,0,,,
81.936,odom,map,-1.81616,-0.61663,1.38716,0,0,0,,,
81.972,odom,map,-1.81482,-0.609824,1.36754,0,0,0,,,
82.008,odom,map,-1.8135,-0.604012,1.34816,0,0,0,,,
82.008,ekf_predict_only,map,-1.84727,-0.607945,1.31782,68.0463,101.123,-28.6487,,,
82.008,ekf,map,-1.869,-0.53731,1.33965,0.0687688,0.0686782,8.29726e-06,0.055417,,
82.008,kf,map,-1.86917,-0.537709,1.3387,0.0625528,0.0625528,-1.29549e-47,0.224917,,
82.008,pf,map,-1.84176,-0.563068,1.35616,0.0293989,0.029097,0.000812805,4.83542,545.32,1
82.044,odom,map,-1.81257,-0.601631,1.32932,0,0,0,,,
82.08,odom,map,-1.81163,-0.599713,1.30979,0,0,0,,,
82.116,odom,map,-1.81068,-0.598177,1.28984,0,0,0,,,
82.152,odom,map,-1.80964,-0.596755,1.26975,0,0,0,,,
82.188,odom,map,-1.8086,-0.595672,1.24943,0,0,0,,,
82.188,ekf_predict_only,map,-1.84088,-0.583218,1.20739,67.446,100.867,-27.8694,,,
82.188,ekf,map,-1.8608,-0.508794,1.23486,0.0677151,0.0676496,3.73851e-06,0.057542,,
82.188,kf,map,-1.86102,-0.509237,1.23407,0.0623767,0.0623767,-1.83378e-48,0.054334,,
82.224,odom,map,-1.80714,-0.592252,1.22798,0,0,0,,,
82.2,amcl,map,-1.80331,-0.612424,1.24438,0.0163137,0.0539997,-0.00779944,,,
82.188,pf,map,-1.82926,-0.509279,1.24184,0.0303189,0.0240801,-0.000282861,11.0962,534.894,1
82.26,odom,map,-1.80537,-0.587461,1.2059,0,0,0,,,
82.296,odom,map,-1.80355,-0.582838,1.18367,0,0,0,,,
82.332,odom,map,-1.80171,-0.578477,1.16127,0,0,0,,,
82.368,odom,map,-1.79988,-0.574375,1.1387,0,0,0,,,
82.404,odom,map,-1.79801,-0.570441,1.11602,0,0,0,,,
82.404,ekf_predict_only,map,-1.83159,-0.558797,1.07133,66.8765,100.452,-27.0653,,,
82.404,ekf,map,-1.84966,-0.481609,1.10219,0.0687639,0.0687036,8.49676e-07,0.108167,,
82.404,kf,map,-1.84995,-0.482007,1.10159,0.0625527,0.0625527,-2.5715e-49,0.109541,,
82.404,pf,map,-1.82767,-0.502958,1.10471,0.0280608,0.0287242,-0.00127859,6.18271,546.632,1
82.44,odom,map,-1.7961,-0.566651,1.0932,0,0,0,,,
82.476,odom,map,-1.79424,-0.563143,1.07014,0,0,0,,,
82.512,odom,map,-1.79245,-0.559958,1.04705,0,0,0,,,
82.548,odom,map,-1.79065,-0.556922,1.02403,0,0,0,,,
82.584,odom,map,-1.7889,-0.554119,1.00092,0,0,0,,,
82.62,odom,map,-1.787,-0.552585,0.978311,0,0,0,,,
82.584,ekf_predict_only,map,-1.82464,-0.546063,0.955429,66.636,100.169,-26.6214,,,
82.584,ekf,map,-1.84045,-0.465682,0.987869,0.0677062,0.0676663,-8.28076e-07,0.111,,
82.584,kf,map,-1.84076,-0.466069,0.987522,0.0623767,0.0623767,-3.63999e-50,0.122958,,
82.602,amcl,map,-1.7798,-0.566389,0.989141,0.0136486,0.044663,-0.0041356,,,
82.584,pf,map,-1.79032,-0.474514,0.992194,0.0246938,0.0269557,0.000497887,7.27692,548.596,1
82.656,odom,map,-1.78498,-0.552038,0.9561,0,0,0,,,
82.692,odom,map,-1.78293,-0.551564,0.933871,0,0,0,,,
82.728,odom,map,-1.78094,-0.551256,0.911491,0,0,0,,,
82.764,odom,map,-1.77918,-0.55133,0.888899,0,0,0,,,
82.8,odom,map,-1.77762,-0.551725,0.866412,0,0,0,,,
82.8,ekf_predict_only,map,-1.8186,-0.537515,0.814537,66.5109,99.9376,-26.3073,,,
82.8,ekf,map,-1.83152,-0.45367,0.848039,0.06875,0.0687169,-1.82697e-06,0.05525,,
82.8,kf,map,-1.83192,-0.45411,0.847814,0.0625527,0.0625527,-5.10435e-51,0.057209,,
82.8,pf,map,-1.80908,-0.47114,0.858481,0.0324881,0.0247625,-0.00180824,4.48738,566.957,1
82.836,odom,map,-1.77646,-0.550458,0.842958,0,0,0,,,
82.872,odom,map,-1.77542,-0.549311,0.819327,0,0,0,,,
82.908,odom,map,-1.77462,-0.548475,0.795679,0,0,0,,,
82.944,odom,map,-1.77393,-0.547787,0.772232,0,0,0,,,
82.98,odom,map,-1.77325,-0.54714,0.748852,0,0,0,,,
83.016,odom,map,-1.77252,-0.547139,0.725527,0,0,0,,,
83.016,kf,map,-1.82669,-0.448668,0.708791,0.0625774,0.0625774,-7.14838e-52,0.063792,,
83.016,ekf_predict_only,map,-1.81596,-0.534718,0.677038,66.5378,99.8931,-26.1962,,,
83.016,ekf,map,-1.82629,-0.448272,0.708706,0.0689849,0.0689615,-1.78591e-06,0.069291,,
83.001,amcl,map,-1.7729,-0.537202,0.723559,0.0122799,0.0486351,-0.00171404,,,
83.016,pf,map,-1.79765,-0.447252,0.708023,0.0295906,0.0293663,-0.00199831,5.19729,549.163,1
83.052,odom,map,-1.77167,-0.548075,0.702069,0,0,0,,,
83.088,odom,map,-1.77086,-0.549066,0.678688,0,0,0,,,
83.124,odom,map,-1.77018,-0.55017,0.655562,0,0,0,,,
83.16,odom,map,-1.76975,-0.551472,0.632612,0,0,0,,,
83.196,odom,map,-1.76954,-0.552925,0.609937,0,0,0,,,
83.232,odom,map,-1.76979,-0.553276,0.587945,0,0,0,,,
83.196,ekf,map,-1.82547,-0.447497,0.596846,0.0676869,0.0676734,-1.16295e-06,0.056959,,
83.196,ekf_predict_only,map,-1.8174,-0.535877,0.567461,66.668,100.072,-26.2468,,,
83.196,kf,map,-1.82579,-0.447801,0.597057,0.0623802,0.0623802,-1.01167e-52,0.104375,,
83.196,pf,map,-1.7907,-0.465204,0.595308,0.0277199,0.0253312,-0.00255079,4.60179,557.855,1
83.268,odom,map,-1.77025,-0.553575,0.566362,0,0,0,,,
83.304,odom,map,-1.77093,-0.553992,0.545008,0,0,0,,,
83.34,odom,map,-1.77194,-0.554591,0.524139,0,0,0,,,
83.376,odom,map,-1.773,-0.555192,0.503335,0,0,0,,,
83.412,ekf_predict_only,map,-1.82525,-0.540882,0.443705,66.8992,100.603,-26.487,,,
83.412,kf,map,-1.83082,-0.450692,0.470335,0.0625532,0.0625532,-1.41863e-53,0.057291,,
83.412,odom,map,-1.77409,-0.555691,0.482555,0,0,0,,,
83.4,amcl,map,-1.76239,-0.525387,0.475801,0.0127953,0.0452105,-0.000116433,,,
83.412,ekf,map,-1.83046,-0.450365,0.46998,0.0686676,0.0686574,-1.03182e-06,0.071875,,
83.412,pf,map,-1.79077,-0.469586,0.463429,0.0294447,0.0237789,-0.00298187,8.66754,562.649,1
83.448,odom,map,-1.77498,-0.555868,0.461891,0,0,0,,,
83.484,odom,map,-1.77602,-0.556073,0.441576,0,0,0,,,
83.52,odom,map,-1.77713,-0.55627,0.421435,0,0,0,,,
83.556,odom,map,-1.7784,-0.556494,0.401564,0,0,0,,,
83.592,odom,map,-1.77983,-0.556739,0.382065,0,0,0,,,
83.628,odom,map,-1.7819,-0.557447,0.363262,0,0,0,,,
83.592,ekf,map,-1.83917,-0.454078,0.372186,0.0676292,0.0676236,-9.31462e-07,0.108459,,
83.592,kf,map,-1.83947,-0.454355,0.372695,0.0623768,0.0623768,-2.00808e-54,0.056541,,
83.592,ekf_predict_only,map,-1.83637,-0.546167,0.350753,67.1388,101.317,-26.7798,,,
83.592,pf,map,-1.79858,-0.481016,0.358782,0.0285287,0.0325006,0.000164261,8.31504,582.894,1
83.664,odom,map,-1.78421,-0.558301,0.344672,0,0,0,,,
83.7,odom,map,-1.78671,-0.559174,0.326501,0,0,0,,,
83.736,odom,map,-1.78942,-0.560065,0.308742,0,0,0,,,
83.772,odom,map,-1.79218,-0.560917,0.291024,0,0,0,,,
83.808,odom,map,-1.79532,-0.56122,0.273418,0,0,0,,,
83.808,ekf,map,-1.85445,-0.458997,0.263867,0.0686819,0.068679,-1.49713e-06,0.083333,,
83.808,kf,map,-1.85473,-0.459277,0.26451,0.0625528,0.0625528,-2.81592e-55,0.153959,,
83.802,amcl,map,-1.78742,-0.54019,0.276541,0.0126755,0.0412784,0.00100454,,,
83.808,ekf_predict_only,map,-1.85373,-0.552517,0.247496,67.4079,102.385,-27.1879,,,
83.808,pf,map,-1.81988,-0.472531,0.267154,0.0249262,0.033203,0.00117258,4.71608,556.773,1
83.844,odom,map,-1.79947,-0.559627,0.25546,0,0,0,,,
83.88,odom,map,-1.80375,-0.558006,0.237937,0,0,0,,,
83.916,odom,map,-1.80805,-0.556327,0.220435,0,0,0,,,
83.952,odom,map,-1.81245,-0.554606,0.203446,0,0,0,,,
83.988,odom,map,-1.81654,-0.552765,0.187203,0,0,0,,,
84.024,odom,map,-1.81874,-0.552215,0.174133,0,0,0,,,
83.988,ekf,map,-1.86461,-0.460824,0.200688,0.0676517,0.0676506,-1.17299e-06,0.100292,,
83.988,kf,map,-1.86391,-0.460823,0.204183,0.0623767,0.0623767,-3.98598e-56,0.118834,,
83.988,ekf_predict_only,map,-1.85373,-0.552517,0.226036,67.5079,102.485,-27.1879,,,
83.988,pf,map,-1.83997,-0.486246,0.187716,0.0313737,0.0262777,0.000248035,6.60917,578.67,1
84.06,odom,map,-1.81928,-0.552308,0.164045,0,0,0,,,
84.096,odom,map,-1.81928,-0.552308,0.156549,0,0,0,,,
84.132,odom,map,-1.81928,-0.552308,0.151645,0,0,0,,,
84.168,odom,map,-1.81928,-0.552308,0.149332,0,0,0,,,
84.204,odom,map,-1.81914,-0.552168,0.149076,0,0,0,,,
84.204,ekf_predict_only,map,-1.85373,-0.552517,0.226036,67.6079,102.585,-27.1879,,,
84.204,ekf,map,-1.86955,-0.461737,0.161097,0.0687048,0.0687042,-1.04628e-06,0.056375,,
84.204,kf,map,-1.86884,-0.461663,0.165949,0.0625527,0.0625527,-5.58952e-57,0.2305,,
84.204,pf,map,-1.85396,-0.457347,0.163823,0.0326361,0.0293672,-0.00446916,4.87717,553.384,1
84.24,odom,map,-1.81661,-0.549658,0.148036,0,0,0,,,
84.276,odom,map,-1.81408,-0.547147,0.146996,0,0,0,,,
84.312,odom,map,-1.81155,-0.544636,0.145955,0,0,0,,,
84.348,odom,map,-1.80903,-0.542126,0.144915,0,0,0,,,
84.384,odom,map,-1.8065,-0.539615,0.143875,0,0,0,,,
84.384,kf,map,-1.87068,-0.461976,0.151672,0.0623767,0.0623767,-7.91204e-58,0.06,,
84.42,odom,map,-1.80537,-0.538499,0.143412,0,0,0,,,
84.384,ekf,map,-1.87107,-0.462027,0.148893,0.0676665,0.0676663,-6.55355e-07,0.060125,,
84.384,ekf_predict_only,map,-1.85373,-0.552517,0.226036,67.7079,102.685,-27.1879,,,
84.384,pf,map,-1.83219,-0.459229,0.153606,0.0301068,0.0309359,0.000971193,8.25146,556.81,1
84.456,odom,map,-1.80537,-0.538499,0.143412,0,0,0,,,
84.492,odom,map,-1.80537,-0.538499,0.143412,0,0,0,,,
84.528,odom,map,-1.80537,-0.538499,0.143412,0,0,0,,,
84.564,odom,map,-1.80537,-0.538499,0.143412,0,0,0,,,
84.6,odom,map,-1.80537,-0.538499,0.143412,0,0,0,,,
84.6,ekf_predict_only,map,-1.85373,-0.552517,0.226036,67.8079,102.785,-27.1879,,,
84.6,kf,map,-1.87137,-0.462095,0.146285,0.0625527,0.0625527,-1.1095e-58,0.055792,,
84.6,ekf,map,-1.87156,-0.462122,0.144885,0.0687166,0.0687164,-5.15313e-07,0.10875,,
84.6,pf,map,-1.84044,-0.446934,0.155731,0.0250979,0.0270203,0.00154247,5.55283,553.27,1
84.636,odom,map,-1.8055,-0.539547,0.145456,0,0,0,,,
84.672,odom,map,-1.80562,-0.540625,0.147558,0,0,0,,,
84.708,odom,map,-1.80575,-0.541704,0.149659,0,0,0,,,
84.744,odom,map,-1.80588,-0.542782,0.151761,0,0,0,,,
84.78,odom,map,-1.80601,-0.543861,0.153863,0,0,0,,,
84.816,odom,map,-1.80609,-0.54452,0.155148,0,0,0,,,
84.816,ekf,map,-1.87172,-0.462152,0.143627,0.068961,0.0689609,-3.52749e-07,0.057792,,
84.816,ekf_predict_only,map,-1.85373,-0.552517,0.226036,67.9079,102.885,-27.1879,,,
84.816,kf,map,-1.87163,-0.462139,0.144267,0.0625774,0.0625774,-1.5538e-59,0.054209,,
84.816,pf,map,-1.84537,-0.465388,0.151391,0.0287554,0.0322173,-0.001816,4.73958,558.991,1
84.852,odom,map,-1.80609,-0.54452,0.155148,0,0,0,,,
84.888,odom,map,-1.80609,-0.54452,0.155148,0,0,0,,,
84.924,odom,map,-1.80609,-0.54452,0.155148,0,0,0,,,
84.96,odom,map,-1.80609,-0.54452,0.155148,0,0,0,,,
84.996,odom,map,-1.80609,-0.54452,0.155148,0,0,0,,,
85.032,odom,map,-1.80609,-0.54452,0.155148,0,0,0,,,
84.996,ekf,map,-1.87177,-0.462161,0.143244,0.0676731,0.067673,-2.0136e-07,0.112708,,
84.996,kf,map,-1.87173,-0.462156,0.143515,0.0623802,0.0623802,-2.19902e-60,0.100542,,
84.996,ekf_predict_only,map,-1.85373,-0.552517,0.226036,68.0079,102.985,-27.1879,,,
84.996,pf,map,-1.85705,-0.47994,0.146389,0.0273857,0.0263585,-0.00104511,4.62383,551.389,1
85.068,odom,map,-1.80609,-0.54452,0.155148,0,0,0,,,
85.104,odom,map,-1.80609,-0.54452,0.155148,0,0,0,,,
85.14,odom,map,-1.80609,-0.54452,0.155148,0,0,0,,,
85.176,odom,map,-1.80609,-0.54452,0.155148,0,0,0,,,
85.212,odom,map,-1.80609,-0.54452,0.155148,0,0,0,,,
85.248,odom,map,-1.80609,-0.54452,0.155148,0,0,0,,,
85.284,odom,map,-1.80609,-0.54452,0.155148,0,0,0,,,
85.32,odom,map,-1.80609,-0.54452,0.155148,0,0,0,,,
85.356,odom,map,-1.80609,-0.54452,0.155148,0,0,0,,,
85.392,odom,map,-1.80609,-0.54452,0.155148,0,0,0,,,
85.428,odom,map,-1.80609,-0.54452,0.155148,0,0,0,,,
85.464,odom,map,-1.80609,-0.54452,0.155148,0,0,0,,,
85.5,odom,map,-1.80609,-0.54452,0.155148,0,0,0,,,
85.536,odom,map,-1.80609,-0.54452,0.155148,0,0,0,,,
85.572,odom,map,-1.80609,-0.54452,0.155148,0,0,0,,,
85.608,odom,map,-1.80609,-0.54452,0.155148,0,0,0,,,
85.644,odom,map,-1.80609,-0.54452,0.155148,0,0,0,,,
85.68,odom,map,-1.80609,-0.54452,0.155148,0,0,0,,,
85.716,odom,map,-1.80609,-0.54452,0.155148,0,0,0,,,
85.752,odom,map,-1.80609,-0.54452,0.155148,0,0,0,,,
85.788,odom,map,-1.80609,-0.54452,0.155148,0,0,0,,,
85.824,odom,map,-1.80609,-0.54452,0.155148,0,0,0,,,
85.86,odom,map,-1.80609,-0.54452,0.155148,0,0,0,,,
85.896,odom,map,-1.80609,-0.54452,0.155148,0,0,0,,,
85.932,odom,map,-1.80609,-0.54452,0.155148,0,0,0,,,
85.968,odom,map,-1.80609,-0.54452,0.155148,0,0,0,,,
86.004,odom,map,-1.80609,-0.54452,0.155148,0,0,0,,,
86.04,odom,map,-1.80609,-0.54452,0.155148,0,0,0,,,
86.076,odom,map,-1.80609,-0.54452,0.155148,0,0,0,,,
86.112,odom,map,-1.80609,-0.54452,0.155148,0,0,0,,,
86.148,odom,map,-1.80609,-0.54452,0.155148,0,0,0,,,
86.184,odom,map,-1.80609,-0.54452,0.155148,0,0,0,,,
86.22,odom,map,-1.80609,-0.54452,0.155148,0,0,0,,,
86.256,odom,map,-1.80609,-0.54452,0.155148,0,0,0,,,
86.292,odom,map,-1.80609,-0.54452,0.155148,0,0,0,,,
86.328,odom,map,-1.80609,-0.54452,0.155148,0,0,0,,,
86.364,odom,map,-1.80609,-0.54452,0.155148,0,0,0,,,
86.4,odom,map,-1.80609,-0.54452,0.155148,0,0,0,,,
86.436,odom,map,-1.80609,-0.54452,0.155148,0,0,0,,,
86.472,odom,map,-1.80609,-0.54452,0.155148,0,0,0,,,
86.508,odom,map,-1.80609,-0.54452,0.155148,0,0,0,,,
86.544,odom,map,-1.80609,-0.54452,0.155148,0,0,0,,,
86.58,odom,map,-1.80609,-0.54452,0.155148,0,0,0,,,
86.616,odom,map,-1.80609,-0.54452,0.155148,0,0,0,,,
86.652,odom,map,-1.80609,-0.54452,0.155148,0,0,0,,,
86.688,odom,map,-1.80609,-0.54452,0.155148,0,0,0,,,
86.724,odom,map,-1.80609,-0.54452,0.155148,0,0,0,,,
86.76,odom,map,-1.80609,-0.54452,0.155148,0,0,0,,,
86.796,odom,map,-1.80609,-0.54452,0.155148,0,0,0,,,
86.832,odom,map,-1.80609,-0.54452,0.155148,0,0,0,,,
86.868,odom,map,-1.80609,-0.54452,0.155148,0,0,0,,,
86.904,odom,map,-1.80609,-0.54452,0.155148,0,0,0,,,
86.94,odom,map,-1.80609,-0.54452,0.155148,0,0,0,,,
86.976,odom,map,-1.80609,-0.54452,0.155148,0,0,0,,,
87.012,odom,map,-1.80609,-0.54452,0.155148,0,0,0,,,
87.048,odom,map,-1.80609,-0.54452,0.155148,0,0,0,,,
87.084,odom,map,-1.80609,-0.54452,0.155148,0,0,0,,,
87.12,odom,map,-1.80609,-0.54452,0.155148,0,0,0,,,
87.156,odom,map,-1.80609,-0.54452,0.155148,0,0,0,,,
87.192,odom,map,-1.80609,-0.54452,0.155148,0,0,0,,,
87.228,odom,map,-1.80609,-0.54452,0.155148,0,0,0,,,
87.264,odom,map,-1.80609,-0.54452,0.155148,0,0,0,,,
87.3,odom,map,-1.80609,-0.54452,0.155148,0,0,0,,,
87.336,odom,map,-1.80609,-0.54452,0.155148,0,0,0,,,
87.372,odom,map,-1.80609,-0.54452,0.155148,0,0,0,,,
87.408,odom,map,-1.80609,-0.54452,0.155148,0,0,0,,,
87.444,odom,map,-1.80609,-0.54452,0.155148,0,0,0,,,
87.48,odom,map,-1.80609,-0.54452,0.155148,0,0,0,,,
87.516,odom,map,-1.80609,-0.54452,0.155148,0,0,0,,,
87.552,odom,map,-1.80609,-0.54452,0.155148,0,0,0,,,
87.588,odom,map,-1.80609,-0.54452,0.155148,0,0,0,,,
87.624,odom,map,-1.80609,-0.54452,0.155148,0,0,0,,,
87.66,odom,map,-1.80609,-0.54452,0.155148,0,0,0,,,
87.696,odom,map,-1.80609,-0.54452,0.155148,0,0,0,,,
87.732,odom,map,-1.80609,-0.54452,0.155148,0,0,0,,,
87.768,odom,map,-1.80609,-0.54452,0.155148,0,0,0,,,
87.804,odom,map,-1.80609,-0.54452,0.155148,0,0,0,,,
87.84,odom,map,-1.80609,-0.54452,0.155148,0,0,0,,,
87.876,odom,map,-1.80609,-0.54452,0.155148,0,0,0,,,
87.912,odom,map,-1.80609,-0.54452,0.155148,0,0,0,,,
87.948,odom,map,-1.80609,-0.54452,0.155148,0,0,0,,,
87.984,odom,map,-1.80609,-0.54452,0.155148,0,0,0,,,
88.02,odom,map,-1.80609,-0.54452,0.155148,0,0,0,,,
88.056,odom,map,-1.80609,-0.54452,0.155148,0,0,0,,,
88.092,odom,map,-1.80609,-0.54452,0.155148,0,0,0,,,
88.128,odom,map,-1.80609,-0.54452,0.155148,0,0,0,,,
88.164,odom,map,-1.80609,-0.54452,0.155148,0,0,0,,,
88.2,odom,map,-1.80609,-0.54452,0.155148,0,0,0,,,
88.236,odom,map,-1.80609,-0.54452,0.155148,0,0,0,,,
88.272,odom,map,-1.80609,-0.54452,0.155148,0,0,0,,,
88.308,odom,map,-1.80609,-0.54452,0.155148,0,0,0,,,
88.344,odom,map,-1.80609,-0.54452,0.155148,0,0,0,,,
88.38,odom,map,-1.80609,-0.54452,0.155148,0,0,0,,,
88.416,odom,map,-1.80609,-0.54452,0.155148,0,0,0,,,
88.452,odom,map,-1.80609,-0.54452,0.155148,0,0,0,,,
88.488,odom,map,-1.80609,-0.54452,0.155148,0,0,0,,,
88.524,odom,map,-1.80609,-0.54452,0.155148,0,0,0,,,
88.56,odom,map,-1.80609,-0.54452,0.155148,0,0,0,,,
88.596,odom,map,-1.80609,-0.54452,0.155148,0,0,0,,,
88.632,odom,map,-1.80609,-0.54452,0.155148,0,0,0,,,
88.668,odom,map,-1.80609,-0.54452,0.155148,0,0,0,,,
88.704,odom,map,-1.80609,-0.54452,0.155148,0,0,0,,,
88.74,odom,map,-1.80609,-0.54452,0.155148,0,0,0,,,
88.776,odom,map,-1.80609,-0.54452,0.155148,0,0,0,,,
88.812,odom,map,-1.80609,-0.54452,0.155148,0,0,0,,,
88.848,odom,map,-1.80609,-0.54452,0.155148,0,0,0,,,
88.884,odom,map,-1.80609,-0.54452,0.155148,0,0,0,,,
88.92,odom,map,-1.80609,-0.54452,0.155148,0,0,0,,,
88.956,odom,map,-1.80609,-0.54452,0.155148,0,0,0,,,
88.992,odom,map,-1.80609,-0.54452,0.155148,0,0,0,,,
89.028,odom,map,-1.80609,-0.54452,0.155148,0,0,0,,,
89.064,odom,map,-1.80609,-0.54452,0.155148,0,0,0,,,
89.1,odom,map,-1.80609,-0.54452,0.155148,0,0,0,,,
89.136,odom,map,-1.80609,-0.54452,0.155148,0,0,0,,,
89.172,odom,map,-1.80609,-0.54452,0.155148,0,0,0,,,
89.208,odom,map,-1.80609,-0.54452,0.155148,0,0,0,,,
89.244,odom,map,-1.80609,-0.54452,0.155148,0,0,0,,,
89.28,odom,map,-1.80609,-0.54452,0.155148,0,0,0,,,
89.316,odom,map,-1.80609,-0.54452,0.155148,0,0,0,,,
89.352,odom,map,-1.80609,-0.54452,0.155148,0,0,0,,,
89.388,odom,map,-1.80609,-0.54452,0.155148,0,0,0,,,
89.424,odom,map,-1.80609,-0.54452,0.155148,0,0,0,,,
89.46,odom,map,-1.80609,-0.54452,0.155148,0,0,0,,,
89.496,odom,map,-1.80609,-0.54452,0.155148,0,0,0,,,
89.532,odom,map,-1.80609,-0.54452,0.155148,0,0,0,,,
89.568,odom,map,-1.80609,-0.54452,0.155148,0,0,0,,,
89.604,odom,map,-1.80609,-0.54452,0.155148,0,0,0,,,
89.64,odom,map,-1.80609,-0.54452,0.155148,0,0,0,,,
89.676,odom,map,-1.80609,-0.54452,0.155148,0,0,0,,,
89.712,odom,map,-1.80609,-0.54452,0.155148,0,0,0,,,
89.748,odom,map,-1.80609,-0.54452,0.155148,0,0,0,,,
89.784,odom,map,-1.80609,-0.54452,0.155148,0,0,0,,,
89.82,odom,map,-1.80609,-0.54452,0.155148,0,0,0,,,
89.856,odom,map,-1.80609,-0.54452,0.155148,0,0,0,,,
89.892,odom,map,-1.80609,-0.54452,0.155148,0,0,0,,,
89.928,odom,map,-1.80609,-0.54452,0.155148,0,0,0,,,
89.964,odom,map,-1.80609,-0.54452,0.155148,0,0,0,,,
90,odom,map,-1.80609,-0.54452,0.155148,0,0,0,,,
90.036,odom,map,-1.80609,-0.54452,0.155148,0,0,0,,,
90.072,odom,map,-1.80609,-0.54452,0.155148,0,0,0,,,
90.108,odom,map,-1.80609,-0.54452,0.155148,0,0,0,,,
90.144,odom,map,-1.80609,-0.54452,0.155148,0,0,0,,,
90.18,odom,map,-1.80609,-0.54452,0.155148,0,0,0,,,
90.216,odom,map,-1.80609,-0.54452,0.155148,0,0,0,,,
90.252,odom,map,-1.80609,-0.54452,0.155148,0,0,0,,,
90.288,odom,map,-1.80609,-0.54452,0.155148,0,0,0,,,
90.324,odom,map,-1.80609,-0.54452,0.155148,0,0,0,,,
90.36,odom,map,-1.80609,-0.54452,0.155148,0,0,0,,,
90.396,odom,map,-1.80609,-0.54452,0.155148,0,0,0,,,
90.432,odom,map,-1.80609,-0.54452,0.155148,0,0,0,,,
90.468,odom,map,-1.80609,-0.54452,0.155148,0,0,0,,,
90.504,odom,map,-1.80609,-0.54452,0.155148,0,0,0,,,
90.54,odom,map,-1.80609,-0.54452,0.155148,0,0,0,,,
90.576,odom,map,-1.80609,-0.54452,0.155148,0,0,0,,,
90.612,odom,map,-1.80609,-0.54452,0.155148,0,0,0,,,
90.648,odom,map,-1.80609,-0.54452,0.155148,0,0,0,,,
90.684,odom,map,-1.80609,-0.54452,0.155148,0,0,0,,,
90.72,odom,map,-1.80609,-0.54452,0.155148,0,0,0,,,
90.756,odom,map,-1.80609,-0.54452,0.155148,0,0,0,,,
90.792,odom,map,-1.80609,-0.54452,0.155148,0,0,0,,,
90.828,odom,map,-1.80609,-0.54452,0.155148,0,0,0,,,
90.864,odom,map,-1.80609,-0.54452,0.155148,0,0,0,,,
90.9,odom,map,-1.80609,-0.54452,0.155148,0,0,0,,,
90.936,odom,map,-1.80609,-0.54452,0.155148,0,0,0,,,
90.972,odom,map,-1.80609,-0.54452,0.155148,0,0,0,,,
91.008,odom,map,-1.80609,-0.54452,0.155148,0,0,0,,,
91.044,odom,map,-1.80609,-0.54452,0.155148,0,0,0,,,
91.08,odom,map,-1.80609,-0.54452,0.155148,0,0,0,,,
91.116,odom,map,-1.80609,-0.54452,0.155148,0,0,0,,,
91.152,odom,map,-1.80609,-0.54452,0.155148,0,0,0,,,
91.188,odom,map,-1.80609,-0.54452,0.155148,0,0,0,,,
91.224,odom,map,-1.80609,-0.54452,0.155148,0,0,0,,,
91.26,odom,map,-1.80609,-0.54452,0.155148,0,0,0,,,
91.296,odom,map,-1.80609,-0.54452,0.155148,0,0,0,,,
91.332,odom,map,-1.80609,-0.54452,0.155148,0,0,0,,,
91.368,odom,map,-1.80609,-0.54452,0.155148,0,0,0,,,
91.404,odom,map,-1.80609,-0.54452,0.155148,0,0,0,,,
91.44,odom,map,-1.80609,-0.54452,0.155148,0,0,0,,,
91.476,odom,map,-1.80609,-0.54452,0.155148,0,0,0,,,
91.512,odom,map,-1.80609,-0.54452,0.155148,0,0,0,,,
91.548,odom,map,-1.80609,-0.54452,0.155148,0,0,0,,,
91.584,odom,map,-1.80609,-0.54452,0.155148,0,0,0,,,
91.62,odom,map,-1.80609,-0.54452,0.155148,0,0,0,,,
91.656,odom,map,-1.80609,-0.54452,0.155148,0,0,0,,,
91.692,odom,map,-1.80609,-0.54452,0.155148,0,0,0,,,
91.728,odom,map,-1.80609,-0.54452,0.155148,0,0,0,,,
91.764,odom,map,-1.80609,-0.54452,0.155148,0,0,0,,,
91.8,odom,map,-1.80609,-0.54452,0.155148,0,0,0,,,
91.836,odom,map,-1.80609,-0.54452,0.155148,0,0,0,,,
91.872,odom,map,-1.80609,-0.54452,0.155148,0,0,0,,,
91.908,odom,map,-1.80609,-0.54452,0.155148,0,0,0,,,
91.944,odom,map,-1.80609,-0.54452,0.155148,0,0,0,,,
91.98,odom,map,-1.80609,-0.54452,0.155148,0,0,0,,,
92.016,odom,map,-1.80609,-0.54452,0.155148,0,0,0,,,
92.052,odom,map,-1.80609,-0.54452,0.155148,0,0,0,,,
92.088,odom,map,-1.80609,-0.54452,0.155148,0,0,0,,,
92.124,odom,map,-1.80609,-0.54452,0.155148,0,0,0,,,
92.16,odom,map,-1.80609,-0.54452,0.155148,0,0,0,,,
92.196,odom,map,-1.80609,-0.54452,0.155148,0,0,0,,,
92.232,odom,map,-1.80609,-0.54452,0.155148,0,0,0,,,
92.268,odom,map,-1.80609,-0.54452,0.155148,0,0,0,,,
92.304,odom,map,-1.80609,-0.54452,0.155148,0,0,0,,,
92.34,odom,map,-1.80609,-0.54452,0.155148,0,0,0,,,
92.376,odom,map,-1.80609,-0.54452,0.155148,0,0,0,,,
92.412,odom,map,-1.80609,-0.54452,0.155148,0,0,0,,,
92.448,odom,map,-1.80609,-0.54452,0.155148,0,0,0,,,
92.484,odom,map,-1.80609,-0.54452,0.155148,0,0,0,,,
92.52,odom,map,-1.80609,-0.54452,0.155148,0,0,0,,,
92.556,odom,map,-1.80609,-0.54452,0.155148,0,0,0,,,
92.592,odom,map,-1.80609,-0.54452,0.155148,0,0,0,,,
92.628,odom,map,-1.80609,-0.54452,0.155148,0,0,0,,,
92.664,odom,map,-1.80609,-0.54452,0.155148,0,0,0,,,
92.7,odom,map,-1.80609,-0.54452,0.155148,0,0,0,,,
92.736,odom,map,-1.80609,-0.54452,0.155148,0,0,0,,,
92.772,odom,map,-1.80609,-0.54452,0.155148,0,0,0,,,
92.808,odom,map,-1.80609,-0.54452,0.155148,0,0,0,,,
92.844,odom,map,-1.80609,-0.54452,0.155148,0,0,0,,,
92.88,odom,map,-1.80609,-0.54452,0.155148,0,0,0,,,
92.916,odom,map,-1.80609,-0.54452,0.155148,0,0,0,,,
92.952,odom,map,-1.80609,-0.54452,0.155148,0,0,0,,,
92.988,odom,map,-1.80609,-0.54452,0.155148,0,0,0,,,
93.024,odom,map,-1.80609,-0.54452,0.155148,0,0,0,,,
93.06,odom,map,-1.80609,-0.54452,0.155148,0,0,0,,,
93.096,odom,map,-1.80609,-0.54452,0.155148,0,0,0,,,
93.132,odom,map,-1.80609,-0.54452,0.155148,0,0,0,,,
93.168,odom,map,-1.80609,-0.54452,0.155148,0,0,0,,,
93.204,odom,map,-1.80609,-0.54452,0.155148,0,0,0,,,
93.24,odom,map,-1.80609,-0.54452,0.155148,0,0,0,,,
93.276,odom,map,-1.80609,-0.54452,0.155148,0,0,0,,,
93.312,odom,map,-1.80609,-0.54452,0.155148,0,0,0,,,
93.348,odom,map,-1.80609,-0.54452,0.155148,0,0,0,,,
93.384,odom,map,-1.80609,-0.54452,0.155148,0,0,0,,,
93.42,odom,map,-1.80609,-0.54452,0.155148,0,0,0,,,
93.456,odom,map,-1.80609,-0.54452,0.155148,0,0,0,,,
93.492,odom,map,-1.80609,-0.54452,0.155148,0,0,0,,,
93.528,odom,map,-1.80609,-0.54452,0.155148,0,0,0,,,
93.564,odom,map,-1.80609,-0.54452,0.155148,0,0,0,,,
93.6,odom,map,-1.80609,-0.54452,0.155148,0,0,0,,,
93.636,odom,map,-1.80609,-0.54452,0.155148,0,0,0,,,
93.672,odom,map,-1.80609,-0.54452,0.155148,0,0,0,,,
93.708,odom,map,-1.80609,-0.54452,0.155148,0,0,0,,,
93.744,odom,map,-1.80609,-0.54452,0.155148,0,0,0,,,
93.78,odom,map,-1.80609,-0.54452,0.155148,0,0,0,,,
93.816,odom,map,-1.80609,-0.54452,0.155148,0,0,0,,,
93.852,odom,map,-1.80609,-0.54452,0.155148,0,0,0,,,
93.888,odom,map,-1.80609,-0.54452,0.155148,0,0,0,,,
93.924,odom,map,-1.80609,-0.54452,0.155148,0,0,0,,,
93.96,odom,map,-1.80609,-0.54452,0.155148,0,0,0,,,
93.996,odom,map,-1.80609,-0.54452,0.155148,0,0,0,,,
94.032,odom,map,-1.80609,-0.54452,0.155148,0,0,0,,,
94.068,odom,map,-1.80609,-0.54452,0.155148,0,0,0,,,
94.104,odom,map,-1.80609,-0.54452,0.155148,0,0,0,,,
94.14,odom,map,-1.80609,-0.54452,0.155148,0,0,0,,,
94.176,odom,map,-1.80609,-0.54452,0.155148,0,0,0,,,
