time,source,frame,x,y,theta,cov_xx,cov_yy,cov_xy,runtime_ms,ess,resampling_triggered
4.602,amcl,map,-1.97719,-0.533016,-0.0107051,0.194648,0.217994,-0.0145301,,,
5.4,amcl,map,-1.98655,-0.49981,0.0039359,0.163715,0.201666,-0.00138381,,,
5.688,odom,map,-1.97719,-0.533016,-0.0107051,0,0,0,,,
5.724,odom,map,-1.97719,-0.533016,-0.0107051,0,0,0,,,
5.76,odom,map,-1.97719,-0.533016,-0.0107051,0,0,0,,,
5.796,odom,map,-1.97719,-0.533016,-0.0107051,0,0,0,,,
5.832,odom,map,-1.97719,-0.533016,-0.0107051,0,0,0,,,
5.868,odom,map,-1.97719,-0.533016,-0.0107051,0,0,0,,,
5.904,odom,map,-1.97719,-0.533016,-0.0107051,0,0,0,,,
5.94,odom,map,-1.97719,-0.533016,-0.0107051,0,0,0,,,
5.976,odom,map,-1.97719,-0.533016,-0.0107051,0,0,0,,,
6.012,odom,map,-1.97719,-0.533016,-0.0107051,0,0,0,,,
6.048,odom,map,-1.97719,-0.533016,-0.0107051,0,0,0,,,
6.084,odom,map,-1.97719,-0.533016,-0.0107051,0,0,0,,,
6.12,odom,map,-1.97719,-0.533016,-0.0107051,0,0,0,,,
6.156,odom,map,-1.97719,-0.533016,-0.0107051,0,0,0,,,
6.192,odom,map,-1.97719,-0.533016,-0.0107051,0,0,0,,,
6.228,odom,map,-1.97842,-0.528656,-0.00878253,0,0,0,,,
6.264,odom,map,-1.98012,-0.522618,-0.00612053,0,0,0,,,
6.3,odom,map,-1.98183,-0.516581,-0.00345854,0,0,0,,,
6.336,odom,map,-1.98353,-0.510543,-0.000796542,0,0,0,,,
6.372,odom,map,-1.98523,-0.504506,0.00186545,0,0,0,,,
6.408,odom,map,-1.98655,-0.49981,0.0039359,0,0,0,,,
6.402,amcl,map,-1.97059,-0.512808,-0.00446016,0.193386,0.238063,-0.0163707,,,
6.444,odom,map,-1.98655,-0.49981,0.0039359,0,0,0,,,
6.48,odom,map,-1.98655,-0.49981,0.0039359,0,0,0,,,
6.516,odom,map,-1.98655,-0.49981,0.0039359,0,0,0,,,
6.552,odom,map,-1.98655,-0.49981,0.0039359,0,0,0,,,
6.588,odom,map,-1.98655,-0.49981,0.0039359,0,0,0,,,
6.624,odom,map,-1.98655,-0.49981,0.0039359,0,0,0,,,
6.66,odom,map,-1.98655,-0.49981,0.0039359,0,0,0,,,
6.696,odom,map,-1.98655,-0.49981,0.0039359,0,0,0,,,
6.732,odom,map,-1.98655,-0.49981,0.0039359,0,0,0,,,
6.768,odom,map,-1.98655,-0.49981,0.0039359,0,0,0,,,
6.804,odom,map,-1.98655,-0.49981,0.0039359,0,0,0,,,
6.84,odom,map,-1.98655,-0.49981,0.0039359,0,0,0,,,
6.876,odom,map,-1.98655,-0.49981,0.0039359,0,0,0,,,
6.912,odom,map,-1.98655,-0.49981,0.0039359,0,0,0,,,
6.948,odom,map,-1.98655,-0.49981,0.0039359,0,0,0,,,
6.984,odom,map,-1.98655,-0.49981,0.0039359,0,0,0,,,
7.02,odom,map,-1.98655,-0.49981,0.0039359,0,0,0,,,
7.056,odom,map,-1.98655,-0.49981,0.0039359,0,0,0,,,
7.092,odom,map,-1.98655,-0.49981,0.0039359,0,0,0,,,
7.128,odom,map,-1.98655,-0.49981,0.0039359,0,0,0,,,
7.164,odom,map,-1.98655,-0.49981,0.0039359,0,0,0,,,
7.2,odom,map,-1.98655,-0.49981,0.0039359,0,0,0,,,
7.236,odom,map,-1.98377,-0.502073,0.0024739,0,0,0,,,
7.272,odom,map,-1.98091,-0.504401,0.000970123,0,0,0,,,
7.308,odom,map,-1.97805,-0.506729,-0.000533649,0,0,0,,,
7.344,odom,map,-1.97519,-0.509057,-0.00203742,0,0,0,,,
7.38,odom,map,-1.97233,-0.511385,-0.00354119,0,0,0,,,
7.416,odom,map,-1.97059,-0.512808,-0.00446016,0,0,0,,,
7.401,amcl,map,-1.97888,-0.462914,-0.00449271,0.182567,0.237399,-0.0175309,,,
7.452,odom,map,-1.97059,-0.512808,-0.00446016,0,0,0,,,
7.488,odom,map,-1.97059,-0.512808,-0.00446016,0,0,0,,,
7.524,odom,map,-1.97059,-0.512808,-0.00446016,0,0,0,,,
7.56,odom,map,-1.97059,-0.512808,-0.00446016,0,0,0,,,
7.596,odom,map,-1.97059,-0.512808,-0.00446016,0,0,0,,,
7.632,odom,map,-1.97059,-0.512808,-0.00446016,0,0,0,,,
7.668,odom,map,-1.97059,-0.512808,-0.00446016,0,0,0,,,
7.704,odom,map,-1.97059,-0.512808,-0.00446016,0,0,0,,,
7.74,odom,map,-1.97059,-0.512808,-0.00446016,0,0,0,,,
7.776,odom,map,-1.97059,-0.512808,-0.00446016,0,0,0,,,
7.812,odom,map,-1.97059,-0.512808,-0.00446016,0,0,0,,,
7.848,odom,map,-1.97059,-0.512808,-0.00446016,0,0,0,,,
7.884,odom,map,-1.97059,-0.512808,-0.00446016,0,0,0,,,
7.92,odom,map,-1.97059,-0.512808,-0.00446016,0,0,0,,,
7.956,odom,map,-1.97059,-0.512808,-0.00446016,0,0,0,,,
7.992,odom,map,-1.97059,-0.512808,-0.00446016,0,0,0,,,
8.028,odom,map,-1.97059,-0.512808,-0.00446016,0,0,0,,,
8.064,odom,map,-1.97059,-0.512808,-0.00446016,0,0,0,,,
8.1,odom,map,-1.97059,-0.512808,-0.00446016,0,0,0,,,
8.136,odom,map,-1.97059,-0.512808,-0.00446016,0,0,0,,,
8.172,odom,map,-1.97059,-0.512808,-0.00446016,0,0,0,,,
8.208,odom,map,-1.97092,-0.510822,-0.00446146,0,0,0,,,
8.244,odom,map,-1.9724,-0.501886,-0.00446729,0,0,0,,,
8.28,odom,map,-1.97389,-0.49295,-0.00447312,0,0,0,,,
8.316,odom,map,-1.97537,-0.484014,-0.00447895,0,0,0,,,
8.352,odom,map,-1.97686,-0.475077,-0.00448477,0,0,0,,,
8.388,odom,map,-1.97834,-0.466141,-0.0044906,0,0,0,,,
8.424,odom,map,-1.97888,-0.462914,-0.00449271,0,0,0,,,
8.46,odom,map,-1.97888,-0.462914,-0.00449271,0,0,0,,,
8.496,odom,map,-1.97888,-0.462914,-0.00449271,0,0,0,,,
8.532,odom,map,-1.97888,-0.462914,-0.00449271,0,0,0,,,
8.568,odom,map,-1.97888,-0.462914,-0.00449271,0,0,0,,,
8.604,odom,map,-1.97888,-0.462914,-0.00449271,0,0,0,,,
8.604,ekf_predict_only,map,-2,-0.5,0,0.1,0.1,0,,,
8.604,ekf,map,-2,-0.5,1.18488e-21,0.037785,0.037785,0,0.309792,,
8.604,kf,map,-2,-0.5,1.18488e-21,0.037785,0.037785,0,0.124667,,
8.604,pf,map,-1.95322,-0.484972,-0.0345681,0.0419884,0.0547876,0.000389837,5.746,39.2045,0
8.64,odom,map,-1.97888,-0.462914,-0.00449271,0,0,0,,,
8.676,odom,map,-1.97888,-0.462914,-0.00449271,0,0,0,,,
8.712,odom,map,-1.97888,-0.462914,-0.00449271,0,0,0,,,
8.748,odom,map,-1.97888,-0.462914,-0.00449271,0,0,0,,,
8.784,odom,map,-1.97888,-0.462914,-0.00449271,0,0,0,,,
8.82,odom,map,-1.97888,-0.462914,-0.00449271,0,0,0,,,
8.784,ekf,map,-2,-0.5,3.78746e-21,0.0326955,0.0326955,0,0.058833,,
8.784,kf,map,-2,-0.5,3.73741e-21,0.0320666,0.0320666,0,0.069917,,
8.784,ekf_predict_only,map,-2,-0.5,0,0.15,0.15,0,,,
8.784,pf,map,-1.95175,-0.511429,-0.0306443,0.0285112,0.0324846,0.00171738,4.52333,431.97,0
8.856,odom,map,-1.97888,-0.462914,-0.00449271,0,0,0,,,
8.892,odom,map,-1.97888,-0.462914,-0.00449271,0,0,0,,,
8.928,odom,map,-1.97888,-0.462914,-0.00449271,0,0,0,,,
8.964,odom,map,-1.97888,-0.462914,-0.00449271,0,0,0,,,
9,odom,map,-1.97888,-0.462914,-0.00449271,0,0,0,,,
9,ekf,map,-2,-0.5,5.78733e-21,0.0329185,0.0329185,0,0.057792,,
9,kf,map,-2,-0.5,5.67638e-21,0.0313987,0.0313987,0,0.057875,,
9,ekf_predict_only,map,-2,-0.5,0,0.2,0.2,0,,,
9,pf,map,-1.95285,-0.506956,-0.0471128,0.03293,0.0328328,0.0011722,4.51292,480.805,0
9.036,odom,map,-1.97888,-0.462914,-0.00449271,0,0,0,,,
9.072,odom,map,-1.97888,-0.462914,-0.00449271,0,0,0,,,
9.108,odom,map,-1.97888,-0.462914,-0.00449271,0,0,0,,,
9.144,odom,map,-1.97888,-0.462914,-0.00449271,0,0,0,,,
9.18,odom,map,-1.97888,-0.462914,-0.00449271,0,0,0,,,
9.216,ekf_predict_only,map,-2,-0.5,0,0.25,0.25,0,,,
9.216,ekf,map,-2,-0.5,8.82555e-21,0.0334421,0.0334421,0,0.067667,,
9.216,odom,map,-1.97888,-0.462914,-0.00449271,0,0,0,,,
9.216,kf,map,-2,-0.5,8.58998e-21,0.0313058,0.0313058,0,0.165166,,
9.216,pf,map,-1.955,-0.510817,-0.0326405,0.0331198,0.031317,-0.00148306,7.31454,465.812,0
9.252,odom,map,-1.97888,-0.462914,-0.00449271,0,0,0,,,
9.288,odom,map,-1.97888,-0.462914,-0.00449271,0,0,0,,,
9.324,odom,map,-1.97888,-0.462914,-0.00449271,0,0,0,,,
9.36,odom,map,-1.97838,-0.462916,-0.00416709,0,0,0,,,
9.396,odom,map,-1.9766,-0.462923,-0.00354901,0,0,0,,,
9.396,ekf,map,-1.99355,-0.500003,0.00195134,0.0332409,0.0332412,-2.59017e-27,0.061625,,
9.432,odom,map,-1.97376,-0.462932,-0.00275903,0,0,0,,,
9.396,kf,map,-1.99304,-0.499999,0.00207449,0.0311925,0.0311925,0,0.063042,,
9.396,ekf_predict_only,map,-1.98527,-0.5,0.00394993,0.3,0.300026,0,,,
9.396,pf,map,-1.97094,-0.514638,-0.0343786,0.0327875,0.0289263,-0.00316816,6.64375,458.672,0
9.468,odom,map,-1.97032,-0.462941,-0.00271393,0,0,0,,,
9.504,odom,map,-1.96597,-0.462954,-0.00351002,0,0,0,,,
9.54,odom,map,-1.96055,-0.462977,-0.00488795,0,0,0,,,
9.576,odom,map,-1.95461,-0.463011,-0.00664372,0,0,0,,,
9.612,odom,map,-1.94848,-0.463058,-0.00873504,0,0,0,,,
9.612,ekf,map,-1.96544,-0.49996,-0.00629123,0.0338795,0.0338824,-4.01962e-09,0.121333,,
9.612,ekf_predict_only,map,-1.94844,-0.499855,-0.008598,0.35,0.350353,-1.03424e-06,,,
9.612,kf,map,-1.96458,-0.499976,-0.00657564,0.031277,0.031277,0,0.09525,,
9.612,pf,map,-1.93221,-0.515639,-0.0394847,0.0326425,0.0265873,-0.00140246,4.87775,483.116,0
9.648,odom,map,-1.94209,-0.463121,-0.0111247,0,0,0,,,
9.684,odom,map,-1.93514,-0.463209,-0.0140147,0,0,0,,,
9.72,odom,map,-1.92795,-0.46332,-0.0170338,0,0,0,,,
9.756,odom,map,-1.92047,-0.46346,-0.0203415,0,0,0,,,
9.792,odom,map,-1.9127,-0.463632,-0.0238946,0,0,0,,,
9.792,ekf_predict_only,map,-1.90745,-0.500207,-0.0262277,0.4,0.401221,3.06187e-06,,,
9.828,odom,map,-1.90461,-0.463839,-0.0274505,0,0,0,,,
9.792,kf,map,-1.92997,-0.500354,-0.0212091,0.0311884,0.0311884,0,0.381333,,
9.792,ekf,map,-1.93074,-0.500333,-0.0208897,0.0335468,0.0335539,1.36978e-08,0.056708,,
9.792,pf,map,-1.90029,-0.51068,-0.0461868,0.0317278,0.0281977,-0.000449477,9.25633,486.015,0
9.864,odom,map,-1.89642,-0.464079,-0.0309765,0,0,0,,,
9.9,odom,map,-1.88819,-0.464349,-0.0346999,0,0,0,,,
9.936,odom,map,-1.87968,-0.464661,-0.0385467,0,0,0,,,
9.972,odom,map,-1.87101,-0.465014,-0.0428085,0,0,0,,,
10.008,ekf_predict_only,map,-1.85541,-0.501572,-0.052162,0.45,0.453215,3.8156e-05,,,
10.008,ekf,map,-1.88194,-0.501768,-0.0439683,0.0341362,0.0341525,1.40186e-07,0.056,,
10.008,odom,map,-1.86234,-0.465404,-0.0471309,0,0,0,,,
10.008,kf,map,-1.88138,-0.501776,-0.0443252,0.0312764,0.0312764,0,0.53375,,
10.008,pf,map,-1.85096,-0.512866,-0.0733483,0.0324097,0.0312024,-0.000122068,4.62,451.09,0
10.044,odom,map,-1.85357,-0.465837,-0.0516452,0,0,0,,,
10.08,odom,map,-1.84478,-0.466313,-0.0565322,0,0,0,,,
10.116,odom,map,-1.83601,-0.466831,-0.061487,0,0,0,,,
10.152,odom,map,-1.82726,-0.467391,-0.0664213,0,0,0,,,
10.188,odom,map,-1.81853,-0.467994,-0.0714796,0,0,0,,,
10.188,ekf_predict_only,map,-1.81248,-0.503813,-0.078457,0.500003,0.5057,0.000126703,,,
10.224,odom,map,-1.80994,-0.468632,-0.0767229,0,0,0,,,
10.188,ekf,map,-1.83942,-0.504113,-0.0680569,0.0337049,0.0337242,3.38218e-07,0.063958,,
10.188,kf,map,-1.83918,-0.504104,-0.0683539,0.0311884,0.0311884,0,0.092958,,
10.188,pf,map,-1.79917,-0.51061,-0.0935804,0.0289144,0.0288482,0.0005473,6.43921,482.287,0
10.26,odom,map,-1.80137,-0.469313,-0.0819819,0,0,0,,,
10.296,odom,map,-1.79272,-0.470047,-0.0872422,0,0,0,,,
10.332,odom,map,-1.78411,-0.470823,-0.092592,0,0,0,,,
10.368,odom,map,-1.77552,-0.471643,-0.0976448,0,0,0,,,
10.404,odom,map,-1.76693,-0.472506,-0.102598,0,0,0,,,
10.404,ekf_predict_only,map,-1.76084,-0.507873,-0.108178,0.550013,0.55983,0.000355982,,,
10.404,kf,map,-1.78782,-0.508266,-0.0980941,0.0312764,0.0312764,0,0.068084,,
10.404,ekf,map,-1.78792,-0.508326,-0.0980055,0.0342601,0.0342884,8.78695e-07,0.05625,,
10.404,pf,map,-1.72958,-0.52128,-0.136179,0.0310945,0.0323779,5.55044e-05,4.39617,467.339,0
10.44,odom,map,-1.75824,-0.473422,-0.107505,0,0,0,,,
10.476,odom,map,-1.74966,-0.474369,-0.112224,0,0,0,,,
10.512,odom,map,-1.74108,-0.475356,-0.11675,0,0,0,,,
10.548,odom,map,-1.73248,-0.476384,-0.121231,0,0,0,,,
10.584,odom,map,-1.72391,-0.477446,-0.12561,0,0,0,,,
10.62,odom,map,-1.71545,-0.478532,-0.129716,0,0,0,,,
10.584,ekf_predict_only,map,-1.71851,-0.51247,-0.128456,0.600036,0.614235,0.000697294,,,
10.584,ekf,map,-1.74516,-0.513112,-0.1202,0.0337789,0.0338058,1.22921e-06,0.067333,,
10.584,kf,map,-1.74515,-0.513029,-0.120084,0.0311884,0.0311884,0,0.101917,,
10.584,pf,map,-1.70319,-0.526242,-0.152152,0.0319655,0.028771,-0.00142172,5.19725,500.724,0
10.602,amcl,map,-1.71899,-0.479055,-0.128855,0.14037,0.217031,-0.0189752,,,
10.656,odom,map,-1.70705,-0.479646,-0.133623,0,0,0,,,
10.692,odom,map,-1.69866,-0.48079,-0.137481,0,0,0,,,
10.728,odom,map,-1.69027,-0.481968,-0.141397,0,0,0,,,
10.764,odom,map,-1.68189,-0.483176,-0.145006,0,0,0,,,
10.8,odom,map,-1.67349,-0.484416,-0.148324,0,0,0,,,
10.8,kf,map,-1.69452,-0.519758,-0.14215,0.0312764,0.0312764,0,0.06375,,
10.8,ekf_predict_only,map,-1.66794,-0.519002,-0.147712,0.650088,0.67083,0.00132539,,,
10.8,ekf,map,-1.69453,-0.519873,-0.142461,0.0343171,0.0343509,2.20374e-06,0.057917,,
10.8,pf,map,-1.64126,-0.548397,-0.178882,0.0327238,0.0306111,-0.00351685,4.96771,469.031,0
10.836,odom,map,-1.66509,-0.485686,-0.151533,0,0,0,,,
10.872,odom,map,-1.65675,-0.486974,-0.154761,0,0,0,,,
10.908,odom,map,-1.64841,-0.488288,-0.157855,0,0,0,,,
10.944,odom,map,-1.63995,-0.489647,-0.160661,0,0,0,,,
10.98,odom,map,-1.63147,-0.491033,-0.163419,0,0,0,,,
11.016,odom,map,-1.62294,-0.492452,-0.165888,0,0,0,,,
11.016,ekf_predict_only,map,-1.61641,-0.526669,-0.161441,0.700183,0.729169,0.00226464,,,
11.016,ekf,map,-1.64363,-0.527761,-0.159778,0.0344529,0.0344884,3.01664e-06,0.060166,,
11.016,kf,map,-1.64356,-0.527639,-0.15933,0.0312887,0.0312887,0,0.063208,,
11.016,pf,map,-1.607,-0.538476,-0.196893,0.0309145,0.0302099,-0.00119073,4.96737,466.929,0
11.052,odom,map,-1.61437,-0.493897,-0.168116,0,0,0,,,
11.088,odom,map,-1.60566,-0.495383,-0.170063,0,0,0,,,
11.124,odom,map,-1.59688,-0.496898,-0.17185,0,0,0,,,
11.16,odom,map,-1.58807,-0.498435,-0.173498,0,0,0,,,
11.196,odom,map,-1.57904,-0.500023,-0.17464,0,0,0,,,
11.196,ekf_predict_only,map,-1.57053,-0.534141,-0.165717,0.750313,0.788076,0.00338926,,,
11.196,ekf,map,-1.59927,-0.535296,-0.168176,0.0338211,0.0338517,3.21166e-06,0.110834,,
11.232,odom,map,-1.56991,-0.50164,-0.175533,0,0,0,,,
11.196,kf,map,-1.59912,-0.5352,-0.167686,0.0311901,0.0311901,0,0.058375,,
11.196,pf,map,-1.56326,-0.557277,-0.195532,0.0285983,0.0266268,-0.00066689,8.76783,476.929,0
11.268,odom,map,-1.56075,-0.503267,-0.176388,0,0,0,,,
11.304,odom,map,-1.55157,-0.504907,-0.177113,0,0,0,,,
11.34,odom,map,-1.54232,-0.506565,-0.177325,0,0,0,,,
11.376,odom,map,-1.53301,-0.508233,-0.176975,0,0,0,,,
11.412,odom,map,-1.52341,-0.51001,-0.176246,0,0,0,,,
11.412,ekf_predict_only,map,-1.51266,-0.54382,-0.160657,0.800541,0.851466,0.00519082,,,
11.412,ekf,map,-1.54345,-0.545077,-0.169,0.0343173,0.0343556,4.87419e-06,0.064958,,
11.412,kf,map,-1.54321,-0.544984,-0.168295,0.0312766,0.0312766,0,0.073458,,
11.412,pf,map,-1.50747,-0.576534,-0.202471,0.0291385,0.0314103,2.10071e-05,4.76471,467.243,0
11.448,odom,map,-1.51367,-0.511955,-0.175616,0,0,0,,,
11.484,odom,map,-1.50371,-0.513932,-0.174385,0,0,0,,,
11.52,odom,map,-1.49358,-0.515926,-0.172787,0,0,0,,,
11.556,odom,map,-1.48307,-0.51797,-0.170725,0,0,0,,,
11.592,odom,map,-1.47248,-0.520005,-0.168629,0,0,0,,,
11.592,ekf_predict_only,map,-1.45779,-0.552713,-0.148055,0.850814,0.916527,0.0072524,,,
11.592,ekf,map,-1.49226,-0.553861,-0.160864,0.0338052,0.0338411,5.15122e-06,0.064458,,
11.592,kf,map,-1.49188,-0.553816,-0.160254,0.0311884,0.0311884,0,0.111375,,
11.628,odom,map,-1.46161,-0.521906,-0.166186,0,0,0,,,
11.592,pf,map,-1.44991,-0.586624,-0.195947,0.0326475,0.0297779,0.00278312,9.21092,476.567,0
11.664,odom,map,-1.45032,-0.523783,-0.163421,0,0,0,,,
11.7,odom,map,-1.43851,-0.525712,-0.160267,0,0,0,,,
11.736,odom,map,-1.42662,-0.527614,-0.157076,0,0,0,,,
11.772,odom,map,-1.41453,-0.529509,-0.153647,0,0,0,,,
11.808,odom,map,-1.40221,-0.531393,-0.149972,0,0,0,,,
11.808,ekf_predict_only,map,-1.38291,-0.56388,-0.125081,0.901248,0.991056,0.0105365,,,
11.808,ekf,map,-1.42175,-0.564981,-0.14228,0.0343342,0.0343838,7.70099e-06,0.061709,,
11.808,kf,map,-1.42122,-0.56499,-0.141663,0.0312764,0.0312764,0,0.192541,,
11.808,pf,map,-1.3908,-0.594044,-0.175143,0.0321397,0.0294606,-0.000756539,4.45792,483.164,0
11.802,amcl,map,-1.41097,-0.5252,-0.160364,0.118708,0.189082,-0.0185502,,,
11.844,odom,map,-1.38956,-0.533279,-0.146079,0,0,0,,,
11.88,odom,map,-1.37679,-0.535133,-0.142153,0,0,0,,,
11.916,odom,map,-1.36376,-0.53697,-0.137898,0,0,0,,,
11.952,odom,map,-1.35049,-0.538781,-0.133366,0,0,0,,,
11.988,odom,map,-1.33687,-0.540576,-0.128667,0,0,0,,,
11.988,ekf_predict_only,map,-1.31382,-0.572567,-0.101559,0.951659,1.06799,0.0138677,,,
11.988,ekf,map,-1.35651,-0.573809,-0.121612,0.0338224,0.0338723,7.83196e-06,0.062958,,
11.988,kf,map,-1.35602,-0.573847,-0.121161,0.0311884,0.0311884,0,0.060791,,
12.024,odom,map,-1.32305,-0.542331,-0.123963,0,0,0,,,
11.988,pf,map,-1.32702,-0.601511,-0.158825,0.034008,0.0280666,-0.000339782,6.29671,471.698,0
12.06,odom,map,-1.30899,-0.544047,-0.119021,0,0,0,,,
12.096,odom,map,-1.29465,-0.545726,-0.114125,0,0,0,,,
12.132,odom,map,-1.28024,-0.547342,-0.109249,0,0,0,,,
12.168,odom,map,-1.26567,-0.548904,-0.104235,0,0,0,,,
12.204,odom,map,-1.25084,-0.550417,-0.099097,0,0,0,,,
12.204,ekf_predict_only,map,-1.22388,-0.581733,-0.0704272,1.00217,1.15961,0.0184886,,,
12.204,ekf,map,-1.2705,-0.583316,-0.0924871,0.0343504,0.0344219,1.07207e-05,0.076041,,
12.204,kf,map,-1.26998,-0.58342,-0.0921459,0.0312764,0.0312764,0,0.08075,,
12.204,pf,map,-1.24743,-0.612295,-0.130698,0.0292684,0.0317127,-0.00227574,5.36517,498.676,0
12.24,odom,map,-1.23584,-0.551868,-0.093911,0,0,0,,,
12.276,odom,map,-1.22084,-0.553242,-0.0887224,0,0,0,,,
12.312,odom,map,-1.20584,-0.554537,-0.0834472,0,0,0,,,
12.348,odom,map,-1.19089,-0.555748,-0.0781071,0,0,0,,,
12.384,odom,map,-1.17609,-0.556866,-0.0728031,0,0,0,,,
12.384,kf,map,-1.19698,-0.589235,-0.0665721,0.0311884,0.0311884,0,0.072459,,
12.42,odom,map,-1.16132,-0.557904,-0.0675071,0,0,0,,,
12.384,ekf_predict_only,map,-1.15006,-0.586941,-0.0439472,1.05249,1.2496,0.0222053,,,
12.384,ekf,map,-1.19721,-0.589133,-0.0667525,0.0338325,0.0339023,9.60258e-06,0.053458,,
12.384,pf,map,-1.17127,-0.62445,-0.102321,0.0269964,0.031773,0.00231796,6.58379,483.631,0
12.456,odom,map,-1.14658,-0.558862,-0.0623213,0,0,0,,,
12.492,odom,map,-1.13199,-0.559735,-0.0571106,0,0,0,,,
12.528,odom,map,-1.11752,-0.560525,-0.0519971,0,0,0,,,
12.564,odom,map,-1.10308,-0.561239,-0.0469401,0,0,0,,,
12.6,odom,map,-1.08868,-0.56188,-0.0418999,0,0,0,,,
12.6,ekf_predict_only,map,-1.06492,-0.590685,-0.0142573,1.10275,1.35259,0.0262227,,,
12.6,ekf,map,-1.11066,-0.593661,-0.0364717,0.034358,0.0344485,1.08339e-05,0.055916,,
12.6,kf,map,-1.11071,-0.593808,-0.0364653,0.0312764,0.0312764,0,0.066833,,
12.6,pf,map,-1.08089,-0.630991,-0.0719745,0.0356224,0.0320757,0.00116077,5.50858,480.85,0
12.6,amcl,map,-1.11053,-0.541906,-0.0497204,0.0999567,0.163114,-0.00363888,,,
12.636,odom,map,-1.07563,-0.561981,-0.0386243,0,0,0,,,
12.672,odom,map,-1.06269,-0.562044,-0.0354274,0,0,0,,,
12.708,odom,map,-1.04983,-0.562084,-0.032318,0,0,0,,,
12.744,odom,map,-1.03714,-0.562101,-0.0294119,0,0,0,,,
12.78,odom,map,-1.02465,-0.562096,-0.0265546,0,0,0,,,
12.816,odom,map,-1.01188,-0.562208,-0.0231701,0,0,0,,,
12.816,ekf,map,-1.02726,-0.595458,-0.00846701,0.0344805,0.0345753,9.58942e-06,0.103208,,
12.816,kf,map,-1.02752,-0.595644,-0.00863044,0.0312887,0.0312887,0,0.059916,,
12.816,ekf_predict_only,map,-0.98403,-0.591838,0.0120332,1.15283,1.46008,0.0294466,,,
12.816,pf,map,-0.991004,-0.644172,-0.0425102,0.0332631,0.0313667,-1.67946e-05,11.7615,468.766,0
12.852,odom,map,-0.998405,-0.562491,-0.0187883,0,0,0,,,
12.888,odom,map,-0.985006,-0.562714,-0.0145326,0,0,0,,,
12.924,odom,map,-0.971574,-0.562881,-0.0102205,0,0,0,,,
12.96,odom,map,-0.958195,-0.562988,-0.00567914,0,0,0,,,
12.996,odom,map,-0.944885,-0.563032,-0.000993259,0,0,0,,,
13.032,odom,map,-0.931602,-0.563009,0.00474122,0,0,0,,,
12.996,kf,map,-0.959865,-0.595312,0.0176669,0.0311901,0.0311901,0,0.062291,,
12.996,ekf_predict_only,map,-0.917635,-0.591039,0.0436316,1.20277,1.56272,0.0314455,,,
12.996,ekf,map,-0.959676,-0.59524,0.0172763,0.0338366,0.0339155,6.4273e-06,0.507875,,
12.996,pf,map,-0.925329,-0.663478,-0.0156649,0.0283579,0.0292262,-0.000437778,11.684,470.4,0
13.068,odom,map,-0.918538,-0.562903,0.0116918,0,0,0,,,
13.104,odom,map,-0.905481,-0.562702,0.0191936,0,0,0,,,
13.14,odom,map,-0.892404,-0.562399,0.0271681,0,0,0,,,
13.176,odom,map,-0.879366,-0.561991,0.0356664,0,0,0,,,
13.212,ekf,map,-0.881436,-0.592736,0.0658231,0.0343285,0.0344199,5.21888e-06,0.105125,,
13.212,kf,map,-0.881637,-0.592729,0.0669569,0.0312766,0.0312766,0,0.062542,,
13.212,odom,map,-0.866525,-0.561473,0.0452235,0,0,0,,,
13.212,ekf_predict_only,map,-0.840897,-0.587689,0.103396,1.25254,1.67996,0.03256,,,
13.212,pf,map,-0.843111,-0.654555,0.0302893,0.0341365,0.033383,0.00151273,4.62508,481.518,0
13.248,odom,map,-0.8537,-0.560828,0.055476,0,0,0,,,
13.284,odom,map,-0.840843,-0.560045,0.0661717,0,0,0,,,
13.32,odom,map,-0.828057,-0.559128,0.077101,0,0,0,,,
13.356,odom,map,-0.815357,-0.558072,0.088951,0,0,0,,,
13.392,odom,map,-0.802871,-0.55688,0.10154,0,0,0,,,
13.428,odom,map,-0.792411,-0.5532,0.114974,0,0,0,,,
13.392,ekf,map,-0.817854,-0.587257,0.122232,0.0338115,0.0338877,2.54989e-06,0.723666,,
13.392,kf,map,-0.818045,-0.587223,0.123494,0.0311884,0.0311884,0,0.102125,,
13.392,ekf_predict_only,map,-0.778888,-0.581255,0.170695,1.30215,1.78951,0.0313716,,,
13.392,pf,map,-0.778676,-0.656203,0.0792821,0.0305621,0.0309891,-0.00146841,5.85158,471.92,0
13.401,amcl,map,-0.83188,-0.540602,0.106308,0.0818117,0.132462,-0.0106262,,,
13.464,odom,map,-0.782732,-0.54845,0.12879,0,0,0,,,
13.5,odom,map,-0.773311,-0.543555,0.143114,0,0,0,,,
13.536,odom,map,-0.764166,-0.538516,0.158161,0,0,0,,,
13.572,odom,map,-0.755123,-0.533303,0.173551,0,0,0,,,
13.608,odom,map,-0.745621,-0.528648,0.189077,0,0,0,,,
13.608,ekf_predict_only,map,-0.709292,-0.569258,0.262474,1.35155,1.91214,0.0268372,,,
13.608,ekf,map,-0.746043,-0.576205,0.206177,0.0343385,0.0344242,8.79569e-08,0.067291,,
13.608,kf,map,-0.746281,-0.576298,0.207334,0.0312764,0.0312764,0,0.057417,,
13.608,pf,map,-0.713378,-0.62198,0.16306,0.0305876,0.0261296,-3.43267e-05,4.55754,466.413,0
13.644,odom,map,-0.734149,-0.526361,0.204585,0,0,0,,,
13.68,odom,map,-0.722979,-0.52395,0.220637,0,0,0,,,
13.716,odom,map,-0.712025,-0.5214,0.237013,0,0,0,,,
13.752,odom,map,-0.701186,-0.518687,0.25354,0,0,0,,,
13.788,odom,map,-0.690556,-0.515838,0.270202,0,0,0,,,
13.824,odom,map,-0.680268,-0.512895,0.287234,0,0,0,,,
13.788,ekf,map,-0.691588,-0.562734,0.286334,0.0338247,0.0338928,-2.20542e-06,0.060458,,
13.788,ekf_predict_only,map,-0.65807,-0.555496,0.34809,1.40111,2.01966,0.0199465,,,
13.788,kf,map,-0.691889,-0.562906,0.287184,0.0311884,0.0311884,0,0.128542,,
13.788,pf,map,-0.645542,-0.622608,0.251838,0.0295331,0.029525,-3.95554e-05,11.4914,486.429,0
13.86,odom,map,-0.670349,-0.509872,0.304541,0,0,0,,,
13.896,odom,map,-0.660609,-0.506718,0.321913,0,0,0,,,
13.932,odom,map,-0.651031,-0.503431,0.339325,0,0,0,,,
13.968,odom,map,-0.64179,-0.500078,0.356978,0,0,0,,,
14.004,odom,map,-0.633004,-0.496712,0.375012,0,0,0,,,
14.004,kf,map,-0.635117,-0.543618,0.391424,0.0312764,0.0312764,0,0.055291,,
14.004,ekf_predict_only,map,-0.605727,-0.536503,0.457186,1.45091,2.13213,0.00887884,,,
14.004,ekf,map,-0.634676,-0.543269,0.390694,0.0343523,0.0344228,-5.44911e-06,0.057208,,
14.001,amcl,map,-0.659844,-0.510882,0.370969,0.0656159,0.100372,-0.00649962,,,
14.004,pf,map,-0.58389,-0.598902,0.357314,0.0320523,0.0326617,-0.000965889,8.922,480.271,0
14.04,odom,map,-0.6244,-0.493235,0.393195,0,0,0,,,
14.076,odom,map,-0.616073,-0.489693,0.411364,0,0,0,,,
14.112,odom,map,-0.608408,-0.486266,0.429654,0,0,0,,,
14.148,odom,map,-0.601085,-0.482829,0.4481,0,0,0,,,
14.184,odom,map,-0.593983,-0.479334,0.466763,0,0,0,,,
14.22,odom,map,-0.588708,-0.47592,0.485446,0,0,0,,,
14.184,ekf_predict_only,map,-0.570436,-0.519142,0.550846,1.50118,2.22643,-0.0022916,,,
14.184,kf,map,-0.595989,-0.525492,0.48208,0.0311884,0.0311884,0,0.073292,,
14.184,ekf,map,-0.595601,-0.525138,0.481596,0.0338341,0.0338856,-6.21809e-06,0.05725,,
14.184,pf,map,-0.55222,-0.591171,0.45078,0.0300807,0.0282867,0.00211877,5.92383,453.129,0
14.256,odom,map,-0.585071,-0.472638,0.504122,0,0,0,,,
14.292,odom,map,-0.582043,-0.469535,0.523016,0,0,0,,,
14.328,odom,map,-0.579195,-0.466383,0.541951,0,0,0,,,
14.364,odom,map,-0.576598,-0.463234,0.560974,0,0,0,,,
14.4,odom,map,-0.574509,-0.46026,0.580171,0,0,0,,,
14.4,ekf_predict_only,map,-0.541333,-0.501264,0.666013,1.55192,2.31434,-0.014535,,,
14.4,ekf,map,-0.560271,-0.504368,0.59498,0.0343602,0.0344077,-8.1667e-06,0.054375,,
14.4,kf,map,-0.560877,-0.504936,0.595315,0.0312764,0.0312764,0,0.0535,,
14.4,amcl,map,-0.584056,-0.490922,0.563896,0.0446239,0.0653255,0.00222128,,,
14.4,pf,map,-0.501361,-0.579161,0.566167,0.0331064,0.0317358,0.000185399,4.51725,499.746,0
14.436,odom,map,-0.569786,-0.457052,0.599392,0,0,0,,,
14.472,odom,map,-0.565117,-0.453796,0.618587,0,0,0,,,
14.508,odom,map,-0.560686,-0.450578,0.63786,0,0,0,,,
14.544,odom,map,-0.556552,-0.447452,0.657211,0,0,0,,,
14.58,odom,map,-0.552776,-0.44448,0.67666,0,0,0,,,
14.616,odom,map,-0.549248,-0.441591,0.695991,0,0,0,,,
14.616,ekf_predict_only,map,-0.52092,-0.485224,0.781468,1.60299,2.39169,-0.025964,,,
14.616,kf,map,-0.535319,-0.48581,0.710276,0.0312887,0.0312887,0,0.05875,,
14.616,ekf,map,-0.534715,-0.485167,0.710125,0.034483,0.0345192,-7.93673e-06,0.05925,,
14.616,pf,map,-0.489564,-0.54578,0.674268,0.0312548,0.0338637,0.00199813,7.42808,453.785,0
14.652,odom,map,-0.545954,-0.438785,0.715234,0,0,0,,,
14.688,odom,map,-0.542872,-0.436057,0.734399,0,0,0,,,
14.724,odom,map,-0.540067,-0.433476,0.75345,0,0,0,,,
14.76,odom,map,-0.537405,-0.430931,0.772447,0,0,0,,,
14.796,odom,map,-0.534958,-0.428501,0.791402,0,0,0,,,
14.796,kf,map,-0.520919,-0.472302,0.804681,0.0311901,0.0311901,0,0.101292,,
14.832,odom,map,-0.534253,-0.428294,0.809753,0,0,0,,,
14.796,ekf_predict_only,map,-0.510749,-0.475133,0.874695,1.65387,2.45556,-0.0332886,,,
14.796,ekf,map,-0.520426,-0.471736,0.804733,0.0338387,0.0338607,-5.71876e-06,0.058333,,
14.802,amcl,map,-0.526124,-0.477448,0.780478,0.029614,0.0369487,-0.00027091,,,
14.796,pf,map,-0.480316,-0.525198,0.756037,0.0317672,0.02925,0.000674927,6.20033,502.142,0
14.868,odom,map,-0.533961,-0.428508,0.828037,0,0,0,,,
14.904,odom,map,-0.533811,-0.428806,0.846325,0,0,0,,,
14.94,odom,map,-0.533782,-0.429174,0.864649,0,0,0,,,
14.976,odom,map,-0.534041,-0.429818,0.8826,0,0,0,,,
15.012,ekf,map,-0.510455,-0.460462,0.915015,0.0343307,0.034348,-5.21226e-06,0.055791,,
15.012,odom,map,-0.533975,-0.429922,0.900335,0,0,0,,,
15.012,ekf_predict_only,map,-0.503907,-0.466944,0.981986,1.70471,2.51498,-0.0392773,,,
15.012,kf,map,-0.510864,-0.460998,0.914729,0.0312766,0.0312766,0,0.058875,,
15.012,pf,map,-0.449791,-0.505166,0.870963,0.0334224,0.0317575,0.0006105,6.07979,479.513,0
15.048,odom,map,-0.53292,-0.428568,0.918166,0,0,0,,,
15.084,odom,map,-0.531916,-0.42723,0.93596,0,0,0,,,
15.12,odom,map,-0.531,-0.425964,0.953585,0,0,0,,,
15.156,odom,map,-0.53029,-0.424945,0.970838,0,0,0,,,
15.192,odom,map,-0.529624,-0.423954,0.988057,0,0,0,,,
15.228,odom,map,-0.529046,-0.425621,1.00351,0,0,0,,,
15.192,ekf_predict_only,map,-0.501343,-0.463106,1.06885,1.75514,2.56853,-0.042079,,,
15.192,ekf,map,-0.50587,-0.454093,1.00338,0.033813,0.0338233,-3.38745e-06,0.061375,,
15.192,kf,map,-0.506159,-0.454506,1.00316,0.0311884,0.0311884,0,0.054875,,
15.192,pf,map,-0.460224,-0.501669,0.962578,0.0295531,0.031362,0.000417586,4.76983,474.471,0
15.264,odom,map,-0.528639,-0.428506,1.01792,0,0,0,,,
15.3,odom,map,-0.528379,-0.431599,1.03177,0,0,0,,,
15.336,odom,map,-0.528225,-0.434845,1.04547,0,0,0,,,
15.372,odom,map,-0.528125,-0.438161,1.05914,0,0,0,,,
15.408,odom,map,-0.528083,-0.440787,1.07298,0,0,0,,,
15.408,ekf,map,-0.504234,-0.451429,1.10102,0.0343397,0.0343475,-2.74042e-06,0.055458,,
15.408,kf,map,-0.504476,-0.451804,1.1005,0.0312764,0.0312764,0,0.062291,,
15.408,ekf_predict_only,map,-0.501231,-0.462902,1.16161,1.80516,2.61869,-0.0422272,,,
15.402,amcl,map,-0.525305,-0.479139,1.06957,0.022122,0.0214435,0.00530306,,,
15.408,pf,map,-0.458779,-0.494829,1.07347,0.0299796,0.0325335,-0.000744148,5.15058,475.922,0
15.444,odom,map,-0.528058,-0.440741,1.08851,0,0,0,,,
15.48,odom,map,-0.528088,-0.4408,1.10379,0,0,0,,,
15.516,odom,map,-0.528135,-0.440894,1.11902,0,0,0,,,
15.552,odom,map,-0.528195,-0.441019,1.13389,0,0,0,,,
15.588,odom,map,-0.528306,-0.441264,1.14847,0,0,0,,,
15.588,ekf_predict_only,map,-0.502035,-0.464755,1.23138,1.85495,2.66757,-0.0408963,,,
15.624,odom,map,-0.526466,-0.443661,1.16296,0,0,0,,,
15.588,ekf,map,-0.504202,-0.451579,1.17616,0.0338251,0.0338297,-1.65374e-06,0.057125,,
15.588,kf,map,-0.504369,-0.451847,1.17555,0.0311884,0.0311884,0,0.0525,,
15.588,pf,map,-0.465354,-0.493959,1.13626,0.033523,0.0292412,-0.000337708,6.94504,489.096,0
15.66,odom,map,-0.523509,-0.447251,1.17731,0,0,0,,,
15.696,odom,map,-0.520538,-0.450822,1.19152,0,0,0,,,
15.732,odom,map,-0.517471,-0.454162,1.20484,0,0,0,,,
15.768,odom,map,-0.514357,-0.457379,1.21563,0,0,0,,,
15.804,odom,map,-0.511415,-0.460418,1.2238,0,0,0,,,
15.804,ekf,map,-0.504201,-0.451878,1.22814,0.0343518,0.0343553,-1.2737e-06,0.054959,,
15.804,kf,map,-0.504273,-0.451937,1.22326,0.0312764,0.0312764,0,0.106625,,
15.804,ekf_predict_only,map,-0.502035,-0.464755,1.23138,1.90495,2.71757,-0.0408963,,,
15.804,pf,map,-0.459544,-0.506912,1.20763,0.0337627,0.029787,-0.000995961,6.33242,473.272,0
15.84,odom,map,-0.511415,-0.460418,1.229,0,0,0,,,
15.876,odom,map,-0.511415,-0.460418,1.23161,0,0,0,,,
15.912,odom,map,-0.511415,-0.460418,1.23194,0,0,0,,,
15.948,odom,map,-0.511415,-0.460418,1.23194,0,0,0,,,
15.984,odom,map,-0.511415,-0.460418,1.23194,0,0,0,,,
15.984,ekf_predict_only,map,-0.502035,-0.464755,1.23138,1.95495,2.76757,-0.0408963,,,
15.984,kf,map,-0.504238,-0.451971,1.24616,0.0311884,0.0311884,0,0.063833,,
16.02,odom,map,-0.511415,-0.460418,1.23194,0,0,0,,,
15.984,ekf,map,-0.504209,-0.451958,1.24967,0.0338329,0.033835,-7.5282e-07,0.235709,,
15.984,pf,map,-0.468499,-0.526664,1.22182,0.0331293,0.0340268,-0.000423432,5.27258,461.089,0
16.056,odom,map,-0.51137,-0.460291,1.23192,0,0,0,,,
16.092,odom,map,-0.511023,-0.459306,1.23187,0,0,0,,,
16.128,odom,map,-0.510498,-0.457817,1.2319,0,0,0,,,
16.164,odom,map,-0.509629,-0.455351,1.23213,0,0,0,,,
16.2,odom,map,-0.508561,-0.452315,1.23265,0,0,0,,,
16.2,ekf_predict_only,map,-0.494811,-0.444295,1.23561,2.00766,2.82764,-0.0556252,,,
16.2,ekf,map,-0.500277,-0.439916,1.25856,0.0343585,0.0343596,-7.31897e-07,0.056667,,
16.2,kf,map,-0.49999,-0.439166,1.25682,0.0312764,0.0312764,0,0.057292,,
16.2,pf,map,-0.449723,-0.497258,1.22474,0.032078,0.0327094,-0.00245918,4.887,476.068,0
16.236,odom,map,-0.509899,-0.452452,1.23283,0,0,0,,,
16.272,odom,map,-0.511312,-0.452702,1.23338,0,0,0,,,
16.308,odom,map,-0.512734,-0.452964,1.23568,0,0,0,,,
16.344,odom,map,-0.514197,-0.453321,1.23874,0,0,0,,,
16.38,odom,map,-0.515688,-0.453728,1.24207,0,0,0,,,
16.416,ekf_predict_only,map,-0.487813,-0.424205,1.26519,2.06111,2.88748,-0.0703601,,,
16.416,odom,map,-0.516153,-0.45264,1.24615,0,0,0,,,
16.416,kf,map,-0.494551,-0.421822,1.28063,0.0312887,0.0312887,0,0.056917,,
16.416,ekf,map,-0.494742,-0.422354,1.28058,0.0344819,0.0344816,-8.93227e-07,0.062459,,
16.416,pf,map,-0.460156,-0.491465,1.24444,0.0358526,0.0319353,-0.000958547,4.74567,493.55,0
16.452,odom,map,-0.514985,-0.449139,1.25171,0,0,0,,,
16.488,odom,map,-0.5138,-0.445514,1.25823,0,0,0,,,
16.524,odom,map,-0.512635,-0.441866,1.26505,0,0,0,,,
16.56,odom,map,-0.51146,-0.438095,1.27258,0,0,0,,,
16.596,odom,map,-0.510308,-0.434291,1.28102,0,0,0,,,
16.632,odom,map,-0.50917,-0.430411,1.29005,0,0,0,,,
16.596,ekf_predict_only,map,-0.481679,-0.404763,1.31181,2.11523,2.9462,-0.0848164,,,
16.596,kf,map,-0.489489,-0.403998,1.31777,0.0311901,0.0311901,0,0.132708,,
16.596,ekf,map,-0.489581,-0.404326,1.31695,0.0338388,0.0338373,-9.75539e-07,0.058917,,
16.602,amcl,map,-0.500952,-0.428863,1.29729,0.0169123,0.0242135,0.00657314,,,
16.596,pf,map,-0.459642,-0.472019,1.28214,0.0311814,0.0311151,-0.000763522,12.0058,471.19,0
16.668,odom,map,-0.508023,-0.426361,1.29981,0,0,0,,,
16.704,odom,map,-0.506886,-0.422185,1.31015,0,0,0,,,
16.74,odom,map,-0.505739,-0.41779,1.32092,0,0,0,,,
16.776,odom,map,-0.504592,-0.413183,1.33236,0,0,0,,,
16.812,odom,map,-0.503487,-0.40852,1.34405,0,0,0,,,
16.812,ekf_predict_only,map,-0.474315,-0.376969,1.38193,2.17248,3.00676,-0.105707,,,
16.812,ekf,map,-0.483405,-0.378266,1.37884,0.0343331,0.0343293,-1.56278e-06,0.100833,,
16.812,kf,map,-0.48332,-0.377974,1.37988,0.0312766,0.0312766,0,0.070208,,
16.812,pf,map,-0.434952,-0.428605,1.3389,0.0321528,0.0291503,0.00202716,4.6765,492.951,0
16.848,odom,map,-0.502394,-0.403651,1.35597,0,0,0,,,
16.884,odom,map,-0.501308,-0.398521,1.36831,0,0,0,,,
16.92,odom,map,-0.500245,-0.393171,1.38089,0,0,0,,,
16.956,odom,map,-0.499224,-0.387673,1.39354,0,0,0,,,
16.992,odom,map,-0.498237,-0.381952,1.40617,0,0,0,,,
16.992,ekf_predict_only,map,-0.468326,-0.345633,1.44539,2.23261,3.06543,-0.129367,,,
16.992,ekf,map,-0.478785,-0.350599,1.43886,0.0338177,0.0338121,-1.73895e-06,0.135209,,
16.992,kf,map,-0.478668,-0.3502,1.43951,0.0311884,0.0311884,0,0.058834,,
17.028,odom,map,-0.49725,-0.375764,1.41886,0,0,0,,,
16.992,pf,map,-0.454378,-0.403128,1.40894,0.0306784,0.0300431,-0.00194505,10.2198,488.61,0
17.064,odom,map,-0.49629,-0.369214,1.43163,0,0,0,,,
17.1,odom,map,-0.495377,-0.362376,1.44435,0,0,0,,,
17.136,odom,map,-0.49454,-0.355433,1.45704,0,0,0,,,
17.172,odom,map,-0.493768,-0.34827,1.46974,0,0,0,,,
17.208,odom,map,-0.493043,-0.340633,1.48255,0,0,0,,,
17.208,ekf_predict_only,map,-0.462491,-0.299353,1.52228,2.30147,3.12396,-0.164366,,,
17.208,ekf,map,-0.474667,-0.30884,1.51426,0.0343505,0.0343391,-2.62937e-06,0.058291,,
17.208,kf,map,-0.474465,-0.308288,1.51464,0.0312764,0.0312764,0,0.05575,,
17.208,pf,map,-0.426823,-0.363388,1.49168,0.030799,0.0335797,-0.00085751,5.54033,461.725,0
17.244,odom,map,-0.492385,-0.33262,1.49503,0,0,0,,,
17.28,odom,map,-0.491815,-0.324442,1.50737,0,0,0,,,
17.316,odom,map,-0.491334,-0.316037,1.51955,0,0,0,,,
17.352,odom,map,-0.49093,-0.307134,1.53135,0,0,0,,,
17.388,odom,map,-0.490619,-0.297868,1.54286,0,0,0,,,
17.424,odom,map,-0.489589,-0.287839,1.55596,0,0,0,,,
17.388,ekf_predict_only,map,-0.4602,-0.252154,1.57936,2.37559,3.17732,-0.199644,,,
17.388,ekf,map,-0.47371,-0.26599,1.57307,0.0338399,0.0338248,-2.47366e-06,0.143458,,
17.388,kf,map,-0.473494,-0.265445,1.57307,0.0311884,0.0311884,0,0.055583,,
17.4,amcl,map,-0.479223,-0.301423,1.57999,0.0129465,0.0244071,0.00369677,,,
17.388,pf,map,-0.43404,-0.330334,1.54267,0.0307435,0.0275498,-0.000226648,8.91525,457.866,0
17.46,odom,map,-0.488251,-0.277257,1.56978,0,0,0,,,
17.496,odom,map,-0.487085,-0.26611,1.58309,0,0,0,,,
17.532,odom,map,-0.486099,-0.254517,1.59597,0,0,0,,,
17.568,odom,map,-0.485297,-0.242672,1.60843,0,0,0,,,
17.604,odom,map,-0.484741,-0.230572,1.62031,0,0,0,,,
17.604,ekf,map,-0.475964,-0.20289,1.63328,0.0343802,0.0343516,-2.65027e-06,0.059333,,
17.604,ekf_predict_only,map,-0.460796,-0.182564,1.63232,2.47037,3.22645,-0.250668,,,
17.604,kf,map,-0.475622,-0.202106,1.63263,0.0312764,0.0312764,0,0.061042,,
17.604,pf,map,-0.432622,-0.277083,1.59924,0.0332539,0.0312457,0.00153638,4.74533,480.221,0
17.64,odom,map,-0.485364,-0.219077,1.62927,0,0,0,,,
17.676,odom,map,-0.486101,-0.207342,1.63765,0,0,0,,,
17.712,odom,map,-0.486954,-0.195332,1.64559,0,0,0,,,
17.748,odom,map,-0.487914,-0.183161,1.6534,0,0,0,,,
17.784,odom,map,-0.488979,-0.170869,1.6609,0,0,0,,,
17.82,odom,map,-0.490156,-0.15831,1.66748,0,0,0,,,
17.784,ekf_predict_only,map,-0.464684,-0.11944,1.6643,2.57069,3.27074,-0.29541,,,
17.784,ekf,map,-0.481423,-0.14414,1.67332,0.0338669,0.0338328,-1.32725e-06,0.062709,,
17.784,kf,map,-0.481076,-0.143499,1.67244,0.0311884,0.0311884,0,0.1025,,
17.784,pf,map,-0.426686,-0.204377,1.65009,0.0311155,0.0290738,0.000611426,4.71308,476.411,0
17.856,odom,map,-0.491424,-0.145662,1.67374,0,0,0,,,
17.892,odom,map,-0.492774,-0.132976,1.67989,0,0,0,,,
17.928,odom,map,-0.494214,-0.120175,1.6856,0,0,0,,,
17.964,odom,map,-0.49575,-0.107143,1.69061,0,0,0,,,
18,odom,map,-0.497356,-0.0940773,1.69553,0,0,0,,,
18,ekf_predict_only,map,-0.472059,-0.0407988,1.6938,2.69657,3.31003,-0.348999,,,
18,ekf,map,-0.491051,-0.0683309,1.70899,0.0344113,0.0343581,6.52741e-07,0.293084,,
18,kf,map,-0.490681,-0.0678336,1.7081,0.0312764,0.0312764,0,0.635,,
18,pf,map,-0.445566,-0.134581,1.68289,0.0324626,0.0300794,0.00117435,8.33512,472.109,0
18.036,odom,map,-0.499023,-0.0810351,1.70002,0,0,0,,,
18.072,odom,map,-0.500739,-0.0680183,1.70362,0,0,0,,,
18.108,odom,map,-0.502484,-0.0551097,1.70671,0,0,0,,,
18.144,odom,map,-0.504263,-0.0422427,1.70962,0,0,0,,,
18.18,odom,map,-0.506062,-0.0294824,1.71209,0,0,0,,,
18.216,ekf_predict_only,map,-0.481576,0.0361907,1.70413,2.83533,3.34639,-0.398672,,,
18.216,odom,map,-0.507938,-0.0175537,1.7153,0,0,0,,,
18.216,kf,map,-0.502632,0.00814439,1.72583,0.0312887,0.0312887,0,0.059542,,
18.216,ekf,map,-0.503003,0.00788581,1.72687,0.0345442,0.0344807,3.24325e-06,0.053542,,
18.201,amcl,map,-0.497148,-0.031433,1.71985,0.0156981,0.0266992,0.00302422,,,
18.216,pf,map,-0.440378,-0.0564674,1.70677,0.0312569,0.0265022,0.0018465,7.94437,464.907,0
18.252,odom,map,-0.509969,-0.00702182,1.7201,0,0,0,,,
18.288,odom,map,-0.512119,0.00347686,1.72477,0,0,0,,,
18.324,odom,map,-0.514389,0.0139652,1.72925,0,0,0,,,
18.36,odom,map,-0.516761,0.0243624,1.73309,0,0,0,,,
18.396,odom,map,-0.519213,0.0345602,1.7377,0,0,0,,,
18.432,odom,map,-0.521371,0.0467504,1.73978,0,0,0,,,
18.396,ekf,map,-0.513486,0.0706876,1.73566,0.0338944,0.033837,4.66305e-06,0.057292,,
18.396,kf,map,-0.513266,0.0707532,1.73524,0.0311901,0.0311901,0,0.05375,,
18.396,ekf_predict_only,map,-0.489966,0.0987378,1.71264,2.96818,3.38455,-0.437238,,,
18.396,pf,map,-0.453512,0.0120436,1.71891,0.0297069,0.030715,-0.000424046,8.83004,504.333,0
18.468,odom,map,-0.523483,0.0590441,1.74207,0,0,0,,,
18.504,odom,map,-0.525614,0.0712695,1.74502,0,0,0,,,
18.54,odom,map,-0.527768,0.083377,1.74875,0,0,0,,,
18.576,odom,map,-0.52995,0.0953735,1.75275,0,0,0,,,
18.612,odom,map,-0.532154,0.107207,1.75737,0,0,0,,,
18.612,ekf_predict_only,map,-0.500121,0.169848,1.74303,3.12433,3.42046,-0.478992,,,
18.612,ekf,map,-0.526046,0.143135,1.75852,0.0343998,0.0343295,7.66221e-06,0.058542,,
18.612,kf,map,-0.525966,0.143006,1.75903,0.0312766,0.0312766,0,0.054042,,
18.612,pf,map,-0.466392,0.0874637,1.71535,0.0287114,0.0304044,-0.0011725,7.25692,482.99,0
18.648,odom,map,-0.53438,0.118833,1.76278,0,0,0,,,
18.684,odom,map,-0.536617,0.130155,1.76908,0,0,0,,,
18.72,odom,map,-0.538896,0.141311,1.77592,0,0,0,,,
18.756,odom,map,-0.54123,0.152318,1.78355,0,0,0,,,
18.792,odom,map,-0.543613,0.16314,1.79172,0,0,0,,,
18.792,ekf_predict_only,map,-0.5095,0.223766,1.79024,3.26346,3.45768,-0.507971,,,
18.792,ekf,map,-0.537232,0.198881,1.79471,0.033872,0.0338125,7.62714e-06,0.09975,,
18.792,kf,map,-0.537238,0.198658,1.79575,0.0311884,0.0311884,0,0.064375,,
18.828,odom,map,-0.546065,0.173839,1.80056,0,0,0,,,
18.792,pf,map,-0.47567,0.13482,1.75422,0.0343825,0.030328,-0.00125332,6.12117,489.531,0
18.864,odom,map,-0.548584,0.184381,1.81033,0,0,0,,,
18.9,odom,map,-0.551193,0.194838,1.82032,0,0,0,,,
18.936,odom,map,-0.553868,0.205116,1.83072,0,0,0,,,
18.972,odom,map,-0.556625,0.215263,1.84174,0,0,0,,,
19.008,odom,map,-0.558944,0.225516,1.85277,0,0,0,,,
19.008,kf,map,-0.552744,0.261353,1.85611,0.0312764,0.0312764,0,0.060042,,
19.008,ekf_predict_only,map,-0.523233,0.285337,1.85922,3.42454,3.48939,-0.536597,,,
19.008,ekf,map,-0.552774,0.261564,1.85495,0.0344065,0.03434,1.00622e-05,0.411333,,
19.002,amcl,map,-0.543354,0.200873,1.84534,0.021051,0.0353132,0.00265049,,,
19.008,pf,map,-0.48649,0.193725,1.81578,0.031005,0.0333575,-0.000178222,8.04521,458.381,0
19.044,odom,map,-0.559352,0.236,1.86269,0,0,0,,,
19.08,odom,map,-0.559782,0.246245,1.8733,0,0,0,,,
19.116,odom,map,-0.560256,0.256306,1.88483,0,0,0,,,
19.152,odom,map,-0.560794,0.266231,1.89692,0,0,0,,,
19.188,odom,map,-0.561418,0.276079,1.90917,0,0,0,,,
19.224,odom,map,-0.563729,0.285316,1.92314,0,0,0,,,
19.188,kf,map,-0.567811,0.3084,1.92291,0.0311884,0.0311884,0,0.147125,,
19.188,ekf_predict_only,map,-0.536673,0.330638,1.93413,3.5627,3.52197,-0.552873,,,
19.188,ekf,map,-0.567712,0.308078,1.92262,0.0338781,0.033826,9.08663e-06,0.107625,,
19.188,pf,map,-0.506493,0.24366,1.88944,0.0329045,0.0350438,0.000494448,15.885,479.149,0
19.26,odom,map,-0.566964,0.293913,1.9385,0,0,0,,,
19.296,odom,map,-0.570251,0.302254,1.95419,0,0,0,,,
19.332,odom,map,-0.573608,0.310387,1.97018,0,0,0,,,
19.368,odom,map,-0.577026,0.318305,1.98663,0,0,0,,,
19.404,odom,map,-0.580508,0.326016,2.00347,0,0,0,,,
19.404,ekf_predict_only,map,-0.55462,0.37784,2.03578,3.7105,3.54948,-0.563861,,,
19.404,kf,map,-0.587817,0.357765,2.01737,0.0312764,0.0312764,0,0.114459,,
19.404,ekf,map,-0.587979,0.35788,2.01659,0.0344069,0.0343537,1.11349e-05,0.313583,,
19.404,pf,map,-0.514196,0.292884,1.98021,0.0320273,0.0364302,-0.000862575,11.1275,461.861,0
19.44,odom,map,-0.584102,0.333627,2.02042,0,0,0,,,
19.476,odom,map,-0.587748,0.341023,2.03759,0,0,0,,,
19.512,odom,map,-0.5913,0.347921,2.05523,0,0,0,,,
19.548,odom,map,-0.594866,0.354555,2.07303,0,0,0,,,
19.584,odom,map,-0.59849,0.361016,2.0909,0,0,0,,,
19.62,odom,map,-0.602136,0.367251,2.10901,0,0,0,,,
19.584,kf,map,-0.605972,0.392255,2.10356,0.0311884,0.0311884,0,0.065875,,
19.584,ekf,map,-0.60623,0.392521,2.10288,0.0338737,0.0338351,9.5396e-06,0.0585,,
19.584,ekf_predict_only,map,-0.570521,0.409535,2.12703,3.82961,3.58029,-0.565645,,,
19.602,amcl,map,-0.588302,0.318979,2.09534,0.024089,0.0353469,0.00668749,,,
19.584,pf,map,-0.518946,0.334162,2.0667,0.0323992,0.0340031,0.0003429,5.22004,476.112,0
19.656,odom,map,-0.605678,0.373065,2.12725,0,0,0,,,
19.692,odom,map,-0.60915,0.378535,2.14574,0,0,0,,,
19.728,odom,map,-0.612704,0.383909,2.16426,0,0,0,,,
19.764,odom,map,-0.616165,0.388941,2.18289,0,0,0,,,
19.8,odom,map,-0.61953,0.393641,2.20183,0,0,0,,,
19.8,kf,map,-0.626862,0.42444,2.21396,0.0312764,0.0312764,0,0.093709,,
19.8,ekf_predict_only,map,-0.588458,0.438386,2.24165,3.94499,3.6095,-0.56204,,,
19.8,ekf,map,-0.626929,0.42423,2.21325,0.0343966,0.0343612,1.05089e-05,0.058416,,
19.8,pf,map,-0.545937,0.360414,2.18173,0.0306049,0.0315512,0.00201624,5.11142,478.892,0
19.836,odom,map,-0.62262,0.393342,2.22193,0,0,0,,,
19.872,odom,map,-0.625595,0.392581,2.24208,0,0,0,,,
19.908,odom,map,-0.628563,0.391635,2.26224,0,0,0,,,
19.944,odom,map,-0.631406,0.390377,2.28255,0,0,0,,,
19.98,odom,map,-0.633974,0.388653,2.30289,0,0,0,,,
20.016,odom,map,-0.636553,0.388621,2.32285,0,0,0,,,
20.016,ekf,map,-0.645006,0.446137,2.32811,0.0345105,0.0344836,9.25912e-06,0.103542,,
20.016,kf,map,-0.644582,0.445864,2.32869,0.0312887,0.0312887,0,0.054583,,
20.016,ekf_predict_only,map,-0.602954,0.456651,2.3577,4.03761,3.64338,-0.555289,,,
20.001,amcl,map,-0.627645,0.382371,2.30324,0.0262343,0.0333843,0.0110452,,,
20.016,pf,map,-0.561853,0.375893,2.29512,0.0303176,0.0271042,0.00446326,5.99962,470.888,0
20.052,odom,map,-0.639176,0.391371,2.34253,0,0,0,,,
20.088,odom,map,-0.641847,0.394062,2.36225,0,0,0,,,
20.124,odom,map,-0.644457,0.396591,2.38192,0,0,0,,,
20.16,odom,map,-0.646911,0.398877,2.40167,0,0,0,,,
20.196,odom,map,-0.649226,0.400949,2.42165,0,0,0,,,
20.196,ekf,map,-0.65834,0.459132,2.42633,0.0338553,0.0338391,6.38025e-06,0.059417,,
20.232,odom,map,-0.651527,0.402926,2.44171,0,0,0,,,
20.196,ekf_predict_only,map,-0.613694,0.467359,2.458,4.11304,3.68182,-0.548292,,,
20.196,kf,map,-0.657958,0.458869,2.42671,0.0311901,0.0311901,0,0.05825,,
20.196,pf,map,-0.589211,0.395747,2.39355,0.0304505,0.0295911,0.00230556,8.40567,480.865,0
20.268,odom,map,-0.653719,0.404736,2.46162,0,0,0,,,
20.304,odom,map,-0.655741,0.406339,2.48146,0,0,0,,,
20.34,odom,map,-0.657537,0.407706,2.50143,0,0,0,,,
20.376,odom,map,-0.65931,0.408999,2.52142,0,0,0,,,
20.412,odom,map,-0.660247,0.409127,2.54079,0,0,0,,,
20.412,ekf,map,-0.670003,0.468352,2.54535,0.0343438,0.0343311,5.68552e-06,0.073542,,
20.412,ekf_predict_only,map,-0.622442,0.474486,2.57765,4.18016,3.72266,-0.541517,,,
20.4,amcl,map,-0.653173,0.409984,2.52156,0.0246004,0.031438,0.0107331,,,
20.412,kf,map,-0.669581,0.46809,2.54555,0.0312766,0.0312766,0,0.080084,,
20.412,pf,map,-0.592287,0.415525,2.51976,0.0320391,0.0287696,-0.000308742,5.55796,468.187,0
20.448,odom,map,-0.659558,0.406878,2.5588,0,0,0,,,
20.484,odom,map,-0.658711,0.404487,2.57663,0,0,0,,,
20.52,odom,map,-0.657833,0.402043,2.59441,0,0,0,,,
20.556,odom,map,-0.656768,0.399454,2.61187,0,0,0,,,
20.592,odom,map,-0.655555,0.396752,2.62937,0,0,0,,,
20.592,ekf_predict_only,map,-0.625431,0.476376,2.67301,4.23473,3.76959,-0.53888,,,
20.628,odom,map,-0.655649,0.396232,2.64807,0,0,0,,,
20.592,ekf,map,-0.675884,0.471997,2.64231,0.0338207,0.0338132,3.64766e-06,0.063125,,
20.592,kf,map,-0.675495,0.47177,2.64226,0.0311884,0.0311884,0,0.135958,,
20.592,pf,map,-0.595066,0.407879,2.62243,0.034758,0.0298244,2.65575e-05,5.212,494.61,0
20.664,odom,map,-0.656275,0.396562,2.66714,0,0,0,,,
20.7,odom,map,-0.656879,0.396864,2.68615,0,0,0,,,
20.736,odom,map,-0.657333,0.397082,2.70487,0,0,0,,,
20.772,odom,map,-0.657576,0.397193,2.72345,0,0,0,,,
20.808,odom,map,-0.657923,0.397806,2.74197,0,0,0,,,
20.808,kf,map,-0.678821,0.47351,2.75526,0.0312764,0.0312764,0,0.054916,,
20.808,ekf,map,-0.679155,0.473688,2.75543,0.0343456,0.0343399,2.9322e-06,0.054792,,
20.802,amcl,map,-0.645117,0.41705,2.72912,0.0221783,0.0247348,0.00743199,,,
20.808,ekf_predict_only,map,-0.626607,0.476971,2.7844,4.28616,3.81839,-0.537763,,,
20.808,pf,map,-0.596814,0.429818,2.723,0.0317902,0.0300008,0.000990112,7.01554,475.456,0
20.844,odom,map,-0.658642,0.400196,2.76009,0,0,0,,,
20.88,odom,map,-0.659217,0.40253,2.77786,0,0,0,,,
20.916,odom,map,-0.659618,0.4048,2.79532,0,0,0,,,
20.952,odom,map,-0.659924,0.407041,2.81266,0,0,0,,,
20.988,odom,map,-0.660072,0.409237,2.82957,0,0,0,,,
20.988,kf,map,-0.677409,0.473075,2.84195,0.0311884,0.0311884,0,0.060542,,
21.024,odom,map,-0.659558,0.409856,2.84606,0,0,0,,,
20.988,ekf_predict_only,map,-0.62253,0.47545,2.86642,4.33249,3.87257,-0.541909,,,
20.988,ekf,map,-0.677737,0.473237,2.8424,0.0338286,0.0338252,1.76841e-06,0.10125,,
20.988,pf,map,-0.594287,0.419796,2.80374,0.0300732,0.0264542,0.000395063,6.65767,477.181,0
21.06,odom,map,-0.658705,0.409604,2.86224,0,0,0,,,
21.096,odom,map,-0.657835,0.409362,2.87823,0,0,0,,,
21.132,odom,map,-0.656807,0.409094,2.89397,0,0,0,,,
21.168,odom,map,-0.655486,0.408771,2.90921,0,0,0,,,
21.204,odom,map,-0.653988,0.408477,2.92408,0,0,0,,,
21.204,ekf_predict_only,map,-0.613519,0.472906,2.95557,4.37635,3.93202,-0.55144,,,
21.204,ekf,map,-0.671429,0.471692,2.93691,0.0343544,0.034352,1.40704e-06,0.062292,,
21.204,kf,map,-0.671073,0.471514,2.93627,0.0312764,0.0312764,0,0.054791,,
21.204,pf,map,-0.587887,0.414642,2.89687,0.0324796,0.0325076,0.000795973,6.02696,506.718,0
21.24,odom,map,-0.653015,0.409144,2.93784,0,0,0,,,
21.276,odom,map,-0.653064,0.410032,2.94906,0,0,0,,,
21.312,odom,map,-0.653221,0.410942,2.95769,0,0,0,,,
21.348,odom,map,-0.653378,0.411852,2.96373,0,0,0,,,
21.384,odom,map,-0.653535,0.412761,2.96717,0,0,0,,,
21.42,odom,map,-0.653605,0.413166,2.96819,0,0,0,,,
21.384,ekf,map,-0.671396,0.47191,2.9687,0.0338345,0.0338331,8.4952e-07,0.064917,,
21.384,ekf_predict_only,map,-0.613519,0.472906,2.95557,4.42635,3.98202,-0.55144,,,
21.384,kf,map,-0.671273,0.47181,2.96598,0.0311884,0.0311884,0,0.061583,,
21.402,amcl,map,-0.657482,0.416228,2.98255,0.0287233,0.0246226,0.00596001,,,
21.384,pf,map,-0.595915,0.420249,2.94738,0.0309152,0.0335367,0.000110975,5.05271,474.789,0
21.456,odom,map,-0.653605,0.413166,2.96819,0,0,0,,,
21.492,odom,map,-0.653605,0.413166,2.96819,0,0,0,,,
21.528,odom,map,-0.653605,0.413166,2.96819,0,0,0,,,
21.564,odom,map,-0.653605,0.413166,2.96819,0,0,0,,,
21.6,odom,map,-0.653605,0.413166,2.96819,0,0,0,,,
21.6,ekf_predict_only,map,-0.613519,0.472906,2.95557,4.47635,4.03202,-0.55144,,,
21.6,ekf,map,-0.671393,0.471966,2.97993,0.0343592,0.0343582,6.57239e-07,0.059667,,
21.6,kf,map,-0.671349,0.471922,2.9779,0.0312764,0.0312764,0,0.064334,,
21.6,pf,map,-0.601352,0.416099,2.9349,0.0296317,0.0316072,0.000974264,5.26417,480.136,0
21.636,odom,map,-0.650618,0.413431,2.96694,0,0,0,,,
21.672,odom,map,-0.647547,0.413703,2.96566,0,0,0,,,
21.708,odom,map,-0.644479,0.413974,2.96438,0,0,0,,,
21.744,odom,map,-0.641414,0.414242,2.96309,0,0,0,,,
21.78,odom,map,-0.638593,0.414554,2.96155,0,0,0,,,
21.816,odom,map,-0.637934,0.414939,2.96013,0,0,0,,,
21.816,ekf_predict_only,map,-0.622704,0.474634,2.95165,4.53052,4.0724,-0.541276,,,
21.816,ekf,map,-0.675265,0.472603,2.98162,0.0344811,0.0344806,4.59358e-07,0.064,,
21.816,kf,map,-0.675742,0.472679,2.98034,0.0312887,0.0312887,0,0.057042,,
21.816,pf,map,-0.604679,0.411232,2.94059,0.0312056,0.0274661,0.000995942,6.11854,476.144,0
21.852,odom,map,-0.6399,0.415301,2.95886,0,0,0,,,
21.888,odom,map,-0.642175,0.415723,2.95732,0,0,0,,,
21.924,odom,map,-0.644635,0.416184,2.95564,0,0,0,,,
21.96,odom,map,-0.648093,0.416838,2.95351,0,0,0,,,
21.996,odom,map,-0.652006,0.417587,2.95119,0,0,0,,,
22.032,odom,map,-0.656225,0.418406,2.94882,0,0,0,,,
21.996,ekf_predict_only,map,-0.645947,0.479103,2.9396,4.59133,4.09933,-0.515365,,,
21.996,ekf,map,-0.690752,0.475113,2.97339,0.0338369,0.0338375,4.11731e-07,0.109208,,
21.996,kf,map,-0.691544,0.475263,2.97261,0.0311901,0.0311901,0,0.121667,,
21.996,pf,map,-0.613642,0.41107,2.94251,0.033742,0.0292646,0.00101377,5.82113,494.869,0
22.068,odom,map,-0.66111,0.419366,2.94624,0,0,0,,,
22.104,odom,map,-0.66672,0.420484,2.94341,0,0,0,,,
22.14,odom,map,-0.672553,0.421664,2.94054,0,0,0,,,
22.176,odom,map,-0.678568,0.422899,2.93768,0,0,0,,,
22.212,odom,map,-0.686475,0.424346,2.93615,0,0,0,,,
22.212,ekf_predict_only,map,-0.690072,0.488139,2.92225,4.66342,4.11062,-0.465416,,,
22.212,kf,map,-0.72626,0.481344,2.95758,0.0312766,0.0312766,0,0.618209,,
22.212,ekf,map,-0.725071,0.481127,2.95804,0.0343289,0.0343339,1.081e-06,1.14992,,
22.212,pf,map,-0.652777,0.424221,2.92837,0.0303534,0.0319316,-5.17532e-05,5.18883,469.687,0
22.248,odom,map,-0.697498,0.425956,2.93725,0,0,0,,,
22.284,odom,map,-0.708636,0.427531,2.93832,0,0,0,,,
22.32,odom,map,-0.719972,0.42909,2.93943,0,0,0,,,
22.356,odom,map,-0.731768,0.430682,2.94057,0,0,0,,,
22.392,odom,map,-0.74392,0.432285,2.94165,0,0,0,,,
22.392,ekf_predict_only,map,-0.731972,0.49748,2.90776,4.73654,4.13011,-0.416956,,,
22.392,ekf,map,-0.761641,0.488203,2.94431,0.0338119,0.0338211,1.78605e-06,0.056125,,
22.428,odom,map,-0.753412,0.433963,2.93985,0,0,0,,,
22.392,kf,map,-0.762524,0.488356,2.94408,0.0311884,0.0311884,0,0.060625,,
22.392,pf,map,-0.687851,0.432057,2.909,0.0295795,0.0295369,0.00394978,12.3283,475.814,0
22.464,odom,map,-0.762056,0.435744,2.93703,0,0,0,,,
22.5,odom,map,-0.77105,0.437623,2.93434,0,0,0,,,
22.536,odom,map,-0.780274,0.439575,2.93173,0,0,0,,,
22.572,odom,map,-0.789671,0.441589,2.92926,0,0,0,,,
22.608,odom,map,-0.799423,0.443703,2.92702,0,0,0,,,
22.608,ekf_predict_only,map,-0.79057,0.511437,2.8944,4.82166,4.14779,-0.347075,,,
22.608,ekf,map,-0.815679,0.499461,2.92957,0.0343391,0.0343586,3.81514e-06,0.467666,,
22.608,kf,map,-0.816459,0.49956,2.92961,0.0312764,0.0312764,0,0.297541,,
22.608,pf,map,-0.722871,0.446132,2.88455,0.028709,0.0311249,0.00340386,5.04796,494.957,0
22.644,odom,map,-0.809412,0.445891,2.92487,0,0,0,,,
22.68,odom,map,-0.819479,0.448119,2.92274,0,0,0,,,
22.716,odom,map,-0.829716,0.450406,2.92099,0,0,0,,,
22.752,odom,map,-0.840223,0.45277,2.91964,0,0,0,,,
22.788,odom,map,-0.850994,0.455207,2.91878,0,0,0,,,
22.788,ekf_predict_only,map,-0.844819,0.525127,2.89353,4.90679,4.17879,-0.279879,,,
22.788,ekf,map,-0.866714,0.510856,2.92329,0.0338253,0.0338492,4.88163e-06,0.055958,,
22.788,kf,map,-0.867303,0.510873,2.92372,0.0311884,0.0311884,0,0.060166,,
22.824,odom,map,-0.861895,0.457679,2.91846,0,0,0,,,
22.788,pf,map,-0.782628,0.46154,2.87853,0.0314211,0.0313975,0.00170877,9.18817,480.68,0
22.86,odom,map,-0.872807,0.460156,2.91829,0,0,0,,,
22.896,odom,map,-0.883807,0.462654,2.91839,0,0,0,,,
22.932,odom,map,-0.895022,0.465197,2.919,0,0,0,,,
22.968,odom,map,-0.906434,0.467774,2.92008,0,0,0,,,
23.004,odom,map,-0.917909,0.470351,2.92135,0,0,0,,,
23.004,ekf,map,-0.933064,0.525837,2.92567,0.0343528,0.034391,8.16538e-06,0.715583,,
23.004,kf,map,-0.933527,0.525804,2.92631,0.0312764,0.0312764,0,0.078833,,
23.004,ekf_predict_only,map,-0.913226,0.542453,2.90117,5.00221,4.22,-0.191315,,,
23.001,amcl,map,-0.902409,0.465946,2.93228,0.0356453,0.0314693,0.012006,,,
23.004,pf,map,-0.847012,0.486037,2.88938,0.0325091,0.0323038,0.0020978,7.9925,486.223,0
23.04,odom,map,-0.929551,0.472948,2.92287,0,0,0,,,
23.076,odom,map,-0.941397,0.47557,2.92469,0,0,0,,,
23.112,odom,map,-0.953281,0.478177,2.92661,0,0,0,,,
23.148,odom,map,-0.965192,0.480764,2.92891,0,0,0,,,
23.184,odom,map,-0.977127,0.483326,2.93133,0,0,0,,,
23.184,ekf_predict_only,map,-0.97274,0.557044,2.91443,5.09132,4.2763,-0.110785,,,
23.184,ekf,map,-0.991724,0.538674,2.93509,0.0338344,0.0338737,8.65677e-06,0.108458,,
23.22,odom,map,-0.989109,0.485867,2.93394,0,0,0,,,
23.184,kf,map,-0.992003,0.538631,2.93562,0.0311884,0.0311884,0,0.51875,,
23.184,pf,map,-0.914642,0.496083,2.89977,0.0303604,0.0294684,0.000262486,6.73067,476.375,0
23.256,odom,map,-1.0011,0.488378,2.93659,0,0,0,,,
23.292,odom,map,-1.01301,0.490836,2.93926,0,0,0,,,
23.328,odom,map,-1.02488,0.493254,2.9421,0,0,0,,,
23.364,odom,map,-1.03688,0.495662,2.94507,0,0,0,,,
23.4,odom,map,-1.04882,0.498022,2.94806,0,0,0,,,
23.4,ekf_predict_only,map,-1.04352,0.573405,2.9324,5.18611,4.35093,-0.0110448,,,
23.4,ekf,map,-1.06287,0.553224,2.95094,0.0343603,0.034414,1.19561e-05,0.05675,,
23.4,kf,map,-1.06298,0.553202,2.95133,0.0312764,0.0312764,0,0.058,,
23.4,pf,map,-0.976851,0.516058,2.90999,0.0289414,0.0323981,-0.000236746,6.84342,463.147,0
23.436,odom,map,-1.06071,0.500333,2.95105,0,0,0,,,
23.472,odom,map,-1.07257,0.502603,2.95404,0,0,0,,,
23.508,odom,map,-1.08435,0.504818,2.95709,0,0,0,,,
23.544,odom,map,-1.09605,0.506983,2.96029,0,0,0,,,
23.58,odom,map,-1.10773,0.509105,2.96356,0,0,0,,,
23.616,odom,map,-1.11936,0.511179,2.96671,0,0,0,,,
23.616,ekf_predict_only,map,-1.11286,0.588125,2.95126,5.27728,4.44335,0.0904021,,,
23.616,ekf,map,-1.13315,0.566248,2.969,0.0344829,0.034542,1.29716e-05,0.0595,,
23.616,kf,map,-1.13313,0.56626,2.96922,0.0312887,0.0312887,0,0.395083,,
23.616,pf,map,-1.06038,0.522713,2.92644,0.0268353,0.0341586,-0.00172254,4.55254,481.989,0
23.652,odom,map,-1.1309,0.513201,2.96956,0,0,0,,,
23.688,odom,map,-1.14242,0.515186,2.97234,0,0,0,,,
23.724,odom,map,-1.15377,0.517109,2.97492,0,0,0,,,
23.76,odom,map,-1.16499,0.518982,2.97766,0,0,0,,,
23.796,odom,map,-1.17605,0.520797,2.98023,0,0,0,,,
23.832,odom,map,-1.18475,0.52143,2.98436,0,0,0,,,
23.796,ekf_predict_only,map,-1.16723,0.598601,2.96308,5.35707,4.53943,0.172167,,,
23.796,ekf,map,-1.18937,0.575614,2.98173,0.0338385,0.0338891,1.07483e-05,0.053167,,
23.796,kf,map,-1.18923,0.575634,2.98174,0.0311901,0.0311901,0,0.059834,,
23.802,amcl,map,-1.14339,0.511873,2.99042,0.0374451,0.0499389,0.0165926,,,
23.796,pf,map,-1.11814,0.537895,2.94232,0.0301657,0.0289486,2.70966e-05,11.5427,489.816,0
23.868,odom,map,-1.19289,0.521805,2.9884,0,0,0,,,
23.904,odom,map,-1.20077,0.522074,2.99213,0,0,0,,,
23.94,odom,map,-1.20839,0.522241,2.99555,0,0,0,,,
23.976,odom,map,-1.21575,0.522311,2.99873,0,0,0,,,
24.012,odom,map,-1.22386,0.522749,3.00129,0,0,0,,,
24.012,kf,map,-1.25044,0.585123,2.99093,0.0312766,0.0312766,0,0.147541,,
24.012,ekf_predict_only,map,-1.22585,0.609178,2.97018,5.43759,4.65192,0.262361,,,
24.012,ekf,map,-1.25073,0.585094,2.99113,0.0343307,0.0343891,1.18469e-05,0.063291,,
24.012,pf,map,-1.17118,0.544763,2.95189,0.0285479,0.0318023,0.00245082,5.28433,474.972,0
24.048,odom,map,-1.23352,0.524109,3.00215,0,0,0,,,
24.084,odom,map,-1.24295,0.52543,3.00264,0,0,0,,,
24.12,odom,map,-1.25206,0.526704,3.00262,0,0,0,,,
24.156,odom,map,-1.26105,0.527963,3.00242,0,0,0,,,
24.192,odom,map,-1.26988,0.529201,3.00194,0,0,0,,,
24.192,ekf_predict_only,map,-1.26813,0.616497,2.96543,5.50896,4.75533,0.328715,,,
24.228,odom,map,-1.27851,0.530417,3.00115,0,0,0,,,
24.192,ekf,map,-1.29634,0.59181,2.99074,0.0338131,0.0338601,9.134e-06,0.056959,,
24.192,kf,map,-1.29598,0.591835,2.99033,0.0311884,0.0311884,0,0.112625,,
24.192,pf,map,-1.22872,0.561258,2.96464,0.0293869,0.0289245,-0.00146407,8.01492,483.826,0
24.264,odom,map,-1.28683,0.531597,3.00004,0,0,0,,,
24.3,odom,map,-1.29495,0.53276,2.99865,0,0,0,,,
24.336,odom,map,-1.30303,0.533929,2.99718,0,0,0,,,
24.372,odom,map,-1.31101,0.535095,2.99565,0,0,0,,,
24.408,odom,map,-1.31897,0.536272,2.99401,0,0,0,,,
24.408,ekf_predict_only,map,-1.31572,0.624967,2.9555,5.58396,4.87392,0.405037,,,
24.408,kf,map,-1.3457,0.599368,2.98321,0.0312764,0.0312764,0,0.06225,,
24.408,ekf,map,-1.34601,0.599355,2.98362,0.0343399,0.0343898,9.24211e-06,0.0615,,
24.408,pf,map,-1.26607,0.570684,2.94798,0.0287035,0.0316634,0.00101073,8.27696,491.528,0
24.444,odom,map,-1.32678,0.537441,2.99199,0,0,0,,,
24.48,odom,map,-1.33452,0.538617,2.98978,0,0,0,,,
24.516,odom,map,-1.34221,0.539802,2.98727,0,0,0,,,
24.552,odom,map,-1.34975,0.540987,2.98437,0,0,0,,,
24.588,odom,map,-1.35726,0.542187,2.98141,0,0,0,,,
24.588,ekf_predict_only,map,-1.35252,0.631896,2.93805,5.65462,4.9832,0.465492,,,
24.588,kf,map,-1.38419,0.60559,2.96984,0.0311884,0.0311884,0,0.058209,,
24.624,odom,map,-1.36232,0.54318,2.9779,0,0,0,,,
24.588,ekf,map,-1.38415,0.60553,2.96982,0.0338254,0.0338635,6.84794e-06,0.056625,,
24.588,pf,map,-1.32095,0.554248,2.94355,0.0304273,0.0306804,-0.00108344,7.67783,473.723,0
24.66,odom,map,-1.36591,0.544056,2.97397,0,0,0,,,
24.696,odom,map,-1.36952,0.544967,2.96984,0,0,0,,,
24.732,odom,map,-1.37313,0.545911,2.9657,0,0,0,,,
24.768,odom,map,-1.37662,0.546866,2.96127,0,0,0,,,
24.804,odom,map,-1.38005,0.547827,2.95645,0,0,0,,,
24.804,ekf_predict_only,map,-1.3934,0.640334,2.90998,5.73005,5.10551,0.534554,,,
24.804,kf,map,-1.42722,0.613314,2.94603,0.0312764,0.0312764,0,0.05725,,
24.804,ekf,map,-1.42739,0.613322,2.94644,0.0343523,0.0343912,6.86874e-06,0.0665,,
24.804,pf,map,-1.34952,0.56982,2.9256,0.0304602,0.0330928,0.000918374,5.28992,464.236,0
24.84,odom,map,-1.38676,0.549101,2.95166,0,0,0,,,
24.876,odom,map,-1.39334,0.550383,2.94663,0,0,0,,,
24.912,odom,map,-1.39989,0.551694,2.94148,0,0,0,,,
24.948,odom,map,-1.40641,0.553035,2.93621,0,0,0,,,
24.984,odom,map,-1.41282,0.554387,2.93064,0,0,0,,,
25.02,odom,map,-1.41909,0.55575,2.92476,0,0,0,,,
24.984,kf,map,-1.46006,0.62011,2.92016,0.0311884,0.0311884,0,0.21125,,
24.984,ekf_predict_only,map,-1.42433,0.64763,2.8798,5.80227,5.21479,0.588654,,,
25.002,amcl,map,-1.40313,0.558899,2.91065,0.0392912,0.071622,0.0222697,,,
24.984,ekf,map,-1.46027,0.620136,2.92066,0.0338334,0.0338626,5.18352e-06,0.059875,,
24.984,pf,map,-1.39371,0.580043,2.90116,0.0308517,0.0301595,7.66361e-05,8.10067,477.415,0
25.056,odom,map,-1.42525,0.557127,2.91864,0,0,0,,,
25.092,odom,map,-1.43138,0.558535,2.91248,0,0,0,,,
25.128,odom,map,-1.43738,0.559954,2.90599,0,0,0,,,
25.164,odom,map,-1.44325,0.561387,2.89887,0,0,0,,,
25.2,odom,map,-1.44911,0.56286,2.89168,0,0,0,,,
25.2,ekf_predict_only,map,-1.45851,0.656787,2.83497,5.88047,5.33492,0.65068,,,
25.2,ekf,map,-1.49652,0.628788,2.88131,0.0343587,0.034388,5.38527e-06,0.09675,,
25.2,kf,map,-1.49628,0.628732,2.88063,0.0312764,0.0312764,0,0.095958,,
25.2,pf,map,-1.43091,0.606943,2.86165,0.0289326,0.0285527,-0.00146779,5.33225,477.326,0
25.236,odom,map,-1.45489,0.564358,2.88435,0,0,0,,,
25.272,odom,map,-1.46052,0.56586,2.8767,0,0,0,,,
25.308,odom,map,-1.46599,0.567369,2.86872,0,0,0,,,
25.344,odom,map,-1.47143,0.568914,2.86068,0,0,0,,,
25.38,odom,map,-1.47688,0.570512,2.85238,0,0,0,,,
25.416,odom,map,-1.48224,0.572131,2.84375,0,0,0,,,
25.416,ekf,map,-1.52986,0.638316,2.83373,0.0344811,0.0345065,4.9873e-06,0.062,,
25.416,ekf_predict_only,map,-1.49033,0.666861,2.7826,5.96191,5.45464,0.711367,,,
25.416,kf,map,-1.52967,0.638238,2.83303,0.0312887,0.0312887,0,0.063,,
25.416,pf,map,-1.46989,0.597676,2.80827,0.030331,0.02702,-0.000798932,9.57333,494.153,0
25.452,odom,map,-1.4875,0.573772,2.83472,0,0,0,,,
25.488,odom,map,-1.49273,0.575454,2.8255,0,0,0,,,
25.524,odom,map,-1.49784,0.577154,2.81605,0,0,0,,,
25.56,odom,map,-1.50287,0.578877,2.80621,0,0,0,,,
25.596,odom,map,-1.50786,0.580644,2.79582,0,0,0,,,
25.596,ekf_predict_only,map,-1.51513,0.676167,2.73001,6.04133,5.56196,0.761327,,,
25.632,odom,map,-1.51283,0.582466,2.7853,0,0,0,,,
25.596,kf,map,-1.55552,0.647035,2.78513,0.0311901,0.0311901,0,0.481625,,
25.596,ekf,map,-1.55565,0.647097,2.78575,0.0338372,0.0338554,3.90662e-06,0.253708,,
25.596,pf,map,-1.4788,0.620884,2.75633,0.0320355,0.0305226,-0.000135522,16.1422,470.181,0
25.668,odom,map,-1.5177,0.584306,2.77447,0,0,0,,,
25.704,odom,map,-1.52215,0.586047,2.76269,0,0,0,,,
25.74,odom,map,-1.52603,0.58762,2.75038,0,0,0,,,
25.776,odom,map,-1.52971,0.589166,2.73788,0,0,0,,,
25.812,odom,map,-1.53245,0.591001,2.72415,0,0,0,,,
25.812,kf,map,-1.57918,0.656558,2.71347,0.0312766,0.0312766,0,0.169417,,
25.812,ekf_predict_only,map,-1.53506,0.684866,2.65211,6.11918,5.65995,0.803695,,,
25.812,ekf,map,-1.57955,0.656739,2.71427,0.0343293,0.0343466,4.13746e-06,0.058291,,
25.812,pf,map,-1.49766,0.641843,2.6839,0.031497,0.0313189,-0.000257553,5.02088,480.977,0
25.848,odom,map,-1.53321,0.593515,2.70763,0,0,0,,,
25.884,odom,map,-1.53391,0.596059,2.69083,0,0,0,,,
25.92,odom,map,-1.53449,0.598611,2.6735,0,0,0,,,
25.956,odom,map,-1.53513,0.601255,2.65558,0,0,0,,,
25.992,odom,map,-1.53573,0.603951,2.63729,0,0,0,,,
25.992,ekf_predict_only,map,-1.55013,0.692895,2.57542,6.19517,5.7474,0.838064,,,
25.992,ekf,map,-1.59608,0.664821,2.64301,0.0338122,0.0338242,3.17499e-06,0.069333,,
25.992,kf,map,-1.59585,0.664694,2.64229,0.0311884,0.0311884,0,0.0615,,
26.028,odom,map,-1.53803,0.605922,2.6211,0,0,0,,,
26.001,amcl,map,-1.53759,0.6083,2.64981,0.0330797,0.0690275,0.0187904,,,
25.992,pf,map,-1.51555,0.6486,2.61016,0.0312018,0.0333015,0.00089105,6.15858,462.141,0
26.064,odom,map,-1.54116,0.607748,2.60542,0,0,0,,,
26.1,odom,map,-1.5445,0.609768,2.58946,0,0,0,,,
26.136,odom,map,-1.5481,0.612029,2.57301,0,0,0,,,
26.172,odom,map,-1.55168,0.614362,2.55651,0,0,0,,,
26.208,odom,map,-1.55539,0.61686,2.53986,0,0,0,,,
26.208,ekf,map,-1.61804,0.677822,2.54703,0.0343394,0.0343507,3.60401e-06,0.100209,,
26.208,kf,map,-1.61815,0.677813,2.54638,0.0312764,0.0312764,0,0.0565,,
26.208,ekf_predict_only,map,-1.57343,0.707708,2.47507,6.29387,5.85728,0.895407,,,
26.208,pf,map,-1.52734,0.663012,2.51904,0.0296377,0.0290197,-0.000327984,4.75875,486.504,0
26.244,odom,map,-1.5593,0.619594,2.52294,0,0,0,,,
26.28,odom,map,-1.56326,0.622469,2.50579,0,0,0,,,
26.316,odom,map,-1.56719,0.625417,2.48855,0,0,0,,,
26.352,odom,map,-1.57109,0.628461,2.47116,0,0,0,,,
26.388,odom,map,-1.57509,0.631686,2.45365,0,0,0,,,
26.424,odom,map,-1.57924,0.635158,2.43607,0,0,0,,,
26.388,ekf_predict_only,map,-1.59484,0.724545,2.38712,6.40042,5.96441,0.953819,,,
26.388,ekf,map,-1.63805,0.692607,2.46161,0.0338257,0.0338338,3.42863e-06,0.10825,,
26.388,kf,map,-1.63828,0.692654,2.46117,0.0311884,0.0311884,0,0.05575,,
26.388,pf,map,-1.56802,0.679886,2.44454,0.0347254,0.0320927,0.000664539,6.35817,476.29,0
26.46,odom,map,-1.5834,0.638769,2.41823,0,0,0,,,
26.496,odom,map,-1.58753,0.642486,2.40017,0,0,0,,,
26.532,odom,map,-1.59168,0.646348,2.38194,0,0,0,,,
26.568,odom,map,-1.59582,0.650357,2.36357,0,0,0,,,
26.604,odom,map,-1.59992,0.654474,2.34514,0,0,0,,,
26.604,ekf_predict_only,map,-1.62203,0.750109,2.27702,6.53873,6.08998,1.03631,,,
26.604,kf,map,-1.6639,0.715398,2.3531,0.0312764,0.0312764,0,0.061042,,
26.604,ekf,map,-1.6635,0.715298,2.35343,0.034354,0.0343621,5.14033e-06,0.571666,,
26.601,amcl,map,-1.60238,0.671071,2.35188,0.0306401,0.0560536,0.0102087,,,
26.604,pf,map,-1.57983,0.70898,2.32733,0.0336115,0.0343972,0.00198783,5.27817,443.191,0
26.64,odom,map,-1.6041,0.658828,2.32676,0,0,0,,,
26.676,odom,map,-1.60836,0.663429,2.30837,0,0,0,,,
26.712,odom,map,-1.61267,0.668263,2.28971,0,0,0,,,
26.748,odom,map,-1.61693,0.673221,2.27098,0,0,0,,,
26.784,odom,map,-1.62119,0.678374,2.25238,0,0,0,,,
26.82,odom,map,-1.62591,0.68414,2.23562,0,0,0,,,
26.784,ekf_predict_only,map,-1.64537,0.777465,2.18465,6.68653,6.20751,1.11761,,,
26.784,ekf,map,-1.68513,0.739348,2.26139,0.0338365,0.0338421,5.68128e-06,0.05675,,
26.784,kf,map,-1.68556,0.739502,2.26125,0.0311884,0.0311884,0,0.061958,,
26.784,pf,map,-1.59584,0.723314,2.22985,0.0311682,0.031085,0.00233402,5.32954,469.366,0
26.856,odom,map,-1.63084,0.690183,2.22006,0,0,0,,,
26.892,odom,map,-1.63568,0.696243,2.20436,0,0,0,,,
26.928,odom,map,-1.64046,0.702356,2.18848,0,0,0,,,
26.964,odom,map,-1.64524,0.708608,2.17252,0,0,0,,,
27,odom,map,-1.64997,0.714946,2.1566,0,0,0,,,
27,ekf_predict_only,map,-1.67063,0.813312,2.07097,6.86992,6.33346,1.21849,,,
27,ekf,map,-1.71015,0.773245,2.14835,0.0343651,0.0343692,8.59805e-06,0.055166,,
27,kf,map,-1.71057,0.773298,2.14824,0.0312764,0.0312764,0,0.107584,,
27,amcl,map,-1.65709,0.716482,2.15463,0.0271418,0.0528822,0.0113822,,,
27,pf,map,-1.61496,0.774813,2.11654,0.0310328,0.0319451,0.000127051,4.44304,458.978,0
27.036,odom,map,-1.65397,0.721082,2.13774,0,0,0,,,
27.072,odom,map,-1.65784,0.727288,2.11862,0,0,0,,,
27.108,odom,map,-1.66168,0.73372,2.09965,0,0,0,,,
27.144,odom,map,-1.66552,0.740438,2.08081,0,0,0,,,
27.18,odom,map,-1.66928,0.74731,2.06223,0,0,0,,,
27.216,odom,map,-1.67292,0.75426,2.04376,0,0,0,,,
27.216,ekf_predict_only,map,-1.6932,0.854618,1.96011,7.08106,6.45384,1.32692,,,
27.216,ekf,map,-1.7328,0.812755,2.03626,0.0344909,0.0344916,1.03614e-05,0.054,,
27.216,kf,map,-1.73325,0.812764,2.03634,0.0312887,0.0312887,0,0.064792,,
27.216,pf,map,-1.6449,0.798058,2.00915,0.0302852,0.0304124,0.000200206,5.07492,473.413,0
27.252,odom,map,-1.67651,0.761444,2.0254,0,0,0,,,
27.288,odom,map,-1.68002,0.768791,2.00703,0,0,0,,,
27.324,odom,map,-1.68339,0.776188,1.98881,0,0,0,,,
27.36,odom,map,-1.68665,0.783708,1.97107,0,0,0,,,
27.396,odom,map,-1.68978,0.7913,1.95341,0,0,0,,,
27.396,ekf_predict_only,map,-1.70892,0.892935,1.87293,7.28773,6.55427,1.42051,,,
27.396,ekf,map,-1.74908,0.849902,1.94657,0.0338483,0.0338453,9.6063e-06,0.061833,,
27.396,kf,map,-1.74945,0.849885,1.94681,0.0311901,0.0311901,0,0.112875,,
27.432,odom,map,-1.69255,0.801484,1.93405,0,0,0,,,
27.396,pf,map,-1.66524,0.822165,1.91006,0.0311514,0.0299664,-0.00147205,7.46471,479.183,0
27.402,amcl,map,-1.689,0.822042,1.93787,0.024152,0.0402143,0.0106151,,,
27.468,odom,map,-1.69512,0.812005,1.91479,0,0,0,,,
27.504,odom,map,-1.69753,0.822577,1.89558,0,0,0,,,
27.54,odom,map,-1.69987,0.833503,1.877,0,0,0,,,
27.576,odom,map,-1.70214,0.844799,1.85881,0,0,0,,,
27.612,odom,map,-1.70442,0.855549,1.84141,0,0,0,,,
27.612,ekf_predict_only,map,-1.72552,0.946178,1.77782,7.56705,6.65878,1.5437,,,
27.612,kf,map,-1.7664,0.899837,1.84775,0.0312766,0.0312766,0,0.064417,,
27.612,ekf,map,-1.7659,0.899671,1.84728,0.0343479,0.0343378,1.24814e-05,0.053333,,
27.612,pf,map,-1.68434,0.878976,1.81037,0.0298139,0.0358134,-0.000549535,8.31117,481.518,0
27.648,odom,map,-1.70687,0.86467,1.82565,0,0,0,,,
27.684,odom,map,-1.70922,0.873968,1.80995,0,0,0,,,
27.72,odom,map,-1.71144,0.883426,1.79457,0,0,0,,,
27.756,odom,map,-1.71357,0.893112,1.77951,0,0,0,,,
27.792,odom,map,-1.71557,0.902935,1.76451,0,0,0,,,
27.828,odom,map,-1.71868,0.910985,1.75109,0,0,0,,,
27.792,ekf_predict_only,map,-1.73589,0.995576,1.70501,7.84202,6.74354,1.65007,,,
27.792,ekf,map,-1.7769,0.946753,1.77041,0.0338331,0.0338184,1.12455e-05,0.097583,,
27.792,kf,map,-1.77735,0.946917,1.77091,0.0311884,0.0311884,0,0.066,,
27.792,pf,map,-1.69913,0.936458,1.73296,0.0305923,0.0314259,-0.00158268,6.15567,476.201,0
27.864,odom,map,-1.72215,0.918342,1.73872,0,0,0,,,
27.9,odom,map,-1.72552,0.925755,1.72666,0,0,0,,,
27.936,odom,map,-1.72881,0.933289,1.71477,0,0,0,,,
27.972,odom,map,-1.73202,0.940931,1.70294,0,0,0,,,
28.008,odom,map,-1.73471,0.949091,1.69108,0,0,0,,,
28.008,ekf_predict_only,map,-1.74411,1.05645,1.62642,8.18557,6.82144,1.77322,,,
28.008,ekf,map,-1.78627,1.00656,1.6872,0.0343711,0.0343451,1.32214e-05,0.055458,,
28.008,kf,map,-1.78674,1.00664,1.68781,0.0312764,0.0312764,0,0.05525,,
28.002,amcl,map,-1.72293,0.97181,1.67963,0.0205965,0.0445618,0.00987136,,,
28.008,pf,map,-1.71127,0.983828,1.65328,0.032017,0.0319906,-0.000936695,4.61792,450.384,0
28.044,odom,map,-1.73588,0.959313,1.67826,0,0,0,,,
28.08,odom,map,-1.73693,0.969619,1.66568,0,0,0,,,
28.116,odom,map,-1.73784,0.979953,1.65311,0,0,0,,,
28.152,odom,map,-1.73863,0.990282,1.64088,0,0,0,,,
28.188,odom,map,-1.73929,1.00061,1.62915,0,0,0,,,
28.224,odom,map,-1.73863,1.01417,1.6164,0,0,0,,,
28.188,ekf_predict_only,map,-1.74698,1.10794,1.56882,8.49811,6.88126,1.86864,,,
28.188,ekf,map,-1.79024,1.05787,1.62524,0.033857,0.0338288,1.04803e-05,0.062042,,
28.188,kf,map,-1.79062,1.05789,1.62582,0.0311884,0.0311884,0,0.057916,,
28.188,pf,map,-1.6942,1.03192,1.58397,0.0320818,0.0322526,-0.0027895,4.6315,463.207,0
28.26,odom,map,-1.73714,1.02955,1.60299,0,0,0,,,
28.296,odom,map,-1.73549,1.04493,1.59001,0,0,0,,,
28.332,odom,map,-1.73369,1.06013,1.57753,0,0,0,,,
28.368,odom,map,-1.73174,1.07531,1.5651,0,0,0,,,
28.404,odom,map,-1.72976,1.09006,1.55308,0,0,0,,,
28.404,ekf_predict_only,map,-1.74686,1.16708,1.50916,8.86587,6.93086,1.96972,,,
28.404,ekf,map,-1.79136,1.1184,1.56014,0.0343943,0.034355,1.03249e-05,0.054458,,
28.404,kf,map,-1.79176,1.11827,1.56085,0.0312764,0.0312764,0,0.113375,,
28.404,pf,map,-1.69813,1.08821,1.52537,0.031398,0.0330217,-0.000881099,4.72833,469.21,0
28.44,odom,map,-1.72955,1.09959,1.54378,0,0,0,,,
28.476,odom,map,-1.7293,1.10788,1.53697,0,0,0,,,
28.512,odom,map,-1.72904,1.11487,1.53275,0,0,0,,,
28.548,odom,map,-1.72882,1.12056,1.53113,0,0,0,,,
28.584,odom,map,-1.72865,1.12496,1.53111,0,0,0,,,
28.62,odom,map,-1.72852,1.12807,1.53111,0,0,0,,,
28.584,ekf_predict_only,map,-1.74686,1.16708,1.50916,8.91587,6.98086,1.96972,,,
28.584,ekf,map,-1.79007,1.14248,1.5436,0.0338641,0.0338349,6.79317e-06,0.058042,,
28.584,kf,map,-1.79038,1.14054,1.54517,0.0311884,0.0311884,0,0.062,,
28.584,pf,map,-1.69477,1.15326,1.49177,0.0337526,0.0316141,0.00164064,5.81329,478.294,0
28.656,odom,map,-1.72845,1.12987,1.53111,0,0,0,,,
28.692,odom,map,-1.72843,1.1304,1.53111,0,0,0,,,
28.728,odom,map,-1.72843,1.1304,1.53111,0,0,0,,,
28.764,odom,map,-1.72843,1.1304,1.53111,0,0,0,,,
28.8,odom,map,-1.72843,1.1304,1.53111,0,0,0,,,
28.8,ekf_predict_only,map,-1.74686,1.16708,1.50916,8.96587,7.03086,1.96972,,,
28.8,kf,map,-1.78973,1.15235,1.53925,0.0312764,0.0312764,0,0.057875,,
28.8,ekf,map,-1.78957,1.15411,1.53818,0.0343849,0.0343596,5.49602e-06,0.074792,,
28.8,pf,map,-1.68924,1.14481,1.49582,0.0284174,0.0330002,0.000398804,4.6435,471.422,0
28.836,odom,map,-1.72805,1.12973,1.53057,0,0,0,,,
28.872,odom,map,-1.72766,1.12905,1.53002,0,0,0,,,
28.908,odom,map,-1.72726,1.12837,1.52946,0,0,0,,,
28.944,odom,map,-1.72687,1.12769,1.52891,0,0,0,,,
28.98,odom,map,-1.72648,1.12701,1.52836,0,0,0,,,
29.016,ekf,map,-1.78942,1.15777,1.53647,0.0344994,0.0344814,3.80503e-06,0.10675,,
29.016,odom,map,-1.72624,1.12659,1.52802,0,0,0,,,
29.016,ekf_predict_only,map,-1.74686,1.16708,1.50916,9.01587,7.08086,1.96972,,,
29.016,kf,map,-1.78949,1.15677,1.53703,0.0312887,0.0312887,0,0.139416,,
29.016,pf,map,-1.68314,1.14369,1.49091,0.0330642,0.0313361,-3.70738e-05,9.53171,479.692,0
29.052,odom,map,-1.72624,1.12659,1.52802,0,0,0,,,
29.088,odom,map,-1.72624,1.12659,1.52802,0,0,0,,,
29.124,odom,map,-1.72624,1.12659,1.52802,0,0,0,,,
29.16,odom,map,-1.72624,1.12659,1.52802,0,0,0,,,
29.196,odom,map,-1.72624,1.12659,1.52802,0,0,0,,,
29.196,ekf_predict_only,map,-1.74686,1.16708,1.50916,9.06587,7.13086,1.96972,,,
29.196,ekf,map,-1.78937,1.15888,1.53595,0.0338475,0.033837,2.18161e-06,0.090375,,
29.196,kf,map,-1.7894,1.15842,1.5362,0.0311901,0.0311901,0,0.111708,,
29.232,odom,map,-1.72624,1.12659,1.52802,0,0,0,,,
29.196,pf,map,-1.69377,1.14682,1.50084,0.0311544,0.0304023,-0.00287976,6.97312,475.977,0
29.268,odom,map,-1.72624,1.12659,1.52802,0,0,0,,,
29.304,odom,map,-1.72624,1.12659,1.52802,0,0,0,,,
29.34,odom,map,-1.72624,1.12659,1.52802,0,0,0,,,
29.376,odom,map,-1.72624,1.12659,1.52802,0,0,0,,,
29.412,odom,map,-1.72621,1.12718,1.5278,0,0,0,,,
29.412,ekf,map,-1.78926,1.16207,1.53519,0.0343368,0.0343289,1.6398e-06,0.058708,,
29.412,kf,map,-1.78926,1.1623,1.53523,0.0312766,0.0312766,0,0.053,,
29.412,ekf_predict_only,map,-1.74639,1.1748,1.50775,9.15866,7.17922,1.98163,,,
29.412,pf,map,-1.68771,1.14385,1.50578,0.0324165,0.034716,-0.000141989,11.5759,467.044,0
29.448,odom,map,-1.72616,1.12847,1.52757,0,0,0,,,
29.484,odom,map,-1.72608,1.13024,1.52711,0,0,0,,,
29.52,odom,map,-1.72597,1.13279,1.52641,0,0,0,,,
29.556,odom,map,-1.72582,1.13597,1.52558,0,0,0,,,
29.592,odom,map,-1.72567,1.13934,1.52446,0,0,0,,,
29.628,odom,map,-1.72548,1.14344,1.52243,0,0,0,,,
29.592,ekf,map,-1.78877,1.17582,1.52948,0.0338171,0.0338116,9.32818e-07,0.06025,,
29.592,ekf_predict_only,map,-1.74504,1.19615,1.49647,9.32859,7.22461,2.01438,,,
29.592,kf,map,-1.78873,1.1765,1.52906,0.0311884,0.0311884,0,0.055416,,
29.592,pf,map,-1.68403,1.16205,1.49747,0.0332156,0.0306498,0.00160496,7.15467,470.348,0
29.664,odom,map,-1.72527,1.14752,1.51947,0,0,0,,,
29.7,odom,map,-1.72506,1.15152,1.51592,0,0,0,,,
29.736,odom,map,-1.72482,1.1557,1.51215,0,0,0,,,
29.772,odom,map,-1.72455,1.16017,1.50757,0,0,0,,,
29.808,odom,map,-1.72428,1.16433,1.50175,0,0,0,,,
29.808,kf,map,-1.7877,1.19841,1.50231,0.0312764,0.0312764,0,0.066292,,
29.808,ekf,map,-1.78776,1.198,1.50361,0.0343447,0.0343385,6.27286e-07,0.060625,,
29.808,ekf_predict_only,map,-1.74325,1.2201,1.45782,9.51603,7.26852,2.05015,,,
29.808,pf,map,-1.69774,1.17078,1.47992,0.0294693,0.0313242,0.00288837,6.75929,469.463,0
29.844,odom,map,-1.72399,1.16832,1.49531,0,0,0,,,
29.88,odom,map,-1.72369,1.17211,1.48825,0,0,0,,,
29.916,odom,map,-1.72337,1.17574,1.48047,0,0,0,,,
29.952,odom,map,-1.72305,1.1792,1.47189,0,0,0,,,
29.988,odom,map,-1.72269,1.1826,1.46275,0,0,0,,,
29.988,ekf_predict_only,map,-1.74139,1.23656,1.40712,9.66225,7.31216,2.07271,,,
29.988,ekf,map,-1.78641,1.21515,1.46477,0.0338297,0.0338244,2.84813e-07,0.051875,,
29.988,kf,map,-1.78636,1.21525,1.46336,0.0311884,0.0311884,0,0.061875,,
30.024,odom,map,-1.72232,1.18591,1.45293,0,0,0,,,
30,amcl,map,-1.72416,1.19537,1.46235,0.0268149,0.0460265,0.0140199,,,
29.988,pf,map,-1.69601,1.19349,1.43596,0.0324218,0.0290254,0.00184326,6.27967,492.745,0
30.06,odom,map,-1.72191,1.1892,1.44209,0,0,0,,,
30.096,odom,map,-1.72145,1.19259,1.43024,0,0,0,,,
30.132,odom,map,-1.72095,1.196,1.41812,0,0,0,,,
30.168,odom,map,-1.72041,1.19938,1.40552,0,0,0,,,
30.204,odom,map,-1.71978,1.20301,1.39207,0,0,0,,,
30.204,ekf_predict_only,map,-1.73753,1.25992,1.3217,9.85138,7.34908,2.10082,,,
30.204,ekf,map,-1.78366,1.23677,1.39337,0.0343577,0.0343512,2.79776e-08,0.057875,,
30.204,kf,map,-1.7836,1.23697,1.39159,0.0312764,0.0312764,0,0.083042,,
30.204,pf,map,-1.67787,1.21361,1.3706,0.0323863,0.0326997,-0.00119285,4.67929,466.673,0
30.24,odom,map,-1.71906,1.20682,1.3781,0,0,0,,,
30.276,odom,map,-1.71828,1.21069,1.36387,0,0,0,,,
30.312,odom,map,-1.71739,1.21477,1.34918,0,0,0,,,
30.348,odom,map,-1.71637,1.21912,1.33409,0,0,0,,,
30.384,odom,map,-1.71522,1.22374,1.31883,0,0,0,,,
30.42,odom,map,-1.71396,1.2285,1.30354,0,0,0,,,
30.384,kf,map,-1.77913,1.25836,1.32223,0.0311884,0.0311884,0,0.111625,,
30.384,ekf,map,-1.77918,1.25806,1.32341,0.0338388,0.0338326,-2.97314e-07,0.09675,,
30.384,ekf_predict_only,map,-1.73146,1.2838,1.24523,10.0466,7.37867,2.12247,,,
30.384,pf,map,-1.69605,1.22358,1.29391,0.0287934,0.0291368,0.00121279,16.6545,463.15,0
30.456,odom,map,-1.71258,1.23339,1.28809,0,0,0,,,
30.492,odom,map,-1.71105,1.23848,1.27238,0,0,0,,,
30.528,odom,map,-1.70937,1.24382,1.25655,0,0,0,,,
30.564,odom,map,-1.70755,1.24926,1.24071,0,0,0,,,
30.6,odom,map,-1.70558,1.25486,1.22486,0,0,0,,,
30.6,ekf_predict_only,map,-1.71964,1.31879,1.15126,10.3152,7.38953,2.14354,,,
30.6,ekf,map,-1.76983,1.28973,1.23157,0.0343671,0.034358,-1.14448e-06,0.053875,,
30.6,kf,map,-1.76981,1.29021,1.23094,0.0312764,0.0312764,0,0.057208,,
30.6,amcl,map,-1.7058,1.26842,1.21264,0.0267283,0.0504979,0.0225963,,,
30.6,pf,map,-1.66592,1.27187,1.20138,0.0302146,0.0286008,5.33896e-05,7.8585,491.812,0
30.636,odom,map,-1.70346,1.26061,1.20916,0,0,0,,,
30.672,odom,map,-1.7012,1.26644,1.19361,0,0,0,,,
30.708,odom,map,-1.69882,1.27232,1.17814,0,0,0,,,
30.744,odom,map,-1.69629,1.2783,1.16282,0,0,0,,,
30.78,odom,map,-1.69354,1.28451,1.14775,0,0,0,,,
30.816,odom,map,-1.69082,1.29158,1.13293,0,0,0,,,
30.816,ekf,map,-1.75539,1.32529,1.14072,0.0344923,0.0344808,-2.41205e-06,0.059458,,
30.816,kf,map,-1.75545,1.32577,1.14056,0.0312887,0.0312887,0,0.087709,,
30.816,ekf_predict_only,map,-1.70288,1.35637,1.06111,10.6075,7.38534,2.15025,,,
30.816,pf,map,-1.63756,1.29828,1.09916,0.0314039,0.0292957,0.000987336,4.99538,458.468,0
30.852,odom,map,-1.68809,1.30016,1.11845,0,0,0,,,
30.888,odom,map,-1.68515,1.30893,1.10404,0,0,0,,,
30.924,odom,map,-1.68198,1.31796,1.08993,0,0,0,,,
30.96,odom,map,-1.67864,1.32706,1.07595,0,0,0,,,
30.996,odom,map,-1.67508,1.33635,1.06226,0,0,0,,,
30.996,ekf_predict_only,map,-1.68233,1.39315,0.991523,10.9023,7.37105,2.13935,,,
30.996,kf,map,-1.73781,1.36028,1.06858,0.0311901,0.0311901,0,0.136375,,
31.032,odom,map,-1.67099,1.34389,1.04836,0,0,0,,,
30.996,ekf,map,-1.73777,1.3598,1.06842,0.0338494,0.0338376,-3.66742e-06,0.853333,,
30.996,pf,map,-1.61829,1.35726,1.02233,0.031191,0.0294834,0.000565938,6.00437,502.939,0
31.068,odom,map,-1.66664,1.35132,1.03399,0,0,0,,,
31.104,odom,map,-1.66198,1.35901,1.01877,0,0,0,,,
31.14,odom,map,-1.65711,1.36679,1.00332,0,0,0,,,
31.176,odom,map,-1.65199,1.37468,0.987696,0,0,0,,,
31.212,odom,map,-1.64654,1.38281,0.971804,0,0,0,,,
31.212,ekf_predict_only,map,-1.64996,1.44262,0.896039,11.2937,7.32467,2.10135,,,
31.212,kf,map,-1.70938,1.40726,0.975302,0.0312766,0.0312766,0,0.059,,
31.212,ekf,map,-1.70939,1.40664,0.975458,0.0343489,0.0343317,-7.83695e-06,0.227042,,
31.2,amcl,map,-1.65633,1.35313,0.957438,0.0335221,0.0588244,0.0332008,,,
31.212,pf,map,-1.59542,1.39903,0.940242,0.0340758,0.0315707,0.00136725,4.77667,487.697,0
31.248,odom,map,-1.64092,1.3909,0.95589,0,0,0,,,
31.284,odom,map,-1.63503,1.39909,0.939798,0,0,0,,,
31.32,odom,map,-1.62884,1.40743,0.923638,0,0,0,,,
31.356,odom,map,-1.62244,1.41575,0.907467,0,0,0,,,
31.392,odom,map,-1.6158,1.42411,0.891333,0,0,0,,,
31.428,odom,map,-1.6084,1.43253,0.873303,0,0,0,,,
31.392,ekf_predict_only,map,-1.61588,1.48523,0.816174,11.649,7.27963,2.03865,,,
31.392,kf,map,-1.67883,1.4483,0.895884,0.0311884,0.0311884,0,0.061458,,
31.392,ekf,map,-1.67884,1.44775,0.895961,0.0338332,0.0338166,-1.02033e-05,0.268458,,
31.392,pf,map,-1.56664,1.42048,0.857661,0.0308003,0.0306412,-0.00284133,6.75992,474.686,0
31.464,odom,map,-1.60055,1.44091,0.854914,0,0,0,,,
31.5,odom,map,-1.59253,1.44914,0.836619,0,0,0,,,
31.536,odom,map,-1.58433,1.4572,0.818324,0,0,0,,,
31.572,odom,map,-1.57594,1.46511,0.800066,0,0,0,,,
31.608,odom,map,-1.56754,1.47291,0.782581,0,0,0,,,
31.608,ekf_predict_only,map,-1.57051,1.53348,0.72414,12.0573,7.21353,1.93193,,,
31.608,ekf,map,-1.63611,1.49642,0.802919,0.0343686,0.0343487,-1.71034e-05,0.067416,,
31.608,kf,map,-1.63624,1.4969,0.802995,0.0312764,0.0312764,0,0.116,,
31.608,pf,map,-1.53108,1.48327,0.769408,0.0304817,0.0295562,-0.00138882,4.63804,470.207,0
31.644,odom,map,-1.55964,1.48064,0.76739,0,0,0,,,
31.68,odom,map,-1.55162,1.48826,0.752227,0,0,0,,,
31.716,odom,map,-1.54352,1.49573,0.737263,0,0,0,,,
31.752,odom,map,-1.53537,1.50302,0.722457,0,0,0,,,
31.788,odom,map,-1.52727,1.51006,0.708063,0,0,0,,,
31.824,odom,map,-1.51908,1.51697,0.693771,0,0,0,,,
31.788,ekf,map,-1.59692,1.5336,0.729084,0.0338516,0.0338366,-1.76955e-05,0.059208,,
31.788,ekf_predict_only,map,-1.5304,1.56895,0.65268,12.3793,7.17086,1.81911,,,
31.788,kf,map,-1.59714,1.5339,0.729308,0.0311884,0.0311884,0,0.053625,,
31.8,amcl,map,-1.53542,1.49315,0.707042,0.0410909,0.0477994,0.03281,,,
31.788,pf,map,-1.49157,1.52413,0.689391,0.0292979,0.0326073,0.00183762,5.23663,468.801,0
31.86,odom,map,-1.51097,1.52362,0.679763,0,0,0,,,
31.896,odom,map,-1.50292,1.53003,0.665904,0,0,0,,,
31.932,odom,map,-1.49499,1.53618,0.652285,0,0,0,,,
31.968,odom,map,-1.48712,1.5421,0.63885,0,0,0,,,
32.004,odom,map,-1.47936,1.54758,0.625429,0,0,0,,,
32.004,ekf_predict_only,map,-1.4839,1.6045,0.57243,12.7094,7.12524,1.6725,,,
32.004,kf,map,-1.55052,1.57217,0.646755,0.0312764,0.0312764,0,0.0605,,
32.004,ekf,map,-1.55013,1.57199,0.646446,0.0343824,0.0343697,-2.3216e-05,0.120417,,
32.004,pf,map,-1.43848,1.55147,0.607149,0.0282282,0.0278001,0.000762142,4.54983,476.898,0
32.04,odom,map,-1.4735,1.54789,0.61147,0,0,0,,,
32.076,odom,map,-1.46774,1.54796,0.597609,0,0,0,,,
32.112,odom,map,-1.46211,1.54778,0.58387,0,0,0,,,
32.148,odom,map,-1.45652,1.54742,0.570204,0,0,0,,,
32.184,odom,map,-1.45102,1.54684,0.556741,0,0,0,,,
32.22,odom,map,-1.44465,1.54893,0.543943,0,0,0,,,
32.184,ekf_predict_only,map,-1.44891,1.62705,0.510615,12.9409,7.1117,1.55215,,,
32.184,kf,map,-1.51367,1.5977,0.582391,0.0311884,0.0311884,0,0.069333,,
32.184,ekf,map,-1.51322,1.59766,0.582068,0.0338566,0.0338502,-1.97834e-05,0.060667,,
32.184,pf,map,-1.40409,1.56665,0.53307,0.030155,0.030367,0.00312516,5.5335,495.896,0
32.256,odom,map,-1.4375,1.55319,0.53158,0,0,0,,,
32.292,odom,map,-1.43041,1.55731,0.519374,0,0,0,,,
32.328,odom,map,-1.42337,1.56128,0.50739,0,0,0,,,
32.364,odom,map,-1.41646,1.56507,0.495712,0,0,0,,,
32.4,odom,map,-1.40968,1.56868,0.484076,0,0,0,,,
32.4,ekf_predict_only,map,-1.40949,1.64913,0.440829,13.1716,7.09888,1.40847,,,
32.4,ekf,map,-1.47164,1.62294,0.509717,0.0343813,0.0343793,-2.15527e-05,0.060916,,
32.4,kf,map,-1.47217,1.62293,0.510074,0.0312764,0.0312764,0,0.100916,,
32.4,amcl,map,-1.41058,1.5661,0.486538,0.0540476,0.0447351,0.0360666,,,
32.4,pf,map,-1.36127,1.59816,0.468138,0.0309667,0.0330528,0.00183173,5.48167,483.091,0
32.436,odom,map,-1.403,1.57215,0.472445,0,0,0,,,
32.472,odom,map,-1.39643,1.57546,0.460953,0,0,0,,,
32.508,odom,map,-1.39022,1.5785,0.449701,0,0,0,,,
32.544,odom,map,-1.38422,1.58135,0.438664,0,0,0,,,
32.58,odom,map,-1.37826,1.58411,0.427695,0,0,0,,,
32.616,odom,map,-1.3728,1.58735,0.418304,0,0,0,,,
32.616,ekf_predict_only,map,-1.3983,1.65441,0.409572,13.2652,7.13275,1.36604,,,
32.616,kf,map,-1.44387,1.63711,0.455902,0.0312887,0.0312887,0,0.056417,,
32.616,ekf,map,-1.44187,1.63786,0.453452,0.0344984,0.0344989,-1.76616e-05,0.4495,,
32.616,pf,map,-1.31389,1.62144,0.401481,0.0311859,0.0288106,-0.000112974,5.281,470.815,0
32.652,odom,map,-1.36863,1.59122,0.412411,0,0,0,,,
32.688,odom,map,-1.36563,1.59454,0.409111,0,0,0,,,
32.724,odom,map,-1.36383,1.59735,0.408403,0,0,0,,,
32.76,odom,map,-1.36322,1.59964,0.409752,0,0,0,,,
32.796,odom,map,-1.3634,1.60158,0.411265,0,0,0,,,
32.796,ekf,map,-1.42916,1.64387,0.435953,0.0338474,0.0338483,-1.09332e-05,0.053833,,
32.796,kf,map,-1.43091,1.64313,0.438243,0.0311901,0.0311901,0,0.0575,,
32.832,odom,map,-1.36343,1.60179,0.411433,0,0,0,,,
32.796,ekf_predict_only,map,-1.3983,1.65441,0.409572,13.3152,7.18275,1.36604,,,
32.796,pf,map,-1.30139,1.62853,0.384638,0.0316623,0.0302889,-0.00125436,7.31792,476.012,0
32.868,odom,map,-1.36343,1.60179,0.411433,0,0,0,,,
32.904,odom,map,-1.36343,1.60179,0.411433,0,0,0,,,
32.94,odom,map,-1.36343,1.60179,0.411433,0,0,0,,,
32.976,odom,map,-1.36343,1.60179,0.411433,0,0,0,,,
33.012,odom,map,-1.36343,1.60179,0.411433,0,0,0,,,
33.012,kf,map,-1.42602,1.6454,0.431581,0.0312766,0.0312766,0,0.053416,,
33.012,ekf_predict_only,map,-1.3983,1.65441,0.409572,13.3652,7.23275,1.36604,,,
33.012,ekf,map,-1.425,1.64585,0.430214,0.0343369,0.0343378,-8.60758e-06,0.451917,,
33.012,pf,map,-1.30499,1.61235,0.380178,0.031783,0.0323594,-0.000549826,6.47475,454.752,0
33.048,odom,map,-1.36343,1.60179,0.411433,0,0,0,,,
33.084,odom,map,-1.36343,1.60179,0.411433,0,0,0,,,
33.12,odom,map,-1.36343,1.60179,0.411433,0,0,0,,,
33.156,odom,map,-1.36343,1.60179,0.411433,0,0,0,,,
33.192,odom,map,-1.36343,1.60179,0.411433,0,0,0,,,
33.228,odom,map,-1.3634,1.60007,0.410664,0,0,0,,,
33.192,ekf_predict_only,map,-1.3983,1.65441,0.409572,13.4152,7.28275,1.36604,,,
33.192,ekf,map,-1.42371,1.64646,0.428442,0.0338164,0.033817,-5.14273e-06,0.087791,,
33.192,kf,map,-1.42419,1.64624,0.429093,0.0311884,0.0311884,0,0.056458,,
33.192,pf,map,-1.31704,1.61811,0.388584,0.0328108,0.0320589,-0.000211792,12.0186,468.29,0
33.264,odom,map,-1.36305,1.59783,0.409461,0,0,0,,,
33.3,odom,map,-1.3622,1.59579,0.408125,0,0,0,,,
33.336,odom,map,-1.36072,1.59402,0.406339,0,0,0,,,
33.372,odom,map,-1.35899,1.59235,0.404269,0,0,0,,,
33.408,odom,map,-1.35697,1.59134,0.40195,0,0,0,,,
33.408,ekf_predict_only,map,-1.38197,1.6615,0.398043,13.524,7.31059,1.30306,,,
33.408,kf,map,-1.41355,1.6511,0.421571,0.0312764,0.0312764,0,0.110625,,
33.408,ekf,map,-1.41395,1.65093,0.421759,0.0343422,0.0343429,-4.07982e-06,0.0545,,
33.408,pf,map,-1.30029,1.61979,0.386406,0.0298237,0.0317591,0.00039669,7.14575,472.938,0
33.444,odom,map,-1.35402,1.59259,0.399524,0,0,0,,,
33.48,odom,map,-1.35005,1.59425,0.394863,0,0,0,,,
33.516,odom,map,-1.3457,1.59605,0.38969,0,0,0,,,
33.552,odom,map,-1.34104,1.59795,0.384037,0,0,0,,,
33.588,odom,map,-1.33536,1.60022,0.377361,0,0,0,,,
33.624,odom,map,-1.32922,1.60263,0.37044,0,0,0,,,
33.588,ekf_predict_only,map,-1.35157,1.67428,0.363438,13.681,7.32379,1.18363,,,
33.588,ekf,map,-1.39172,1.66075,0.395425,0.0338269,0.0338288,-3.19955e-06,0.053958,,
33.588,kf,map,-1.39095,1.66107,0.394711,0.0311884,0.0311884,0,0.059792,,
33.588,pf,map,-1.28052,1.6219,0.374449,0.0307165,0.0297414,0.00148516,5.63429,461.624,0
33.66,odom,map,-1.3226,1.60518,0.363173,0,0,0,,,
33.696,odom,map,-1.31511,1.60799,0.355628,0,0,0,,,
33.732,odom,map,-1.3065,1.61115,0.347771,0,0,0,,,
33.768,odom,map,-1.2968,1.61462,0.33959,0,0,0,,,
33.804,odom,map,-1.28671,1.61814,0.331284,0,0,0,,,
33.804,ekf_predict_only,map,-1.29162,1.69708,0.313603,13.9243,7.31835,0.940076,,,
33.804,ekf,map,-1.34264,1.68032,0.350886,0.0343546,0.0343627,-5.93882e-06,0.059416,,
33.804,kf,map,-1.34142,1.68085,0.350148,0.0312764,0.0312764,0,0.056459,,
33.804,pf,map,-1.24539,1.63206,0.316421,0.0350072,0.0300103,0.00112835,5.20825,462.52,0
33.84,odom,map,-1.27635,1.62166,0.322948,0,0,0,,,
33.876,odom,map,-1.26494,1.62542,0.314446,0,0,0,,,
33.912,odom,map,-1.25271,1.62934,0.305715,0,0,0,,,
33.948,odom,map,-1.23984,1.63334,0.296895,0,0,0,,,
33.984,odom,map,-1.22661,1.63732,0.28803,0,0,0,,,
33.984,kf,map,-1.28176,1.70132,0.308721,0.0311884,0.0311884,0,0.117667,,
34.02,odom,map,-1.21275,1.64136,0.279265,0,0,0,,,
33.984,ekf,map,-1.28298,1.70078,0.309138,0.0338368,0.0338538,-9.11869e-06,0.05775,,
33.984,ekf_predict_only,map,-1.22146,1.71983,0.269972,14.1705,7.33252,0.643411,,,
34.002,amcl,map,-1.24252,1.64243,0.28633,0.0521745,0.0291145,0.0256587,,,
33.984,pf,map,-1.17702,1.65803,0.278623,0.0329539,0.0325421,-0.000511215,9.52475,465.459,0
34.056,odom,map,-1.19825,1.64545,0.270631,0,0,0,,,
34.092,odom,map,-1.18331,1.64952,0.262044,0,0,0,,,
34.128,odom,map,-1.16805,1.65355,0.253656,0,0,0,,,
34.164,odom,map,-1.15218,1.65759,0.245464,0,0,0,,,
34.2,odom,map,-1.1361,1.66155,0.237452,0,0,0,,,
34.2,ekf_predict_only,map,-1.12017,1.74786,0.222321,14.4667,7.38654,0.197916,,,
34.2,kf,map,-1.19162,1.72786,0.260071,0.0312764,0.0312764,0,0.06,,
34.2,ekf,map,-1.19299,1.72715,0.260086,0.0343651,0.0344074,-1.86459e-05,0.065708,,
34.2,pf,map,-1.084,1.66828,0.224667,0.0294935,0.0306183,0.000731202,5.46938,465.457,0
34.236,odom,map,-1.11999,1.66538,0.229512,0,0,0,,,
34.272,odom,map,-1.10385,1.66908,0.22157,0,0,0,,,
34.308,odom,map,-1.08768,1.67266,0.213982,0,0,0,,,
34.344,odom,map,-1.07149,1.67612,0.206499,0,0,0,,,
34.38,odom,map,-1.05527,1.67945,0.199077,0,0,0,,,
34.416,odom,map,-1.03902,1.68267,0.191675,0,0,0,,,
34.416,ekf_predict_only,map,-1.01639,1.77132,0.177908,14.7267,7.50946,-0.274797,,,
34.416,ekf,map,-1.09764,1.74991,0.214289,0.0344891,0.0345559,-2.5515e-05,0.062208,,
34.416,kf,map,-1.09645,1.75063,0.21443,0.0312887,0.0312887,0,0.162,,
34.416,pf,map,-0.974527,1.70279,0.180047,0.0319515,0.0318514,0.0010574,6.29829,473.462,0
34.452,odom,map,-1.02276,1.68576,0.184739,0,0,0,,,
34.488,odom,map,-1.00647,1.68875,0.17819,0,0,0,,,
34.524,odom,map,-0.990161,1.69164,0.172007,0,0,0,,,
34.56,odom,map,-0.973837,1.69442,0.165856,0,0,0,,,
34.596,odom,map,-0.957496,1.69711,0.16002,0,0,0,,,
34.632,odom,map,-0.941141,1.6997,0.154549,0,0,0,,,
34.596,ekf_predict_only,map,-0.932268,1.78645,0.151449,14.914,7.67003,-0.666554,,,
34.596,ekf,map,-1.01796,1.76534,0.183899,0.0338439,0.0339157,-2.40273e-05,0.060667,,
34.602,amcl,map,-0.995932,1.70654,0.176411,0.0526732,0.0253701,0.0185038,,,
34.596,kf,map,-1.01723,1.76589,0.184271,0.0311901,0.0311901,0,0.0585,,
34.596,pf,map,-0.89449,1.72041,0.157781,0.0325726,0.0330725,-0.000910663,6.9225,463.371,0
34.668,odom,map,-0.924771,1.70221,0.149495,0,0,0,,,
34.704,odom,map,-0.90839,1.70463,0.144533,0,0,0,,,
34.74,odom,map,-0.891997,1.70698,0.139847,0,0,0,,,
34.776,odom,map,-0.875594,1.70925,0.135746,0,0,0,,,
34.812,odom,map,-0.860443,1.71168,0.132113,0,0,0,,,
34.812,kf,map,-0.920529,1.78201,0.157339,0.0312766,0.0312766,0,0.139333,,
34.812,ekf_predict_only,map,-0.832813,1.80163,0.130117,15.1033,7.91071,-1.13744,,,
34.812,ekf,map,-0.920952,1.7815,0.156663,0.0343366,0.0344379,-2.92776e-05,0.150708,,
34.812,pf,map,-0.815046,1.73929,0.128242,0.0295881,0.0335096,-0.00160551,5.93863,474.915,0
34.848,odom,map,-0.848149,1.71457,0.129038,0,0,0,,,
34.884,odom,map,-0.835851,1.71742,0.1262,0,0,0,,,
34.92,odom,map,-0.823565,1.72023,0.123852,0,0,0,,,
34.956,odom,map,-0.811333,1.723,0.121815,0,0,0,,,
34.992,odom,map,-0.799132,1.72574,0.11987,0,0,0,,,
35.028,odom,map,-0.784057,1.72789,0.117806,0,0,0,,,
34.992,kf,map,-0.840144,1.79345,0.14223,0.0311884,0.0311884,0,0.058625,,
34.992,ekf_predict_only,map,-0.752137,1.81219,0.119796,15.2511,8.16343,-1.52431,,,
34.992,ekf,map,-0.840263,1.79308,0.141601,0.0338176,0.0339123,-2.42094e-05,0.05975,,
34.992,pf,map,-0.733951,1.76243,0.103478,0.0318846,0.0291951,-0.00294895,10.889,488.089,0
35.064,odom,map,-0.767958,1.72978,0.115891,0,0,0,,,
35.1,odom,map,-0.751964,1.73163,0.114049,0,0,0,,,
35.136,odom,map,-0.735997,1.73344,0.112187,0,0,0,,,
35.172,odom,map,-0.720224,1.73521,0.110581,0,0,0,,,
35.208,odom,map,-0.704689,1.73692,0.10922,0,0,0,,,
35.208,ekf_predict_only,map,-0.659806,1.8233,0.112241,15.4048,8.49869,-1.97239,,,
35.208,ekf,map,-0.745832,1.80563,0.130272,0.0343443,0.0344612,-2.61063e-05,0.062542,,
35.202,amcl,map,-0.731644,1.7548,0.128178,0.0588833,0.0222519,0.0110483,,,
35.208,kf,map,-0.746009,1.8059,0.130849,0.0312764,0.0312764,0,0.054834,,
35.208,pf,map,-0.629052,1.7733,0.0879353,0.0317176,0.030156,-0.00293513,6.76617,480.296,0
35.244,odom,map,-0.68936,1.73859,0.108213,0,0,0,,,
35.28,odom,map,-0.674072,1.74025,0.107355,0,0,0,,,
35.316,odom,map,-0.659129,1.74185,0.106883,0,0,0,,,
35.352,odom,map,-0.644498,1.74342,0.106607,0,0,0,,,
35.388,odom,map,-0.630005,1.74497,0.106633,0,0,0,,,
35.388,ekf,map,-0.671335,1.81496,0.127567,0.0338285,0.0339282,-2.0053e-05,0.059,,
35.388,kf,map,-0.671588,1.81513,0.128047,0.0311884,0.0311884,0,0.0535,,
35.424,odom,map,-0.617665,1.74775,0.108434,0,0,0,,,
35.388,ekf_predict_only,map,-0.587433,1.83146,0.112879,15.5315,8.81229,-2.32735,,,
35.388,pf,map,-0.555821,1.76446,0.0823641,0.0288218,0.0282826,0.00183781,6.43721,484.676,0
35.46,odom,map,-0.606724,1.75125,0.111319,0,0,0,,,
35.496,odom,map,-0.596249,1.75477,0.114687,0,0,0,,,
35.532,odom,map,-0.586033,1.75833,0.118251,0,0,0,,,
35.568,odom,map,-0.575927,1.76194,0.121858,0,0,0,,,
35.604,odom,map,-0.56582,1.7655,0.125432,0,0,0,,,
35.604,kf,map,-0.589161,1.82549,0.131958,0.0312764,0.0312764,0,0.069958,,
35.604,ekf_predict_only,map,-0.508006,1.84046,0.119813,15.6666,9.19237,-2.72162,,,
35.604,ekf,map,-0.588766,1.8254,0.131511,0.0343551,0.0344674,-2.03627e-05,0.075333,,
35.604,pf,map,-0.467824,1.76799,0.0757187,0.0298122,0.0310471,-0.000717346,4.84575,455.927,0
35.64,odom,map,-0.552629,1.76717,0.126748,0,0,0,,,
35.676,odom,map,-0.539539,1.76884,0.127607,0,0,0,,,
35.712,odom,map,-0.526492,1.77052,0.1278,0,0,0,,,
35.748,odom,map,-0.513569,1.77218,0.127605,0,0,0,,,
35.784,odom,map,-0.500763,1.77382,0.126967,0,0,0,,,
35.784,ekf_predict_only,map,-0.444263,1.84814,0.114847,15.7896,9.53835,-3.04265,,,
35.784,ekf,map,-0.52319,1.83413,0.130022,0.0338353,0.0339257,-1.52709e-05,0.126625,,
35.784,kf,map,-0.523486,1.83411,0.129919,0.0311884,0.0311884,0,0.058958,,
35.82,odom,map,-0.488013,1.77544,0.126041,0,0,0,,,
35.784,pf,map,-0.397437,1.78299,0.0924346,0.0312261,0.0316374,0.00255945,5.08267,477.758,0
35.856,odom,map,-0.475273,1.77705,0.125048,0,0,0,,,
35.892,odom,map,-0.462686,1.77862,0.123854,0,0,0,,,
35.928,odom,map,-0.45034,1.78015,0.122528,0,0,0,,,
35.964,odom,map,-0.438218,1.78164,0.121132,0,0,0,,,
36,odom,map,-0.426151,1.7831,0.119715,0,0,0,,,
36,ekf,map,-0.449092,1.84373,0.123575,0.0343603,0.0344579,-1.54583e-05,0.0605,,
36,kf,map,-0.449475,1.84368,0.123369,0.0312764,0.0312764,0,0.054,,
36,ekf_predict_only,map,-0.373095,1.85634,0.106521,15.9182,9.95178,-3.40408,,,
36,amcl,map,-0.436256,1.78738,0.120642,0.0764404,0.0262723,0.00683101,,,
36,pf,map,-0.343171,1.79419,0.09041,0.0329178,0.0256132,0.000222859,5.15975,454.794,0
36.036,odom,map,-0.415227,1.78632,0.119034,0,0,0,,,
36.072,odom,map,-0.404499,1.78957,0.118282,0,0,0,,,
36.108,odom,map,-0.393982,1.7928,0.11744,0,0,0,,,
36.144,odom,map,-0.383661,1.796,0.116556,0,0,0,,,
36.18,odom,map,-0.3734,1.79919,0.115662,0,0,0,,,
36.216,odom,map,-0.362904,1.80162,0.11448,0,0,0,,,
36.216,ekf_predict_only,map,-0.306671,1.86345,0.0967254,16.0365,10.3726,-3.74343,,,
36.216,ekf,map,-0.379931,1.85212,0.11468,0.0344823,0.0345721,-1.35647e-05,0.058625,,
36.216,kf,map,-0.380339,1.85207,0.114521,0.0312887,0.0312887,0,0.057167,,
36.216,pf,map,-0.266317,1.78577,0.07773,0.0341563,0.032055,-0.00298366,5.06025,484.478,0
36.252,odom,map,-0.352031,1.80286,0.112668,0,0,0,,,
36.288,odom,map,-0.341396,1.80405,0.110706,0,0,0,,,
36.324,odom,map,-0.330847,1.80522,0.108707,0,0,0,,,
36.36,odom,map,-0.320507,1.80633,0.106572,0,0,0,,,
36.396,odom,map,-0.310569,1.80739,0.104392,0,0,0,,,
36.432,odom,map,-0.301086,1.80837,0.102727,0,0,0,,,
36.396,ekf_predict_only,map,-0.280366,1.866,0.0967254,16.1112,10.5779,-3.87795,,,
36.396,kf,map,-0.336756,1.85688,0.108581,0.0311901,0.0311901,0,0.53875,,
36.396,ekf,map,-0.33515,1.85701,0.108129,0.0338377,0.0339003,-9.17669e-06,0.110334,,
36.396,pf,map,-0.20552,1.77391,0.0691994,0.0358393,0.0333539,-0.00187452,4.81762,489.408,0
36.468,odom,map,-0.292802,1.80922,0.10267,0,0,0,,,
36.504,odom,map,-0.285807,1.80994,0.10267,0,0,0,,,
36.54,odom,map,-0.280101,1.81053,0.10267,0,0,0,,,
36.576,odom,map,-0.275685,1.81099,0.10267,0,0,0,,,
36.612,odom,map,-0.272558,1.81131,0.10267,0,0,0,,,
36.612,ekf_predict_only,map,-0.280366,1.866,0.0967254,16.1612,10.6279,-3.87795,,,
36.612,kf,map,-0.306444,1.86003,0.105264,0.0312766,0.0312766,0,0.05525,,
36.612,ekf,map,-0.302982,1.86037,0.104799,0.0343295,0.0343828,-7.68579e-06,0.059958,,
36.612,pf,map,-0.18605,1.78973,0.0742666,0.0322834,0.0323969,-0.00110495,4.51529,474.36,0
36.648,odom,map,-0.27072,1.8115,0.10267,0,0,0,,,
36.684,odom,map,-0.270167,1.81156,0.10267,0,0,0,,,
36.72,odom,map,-0.270167,1.81156,0.10267,0,0,0,,,
36.756,odom,map,-0.270167,1.81156,0.10267,0,0,0,,,
36.792,odom,map,-0.270167,1.81156,0.10267,0,0,0,,,
36.828,odom,map,-0.270722,1.81071,0.102252,0,0,0,,,
36.792,ekf_predict_only,map,-0.280366,1.866,0.0967254,16.2112,10.6779,-3.87795,,,
36.792,ekf,map,-0.291436,1.86158,0.10377,0.033812,0.033845,-4.71567e-06,0.057917,,
36.792,kf,map,-0.293635,1.86136,0.104025,0.0311884,0.0311884,0,0.117708,,
36.792,pf,map,-0.171876,1.79331,0.05882,0.0335826,0.0315059,-4.16291e-05,5.09012,469.112,0
36.864,odom,map,-0.271491,1.80953,0.101674,0,0,0,,,
36.9,odom,map,-0.272261,1.80836,0.101095,0,0,0,,,
36.936,odom,map,-0.273031,1.80718,0.100516,0,0,0,,,
36.972,odom,map,-0.273802,1.806,0.0999374,0,0,0,,,
37.008,odom,map,-0.274402,1.80509,0.0994873,0,0,0,,,
37.008,ekf_predict_only,map,-0.280366,1.866,0.0967254,16.2612,10.7279,-3.87795,,,
37.008,kf,map,-0.288801,1.86186,0.103558,0.0312764,0.0312764,0,0.055,,
37.008,ekf,map,-0.28764,1.86198,0.103432,0.0343388,0.0343645,-3.6692e-06,0.098292,,
37.008,pf,map,-0.161253,1.78011,0.064711,0.0317356,0.0317185,-0.00165583,8.80537,475.103,0
37.044,odom,map,-0.274402,1.80509,0.0994873,0,0,0,,,
37.08,odom,map,-0.274079,1.80512,0.099935,0,0,0,,,
37.116,odom,map,-0.272521,1.80528,0.10002,0,0,0,,,
37.152,odom,map,-0.269677,1.80556,0.099474,0,0,0,,,
37.188,odom,map,-0.265916,1.80593,0.0981329,0,0,0,,,
37.224,odom,map,-0.261407,1.80637,0.0960734,0,0,0,,,
37.188,ekf,map,-0.273416,1.86347,0.0990801,0.0338245,0.0338405,-2.24182e-06,0.06075,,
37.188,kf,map,-0.273199,1.86348,0.0986641,0.0311884,0.0311884,0,0.061209,,
37.188,ekf_predict_only,map,-0.25774,1.86819,0.0864277,16.3324,10.9154,-3.99404,,,
37.188,pf,map,-0.142848,1.78743,0.0699827,0.031578,0.0313868,0.0013607,6.28875,468.783,0
37.26,odom,map,-0.256486,1.80684,0.0936751,0,0,0,,,
37.296,odom,map,-0.250681,1.80738,0.0908705,0,0,0,,,
37.332,odom,map,-0.24402,1.80797,0.0875917,0,0,0,,,
37.368,odom,map,-0.236978,1.80858,0.0838918,0,0,0,,,
37.404,odom,map,-0.229556,1.80919,0.080046,0,0,0,,,
37.404,ekf,map,-0.235209,1.86714,0.0808168,0.0343514,0.0343687,-2.22794e-06,0.068458,,
37.404,ekf_predict_only,map,-0.206576,1.87263,0.0615387,16.4254,11.29,-4.25613,,,
37.404,kf,map,-0.233968,1.86722,0.0800689,0.0312764,0.0312764,0,0.055208,,
37.404,pf,map,-0.0983711,1.78648,0.0431153,0.0332216,0.0299015,-0.00197947,4.44888,460.588,0
37.44,odom,map,-0.221313,1.80983,0.0759433,0,0,0,,,
37.476,odom,map,-0.212777,1.81046,0.0717951,0,0,0,,,
37.512,odom,map,-0.203875,1.81109,0.0674422,0,0,0,,,
37.548,odom,map,-0.194345,1.81171,0.0629349,0,0,0,,,
37.584,odom,map,-0.184211,1.81232,0.0583842,0,0,0,,,
37.62,odom,map,-0.173402,1.81293,0.0538579,0,0,0,,,
37.584,ekf_predict_only,map,-0.151818,1.876,0.0389193,16.5082,11.7085,-4.5337,,,
37.584,ekf,map,-0.190827,1.87036,0.0608869,0.0338328,0.0338521,-2.1345e-06,0.134333,,
37.584,kf,map,-0.189552,1.87044,0.0603971,0.0311884,0.0311884,0,0.147417,,
37.602,amcl,map,-0.192481,1.82566,0.0776968,0.0834948,0.0325934,-0.000322465,,,
37.584,pf,map,-0.0646084,1.8013,0.0324501,0.0308984,0.032968,0.00047422,4.79146,481.819,0
37.656,odom,map,-0.162444,1.8135,0.0493341,0,0,0,,,
37.692,odom,map,-0.151,1.81403,0.0448202,0,0,0,,,
37.728,odom,map,-0.139029,1.81454,0.0402894,0,0,0,,,
37.764,odom,map,-0.126589,1.81502,0.035661,0,0,0,,,
37.8,odom,map,-0.114057,1.81543,0.0309693,0,0,0,,,
37.8,ekf_predict_only,map,-0.0736787,1.87904,0.0111467,16.5878,12.3223,-4.9255,,,
37.8,ekf,map,-0.12159,1.87376,0.0342401,0.034358,0.0343935,-3.15716e-06,0.06525,,
37.8,kf,map,-0.120321,1.87388,0.0339603,0.0312764,0.0312764,0,0.064291,,
37.8,pf,map,-0.0110622,1.78128,0.00600794,0.0317167,0.029713,0.00079291,4.89992,462.847,0
37.836,odom,map,-0.101268,1.8158,0.0263195,0,0,0,,,
37.872,odom,map,-0.0879772,1.81612,0.0216771,0,0,0,,,
37.908,odom,map,-0.0744912,1.81638,0.0170239,0,0,0,,,
37.944,odom,map,-0.0609481,1.81658,0.0123667,0,0,0,,,
37.98,odom,map,-0.0470239,1.81672,0.00779839,0,0,0,,,
38.016,odom,map,-0.032637,1.8168,0.00324157,0,0,0,,,
38.016,ekf,map,-0.0410199,1.87541,0.00671328,0.0344804,0.0345326,-3.61371e-06,0.057417,,
38.016,kf,map,-0.0398921,1.87557,0.00655213,0.0312887,0.0312887,0,0.058125,,
38.016,ekf_predict_only,map,0.0139812,1.88002,-0.0170643,16.6474,13.0584,-5.35719,,,
38.016,pf,map,0.0755497,1.78253,-0.0246187,0.0340264,0.0331333,-0.000521019,5.46017,455.706,0
38.052,odom,map,-0.0180238,1.81681,-0.00143662,0,0,0,,,
38.088,odom,map,-0.00341305,1.81676,-0.00613846,0,0,0,,,
38.124,odom,map,0.0113913,1.81663,-0.010924,0,0,0,,,
38.16,odom,map,0.026376,1.81643,-0.015698,0,0,0,,,
38.196,odom,map,0.0413674,1.81616,-0.0204612,0,0,0,,,
38.232,odom,map,0.0564755,1.81581,-0.0252942,0,0,0,,,
38.196,ekf_predict_only,map,0.0898754,1.87873,-0.0414041,16.6847,13.7484,-5.72212,,,
38.196,ekf,map,0.0314545,1.87492,-0.0169862,0.0338365,0.0338931,-2.83951e-06,0.057209,,
38.196,kf,map,0.0321471,1.87505,-0.0170907,0.0311901,0.0311901,0,0.056458,,
38.196,pf,map,0.151705,1.79185,-0.0454164,0.0300438,0.0325972,0.00093248,6.89346,465.953,0
38.268,odom,map,0.0716981,1.81539,-0.0300918,0,0,0,,,
38.304,odom,map,0.0870366,1.81489,-0.034773,0,0,0,,,
38.34,odom,map,0.102408,1.81432,-0.0394313,0,0,0,,,
38.376,odom,map,0.117814,1.81368,-0.0439973,0,0,0,,,
38.412,odom,map,0.132575,1.81407,-0.0473272,0,0,0,,,
38.412,ekf_predict_only,map,0.182952,1.87487,-0.0684503,16.6972,14.642,-6.158,,,
38.412,ekf,map,0.122651,1.87212,-0.0445121,0.0343285,0.0344117,-2.38553e-06,0.058625,,
38.412,kf,map,0.123084,1.87228,-0.0445,0.0312766,0.0312766,0,0.055416,,
38.4,amcl,map,0.1181,1.82441,-0.0390823,0.101781,0.037734,-0.00940519,,,
38.412,pf,map,0.240249,1.78999,-0.0758474,0.0302443,0.0322912,0.000671729,5.27212,469.615,0
38.448,odom,map,0.145712,1.81697,-0.0481011,0,0,0,,,
38.484,odom,map,0.158823,1.81989,-0.0488868,0,0,0,,,
38.52,odom,map,0.171961,1.82281,-0.0495851,0,0,0,,,
38.556,odom,map,0.185126,1.82574,-0.0503729,0,0,0,,,
38.592,odom,map,0.198269,1.82869,-0.0512052,0,0,0,,,
38.628,odom,map,0.213155,1.82891,-0.0549901,0,0,0,,,
38.592,ekf_predict_only,map,0.260572,1.86955,-0.093371,16.6955,15.4453,-6.5089,,,
38.592,ekf,map,0.19993,1.86768,-0.0684152,0.0338114,0.0338924,-8.09692e-07,0.109125,,
38.592,kf,map,0.200127,1.8678,-0.0684826,0.0311884,0.0311884,0,0.14475,,
38.592,pf,map,0.326596,1.7873,-0.108073,0.0319459,0.0306568,0.000706522,5.0895,487.557,0
38.664,odom,map,0.228641,1.82802,-0.0601983,0,0,0,,,
38.7,odom,map,0.244084,1.82704,-0.0656358,0,0,0,,,
38.736,odom,map,0.259511,1.82599,-0.0711457,0,0,0,,,
38.772,odom,map,0.274898,1.82485,-0.0768379,0,0,0,,,
38.808,odom,map,0.290245,1.82362,-0.0827818,0,0,0,,,
38.808,ekf_predict_only,map,0.352528,1.86094,-0.129562,16.6624,16.4467,-6.90824,,,
38.808,ekf,map,0.292212,1.86008,-0.101843,0.0343384,0.0344432,1.22916e-06,0.061458,,
38.808,kf,map,0.29227,1.8602,-0.102105,0.0312764,0.0312764,0,0.05625,,
38.808,pf,map,0.409247,1.76588,-0.140729,0.0313547,0.0308513,-0.00180547,5.31238,478.624,0
38.844,odom,map,0.305582,1.8223,-0.0888106,0,0,0,,,
38.88,odom,map,0.32091,1.82089,-0.0948424,0,0,0,,,
38.916,odom,map,0.336154,1.81939,-0.100866,0,0,0,,,
38.952,odom,map,0.351311,1.81781,-0.106981,0,0,0,,,
38.988,odom,map,0.366447,1.81614,-0.113116,0,0,0,,,
39.024,odom,map,0.381644,1.81436,-0.119251,0,0,0,,,
38.988,kf,map,0.368726,1.85124,-0.13161,0.0311884,0.0311884,0,0.085917,,
38.988,ekf_predict_only,map,0.429398,1.85092,-0.160242,16.6164,17.3414,-7.22154,,,
38.988,ekf,map,0.368654,1.85113,-0.131434,0.0338245,0.0339184,3.01855e-06,0.286917,,
39,amcl,map,0.402273,1.78393,-0.161485,0.10658,0.0382047,-0.0203628,,,
38.988,pf,map,0.500992,1.75438,-0.165379,0.0311947,0.0294056,-0.000213056,7.89808,482.386,0
39.06,odom,map,0.397157,1.81246,-0.125434,0,0,0,,,
39.096,odom,map,0.412868,1.81043,-0.13155,0,0,0,,,
39.132,odom,map,0.428804,1.80827,-0.137566,0,0,0,,,
39.168,odom,map,0.444757,1.80601,-0.143575,0,0,0,,,
39.204,odom,map,0.461008,1.80349,-0.149653,0,0,0,,,
39.204,ekf_predict_only,map,0.52739,1.83508,-0.192957,16.5162,18.5339,-7.5939,,,
39.204,kf,map,0.464307,1.83708,-0.166186,0.0312764,0.0312764,0,0.055625,,
39.204,ekf,map,0.464002,1.8369,-0.166326,0.0343518,0.034468,6.90067e-06,0.111167,,
39.204,pf,map,0.577747,1.73024,-0.201617,0.0304951,0.0290739,0.000376391,4.99246,476.563,0
39.24,odom,map,0.47796,1.79857,-0.157734,0,0,0,,,
39.276,odom,map,0.494895,1.79347,-0.165669,0,0,0,,,
39.312,odom,map,0.511799,1.78818,-0.173495,0,0,0,,,
39.348,odom,map,0.528661,1.78271,-0.180997,0,0,0,,,
39.384,odom,map,0.545478,1.77706,-0.188159,0,0,0,,,
39.42,odom,map,0.561968,1.77274,-0.193761,0,0,0,,,
39.384,kf,map,0.545311,1.82213,-0.19162,0.0311884,0.0311884,0,0.084541,,
39.384,ekf,map,0.545021,1.82193,-0.191923,0.0338336,0.0339369,8.85663e-06,0.060625,,
39.384,ekf_predict_only,map,0.610156,1.81891,-0.215449,16.4148,19.6066,-7.88136,,,
39.384,pf,map,0.648317,1.71583,-0.224154,0.0320625,0.032116,-0.000316593,8.73096,488.188,0
39.456,odom,map,0.578211,1.76951,-0.197904,0,0,0,,,
39.492,odom,map,0.594442,1.76623,-0.201428,0,0,0,,,
39.528,odom,map,0.610662,1.76289,-0.204779,0,0,0,,,
39.564,odom,map,0.626842,1.7595,-0.207831,0,0,0,,,
39.6,odom,map,0.642914,1.75609,-0.210484,0,0,0,,,
39.6,ekf_predict_only,map,0.705891,1.79796,-0.229856,16.2717,20.9059,-8.18582,,,
39.6,ekf,map,0.641138,1.80182,-0.212032,0.0343598,0.0344846,1.45389e-05,0.053916,,
39.6,kf,map,0.641273,1.80212,-0.211399,0.0312764,0.0312764,0,0.124625,,
39.6,amcl,map,0.661372,1.74343,-0.225512,0.103959,0.0324217,-0.025996,,,
39.6,pf,map,0.758581,1.69477,-0.241952,0.0312603,0.0331112,-0.000117329,4.43342,487.339,0
39.636,odom,map,0.658823,1.75267,-0.212768,0,0,0,,,
39.672,odom,map,0.674538,1.74926,-0.214812,0,0,0,,,
39.708,odom,map,0.690204,1.74582,-0.216813,0,0,0,,,
39.744,odom,map,0.70577,1.74238,-0.218677,0,0,0,,,
39.78,odom,map,0.72109,1.73896,-0.220183,0,0,0,,,
39.816,kf,map,0.733878,1.78116,-0.223515,0.0312887,0.0312887,0,0.060292,,
39.816,odom,map,0.738187,1.7334,-0.223898,0,0,0,,,
39.816,ekf_predict_only,map,0.797149,1.77661,-0.238287,16.1284,22.2135,-8.45169,,,
39.816,ekf,map,0.733919,1.78086,-0.224094,0.0344831,0.0346087,1.79647e-05,0.053458,,
39.816,pf,map,0.845827,1.66722,-0.262686,0.0313495,0.0319504,-9.68812e-05,4.63054,481.075,0
39.852,odom,map,0.757929,1.7243,-0.231049,0,0,0,,,
39.888,odom,map,0.777235,1.71501,-0.238053,0,0,0,,,
39.924,odom,map,0.796086,1.70552,-0.244995,0,0,0,,,
39.96,odom,map,0.814692,1.69579,-0.25193,0,0,0,,,
39.996,odom,map,0.83314,1.68581,-0.258867,0,0,0,,,
39.996,ekf_predict_only,map,0.868221,1.75934,-0.241769,16.0248,23.2882,-8.64348,,,
39.996,ekf,map,0.80666,1.76378,-0.229888,0.0338394,0.0339399,1.66098e-05,0.0565,,
39.996,kf,map,0.806543,1.764,-0.229487,0.0311901,0.0311901,0,0.101584,,
40.032,odom,map,0.84775,1.68134,-0.260281,0,0,0,,,
39.996,pf,map,0.93132,1.65901,-0.264794,0.0352963,0.0304378,-0.000553685,8.55138,488.158,0
40.068,odom,map,0.861819,1.67759,-0.26033,0,0,0,,,
40.104,odom,map,0.875703,1.6739,-0.258754,0,0,0,,,
40.14,odom,map,0.889489,1.67027,-0.256812,0,0,0,,,
40.176,odom,map,0.903078,1.66671,-0.254138,0,0,0,,,
40.212,odom,map,0.916528,1.66324,-0.250803,0,0,0,,,
40.212,ekf,map,0.889796,1.74411,-0.217948,0.0343325,0.0344435,2.0788e-05,0.061208,,
40.212,ekf_predict_only,map,0.948866,1.73946,-0.220379,15.9008,24.5494,-8.84706,,,
40.212,kf,map,0.889582,1.74439,-0.216959,0.0312766,0.0312766,0,0.058375,,
40.212,pf,map,1.02103,1.62537,-0.262848,0.0335021,0.0298844,0.000273182,4.68542,466.321,0
40.248,odom,map,0.92985,1.65986,-0.247173,0,0,0,,,
40.284,odom,map,0.943107,1.65654,-0.243496,0,0,0,,,
40.32,odom,map,0.956215,1.65331,-0.239421,0,0,0,,,
40.356,odom,map,0.969072,1.6502,-0.234889,0,0,0,,,
40.392,odom,map,0.981885,1.64716,-0.230293,0,0,0,,,
40.428,odom,map,0.993734,1.64711,-0.223046,0,0,0,,,
40.392,ekf_predict_only,map,1.01141,1.72545,-0.195501,15.83,25.5744,-9.00733,,,
40.392,ekf,map,0.955257,1.72984,-0.198939,0.033815,0.0339037,1.77854e-05,0.227042,,
40.392,kf,map,0.954973,1.73006,-0.198115,0.0311884,0.0311884,0,0.057375,,
40.392,pf,map,1.09015,1.61818,-0.230616,0.0368537,0.0342147,0.00175219,6.59563,476.328,0
40.401,amcl,map,0.97418,1.68647,-0.200526,0.100144,0.058841,-0.0384715,,,
40.464,odom,map,1.0051,1.64833,-0.214614,0,0,0,,,
40.5,odom,map,1.01621,1.64972,-0.205818,0,0,0,,,
40.536,odom,map,1.02708,1.65128,-0.196832,0,0,0,,,
40.572,odom,map,1.03785,1.65298,-0.187814,0,0,0,,,
40.608,odom,map,1.0487,1.65395,-0.179249,0,0,0,,,
40.608,kf,map,1.02744,1.7161,-0.165511,0.0312764,0.0312764,0,0.0585,,
40.608,ekf,map,1.02784,1.71596,-0.166228,0.0343424,0.0344372,1.97787e-05,0.0585,,
40.608,ekf_predict_only,map,1.08064,1.71174,-0.158151,15.7634,26.7402,-9.19129,,,
40.608,pf,map,1.14683,1.61467,-0.211981,0.0328564,0.0307049,0.00305783,4.47596,458.801,0
40.644,odom,map,1.06008,1.65192,-0.173103,0,0,0,,,
40.68,odom,map,1.07119,1.65001,-0.166903,0,0,0,,,
40.716,odom,map,1.08199,1.64823,-0.160746,0,0,0,,,
40.752,odom,map,1.09271,1.64652,-0.1546,0,0,0,,,
40.788,odom,map,1.10328,1.64491,-0.148241,0,0,0,,,
40.788,ekf_predict_only,map,1.1315,1.70363,-0.126244,15.7451,27.6345,-9.33805,,,
40.788,kf,map,1.08188,1.70762,-0.135937,0.0311884,0.0311884,0,0.058416,,
40.824,odom,map,1.11358,1.6434,-0.141853,0,0,0,,,
40.788,ekf,map,1.08231,1.70754,-0.136362,0.0338274,0.0339004,1.52032e-05,0.228791,,
40.788,pf,map,1.1955,1.59525,-0.167737,0.0315063,0.031271,-0.000106299,7.02471,490.728,0
40.86,odom,map,1.12379,1.64198,-0.135472,0,0,0,,,
40.896,odom,map,1.13382,1.64065,-0.128972,0,0,0,,,
40.932,odom,map,1.14353,1.63942,-0.122937,0,0,0,,,
40.968,odom,map,1.15206,1.63838,-0.119314,0,0,0,,,
41.004,odom,map,1.15929,1.63752,-0.11827,0,0,0,,,
41.004,ekf,map,1.12208,1.703,-0.116443,0.0343539,0.0344197,1.3629e-05,0.054125,,
41.004,kf,map,1.11834,1.70338,-0.11807,0.0312764,0.0312764,0,0.058709,,
41.004,ekf_predict_only,map,1.1315,1.70363,-0.126244,15.7951,27.6845,-9.33805,,,
41.004,pf,map,1.25335,1.56892,-0.132658,0.0310982,0.032429,0.00210272,5.93308,471.992,0
41.04,odom,map,1.16525,1.63681,-0.11827,0,0,0,,,
41.076,odom,map,1.16991,1.63626,-0.11827,0,0,0,,,
41.112,odom,map,1.17329,1.63586,-0.11827,0,0,0,,,
41.148,odom,map,1.17538,1.63561,-0.11827,0,0,0,,,
41.184,odom,map,1.17618,1.63551,-0.11827,0,0,0,,,
41.22,odom,map,1.17574,1.6376,-0.117186,0,0,0,,,
41.184,kf,map,1.14251,1.70066,-0.111398,0.0311884,0.0311884,0,0.166708,,
41.184,ekf_predict_only,map,1.1315,1.70363,-0.126244,15.8451,27.7345,-9.33805,,,
41.184,ekf,map,1.14576,1.70031,-0.110306,0.0338343,0.0338758,8.57244e-06,0.061583,,
41.184,pf,map,1.28146,1.57724,-0.139777,0.031849,0.033861,0.000902716,12.9429,483.203,0
41.256,odom,map,1.17491,1.64135,-0.115235,0,0,0,,,
41.292,odom,map,1.17407,1.64509,-0.113285,0,0,0,,,
41.328,odom,map,1.17322,1.64882,-0.111334,0,0,0,,,
41.364,odom,map,1.17235,1.65255,-0.109383,0,0,0,,,
41.4,odom,map,1.17148,1.65627,-0.107432,0,0,0,,,
41.4,ekf_predict_only,map,1.1315,1.70363,-0.126244,15.8951,27.7845,-9.33805,,,
41.4,ekf,map,1.15355,1.69942,-0.108291,0.0343591,0.0343918,6.75272e-06,0.061958,,
41.4,kf,map,1.15163,1.69963,-0.10888,0.0312764,0.0312764,0,0.081417,,
41.4,pf,map,1.26893,1.57577,-0.135761,0.030051,0.0326798,0.00341729,5.24729,472.597,0
41.436,odom,map,1.17145,1.65637,-0.107378,0,0,0,,,
41.472,odom,map,1.17145,1.65637,-0.107378,0,0,0,,,
41.508,odom,map,1.17145,1.65637,-0.107378,0,0,0,,,
41.544,odom,map,1.17145,1.65637,-0.107378,0,0,0,,,
41.58,odom,map,1.17145,1.65637,-0.107378,0,0,0,,,
41.616,kf,map,1.15505,1.69924,-0.107937,0.0312887,0.0312887,0,0.063834,,
41.616,odom,map,1.17145,1.65637,-0.107378,0,0,0,,,
41.616,ekf,map,1.15599,1.69914,-0.107658,0.0344811,0.0345035,4.62208e-06,0.053166,,
41.616,ekf_predict_only,map,1.1315,1.70363,-0.126244,15.9451,27.8345,-9.33805,,,
41.616,pf,map,1.27382,1.57322,-0.136847,0.0307732,0.0308872,0.00137922,12.8977,477.867,0
41.652,odom,map,1.17145,1.65637,-0.107378,0,0,0,,,
41.688,odom,map,1.17145,1.65637,-0.107378,0,0,0,,,
41.724,odom,map,1.17145,1.65637,-0.107378,0,0,0,,,
41.76,odom,map,1.17145,1.65637,-0.107378,0,0,0,,,
41.796,odom,map,1.17145,1.65637,-0.107378,0,0,0,,,
41.796,ekf_predict_only,map,1.1315,1.70363,-0.126244,15.9951,27.8845,-9.33805,,,
41.832,odom,map,1.17145,1.65637,-0.107378,0,0,0,,,
41.796,ekf,map,1.15673,1.69905,-0.107465,0.0338369,0.0338497,2.6375e-06,0.054083,,
41.796,kf,map,1.15632,1.6991,-0.107586,0.0311901,0.0311901,0,0.06975,,
41.796,pf,map,1.26567,1.58082,-0.139441,0.029301,0.029627,-0.00109567,7.6585,487.81,0
41.868,odom,map,1.17163,1.65635,-0.107451,0,0,0,,,
41.904,odom,map,1.17222,1.65629,-0.107598,0,0,0,,,
41.94,odom,map,1.173,1.6562,-0.107878,0,0,0,,,
41.976,odom,map,1.17427,1.65607,-0.108233,0,0,0,,,
42.012,odom,map,1.1759,1.65589,-0.108664,0,0,0,,,
42.012,ekf_predict_only,map,1.14218,1.70227,-0.129083,16.0338,28.1145,-9.37137,,,
42.012,kf,map,1.16359,1.69831,-0.10932,0.0312766,0.0312766,0,0.056292,,
42.012,ekf,map,1.16339,1.69833,-0.109175,0.0343287,0.0343385,1.99414e-06,0.485875,,
42.012,pf,map,1.25902,1.57601,-0.137791,0.0342372,0.0319602,-0.0024051,4.93708,485.719,0
42.048,odom,map,1.17768,1.65569,-0.109137,0,0,0,,,
42.084,odom,map,1.17967,1.65547,-0.109838,0,0,0,,,
42.12,odom,map,1.18194,1.65522,-0.110975,0,0,0,,,
42.156,odom,map,1.18461,1.65492,-0.11288,0,0,0,,,
42.192,odom,map,1.18736,1.65461,-0.11495,0,0,0,,,
42.228,odom,map,1.19029,1.65427,-0.117289,0,0,0,,,
42.192,kf,map,1.17535,1.697,-0.117697,0.0311884,0.0311884,0,0.10775,,
42.192,ekf_predict_only,map,1.1578,1.70024,-0.142022,16.0668,28.4294,-9.4195,,,
42.192,ekf,map,1.17524,1.69703,-0.118315,0.0338116,0.0338178,1.23175e-06,0.059792,,
42.192,pf,map,1.2858,1.59812,-0.152455,0.0321326,0.0341618,0.000516878,13.6623,491.286,0
42.264,odom,map,1.19351,1.65388,-0.120201,0,0,0,,,
42.3,odom,map,1.19659,1.65351,-0.123941,0,0,0,,,
42.336,odom,map,1.19937,1.65315,-0.129177,0,0,0,,,
42.372,odom,map,1.20199,1.6528,-0.134815,0,0,0,,,
42.408,ekf_predict_only,map,1.17119,1.69833,-0.186872,16.1008,28.7083,-9.45906,,,
42.408,odom,map,1.20431,1.65248,-0.141482,0,0,0,,,
42.408,kf,map,1.18951,1.69523,-0.149367,0.0312764,0.0312764,0,0.084041,,
42.408,ekf,map,1.18955,1.69526,-0.148271,0.0343384,0.0343442,1.05067e-06,1.42546,,
42.408,pf,map,1.29384,1.57855,-0.160243,0.029569,0.0299989,0.000674441,4.52783,476.231,0
42.444,odom,map,1.2065,1.65216,-0.149399,0,0,0,,,
42.48,odom,map,1.20867,1.65183,-0.157919,0,0,0,,,
42.516,odom,map,1.21087,1.65147,-0.166892,0,0,0,,,
42.552,odom,map,1.21317,1.65107,-0.177311,0,0,0,,,
42.588,odom,map,1.21555,1.65063,-0.188292,0,0,0,,,
42.588,ekf_predict_only,map,1.18345,1.69601,-0.244069,16.1315,28.9691,-9.4902,,,
42.624,odom,map,1.218,1.65015,-0.199731,0,0,0,,,
42.588,ekf,map,1.20142,1.69334,-0.193846,0.0338243,0.0338285,7.21733e-07,0.058625,,
42.588,kf,map,1.20144,1.69331,-0.195164,0.0311884,0.0311884,0,0.053084,,
42.588,pf,map,1.30708,1.58782,-0.220282,0.0307837,0.0294972,0.00130768,7.0715,495.537,0
42.66,odom,map,1.22062,1.6496,-0.211684,0,0,0,,,
42.696,odom,map,1.22349,1.64896,-0.224592,0,0,0,,,
42.732,odom,map,1.22637,1.64828,-0.237653,0,0,0,,,
42.768,odom,map,1.22948,1.64751,-0.251141,0,0,0,,,
42.804,odom,map,1.23292,1.6466,-0.265285,0,0,0,,,
42.804,ekf_predict_only,map,1.2065,1.69027,-0.33336,16.1339,29.4187,-9.53602,,,
42.804,ekf,map,1.22049,1.68914,-0.27087,0.0343512,0.0343561,8.30708e-07,0.081334,,
42.804,kf,map,1.22087,1.68904,-0.27246,0.0312764,0.0312764,0,0.103125,,
42.801,amcl,map,1.21737,1.65958,-0.237516,0.0908858,0.0704655,-0.0448447,,,
42.804,pf,map,1.33646,1.57357,-0.285906,0.0303495,0.0321193,-0.000602128,5.21075,460.82,0
42.84,odom,map,1.23663,1.64556,-0.280004,0,0,0,,,
42.876,odom,map,1.24043,1.64444,-0.294886,0,0,0,,,
42.912,odom,map,1.2444,1.6432,-0.310124,0,0,0,,,
42.948,odom,map,1.24864,1.6418,-0.325703,0,0,0,,,
42.984,odom,map,1.25307,1.64027,-0.341422,0,0,0,,,
43.02,odom,map,1.25767,1.63859,-0.357511,0,0,0,,,
42.984,ekf_predict_only,map,1.22981,1.6822,-0.414065,16.1174,29.8778,-9.56121,,,
42.984,ekf,map,1.24051,1.68282,-0.344704,0.0338327,0.0338375,9.62061e-07,0.059625,,
42.984,pf,map,1.36355,1.5633,-0.362452,0.0308186,0.0329553,0.000430775,9.47029,471.37,0
42.984,kf,map,1.24094,1.68272,-0.345838,0.0311884,0.0311884,0,0.2125,,
43.056,odom,map,1.26244,1.63676,-0.373674,0,0,0,,,
43.092,odom,map,1.26768,1.63466,-0.389903,0,0,0,,,
43.128,odom,map,1.2732,1.63234,-0.406339,0,0,0,,,
43.164,odom,map,1.27885,1.62985,-0.422877,0,0,0,,,
43.2,odom,map,1.2847,1.62716,-0.439796,0,0,0,,,
43.2,kf,map,1.2738,1.66942,-0.443469,0.0312764,0.0312764,0,0.054,,
43.2,ekf_predict_only,map,1.26742,1.66567,-0.517838,16.033,30.5976,-9.56692,,,
43.2,ekf,map,1.27311,1.66957,-0.442513,0.0343583,0.0343663,2.18767e-06,0.105166,,
43.2,pf,map,1.39249,1.54234,-0.470867,0.0291779,0.0306804,0.000745682,4.82667,480.825,0
43.236,odom,map,1.29079,1.62423,-0.457029,0,0,0,,,
43.272,odom,map,1.29722,1.621,-0.474493,0,0,0,,,
43.308,odom,map,1.30384,1.61752,-0.492014,0,0,0,,,
43.344,odom,map,1.31069,1.61377,-0.509605,0,0,0,,,
43.38,odom,map,1.31798,1.60961,-0.527555,0,0,0,,,
43.416,ekf_predict_only,map,1.31167,1.64046,-0.625807,15.8827,31.4515,-9.51379,,,
43.416,kf,map,1.31424,1.64779,-0.54775,0.0312887,0.0312887,0,0.061667,,
43.416,odom,map,1.32528,1.60527,-0.545549,0,0,0,,,
43.416,ekf,map,1.31348,1.64789,-0.547086,0.0344817,0.0344931,4.35346e-06,0.057541,,
43.401,amcl,map,1.30718,1.62339,-0.520311,0.0776947,0.0548828,-0.0417919,,,
43.416,pf,map,1.42845,1.52195,-0.576718,0.0358537,0.0309552,-0.000101372,5.18125,466.183,0
43.452,odom,map,1.3327,1.60067,-0.563562,0,0,0,,,
43.488,odom,map,1.34066,1.59554,-0.581808,0,0,0,,,
43.524,odom,map,1.34881,1.59007,-0.600114,0,0,0,,,
43.56,odom,map,1.357,1.58435,-0.618426,0,0,0,,,
43.596,odom,map,1.36535,1.5783,-0.63685,0,0,0,,,
43.596,ekf_predict_only,map,1.35678,1.60786,-0.718395,15.6818,32.3386,-9.38483,,,
43.596,ekf,map,1.35424,1.62031,-0.63777,0.0338395,0.0338522,6.90472e-06,0.1125,,
43.596,kf,map,1.35504,1.62014,-0.638159,0.0311901,0.0311901,0,0.056875,,
43.632,odom,map,1.37207,1.5745,-0.65112,0,0,0,,,
43.596,pf,map,1.46755,1.50215,-0.673773,0.0345355,0.0306624,-0.00136375,9.28575,475.055,0
43.668,odom,map,1.37884,1.5706,-0.664787,0,0,0,,,
43.704,odom,map,1.38573,1.56637,-0.678409,0,0,0,,,
43.74,odom,map,1.39271,1.56182,-0.692106,0,0,0,,,
43.776,odom,map,1.39989,1.55685,-0.705656,0,0,0,,,
43.812,odom,map,1.40813,1.5504,-0.720829,0,0,0,,,
43.812,ekf_predict_only,map,1.41619,1.55592,-0.829443,15.3515,33.5185,-9.10843,,,
43.812,kf,map,1.41069,1.57436,-0.748085,0.0312766,0.0312766,0,0.108167,,
43.812,ekf,map,1.40969,1.57455,-0.747877,0.0343373,0.0343562,1.53149e-05,0.062334,,
43.8,amcl,map,1.4237,1.53567,-0.742261,0.0632884,0.0525003,-0.0395591,,,
43.812,pf,map,1.52209,1.46975,-0.791269,0.0345049,0.0326435,0.00044427,6.50067,477.657,0
43.848,odom,map,1.41793,1.54163,-0.739337,0,0,0,,,
43.884,odom,map,1.42773,1.53253,-0.757861,0,0,0,,,
43.92,odom,map,1.43778,1.52283,-0.776336,0,0,0,,,
43.956,odom,map,1.44783,1.51278,-0.794671,0,0,0,,,
43.992,odom,map,1.45795,1.50228,-0.812805,0,0,0,,,
43.992,ekf,map,1.45771,1.52511,-0.839572,0.0338255,0.033842,2.01923e-05,0.06075,,
44.028,odom,map,1.46803,1.49143,-0.831157,0,0,0,,,
43.992,ekf_predict_only,map,1.46646,1.50102,-0.921449,15.0255,34.549,-8.74513,,,
43.992,kf,map,1.45859,1.52495,-0.839654,0.0311884,0.0311884,0,0.056875,,
43.992,pf,map,1.57392,1.40882,-0.870241,0.0381273,0.0328472,0.00170283,5.64129,468.832,0
44.064,odom,map,1.47795,1.48036,-0.849561,0,0,0,,,
44.1,odom,map,1.48773,1.46903,-0.867729,0,0,0,,,
44.136,odom,map,1.4974,1.45741,-0.885702,0,0,0,,,
44.172,odom,map,1.50693,1.44553,-0.9036,0,0,0,,,
44.208,odom,map,1.51622,1.43337,-0.921541,0,0,0,,,
44.208,ekf,map,1.51363,1.45562,-0.946825,0.0343666,0.0343814,3.38875e-05,0.054416,,
44.208,kf,map,1.51449,1.45566,-0.946628,0.0312764,0.0312764,0,0.055084,,
44.208,ekf_predict_only,map,1.52221,1.42758,-1.02651,14.6146,35.7128,-8.18649,,,
44.202,amcl,map,1.56193,1.39288,-0.967888,0.0469669,0.0543009,-0.0354498,,,
44.208,pf,map,1.63752,1.32286,-0.977497,0.0328092,0.0311803,-0.000288603,5.47687,431.481,0
44.244,odom,map,1.52502,1.4208,-0.940494,0,0,0,,,
44.28,odom,map,1.53357,1.40803,-0.959419,0,0,0,,,
44.316,odom,map,1.54186,1.39507,-0.977997,0,0,0,,,
44.352,odom,map,1.54992,1.38186,-0.99616,0,0,0,,,
44.388,odom,map,1.55779,1.36837,-1.01389,0,0,0,,,
44.424,odom,map,1.56578,1.35486,-1.03052,0,0,0,,,
44.388,ekf,map,1.55557,1.39069,-1.03057,0.0338585,0.0338632,3.52088e-05,0.053625,,
44.388,kf,map,1.55625,1.39083,-1.03021,0.0311884,0.0311884,0,0.060917,,
44.388,ekf_predict_only,map,1.56294,1.36028,-1.10679,14.2847,36.5941,-7.61474,,,
44.388,pf,map,1.67091,1.25084,-1.05349,0.0315338,0.0292356,0.00126269,7.32383,485.517,0
44.46,odom,map,1.57382,1.34122,-1.04626,0,0,0,,,
44.496,odom,map,1.58171,1.32733,-1.06149,0,0,0,,,
44.532,odom,map,1.58941,1.3133,-1.07637,0,0,0,,,
44.568,odom,map,1.59689,1.29917,-1.09105,0,0,0,,,
44.604,odom,map,1.60432,1.28475,-1.10557,0,0,0,,,
44.604,ekf_predict_only,map,1.60591,1.27443,-1.18929,13.9093,37.5373,-6.82882,,,
44.604,kf,map,1.60137,1.30699,-1.11922,0.0312764,0.0312764,0,0.062333,,
44.604,ekf,map,1.60062,1.30673,-1.12001,0.0344059,0.0343961,4.75713e-05,0.064417,,
44.604,pf,map,1.71213,1.17098,-1.15275,0.033602,0.025843,0.00192788,4.53804,487.699,0
44.64,odom,map,1.61421,1.26653,-1.1228,0,0,0,,,
44.676,odom,map,1.62375,1.24815,-1.13983,0,0,0,,,
44.712,odom,map,1.63296,1.22962,-1.15683,0,0,0,,,
44.748,odom,map,1.64177,1.21109,-1.17345,0,0,0,,,
44.784,odom,map,1.65014,1.19267,-1.18955,0,0,0,,,
44.784,ekf_predict_only,map,1.6345,1.20317,-1.25158,13.657,38.1908,-6.13731,,,
44.82,odom,map,1.65682,1.17657,-1.20353,0,0,0,,,
44.784,ekf,map,1.63171,1.23477,-1.18757,0.0338888,0.0338679,4.24091e-05,0.062083,,
44.784,kf,map,1.63226,1.23514,-1.18684,0.0311884,0.0311884,0,0.108541,,
44.802,amcl,map,1.68889,1.14872,-1.23756,0.0394464,0.0708082,-0.0345156,,,
44.784,pf,map,1.74571,1.10711,-1.22493,0.034731,0.0302954,0.00132368,8.65821,477.973,0
44.856,odom,map,1.66224,1.1622,-1.21599,0,0,0,,,
44.892,odom,map,1.66743,1.14794,-1.22826,0,0,0,,,
44.928,odom,map,1.67235,1.13386,-1.2404,0,0,0,,,
44.964,odom,map,1.67705,1.11989,-1.25231,0,0,0,,,
45,odom,map,1.68156,1.10594,-1.26403,0,0,0,,,
45,ekf_predict_only,map,1.66211,1.11964,-1.3219,13.4116,38.8307,-5.29369,,,
45,kf,map,1.66265,1.15045,-1.26083,0.0312764,0.0312764,0,0.062625,,
45,ekf,map,1.66215,1.14999,-1.26144,0.0344338,0.0343932,4.88813e-05,0.059208,,
45,pf,map,1.77567,1.02266,-1.29502,0.0316321,0.0285048,-0.000651268,6.90175,481.272,0
45.036,odom,map,1.69027,1.08764,-1.27943,0,0,0,,,
45.072,odom,map,1.69871,1.06937,-1.29455,0,0,0,,,
45.108,odom,map,1.70678,1.0512,-1.30957,0,0,0,,,
45.144,odom,map,1.71453,1.03293,-1.32461,0,0,0,,,
45.18,odom,map,1.72192,1.01475,-1.33964,0,0,0,,,
45.216,ekf_predict_only,map,1.68244,1.03961,-1.38897,13.2385,39.3198,-4.45832,,,
45.216,ekf,map,1.68509,1.06821,-1.32967,0.0345624,0.0345094,4.56884e-05,0.057333,,
45.216,kf,map,1.68552,1.06869,-1.32931,0.0312887,0.0312887,0,0.05725,,
45.216,odom,map,1.72743,0.998449,-1.35321,0,0,0,,,
45.216,pf,map,1.77843,0.926172,-1.36677,0.0284099,0.0294479,0.00032353,15.5751,475.422,0
45.252,odom,map,1.73033,0.984996,-1.36439,0,0,0,,,
45.288,odom,map,1.73305,0.971606,-1.37607,0,0,0,,,
45.324,odom,map,1.73556,0.958429,-1.38936,0,0,0,,,
45.36,odom,map,1.73784,0.945514,-1.40373,0,0,0,,,
45.396,odom,map,1.73991,0.93265,-1.41842,0,0,0,,,
45.396,ekf_predict_only,map,1.69398,0.976882,-1.46637,13.1549,39.6204,-3.78891,,,
45.396,kf,map,1.69912,1.00337,-1.39965,0.0311901,0.0311901,0,0.060459,,
45.432,odom,map,1.74177,0.919896,-1.43349,0,0,0,,,
45.396,ekf,map,1.69891,1.00294,-1.39918,0.0339057,0.0338556,3.34329e-05,0.058791,,
45.402,amcl,map,1.73579,0.951917,-1.42172,0.0313113,0.0734143,-0.0257639,,,
45.396,pf,map,1.80057,0.858518,-1.43233,0.028774,0.0265689,0.000553706,6.78446,499.599,0
45.468,odom,map,1.74341,0.9073,-1.4493,0,0,0,,,
45.504,odom,map,1.74483,0.894789,-1.46599,0,0,0,,,
45.54,odom,map,1.74604,0.882276,-1.48284,0,0,0,,,
45.576,odom,map,1.74703,0.869917,-1.50015,0,0,0,,,
45.612,odom,map,1.74798,0.857006,-1.51942,0,0,0,,,
45.612,ekf_predict_only,map,1.70168,0.903399,-1.57728,13.0947,39.8385,-2.99289,,,
45.612,kf,map,1.70921,0.928023,-1.50106,0.0312766,0.0312766,0,0.123458,,
45.612,ekf,map,1.70903,0.927662,-1.50001,0.0344093,0.0343448,3.2461e-05,0.083583,,
45.612,pf,map,1.82027,0.795543,-1.53304,0.0273163,0.0332082,-0.00110119,4.70792,496.768,0
45.648,odom,map,1.74905,0.842681,-1.54142,0,0,0,,,
45.684,odom,map,1.74977,0.82835,-1.56376,0,0,0,,,
45.72,odom,map,1.75014,0.814017,-1.58649,0,0,0,,,
45.756,odom,map,1.75014,0.799736,-1.61001,0,0,0,,,
45.792,odom,map,1.74979,0.785617,-1.63402,0,0,0,,,
45.792,ekf_predict_only,map,1.70129,0.843267,-1.68117,13.092,39.88,-2.33557,,,
45.792,ekf,map,1.73983,0.895892,-1.58299,0.0127356,0.0200953,-0.000761909,0.133041,,
45.792,kf,map,1.70833,0.8915,-1.56159,0.031063,0.0193328,0.00121904,0.120833,,
45.828,odom,map,1.74895,0.77304,-1.65571,0,0,0,,,
45.801,amcl,map,1.76316,0.811973,-1.61041,0.023783,0.067543,-0.0202099,,,
45.792,pf,map,1.79597,0.834457,-1.63607,0.0115868,0.0173163,-0.000840733,6.32883,391.283,0
45.864,odom,map,1.74782,0.761235,-1.67689,0,0,0,,,
45.9,odom,map,1.74647,0.749682,-1.69859,0,0,0,,,
45.936,odom,map,1.74487,0.738257,-1.72047,0,0,0,,,
45.972,odom,map,1.74305,0.727034,-1.74244,0,0,0,,,
46.008,odom,map,1.74105,0.716177,-1.76467,0,0,0,,,
46.008,ekf_predict_only,map,1.69406,0.778063,-1.81497,13.1231,39.7723,-1.62313,,,
46.008,kf,map,1.7021,0.836409,-1.67349,0.0311075,0.0186946,0.00145593,0.124875,,
46.008,ekf,map,1.74494,0.841738,-1.70767,0.011733,0.0195306,-0.000789431,0.200875,,
46.008,pf,map,1.78431,0.809601,-1.75635,0.0101703,0.020215,-0.000140329,5.78871,417.785,0
46.044,odom,map,1.73887,0.705726,-1.78714,0,0,0,,,
46.08,odom,map,1.73656,0.695726,-1.80988,0,0,0,,,
46.116,odom,map,1.73403,0.685831,-1.83263,0,0,0,,,
46.152,odom,map,1.73134,0.676247,-1.85557,0,0,0,,,
46.188,odom,map,1.72853,0.667035,-1.87877,0,0,0,,,
46.224,odom,map,1.72521,0.661982,-1.90019,0,0,0,,,
46.188,ekf_predict_only,map,1.68298,0.733584,-1.93214,13.1832,39.5814,-1.14101,,,
46.188,kf,map,1.69219,0.781172,-1.77704,0.0309565,0.0186624,0.00170062,0.111833,,
46.188,ekf,map,1.74081,0.786546,-1.81973,0.0108417,0.0192246,-0.000955879,0.247042,,
46.2,amcl,map,1.7484,0.682648,-1.86676,0.0214343,0.0531092,-0.012859,,,
46.188,pf,map,1.79453,0.740642,-1.87785,0.0103887,0.0139893,0.00152927,7.7965,463.85,0
46.26,odom,map,1.72149,0.659174,-1.9205,0,0,0,,,
46.296,odom,map,1.71767,0.656602,-1.94092,0,0,0,,,
46.332,odom,map,1.71389,0.654656,-1.96163,0,0,0,,,
46.368,odom,map,1.70998,0.652855,-1.98236,0,0,0,,,
46.404,odom,map,1.70602,0.650947,-2.00326,0,0,0,,,
46.404,ekf_predict_only,map,1.66712,0.691612,-2.0765,13.2598,39.2887,-0.692603,,,
46.404,ekf,map,1.73954,0.738864,-1.95656,0.0101188,0.0193796,-0.00132769,0.102458,,
46.404,kf,map,1.67555,0.730174,-1.89726,0.0309267,0.0188216,0.00207964,0.122375,,
46.404,pf,map,1.78271,0.676132,-2.00696,0.00899515,0.0126723,0.00112079,5.87929,436.202,0
46.44,odom,map,1.70276,0.644105,-2.02728,0,0,0,,,
46.476,odom,map,1.69947,0.637604,-2.05148,0,0,0,,,
46.512,odom,map,1.69618,0.631474,-2.07572,0,0,0,,,
46.548,odom,map,1.69278,0.6255,-2.09996,0,0,0,,,
46.584,odom,map,1.68939,0.619859,-2.12404,0,0,0,,,
46.62,odom,map,1.68827,0.614197,-2.14674,0,0,0,,,
46.584,ekf_predict_only,map,1.65203,0.664364,-2.19603,13.3361,39.0149,-0.407508,,,
46.584,kf,map,1.6598,0.690535,-2.00622,0.0306978,0.0189162,0.00244654,0.164334,,
46.584,ekf,map,1.72863,0.701244,-2.0753,0.0095041,0.0190827,-0.0015665,0.484083,,
46.602,amcl,map,1.72359,0.600832,-2.13608,0.0170187,0.0430264,-0.00486399,,,
46.584,pf,map,1.78981,0.660738,-2.13653,0.00946692,0.0143027,-5.50467e-05,6.44963,345.589,0
46.656,odom,map,1.689,0.608587,-2.16845,0,0,0,,,
46.692,odom,map,1.68971,0.603176,-2.19016,0,0,0,,,
46.728,odom,map,1.69041,0.59797,-2.21183,0,0,0,,,
46.764,odom,map,1.69129,0.593188,-2.23337,0,0,0,,,
46.8,odom,map,1.69225,0.588677,-2.25485,0,0,0,,,
46.8,ekf_predict_only,map,1.63535,0.641258,-2.33799,13.414,38.7095,-0.171388,,,
46.8,kf,map,1.64074,0.660095,-2.12914,0.0305917,0.0191557,0.00287326,0.11225,,
46.8,ekf,map,1.72266,0.675859,-2.21438,0.00923237,0.0191795,-0.00200085,0.099542,,
46.8,pf,map,1.77938,0.630878,-2.28216,0.00928087,0.0172159,-0.00167503,5.93912,360.469,0
46.836,odom,map,1.68931,0.585012,-2.27845,0,0,0,,,
46.872,odom,map,1.68638,0.581659,-2.30197,0,0,0,,,
46.908,odom,map,1.6836,0.578632,-2.32541,0,0,0,,,
46.944,odom,map,1.68094,0.575874,-2.34866,0,0,0,,,
46.98,odom,map,1.67827,0.573227,-2.37186,0,0,0,,,
47.016,odom,map,1.67591,0.570096,-2.3955,0,0,0,,,
47.016,ekf_predict_only,map,1.62103,0.626405,-2.47529,13.4846,38.4565,-0.0241892,,,
47.016,kf,map,1.6245,0.636258,-2.24621,0.0304034,0.0193597,0.00324391,0.109791,,
47.016,ekf,map,1.72064,0.657155,-2.34968,0.00907556,0.0191041,-0.00227935,0.753792,,
47.001,amcl,map,1.69044,0.569117,-2.3887,0.0151621,0.0335927,-0.00117936,,,
47.016,pf,map,1.78628,0.598214,-2.43607,0.00732207,0.01775,9.63913e-05,9.70096,392.646,0
47.052,odom,map,1.67401,0.566107,-2.41997,0,0,0,,,
47.088,odom,map,1.6722,0.562321,-2.44435,0,0,0,,,
47.124,odom,map,1.67056,0.558775,-2.46844,0,0,0,,,
47.16,odom,map,1.66902,0.555407,-2.49238,0,0,0,,,
47.196,odom,map,1.66759,0.552205,-2.5162,0,0,0,,,
47.196,kf,map,1.61445,0.623208,-2.3632,0.0301661,0.0194507,0.0034644,0.109375,,
47.232,odom,map,1.6661,0.550913,-2.53798,0,0,0,,,
47.196,ekf_predict_only,map,1.614,0.620877,-2.58273,13.5428,38.3584,0.0287875,,,
47.196,ekf,map,1.70249,0.64337,-2.4638,0.00885288,0.0188002,-0.00234336,0.550917,,
47.196,pf,map,1.75512,0.620612,-2.52733,0.00687951,0.0168948,-0.0010456,6.18146,364.576,0
47.268,odom,map,1.66461,0.549914,-2.55947,0,0,0,,,
47.304,odom,map,1.66327,0.549051,-2.58093,0,0,0,,,
47.34,odom,map,1.66224,0.548415,-2.60187,0,0,0,,,
47.376,odom,map,1.66144,0.547945,-2.62234,0,0,0,,,
47.412,ekf_predict_only,map,1.61172,0.619453,-2.70477,13.5949,38.3606,0.0420153,,,
47.412,odom,map,1.66158,0.547584,-2.6428,0,0,0,,,
47.412,ekf,map,1.7026,0.639523,-2.58802,0.00898097,0.0189177,-0.00259154,0.117917,,
47.412,kf,map,1.60823,0.616354,-2.48106,0.0301564,0.0195931,0.00361666,0.10575,,
47.4,amcl,map,1.67239,0.566862,-2.62812,0.0156803,0.0272548,-0.00106338,,,
47.412,pf,map,1.73097,0.615234,-2.63242,0.00724629,0.0134933,-0.000171103,7.29783,358.78,0
47.448,odom,map,1.66307,0.546988,-2.66358,0,0,0,,,
47.484,odom,map,1.66473,0.546489,-2.684,0,0,0,,,
47.52,odom,map,1.66673,0.546158,-2.70372,0,0,0,,,
47.556,odom,map,1.66882,0.545865,-2.72325,0,0,0,,,
47.592,odom,map,1.67096,0.54559,-2.74267,0,0,0,,,
47.592,ekf_predict_only,map,1.61402,0.620528,-2.79841,13.6433,38.459,0.0324736,,,
47.592,ekf,map,1.70933,0.632573,-2.68391,0.0088457,0.0187203,-0.00251346,0.088,,
47.592,kf,map,1.60942,0.608415,-2.57016,0.0300505,0.0195653,0.00363654,0.109166,,
47.628,odom,map,1.67187,0.545641,-2.76161,0,0,0,,,
47.592,pf,map,1.75197,0.590582,-2.73618,0.0080817,0.0152291,-0.00161294,15.6368,341.046,0
47.664,odom,map,1.67242,0.545856,-2.77979,0,0,0,,,
47.7,odom,map,1.67303,0.546079,-2.79728,0,0,0,,,
47.736,odom,map,1.67371,0.546317,-2.81451,0,0,0,,,
47.772,odom,map,1.67445,0.546562,-2.8316,0,0,0,,,
47.808,ekf_predict_only,map,1.6182,0.622021,-2.8982,13.6911,38.5969,0.0199205,,,
47.808,ekf,map,1.71425,0.634007,-2.78847,0.00887298,0.0189737,-0.00250247,0.307875,,
47.808,odom,map,1.6752,0.547166,-2.84806,0,0,0,,,
47.808,kf,map,1.61191,0.609452,-2.67085,0.0301602,0.0195895,0.00361172,0.207625,,
47.802,amcl,map,1.67773,0.569326,-2.82137,0.0136839,0.0226965,0.00193342,,,
47.808,pf,map,1.76891,0.583549,-2.85144,0.00699268,0.0162927,9.98348e-05,10.9073,363.699,0
47.844,odom,map,1.67613,0.549104,-2.86264,0,0,0,,,
47.88,odom,map,1.67715,0.55106,-2.87659,0,0,0,,,
47.916,odom,map,1.67815,0.552997,-2.89021,0,0,0,,,
47.952,odom,map,1.6791,0.554911,-2.90335,0,0,0,,,
47.988,odom,map,1.68005,0.556813,-2.91627,0,0,0,,,
48.024,odom,map,1.68062,0.557549,-2.92905,0,0,0,,,
47.988,kf,map,1.61547,0.605174,-2.74421,0.0301002,0.0195157,0.00356393,0.109958,,
47.988,ekf,map,1.7108,0.627307,-2.85738,0.00871668,0.0188,-0.00236683,0.09325,,
47.988,ekf_predict_only,map,1.6182,0.622021,-2.93944,13.7411,38.6469,0.0199205,,,
47.988,pf,map,1.7611,0.578237,-2.9204,0.00824436,0.0196597,-0.000852305,10.0062,364.84,0
48.06,odom,map,1.68062,0.557549,-2.93993,0,0,0,,,
48.096,odom,map,1.68062,0.557549,-2.94821,0,0,0,,,
48.132,odom,map,1.68062,0.557549,-2.95391,0,0,0,,,
48.168,odom,map,1.68062,0.557549,-2.95701,0,0,0,,,
48.204,odom,map,1.68062,0.557668,-2.95762,0,0,0,,,
48.204,ekf_predict_only,map,1.6182,0.622021,-2.93944,13.7911,38.6969,0.0199205,,,
48.204,ekf,map,1.70869,0.622501,-2.89596,0.00879846,0.0190078,-0.00244676,0.266583,,
48.204,kf,map,1.61783,0.601406,-2.78654,0.0301988,0.0195508,0.00355456,0.101791,,
48.204,pf,map,1.76742,0.57296,-2.97751,0.00713032,0.0167833,-0.000491446,6.20267,346.351,0
48.24,odom,map,1.68064,0.559811,-2.95738,0,0,0,,,
48.276,odom,map,1.68065,0.561955,-2.95714,0,0,0,,,
48.312,odom,map,1.68067,0.564099,-2.95689,0,0,0,,,
48.348,odom,map,1.68068,0.566243,-2.95665,0,0,0,,,
48.384,odom,map,1.68069,0.568386,-2.95641,0,0,0,,,
48.42,odom,map,1.6807,0.569339,-2.9563,0,0,0,,,
48.384,ekf,map,1.7123,0.629338,-2.90601,0.00868309,0.0187645,-0.00245483,0.105375,,
48.384,kf,map,1.61675,0.606459,-2.79465,0.0301201,0.0194958,0.00353425,0.215459,,
48.384,ekf_predict_only,map,1.6182,0.622021,-2.93944,13.8411,38.7469,0.0199205,,,
48.384,pf,map,1.76039,0.593394,-2.96982,0.00714616,0.0182184,-0.00075895,12.9064,347.177,0
48.456,odom,map,1.6807,0.569339,-2.9563,0,0,0,,,
48.492,odom,map,1.6807,0.569339,-2.9563,0,0,0,,,
48.528,odom,map,1.6807,0.569339,-2.9563,0,0,0,,,
48.564,odom,map,1.6807,0.569339,-2.9563,0,0,0,,,
48.6,odom,map,1.6803,0.569264,-2.95626,0,0,0,,,
48.6,ekf_predict_only,map,1.60998,0.620336,-2.93906,13.8936,38.624,0.0314241,,,
48.6,ekf,map,1.71318,0.630755,-2.90831,0.00885258,0.0189679,-0.00253101,0.108208,,
48.6,kf,map,1.61345,0.606242,-2.7931,0.0301723,0.0195773,0.00359382,0.109958,,
48.6,pf,map,1.74013,0.600757,-2.96014,0.00813193,0.0202315,-0.00165784,6.25283,326.638,0
48.636,odom,map,1.67937,0.569266,-2.95375,0,0,0,,,
48.672,odom,map,1.67813,0.569204,-2.95108,0,0,0,,,
48.708,odom,map,1.67568,0.568895,-2.94841,0,0,0,,,
48.744,odom,map,1.67221,0.568366,-2.94534,0,0,0,,,
48.78,odom,map,1.66832,0.567726,-2.94208,0,0,0,,,
48.816,odom,map,1.66405,0.566934,-2.93963,0,0,0,,,
48.816,kf,map,1.59346,0.59732,-2.78128,0.0299451,0.0198185,0.00392191,0.103041,,
48.816,ekf,map,1.69908,0.626813,-2.90374,0.00905904,0.0188354,-0.00282937,0.103542,,
48.816,ekf_predict_only,map,1.57785,0.613738,-2.93289,13.9538,38.0051,0.0751758,,,
48.816,pf,map,1.73656,0.603092,-2.94786,0.00706766,0.0164989,-0.00181023,14.3117,383.902,0
48.852,odom,map,1.65842,0.565779,-2.93844,0,0,0,,,
48.888,odom,map,1.65198,0.564448,-2.93716,0,0,0,,,
48.924,odom,map,1.64522,0.563042,-2.93587,0,0,0,,,
48.96,odom,map,1.63818,0.561568,-2.93466,0,0,0,,,
48.996,odom,map,1.63039,0.559928,-2.93366,0,0,0,,,
49.032,odom,map,1.62198,0.55815,-2.93284,0,0,0,,,
48.996,kf,map,1.56384,0.58156,-2.78301,0.0294269,0.0201867,0.00439532,0.174042,,
48.996,ekf_predict_only,map,1.53463,0.604585,-2.92907,14.0188,37.1718,0.133457,,,
48.996,ekf,map,1.66228,0.613987,-2.90121,0.00924124,0.0183051,-0.00319934,0.170417,,
48.996,pf,map,1.70526,0.578587,-2.94879,0.00798336,0.0176828,-0.00222167,16.5582,394.933,0
49.068,odom,map,1.6131,0.556266,-2.93225,0,0,0,,,
49.104,odom,map,1.60385,0.554298,-2.93179,0,0,0,,,
49.14,odom,map,1.59428,0.552259,-2.9317,0,0,0,,,
49.176,odom,map,1.58433,0.550141,-2.93177,0,0,0,,,
49.212,odom,map,1.57382,0.547904,-2.93215,0,0,0,,,
49.212,ekf_predict_only,map,1.47114,0.590884,-2.93173,14.0927,35.9587,0.214262,,,
49.212,ekf,map,1.60926,0.610048,-2.89937,0.0101372,0.0178672,-0.00396893,0.20325,,
49.212,kf,map,1.51038,0.567009,-2.77961,0.028706,0.0210326,0.00511029,0.12,,
49.212,pf,map,1.65116,0.568918,-2.93944,0.00795531,0.017803,-0.00214432,7.13871,360.705,0
49.248,odom,map,1.56323,0.545656,-2.93259,0,0,0,,,
49.284,odom,map,1.55254,0.54339,-2.93318,0,0,0,,,
49.32,odom,map,1.54155,0.541072,-2.93412,0,0,0,,,
49.356,odom,map,1.53023,0.538696,-2.93532,0,0,0,,,
49.392,odom,map,1.51873,0.536297,-2.93663,0,0,0,,,
49.428,odom,map,1.50696,0.53386,-2.93829,0,0,0,,,
49.392,ekf_predict_only,map,1.4122,0.578331,-2.9404,14.1663,34.873,0.279765,,,
49.392,kf,map,1.46275,0.548051,-2.796,0.0277693,0.0218348,0.00563546,0.109292,,
49.392,ekf,map,1.55022,0.594076,-2.90636,0.0108856,0.0170931,-0.00433051,0.51825,,
49.392,pf,map,1.59176,0.534994,-2.93931,0.00942676,0.0175937,-0.00490553,13.7275,363.93,0
49.464,odom,map,1.49505,0.531416,-2.94019,0,0,0,,,
49.5,odom,map,1.48295,0.528959,-2.94232,0,0,0,,,
49.536,odom,map,1.4708,0.52652,-2.9445,0,0,0,,,
49.572,odom,map,1.45863,0.524103,-2.9469,0,0,0,,,
49.608,odom,map,1.44652,0.521736,-2.95023,0,0,0,,,
49.608,ekf_predict_only,map,1.3398,0.563565,-2.96308,14.2462,33.5767,0.343862,,,
49.608,ekf,map,1.47903,0.588106,-2.92019,0.0123529,0.0164407,-0.00473062,0.187083,,
49.608,kf,map,1.39581,0.532165,-2.81395,0.0267048,0.0230288,0.00611534,0.250042,,
49.608,pf,map,1.51538,0.539679,-2.94305,0.00998398,0.0155392,-0.00418377,6.99754,347.15,0
49.644,odom,map,1.43443,0.519416,-2.95401,0,0,0,,,
49.68,odom,map,1.42236,0.517151,-2.95817,0,0,0,,,
49.716,odom,map,1.41044,0.514969,-2.96306,0,0,0,,,
49.752,odom,map,1.39856,0.512857,-2.96816,0,0,0,,,
49.788,odom,map,1.38687,0.510841,-2.97347,0,0,0,,,
49.824,odom,map,1.37523,0.508897,-2.97914,0,0,0,,,
49.788,ekf_predict_only,map,1.28171,0.553083,-2.99184,14.3187,32.5856,0.375283,,,
49.788,kf,map,1.34305,0.518571,-2.85277,0.0257049,0.0238994,0.0063052,0.111125,,
49.788,ekf,map,1.41282,0.573157,-2.94563,0.013253,0.0157594,-0.00465504,0.097541,,
49.8,amcl,map,1.38691,0.496854,-2.94911,0.0268335,0.0198208,0.00300093,,,
49.788,pf,map,1.45625,0.523022,-2.97093,0.0113781,0.014756,-0.00507738,9.67987,374.794,0
49.86,odom,map,1.36367,0.507037,-2.98494,0,0,0,,,
49.896,odom,map,1.35214,0.505251,-2.99086,0,0,0,,,
49.932,odom,map,1.34059,0.503532,-2.99693,0,0,0,,,
49.968,odom,map,1.32915,0.501901,-3.00303,0,0,0,,,
50.004,odom,map,1.31759,0.500325,-3.0091,0,0,0,,,
50.004,ekf_predict_only,map,1.21216,0.54259,-3.02819,14.3925,31.4351,0.387229,,,
50.004,kf,map,1.27933,0.505489,-2.89048,0.0247843,0.0249542,0.00639014,0.281334,,
50.004,ekf,map,1.34459,0.56639,-2.97781,0.0146728,0.0154528,-0.00448326,0.090334,,
50.004,pf,map,1.39867,0.535579,-3.0071,0.0108958,0.0136065,-0.0036931,6.39817,378.263,0
50.04,odom,map,1.30596,0.498812,-3.01516,0,0,0,,,
50.076,odom,map,1.29429,0.497359,-3.02012,0,0,0,,,
50.112,odom,map,1.2825,0.495944,-3.02392,0,0,0,,,
50.148,odom,map,1.27061,0.494558,-3.02695,0,0,0,,,
50.184,odom,map,1.25877,0.493209,-3.02916,0,0,0,,,
50.184,ekf_predict_only,map,1.1534,0.535897,-3.03393,14.4582,30.51,0.373701,,,
50.184,ekf,map,1.27237,0.548661,-2.99867,0.0153434,0.0151322,-0.00409489,0.119417,,
50.184,kf,map,1.22451,0.498356,-2.92959,0.0239729,0.0256357,0.00631909,0.12575,,
50.22,odom,map,1.24701,0.491888,-3.03031,0,0,0,,,
50.184,pf,map,1.31832,0.52153,-3.02646,0.0115195,0.0128459,-0.00434047,12.073,406.257,0
50.256,odom,map,1.23537,0.490592,-3.03076,0,0,0,,,
50.292,odom,map,1.22388,0.489311,-3.03036,0,0,0,,,
50.328,odom,map,1.21239,0.488023,-3.02922,0,0,0,,,
50.364,odom,map,1.20089,0.486716,-3.02778,0,0,0,,,
50.4,odom,map,1.18954,0.485409,-3.02567,0,0,0,,,
50.4,ekf,map,1.202,0.542787,-2.99391,0.0165156,0.0152597,-0.00362693,0.107166,,
50.4,kf,map,1.15954,0.491278,-2.93315,0.0232916,0.0264515,0.0061969,0.127667,,
50.4,ekf_predict_only,map,1.08567,0.528577,-3.01821,14.5259,29.4811,0.349941,,,
50.4,pf,map,1.23316,0.521983,-3.01506,0.0137902,0.0126691,-0.00471332,6.45671,396.478,0
50.436,odom,map,1.17825,0.484078,-3.02262,0,0,0,,,
50.472,odom,map,1.16696,0.482707,-3.01899,0,0,0,,,
50.508,odom,map,1.15583,0.481314,-3.01481,0,0,0,,,
50.544,odom,map,1.14486,0.479885,-3.00929,0,0,0,,,
50.58,odom,map,1.13395,0.478401,-3.00332,0,0,0,,,
50.616,ekf_predict_only,map,1.02117,0.520577,-2.9775,14.596,28.5483,0.330116,,,
50.616,ekf,map,1.13453,0.537893,-2.96365,0.0172639,0.0154751,-0.00310542,0.102875,,
50.616,kf,map,1.09571,0.484876,-2.90778,0.0226615,0.0270984,0.00600435,0.170333,,
50.616,odom,map,1.12362,0.475469,-2.99475,0,0,0,,,
50.601,amcl,map,1.14034,0.456353,-2.97054,0.0298991,0.02,0.00269647,,,
50.616,pf,map,1.17013,0.514387,-2.99962,0.0161975,0.0139724,-0.00310336,6.17221,435.664,0
50.652,odom,map,1.11393,0.470178,-2.98319,0,0,0,,,
50.688,odom,map,1.10435,0.46471,-2.97093,0,0,0,,,
50.724,odom,map,1.09487,0.459061,-2.95776,0,0,0,,,
50.76,odom,map,1.0855,0.453226,-2.94397,0,0,0,,,
50.796,odom,map,1.07616,0.447187,-2.92988,0,0,0,,,
50.832,odom,map,1.0662,0.444531,-2.91966,0,0,0,,,
50.796,kf,map,1.04526,0.478423,-2.87493,0.0221344,0.0274801,0.00579103,0.372833,,
50.796,ekf,map,1.07898,0.528487,-2.92445,0.0174783,0.0154676,-0.00267166,0.087834,,
50.796,ekf_predict_only,map,0.970509,0.51219,-2.92822,14.6677,27.8574,0.325845,,,
50.796,pf,map,1.09548,0.522665,-2.94024,0.0153542,0.0122304,-0.00442802,7.55433,441.862,0
50.868,odom,map,1.05628,0.442239,-2.9093,0,0,0,,,
50.904,odom,map,1.04652,0.439874,-2.89801,0,0,0,,,
50.94,odom,map,1.03705,0.437459,-2.88578,0,0,0,,,
50.976,odom,map,1.0277,0.43495,-2.87319,0,0,0,,,
51.012,odom,map,1.01857,0.432378,-2.86013,0,0,0,,,
51.012,ekf_predict_only,map,0.91584,0.500344,-2.84729,14.7497,27.1382,0.335415,,,
51.012,ekf,map,1.01982,0.513431,-2.85588,0.0181399,0.0159605,-0.00225667,0.103125,,
51.012,kf,map,0.991266,0.466807,-2.81258,0.0217213,0.0280255,0.00556833,0.347375,,
51.012,pf,map,1.05298,0.501156,-2.87539,0.0180588,0.0143455,-0.00169981,8.49992,479.74,0
51.048,odom,map,1.00983,0.429786,-2.84611,0,0,0,,,
51.084,odom,map,1.00148,0.427178,-2.83121,0,0,0,,,
51.12,odom,map,0.993243,0.424466,-2.81615,0,0,0,,,
51.156,odom,map,0.985229,0.421693,-2.80059,0,0,0,,,
51.192,odom,map,0.977584,0.418911,-2.78447,0,0,0,,,
51.228,odom,map,0.97027,0.416115,-2.7681,0,0,0,,,
51.192,ekf_predict_only,map,0.878899,0.489148,-2.76506,14.8312,26.6866,0.359339,,,
51.192,kf,map,0.952236,0.456374,-2.73534,0.02133,0.0282839,0.00534759,0.10125,,
51.192,ekf,map,0.981113,0.507288,-2.77844,0.0181905,0.0159667,-0.00195291,0.195833,,
51.192,pf,map,1.01862,0.500895,-2.80351,0.0137716,0.012834,-0.00139035,9.07204,474.54,0
51.264,odom,map,0.963105,0.413239,-2.75165,0,0,0,,,
51.3,odom,map,0.956197,0.410333,-2.73476,0,0,0,,,
51.336,odom,map,0.949671,0.407454,-2.71743,0,0,0,,,
51.372,odom,map,0.943473,0.404591,-2.69981,0,0,0,,,
51.408,odom,map,0.937749,0.401603,-2.68197,0,0,0,,,
51.408,ekf_predict_only,map,0.841455,0.474342,-2.65866,14.9251,26.243,0.401494,,,
51.408,ekf,map,0.942386,0.48793,-2.67837,0.0186474,0.0164272,-0.00169436,0.121625,,
51.408,kf,map,0.916845,0.439844,-2.63863,0.0210522,0.0286956,0.00513332,0.098125,,
51.402,amcl,map,0.956474,0.414223,-2.70394,0.0351348,0.0212916,0.00319833,,,
51.408,pf,map,0.999107,0.45222,-2.68428,0.0180741,0.0141263,-0.00257958,6.90092,444.331,0
51.444,odom,map,0.933464,0.398418,-2.66342,0,0,0,,,
51.48,odom,map,0.929472,0.395249,-2.64455,0,0,0,,,
51.516,odom,map,0.925932,0.392194,-2.62526,0,0,0,,,
51.552,odom,map,0.922489,0.389065,-2.60595,0,0,0,,,
51.588,odom,map,0.919307,0.385965,-2.58649,0,0,0,,,
51.588,ekf_predict_only,map,0.820601,0.463408,-2.56196,15.009,26.0247,0.439536,,,
51.588,kf,map,0.887313,0.430727,-2.5427,0.0207756,0.0288392,0.00494382,0.111042,,
51.624,odom,map,0.915722,0.383257,-2.56703,0,0,0,,,
51.588,ekf,map,0.912972,0.482905,-2.58315,0.0185513,0.0163193,-0.00153182,0.514833,,
51.588,pf,map,0.940688,0.453488,-2.5858,0.0196428,0.0145727,-0.00162795,6.80987,459.343,0
51.66,odom,map,0.911853,0.380698,-2.54753,0,0,0,,,
51.696,odom,map,0.908054,0.378078,-2.52798,0,0,0,,,
51.732,odom,map,0.90456,0.375566,-2.50816,0,0,0,,,
51.768,odom,map,0.901337,0.37315,-2.48809,0,0,0,,,
51.804,odom,map,0.898399,0.370853,-2.4678,0,0,0,,,
51.804,ekf_predict_only,map,0.802404,0.451495,-2.43997,15.0973,25.8444,0.485605,,,
51.804,ekf,map,0.885599,0.466724,-2.46704,0.0188945,0.0166838,-0.00139195,0.100917,,
51.804,kf,map,0.86328,0.418794,-2.42985,0.0206272,0.0291216,0.0047886,0.101917,,
51.801,amcl,map,0.89879,0.395101,-2.51232,0.0305374,0.0196881,0.00426996,,,
51.804,pf,map,0.923922,0.440978,-2.47103,0.0177383,0.0149943,-0.00109437,7.052,465.311,0
51.84,odom,map,0.895589,0.368563,-2.44747,0,0,0,,,
51.876,odom,map,0.893068,0.366422,-2.42717,0,0,0,,,
51.912,odom,map,0.890853,0.364462,-2.40673,0,0,0,,,
51.948,odom,map,0.888926,0.362685,-2.38601,0,0,0,,,
51.984,odom,map,0.887089,0.360918,-2.36522,0,0,0,,,
52.02,odom,map,0.885455,0.35928,-2.34433,0,0,0,,,
51.984,ekf,map,0.868482,0.469091,-2.3605,0.0187293,0.0165194,-0.00130245,0.126875,,
51.984,kf,map,0.843725,0.413539,-2.32005,0.0204512,0.0291643,0.00466108,0.184417,,
51.984,ekf_predict_only,map,0.79386,0.444275,-2.33544,15.1714,25.7875,0.516563,,,
51.984,pf,map,0.929312,0.446638,-2.37276,0.016495,0.013621,-0.000306675,6.17104,469.098,0
52.056,odom,map,0.884058,0.357821,-2.32334,0,0,0,,,
52.092,odom,map,0.882891,0.356548,-2.30225,0,0,0,,,
52.128,odom,map,0.881894,0.355415,-2.28119,0,0,0,,,
52.164,odom,map,0.881012,0.354367,-2.26017,0,0,0,,,
52.2,odom,map,0.880282,0.353463,-2.23924,0,0,0,,,
52.2,ekf_predict_only,map,0.789297,0.439518,-2.21003,15.2375,25.7807,0.538414,,,
52.2,ekf,map,0.859566,0.462148,-2.23567,0.0190006,0.0168103,-0.00125049,0.104875,,
52.2,kf,map,0.835338,0.40739,-2.19537,0.0204199,0.0293295,0.00459699,0.105583,,
52.2,amcl,map,0.885252,0.361005,-2.27309,0.0236801,0.0209586,0.00259088,,,
52.2,pf,map,0.898624,0.446756,-2.2528,0.0172492,0.0135316,-0.00148291,9.31367,490.647,0
52.236,odom,map,0.881393,0.355407,-2.22215,0,0,0,,,
52.272,odom,map,0.88267,0.357603,-2.20522,0,0,0,,,
52.308,odom,map,0.884007,0.359909,-2.18834,0,0,0,,,
52.344,odom,map,0.885434,0.362377,-2.17152,0,0,0,,,
52.38,odom,map,0.886978,0.365058,-2.15473,0,0,0,,,
52.416,ekf_predict_only,map,0.78968,0.440033,-2.0867,15.2857,25.8354,0.53587,,,
52.416,ekf,map,0.851368,0.458451,-2.11412,0.0190485,0.0168567,-0.00122705,0.112375,,
52.416,odom,map,0.887954,0.36677,-2.13651,0,0,0,,,
52.416,kf,map,0.829203,0.407651,-2.0764,0.0203996,0.0293655,0.00457618,0.102167,,
52.416,pf,map,0.891517,0.442661,-2.12607,0.0164805,0.0143089,-0.00249817,10.0625,452.617,0
52.452,odom,map,0.888068,0.366955,-2.11615,0,0,0,,,
52.488,odom,map,0.888251,0.367263,-2.09602,0,0,0,,,
52.524,odom,map,0.888499,0.367703,-2.07574,0,0,0,,,
52.56,odom,map,0.888839,0.368334,-2.0556,0,0,0,,,
52.596,odom,map,0.889241,0.369117,-2.03565,0,0,0,,,
52.632,odom,map,0.888212,0.371556,-2.01918,0,0,0,,,
52.596,kf,map,0.829353,0.410174,-1.97045,0.0203597,0.0292582,0.00457423,0.105917,,
52.596,ekf_predict_only,map,0.792054,0.444219,-1.98737,15.3215,25.915,0.51387,,,
52.596,ekf,map,0.8541,0.465927,-2.0106,0.0187818,0.0166125,-0.00121251,0.100708,,
52.602,amcl,map,0.888419,0.367258,-2.03191,0.0207954,0.0201878,0.00406095,,,
52.596,pf,map,0.891195,0.447268,-2.02668,0.0174717,0.011126,-0.00158502,9.69192,479.37,0
52.668,odom,map,0.887014,0.374317,-2.00334,0,0,0,,,
52.704,odom,map,0.88579,0.377127,-1.98765,0,0,0,,,
52.74,odom,map,0.884529,0.379967,-1.97218,0,0,0,,,
52.776,odom,map,0.883219,0.382811,-1.9568,0,0,0,,,
52.812,ekf_predict_only,map,0.795387,0.451753,-1.87474,15.3465,26.0065,0.472461,,,
52.812,ekf,map,0.851568,0.469784,-1.89704,0.018993,0.0168439,-0.00123116,0.11775,,
52.812,odom,map,0.882444,0.385207,-1.94048,0,0,0,,,
52.812,kf,map,0.828185,0.417664,-1.85863,0.0204639,0.029286,0.00463928,0.09875,,
52.812,pf,map,0.88424,0.45219,-1.9067,0.016033,0.0123516,-0.00037479,13.1242,484.573,0
52.848,odom,map,0.88293,0.386498,-1.92188,0,0,0,,,
52.884,odom,map,0.883415,0.38786,-1.90376,0,0,0,,,
52.92,odom,map,0.883881,0.389249,-1.88574,0,0,0,,,
52.956,odom,map,0.884341,0.390703,-1.86802,0,0,0,,,
52.992,odom,map,0.884786,0.392204,-1.85065,0,0,0,,,
52.992,ekf,map,0.85328,0.481843,-1.80532,0.0187596,0.0166712,-0.00122211,0.103708,,
53.028,odom,map,0.885984,0.391642,-1.83242,0,0,0,,,
52.992,ekf_predict_only,map,0.79807,0.460306,-1.78959,15.3688,26.09,0.423353,,,
52.992,kf,map,0.827557,0.425714,-1.76492,0.020473,0.0291428,0.00468167,0.560792,,
53.001,amcl,map,0.881283,0.388711,-1.82551,0.0171817,0.0184372,0.00372503,,,
52.992,pf,map,0.890186,0.452209,-1.81504,0.0165163,0.0139048,-0.000542843,14.7248,497.066,0
53.064,odom,map,0.887426,0.390242,-1.81376,0,0,0,,,
53.1,odom,map,0.88884,0.388906,-1.79523,0,0,0,,,
53.136,odom,map,0.89025,0.38776,-1.77727,0,0,0,,,
53.172,odom,map,0.891618,0.386641,-1.75941,0,0,0,,,
53.208,odom,map,0.892759,0.386393,-1.74223,0,0,0,,,
53.208,ekf_predict_only,map,0.801034,0.473639,-1.69455,15.3773,26.1772,0.344444,,,
53.208,kf,map,0.823992,0.439737,-1.66771,0.0206231,0.0291264,0.00478553,0.138291,,
53.208,ekf,map,0.849168,0.493643,-1.70708,0.0189782,0.0169679,-0.00122727,0.09575,,
53.208,pf,map,0.873775,0.469458,-1.70738,0.0169924,0.0144871,-0.00205734,6.31613,525.124,0
53.244,odom,map,0.893142,0.388709,-1.72672,0,0,0,,,
53.28,odom,map,0.893455,0.390796,-1.7118,0,0,0,,,
53.316,odom,map,0.893577,0.391692,-1.6993,0,0,0,,,
53.352,odom,map,0.89358,0.391716,-1.68939,0,0,0,,,
53.388,odom,map,0.893538,0.391342,-1.68207,0,0,0,,,
53.388,ekf_predict_only,map,0.800492,0.469275,-1.65774,15.4407,26.2204,0.370976,,,
53.388,ekf,map,0.849384,0.497893,-1.6516,0.0187493,0.0167873,-0.00121256,0.116916,,
53.388,kf,map,0.822693,0.441082,-1.6112,0.0205853,0.0290305,0.0047832,0.137708,,
53.424,odom,map,0.893806,0.391248,-1.67397,0,0,0,,,
53.388,pf,map,0.879787,0.45652,-1.63396,0.0155851,0.013693,-0.00158796,11.856,477.299,0
53.46,odom,map,0.894256,0.3914,-1.66432,0,0,0,,,
53.496,odom,map,0.894677,0.391268,-1.65526,0,0,0,,,
53.532,odom,map,0.89507,0.390796,-1.64708,0,0,0,,,
53.568,odom,map,0.895475,0.3905,-1.63943,0,0,0,,,
53.604,odom,map,0.895869,0.390399,-1.63248,0,0,0,,,
53.604,ekf_predict_only,map,0.799926,0.462786,-1.63009,15.511,26.2633,0.410767,,,
53.604,ekf,map,0.848928,0.493443,-1.61193,0.0189806,0.0169898,-0.00122535,0.103833,,
53.604,kf,map,0.822248,0.436552,-1.57114,0.0206049,0.0291447,0.00476942,0.10025,,
53.604,pf,map,0.876528,0.444118,-1.5996,0.0179385,0.0150976,0.000716936,8.98442,490.815,0
53.64,odom,map,0.895804,0.389315,-1.62787,0,0,0,,,
53.676,odom,map,0.89574,0.388145,-1.62368,0,0,0,,,
53.712,odom,map,0.895671,0.386788,-1.62024,0,0,0,,,
53.748,odom,map,0.8956,0.385317,-1.61733,0,0,0,,,
53.784,odom,map,0.895532,0.383805,-1.61475,0,0,0,,,
53.82,odom,map,0.894261,0.383013,-1.61274,0,0,0,,,
53.784,ekf_predict_only,map,0.799457,0.454888,-1.62169,15.5863,26.3074,0.459502,,,
53.784,kf,map,0.821533,0.430448,-1.5549,0.0205021,0.0291137,0.00470844,0.120292,,
53.784,ekf,map,0.847008,0.485378,-1.59479,0.0187522,0.0167314,-0.001226,0.102833,,
53.802,amcl,map,0.881133,0.37756,-1.61597,0.0140454,0.0214446,0.00247187,,,
53.784,pf,map,0.880338,0.452783,-1.59337,0.0194461,0.0140613,0.00195672,6.03937,504.554,0
53.856,odom,map,0.892031,0.38285,-1.61174,0,0,0,,,
53.892,odom,map,0.889801,0.382695,-1.61093,0,0,0,,,
53.928,odom,map,0.887578,0.38269,-1.61065,0,0,0,,,
53.964,odom,map,0.885357,0.382727,-1.61093,0,0,0,,,
54,odom,map,0.883147,0.383074,-1.61168,0,0,0,,,
54,ekf_predict_only,map,0.799252,0.450853,-1.62564,15.6495,26.3548,0.484438,,,
54,ekf,map,0.841511,0.476522,-1.59246,0.0189975,0.0169065,-0.00122946,0.111375,,
54,kf,map,0.818345,0.425598,-1.55525,0.0205045,0.0292452,0.00467751,0.102666,,
54,pf,map,0.875054,0.4419,-1.58778,0.0177461,0.0136875,-0.00300028,9.45283,508.745,0
54.036,odom,map,0.883059,0.382439,-1.61235,0,0,0,,,
54.072,odom,map,0.883025,0.381635,-1.61326,0,0,0,,,
54.108,odom,map,0.882987,0.38075,-1.61461,0,0,0,,,
54.144,odom,map,0.882962,0.380189,-1.61636,0,0,0,,,
54.18,odom,map,0.882943,0.379773,-1.61819,0,0,0,,,
54.216,kf,map,0.818642,0.420406,-1.55673,0.0204676,0.0292975,0.00464179,0.101458,,
54.216,odom,map,0.882911,0.379125,-1.62042,0,0,0,,,
54.216,ekf,map,0.844254,0.477119,-1.59693,0.0190443,0.0169269,-0.00121407,0.76525,,
54.216,ekf_predict_only,map,0.798997,0.446207,-1.64015,15.7149,26.4016,0.513107,,,
54.216,pf,map,0.893846,0.443796,-1.59182,0.0194924,0.0173206,1.84647e-05,9.20817,437.567,0
54.252,odom,map,0.882868,0.378277,-1.62318,0,0,0,,,
54.288,odom,map,0.882806,0.377133,-1.62603,0,0,0,,,
54.324,odom,map,0.882738,0.375935,-1.62888,0,0,0,,,
54.36,odom,map,0.882667,0.374746,-1.63202,0,0,0,,,
54.396,odom,map,0.882619,0.373972,-1.6357,0,0,0,,,
54.396,ekf,map,0.847243,0.47267,-1.61097,0.0187704,0.016649,-0.00121587,0.100791,,
54.432,odom,map,0.882602,0.373722,-1.63945,0,0,0,,,
54.396,ekf_predict_only,map,0.798969,0.44581,-1.65888,15.7663,26.4513,0.515547,,,
54.396,kf,map,0.82132,0.415686,-1.56977,0.0203815,0.0292363,0.00459534,0.108125,,
54.396,pf,map,0.888595,0.454839,-1.62471,0.0150616,0.0138388,-0.00201818,13.4872,493.085,0
54.468,odom,map,0.882597,0.373643,-1.64319,0,0,0,,,
54.504,odom,map,0.882584,0.373467,-1.64702,0,0,0,,,
54.54,odom,map,0.882548,0.373011,-1.65103,0,0,0,,,
54.576,odom,map,0.882529,0.372784,-1.65525,0,0,0,,,
54.612,odom,map,0.882403,0.372049,-1.65961,0,0,0,,,
54.612,ekf_predict_only,map,0.798961,0.445718,-1.68462,15.8166,26.5012,0.516108,,,
54.612,ekf,map,0.843578,0.46628,-1.63699,0.0189974,0.0168258,-0.00122973,0.322958,,
54.612,kf,map,0.820183,0.414172,-1.59841,0.020416,0.0293339,0.00459338,0.094542,,
54.612,pf,map,0.89432,0.455873,-1.65937,0.0174822,0.0142955,0.000661977,12.4707,495.549,0
54.648,odom,map,0.882007,0.369855,-1.6642,0,0,0,,,
54.684,odom,map,0.881627,0.36781,-1.66927,0,0,0,,,
54.72,odom,map,0.881257,0.365847,-1.67474,0,0,0,,,
54.756,odom,map,0.880891,0.363908,-1.68022,0,0,0,,,
54.792,odom,map,0.880519,0.361891,-1.68595,0,0,0,,,
54.828,odom,map,0.88045,0.361619,-1.69164,0,0,0,,,
54.792,ekf_predict_only,map,0.799191,0.447731,-1.71288,15.8598,26.5541,0.503889,,,
54.792,ekf,map,0.84522,0.470265,-1.66055,0.0187754,0.0166199,-0.00121592,0.091083,,
54.792,kf,map,0.820469,0.415163,-1.62074,0.0203701,0.0292458,0.00458425,0.113333,,
54.792,pf,map,0.863039,0.444147,-1.66504,0.0182477,0.0141794,-0.00173639,11.4147,489.362,0
54.864,odom,map,0.880499,0.36201,-1.6974,0,0,0,,,
54.9,odom,map,0.880549,0.362391,-1.70324,0,0,0,,,
54.936,odom,map,0.880613,0.362861,-1.70932,0,0,0,,,
54.972,odom,map,0.880693,0.363422,-1.71555,0,0,0,,,
55.008,ekf_predict_only,map,0.799725,0.451465,-1.75064,15.8975,26.6108,0.481385,,,
55.008,ekf,map,0.850683,0.475066,-1.69386,0.0190045,0.0168569,-0.00122423,0.109625,,
55.008,odom,map,0.880785,0.364043,-1.72184,0,0,0,,,
55.008,kf,map,0.823998,0.416573,-1.6517,0.0204439,0.0293057,0.00462025,0.11025,,
55.008,pf,map,0.882776,0.446161,-1.69706,0.017027,0.0158328,-0.00186119,9.34975,478.362,0
55.044,odom,map,0.880889,0.364708,-1.72831,0,0,0,,,
55.08,odom,map,0.881012,0.365467,-1.73526,0,0,0,,,
55.116,odom,map,0.88112,0.366105,-1.74253,0,0,0,,,
55.152,odom,map,0.881201,0.366564,-1.75002,0,0,0,,,
55.188,odom,map,0.881284,0.36701,-1.75754,0,0,0,,,
55.224,odom,map,0.881371,0.367459,-1.76545,0,0,0,,,
55.188,ekf_predict_only,map,0.800136,0.453726,-1.79169,15.9401,26.6659,0.467889,,,
55.188,ekf,map,0.850464,0.4725,-1.73315,0.0187627,0.0166433,-0.00123153,0.097625,,
55.188,kf,map,0.825662,0.41836,-1.69309,0.0204117,0.0292041,0.0046242,0.115167,,
55.188,pf,map,0.894641,0.466963,-1.75233,0.0193726,0.0128584,0.000141972,8.40387,446.456,0
55.26,odom,map,0.88146,0.367901,-1.77394,0,0,0,,,
55.296,odom,map,0.881551,0.368336,-1.78278,0,0,0,,,
55.332,odom,map,0.881647,0.368771,-1.79168,0,0,0,,,
55.368,odom,map,0.881738,0.369167,-1.80071,0,0,0,,,
55.404,odom,map,0.881718,0.369087,-1.81033,0,0,0,,,
55.404,ekf_predict_only,map,0.79974,0.45196,-1.85013,15.9959,26.7109,0.478307,,,
55.404,ekf,map,0.853151,0.476934,-1.78406,0.0189978,0.016852,-0.00123872,0.11425,,
55.404,kf,map,0.826637,0.41869,-1.74206,0.0204715,0.0292781,0.00464658,0.101625,,
55.404,pf,map,0.886928,0.460266,-1.78773,0.0178216,0.0162212,0.000629028,7.32654,450.856,0
55.44,odom,map,0.881595,0.368597,-1.82031,0,0,0,,,
55.476,odom,map,0.881373,0.367743,-1.83087,0,0,0,,,
55.512,odom,map,0.881128,0.366843,-1.84161,0,0,0,,,
55.548,odom,map,0.880812,0.365729,-1.85287,0,0,0,,,
55.584,odom,map,0.880449,0.364506,-1.86455,0,0,0,,,
55.584,ekf_predict_only,map,0.797924,0.445629,-1.91096,16.0669,26.7382,0.514928,,,
55.62,odom,map,0.880058,0.363239,-1.87663,0,0,0,,,
55.584,kf,map,0.823589,0.415217,-1.79744,0.0203854,0.0292304,0.00459902,0.205708,,
55.584,ekf,map,0.849401,0.472743,-1.83933,0.0187643,0.0166205,-0.00123855,0.211,,
55.602,amcl,map,0.892393,0.376615,-1.88541,0.0121421,0.0241656,0.00273941,,,
55.584,pf,map,0.883449,0.44071,-1.82298,0.0174951,0.0134582,-0.00077498,6.24817,489.338,0
55.656,odom,map,0.879653,0.361985,-1.8888,0,0,0,,,
55.692,odom,map,0.879202,0.360642,-1.90128,0,0,0,,,
55.728,odom,map,0.878697,0.3592,-1.91406,0,0,0,,,
55.764,odom,map,0.878168,0.357751,-1.92702,0,0,0,,,
55.8,odom,map,0.877623,0.356314,-1.94003,0,0,0,,,
55.8,ekf,map,0.850733,0.460103,-1.91543,0.0190158,0.0168211,-0.00122859,0.123625,,
55.8,ekf_predict_only,map,0.794674,0.436447,-1.98995,16.1482,26.7476,0.566729,,,
55.8,kf,map,0.826241,0.405297,-1.87507,0.0203709,0.0293787,0.00454899,0.096875,,
55.8,pf,map,0.886484,0.427896,-1.91588,0.0186274,0.014593,-0.00121999,6.20121,527.748,0
55.836,odom,map,0.877038,0.354831,-1.95315,0,0,0,,,
55.872,odom,map,0.876424,0.353334,-1.96635,0,0,0,,,
55.908,odom,map,0.875792,0.351848,-1.97958,0,0,0,,,
55.944,odom,map,0.875119,0.350323,-1.99294,0,0,0,,,
55.98,odom,map,0.8744,0.348749,-2.00619,0,0,0,,,
56.016,ekf_predict_only,map,0.790774,0.427693,-2.06923,16.229,26.7491,0.614355,,,
56.016,odom,map,0.873699,0.347269,-2.0194,0,0,0,,,
56.016,ekf,map,0.851546,0.45434,-1.9912,0.0190666,0.0168174,-0.00121334,0.213791,,
56.016,kf,map,0.825986,0.395633,-1.94879,0.020299,0.029466,0.00447537,0.10225,,
56.016,pf,map,0.902575,0.44019,-2.01293,0.017772,0.016497,0.000625997,10.5158,486.263,0
56.052,odom,map,0.872938,0.345714,-2.03268,0,0,0,,,
56.088,odom,map,0.871979,0.34382,-2.04604,0,0,0,,,
56.124,odom,map,0.870872,0.341705,-2.05926,0,0,0,,,
56.16,odom,map,0.869507,0.339178,-2.07227,0,0,0,,,
56.196,odom,map,0.868052,0.336564,-2.08524,0,0,0,,,
56.232,odom,map,0.86647,0.333808,-2.09819,0,0,0,,,
56.196,ekf,map,0.846393,0.436666,-2.05896,0.0188144,0.016534,-0.00119143,0.102959,,
56.196,ekf_predict_only,map,0.782685,0.412831,-2.1339,16.3333,26.699,0.691532,,,
56.202,amcl,map,0.878204,0.352211,-2.11241,0.0111339,0.0238909,0.00405011,,,
56.196,kf,map,0.823445,0.382206,-2.01855,0.0201347,0.0294829,0.00434384,0.103375,,
56.196,pf,map,0.883687,0.441579,-2.0785,0.0182079,0.0141747,0.00050115,7.73121,486.118,0
56.268,odom,map,0.864711,0.330833,-2.11105,0,0,0,,,
56.304,odom,map,0.862765,0.327634,-2.12372,0,0,0,,,
56.34,odom,map,0.860716,0.324361,-2.13636,0,0,0,,,
56.376,odom,map,0.858545,0.320988,-2.14894,0,0,0,,,
56.412,ekf,map,0.835925,0.41738,-2.13482,0.0190947,0.016731,-0.00113574,0.13475,,
56.412,odom,map,0.856899,0.31825,-2.16216,0,0,0,,,
56.412,ekf_predict_only,map,0.769278,0.391594,-2.20794,16.4656,26.5848,0.795619,,,
56.412,kf,map,0.814408,0.362821,-2.09509,0.0200188,0.0297305,0.00417058,0.118667,,
56.412,pf,map,0.877981,0.392685,-2.14052,0.0183592,0.0132015,-0.00154423,5.91396,516.88,0
56.448,odom,map,0.856537,0.317026,-2.17702,0,0,0,,,
56.484,odom,map,0.85607,0.315805,-2.19186,0,0,0,,,
56.52,odom,map,0.855476,0.314561,-2.20656,0,0,0,,,
56.556,odom,map,0.854707,0.313233,-2.2211,0,0,0,,,
56.592,odom,map,0.853777,0.311844,-2.23553,0,0,0,,,
56.592,kf,map,0.809493,0.342734,-2.15962,0.0198089,0.0298063,0.00396411,0.111583,,
56.628,odom,map,0.851314,0.308718,-2.2478,0,0,0,,,
56.592,ekf_predict_only,map,0.754819,0.372057,-2.26515,16.5961,26.4601,0.883848,,,
56.592,ekf,map,0.82858,0.39326,-2.19673,0.0189186,0.0165503,-0.00105853,0.20625,,
56.592,pf,map,0.872763,0.360888,-2.19367,0.0160731,0.0147194,0.00020987,6.49575,531.02,0
56.664,odom,map,0.848176,0.30486,-2.25914,0,0,0,,,
56.7,odom,map,0.84489,0.30091,-2.27032,0,0,0,,,
56.736,odom,map,0.841518,0.296949,-2.28134,0,0,0,,,
56.772,odom,map,0.838055,0.292968,-2.29212,0,0,0,,,
56.808,odom,map,0.834463,0.288926,-2.30262,0,0,0,,,
56.808,ekf_predict_only,map,0.733939,0.346982,-2.32774,16.7561,26.2623,0.986823,,,
56.808,ekf,map,0.802897,0.370226,-2.26387,0.0192233,0.0168339,-0.000957417,0.21375,,
56.808,kf,map,0.786511,0.321018,-2.22867,0.0196613,0.0300872,0.00371352,0.222625,,
56.808,pf,map,0.858117,0.339516,-2.26531,0.0179181,0.0151563,-0.000746816,5.86113,485.12,0
56.844,odom,map,0.830745,0.284829,-2.31284,0,0,0,,,
56.88,odom,map,0.826962,0.280746,-2.32297,0,0,0,,,
56.916,odom,map,0.823103,0.276662,-2.33282,0,0,0,,,
56.952,odom,map,0.819083,0.27249,-2.34239,0,0,0,,,
56.988,odom,map,0.814902,0.268232,-2.35153,0,0,0,,,
56.988,ekf,map,0.788494,0.344621,-2.31426,0.0190568,0.0167729,-0.000833437,0.170125,,
56.988,kf,map,0.774068,0.299167,-2.28187,0.0194452,0.0301697,0.00345591,0.100833,,
57.024,odom,map,0.810394,0.264405,-2.36156,0,0,0,,,
56.988,ekf_predict_only,map,0.713183,0.32501,-2.37204,16.9088,26.0712,1.06593,,,
57,amcl,map,0.805818,0.262123,-2.36992,0.0127472,0.0220439,0.00481298,,,
56.988,pf,map,0.829386,0.320092,-2.3184,0.0170191,0.0167058,-0.00131187,6.88162,483.314,0
57.06,odom,map,0.805584,0.26077,-2.37185,0,0,0,,,
57.096,odom,map,0.800575,0.257053,-2.38168,0,0,0,,,
57.132,odom,map,0.795429,0.253314,-2.39134,0,0,0,,,
57.168,odom,map,0.790199,0.249605,-2.40094,0,0,0,,,
57.204,odom,map,0.784854,0.245834,-2.41007,0,0,0,,,
57.204,ekf_predict_only,map,0.68439,0.297115,-2.41542,17.0976,25.7955,1.15209,,,
57.204,ekf,map,0.764528,0.322403,-2.35985,0.0193601,0.0171987,-0.000696416,0.101667,,
57.204,kf,map,0.750487,0.272539,-2.32625,0.0193019,0.0304463,0.00314833,0.952375,,
57.204,pf,map,0.7817,0.319027,-2.3682,0.0165113,0.0155128,-0.00118043,7.29025,519.979,0
57.24,odom,map,0.779789,0.241319,-2.41684,0,0,0,,,
57.276,odom,map,0.774571,0.236727,-2.42289,0,0,0,,,
57.312,odom,map,0.769308,0.232151,-2.42883,0,0,0,,,
57.348,odom,map,0.764166,0.227731,-2.4342,0,0,0,,,
57.384,odom,map,0.759029,0.223358,-2.43847,0,0,0,,,
57.384,ekf_predict_only,map,0.66005,0.275499,-2.43174,17.2617,25.578,1.20661,,,
57.42,odom,map,0.753988,0.219101,-2.44201,0,0,0,,,
57.384,ekf,map,0.732361,0.292778,-2.39127,0.019174,0.0171836,-0.000583094,0.218667,,
57.384,kf,map,0.722424,0.252618,-2.36297,0.0191077,0.030507,0.00286518,2.20821,,
57.384,pf,map,0.764026,0.283804,-2.41418,0.0208787,0.0144774,0.000326186,13.1555,509.425,0
57.456,odom,map,0.749,0.214917,-2.44528,0,0,0,,,
57.492,odom,map,0.743861,0.210635,-2.44822,0,0,0,,,
57.528,odom,map,0.738717,0.20637,-2.45026,0,0,0,,,
57.564,odom,map,0.733746,0.202262,-2.45156,0,0,0,,,
57.6,odom,map,0.728929,0.19829,-2.45218,0,0,0,,,
57.6,ekf_predict_only,map,0.632078,0.251464,-2.43222,17.4453,25.3296,1.25707,,,
57.6,kf,map,0.694343,0.22857,-2.38014,0.0190127,0.0307357,0.00257046,0.1115,,
57.6,ekf,map,0.702482,0.265773,-2.40544,0.0194622,0.0177403,-0.000439646,0.101625,,
57.6,pf,map,0.729936,0.253297,-2.4185,0.0198411,0.015456,-0.000190832,6.12183,530.777,0
57.636,odom,map,0.724186,0.19438,-2.45226,0,0,0,,,
57.672,odom,map,0.719534,0.190545,-2.45195,0,0,0,,,
57.708,odom,map,0.715031,0.186828,-2.45087,0,0,0,,,
57.744,odom,map,0.710555,0.183123,-2.4496,0,0,0,,,
57.78,odom,map,0.70609,0.179418,-2.44788,0,0,0,,,
57.816,ekf_predict_only,map,0.606308,0.229342,-2.41434,17.6246,25.1132,1.29613,,,
57.816,ekf,map,0.676405,0.2432,-2.39892,0.0195279,0.0180774,-0.000328644,0.182625,,
57.816,kf,map,0.66924,0.206521,-2.37496,0.0189018,0.0308623,0.00229399,0.099084,,
57.816,odom,map,0.701292,0.175207,-2.44561,0,0,0,,,
57.816,pf,map,0.713725,0.234111,-2.41175,0.0201606,0.0165623,0.00250061,9.96604,495.803,0
57.852,odom,map,0.695798,0.170075,-2.44349,0,0,0,,,
57.888,odom,map,0.690255,0.164895,-2.44129,0,0,0,,,
57.924,odom,map,0.684872,0.159841,-2.43852,0,0,0,,,
57.96,odom,map,0.679727,0.154971,-2.43434,0,0,0,,,
57.996,odom,map,0.674606,0.150099,-2.42995,0,0,0,,,
57.996,ekf_predict_only,map,0.587517,0.212618,-2.38453,17.7763,24.9741,1.32311,,,
58.032,odom,map,0.670573,0.146552,-2.42445,0,0,0,,,
57.996,ekf,map,0.652796,0.210911,-2.38791,0.0192737,0.01799,-0.000262341,0.100541,,
57.996,kf,map,0.649088,0.189597,-2.3722,0.0187732,0.030844,0.00207012,0.25075,,
57.996,pf,map,0.673537,0.202245,-2.39553,0.0167161,0.016569,-0.000462286,6.58263,563.879,0
58.068,odom,map,0.666956,0.143377,-2.41774,0,0,0,,,
58.104,odom,map,0.663535,0.140331,-2.41025,0,0,0,,,
58.14,odom,map,0.660169,0.137287,-2.40267,0,0,0,,,
58.176,odom,map,0.656948,0.134329,-2.39447,0,0,0,,,
58.212,ekf_predict_only,map,0.56946,0.195558,-2.32869,17.9337,24.8465,1.35018,,,
58.212,kf,map,0.59985,0.176266,-2.34142,0.0293514,0.031223,0.000320964,0.068958,,
58.212,odom,map,0.653889,0.131471,-2.3854,0,0,0,,,
58.212,ekf,map,0.598455,0.186718,-2.34996,0.0320825,0.0316128,-0.000132957,0.059375,,
58.212,pf,map,0.658467,0.123842,-2.3823,0.0302461,0.0303625,-0.000584248,4.54692,521.606,0
58.248,odom,map,0.650894,0.128618,-2.37564,0,0,0,,,
58.284,odom,map,0.647929,0.125737,-2.36565,0,0,0,,,
58.32,odom,map,0.645006,0.12284,-2.35509,0,0,0,,,
58.356,odom,map,0.642255,0.120052,-2.34383,0,0,0,,,
58.392,odom,map,0.639665,0.117366,-2.33179,0,0,0,,,
58.392,ekf_predict_only,map,0.556666,0.18204,-2.26747,18.0713,24.7732,1.37387,,,
58.392,ekf,map,0.570917,0.16782,-2.30122,0.0335424,0.0334917,-2.66347e-05,0.059334,,
58.392,kf,map,0.572623,0.164034,-2.29691,0.0309118,0.0311807,4.61194e-05,0.065,,
58.428,odom,map,0.637115,0.114655,-2.31955,0,0,0,,,
58.392,pf,map,0.627686,0.0778923,-2.34859,0.0313677,0.0285806,-0.00332393,6.11354,472.006,0
58.464,odom,map,0.634645,0.111964,-2.30673,0,0,0,,,
58.5,odom,map,0.632215,0.109244,-2.29313,0,0,0,,,
58.536,odom,map,0.629816,0.106483,-2.2792,0,0,0,,,
58.572,odom,map,0.627445,0.103676,-2.26508,0,0,0,,,
58.608,ekf_predict_only,map,0.542053,0.164573,-2.17883,18.2379,24.6848,1.40779,,,
58.608,kf,map,0.55257,0.147491,-2.21935,0.0312375,0.0312753,6.48111e-06,0.057375,,
58.608,odom,map,0.62505,0.100755,-2.25042,0,0,0,,,
58.608,ekf,map,0.551503,0.148781,-2.22181,0.0343174,0.034312,-6.62199e-06,0.09825,,
58.608,pf,map,0.602597,0.051961,-2.27425,0.0329472,0.0304545,-0.00129553,4.44358,493.707,0
58.644,odom,map,0.622604,0.0976823,-2.23556,0,0,0,,,
58.68,odom,map,0.620126,0.0944699,-2.22037,0,0,0,,,
58.716,odom,map,0.61764,0.091144,-2.20483,0,0,0,,,
58.752,odom,map,0.615182,0.0877457,-2.18911,0,0,0,,,
58.788,odom,map,0.612682,0.0841712,-2.17328,0,0,0,,,
58.824,odom,map,0.610126,0.08039,-2.15738,0,0,0,,,
58.788,ekf_predict_only,map,0.528798,0.145528,-2.09928,18.4195,24.6116,1.45052,,,
58.788,ekf,map,0.537568,0.130727,-2.14674,0.0338235,0.0338183,-2.62684e-06,0.105417,,
58.788,kf,map,0.537989,0.130186,-2.14546,0.0311828,0.0311882,9.17685e-07,0.098167,,
58.8,amcl,map,0.62219,0.0808679,-2.16785,0.0237022,0.0311302,0.0130421,,,
58.788,pf,map,0.60001,0.0369814,-2.18274,0.0318344,0.0305562,0.00120924,4.78862,472.857,0
58.86,odom,map,0.607588,0.0765048,-2.14147,0,0,0,,,
58.896,odom,map,0.605078,0.0725244,-2.12539,0,0,0,,,
58.932,odom,map,0.602534,0.068341,-2.10911,0,0,0,,,
58.968,odom,map,0.599924,0.0638861,-2.09266,0,0,0,,,
59.004,odom,map,0.597341,0.0593078,-2.07614,0,0,0,,,
59.004,ekf,map,0.521789,0.104744,-2.05032,0.0343513,0.0343435,-3.14354e-06,0.057917,,
59.004,ekf_predict_only,map,0.511933,0.116645,-1.99974,18.6777,24.5081,1.52121,,,
59.004,kf,map,0.521754,0.104339,-2.04956,0.0312756,0.0312764,1.28692e-07,0.05925,,
59.004,pf,map,0.583963,0.026662,-2.09081,0.0304887,0.028822,0.00342821,4.67046,474.113,0
59.04,odom,map,0.594721,0.0544771,-2.05957,0,0,0,,,
59.076,odom,map,0.592086,0.0494201,-2.04298,0,0,0,,,
59.112,odom,map,0.589442,0.0441352,-2.02656,0,0,0,,,
59.148,odom,map,0.586731,0.0384882,-2.01043,0,0,0,,,
59.184,odom,map,0.584024,0.0326108,-1.99454,0,0,0,,,
59.184,ekf_predict_only,map,0.49766,0.0854347,-1.92938,18.9646,24.4309,1.60605,,,
59.184,ekf,map,0.508899,0.0772266,-1.97331,0.0338347,0.0338272,-3.68916e-06,0.121209,,
59.184,kf,map,0.508634,0.0768601,-1.97355,0.0311882,0.0311883,1.82166e-08,0.061625,,
59.22,odom,map,0.581288,0.0264189,-1.97953,0,0,0,,,
59.184,pf,map,0.566748,-0.00695994,-2.01176,0.0332677,0.0331971,0.00095691,5.54662,474.481,0
59.256,odom,map,0.578534,0.0199372,-1.96592,0,0,0,,,
59.292,odom,map,0.575836,0.0133441,-1.95257,0,0,0,,,
59.328,odom,map,0.573186,0.00661663,-1.93977,0,0,0,,,
59.364,odom,map,0.570556,-0.00031191,-1.92785,0,0,0,,,
59.4,odom,map,0.567975,-0.00735163,-1.91645,0,0,0,,,
59.4,ekf_predict_only,map,0.481128,0.0413253,-1.86327,19.3705,24.3369,1.73148,,,
59.4,ekf,map,0.493776,0.0368952,-1.89678,0.0343655,0.0343543,-6.1299e-06,0.061292,,
59.4,kf,map,0.493309,0.0365215,-1.89781,0.0312764,0.0312764,2.55452e-09,0.059042,,
59.4,amcl,map,0.585498,-0.00970319,-1.92844,0.0225869,0.0242473,0.0102909,,,
59.4,pf,map,0.547511,-0.0529614,-1.92997,0.0336848,0.0307255,0.000177086,4.5425,474.264,0
59.436,odom,map,0.565408,-0.0146099,-1.90528,0,0,0,,,
59.472,odom,map,0.562863,-0.0220631,-1.89462,0,0,0,,,
59.508,odom,map,0.560359,-0.0296476,-1.88493,0,0,0,,,
59.544,odom,map,0.557913,-0.0372999,-1.87543,0,0,0,,,
59.58,odom,map,0.555498,-0.0451086,-1.86614,0,0,0,,,
59.616,kf,map,0.479923,-0.00875769,-1.839,0.0312887,0.0312887,3.57747e-10,0.0585,,
59.616,odom,map,0.553859,-0.0531769,-1.85749,0,0,0,,,
59.616,ekf_predict_only,map,0.466811,-0.0062243,-1.81433,19.8319,24.265,1.87197,,,
59.616,ekf,map,0.480422,-0.0084983,-1.83767,0.0344938,0.034479,-7.66749e-06,0.29675,,
59.616,pf,map,0.526849,-0.0969482,-1.87429,0.0312614,0.0332089,0.00068678,10.9062,478.399,0
59.652,odom,map,0.553398,-0.0616321,-1.84977,0,0,0,,,
59.688,odom,map,0.552989,-0.0701383,-1.84221,0,0,0,,,
59.724,odom,map,0.552605,-0.0787884,-1.83513,0,0,0,,,
59.76,odom,map,0.552252,-0.0875494,-1.82867,0,0,0,,,
59.796,odom,map,0.551971,-0.0962448,-1.8227,0,0,0,,,
59.796,ekf,map,0.470526,-0.0494954,-1.80244,0.0338521,0.0338365,-7.0965e-06,0.063375,,
59.832,odom,map,0.550056,-0.10464,-1.81721,0,0,0,,,
59.796,ekf_predict_only,map,0.456412,-0.0480781,-1.78751,20.2681,24.2281,1.99886,,,
59.796,kf,map,0.470144,-0.0496167,-1.80361,0.0311901,0.0311901,5.06301e-11,0.123125,,
59.796,pf,map,0.523901,-0.131705,-1.8332,0.0283769,0.0298118,-0.00151254,8.84913,473.56,0
59.868,odom,map,0.547974,-0.11301,-1.81185,0,0,0,,,
59.904,odom,map,0.545954,-0.121321,-1.80694,0,0,0,,,
59.94,odom,map,0.543986,-0.12958,-1.80255,0,0,0,,,
59.976,odom,map,0.542058,-0.137827,-1.79835,0,0,0,,,
60.012,odom,map,0.540168,-0.146063,-1.79439,0,0,0,,,
60.012,kf,map,0.459637,-0.0990919,-1.77421,0.0312766,0.0312766,7.09966e-12,0.065625,,
60.012,ekf_predict_only,map,0.44553,-0.0975001,-1.76495,20.8031,24.1887,2.14858,,,
60.012,ekf,map,0.459946,-0.0990952,-1.77318,0.0343521,0.0343294,-8.74166e-06,0.058292,,
60.012,pf,map,0.522216,-0.176866,-1.81318,0.0312951,0.0285432,0.00257735,6.83929,485.963,0
60.048,odom,map,0.53833,-0.154215,-1.79077,0,0,0,,,
60.084,odom,map,0.536547,-0.162255,-1.78746,0,0,0,,,
60.12,odom,map,0.534782,-0.170331,-1.78454,0,0,0,,,
60.156,odom,map,0.533037,-0.178423,-1.78182,0,0,0,,,
60.192,odom,map,0.531336,-0.18641,-1.77947,0,0,0,,,
60.192,ekf,map,0.452295,-0.139543,-1.75806,0.0338344,0.0338125,-7.35132e-06,0.058333,,
60.228,odom,map,0.530322,-0.19434,-1.77912,0,0,0,,,
60.192,kf,map,0.45208,-0.139488,-1.75892,0.0311884,0.0311884,1.00496e-12,0.064167,,
60.192,ekf_predict_only,map,0.437668,-0.137484,-1.75582,21.2686,24.175,2.26963,,,
60.192,pf,map,0.502191,-0.217046,-1.80217,0.0323577,0.0315012,-0.000901009,12.66,465.559,0
60.264,odom,map,0.529537,-0.202255,-1.7795,0,0,0,,,
60.3,odom,map,0.52874,-0.21007,-1.78008,0,0,0,,,
60.336,odom,map,0.527928,-0.217787,-1.78094,0,0,0,,,
60.372,odom,map,0.527168,-0.225085,-1.78256,0,0,0,,,
60.408,odom,map,0.52646,-0.231152,-1.78428,0,0,0,,,
60.408,ekf_predict_only,map,0.437668,-0.137484,-1.75582,21.3186,24.225,2.26963,,,
60.408,kf,map,0.447181,-0.168041,-1.75202,0.0312764,0.0312764,1.40925e-13,0.085625,,
60.408,ekf,map,0.446789,-0.170857,-1.75107,0.0343615,0.0343395,-6.93732e-06,0.479416,,
60.408,pf,map,0.483218,-0.264103,-1.79462,0.0320652,0.0292648,-0.00129895,5.35321,477.489,0
60.444,odom,map,0.525408,-0.236005,-1.78428,0,0,0,,,
60.48,odom,map,0.524631,-0.239591,-1.78428,0,0,0,,,
60.516,odom,map,0.524128,-0.24191,-1.78428,0,0,0,,,
60.552,odom,map,0.5239,-0.242963,-1.78428,0,0,0,,,
60.588,odom,map,0.523885,-0.243033,-1.78428,0,0,0,,,
60.624,odom,map,0.523885,-0.243033,-1.78428,0,0,0,,,
60.588,ekf_predict_only,map,0.437668,-0.137484,-1.75582,21.3686,24.275,2.26963,,,
60.588,ekf,map,0.443623,-0.18861,-1.74891,0.0338395,0.033825,-4.45478e-06,0.116542,,
60.588,kf,map,0.444015,-0.186167,-1.74944,0.0311884,0.0311884,1.99482e-14,0.057916,,
60.588,pf,map,0.48784,-0.276098,-1.78863,0.0309665,0.0291828,0.00245303,7.74229,470.823,0
60.66,odom,map,0.523885,-0.243033,-1.78428,0,0,0,,,
60.696,odom,map,0.523885,-0.243033,-1.78428,0,0,0,,,
60.732,odom,map,0.523885,-0.243033,-1.78428,0,0,0,,,
60.768,odom,map,0.523885,-0.243033,-1.78428,0,0,0,,,
60.804,odom,map,0.523885,-0.243033,-1.78428,0,0,0,,,
60.804,ekf_predict_only,map,0.437668,-0.137484,-1.75582,21.4186,24.325,2.26963,,,
60.804,ekf,map,0.442581,-0.194443,-1.74821,0.0343634,0.0343518,-3.55153e-06,0.061709,,
60.804,kf,map,0.442821,-0.193006,-1.74846,0.0312764,0.0312764,2.79733e-15,0.157583,,
60.804,pf,map,0.496088,-0.286651,-1.7846,0.0291765,0.0296673,-0.00213514,4.61342,462.688,0
60.84,odom,map,0.523885,-0.243033,-1.78428,0,0,0,,,
60.876,odom,map,0.523885,-0.243033,-1.78428,0,0,0,,,
60.912,odom,map,0.523885,-0.243033,-1.78428,0,0,0,,,
60.948,odom,map,0.523885,-0.243033,-1.78428,0,0,0,,,
60.984,odom,map,0.523885,-0.243033,-1.78428,0,0,0,,,
60.984,ekf_predict_only,map,0.437668,-0.137484,-1.75582,21.4686,24.375,2.26963,,,
60.984,kf,map,0.442375,-0.19556,-1.7481,0.0311884,0.0311884,3.95965e-16,0.061458,,
61.02,odom,map,0.523885,-0.243033,-1.78428,0,0,0,,,
60.984,ekf,map,0.44226,-0.196241,-1.74799,0.0338399,0.0338329,-2.12758e-06,0.287125,,
60.984,pf,map,0.480031,-0.282203,-1.78361,0.0311584,0.0298565,0.00165999,7.38129,462.466,0
61.056,odom,map,0.523885,-0.243033,-1.78428,0,0,0,,,
61.092,odom,map,0.523818,-0.243343,-1.78491,0,0,0,,,
61.128,odom,map,0.523556,-0.244538,-1.78739,0,0,0,,,
61.164,odom,map,0.523135,-0.246434,-1.79131,0,0,0,,,
61.2,odom,map,0.522624,-0.248692,-1.79575,0,0,0,,,
61.2,ekf_predict_only,map,0.434431,-0.15478,-1.79063,21.7048,24.399,2.32162,,,
61.2,ekf,map,0.440486,-0.206173,-1.76669,0.0343638,0.034358,-1.69278e-06,0.065875,,
61.2,kf,map,0.440385,-0.206576,-1.76818,0.0312764,0.0312764,5.5526e-17,0.057334,,
61.2,pf,map,0.498275,-0.294811,-1.7855,0.0310784,0.0305329,-0.000252207,4.54317,468.786,0
61.236,odom,map,0.522024,-0.25128,-1.80091,0,0,0,,,
61.272,odom,map,0.521272,-0.254445,-1.80734,0,0,0,,,
61.308,odom,map,0.520298,-0.258418,-1.81519,0,0,0,,,
61.344,odom,map,0.519136,-0.262989,-1.82408,0,0,0,,,
61.38,odom,map,0.517846,-0.267878,-1.83355,0,0,0,,,
61.416,odom,map,0.516405,-0.273129,-1.84378,0,0,0,,,
61.416,ekf,map,0.435218,-0.23121,-1.81453,0.0344863,0.0344804,-1.55208e-06,0.061334,,
61.416,kf,map,0.434975,-0.232115,-1.81656,0.0312887,0.0312887,7.77614e-18,0.056334,,
61.416,ekf_predict_only,map,0.427016,-0.187963,-1.85436,22.123,24.39,2.41248,,,
61.401,amcl,map,0.499959,-0.24915,-1.8792,0.027373,0.0289223,0.0108763,,,
61.416,pf,map,0.496539,-0.309604,-1.83532,0.0301196,0.0283974,-0.00106953,4.98517,459.422,0
61.452,odom,map,0.514765,-0.278863,-1.85488,0,0,0,,,
61.488,odom,map,0.512863,-0.285235,-1.86675,0,0,0,,,
61.524,odom,map,0.51084,-0.291731,-1.8787,0,0,0,,,
61.56,odom,map,0.508626,-0.298544,-1.8913,0,0,0,,,
61.596,odom,map,0.506183,-0.305742,-1.90461,0,0,0,,,
61.596,ekf_predict_only,map,0.415951,-0.225934,-1.9235,22.6123,24.3533,2.49718,,,
61.596,kf,map,0.426192,-0.264199,-1.87479,0.0311901,0.0311901,1.10052e-18,0.485125,,
61.632,odom,map,0.503559,-0.313145,-1.91834,0,0,0,,,
61.596,ekf,map,0.426431,-0.263395,-1.87321,0.0338441,0.0338367,-1.85864e-06,0.076583,,
61.596,pf,map,0.475414,-0.354678,-1.89323,0.0301214,0.0281304,-0.000875866,5.60692,476.762,0
61.668,odom,map,0.500813,-0.320563,-1.93217,0,0,0,,,
61.704,odom,map,0.49791,-0.328084,-1.94624,0,0,0,,,
61.74,odom,map,0.494758,-0.335913,-1.96086,0,0,0,,,
61.776,odom,map,0.491414,-0.343878,-1.97569,0,0,0,,,
61.812,ekf_predict_only,map,0.397857,-0.27509,-2.01286,23.2595,24.2651,2.57502,,,
61.812,odom,map,0.487915,-0.351876,-1.99059,0,0,0,,,
61.812,ekf,map,0.41039,-0.309143,-1.95682,0.0343435,0.0343293,-3.93131e-06,0.136,,
61.812,kf,map,0.410268,-0.309801,-1.95792,0.0312766,0.0312766,1.54321e-19,0.124958,,
61.812,pf,map,0.460384,-0.406353,-1.97978,0.029218,0.0317569,-0.00261616,5.4455,488.83,0
61.848,odom,map,0.484278,-0.359863,-2.00565,0,0,0,,,
61.884,odom,map,0.480514,-0.367808,-2.02083,0,0,0,,,
61.92,odom,map,0.47663,-0.375694,-2.03612,0,0,0,,,
61.956,odom,map,0.472586,-0.383596,-2.05144,0,0,0,,,
61.992,odom,map,0.468429,-0.391421,-2.06698,0,0,0,,,
61.992,ekf_predict_only,map,0.379157,-0.314599,-2.09069,23.8129,24.1769,2.60193,,,
61.992,ekf,map,0.392705,-0.348138,-2.03191,0.0338286,0.0338128,-5.10392e-06,0.062542,,
62.028,odom,map,0.46419,-0.399108,-2.08257,0,0,0,,,
61.992,kf,map,0.392718,-0.348488,-2.03253,0.0311884,0.0311884,2.18443e-20,1.02492,,
62.001,amcl,map,0.447942,-0.381531,-2.07856,0.0269236,0.0250309,0.00885516,,,
61.992,pf,map,0.435192,-0.437792,-2.05866,0.0292366,0.0303664,-0.00147552,4.85588,482.107,0
62.064,odom,map,0.459833,-0.406724,-2.09829,0,0,0,,,
62.1,odom,map,0.455353,-0.414277,-2.11404,0,0,0,,,
62.136,odom,map,0.450718,-0.421818,-2.12972,0,0,0,,,
62.172,odom,map,0.445959,-0.429295,-2.14545,0,0,0,,,
62.208,ekf_predict_only,map,0.352986,-0.36032,-2.18448,24.4717,24.0413,2.58983,,,
62.208,ekf,map,0.410446,-0.359577,-2.10859,0.0204946,0.0217787,-0.000431994,0.101708,,
62.208,kf,map,0.413621,-0.381666,-2.10022,0.0200887,0.0304285,-0.00307995,0.108459,,
62.208,odom,map,0.440252,-0.435651,-2.1627,0,0,0,,,
62.208,pf,map,0.423661,-0.394476,-2.11036,0.0214305,0.0185616,0.00252205,5.72675,476.06,0
62.244,odom,map,0.431273,-0.4384,-2.18544,0,0,0,,,
62.28,odom,map,0.422028,-0.440907,-2.20805,0,0,0,,,
62.316,odom,map,0.412547,-0.443142,-2.23041,0,0,0,,,
62.352,odom,map,0.40276,-0.445207,-2.25269,0,0,0,,,
62.388,odom,map,0.392662,-0.447109,-2.27495,0,0,0,,,
62.388,kf,map,0.40001,-0.413529,-2.18875,0.0194884,0.0301797,-0.00343417,0.111583,,
62.424,odom,map,0.38542,-0.451792,-2.29249,0,0,0,,,
62.388,ekf,map,0.398513,-0.404598,-2.19412,0.0195685,0.021444,-0.000636342,0.224875,,
62.388,ekf_predict_only,map,0.328771,-0.394695,-2.25917,24.9979,23.9278,2.53817,,,
62.388,pf,map,0.404165,-0.446049,-2.18902,0.0211562,0.0187621,-0.00143376,9.68825,565.469,0
62.46,odom,map,0.379875,-0.458001,-2.30712,0,0,0,,,
62.496,odom,map,0.374334,-0.464027,-2.32125,0,0,0,,,
62.532,odom,map,0.368748,-0.469936,-2.33504,0,0,0,,,
62.568,odom,map,0.363085,-0.475763,-2.34875,0,0,0,,,
62.604,odom,map,0.35738,-0.481475,-2.3623,0,0,0,,,
62.604,ekf_predict_only,map,0.29814,-0.431932,-2.33976,25.5817,23.7823,2.43742,,,
62.604,ekf,map,0.377187,-0.437348,-2.27664,0.0198359,0.0220787,-0.000816088,0.100834,,
62.604,kf,map,0.379685,-0.447835,-2.27133,0.0196206,0.0301321,-0.0036506,0.63975,,
62.601,amcl,map,0.385921,-0.498145,-2.30125,0.026959,0.0230653,0.00705269,,,
62.604,pf,map,0.380555,-0.470577,-2.28576,0.019823,0.0241228,-0.000596156,8.35679,555.827,0
62.64,odom,map,0.351762,-0.486952,-2.37554,0,0,0,,,
62.676,odom,map,0.346286,-0.492153,-2.38839,0,0,0,,,
62.712,odom,map,0.340802,-0.497229,-2.40115,0,0,0,,,
62.748,odom,map,0.335349,-0.502151,-2.41369,0,0,0,,,
62.784,odom,map,0.329969,-0.506886,-2.42582,0,0,0,,,
62.82,odom,map,0.325364,-0.513118,-2.43463,0,0,0,,,
62.784,ekf_predict_only,map,0.273336,-0.457565,-2.39977,26.0101,23.6833,2.33131,,,
62.784,kf,map,0.348911,-0.475778,-2.34189,0.0196567,0.0299591,-0.00376423,0.114042,,
62.784,ekf,map,0.347344,-0.471616,-2.34484,0.0196327,0.0220046,-0.000890532,0.22325,,
62.784,pf,map,0.347994,-0.506953,-2.33335,0.0163994,0.0217512,-7.20175e-05,7.97537,604.792,0
62.856,odom,map,0.321479,-0.520469,-2.4407,0,0,0,,,
62.892,odom,map,0.31773,-0.527635,-2.44656,0,0,0,,,
62.928,odom,map,0.313974,-0.53474,-2.45224,0,0,0,,,
62.964,odom,map,0.310165,-0.541823,-2.4578,0,0,0,,,
63,odom,map,0.306534,-0.5487,-2.46271,0,0,0,,,
63,ekf_predict_only,map,0.264281,-0.465863,-2.43293,26.1846,23.681,2.28739,,,
63,ekf,map,0.324619,-0.498795,-2.40838,0.0199101,0.0225428,-0.00100348,0.117208,,
63,kf,map,0.324913,-0.496134,-2.40746,0.0197679,0.0299816,-0.00385974,0.100042,,
63,pf,map,0.319738,-0.550843,-2.40324,0.020636,0.0209833,-0.000917166,7.83692,609.301,0
63.036,odom,map,0.302678,-0.551895,-2.4707,0,0,0,,,
63.072,odom,map,0.299785,-0.554178,-2.47627,0,0,0,,,
63.108,odom,map,0.297903,-0.55565,-2.47924,0,0,0,,,
63.144,odom,map,0.297041,-0.556322,-2.47978,0,0,0,,,
63.18,odom,map,0.29698,-0.556369,-2.47978,0,0,0,,,
63.216,ekf_predict_only,map,0.264281,-0.465863,-2.43293,26.2346,23.731,2.28739,,,
63.216,ekf,map,0.313025,-0.510635,-2.43017,0.0199578,0.0226941,-0.00105148,0.10475,,
63.216,kf,map,0.312517,-0.505611,-2.43086,0.0198004,0.0299647,-0.00389998,0.188458,,
63.216,odom,map,0.29698,-0.556369,-2.47978,0,0,0,,,
63.216,pf,map,0.319641,-0.569472,-2.41382,0.0193269,0.0171051,-0.00142473,8.76271,581.191,0
63.252,odom,map,0.29698,-0.556369,-2.47978,0,0,0,,,
63.288,odom,map,0.29698,-0.556369,-2.47978,0,0,0,,,
63.324,odom,map,0.29698,-0.556369,-2.47978,0,0,0,,,
63.36,odom,map,0.29698,-0.556369,-2.47978,0,0,0,,,
63.396,odom,map,0.29698,-0.556369,-2.47978,0,0,0,,,
63.432,odom,map,0.300876,-0.557043,-2.47533,0,0,0,,,
63.396,ekf,map,0.313647,-0.508901,-2.43389,0.0196774,0.0223377,-0.00102965,0.185167,,
63.396,kf,map,0.313339,-0.507238,-2.43445,0.0197573,0.0298605,-0.00389885,0.19,,
63.396,ekf_predict_only,map,0.264281,-0.465863,-2.43293,26.2846,23.781,2.28739,,,
63.396,pf,map,0.329106,-0.561399,-2.40728,0.0193086,0.0232814,0.00213832,6.32163,569.806,0
63.468,odom,map,0.305206,-0.557798,-2.47033,0,0,0,,,
63.504,odom,map,0.309479,-0.558551,-2.46533,0,0,0,,,
63.54,odom,map,0.313697,-0.559301,-2.46033,0,0,0,,,
63.576,odom,map,0.317858,-0.560049,-2.45533,0,0,0,,,
63.612,odom,map,0.320715,-0.560568,-2.45186,0,0,0,,,
63.612,ekf_predict_only,map,0.264281,-0.465863,-2.43293,26.3346,23.831,2.28739,,,
63.612,ekf,map,0.309283,-0.509463,-2.43477,0.0199139,0.0226345,-0.00105317,0.288541,,
63.612,kf,map,0.309527,-0.509241,-2.43487,0.0198112,0.0299387,-0.00391661,0.110416,,
63.612,pf,map,0.321787,-0.548209,-2.41895,0.0184761,0.0218429,-0.000692805,6.52617,609.421,0
63.648,odom,map,0.320715,-0.560568,-2.45186,0,0,0,,,
63.684,odom,map,0.320715,-0.560568,-2.45186,0,0,0,,,
63.72,odom,map,0.320715,-0.560568,-2.45186,0,0,0,,,
63.756,odom,map,0.320715,-0.560568,-2.45186,0,0,0,,,
63.792,odom,map,0.320715,-0.560568,-2.45186,0,0,0,,,
63.828,odom,map,0.320715,-0.560568,-2.45186,0,0,0,,,
63.792,ekf,map,0.309404,-0.509091,-2.43501,0.0196749,0.022333,-0.00102837,0.106333,,
63.792,ekf_predict_only,map,0.264281,-0.465863,-2.43293,26.3846,23.881,2.28739,,,
63.792,kf,map,0.309606,-0.509469,-2.43486,0.0197625,0.0298534,-0.00390552,0.098792,,
63.792,pf,map,0.327082,-0.554969,-2.42241,0.0178536,0.0185223,-0.000708482,7.83979,621.79,0
63.864,odom,map,0.320715,-0.560568,-2.45186,0,0,0,,,
63.9,odom,map,0.320715,-0.560568,-2.45186,0,0,0,,,
63.936,odom,map,0.320465,-0.560774,-2.45186,0,0,0,,,
63.972,odom,map,0.319259,-0.561768,-2.45231,0,0,0,,,
64.008,odom,map,0.31747,-0.563241,-2.45311,0,0,0,,,
64.008,ekf_predict_only,map,0.252581,-0.475892,-2.43875,26.5862,23.8651,2.22718,,,
64.008,ekf,map,0.303836,-0.511542,-2.43604,0.0199375,0.0227312,-0.00109427,0.1105,,
64.008,kf,map,0.304396,-0.514526,-2.43506,0.0198267,0.0299229,-0.00393654,0.100167,,
64.008,pf,map,0.304301,-0.545782,-2.42785,0.0178037,0.0213748,0.000682099,6.15163,605.804,0
64.044,odom,map,0.315486,-0.564872,-2.45408,0,0,0,,,
64.08,odom,map,0.313374,-0.566605,-2.45535,0,0,0,,,
64.116,odom,map,0.310858,-0.568661,-2.45735,0,0,0,,,
64.152,odom,map,0.308181,-0.57084,-2.45971,0,0,0,,,
64.188,odom,map,0.305454,-0.573048,-2.46232,0,0,0,,,
64.224,odom,map,0.302582,-0.575359,-2.46544,0,0,0,,,
64.188,ekf,map,0.292201,-0.517894,-2.44459,0.0197176,0.0225267,-0.00111609,0.09975,,
64.188,ekf_predict_only,map,0.238214,-0.488064,-2.45582,26.8221,23.8368,2.15063,,,
64.188,kf,map,0.293789,-0.523462,-2.4426,0.0198001,0.0298157,-0.00395367,0.091584,,
64.188,pf,map,0.316025,-0.56067,-2.4327,0.0172795,0.0201675,0.00141262,10.3742,548.023,0
64.26,odom,map,0.299587,-0.577753,-2.46914,0,0,0,,,
64.296,odom,map,0.296556,-0.580157,-2.47302,0,0,0,,,
64.332,odom,map,0.293433,-0.582614,-2.47722,0,0,0,,,
64.368,odom,map,0.290148,-0.585173,-2.4822,0,0,0,,,
64.404,odom,map,0.286726,-0.587811,-2.48781,0,0,0,,,
64.404,ekf_predict_only,map,0.221967,-0.501358,-2.49736,27.0775,23.8017,2.05992,,,
64.404,kf,map,0.273521,-0.537954,-2.47227,0.0198841,0.0298655,-0.00400903,0.168125,,
64.404,ekf,map,0.27177,-0.533511,-2.47373,0.0199947,0.0230076,-0.00121785,0.58775,,
64.404,pf,map,0.275647,-0.56625,-2.4752,0.0192468,0.0177967,-0.00128731,7.08417,593.98,0
64.44,odom,map,0.283634,-0.590165,-2.49431,0,0,0,,,
64.476,odom,map,0.280684,-0.592379,-2.50151,0,0,0,,,
64.512,odom,map,0.277607,-0.594652,-2.50887,0,0,0,,,
64.548,odom,map,0.274376,-0.597003,-2.51665,0,0,0,,,
64.584,odom,map,0.271234,-0.59925,-2.52525,0,0,0,,,
64.584,ekf_predict_only,map,0.210053,-0.510307,-2.54763,27.2672,23.7916,1.98949,,,
64.584,ekf,map,0.264099,-0.543519,-2.51256,0.0197746,0.0228159,-0.00124401,0.110416,,
64.62,odom,map,0.26867,-0.601049,-2.53507,0,0,0,,,
64.584,kf,map,0.265016,-0.546467,-2.51171,0.0198601,0.0297558,-0.00402842,0.191209,,
64.602,amcl,map,0.265977,-0.594713,-2.54705,0.0307532,0.0242897,0.00915914,,,
64.584,pf,map,0.283149,-0.575447,-2.5118,0.0205383,0.0210954,0.000132299,6.39617,595.257,0
64.656,odom,map,0.266356,-0.602636,-2.54568,0,0,0,,,
64.692,odom,map,0.264125,-0.604131,-2.55691,0,0,0,,,
64.728,odom,map,0.261945,-0.605557,-2.56858,0,0,0,,,
64.764,odom,map,0.259833,-0.606901,-2.58132,0,0,0,,,
64.8,odom,map,0.25775,-0.608189,-2.59455,0,0,0,,,
64.8,ekf_predict_only,map,0.198021,-0.518432,-2.62854,27.445,23.783,1.91466,,,
64.8,ekf,map,0.247058,-0.553481,-2.58087,0.0200422,0.0232421,-0.0013231,0.133791,,
64.8,kf,map,0.248528,-0.556777,-2.58005,0.0199318,0.0298179,-0.00406767,0.77425,,
64.8,pf,map,0.264308,-0.586001,-2.56066,0.018123,0.0212203,-0.000652615,6.23013,608.222,0
64.836,odom,map,0.255675,-0.609433,-2.60804,0,0,0,,,
64.872,odom,map,0.25355,-0.610669,-2.62194,0,0,0,,,
64.908,odom,map,0.25123,-0.611973,-2.63667,0,0,0,,,
64.944,odom,map,0.24885,-0.613266,-2.65147,0,0,0,,,
64.98,odom,map,0.246262,-0.614621,-2.66666,0,0,0,,,
65.016,ekf_predict_only,map,0.180893,-0.528082,-2.72256,27.648,23.7531,1.8014,,,
65.016,ekf,map,0.239954,-0.55915,-2.66643,0.0201015,0.0234561,-0.00139609,0.11325,,
65.016,odom,map,0.243441,-0.616044,-2.68219,0,0,0,,,
65.016,kf,map,0.240782,-0.563028,-2.6653,0.0199525,0.0298126,-0.00409068,0.182,,
65.016,pf,map,0.252045,-0.600317,-2.65682,0.0200757,0.0187506,-0.00287392,11.7313,607.58,0
65.052,odom,map,0.240392,-0.617522,-2.698,0,0,0,,,
65.088,odom,map,0.237283,-0.618969,-2.71385,0,0,0,,,
65.124,odom,map,0.23395,-0.620456,-2.7299,0,0,0,,,
65.16,odom,map,0.230311,-0.622009,-2.74617,0,0,0,,,
65.196,odom,map,0.226343,-0.623627,-2.76272,0,0,0,,,
65.232,odom,map,0.22209,-0.625278,-2.7793,0,0,0,,,
65.196,ekf,map,0.217221,-0.582276,-2.75571,0.0198309,0.0231882,-0.00140075,0.131667,,
65.196,kf,map,0.214507,-0.574409,-2.75825,0.0199075,0.0297104,-0.004086,0.092708,,
65.196,ekf_predict_only,map,0.159189,-0.537749,-2.8052,27.8526,23.7078,1.6491,,,
65.202,amcl,map,0.226903,-0.61217,-2.77658,0.0308929,0.0212179,0.00942264,,,
65.196,pf,map,0.215235,-0.642775,-2.76809,0.0307654,0.0288217,0.00013666,7.00454,518.948,0
65.268,odom,map,0.217633,-0.626926,-2.79583,0,0,0,,,
65.304,odom,map,0.212993,-0.628553,-2.81241,0,0,0,,,
65.34,odom,map,0.207821,-0.630271,-2.82912,0,0,0,,,
65.376,odom,map,0.202545,-0.631927,-2.84585,0,0,0,,,
65.412,odom,map,0.196752,-0.633207,-2.86335,0,0,0,,,
65.412,ekf_predict_only,map,0.125783,-0.549431,-2.90452,28.0911,23.6242,1.40283,,,
65.412,ekf,map,0.146701,-0.602468,-2.84981,0.0321763,0.0326113,-0.000186367,0.058125,,
65.412,kf,map,0.148705,-0.598131,-2.85123,0.0295273,0.0310472,-0.000633516,0.819,,
65.412,pf,map,0.161623,-0.681238,-2.87862,0.0302935,0.0314395,0.000169259,4.78496,477.593,0
65.448,odom,map,0.190061,-0.633632,-2.88283,0,0,0,,,
65.484,odom,map,0.182842,-0.634043,-2.90225,0,0,0,,,
65.52,odom,map,0.175349,-0.634359,-2.92162,0,0,0,,,
65.556,odom,map,0.167701,-0.634546,-2.94095,0,0,0,,,
65.592,odom,map,0.159828,-0.634613,-2.96003,0,0,0,,,
65.628,odom,map,0.152114,-0.635555,-2.97653,0,0,0,,,
65.592,kf,map,0.0998527,-0.61228,-2.92828,0.030937,0.0311554,-9.103e-05,0.061333,,
65.592,ekf_predict_only,map,0.0877476,-0.558621,-2.9823,28.2909,23.5415,1.10905,,,
65.592,ekf,map,0.0982273,-0.613974,-2.92778,0.0335561,0.0336302,-3.18663e-05,0.153417,,
65.592,pf,map,0.138301,-0.691542,-2.96427,0.0299732,0.0319962,-0.000998701,8.25275,480.581,0
65.664,odom,map,0.14424,-0.636804,-2.99185,0,0,0,,,
65.7,odom,map,0.13621,-0.637953,-3.00698,0,0,0,,,
65.736,odom,map,0.127909,-0.639014,-3.02176,0,0,0,,,
65.772,odom,map,0.119195,-0.639998,-3.03608,0,0,0,,,
65.808,odom,map,0.11008,-0.6409,-3.04969,0,0,0,,,
65.808,ekf_predict_only,map,0.0331468,-0.567392,-3.06278,28.4849,23.4371,0.673181,,,
65.808,ekf,map,0.043758,-0.623379,-3.01402,0.0343161,0.0343388,-8.26181e-06,0.059625,,
65.808,kf,map,0.0444163,-0.622991,-3.01368,0.0312411,0.0312717,-1.27923e-05,0.08425,,
65.802,amcl,map,0.121223,-0.63717,-3.03231,0.030402,0.0187942,0.00570195,,,
65.808,pf,map,0.084818,-0.678632,-3.04964,0.0313099,0.0330984,-0.00260218,6.86838,472.337,0
65.844,odom,map,0.100897,-0.641684,-3.0631,0,0,0,,,
65.88,odom,map,0.0915178,-0.642359,-3.0762,0,0,0,,,
65.916,odom,map,0.0818541,-0.64293,-3.08877,0,0,0,,,
65.952,odom,map,0.0720469,-0.643388,-3.10102,0,0,0,,,
65.988,odom,map,0.0619986,-0.643736,-3.1128,0,0,0,,,
66.024,odom,map,0.0524823,-0.64345,-3.12332,0,0,0,,,
65.988,ekf,map,-0.00517585,-0.627737,-3.07634,0.0338198,0.0338363,-3.85892e-06,0.10825,,
65.988,ekf_predict_only,map,-0.0176753,-0.571406,-3.11792,28.6012,23.382,0.25776,,,
65.988,kf,map,-0.00504451,-0.627825,-3.07564,0.0311833,0.0311877,-1.81132e-06,0.119417,,
65.988,pf,map,0.0425543,-0.67497,-3.11468,0.0364275,0.0335148,0.00170134,9.84896,486.154,0
66.06,odom,map,0.0433027,-0.642774,-3.13311,0,0,0,,,
66.096,odom,map,0.0340089,-0.642011,3.14064,0,0,0,,,
66.132,odom,map,0.0246579,-0.641162,3.13136,0,0,0,,,
66.168,odom,map,0.0151485,-0.640226,3.12244,0,0,0,,,
66.204,odom,map,0.00513459,-0.639243,3.11437,0,0,0,,,
66.204,ekf_predict_only,map,-0.084303,-0.572984,3.11204,28.6773,23.3505,-0.292678,,,
66.204,ekf,map,-0.0684792,-0.629634,-3.13782,0.0343454,0.0343731,-4.10576e-06,0.068583,,
66.204,kf,map,-0.0687069,-0.629989,-3.13681,0.0312757,0.0312763,-2.54011e-07,0.055667,,
66.204,pf,map,-0.0173085,-0.70176,3.10316,0.0328817,0.0301859,-0.000392621,5.70758,448.771,0
66.24,odom,map,-0.00596755,-0.638892,3.1055,0,0,0,,,
66.276,odom,map,-0.0171489,-0.63844,3.09709,0,0,0,,,
66.312,odom,map,-0.0284713,-0.637891,3.08934,0,0,0,,,
66.348,odom,map,-0.0400094,-0.637247,3.08288,0,0,0,,,
66.384,odom,map,-0.0517418,-0.636529,3.07832,0,0,0,,,
66.42,odom,map,-0.0635389,-0.635759,3.0745,0,0,0,,,
66.384,ekf,map,-0.125123,-0.628103,3.11227,0.0338278,0.0338599,-3.18196e-06,0.062042,,
66.384,ekf_predict_only,map,-0.143389,-0.571237,3.09295,28.6984,23.382,-0.781898,,,
66.384,kf,map,-0.125397,-0.628538,3.11375,0.0311883,0.0311883,-3.59558e-08,0.115375,,
66.384,pf,map,-0.084285,-0.694187,3.07194,0.0325239,0.0290413,-0.000499447,4.87679,457.593,0
66.456,odom,map,-0.0752447,-0.634952,3.07149,0,0,0,,,
66.492,odom,map,-0.0869446,-0.634121,3.07008,0,0,0,,,
66.528,odom,map,-0.0986916,-0.633279,3.07021,0,0,0,,,
66.564,odom,map,-0.110445,-0.632441,3.07067,0,0,0,,,
66.6,odom,map,-0.122077,-0.631621,3.07207,0,0,0,,,
66.6,ekf_predict_only,map,-0.213194,-0.567839,3.10379,28.6923,23.4755,-1.35719,,,
66.6,ekf,map,-0.194565,-0.62479,3.10676,0.0343535,0.0344014,-2.66225e-06,0.052791,,
66.6,kf,map,-0.194708,-0.625286,3.10878,0.0312764,0.0312764,-5.04207e-09,0.066416,,
66.6,pf,map,-0.168929,-0.690748,3.06057,0.0322572,0.0293476,2.76899e-06,4.57833,489.463,0
66.636,odom,map,-0.133079,-0.631461,3.07612,0,0,0,,,
66.672,odom,map,-0.144073,-0.631394,3.08155,0,0,0,,,
66.708,odom,map,-0.155068,-0.631412,3.08723,0,0,0,,,
66.744,odom,map,-0.165959,-0.631524,3.09363,0,0,0,,,
66.78,odom,map,-0.176695,-0.631742,3.10109,0,0,0,,,
66.816,odom,map,-0.18754,-0.631785,3.10927,0,0,0,,,
66.801,amcl,map,-0.168457,-0.634843,3.09599,0.0443137,0.0234205,-0.00356919,,,
66.816,ekf,map,-0.263183,-0.622189,3.13456,0.0344771,0.034532,-1.4642e-06,0.053417,,
66.816,kf,map,-0.263137,-0.622619,3.13682,0.0312887,0.0312887,-7.06117e-10,0.059959,,
66.816,ekf_predict_only,map,-0.280648,-0.565288,-3.13526,28.7002,23.6349,-1.9106,,,
66.816,pf,map,-0.230185,-0.695515,3.07215,0.0312688,0.0306286,-0.00223779,12.8992,477.918,0
66.852,odom,map,-0.198786,-0.631463,3.11662,0,0,0,,,
66.888,odom,map,-0.209963,-0.631225,3.12416,0,0,0,,,
66.924,odom,map,-0.220895,-0.631081,3.13296,0,0,0,,,
66.96,odom,map,-0.231771,-0.631038,-3.14078,0,0,0,,,
66.996,odom,map,-0.242705,-0.631102,-3.13065,0,0,0,,,
67.032,odom,map,-0.253527,-0.631279,-3.11967,0,0,0,,,
66.996,ekf,map,-0.318323,-0.622243,-3.10612,0.0338345,0.0338827,-5.51535e-07,0.112,,
66.996,ekf_predict_only,map,-0.334627,-0.565629,-3.07898,28.7559,23.8203,-2.35511,,,
66.996,kf,map,-0.318218,-0.622544,-3.1042,0.0311901,0.0311901,-9.99332e-11,0.7005,,
66.996,pf,map,-0.272625,-0.6852,3.12265,0.0314526,0.0301107,-0.000129783,5.58962,472.582,0
67.068,odom,map,-0.264137,-0.631573,-3.10797,0,0,0,,,
67.104,odom,map,-0.274644,-0.63199,-3.09563,0,0,0,,,
67.14,odom,map,-0.285129,-0.632538,-3.08302,0,0,0,,,
67.176,odom,map,-0.295475,-0.633212,-3.06989,0,0,0,,,
67.212,odom,map,-0.30558,-0.634008,-3.05574,0,0,0,,,
67.212,ekf_predict_only,map,-0.395086,-0.56942,-2.9928,28.8683,24.0727,-2.85975,,,
67.212,ekf,map,-0.380809,-0.625843,-3.03219,0.034327,0.0343843,-4.60388e-07,0.105209,,
67.212,kf,map,-0.380593,-0.625984,-3.03039,0.0312766,0.0312766,-1.40132e-11,0.055125,,
67.212,pf,map,-0.358935,-0.681662,-3.08158,0.0306319,0.0303377,-0.00200911,5.281,486.594,0
67.248,odom,map,-0.315632,-0.634946,-3.04138,0,0,0,,,
67.284,odom,map,-0.325585,-0.63602,-3.02678,0,0,0,,,
67.32,odom,map,-0.335314,-0.637215,-3.01161,0,0,0,,,
67.356,odom,map,-0.344829,-0.638535,-2.99576,0,0,0,,,
67.392,odom,map,-0.354258,-0.639998,-2.97958,0,0,0,,,
67.428,odom,map,-0.363404,-0.64157,-2.96305,0,0,0,,,
67.392,ekf_predict_only,map,-0.440513,-0.57623,-2.90967,29.0311,24.3102,-3.24999,,,
67.392,ekf,map,-0.429036,-0.632607,-2.95756,0.0338106,0.033858,-8.7537e-07,0.10075,,
67.392,kf,map,-0.428747,-0.632621,-2.95623,0.0311884,0.0311884,-1.98358e-12,0.053042,,
67.401,amcl,map,-0.34363,-0.639214,-2.99676,0.0425349,0.0290374,-0.0093888,,,
67.392,pf,map,-0.390606,-0.690674,-3.00108,0.0317561,0.0301513,-0.000984928,6.99733,482.759,0
67.464,odom,map,-0.372269,-0.643246,-2.94612,0,0,0,,,
67.5,odom,map,-0.380785,-0.645008,-2.92877,0,0,0,,,
67.536,odom,map,-0.388841,-0.646823,-2.91088,0,0,0,,,
67.572,odom,map,-0.396763,-0.64876,-2.89275,0,0,0,,,
67.608,odom,map,-0.403895,-0.650815,-2.87488,0,0,0,,,
67.608,ekf_predict_only,map,-0.486497,-0.58709,-2.79962,29.2624,24.581,-3.65986,,,
67.608,ekf,map,-0.426514,-0.63406,-2.85933,0.0209295,0.0275823,-0.00203152,0.102709,,
67.608,kf,map,-0.430344,-0.630208,-2.85995,0.0201306,0.0303865,-0.00314935,0.197167,,
67.608,pf,map,-0.431505,-0.696878,-2.90263,0.0311144,0.0285164,-0.00299136,5.44963,479.728,0
67.644,odom,map,-0.408731,-0.653004,-2.85802,0,0,0,,,
67.68,odom,map,-0.413449,-0.655277,-2.841,0,0,0,,,
67.716,odom,map,-0.417853,-0.657568,-2.8237,0,0,0,,,
67.752,odom,map,-0.421846,-0.659839,-2.8061,0,0,0,,,
67.788,odom,map,-0.425483,-0.662096,-2.78831,0,0,0,,,
67.824,odom,map,-0.430605,-0.664398,-2.76923,0,0,0,,,
67.788,ekf_predict_only,map,-0.516575,-0.597796,-2.70029,29.4928,24.7924,-3.94202,,,
67.788,ekf,map,-0.4542,-0.643333,-2.76367,0.0199892,0.0270874,-0.00218718,0.116,,
67.788,kf,map,-0.456157,-0.639417,-2.76474,0.0194245,0.030244,-0.00333307,0.226875,,
67.8,amcl,map,-0.431969,-0.66182,-2.79758,0.0346753,0.0266606,-0.00924158,,,
67.788,pf,map,-0.457532,-0.67035,-2.76107,0.0183971,0.0241421,0.000169713,6.32163,622.903,0
67.86,odom,map,-0.436529,-0.66678,-2.74937,0,0,0,,,
67.896,odom,map,-0.442043,-0.669125,-2.72934,0,0,0,,,
67.932,odom,map,-0.447268,-0.671472,-2.70909,0,0,0,,,
67.968,odom,map,-0.45237,-0.67389,-2.68872,0,0,0,,,
68.004,odom,map,-0.457277,-0.67634,-2.66827,0,0,0,,,
68.004,ekf_predict_only,map,-0.545748,-0.611577,-2.57732,29.7776,25.0117,-4.2305,,,
68.004,ekf,map,-0.480966,-0.654483,-2.64128,0.0202245,0.0275927,-0.00229738,0.09975,,
68.004,kf,map,-0.482002,-0.652297,-2.64203,0.0194422,0.0303111,-0.00337988,0.103666,,
68.004,pf,map,-0.484369,-0.6823,-2.64101,0.0204039,0.0238157,6.25869e-05,5.83033,655.628,0
68.04,odom,map,-0.461857,-0.678744,-2.64764,0,0,0,,,
68.076,odom,map,-0.465946,-0.681,-2.62707,0,0,0,,,
68.112,odom,map,-0.469755,-0.683204,-2.60657,0,0,0,,,
68.148,odom,map,-0.473418,-0.685426,-2.5861,0,0,0,,,
68.184,odom,map,-0.476848,-0.687603,-2.56564,0,0,0,,,
68.22,odom,map,-0.479998,-0.689196,-2.5461,0,0,0,,,
68.184,ekf_predict_only,map,-0.560402,-0.620851,-2.47383,29.9872,25.1516,-4.385,,,
68.184,ekf,map,-0.50114,-0.660136,-2.53198,0.0199915,0.027219,-0.00227879,0.101041,,
68.184,kf,map,-0.500053,-0.663595,-2.5314,0.0194065,0.0302096,-0.00339584,0.115,,
68.202,amcl,map,-0.483407,-0.697098,-2.56422,0.0292407,0.0213865,-0.0056792,,,
68.184,pf,map,-0.495491,-0.68196,-2.53688,0.0192274,0.0276753,-0.00162773,9.89513,644.785,0
68.256,odom,map,-0.482996,-0.690352,-2.52737,0,0,0,,,
68.292,odom,map,-0.485651,-0.691326,-2.50864,0,0,0,,,
68.328,odom,map,-0.488111,-0.692209,-2.48992,0,0,0,,,
68.364,odom,map,-0.490314,-0.692941,-2.47138,0,0,0,,,
68.4,odom,map,-0.492255,-0.693507,-2.45288,0,0,0,,,
68.4,kf,map,-0.51453,-0.673943,-2.41094,0.0194722,0.0302775,-0.00343377,0.098625,,
68.4,ekf_predict_only,map,-0.569485,-0.628015,-2.351,30.1613,25.2589,-4.4863,,,
68.4,ekf,map,-0.515313,-0.672552,-2.41146,0.0202522,0.0276496,-0.00235033,2.13054,,
68.4,pf,map,-0.498539,-0.715299,-2.40302,0.0166727,0.0258814,-0.00170103,6.27246,694.383,0
68.436,odom,map,-0.493741,-0.694728,-2.43246,0,0,0,,,
68.472,odom,map,-0.49503,-0.695856,-2.41212,0,0,0,,,
68.508,odom,map,-0.496096,-0.696828,-2.39183,0,0,0,,,
68.544,odom,map,-0.497004,-0.69769,-2.37163,0,0,0,,,
68.58,odom,map,-0.49784,-0.698518,-2.35148,0,0,0,,,
68.616,ekf_predict_only,map,-0.573825,-0.6324,-2.23083,30.2877,25.3367,-4.53815,,,
68.616,ekf,map,-0.522423,-0.681765,-2.29353,0.0202976,0.0277413,-0.00238594,0.19625,,
68.601,amcl,map,-0.496961,-0.713631,-2.33603,0.0249333,0.0187923,-0.00294086,,,
68.616,kf,map,-0.522403,-0.680712,-2.29363,0.0194887,0.0302764,-0.00345614,0.109334,,
68.616,odom,map,-0.498843,-0.699398,-2.33173,0,0,0,,,
68.616,pf,map,-0.491194,-0.714989,-2.29194,0.0186406,0.023868,0.00123877,18.2946,656.805,0
68.652,odom,map,-0.500148,-0.700372,-2.31262,0,0,0,,,
68.688,odom,map,-0.501345,-0.701249,-2.29365,0,0,0,,,
68.724,odom,map,-0.502373,-0.701949,-2.2749,0,0,0,,,
68.76,odom,map,-0.503331,-0.702579,-2.25622,0,0,0,,,
68.796,odom,map,-0.504206,-0.703115,-2.23754,0,0,0,,,
68.796,ekf_predict_only,map,-0.573845,-0.632426,-2.13529,30.3381,25.3869,-4.53841,,,
68.796,ekf,map,-0.518224,-0.675339,-2.1881,0.0200086,0.02724,-0.00232731,0.105625,,
68.796,kf,map,-0.516849,-0.680686,-2.18709,0.0194412,0.0301766,-0.00345075,0.10625,,
68.832,odom,map,-0.504311,-0.703185,-2.21846,0,0,0,,,
68.796,pf,map,-0.494241,-0.719933,-2.18021,0.0183343,0.0238233,-0.00244538,6.45046,659.147,0
68.868,odom,map,-0.504315,-0.70319,-2.19935,0,0,0,,,
68.904,odom,map,-0.504231,-0.703071,-2.18033,0,0,0,,,
68.94,odom,map,-0.504073,-0.70284,-2.16147,0,0,0,,,
68.976,odom,map,-0.503832,-0.702473,-2.14294,0,0,0,,,
69.012,kf,map,-0.53067,-0.684108,-2.07729,0.019489,0.0302609,-0.00346016,0.111083,,
69.012,odom,map,-0.503539,-0.702652,-2.12415,0,0,0,,,
69.012,ekf,map,-0.532399,-0.681475,-2.07818,0.0202425,0.0276046,-0.00235628,0.098625,,
69.012,ekf_predict_only,map,-0.572349,-0.630063,-2.02459,30.3469,25.4272,-4.51777,,,
69,amcl,map,-0.498111,-0.71916,-2.11721,0.0247651,0.0150323,0.000409478,,,
69.012,pf,map,-0.52293,-0.70702,-2.07992,0.0199028,0.0231409,-0.000229923,5.92104,680.378,0
69.048,odom,map,-0.503077,-0.704003,-2.10478,0,0,0,,,
69.084,odom,map,-0.50251,-0.705144,-2.0858,0,0,0,,,
69.12,odom,map,-0.50189,-0.70615,-2.06716,0,0,0,,,
69.156,odom,map,-0.501247,-0.707069,-2.0489,0,0,0,,,
69.192,odom,map,-0.500574,-0.707876,-2.03098,0,0,0,,,
69.192,ekf_predict_only,map,-0.569651,-0.624531,-1.94078,30.3008,25.46,-4.47664,,,
69.192,kf,map,-0.536236,-0.682264,-1.98125,0.0194312,0.0301847,-0.00343525,0.110541,,
69.228,odom,map,-0.5,-0.707289,-2.0139,0,0,0,,,
69.192,ekf,map,-0.539496,-0.673432,-1.98333,0.0199925,0.0272158,-0.00229877,0.229208,,
69.192,pf,map,-0.529745,-0.705533,-1.97746,0.019,0.0229357,-0.00184551,11.4715,657.921,0
69.264,odom,map,-0.499475,-0.706159,-1.99747,0,0,0,,,
69.3,odom,map,-0.498942,-0.704961,-1.98151,0,0,0,,,
69.336,odom,map,-0.498396,-0.703679,-1.96601,0,0,0,,,
69.372,odom,map,-0.497848,-0.702337,-1.95096,0,0,0,,,
69.408,odom,map,-0.49711,-0.700991,-1.93619,0,0,0,,,
69.408,ekf_predict_only,map,-0.56603,-0.615196,-1.8563,30.1897,25.487,-4.41574,,,
69.408,kf,map,-0.528481,-0.673271,-1.8869,0.019463,0.0302867,-0.00341926,0.107125,,
69.408,ekf,map,-0.531357,-0.663064,-1.88941,0.0202251,0.0276242,-0.00231687,0.114416,,
69.408,pf,map,-0.511342,-0.700949,-1.88206,0.0170332,0.0239814,-0.00145239,6.20767,661.853,0
69.444,odom,map,-0.495741,-0.699868,-1.92167,0,0,0,,,
69.48,odom,map,-0.494553,-0.699182,-1.90829,0,0,0,,,
69.516,odom,map,-0.493726,-0.699497,-1.89748,0,0,0,,,
69.552,odom,map,-0.492936,-0.699916,-1.88926,0,0,0,,,
69.588,odom,map,-0.49227,-0.70072,-1.88364,0,0,0,,,
69.588,ekf_predict_only,map,-0.567672,-0.620789,-1.83691,30.3361,25.5474,-4.44761,,,
69.588,ekf,map,-0.531995,-0.660141,-1.84184,0.0199861,0.0272351,-0.0022812,0.173708,,
69.588,kf,map,-0.528136,-0.674168,-1.83881,0.0194147,0.0302012,-0.0034092,0.103416,,
69.624,odom,map,-0.492339,-0.701975,-1.87965,0,0,0,,,
69.6,amcl,map,-0.492835,-0.698534,-1.86282,0.0195311,0.0137694,0.001051,,,
69.588,pf,map,-0.503196,-0.704,-1.82434,0.019325,0.0215013,-0.00136148,15.0097,675.322,0
69.66,odom,map,-0.492692,-0.703086,-1.87577,0,0,0,,,
69.696,odom,map,-0.49308,-0.704328,-1.87162,0,0,0,,,
69.732,odom,map,-0.493787,-0.706629,-1.86667,0,0,0,,,
69.768,odom,map,-0.494858,-0.710175,-1.86187,0,0,0,,,
69.804,odom,map,-0.496234,-0.714863,-1.85704,0,0,0,,,
69.804,ekf_predict_only,map,-0.57559,-0.649838,-1.80825,30.8943,25.6481,-4.60998,,,
69.804,ekf,map,-0.539399,-0.681813,-1.81144,0.0202731,0.0276674,-0.00239715,0.097542,,
69.804,kf,map,-0.536324,-0.692956,-1.80811,0.0195042,0.0302454,-0.00348359,0.089291,,
69.804,pf,map,-0.5105,-0.696459,-1.81975,0.0181704,0.0215957,-0.00371358,7.69675,686.767,0
69.84,odom,map,-0.497572,-0.72043,-1.85126,0,0,0,,,
69.876,odom,map,-0.498967,-0.726318,-1.8454,0,0,0,,,
69.912,odom,map,-0.500619,-0.733262,-1.8395,0,0,0,,,
69.948,odom,map,-0.502274,-0.740381,-1.83359,0,0,0,,,
69.984,odom,map,-0.503969,-0.747825,-1.82759,0,0,0,,,
69.984,ekf_predict_only,map,-0.585658,-0.691438,-1.78313,31.6947,25.7641,-4.837,,,
69.984,ekf,map,-0.548955,-0.711621,-1.78453,0.0200914,0.0272909,-0.00246061,0.655208,,
69.984,kf,map,-0.545678,-0.723124,-1.78099,0.0195271,0.0300886,-0.00358061,0.105083,,
70.02,odom,map,-0.505975,-0.756039,-1.82212,0,0,0,,,
69.984,pf,map,-0.510835,-0.730456,-1.79141,0.0186172,0.0283681,-0.00389516,13.1097,657.871,0
70.056,odom,map,-0.508145,-0.76458,-1.81706,0,0,0,,,
70.092,odom,map,-0.510328,-0.77336,-1.81199,0,0,0,,,
70.128,odom,map,-0.512467,-0.782151,-1.80692,0,0,0,,,
70.164,odom,map,-0.514648,-0.791318,-1.8019,0,0,0,,,
70.2,odom,map,-0.51692,-0.801085,-1.7969,0,0,0,,,
70.2,ekf_predict_only,map,-0.5992,-0.754252,-1.75311,32.9284,25.9052,-5.17597,,,
70.2,ekf,map,-0.559573,-0.768147,-1.75985,0.02046,0.0277114,-0.00269665,0.151,,
70.2,kf,map,-0.557629,-0.77511,-1.75721,0.0197079,0.0300413,-0.00377866,0.109542,,
70.2,pf,map,-0.555952,-0.775478,-1.76686,0.0191595,0.0259166,-0.000961594,6.17667,659.523,0
70.236,odom,map,-0.519295,-0.811528,-1.79189,0,0,0,,,
70.272,odom,map,-0.521617,-0.821982,-1.78689,0,0,0,,,
70.308,odom,map,-0.523972,-0.832845,-1.78182,0,0,0,,,
70.344,odom,map,-0.526437,-0.844492,-1.77677,0,0,0,,,
70.38,odom,map,-0.52886,-0.85624,-1.77172,0,0,0,,,
70.416,odom,map,-0.53118,-0.867837,-1.76561,0,0,0,,,
70.416,ekf_predict_only,map,-0.612891,-0.828519,-1.72213,34.4565,26.0503,-5.56998,,,
70.416,ekf,map,-0.569568,-0.832837,-1.72922,0.0206511,0.0277883,-0.0029356,0.247541,,
70.416,kf,map,-0.567703,-0.839538,-1.72701,0.0198881,0.0298761,-0.00401091,0.099375,,
70.416,pf,map,-0.565719,-0.853191,-1.729,0.0211733,0.0250424,-0.00296794,9.00613,694.295,0
70.452,odom,map,-0.533321,-0.879158,-1.75796,0,0,0,,,
70.488,odom,map,-0.535389,-0.890745,-1.7504,0,0,0,,,
70.524,odom,map,-0.537377,-0.902563,-1.74309,0,0,0,,,
70.56,odom,map,-0.539256,-0.914451,-1.7359,0,0,0,,,
70.596,odom,map,-0.541017,-0.926358,-1.72872,0,0,0,,,
70.632,odom,map,-0.543066,-0.939581,-1.72398,0,0,0,,,
70.596,kf,map,-0.584617,-0.903771,-1.70489,0.0200109,0.029606,-0.00420623,0.111584,,
70.596,ekf_predict_only,map,-0.623175,-0.895954,-1.70005,35.9228,26.1735,-5.91828,,,
70.596,ekf,map,-0.586794,-0.898375,-1.70668,0.0204929,0.0272652,-0.00304337,0.451208,,
70.596,pf,map,-0.545729,-0.938353,-1.70119,0.0189862,0.0241833,-0.00166514,9.30113,685.543,0
70.668,odom,map,-0.545118,-0.953069,-1.71956,0,0,0,,,
70.704,odom,map,-0.54711,-0.966566,-1.71515,0,0,0,,,
70.74,odom,map,-0.549032,-0.979989,-1.71086,0,0,0,,,
70.776,odom,map,-0.550893,-0.993391,-1.70662,0,0,0,,,
70.812,odom,map,-0.552692,-1.00677,-1.70239,0,0,0,,,
70.812,ekf_predict_only,map,-0.633606,-0.976209,-1.67471,37.7507,26.2996,-6.32629,,,
70.812,ekf,map,-0.595241,-0.975479,-1.68019,0.0209443,0.027605,-0.00334113,0.106125,,
70.812,kf,map,-0.593309,-0.980646,-1.67864,0.020289,0.0294597,-0.00446547,0.101375,,
70.8,amcl,map,-0.550437,-0.992249,-1.70788,0.0262222,0.026671,-0.00148891,,,
70.812,pf,map,-0.575596,-1.02245,-1.67746,0.0199079,0.0231743,-0.00149387,6.14408,670.356,0
70.848,odom,map,-0.554414,-1.01999,-1.69824,0,0,0,,,
70.884,odom,map,-0.556061,-1.03306,-1.69413,0,0,0,,,
70.92,odom,map,-0.557655,-1.04614,-1.69003,0,0,0,,,
70.956,odom,map,-0.559157,-1.05888,-1.6862,0,0,0,,,
70.992,odom,map,-0.560601,-1.07154,-1.68242,0,0,0,,,
71.028,odom,map,-0.561996,-1.08421,-1.67863,0,0,0,,,
70.992,ekf_predict_only,map,-0.640215,-1.03958,-1.65578,39.2756,26.3986,-6.63835,,,
70.992,kf,map,-0.599725,-1.0432,-1.66308,0.0204339,0.0291811,-0.00464436,0.100333,,
70.992,ekf,map,-0.600602,-1.04099,-1.66396,0.0208381,0.0271486,-0.0034372,0.105834,,
70.992,pf,map,-0.588207,-1.05893,-1.66708,0.0198982,0.0246566,-0.00426563,8.41621,670.757,0
71.064,odom,map,-0.563329,-1.09673,-1.67509,0,0,0,,,
71.1,odom,map,-0.564614,-1.10921,-1.67161,0,0,0,,,
71.136,odom,map,-0.565856,-1.1217,-1.66854,0,0,0,,,
71.172,odom,map,-0.567064,-1.13419,-1.66577,0,0,0,,,
71.208,ekf_predict_only,map,-0.646694,-1.11564,-1.65225,41.1787,26.4974,-7.00339,,,
71.208,odom,map,-0.568256,-1.14684,-1.66418,0,0,0,,,
71.208,ekf,map,-0.611171,-1.11357,-1.64521,0.0213161,0.0274715,-0.00371976,0.109666,,
71.208,kf,map,-0.608657,-1.11887,-1.64432,0.0207201,0.0290285,-0.00486918,0.090458,,
71.208,pf,map,-0.58971,-1.14868,-1.64855,0.0185181,0.0245941,-0.00224503,7.55054,682.325,0
71.244,odom,map,-0.569447,-1.15957,-1.66438,0,0,0,,,
71.28,odom,map,-0.570645,-1.17224,-1.66608,0,0,0,,,
71.316,odom,map,-0.571866,-1.18486,-1.66837,0,0,0,,,
71.352,odom,map,-0.573116,-1.19748,-1.67066,0,0,0,,,
71.388,odom,map,-0.574393,-1.21006,-1.67359,0,0,0,,,
71.388,ekf_predict_only,map,-0.651828,-1.17852,-1.67875,42.8296,26.5865,-7.30818,,,
71.388,kf,map,-0.614836,-1.18158,-1.65725,0.0208699,0.0287451,-0.00501945,0.263667,,
71.424,odom,map,-0.575718,-1.22261,-1.67863,0,0,0,,,
71.388,ekf,map,-0.617036,-1.17714,-1.65801,0.02121,0.0270134,-0.0037961,0.119625,,
71.388,pf,map,-0.599837,-1.20991,-1.64807,0.019396,0.0290221,-0.00161744,7.47467,680.262,0
71.46,odom,map,-0.57711,-1.23515,-1.68393,0,0,0,,,
71.496,odom,map,-0.578553,-1.24754,-1.69002,0,0,0,,,
71.532,odom,map,-0.580073,-1.25986,-1.69704,0,0,0,,,
71.568,odom,map,-0.581663,-1.27203,-1.70455,0,0,0,,,
71.604,odom,map,-0.583334,-1.28403,-1.71236,0,0,0,,,
71.604,ekf,map,-0.622744,-1.2463,-1.69083,0.0216964,0.0273358,-0.00406249,0.113333,,
71.604,kf,map,-0.619495,-1.25295,-1.68964,0.0211555,0.0285933,-0.00520941,0.116959,,
71.604,ekf_predict_only,map,-0.659726,-1.2514,-1.72539,44.8129,26.6974,-7.69417,,,
71.601,amcl,map,-0.57435,-1.26629,-1.70012,0.0335122,0.0345724,-0.00673861,,,
71.604,pf,map,-0.606225,-1.29463,-1.68524,0.0216753,0.0204306,-0.00503889,6.05958,679.269,0
71.64,odom,map,-0.585015,-1.29421,-1.72159,0,0,0,,,
71.676,odom,map,-0.586841,-1.30449,-1.73171,0,0,0,,,
71.712,odom,map,-0.588779,-1.3146,-1.74277,0,0,0,,,
71.748,odom,map,-0.590836,-1.32452,-1.75453,0,0,0,,,
71.784,odom,map,-0.593041,-1.33441,-1.76629,0,0,0,,,
71.784,ekf_predict_only,map,-0.668786,-1.30954,-1.78904,46.4654,26.8186,-8.04729,,,
71.784,kf,map,-0.652085,-1.32458,-1.74948,0.029603,0.0307681,-0.000816018,0.05975,,
71.82,odom,map,-0.595391,-1.34519,-1.77828,0,0,0,,,
71.784,ekf,map,-0.655093,-1.32365,-1.74948,0.0319181,0.0326727,-0.000667908,0.055667,,
71.784,pf,map,-0.638108,-1.36836,-1.75379,0.0282084,0.0273653,-0.00219634,5.23142,532.544,0
71.856,odom,map,-0.597861,-1.35656,-1.79135,0,0,0,,,
71.892,odom,map,-0.600438,-1.36771,-1.80478,0,0,0,,,
71.928,odom,map,-0.60313,-1.37867,-1.81844,0,0,0,,,
71.964,odom,map,-0.605941,-1.38948,-1.83243,0,0,0,,,
72,odom,map,-0.608864,-1.40008,-1.84704,0,0,0,,,
72,ekf_predict_only,map,-0.683074,-1.37397,-1.87665,48.3538,26.9834,-8.51004,,,
72,ekf,map,-0.67903,-1.39698,-1.83021,0.0341665,0.034213,-0.000106582,0.060083,,
72,kf,map,-0.676856,-1.39652,-1.8308,0.0310507,0.0312165,-0.000116175,0.167458,,
72,pf,map,-0.673327,-1.45631,-1.84517,0.0290546,0.0292408,7.9739e-05,4.51529,483.941,0
72.036,odom,map,-0.611941,-1.41064,-1.86164,0,0,0,,,
72.072,odom,map,-0.615086,-1.42087,-1.87684,0,0,0,,,
72.108,odom,map,-0.618292,-1.43074,-1.89275,0,0,0,,,
72.144,odom,map,-0.62155,-1.44026,-1.90903,0,0,0,,,
72.18,odom,map,-0.624883,-1.44949,-1.92548,0,0,0,,,
72.216,odom,map,-0.628283,-1.45844,-1.94226,0,0,0,,,
72.216,ekf_predict_only,map,-0.700132,-1.42799,-1.97815,49.9963,27.1747,-8.98529,,,
72.216,ekf,map,-0.700074,-1.45714,-1.92512,0.0344933,0.0344653,-1.68643e-05,0.054833,,
72.216,kf,map,-0.698717,-1.45644,-1.92593,0.031257,0.0312803,-1.63046e-05,0.056667,,
72.201,amcl,map,-0.629404,-1.44222,-1.93391,0.0389206,0.0361403,-0.00914761,,,
72.216,pf,map,-0.690311,-1.49765,-1.95084,0.0336369,0.0269051,0.00091663,5.08721,483.224,0
72.252,odom,map,-0.631704,-1.46701,-1.95943,0,0,0,,,
72.288,odom,map,-0.635207,-1.47536,-1.97676,0,0,0,,,
72.324,odom,map,-0.638854,-1.48365,-1.99409,0,0,0,,,
72.36,odom,map,-0.642537,-1.49163,-2.01173,0,0,0,,,
72.396,odom,map,-0.646144,-1.4991,-2.02991,0,0,0,,,
72.432,odom,map,-0.647821,-1.50536,-2.04583,0,0,0,,,
72.396,kf,map,-0.717303,-1.49806,-2.01285,0.0311856,0.0311889,-2.3082e-06,0.057625,,
72.396,ekf_predict_only,map,-0.715963,-1.46468,-2.07016,51.1544,27.3601,-9.3812,,,
72.396,ekf,map,-0.718096,-1.49865,-2.01216,0.0338586,0.0338337,-4.16864e-06,0.062417,,
72.396,pf,map,-0.706463,-1.55564,-2.03839,0.0329776,0.0333935,0.00102986,5.44667,493.51,0
72.468,odom,map,-0.649359,-1.51144,-2.06143,0,0,0,,,
72.504,odom,map,-0.650815,-1.51714,-2.07732,0,0,0,,,
72.54,odom,map,-0.652176,-1.52243,-2.09332,0,0,0,,,
72.576,odom,map,-0.653501,-1.52746,-2.10959,0,0,0,,,
72.612,odom,map,-0.655339,-1.5323,-2.12695,0,0,0,,,
72.612,ekf,map,-0.739024,-1.53773,-2.12419,0.0343517,0.0343266,-4.34808e-06,0.0545,,
72.612,kf,map,-0.738371,-1.53714,-2.12478,0.031276,0.0312765,-3.23683e-07,0.060083,,
72.612,ekf_predict_only,map,-0.734561,-1.49877,-2.186,52.2534,27.5742,-9.81775,,,
72.6,amcl,map,-0.68907,-1.51904,-2.16377,0.0436029,0.0338716,-0.0139477,,,
72.612,pf,map,-0.746232,-1.59002,-2.15964,0.0285978,0.0344832,0.000239472,7.92771,459.228,0
72.648,odom,map,-0.658693,-1.53758,-2.14646,0,0,0,,,
72.684,odom,map,-0.662054,-1.54265,-2.16609,0,0,0,,,
72.72,odom,map,-0.665332,-1.54739,-2.18597,0,0,0,,,
72.756,odom,map,-0.66843,-1.55169,-2.20598,0,0,0,,,
72.792,odom,map,-0.671614,-1.55592,-2.226,0,0,0,,,
72.828,odom,map,-0.67461,-1.55974,-2.246,0,0,0,,,
72.792,ekf_predict_only,map,-0.747687,-1.51735,-2.286,52.8828,27.7434,-10.1068,,,
72.792,ekf,map,-0.755182,-1.56124,-2.22237,0.0338284,0.0338106,-4.20774e-06,0.0575,,
72.792,kf,map,-0.754621,-1.56069,-2.22272,0.0311883,0.0311884,-4.58179e-08,0.112625,,
72.792,pf,map,-0.75247,-1.59914,-2.24597,0.0335147,0.0339567,0.000897465,7.33904,468.581,0
72.864,odom,map,-0.677488,-1.56326,-2.266,0,0,0,,,
72.9,odom,map,-0.680437,-1.56672,-2.286,0,0,0,,,
72.936,odom,map,-0.683364,-1.57003,-2.30619,0,0,0,,,
72.972,odom,map,-0.686171,-1.57307,-2.3265,0,0,0,,,
73.008,odom,map,-0.689377,-1.57547,-2.34749,0,0,0,,,
73.008,ekf_predict_only,map,-0.759449,-1.53089,-2.40879,53.3587,27.9026,-10.3546,,,
73.008,ekf,map,-0.771691,-1.58075,-2.34327,0.034354,0.0343383,-4.84865e-06,0.058416,,
73.008,kf,map,-0.770984,-1.58007,-2.34357,0.0312764,0.0312764,-6.42502e-09,0.059958,,
73.002,amcl,map,-0.715584,-1.57835,-2.3708,0.042575,0.0265124,-0.0114007,,,
73.008,pf,map,-0.773568,-1.63971,-2.37281,0.0322599,0.0343993,5.15184e-05,5.29625,474.118,0
73.044,odom,map,-0.694335,-1.5763,-2.37051,0,0,0,,,
73.08,odom,map,-0.699284,-1.577,-2.39353,0,0,0,,,
73.116,odom,map,-0.704293,-1.57764,-2.41655,0,0,0,,,
73.152,odom,map,-0.709014,-1.57792,-2.43942,0,0,0,,,
73.188,odom,map,-0.713506,-1.57791,-2.46226,0,0,0,,,
73.224,odom,map,-0.716231,-1.57875,-2.48347,0,0,0,,,
73.188,ekf_predict_only,map,-0.767519,-1.53815,-2.51021,53.6383,28.0287,-10.5164,,,
73.188,kf,map,-0.782156,-1.59078,-2.44461,0.0311883,0.0311884,-9.0947e-10,0.106875,,
73.188,ekf,map,-0.782688,-1.59125,-2.44449,0.0338346,0.0338247,-3.61678e-06,0.056083,,
73.188,pf,map,-0.790324,-1.63735,-2.47721,0.0337983,0.0321734,0.00149436,5.25346,437.317,0
73.26,odom,map,-0.717701,-1.57986,-2.50336,0,0,0,,,
73.296,odom,map,-0.718992,-1.5808,-2.52306,0,0,0,,,
73.332,odom,map,-0.719986,-1.58149,-2.54244,0,0,0,,,
73.368,odom,map,-0.720817,-1.58205,-2.56173,0,0,0,,,
73.404,odom,map,-0.721684,-1.58242,-2.58112,0,0,0,,,
73.404,ekf_predict_only,map,-0.770721,-1.54049,-2.62428,53.7625,28.1093,-10.5783,,,
73.404,ekf,map,-0.789468,-1.5965,-2.56094,0.0343596,0.0343518,-3.22683e-06,0.058375,,
73.404,kf,map,-0.788933,-1.59609,-2.56078,0.0312764,0.0312764,-1.27535e-10,0.068042,,
73.401,amcl,map,-0.711135,-1.60272,-2.57518,0.040114,0.0215036,-0.00858089,,,
73.404,pf,map,-0.794703,-1.64018,-2.60089,0.0322924,0.0316914,-0.00144864,4.49646,463.579,0
73.44,odom,map,-0.725961,-1.58166,-2.6055,0,0,0,,,
73.476,odom,map,-0.73017,-1.58081,-2.62993,0,0,0,,,
73.512,odom,map,-0.734417,-1.57991,-2.65436,0,0,0,,,
73.548,odom,map,-0.738504,-1.57887,-2.67869,0,0,0,,,
73.584,odom,map,-0.742283,-1.57763,-2.7025,0,0,0,,,
73.62,odom,map,-0.743702,-1.57695,-2.72311,0,0,0,,,
73.584,ekf,map,-0.790694,-1.59738,-2.65552,0.0338377,0.033833,-2.02184e-06,0.05775,,
73.584,kf,map,-0.790265,-1.59707,-2.6552,0.0311884,0.0311884,-1.80527e-11,0.102791,,
73.584,ekf_predict_only,map,-0.768963,-1.53949,-2.71561,53.7808,28.1425,-10.5457,,,
73.584,pf,map,-0.803477,-1.65005,-2.70117,0.0303993,0.0316178,-0.00339915,5.71529,473.344,0
73.656,odom,map,-0.743331,-1.57679,-2.74137,0,0,0,,,
73.692,odom,map,-0.742712,-1.57654,-2.75927,0,0,0,,,
73.728,odom,map,-0.741998,-1.57626,-2.77707,0,0,0,,,
73.764,odom,map,-0.741097,-1.57592,-2.79432,0,0,0,,,
73.8,odom,map,-0.740058,-1.57556,-2.81101,0,0,0,,,
73.8,ekf_predict_only,map,-0.762943,-1.53676,-2.81575,53.7443,28.1354,-10.4374,,,
73.8,ekf,map,-0.787118,-1.59586,-2.76087,0.0343617,0.0343581,-1.60968e-06,0.126042,,
73.8,kf,map,-0.786757,-1.5956,-2.76028,0.0312764,0.0312764,-2.53152e-12,0.058208,,
73.8,amcl,map,-0.720533,-1.59952,-2.78595,0.0394811,0.0141671,-0.00303618,,,
73.8,pf,map,-0.793651,-1.64048,-2.80864,0.0290998,0.031287,0.000409295,4.83212,482.241,0
73.836,odom,map,-0.737132,-1.57799,-2.82494,0,0,0,,,
73.872,odom,map,-0.734045,-1.58048,-2.83881,0,0,0,,,
73.908,odom,map,-0.730835,-1.58292,-2.85219,0,0,0,,,
73.944,odom,map,-0.727516,-1.58535,-2.86511,0,0,0,,,
73.98,odom,map,-0.724189,-1.58777,-2.87797,0,0,0,,,
74.016,odom,map,-0.721373,-1.58905,-2.89144,0,0,0,,,
74.016,ekf_predict_only,map,-0.751926,-1.53304,-2.90401,53.6766,28.0825,-10.2458,,,
74.016,ekf,map,-0.778357,-1.59295,-2.85637,0.0344829,0.0344807,-1.20069e-06,0.065709,,
74.016,kf,map,-0.77804,-1.59271,-2.85548,0.0312887,0.0312887,-3.54527e-13,0.063083,,
74.016,pf,map,-0.779795,-1.65333,-2.89778,0.0314258,0.0321921,0.0014351,4.62567,481.465,0
74.052,odom,map,-0.719528,-1.58859,-2.90587,0,0,0,,,
74.088,odom,map,-0.717684,-1.58816,-2.92023,0,0,0,,,
74.124,odom,map,-0.716319,-1.58787,-2.9336,0,0,0,,,
74.16,odom,map,-0.716101,-1.58782,-2.9444,0,0,0,,,
74.196,odom,map,-0.716101,-1.58782,-2.95261,0,0,0,,,
74.232,odom,map,-0.712558,-1.58937,-2.95551,0,0,0,,,
74.196,ekf,map,-0.775427,-1.59245,-2.89998,0.0338379,0.0338367,-7.26078e-07,0.105666,,
74.196,ekf_predict_only,map,-0.751926,-1.53304,-2.90401,53.7266,28.1325,-10.2458,,,
74.196,kf,map,-0.775552,-1.59238,-2.89623,0.0311901,0.0311901,-5.01744e-14,0.09525,,
74.196,pf,map,-0.764598,-1.63762,-2.9587,0.032852,0.0309144,9.80128e-05,5.45479,459.153,0
74.268,odom,map,-0.708582,-1.59111,-2.95548,0,0,0,,,
74.304,odom,map,-0.704618,-1.59284,-2.953,0,0,0,,,
74.34,odom,map,-0.700665,-1.59455,-2.94994,0,0,0,,,
74.376,odom,map,-0.696723,-1.59626,-2.94689,0,0,0,,,
74.412,ekf_predict_only,map,-0.759685,-1.53492,-2.90404,53.8359,28.2548,-10.3772,,,
74.412,ekf,map,-0.777245,-1.59292,-2.92062,0.0343295,0.0343287,-5.72838e-07,0.117166,,
74.412,odom,map,-0.694477,-1.59753,-2.94477,0,0,0,,,
74.412,kf,map,-0.777816,-1.59304,-2.91739,0.0312766,0.0312766,-7.03576e-15,0.105791,,
74.412,pf,map,-0.774129,-1.63007,-2.96521,0.0329738,0.032421,0.000114566,5.55754,463.202,0
74.448,odom,map,-0.696084,-1.59785,-2.94489,0,0,0,,,
74.484,odom,map,-0.69822,-1.59828,-2.94507,0,0,0,,,
74.52,odom,map,-0.700667,-1.59877,-2.94537,0,0,0,,,
74.556,odom,map,-0.704136,-1.59946,-2.94545,0,0,0,,,
74.592,odom,map,-0.708357,-1.60029,-2.94516,0,0,0,,,
74.628,odom,map,-0.714939,-1.60101,-2.94563,0,0,0,,,
74.592,ekf_predict_only,map,-0.787049,-1.54154,-2.90092,54.0958,28.5676,-10.8425,,,
74.592,kf,map,-0.794729,-1.59677,-2.92434,0.0311884,0.0311884,-9.95917e-16,0.059375,,
74.592,ekf,map,-0.793671,-1.59646,-2.92624,0.0338121,0.0338127,-5.97132e-07,0.108459,,
74.592,pf,map,-0.769457,-1.6235,-2.96053,0.0317349,0.0337795,-0.00180239,9.29783,454.863,0
74.664,odom,map,-0.722708,-1.60171,-2.94645,0,0,0,,,
74.7,odom,map,-0.730724,-1.60244,-2.94714,0,0,0,,,
74.736,odom,map,-0.739433,-1.6033,-2.94782,0,0,0,,,
74.772,odom,map,-0.748309,-1.60417,-2.94854,0,0,0,,,
74.808,odom,map,-0.757055,-1.60519,-2.94911,0,0,0,,,
74.808,ekf_predict_only,map,-0.829188,-1.55188,-2.8977,54.4749,29.0466,-11.5655,,,
74.808,ekf,map,-0.828151,-1.60389,-2.92534,0.034339,0.0343441,-1.50637e-06,0.1165,,
74.808,kf,map,-0.829243,-1.60422,-2.92443,0.0312764,0.0312764,-1.39657e-16,0.826792,,
74.808,pf,map,-0.807923,-1.6432,-2.96918,0.0378059,0.0368774,-0.0006094,8.64317,458.74,0
74.844,odom,map,-0.764469,-1.60664,-2.94868,0,0,0,,,
74.88,odom,map,-0.772282,-1.60817,-2.94845,0,0,0,,,
74.916,odom,map,-0.780389,-1.60975,-2.94847,0,0,0,,,
74.952,odom,map,-0.788741,-1.61139,-2.94867,0,0,0,,,
74.988,odom,map,-0.797282,-1.61305,-2.94929,0,0,0,,,
74.988,ekf_predict_only,map,-0.87266,-1.5627,-2.90319,54.871,29.5701,-12.3199,,,
75.024,odom,map,-0.806036,-1.61475,-2.95032,0,0,0,,,
74.988,kf,map,-0.867742,-1.61261,-2.92783,0.0311884,0.0311884,-1.97686e-17,0.109125,,
74.988,ekf,map,-0.866943,-1.61241,-2.92795,0.033825,0.0338344,-2.36233e-06,0.0525,,
74.988,pf,map,-0.849528,-1.66212,-2.96551,0.0283001,0.0339042,-0.00236623,7.1655,452.133,0
75.06,odom,map,-0.814833,-1.61645,-2.95141,0,0,0,,,
75.096,odom,map,-0.82382,-1.61818,-2.95301,0,0,0,,,
75.132,odom,map,-0.833109,-1.61994,-2.95509,0,0,0,,,
75.168,odom,map,-0.84268,-1.62173,-2.95765,0,0,0,,,
75.204,odom,map,-0.852279,-1.6235,-2.96031,0,0,0,,,
75.204,ekf_predict_only,map,-0.929575,-1.57653,-2.91914,55.3664,30.2876,-13.3174,,,
75.204,ekf,map,-0.920836,-1.62399,-2.93957,0.0343523,0.0343717,-4.59946e-06,0.109084,,
75.204,kf,map,-0.921442,-1.6241,-2.93992,0.0312764,0.0312764,-2.77215e-18,0.065084,,
75.204,pf,map,-0.91469,-1.67566,-2.9658,0.0292909,0.0336317,-0.000994609,5.24025,494.208,0
75.24,odom,map,-0.862078,-1.62529,-2.96333,0,0,0,,,
75.276,odom,map,-0.872265,-1.6271,-2.96704,0,0,0,,,
75.312,odom,map,-0.882618,-1.62891,-2.97111,0,0,0,,,
75.348,odom,map,-0.893052,-1.63068,-2.97538,0,0,0,,,
75.384,odom,map,-0.90357,-1.63242,-2.98007,0,0,0,,,
75.384,ekf_predict_only,map,-0.983291,-1.58868,-2.94494,55.8103,31.0172,-14.2649,,,
75.384,ekf,map,-0.971807,-1.63413,-2.95996,0.0338338,0.0338572,-5.38429e-06,0.086209,,
75.384,kf,map,-0.97228,-1.63419,-2.96051,0.0311884,0.0311884,-3.92401e-19,0.059542,,
75.42,odom,map,-0.914369,-1.63415,-2.98521,0,0,0,,,
75.384,pf,map,-0.969701,-1.67182,-2.98319,0.0331937,0.0314524,-0.0010278,5.44346,482.209,0
75.456,odom,map,-0.925529,-1.63588,-2.99075,0,0,0,,,
75.492,odom,map,-0.936793,-1.63756,-2.9967,0,0,0,,,
75.528,odom,map,-0.948059,-1.63917,-3.00296,0,0,0,,,
75.564,odom,map,-0.959561,-1.64073,-3.0097,0,0,0,,,
75.6,odom,map,-0.971193,-1.64223,-3.01694,0,0,0,,,
75.6,ekf_predict_only,map,-1.0524,-1.60245,-2.98922,56.3096,32.0128,-15.4867,,,
75.6,ekf,map,-1.03881,-1.64564,-2.99736,0.0343595,0.0343971,-8.1864e-06,0.055458,,
75.6,kf,map,-1.03921,-1.64569,-2.99818,0.0312764,0.0312764,-5.50263e-20,0.05775,,
75.6,amcl,map,-0.945849,-1.63911,-3.01309,0.0542244,0.0187671,-0.00825167,,,
75.6,pf,map,-1.04133,-1.68442,-3.02127,0.036491,0.0308015,0.00249118,4.53829,473.369,0
75.636,odom,map,-0.982851,-1.64365,-3.02432,0,0,0,,,
75.672,odom,map,-0.994504,-1.64498,-3.03199,0,0,0,,,
75.708,odom,map,-1.00622,-1.64622,-3.04017,0,0,0,,,
75.744,odom,map,-1.01787,-1.64736,-3.04871,0,0,0,,,
75.78,odom,map,-1.0295,-1.64839,-3.05737,0,0,0,,,
75.816,odom,map,-1.04117,-1.64932,-3.06626,0,0,0,,,
75.816,ekf_predict_only,map,-1.12192,-1.61313,-3.04308,56.7103,33.095,-16.7076,,,
75.816,kf,map,-1.10805,-1.65443,-3.04673,0.0312887,0.0312887,-7.70615e-21,0.061125,,
75.816,ekf,map,-1.10783,-1.65436,-3.04594,0.034482,0.0345286,-9.32327e-06,0.147042,,
75.816,pf,map,-1.09887,-1.69638,-3.07682,0.0304357,0.029054,0.00129903,5.39467,459.625,0
75.852,odom,map,-1.05282,-1.65015,-3.07538,0,0,0,,,
75.888,odom,map,-1.06448,-1.65087,-3.08463,0,0,0,,,
75.924,odom,map,-1.07616,-1.65148,-3.09391,0,0,0,,,
75.96,odom,map,-1.08776,-1.65198,-3.10354,0,0,0,,,
75.996,odom,map,-1.09925,-1.65236,-3.1133,0,0,0,,,
76.032,odom,map,-1.11072,-1.65263,-3.12312,0,0,0,,,
75.996,ekf_predict_only,map,-1.17894,-1.61876,-3.09229,56.9461,34.0525,-17.6926,,,
75.996,ekf,map,-1.16534,-1.65862,-3.09207,0.0338377,0.0338815,-7.73023e-06,0.114,,
75.996,kf,map,-1.16539,-1.6587,-3.0926,0.0311901,0.0311901,-1.09061e-21,0.056792,,
75.996,pf,map,-1.15082,-1.70385,-3.12201,0.0294106,0.0284204,0.000588504,9.48696,488.736,0
76.068,odom,map,-1.12212,-1.65278,-3.13316,0,0,0,,,
76.104,odom,map,-1.13348,-1.65282,3.1398,0,0,0,,,
76.14,odom,map,-1.14486,-1.65274,3.12963,0,0,0,,,
76.176,odom,map,-1.15626,-1.65255,3.11936,0,0,0,,,
76.212,odom,map,-1.16765,-1.65223,3.10905,0,0,0,,,
76.212,ekf_predict_only,map,-1.24722,-1.62213,3.12906,57.1075,35.2616,-18.8498,,,
76.212,kf,map,-1.23385,-1.66041,3.13063,0.0312766,0.0312766,-1.52932e-22,0.060375,,
76.212,ekf,map,-1.23385,-1.66025,3.13097,0.0343296,0.0343862,-8.12921e-06,0.066458,,
76.212,pf,map,-1.23278,-1.70502,3.09817,0.0337011,0.0295647,0.0015865,5.47817,494.106,0
76.248,odom,map,-1.17907,-1.6518,3.09767,0,0,0,,,
76.284,odom,map,-1.19053,-1.65122,3.08514,0,0,0,,,
76.32,odom,map,-1.20196,-1.6505,3.07226,0,0,0,,,
76.356,odom,map,-1.21335,-1.64964,3.05928,0,0,0,,,
76.392,odom,map,-1.22479,-1.64862,3.04582,0,0,0,,,
76.392,kf,map,-1.29131,-1.65811,3.06488,0.0311884,0.0311884,-2.16477e-23,0.065417,,
76.428,odom,map,-1.23293,-1.64716,3.03216,0,0,0,,,
76.392,ekf_predict_only,map,-1.30493,-1.62141,3.05725,57.1336,36.3529,-19.7977,,,
76.392,ekf,map,-1.29129,-1.65799,3.06549,0.0338122,0.0338635,-5.61231e-06,0.112208,,
76.401,amcl,map,-1.19885,-1.6612,3.06925,0.0588137,0.0293009,-0.016528,,,
76.392,pf,map,-1.30386,-1.69331,3.0367,0.0316285,0.028874,-0.00152173,12.6357,456.811,0
76.464,odom,map,-1.23978,-1.64545,3.0185,0,0,0,,,
76.5,odom,map,-1.24662,-1.64358,3.00469,0,0,0,,,
76.536,odom,map,-1.25342,-1.64156,2.99035,0,0,0,,,
76.572,odom,map,-1.26026,-1.63938,2.97571,0,0,0,,,
76.608,odom,map,-1.26811,-1.63711,2.96084,0,0,0,,,
76.608,ekf_predict_only,map,-1.37455,-1.61552,2.96403,56.9892,37.7345,-20.8908,,,
76.608,kf,map,-1.36038,-1.65043,2.97669,0.0312764,0.0312764,-3.03565e-24,0.058167,,
76.608,ekf,map,-1.36032,-1.65024,2.97736,0.0343389,0.0344024,-3.98219e-06,0.122792,,
76.608,pf,map,-1.37741,-1.66996,2.953,0.0305301,0.0312537,-0.000538215,5.12462,496.016,0
76.644,odom,map,-1.27954,-1.63493,2.94534,0,0,0,,,
76.68,odom,map,-1.29093,-1.63257,2.92958,0,0,0,,,
76.716,odom,map,-1.30225,-1.63004,2.91356,0,0,0,,,
76.752,odom,map,-1.31352,-1.62733,2.89753,0,0,0,,,
76.788,odom,map,-1.32457,-1.62448,2.88148,0,0,0,,,
76.788,ekf_predict_only,map,-1.4304,-1.6055,2.88346,56.7096,38.9124,-21.7078,,,
76.788,kf,map,-1.41658,-1.63885,2.89876,0.0311884,0.0311884,-4.29699e-25,0.109917,,
76.824,odom,map,-1.33552,-1.62147,2.86538,0,0,0,,,
76.788,ekf,map,-1.41658,-1.63863,2.89918,0.0338248,0.0338799,-8.73217e-07,0.057667,,
76.788,pf,map,-1.43401,-1.65539,2.8847,0.027774,0.0274592,-0.000340587,6.42921,488.34,0
76.86,odom,map,-1.34635,-1.61831,2.8495,0,0,0,,,
76.896,odom,map,-1.35691,-1.61504,2.83382,0,0,0,,,
76.932,odom,map,-1.36733,-1.61164,2.81814,0,0,0,,,
76.968,odom,map,-1.3776,-1.60811,2.80244,0,0,0,,,
77.004,odom,map,-1.38764,-1.60448,2.78666,0,0,0,,,
77.004,ekf_predict_only,map,-1.4921,-1.58921,2.7887,56.2276,40.2707,-22.5427,,,
77.004,ekf,map,-1.47964,-1.62012,2.80516,0.0343522,0.0344156,2.78345e-06,0.067,,
77.001,amcl,map,-1.40466,-1.60942,2.78777,0.0471369,0.0327713,-0.019107,,,
77.004,kf,map,-1.47954,-1.62048,2.80495,0.0312764,0.0312764,-6.02566e-26,0.065291,,
77.004,pf,map,-1.48979,-1.639,2.78031,0.0320751,0.0319469,0.000859619,6.66071,493.434,0
77.04,odom,map,-1.39747,-1.60075,2.77104,0,0,0,,,
77.076,odom,map,-1.40712,-1.59691,2.75563,0,0,0,,,
77.112,odom,map,-1.41666,-1.59295,2.74022,0,0,0,,,
77.148,odom,map,-1.42604,-1.58889,2.72495,0,0,0,,,
77.184,odom,map,-1.43531,-1.5847,2.70975,0,0,0,,,
77.22,odom,map,-1.44408,-1.58255,2.69703,0,0,0,,,
77.184,ekf_predict_only,map,-1.53802,-1.5723,2.71389,55.73,41.3368,-23.099,,,
77.184,ekf,map,-1.52742,-1.60113,2.72916,0.033834,0.0338847,5.05119e-06,0.054167,,
77.184,kf,map,-1.52726,-1.60149,2.72919,0.0311884,0.0311884,-8.5294e-27,0.116583,,
77.184,pf,map,-1.53381,-1.61316,2.69265,0.031989,0.032495,0.000116505,5.51708,455.413,0
77.256,odom,map,-1.45235,-1.58213,2.68617,0,0,0,,,
77.292,odom,map,-1.46056,-1.58165,2.6753,0,0,0,,,
77.328,odom,map,-1.46854,-1.5812,2.66461,0,0,0,,,
77.364,odom,map,-1.47602,-1.58092,2.65407,0,0,0,,,
77.4,odom,map,-1.48335,-1.58065,2.6436,0,0,0,,,
77.4,ekf_predict_only,map,-1.58468,-1.55103,2.62645,55.0985,42.4564,-23.6028,,,
77.4,ekf,map,-1.57699,-1.57689,2.64015,0.0343606,0.0344128,8.77456e-06,0.059375,,
77.4,kf,map,-1.57671,-1.57737,2.64031,0.0312764,0.0312764,-1.19607e-27,0.060917,,
77.4,pf,map,-1.57673,-1.59966,2.59895,0.0333403,0.0320596,0.000485768,4.62188,474.793,0
77.436,odom,map,-1.49076,-1.57666,2.62919,0,0,0,,,
77.472,odom,map,-1.49808,-1.57247,2.61469,0,0,0,,,
77.508,odom,map,-1.50521,-1.56825,2.60028,0,0,0,,,
77.544,odom,map,-1.51198,-1.56411,2.58591,0,0,0,,,
77.58,odom,map,-1.51843,-1.56005,2.57167,0,0,0,,,
77.616,ekf_predict_only,map,-1.62168,-1.53008,2.54173,54.4849,43.3812,-23.9412,,,
77.616,ekf,map,-1.61777,-1.55221,2.55392,0.0344839,0.034528,1.02722e-05,0.065166,,
77.601,amcl,map,-1.55383,-1.55002,2.53712,0.0405319,0.0318049,-0.0151337,,,
77.616,kf,map,-1.61734,-1.5528,2.55413,0.0312887,0.0312887,-1.67504e-28,0.104333,,
77.616,odom,map,-1.52461,-1.55603,2.55751,0,0,0,,,
77.616,pf,map,-1.62419,-1.57905,2.51208,0.0317186,0.0314263,0.00134605,4.8275,466.638,0
77.652,odom,map,-1.53049,-1.55208,2.54339,0,0,0,,,
77.688,odom,map,-1.53612,-1.54818,2.52942,0,0,0,,,
77.724,odom,map,-1.54138,-1.54444,2.51572,0,0,0,,,
77.76,odom,map,-1.54637,-1.54078,2.50219,0,0,0,,,
77.796,odom,map,-1.5512,-1.53713,2.48875,0,0,0,,,
77.832,odom,map,-1.5587,-1.53064,2.47179,0,0,0,,,
77.796,ekf,map,-1.64446,-1.53294,2.48562,0.0338399,0.0338691,8.62559e-06,0.062834,,
77.796,ekf_predict_only,map,-1.64526,-1.51396,2.47581,54.0292,44.0011,-24.116,,,
77.796,kf,map,-1.64408,-1.53344,2.48588,0.0311901,0.0311901,-2.3706e-29,0.101041,,
77.796,pf,map,-1.64494,-1.55083,2.44064,0.0302983,0.031917,-0.000102731,5.21646,470.97,0
77.868,odom,map,-1.56624,-1.52386,2.45453,0,0,0,,,
77.904,odom,map,-1.57354,-1.51711,2.43745,0,0,0,,,
77.94,odom,map,-1.58073,-1.51031,2.42043,0,0,0,,,
77.976,odom,map,-1.58761,-1.50362,2.40405,0,0,0,,,
78.012,odom,map,-1.59254,-1.49874,2.39143,0,0,0,,,
78.012,ekf_predict_only,map,-1.64526,-1.51396,2.46783,54.0792,44.0511,-24.116,,,
78.012,kf,map,-1.65983,-1.51996,2.43574,0.0312766,0.0312766,-3.3242e-30,0.065584,,
78.012,ekf,map,-1.66143,-1.51842,2.43154,0.034332,0.0343561,8.17393e-06,0.056792,,
78.012,pf,map,-1.67517,-1.53006,2.36675,0.031688,0.0314316,-0.000472211,4.60883,472.109,0
78.048,odom,map,-1.59426,-1.49712,2.3843,0,0,0,,,
78.084,odom,map,-1.59504,-1.49638,2.37977,0,0,0,,,
78.12,odom,map,-1.59509,-1.49634,2.37783,0,0,0,,,
78.156,odom,map,-1.59509,-1.49634,2.37775,0,0,0,,,
78.192,odom,map,-1.59509,-1.49634,2.37775,0,0,0,,,
78.228,odom,map,-1.59532,-1.49611,2.37733,0,0,0,,,
78.192,ekf_predict_only,map,-1.64874,-1.51118,2.46405,54.0424,44.1861,-24.1364,,,
78.192,kf,map,-1.66861,-1.51236,2.41004,0.0311884,0.0311884,-4.70543e-31,0.058459,,
78.192,ekf,map,-1.66956,-1.51146,2.40683,0.0338138,0.0338285,5.31222e-06,0.13375,,
78.192,pf,map,-1.67242,-1.53541,2.35696,0.0315329,0.0299339,0.000121303,9.66975,469.13,0
78.264,odom,map,-1.59597,-1.4955,2.37657,0,0,0,,,
78.3,odom,map,-1.59687,-1.49463,2.3757,0,0,0,,,
78.336,odom,map,-1.59799,-1.49355,2.37458,0,0,0,,,
78.372,odom,map,-1.59974,-1.49186,2.37254,0,0,0,,,
78.408,odom,map,-1.60235,-1.49022,2.36987,0,0,0,,,
78.408,ekf_predict_only,map,-1.66295,-1.49975,2.4476,53.7373,44.585,-24.2168,,,
78.408,ekf,map,-1.68009,-1.50192,2.38947,0.0343405,0.0343521,4.5624e-06,0.0605,,
78.408,kf,map,-1.68002,-1.50204,2.39075,0.0312764,0.0312764,-6.59841e-32,0.055792,,
78.408,pf,map,-1.67771,-1.52842,2.36368,0.0295179,0.0307732,-0.00055327,5.21917,480.201,0
78.444,odom,map,-1.60682,-1.48989,2.3666,0,0,0,,,
78.48,odom,map,-1.61108,-1.48975,2.3628,0,0,0,,,
78.516,odom,map,-1.61501,-1.48991,2.35799,0,0,0,,,
78.552,odom,map,-1.61885,-1.49016,2.35208,0,0,0,,,
78.588,odom,map,-1.62262,-1.49044,2.34568,0,0,0,,,
78.588,ekf_predict_only,map,-1.66949,-1.4943,2.4106,53.6188,44.7969,-24.2506,,,
78.588,ekf,map,-1.68725,-1.49511,2.36265,0.0338258,0.0338327,3.00712e-06,0.055375,,
78.588,kf,map,-1.68714,-1.49522,2.36233,0.0311884,0.0311884,-9.34013e-33,0.063208,,
78.624,odom,map,-1.62471,-1.48979,2.33846,0,0,0,,,
78.588,pf,map,-1.68618,-1.51834,2.34214,0.0297074,0.0303271,-0.00145306,8.26883,468.968,0
78.66,odom,map,-1.62583,-1.48862,2.33047,0,0,0,,,
78.696,odom,map,-1.62692,-1.48746,2.3221,0,0,0,,,
78.732,odom,map,-1.62796,-1.48634,2.31311,0,0,0,,,
78.768,odom,map,-1.62894,-1.48526,2.30329,0,0,0,,,
78.804,odom,map,-1.62997,-1.4841,2.2919,0,0,0,,,
78.804,ekf_predict_only,map,-1.6767,-1.48784,2.34052,53.4696,45.0261,-24.2813,,,
78.804,kf,map,-1.69423,-1.48802,2.30581,0.0312764,0.0312764,-1.30976e-33,0.061917,,
78.804,ekf,map,-1.69431,-1.48796,2.30724,0.0343526,0.0343579,2.61841e-06,0.111708,,
78.801,amcl,map,-1.62171,-1.50577,2.30763,0.0320382,0.0299559,-0.0169162,,,
78.804,pf,map,-1.68553,-1.49927,2.28664,0.0314565,0.0302099,1.87407e-05,7.63879,479.212,0
78.84,odom,map,-1.63103,-1.48288,2.28022,0,0,0,,,
78.876,odom,map,-1.63214,-1.48158,2.26821,0,0,0,,,
78.912,odom,map,-1.63339,-1.48006,2.25536,0,0,0,,,
78.948,odom,map,-1.63467,-1.47847,2.24221,0,0,0,,,
78.984,odom,map,-1.63609,-1.47667,2.22891,0,0,0,,,
79.02,odom,map,-1.6377,-1.47455,2.21505,0,0,0,,,
78.984,ekf,map,-1.70157,-1.47964,2.24645,0.0338337,0.0338368,1.86288e-06,0.068583,,
78.984,kf,map,-1.70167,-1.47951,2.24517,0.0311884,0.0311884,-1.85399e-34,0.076125,,
78.984,ekf_predict_only,map,-1.68621,-1.47803,2.27031,53.2187,45.3139,-24.3045,,,
78.984,pf,map,-1.69776,-1.49599,2.22976,0.0330877,0.0302231,-0.0011965,16.5375,477.809,0
79.056,odom,map,-1.63946,-1.47216,2.20082,0,0,0,,,
79.092,odom,map,-1.64141,-1.46945,2.18644,0,0,0,,,
79.128,odom,map,-1.64348,-1.46648,2.17184,0,0,0,,,
79.164,odom,map,-1.6459,-1.46289,2.15678,0,0,0,,,
79.2,odom,map,-1.64861,-1.45874,2.14136,0,0,0,,,
79.2,ekf_predict_only,map,-1.70637,-1.45406,2.17673,52.5406,45.8736,-24.308,,,
79.2,ekf,map,-1.71595,-1.46047,2.1601,0.03436,0.034362,2.54371e-06,0.103666,,
79.2,kf,map,-1.71643,-1.45992,2.15897,0.0312764,0.0312764,-2.59984e-35,0.058917,,
79.2,pf,map,-1.69381,-1.48588,2.141,0.0307538,0.0323345,-0.000773753,16.2556,470.593,0
79.236,odom,map,-1.65139,-1.45432,2.12576,0,0,0,,,
79.272,odom,map,-1.65419,-1.44973,2.10991,0,0,0,,,
79.308,odom,map,-1.657,-1.44494,2.09392,0,0,0,,,
79.344,odom,map,-1.66004,-1.43957,2.07774,0,0,0,,,
79.38,odom,map,-1.66309,-1.43398,2.06153,0,0,0,,,
79.416,odom,map,-1.6662,-1.42804,2.0453,0,0,0,,,
79.416,ekf_predict_only,map,-1.73012,-1.41979,2.07929,51.5674,46.5328,-24.2228,,,
79.416,ekf,map,-1.7341,-1.43046,2.06588,0.0344848,0.0344847,4.01717e-06,0.137583,,
79.416,kf,map,-1.73471,-1.4298,2.06516,0.0312887,0.0312887,-3.64094e-36,0.060459,,
79.401,amcl,map,-1.65745,-1.45428,2.08503,0.0260132,0.0317499,-0.0172573,,,
79.416,pf,map,-1.71472,-1.46723,2.0367,0.0308784,0.0305355,-0.000969582,4.628,446.926,0
79.452,odom,map,-1.66944,-1.42161,2.02935,0,0,0,,,
79.488,odom,map,-1.6728,-1.41466,2.01359,0,0,0,,,
79.524,odom,map,-1.67607,-1.40762,1.99782,0,0,0,,,
79.56,odom,map,-1.67933,-1.4003,1.98228,0,0,0,,,
79.596,odom,map,-1.68265,-1.39252,1.96702,0,0,0,,,
79.632,odom,map,-1.68495,-1.38787,1.95424,0,0,0,,,
79.596,ekf_predict_only,map,-1.75177,-1.38094,2.00363,50.4823,47.1473,-24.0328,,,
79.596,ekf,map,-1.75104,-1.39542,1.98942,0.0338439,0.0338408,5.31498e-06,0.098792,,
79.596,kf,map,-1.75159,-1.39485,1.98922,0.0311901,0.0311901,-5.15284e-37,0.111916,,
79.596,pf,map,-1.73029,-1.41973,1.9499,0.0324855,0.0334345,-0.000317111,6.433,488.574,0
79.668,odom,map,-1.68709,-1.3835,1.94186,0,0,0,,,
79.704,odom,map,-1.68928,-1.37873,1.93,0,0,0,,,
79.74,odom,map,-1.69152,-1.37358,1.91848,0,0,0,,,
79.776,odom,map,-1.69377,-1.36818,1.90726,0,0,0,,,
79.812,odom,map,-1.69631,-1.36138,1.89549,0,0,0,,,
79.812,kf,map,-1.77232,-1.34222,1.90458,0.0312766,0.0312766,-7.22562e-38,0.088083,,
79.812,ekf_predict_only,map,-1.77732,-1.32564,1.92204,48.9634,47.8739,-23.6631,,,
79.812,ekf,map,-1.77173,-1.34268,1.90433,0.0343449,0.0343346,9.61538e-06,0.099875,,
79.812,pf,map,-1.75773,-1.36806,1.85682,0.033658,0.028907,0.000344292,5.49167,459.795,0
79.848,odom,map,-1.69953,-1.35158,1.88206,0,0,0,,,
79.884,odom,map,-1.70271,-1.34146,1.86899,0,0,0,,,
79.92,odom,map,-1.70582,-1.33112,1.85612,0,0,0,,,
79.956,odom,map,-1.70885,-1.32054,1.84339,0,0,0,,,
79.992,odom,map,-1.71181,-1.30968,1.83151,0,0,0,,,
80.028,odom,map,-1.7147,-1.29861,1.8202,0,0,0,,,
79.992,ekf,map,-1.78727,-1.2911,1.84189,0.033833,0.0338172,1.06729e-05,0.103167,,
79.992,ekf_predict_only,map,-1.7971,-1.27166,1.86614,47.5344,48.4558,-23.2083,,,
79.992,kf,map,-1.78781,-1.29073,1.8425,0.0311884,0.0311884,-1.02279e-38,0.059375,,
80.001,amcl,map,-1.71438,-1.31841,1.83779,0.0224205,0.0413874,-0.0197724,,,
79.992,pf,map,-1.77564,-1.324,1.79777,0.029572,0.0270327,0.00082955,7.89117,469.354,0
80.064,odom,map,-1.71747,-1.28745,1.80902,0,0,0,,,
80.1,odom,map,-1.72017,-1.27608,1.79833,0,0,0,,,
80.136,odom,map,-1.72283,-1.26433,1.7884,0,0,0,,,
80.172,odom,map,-1.72541,-1.25237,1.77891,0,0,0,,,
80.208,odom,map,-1.72804,-1.24046,1.77032,0,0,0,,,
80.208,ekf_predict_only,map,-1.81872,-1.20061,1.81537,45.7175,49.095,-22.5239,,,
80.208,kf,map,-1.80439,-1.22171,1.78242,0.0312764,0.0312764,-1.43426e-39,0.056834,,
80.208,ekf,map,-1.80376,-1.22204,1.78131,0.0343756,0.0343452,1.52808e-05,0.053834,,
80.208,pf,map,-1.8004,-1.2389,1.72885,0.0329836,0.0291281,-0.000163897,4.47671,482.736,0
80.244,odom,map,-1.73115,-1.22889,1.76487,0,0,0,,,
80.28,odom,map,-1.73427,-1.21717,1.76023,0,0,0,,,
80.316,odom,map,-1.73739,-1.2054,1.75603,0,0,0,,,
80.352,odom,map,-1.74049,-1.19361,1.75197,0,0,0,,,
80.388,odom,map,-1.74361,-1.1817,1.74813,0,0,0,,,
80.424,odom,map,-1.74615,-1.16938,1.74265,0,0,0,,,
80.388,ekf_predict_only,map,-1.83412,-1.13891,1.78335,44.2197,49.5699,-21.8658,,,
80.388,ekf,map,-1.81487,-1.16106,1.74189,0.0338648,0.0338298,1.41041e-05,0.103334,,
80.388,kf,map,-1.81538,-1.16087,1.7429,0.0311884,0.0311884,-2.03021e-40,0.1085,,
80.388,pf,map,-1.80884,-1.17138,1.70164,0.0319448,0.0269112,-0.00153471,9.44571,483.783,0
80.46,odom,map,-1.74829,-1.15678,1.73652,0,0,0,,,
80.496,odom,map,-1.75037,-1.14411,1.73063,0,0,0,,,
80.532,odom,map,-1.75237,-1.13148,1.72502,0,0,0,,,
80.568,odom,map,-1.75429,-1.1189,1.71985,0,0,0,,,
80.604,odom,map,-1.75614,-1.10644,1.71526,0,0,0,,,
80.604,ekf_predict_only,map,-1.85003,-1.06517,1.7564,42.51,50.0635,-21.028,,,
80.604,kf,map,-1.82645,-1.08625,1.70868,0.0312764,0.0312764,-2.84696e-41,0.619083,,
80.604,ekf,map,-1.82599,-1.08626,1.70764,0.0344088,0.0343567,1.67018e-05,0.064958,,
80.604,pf,map,-1.82138,-1.0878,1.66384,0.0314296,0.0288631,0.000168045,5.58517,467.557,0
80.64,odom,map,-1.75792,-1.09399,1.71077,0,0,0,,,
80.676,odom,map,-1.75963,-1.08165,1.70673,0,0,0,,,
80.712,odom,map,-1.76129,-1.06939,1.70352,0,0,0,,,
80.748,odom,map,-1.7629,-1.05716,1.70082,0,0,0,,,
80.784,odom,map,-1.76449,-1.04493,1.6983,0,0,0,,,
80.784,ekf_predict_only,map,-1.86143,-1.00446,1.74545,41.1847,50.4341,-20.3035,,,
80.784,ekf,map,-1.83339,-1.02466,1.69038,0.033887,0.0338365,1.35099e-05,0.108292,,
80.82,odom,map,-1.76572,-1.03351,1.69508,0,0,0,,,
80.784,kf,map,-1.83374,-1.0247,1.69127,0.0311884,0.0311884,-4.0299e-42,0.058958,,
80.802,amcl,map,-1.77715,-1.05793,1.6981,0.0148303,0.0431233,-0.00982757,,,
80.784,pf,map,-1.81619,-1.04168,1.65143,0.0337959,0.0342291,0.000722084,5.66525,468.315,0
80.856,odom,map,-1.76662,-1.02283,1.69179,0,0,0,,,
80.892,odom,map,-1.76747,-1.01218,1.68917,0,0,0,,,
80.928,odom,map,-1.76827,-1.00154,1.6868,0,0,0,,,
80.964,odom,map,-1.769,-0.991026,1.6847,0,0,0,,,
81,odom,map,-1.76967,-0.980719,1.68314,0,0,0,,,
81,ekf_predict_only,map,-1.8734,-0.936637,1.7491,39.7775,50.8231,-19.4713,,,
81,ekf,map,-1.84121,-0.953281,1.68524,0.0344252,0.0343613,1.41648e-05,0.058292,,
81,kf,map,-1.84149,-0.95358,1.68636,0.0312764,0.0312764,-5.65112e-43,0.083166,,
81,pf,map,-1.82319,-0.971069,1.65574,0.0345258,0.0294788,0.000686975,7.38029,453.075,0
81.036,odom,map,-1.77095,-0.96925,1.68364,0,0,0,,,
81.072,odom,map,-1.77224,-0.957845,1.68424,0,0,0,,,
81.108,odom,map,-1.77354,-0.946516,1.68516,0,0,0,,,
81.144,odom,map,-1.77481,-0.935505,1.68706,0,0,0,,,
81.18,odom,map,-1.77609,-0.924646,1.68929,0,0,0,,,
81.216,ekf_predict_only,map,-1.885,-0.872257,1.76259,38.5215,51.2044,-18.67,,,
81.216,ekf,map,-1.8487,-0.886001,1.6925,0.0345483,0.034483,1.25182e-05,0.056166,,
81.216,kf,map,-1.84889,-0.886334,1.69349,0.0312887,0.0312887,-7.9141e-44,0.487125,,
81.216,odom,map,-1.7774,-0.913821,1.69154,0,0,0,,,
81.216,pf,map,-1.82213,-0.89825,1.66694,0.0314811,0.0315043,0.000326348,7.66933,469.089,0
81.252,odom,map,-1.77873,-0.902941,1.69393,0,0,0,,,
81.288,odom,map,-1.78009,-0.892069,1.69596,0,0,0,,,
81.324,odom,map,-1.78144,-0.881371,1.69671,0,0,0,,,
81.36,odom,map,-1.78279,-0.870723,1.69711,0,0,0,,,
81.396,odom,map,-1.78413,-0.860137,1.69707,0,0,0,,,
81.396,ekf_predict_only,map,-1.89499,-0.820833,1.75427,37.5825,51.5414,-18.027,,,
81.432,odom,map,-1.78545,-0.849697,1.69596,0,0,0,,,
81.396,kf,map,-1.85539,-0.832434,1.69144,0.0311901,0.0311901,-1.12004e-44,0.054583,,
81.396,ekf,map,-1.85539,-0.83217,1.69165,0.0338912,0.0338382,9.10456e-06,0.104,,
81.396,pf,map,-1.83403,-0.846225,1.67926,0.0307682,0.030066,-0.000534787,10.1025,471.131,0
81.468,odom,map,-1.78675,-0.839301,1.6943,0,0,0,,,
81.504,odom,map,-1.78803,-0.828975,1.69244,0,0,0,,,
81.54,odom,map,-1.78925,-0.818878,1.68937,0,0,0,,,
81.576,odom,map,-1.79042,-0.808868,1.68549,0,0,0,,,
81.612,odom,map,-1.79252,-0.799429,1.68166,0,0,0,,,
81.612,ekf,map,-1.86285,-0.770517,1.67464,0.0343899,0.03433,9.30227e-06,0.056458,,
81.612,kf,map,-1.86274,-0.770711,1.67367,0.0312766,0.0312766,-1.57059e-45,0.079,,
81.612,ekf_predict_only,map,-1.9061,-0.760953,1.72715,36.5418,51.9129,-17.2619,,,
81.612,pf,map,-1.83576,-0.778982,1.65002,0.0323923,0.0280216,-0.00118605,7.97825,461.908,0
81.648,odom,map,-1.79678,-0.791327,1.67894,0,0,0,,,
81.684,odom,map,-1.80103,-0.783294,1.67558,0,0,0,,,
81.72,odom,map,-1.80524,-0.775418,1.67121,0,0,0,,,
81.756,odom,map,-1.80941,-0.767659,1.66593,0,0,0,,,
81.792,odom,map,-1.81354,-0.759914,1.66037,0,0,0,,,
81.828,odom,map,-1.81527,-0.750895,1.65304,0,0,0,,,
81.792,ekf_predict_only,map,-1.91355,-0.713714,1.68729,35.7777,52.1796,-16.6386,,,
81.792,kf,map,-1.86754,-0.72147,1.64327,0.0311884,0.0311884,-2.22318e-46,0.060917,,
81.792,ekf,map,-1.86766,-0.721277,1.64438,0.0338614,0.0338125,7.06031e-06,0.054375,,
81.801,amcl,map,-1.81355,-0.790428,1.65801,0.0176975,0.0528716,-0.00651112,,,
81.792,pf,map,-1.853,-0.733786,1.61043,0.031576,0.0285765,-0.00200046,12.4411,479.963,0
81.864,odom,map,-1.81601,-0.741416,1.64469,0,0,0,,,
81.9,odom,map,-1.81667,-0.731988,1.63544,0,0,0,,,
81.936,odom,map,-1.81723,-0.722564,1.62574,0,0,0,,,
81.972,odom,map,-1.8177,-0.713253,1.61556,0,0,0,,,
82.008,ekf_predict_only,map,-1.91994,-0.659039,1.62043,34.9366,52.4167,-15.8916,,,
82.008,ekf,map,-1.87091,-0.665135,1.58668,0.0343931,0.0343393,7.02457e-06,0.087333,,
82.008,kf,map,-1.87083,-0.664972,1.58665,0.0312764,0.0312764,-3.11756e-47,0.059833,,
82.008,odom,map,-1.81806,-0.704064,1.60468,0,0,0,,,
82.008,pf,map,-1.84593,-0.671779,1.56195,0.0304957,0.0297057,-0.000794901,7.27783,473.956,0
82.044,odom,map,-1.81831,-0.69505,1.59302,0,0,0,,,
82.08,odom,map,-1.81846,-0.686155,1.58072,0,0,0,,,
82.116,odom,map,-1.81849,-0.677302,1.56802,0,0,0,,,
82.152,odom,map,-1.81841,-0.668542,1.5549,0,0,0,,,
82.188,odom,map,-1.81821,-0.659961,1.54122,0,0,0,,,
82.188,ekf_predict_only,map,-1.92204,-0.616863,1.55002,34.3369,52.5281,-15.2896,,,
82.224,odom,map,-1.81791,-0.651521,1.52714,0,0,0,,,
82.188,ekf,map,-1.87061,-0.620888,1.5251,0.0338677,0.0338249,4.86673e-06,0.4535,,
82.188,kf,map,-1.8706,-0.620983,1.5244,0.0311884,0.0311884,-4.41295e-48,0.059417,,
82.188,pf,map,-1.85056,-0.638377,1.49024,0.0319702,0.0302888,0.000150628,11.9053,481.219,0
82.26,odom,map,-1.81749,-0.643268,1.51254,0,0,0,,,
82.296,odom,map,-1.81697,-0.63538,1.49721,0,0,0,,,
82.332,odom,map,-1.81635,-0.627841,1.48119,0,0,0,,,
82.368,odom,map,-1.81563,-0.620499,1.4647,0,0,0,,,
82.404,odom,map,-1.8148,-0.613258,1.44794,0,0,0,,,
82.404,ekf_predict_only,map,-1.92116,-0.574346,1.4479,33.7651,52.5522,-14.6598,,,
82.404,kf,map,-1.86703,-0.575221,1.43089,0.0312764,0.0312764,-6.18826e-49,0.059792,,
82.404,ekf,map,-1.86695,-0.574867,1.43195,0.0343965,0.0343516,3.97268e-06,0.060166,,
82.401,amcl,map,-1.81933,-0.63746,1.43167,0.0191345,0.0589324,-0.0102293,,,
82.404,pf,map,-1.83719,-0.57887,1.40014,0.0310403,0.0306789,-0.000981289,4.67592,460.141,0
82.44,odom,map,-1.81386,-0.606157,1.43101,0,0,0,,,
82.476,odom,map,-1.81284,-0.599332,1.41355,0,0,0,,,
82.512,odom,map,-1.81175,-0.592845,1.39539,0,0,0,,,
82.548,odom,map,-1.81056,-0.586432,1.37713,0,0,0,,,
82.584,odom,map,-1.8093,-0.580346,1.3585,0,0,0,,,
82.62,odom,map,-1.80791,-0.57793,1.33935,0,0,0,,,
82.584,ekf_predict_only,map,-1.91775,-0.546737,1.35191,33.4293,52.5023,-14.2317,,,
82.584,kf,map,-1.8613,-0.543145,1.3422,0.0311884,0.0311884,-8.75956e-50,0.146375,,
82.584,ekf,map,-1.86117,-0.542641,1.34316,0.033866,0.0338329,2.10428e-06,0.056375,,
82.584,pf,map,-1.82158,-0.55748,1.30967,0.0322171,0.034372,0.000576872,4.75646,472.046,0
82.656,odom,map,-1.80635,-0.578323,1.32,0,0,0,,,
82.692,odom,map,-1.80472,-0.578868,1.30015,0,0,0,,,
82.728,odom,map,-1.80308,-0.57975,1.27978,0,0,0,,,
82.764,odom,map,-1.80145,-0.581037,1.25914,0,0,0,,,
82.8,odom,map,-1.79975,-0.582426,1.23846,0,0,0,,,
82.8,ekf_predict_only,map,-1.91195,-0.520686,1.2263,33.1282,52.3831,-13.8124,,,
82.8,ekf,map,-1.85271,-0.512338,1.22436,0.0343893,0.0343581,9.72127e-07,0.056,,
82.8,kf,map,-1.85294,-0.512921,1.22339,0.0312764,0.0312764,-1.22835e-50,0.058,,
82.8,amcl,map,-1.80983,-0.55382,1.22336,0.0151111,0.0552908,-0.00341279,,,
82.8,pf,map,-1.81289,-0.517134,1.19305,0.0306445,0.0330609,0.000924373,11.5975,463.698,0
82.836,odom,map,-1.79823,-0.578359,1.21761,0,0,0,,,
82.872,odom,map,-1.79671,-0.574367,1.19633,0,0,0,,,
82.908,odom,map,-1.79517,-0.570556,1.17491,0,0,0,,,
82.944,odom,map,-1.79366,-0.567055,1.15326,0,0,0,,,
82.98,odom,map,-1.7921,-0.563626,1.13158,0,0,0,,,
83.016,ekf_predict_only,map,-1.90489,-0.501008,1.09458,32.9213,52.2278,-13.4802,,,
83.016,kf,map,-1.8435,-0.490151,1.09609,0.0312887,0.0312887,-1.72024e-51,0.120875,,
83.016,odom,map,-1.79053,-0.560384,1.10972,0,0,0,,,
83.016,ekf,map,-1.8432,-0.489645,1.09684,0.0345052,0.0344805,-3.53522e-08,0.500625,,
83.016,pf,map,-1.7999,-0.487904,1.07148,0.0366185,0.0336591,-0.0018672,5.84733,450.231,0
83.052,odom,map,-1.78902,-0.557416,1.08755,0,0,0,,,
83.088,odom,map,-1.78754,-0.554685,1.06514,0,0,0,,,
83.124,odom,map,-1.78605,-0.552055,1.04269,0,0,0,,,
83.16,odom,map,-1.78458,-0.549602,1.02009,0,0,0,,,
83.196,odom,map,-1.78324,-0.547465,0.997383,0,0,0,,,
83.232,odom,map,-1.78273,-0.544428,0.972034,0,0,0,,,
83.196,ekf,map,-1.83596,-0.477176,0.985441,0.0338521,0.0338367,-4.35167e-07,0.111292,,
83.196,kf,map,-1.83628,-0.477653,0.985005,0.0311901,0.0311901,-2.43457e-52,0.145334,,
83.196,ekf_predict_only,map,-1.90033,-0.49217,0.981203,32.8583,52.1458,-13.323,,,
83.202,amcl,map,-1.79254,-0.514266,0.980326,0.0135509,0.0495533,-0.00316003,,,
83.196,pf,map,-1.80801,-0.477727,0.956794,0.0317182,0.0335623,0.00023272,7.19192,453.182,0
83.268,odom,map,-1.7823,-0.54133,0.946357,0,0,0,,,
83.304,odom,map,-1.78192,-0.538382,0.920751,0,0,0,,,
83.34,odom,map,-1.78173,-0.535767,0.895183,0,0,0,,,
83.376,odom,map,-1.78169,-0.533405,0.869534,0,0,0,,,
83.412,odom,map,-1.78149,-0.531589,0.844765,0,0,0,,,
83.412,ekf_predict_only,map,-1.89679,-0.486871,0.845098,32.8413,52.0933,-13.2241,,,
83.412,kf,map,-1.83036,-0.469484,0.849921,0.0312766,0.0312766,-3.41391e-53,0.059833,,
83.412,ekf,map,-1.83002,-0.469054,0.850157,0.0343411,0.0343287,-6.57371e-07,0.063625,,
83.412,pf,map,-1.77991,-0.485321,0.816835,0.0329586,0.0343078,-0.00122888,5.01883,471.993,0
83.448,odom,map,-1.78093,-0.530973,0.822175,0,0,0,,,
83.484,odom,map,-1.78056,-0.530583,0.799641,0,0,0,,,
83.52,odom,map,-1.78032,-0.530342,0.77715,0,0,0,,,
83.556,odom,map,-1.78018,-0.530201,0.754691,0,0,0,,,
83.592,odom,map,-1.78012,-0.530148,0.732295,0,0,0,,,
83.592,ekf_predict_only,map,-1.89758,-0.487766,0.733149,32.9026,52.1663,-13.242,,,
83.592,ekf,map,-1.82861,-0.467499,0.73811,0.0338191,0.0338116,-4.79146e-07,0.118666,,
83.592,kf,map,-1.82891,-0.467851,0.738029,0.0311884,0.0311884,-4.83241e-54,0.126958,,
83.628,odom,map,-1.78097,-0.527595,0.710126,0,0,0,,,
83.601,amcl,map,-1.78387,-0.501892,0.739144,0.0115312,0.0464986,-0.0018729,,,
83.592,pf,map,-1.78167,-0.484706,0.697984,0.0328113,0.0274371,0.000615067,4.67563,490.511,0
83.664,odom,map,-1.78216,-0.524059,0.688039,0,0,0,,,
83.7,odom,map,-1.78344,-0.520586,0.666074,0,0,0,,,
83.736,odom,map,-1.78492,-0.517265,0.64438,0,0,0,,,
83.772,odom,map,-1.78668,-0.514126,0.622884,0,0,0,,,
83.808,ekf_predict_only,map,-1.90211,-0.491849,0.60251,33.0042,52.3473,-13.3297,,,
83.808,ekf,map,-1.83111,-0.469349,0.606081,0.0343443,0.0343385,-4.22208e-07,0.064834,,
83.808,odom,map,-1.78829,-0.511841,0.601347,0,0,0,,,
83.808,kf,map,-1.8314,-0.469682,0.606174,0.0312764,0.0312764,-6.77647e-55,0.054292,,
83.808,pf,map,-1.77941,-0.46667,0.569765,0.0298539,0.0305708,-0.000418343,4.72063,472.672,0
83.844,odom,map,-1.78927,-0.512496,0.579545,0,0,0,,,
83.88,odom,map,-1.79052,-0.513296,0.558154,0,0,0,,,
83.916,odom,map,-1.79203,-0.514212,0.536961,0,0,0,,,
83.952,odom,map,-1.79362,-0.515136,0.515791,0,0,0,,,
83.988,odom,map,-1.79534,-0.516085,0.49479,0,0,0,,,
83.988,ekf_predict_only,map,-1.91096,-0.49793,0.500651,33.1318,52.6541,-13.4744,,,
83.988,kf,map,-1.83835,-0.473799,0.500932,0.0311884,0.0311884,-9.59217e-56,0.062042,,
84.024,odom,map,-1.79722,-0.516576,0.474515,0,0,0,,,
83.988,ekf,map,-1.8381,-0.473518,0.500615,0.0338279,0.0338245,-3.6827e-07,0.101625,,
84,amcl,map,-1.7965,-0.501824,0.483209,0.013055,0.0414419,0.00301276,,,
83.988,pf,map,-1.7935,-0.47819,0.467284,0.0298203,0.031266,-0.000862629,6.41437,481.947,0
84.06,odom,map,-1.79924,-0.516808,0.454617,0,0,0,,,
84.096,odom,map,-1.80131,-0.517014,0.43475,0,0,0,,,
84.132,odom,map,-1.80353,-0.51724,0.414982,0,0,0,,,
84.168,odom,map,-1.80591,-0.517481,0.395496,0,0,0,,,
84.204,odom,map,-1.80839,-0.517752,0.376456,0,0,0,,,
84.204,ekf,map,-1.85092,-0.479479,0.380715,0.0343541,0.0343519,-6.17767e-07,0.065583,,
84.204,kf,map,-1.85112,-0.479753,0.381223,0.0312764,0.0312764,-1.34511e-56,0.082041,,
84.204,ekf_predict_only,map,-1.92509,-0.505662,0.385093,33.2814,53.1176,-13.6786,,,
84.204,pf,map,-1.79177,-0.506797,0.349255,0.0339054,0.0294154,0.000343078,4.64542,468.651,0
84.24,odom,map,-1.81089,-0.518715,0.357197,0,0,0,,,
84.276,odom,map,-1.81352,-0.519668,0.338257,0,0,0,,,
84.312,odom,map,-1.81631,-0.520619,0.319803,0,0,0,,,
84.348,odom,map,-1.81927,-0.52157,0.301937,0,0,0,,,
84.384,odom,map,-1.82244,-0.522527,0.284399,0,0,0,,,
84.42,odom,map,-1.82547,-0.523118,0.267782,0,0,0,,,
84.384,kf,map,-1.86523,-0.48443,0.289314,0.0311884,0.0311884,-1.90402e-57,0.104292,,
84.384,ekf,map,-1.86504,-0.484195,0.288779,0.0338345,0.0338338,-7.57575e-07,0.061458,,
84.384,ekf_predict_only,map,-1.9406,-0.511951,0.29755,33.4133,53.626,-13.8725,,,
84.402,amcl,map,-1.83218,-0.503927,0.262033,0.0126237,0.0369882,0.00263478,,,
84.384,pf,map,-1.81229,-0.50388,0.252905,0.0322121,0.0343879,0.000660262,8.73588,491.699,0
84.456,odom,map,-1.82837,-0.523406,0.252049,0,0,0,,,
84.492,odom,map,-1.83139,-0.523677,0.236904,0,0,0,,,
84.528,odom,map,-1.83458,-0.52394,0.22248,0,0,0,,,
84.564,odom,map,-1.83758,-0.524118,0.2088,0,0,0,,,
84.6,odom,map,-1.83941,-0.524015,0.197533,0,0,0,,,
84.6,ekf_predict_only,map,-1.9406,-0.511951,0.237377,33.4633,53.676,-13.8725,,,
84.6,kf,map,-1.87652,-0.486719,0.20522,0.0312764,0.0312764,-2.67e-58,0.05775,,
84.6,ekf,map,-1.87759,-0.486843,0.202694,0.0343593,0.0343592,-8.39946e-07,0.601042,,
84.6,pf,map,-1.84813,-0.508343,0.146406,0.033317,0.030563,-0.000744245,16.6789,467.865,0
84.636,odom,map,-1.84032,-0.524179,0.187296,0,0,0,,,
84.672,odom,map,-1.84035,-0.524185,0.179608,0,0,0,,,
84.708,odom,map,-1.84035,-0.524185,0.174511,0,0,0,,,
84.744,odom,map,-1.84035,-0.524185,0.172006,0,0,0,,,
84.78,odom,map,-1.84035,-0.524185,0.171726,0,0,0,,,
84.816,odom,map,-1.84054,-0.52366,0.170628,0,0,0,,,
84.816,ekf_predict_only,map,-1.9406,-0.511951,0.237377,33.5133,53.726,-13.8725,,,
84.816,kf,map,-1.88134,-0.487688,0.180081,0.0312887,0.0312887,-3.73919e-59,0.060125,,
84.816,ekf,map,-1.88217,-0.487819,0.176733,0.0344812,0.0344814,-6.62379e-07,0.062042,,
84.816,pf,map,-1.85316,-0.493854,0.118818,0.0303792,0.0311416,0.000657167,8.00367,470.445,0
84.852,odom,map,-1.84102,-0.522308,0.167804,0,0,0,,,
84.888,odom,map,-1.8415,-0.520956,0.16498,0,0,0,,,
84.924,odom,map,-1.84199,-0.519605,0.162156,0,0,0,,,
84.96,odom,map,-1.84247,-0.518254,0.159332,0,0,0,,,
84.996,odom,map,-1.84295,-0.516902,0.156508,0,0,0,,,
84.996,ekf_predict_only,map,-1.9406,-0.511951,0.237377,33.5633,53.776,-13.8725,,,
84.996,kf,map,-1.88314,-0.48805,0.170703,0.0311901,0.0311901,-5.29189e-60,0.056083,,
85.032,odom,map,-1.84301,-0.516752,0.156194,0,0,0,,,
84.996,ekf,map,-1.88356,-0.488123,0.168825,0.033837,0.0338371,-4.01424e-07,0.997208,,
84.996,pf,map,-1.85676,-0.490063,0.126902,0.0307041,0.0285296,0.000701042,14.4512,478.732,0
85.068,odom,map,-1.84301,-0.516752,0.156194,0,0,0,,,
85.104,odom,map,-1.84301,-0.516752,0.156194,0,0,0,,,
85.14,odom,map,-1.84301,-0.516752,0.156194,0,0,0,,,
85.176,odom,map,-1.84301,-0.516752,0.156194,0,0,0,,,
85.212,odom,map,-1.84342,-0.516271,0.155809,0,0,0,,,
85.212,ekf_predict_only,map,-1.9406,-0.511951,0.237377,33.6133,53.826,-13.8725,,,
85.212,kf,map,-1.88381,-0.488186,0.167166,0.0312766,0.0312766,-7.42061e-61,0.058125,,
85.212,ekf,map,-1.88401,-0.488223,0.166232,0.0343288,0.0343289,-3.12048e-07,0.059916,,
85.212,pf,map,-1.84657,-0.511731,0.130894,0.0302699,0.0334096,-0.00177297,4.57267,461.122,0
85.248,odom,map,-1.84476,-0.514694,0.154548,0,0,0,,,
85.284,odom,map,-1.8461,-0.513118,0.153287,0,0,0,,,
85.32,odom,map,-1.84744,-0.511542,0.152027,0,0,0,,,
85.356,odom,map,-1.84878,-0.509965,0.150766,0,0,0,,,
85.392,odom,map,-1.85013,-0.508389,0.149505,0,0,0,,,
85.392,ekf,map,-1.88415,-0.488253,0.165431,0.0338116,0.0338117,-1.85556e-07,0.0795,,
85.428,odom,map,-1.8505,-0.507951,0.149155,0,0,0,,,
85.392,kf,map,-1.88407,-0.488237,0.165845,0.0311884,0.0311884,-1.05039e-61,0.062042,,
85.392,ekf_predict_only,map,-1.9406,-0.511951,0.237377,33.6633,53.876,-13.8725,,,
85.392,pf,map,-1.85076,-0.504095,0.124981,0.0323546,0.034067,-0.000895183,8.42317,487.262,0
85.464,odom,map,-1.8505,-0.507951,0.149155,0,0,0,,,
85.5,odom,map,-1.8505,-0.507951,0.149155,0,0,0,,,
85.536,odom,map,-1.8505,-0.507951,0.149155,0,0,0,,,
85.572,odom,map,-1.8505,-0.507951,0.149155,0,0,0,,,
85.608,odom,map,-1.8505,-0.507951,0.149155,0,0,0,,,
85.608,ekf,map,-1.8842,-0.488263,0.165168,0.0343385,0.0343385,-1.41957e-07,0.111375,,
85.608,ekf_predict_only,map,-1.9406,-0.511951,0.237377,33.7133,53.926,-13.8725,,,
85.608,kf,map,-1.88416,-0.488256,0.165346,0.0312764,0.0312764,-1.47296e-62,0.108125,,
85.608,pf,map,-1.85977,-0.495172,0.120017,0.0294525,0.0347708,-0.00114868,7.95375,475.779,0
85.644,odom,map,-1.8505,-0.507951,0.149155,0,0,0,,,
85.68,odom,map,-1.8505,-0.507951,0.149155,0,0,0,,,
85.716,odom,map,-1.8505,-0.507951,0.149155,0,0,0,,,
85.752,odom,map,-1.8505,-0.507951,0.149155,0,0,0,,,
85.788,odom,map,-1.8505,-0.507951,0.149155,0,0,0,,,
85.824,odom,map,-1.8505,-0.507951,0.149155,0,0,0,,,
85.86,odom,map,-1.8505,-0.507951,0.149155,0,0,0,,,
85.896,odom,map,-1.8505,-0.507951,0.149155,0,0,0,,,
85.932,odom,map,-1.8505,-0.507951,0.149155,0,0,0,,,
85.968,odom,map,-1.8505,-0.507951,0.149155,0,0,0,,,
86.004,odom,map,-1.8505,-0.507951,0.149155,0,0,0,,,
86.04,odom,map,-1.8505,-0.507951,0.149155,0,0,0,,,
86.076,odom,map,-1.8505,-0.507951,0.149155,0,0,0,,,
86.112,odom,map,-1.8505,-0.507951,0.149155,0,0,0,,,
86.148,odom,map,-1.8505,-0.507951,0.149155,0,0,0,,,
86.184,odom,map,-1.8505,-0.507951,0.149155,0,0,0,,,
86.22,odom,map,-1.8505,-0.507951,0.149155,0,0,0,,,
86.256,odom,map,-1.8505,-0.507951,0.149155,0,0,0,,,
86.292,odom,map,-1.8505,-0.507951,0.149155,0,0,0,,,
86.328,odom,map,-1.8505,-0.507951,0.149155,0,0,0,,,
86.364,odom,map,-1.8505,-0.507951,0.149155,0,0,0,,,
86.4,odom,map,-1.8505,-0.507951,0.149155,0,0,0,,,
86.436,odom,map,-1.8505,-0.507951,0.149155,0,0,0,,,
86.472,odom,map,-1.8505,-0.507951,0.149155,0,0,0,,,
86.508,odom,map,-1.8505,-0.507951,0.149155,0,0,0,,,
86.544,odom,map,-1.8505,-0.507951,0.149155,0,0,0,,,
86.58,odom,map,-1.8505,-0.507951,0.149155,0,0,0,,,
86.616,odom,map,-1.8505,-0.507951,0.149155,0,0,0,,,
86.652,odom,map,-1.8505,-0.507951,0.149155,0,0,0,,,
86.688,odom,map,-1.8505,-0.507951,0.149155,0,0,0,,,
86.724,odom,map,-1.8505,-0.507951,0.149155,0,0,0,,,
86.76,odom,map,-1.8505,-0.507951,0.149155,0,0,0,,,
86.796,odom,map,-1.8505,-0.507951,0.149155,0,0,0,,,
86.832,odom,map,-1.8505,-0.507951,0.149155,0,0,0,,,
86.868,odom,map,-1.8505,-0.507951,0.149155,0,0,0,,,
86.904,odom,map,-1.8505,-0.507951,0.149155,0,0,0,,,
86.94,odom,map,-1.8505,-0.507951,0.149155,0,0,0,,,
86.976,odom,map,-1.8505,-0.507951,0.149155,0,0,0,,,
87.012,odom,map,-1.8505,-0.507951,0.149155,0,0,0,,,
87.048,odom,map,-1.8505,-0.507951,0.149155,0,0,0,,,
87.084,odom,map,-1.8505,-0.507951,0.149155,0,0,0,,,
87.12,odom,map,-1.8505,-0.507951,0.149155,0,0,0,,,
87.156,odom,map,-1.8505,-0.507951,0.149155,0,0,0,,,
87.192,odom,map,-1.8505,-0.507951,0.149155,0,0,0,,,
87.228,odom,map,-1.8505,-0.507951,0.149155,0,0,0,,,
87.264,odom,map,-1.8505,-0.507951,0.149155,0,0,0,,,
87.3,odom,map,-1.8505,-0.507951,0.149155,0,0,0,,,
87.336,odom,map,-1.8505,-0.507951,0.149155,0,0,0,,,
87.372,odom,map,-1.8505,-0.507951,0.149155,0,0,0,,,
87.408,odom,map,-1.8505,-0.507951,0.149155,0,0,0,,,
87.444,odom,map,-1.8505,-0.507951,0.149155,0,0,0,,,
87.48,odom,map,-1.8505,-0.507951,0.149155,0,0,0,,,
87.516,odom,map,-1.8505,-0.507951,0.149155,0,0,0,,,
87.552,odom,map,-1.8505,-0.507951,0.149155,0,0,0,,,
87.588,odom,map,-1.8505,-0.507951,0.149155,0,0,0,,,
87.624,odom,map,-1.8505,-0.507951,0.149155,0,0,0,,,
87.66,odom,map,-1.8505,-0.507951,0.149155,0,0,0,,,
87.696,odom,map,-1.8505,-0.507951,0.149155,0,0,0,,,
87.732,odom,map,-1.8505,-0.507951,0.149155,0,0,0,,,
87.768,odom,map,-1.8505,-0.507951,0.149155,0,0,0,,,
87.804,odom,map,-1.8505,-0.507951,0.149155,0,0,0,,,
87.84,odom,map,-1.8505,-0.507951,0.149155,0,0,0,,,
87.876,odom,map,-1.8505,-0.507951,0.149155,0,0,0,,,
87.912,odom,map,-1.8505,-0.507951,0.149155,0,0,0,,,
87.948,odom,map,-1.8505,-0.507951,0.149155,0,0,0,,,
87.984,odom,map,-1.8505,-0.507951,0.149155,0,0,0,,,
88.02,odom,map,-1.8505,-0.507951,0.149155,0,0,0,,,
88.056,odom,map,-1.8505,-0.507951,0.149155,0,0,0,,,
88.092,odom,map,-1.8505,-0.507951,0.149155,0,0,0,,,
88.128,odom,map,-1.8505,-0.507951,0.149155,0,0,0,,,
88.164,odom,map,-1.8505,-0.507951,0.149155,0,0,0,,,
88.2,odom,map,-1.8505,-0.507951,0.149155,0,0,0,,,
88.236,odom,map,-1.8505,-0.507951,0.149155,0,0,0,,,
88.272,odom,map,-1.8505,-0.507951,0.149155,0,0,0,,,
88.308,odom,map,-1.8505,-0.507951,0.149155,0,0,0,,,
88.344,odom,map,-1.8505,-0.507951,0.149155,0,0,0,,,
88.38,odom,map,-1.8505,-0.507951,0.149155,0,0,0,,,
88.416,odom,map,-1.8505,-0.507951,0.149155,0,0,0,,,
88.452,odom,map,-1.8505,-0.507951,0.149155,0,0,0,,,
88.488,odom,map,-1.8505,-0.507951,0.149155,0,0,0,,,
88.524,odom,map,-1.8505,-0.507951,0.149155,0,0,0,,,
88.56,odom,map,-1.8505,-0.507951,0.149155,0,0,0,,,
88.596,odom,map,-1.8505,-0.507951,0.149155,0,0,0,,,
88.632,odom,map,-1.8505,-0.507951,0.149155,0,0,0,,,
88.668,odom,map,-1.8505,-0.507951,0.149155,0,0,0,,,
88.704,odom,map,-1.8505,-0.507951,0.149155,0,0,0,,,
88.74,odom,map,-1.8505,-0.507951,0.149155,0,0,0,,,
88.776,odom,map,-1.8505,-0.507951,0.149155,0,0,0,,,
88.812,odom,map,-1.8505,-0.507951,0.149155,0,0,0,,,
88.848,odom,map,-1.8505,-0.507951,0.149155,0,0,0,,,
88.884,odom,map,-1.8505,-0.507951,0.149155,0,0,0,,,
88.92,odom,map,-1.8505,-0.507951,0.149155,0,0,0,,,
88.956,odom,map,-1.8505,-0.507951,0.149155,0,0,0,,,
88.992,odom,map,-1.8505,-0.507951,0.149155,0,0,0,,,
89.028,odom,map,-1.8505,-0.507951,0.149155,0,0,0,,,
89.064,odom,map,-1.8505,-0.507951,0.149155,0,0,0,,,
89.1,odom,map,-1.8505,-0.507951,0.149155,0,0,0,,,
89.136,odom,map,-1.8505,-0.507951,0.149155,0,0,0,,,
89.172,odom,map,-1.8505,-0.507951,0.149155,0,0,0,,,
89.208,odom,map,-1.8505,-0.507951,0.149155,0,0,0,,,
89.244,odom,map,-1.8505,-0.507951,0.149155,0,0,0,,,
89.28,odom,map,-1.8505,-0.507951,0.149155,0,0,0,,,
89.316,odom,map,-1.8505,-0.507951,0.149155,0,0,0,,,
89.352,odom,map,-1.8505,-0.507951,0.149155,0,0,0,,,
89.388,odom,map,-1.8505,-0.507951,0.149155,0,0,0,,,
89.424,odom,map,-1.8505,-0.507951,0.149155,0,0,0,,,
89.46,odom,map,-1.8505,-0.507951,0.149155,0,0,0,,,
89.496,odom,map,-1.8505,-0.507951,0.149155,0,0,0,,,
89.532,odom,map,-1.8505,-0.507951,0.149155,0,0,0,,,
89.568,odom,map,-1.8505,-0.507951,0.149155,0,0,0,,,
89.604,odom,map,-1.8505,-0.507951,0.149155,0,0,0,,,
89.64,odom,map,-1.8505,-0.507951,0.149155,0,0,0,,,
89.676,odom,map,-1.8505,-0.507951,0.149155,0,0,0,,,
89.712,odom,map,-1.8505,-0.507951,0.149155,0,0,0,,,
89.748,odom,map,-1.8505,-0.507951,0.149155,0,0,0,,,
89.784,odom,map,-1.8505,-0.507951,0.149155,0,0,0,,,
89.82,odom,map,-1.8505,-0.507951,0.149155,0,0,0,,,
89.856,odom,map,-1.8505,-0.507951,0.149155,0,0,0,,,
89.892,odom,map,-1.8505,-0.507951,0.149155,0,0,0,,,
89.928,odom,map,-1.8505,-0.507951,0.149155,0,0,0,,,
89.964,odom,map,-1.8505,-0.507951,0.149155,0,0,0,,,
90,odom,map,-1.8505,-0.507951,0.149155,0,0,0,,,
90.036,odom,map,-1.8505,-0.507951,0.149155,0,0,0,,,
90.072,odom,map,-1.8505,-0.507951,0.149155,0,0,0,,,
90.108,odom,map,-1.8505,-0.507951,0.149155,0,0,0,,,
90.144,odom,map,-1.8505,-0.507951,0.149155,0,0,0,,,
90.18,odom,map,-1.8505,-0.507951,0.149155,0,0,0,,,
90.216,odom,map,-1.8505,-0.507951,0.149155,0,0,0,,,
90.252,odom,map,-1.8505,-0.507951,0.149155,0,0,0,,,
90.288,odom,map,-1.8505,-0.507951,0.149155,0,0,0,,,
90.324,odom,map,-1.8505,-0.507951,0.149155,0,0,0,,,
90.36,odom,map,-1.8505,-0.507951,0.149155,0,0,0,,,
90.396,odom,map,-1.8505,-0.507951,0.149155,0,0,0,,,
90.432,odom,map,-1.8505,-0.507951,0.149155,0,0,0,,,
90.468,odom,map,-1.8505,-0.507951,0.149155,0,0,0,,,
90.504,odom,map,-1.8505,-0.507951,0.149155,0,0,0,,,
90.54,odom,map,-1.8505,-0.507951,0.149155,0,0,0,,,
90.576,odom,map,-1.8505,-0.507951,0.149155,0,0,0,,,
90.612,odom,map,-1.8505,-0.507951,0.149155,0,0,0,,,
90.648,odom,map,-1.8505,-0.507951,0.149155,0,0,0,,,
90.684,odom,map,-1.8505,-0.507951,0.149155,0,0,0,,,
90.72,odom,map,-1.8505,-0.507951,0.149155,0,0,0,,,
90.756,odom,map,-1.8505,-0.507951,0.149155,0,0,0,,,
90.792,odom,map,-1.8505,-0.507951,0.149155,0,0,0,,,
90.828,odom,map,-1.8505,-0.507951,0.149155,0,0,0,,,
90.864,odom,map,-1.8505,-0.507951,0.149155,0,0,0,,,
90.9,odom,map,-1.8505,-0.507951,0.149155,0,0,0,,,
90.936,odom,map,-1.8505,-0.507951,0.149155,0,0,0,,,
90.972,odom,map,-1.8505,-0.507951,0.149155,0,0,0,,,
91.008,odom,map,-1.8505,-0.507951,0.149155,0,0,0,,,
91.044,odom,map,-1.8505,-0.507951,0.149155,0,0,0,,,
91.08,odom,map,-1.8505,-0.507951,0.149155,0,0,0,,,
91.116,odom,map,-1.8505,-0.507951,0.149155,0,0,0,,,
91.152,odom,map,-1.8505,-0.507951,0.149155,0,0,0,,,
91.188,odom,map,-1.8505,-0.507951,0.149155,0,0,0,,,
91.224,odom,map,-1.8505,-0.507951,0.149155,0,0,0,,,
91.26,odom,map,-1.8505,-0.507951,0.149155,0,0,0,,,
91.296,odom,map,-1.8505,-0.507951,0.149155,0,0,0,,,
91.332,odom,map,-1.8505,-0.507951,0.149155,0,0,0,,,
91.368,odom,map,-1.8505,-0.507951,0.149155,0,0,0,,,
91.404,odom,map,-1.8505,-0.507951,0.149155,0,0,0,,,
91.44,odom,map,-1.8505,-0.507951,0.149155,0,0,0,,,
91.476,odom,map,-1.8505,-0.507951,0.149155,0,0,0,,,
91.512,odom,map,-1.8505,-0.507951,0.149155,0,0,0,,,
91.548,odom,map,-1.8505,-0.507951,0.149155,0,0,0,,,
91.584,odom,map,-1.8505,-0.507951,0.149155,0,0,0,,,
91.62,odom,map,-1.8505,-0.507951,0.149155,0,0,0,,,
91.656,odom,map,-1.8505,-0.507951,0.149155,0,0,0,,,
91.692,odom,map,-1.8505,-0.507951,0.149155,0,0,0,,,
91.728,odom,map,-1.8505,-0.507951,0.149155,0,0,0,,,
91.764,odom,map,-1.8505,-0.507951,0.149155,0,0,0,,,
91.8,odom,map,-1.8505,-0.507951,0.149155,0,0,0,,,
91.836,odom,map,-1.8505,-0.507951,0.149155,0,0,0,,,
91.872,odom,map,-1.8505,-0.507951,0.149155,0,0,0,,,
91.908,odom,map,-1.8505,-0.507951,0.149155,0,0,0,,,
91.944,odom,map,-1.8505,-0.507951,0.149155,0,0,0,,,
91.98,odom,map,-1.8505,-0.507951,0.149155,0,0,0,,,
92.016,odom,map,-1.8505,-0.507951,0.149155,0,0,0,,,
92.052,odom,map,-1.8505,-0.507951,0.149155,0,0,0,,,
92.088,odom,map,-1.8505,-0.507951,0.149155,0,0,0,,,
92.124,odom,map,-1.8505,-0.507951,0.149155,0,0,0,,,
92.16,odom,map,-1.8505,-0.507951,0.149155,0,0,0,,,
92.196,odom,map,-1.8505,-0.507951,0.149155,0,0,0,,,
92.232,odom,map,-1.8505,-0.507951,0.149155,0,0,0,,,
92.268,odom,map,-1.8505,-0.507951,0.149155,0,0,0,,,
92.304,odom,map,-1.8505,-0.507951,0.149155,0,0,0,,,
92.34,odom,map,-1.8505,-0.507951,0.149155,0,0,0,,,
92.376,odom,map,-1.8505,-0.507951,0.149155,0,0,0,,,
92.412,odom,map,-1.8505,-0.507951,0.149155,0,0,0,,,
92.448,odom,map,-1.8505,-0.507951,0.149155,0,0,0,,,
92.484,odom,map,-1.8505,-0.507951,0.149155,0,0,0,,,
92.52,odom,map,-1.8505,-0.507951,0.149155,0,0,0,,,
92.556,odom,map,-1.8505,-0.507951,0.149155,0,0,0,,,
92.592,odom,map,-1.8505,-0.507951,0.149155,0,0,0,,,
92.628,odom,map,-1.8505,-0.507951,0.149155,0,0,0,,,
92.664,odom,map,-1.8505,-0.507951,0.149155,0,0,0,,,
92.7,odom,map,-1.8505,-0.507951,0.149155,0,0,0,,,
92.736,odom,map,-1.8505,-0.507951,0.149155,0,0,0,,,
92.772,odom,map,-1.8505,-0.507951,0.149155,0,0,0,,,
92.808,odom,map,-1.8505,-0.507951,0.149155,0,0,0,,,
92.844,odom,map,-1.8505,-0.507951,0.149155,0,0,0,,,
92.88,odom,map,-1.8505,-0.507951,0.149155,0,0,0,,,
92.916,odom,map,-1.8505,-0.507951,0.149155,0,0,0,,,
92.952,odom,map,-1.8505,-0.507951,0.149155,0,0,0,,,
92.988,odom,map,-1.8505,-0.507951,0.149155,0,0,0,,,
93.024,odom,map,-1.8505,-0.507951,0.149155,0,0,0,,,
93.06,odom,map,-1.8505,-0.507951,0.149155,0,0,0,,,
93.096,odom,map,-1.8505,-0.507951,0.149155,0,0,0,,,
93.132,odom,map,-1.8505,-0.507951,0.149155,0,0,0,,,
93.168,odom,map,-1.8505,-0.507951,0.149155,0,0,0,,,
93.204,odom,map,-1.8505,-0.507951,0.149155,0,0,0,,,
93.24,odom,map,-1.8505,-0.507951,0.149155,0,0,0,,,
93.276,odom,map,-1.8505,-0.507951,0.149155,0,0,0,,,
93.312,odom,map,-1.8505,-0.507951,0.149155,0,0,0,,,
93.348,odom,map,-1.8505,-0.507951,0.149155,0,0,0,,,
93.384,odom,map,-1.8505,-0.507951,0.149155,0,0,0,,,
93.42,odom,map,-1.8505,-0.507951,0.149155,0,0,0,,,
93.456,odom,map,-1.8505,-0.507951,0.149155,0,0,0,,,
93.492,odom,map,-1.8505,-0.507951,0.149155,0,0,0,,,
93.528,odom,map,-1.8505,-0.507951,0.149155,0,0,0,,,
93.564,odom,map,-1.8505,-0.507951,0.149155,0,0,0,,,
93.6,odom,map,-1.8505,-0.507951,0.149155,0,0,0,,,
93.636,odom,map,-1.8505,-0.507951,0.149155,0,0,0,,,
93.672,odom,map,-1.8505,-0.507951,0.149155,0,0,0,,,
93.708,odom,map,-1.8505,-0.507951,0.149155,0,0,0,,,
93.744,odom,map,-1.8505,-0.507951,0.149155,0,0,0,,,
93.78,odom,map,-1.8505,-0.507951,0.149155,0,0,0,,,
93.816,odom,map,-1.8505,-0.507951,0.149155,0,0,0,,,
93.852,odom,map,-1.8505,-0.507951,0.149155,0,0,0,,,
93.888,odom,map,-1.8505,-0.507951,0.149155,0,0,0,,,
93.924,odom,map,-1.8505,-0.507951,0.149155,0,0,0,,,
93.96,odom,map,-1.8505,-0.507951,0.149155,0,0,0,,,
93.996,odom,map,-1.8505,-0.507951,0.149155,0,0,0,,,
94.032,odom,map,-1.8505,-0.507951,0.149155,0,0,0,,,
94.068,odom,map,-1.8505,-0.507951,0.149155,0,0,0,,,
94.104,odom,map,-1.8505,-0.507951,0.149155,0,0,0,,,
94.14,odom,map,-1.8505,-0.507951,0.149155,0,0,0,,,
94.176,odom,map,-1.8505,-0.507951,0.149155,0,0,0,,,
94.212,odom,map,-1.8505,-0.507951,0.149155,0,0,0,,,
94.248,odom,map,-1.8505,-0.507951,0.149155,0,0,0,,,
94.284,odom,map,-1.8505,-0.507951,0.149155,0,0,0,,,
94.32,odom,map,-1.8505,-0.507951,0.149155,0,0,0,,,
94.356,odom,map,-1.8505,-0.507951,0.149155,0,0,0,,,
94.392,odom,map,-1.8505,-0.507951,0.149155,0,0,0,,,
94.428,odom,map,-1.8505,-0.507951,0.149155,0,0,0,,,
94.464,odom,map,-1.8505,-0.507951,0.149155,0,0,0,,,
94.5,odom,map,-1.8505,-0.507951,0.149155,0,0,0,,,
94.536,odom,map,-1.8505,-0.507951,0.149155,0,0,0,,,
94.572,odom,map,-1.8505,-0.507951,0.149155,0,0,0,,,
94.608,odom,map,-1.8505,-0.507951,0.149155,0,0,0,,,
94.644,odom,map,-1.8505,-0.507951,0.149155,0,0,0,,,
94.68,odom,map,-1.8505,-0.507951,0.149155,0,0,0,,,
94.716,odom,map,-1.8505,-0.507951,0.149155,0,0,0,,,
94.752,odom,map,-1.8505,-0.507951,0.149155,0,0,0,,,
94.788,odom,map,-1.8505,-0.507951,0.149155,0,0,0,,,
94.824,odom,map,-1.8505,-0.507951,0.149155,0,0,0,,,
94.86,odom,map,-1.8505,-0.507951,0.149155,0,0,0,,,
94.896,odom,map,-1.8505,-0.507951,0.149155,0,0,0,,,
94.932,odom,map,-1.8505,-0.507951,0.149155,0,0,0,,,
94.968,odom,map,-1.8505,-0.507951,0.149155,0,0,0,,,
95.004,odom,map,-1.8505,-0.507951,0.149155,0,0,0,,,
95.04,odom,map,-1.8505,-0.507951,0.149155,0,0,0,,,
95.076,odom,map,-1.8505,-0.507951,0.149155,0,0,0,,,
95.112,odom,map,-1.8505,-0.507951,0.149155,0,0,0,,,
95.148,odom,map,-1.8505,-0.507951,0.149155,0,0,0,,,
95.184,odom,map,-1.8505,-0.507951,0.149155,0,0,0,,,
95.22,odom,map,-1.8505,-0.507951,0.149155,0,0,0,,,
95.256,odom,map,-1.8505,-0.507951,0.149155,0,0,0,,,
95.292,odom,map,-1.8505,-0.507951,0.149155,0,0,0,,,
95.328,odom,map,-1.8505,-0.507951,0.149155,0,0,0,,,
95.364,odom,map,-1.8505,-0.507951,0.149155,0,0,0,,,
95.4,odom,map,-1.8505,-0.507951,0.149155,0,0,0,,,
95.436,odom,map,-1.8505,-0.507951,0.149155,0,0,0,,,
95.472,odom,map,-1.8505,-0.507951,0.149155,0,0,0,,,
95.508,odom,map,-1.8505,-0.507951,0.149155,0,0,0,,,
95.544,odom,map,-1.8505,-0.507951,0.149155,0,0,0,,,
95.58,odom,map,-1.8505,-0.507951,0.149155,0,0,0,,,
95.616,odom,map,-1.8505,-0.507951,0.149155,0,0,0,,,
95.652,odom,map,-1.8505,-0.507951,0.149155,0,0,0,,,
95.688,odom,map,-1.8505,-0.507951,0.149155,0,0,0,,,
95.724,odom,map,-1.8505,-0.507951,0.149155,0,0,0,,,
95.76,odom,map,-1.8505,-0.507951,0.149155,0,0,0,,,
95.796,odom,map,-1.8505,-0.507951,0.149155,0,0,0,,,
95.832,odom,map,-1.8505,-0.507951,0.149155,0,0,0,,,
95.868,odom,map,-1.8505,-0.507951,0.149155,0,0,0,,,
95.904,odom,map,-1.8505,-0.507951,0.149155,0,0,0,,,
95.94,odom,map,-1.8505,-0.507951,0.149155,0,0,0,,,
95.976,odom,map,-1.8505,-0.507951,0.149155,0,0,0,,,
96.012,odom,map,-1.8505,-0.507951,0.149155,0,0,0,,,
96.048,odom,map,-1.8505,-0.507951,0.149155,0,0,0,,,
96.084,odom,map,-1.8505,-0.507951,0.149155,0,0,0,,,
96.12,odom,map,-1.8505,-0.507951,0.149155,0,0,0,,,
96.156,odom,map,-1.8505,-0.507951,0.149155,0,0,0,,,
96.192,odom,map,-1.8505,-0.507951,0.149155,0,0,0,,,
96.228,odom,map,-1.8505,-0.507951,0.149155,0,0,0,,,
96.264,odom,map,-1.8505,-0.507951,0.149155,0,0,0,,,
96.3,odom,map,-1.8505,-0.507951,0.149155,0,0,0,,,
96.336,odom,map,-1.8505,-0.507951,0.149155,0,0,0,,,
96.372,odom,map,-1.8505,-0.507951,0.149155,0,0,0,,,
96.408,odom,map,-1.8505,-0.507951,0.149155,0,0,0,,,
96.444,odom,map,-1.8505,-0.507951,0.149155,0,0,0,,,
96.48,odom,map,-1.8505,-0.507951,0.149155,0,0,0,,,
96.516,odom,map,-1.8505,-0.507951,0.149155,0,0,0,,,
96.552,odom,map,-1.8505,-0.507951,0.149155,0,0,0,,,
96.588,odom,map,-1.8505,-0.507951,0.149155,0,0,0,,,
96.624,odom,map,-1.8505,-0.507951,0.149155,0,0,0,,,
96.66,odom,map,-1.8505,-0.507951,0.149155,0,0,0,,,
96.696,odom,map,-1.8505,-0.507951,0.149155,0,0,0,,,
96.732,odom,map,-1.8505,-0.507951,0.149155,0,0,0,,,
96.768,odom,map,-1.8505,-0.507951,0.149155,0,0,0,,,
96.804,odom,map,-1.8505,-0.507951,0.149155,0,0,0,,,
96.84,odom,map,-1.8505,-0.507951,0.149155,0,0,0,,,
96.876,odom,map,-1.8505,-0.507951,0.149155,0,0,0,,,
96.912,odom,map,-1.8505,-0.507951,0.149155,0,0,0,,,
96.948,odom,map,-1.8505,-0.507951,0.149155,0,0,0,,,
96.984,odom,map,-1.8505,-0.507951,0.149155,0,0,0,,,
97.02,odom,map,-1.8505,-0.507951,0.149155,0,0,0,,,
97.056,odom,map,-1.8505,-0.507951,0.149155,0,0,0,,,
97.092,odom,map,-1.8505,-0.507951,0.149155,0,0,0,,,
97.128,odom,map,-1.8505,-0.507951,0.149155,0,0,0,,,
97.164,odom,map,-1.8505,-0.507951,0.149155,0,0,0,,,
97.2,odom,map,-1.8505,-0.507951,0.149155,0,0,0,,,
97.236,odom,map,-1.8505,-0.507951,0.149155,0,0,0,,,
97.272,odom,map,-1.8505,-0.507951,0.149155,0,0,0,,,
97.308,odom,map,-1.8505,-0.507951,0.149155,0,0,0,,,
97.344,odom,map,-1.8505,-0.507951,0.149155,0,0,0,,,
97.38,odom,map,-1.8505,-0.507951,0.149155,0,0,0,,,
97.416,odom,map,-1.8505,-0.507951,0.149155,0,0,0,,,
97.452,odom,map,-1.8505,-0.507951,0.149155,0,0,0,,,
97.488,odom,map,-1.8505,-0.507951,0.149155,0,0,0,,,
97.524,odom,map,-1.8505,-0.507951,0.149155,0,0,0,,,
97.56,odom,map,-1.8505,-0.507951,0.149155,0,0,0,,,
97.596,odom,map,-1.8505,-0.507951,0.149155,0,0,0,,,
97.632,odom,map,-1.8505,-0.507951,0.149155,0,0,0,,,
97.668,odom,map,-1.8505,-0.507951,0.149155,0,0,0,,,
97.704,odom,map,-1.8505,-0.507951,0.149155,0,0,0,,,
97.74,odom,map,-1.8505,-0.507951,0.149155,0,0,0,,,
97.776,odom,map,-1.8505,-0.507951,0.149155,0,0,0,,,
97.812,odom,map,-1.8505,-0.507951,0.149155,0,0,0,,,
97.848,odom,map,-1.8505,-0.507951,0.149155,0,0,0,,,
97.884,odom,map,-1.8505,-0.507951,0.149155,0,0,0,,,
97.92,odom,map,-1.8505,-0.507951,0.149155,0,0,0,,,
97.956,odom,map,-1.8505,-0.507951,0.149155,0,0,0,,,
97.992,odom,map,-1.8505,-0.507951,0.149155,0,0,0,,,
98.028,odom,map,-1.8505,-0.507951,0.149155,0,0,0,,,
98.064,odom,map,-1.8505,-0.507951,0.149155,0,0,0,,,
98.1,odom,map,-1.8505,-0.507951,0.149155,0,0,0,,,
98.136,odom,map,-1.8505,-0.507951,0.149155,0,0,0,,,
98.172,odom,map,-1.8505,-0.507951,0.149155,0,0,0,,,
98.208,odom,map,-1.8505,-0.507951,0.149155,0,0,0,,,
98.244,odom,map,-1.8505,-0.507951,0.149155,0,0,0,,,
98.28,odom,map,-1.8505,-0.507951,0.149155,0,0,0,,,
98.316,odom,map,-1.8505,-0.507951,0.149155,0,0,0,,,
98.352,odom,map,-1.8505,-0.507951,0.149155,0,0,0,,,
98.388,odom,map,-1.8505,-0.507951,0.149155,0,0,0,,,
98.424,odom,map,-1.8505,-0.507951,0.149155,0,0,0,,,
98.46,odom,map,-1.8505,-0.507951,0.149155,0,0,0,,,
98.496,odom,map,-1.8505,-0.507951,0.149155,0,0,0,,,
98.532,odom,map,-1.8505,-0.507951,0.149155,0,0,0,,,
98.568,odom,map,-1.8505,-0.507951,0.149155,0,0,0,,,
98.604,odom,map,-1.8505,-0.507951,0.149155,0,0,0,,,
98.64,odom,map,-1.8505,-0.507951,0.149155,0,0,0,,,
98.676,odom,map,-1.8505,-0.507951,0.149155,0,0,0,,,
98.712,odom,map,-1.8505,-0.507951,0.149155,0,0,0,,,
98.748,odom,map,-1.8505,-0.507951,0.149155,0,0,0,,,
98.784,odom,map,-1.8505,-0.507951,0.149155,0,0,0,,,
98.82,odom,map,-1.8505,-0.507951,0.149155,0,0,0,,,
98.856,odom,map,-1.8505,-0.507951,0.149155,0,0,0,,,
98.892,odom,map,-1.8505,-0.507951,0.149155,0,0,0,,,
98.928,odom,map,-1.8505,-0.507951,0.149155,0,0,0,,,
98.964,odom,map,-1.8505,-0.507951,0.149155,0,0,0,,,
99,odom,map,-1.8505,-0.507951,0.149155,0,0,0,,,
99.036,odom,map,-1.8505,-0.507951,0.149155,0,0,0,,,
99.072,odom,map,-1.8505,-0.507951,0.149155,0,0,0,,,
99.108,odom,map,-1.8505,-0.507951,0.149155,0,0,0,,,
99.144,odom,map,-1.8505,-0.507951,0.149155,0,0,0,,,
99.18,odom,map,-1.8505,-0.507951,0.149155,0,0,0,,,
99.216,odom,map,-1.8505,-0.507951,0.149155,0,0,0,,,
99.252,odom,map,-1.8505,-0.507951,0.149155,0,0,0,,,
99.288,odom,map,-1.8505,-0.507951,0.149155,0,0,0,,,
99.324,odom,map,-1.8505,-0.507951,0.149155,0,0,0,,,
99.36,odom,map,-1.8505,-0.507951,0.149155,0,0,0,,,
99.396,odom,map,-1.8505,-0.507951,0.149155,0,0,0,,,
99.432,odom,map,-1.8505,-0.507951,0.149155,0,0,0,,,
99.468,odom,map,-1.8505,-0.507951,0.149155,0,0,0,,,
99.504,odom,map,-1.8505,-0.507951,0.149155,0,0,0,,,
99.54,odom,map,-1.8505,-0.507951,0.149155,0,0,0,,,
99.576,odom,map,-1.8505,-0.507951,0.149155,0,0,0,,,
99.612,odom,map,-1.8505,-0.507951,0.149155,0,0,0,,,
99.648,odom,map,-1.8505,-0.507951,0.149155,0,0,0,,,
99.684,odom,map,-1.8505,-0.507951,0.149155,0,0,0,,,
99.72,odom,map,-1.8505,-0.507951,0.149155,0,0,0,,,
99.756,odom,map,-1.8505,-0.507951,0.149155,0,0,0,,,
99.792,odom,map,-1.8505,-0.507951,0.149155,0,0,0,,,
99.828,odom,map,-1.8505,-0.507951,0.149155,0,0,0,,,
99.864,odom,map,-1.8505,-0.507951,0.149155,0,0,0,,,
99.9,odom,map,-1.8505,-0.507951,0.149155,0,0,0,,,
99.936,odom,map,-1.8505,-0.507951,0.149155,0,0,0,,,
99.972,odom,map,-1.8505,-0.507951,0.149155,0,0,0,,,
100.008,odom,map,-1.8505,-0.507951,0.149155,0,0,0,,,
100.044,odom,map,-1.8505,-0.507951,0.149155,0,0,0,,,
100.08,odom,map,-1.8505,-0.507951,0.149155,0,0,0,,,
100.116,odom,map,-1.8505,-0.507951,0.149155,0,0,0,,,
100.152,odom,map,-1.8505,-0.507951,0.149155,0,0,0,,,
100.188,odom,map,-1.8505,-0.507951,0.149155,0,0,0,,,
100.224,odom,map,-1.8505,-0.507951,0.149155,0,0,0,,,
100.26,odom,map,-1.8505,-0.507951,0.149155,0,0,0,,,
100.296,odom,map,-1.8505,-0.507951,0.149155,0,0,0,,,
100.332,odom,map,-1.8505,-0.507951,0.149155,0,0,0,,,
100.368,odom,map,-1.8505,-0.507951,0.149155,0,0,0,,,
100.404,odom,map,-1.8505,-0.507951,0.149155,0,0,0,,,
100.44,odom,map,-1.8505,-0.507951,0.149155,0,0,0,,,
100.476,odom,map,-1.8505,-0.507951,0.149155,0,0,0,,,
100.512,odom,map,-1.8505,-0.507951,0.149155,0,0,0,,,
100.548,odom,map,-1.8505,-0.507951,0.149155,0,0,0,,,
100.584,odom,map,-1.8505,-0.507951,0.149155,0,0,0,,,
