time,source,frame,x,y,theta,cov_xx,cov_yy,cov_xy,runtime_ms,ess,resampling_triggered
5.601,amcl,map,-1.97248,-0.518361,-0.015346,0.187371,0.216002,-0.0127975,,,
6.6,amcl,map,-2.00061,-0.506588,0.00262031,0.159889,0.203306,-0.00251398,,,
6.66,odom,map,-1.97248,-0.518361,-0.015346,0,0,0,,,
6.696,odom,map,-1.97248,-0.518361,-0.015346,0,0,0,,,
6.732,odom,map,-1.97248,-0.518361,-0.015346,0,0,0,,,
6.768,odom,map,-1.97248,-0.518361,-0.015346,0,0,0,,,
6.804,odom,map,-1.97248,-0.518361,-0.015346,0,0,0,,,
6.84,odom,map,-1.97248,-0.518361,-0.015346,0,0,0,,,
6.876,odom,map,-1.97248,-0.518361,-0.015346,0,0,0,,,
6.912,odom,map,-1.97248,-0.518361,-0.015346,0,0,0,,,
6.948,odom,map,-1.97248,-0.518361,-0.015346,0,0,0,,,
6.984,odom,map,-1.97248,-0.518361,-0.015346,0,0,0,,,
7.02,odom,map,-1.97248,-0.518361,-0.015346,0,0,0,,,
7.056,odom,map,-1.97248,-0.518361,-0.015346,0,0,0,,,
7.092,odom,map,-1.97248,-0.518361,-0.015346,0,0,0,,,
7.128,odom,map,-1.97248,-0.518361,-0.015346,0,0,0,,,
7.164,odom,map,-1.97248,-0.518361,-0.015346,0,0,0,,,
7.2,odom,map,-1.97248,-0.518361,-0.015346,0,0,0,,,
7.236,odom,map,-1.97248,-0.518361,-0.015346,0,0,0,,,
7.272,odom,map,-1.97248,-0.518361,-0.015346,0,0,0,,,
7.308,odom,map,-1.97248,-0.518361,-0.015346,0,0,0,,,
7.344,odom,map,-1.97248,-0.518361,-0.015346,0,0,0,,,
7.38,odom,map,-1.97248,-0.518361,-0.015346,0,0,0,,,
7.416,odom,map,-1.97447,-0.517529,-0.0140757,0,0,0,,,
7.452,odom,map,-1.97959,-0.515388,-0.0108091,0,0,0,,,
7.488,odom,map,-1.9847,-0.513248,-0.00754245,0,0,0,,,
7.524,odom,map,-1.98981,-0.511107,-0.00427585,0,0,0,,,
7.56,odom,map,-1.99493,-0.508966,-0.00100925,0,0,0,,,
7.596,odom,map,-2.00004,-0.506826,0.00225736,0,0,0,,,
7.632,odom,map,-2.00061,-0.506588,0.00262031,0,0,0,,,
7.602,amcl,map,-1.96864,-0.514336,-0.00505275,0.194323,0.233836,-0.0205014,,,
7.668,odom,map,-2.00061,-0.506588,0.00262031,0,0,0,,,
7.704,odom,map,-2.00061,-0.506588,0.00262031,0,0,0,,,
7.74,odom,map,-2.00061,-0.506588,0.00262031,0,0,0,,,
7.776,odom,map,-2.00061,-0.506588,0.00262031,0,0,0,,,
7.812,odom,map,-2.00061,-0.506588,0.00262031,0,0,0,,,
7.848,odom,map,-2.00061,-0.506588,0.00262031,0,0,0,,,
7.884,odom,map,-2.00061,-0.506588,0.00262031,0,0,0,,,
7.92,odom,map,-2.00061,-0.506588,0.00262031,0,0,0,,,
7.956,odom,map,-2.00061,-0.506588,0.00262031,0,0,0,,,
7.992,odom,map,-2.00061,-0.506588,0.00262031,0,0,0,,,
8.028,odom,map,-2.00061,-0.506588,0.00262031,0,0,0,,,
8.064,odom,map,-2.00061,-0.506588,0.00262031,0,0,0,,,
8.1,odom,map,-2.00061,-0.506588,0.00262031,0,0,0,,,
8.136,odom,map,-2.00061,-0.506588,0.00262031,0,0,0,,,
8.172,odom,map,-2.00061,-0.506588,0.00262031,0,0,0,,,
8.208,odom,map,-2.00061,-0.506588,0.00262031,0,0,0,,,
8.244,odom,map,-2.00061,-0.506588,0.00262031,0,0,0,,,
8.28,odom,map,-2.00061,-0.506588,0.00262031,0,0,0,,,
8.316,odom,map,-2.00061,-0.506588,0.00262031,0,0,0,,,
8.352,odom,map,-2.00061,-0.506588,0.00262031,0,0,0,,,
8.388,odom,map,-2.00061,-0.506588,0.00262031,0,0,0,,,
8.424,odom,map,-1.99695,-0.507474,0.0017423,0,0,0,,,
8.46,odom,map,-1.99123,-0.508862,0.00036802,0,0,0,,,
8.496,odom,map,-1.9855,-0.51025,-0.00100626,0,0,0,,,
8.532,odom,map,-1.97978,-0.511638,-0.00238054,0,0,0,,,
8.568,odom,map,-1.97405,-0.513025,-0.00375482,0,0,0,,,
8.604,odom,map,-1.96864,-0.514336,-0.00505275,0,0,0,,,
8.64,odom,map,-1.96864,-0.514336,-0.00505275,0,0,0,,,
8.676,odom,map,-1.96864,-0.514336,-0.00505275,0,0,0,,,
8.712,odom,map,-1.96864,-0.514336,-0.00505275,0,0,0,,,
8.748,odom,map,-1.96864,-0.514336,-0.00505275,0,0,0,,,
8.784,odom,map,-1.96864,-0.514336,-0.00505275,0,0,0,,,
8.82,odom,map,-1.96864,-0.514336,-0.00505275,0,0,0,,,
8.856,odom,map,-1.96864,-0.514336,-0.00505275,0,0,0,,,
8.892,odom,map,-1.96864,-0.514336,-0.00505275,0,0,0,,,
8.928,odom,map,-1.96864,-0.514336,-0.00505275,0,0,0,,,
8.964,odom,map,-1.96864,-0.514336,-0.00505275,0,0,0,,,
9,odom,map,-1.96864,-0.514336,-0.00505275,0,0,0,,,
9.036,odom,map,-1.96864,-0.514336,-0.00505275,0,0,0,,,
9.072,odom,map,-1.96864,-0.514336,-0.00505275,0,0,0,,,
9.108,odom,map,-1.96864,-0.514336,-0.00505275,0,0,0,,,
9.144,odom,map,-1.96864,-0.514336,-0.00505275,0,0,0,,,
9.18,odom,map,-1.96864,-0.514336,-0.00505275,0,0,0,,,
9.216,odom,map,-1.96864,-0.514336,-0.00505275,0,0,0,,,
9.252,odom,map,-1.96864,-0.514336,-0.00505275,0,0,0,,,
9.288,odom,map,-1.96864,-0.514336,-0.00505275,0,0,0,,,
9.324,odom,map,-1.96864,-0.514336,-0.00505275,0,0,0,,,
9.36,odom,map,-1.96864,-0.514336,-0.00505275,0,0,0,,,
9.396,odom,map,-1.96864,-0.514336,-0.00505275,0,0,0,,,
9.432,odom,map,-1.96864,-0.514336,-0.00505275,0,0,0,,,
9.468,odom,map,-1.96864,-0.514336,-0.00505275,0,0,0,,,
9.504,odom,map,-1.96864,-0.514336,-0.00505275,0,0,0,,,
9.54,odom,map,-1.96864,-0.514336,-0.00505275,0,0,0,,,
9.576,odom,map,-1.96864,-0.514336,-0.00505275,0,0,0,,,
9.612,odom,map,-1.96864,-0.514336,-0.00505275,0,0,0,,,
9.648,odom,map,-1.96864,-0.514336,-0.00505275,0,0,0,,,
9.684,odom,map,-1.96864,-0.514336,-0.00505275,0,0,0,,,
9.72,odom,map,-1.96864,-0.514336,-0.00505275,0,0,0,,,
9.756,odom,map,-1.96864,-0.514336,-0.00505275,0,0,0,,,
9.792,odom,map,-1.96864,-0.514336,-0.00505275,0,0,0,,,
9.828,odom,map,-1.96864,-0.514336,-0.00505275,0,0,0,,,
9.792,ekf_predict_only,map,-2,-0.5,0,0.15,0.15,0,,,
9.792,ekf,map,-2,-0.5,1.33237e-21,0.0401279,0.0401279,0,0.065792,,
9.792,kf,map,-2,-0.5,1.33237e-21,0.0401279,0.0401279,0,0.06075,,
9.792,pf,map,-1.96553,-0.484865,-0.0321172,0.052178,0.0451527,0.00419224,5.09421,33.2227,0
9.864,odom,map,-1.96864,-0.514336,-0.00505275,0,0,0,,,
9.9,odom,map,-1.96864,-0.514336,-0.00505275,0,0,0,,,
9.936,odom,map,-1.96864,-0.514336,-0.00505275,0,0,0,,,
9.972,odom,map,-1.96864,-0.514336,-0.00505275,0,0,0,,,
10.008,odom,map,-1.96864,-0.514336,-0.00505275,0,0,0,,,
10.008,ekf_predict_only,map,-2,-0.5,0,0.25,0.25,0,,,
10.008,ekf,map,-2,-0.5,6.4282e-21,0.0375582,0.0375582,0,0.057834,,
10.008,kf,map,-2,-0.5,6.37498e-21,0.0371659,0.0371659,0,0.058958,,
10.008,pf,map,-2.00397,-0.508378,-0.0350225,0.0380946,0.0382104,4.89701e-05,4.48967,269.539,0
10.044,odom,map,-1.96864,-0.514336,-0.00505275,0,0,0,,,
10.08,odom,map,-1.96864,-0.514336,-0.00505275,0,0,0,,,
10.116,odom,map,-1.96864,-0.514336,-0.00505275,0,0,0,,,
10.152,odom,map,-1.96864,-0.514336,-0.00505275,0,0,0,,,
10.188,odom,map,-1.96864,-0.514336,-0.00505275,0,0,0,,,
10.224,odom,map,-1.96864,-0.514336,-0.00505275,0,0,0,,,
10.188,ekf,map,-2,-0.5,1.05375e-20,0.0375654,0.0375654,0,0.124542,,
10.188,ekf_predict_only,map,-2,-0.5,0,0.35,0.35,0,,,
10.188,kf,map,-2,-0.5,1.04475e-20,0.0368702,0.0368702,0,0.081666,,
10.188,pf,map,-1.9998,-0.492345,-0.02604,0.0348,0.0341501,0.000419785,4.75379,282.762,0
10.26,odom,map,-1.96864,-0.514336,-0.00505275,0,0,0,,,
10.296,odom,map,-1.96864,-0.514336,-0.00505275,0,0,0,,,
10.332,odom,map,-1.96864,-0.514336,-0.00505275,0,0,0,,,
10.368,odom,map,-1.96864,-0.514336,-0.00505275,0,0,0,,,
10.404,odom,map,-1.96864,-0.514336,-0.00505275,0,0,0,,,
10.404,ekf_predict_only,map,-2,-0.5,0,0.45,0.45,0,,,
10.404,kf,map,-2,-0.5,1.39727e-20,0.0369476,0.0369476,0,0.063542,,
10.404,ekf,map,-2,-0.5,1.41118e-20,0.0381822,0.0381822,0,0.144125,,
10.404,pf,map,-2.00743,-0.488999,-0.00898087,0.0355249,0.0388037,0.00138567,8.50662,302.093,0
10.44,odom,map,-1.96839,-0.514337,-0.00484768,0,0,0,,,
10.476,odom,map,-1.96697,-0.514344,-0.00447354,0,0,0,,,
10.512,odom,map,-1.96459,-0.514354,-0.00376393,0,0,0,,,
10.548,odom,map,-1.96137,-0.514365,-0.00327299,0,0,0,,,
10.584,odom,map,-1.95694,-0.514379,-0.00327396,0,0,0,,,
10.584,kf,map,-1.98365,-0.499988,0.00100536,0.0368551,0.0368551,0,0.061209,,
10.62,odom,map,-1.9516,-0.514397,-0.00350425,0,0,0,,,
10.584,ekf,map,-1.98409,-0.499984,0.00107853,0.0380986,0.0380994,-1.02577e-26,0.105417,,
10.584,ekf_predict_only,map,-1.9706,-0.5,-0.00116314,0.55,0.55019,0,,,
10.584,pf,map,-1.98877,-0.486938,-0.006099,0.038135,0.0350961,0.00130114,4.91821,304.913,0
10.656,odom,map,-1.94572,-0.514418,-0.00373688,0,0,0,,,
10.692,odom,map,-1.93966,-0.514442,-0.00423114,0,0,0,,,
10.728,odom,map,-1.93297,-0.514474,-0.00528239,0,0,0,,,
10.764,odom,map,-1.92553,-0.514518,-0.00674633,0,0,0,,,
10.8,odom,map,-1.91791,-0.514576,-0.00827422,0,0,0,,,
10.8,ekf,map,-1.94621,-0.499956,-0.00456811,0.0386674,0.0386711,-2.33329e-09,0.061459,,
10.8,pf,map,-1.94785,-0.49655,-0.0265178,0.0357664,0.0327025,0.000936314,4.83437,319.433,0
10.8,ekf_predict_only,map,-1.92231,-0.500056,-0.0114039,0.65,0.651444,1.09564e-06,,,
10.8,kf,map,-1.94563,-0.499972,-0.00479153,0.0369466,0.0369466,0,4.55071,,
10.836,odom,map,-1.91002,-0.514647,-0.00993629,0,0,0,,,
10.872,odom,map,-1.90179,-0.514737,-0.0119254,0,0,0,,,
10.908,odom,map,-1.89332,-0.514847,-0.0139784,0,0,0,,,
10.944,odom,map,-1.88471,-0.514976,-0.0159955,0,0,0,,,
10.98,odom,map,-1.876,-0.515124,-0.018102,0,0,0,,,
11.016,odom,map,-1.86693,-0.5153,-0.0205214,0,0,0,,,
11.016,ekf,map,-1.89671,-0.500384,-0.0163166,0.0388727,0.0388801,1.00024e-08,0.098125,,
11.016,kf,map,-1.89628,-0.500394,-0.0165206,0.0369528,0.0369528,0,0.06425,,
11.016,ekf_predict_only,map,-1.86731,-0.500683,-0.0261126,0.75,0.754558,2.52047e-05,,,
11.016,pf,map,-1.87873,-0.512934,-0.0407121,0.0352797,0.0356245,-0.00102613,5.25658,288.806,0
11.052,odom,map,-1.85776,-0.515499,-0.0229728,0,0,0,,,
11.088,odom,map,-1.84853,-0.515723,-0.0255776,0,0,0,,,
11.124,odom,map,-1.83913,-0.515977,-0.0284949,0,0,0,,,
11.16,odom,map,-1.82961,-0.516263,-0.0315897,0,0,0,,,
11.196,odom,map,-1.82006,-0.51658,-0.0347959,0,0,0,,,
11.232,odom,map,-1.8105,-0.516928,-0.0380569,0,0,0,,,
11.196,ekf_predict_only,map,-1.8195,-0.501932,-0.0424177,0.850001,0.858952,0.000103949,,,
11.196,ekf,map,-1.85082,-0.501409,-0.0304076,0.0384683,0.0384769,5.20605e-08,0.165333,,
11.196,kf,map,-1.85063,-0.501412,-0.0305535,0.0368554,0.0368554,0,0.062209,,
11.196,pf,map,-1.85122,-0.493869,-0.0501419,0.0371502,0.037556,-0.000860634,5.12746,303.478,0
11.268,odom,map,-1.8009,-0.517309,-0.0413963,0,0,0,,,
11.304,odom,map,-1.79136,-0.517722,-0.0450139,0,0,0,,,
11.34,odom,map,-1.78183,-0.518168,-0.0486815,0,0,0,,,
11.376,odom,map,-1.77226,-0.518652,-0.052367,0,0,0,,,
11.412,odom,map,-1.76265,-0.519175,-0.0564144,0,0,0,,,
11.412,ekf_predict_only,map,-1.76182,-0.50438,-0.0669856,0.950007,0.966671,0.000336533,,,
11.412,ekf,map,-1.79379,-0.503647,-0.0521606,0.0389622,0.0389756,1.82421e-07,0.062916,,
11.412,kf,map,-1.79371,-0.503636,-0.0523432,0.0369466,0.0369466,0,0.05725,,
11.412,pf,map,-1.79781,-0.510433,-0.0694967,0.0409551,0.0315425,-0.00150421,6.31821,310.25,0
11.448,odom,map,-1.75301,-0.519739,-0.0603228,0,0,0,,,
11.484,odom,map,-1.74336,-0.52034,-0.0642143,0,0,0,,,
11.52,odom,map,-1.7336,-0.520987,-0.0681384,0,0,0,,,
11.556,odom,map,-1.72389,-0.521669,-0.0720166,0,0,0,,,
11.592,odom,map,-1.71424,-0.522383,-0.0757586,0,0,0,,,
11.592,ekf_predict_only,map,-1.71344,-0.507626,-0.0854669,1.05002,1.07542,0.000749301,,,
11.592,ekf,map,-1.74552,-0.506628,-0.0706921,0.0385638,0.0385764,2.93851e-07,0.114,,
11.592,kf,map,-1.74549,-0.506607,-0.0707371,0.036855,0.036855,0,0.062125,,
11.628,odom,map,-1.70458,-0.523135,-0.0794549,0,0,0,,,
11.592,pf,map,-1.73226,-0.524886,-0.102389,0.0346862,0.0346708,0.0018456,7.149,303.124,0
11.601,amcl,map,-1.69782,-0.52621,-0.0663438,0.164462,0.207034,-0.0265272,,,
11.664,odom,map,-1.69493,-0.523921,-0.0831978,0,0,0,,,
11.7,odom,map,-1.68532,-0.52474,-0.0868378,0,0,0,,,
11.736,odom,map,-1.67568,-0.525596,-0.0902776,0,0,0,,,
11.772,odom,map,-1.66604,-0.526485,-0.0937065,0,0,0,,,
11.808,odom,map,-1.65642,-0.527406,-0.0970415,0,0,0,,,
11.808,ekf_predict_only,map,-1.65569,-0.512573,-0.104914,1.15007,1.1889,0.00158795,,,
11.808,kf,map,-1.6877,-0.511286,-0.0915176,0.0369466,0.0369466,0,0.082666,,
11.808,ekf,map,-1.68771,-0.51133,-0.091585,0.0390534,0.0390701,6.1148e-07,0.105625,,
11.808,pf,map,-1.68549,-0.520982,-0.111074,0.0385396,0.0405223,0.00146992,7.63029,319.108,0
11.844,odom,map,-1.64681,-0.528357,-0.100068,0,0,0,,,
11.88,odom,map,-1.6372,-0.529336,-0.103046,0,0,0,,,
11.916,odom,map,-1.62759,-0.530344,-0.105916,0,0,0,,,
11.952,odom,map,-1.61806,-0.53137,-0.108681,0,0,0,,,
11.988,odom,map,-1.60841,-0.532437,-0.11153,0,0,0,,,
12.024,odom,map,-1.59872,-0.533536,-0.114397,0,0,0,,,
11.988,ekf_predict_only,map,-1.60721,-0.517679,-0.119249,1.25014,1.30302,0.00268335,,,
11.988,ekf,map,-1.63956,-0.51617,-0.106351,0.0386185,0.0386328,7.23045e-07,0.05925,,
11.988,kf,map,-1.63954,-0.516139,-0.106313,0.036855,0.036855,0,9.52112,,
11.988,pf,map,-1.64381,-0.519339,-0.111873,0.0331606,0.0331911,0.001648,7.96104,312.639,0
12.06,odom,map,-1.58886,-0.534683,-0.117123,0,0,0,,,
12.096,odom,map,-1.5788,-0.535879,-0.119611,0,0,0,,,
12.132,odom,map,-1.56864,-0.537114,-0.122092,0,0,0,,,
12.168,odom,map,-1.55816,-0.538411,-0.124312,0,0,0,,,
12.204,odom,map,-1.54763,-0.539739,-0.126494,0,0,0,,,
12.204,ekf,map,-1.57801,-0.523242,-0.120637,0.039098,0.0391166,1.27467e-06,0.060041,,
12.204,kf,map,-1.57817,-0.523177,-0.12091,0.0369466,0.0369466,0,0.060958,,
12.204,ekf_predict_only,map,-1.54396,-0.525257,-0.132343,1.35031,1.42567,0.0047397,,,
12.204,pf,map,-1.57063,-0.534168,-0.12483,0.0318296,0.0396001,0.00139029,7.5245,317.252,0
12.24,odom,map,-1.53697,-0.541106,-0.128494,0,0,0,,,
12.276,odom,map,-1.52605,-0.542527,-0.130233,0,0,0,,,
12.312,odom,map,-1.5148,-0.544009,-0.131651,0,0,0,,,
12.348,odom,map,-1.50346,-0.545517,-0.132908,0,0,0,,,
12.384,odom,map,-1.49195,-0.547063,-0.133739,0,0,0,,,
12.42,odom,map,-1.47869,-0.548781,-0.132834,0,0,0,,,
12.384,ekf,map,-1.522,-0.53039,-0.126678,0.0386441,0.038661,1.44714e-06,0.066625,,
12.384,ekf_predict_only,map,-1.48414,-0.53322,-0.131548,1.45057,1.55183,0.00744317,,,
12.384,kf,map,-1.52186,-0.530354,-0.126433,0.036855,0.036855,0,0.064042,,
12.384,pf,map,-1.51279,-0.534503,-0.157046,0.0333872,0.0404844,-0.000404939,9.47121,282.031,0
12.456,odom,map,-1.46391,-0.55061,-0.130372,0,0,0,,,
12.492,odom,map,-1.44893,-0.55241,-0.127617,0,0,0,,,
12.528,odom,map,-1.43384,-0.554165,-0.124739,0,0,0,,,
12.564,odom,map,-1.41863,-0.555873,-0.121608,0,0,0,,,
12.6,odom,map,-1.403,-0.557562,-0.117583,0,0,0,,,
12.6,ekf_predict_only,map,-1.40403,-0.54382,-0.115899,1.55104,1.6947,0.0120869,,,
12.6,ekf,map,-1.44699,-0.540063,-0.120252,0.0391185,0.0391425,2.45956e-06,0.053917,,
12.6,kf,map,-1.44666,-0.540031,-0.119676,0.0369466,0.0369466,0,0.058125,,
12.6,amcl,map,-1.40747,-0.552492,-0.11259,0.134521,0.183453,-0.028083,,,
12.6,pf,map,-1.43826,-0.531136,-0.157858,0.0339306,0.0381949,0.000283109,6.45312,331.056,0
12.636,odom,map,-1.3896,-0.559121,-0.114993,0,0,0,,,
12.672,odom,map,-1.37622,-0.560649,-0.112385,0,0,0,,,
12.708,odom,map,-1.36259,-0.562168,-0.109404,0,0,0,,,
12.744,odom,map,-1.34863,-0.563678,-0.106056,0,0,0,,,
12.78,odom,map,-1.33453,-0.565154,-0.102607,0,0,0,,,
12.816,ekf,map,-1.36481,-0.549589,-0.102877,0.0391842,0.0392121,3.11413e-06,0.112208,,
12.816,odom,map,-1.32028,-0.566596,-0.0989755,0,0,0,,,
12.816,ekf_predict_only,map,-1.3181,-0.553824,-0.093517,1.65165,1.85132,0.0179805,,,
12.816,kf,map,-1.36451,-0.54959,-0.102443,0.0369528,0.0369528,0,0.100125,,
12.816,pf,map,-1.37205,-0.572152,-0.12418,0.0378708,0.0386113,0.000765815,6.32442,289.433,0
12.852,odom,map,-1.30586,-0.568,-0.0950981,0,0,0,,,
12.888,odom,map,-1.29136,-0.569351,-0.0907645,0,0,0,,,
12.924,odom,map,-1.27686,-0.570639,-0.0863571,0,0,0,,,
12.96,odom,map,-1.26229,-0.571869,-0.0819797,0,0,0,,,
12.996,odom,map,-1.2476,-0.573042,-0.0774494,0,0,0,,,
13.032,odom,map,-1.2329,-0.574147,-0.0725287,0,0,0,,,
12.996,ekf_predict_only,map,-1.2448,-0.560699,-0.0684024,1.75216,2.00888,0.0233849,,,
12.996,kf,map,-1.29268,-0.556404,-0.0813141,0.0368554,0.0368554,0,0.066834,,
12.996,ekf,map,-1.29282,-0.556396,-0.0816039,0.0386418,0.0386673,2.8652e-06,0.066042,,
12.996,pf,map,-1.29312,-0.582939,-0.0925933,0.0351347,0.0341156,-0.00110596,13.6225,312.971,0
13.068,odom,map,-1.21811,-0.575184,-0.0675357,0,0,0,,,
13.104,odom,map,-1.20319,-0.576156,-0.0625725,0,0,0,,,
13.14,odom,map,-1.18825,-0.577054,-0.0574266,0,0,0,,,
13.176,odom,map,-1.17331,-0.577874,-0.0522781,0,0,0,,,
13.212,odom,map,-1.15841,-0.578615,-0.0470748,0,0,0,,,
13.212,ekf_predict_only,map,-1.15553,-0.566815,-0.0368791,1.85267,2.19128,0.0299905,,,
13.212,ekf,map,-1.20394,-0.562529,-0.0518602,0.0391005,0.0391353,3.67137e-06,0.061,,
13.212,kf,map,-1.20388,-0.562579,-0.05169,0.0369466,0.0369466,0,0.0625,,
13.212,pf,map,-1.19679,-0.598157,-0.0797057,0.037773,0.038154,-0.000327898,4.74529,313.151,0
13.248,odom,map,-1.14351,-0.579278,-0.041821,0,0,0,,,
13.284,odom,map,-1.12855,-0.579864,-0.0365484,0,0,0,,,
13.32,odom,map,-1.11367,-0.580369,-0.0311921,0,0,0,,,
13.356,odom,map,-1.09902,-0.580787,-0.0257688,0,0,0,,,
13.392,odom,map,-1.0844,-0.581124,-0.0203421,0,0,0,,,
13.428,odom,map,-1.07043,-0.5805,-0.0146894,0,0,0,,,
13.392,ekf_predict_only,map,-1.0831,-0.569487,-0.0145991,1.95292,2.36858,0.0347679,,,
13.392,kf,map,-1.13041,-0.565416,-0.0266225,0.036855,0.036855,0,0.062375,,
13.392,ekf,map,-1.13037,-0.565346,-0.0265234,0.0386429,0.0386735,2.84833e-06,0.156167,,
13.392,pf,map,-1.14025,-0.584634,-0.0556607,0.032886,0.0341198,-0.000225197,7.00992,311.296,0
13.401,amcl,map,-1.10216,-0.556647,-0.0212172,0.118917,0.162041,-0.0202684,,,
13.464,odom,map,-1.05695,-0.579444,-0.00957603,0,0,0,,,
13.5,odom,map,-1.04369,-0.578304,-0.00473952,0,0,0,,,
13.536,odom,map,-1.03048,-0.577084,-2.50588e-06,0,0,0,,,
13.572,odom,map,-1.01741,-0.575786,0.00456878,0,0,0,,,
13.608,odom,map,-1.00449,-0.574704,0.00823948,0,0,0,,,
13.608,ekf_predict_only,map,-1.00201,-0.570671,0.00264036,2.05304,2.56692,0.0393843,,,
13.608,ekf,map,-1.04647,-0.566436,-0.00357305,0.0391166,0.0391544,2.88528e-06,0.120417,,
13.608,kf,map,-1.04664,-0.566546,-0.0039183,0.0369466,0.0369466,0,0.059125,,
13.608,pf,map,-1.04273,-0.577959,-0.018433,0.0363009,0.0351978,0.000803402,13.8512,314.913,0
13.644,odom,map,-0.991066,-0.574575,0.0109625,0,0,0,,,
13.68,odom,map,-0.977654,-0.57441,0.0136554,0,0,0,,,
13.716,odom,map,-0.964359,-0.574209,0.016614,0,0,0,,,
13.752,odom,map,-0.951157,-0.573968,0.0203797,0,0,0,,,
13.788,odom,map,-0.937969,-0.573666,0.0254045,0,0,0,,,
13.788,ekf,map,-0.979521,-0.566055,0.0175691,0.0386545,0.0386851,1.83196e-06,0.060083,,
13.788,kf,map,-0.979622,-0.566082,0.0178554,0.036855,0.036855,0,0.056,,
13.824,odom,map,-0.924815,-0.573297,0.0308839,0,0,0,,,
13.788,ekf_predict_only,map,-0.936289,-0.570497,0.0319223,2.15302,2.75618,0.0424577,,,
13.788,pf,map,-0.979114,-0.596972,-0.0140632,0.0404878,0.0412825,0.00262993,16.4608,313.58,0
13.86,odom,map,-0.911717,-0.572853,0.0371059,0,0,0,,,
13.896,odom,map,-0.898807,-0.572325,0.0447606,0,0,0,,,
13.932,odom,map,-0.886046,-0.5717,0.0532049,0,0,0,,,
13.968,odom,map,-0.873302,-0.570967,0.0617436,0,0,0,,,
14.004,odom,map,-0.860587,-0.570122,0.0711185,0,0,0,,,
14.004,ekf_predict_only,map,-0.859883,-0.568057,0.0899499,2.25279,2.97133,0.0442229,,,
14.004,ekf,map,-0.902035,-0.563488,0.0640933,0.0391266,0.0391625,1.43821e-06,0.055041,,
14.004,kf,map,-0.902121,-0.563502,0.0648053,0.0369466,0.0369466,0,0.100792,,
14.004,pf,map,-0.907185,-0.579391,0.028818,0.0370729,0.0389157,-0.000256514,7.01675,306.986,0
14.04,odom,map,-0.847963,-0.569159,0.0815512,0,0,0,,,
14.076,odom,map,-0.835406,-0.568062,0.0927947,0,0,0,,,
14.112,odom,map,-0.822874,-0.566823,0.104226,0,0,0,,,
14.148,odom,map,-0.810475,-0.565454,0.115962,0,0,0,,,
14.184,odom,map,-0.798265,-0.563954,0.128748,0,0,0,,,
14.184,ekf_predict_only,map,-0.798649,-0.562535,0.155719,2.35232,3.17282,0.0422649,,,
14.184,ekf,map,-0.839658,-0.558036,0.121097,0.0386603,0.0386886,5.28324e-07,0.062125,,
14.184,kf,map,-0.839731,-0.558062,0.12169,0.036855,0.036855,0,0.105959,,
14.22,odom,map,-0.787758,-0.560727,0.141199,0,0,0,,,
14.184,pf,map,-0.830971,-0.586434,0.0914418,0.0400807,0.0403882,0.00197132,5.09833,304.791,0
14.202,amcl,map,-0.83916,-0.532221,0.134451,0.0977722,0.131814,-0.0125143,,,
14.256,odom,map,-0.778634,-0.556111,0.15342,0,0,0,,,
14.292,odom,map,-0.769798,-0.551399,0.166428,0,0,0,,,
14.328,odom,map,-0.761032,-0.546554,0.179834,0,0,0,,,
14.364,odom,map,-0.752426,-0.541588,0.193564,0,0,0,,,
14.4,odom,map,-0.743882,-0.536483,0.207318,0,0,0,,,
14.4,ekf_predict_only,map,-0.729819,-0.551729,0.249987,2.4516,3.39717,0.0348003,,,
14.4,ekf,map,-0.768641,-0.546879,0.206573,0.0391313,0.0391635,-3.91226e-07,0.058417,,
14.4,kf,map,-0.768769,-0.546991,0.207212,0.0369466,0.0369466,0,0.062583,,
14.4,pf,map,-0.782921,-0.567255,0.186236,0.0365186,0.0341895,-0.00203372,5.1615,302.398,0
14.436,odom,map,-0.732585,-0.533922,0.222814,0,0,0,,,
14.472,odom,map,-0.721478,-0.531314,0.23863,0,0,0,,,
14.508,odom,map,-0.710637,-0.528585,0.254733,0,0,0,,,
14.544,odom,map,-0.699899,-0.525695,0.271035,0,0,0,,,
14.58,odom,map,-0.689381,-0.52268,0.287463,0,0,0,,,
14.616,odom,map,-0.679293,-0.519607,0.304266,0,0,0,,,
14.616,ekf_predict_only,map,-0.669374,-0.536296,0.351861,2.55105,3.61569,0.0207343,,,
14.616,ekf,map,-0.704304,-0.53049,0.302699,0.0391928,0.0392219,-1.42268e-06,0.063041,,
14.616,kf,map,-0.704532,-0.530695,0.303188,0.0369528,0.0369528,0,2.14754,,
14.616,pf,map,-0.688371,-0.571842,0.291975,0.0314132,0.0359395,0.000646965,5.20129,297.255,0
14.652,odom,map,-0.669558,-0.516459,0.321309,0,0,0,,,
14.688,odom,map,-0.660086,-0.513216,0.338482,0,0,0,,,
14.724,odom,map,-0.650708,-0.509824,0.355687,0,0,0,,,
14.76,odom,map,-0.641611,-0.506356,0.373094,0,0,0,,,
14.796,odom,map,-0.632904,-0.502859,0.390795,0,0,0,,,
14.832,odom,map,-0.624586,-0.499345,0.408709,0,0,0,,,
14.796,ekf_predict_only,map,-0.627416,-0.520891,0.441539,2.6511,3.80329,0.00458706,,,
14.796,kf,map,-0.658255,-0.514049,0.389011,0.0368554,0.0368554,0,0.108167,,
14.796,ekf,map,-0.658023,-0.513857,0.388716,0.0386466,0.038667,-1.86333e-06,0.173166,,
14.796,pf,map,-0.652443,-0.551476,0.379572,0.0356628,0.0366186,-0.000374334,7.99071,320.647,0
14.802,amcl,map,-0.683338,-0.490253,0.400437,0.0766925,0.0986905,-0.00683008,,,
14.868,odom,map,-0.616415,-0.495719,0.426644,0,0,0,,,
14.904,odom,map,-0.608569,-0.492068,0.444801,0,0,0,,,
14.94,odom,map,-0.601113,-0.488431,0.463146,0,0,0,,,
14.976,odom,map,-0.594178,-0.484888,0.481529,0,0,0,,,
15.012,odom,map,-0.589021,-0.48034,0.500238,0,0,0,,,
15.012,ekf_predict_only,map,-0.585436,-0.501049,0.551757,2.75207,3.9955,-0.0182316,,,
15.012,kf,map,-0.612376,-0.492714,0.497389,0.0369466,0.0369466,0,0.055792,,
15.012,ekf,map,-0.612152,-0.49246,0.497221,0.0391047,0.0391249,-2.97184e-06,0.059791,,
15.012,pf,map,-0.59727,-0.522039,0.473913,0.0386081,0.0338266,0.00265514,6.73021,300.81,0
15.048,odom,map,-0.588045,-0.473785,0.519899,0,0,0,,,
15.084,odom,map,-0.587557,-0.467336,0.539845,0,0,0,,,
15.12,odom,map,-0.587357,-0.460893,0.559775,0,0,0,,,
15.156,odom,map,-0.587528,-0.454519,0.579601,0,0,0,,,
15.192,odom,map,-0.587941,-0.448149,0.599462,0,0,0,,,
15.228,odom,map,-0.58477,-0.444045,0.618557,0,0,0,,,
15.192,ekf_predict_only,map,-0.561542,-0.486341,0.645721,2.85347,4.15009,-0.0361708,,,
15.192,ekf,map,-0.583852,-0.475318,0.590593,0.0386456,0.0386588,-2.56158e-06,0.1235,,
15.192,kf,map,-0.584081,-0.475558,0.590663,0.036855,0.036855,0,0.062541,,
15.201,amcl,map,-0.599646,-0.451728,0.585679,0.05302,0.0599096,-0.00602544,,,
15.192,pf,map,-0.581878,-0.503177,0.572087,0.0355579,0.037741,0.000825967,12.0481,297.659,0
15.264,odom,map,-0.580351,-0.440837,0.637478,0,0,0,,,
15.3,odom,map,-0.576009,-0.437557,0.65641,0,0,0,,,
15.336,odom,map,-0.571959,-0.434377,0.675242,0,0,0,,,
15.372,odom,map,-0.568144,-0.431263,0.694092,0,0,0,,,
15.408,odom,map,-0.564744,-0.428379,0.713025,0,0,0,,,
15.408,ekf_predict_only,map,-0.540571,-0.47054,0.759358,2.95565,4.29931,-0.05616,,,
15.408,kf,map,-0.559031,-0.456922,0.703836,0.0369466,0.0369466,0,0.054875,,
15.408,ekf,map,-0.558791,-0.456634,0.703795,0.0391192,0.0391308,-2.88067e-06,0.610333,,
15.408,pf,map,-0.557198,-0.496722,0.699375,0.0379134,0.0383651,0.00346195,4.71833,306.885,0
15.444,odom,map,-0.561461,-0.425485,0.731965,0,0,0,,,
15.48,odom,map,-0.558421,-0.422703,0.750881,0,0,0,,,
15.516,odom,map,-0.555721,-0.420136,0.769645,0,0,0,,,
15.552,odom,map,-0.553318,-0.417764,0.788389,0,0,0,,,
15.588,odom,map,-0.550996,-0.415384,0.807134,0,0,0,,,
15.588,ekf_predict_only,map,-0.529554,-0.460083,0.85255,3.05749,4.42568,-0.0696409,,,
15.588,kf,map,-0.54492,-0.443809,0.797583,0.036855,0.036855,0,0.060833,,
15.624,odom,map,-0.551342,-0.413609,0.825834,0,0,0,,,
15.588,ekf,map,-0.544742,-0.443582,0.797601,0.0386562,0.0386631,-2.01678e-06,0.056083,,
15.6,amcl,map,-0.554545,-0.436594,0.773291,0.0384552,0.0465239,0.00018678,,,
15.588,pf,map,-0.553152,-0.489883,0.802224,0.0381755,0.0409778,-0.00188754,11.4843,325.484,0
15.66,odom,map,-0.553289,-0.412251,0.844531,0,0,0,,,
15.696,odom,map,-0.555442,-0.411049,0.86307,0,0,0,,,
15.732,odom,map,-0.557781,-0.409992,0.881443,0,0,0,,,
15.768,odom,map,-0.560238,-0.409014,0.899677,0,0,0,,,
15.804,odom,map,-0.562622,-0.408109,0.917646,0,0,0,,,
15.804,ekf_predict_only,map,-0.522393,-0.45189,0.958506,3.15915,4.54301,-0.0802842,,,
15.804,kf,map,-0.534912,-0.432559,0.90671,0.0369466,0.0369466,0,0.06075,,
15.804,ekf,map,-0.534733,-0.432303,0.906901,0.0391281,0.0391338,-1.86501e-06,0.057333,,
15.804,pf,map,-0.526156,-0.457842,0.886703,0.0368197,0.037943,-0.00198003,4.92696,289.499,0
15.84,odom,map,-0.561496,-0.40661,0.935356,0,0,0,,,
15.876,odom,map,-0.560432,-0.405141,0.953016,0,0,0,,,
15.912,odom,map,-0.559533,-0.403853,0.970338,0,0,0,,,
15.948,odom,map,-0.558818,-0.40279,0.987407,0,0,0,,,
15.984,odom,map,-0.558197,-0.401832,1.00443,0,0,0,,,
15.984,ekf_predict_only,map,-0.519222,-0.447374,1.04363,3.26016,4.65073,-0.0861377,,,
15.984,ekf,map,-0.529974,-0.425749,0.994028,0.0386612,0.0386644,-1.1421e-06,0.060125,,
16.02,odom,map,-0.556489,-0.401103,1.01954,0,0,0,,,
15.984,kf,map,-0.530083,-0.42592,0.993884,0.036855,0.036855,0,0.06325,,
15.984,pf,map,-0.527628,-0.463837,0.976505,0.0366881,0.034659,0.000522221,5.90892,320.328,0
16.056,odom,map,-0.554026,-0.400732,1.03267,0,0,0,,,
16.092,odom,map,-0.55167,-0.400498,1.04536,0,0,0,,,
16.128,odom,map,-0.549384,-0.400342,1.05776,0,0,0,,,
16.164,odom,map,-0.547136,-0.400212,1.07008,0,0,0,,,
16.2,odom,map,-0.544983,-0.400218,1.08194,0,0,0,,,
16.2,kf,map,-0.527953,-0.422377,1.08928,0.0369466,0.0369466,0,0.06425,,
16.2,ekf_predict_only,map,-0.518769,-0.446595,1.13336,3.36034,4.75184,-0.0871411,,,
16.2,ekf,map,-0.527833,-0.422175,1.08965,0.039132,0.0391345,-9.40433e-07,0.057875,,
16.2,amcl,map,-0.537259,-0.417555,1.05377,0.0240232,0.0332064,-0.00018948,,,
16.2,pf,map,-0.526745,-0.44673,1.08002,0.0379168,0.0362876,0.000419793,8.27071,291.289,0
16.236,odom,map,-0.544842,-0.400062,1.09683,0,0,0,,,
16.272,odom,map,-0.544848,-0.400073,1.11191,0,0,0,,,
16.308,odom,map,-0.544883,-0.400146,1.12703,0,0,0,,,
16.344,odom,map,-0.545002,-0.400402,1.1417,0,0,0,,,
16.38,odom,map,-0.5452,-0.400844,1.1559,0,0,0,,,
16.416,odom,map,-0.544904,-0.402497,1.16846,0,0,0,,,
16.416,ekf_predict_only,map,-0.520148,-0.449545,1.21773,3.45967,4.84847,-0.0833853,,,
16.416,ekf,map,-0.528171,-0.423062,1.17824,0.0391931,0.0391948,-6.38913e-07,0.056375,,
16.416,kf,map,-0.52827,-0.423229,1.1779,0.0369528,0.0369528,0,0.066917,,
16.416,pf,map,-0.513353,-0.447638,1.16524,0.0430473,0.0354776,-0.00252901,8.5915,301.324,0
16.452,odom,map,-0.543878,-0.406115,1.17853,0,0,0,,,
16.488,odom,map,-0.542769,-0.409483,1.18793,0,0,0,,,
16.524,odom,map,-0.541518,-0.412454,1.19485,0,0,0,,,
16.56,odom,map,-0.54029,-0.415426,1.19917,0,0,0,,,
16.596,odom,map,-0.539084,-0.418399,1.2009,0,0,0,,,
16.632,odom,map,-0.538951,-0.418729,1.20348,0,0,0,,,
16.596,ekf_predict_only,map,-0.520148,-0.449545,1.21773,3.55967,4.94847,-0.0833853,,,
16.596,ekf,map,-0.528243,-0.423451,1.21916,0.0386465,0.0386475,-3.51765e-07,0.053833,,
16.596,kf,map,-0.528269,-0.423473,1.21717,0.0368554,0.0368554,0,0.060208,,
16.596,pf,map,-0.514762,-0.447119,1.21119,0.0358542,0.0372856,-0.00221233,6.88004,309.457,0
16.668,odom,map,-0.538951,-0.418729,1.20405,0,0,0,,,
16.704,odom,map,-0.538951,-0.418729,1.20405,0,0,0,,,
16.74,odom,map,-0.538951,-0.418729,1.20405,0,0,0,,,
16.776,odom,map,-0.538951,-0.418729,1.20405,0,0,0,,,
16.812,odom,map,-0.538951,-0.418729,1.20405,0,0,0,,,
16.812,ekf_predict_only,map,-0.520148,-0.449545,1.21773,3.65967,5.04847,-0.0833853,,,
16.812,kf,map,-0.528269,-0.423537,1.23016,0.0369466,0.0369466,0,0.065625,,
16.812,ekf,map,-0.528263,-0.423537,1.23135,0.0391041,0.0391048,-2.77188e-07,0.055333,,
16.812,pf,map,-0.516325,-0.454701,1.22877,0.0372398,0.0366563,0.00248387,5.84346,324.193,0
16.848,odom,map,-0.538951,-0.418729,1.20405,0,0,0,,,
16.884,odom,map,-0.538951,-0.418729,1.20405,0,0,0,,,
16.92,odom,map,-0.538951,-0.418729,1.20405,0,0,0,,,
16.956,odom,map,-0.538951,-0.418729,1.20405,0,0,0,,,
16.992,odom,map,-0.538951,-0.418729,1.20405,0,0,0,,,
16.992,ekf_predict_only,map,-0.520148,-0.449545,1.21773,3.75967,5.14847,-0.0833853,,,
16.992,ekf,map,-0.528267,-0.423555,1.23398,0.0386449,0.0386453,-1.57355e-07,0.145875,,
16.992,kf,map,-0.528269,-0.423554,1.23355,0.036855,0.036855,0,0.0555,,
17.028,odom,map,-0.538853,-0.418855,1.20315,0,0,0,,,
16.992,pf,map,-0.509841,-0.454298,1.22014,0.0332805,0.0401927,3.37737e-05,6.01604,304.814,0
17.064,odom,map,-0.538719,-0.419029,1.20191,0,0,0,,,
17.1,odom,map,-0.538588,-0.419204,1.20068,0,0,0,,,
17.136,odom,map,-0.538459,-0.419378,1.19944,0,0,0,,,
17.172,odom,map,-0.53824,-0.419318,1.19833,0,0,0,,,
17.208,odom,map,-0.53761,-0.418096,1.19737,0,0,0,,,
17.208,kf,map,-0.526631,-0.418883,1.23451,0.0369466,0.0369466,0,0.060583,,
17.208,ekf,map,-0.526811,-0.419392,1.23466,0.0391183,0.0391185,-1.68323e-07,0.060166,,
17.208,ekf_predict_only,map,-0.51526,-0.43628,1.21762,3.86295,5.26044,-0.100221,,,
17.208,pf,map,-0.529356,-0.441091,1.2283,0.0358834,0.0360215,-0.000953953,4.59517,304.892,0
17.244,odom,map,-0.536759,-0.415924,1.19735,0,0,0,,,
17.28,odom,map,-0.535808,-0.413496,1.19748,0,0,0,,,
17.316,odom,map,-0.534483,-0.410111,1.19783,0,0,0,,,
17.352,odom,map,-0.533048,-0.406442,1.19871,0,0,0,,,
17.388,odom,map,-0.531645,-0.402833,1.20117,0,0,0,,,
17.424,odom,map,-0.530264,-0.399253,1.20402,0,0,0,,,
17.388,kf,map,-0.521786,-0.404972,1.24133,0.036855,0.036855,0,0.096333,,
17.388,ekf_predict_only,map,-0.508625,-0.418281,1.23185,3.96848,5.37682,-0.123459,,,
17.388,ekf,map,-0.52189,-0.405296,1.241,0.0386558,0.0386556,-2.30049e-07,0.416542,,
17.388,pf,map,-0.514727,-0.430533,1.22083,0.0410554,0.0343148,-0.0014514,8.51242,315.998,0
17.46,odom,map,-0.528862,-0.395587,1.20745,0,0,0,,,
17.496,odom,map,-0.527452,-0.391854,1.2119,0,0,0,,,
17.532,odom,map,-0.526055,-0.3881,1.21751,0,0,0,,,
17.568,odom,map,-0.52468,-0.384337,1.22334,0,0,0,,,
17.604,odom,map,-0.523338,-0.380595,1.22973,0,0,0,,,
17.604,ekf_predict_only,map,-0.500539,-0.395345,1.28071,4.07735,5.49701,-0.153665,,,
17.604,ekf,map,-0.514639,-0.383587,1.27216,0.0391284,0.0391275,-4.69727e-07,0.079666,,
17.604,kf,map,-0.514605,-0.38342,1.27323,0.0369466,0.0369466,0,0.065958,,
17.604,pf,map,-0.506755,-0.412935,1.24664,0.0399461,0.0371126,0.00119471,4.88812,300.937,0
17.64,odom,map,-0.522006,-0.376799,1.23728,0,0,0,,,
17.676,odom,map,-0.520652,-0.372836,1.24614,0,0,0,,,
17.712,odom,map,-0.519324,-0.368829,1.25536,0,0,0,,,
17.748,odom,map,-0.517996,-0.364694,1.26499,0,0,0,,,
17.784,odom,map,-0.516667,-0.360407,1.27534,0,0,0,,,
17.82,odom,map,-0.515334,-0.355938,1.28633,0,0,0,,,
17.784,ekf,map,-0.508602,-0.36284,1.31631,0.0386622,0.0386609,-5.48971e-07,0.065625,,
17.784,kf,map,-0.508569,-0.36268,1.31714,0.036855,0.036855,0,0.057458,,
17.784,ekf_predict_only,map,-0.493636,-0.37222,1.33666,4.18842,5.61446,-0.184541,,,
17.802,amcl,map,-0.505201,-0.375367,1.27117,0.0184726,0.0270642,0.00113813,,,
17.784,pf,map,-0.514192,-0.394573,1.29412,0.0414596,0.0375208,0.00253032,6.94167,297.633,0
17.856,odom,map,-0.514005,-0.351297,1.29752,0,0,0,,,
17.892,odom,map,-0.512674,-0.346441,1.30906,0,0,0,,,
17.928,odom,map,-0.511309,-0.341219,1.32109,0,0,0,,,
17.964,odom,map,-0.509949,-0.335746,1.33331,0,0,0,,,
18,odom,map,-0.508625,-0.330126,1.34558,0,0,0,,,
18,ekf,map,-0.501406,-0.331596,1.38504,0.0391346,0.0391318,-9.63376e-07,0.062084,,
18,kf,map,-0.501298,-0.331275,1.38565,0.0369466,0.0369466,0,0.070417,,
18,ekf_predict_only,map,-0.484972,-0.335897,1.41238,4.31023,5.73664,-0.233625,,,
18,pf,map,-0.50084,-0.3642,1.36042,0.0404321,0.0355441,-0.0024782,5.98637,297.052,0
18.036,odom,map,-0.507297,-0.324157,1.35811,0,0,0,,,
18.072,odom,map,-0.505978,-0.317848,1.37087,0,0,0,,,
18.108,odom,map,-0.504703,-0.311345,1.38369,0,0,0,,,
18.144,odom,map,-0.503454,-0.304503,1.39673,0,0,0,,,
18.18,odom,map,-0.502227,-0.297244,1.40959,0,0,0,,,
18.216,odom,map,-0.501045,-0.289668,1.42249,0,0,0,,,
18.216,ekf_predict_only,map,-0.477618,-0.289861,1.49013,4.44582,5.8557,-0.296152,,,
18.216,ekf,map,-0.495287,-0.290842,1.46061,0.0391977,0.0391931,-1.27536e-06,0.112417,,
18.216,kf,map,-0.49513,-0.290466,1.46089,0.0369528,0.0369528,0,0.1255,,
18.216,pf,map,-0.484857,-0.331385,1.44002,0.0397987,0.0358652,-0.000700955,4.58038,276.333,0
18.252,odom,map,-0.499947,-0.281976,1.43544,0,0,0,,,
18.288,odom,map,-0.498922,-0.274066,1.44817,0,0,0,,,
18.324,odom,map,-0.497935,-0.265625,1.46063,0,0,0,,,
18.36,odom,map,-0.497044,-0.257078,1.47308,0,0,0,,,
18.396,odom,map,-0.496242,-0.24834,1.48529,0,0,0,,,
18.432,odom,map,-0.495511,-0.239159,1.49708,0,0,0,,,
18.396,ekf_predict_only,map,-0.473828,-0.242978,1.54839,4.59142,5.96562,-0.359336,,,
18.396,ekf,map,-0.492149,-0.249242,1.52192,0.0386525,0.0386466,-1.21122e-06,0.1095,,
18.396,kf,map,-0.492006,-0.248906,1.52185,0.0368554,0.0368554,0,0.097166,,
18.402,amcl,map,-0.482356,-0.275144,1.45472,0.0155679,0.020389,0.00198052,,,
18.396,pf,map,-0.492739,-0.290014,1.49774,0.0401503,0.0356104,0.000848989,9.57658,305.854,0
18.468,odom,map,-0.494856,-0.229529,1.50852,0,0,0,,,
18.504,odom,map,-0.494302,-0.219757,1.51988,0,0,0,,,
18.54,odom,map,-0.493852,-0.209809,1.53112,0,0,0,,,
18.576,odom,map,-0.493502,-0.19955,1.5421,0,0,0,,,
18.612,odom,map,-0.492573,-0.189999,1.55226,0,0,0,,,
18.612,ekf,map,-0.491354,-0.190259,1.58935,0.0391153,0.0391042,-1.50082e-06,0.151208,,
18.612,kf,map,-0.491175,-0.189948,1.58914,0.0369466,0.0369466,0,0.166958,,
18.612,ekf_predict_only,map,-0.472413,-0.179867,1.6124,4.76807,6.06934,-0.443125,,,
18.612,pf,map,-0.471183,-0.19917,1.56894,0.038565,0.0338959,0.000174573,4.67325,295.743,0
18.648,odom,map,-0.49018,-0.182598,1.5612,0,0,0,,,
18.684,odom,map,-0.487867,-0.175098,1.57002,0,0,0,,,
18.72,odom,map,-0.485631,-0.167226,1.57829,0,0,0,,,
18.756,odom,map,-0.483472,-0.159203,1.58629,0,0,0,,,
18.792,odom,map,-0.481389,-0.151037,1.59409,0,0,0,,,
18.792,ekf_predict_only,map,-0.474766,-0.123349,1.65994,4.95188,6.16316,-0.515587,,,
18.792,ekf,map,-0.494014,-0.136163,1.63991,0.0386571,0.038645,-9.69683e-07,0.063542,,
18.828,odom,map,-0.481059,-0.140595,1.60312,0,0,0,,,
18.792,kf,map,-0.493877,-0.135967,1.63971,0.036855,0.036855,0,0.063333,,
18.792,pf,map,-0.474609,-0.151114,1.62134,0.0405065,0.0339324,-0.0022252,5.17275,310.684,0
18.864,odom,map,-0.481485,-0.129116,1.61251,0,0,0,,,
18.9,odom,map,-0.482031,-0.11733,1.62162,0,0,0,,,
18.936,odom,map,-0.482687,-0.105493,1.63068,0,0,0,,,
18.972,odom,map,-0.483457,-0.0935425,1.6395,0,0,0,,,
19.008,odom,map,-0.48434,-0.0814552,1.64785,0,0,0,,,
19.008,kf,map,-0.500732,-0.0657948,1.69348,0.0369466,0.0369466,0,0.0615,,
19.008,ekf,map,-0.500897,-0.0659871,1.69379,0.039137,0.0391183,-4.47726e-07,0.054542,,
19.008,ekf_predict_only,map,-0.481253,-0.0507733,1.70933,5.18103,6.24626,-0.604363,,,
19.008,pf,map,-0.484793,-0.0903494,1.67247,0.0386709,0.0345071,0.000800705,5.43017,307.256,0
19.044,odom,map,-0.485333,-0.0692411,1.65582,0,0,0,,,
19.08,odom,map,-0.486427,-0.0569658,1.66352,0,0,0,,,
19.116,odom,map,-0.487615,-0.0446866,1.67097,0,0,0,,,
19.152,odom,map,-0.488885,-0.0324953,1.6779,0,0,0,,,
19.188,odom,map,-0.490244,-0.0202168,1.68406,0,0,0,,,
19.188,kf,map,-0.509695,-0.00528433,1.7291,0.036855,0.036855,0,0.064541,,
19.224,odom,map,-0.490764,-0.00904896,1.68737,0,0,0,,,
19.188,ekf_predict_only,map,-0.48987,0.0110346,1.73894,5.41048,6.32411,-0.674763,,,
19.188,ekf,map,-0.50983,-0.00540152,1.72947,0.0386735,0.0386555,4.05829e-07,0.058542,,
19.2,amcl,map,-0.46617,-0.0450221,1.65844,0.0174322,0.0247369,0.00143,,,
19.188,pf,map,-0.474982,-0.0218172,1.69793,0.0383122,0.0346597,-0.00361487,8.36308,293.549,0
19.26,odom,map,-0.490777,0.00148862,1.68894,0,0,0,,,
19.296,odom,map,-0.490774,0.0119703,1.6898,0,0,0,,,
19.332,odom,map,-0.49074,0.0223409,1.69017,0,0,0,,,
19.368,odom,map,-0.490689,0.0327237,1.69126,0,0,0,,,
19.404,odom,map,-0.490721,0.0432174,1.69338,0,0,0,,,
19.404,ekf_predict_only,map,-0.502331,0.0844454,1.77487,5.68802,6.39272,-0.752172,,,
19.404,ekf,map,-0.522921,0.0678492,1.76387,0.0391519,0.0391275,1.67553e-06,0.059,,
19.404,kf,map,-0.522812,0.0678951,1.76386,0.0369466,0.0369466,0,0.067458,,
19.404,pf,map,-0.502931,0.0266922,1.74542,0.039686,0.0382866,-0.00242471,6.28975,298.596,0
19.44,odom,map,-0.492273,0.0555044,1.69962,0,0,0,,,
19.476,odom,map,-0.493897,0.0677259,1.70638,0,0,0,,,
19.512,odom,map,-0.495604,0.0799052,1.71359,0,0,0,,,
19.548,odom,map,-0.497409,0.0921366,1.7212,0,0,0,,,
19.584,odom,map,-0.499301,0.10429,1.72939,0,0,0,,,
19.584,ekf,map,-0.53576,0.128037,1.8018,0.0386821,0.038661,2.21121e-06,0.060541,,
19.62,odom,map,-0.501285,0.116353,1.7384,0,0,0,,,
19.584,kf,map,-0.535712,0.128033,1.80217,0.036855,0.036855,0,0.101417,,
19.584,ekf_predict_only,map,-0.514715,0.14428,1.82082,5.9522,6.46227,-0.80874,,,
19.584,pf,map,-0.527942,0.0974217,1.77184,0.0399725,0.0346887,-0.00122953,5.65633,301.978,0
19.656,odom,map,-0.503379,0.128384,1.74793,0,0,0,,,
19.692,odom,map,-0.505588,0.140391,1.75762,0,0,0,,,
19.728,odom,map,-0.507892,0.152262,1.76768,0,0,0,,,
19.764,odom,map,-0.510288,0.163941,1.7787,0,0,0,,,
19.8,odom,map,-0.512793,0.175489,1.79022,0,0,0,,,
19.8,ekf_predict_only,map,-0.532161,0.212601,1.891,6.26154,6.52067,-0.863457,,,
19.8,ekf,map,-0.553953,0.197858,1.86283,0.0391579,0.0391322,3.71283e-06,0.054125,,
19.8,kf,map,-0.553872,0.19778,1.86343,0.0369466,0.0369466,0,0.057208,,
19.8,pf,map,-0.518886,0.165311,1.82702,0.0420881,0.0369065,0.000237118,6.06046,302.73,0
19.836,odom,map,-0.515418,0.186944,1.80192,0,0,0,,,
19.872,odom,map,-0.518144,0.198223,1.81419,0,0,0,,,
19.908,odom,map,-0.520962,0.209269,1.82724,0,0,0,,,
19.944,odom,map,-0.523888,0.220129,1.84092,0,0,0,,,
19.98,odom,map,-0.526956,0.230916,1.85486,0,0,0,,,
20.016,odom,map,-0.528829,0.240219,1.86883,0,0,0,,,
20.016,ekf_predict_only,map,-0.552741,0.274658,1.97828,6.57226,6.5736,-0.899489,,,
20.016,ekf,map,-0.575645,0.2623,1.94158,0.0392183,0.0391937,4.50244e-06,0.055667,,
20.016,kf,map,-0.575503,0.262162,1.94222,0.0369528,0.0369528,0,0.055959,,
20.001,amcl,map,-0.494405,0.202962,1.84388,0.0201711,0.0305773,0.000767711,,,
20.016,pf,map,-0.546581,0.238699,1.90734,0.0358591,0.0379168,0.00165055,7.94579,325.949,0
20.052,odom,map,-0.528733,0.247233,1.88287,0,0,0,,,
20.088,odom,map,-0.528734,0.254076,1.8973,0,0,0,,,
20.124,odom,map,-0.52881,0.260692,1.91198,0,0,0,,,
20.16,odom,map,-0.528935,0.26701,1.92705,0,0,0,,,
20.196,odom,map,-0.529059,0.272905,1.94281,0,0,0,,,
20.232,odom,map,-0.532246,0.28145,1.95964,0,0,0,,,
20.196,ekf_predict_only,map,-0.571653,0.318474,2.06324,6.83305,6.63228,-0.912651,,,
20.196,kf,map,-0.595835,0.309351,2.02003,0.0368554,0.0368554,0,0.066166,,
20.196,ekf,map,-0.595985,0.309526,2.01954,0.0386652,0.0386474,4.05902e-06,0.053875,,
20.196,pf,map,-0.58548,0.287778,2.0003,0.0389957,0.0378109,-0.00124269,7.39396,317.639,0
20.268,odom,map,-0.535939,0.29025,1.97663,0,0,0,,,
20.304,odom,map,-0.539724,0.298853,1.99416,0,0,0,,,
20.34,odom,map,-0.54356,0.307168,2.01206,0,0,0,,,
20.376,odom,map,-0.547446,0.315209,2.03005,0,0,0,,,
20.412,odom,map,-0.551425,0.323076,2.04807,0,0,0,,,
20.412,ekf,map,-0.622385,0.358621,2.12389,0.0391241,0.0391057,5.34453e-06,0.062792,,
20.412,kf,map,-0.622171,0.358488,2.12422,0.0369466,0.0369466,0,0.059209,,
20.412,ekf_predict_only,map,-0.596663,0.365088,2.17134,7.11527,6.68055,-0.91198,,,
20.412,pf,map,-0.62379,0.343447,2.10675,0.0393065,0.0400201,-0.001351,4.9275,317.417,0
20.448,odom,map,-0.555507,0.330799,2.06619,0,0,0,,,
20.484,odom,map,-0.559583,0.338181,2.08457,0,0,0,,,
20.52,odom,map,-0.563644,0.345226,2.10316,0,0,0,,,
20.556,odom,map,-0.567739,0.352029,2.12191,0,0,0,,,
20.592,odom,map,-0.571892,0.358648,2.14092,0,0,0,,,
20.592,ekf_predict_only,map,-0.617587,0.395637,2.26825,7.34103,6.73985,-0.898618,,,
20.592,ekf,map,-0.645376,0.392319,2.21686,0.038659,0.0386465,4.438e-06,0.063958,,
20.628,odom,map,-0.576015,0.364945,2.16026,0,0,0,,,
20.592,kf,map,-0.645167,0.392176,2.21713,0.036855,0.036855,0,0.067459,,
20.601,amcl,map,-0.560117,0.346191,2.14828,0.022527,0.0363601,0.00137951,,,
20.592,pf,map,-0.612973,0.369425,2.19971,0.0354968,0.0399681,-0.00269427,6.69483,322.645,0
20.664,odom,map,-0.5801,0.370927,2.17964,0,0,0,,,
20.7,odom,map,-0.584207,0.376698,2.19902,0,0,0,,,
20.736,odom,map,-0.58826,0.382167,2.21849,0,0,0,,,
20.772,odom,map,-0.592081,0.387117,2.23814,0,0,0,,,
20.808,odom,map,-0.59507,0.391172,2.25738,0,0,0,,,
20.808,kf,map,-0.671161,0.423262,2.33362,0.0369466,0.0369466,0,0.131709,,
20.808,ekf,map,-0.671467,0.423453,2.33342,0.0391318,0.0391204,5.02061e-06,0.593167,,
20.808,ekf_predict_only,map,-0.640473,0.422949,2.38724,7.55781,6.7981,-0.87461,,,
20.808,pf,map,-0.652638,0.402386,2.30949,0.0306809,0.041266,0.00173667,4.828,294.823,0
20.844,odom,map,-0.595419,0.392961,2.27468,0,0,0,,,
20.88,odom,map,-0.595824,0.394665,2.29199,0,0,0,,,
20.916,odom,map,-0.596117,0.396103,2.30945,0,0,0,,,
20.952,odom,map,-0.596166,0.397139,2.3269,0,0,0,,,
20.988,odom,map,-0.596075,0.397906,2.34432,0,0,0,,,
20.988,ekf_predict_only,map,-0.657344,0.438804,2.48745,7.7275,6.86919,-0.851113,,,
20.988,kf,map,-0.690891,0.442015,2.43303,0.036855,0.036855,0,0.1035,,
21.024,odom,map,-0.59812,0.400229,2.36341,0,0,0,,,
21,amcl,map,-0.630678,0.402147,2.40125,0.0251031,0.0302362,0.00152462,,,
20.988,ekf,map,-0.691142,0.442158,2.43295,0.0386641,0.0386572,3.61418e-06,0.210167,,
20.988,pf,map,-0.672822,0.412011,2.40577,0.038185,0.0380641,0.00104508,16.3974,315.104,0
21.06,odom,map,-0.601389,0.403387,2.38354,0,0,0,,,
21.096,odom,map,-0.604465,0.406242,2.40349,0,0,0,,,
21.132,odom,map,-0.607413,0.408871,2.42334,0,0,0,,,
21.168,odom,map,-0.610231,0.411286,2.44316,0,0,0,,,
21.204,odom,map,-0.612996,0.413561,2.46296,0,0,0,,,
21.204,kf,map,-0.710292,0.456982,2.5523,0.0369466,0.0369466,0,0.102625,,
21.204,ekf_predict_only,map,-0.67324,0.450992,2.60659,7.88205,6.94343,-0.825416,,,
21.204,ekf,map,-0.710595,0.457127,2.55229,0.0391349,0.0391293,3.50645e-06,0.059083,,
21.204,pf,map,-0.685749,0.420075,2.53559,0.0332425,0.0378174,0.00250269,5.80087,306.666,0
21.24,odom,map,-0.615704,0.415702,2.4828,0,0,0,,,
21.276,odom,map,-0.618113,0.41753,2.5024,0,0,0,,,
21.312,odom,map,-0.620389,0.419188,2.52181,0,0,0,,,
21.348,odom,map,-0.622597,0.420732,2.54111,0,0,0,,,
21.384,odom,map,-0.624613,0.422086,2.56031,0,0,0,,,
21.42,odom,map,-0.626875,0.423141,2.58094,0,0,0,,,
21.384,ekf_predict_only,map,-0.681086,0.455642,2.70099,8.00308,7.03126,-0.811278,,,
21.384,ekf,map,-0.722761,0.464454,2.64901,0.0386652,0.0386621,2.20817e-06,0.0695,,
21.384,kf,map,-0.722467,0.464312,2.6489,0.036855,0.036855,0,0.059042,,
21.402,amcl,map,-0.649405,0.423999,2.61451,0.026289,0.0288797,0.00343518,,,
21.384,pf,map,-0.714868,0.438632,2.63461,0.0303745,0.0362511,0.00154453,6.42129,312.698,0
21.456,odom,map,-0.629619,0.424122,2.60289,0,0,0,,,
21.492,odom,map,-0.632253,0.42497,2.62455,0,0,0,,,
21.528,odom,map,-0.634801,0.425709,2.6462,0,0,0,,,
21.564,odom,map,-0.637237,0.426333,2.66778,0,0,0,,,
21.6,odom,map,-0.639467,0.426803,2.68909,0,0,0,,,
21.6,ekf_predict_only,map,-0.686346,0.458122,2.80976,8.11436,7.1233,-0.801201,,,
21.6,ekf,map,-0.731552,0.468702,2.76063,0.0391352,0.0391328,1.8651e-06,0.721292,,
21.6,kf,map,-0.73127,0.468582,2.76044,0.0369466,0.0369466,0,0.055459,,
21.6,pf,map,-0.720853,0.454496,2.73594,0.0366956,0.0337468,-9.23279e-05,12.9567,313.221,0
21.636,odom,map,-0.640378,0.427218,2.70731,0,0,0,,,
21.672,odom,map,-0.641127,0.427558,2.72546,0,0,0,,,
21.708,odom,map,-0.641618,0.42777,2.74336,0,0,0,,,
21.744,odom,map,-0.641926,0.427897,2.76094,0,0,0,,,
21.78,odom,map,-0.642113,0.42797,2.77836,0,0,0,,,
21.816,ekf_predict_only,map,-0.686056,0.458022,2.91439,8.2139,7.22373,-0.801787,,,
21.816,odom,map,-0.644126,0.428149,2.79821,0,0,0,,,
21.801,amcl,map,-0.665522,0.430028,2.83001,0.0234874,0.0251153,0.00180675,,,
21.816,ekf,map,-0.734384,0.469766,2.86744,0.0391952,0.0391936,1.27647e-06,0.083333,,
21.816,kf,map,-0.734132,0.469668,2.86727,0.0369528,0.0369528,0,0.054083,,
21.816,pf,map,-0.715967,0.451351,2.85652,0.035349,0.0357742,-0.00244744,8.95979,307.729,0
21.852,odom,map,-0.649169,0.42853,2.82162,0,0,0,,,
21.888,odom,map,-0.654046,0.428815,2.84471,0,0,0,,,
21.924,odom,map,-0.658928,0.429065,2.86772,0,0,0,,,
21.96,odom,map,-0.66373,0.429261,2.89035,0,0,0,,,
21.996,odom,map,-0.668349,0.429384,2.91238,0,0,0,,,
22.032,odom,map,-0.667863,0.429173,2.92868,0,0,0,,,
21.996,ekf_predict_only,map,-0.680124,0.456651,2.99239,8.30767,7.33273,-0.814234,,,
21.996,ekf,map,-0.731747,0.469202,2.94993,0.0386477,0.0386469,7.10637e-07,0.057875,,
21.996,kf,map,-0.731533,0.469123,2.94968,0.0368554,0.0368554,0,1.00629,,
21.996,pf,map,-0.723011,0.435737,2.94142,0.0361301,0.0350601,-0.00250964,6.31208,310.651,0
22.068,odom,map,-0.666671,0.428925,2.94428,0,0,0,,,
22.104,odom,map,-0.665873,0.42877,2.95907,0,0,0,,,
22.14,odom,map,-0.665859,0.428768,2.97132,0,0,0,,,
22.176,odom,map,-0.665859,0.428768,2.98098,0,0,0,,,
22.212,ekf_predict_only,map,-0.680124,0.456651,2.99239,8.40767,7.43273,-0.814234,,,
22.212,odom,map,-0.665202,0.428706,2.9877,0,0,0,,,
22.212,kf,map,-0.730086,0.469022,3.00625,0.0369466,0.0369466,0,0.069333,,
22.212,ekf,map,-0.730043,0.469043,3.00961,0.039105,0.0391044,5.64566e-07,0.058042,,
22.212,pf,map,-0.743437,0.43499,3.00755,0.0381442,0.0352472,0.000126218,5.60954,307.016,0
22.248,odom,map,-0.663051,0.428504,2.99102,0,0,0,,,
22.284,odom,map,-0.660902,0.428301,2.99174,0,0,0,,,
22.32,odom,map,-0.658755,0.428096,2.99066,0,0,0,,,
22.356,odom,map,-0.65661,0.42789,2.9895,0,0,0,,,
22.392,odom,map,-0.654466,0.427683,2.98834,0,0,0,,,
22.428,odom,map,-0.653871,0.427626,2.98802,0,0,0,,,
22.392,ekf_predict_only,map,-0.680124,0.456651,2.99239,8.50767,7.53273,-0.814234,,,
22.392,ekf,map,-0.729681,0.469,3.02742,0.0386454,0.0386451,3.21408e-07,0.063458,,
22.392,kf,map,-0.72971,0.468996,3.02572,0.036855,0.036855,0,0.062416,,
22.392,pf,map,-0.725086,0.442045,3.00787,0.0349462,0.0377785,-0.00148526,6.21492,310.561,0
22.464,odom,map,-0.653871,0.427626,2.98802,0,0,0,,,
22.5,odom,map,-0.653871,0.427626,2.98802,0,0,0,,,
22.536,odom,map,-0.653871,0.427626,2.98802,0,0,0,,,
22.572,odom,map,-0.653871,0.427626,2.98802,0,0,0,,,
22.608,odom,map,-0.654105,0.427674,2.98857,0,0,0,,,
22.608,ekf_predict_only,map,-0.680124,0.456651,2.99239,8.60767,7.63273,-0.814234,,,
22.608,ekf,map,-0.729598,0.468989,3.03152,0.0391186,0.0391183,2.55471e-07,0.058541,,
22.608,kf,map,-0.72961,0.468989,3.03085,0.0369466,0.0369466,0,0.060333,,
22.608,pf,map,-0.703431,0.457247,3.01732,0.0390288,0.0377945,0.000494842,4.66908,292.304,0
22.644,odom,map,-0.655166,0.427886,2.99106,0,0,0,,,
22.68,odom,map,-0.656234,0.428093,2.99354,0,0,0,,,
22.716,odom,map,-0.65731,0.428294,2.99602,0,0,0,,,
22.752,odom,map,-0.658395,0.42849,2.99851,0,0,0,,,
22.788,odom,map,-0.659488,0.42868,3.00099,0,0,0,,,
22.788,ekf,map,-0.72958,0.468987,3.0324,0.0386556,0.0386554,1.45164e-07,1.12975,,
22.788,kf,map,-0.729584,0.468987,3.03218,0.036855,0.036855,0,0.060791,,
22.824,odom,map,-0.659884,0.428747,3.00189,0,0,0,,,
22.788,ekf_predict_only,map,-0.680124,0.456651,2.99239,8.70767,7.73273,-0.814234,,,
22.788,pf,map,-0.718502,0.449661,3.01597,0.0372841,0.034589,-0.000387897,4.64579,310.125,0
22.86,odom,map,-0.659884,0.428747,3.00189,0,0,0,,,
22.896,odom,map,-0.66013,0.428781,3.00196,0,0,0,,,
22.932,odom,map,-0.660602,0.428848,3.00206,0,0,0,,,
22.968,odom,map,-0.66122,0.428934,3.00222,0,0,0,,,
23.004,odom,map,-0.662318,0.429088,3.0022,0,0,0,,,
23.004,ekf_predict_only,map,-0.691497,0.45836,2.98867,8.81544,7.81569,-0.789646,,,
23.004,ekf,map,-0.733975,0.469465,3.03204,0.0391274,0.0391274,1.25051e-07,0.056667,,
23.004,kf,map,-0.734368,0.469511,3.03179,0.0369466,0.0369466,0,0.104292,,
23.004,pf,map,-0.708853,0.431967,3.02013,0.0336062,0.0385948,0.00137523,4.75896,291.789,0
23.04,odom,map,-0.664073,0.429335,3.00165,0,0,0,,,
23.076,odom,map,-0.665971,0.429603,3.00103,0,0,0,,,
23.112,odom,map,-0.668208,0.429921,3.00001,0,0,0,,,
23.148,odom,map,-0.670784,0.43029,2.99854,0,0,0,,,
23.184,odom,map,-0.673959,0.430751,2.99591,0,0,0,,,
23.184,ekf,map,-0.745267,0.470715,3.02447,0.0386608,0.0386611,1.05346e-07,0.061875,,
23.184,kf,map,-0.745618,0.470763,3.02405,0.036855,0.036855,0,0.104625,,
23.22,odom,map,-0.677266,0.431241,2.99289,0,0,0,,,
23.184,ekf_predict_only,map,-0.708014,0.460906,2.97357,8.92706,7.89249,-0.753748,,,
23.184,pf,map,-0.719745,0.447969,3.0105,0.0347172,0.0363532,0.00167518,4.89438,304.324,0
23.256,odom,map,-0.680803,0.431777,2.98963,0,0,0,,,
23.292,odom,map,-0.684993,0.432427,2.9859,0,0,0,,,
23.328,odom,map,-0.689974,0.433219,2.98191,0,0,0,,,
23.364,odom,map,-0.695118,0.434058,2.97791,0,0,0,,,
23.4,odom,map,-0.700534,0.434964,2.97389,0,0,0,,,
23.4,ekf_predict_only,map,-0.741542,0.466593,2.9494,9.05317,7.95111,-0.68029,,,
23.4,ekf,map,-0.772277,0.474103,3.00372,0.0391316,0.0391331,2.33341e-07,0.05675,,
23.4,kf,map,-0.772745,0.474159,3.00342,0.0369466,0.0369466,0,0.06675,,
23.4,pf,map,-0.751345,0.466842,2.98943,0.036429,0.0372822,-0.000837475,5.11467,310.804,0
23.436,odom,map,-0.706399,0.435969,2.96986,0,0,0,,,
23.472,odom,map,-0.712757,0.437086,2.9657,0,0,0,,,
23.508,odom,map,-0.719333,0.438269,2.96146,0,0,0,,,
23.544,odom,map,-0.726082,0.439513,2.95722,0,0,0,,,
23.58,odom,map,-0.733391,0.440892,2.95315,0,0,0,,,
23.616,odom,map,-0.74094,0.442347,2.94921,0,0,0,,,
23.616,ekf,map,-0.812516,0.480164,2.98001,0.0391928,0.0391964,5.02247e-07,0.112083,,
23.616,kf,map,-0.81295,0.480198,2.97994,0.0369528,0.0369528,0,0.101375,,
23.616,ekf_predict_only,map,-0.786826,0.475405,2.92578,9.19407,8.00752,-0.579443,,,
23.616,pf,map,-0.790306,0.472573,2.96491,0.0382811,0.0330791,-0.000376761,7.50563,319.281,0
23.652,odom,map,-0.748708,0.443876,2.94523,0,0,0,,,
23.688,odom,map,-0.756931,0.445528,2.94147,0,0,0,,,
23.724,odom,map,-0.765499,0.447283,2.93804,0,0,0,,,
23.76,odom,map,-0.774408,0.449136,2.93493,0,0,0,,,
23.796,odom,map,-0.78364,0.451086,2.93198,0,0,0,,,
23.832,odom,map,-0.793348,0.453165,2.92938,0,0,0,,,
23.796,ekf,map,-0.855974,0.487716,2.96387,0.0386465,0.0386521,8.5104e-07,0.058625,,
23.796,kf,map,-0.856408,0.487743,2.96403,0.0368554,0.0368554,0,0.105625,,
23.796,ekf_predict_only,map,-0.836632,0.486324,2.91348,9.3455,8.07614,-0.465581,,,
23.796,pf,map,-0.869883,0.459314,2.94531,0.0383559,0.034605,-0.000832641,6.09854,312.905,0
23.868,odom,map,-0.803527,0.455371,2.92711,0,0,0,,,
23.904,odom,map,-0.813988,0.457661,2.92501,0,0,0,,,
23.94,odom,map,-0.82479,0.460048,2.92337,0,0,0,,,
23.976,odom,map,-0.836199,0.462585,2.92232,0,0,0,,,
24.012,odom,map,-0.84795,0.46521,2.92145,0,0,0,,,
24.012,kf,map,-0.921414,0.499947,2.95399,0.0369466,0.0369466,0,0.060958,,
24.012,ekf_predict_only,map,-0.90864,0.503041,2.90844,9.52588,8.1619,-0.29411,,,
24.012,ekf,map,-0.920861,0.499919,2.95366,0.0391043,0.0391165,2.03027e-06,0.06075,,
24.012,pf,map,-0.903265,0.464026,2.93601,0.0301477,0.0373428,-0.00110607,5.10925,300.745,0
24.048,odom,map,-0.859972,0.467905,2.92061,0,0,0,,,
24.084,odom,map,-0.872145,0.470644,2.92003,0,0,0,,,
24.12,odom,map,-0.884733,0.473481,2.91999,0,0,0,,,
24.156,odom,map,-0.897438,0.476343,2.92006,0,0,0,,,
24.192,odom,map,-0.910263,0.479231,2.9202,0,0,0,,,
24.192,ekf_predict_only,map,-0.97436,0.518648,2.91072,9.70274,8.28144,-0.129968,,,
24.192,ekf,map,-0.982709,0.511943,2.9521,0.0386453,0.0386597,2.57315e-06,0.12125,,
24.192,kf,map,-0.983068,0.511953,2.95236,0.036855,0.036855,0,0.061917,,
24.228,odom,map,-0.923399,0.482184,2.92063,0,0,0,,,
24.192,pf,map,-0.964429,0.477718,2.92732,0.0367095,0.0375897,-0.0032243,6.48617,314.101,0
24.264,odom,map,-0.936706,0.485169,2.92129,0,0,0,,,
24.3,odom,map,-0.95011,0.488166,2.92205,0,0,0,,,
24.336,odom,map,-0.96358,0.491166,2.92286,0,0,0,,,
24.372,odom,map,-0.977169,0.494181,2.92368,0,0,0,,,
24.408,odom,map,-0.99089,0.497214,2.92432,0,0,0,,,
24.408,ekf_predict_only,map,-1.05647,0.537949,2.91432,9.90025,8.45012,0.0855201,,,
24.408,ekf,map,-1.06319,0.527369,2.95522,0.0391189,0.039142,4.34015e-06,0.063959,,
24.408,kf,map,-1.06341,0.527389,2.95532,0.0369466,0.0369466,0,0.059,,
24.402,amcl,map,-1.00011,0.463141,2.95968,0.0364142,0.0391491,0.00623555,,,
24.408,pf,map,-1.0226,0.519035,2.93065,0.042087,0.0393715,0.000861744,5.23637,306.14,0
24.444,odom,map,-1.00462,0.50024,2.92492,0,0,0,,,
24.48,odom,map,-1.01838,0.503264,2.92564,0,0,0,,,
24.516,odom,map,-1.03203,0.506254,2.92628,0,0,0,,,
24.552,odom,map,-1.04567,0.509234,2.92693,0,0,0,,,
24.588,odom,map,-1.05934,0.512208,2.92759,0,0,0,,,
24.588,kf,map,-1.13149,0.540156,2.95851,0.036855,0.036855,0,0.110625,,
24.624,odom,map,-1.07294,0.515159,2.9283,0,0,0,,,
24.588,ekf_predict_only,map,-1.12419,0.553611,2.91791,10.0814,8.64424,0.271832,,,
24.588,ekf,map,-1.13143,0.540149,2.95847,0.0386561,0.0386783,4.23302e-06,0.060833,,
24.588,pf,map,-1.11418,0.529594,2.93673,0.0375434,0.0327475,-0.00293113,9.98967,314.442,0
24.66,odom,map,-1.08649,0.518091,2.92882,0,0,0,,,
24.696,odom,map,-1.10004,0.521014,2.92916,0,0,0,,,
24.732,odom,map,-1.11358,0.523932,2.92945,0,0,0,,,
24.768,odom,map,-1.12702,0.526827,2.9296,0,0,0,,,
24.804,odom,map,-1.14052,0.529732,2.92967,0,0,0,,,
24.804,ekf_predict_only,map,-1.20474,0.571933,2.91574,10.2787,8.90092,0.503429,,,
24.804,kf,map,-1.21299,0.555151,2.95937,0.0369466,0.0369466,0,0.067167,,
24.804,ekf,map,-1.213,0.555129,2.95954,0.0391283,0.0391581,5.72837e-06,0.108583,,
24.804,pf,map,-1.19735,0.554127,2.94926,0.0318686,0.0345781,-0.00264602,4.83371,302.672,0
24.84,odom,map,-1.154,0.532634,2.92938,0,0,0,,,
24.876,odom,map,-1.16746,0.535536,2.92901,0,0,0,,,
24.912,odom,map,-1.18066,0.53839,2.92828,0,0,0,,,
24.948,odom,map,-1.19343,0.541164,2.92692,0,0,0,,,
24.984,odom,map,-1.20609,0.543934,2.92542,0,0,0,,,
24.984,ekf,map,-1.27803,0.567098,2.955,0.0386615,0.0386866,4.80975e-06,0.061625,,
25.02,odom,map,-1.21843,0.546655,2.92374,0,0,0,,,
24.984,ekf_predict_only,map,-1.26565,0.58593,2.90712,10.4547,9.1521,0.686209,,,
24.984,kf,map,-1.27786,0.567094,2.95476,0.036855,0.036855,0,0.059083,,
24.984,pf,map,-1.24637,0.5456,2.94972,0.0363458,0.0351621,4.80558e-05,5.34908,329.443,0
25.056,odom,map,-1.23034,0.549304,2.92161,0,0,0,,,
25.092,odom,map,-1.2419,0.551902,2.91913,0,0,0,,,
25.128,odom,map,-1.2532,0.554475,2.91647,0,0,0,,,
25.164,odom,map,-1.26448,0.557074,2.91368,0,0,0,,,
25.2,odom,map,-1.27554,0.559656,2.91057,0,0,0,,,
25.2,ekf_predict_only,map,-1.32942,0.601163,2.88496,10.6391,9.44095,0.885526,,,
25.2,kf,map,-1.34722,0.580469,2.93906,0.0369466,0.0369466,0,0.11875,,
25.2,ekf,map,-1.34755,0.580508,2.9395,0.0391325,0.0391614,5.57243e-06,0.766917,,
25.2,amcl,map,-1.285,0.513774,2.93947,0.0416867,0.061936,0.0110741,,,
25.2,pf,map,-1.31671,0.553186,2.91612,0.0354971,0.0358254,-0.00164872,4.46979,315.61,0
25.236,odom,map,-1.28852,0.554593,2.91311,0,0,0,,,
25.272,odom,map,-1.30159,0.549168,2.91577,0,0,0,,,
25.308,odom,map,-1.31448,0.543556,2.91819,0,0,0,,,
25.344,odom,map,-1.32702,0.537721,2.92024,0,0,0,,,
25.38,odom,map,-1.33923,0.531677,2.92168,0,0,0,,,
25.416,odom,map,-1.35038,0.528749,2.92044,0,0,0,,,
25.416,ekf_predict_only,map,-1.38644,0.616124,2.85427,10.8238,9.73658,1.07256,,,
25.416,ekf,map,-1.40914,0.593662,2.91424,0.0391937,0.0392198,5.10965e-06,0.066959,,
25.416,kf,map,-1.40883,0.593603,2.91382,0.0369528,0.0369528,0,0.131291,,
25.416,pf,map,-1.3803,0.588374,2.90401,0.0403819,0.0362802,0.00351911,6.71154,298.249,0
25.452,odom,map,-1.35951,0.530826,2.91447,0,0,0,,,
25.488,odom,map,-1.36779,0.532772,2.90734,0,0,0,,,
25.524,odom,map,-1.37574,0.5347,2.89997,0,0,0,,,
25.56,odom,map,-1.38337,0.536611,2.89223,0,0,0,,,
25.596,odom,map,-1.39016,0.538368,2.88354,0,0,0,,,
25.596,ekf_predict_only,map,-1.41595,0.624845,2.80509,10.974,9.94791,1.17393,,,
25.596,ekf,map,-1.44747,0.603094,2.87571,0.038647,0.0386645,3.49793e-06,0.064958,,
25.596,kf,map,-1.447,0.60299,2.87511,0.0368554,0.0368554,0,0.060416,,
25.632,odom,map,-1.39641,0.54005,2.87407,0,0,0,,,
25.596,pf,map,-1.43064,0.58128,2.85935,0.0339946,0.0345975,0.000412199,5.36329,303.075,0
25.668,odom,map,-1.40234,0.541706,2.86423,0,0,0,,,
25.704,odom,map,-1.4081,0.543376,2.85403,0,0,0,,,
25.74,odom,map,-1.41363,0.545044,2.84344,0,0,0,,,
25.776,odom,map,-1.41873,0.546642,2.83212,0,0,0,,,
25.812,odom,map,-1.42366,0.548248,2.82041,0,0,0,,,
25.812,ekf_predict_only,map,-1.44527,0.635103,2.73486,11.1338,10.1654,1.27996,,,
25.812,kf,map,-1.4817,0.613185,2.81289,0.0369466,0.0369466,0,0.117375,,
25.812,ekf,map,-1.48209,0.613306,2.81349,0.0391046,0.039121,3.39314e-06,0.114334,,
25.812,pf,map,-1.46899,0.60042,2.80065,0.0386931,0.0341248,0.000212921,4.88204,308.277,0
25.848,odom,map,-1.42843,0.549866,2.80846,0,0,0,,,
25.884,odom,map,-1.43307,0.551505,2.79616,0,0,0,,,
25.92,odom,map,-1.43792,0.553285,2.78374,0,0,0,,,
25.956,odom,map,-1.44284,0.555158,2.77135,0,0,0,,,
25.992,odom,map,-1.44784,0.557134,2.75888,0,0,0,,,
25.992,ekf_predict_only,map,-1.47159,0.646437,2.6716,11.3009,10.3768,1.3818,,,
25.992,kf,map,-1.50785,0.622775,2.75299,0.036855,0.036855,0,0.1115,,
26.028,odom,map,-1.45247,0.559139,2.74541,0,0,0,,,
25.992,ekf,map,-1.5079,0.62281,2.75328,0.0386453,0.0386561,2.38927e-06,0.059958,,
25.992,pf,map,-1.49732,0.609045,2.73978,0.0384262,0.0361646,-0.000862249,5.64879,301.608,0
26.064,odom,map,-1.45694,0.561206,2.73156,0,0,0,,,
26.1,odom,map,-1.46143,0.563374,2.71771,0,0,0,,,
26.136,odom,map,-1.46595,0.56565,2.70384,0,0,0,,,
26.172,odom,map,-1.47062,0.568094,2.68997,0,0,0,,,
26.208,odom,map,-1.47565,0.570764,2.67641,0,0,0,,,
26.208,ekf_predict_only,map,-1.50597,0.663902,2.59586,11.5063,10.6308,1.52468,,,
26.208,ekf,map,-1.54057,0.637498,2.67812,0.0391188,0.0391293,2.71663e-06,0.063541,,
26.208,kf,map,-1.54072,0.637488,2.67801,0.0369466,0.0369466,0,0.107,,
26.202,amcl,map,-1.47621,0.556581,2.68826,0.0404808,0.0684474,0.0152146,,,
26.208,pf,map,-1.51987,0.63653,2.65597,0.0360629,0.0348855,-0.00267486,4.96308,307.035,0
26.244,odom,map,-1.48138,0.573683,2.66378,0,0,0,,,
26.28,odom,map,-1.48715,0.576717,2.65104,0,0,0,,,
26.316,odom,map,-1.49306,0.579921,2.63803,0,0,0,,,
26.352,odom,map,-1.49899,0.583242,2.6249,0,0,0,,,
26.388,odom,map,-1.50488,0.586642,2.61168,0,0,0,,,
26.388,ekf_predict_only,map,-1.53528,0.681701,2.52697,11.7163,10.8699,1.6575,,,
26.388,ekf,map,-1.5695,0.653223,2.61256,0.0386561,0.0386635,2.34661e-06,0.06325,,
26.388,kf,map,-1.56962,0.65321,2.61238,0.036855,0.036855,0,0.105125,,
26.424,odom,map,-1.51076,0.590136,2.59817,0,0,0,,,
26.388,pf,map,-1.55636,0.639446,2.61017,0.0365433,0.0384867,-0.000268003,9.71329,289.27,0
26.46,odom,map,-1.5166,0.593722,2.58431,0,0,0,,,
26.496,odom,map,-1.52239,0.597388,2.57034,0,0,0,,,
26.532,odom,map,-1.52824,0.601204,2.55631,0,0,0,,,
26.568,odom,map,-1.53412,0.605162,2.54192,0,0,0,,,
26.604,odom,map,-1.53989,0.609171,2.52732,0,0,0,,,
26.604,ekf_predict_only,map,-1.56959,0.70592,2.43898,11.9703,11.1419,1.82728,,,
26.604,kf,map,-1.60452,0.675446,2.52794,0.0369466,0.0369466,0,0.060917,,
26.604,ekf,map,-1.60442,0.6755,2.52819,0.0391285,0.0391362,3.18316e-06,0.053958,,
26.604,pf,map,-1.57106,0.666316,2.5059,0.0409849,0.0341875,0.0023572,5.87925,297.976,0
26.64,odom,map,-1.54559,0.613248,2.51266,0,0,0,,,
26.676,odom,map,-1.55117,0.617373,2.49777,0,0,0,,,
26.712,odom,map,-1.55667,0.621571,2.48238,0,0,0,,,
26.748,odom,map,-1.56216,0.625894,2.46689,0,0,0,,,
26.784,odom,map,-1.56764,0.630341,2.45133,0,0,0,,,
26.82,odom,map,-1.57303,0.634869,2.43555,0,0,0,,,
26.784,ekf,map,-1.63214,0.696657,2.45211,0.0386621,0.0386675,2.9092e-06,0.075875,,
26.784,kf,map,-1.63221,0.69661,2.45188,0.036855,0.036855,0,0.0565,,
26.784,ekf_predict_only,map,-1.59646,0.728668,2.35922,12.2195,11.3835,1.97531,,,
26.802,amcl,map,-1.56102,0.640092,2.42505,0.0424253,0.0646931,0.0201415,,,
26.784,pf,map,-1.60679,0.685087,2.42824,0.0336334,0.0397838,-0.000114641,5.20621,302.669,0
26.856,odom,map,-1.57836,0.639485,2.41943,0,0,0,,,
26.892,odom,map,-1.58362,0.644191,2.40317,0,0,0,,,
26.928,odom,map,-1.58884,0.649027,2.38691,0,0,0,,,
26.964,odom,map,-1.59387,0.653831,2.37021,0,0,0,,,
27,odom,map,-1.59854,0.658454,2.35268,0,0,0,,,
27,ekf,map,-1.66267,0.724206,2.35267,0.0391337,0.0391389,3.79419e-06,0.054583,,
27,kf,map,-1.66265,0.724055,2.35223,0.0369466,0.0369466,0,0.058584,,
27,ekf_predict_only,map,-1.62412,0.75616,2.25302,12.5057,11.6358,2.14467,,,
27,pf,map,-1.63251,0.725177,2.34336,0.0339391,0.0390617,-0.000145042,5.71558,301.69,0
27.036,odom,map,-1.60336,0.66037,2.33639,0,0,0,,,
27.072,odom,map,-1.60806,0.662206,2.32004,0,0,0,,,
27.108,odom,map,-1.61258,0.663975,2.30362,0,0,0,,,
27.144,odom,map,-1.61694,0.665689,2.28688,0,0,0,,,
27.18,odom,map,-1.62126,0.667495,2.26985,0,0,0,,,
27.216,odom,map,-1.62536,0.670454,2.25205,0,0,0,,,
27.216,ekf_predict_only,map,-1.64679,0.784072,2.13983,12.8015,11.8656,2.30408,,,
27.216,ekf,map,-1.68725,0.751583,2.24316,0.0391953,0.0391992,3.81e-06,0.128834,,
27.216,kf,map,-1.68728,0.751446,2.24284,0.0369528,0.0369528,0,0.078083,,
27.216,pf,map,-1.66581,0.733178,2.22595,0.036438,0.0389841,0.0020268,5.15425,311.825,0
27.252,odom,map,-1.62912,0.67518,2.23312,0,0,0,,,
27.288,odom,map,-1.63282,0.680024,2.21392,0,0,0,,,
27.324,odom,map,-1.63645,0.684963,2.19451,0,0,0,,,
27.36,odom,map,-1.63999,0.689983,2.17503,0,0,0,,,
27.396,odom,map,-1.64348,0.69514,2.15549,0,0,0,,,
27.432,odom,map,-1.64697,0.700533,2.1359,0,0,0,,,
27.396,ekf,map,-1.70554,0.776957,2.14706,0.0386489,0.0386508,3.09876e-06,0.0625,,
27.396,kf,map,-1.70564,0.776929,2.14688,0.0368554,0.0368554,0,0.058125,,
27.396,ekf_predict_only,map,-1.66433,0.811501,2.04181,13.1005,12.0691,2.44866,,,
27.402,amcl,map,-1.63187,0.732546,2.11657,0.0399914,0.0725232,0.0166106,,,
27.396,pf,map,-1.68707,0.750415,2.12196,0.040289,0.039438,0.00135776,4.74437,315.845,0
27.468,odom,map,-1.65044,0.706136,2.11614,0,0,0,,,
27.504,odom,map,-1.65382,0.711828,2.09632,0,0,0,,,
27.54,odom,map,-1.65713,0.717666,2.07646,0,0,0,,,
27.576,odom,map,-1.66044,0.723787,2.05675,0,0,0,,,
27.612,ekf_predict_only,map,-1.68365,0.849431,1.9254,13.4868,12.2862,2.63657,,,
27.612,odom,map,-1.66288,0.73146,2.03574,0,0,0,,,
27.612,ekf,map,-1.72573,0.812168,2.02967,0.039108,0.0391086,3.9452e-06,0.055458,,
27.612,kf,map,-1.72592,0.812187,2.02968,0.0369466,0.0369466,0,0.1495,,
27.612,pf,map,-1.7085,0.810156,2.00575,0.0364649,0.032306,-0.000581519,4.7635,284.886,0
27.648,odom,map,-1.66334,0.74233,2.0113,0,0,0,,,
27.684,odom,map,-1.66371,0.753472,1.98701,0,0,0,,,
27.72,odom,map,-1.66398,0.76487,1.96305,0,0,0,,,
27.756,odom,map,-1.66417,0.776616,1.93961,0,0,0,,,
27.792,odom,map,-1.66419,0.788465,1.91627,0,0,0,,,
27.828,odom,map,-1.66606,0.797276,1.89694,0,0,0,,,
27.792,ekf_predict_only,map,-1.69764,0.887212,1.83628,13.8848,12.4732,2.80913,,,
27.792,ekf,map,-1.74075,0.847049,1.93636,0.0386492,0.0386482,3.46823e-06,0.060209,,
27.792,kf,map,-1.74094,0.847106,1.93656,0.036855,0.036855,0,0.054833,,
27.801,amcl,map,-1.67057,0.798736,1.90202,0.0347436,0.0736565,0.0146821,,,
27.792,pf,map,-1.72398,0.845418,1.92103,0.0350705,0.0376811,0.00094656,5.18408,311.123,0
27.864,odom,map,-1.66866,0.805188,1.87971,0,0,0,,,
27.9,odom,map,-1.67126,0.813596,1.86329,0,0,0,,,
27.936,odom,map,-1.6738,0.822256,1.84705,0,0,0,,,
27.972,odom,map,-1.67621,0.831058,1.83098,0,0,0,,,
28.008,odom,map,-1.67858,0.840242,1.81533,0,0,0,,,
28.008,ekf_predict_only,map,-1.71279,0.942955,1.74318,14.4483,12.6693,3.04903,,,
28.008,ekf,map,-1.75725,0.897812,1.83726,0.039126,0.0391216,4.6852e-06,0.889875,,
28.008,kf,map,-1.75755,0.897994,1.83765,0.0369466,0.0369466,0,0.423083,,
28.008,pf,map,-1.72524,0.901006,1.81068,0.0384038,0.0359994,0.000960241,5.22475,290.698,0
28.044,odom,map,-1.68084,0.849601,1.79981,0,0,0,,,
28.08,odom,map,-1.683,0.859217,1.78439,0,0,0,,,
28.116,odom,map,-1.68507,0.869103,1.76941,0,0,0,,,
28.152,odom,map,-1.68701,0.879135,1.75474,0,0,0,,,
28.188,odom,map,-1.68881,0.889218,1.74014,0,0,0,,,
28.188,ekf,map,-1.76813,0.946156,1.76176,0.0386641,0.0386578,4.09438e-06,0.110083,,
28.188,kf,map,-1.76836,0.946274,1.76208,0.036855,0.036855,0,0.134834,,
28.224,odom,map,-1.69049,0.900894,1.72502,0,0,0,,,
28.188,ekf_predict_only,map,-1.72168,0.993985,1.67231,14.9976,12.8267,3.25289,,,
28.188,pf,map,-1.73449,0.935064,1.73556,0.0355454,0.0374624,-0.00075109,10.893,308.263,0
28.26,odom,map,-1.69203,0.913547,1.70978,0,0,0,,,
28.296,odom,map,-1.69341,0.92633,1.69503,0,0,0,,,
28.332,odom,map,-1.69463,0.939139,1.68036,0,0,0,,,
28.368,odom,map,-1.69569,0.951979,1.6659,0,0,0,,,
28.404,odom,map,-1.69657,0.964622,1.65185,0,0,0,,,
28.404,ekf_predict_only,map,-1.72814,1.05737,1.60091,15.6893,12.9689,3.48992,,,
28.404,ekf,map,-1.77739,1.00818,1.68197,0.039141,0.0391296,4.94334e-06,0.055791,,
28.404,kf,map,-1.77765,1.00823,1.68253,0.0369466,0.0369466,0,0.264083,,
28.401,amcl,map,-1.72031,0.964272,1.66055,0.0382495,0.0695321,0.0231993,,,
28.404,pf,map,-1.74292,0.998959,1.65929,0.0371425,0.0357433,0.000571757,4.5655,317.397,0
28.44,odom,map,-1.69736,0.975146,1.63972,0,0,0,,,
28.476,odom,map,-1.69803,0.985744,1.62782,0,0,0,,,
28.512,odom,map,-1.69857,0.99625,1.61634,0,0,0,,,
28.548,odom,map,-1.69898,1.00666,1.60531,0,0,0,,,
28.584,odom,map,-1.69928,1.01698,1.59465,0,0,0,,,
28.62,odom,map,-1.70001,1.02675,1.58399,0,0,0,,,
28.584,ekf_predict_only,map,-1.72969,1.1089,1.54806,16.2983,13.0791,3.66677,,,
28.584,ekf,map,-1.78132,1.06009,1.62395,0.0386738,0.0386622,3.68083e-06,0.098375,,
28.584,kf,map,-1.7815,1.06007,1.62434,0.036855,0.036855,0,0.111625,,
28.584,pf,map,-1.73554,1.05552,1.59869,0.0350286,0.0400548,-0.000910803,11.9278,319.553,0
28.656,odom,map,-1.70105,1.03591,1.57344,0,0,0,,,
28.692,odom,map,-1.70199,1.0449,1.56341,0,0,0,,,
28.728,odom,map,-1.70283,1.05375,1.55363,0,0,0,,,
28.764,odom,map,-1.70358,1.06241,1.54413,0,0,0,,,
28.8,odom,map,-1.70424,1.07104,1.53469,0,0,0,,,
28.8,ekf,map,-1.78259,1.1193,1.56437,0.0391486,0.0391328,3.60299e-06,0.055583,,
28.8,kf,map,-1.78275,1.1192,1.56469,0.0369466,0.0369466,0,0.060958,,
28.8,ekf_predict_only,map,-1.72838,1.16652,1.49231,16.9971,13.1705,3.84913,,,
28.8,pf,map,-1.75412,1.10963,1.5241,0.0358569,0.0384543,-0.00246827,4.94317,316.101,0
28.836,odom,map,-1.70388,1.08045,1.52563,0,0,0,,,
28.872,odom,map,-1.70343,1.08959,1.517,0,0,0,,,
28.908,odom,map,-1.70293,1.09829,1.50915,0,0,0,,,
28.944,odom,map,-1.70244,1.10574,1.50377,0,0,0,,,
28.98,odom,map,-1.70202,1.1119,1.50099,0,0,0,,,
29.016,odom,map,-1.70168,1.11677,1.50056,0,0,0,,,
29.016,ekf,map,-1.78119,1.15557,1.53679,0.0392063,0.0391936,2.59861e-06,0.084834,,
29.016,ekf_predict_only,map,-1.72838,1.16652,1.49231,17.0971,13.2705,3.84913,,,
29.016,kf,map,-1.78133,1.15347,1.53845,0.0369528,0.0369528,0,0.05775,,
29.016,pf,map,-1.75785,1.15233,1.50116,0.0399438,0.0414066,-0.00259393,6.3645,312.565,0
29.052,odom,map,-1.70143,1.12034,1.50056,0,0,0,,,
29.088,odom,map,-1.70127,1.12262,1.50056,0,0,0,,,
29.124,odom,map,-1.7012,1.12361,1.50056,0,0,0,,,
29.16,odom,map,-1.70119,1.12366,1.50056,0,0,0,,,
29.196,odom,map,-1.70119,1.12366,1.50056,0,0,0,,,
29.232,odom,map,-1.70434,1.12462,1.50191,0,0,0,,,
29.196,ekf,map,-1.78069,1.16863,1.53092,0.0386542,0.0386468,1.4564e-06,0.057917,,
29.196,ekf_predict_only,map,-1.72838,1.16652,1.49231,17.1971,13.3705,3.84913,,,
29.196,kf,map,-1.78075,1.16748,1.53162,0.0368554,0.0368554,0,0.057584,,
29.196,pf,map,-1.74339,1.1669,1.51143,0.0381646,0.0360896,0.00273899,5.49012,300.711,0
29.268,odom,map,-1.70788,1.12569,1.50343,0,0,0,,,
29.304,odom,map,-1.71142,1.12677,1.50494,0,0,0,,,
29.34,odom,map,-1.71497,1.12784,1.50646,0,0,0,,,
29.376,odom,map,-1.71851,1.1289,1.50798,0,0,0,,,
29.412,odom,map,-1.72097,1.12964,1.50903,0,0,0,,,
29.412,kf,map,-1.7806,1.17117,1.52982,0.0369466,0.0369466,0,0.112291,,
29.412,ekf,map,-1.78058,1.17164,1.52956,0.0391102,0.0391043,1.15477e-06,0.05375,,
29.412,ekf_predict_only,map,-1.72838,1.16652,1.49231,17.2971,13.4705,3.84913,,,
29.412,pf,map,-1.75193,1.16782,1.51529,0.0367809,0.0365263,0.00103333,6.21208,326.759,0
29.448,odom,map,-1.72097,1.12964,1.50903,0,0,0,,,
29.484,odom,map,-1.72097,1.12964,1.50903,0,0,0,,,
29.52,odom,map,-1.72097,1.12964,1.50903,0,0,0,,,
29.556,odom,map,-1.72097,1.12964,1.50903,0,0,0,,,
29.592,odom,map,-1.72097,1.12964,1.50903,0,0,0,,,
29.592,ekf_predict_only,map,-1.72838,1.16652,1.49231,17.3971,13.5705,3.84913,,,
29.592,ekf,map,-1.78055,1.17228,1.52927,0.0386484,0.038645,6.56461e-07,0.10675,,
29.592,kf,map,-1.78056,1.17213,1.52936,0.036855,0.036855,0,0.059167,,
29.628,odom,map,-1.72097,1.12964,1.50903,0,0,0,,,
29.592,pf,map,-1.75401,1.17885,1.51024,0.0375783,0.0348475,-0.00450531,5.28367,297.736,0
29.664,odom,map,-1.72097,1.12964,1.50903,0,0,0,,,
29.7,odom,map,-1.72096,1.12989,1.50882,0,0,0,,,
29.736,odom,map,-1.72086,1.13135,1.50841,0,0,0,,,
29.772,odom,map,-1.7207,1.13401,1.50764,0,0,0,,,
29.808,odom,map,-1.72051,1.13693,1.50679,0,0,0,,,
29.808,ekf,map,-1.78015,1.18196,1.52634,0.0391212,0.0391183,5.12033e-07,0.05425,,
29.808,kf,map,-1.78013,1.18236,1.52624,0.0369466,0.0369466,0,0.055459,,
29.808,ekf_predict_only,map,-1.727,1.18403,1.48718,17.6854,13.6614,3.8991,,,
29.808,pf,map,-1.73846,1.19393,1.51943,0.0358971,0.0375073,-0.00346759,14.175,327.712,0
29.844,odom,map,-1.72031,1.14013,1.50579,0,0,0,,,
29.88,odom,map,-1.72007,1.14376,1.50423,0,0,0,,,
29.916,odom,map,-1.71979,1.14784,1.50212,0,0,0,,,
29.952,odom,map,-1.71949,1.15206,1.49985,0,0,0,,,
29.988,odom,map,-1.71921,1.15596,1.49679,0,0,0,,,
30.024,odom,map,-1.71893,1.15967,1.49281,0,0,0,,,
29.988,ekf_predict_only,map,-1.72547,1.20233,1.46304,17.9856,13.7514,3.95055,,,
29.988,kf,map,-1.77932,1.19932,1.51304,0.036855,0.036855,0,0.063084,,
29.988,ekf,map,-1.77933,1.19916,1.5136,0.0386575,0.0386554,2.70746e-07,0.059875,,
29.988,pf,map,-1.74273,1.18995,1.49758,0.0371951,0.0409082,0.00111116,5.15096,304.512,0
30.06,odom,map,-1.71864,1.1633,1.48757,0,0,0,,,
30.096,odom,map,-1.71833,1.1669,1.48181,0,0,0,,,
30.132,odom,map,-1.718,1.17045,1.4755,0,0,0,,,
30.168,odom,map,-1.71766,1.17391,1.46836,0,0,0,,,
30.204,odom,map,-1.71729,1.17736,1.4599,0,0,0,,,
30.204,ekf,map,-1.77791,1.2202,1.476,0.0391297,0.0391273,1.74748e-07,0.059833,,
30.204,ekf_predict_only,map,-1.72322,1.22309,1.41082,18.3168,13.8368,4.00572,,,
30.204,kf,map,-1.7779,1.22023,1.47504,0.0369466,0.0369466,0,0.090459,,
30.204,pf,map,-1.73339,1.20482,1.46599,0.0376101,0.033532,0.00332541,4.66854,307.08,0
30.24,odom,map,-1.71689,1.18081,1.45079,0,0,0,,,
30.276,odom,map,-1.71645,1.18427,1.44139,0,0,0,,,
30.312,odom,map,-1.71598,1.18777,1.43157,0,0,0,,,
30.348,odom,map,-1.71545,1.19139,1.42075,0,0,0,,,
30.384,odom,map,-1.71489,1.19501,1.40966,0,0,0,,,
30.42,odom,map,-1.71426,1.19871,1.39815,0,0,0,,,
30.384,ekf_predict_only,map,-1.7202,1.2418,1.35163,18.6289,13.9172,4.04933,,,
30.384,kf,map,-1.77586,1.23825,1.42614,0.036855,0.036855,0,0.060042,,
30.384,ekf,map,-1.77587,1.23821,1.42686,0.0386627,0.0386607,4.85134e-08,0.055334,,
30.384,pf,map,-1.73101,1.23177,1.43045,0.0381614,0.0332853,0.000594818,6.77971,322.064,0
30.402,amcl,map,-1.7112,1.2015,1.39917,0.0469738,0.076526,0.0297497,,,
30.456,odom,map,-1.71356,1.20257,1.38588,0,0,0,,,
30.492,odom,map,-1.71279,1.20657,1.37293,0,0,0,,,
30.528,odom,map,-1.71196,1.21056,1.35993,0,0,0,,,
30.564,odom,map,-1.71105,1.2147,1.3468,0,0,0,,,
30.6,odom,map,-1.71003,1.21903,1.33324,0,0,0,,,
30.6,ekf_predict_only,map,-1.71401,1.26961,1.26637,19.051,13.9772,4.10308,,,
30.6,ekf,map,-1.77151,1.26302,1.35084,0.0391343,0.0391315,-1.07681e-07,0.053042,,
30.6,kf,map,-1.7715,1.26321,1.35013,0.0369466,0.0369466,0,0.061666,,
30.6,pf,map,-1.74108,1.25444,1.33858,0.0361115,0.0377837,0.00176587,5.10283,312.943,0
30.636,odom,map,-1.70889,1.22359,1.31911,0,0,0,,,
30.672,odom,map,-1.70768,1.22819,1.3049,0,0,0,,,
30.708,odom,map,-1.70632,1.23301,1.29067,0,0,0,,,
30.744,odom,map,-1.70483,1.23808,1.27609,0,0,0,,,
30.78,odom,map,-1.70323,1.24319,1.26141,0,0,0,,,
30.816,odom,map,-1.70151,1.24844,1.24671,0,0,0,,,
30.816,kf,map,-1.76364,1.29284,1.26556,0.0369528,0.0369528,0,0.1525,,
30.816,ekf,map,-1.76363,1.29259,1.26593,0.0391963,0.0391928,-3.73533e-07,0.059833,,
30.816,ekf_predict_only,map,-1.70387,1.30188,1.17809,19.5349,14.0128,4.14538,,,
30.816,pf,map,-1.73932,1.2909,1.24923,0.0354051,0.040699,0.000827687,5.40712,300.945,0
30.852,odom,map,-1.69963,1.25391,1.23197,0,0,0,,,
30.888,odom,map,-1.69761,1.25951,1.21716,0,0,0,,,
30.924,odom,map,-1.69548,1.26514,1.20242,0,0,0,,,
30.96,odom,map,-1.69326,1.27077,1.18782,0,0,0,,,
30.996,odom,map,-1.69091,1.27649,1.17311,0,0,0,,,
31.032,odom,map,-1.68836,1.28244,1.15824,0,0,0,,,
31.002,amcl,map,-1.69764,1.26784,1.15524,0.0389767,0.0704,0.0301725,,,
30.996,ekf_predict_only,map,-1.69133,1.33215,1.10356,20.005,14.0345,4.16314,,,
30.996,ekf,map,-1.75353,1.3208,1.19285,0.0386499,0.0386465,-6.55867e-07,0.055708,,
30.996,kf,map,-1.75354,1.321,1.19268,0.0368554,0.0368554,0,0.125542,,
30.996,pf,map,-1.72456,1.32724,1.18104,0.0373508,0.0352831,0.00020151,8.20033,304.01,0
31.068,odom,map,-1.68569,1.28842,1.14333,0,0,0,,,
31.104,odom,map,-1.68283,1.29458,1.12845,0,0,0,,,
31.14,odom,map,-1.67978,1.3009,1.11375,0,0,0,,,
31.176,odom,map,-1.67653,1.30738,1.09917,0,0,0,,,
31.212,odom,map,-1.67285,1.31429,1.08441,0,0,0,,,
31.212,ekf_predict_only,map,-1.67104,1.37238,1.01654,20.6121,14.0115,4.15719,,,
31.212,kf,map,-1.73651,1.35913,1.10504,0.0369466,0.0369466,0,0.057334,,
31.212,ekf,map,-1.73648,1.35886,1.10504,0.0391097,0.0391044,-1.5341e-06,0.08275,,
31.212,pf,map,-1.70753,1.35672,1.08813,0.0329907,0.0374864,-0.000793802,4.60179,313.218,0
31.248,odom,map,-1.66852,1.32181,1.0691,0,0,0,,,
31.284,odom,map,-1.66392,1.32956,1.05398,0,0,0,,,
31.32,odom,map,-1.65907,1.3375,1.03895,0,0,0,,,
31.356,odom,map,-1.65408,1.34541,1.02393,0,0,0,,,
31.392,odom,map,-1.64886,1.35342,1.00844,0,0,0,,,
31.392,ekf_predict_only,map,-1.64715,1.41097,0.938094,21.2148,13.9724,4.11397,,,
31.392,ekf,map,-1.71664,1.39481,1.03162,0.0386509,0.0386457,-2.13254e-06,0.065208,,
31.392,kf,map,-1.71661,1.39509,1.03139,0.036855,0.036855,0,0.055792,,
31.428,odom,map,-1.6438,1.36121,0.992559,0,0,0,,,
31.392,pf,map,-1.68211,1.3802,1.01236,0.0369167,0.0375273,-0.000721178,7.67271,325.405,0
31.464,odom,map,-1.63867,1.36894,0.976896,0,0,0,,,
31.5,odom,map,-1.63338,1.37665,0.961239,0,0,0,,,
31.536,odom,map,-1.62784,1.38445,0.945695,0,0,0,,,
31.572,odom,map,-1.62205,1.39233,0.930019,0,0,0,,,
31.608,odom,map,-1.61606,1.40023,0.914403,0,0,0,,,
31.608,kf,map,-1.6855,1.44228,0.938913,0.0369466,0.0369466,0,0.067542,,
31.608,ekf,map,-1.68549,1.44199,0.939022,0.0391275,0.0391201,-4.15522e-06,0.104792,,
31.608,ekf_predict_only,map,-1.61183,1.45913,0.844539,21.9651,13.8781,4.00804,,,
31.602,amcl,map,-1.62129,1.4041,0.907939,0.0395971,0.0608709,0.0322414,,,
31.608,pf,map,-1.63982,1.43737,0.907948,0.0356592,0.0348685,-0.00100255,8.17233,324.729,0
31.644,odom,map,-1.60993,1.40807,0.89881,0,0,0,,,
31.68,odom,map,-1.60358,1.41593,0.883117,0,0,0,,,
31.716,odom,map,-1.59697,1.42384,0.867355,0,0,0,,,
31.752,odom,map,-1.5902,1.4317,0.851601,0,0,0,,,
31.788,odom,map,-1.58331,1.43945,0.835857,0,0,0,,,
31.824,odom,map,-1.57731,1.44538,0.819009,0,0,0,,,
31.788,ekf_predict_only,map,-1.5771,1.49824,0.766815,22.612,13.8003,3.86526,,,
31.788,ekf,map,-1.65381,1.48162,0.86087,0.0386642,0.038658,-4.67761e-06,0.054584,,
31.788,kf,map,-1.65385,1.48182,0.860865,0.036855,0.036855,0,0.114958,,
31.788,pf,map,-1.61196,1.47982,0.856727,0.0352167,0.0381487,-0.00149149,6.51762,313.913,0
31.86,odom,map,-1.5717,1.45023,0.801568,0,0,0,,,
31.896,odom,map,-1.56594,1.45496,0.784186,0,0,0,,,
31.932,odom,map,-1.56004,1.45953,0.76681,0,0,0,,,
31.968,odom,map,-1.55395,1.464,0.749539,0,0,0,,,
32.004,odom,map,-1.54761,1.46849,0.732605,0,0,0,,,
32.004,ekf_predict_only,map,-1.53154,1.54214,0.6783,23.3459,13.6875,3.63881,,,
32.004,ekf,map,-1.61074,1.52737,0.769062,0.0391389,0.0391321,-7.27042e-06,0.08575,,
32.004,kf,map,-1.61086,1.52755,0.76925,0.0369466,0.0369466,0,0.056667,,
32.004,pf,map,-1.56316,1.52617,0.762464,0.0358948,0.0360368,0.000988956,4.56992,302.201,0
32.04,odom,map,-1.53971,1.47549,0.717808,0,0,0,,,
32.076,odom,map,-1.53171,1.48237,0.703055,0,0,0,,,
32.112,odom,map,-1.52364,1.48911,0.688232,0,0,0,,,
32.148,odom,map,-1.51554,1.49567,0.673637,0,0,0,,,
32.184,odom,map,-1.50741,1.50207,0.65936,0,0,0,,,
32.184,ekf_predict_only,map,-1.49207,1.57394,0.608778,23.9186,13.6219,3.41222,,,
32.22,odom,map,-1.49929,1.50827,0.645337,0,0,0,,,
32.184,kf,map,-1.5721,1.56202,0.696176,0.036855,0.036855,0,0.058916,,
32.184,ekf,map,-1.57195,1.56193,0.695956,0.0386702,0.0386658,-6.77263e-06,0.055417,,
32.202,amcl,map,-1.50441,1.53302,0.667388,0.0491274,0.0507892,0.0346515,,,
32.184,pf,map,-1.52067,1.56263,0.679136,0.0378849,0.0325975,-0.00315282,10.1034,296.085,0
32.256,odom,map,-1.49124,1.51425,0.63163,0,0,0,,,
32.292,odom,map,-1.48315,1.52008,0.618033,0,0,0,,,
32.328,odom,map,-1.47502,1.52578,0.604763,0,0,0,,,
32.364,odom,map,-1.46698,1.53126,0.591757,0,0,0,,,
32.4,odom,map,-1.45899,1.53656,0.578936,0,0,0,,,
32.4,ekf_predict_only,map,-1.44554,1.60638,0.53297,24.5126,13.5492,3.11809,,,
32.4,kf,map,-1.52527,1.59805,0.616022,0.0369466,0.0369466,0,0.055542,,
32.4,ekf,map,-1.52502,1.598,0.615713,0.0391422,0.0391391,-8.6736e-06,0.0565,,
32.4,pf,map,-1.47944,1.58609,0.599801,0.0439086,0.0399892,0.00068496,5.44175,296.102,0
32.436,odom,map,-1.45012,1.54524,0.566539,0,0,0,,,
32.472,odom,map,-1.44118,1.55392,0.554189,0,0,0,,,
32.508,odom,map,-1.43238,1.56238,0.542057,0,0,0,,,
32.544,odom,map,-1.42385,1.57055,0.530281,0,0,0,,,
32.58,odom,map,-1.4156,1.57845,0.51866,0,0,0,,,
32.616,odom,map,-1.40777,1.58478,0.506941,0,0,0,,,
32.616,ekf_predict_only,map,-1.40242,1.63182,0.461611,25.0084,13.5113,2.82336,,,
32.616,kf,map,-1.48045,1.62724,0.541882,0.0369528,0.0369528,0,0.110083,,
32.616,ekf,map,-1.48015,1.62723,0.541643,0.0392019,0.039201,-8.34583e-06,0.118541,,
32.616,pf,map,-1.43447,1.608,0.520728,0.0359826,0.0399933,-0.000871193,5.52433,303.426,0
32.652,odom,map,-1.40069,1.58865,0.495362,0,0,0,,,
32.688,odom,map,-1.39393,1.59226,0.483985,0,0,0,,,
32.724,odom,map,-1.38754,1.59557,0.472719,0,0,0,,,
32.76,odom,map,-1.38133,1.5987,0.461513,0,0,0,,,
32.796,odom,map,-1.37523,1.60169,0.450339,0,0,0,,,
32.832,odom,map,-1.36928,1.60453,0.43927,0,0,0,,,
32.796,ekf_predict_only,map,-1.37394,1.64598,0.406645,25.332,13.5318,2.61835,,,
32.796,ekf,map,-1.44842,1.64495,0.484837,0.0386523,0.0386528,-5.92462e-06,0.057833,,
32.802,amcl,map,-1.39265,1.60392,0.459678,0.0514708,0.0435509,0.0355871,,,
32.796,kf,map,-1.44871,1.64489,0.484986,0.0368554,0.0368554,0,0.060833,,
32.796,pf,map,-1.38134,1.63326,0.457415,0.0406821,0.0387755,0.00126095,8.28858,311.548,0
32.868,odom,map,-1.3637,1.60711,0.428419,0,0,0,,,
32.904,odom,map,-1.35816,1.60961,0.417596,0,0,0,,,
32.94,odom,map,-1.35304,1.61185,0.407763,0,0,0,,,
32.976,odom,map,-1.34909,1.61354,0.400504,0,0,0,,,
33.012,odom,map,-1.34673,1.61524,0.396573,0,0,0,,,
33.012,kf,map,-1.4265,1.65556,0.444205,0.0369466,0.0369466,0,0.057541,,
33.012,ekf_predict_only,map,-1.37394,1.64598,0.406645,25.432,13.6318,2.61835,,,
33.012,ekf,map,-1.42513,1.65617,0.441791,0.0391091,0.03911,-5.28045e-06,0.210041,,
33.012,pf,map,-1.35997,1.63948,0.408202,0.0378943,0.0395849,-0.000865058,13.1093,299.65,0
33.048,odom,map,-1.3465,1.61764,0.396907,0,0,0,,,
33.084,odom,map,-1.34744,1.61954,0.3992,0,0,0,,,
33.12,odom,map,-1.34879,1.62127,0.401609,0,0,0,,,
33.156,odom,map,-1.35014,1.62298,0.404018,0,0,0,,,
33.192,odom,map,-1.3515,1.62467,0.406426,0,0,0,,,
33.192,ekf,map,-1.41862,1.6593,0.430828,0.0386478,0.0386484,-3.10682e-06,0.054542,,
33.228,odom,map,-1.35188,1.62514,0.407095,0,0,0,,,
33.192,kf,map,-1.41928,1.65899,0.43197,0.036855,0.036855,0,0.059792,,
33.192,ekf_predict_only,map,-1.37394,1.64598,0.406645,25.532,13.7318,2.61835,,,
33.192,pf,map,-1.35934,1.63764,0.411143,0.0353071,0.0393226,-0.00170111,7.04396,313.809,0
33.264,odom,map,-1.35188,1.62514,0.407095,0,0,0,,,
33.3,odom,map,-1.35188,1.62514,0.407095,0,0,0,,,
33.336,odom,map,-1.35188,1.62514,0.407095,0,0,0,,,
33.372,odom,map,-1.35188,1.62514,0.407095,0,0,0,,,
33.408,ekf_predict_only,map,-1.37394,1.64598,0.406645,25.632,13.8318,2.61835,,,
33.408,ekf,map,-1.41713,1.66002,0.428307,0.0391205,0.039121,-2.49983e-06,0.053458,,
33.408,kf,map,-1.41738,1.6599,0.428745,0.0369466,0.0369466,0,0.055416,,
33.408,odom,map,-1.35188,1.62514,0.407095,0,0,0,,,
33.408,pf,map,-1.37,1.64442,0.411108,0.0377534,0.0387087,-3.42788e-05,9.12167,314.587,0
33.444,odom,map,-1.35188,1.62514,0.407095,0,0,0,,,
33.48,odom,map,-1.35188,1.62514,0.407095,0,0,0,,,
33.516,odom,map,-1.3517,1.62522,0.406982,0,0,0,,,
33.552,odom,map,-1.35046,1.62575,0.406456,0,0,0,,,
33.588,odom,map,-1.34864,1.62653,0.405743,0,0,0,,,
33.588,ekf_predict_only,map,-1.36006,1.65196,0.394605,25.827,13.8966,2.51561,,,
33.588,kf,map,-1.41091,1.66286,0.423743,0.036855,0.036855,0,0.055375,,
33.624,odom,map,-1.34779,1.62658,0.404125,0,0,0,,,
33.588,ekf,map,-1.41121,1.66273,0.423987,0.0386567,0.0386571,-1.48923e-06,0.50325,,
33.588,pf,map,-1.36814,1.66269,0.412989,0.0335574,0.040792,-0.000679905,5.55233,320.709,0
33.66,odom,map,-1.34654,1.6266,0.40043,0,0,0,,,
33.696,odom,map,-1.34461,1.62689,0.395637,0,0,0,,,
33.732,odom,map,-1.34242,1.62726,0.390446,0,0,0,,,
33.768,odom,map,-1.33994,1.62772,0.384846,0,0,0,,,
33.804,odom,map,-1.33687,1.62842,0.378486,0,0,0,,,
33.804,ekf_predict_only,map,-1.32286,1.66745,0.35183,26.1754,13.9134,2.23471,,,
33.804,ekf,map,-1.38736,1.67332,0.396901,0.0391286,0.0391299,-1.76673e-06,0.633625,,
33.804,kf,map,-1.38655,1.67365,0.395963,0.0369466,0.0369466,0,0.070584,,
33.804,pf,map,-1.34887,1.64952,0.388677,0.0404179,0.0347793,-0.000696103,5.28521,310.2,0
33.84,odom,map,-1.33101,1.63073,0.371424,0,0,0,,,
33.876,odom,map,-1.32475,1.63314,0.364294,0,0,0,,,
33.912,odom,map,-1.31816,1.63562,0.356956,0,0,0,,,
33.948,odom,map,-1.3108,1.63834,0.349278,0,0,0,,,
33.984,odom,map,-1.30293,1.64117,0.341472,0,0,0,,,
34.02,odom,map,-1.29473,1.64404,0.333393,0,0,0,,,
33.984,ekf_predict_only,map,-1.2798,1.68326,0.310603,26.5317,13.9381,1.89938,,,
33.984,ekf,map,-1.35452,1.68649,0.362302,0.0386619,0.0386646,-2.03611e-06,0.061792,,
33.984,kf,map,-1.35385,1.68676,0.361747,0.036855,0.036855,0,0.857625,,
33.984,pf,map,-1.32641,1.6664,0.354487,0.0340392,0.0380037,-0.00128207,4.75462,319.835,0
34.056,odom,map,-1.28575,1.64711,0.324901,0,0,0,,,
34.092,odom,map,-1.27569,1.65045,0.316146,0,0,0,,,
34.128,odom,map,-1.26539,1.65377,0.307367,0,0,0,,,
34.164,odom,map,-1.25474,1.6571,0.298422,0,0,0,,,
34.2,odom,map,-1.24356,1.66048,0.289301,0,0,0,,,
34.2,ekf,map,-1.29478,1.7076,0.310919,0.0391335,0.0391414,-4.30284e-06,0.109833,,
34.2,ekf_predict_only,map,-1.20577,1.70702,0.255069,27.0229,13.9615,1.30232,,,
34.2,kf,map,-1.29387,1.708,0.310546,0.0369466,0.0369466,0,0.156792,,
34.2,pf,map,-1.25304,1.68913,0.291468,0.0384159,0.0330823,-0.00117476,5.17196,288.732,0
34.236,odom,map,-1.23142,1.66403,0.280058,0,0,0,,,
34.272,odom,map,-1.21895,1.66756,0.270803,0,0,0,,,
34.308,odom,map,-1.20616,1.67104,0.261432,0,0,0,,,
34.344,odom,map,-1.19259,1.6746,0.25201,0,0,0,,,
34.38,odom,map,-1.17827,1.67822,0.242851,0,0,0,,,
34.416,odom,map,-1.16347,1.68182,0.233843,0,0,0,,,
34.401,amcl,map,-1.20316,1.67381,0.247225,0.0571319,0.0289875,0.0257459,,,
34.416,ekf_predict_only,map,-1.1158,1.73048,0.201287,27.5159,14.0591,0.549085,,,
34.416,ekf,map,-1.21608,1.73047,0.256723,0.0391954,0.0392102,-6.61926e-06,0.112542,,
34.416,kf,map,-1.21528,1.73089,0.256656,0.0369528,0.0369528,0,0.057667,,
34.416,pf,map,-1.17562,1.72972,0.248706,0.038768,0.0344477,0.00308114,9.24212,303.777,0
34.452,odom,map,-1.14838,1.68534,0.224879,0,0,0,,,
34.488,odom,map,-1.13308,1.68877,0.215968,0,0,0,,,
34.524,odom,map,-1.1172,1.69218,0.207315,0,0,0,,,
34.56,odom,map,-1.10115,1.69548,0.198777,0,0,0,,,
34.596,odom,map,-1.08496,1.69867,0.190443,0,0,0,,,
34.596,ekf_predict_only,map,-1.03178,1.74763,0.163236,27.9074,14.2474,-0.174211,,,
34.596,ekf,map,-1.13896,1.74861,0.214451,0.0386488,0.0386677,-7.06099e-06,0.059708,,
34.596,kf,map,-1.13849,1.74891,0.214635,0.0368554,0.0368554,0,0.126833,,
34.632,odom,map,-1.06869,1.70174,0.182634,0,0,0,,,
34.596,pf,map,-1.08631,1.71998,0.184333,0.0375653,0.0345483,0.000668922,7.24017,302.963,0
34.668,odom,map,-1.05239,1.70469,0.175261,0,0,0,,,
34.704,odom,map,-1.03608,1.70752,0.16809,0,0,0,,,
34.74,odom,map,-1.01974,1.71023,0.161237,0,0,0,,,
34.776,odom,map,-1.00339,1.71284,0.154855,0,0,0,,,
34.812,odom,map,-0.987018,1.71534,0.148707,0,0,0,,,
34.812,ekf_predict_only,map,-0.928679,1.76461,0.126352,28.2998,14.5762,-1.08056,,,
34.812,ekf,map,-1.04177,1.76739,0.172801,0.039107,0.0391394,-1.0168e-05,0.106708,,
34.812,kf,map,-1.04138,1.7677,0.173119,0.0369466,0.0369466,0,0.065792,,
34.812,pf,map,-0.989704,1.73443,0.157413,0.0385799,0.0355327,0.000695699,4.83271,301.94,0
34.848,odom,map,-0.970634,1.71775,0.142877,0,0,0,,,
34.884,odom,map,-0.954236,1.72006,0.137393,0,0,0,,,
34.92,odom,map,-0.937826,1.72228,0.132293,0,0,0,,,
34.956,odom,map,-0.921406,1.72443,0.12757,0,0,0,,,
34.992,odom,map,-0.904975,1.7265,0.122971,0,0,0,,,
35.001,amcl,map,-0.95035,1.71999,0.163035,0.0594287,0.0241586,0.017728,,,
34.992,ekf_predict_only,map,-0.84394,1.77537,0.105255,28.587,14.9645,-1.8357,,,
34.992,ekf,map,-0.960519,1.78005,0.147095,0.0386472,0.0386792,-8.67082e-06,0.108208,,
35.028,odom,map,-0.888536,1.72849,0.118643,0,0,0,,,
34.992,kf,map,-0.96029,1.78026,0.147396,0.036855,0.036855,0,0.059375,,
34.992,pf,map,-0.916594,1.7448,0.119325,0.0359097,0.0332426,1.35678e-05,6.70196,316.211,0
35.064,odom,map,-0.872089,1.73042,0.114751,0,0,0,,,
35.1,odom,map,-0.855634,1.73229,0.111385,0,0,0,,,
35.136,odom,map,-0.839174,1.7341,0.108302,0,0,0,,,
35.172,odom,map,-0.822709,1.73587,0.105479,0,0,0,,,
35.208,odom,map,-0.807593,1.73747,0.103137,0,0,0,,,
35.208,ekf_predict_only,map,-0.744949,1.78583,0.0889043,28.8702,15.5167,-2.727,,,
35.208,ekf,map,-0.862726,1.7932,0.12666,0.0391205,0.0391643,-1.0107e-05,0.056209,,
35.208,kf,map,-0.862634,1.79337,0.126969,0.0369466,0.0369466,0,0.090542,,
35.208,pf,map,-0.798511,1.76905,0.101871,0.0360119,0.0384799,0.00211496,4.71579,314.651,0
35.244,odom,map,-0.797234,1.73866,0.102376,0,0,0,,,
35.28,odom,map,-0.787018,1.73984,0.102075,0,0,0,,,
35.316,odom,map,-0.776837,1.74105,0.102125,0,0,0,,,
35.352,odom,map,-0.766661,1.74227,0.102291,0,0,0,,,
35.388,odom,map,-0.756699,1.7435,0.102713,0,0,0,,,
35.424,odom,map,-0.743036,1.74499,0.102355,0,0,0,,,
35.388,ekf_predict_only,map,-0.66555,1.79291,0.0842966,29.0951,16.0699,-3.44739,,,
35.388,kf,map,-0.782135,1.80288,0.118028,0.036855,0.036855,0,0.069042,,
35.388,ekf,map,-0.782082,1.80278,0.117744,0.038657,0.0386947,-7.63395e-06,0.062,,
35.388,pf,map,-0.711646,1.77027,0.095117,0.0377655,0.0368685,-0.00143188,10.6234,297.729,0
35.46,odom,map,-0.727176,1.74661,0.101434,0,0,0,,,
35.496,odom,map,-0.711452,1.7482,0.100692,0,0,0,,,
35.532,odom,map,-0.696027,1.74976,0.10039,0,0,0,,,
35.568,odom,map,-0.680772,1.75129,0.100435,0,0,0,,,
35.604,odom,map,-0.665591,1.75283,0.100669,0,0,0,,,
35.604,ekf_predict_only,map,-0.574326,1.80061,0.0857013,29.3318,16.791,-4.28245,,,
35.604,ekf,map,-0.689028,1.81338,0.114974,0.0391288,0.039175,-8.17845e-06,0.104208,,
35.604,kf,map,-0.689164,1.81345,0.115282,0.0369466,0.0369466,0,0.103667,,
35.601,amcl,map,-0.694394,1.75876,0.13528,0.0730419,0.0242905,0.0110797,,,
35.604,pf,map,-0.625481,1.77577,0.0918918,0.0389319,0.0366453,-0.00108814,5.03833,314.722,0
35.64,odom,map,-0.650553,1.75435,0.101026,0,0,0,,,
35.676,odom,map,-0.635918,1.75584,0.10168,0,0,0,,,
35.712,odom,map,-0.621505,1.75731,0.102501,0,0,0,,,
35.748,odom,map,-0.607216,1.75879,0.103403,0,0,0,,,
35.784,odom,map,-0.59311,1.76026,0.104635,0,0,0,,,
35.784,ekf,map,-0.616964,1.82164,0.119147,0.0386617,0.0386984,-5.91744e-06,0.06175,,
35.82,odom,map,-0.580845,1.76264,0.109399,0,0,0,,,
35.784,kf,map,-0.617148,1.82167,0.119446,0.036855,0.036855,0,0.106209,,
35.784,ekf_predict_only,map,-0.505153,1.80656,0.0945311,29.5377,17.434,-4.92214,,,
35.784,pf,map,-0.560123,1.77235,0.0850747,0.0354807,0.0360249,0.0013846,9.42946,287.705,0
35.856,odom,map,-0.570106,1.76581,0.116833,0,0,0,,,
35.892,odom,map,-0.559562,1.76908,0.124292,0,0,0,,,
35.928,odom,map,-0.54912,1.77244,0.131852,0,0,0,,,
35.964,odom,map,-0.538804,1.7759,0.13909,0,0,0,,,
36,odom,map,-0.528701,1.77942,0.145099,0,0,0,,,
36,ekf,map,-0.535295,1.8317,0.125339,0.0391325,0.0391744,-6.22323e-06,0.114584,,
36,kf,map,-0.535459,1.83165,0.125106,0.0369466,0.0369466,0,0.113542,,
36,pf,map,-0.504616,1.77533,0.0971129,0.03503,0.0375483,0.00148933,4.86542,302.858,0
36,ekf_predict_only,map,-0.425405,1.81412,0.0951557,29.7731,18.2377,-5.66963,,,
36.036,odom,map,-0.515579,1.7814,0.14536,0,0,0,,,
36.072,odom,map,-0.502448,1.78332,0.145235,0,0,0,,,
36.108,odom,map,-0.489508,1.78521,0.144533,0,0,0,,,
36.144,odom,map,-0.476726,1.78707,0.143481,0,0,0,,,
36.18,odom,map,-0.463999,1.7889,0.142333,0,0,0,,,
36.216,kf,map,-0.458004,1.84147,0.121134,0.0369528,0.0369528,0,0.061875,,
36.216,odom,map,-0.451457,1.79069,0.141001,0,0,0,,,
36.216,ekf,map,-0.457829,1.84153,0.121441,0.0391936,0.0392323,-5.49134e-06,0.055375,,
36.216,ekf_predict_only,map,-0.350057,1.82131,0.0869446,30.0026,19.0797,-6.38343,,,
36.216,pf,map,-0.394621,1.80708,0.0980672,0.037443,0.0374312,-0.0020642,6.87362,307.154,0
36.252,odom,map,-0.439097,1.79243,0.139455,0,0,0,,,
36.288,odom,map,-0.426882,1.79414,0.137838,0,0,0,,,
36.324,odom,map,-0.414784,1.7958,0.136094,0,0,0,,,
36.36,odom,map,-0.402739,1.79744,0.134267,0,0,0,,,
36.396,odom,map,-0.390836,1.79904,0.132453,0,0,0,,,
36.432,odom,map,-0.380973,1.80084,0.131169,0,0,0,,,
36.396,kf,map,-0.397407,1.84875,0.11361,0.0368554,0.0368554,0,0.064167,,
36.396,ekf,map,-0.397232,1.84879,0.113744,0.0386469,0.0386755,-3.92282e-06,0.139333,,
36.402,amcl,map,-0.424764,1.80358,0.140409,0.0784244,0.0265589,0.0051769,,,
36.396,ekf_predict_only,map,-0.292052,1.82637,0.0780976,30.194,19.8022,-6.93516,,,
36.396,pf,map,-0.338549,1.80603,0.0964882,0.0390425,0.0408039,0.000900297,5.372,296.863,0
36.468,odom,map,-0.371415,1.80266,0.129957,0,0,0,,,
36.504,odom,map,-0.362024,1.80445,0.12873,0,0,0,,,
36.54,odom,map,-0.35299,1.80618,0.127419,0,0,0,,,
36.576,odom,map,-0.344219,1.80787,0.126092,0,0,0,,,
36.612,ekf_predict_only,map,-0.22753,1.83142,0.0667946,30.3857,20.6477,-7.55005,,,
36.612,ekf,map,-0.330015,1.85617,0.102965,0.0391045,0.0391358,-4.14156e-06,0.675,,
36.612,kf,map,-0.330221,1.85616,0.102902,0.0369466,0.0369466,0,0.062375,,
36.612,odom,map,-0.334902,1.80944,0.124596,0,0,0,,,
36.612,pf,map,-0.282052,1.83146,0.0737433,0.0394089,0.0379053,0.000483264,9.67962,302.3,0
36.648,odom,map,-0.324362,1.81075,0.122541,0,0,0,,,
36.684,odom,map,-0.314233,1.81199,0.120213,0,0,0,,,
36.72,odom,map,-0.304588,1.81314,0.118667,0,0,0,,,
36.756,odom,map,-0.296202,1.81414,0.118651,0,0,0,,,
36.792,odom,map,-0.289103,1.81499,0.118651,0,0,0,,,
36.828,odom,map,-0.283292,1.81568,0.118651,0,0,0,,,
36.792,ekf_predict_only,map,-0.22753,1.83142,0.0667946,30.4857,20.7477,-7.55005,,,
36.792,ekf,map,-0.293905,1.8597,0.098484,0.0386452,0.038665,-2.6057e-06,0.0725,,
36.792,kf,map,-0.295632,1.85954,0.098675,0.036855,0.036855,0,0.144791,,
36.792,pf,map,-0.226102,1.84483,0.0668247,0.0387593,0.0361109,0.00110147,6.2955,300.83,0
36.864,odom,map,-0.278767,1.81622,0.118651,0,0,0,,,
36.9,odom,map,-0.275529,1.81661,0.118651,0,0,0,,,
36.936,odom,map,-0.273578,1.81684,0.118651,0,0,0,,,
36.972,odom,map,-0.272913,1.81692,0.118651,0,0,0,,,
37.008,odom,map,-0.272913,1.81692,0.118651,0,0,0,,,
37.008,ekf_predict_only,map,-0.22753,1.83142,0.0667946,30.5857,20.8477,-7.55005,,,
37.008,ekf,map,-0.272908,1.86175,0.0974541,0.0391184,0.0391349,-2.15411e-06,0.083417,,
37.008,kf,map,-0.274524,1.8616,0.097561,0.0369466,0.0369466,0,0.083125,,
37.008,pf,map,-0.244379,1.83143,0.069771,0.0394266,0.0369736,-0.000739594,4.61371,298.592,0
37.044,odom,map,-0.272913,1.81692,0.118651,0,0,0,,,
37.08,odom,map,-0.272913,1.81692,0.118651,0,0,0,,,
37.116,odom,map,-0.272913,1.81692,0.118651,0,0,0,,,
37.152,odom,map,-0.272913,1.81692,0.118651,0,0,0,,,
37.188,odom,map,-0.272913,1.81692,0.118651,0,0,0,,,
37.224,odom,map,-0.275755,1.8173,0.119239,0,0,0,,,
37.188,ekf_predict_only,map,-0.22753,1.83142,0.0667946,30.6857,20.9477,-7.55005,,,
37.188,ekf,map,-0.268392,1.8622,0.0972325,0.0386555,0.038665,-1.2368e-06,0.064042,,
37.188,kf,map,-0.269028,1.86213,0.0972709,0.036855,0.036855,0,0.060166,,
37.188,pf,map,-0.243877,1.82996,0.0786211,0.0331531,0.0394559,-0.00191491,7.51929,317.979,0
37.26,odom,map,-0.280203,1.8179,0.12016,0,0,0,,,
37.296,odom,map,-0.284653,1.81849,0.12108,0,0,0,,,
37.332,odom,map,-0.289104,1.81909,0.122001,0,0,0,,,
37.368,odom,map,-0.292968,1.81975,0.122832,0,0,0,,,
37.404,odom,map,-0.295885,1.82047,0.123604,0,0,0,,,
37.404,ekf_predict_only,map,-0.213841,1.83233,0.0621765,30.8024,21.2131,-7.68013,,,
37.404,ekf,map,-0.262911,1.86273,0.096031,0.0391274,0.039135,-9.97248e-07,0.102541,,
37.404,kf,map,-0.262621,1.86276,0.0958506,0.0369466,0.0369466,0,0.059292,,
37.404,pf,map,-0.235903,1.82413,0.0792139,0.0389097,0.0341705,0.0020223,4.52908,295.012,0
37.44,odom,map,-0.294193,1.82068,0.123062,0,0,0,,,
37.476,odom,map,-0.291521,1.82101,0.121886,0,0,0,,,
37.512,odom,map,-0.2877,1.82147,0.120173,0,0,0,,,
37.548,odom,map,-0.283192,1.82201,0.118107,0,0,0,,,
37.584,odom,map,-0.278223,1.82259,0.11554,0,0,0,,,
37.584,kf,map,-0.24317,1.86459,0.0855742,0.036855,0.036855,0,0.060542,,
37.62,odom,map,-0.272483,1.82325,0.112134,0,0,0,,,
37.584,ekf_predict_only,map,-0.18225,1.8343,0.0425289,30.9382,21.7047,-7.98006,,,
37.584,ekf,map,-0.243828,1.86455,0.0860741,0.0386607,0.038666,-6.58417e-07,0.102333,,
37.584,pf,map,-0.200806,1.83335,0.0789167,0.0357135,0.0320999,0.00197101,10.8953,329.048,0
37.656,odom,map,-0.266003,1.82397,0.108115,0,0,0,,,
37.692,odom,map,-0.258584,1.82476,0.103751,0,0,0,,,
37.728,odom,map,-0.250865,1.82554,0.0993254,0,0,0,,,
37.764,odom,map,-0.242832,1.82632,0.0945562,0,0,0,,,
37.8,odom,map,-0.234184,1.82712,0.0894234,0,0,0,,,
37.8,ekf,map,-0.199242,1.86801,0.0606384,0.0391316,0.0391398,-8.82946e-07,0.124542,,
37.8,kf,map,-0.198246,1.86808,0.0600745,0.0369466,0.0369466,0,0.125584,,
37.8,ekf_predict_only,map,-0.12278,1.83683,0.00931509,31.0844,22.5798,-8.53914,,,
37.8,pf,map,-0.148033,1.84364,0.0479157,0.0360651,0.0344805,0.00306197,4.72796,305.046,0
37.836,odom,map,-0.224616,1.82795,0.0839586,0,0,0,,,
37.872,odom,map,-0.214728,1.82876,0.078423,0,0,0,,,
37.908,odom,map,-0.204399,1.82954,0.0726979,0,0,0,,,
37.944,odom,map,-0.193532,1.8303,0.0669651,0,0,0,,,
37.98,odom,map,-0.182216,1.83102,0.0611244,0,0,0,,,
38.016,odom,map,-0.170749,1.83169,0.0552471,0,0,0,,,
38.016,ekf_predict_only,map,-0.0538613,1.83747,-0.0259489,31.1961,23.6405,-9.17319,,,
38.016,ekf,map,-0.137773,1.8708,0.0279191,0.0391928,0.0392049,-1.05889e-06,0.105333,,
38.016,kf,map,-0.137093,1.87087,0.0276286,0.0369528,0.0369528,0,0.28975,,
38.016,pf,map,-0.114078,1.8406,-0.0023517,0.0354425,0.0365606,-0.000401386,7.16767,317.88,0
38.052,odom,map,-0.159098,1.8323,0.0493298,0,0,0,,,
38.088,odom,map,-0.146746,1.83287,0.0433254,0,0,0,,,
38.124,odom,map,-0.133896,1.83339,0.0371973,0,0,0,,,
38.16,odom,map,-0.120868,1.83384,0.0310152,0,0,0,,,
38.196,odom,map,-0.107653,1.8342,0.0246593,0,0,0,,,
38.196,ekf,map,-0.0748688,1.87158,-0.0024013,0.0386464,0.0386607,-9.1267e-07,0.061,,
38.196,kf,map,-0.0744084,1.87164,-0.00254374,0.0368554,0.0368554,0,0.123208,,
38.232,odom,map,-0.0939875,1.8345,0.0182663,0,0,0,,,
38.202,amcl,map,-0.0979835,1.83239,0.01144,0.0869367,0.0372181,0.000308089,,,
38.196,ekf_predict_only,map,0.0151156,1.83568,-0.0577461,31.2634,24.7695,-9.78965,,,
38.196,pf,map,-0.0449733,1.82245,-0.0150296,0.0375514,0.0412318,0.00155749,8.74779,310.978,0
38.268,odom,map,-0.079941,1.83471,0.0119746,0,0,0,,,
38.304,odom,map,-0.0657533,1.83483,0.00570558,0,0,0,,,
38.34,odom,map,-0.051303,1.83487,-0.000605674,0,0,0,,,
38.376,odom,map,-0.0365886,1.83482,-0.00652006,0,0,0,,,
38.412,odom,map,-0.0217886,1.83468,-0.0119494,0,0,0,,,
38.412,kf,map,0.0105539,1.86994,-0.0376149,0.0369466,0.0369466,0,0.059542,,
38.412,ekf_predict_only,map,0.103777,1.83055,-0.0901057,31.2701,26.292,-10.5559,,,
38.412,ekf,map,0.0102291,1.86982,-0.0377466,0.039104,0.0391287,-9.22691e-07,0.666708,,
38.412,pf,map,0.0472167,1.82965,-0.0393689,0.0389969,0.035045,0.000534864,10.389,311.122,0
38.448,odom,map,-0.00698868,1.83446,-0.0173426,0,0,0,,,
38.484,odom,map,0.00784243,1.83417,-0.0224382,0,0,0,,,
38.52,odom,map,0.0228318,1.8338,-0.0272093,0,0,0,,,
38.556,odom,map,0.037956,1.83335,-0.0318881,0,0,0,,,
38.592,odom,map,0.0531149,1.83283,-0.0365695,0,0,0,,,
38.592,ekf_predict_only,map,0.180039,1.82366,-0.111895,31.2452,27.706,-11.1877,,,
38.592,ekf,map,0.0846409,1.86587,-0.0623656,0.0386448,0.03867,-3.36686e-07,0.055833,,
38.592,kf,map,0.0848245,1.86597,-0.0621971,0.036855,0.036855,0,0.061958,,
38.628,odom,map,0.0683658,1.83224,-0.0410443,0,0,0,,,
38.592,pf,map,0.135949,1.82853,-0.0732994,0.0406513,0.0372105,0.000155168,5.843,304.736,0
38.664,odom,map,0.0837131,1.83157,-0.0453664,0,0,0,,,
38.7,odom,map,0.0992144,1.83084,-0.0496471,0,0,0,,,
38.736,odom,map,0.114754,1.83003,-0.0539259,0,0,0,,,
38.772,odom,map,0.130306,1.82916,-0.0581689,0,0,0,,,
38.808,odom,map,0.145885,1.82822,-0.0622216,0,0,0,,,
38.808,ekf_predict_only,map,0.273155,1.8132,-0.135838,31.1568,29.5247,-11.9292,,,
38.808,ekf,map,0.176968,1.85882,-0.0882968,0.0391182,0.0391542,4.4679e-07,0.055042,,
38.808,kf,map,0.177083,1.85893,-0.0881387,0.0369466,0.0369466,0,0.115709,,
38.808,pf,map,0.223868,1.80434,-0.10028,0.0378208,0.0379769,0.00052125,8.01658,292.534,0
38.844,odom,map,0.161556,1.82721,-0.0661792,0,0,0,,,
38.88,odom,map,0.177191,1.82614,-0.069998,0,0,0,,,
38.916,odom,map,0.192783,1.82502,-0.0737555,0,0,0,,,
38.952,odom,map,0.208337,1.82384,-0.0773877,0,0,0,,,
38.988,odom,map,0.223866,1.82261,-0.0809224,0,0,0,,,
39.024,odom,map,0.240231,1.82065,-0.0858427,0,0,0,,,
38.988,ekf_predict_only,map,0.350322,1.80265,-0.153485,31.0686,31.1449,-12.5139,,,
38.988,ekf,map,0.254465,1.85107,-0.107185,0.0386554,0.0386879,1.11042e-06,0.063459,,
38.988,kf,map,0.2545,1.85115,-0.107083,0.036855,0.036855,0,0.090458,,
39,amcl,map,0.220206,1.81518,-0.0918098,0.105343,0.0509457,-0.0107819,,,
38.988,pf,map,0.30983,1.81009,-0.126236,0.0342234,0.0357347,0.000732237,15.5024,287.233,0
39.06,odom,map,0.257034,1.81819,-0.0915899,0,0,0,,,
39.096,odom,map,0.273731,1.81561,-0.097194,0,0,0,,,
39.132,odom,map,0.290268,1.81291,-0.102693,0,0,0,,,
39.168,odom,map,0.306762,1.81008,-0.108186,0,0,0,,,
39.204,odom,map,0.323188,1.80719,-0.113385,0,0,0,,,
39.204,ekf,map,0.346306,1.84018,-0.126918,0.0391274,0.0391692,2.3808e-06,0.057375,,
39.204,ekf_predict_only,map,0.441322,1.78858,-0.169834,30.9199,33.1501,-13.1703,,,
39.204,kf,map,0.346302,1.84029,-0.1267,0.0369466,0.0369466,0,0.055625,,
39.204,pf,map,0.383062,1.80158,-0.161587,0.0369588,0.0378858,0.000173871,5.91,314.089,0
39.24,odom,map,0.338433,1.80543,-0.11627,0,0,0,,,
39.276,odom,map,0.353672,1.80363,-0.118787,0,0,0,,,
39.312,odom,map,0.368969,1.80179,-0.121307,0,0,0,,,
39.348,odom,map,0.384267,1.7999,-0.123842,0,0,0,,,
39.384,odom,map,0.399684,1.79797,-0.126343,0,0,0,,,
39.42,odom,map,0.415249,1.79597,-0.12887,0,0,0,,,
39.384,ekf_predict_only,map,0.518871,1.77528,-0.182574,30.7877,34.9702,-13.6999,,,
39.384,ekf,map,0.423108,1.82973,-0.140553,0.0386609,0.0386965,2.72462e-06,0.060709,,
39.384,kf,map,0.423167,1.82979,-0.140452,0.036855,0.036855,0,0.116875,,
39.384,pf,map,0.436641,1.80325,-0.142536,0.0385534,0.0400095,0.00286583,5.30683,306.685,0
39.456,odom,map,0.430853,1.79393,-0.131418,0,0,0,,,
39.492,odom,map,0.446529,1.79183,-0.133959,0,0,0,,,
39.528,odom,map,0.462427,1.78967,-0.136568,0,0,0,,,
39.564,odom,map,0.478601,1.78743,-0.139323,0,0,0,,,
39.6,odom,map,0.494842,1.78512,-0.14222,0,0,0,,,
39.6,ekf_predict_only,map,0.615672,1.75741,-0.200128,30.5797,37.3431,-14.3241,,,
39.6,ekf,map,0.51833,1.8155,-0.157001,0.039132,0.0391771,4.41639e-06,0.064917,,
39.6,kf,map,0.51847,1.81554,-0.157034,0.0369466,0.0369466,0,0.058917,,
39.6,amcl,map,0.494204,1.76807,-0.141401,0.106094,0.0620968,-0.0241905,,,
39.6,pf,map,0.554522,1.7658,-0.178664,0.0383645,0.0357072,-0.00126279,4.95242,314.446,0
39.636,odom,map,0.511079,1.78277,-0.145146,0,0,0,,,
39.672,odom,map,0.527388,1.78037,-0.148205,0,0,0,,,
39.708,odom,map,0.543739,1.7779,-0.151449,0,0,0,,,
39.744,odom,map,0.560098,1.77537,-0.154854,0,0,0,,,
39.78,odom,map,0.576456,1.77279,-0.158303,0,0,0,,,
39.816,odom,map,0.591677,1.77014,-0.161554,0,0,0,,,
39.816,ekf_predict_only,map,0.713253,1.73761,-0.220626,30.3442,39.8765,-14.9042,,,
39.816,kf,map,0.615799,1.79924,-0.176545,0.0369528,0.0369528,0,0.062084,,
39.816,ekf,map,0.615709,1.7992,-0.176481,0.0391934,0.0392401,5.44362e-06,0.056,,
39.816,pf,map,0.66721,1.75796,-0.19395,0.0400327,0.0380941,0.00022414,4.60871,300.427,0
39.852,odom,map,0.605097,1.76742,-0.164631,0,0,0,,,
39.888,odom,map,0.61839,1.76467,-0.167732,0,0,0,,,
39.924,odom,map,0.631637,1.7619,-0.170815,0,0,0,,,
39.96,odom,map,0.644789,1.75909,-0.173971,0,0,0,,,
39.996,odom,map,0.657807,1.75626,-0.177187,0,0,0,,,
40.032,odom,map,0.673278,1.7534,-0.180713,0,0,0,,,
39.996,ekf_predict_only,map,0.791508,1.72006,-0.238208,30.1517,42.0317,-15.3259,,,
39.996,kf,map,0.695541,1.78426,-0.194071,0.0368554,0.0368554,0,0.059708,,
39.996,ekf,map,0.695559,1.78421,-0.194055,0.0386471,0.0386852,5.12277e-06,0.054666,,
39.996,pf,map,0.73255,1.73933,-0.211996,0.0312386,0.0404095,0.000412036,8.59154,299.889,0
40.068,odom,map,0.689052,1.75049,-0.18423,0,0,0,,,
40.104,odom,map,0.704787,1.74753,-0.187714,0,0,0,,,
40.14,odom,map,0.72032,1.74455,-0.191054,0,0,0,,,
40.176,odom,map,0.735581,1.74157,-0.19425,0,0,0,,,
40.212,odom,map,0.75075,1.73856,-0.197407,0,0,0,,,
40.212,ekf_predict_only,map,0.881673,1.69817,-0.257147,29.8934,44.6151,-15.7623,,,
40.212,ekf,map,0.7883,1.76503,-0.214034,0.0391051,0.0391512,7.09121e-06,0.098125,,
40.212,kf,map,0.788203,1.76512,-0.213978,0.0369466,0.0369466,0,0.055875,,
40.2,amcl,map,0.75644,1.72852,-0.201384,0.106048,0.0751203,-0.0380873,,,
40.212,pf,map,0.819357,1.71862,-0.227325,0.0357157,0.0359122,-4.97494e-05,7.20254,310.905,0
40.248,odom,map,0.765791,1.73553,-0.200606,0,0,0,,,
40.284,odom,map,0.780538,1.73251,-0.203666,0,0,0,,,
40.32,odom,map,0.795025,1.7295,-0.206203,0,0,0,,,
40.356,odom,map,0.809444,1.72646,-0.208576,0,0,0,,,
40.392,odom,map,0.823719,1.72343,-0.210726,0,0,0,,,
40.392,ekf_predict_only,map,0.950304,1.68012,-0.265393,29.7035,46.6886,-16.054,,,
40.392,ekf,map,0.860602,1.74866,-0.226423,0.0386459,0.0386825,6.2123e-06,0.054667,,
40.392,kf,map,0.860444,1.74876,-0.226215,0.036855,0.036855,0,0.059458,,
40.428,odom,map,0.839663,1.71817,-0.212647,0,0,0,,,
40.392,pf,map,0.887816,1.69927,-0.256338,0.0355075,0.0337923,0.00067379,6.86233,318.16,0
40.464,odom,map,0.856312,1.71204,-0.214767,0,0,0,,,
40.5,odom,map,0.87296,1.70586,-0.217026,0,0,0,,,
40.536,odom,map,0.889636,1.69964,-0.218652,0,0,0,,,
40.572,odom,map,0.906158,1.69345,-0.218646,0,0,0,,,
40.608,odom,map,0.922001,1.68796,-0.217984,0,0,0,,,
40.608,ekf_predict_only,map,1.03143,1.65807,-0.258933,29.4561,49.2151,-16.3632,,,
40.608,ekf,map,0.943846,1.72891,-0.230376,0.0391196,0.0391614,7.87184e-06,0.056208,,
40.608,kf,map,0.943745,1.72905,-0.229743,0.0369466,0.0369466,0,0.097042,,
40.608,pf,map,0.965747,1.66915,-0.265976,0.0336117,0.0344457,0.00120773,7.71258,311.406,0
40.644,odom,map,0.935583,1.68496,-0.216709,0,0,0,,,
40.68,odom,map,0.949086,1.682,-0.215274,0,0,0,,,
40.716,odom,map,0.962535,1.67907,-0.213309,0,0,0,,,
40.752,odom,map,0.97579,1.67622,-0.210752,0,0,0,,,
40.788,odom,map,0.988761,1.67346,-0.207654,0,0,0,,,
40.788,ekf_predict_only,map,1.09494,1.64125,-0.241734,29.2962,51.2856,-16.5929,,,
40.788,ekf,map,1.01008,1.71334,-0.220726,0.0386567,0.0386888,6.50973e-06,0.060334,,
40.788,kf,map,1.00996,1.71345,-0.220209,0.036855,0.036855,0,0.1565,,
40.824,odom,map,1.00164,1.67077,-0.204291,0,0,0,,,
40.788,pf,map,1.03182,1.66784,-0.244452,0.0352596,0.0359052,0.000189572,7.87467,302.462,0
40.86,odom,map,1.01451,1.66813,-0.200851,0,0,0,,,
40.896,odom,map,1.02724,1.66556,-0.197171,0,0,0,,,
40.932,odom,map,1.03947,1.66314,-0.193055,0,0,0,,,
40.968,odom,map,1.05135,1.66085,-0.188712,0,0,0,,,
41.004,odom,map,1.06313,1.65867,-0.184364,0,0,0,,,
41.004,kf,map,1.08376,1.69735,-0.198129,0.0369466,0.0369466,0,0.063833,,
41.004,ekf_predict_only,map,1.16506,1.62396,-0.215439,29.1336,53.6343,-16.8481,,,
41.004,ekf,map,1.08398,1.69728,-0.198489,0.0391288,0.0391643,7.57522e-06,0.055875,,
41.001,amcl,map,1.05773,1.66901,-0.18334,0.101235,0.0891101,-0.0477641,,,
41.004,pf,map,1.09888,1.63935,-0.210265,0.0361641,0.0353364,-0.00106288,5.02642,306.223,0
41.04,odom,map,1.07388,1.65743,-0.180474,0,0,0,,,
41.076,odom,map,1.08428,1.65629,-0.176257,0,0,0,,,
41.112,odom,map,1.09438,1.65524,-0.171852,0,0,0,,,
41.148,odom,map,1.10437,1.65426,-0.167409,0,0,0,,,
41.184,odom,map,1.11409,1.65337,-0.162804,0,0,0,,,
41.22,odom,map,1.12401,1.65209,-0.157677,0,0,0,,,
41.184,ekf_predict_only,map,1.21564,1.61289,-0.188116,29.068,55.4044,-17.0439,,,
41.184,ekf,map,1.13887,1.68682,-0.1741,0.0386618,0.0386879,5.64533e-06,0.110625,,
41.184,kf,map,1.13863,1.68686,-0.17387,0.036855,0.036855,0,0.102875,,
41.184,pf,map,1.16254,1.61103,-0.187653,0.0375499,0.0389469,-0.000819822,4.60996,308.969,0
41.256,odom,map,1.13403,1.65052,-0.151984,0,0,0,,,
41.292,odom,map,1.14371,1.64907,-0.146039,0,0,0,,,
41.328,odom,map,1.15328,1.64769,-0.140052,0,0,0,,,
41.364,odom,map,1.16257,1.64641,-0.134037,0,0,0,,,
41.4,odom,map,1.17109,1.64528,-0.1292,0,0,0,,,
41.4,ekf_predict_only,map,1.24328,1.60763,-0.186528,29.0899,56.4339,-17.1604,,,
41.4,ekf,map,1.19069,1.6786,-0.147914,0.0391326,0.0391575,5.36148e-06,0.062792,,
41.4,kf,map,1.18927,1.67875,-0.149228,0.0369466,0.0369466,0,0.057583,,
41.4,pf,map,1.24556,1.60833,-0.155186,0.0384564,0.0345057,-0.000917723,6.83046,298.555,0
41.436,odom,map,1.17833,1.64435,-0.126956,0,0,0,,,
41.472,odom,map,1.18428,1.64359,-0.126783,0,0,0,,,
41.508,odom,map,1.18895,1.643,-0.126783,0,0,0,,,
41.544,odom,map,1.19234,1.64256,-0.126783,0,0,0,,,
41.58,odom,map,1.19443,1.6423,-0.126783,0,0,0,,,
41.616,odom,map,1.19525,1.64219,-0.126783,0,0,0,,,
41.616,ekf_predict_only,map,1.24328,1.60763,-0.186528,29.1899,56.5339,-17.1604,,,
41.616,ekf,map,1.21483,1.67517,-0.140665,0.0391935,0.0392113,3.81331e-06,0.062042,,
41.616,kf,map,1.21308,1.67541,-0.141422,0.0369528,0.0369528,0,0.092625,,
41.616,pf,map,1.29079,1.60817,-0.144604,0.0370166,0.0354262,0.000353839,5.14837,312.402,0
41.652,odom,map,1.19526,1.64219,-0.126783,0,0,0,,,
41.688,odom,map,1.19526,1.64219,-0.126783,0,0,0,,,
41.724,odom,map,1.19526,1.64219,-0.126783,0,0,0,,,
41.76,odom,map,1.19526,1.64219,-0.126783,0,0,0,,,
41.796,odom,map,1.19526,1.64219,-0.126783,0,0,0,,,
41.796,kf,map,1.21928,1.67454,-0.139391,0.0368554,0.0368554,0,0.061417,,
41.832,odom,map,1.19532,1.64313,-0.126025,0,0,0,,,
41.796,ekf,map,1.21998,1.67444,-0.13912,0.0386468,0.0386567,2.12753e-06,0.18225,,
41.796,ekf_predict_only,map,1.24328,1.60763,-0.186528,29.2899,56.6339,-17.1604,,,
41.796,pf,map,1.27985,1.61854,-0.150852,0.0331159,0.0410958,0.00318506,6.26792,297.122,0
41.868,odom,map,1.19539,1.64419,-0.125173,0,0,0,,,
41.904,odom,map,1.19546,1.64525,-0.12432,0,0,0,,,
41.94,odom,map,1.19553,1.6463,-0.123467,0,0,0,,,
41.976,odom,map,1.19559,1.64735,-0.122615,0,0,0,,,
42.012,odom,map,1.19564,1.64809,-0.122023,0,0,0,,,
42.012,ekf_predict_only,map,1.24328,1.60763,-0.186528,29.3899,56.7339,-17.1604,,,
42.012,ekf,map,1.22117,1.67427,-0.138765,0.0391043,0.0391121,1.68397e-06,0.100375,,
42.012,kf,map,1.22092,1.67431,-0.138855,0.0369466,0.0369466,0,0.06025,,
42.012,pf,map,1.25814,1.62151,-0.162071,0.0366959,0.0361907,0.000358588,5.568,314.041,0
42.048,odom,map,1.19564,1.64809,-0.122023,0,0,0,,,
42.084,odom,map,1.19564,1.64809,-0.122023,0,0,0,,,
42.12,odom,map,1.19595,1.64805,-0.122075,0,0,0,,,
42.156,odom,map,1.19665,1.64796,-0.122327,0,0,0,,,
42.192,odom,map,1.1978,1.64782,-0.123035,0,0,0,,,
42.228,odom,map,1.19922,1.64764,-0.123929,0,0,0,,,
42.192,kf,map,1.2248,1.67376,-0.140637,0.036855,0.036855,0,0.118292,,
42.192,ekf_predict_only,map,1.25033,1.6063,-0.190997,29.4703,57.0731,-17.19,,,
42.192,ekf,map,1.2247,1.67378,-0.140486,0.038645,0.0386495,9.61771e-07,0.091875,,
42.192,pf,map,1.25665,1.60919,-0.15337,0.0386299,0.0375828,-0.000896558,5.31742,315.719,0
42.264,odom,map,1.20098,1.64742,-0.12529,0,0,0,,,
42.3,odom,map,1.20327,1.64713,-0.127297,0,0,0,,,
42.336,odom,map,1.20603,1.64677,-0.129985,0,0,0,,,
42.372,odom,map,1.20893,1.64639,-0.132959,0,0,0,,,
42.408,odom,map,1.212,1.64598,-0.136346,0,0,0,,,
42.408,ekf_predict_only,map,1.26917,1.60265,-0.213226,29.5165,57.8161,-17.2667,,,
42.408,kf,map,1.23938,1.67164,-0.155568,0.0369466,0.0369466,0,0.058833,,
42.408,ekf,map,1.2391,1.67169,-0.155106,0.0391183,0.0391222,8.12205e-07,0.058416,,
42.408,pf,map,1.2708,1.59422,-0.171268,0.040396,0.0374091,0.00344988,5.425,288.484,0
42.444,odom,map,1.21544,1.6455,-0.140761,0,0,0,,,
42.48,odom,map,1.21858,1.64504,-0.146118,0,0,0,,,
42.516,odom,map,1.22144,1.64461,-0.152189,0,0,0,,,
42.552,odom,map,1.22402,1.64421,-0.159024,0,0,0,,,
42.588,odom,map,1.22625,1.64384,-0.167005,0,0,0,,,
42.588,ekf_predict_only,map,1.27871,1.60059,-0.26136,29.5862,58.2436,-17.3013,,,
42.588,ekf,map,1.25129,1.66965,-0.188094,0.0386554,0.0386579,4.98842e-07,0.059625,,
42.624,odom,map,1.22827,1.64349,-0.175904,0,0,0,,,
42.588,kf,map,1.25124,1.66965,-0.188921,0.036855,0.036855,0,0.102416,,
42.588,pf,map,1.2621,1.61089,-0.200746,0.038846,0.0407809,-0.000930554,9.62567,307.937,0
42.66,odom,map,1.23019,1.64314,-0.18573,0,0,0,,,
42.696,odom,map,1.2321,1.64277,-0.195792,0,0,0,,,
42.732,odom,map,1.23403,1.64238,-0.206199,0,0,0,,,
42.768,odom,map,1.23629,1.6419,-0.217774,0,0,0,,,
42.804,odom,map,1.23891,1.6413,-0.230009,0,0,0,,,
42.804,ekf,map,1.26546,1.66666,-0.250381,0.0391273,0.0391297,4.71531e-07,0.090542,,
42.804,ekf_predict_only,map,1.2955,1.5961,-0.337066,29.6204,58.9242,-17.3466,,,
42.804,kf,map,1.26561,1.66663,-0.251345,0.0369466,0.0369466,0,0.066875,,
42.804,pf,map,1.28779,1.61349,-0.268664,0.035931,0.0368419,0.00216412,4.39417,309.804,0
42.84,odom,map,1.24173,1.64062,-0.242626,0,0,0,,,
42.876,odom,map,1.24471,1.63986,-0.255465,0,0,0,,,
42.912,odom,map,1.24798,1.63898,-0.268919,0,0,0,,,
42.948,odom,map,1.2514,1.63801,-0.282895,0,0,0,,,
42.984,odom,map,1.25502,1.63693,-0.297128,0,0,0,,,
42.984,kf,map,1.28208,1.66191,-0.317056,0.036855,0.036855,0,0.058042,,
43.02,odom,map,1.25888,1.63572,-0.311787,0,0,0,,,
42.984,ekf_predict_only,map,1.31536,1.58914,-0.411986,29.6192,59.7168,-17.3697,,,
42.984,ekf,map,1.28186,1.66195,-0.316387,0.0386607,0.0386626,4.03997e-07,0.056458,,
42.984,pf,map,1.32919,1.61161,-0.32476,0.0359796,0.0396452,0.000723098,6.1275,312.406,0
43.056,odom,map,1.26301,1.63435,-0.327029,0,0,0,,,
43.092,odom,map,1.2674,1.63283,-0.342509,0,0,0,,,
43.128,odom,map,1.27192,1.63117,-0.358051,0,0,0,,,
43.164,odom,map,1.27659,1.62939,-0.373942,0,0,0,,,
43.2,odom,map,1.28167,1.62734,-0.390323,0,0,0,,,
43.2,kf,map,1.30893,1.6519,-0.409191,0.0369466,0.0369466,0,0.339417,,
43.2,ekf_predict_only,map,1.34605,1.57573,-0.510416,29.5264,60.8999,-17.3536,,,
43.2,ekf,map,1.30859,1.65195,-0.408675,0.0391317,0.0391345,7.37914e-07,0.061042,,
43.2,pf,map,1.36825,1.58076,-0.43247,0.0358568,0.0340011,-0.00125733,6.79667,314.703,0
43.2,amcl,map,1.27573,1.61027,-0.410221,0.106629,0.106258,-0.0576395,,,
43.236,odom,map,1.28691,1.62514,-0.406828,0,0,0,,,
43.272,odom,map,1.29223,1.62279,-0.423433,0,0,0,,,
43.308,odom,map,1.29763,1.6203,-0.440303,0,0,0,,,
43.344,odom,map,1.30333,1.61755,-0.457414,0,0,0,,,
43.38,odom,map,1.30921,1.6146,-0.47457,0,0,0,,,
43.416,odom,map,1.31517,1.61147,-0.491976,0,0,0,,,
43.416,ekf_predict_only,map,1.38155,1.55585,-0.615438,29.3462,62.2728,-17.2475,,,
43.416,ekf,map,1.3416,1.63567,-0.509719,0.0391931,0.0391967,1.27233e-06,0.060583,,
43.416,kf,map,1.34193,1.63565,-0.510079,0.0369528,0.0369528,0,0.057625,,
43.416,pf,map,1.38153,1.57221,-0.533843,0.0398602,0.0341541,0.000632269,6.06758,323.371,0
43.452,odom,map,1.32137,1.60807,-0.509586,0,0,0,,,
43.488,odom,map,1.32782,1.6044,-0.527249,0,0,0,,,
43.524,odom,map,1.33438,1.6005,-0.544948,0,0,0,,,
43.56,odom,map,1.34137,1.59618,-0.562888,0,0,0,,,
43.596,odom,map,1.34851,1.59158,-0.580868,0,0,0,,,
43.596,ekf_predict_only,map,1.41888,1.52946,-0.706204,29.0845,63.7339,-17.0221,,,
43.596,kf,map,1.37562,1.6147,-0.598388,0.0368554,0.0368554,0,0.058666,,
43.632,odom,map,1.35585,1.58666,-0.598965,0,0,0,,,
43.596,ekf,map,1.37525,1.61478,-0.59819,0.0386472,0.038651,1.9441e-06,0.057958,,
43.596,pf,map,1.42736,1.54607,-0.625282,0.0375465,0.0373371,0.000659915,6.50929,294.572,0
43.668,odom,map,1.36335,1.58144,-0.617118,0,0,0,,,
43.704,odom,map,1.37098,1.57593,-0.635393,0,0,0,,,
43.74,odom,map,1.37886,1.56999,-0.653828,0,0,0,,,
43.776,odom,map,1.38694,1.56368,-0.672462,0,0,0,,,
43.812,odom,map,1.39495,1.55719,-0.691111,0,0,0,,,
43.812,ekf_predict_only,map,1.46596,1.4893,-0.818099,28.6568,65.5847,-16.5848,,,
43.812,ekf,map,1.42082,1.58001,-0.708269,0.0391063,0.039112,4.22842e-06,0.053417,,
43.812,kf,map,1.42122,1.57997,-0.708415,0.0369466,0.0369466,0,1.05608,,
43.8,amcl,map,1.40267,1.53711,-0.703479,0.0958916,0.111922,-0.0558623,,,
43.812,pf,map,1.46904,1.52328,-0.728004,0.0370723,0.0309045,-0.0013344,4.60017,307.788,0
43.848,odom,map,1.40306,1.55035,-0.709756,0,0,0,,,
43.884,odom,map,1.41136,1.54308,-0.728371,0,0,0,,,
43.92,odom,map,1.41988,1.53534,-0.746779,0,0,0,,,
43.956,odom,map,1.42837,1.52733,-0.765118,0,0,0,,,
43.992,odom,map,1.43695,1.51893,-0.783432,0,0,0,,,
44.028,odom,map,1.44472,1.50741,-0.804457,0,0,0,,,
43.992,ekf_predict_only,map,1.50947,1.44285,-0.910427,28.1808,67.3363,-15.9729,,,
43.992,ekf,map,1.46257,1.54052,-0.8002,0.0386486,0.0386535,5.54107e-06,0.100291,,
43.992,kf,map,1.46298,1.54042,-0.800251,0.036855,0.036855,0,0.103458,,
43.992,pf,map,1.49484,1.4832,-0.810672,0.0369125,0.0353493,0.0014673,10.5426,341.398,0
44.064,odom,map,1.45221,1.49423,-0.826506,0,0,0,,,
44.1,odom,map,1.45947,1.48073,-0.848551,0,0,0,,,
44.136,odom,map,1.46655,1.46686,-0.870409,0,0,0,,,
44.172,odom,map,1.47351,1.4525,-0.891939,0,0,0,,,
44.208,odom,map,1.48083,1.43845,-0.912193,0,0,0,,,
44.208,ekf,map,1.51473,1.48062,-0.907936,0.0391265,0.0391313,1.0195e-05,0.055417,,
44.208,kf,map,1.51523,1.48056,-0.907734,0.0369466,0.0369466,0,0.06325,,
44.208,ekf_predict_only,map,1.56146,1.3759,-1.0145,27.5159,69.4527,-14.9718,,,
44.208,pf,map,1.54785,1.42965,-0.940213,0.0385675,0.0358484,0.00380882,6.81608,301.49,0
44.202,amcl,map,1.51023,1.41325,-0.926995,0.0831244,0.118831,-0.0620601,,,
44.244,odom,map,1.48952,1.42702,-0.929167,0,0,0,,,
44.28,odom,map,1.49809,1.41535,-0.945969,0,0,0,,,
44.316,odom,map,1.5066,1.40335,-0.962155,0,0,0,,,
44.352,odom,map,1.51503,1.39103,-0.977672,0,0,0,,,
44.388,odom,map,1.52332,1.37853,-0.992984,0,0,0,,,
44.388,ekf_predict_only,map,1.60141,1.31167,-1.09042,26.9549,71.1334,-13.9063,,,
44.388,kf,map,1.55717,1.42107,-0.988132,0.036855,0.036855,0,0.060458,,
44.424,odom,map,1.53147,1.36582,-1.0082,0,0,0,,,
44.388,ekf,map,1.55681,1.42107,-0.988406,0.0386659,0.0386674,1.09082e-05,0.05325,,
44.388,pf,map,1.59397,1.37287,-1.01953,0.0358072,0.0362368,0.00171668,9.20754,316.462,0
44.46,odom,map,1.53949,1.3529,-1.02298,0,0,0,,,
44.496,odom,map,1.54736,1.33978,-1.03711,0,0,0,,,
44.532,odom,map,1.55507,1.32652,-1.05088,0,0,0,,,
44.568,odom,map,1.5626,1.31316,-1.06455,0,0,0,,,
44.604,odom,map,1.57017,1.2996,-1.07796,0,0,0,,,
44.604,kf,map,1.60393,1.34272,-1.07298,0.0369466,0.0369466,0,0.727042,,
44.604,ekf_predict_only,map,1.64423,1.22949,-1.17034,26.3139,72.9589,-12.4437,,,
44.604,ekf,map,1.60357,1.34264,-1.07334,0.0391456,0.0391423,1.60345e-05,2.51717,,
44.604,pf,map,1.64624,1.2677,-1.1051,0.0413958,0.0424306,5.3856e-05,5.23496,297.691,0
44.64,odom,map,1.58067,1.28545,-1.0908,0,0,0,,,
44.676,odom,map,1.59101,1.27117,-1.10329,0,0,0,,,
44.712,odom,map,1.6012,1.2568,-1.11563,0,0,0,,,
44.748,odom,map,1.61118,1.24241,-1.1277,0,0,0,,,
44.784,odom,map,1.62094,1.22808,-1.13948,0,0,0,,,
44.82,odom,map,1.62867,1.21403,-1.15131,0,0,0,,,
44.784,kf,map,1.63781,1.2741,-1.13618,0.036855,0.036855,0,0.06275,,
44.784,ekf_predict_only,map,1.67382,1.1596,-1.23002,25.8766,74.2698,-11.1272,,,
44.784,ekf,map,1.63759,1.27397,-1.13644,0.0386795,0.0386724,1.42682e-05,0.085917,,
44.802,amcl,map,1.64358,1.2021,-1.15222,0.0644404,0.137096,-0.0659856,,,
44.784,pf,map,1.66903,1.19278,-1.14374,0.0358685,0.0408838,-0.000476722,5.44433,321.986,0
44.856,odom,map,1.63475,1.20017,-1.16323,0,0,0,,,
44.892,odom,map,1.64059,1.18642,-1.17498,0,0,0,,,
44.928,odom,map,1.6462,1.17279,-1.18673,0,0,0,,,
44.964,odom,map,1.65161,1.15917,-1.19827,0,0,0,,,
45,odom,map,1.65686,1.1455,-1.20971,0,0,0,,,
45,ekf,map,1.67222,1.19178,-1.2072,0.0391583,0.0391441,1.75458e-05,0.055958,,
45,kf,map,1.67243,1.19196,-1.20701,0.0369466,0.0369466,0,0.05525,,
45,ekf_predict_only,map,1.70319,1.07677,-1.29869,25.4511,75.5872,-9.5039,,,
45,pf,map,1.70783,1.12073,-1.22159,0.03302,0.0347467,0.000996906,5.97954,316.971,0
45.036,odom,map,1.66324,1.12722,-1.22483,0,0,0,,,
45.072,odom,map,1.66917,1.10923,-1.24102,0,0,0,,,
45.108,odom,map,1.67467,1.09152,-1.25761,0,0,0,,,
45.144,odom,map,1.67985,1.07375,-1.27422,0,0,0,,,
45.18,odom,map,1.68465,1.05617,-1.29083,0,0,0,,,
45.216,odom,map,1.68873,1.04068,-1.30623,0,0,0,,,
45.216,ekf_predict_only,map,1.72389,1.00256,-1.37881,25.1834,76.5545,-8.00103,,,
45.216,ekf,map,1.69808,1.11524,-1.28572,0.0392209,0.0392032,1.62386e-05,0.067375,,
45.216,kf,map,1.69822,1.11555,-1.28575,0.0369528,0.0369528,0,0.058708,,
45.216,pf,map,1.74188,1.03206,-1.30429,0.0378681,0.0365478,0.00253444,4.71379,314.321,0
45.252,odom,map,1.692,1.02827,-1.31943,0,0,0,,,
45.288,odom,map,1.69509,1.01591,-1.3324,0,0,0,,,
45.324,odom,map,1.69802,1.0035,-1.34612,0,0,0,,,
45.36,odom,map,1.70077,0.991036,-1.36078,0,0,0,,,
45.396,odom,map,1.70335,0.978489,-1.37586,0,0,0,,,
45.432,odom,map,1.70573,0.965896,-1.39157,0,0,0,,,
45.396,ekf_predict_only,map,1.73612,0.939666,-1.45838,25.0484,77.1702,-6.69737,,,
45.396,ekf,map,1.71418,1.0525,-1.35726,0.0386694,0.0386531,1.16075e-05,0.781084,,
45.396,kf,map,1.71427,1.05263,-1.35764,0.0368554,0.0368554,0,0.133167,,
45.402,amcl,map,1.7174,1.00629,-1.35206,0.0523665,0.155847,-0.0541991,,,
45.396,pf,map,1.76101,0.964787,-1.36109,0.0322264,0.0376867,-0.000723403,9.26779,289.456,0
45.468,odom,map,1.70791,0.953296,-1.40776,0,0,0,,,
45.504,odom,map,1.70988,0.940683,-1.42422,0,0,0,,,
45.54,odom,map,1.71163,0.92809,-1.44107,0,0,0,,,
45.576,odom,map,1.71316,0.915529,-1.45858,0,0,0,,,
45.612,odom,map,1.71517,0.903454,-1.47619,0,0,0,,,
45.612,ekf_predict_only,map,1.74462,0.864398,-1.56849,24.9602,77.6302,-5.11356,,,
45.612,ekf,map,1.72717,0.977213,-1.4584,0.0391326,0.03911,1.19998e-05,0.062875,,
45.612,kf,map,1.72732,0.977307,-1.45899,0.0369466,0.0369466,0,0.093667,,
45.612,pf,map,1.75726,0.916949,-1.45921,0.034951,0.0375542,-0.000208709,4.68342,298.558,0
45.648,odom,map,1.71859,0.892457,-1.49237,0,0,0,,,
45.684,odom,map,1.72181,0.881392,-1.50905,0,0,0,,,
45.72,odom,map,1.72482,0.870408,-1.5263,0,0,0,,,
45.756,odom,map,1.72762,0.859463,-1.54413,0,0,0,,,
45.792,odom,map,1.73021,0.848506,-1.56203,0,0,0,,,
45.792,ekf,map,1.74672,0.951383,-1.54611,0.0150518,0.0217604,-0.000506048,0.222333,,
45.828,odom,map,1.73086,0.836381,-1.58175,0,0,0,,,
45.801,amcl,map,1.72818,0.878364,-1.55254,0.0428027,0.16529,-0.0426471,,,
45.792,ekf_predict_only,map,1.74476,0.801547,-1.6706,24.9811,77.7363,-3.77984,,,
45.792,kf,map,1.72891,0.949103,-1.53373,0.0367678,0.0213037,0.00116486,0.099833,,
45.792,pf,map,1.75714,0.911515,-1.56615,0.0135959,0.0166956,-0.00149019,10.0463,485.982,0
45.864,odom,map,1.73059,0.823874,-1.6025,0,0,0,,,
45.9,odom,map,1.73007,0.81153,-1.62384,0,0,0,,,
45.936,odom,map,1.72928,0.799252,-1.64522,0,0,0,,,
45.972,odom,map,1.72825,0.787117,-1.66667,0,0,0,,,
46.008,odom,map,1.72698,0.775251,-1.68846,0,0,0,,,
46.008,ekf,map,1.77009,0.885589,-1.66183,0.0138575,0.0215087,-0.00060569,0.14025,,
46.008,ekf_predict_only,map,1.73768,0.730782,-1.80249,25.0777,77.536,-2.28012,,,
46.008,kf,map,1.72573,0.881809,-1.6277,0.0368342,0.02097,0.00133923,0.099833,,
46.008,pf,map,1.78427,0.846408,-1.67488,0.0124874,0.0197801,-0.00179519,7.40471,424.093,0
46.044,odom,map,1.72548,0.763633,-1.7107,0,0,0,,,
46.08,odom,map,1.72374,0.752218,-1.73324,0,0,0,,,
46.116,odom,map,1.72175,0.740905,-1.75587,0,0,0,,,
46.152,odom,map,1.71954,0.729766,-1.77841,0,0,0,,,
46.188,odom,map,1.71713,0.718966,-1.80114,0,0,0,,,
46.188,ekf,map,1.75973,0.826014,-1.77512,0.0126358,0.0213027,-0.000746515,0.125375,,
46.188,kf,map,1.71649,0.822379,-1.73728,0.0366934,0.0209694,0.00160026,0.101375,,
46.224,odom,map,1.71526,0.710993,-1.82228,0,0,0,,,
46.188,ekf_predict_only,map,1.72552,0.679272,-1.91636,25.2324,77.1231,-1.19956,,,
46.2,amcl,map,1.72288,0.76202,-1.78534,0.0332474,0.124788,-0.0280916,,,
46.188,pf,map,1.78943,0.807768,-1.80465,0.0127355,0.0201557,0.000424254,11.2475,389.001,0
46.26,odom,map,1.71361,0.704596,-1.8425,0,0,0,,,
46.296,odom,map,1.7118,0.698363,-1.86276,0,0,0,,,
46.332,odom,map,1.70991,0.692601,-1.8832,0,0,0,,,
46.368,odom,map,1.70794,0.687226,-1.90379,0,0,0,,,
46.404,odom,map,1.70574,0.681744,-1.92455,0,0,0,,,
46.404,kf,map,1.69901,0.761911,-1.85664,0.0366732,0.021119,0.00207537,0.103625,,
46.404,ekf_predict_only,map,1.70687,0.627464,-2.05565,25.4364,76.4411,-0.132271,,,
46.404,ekf,map,1.75533,0.768263,-1.90889,0.0115903,0.0214134,-0.00116054,0.102958,,
46.404,pf,map,1.79382,0.744216,-1.94471,0.0110442,0.0196565,-0.000404119,6.48617,370.383,0
46.44,odom,map,1.70243,0.673093,-1.94776,0,0,0,,,
46.476,odom,map,1.69906,0.664868,-1.97095,0,0,0,,,
46.512,odom,map,1.69562,0.656993,-1.9943,0,0,0,,,
46.548,odom,map,1.69208,0.649381,-2.01779,0,0,0,,,
46.584,odom,map,1.68845,0.642013,-2.0411,0,0,0,,,
46.584,ekf_predict_only,map,1.68904,0.593616,-2.17137,25.631,75.7996,0.546659,,,
46.584,kf,map,1.68131,0.715124,-1.95946,0.0364313,0.0212305,0.00256842,0.1715,,
46.62,odom,map,1.68419,0.636215,-2.06429,0,0,0,,,
46.602,amcl,map,1.69223,0.667336,-2.04602,0.0276286,0.10639,-0.0189317,,,
46.584,ekf,map,1.74545,0.724001,-2.02315,0.0107661,0.0211531,-0.00150641,0.093333,,
46.584,pf,map,1.7611,0.689324,-2.04701,0.0101215,0.0185322,-0.00133081,6.32846,393.856,0
46.656,odom,map,1.67945,0.631761,-2.08765,0,0,0,,,
46.692,odom,map,1.67463,0.627499,-2.11104,0,0,0,,,
46.728,odom,map,1.6698,0.623541,-2.13434,0,0,0,,,
46.764,odom,map,1.66506,0.620033,-2.15767,0,0,0,,,
46.8,odom,map,1.6604,0.616902,-2.18109,0,0,0,,,
46.8,ekf,map,1.74149,0.692023,-2.15779,0.0102779,0.0211811,-0.00203674,0.113917,,
46.8,ekf_predict_only,map,1.66867,0.563881,-2.3118,25.8315,75.0597,1.12528,,,
46.8,kf,map,1.65906,0.677263,-2.07206,0.0362881,0.0215034,0.00318333,0.641791,,
46.8,pf,map,1.77117,0.692158,-2.20219,0.0101126,0.0178431,-0.00187789,6.69054,292.208,0
46.836,odom,map,1.65686,0.612075,-2.2045,0,0,0,,,
46.872,odom,map,1.65329,0.607327,-2.22788,0,0,0,,,
46.908,odom,map,1.64985,0.602978,-2.25103,0,0,0,,,
46.944,odom,map,1.64653,0.598969,-2.27402,0,0,0,,,
46.98,odom,map,1.64333,0.59528,-2.29709,0,0,0,,,
47.016,pf,map,1.73627,0.680393,-2.30847,0.0120397,0.0173816,-0.00145835,7.68238,285.293,0
47.016,ekf_predict_only,map,1.64939,0.542804,-2.45051,26.0128,74.3716,1.5188,,,
47.016,ekf,map,1.72973,0.665856,-2.29458,0.00998287,0.0210362,-0.00245783,0.148625,,
47.016,kf,map,1.63851,0.646537,-2.19456,0.0360188,0.02178,0.00375989,0.099208,,
47.016,odom,map,1.64077,0.592711,-2.31954,0,0,0,,,
47.001,amcl,map,1.66379,0.609104,-2.30214,0.0241722,0.0896243,-0.0149383,,,
47.052,odom,map,1.63926,0.591832,-2.34081,0,0,0,,,
47.088,odom,map,1.6379,0.59124,-2.36183,0,0,0,,,
47.124,odom,map,1.63676,0.590977,-2.3826,0,0,0,,,
47.16,odom,map,1.63566,0.590863,-2.40332,0,0,0,,,
47.196,odom,map,1.6347,0.590977,-2.42399,0,0,0,,,
47.232,odom,map,1.63255,0.589258,-2.44597,0,0,0,,,
47.196,ekf_predict_only,map,1.63812,0.533484,-2.56102,26.1513,74.0144,1.68459,,,
47.196,ekf,map,1.71572,0.645926,-2.40784,0.00977351,0.0207249,-0.00270995,0.107333,,
47.196,kf,map,1.62539,0.624863,-2.30503,0.035703,0.0219595,0.00414101,0.102917,,
47.196,pf,map,1.72496,0.64708,-2.42917,0.0122046,0.0211339,-0.00228342,11.1364,294.237,0
47.268,odom,map,1.63041,0.587509,-2.46797,0,0,0,,,
47.304,odom,map,1.62837,0.585918,-2.48993,0,0,0,,,
47.34,odom,map,1.62633,0.584395,-2.51188,0,0,0,,,
47.376,odom,map,1.62446,0.583062,-2.53359,0,0,0,,,
47.412,ekf_predict_only,map,1.62864,0.527268,-2.68945,26.278,73.7317,1.78982,,,
47.412,ekf,map,1.71543,0.630426,-2.53603,0.00984711,0.0207442,-0.00304975,0.198208,,
47.412,kf,map,1.61561,0.604704,-2.42098,0.0355858,0.0222066,0.00447712,0.097417,,
47.412,odom,map,1.62299,0.582151,-2.55521,0,0,0,,,
47.4,amcl,map,1.63658,0.594401,-2.54578,0.0183525,0.0706039,-0.0109371,,,
47.412,pf,map,1.74388,0.61712,-2.59316,0.00934136,0.0253419,-0.00128017,6.12529,330.364,0
47.448,odom,map,1.62219,0.581941,-2.57698,0,0,0,,,
47.484,odom,map,1.62146,0.581825,-2.5987,0,0,0,,,
47.52,odom,map,1.62085,0.581819,-2.62016,0,0,0,,,
47.556,odom,map,1.62048,0.58198,-2.64132,0,0,0,,,
47.592,odom,map,1.62033,0.582287,-2.6624,0,0,0,,,
47.592,ekf_predict_only,map,1.62523,0.525607,-2.79266,26.3852,73.694,1.8158,,,
47.628,odom,map,1.61982,0.582146,-2.68317,0,0,0,,,
47.592,ekf,map,1.7059,0.627707,-2.64238,0.00970726,0.0205411,-0.00309352,0.110292,,
47.592,kf,map,1.60893,0.601672,-2.5282,0.0353898,0.0222728,0.00462186,0.098041,,
47.592,pf,map,1.72171,0.624391,-2.65833,0.0107357,0.0186819,3.88707e-05,10.2884,339.036,0
47.664,odom,map,1.61931,0.5819,-2.70344,0,0,0,,,
47.7,odom,map,1.619,0.581758,-2.72322,0,0,0,,,
47.736,odom,map,1.61881,0.581672,-2.74256,0,0,0,,,
47.772,odom,map,1.61863,0.581599,-2.76177,0,0,0,,,
47.808,odom,map,1.61901,0.581532,-2.78073,0,0,0,,,
47.808,ekf_predict_only,map,1.62597,0.525877,-2.90613,26.484,73.8238,1.812,,,
47.808,ekf,map,1.70772,0.626116,-2.75899,0.00984302,0.0206719,-0.00319699,0.109583,,
47.808,kf,map,1.60745,0.598622,-2.64112,0.0354387,0.0223543,0.00469072,0.188208,,
47.802,amcl,map,1.62876,0.582006,-2.77507,0.0181863,0.0662925,-0.00520081,,,
47.808,pf,map,1.71762,0.610433,-2.76642,0.00614472,0.0138628,-0.000794894,10.6647,331.678,0
47.844,odom,map,1.62097,0.581314,-2.79901,0,0,0,,,
47.88,odom,map,1.62307,0.58114,-2.81678,0,0,0,,,
47.916,odom,map,1.62521,0.580974,-2.83441,0,0,0,,,
47.952,odom,map,1.62745,0.58083,-2.8518,0,0,0,,,
47.988,odom,map,1.62979,0.580708,-2.86875,0,0,0,,,
48.024,odom,map,1.63115,0.580799,-2.88536,0,0,0,,,
47.988,ekf,map,1.71047,0.620031,-2.84793,0.00970589,0.0205418,-0.00309876,0.126542,,
47.988,kf,map,1.61099,0.593419,-2.73026,0.0353759,0.0222869,0.00464198,0.09625,,
47.988,ekf_predict_only,map,1.62998,0.526839,-2.98853,26.5798,74.0854,1.80135,,,
47.988,pf,map,1.73371,0.620689,-2.88717,0.00994219,0.0196661,-0.00186031,8.37442,317.657,0
48.06,odom,map,1.63195,0.581001,-2.90183,0,0,0,,,
48.096,odom,map,1.63274,0.581187,-2.91803,0,0,0,,,
48.132,odom,map,1.63356,0.581368,-2.93367,0,0,0,,,
48.168,odom,map,1.63417,0.581492,-2.94838,0,0,0,,,
48.204,odom,map,1.63417,0.58159,-2.96064,0,0,0,,,
48.204,ekf,map,1.71212,0.615154,-2.92694,0.00973035,0.0207402,-0.00308947,0.101416,,
48.204,ekf_predict_only,map,1.62998,0.526839,-3.01068,26.6798,74.1854,1.80135,,,
48.204,kf,map,1.61458,0.589417,-2.80925,0.0354953,0.0222977,0.00461078,0.327792,,
48.204,pf,map,1.73396,0.619369,-2.95814,0.00668028,0.0179612,-0.000340476,9.09575,298.156,0
48.24,odom,map,1.63415,0.583345,-2.96978,0,0,0,,,
48.276,odom,map,1.63413,0.585099,-2.97632,0,0,0,,,
48.312,odom,map,1.6341,0.586853,-2.98028,0,0,0,,,
48.348,odom,map,1.63408,0.588606,-2.98164,0,0,0,,,
48.384,odom,map,1.63405,0.590359,-2.98114,0,0,0,,,
48.42,odom,map,1.63404,0.591138,-2.98089,0,0,0,,,
48.384,ekf,map,1.71434,0.613691,-2.95673,0.00960972,0.0205692,-0.00306233,0.181458,,
48.384,ekf_predict_only,map,1.62998,0.526839,-3.01068,26.7798,74.2854,1.80135,,,
48.384,kf,map,1.61572,0.587691,-2.83862,0.035418,0.0222448,0.00458196,0.213875,,
48.402,amcl,map,1.64113,0.581907,-2.97154,0.0209414,0.0510553,-0.00579863,,,
48.384,pf,map,1.73224,0.614545,-2.9729,0.00949591,0.0137414,-0.00152188,12.1053,316.479,0
48.456,odom,map,1.63404,0.591138,-2.98089,0,0,0,,,
48.492,odom,map,1.63404,0.591138,-2.98089,0,0,0,,,
48.528,odom,map,1.63404,0.591138,-2.98089,0,0,0,,,
48.564,odom,map,1.63404,0.591138,-2.98089,0,0,0,,,
48.6,odom,map,1.63404,0.591138,-2.98089,0,0,0,,,
48.6,ekf_predict_only,map,1.62998,0.526839,-3.01068,26.8798,74.3854,1.80135,,,
48.6,kf,map,1.61725,0.583308,-2.842,0.0355074,0.0222856,0.00459341,0.116583,,
48.6,ekf,map,1.71868,0.610175,-2.96269,0.00970872,0.020725,-0.00312364,0.112625,,
48.6,pf,map,1.71523,0.637669,-2.964,0.0110015,0.0158394,-0.000313791,6.07217,313.877,0
48.636,odom,map,1.63412,0.589814,-2.98125,0,0,0,,,
48.672,odom,map,1.6342,0.588452,-2.98161,0,0,0,,,
48.708,odom,map,1.63428,0.58709,-2.98198,0,0,0,,,
48.744,odom,map,1.63396,0.585664,-2.98219,0,0,0,,,
48.78,odom,map,1.63282,0.584105,-2.98236,0,0,0,,,
48.816,odom,map,1.63137,0.583033,-2.98258,0,0,0,,,
48.816,ekf,map,1.71342,0.61176,-2.96397,0.00975865,0.0206825,-0.00321362,0.100583,,
48.816,kf,map,1.6112,0.583392,-2.84198,0.0354297,0.0223705,0.0047126,1.20796,,
48.816,ekf_predict_only,map,1.61637,0.525048,-3.01167,26.9877,73.9385,1.80764,,,
48.816,pf,map,1.72786,0.612223,-3.00076,0.00681526,0.0216176,-0.0029096,10.3603,310.644,0
48.852,odom,map,1.629,0.582652,-2.98272,0,0,0,,,
48.888,odom,map,1.62551,0.582094,-2.98266,0,0,0,,,
48.924,odom,map,1.6211,0.581387,-2.98255,0,0,0,,,
48.96,odom,map,1.61628,0.580612,-2.98207,0,0,0,,,
48.996,odom,map,1.61097,0.579756,-2.98123,0,0,0,,,
48.996,ekf_predict_only,map,1.5832,0.520714,-3.00675,27.1068,72.7206,1.8203,,,
49.032,odom,map,1.60487,0.578766,-2.98017,0,0,0,,,
48.996,kf,map,1.58919,0.581808,-2.8412,0.0350075,0.0226548,0.00512036,0.205583,,
48.996,ekf,map,1.68975,0.613391,-2.9621,0.00993436,0.0202845,-0.00350168,0.105959,,
48.996,pf,map,1.70804,0.615425,-3.00046,0.00889602,0.0171953,-0.00090669,14.0098,344.925,0
49.068,odom,map,1.59827,0.577688,-2.97919,0,0,0,,,
49.104,odom,map,1.59147,0.576571,-2.97813,0,0,0,,,
49.14,odom,map,1.58394,0.575323,-2.97697,0,0,0,,,
49.176,odom,map,1.57583,0.573971,-2.97568,0,0,0,,,
49.212,ekf,map,1.64783,0.608434,-2.95525,0.0107307,0.0199525,-0.00413808,0.097084,,
49.212,kf,map,1.54977,0.570478,-2.83614,0.0343782,0.0234111,0.00588869,0.1085,,
49.212,odom,map,1.56792,0.57245,-2.97372,0,0,0,,,
49.212,ekf_predict_only,map,1.53321,0.513931,-2.99874,27.2376,70.8752,1.83885,,,
49.212,pf,map,1.67797,0.604973,-2.98737,0.008515,0.0211592,-0.00161211,18.3657,340.453,0
49.248,odom,map,1.56059,0.570555,-2.97056,0,0,0,,,
49.284,odom,map,1.55271,0.568518,-2.9674,0,0,0,,,
49.32,odom,map,1.54421,0.566317,-2.96417,0,0,0,,,
49.356,odom,map,1.53553,0.56403,-2.96093,0,0,0,,,
49.392,odom,map,1.52663,0.561644,-2.95796,0,0,0,,,
49.392,ekf_predict_only,map,1.47938,0.50619,-2.99674,27.3739,68.9361,1.85951,,,
49.392,ekf,map,1.59455,0.605742,-2.95183,0.011466,0.0192184,-0.00460263,0.197959,,
49.392,kf,map,1.50378,0.562945,-2.83972,0.0334126,0.0242454,0.00657997,0.196708,,
49.428,odom,map,1.51638,0.559521,-2.95692,0,0,0,,,
49.392,pf,map,1.60944,0.59634,-2.97465,0.010927,0.0204888,-0.0033914,9.82437,362.997,0
49.464,odom,map,1.50569,0.557522,-2.95652,0,0,0,,,
49.5,odom,map,1.49488,0.555497,-2.95624,0,0,0,,,
49.536,odom,map,1.48379,0.553416,-2.95635,0,0,0,,,
49.572,odom,map,1.47239,0.551283,-2.95671,0,0,0,,,
49.608,odom,map,1.46082,0.549122,-2.95712,0,0,0,,,
49.608,ekf_predict_only,map,1.40949,0.495994,-2.99926,27.5234,66.4743,1.87654,,,
49.608,ekf,map,1.53315,0.592623,-2.95047,0.0129391,0.0185362,-0.00508427,0.114084,,
49.608,kf,map,1.44685,0.541592,-2.84225,0.0321955,0.0255896,0.007333,0.113959,,
49.608,pf,map,1.53856,0.593213,-2.97,0.0121502,0.0204403,-0.0040923,7.42967,360.299,0
49.644,odom,map,1.44919,0.546954,-2.9576,0,0,0,,,
49.68,odom,map,1.43751,0.544784,-2.95836,0,0,0,,,
49.716,odom,map,1.42578,0.542616,-2.95932,0,0,0,,,
49.752,odom,map,1.41403,0.540457,-2.96031,0,0,0,,,
49.788,odom,map,1.40231,0.538318,-2.96181,0,0,0,,,
49.788,ekf_predict_only,map,1.35081,0.487585,-3.00998,27.6658,64.4987,1.87722,,,
49.788,kf,map,1.39591,0.527361,-2.85748,0.0309669,0.0266899,0.00772765,0.108041,,
49.824,odom,map,1.39064,0.536207,-2.96382,0,0,0,,,
49.788,ekf,map,1.4731,0.581444,-2.95679,0.013949,0.0177502,-0.00517621,0.096833,,
49.788,pf,map,1.47062,0.581299,-2.96838,0.0134246,0.0140859,-0.00495508,11.6394,354.931,0
49.86,odom,map,1.37901,0.534132,-2.96608,0,0,0,,,
49.896,odom,map,1.36741,0.532089,-2.96839,0,0,0,,,
49.932,odom,map,1.35583,0.530078,-2.97092,0,0,0,,,
49.968,odom,map,1.34413,0.528077,-2.9735,0,0,0,,,
50.004,odom,map,1.33229,0.526084,-2.97611,0,0,0,,,
50.004,ekf_predict_only,map,1.279,0.478079,-3.02589,27.8155,62.153,1.85149,,,
50.004,kf,map,1.3268,0.519628,-2.8873,0.0297029,0.0280833,0.00800282,0.108291,,
50.004,ekf,map,1.39103,0.574222,-2.97253,0.0154967,0.0172623,-0.00509081,0.107125,,
50.001,amcl,map,1.34205,0.538075,-2.97519,0.0308461,0.0290639,-0.00356878,,,
50.004,pf,map,1.3647,0.557741,-2.94937,0.0150505,0.0174934,-0.00589117,7.22879,360.459,0
50.04,odom,map,1.32038,0.524111,-2.97877,0,0,0,,,
50.076,odom,map,1.30844,0.522161,-2.98055,0,0,0,,,
50.112,odom,map,1.29644,0.520218,-2.98139,0,0,0,,,
50.148,odom,map,1.28441,0.518276,-2.98144,0,0,0,,,
50.184,odom,map,1.27239,0.516332,-2.98103,0,0,0,,,
50.22,odom,map,1.26028,0.514366,-2.9802,0,0,0,,,
50.184,ekf_predict_only,map,1.21777,0.470962,-3.02015,27.9539,60.2496,1.80277,,,
50.184,ekf,map,1.32836,0.565577,-2.97498,0.0164584,0.0168089,-0.00472977,0.515917,,
50.184,kf,map,1.27168,0.510606,-2.89894,0.0286021,0.0290564,0.0080164,0.08975,,
50.184,pf,map,1.33629,0.559643,-2.97282,0.0168097,0.0173675,-0.00514416,13.2551,329.395,0
50.256,odom,map,1.2482,0.512391,-2.9785,0,0,0,,,
50.292,odom,map,1.2362,0.510402,-2.97614,0,0,0,,,
50.328,odom,map,1.22422,0.508386,-2.97347,0,0,0,,,
50.364,odom,map,1.21222,0.506329,-2.96995,0,0,0,,,
50.4,odom,map,1.20042,0.504257,-2.96559,0,0,0,,,
50.4,ekf_predict_only,map,1.14719,0.462349,-2.9898,28.1017,58.135,1.74196,,,
50.4,ekf,map,1.24855,0.556901,-2.95949,0.0177466,0.016809,-0.0042458,0.110542,,
50.4,kf,map,1.20119,0.503442,-2.89408,0.0275603,0.0302282,0.00793443,0.10675,,
50.4,pf,map,1.2651,0.52685,-2.95702,0.0149378,0.0141124,-0.00333958,6.95429,395.663,0
50.436,odom,map,1.18874,0.502151,-2.96073,0,0,0,,,
50.472,odom,map,1.17709,0.499989,-2.95567,0,0,0,,,
50.508,odom,map,1.16538,0.497756,-2.95044,0,0,0,,,
50.544,odom,map,1.15365,0.495451,-2.94438,0,0,0,,,
50.58,odom,map,1.142,0.493083,-2.93779,0,0,0,,,
50.616,kf,map,1.14205,0.486865,-2.86604,0.0265867,0.0312098,0.00771004,0.115917,,
50.616,odom,map,1.13042,0.490647,-2.93069,0,0,0,,,
50.616,ekf,map,1.18446,0.540922,-2.92506,0.0187068,0.0169064,-0.00364229,0.100666,,
50.616,ekf_predict_only,map,1.07705,0.451619,-2.94674,28.2634,56.1346,1.70093,,,
50.616,pf,map,1.19697,0.524727,-2.94276,0.0179799,0.0131458,-0.00391587,6.05542,393.515,0
50.652,odom,map,1.11886,0.48813,-2.92352,0,0,0,,,
50.688,odom,map,1.10743,0.485551,-2.91576,0,0,0,,,
50.724,odom,map,1.09621,0.482923,-2.90688,0,0,0,,,
50.76,odom,map,1.0852,0.480235,-2.89749,0,0,0,,,
50.796,odom,map,1.07425,0.477454,-2.88801,0,0,0,,,
50.796,ekf_predict_only,map,1.02306,0.440965,-2.89453,28.427,54.6867,1.69256,,,
50.796,ekf,map,1.12191,0.534929,-2.88178,0.0191077,0.0168805,-0.00317575,0.09475,,
50.796,kf,map,1.08368,0.48037,-2.82722,0.0258169,0.0318441,0.0074341,0.108084,,
50.832,odom,map,1.06495,0.476475,-2.87775,0,0,0,,,
50.802,amcl,map,1.09699,0.483604,-2.9213,0.0327233,0.0244456,-0.00230678,,,
50.796,pf,map,1.12742,0.510434,-2.88155,0.0160109,0.0175427,-0.00438473,10.5488,373.182,0
50.868,odom,map,1.05614,0.475693,-2.86662,0,0,0,,,
50.904,odom,map,1.04765,0.474871,-2.85491,0,0,0,,,
50.94,odom,map,1.03936,0.473977,-2.84297,0,0,0,,,
50.976,odom,map,1.03111,0.472966,-2.83059,0,0,0,,,
51.012,odom,map,1.02263,0.471266,-2.81756,0,0,0,,,
51.012,ekf_predict_only,map,0.965572,0.426466,-2.81428,28.6173,53.2044,1.71308,,,
51.012,kf,map,1.02743,0.464898,-2.76543,0.0251569,0.0326338,0.00712692,0.1205,,
51.012,ekf,map,1.05971,0.51614,-2.81322,0.0198546,0.0173538,-0.00265683,0.191417,,
51.012,pf,map,1.07579,0.525572,-2.82963,0.0195202,0.0143114,-0.00386962,9.92567,415.545,0
51.048,odom,map,1.01338,0.468089,-2.8038,0,0,0,,,
51.084,odom,map,1.0042,0.46479,-2.78993,0,0,0,,,
51.12,odom,map,0.995322,0.461464,-2.77561,0,0,0,,,
51.156,odom,map,0.986838,0.45814,-2.76075,0,0,0,,,
51.192,odom,map,0.978659,0.454793,-2.74531,0,0,0,,,
51.192,ekf_predict_only,map,0.923981,0.412344,-2.73634,28.8094,52.2022,1.76451,,,
51.192,ekf,map,1.01513,0.50366,-2.74083,0.0200295,0.0174266,-0.00229102,0.102958,,
51.228,odom,map,0.970582,0.451339,-2.72973,0,0,0,,,
51.192,kf,map,0.984876,0.451255,-2.6953,0.0245945,0.0330669,0.00681264,0.115,,
51.192,pf,map,1.00607,0.502928,-2.74361,0.0176381,0.0172631,-0.0021392,14.7483,431.674,0
51.264,odom,map,0.962784,0.44786,-2.71384,0,0,0,,,
51.3,odom,map,0.955409,0.444425,-2.6973,0,0,0,,,
51.336,odom,map,0.948326,0.440981,-2.68037,0,0,0,,,
51.372,odom,map,0.941538,0.437534,-2.66321,0,0,0,,,
51.408,odom,map,0.935055,0.434101,-2.6457,0,0,0,,,
51.408,ekf_predict_only,map,0.886296,0.396178,-2.62896,29.02,51.3346,1.8432,,,
51.408,ekf,map,0.963113,0.485487,-2.64283,0.0205059,0.0178694,-0.00195579,0.135166,,
51.408,kf,map,0.937693,0.436738,-2.6023,0.0241544,0.0336373,0.00650403,0.166916,,
51.402,amcl,map,0.954954,0.435908,-2.66747,0.0271203,0.0211128,-0.000207716,,,
51.408,pf,map,0.940318,0.486478,-2.62694,0.0173664,0.0123602,-0.00166255,5.88117,456.264,0
51.444,odom,map,0.928999,0.430756,-2.62784,0,0,0,,,
51.48,odom,map,0.923077,0.427344,-2.60994,0,0,0,,,
51.516,odom,map,0.917427,0.423952,-2.5917,0,0,0,,,
51.552,odom,map,0.912133,0.420641,-2.57317,0,0,0,,,
51.588,odom,map,0.907271,0.417472,-2.5543,0,0,0,,,
51.624,odom,map,0.904482,0.41465,-2.53921,0,0,0,,,
51.588,ekf,map,0.935411,0.474028,-2.55,0.0205064,0.0178841,-0.00173019,0.113,,
51.588,ekf_predict_only,map,0.863081,0.383111,-2.53293,29.2134,50.8533,1.92386,,,
51.588,kf,map,0.910017,0.42238,-2.50924,0.0237725,0.0338896,0.00622726,0.898916,,
51.588,pf,map,0.922639,0.445842,-2.52736,0.0172441,0.0156875,0.000121113,7.37188,441.401,0
51.66,odom,map,0.902656,0.411932,-2.5264,0,0,0,,,
51.696,odom,map,0.900932,0.409289,-2.51335,0,0,0,,,
51.732,odom,map,0.899386,0.406778,-2.50004,0,0,0,,,
51.768,odom,map,0.898194,0.404541,-2.48659,0,0,0,,,
51.804,odom,map,0.896886,0.402298,-2.4728,0,0,0,,,
51.804,ekf,map,0.914643,0.454493,-2.43435,0.0208202,0.0182062,-0.00156061,0.103333,,
51.804,kf,map,0.891639,0.405142,-2.39596,0.0235303,0.0342621,0.0060002,0.101709,,
51.804,ekf_predict_only,map,0.844673,0.370282,-2.41271,29.4085,50.5004,2.01342,,,
51.801,amcl,map,0.889582,0.404109,-2.46148,0.0234758,0.0164423,0.000378086,,,
51.804,pf,map,0.889872,0.437368,-2.42999,0.0181269,0.0149677,-0.000334794,6.44825,444.355,0
51.84,odom,map,0.893889,0.399882,-2.45282,0,0,0,,,
51.876,odom,map,0.891159,0.397589,-2.4327,0,0,0,,,
51.912,odom,map,0.888751,0.395481,-2.41239,0,0,0,,,
51.948,odom,map,0.886404,0.393341,-2.39207,0,0,0,,,
51.984,odom,map,0.884243,0.391288,-2.37177,0,0,0,,,
51.984,kf,map,0.873452,0.396821,-2.28354,0.023303,0.0343595,0.0058149,0.127292,,
52.02,odom,map,0.882207,0.389275,-2.35137,0,0,0,,,
51.984,ekf_predict_only,map,0.834591,0.36128,-2.30996,29.5773,50.3553,2.08427,,,
51.984,ekf,map,0.899865,0.456502,-2.3279,0.0207057,0.0180673,-0.00147777,0.09975,,
51.984,pf,map,0.90096,0.450731,-2.3342,0.0245526,0.0152939,-0.00108215,7.66292,416.929,0
52.056,odom,map,0.880325,0.387335,-2.33082,0,0,0,,,
52.092,odom,map,0.878606,0.38549,-2.31018,0,0,0,,,
52.128,odom,map,0.877117,0.383825,-2.28955,0,0,0,,,
52.164,odom,map,0.875896,0.3824,-2.26884,0,0,0,,,
52.2,odom,map,0.874765,0.381024,-2.24809,0,0,0,,,
52.2,ekf,map,0.880227,0.448256,-2.20594,0.0209379,0.0183175,-0.00140626,0.111958,,
52.2,kf,map,0.855791,0.390884,-2.16296,0.0232082,0.0345846,0.0056961,0.129208,,
52.2,ekf_predict_only,map,0.828344,0.354427,-2.18603,29.7309,50.3046,2.14255,,,
52.2,amcl,map,0.871336,0.369358,-2.22998,0.0174892,0.0124459,0.00288977,,,
52.2,pf,map,0.88701,0.414093,-2.20342,0.0198795,0.0193354,-0.00160378,6.67008,426.818,0
52.236,odom,map,0.874832,0.379715,-2.22447,0,0,0,,,
52.272,odom,map,0.875129,0.378628,-2.2007,0,0,0,,,
52.308,odom,map,0.875615,0.377772,-2.17692,0,0,0,,,
52.344,odom,map,0.87624,0.377105,-2.15339,0,0,0,,,
52.38,odom,map,0.876909,0.376502,-2.12995,0,0,0,,,
52.416,ekf_predict_only,map,0.827399,0.353089,-2.0655,29.8415,50.3819,2.1549,,,
52.416,ekf,map,0.87888,0.435205,-2.08698,0.0209787,0.018376,-0.00135813,0.215875,,
52.416,kf,map,0.857207,0.384594,-2.0487,0.0231479,0.0346524,0.00563531,0.10225,,
52.416,odom,map,0.877308,0.376115,-2.10793,0,0,0,,,
52.416,pf,map,0.878999,0.400258,-2.07102,0.0181588,0.0178974,-0.00330223,8.10879,472.999,0
52.452,odom,map,0.877239,0.375998,-2.08797,0,0,0,,,
52.488,odom,map,0.877258,0.376033,-2.06824,0,0,0,,,
52.524,odom,map,0.877309,0.376129,-2.04861,0,0,0,,,
52.56,odom,map,0.877403,0.376316,-2.02914,0,0,0,,,
52.596,odom,map,0.877549,0.37662,-2.00984,0,0,0,,,
52.596,ekf_predict_only,map,0.828916,0.355902,-1.97067,29.9193,50.5184,2.12705,,,
52.596,ekf,map,0.87453,0.446653,-1.98476,0.0207775,0.0181415,-0.00136751,0.255833,,
52.596,kf,map,0.849788,0.387924,-1.9419,0.0231003,0.0345629,0.00561549,0.837,,
52.632,odom,map,0.875706,0.37741,-1.99146,0,0,0,,,
52.602,amcl,map,0.87384,0.367484,-2.00576,0.0154673,0.0154729,0.00620398,,,
52.596,pf,map,0.880974,0.410607,-1.95864,0.0186538,0.0180107,-0.00337212,8.22237,434.32,0
52.668,odom,map,0.873641,0.37835,-1.97335,0,0,0,,,
52.704,odom,map,0.871589,0.379357,-1.95536,0,0,0,,,
52.74,odom,map,0.869579,0.38051,-1.93761,0,0,0,,,
52.776,odom,map,0.867668,0.381978,-1.92023,0,0,0,,,
52.812,odom,map,0.866505,0.383505,-1.90292,0,0,0,,,
52.812,ekf,map,0.875222,0.446029,-1.87723,0.0209475,0.0183762,-0.00136857,0.089667,,
52.812,kf,map,0.852273,0.392917,-1.83743,0.0232053,0.0345877,0.00569328,0.096667,,
52.812,ekf_predict_only,map,0.832236,0.363758,-1.86413,29.9582,50.6984,2.04523,,,
52.812,pf,map,0.893974,0.428409,-1.87892,0.0202872,0.0160067,-0.00363735,7.28242,456.061,0
52.848,odom,map,0.866957,0.384853,-1.88516,0,0,0,,,
52.884,odom,map,0.867424,0.386335,-1.86771,0,0,0,,,
52.92,odom,map,0.867926,0.388026,-1.85069,0,0,0,,,
52.956,odom,map,0.868407,0.389757,-1.83372,0,0,0,,,
52.992,odom,map,0.868868,0.391528,-1.81693,0,0,0,,,
52.992,ekf_predict_only,map,0.835224,0.373649,-1.78439,29.9833,50.8707,1.93697,,,
52.992,ekf,map,0.870241,0.463876,-1.7884,0.0207541,0.0182262,-0.00138061,0.132,,
53.028,odom,map,0.869831,0.391723,-1.79989,0,0,0,,,
52.992,kf,map,0.844483,0.404741,-1.74515,0.0232451,0.0344177,0.00575938,0.197042,,
52.992,pf,map,0.884854,0.437816,-1.78445,0.0205676,0.0164676,-0.00168329,12.3139,439.028,0
53.064,odom,map,0.871001,0.391484,-1.78316,0,0,0,,,
53.1,odom,map,0.872145,0.391321,-1.76662,0,0,0,,,
53.136,odom,map,0.873249,0.391171,-1.75015,0,0,0,,,
53.172,odom,map,0.874332,0.391133,-1.73408,0,0,0,,,
53.208,odom,map,0.875245,0.39177,-1.7186,0,0,0,,,
53.202,amcl,map,0.886236,0.401874,-1.72548,0.0104018,0.0185325,0.00350412,,,
53.208,ekf_predict_only,map,0.835224,0.373649,-1.73118,30.0833,50.9707,1.93697,,,
53.208,ekf,map,0.871507,0.471792,-1.69756,0.02092,0.0185342,-0.00137185,0.109583,,
53.208,kf,map,0.845862,0.41389,-1.65848,0.0233917,0.0344012,0.00587368,0.106375,,
53.208,pf,map,0.880938,0.445067,-1.68908,0.0198213,0.0182521,-0.00272678,7.31421,453.758,0
53.244,odom,map,0.875559,0.393979,-1.70462,0,0,0,,,
53.28,odom,map,0.875686,0.394961,-1.69312,0,0,0,,,
53.316,odom,map,0.875692,0.395005,-1.68422,0,0,0,,,
53.352,odom,map,0.875692,0.395005,-1.6779,0,0,0,,,
53.388,odom,map,0.875692,0.395005,-1.67418,0,0,0,,,
53.424,odom,map,0.876325,0.39526,-1.67309,0,0,0,,,
53.388,ekf_predict_only,map,0.835224,0.373649,-1.73118,30.1833,51.0707,1.93697,,,
53.388,ekf,map,0.867122,0.479312,-1.66037,0.0207382,0.0183599,-0.00137277,0.144292,,
53.388,kf,map,0.840886,0.421065,-1.61854,0.0233984,0.0342644,0.00590427,0.09225,,
53.388,pf,map,0.861822,0.467494,-1.65391,0.0197128,0.016056,-0.000768289,8.08796,500.439,0
53.46,odom,map,0.877317,0.395658,-1.67316,0,0,0,,,
53.496,odom,map,0.878296,0.395939,-1.67253,0,0,0,,,
53.532,odom,map,0.879259,0.396059,-1.67218,0,0,0,,,
53.568,odom,map,0.880199,0.395951,-1.672,0,0,0,,,
53.604,odom,map,0.881075,0.395729,-1.6718,0,0,0,,,
53.604,ekf,map,0.864074,0.47376,-1.65228,0.0209224,0.0185631,-0.00136631,0.101333,,
53.604,kf,map,0.84,0.420655,-1.61283,0.02344,0.034353,0.00591866,0.111167,,
53.604,ekf_predict_only,map,0.834648,0.370088,-1.7296,30.31,51.1567,1.97791,,,
53.604,pf,map,0.867497,0.442773,-1.64958,0.0219583,0.0172763,0.00163345,12.5523,480.863,0
53.64,odom,map,0.881012,0.39511,-1.67166,0,0,0,,,
53.676,odom,map,0.880945,0.394442,-1.67157,0,0,0,,,
53.712,odom,map,0.880875,0.393748,-1.67166,0,0,0,,,
53.748,odom,map,0.880805,0.393062,-1.67183,0,0,0,,,
53.784,odom,map,0.880742,0.392446,-1.6723,0,0,0,,,
53.784,ekf_predict_only,map,0.834234,0.367505,-1.73266,30.4296,51.2467,2.00759,,,
53.82,odom,map,0.880687,0.391899,-1.6729,0,0,0,,,
53.784,ekf,map,0.860104,0.473562,-1.65105,0.0207465,0.0183643,-0.00136463,0.19025,,
53.784,kf,map,0.83597,0.419957,-1.61149,0.0233685,0.0342943,0.00587662,0.113,,
53.784,pf,map,0.885657,0.466348,-1.64953,0.0196208,0.0163334,0.000441319,5.73883,465.79,0
53.856,odom,map,0.880642,0.391463,-1.67352,0,0,0,,,
53.892,odom,map,0.880604,0.391094,-1.67415,0,0,0,,,
53.928,odom,map,0.880566,0.390736,-1.67495,0,0,0,,,
53.964,odom,map,0.880536,0.390443,-1.67596,0,0,0,,,
54,odom,map,0.880507,0.390174,-1.67712,0,0,0,,,
54,ekf_predict_only,map,0.833967,0.36587,-1.74002,30.5421,51.3402,2.02634,,,
54,ekf,map,0.864384,0.468,-1.65619,0.0209374,0.018548,-0.0013549,0.103125,,
54,kf,map,0.840694,0.415785,-1.61742,0.0233936,0.0343994,0.00587551,0.725125,,
54,pf,map,0.881506,0.476041,-1.67197,0.0213161,0.0190724,-0.00346686,5.73429,464.757,0
54.036,odom,map,0.88144,0.391344,-1.67906,0,0,0,,,
54.072,odom,map,0.882398,0.392557,-1.68119,0,0,0,,,
54.108,odom,map,0.883359,0.393816,-1.68397,0,0,0,,,
54.144,odom,map,0.88433,0.395184,-1.68714,0,0,0,,,
54.18,odom,map,0.8853,0.396562,-1.69035,0,0,0,,,
54.216,odom,map,0.88589,0.397381,-1.69366,0,0,0,,,
54.216,kf,map,0.847965,0.411565,-1.62734,0.0233839,0.0344164,0.00586654,0.105292,,
54.216,ekf_predict_only,map,0.833882,0.365371,-1.75789,30.6459,51.4382,2.03205,,,
54.216,ekf,map,0.872839,0.466264,-1.6677,0.0209474,0.018539,-0.00135743,0.095167,,
54.216,pf,map,0.881843,0.454833,-1.67308,0.0200506,0.0150693,-0.00156847,6.36775,411.595,0
54.252,odom,map,0.885872,0.39724,-1.69708,0,0,0,,,
54.288,odom,map,0.88585,0.397071,-1.70085,0,0,0,,,
54.324,odom,map,0.885824,0.396875,-1.7048,0,0,0,,,
54.36,odom,map,0.885804,0.396727,-1.70924,0,0,0,,,
54.396,odom,map,0.885792,0.396641,-1.71395,0,0,0,,,
54.396,ekf_predict_only,map,0.83386,0.365257,-1.7848,30.7467,51.5377,2.03334,,,
54.432,odom,map,0.885787,0.396611,-1.71919,0,0,0,,,
54.396,ekf,map,0.864869,0.471631,-1.6873,0.0207369,0.0182974,-0.00137937,0.211458,,
54.396,kf,map,0.839424,0.414508,-1.6453,0.0233273,0.0343359,0.00583815,0.206083,,
54.396,pf,map,0.871494,0.463489,-1.68569,0.0223514,0.0185139,-0.00149306,7.75729,441.543,0
54.468,odom,map,0.885784,0.396588,-1.72457,0,0,0,,,
54.504,odom,map,0.885786,0.3966,-1.73015,0,0,0,,,
54.54,odom,map,0.885765,0.396475,-1.73663,0,0,0,,,
54.576,odom,map,0.885735,0.396297,-1.7433,0,0,0,,,
54.612,odom,map,0.885677,0.395974,-1.75039,0,0,0,,,
54.612,kf,map,0.841775,0.41223,-1.68544,0.0233614,0.0344317,0.00584517,0.123333,,
54.612,ekf,map,0.866001,0.466222,-1.72557,0.020927,0.018505,-0.00136312,0.113792,,
54.612,ekf_predict_only,map,0.833395,0.363115,-1.82811,30.8632,51.6264,2.05745,,,
54.612,pf,map,0.862888,0.450868,-1.72154,0.0182632,0.0164051,-0.00228292,6.27212,465.046,0
54.648,odom,map,0.885624,0.395684,-1.75796,0,0,0,,,
54.684,odom,map,0.885591,0.395517,-1.76618,0,0,0,,,
54.72,odom,map,0.885562,0.395369,-1.77454,0,0,0,,,
54.756,odom,map,0.885541,0.395272,-1.78307,0,0,0,,,
54.792,odom,map,0.88553,0.395224,-1.7918,0,0,0,,,
54.792,ekf_predict_only,map,0.833205,0.362396,-1.87606,30.9688,51.7218,2.06541,,,
54.792,ekf,map,0.871121,0.467492,-1.76502,0.0207486,0.0183118,-0.00136761,0.099792,,
54.828,odom,map,0.885505,0.395111,-1.801,0,0,0,,,
54.792,kf,map,0.845362,0.41015,-1.72284,0.0233086,0.0343542,0.00582042,0.102667,,
54.792,pf,map,0.892108,0.442175,-1.75544,0.0200775,0.016925,-0.00342862,6.43504,419.252,0
54.864,odom,map,0.88547,0.394966,-1.81059,0,0,0,,,
54.9,odom,map,0.885434,0.394822,-1.82018,0,0,0,,,
54.936,odom,map,0.885413,0.394742,-1.83014,0,0,0,,,
54.972,odom,map,0.885387,0.394647,-1.84065,0,0,0,,,
55.008,odom,map,0.885323,0.394421,-1.85159,0,0,0,,,
55.008,ekf_predict_only,map,0.832739,0.360917,-1.94234,31.0802,51.8106,2.08147,,,
55.008,ekf,map,0.871267,0.460795,-1.82747,0.0209303,0.018478,-0.00137302,0.1265,,
55.008,kf,map,0.847674,0.408153,-1.78809,0.0233453,0.0344477,0.00582992,0.154834,,
55.008,pf,map,0.872862,0.440002,-1.81975,0.0200161,0.0208286,-0.00202905,5.80829,439.25,0
55.044,odom,map,0.88525,0.394173,-1.86264,0,0,0,,,
55.08,odom,map,0.885155,0.393863,-1.8741,0,0,0,,,
55.116,odom,map,0.885029,0.393467,-1.88596,0,0,0,,,
55.152,odom,map,0.884864,0.392973,-1.89831,0,0,0,,,
55.188,odom,map,0.884678,0.392437,-1.91099,0,0,0,,,
55.188,ekf_predict_only,map,0.831934,0.358849,-2.0081,31.1963,51.8911,2.10331,,,
55.188,ekf,map,0.870081,0.459013,-1.88703,0.0207541,0.018276,-0.00137396,0.113416,,
55.224,odom,map,0.88452,0.391999,-1.92404,0,0,0,,,
55.188,kf,map,0.846773,0.406451,-1.84806,0.0232775,0.0343853,0.0057907,1.69654,,
55.188,pf,map,0.873126,0.428091,-1.87318,0.0219708,0.0158829,-0.00140523,10.7096,480.582,0
55.26,odom,map,0.884352,0.391552,-1.9375,0,0,0,,,
55.296,odom,map,0.884149,0.391035,-1.95125,0,0,0,,,
55.332,odom,map,0.883927,0.39049,-1.96509,0,0,0,,,
55.368,odom,map,0.883712,0.389984,-1.97889,0,0,0,,,
55.404,odom,map,0.883447,0.389383,-1.99275,0,0,0,,,
55.404,ekf,map,0.873235,0.45707,-1.96602,0.0209474,0.0184509,-0.00136348,0.095583,,
55.404,ekf_predict_only,map,0.829834,0.354358,-2.09108,31.3315,51.9405,2.14922,,,
55.404,kf,map,0.848825,0.401698,-1.92518,0.0232851,0.034508,0.00577192,0.09825,,
55.401,amcl,map,0.878784,0.385633,-2.01075,0.0089361,0.021075,0.00315633,,,
55.404,pf,map,0.884307,0.422874,-1.95003,0.020501,0.0165244,-0.00086049,12.2782,396.166,0
55.44,odom,map,0.883113,0.388652,-2.00661,0,0,0,,,
55.476,odom,map,0.882759,0.387906,-2.02044,0,0,0,,,
55.512,odom,map,0.882345,0.387065,-2.03431,0,0,0,,,
55.548,odom,map,0.881844,0.38608,-2.04815,0,0,0,,,
55.584,odom,map,0.881325,0.385093,-2.06199,0,0,0,,,
55.62,odom,map,0.880737,0.384012,-2.07574,0,0,0,,,
55.584,ekf,map,0.872482,0.448914,-2.03619,0.0207712,0.0182505,-0.00136222,0.098583,,
55.584,ekf_predict_only,map,0.826612,0.348733,-2.15964,31.4764,51.963,2.20403,,,
55.584,kf,map,0.849505,0.396247,-1.9968,0.0231861,0.0344767,0.00570166,3.75408,,
55.584,pf,map,0.86351,0.415587,-2.01278,0.0207169,0.0151413,-0.00082498,11.8735,411.656,0
55.656,odom,map,0.880072,0.382829,-2.08935,0,0,0,,,
55.692,odom,map,0.879366,0.38161,-2.10272,0,0,0,,,
55.728,odom,map,0.87869,0.380478,-2.11593,0,0,0,,,
55.764,odom,map,0.878009,0.379373,-2.1291,0,0,0,,,
55.8,odom,map,0.877327,0.378297,-2.14215,0,0,0,,,
55.8,ekf_predict_only,map,0.820194,0.339124,-2.23451,31.6546,51.9093,2.29293,,,
55.8,ekf,map,0.872732,0.444978,-2.11283,0.0209791,0.0184182,-0.00133574,0.204375,,
55.8,kf,map,0.848414,0.387911,-2.07077,0.0231445,0.0346484,0.00563186,0.128417,,
55.8,pf,map,0.882195,0.43035,-2.10649,0.0227425,0.0136227,-0.00117383,6.55167,450.582,0
55.836,odom,map,0.876471,0.376984,-2.15484,0,0,0,,,
55.872,odom,map,0.875399,0.375384,-2.16732,0,0,0,,,
55.908,odom,map,0.874099,0.373496,-2.17964,0,0,0,,,
55.944,odom,map,0.872607,0.371384,-2.19164,0,0,0,,,
55.98,odom,map,0.870879,0.368999,-2.20356,0,0,0,,,
56.016,odom,map,0.869049,0.366534,-2.21551,0,0,0,,,
56.016,kf,map,0.839869,0.37641,-2.14427,0.0229995,0.0348006,0.00547961,0.104208,,
56.016,ekf_predict_only,map,0.808848,0.324617,-2.30623,31.8768,51.74,2.41734,,,
56.016,ekf,map,0.863412,0.434,-2.18664,0.021027,0.0184471,-0.00128493,0.173542,,
56.001,amcl,map,0.877436,0.371029,-2.21855,0.00823784,0.0194042,0.00385227,,,
56.016,pf,map,0.860917,0.404058,-2.18349,0.0217081,0.0180148,-0.000125519,12.6172,404.866,0
56.052,odom,map,0.867068,0.363933,-2.22728,0,0,0,,,
56.088,odom,map,0.864879,0.361127,-2.23883,0,0,0,,,
56.124,odom,map,0.862494,0.358139,-2.2501,0,0,0,,,
56.16,odom,map,0.860043,0.355138,-2.26124,0,0,0,,,
56.196,odom,map,0.857463,0.35205,-2.27218,0,0,0,,,
56.232,odom,map,0.853999,0.348435,-2.2858,0,0,0,,,
56.196,ekf_predict_only,map,0.795039,0.309354,-2.35829,32.1106,51.5162,2.53573,,,
56.196,ekf,map,0.842987,0.414821,-2.2471,0.0208771,0.0182855,-0.00121613,0.584333,,
56.196,kf,map,0.823557,0.36471,-2.20993,0.0227803,0.0348828,0.00526879,0.186,,
56.196,pf,map,0.831556,0.404597,-2.23953,0.0167674,0.0156425,-0.000941851,11.3413,462.349,0
56.268,odom,map,0.850226,0.344651,-2.29933,0,0,0,,,
56.304,odom,map,0.846335,0.34087,-2.31279,0,0,0,,,
56.34,odom,map,0.84229,0.337057,-2.32604,0,0,0,,,
56.376,odom,map,0.837964,0.333081,-2.33887,0,0,0,,,
56.412,odom,map,0.833869,0.32929,-2.35061,0,0,0,,,
56.412,ekf_predict_only,map,0.774807,0.289207,-2.41447,32.3956,51.1499,2.67506,,,
56.412,ekf,map,0.838098,0.393058,-2.30543,0.0211429,0.0185935,-0.00108068,0.286417,,
56.412,kf,map,0.818855,0.341165,-2.2682,0.0225932,0.0351994,0.00500673,0.205375,,
56.412,pf,map,0.856013,0.387571,-2.31975,0.019062,0.0159209,-0.00132876,6.41154,465.372,0
56.448,odom,map,0.83038,0.325795,-2.35977,0,0,0,,,
56.484,odom,map,0.826703,0.322177,-2.36866,0,0,0,,,
56.52,odom,map,0.822922,0.318519,-2.3768,0,0,0,,,
56.556,odom,map,0.8191,0.314881,-2.38487,0,0,0,,,
56.592,odom,map,0.815156,0.311187,-2.39255,0,0,0,,,
56.592,ekf_predict_only,map,0.753627,0.270362,-2.44847,32.6772,50.7719,2.78564,,,
56.592,ekf,map,0.813595,0.373231,-2.3483,0.0210224,0.018499,-0.000985997,0.221417,,
56.628,odom,map,0.811023,0.307371,-2.39953,0,0,0,,,
56.592,kf,map,0.797176,0.324656,-2.31362,0.0223395,0.0353229,0.00471475,0.105,,
56.592,pf,map,0.819175,0.361676,-2.34834,0.0191123,0.0173223,7.21858e-05,7.57417,479.211,0
56.664,odom,map,0.806664,0.3034,-2.40586,0,0,0,,,
56.7,odom,map,0.802227,0.299408,-2.41203,0,0,0,,,
56.736,odom,map,0.797677,0.295365,-2.41792,0,0,0,,,
56.772,odom,map,0.792922,0.291187,-2.42325,0,0,0,,,
56.808,odom,map,0.788574,0.287176,-2.42764,0,0,0,,,
56.808,ekf_predict_only,map,0.723407,0.245261,-2.47541,33.032,50.2082,2.90786,,,
56.808,kf,map,0.776063,0.299238,-2.35308,0.0221244,0.0356678,0.00435154,0.111667,,
56.808,ekf,map,0.79021,0.344933,-2.38505,0.021293,0.0189541,-0.000808249,0.134417,,
56.808,pf,map,0.813236,0.334243,-2.39289,0.0191892,0.0168283,-0.00116613,6.18475,461.434,0
56.844,odom,map,0.786081,0.283999,-2.43013,0,0,0,,,
56.88,odom,map,0.783491,0.280747,-2.43237,0,0,0,,,
56.916,odom,map,0.780722,0.277348,-2.43414,0,0,0,,,
56.952,odom,map,0.777867,0.273879,-2.43571,0,0,0,,,
56.988,odom,map,0.774997,0.270398,-2.43687,0,0,0,,,
57.024,odom,map,0.770448,0.266159,-2.43872,0,0,0,,,
56.988,ekf_predict_only,map,0.695246,0.223125,-2.4875,33.3691,49.7092,2.99252,,,
57,amcl,map,0.764782,0.266888,-2.43818,0.0111102,0.0163684,0.00538062,,,
56.988,ekf,map,0.765656,0.318926,-2.40659,0.0211742,0.0189998,-0.000672794,0.155833,,
56.988,kf,map,0.753992,0.277345,-2.37804,0.0218711,0.0357911,0.00399093,0.178834,,
56.988,pf,map,0.78196,0.313913,-2.4112,0.0242359,0.0165123,-0.000707227,10.268,456.048,0
57.06,odom,map,0.764893,0.261464,-2.44085,0,0,0,,,
57.096,odom,map,0.759281,0.256739,-2.4428,0,0,0,,,
57.132,odom,map,0.753568,0.251946,-2.44429,0,0,0,,,
57.168,odom,map,0.747782,0.247104,-2.44501,0,0,0,,,
57.204,odom,map,0.742066,0.242322,-2.4448,0,0,0,,,
57.204,ekf_predict_only,map,0.659802,0.195951,-2.48483,33.776,49.0819,3.07117,,,
57.204,ekf,map,0.729977,0.294977,-2.41271,0.0214235,0.0195688,-0.000496899,0.171709,,
57.204,kf,map,0.719308,0.2508,-2.38381,0.0216793,0.0361129,0.00356478,0.139917,,
57.204,pf,map,0.7472,0.284147,-2.42653,0.0250464,0.0150881,-0.00228129,8.18783,490.858,0
57.24,odom,map,0.736358,0.237544,-2.44436,0,0,0,,,
57.276,odom,map,0.730672,0.232778,-2.44351,0,0,0,,,
57.312,odom,map,0.725015,0.228025,-2.44188,0,0,0,,,
57.348,odom,map,0.71947,0.223345,-2.43926,0,0,0,,,
57.384,odom,map,0.714017,0.218717,-2.43628,0,0,0,,,
57.42,odom,map,0.708638,0.214122,-2.43293,0,0,0,,,
57.384,ekf_predict_only,map,0.631815,0.174374,-2.46782,34.1322,48.6287,3.11825,,,
57.384,kf,map,0.695681,0.228049,-2.38743,0.0214714,0.0361908,0.00319444,0.1025,,
57.384,ekf,map,0.703154,0.262058,-2.41011,0.0212818,0.0196969,-0.000378057,0.16675,,
57.384,pf,map,0.719339,0.273296,-2.42871,0.0198285,0.0180226,-0.000824382,8.81475,466.231,0
57.456,odom,map,0.70352,0.209718,-2.42876,0,0,0,,,
57.492,odom,map,0.698663,0.205498,-2.42361,0,0,0,,,
57.528,odom,map,0.694087,0.201476,-2.41754,0,0,0,,,
57.564,odom,map,0.689535,0.197427,-2.41148,0,0,0,,,
57.6,odom,map,0.68524,0.193558,-2.40477,0,0,0,,,
57.6,ekf_predict_only,map,0.606711,0.154331,-2.4202,34.4801,48.2484,3.1547,,,
57.6,kf,map,0.668651,0.205064,-2.36101,0.0213649,0.0364276,0.0028414,0.097042,,
57.6,ekf,map,0.674074,0.233967,-2.37984,0.0214984,0.0202364,-0.000259745,0.203708,,
57.6,pf,map,0.679023,0.222815,-2.38101,0.0209143,0.0186725,-0.00066065,8.36592,469.371,0
57.636,odom,map,0.681319,0.189972,-2.39649,0,0,0,,,
57.672,odom,map,0.677444,0.186366,-2.38797,0,0,0,,,
57.708,odom,map,0.673609,0.182736,-2.37932,0,0,0,,,
57.744,odom,map,0.669961,0.179223,-2.37003,0,0,0,,,
57.78,odom,map,0.666463,0.175786,-2.36017,0,0,0,,,
57.816,odom,map,0.662392,0.172215,-2.34992,0,0,0,,,
57.816,ekf_predict_only,map,0.585054,0.135283,-2.35724,34.8247,47.9463,3.19253,,,
57.816,ekf,map,0.645138,0.205497,-2.3315,0.0215273,0.0205451,-0.000177902,0.135375,,
57.816,kf,map,0.641956,0.185258,-2.31818,0.0212542,0.0365457,0.00252613,1.27379,,
57.816,pf,map,0.656171,0.181396,-2.31795,0.0205614,0.0213225,0.00145861,9.55454,483.66,0
57.852,odom,map,0.657409,0.168463,-2.33904,0,0,0,,,
57.888,odom,map,0.652464,0.164675,-2.32762,0,0,0,,,
57.924,odom,map,0.647548,0.16084,-2.31601,0,0,0,,,
57.96,odom,map,0.642708,0.157009,-2.30392,0,0,0,,,
57.996,odom,map,0.637919,0.15315,-2.2913,0,0,0,,,
58.032,odom,map,0.634716,0.149629,-2.27811,0,0,0,,,
57.996,ekf,map,0.591048,0.180095,-2.28073,0.0372756,0.0370686,-5.50018e-05,0.061458,,
57.996,kf,map,0.591739,0.173632,-2.27597,0.0356701,0.0368247,0.000190737,0.059208,,
57.996,ekf_predict_only,map,0.568929,0.119191,-2.28969,35.1381,47.7541,3.23135,,,
57.996,pf,map,0.594145,0.147461,-2.28799,0.0387788,0.0371682,-0.001282,5.62933,340.694,0
58.068,odom,map,0.631779,0.146146,-2.2646,0,0,0,,,
58.104,odom,map,0.628836,0.142558,-2.25081,0,0,0,,,
58.14,odom,map,0.625882,0.13885,-2.2364,0,0,0,,,
58.176,odom,map,0.622971,0.135086,-2.22173,0,0,0,,,
58.212,odom,map,0.620047,0.131186,-2.20672,0,0,0,,,
58.212,ekf_predict_only,map,0.549564,0.097063,-2.19916,35.5418,47.5117,3.29414,,,
58.212,ekf,map,0.562729,0.154648,-2.19963,0.0390182,0.0390074,-8.30408e-06,0.139167,,
58.212,kf,map,0.563451,0.153058,-2.19784,0.0368653,0.0369445,1.3083e-05,0.0685,,
58.2,amcl,map,0.622075,0.137652,-2.22853,0.0156413,0.0164145,0.00837434,,,
58.212,pf,map,0.57368,0.113499,-2.21626,0.0390457,0.0391071,4.4639e-05,4.83096,297.559,0
58.248,odom,map,0.617119,0.127157,-2.19137,0,0,0,,,
58.284,odom,map,0.614144,0.122924,-2.17576,0,0,0,,,
58.32,odom,map,0.611171,0.118552,-2.16007,0,0,0,,,
58.356,odom,map,0.608249,0.114105,-2.14409,0,0,0,,,
58.392,odom,map,0.605299,0.109453,-2.12776,0,0,0,,,
58.392,ekf,map,0.545554,0.131771,-2.12195,0.0386403,0.0386379,-2.04423e-06,1.14437,,
58.392,kf,map,0.545771,0.131315,-2.12126,0.0368494,0.0368549,9.04648e-07,0.058708,,
58.428,odom,map,0.602346,0.104622,-2.11135,0,0,0,,,
58.392,ekf_predict_only,map,0.532578,0.0736863,-2.1168,35.9756,47.3187,3.37444,,,
58.392,pf,map,0.543877,0.0779748,-2.16122,0.0342319,0.0380577,-0.00245205,5.98358,294.33,0
58.464,odom,map,0.599416,0.0996465,-2.09476,0,0,0,,,
58.5,odom,map,0.596571,0.0946274,-2.07807,0,0,0,,,
58.536,odom,map,0.593811,0.0895616,-2.06137,0,0,0,,,
58.572,odom,map,0.59102,0.0842281,-2.04444,0,0,0,,,
58.608,odom,map,0.588281,0.0787711,-2.02746,0,0,0,,,
58.608,ekf_predict_only,map,0.513555,0.0423781,-2.01491,36.5435,47.099,3.49536,,,
58.608,ekf,map,0.528133,0.101025,-2.02238,0.0391184,0.0391146,-1.86152e-06,0.671958,,
58.608,kf,map,0.528102,0.100874,-2.02207,0.0369462,0.0369466,6.16597e-08,0.0575,,
58.608,pf,map,0.524445,0.0452652,-2.05542,0.0367456,0.0321586,0.00121798,5.72858,301.013,0
58.644,odom,map,0.585565,0.0731206,-2.01053,0,0,0,,,
58.68,odom,map,0.582883,0.0672935,-1.99369,0,0,0,,,
58.716,odom,map,0.580274,0.0613624,-1.97696,0,0,0,,,
58.752,odom,map,0.577758,0.0553757,-1.96026,0,0,0,,,
58.788,odom,map,0.575299,0.0492393,-1.94383,0,0,0,,,
58.824,odom,map,0.572789,0.0426685,-1.9279,0,0,0,,,
58.788,ekf_predict_only,map,0.498068,0.00982954,-1.93573,37.1554,46.9453,3.6402,,,
58.788,ekf,map,0.51502,0.0708831,-1.94026,0.0386569,0.0386533,-1.86397e-06,0.067916,,
58.788,kf,map,0.514886,0.0707392,-1.94031,0.036855,0.036855,4.2617e-09,0.145125,,
58.8,amcl,map,0.568483,0.0576685,-1.96166,0.0151721,0.0177953,0.0081025,,,
58.788,pf,map,0.519402,0.024795,-1.96821,0.0353192,0.0380722,-0.000313973,4.73879,325.131,0
58.86,odom,map,0.570322,0.0358946,-1.91207,0,0,0,,,
58.896,odom,map,0.56791,0.028933,-1.89701,0,0,0,,,
58.932,odom,map,0.565514,0.0216872,-1.88365,0,0,0,,,
58.968,odom,map,0.563157,0.0142416,-1.87136,0,0,0,,,
59.004,odom,map,0.560818,0.00662442,-1.8604,0,0,0,,,
59.004,ekf_predict_only,map,0.480704,-0.0356187,-1.873,38.0137,46.7679,3.85844,,,
59.004,ekf,map,0.500667,0.028078,-1.86052,0.0391316,0.039126,-2.86921e-06,0.070042,,
59.004,kf,map,0.500403,0.0279184,-1.86148,0.0369466,0.0369466,2.90464e-10,0.0585,,
59.004,pf,map,0.51559,-0.015999,-1.87359,0.0362317,0.0401675,8.05625e-05,4.52329,290.894,0
59.04,odom,map,0.558379,-1.49904e-05,-1.853,0,0,0,,,
59.076,odom,map,0.55593,-0.00673326,-1.84631,0,0,0,,,
59.112,odom,map,0.553433,-0.0136378,-1.84056,0,0,0,,,
59.148,odom,map,0.550885,-0.0207219,-1.83555,0,0,0,,,
59.184,odom,map,0.548313,-0.0278701,-1.83079,0,0,0,,,
59.22,odom,map,0.545948,-0.0357061,-1.82477,0,0,0,,,
59.184,ekf_predict_only,map,0.467839,-0.0768859,-1.8373,38.8465,46.6671,4.06623,,,
59.184,ekf,map,0.490212,-0.011956,-1.81405,0.0386661,0.0386603,-2.68564e-06,0.062667,,
59.184,kf,map,0.490012,-0.0120496,-1.81481,0.036855,0.036855,2.00758e-11,0.067,,
59.184,pf,map,0.508265,-0.0570444,-1.83923,0.0353101,0.0387999,0.000537287,4.60717,318.102,0
59.256,odom,map,0.543776,-0.0441943,-1.81801,0,0,0,,,
59.292,odom,map,0.541627,-0.0528253,-1.81189,0,0,0,,,
59.328,odom,map,0.53952,-0.0615006,-1.80604,0,0,0,,,
59.364,odom,map,0.53746,-0.0702107,-1.80033,0,0,0,,,
59.4,odom,map,0.535431,-0.0789927,-1.79526,0,0,0,,,
59.4,ekf_predict_only,map,0.453579,-0.129121,-1.80802,39.9346,46.5493,4.33016,,,
59.4,ekf,map,0.478718,-0.0636696,-1.77636,0.0391406,0.0391316,-3.50523e-06,0.0565,,
59.4,kf,map,0.47854,-0.0637309,-1.77703,0.0369466,0.0369466,1.3683e-12,0.079791,,
59.4,pf,map,0.477996,-0.111889,-1.79564,0.0354334,0.0346502,-0.00122385,4.49875,320.394,0
59.436,odom,map,0.533444,-0.0877956,-1.79038,0,0,0,,,
59.472,odom,map,0.531502,-0.096591,-1.78589,0,0,0,,,
59.508,odom,map,0.529611,-0.105337,-1.7818,0,0,0,,,
59.544,odom,map,0.527763,-0.114043,-1.77821,0,0,0,,,
59.58,odom,map,0.525947,-0.122745,-1.77479,0,0,0,,,
59.616,odom,map,0.523677,-0.131137,-1.77211,0,0,0,,,
59.616,ekf_predict_only,map,0.440967,-0.181283,-1.79038,41.089,46.461,4.59222,,,
59.616,ekf,map,0.468716,-0.116168,-1.75221,0.0392037,0.0391931,-3.4954e-06,0.106125,,
59.616,kf,map,0.468584,-0.116179,-1.75276,0.0369528,0.0369528,9.31697e-14,0.111416,,
59.616,pf,map,0.469398,-0.160515,-1.77052,0.0395275,0.0394448,-0.00183317,10.0552,293.566,0
59.652,odom,map,0.520669,-0.138979,-1.77058,0,0,0,,,
59.688,odom,map,0.517671,-0.146762,-1.76946,0,0,0,,,
59.724,odom,map,0.514678,-0.154497,-1.76859,0,0,0,,,
59.76,odom,map,0.511705,-0.162093,-1.768,0,0,0,,,
59.796,odom,map,0.508741,-0.169602,-1.76763,0,0,0,,,
59.832,odom,map,0.506954,-0.177768,-1.76646,0,0,0,,,
59.796,ekf_predict_only,map,0.431821,-0.222261,-1.78405,42.0651,46.4269,4.7949,,,
59.796,ekf,map,0.46132,-0.158938,-1.74147,0.038656,0.0386467,-2.66153e-06,0.057583,,
59.796,kf,map,0.461258,-0.158869,-1.74182,0.0368554,0.0368554,6.43912e-15,0.107667,,
59.796,pf,map,0.466734,-0.21362,-1.77542,0.0415562,0.0378271,0.0015052,8.00946,295.248,0
59.868,odom,map,0.505326,-0.186006,-1.76519,0,0,0,,,
59.904,odom,map,0.503719,-0.194196,-1.76419,0,0,0,,,
59.94,odom,map,0.502147,-0.202235,-1.76351,0,0,0,,,
59.976,odom,map,0.500603,-0.210158,-1.76313,0,0,0,,,
60.012,ekf_predict_only,map,0.421604,-0.269443,-1.78279,43.226,46.3795,5.02023,,,
60.012,kf,map,0.453133,-0.207717,-1.73671,0.0369466,0.0369466,4.38868e-16,0.109791,,
60.012,odom,map,0.499066,-0.218056,-1.76292,0,0,0,,,
60.012,pf,map,0.458046,-0.261999,-1.75601,0.0396104,0.0375273,-0.00118764,6.18729,303.639,0
60.012,ekf,map,0.453168,-0.207809,-1.7364,0.0391162,0.0391044,-2.95496e-06,5.85492,,
60,amcl,map,0.499717,-0.212264,-1.77179,0.0168134,0.0232742,0.00679479,,,
60.048,odom,map,0.497556,-0.225822,-1.7628,0,0,0,,,
60.084,odom,map,0.496258,-0.232501,-1.7628,0,0,0,,,
60.12,odom,map,0.495206,-0.237907,-1.7628,0,0,0,,,
60.156,odom,map,0.494403,-0.242042,-1.7628,0,0,0,,,
60.192,odom,map,0.493846,-0.244904,-1.7628,0,0,0,,,
60.228,odom,map,0.493537,-0.246494,-1.7628,0,0,0,,,
60.192,ekf_predict_only,map,0.421604,-0.269443,-1.78279,43.326,46.4795,5.02023,,,
60.192,ekf,map,0.449706,-0.22894,-1.73549,0.0386529,0.0386451,-1.88697e-06,0.437625,,
60.192,kf,map,0.449857,-0.227937,-1.73561,0.036855,0.036855,3.03329e-17,0.139542,,
60.192,pf,map,0.46107,-0.275961,-1.75909,0.0379242,0.0420161,-0.00228217,5.67488,310.346,0
60.264,odom,map,0.493468,-0.246852,-1.7628,0,0,0,,,
60.3,odom,map,0.493468,-0.246852,-1.7628,0,0,0,,,
60.336,odom,map,0.493374,-0.247331,-1.76378,0,0,0,,,
60.372,odom,map,0.493119,-0.248628,-1.7664,0,0,0,,,
60.408,odom,map,0.492644,-0.251001,-1.77067,0,0,0,,,
60.408,ekf_predict_only,map,0.418319,-0.284705,-1.8099,43.7811,46.5327,5.09075,,,
60.408,ekf,map,0.447555,-0.241946,-1.74733,0.0391252,0.0391183,-1.61114e-06,0.115083,,
60.408,kf,map,0.44756,-0.241815,-1.74821,0.0369466,0.0369466,2.06739e-18,0.059875,,
60.408,pf,map,0.446438,-0.287805,-1.76105,0.0360082,0.0356752,-0.000694916,4.75796,307.781,0
60.444,odom,map,0.492121,-0.25355,-1.77519,0,0,0,,,
60.48,odom,map,0.491487,-0.256567,-1.78057,0,0,0,,,
60.516,odom,map,0.490671,-0.260341,-1.78716,0,0,0,,,
60.552,odom,map,0.489645,-0.264923,-1.79501,0,0,0,,,
60.588,odom,map,0.488519,-0.269768,-1.80323,0,0,0,,,
60.624,odom,map,0.487244,-0.275049,-1.81218,0,0,0,,,
60.588,ekf_predict_only,map,0.411664,-0.312009,-1.8557,44.5313,46.5387,5.20434,,,
60.588,ekf,map,0.443747,-0.262302,-1.77962,0.0386603,0.0386555,-1.07365e-06,0.061292,,
60.588,kf,map,0.443668,-0.262603,-1.78048,0.036855,0.036855,1.4289e-19,0.074041,,
60.588,pf,map,0.439393,-0.308447,-1.77535,0.0397333,0.035591,-0.000536748,14.5636,325.442,0
60.66,odom,map,0.485772,-0.2809,-1.82209,0,0,0,,,
60.696,odom,map,0.484136,-0.287138,-1.8327,0,0,0,,,
60.732,odom,map,0.482405,-0.293457,-1.84349,0,0,0,,,
60.768,odom,map,0.48052,-0.300052,-1.85498,0,0,0,,,
60.804,odom,map,0.478448,-0.306935,-1.86718,0,0,0,,,
60.804,ekf_predict_only,map,0.399282,-0.354285,-1.92901,45.6754,46.4669,5.34485,,,
60.804,kf,map,0.434879,-0.299723,-1.84324,0.0369466,0.0369466,9.73894e-21,0.067167,,
60.804,ekf,map,0.434955,-0.299313,-1.84243,0.0391336,0.0391274,-1.34725e-06,0.061417,,
60.804,pf,map,0.438305,-0.33916,-1.86119,0.031891,0.0355979,0.000119703,4.53729,287.548,0
60.84,odom,map,0.476116,-0.313412,-1.88117,0,0,0,,,
60.876,odom,map,0.473653,-0.319898,-1.89525,0,0,0,,,
60.912,odom,map,0.471021,-0.326492,-1.90967,0,0,0,,,
60.948,odom,map,0.468148,-0.333371,-1.9246,0,0,0,,,
60.984,odom,map,0.465062,-0.34042,-1.93991,0,0,0,,,
61.02,odom,map,0.461937,-0.347816,-1.95466,0,0,0,,,
60.984,ekf,map,0.423627,-0.335627,-1.90628,0.0386669,0.0386609,-1.42861e-06,0.125291,,
60.984,ekf_predict_only,map,0.384772,-0.393044,-1.99978,46.7729,46.3704,5.42049,,,
60.984,kf,map,0.42359,-0.335894,-1.90681,0.036855,0.036855,6.7312e-22,0.064708,,
60.984,pf,map,0.436633,-0.381682,-1.92327,0.0388903,0.0341794,0.000500075,7.15329,313.906,0
61.056,odom,map,0.458783,-0.355469,-1.96882,0,0,0,,,
61.092,odom,map,0.455458,-0.36322,-1.98326,0,0,0,,,
61.128,odom,map,0.451994,-0.370981,-1.99818,0,0,0,,,
61.164,odom,map,0.448368,-0.378782,-2.01341,0,0,0,,,
61.2,odom,map,0.444621,-0.386536,-2.02866,0,0,0,,,
61.2,ekf_predict_only,map,0.363279,-0.440035,-2.09126,48.1341,46.1894,5.43927,,,
61.2,ekf,map,0.444402,-0.343639,-1.97393,0.0221062,0.02384,-0.000536404,0.093541,,
61.2,amcl,map,0.461985,-0.370112,-2.01976,0.0217095,0.0259657,0.00533109,,,
61.2,kf,map,0.450047,-0.370198,-1.9623,0.0223448,0.0358485,-0.00400425,0.273416,,
61.2,pf,map,0.445394,-0.355082,-1.97607,0.0235696,0.0208219,0.000738121,6.87688,437.953,0
61.236,odom,map,0.440726,-0.394289,-2.0441,0,0,0,,,
61.272,odom,map,0.436695,-0.40201,-2.05969,0,0,0,,,
61.308,odom,map,0.432555,-0.409649,-2.07535,0,0,0,,,
61.344,odom,map,0.428289,-0.417233,-2.091,0,0,0,,,
61.38,odom,map,0.423904,-0.42475,-2.10665,0,0,0,,,
61.416,kf,map,0.438876,-0.411931,-2.06011,0.0221995,0.0356113,-0.00444734,0.104833,,
61.416,odom,map,0.419444,-0.432128,-2.12246,0,0,0,,,
61.416,ekf_predict_only,map,0.337635,-0.484774,-2.18644,49.4876,45.9697,5.35888,,,
61.416,ekf,map,0.433263,-0.391085,-2.07087,0.0217954,0.0240411,-0.000753285,0.106,,
61.416,pf,map,0.414946,-0.408392,-2.08151,0.0225632,0.022351,0.00154666,7.26171,529.456,0
61.452,odom,map,0.414956,-0.439295,-2.13826,0,0,0,,,
61.488,odom,map,0.410364,-0.446375,-2.15405,0,0,0,,,
61.524,odom,map,0.405687,-0.453342,-2.16981,0,0,0,,,
61.56,odom,map,0.40104,-0.460038,-2.18535,0,0,0,,,
61.596,odom,map,0.396357,-0.466567,-2.20061,0,0,0,,,
61.632,odom,map,0.391595,-0.472997,-2.21598,0,0,0,,,
61.596,ekf_predict_only,map,0.314553,-0.517406,-2.26385,50.5347,45.7965,5.21706,,,
61.596,ekf,map,0.414755,-0.429641,-2.15226,0.021638,0.0240297,-0.000860709,0.187833,,
61.596,kf,map,0.419522,-0.444957,-2.14411,0.0223108,0.0353524,-0.0046747,0.108834,,
61.596,pf,map,0.405956,-0.465665,-2.14623,0.0209711,0.0212777,-0.00069866,7.83075,539.024,0
61.668,odom,map,0.386739,-0.479346,-2.23146,0,0,0,,,
61.704,odom,map,0.381873,-0.48551,-2.24673,0,0,0,,,
61.74,odom,map,0.376961,-0.49154,-2.2619,0,0,0,,,
61.776,odom,map,0.37196,-0.497494,-2.27706,0,0,0,,,
61.812,odom,map,0.366949,-0.503279,-2.29203,0,0,0,,,
61.812,ekf_predict_only,map,0.285396,-0.552514,-2.35323,51.6845,45.5712,4.97699,,,
61.812,ekf,map,0.383596,-0.470623,-2.24539,0.0219082,0.0246653,-0.00106953,0.178333,,
61.812,kf,map,0.387942,-0.482859,-2.23897,0.0225243,0.0352684,-0.00491898,0.10525,,
61.8,amcl,map,0.383627,-0.507487,-2.25977,0.0268663,0.0248073,0.00718111,,,
61.812,pf,map,0.376865,-0.494254,-2.24274,0.0216346,0.0205976,0.000244913,8.92246,536.355,0
61.848,odom,map,0.36192,-0.508915,-2.30678,0,0,0,,,
61.884,odom,map,0.356817,-0.514467,-2.32127,0,0,0,,,
61.92,odom,map,0.351626,-0.519954,-2.33573,0,0,0,,,
61.956,odom,map,0.346454,-0.525266,-2.35005,0,0,0,,,
61.992,odom,map,0.341305,-0.530405,-2.36412,0,0,0,,,
62.028,odom,map,0.338594,-0.5334,-2.37688,0,0,0,,,
61.992,kf,map,0.366138,-0.508913,-2.31937,0.0225978,0.0350649,-0.0050516,0.107916,,
61.992,ekf_predict_only,map,0.259964,-0.578098,-2.42291,52.5697,45.4056,4.7203,,,
61.992,ekf,map,0.364207,-0.503404,-2.32262,0.0217856,0.0247174,-0.00118988,0.176209,,
61.992,pf,map,0.363212,-0.516194,-2.3246,0.0202091,0.0225855,3.55949e-05,14.1811,548.797,0
62.064,odom,map,0.336875,-0.535456,-2.38902,0,0,0,,,
62.1,odom,map,0.335286,-0.537287,-2.40088,0,0,0,,,
62.136,odom,map,0.333943,-0.538797,-2.41241,0,0,0,,,
62.172,odom,map,0.332637,-0.540183,-2.42379,0,0,0,,,
62.208,odom,map,0.330534,-0.542132,-2.43552,0,0,0,,,
62.208,ekf,map,0.338195,-0.533323,-2.4056,0.0220543,0.025313,-0.00138294,0.202709,,
62.208,kf,map,0.339026,-0.53551,-2.40418,0.0227486,0.0350443,-0.00519674,0.118583,,
62.208,ekf_predict_only,map,0.231562,-0.602942,-2.50081,53.4487,45.2289,4.39605,,,
62.208,pf,map,0.331991,-0.550509,-2.41007,0.0203506,0.0288035,-0.00261542,13.9335,535.013,0
62.244,odom,map,0.325791,-0.546123,-2.44835,0,0,0,,,
62.28,odom,map,0.321201,-0.549889,-2.46068,0,0,0,,,
62.316,odom,map,0.317475,-0.552878,-2.47068,0,0,0,,,
62.352,odom,map,0.314741,-0.555031,-2.4781,0,0,0,,,
62.388,odom,map,0.313017,-0.556373,-2.48292,0,0,0,,,
62.424,odom,map,0.312313,-0.556916,-2.48515,0,0,0,,,
62.388,kf,map,0.322322,-0.547293,-2.44822,0.0227418,0.034921,-0.00522447,0.156792,,
62.388,ekf,map,0.323231,-0.551291,-2.44762,0.0218826,0.0251602,-0.00139986,0.240417,,
62.388,ekf_predict_only,map,0.231562,-0.602942,-2.50081,53.5487,45.3289,4.39605,,,
62.4,amcl,map,0.310005,-0.567596,-2.46364,0.0256105,0.0192706,0.00711777,,,
62.388,pf,map,0.311154,-0.587097,-2.44755,0.0200125,0.0240941,0.000517965,12.2662,534.498,0
62.46,odom,map,0.312296,-0.556929,-2.48532,0,0,0,,,
62.496,odom,map,0.312296,-0.556929,-2.48532,0,0,0,,,
62.532,odom,map,0.312296,-0.556929,-2.48532,0,0,0,,,
62.568,odom,map,0.312296,-0.556929,-2.48532,0,0,0,,,
62.604,odom,map,0.312279,-0.557164,-2.48513,0,0,0,,,
62.604,kf,map,0.318445,-0.550386,-2.45861,0.0227984,0.0349946,-0.00525515,0.1155,,
62.604,ekf,map,0.319368,-0.553533,-2.45751,0.0220918,0.0254804,-0.00146149,0.17375,,
62.604,ekf_predict_only,map,0.231562,-0.602942,-2.50081,53.6487,45.4289,4.39605,,,
62.604,pf,map,0.302554,-0.581229,-2.45283,0.0181559,0.0225335,-0.0025762,11.0597,619.064,0
62.64,odom,map,0.31196,-0.561394,-2.4818,0,0,0,,,
62.676,odom,map,0.311615,-0.565622,-2.47846,0,0,0,,,
62.712,odom,map,0.311246,-0.569849,-2.47512,0,0,0,,,
62.748,odom,map,0.310851,-0.574075,-2.47178,0,0,0,,,
62.784,odom,map,0.310431,-0.5783,-2.46844,0,0,0,,,
62.784,ekf_predict_only,map,0.231562,-0.602942,-2.50081,53.7487,45.5289,4.39605,,,
62.784,kf,map,0.318514,-0.550779,-2.45958,0.0227563,0.0349065,-0.00524133,0.102667,,
62.82,odom,map,0.310236,-0.580177,-2.46695,0,0,0,,,
62.784,ekf,map,0.31915,-0.552593,-2.45873,0.0219,0.0252133,-0.00143164,0.932292,,
62.784,pf,map,0.301074,-0.591678,-2.45458,0.0175189,0.0283107,0.00060006,10.3671,559.564,0
62.856,odom,map,0.310236,-0.580177,-2.46695,0,0,0,,,
62.892,odom,map,0.310236,-0.580177,-2.46695,0,0,0,,,
62.928,odom,map,0.310236,-0.580177,-2.46695,0,0,0,,,
62.964,odom,map,0.310236,-0.580177,-2.46695,0,0,0,,,
63,odom,map,0.310236,-0.580177,-2.46695,0,0,0,,,
63,ekf_predict_only,map,0.231562,-0.602942,-2.50081,53.8487,45.6289,4.39605,,,
63,kf,map,0.31615,-0.551765,-2.45964,0.0228022,0.0349909,-0.00525951,0.136791,,
63,ekf,map,0.3166,-0.553236,-2.45895,0.0220952,0.0254913,-0.00146688,0.291375,,
63,pf,map,0.310152,-0.592074,-2.45938,0.0203687,0.0257656,-0.00532457,7.69567,549.174,0
63.036,odom,map,0.310236,-0.580177,-2.46695,0,0,0,,,
63.072,odom,map,0.310236,-0.580177,-2.46695,0,0,0,,,
63.108,odom,map,0.310236,-0.580177,-2.46695,0,0,0,,,
63.144,odom,map,0.310236,-0.580177,-2.46695,0,0,0,,,
63.18,odom,map,0.309983,-0.580379,-2.46704,0,0,0,,,
63.216,ekf_predict_only,map,0.222866,-0.609427,-2.50268,54.1547,45.6485,4.28792,,,
63.216,odom,map,0.308806,-0.580419,-2.46718,0,0,0,,,
63.216,ekf,map,0.316984,-0.553486,-2.45908,0.0221171,0.0255697,-0.00149769,0.231791,,
63.216,kf,map,0.316466,-0.553049,-2.45941,0.0228122,0.0349881,-0.00527091,0.106875,,
63.216,pf,map,0.333093,-0.579097,-2.45064,0.0188017,0.0212135,0.00132247,8.78463,524.392,0
63.252,odom,map,0.307265,-0.579331,-2.46719,0,0,0,,,
63.288,odom,map,0.305482,-0.578437,-2.46746,0,0,0,,,
63.324,odom,map,0.303424,-0.577763,-2.46817,0,0,0,,,
63.36,odom,map,0.301251,-0.577178,-2.46911,0,0,0,,,
63.396,odom,map,0.299071,-0.576596,-2.47007,0,0,0,,,
63.396,ekf,map,0.307158,-0.561556,-2.46482,0.0219195,0.0253321,-0.00149306,0.176458,,
63.396,kf,map,0.306562,-0.560216,-2.46548,0.0227865,0.0348768,-0.0052761,0.112416,,
63.432,odom,map,0.296931,-0.578038,-2.47151,0,0,0,,,
63.396,pf,map,0.286192,-0.578474,-2.46154,0.020439,0.0240979,-0.0037785,6.21925,562.684,0
63.396,ekf_predict_only,map,0.211673,-0.617742,-2.51101,54.5205,45.6479,4.14638,,,
63.468,odom,map,0.29473,-0.579778,-2.47347,0,0,0,,,
63.504,odom,map,0.29252,-0.581519,-2.4756,0,0,0,,,
63.54,odom,map,0.29016,-0.583368,-2.47785,0,0,0,,,
63.576,odom,map,0.287739,-0.585256,-2.48074,0,0,0,,,
63.612,odom,map,0.285378,-0.587086,-2.48399,0,0,0,,,
63.612,ekf,map,0.290838,-0.563132,-2.47161,0.0221455,0.0257471,-0.00159684,0.154291,,
63.612,kf,map,0.29354,-0.570405,-2.46895,0.0228638,0.0349292,-0.00533013,0.172583,,
63.612,ekf_predict_only,map,0.197267,-0.628258,-2.53064,54.9593,45.6234,3.95976,,,
63.612,pf,map,0.292377,-0.565515,-2.47449,0.0184837,0.021906,-0.00157645,11.099,569.422,0
63.648,odom,map,0.282962,-0.588945,-2.4875,0,0,0,,,
63.684,odom,map,0.280509,-0.590819,-2.49115,0,0,0,,,
63.72,odom,map,0.278066,-0.59267,-2.4953,0,0,0,,,
63.756,odom,map,0.275668,-0.59447,-2.5001,0,0,0,,,
63.792,odom,map,0.273296,-0.596233,-2.5052,0,0,0,,,
63.828,odom,map,0.270924,-0.597976,-2.51039,0,0,0,,,
63.792,ekf_predict_only,map,0.185214,-0.6367,-2.55657,55.3334,45.6236,3.79901,,,
63.792,ekf,map,0.280546,-0.577283,-2.49721,0.0219754,0.0255935,-0.00161129,0.178459,,
63.792,kf,map,0.281376,-0.579443,-2.49607,0.0228459,0.0348169,-0.00534341,0.104667,,
63.792,pf,map,0.289872,-0.580399,-2.4967,0.0224314,0.0217083,0.000595033,16.3375,605.533,0
63.864,odom,map,0.268502,-0.599737,-2.51595,0,0,0,,,
63.9,odom,map,0.265939,-0.601575,-2.52236,0,0,0,,,
63.936,odom,map,0.263233,-0.60349,-2.52943,0,0,0,,,
63.972,odom,map,0.260474,-0.605412,-2.53673,0,0,0,,,
64.008,ekf,map,0.266116,-0.588601,-2.53811,0.0222112,0.0260356,-0.00172965,0.099334,,
64.008,odom,map,0.257665,-0.607338,-2.5447,0,0,0,,,
64.008,ekf_predict_only,map,0.168155,-0.647999,-2.6054,55.8033,45.589,3.56432,,,
64.008,kf,map,0.266693,-0.590291,-2.53751,0.0229232,0.0348698,-0.00539659,0.142875,,
64.008,pf,map,0.253315,-0.62105,-2.52568,0.0201331,0.0243754,-0.000871635,7.10354,565.869,0
64.044,odom,map,0.254773,-0.609286,-2.55313,0,0,0,,,
64.08,odom,map,0.252099,-0.611053,-2.56242,0,0,0,,,
64.116,odom,map,0.249639,-0.612645,-2.57212,0,0,0,,,
64.152,odom,map,0.247368,-0.614083,-2.58237,0,0,0,,,
64.188,odom,map,0.245321,-0.61535,-2.59325,0,0,0,,,
64.224,odom,map,0.243393,-0.616513,-2.60443,0,0,0,,,
64.188,ekf,map,0.256595,-0.59657,-2.58765,0.0220377,0.0258548,-0.00173757,0.09925,,
64.188,kf,map,0.256786,-0.597024,-2.58755,0.0228961,0.0347667,-0.00539907,0.122833,,
64.188,ekf_predict_only,map,0.158661,-0.653641,-2.66161,56.0894,45.6176,3.42905,,,
64.188,pf,map,0.236579,-0.610429,-2.58627,0.0211582,0.023237,-0.00132954,7.16417,563.989,0
64.26,odom,map,0.241489,-0.617632,-2.61567,0,0,0,,,
64.296,odom,map,0.239557,-0.618739,-2.62778,0,0,0,,,
64.332,odom,map,0.237557,-0.619851,-2.64062,0,0,0,,,
64.368,odom,map,0.23557,-0.620921,-2.65398,0,0,0,,,
64.404,odom,map,0.233573,-0.621963,-2.66739,0,0,0,,,
64.404,ekf,map,0.249421,-0.603763,-2.66311,0.0222583,0.0262526,-0.00182838,0.099167,,
64.404,kf,map,0.248755,-0.602401,-2.6638,0.0229556,0.0348374,-0.00543225,0.093625,,
64.404,ekf_predict_only,map,0.146675,-0.659881,-2.74202,56.3961,45.6308,3.25305,,,
64.401,amcl,map,0.235864,-0.615834,-2.66176,0.0237049,0.0170836,0.00713337,,,
64.404,pf,map,0.236479,-0.626288,-2.66175,0.020792,0.0230261,0.000352931,6.49229,554.749,0
64.44,odom,map,0.231584,-0.622967,-2.68122,0,0,0,,,
64.476,odom,map,0.229513,-0.623976,-2.69559,0,0,0,,,
64.512,odom,map,0.227277,-0.625024,-2.71036,0,0,0,,,
64.548,odom,map,0.224883,-0.626104,-2.72536,0,0,0,,,
64.584,odom,map,0.222455,-0.627155,-2.74063,0,0,0,,,
64.62,odom,map,0.219917,-0.628207,-2.75653,0,0,0,,,
64.584,ekf_predict_only,map,0.133935,-0.665261,-2.82203,56.6752,45.643,3.05953,,,
64.584,ekf,map,0.23734,-0.617158,-2.74268,0.0220794,0.0260624,-0.0018293,0.815709,,
64.584,kf,map,0.234225,-0.609049,-2.74602,0.0229164,0.0347464,-0.00542136,0.113,,
64.584,pf,map,0.208874,-0.611858,-2.75359,0.0243147,0.0225749,-0.00324543,7.50929,556.535,0
64.656,odom,map,0.217345,-0.629226,-2.77253,0,0,0,,,
64.692,odom,map,0.214442,-0.630321,-2.78875,0,0,0,,,
64.728,odom,map,0.21111,-0.631516,-2.80534,0,0,0,,,
64.764,odom,map,0.207473,-0.632753,-2.82194,0,0,0,,,
64.8,odom,map,0.203519,-0.634025,-2.83867,0,0,0,,,
64.8,ekf,map,0.169259,-0.636719,-2.83439,0.0379167,0.0381714,-0.000117965,0.064459,,
64.8,ekf_predict_only,map,0.109556,-0.673328,-2.92278,57.0453,45.5873,2.6772,,,
64.8,kf,map,0.17072,-0.633526,-2.83587,0.0359097,0.0367897,-0.000403293,0.062583,,
64.8,pf,map,0.155939,-0.676499,-2.85567,0.0364976,0.036038,0.00186856,4.55325,330.632,0
64.836,odom,map,0.199423,-0.635267,-2.85546,0,0,0,,,
64.872,odom,map,0.195071,-0.636507,-2.87237,0,0,0,,,
64.908,odom,map,0.190348,-0.637767,-2.88945,0,0,0,,,
64.944,odom,map,0.185587,-0.63895,-2.90653,0,0,0,,,
64.98,odom,map,0.180697,-0.640076,-2.92367,0,0,0,,,
65.016,ekf_predict_only,map,0.0771692,-0.68053,-3.02398,57.3879,45.5058,2.15186,,,
65.016,ekf,map,0.129219,-0.646749,-2.93373,0.0391334,0.0391515,-8.26347e-06,0.1075,,
65.016,kf,map,0.130082,-0.645891,-2.93422,0.0368818,0.0369421,-2.76331e-05,0.109208,,
65.016,odom,map,0.175474,-0.641185,-2.94066,0,0,0,,,
65.001,amcl,map,0.180651,-0.651777,-2.92614,0.0263198,0.0151575,0.00866007,,,
65.016,pf,map,0.122196,-0.690303,-2.94329,0.0323981,0.0366365,-0.000385462,6.82629,320.772,0
65.052,odom,map,0.169967,-0.642258,-2.95756,0,0,0,,,
65.088,odom,map,0.164381,-0.643249,-2.97449,0,0,0,,,
65.124,odom,map,0.158624,-0.64417,-2.99151,0,0,0,,,
65.16,odom,map,0.152629,-0.645025,-3.00821,0,0,0,,,
65.196,odom,map,0.146512,-0.645794,-3.02469,0,0,0,,,
65.196,kf,map,0.0983512,-0.651767,-3.0169,0.0368505,0.0368547,-1.91059e-06,0.131541,,
65.232,odom,map,0.140651,-0.645578,-3.04032,0,0,0,,,
65.196,ekf_predict_only,map,0.0461022,-0.684201,-3.10569,57.6121,45.4591,1.6349,,,
65.196,ekf,map,0.0981008,-0.651935,-3.01684,0.0386434,0.0386459,-8.15959e-07,0.060708,,
65.196,pf,map,0.0960816,-0.71703,-3.04283,0.0388294,0.0356798,0.00179002,7.48704,319.089,0
65.268,odom,map,0.134666,-0.645173,-3.05583,0,0,0,,,
65.304,odom,map,0.128452,-0.644692,-3.07088,0,0,0,,,
65.34,odom,map,0.122025,-0.644131,-3.08564,0,0,0,,,
65.376,odom,map,0.115528,-0.643478,-3.10035,0,0,0,,,
65.412,odom,map,0.10869,-0.643037,-3.11499,0,0,0,,,
65.412,ekf_predict_only,map,0.00277523,-0.685757,3.08708,57.7649,45.3992,0.903144,,,
65.412,ekf,map,0.0572883,-0.655164,-3.11101,0.0391004,0.0391042,-6.47379e-07,0.067917,,
65.412,kf,map,0.0572337,-0.65525,-3.11081,0.0369463,0.0369466,-1.30223e-07,0.054667,,
65.412,pf,map,0.0547253,-0.701528,-3.11811,0.0375749,0.0384479,0.000601697,6.58554,296.132,0
65.448,odom,map,0.101258,-0.643179,-3.12968,0,0,0,,,
65.484,odom,map,0.0936486,-0.643214,3.13911,0,0,0,,,
65.52,odom,map,0.0859227,-0.643141,3.1251,0,0,0,,,
65.556,odom,map,0.0781662,-0.642959,3.11123,0,0,0,,,
65.592,odom,map,0.0702066,-0.642662,3.09765,0,0,0,,,
65.628,odom,map,0.0619771,-0.642246,3.08459,0,0,0,,,
65.592,ekf,map,0.0186173,-0.654777,3.10218,0.038642,0.038647,-5.67939e-07,0.10125,,
65.592,ekf_predict_only,map,-0.0385846,-0.6835,3.02251,57.7884,45.3954,0.19924,,,
65.592,kf,map,0.0184777,-0.654895,3.10249,0.036855,0.036855,-9.00054e-09,0.156541,,
65.601,amcl,map,0.0769727,-0.667867,3.10426,0.0310671,0.0121972,0.00579901,,,
65.592,pf,map,0.0111561,-0.715885,3.08763,0.0324721,0.0375986,0.000782827,7.29713,297.711,0
65.664,odom,map,0.0535919,-0.641713,3.07186,0,0,0,,,
65.7,odom,map,0.0448556,-0.641048,3.0598,0,0,0,,,
65.736,odom,map,0.0359716,-0.640268,3.04812,0,0,0,,,
65.772,odom,map,0.0268012,-0.639355,3.03695,0,0,0,,,
65.808,kf,map,-0.034945,-0.650775,3.03279,0.0369466,0.0369466,-6.13448e-10,0.062917,,
65.808,odom,map,0.0173684,-0.638999,3.02658,0,0,0,,,
65.808,ekf_predict_only,map,-0.0958416,-0.67665,2.96242,57.657,45.4308,-0.771512,,,
65.808,ekf,map,-0.0346672,-0.650596,3.03216,0.0391156,0.0391248,-4.60231e-07,0.083625,,
65.808,pf,map,-0.0350028,-0.688134,2.99776,0.0329188,0.0388077,-5.03431e-05,4.87592,306.127,0
65.844,odom,map,0.00797076,-0.640955,3.01709,0,0,0,,,
65.88,odom,map,-0.00158386,-0.642805,3.00798,0,0,0,,,
65.916,odom,map,-0.0112669,-0.644555,2.99935,0,0,0,,,
65.952,odom,map,-0.0210344,-0.646215,2.99157,0,0,0,,,
65.988,odom,map,-0.0308288,-0.647801,2.98454,0,0,0,,,
66.024,odom,map,-0.040725,-0.647328,2.97908,0,0,0,,,
65.988,ekf_predict_only,map,-0.145408,-0.667673,2.93509,57.4558,45.5492,-1.60135,,,
65.988,ekf,map,-0.0829082,-0.64374,2.98929,0.0386539,0.0386637,5.24206e-08,0.06175,,
65.988,kf,map,-0.0830727,-0.643915,2.99019,0.036855,0.036855,-4.23992e-11,0.1025,,
65.988,pf,map,-0.078529,-0.666414,2.95114,0.0393787,0.0360626,-0.00375371,5.36963,300.605,0
66.06,odom,map,-0.0507492,-0.645657,2.97411,0,0,0,,,
66.096,odom,map,-0.060997,-0.643908,2.97126,0,0,0,,,
66.132,odom,map,-0.0714035,-0.642106,2.96904,0,0,0,,,
66.168,odom,map,-0.0818433,-0.640276,2.9673,0,0,0,,,
66.204,odom,map,-0.0924228,-0.638409,2.96702,0,0,0,,,
66.204,ekf_predict_only,map,-0.208895,-0.654373,2.94007,57.1138,45.774,-2.64335,,,
66.204,ekf,map,-0.144661,-0.633022,2.97296,0.0391262,0.0391411,9.1578e-07,0.057417,,
66.204,kf,map,-0.144851,-0.633221,2.97438,0.0369466,0.0369466,-2.88979e-12,0.062667,,
66.204,pf,map,-0.159488,-0.653624,2.94282,0.0376361,0.0399174,-0.000417665,4.58171,294.603,0
66.24,odom,map,-0.102988,-0.636553,2.96855,0,0,0,,,
66.276,odom,map,-0.113576,-0.634715,2.97105,0,0,0,,,
66.312,odom,map,-0.124192,-0.632902,2.97389,0,0,0,,,
66.348,odom,map,-0.134851,-0.631115,2.97753,0,0,0,,,
66.384,odom,map,-0.145489,-0.629382,2.98286,0,0,0,,,
66.42,odom,map,-0.15526,-0.628694,2.99021,0,0,0,,,
66.384,kf,map,-0.197189,-0.623995,2.9896,0.036855,0.036855,-1.99732e-13,0.064584,,
66.384,ekf,map,-0.197116,-0.623842,2.98836,0.0386602,0.038674,1.36918e-06,0.056208,,
66.384,ekf_predict_only,map,-0.261178,-0.643692,2.97417,56.8624,46.0623,-3.4841,,,
66.384,pf,map,-0.200403,-0.65512,2.95006,0.0366764,0.0384968,0.00142151,4.64221,297.217,0
66.456,odom,map,-0.164418,-0.628872,2.99827,0,0,0,,,
66.492,odom,map,-0.173563,-0.629153,3.00683,0,0,0,,,
66.528,odom,map,-0.182768,-0.629539,3.01688,0,0,0,,,
66.564,odom,map,-0.192023,-0.630047,3.02756,0,0,0,,,
66.6,odom,map,-0.201231,-0.630688,3.0386,0,0,0,,,
66.6,ekf_predict_only,map,-0.32392,-0.633088,3.04221,56.6168,46.4908,-4.47891,,,
66.6,ekf,map,-0.260408,-0.614852,3.03707,0.0391313,0.0391497,2.27661e-06,0.056417,,
66.6,kf,map,-0.26042,-0.614951,3.03847,0.0369466,0.0369466,-1.36131e-14,0.063875,,
66.6,amcl,map,-0.187691,-0.633787,3.02218,0.0391445,0.0151451,-0.00216658,,,
66.6,pf,map,-0.237318,-0.641677,3.01126,0.0396587,0.0382181,0.00094738,5.30721,298.418,0
66.636,odom,map,-0.21174,-0.629706,3.04959,0,0,0,,,
66.672,odom,map,-0.222351,-0.628789,3.06138,0,0,0,,,
66.708,odom,map,-0.232997,-0.627998,3.07354,0,0,0,,,
66.744,odom,map,-0.243501,-0.627348,3.0862,0,0,0,,,
66.78,odom,map,-0.25393,-0.62684,3.0999,0,0,0,,,
66.816,ekf_predict_only,map,-0.386276,-0.62687,3.12576,56.5156,47.0284,-5.4659,,,
66.816,kf,map,-0.323439,-0.609949,3.11085,0.0369528,0.0369528,-9.26936e-16,0.12375,,
66.816,odom,map,-0.264368,-0.626478,3.11383,0,0,0,,,
66.816,ekf,map,-0.323471,-0.609953,3.10987,0.0391927,0.0392119,2.43822e-06,0.107708,,
66.816,pf,map,-0.323542,-0.658052,3.08772,0.0322133,0.037057,-0.000584188,10.3751,279.381,0
66.852,odom,map,-0.274771,-0.626263,3.12812,0,0,0,,,
66.888,odom,map,-0.285184,-0.626198,-3.1403,0,0,0,,,
66.924,odom,map,-0.295533,-0.626291,-3.12471,0,0,0,,,
66.96,odom,map,-0.305812,-0.626546,-3.1088,0,0,0,,,
66.996,odom,map,-0.315973,-0.626961,-3.0926,0,0,0,,,
66.996,ekf_predict_only,map,-0.435873,-0.626085,-3.07304,56.5903,47.5559,-6.26243,,,
67.032,odom,map,-0.325914,-0.627532,-3.07583,0,0,0,,,
66.996,kf,map,-0.374693,-0.610018,-3.09649,0.0368554,0.0368554,-6.40622e-17,0.085791,,
66.996,ekf,map,-0.374779,-0.610056,-3.09712,0.0386464,0.0386621,1.73657e-06,0.053167,,
66.996,pf,map,-0.383861,-0.662968,-3.11659,0.0345371,0.0352289,-0.00215513,4.93829,333.09,0
67.068,odom,map,-0.335695,-0.628259,-3.05872,0,0,0,,,
67.104,odom,map,-0.345367,-0.629147,-3.04143,0,0,0,,,
67.14,odom,map,-0.354952,-0.630195,-3.02373,0,0,0,,,
67.176,odom,map,-0.364272,-0.631384,-3.00536,0,0,0,,,
67.212,odom,map,-0.373287,-0.632705,-2.98671,0,0,0,,,
67.212,ekf_predict_only,map,-0.48964,-0.629777,-2.96082,56.8095,48.1989,-7.14936,,,
67.212,ekf,map,-0.431766,-0.61515,-2.99174,0.039104,0.0391227,1.447e-06,0.069166,,
67.212,kf,map,-0.431568,-0.615023,-2.9912,0.0369466,0.0369466,-4.36625e-18,0.094708,,
67.2,amcl,map,-0.347203,-0.629497,-3.01459,0.0349685,0.016188,-0.00553296,,,
67.212,pf,map,-0.436134,-0.683363,-3.01268,0.0391913,0.0391936,-0.00101967,4.723,315.877,0
67.248,odom,map,-0.382148,-0.634173,-2.96801,0,0,0,,,
67.284,odom,map,-0.390702,-0.635756,-2.94883,0,0,0,,,
67.32,odom,map,-0.398918,-0.637443,-2.92933,0,0,0,,,
67.356,odom,map,-0.406829,-0.639228,-2.90967,0,0,0,,,
67.392,odom,map,-0.41458,-0.64114,-2.88995,0,0,0,,,
67.428,odom,map,-0.420283,-0.643065,-2.87219,0,0,0,,,
67.392,ekf_predict_only,map,-0.526631,-0.636538,-2.8607,57.1289,48.7209,-7.78808,,,
67.392,kf,map,-0.472614,-0.623181,-2.89536,0.036855,0.036855,-3.01779e-19,0.058167,,
67.392,ekf,map,-0.472849,-0.623317,-2.89568,0.0386449,0.038659,5.72826e-07,0.098583,,
67.392,pf,map,-0.496478,-0.673857,-2.91918,0.0379412,0.037193,-0.00154145,6.58254,304.101,0
67.464,odom,map,-0.424792,-0.644932,-2.85493,0,0,0,,,
67.5,odom,map,-0.429172,-0.646864,-2.83762,0,0,0,,,
67.536,odom,map,-0.433315,-0.648821,-2.8202,0,0,0,,,
67.572,odom,map,-0.437006,-0.650724,-2.80245,0,0,0,,,
67.608,odom,map,-0.440843,-0.652631,-2.78395,0,0,0,,,
67.608,ekf,map,-0.457313,-0.625336,-2.77938,0.0226417,0.0311502,-0.00252712,0.110125,,
67.608,ekf_predict_only,map,-0.561026,-0.646461,-2.73574,57.5533,49.2487,-8.41197,,,
67.608,kf,map,-0.460124,-0.621013,-2.78052,0.0223488,0.0358445,-0.00401102,0.12925,,
67.602,amcl,map,-0.433579,-0.644076,-2.78908,0.0349427,0.0162517,-0.00532941,,,
67.608,pf,map,-0.456376,-0.645128,-2.77235,0.021213,0.0295057,-0.00157642,6.82629,550.005,0
67.644,odom,map,-0.446259,-0.654719,-2.76309,0,0,0,,,
67.68,odom,map,-0.451481,-0.656859,-2.74222,0,0,0,,,
67.716,odom,map,-0.456449,-0.659016,-2.72115,0,0,0,,,
67.752,odom,map,-0.460825,-0.661028,-2.69987,0,0,0,,,
67.788,odom,map,-0.464914,-0.663015,-2.67863,0,0,0,,,
67.788,ekf,map,-0.476329,-0.626064,-2.6647,0.022094,0.0307712,-0.00260351,0.114375,,
67.824,odom,map,-0.468864,-0.665039,-2.65741,0,0,0,,,
67.788,ekf_predict_only,map,-0.581416,-0.655223,-2.62963,57.9421,49.6185,-8.80596,,,
67.788,kf,map,-0.475797,-0.629306,-2.66409,0.0219575,0.0357165,-0.00411836,0.490333,,
67.788,pf,map,-0.476196,-0.642207,-2.6594,0.0187897,0.0301596,-0.00153033,7.12988,618.02,0
67.86,odom,map,-0.472572,-0.667038,-2.63621,0,0,0,,,
67.896,odom,map,-0.475939,-0.668948,-2.61491,0,0,0,,,
67.932,odom,map,-0.479231,-0.670909,-2.5936,0,0,0,,,
67.968,odom,map,-0.482259,-0.672802,-2.57228,0,0,0,,,
68.004,odom,map,-0.484753,-0.674459,-2.55114,0,0,0,,,
68.004,ekf,map,-0.495429,-0.641614,-2.54274,0.0222991,0.0311979,-0.00269006,0.103084,,
68.004,ekf_predict_only,map,-0.596353,-0.663617,-2.50347,58.3208,49.9238,-9.11168,,,
68.004,kf,map,-0.495555,-0.640677,-2.54285,0.0220093,0.035784,-0.00416722,0.090292,,
68.001,amcl,map,-0.462347,-0.672402,-2.55173,0.0288651,0.0147512,-0.00540626,,,
68.004,pf,map,-0.480619,-0.69439,-2.53186,0.0245015,0.0380658,-0.00327119,7.263,601.831,0
68.04,odom,map,-0.485416,-0.675407,-2.53103,0,0,0,,,
68.076,odom,map,-0.486038,-0.676391,-2.51095,0,0,0,,,
68.112,odom,map,-0.486451,-0.677287,-2.49066,0,0,0,,,
68.148,odom,map,-0.486634,-0.678067,-2.47041,0,0,0,,,
68.184,odom,map,-0.48668,-0.678794,-2.45032,0,0,0,,,
68.22,odom,map,-0.48761,-0.679912,-2.42988,0,0,0,,,
68.184,ekf,map,-0.510418,-0.64259,-2.42759,0.0221216,0.0308804,-0.00267758,0.162459,,
68.184,ekf_predict_only,map,-0.605199,-0.670177,-2.39914,58.6401,50.1484,-9.30576,,,
68.184,kf,map,-0.508373,-0.649365,-2.42592,0.0219838,0.035679,-0.00418189,0.105792,,
68.184,pf,map,-0.510292,-0.668935,-2.42525,0.0244739,0.0339746,-0.0040421,9.44983,638.379,0
68.256,odom,map,-0.489165,-0.68128,-2.40908,0,0,0,,,
68.292,odom,map,-0.490583,-0.682582,-2.38825,0,0,0,,,
68.328,odom,map,-0.49179,-0.683737,-2.36754,0,0,0,,,
68.364,odom,map,-0.492933,-0.684878,-2.34685,0,0,0,,,
68.4,odom,map,-0.493988,-0.685975,-2.32625,0,0,0,,,
68.4,ekf_predict_only,map,-0.610172,-0.67474,-2.27814,58.8934,50.3195,-9.42189,,,
68.4,kf,map,-0.518865,-0.657354,-2.30601,0.0220433,0.0357497,-0.00422335,0.106417,,
68.4,ekf,map,-0.520177,-0.653544,-2.30723,0.0223273,0.0312667,-0.00274807,0.0935,,
68.4,amcl,map,-0.470618,-0.690876,-2.31249,0.0263126,0.0161759,-0.00353837,,,
68.4,pf,map,-0.508351,-0.651381,-2.31737,0.0228886,0.0328716,-0.001048,6.41933,589.844,0
68.436,odom,map,-0.495343,-0.686087,-2.30539,0,0,0,,,
68.472,odom,map,-0.496571,-0.686055,-2.28467,0,0,0,,,
68.508,odom,map,-0.497771,-0.686023,-2.26397,0,0,0,,,
68.544,odom,map,-0.498886,-0.685921,-2.24362,0,0,0,,,
68.58,odom,map,-0.49989,-0.685705,-2.22364,0,0,0,,,
68.616,odom,map,-0.500659,-0.685798,-2.20394,0,0,0,,,
68.616,kf,map,-0.523858,-0.662356,-2.18999,0.022057,0.0357433,-0.00424461,0.110166,,
68.616,ekf_predict_only,map,-0.613027,-0.678079,-2.16227,59.106,50.4607,-9.49407,,,
68.616,ekf,map,-0.524581,-0.660231,-2.19068,0.0223496,0.0313223,-0.00277919,0.113542,,
68.616,pf,map,-0.523013,-0.67918,-2.18892,0.0215287,0.0287382,-0.00488133,8.76467,613.874,0
68.652,odom,map,-0.501027,-0.686308,-2.18468,0,0,0,,,
68.688,odom,map,-0.501212,-0.686575,-2.16582,0,0,0,,,
68.724,odom,map,-0.501315,-0.68673,-2.14731,0,0,0,,,
68.76,odom,map,-0.501403,-0.686869,-2.12895,0,0,0,,,
68.796,odom,map,-0.501497,-0.687022,-2.1107,0,0,0,,,
68.832,odom,map,-0.498924,-0.688014,-2.09244,0,0,0,,,
68.796,ekf_predict_only,map,-0.612635,-0.677496,-2.07406,59.1863,50.555,-9.48324,,,
68.796,ekf,map,-0.52807,-0.656616,-2.09145,0.0221356,0.0309099,-0.0027239,0.094125,,
68.796,kf,map,-0.525911,-0.663844,-2.08961,0.0220164,0.0356468,-0.00423493,0.105584,,
68.802,amcl,map,-0.486457,-0.682341,-2.10433,0.0280176,0.0175306,0.000239387,,,
68.796,pf,map,-0.528019,-0.677887,-2.09321,0.0204723,0.0308251,-0.00432535,6.11171,646.593,0
68.868,odom,map,-0.495962,-0.689009,-2.07436,0,0,0,,,
68.904,odom,map,-0.492988,-0.689974,-2.05634,0,0,0,,,
68.94,odom,map,-0.48998,-0.690865,-2.03874,0,0,0,,,
68.976,odom,map,-0.486905,-0.691607,-2.02156,0,0,0,,,
69.012,odom,map,-0.484707,-0.691978,-2.00498,0,0,0,,,
69.012,ekf,map,-0.529966,-0.658714,-1.99201,0.0223243,0.0312571,-0.00276122,0.368333,,
69.012,kf,map,-0.528443,-0.663494,-1.9906,0.0220557,0.0357373,-0.00424347,0.290667,,
69.012,ekf_predict_only,map,-0.611292,-0.675056,-1.97772,59.204,50.6356,-9.44302,,,
69.012,pf,map,-0.540097,-0.652903,-2.00167,0.0193069,0.0305706,-0.000470364,6.82346,622.73,0
69.048,odom,map,-0.484515,-0.691555,-1.98892,0,0,0,,,
69.084,odom,map,-0.484325,-0.691116,-1.97336,0,0,0,,,
69.12,odom,map,-0.484108,-0.690596,-1.95828,0,0,0,,,
69.156,odom,map,-0.48388,-0.690026,-1.94348,0,0,0,,,
69.192,odom,map,-0.483661,-0.689452,-1.92868,0,0,0,,,
69.192,ekf_predict_only,map,-0.609721,-0.671411,-1.90636,59.1815,50.713,-9.39041,,,
69.192,ekf,map,-0.540417,-0.651195,-1.90573,0.0221287,0.0309095,-0.00270556,0.110125,,
69.228,odom,map,-0.482046,-0.68917,-1.91322,0,0,0,,,
69.192,kf,map,-0.536587,-0.663604,-1.90245,0.0220059,0.0356569,-0.00421787,0.101583,,
69.192,pf,map,-0.552531,-0.649903,-1.9252,0.021332,0.0294068,0.0023453,7.71496,635.167,0
69.264,odom,map,-0.480046,-0.689402,-1.89859,0,0,0,,,
69.3,odom,map,-0.478161,-0.689957,-1.88653,0,0,0,,,
69.336,odom,map,-0.47628,-0.690512,-1.87706,0,0,0,,,
69.372,odom,map,-0.474401,-0.691067,-1.87018,0,0,0,,,
69.408,odom,map,-0.472941,-0.691498,-1.8662,0,0,0,,,
69.408,ekf_predict_only,map,-0.609721,-0.671411,-1.90636,59.2815,50.813,-9.39041,,,
69.408,ekf,map,-0.533628,-0.64886,-1.86155,0.0223246,0.0312803,-0.00275483,0.944667,,
69.408,kf,map,-0.530268,-0.661398,-1.85884,0.0220468,0.0357462,-0.00422912,0.124667,,
69.402,amcl,map,-0.498891,-0.690723,-1.88082,0.024868,0.0199346,0.00407313,,,
69.408,pf,map,-0.549997,-0.645133,-1.87045,0.0214149,0.0267772,-0.00326135,6.92683,643.235,0
69.444,odom,map,-0.472941,-0.691498,-1.86569,0,0,0,,,
69.48,odom,map,-0.472941,-0.691498,-1.86569,0,0,0,,,
69.516,odom,map,-0.472941,-0.691498,-1.86569,0,0,0,,,
69.552,odom,map,-0.472941,-0.691498,-1.86569,0,0,0,,,
69.588,odom,map,-0.472941,-0.691498,-1.86569,0,0,0,,,
69.588,ekf_predict_only,map,-0.609721,-0.671411,-1.90636,59.3815,50.913,-9.39041,,,
69.588,ekf,map,-0.52791,-0.647362,-1.85187,0.0221278,0.0309271,-0.00270031,0.273917,,
69.588,kf,map,-0.524619,-0.65969,-1.84845,0.0220038,0.035659,-0.00421456,0.09425,,
69.624,odom,map,-0.47424,-0.689882,-1.86647,0,0,0,,,
69.588,pf,map,-0.523561,-0.660382,-1.84625,0.020676,0.0295227,-0.00128803,10.2736,597.242,0
69.66,odom,map,-0.476276,-0.687352,-1.86769,0,0,0,,,
69.696,odom,map,-0.478313,-0.684821,-1.86891,0,0,0,,,
69.732,odom,map,-0.480353,-0.682291,-1.87013,0,0,0,,,
69.768,odom,map,-0.482394,-0.67976,-1.87135,0,0,0,,,
69.804,odom,map,-0.484324,-0.677369,-1.8725,0,0,0,,,
69.804,ekf_predict_only,map,-0.609721,-0.671411,-1.90636,59.4815,51.013,-9.39041,,,
69.804,ekf,map,-0.537487,-0.651003,-1.85073,0.0223234,0.0312779,-0.00274721,0.110709,,
69.804,kf,map,-0.533977,-0.662318,-1.84731,0.0220463,0.0357467,-0.00422829,0.162791,,
69.804,pf,map,-0.543184,-0.65637,-1.85209,0.0212239,0.0298336,0.000205853,6.29954,616.503,0
69.84,odom,map,-0.484324,-0.677369,-1.8725,0,0,0,,,
69.876,odom,map,-0.484324,-0.677369,-1.8725,0,0,0,,,
69.912,odom,map,-0.484324,-0.677369,-1.8725,0,0,0,,,
69.948,odom,map,-0.484445,-0.677756,-1.87255,0,0,0,,,
69.984,odom,map,-0.484942,-0.679354,-1.87272,0,0,0,,,
69.984,ekf_predict_only,map,-0.613777,-0.683042,-1.90731,59.9739,51.1715,-9.54266,,,
69.984,ekf,map,-0.53681,-0.658017,-1.85463,0.0221413,0.0309424,-0.00272333,0.183875,,
69.984,kf,map,-0.534459,-0.666593,-1.85187,0.022017,0.0356458,-0.00423577,0.107042,,
70.02,odom,map,-0.485673,-0.6817,-1.87291,0,0,0,,,
69.984,pf,map,-0.541782,-0.673,-1.85549,0.0176994,0.0298976,-0.0017694,11.1148,638.407,0
70.056,odom,map,-0.486481,-0.684292,-1.87293,0,0,0,,,
70.092,odom,map,-0.487518,-0.68762,-1.87283,0,0,0,,,
70.128,odom,map,-0.488876,-0.69198,-1.87226,0,0,0,,,
70.164,odom,map,-0.490414,-0.696936,-1.87125,0,0,0,,,
70.2,odom,map,-0.492011,-0.7021,-1.8699,0,0,0,,,
70.2,ekf_predict_only,map,-0.626028,-0.718064,-1.89219,61.28,51.4511,-10.0103,,,
70.2,ekf,map,-0.546587,-0.681249,-1.84763,0.0223956,0.0313165,-0.00287546,0.103041,,
70.2,kf,map,-0.54383,-0.691133,-1.84443,0.0221311,0.0356618,-0.00436267,0.100709,,
70.2,pf,map,-0.542853,-0.679119,-1.84316,0.0211213,0.0295414,-0.0013726,13.5368,611.193,0
70.236,odom,map,-0.496347,-0.710165,-1.86886,0,0,0,,,
70.272,odom,map,-0.500892,-0.718732,-1.86722,0,0,0,,,
70.308,odom,map,-0.505532,-0.72761,-1.86522,0,0,0,,,
70.344,odom,map,-0.510263,-0.736805,-1.86286,0,0,0,,,
70.38,odom,map,-0.515116,-0.746426,-1.85981,0,0,0,,,
70.416,odom,map,-0.519022,-0.75553,-1.85542,0,0,0,,,
70.416,ekf_predict_only,map,-0.641376,-0.764161,-1.85968,63.0241,51.7825,-10.6316,,,
70.416,ekf,map,-0.55057,-0.721261,-1.82989,0.0224988,0.0313812,-0.00304004,0.177875,,
70.416,kf,map,-0.548972,-0.727704,-1.82747,0.0222524,0.0355477,-0.00454437,0.16275,,
70.416,pf,map,-0.559278,-0.706059,-1.83659,0.0244012,0.0331204,-0.00355275,11.6495,621.506,0
70.452,odom,map,-0.521274,-0.763307,-1.85,0,0,0,,,
70.488,odom,map,-0.523528,-0.771253,-1.84436,0,0,0,,,
70.524,odom,map,-0.525858,-0.779658,-1.83793,0,0,0,,,
70.56,odom,map,-0.528216,-0.788394,-1.83103,0,0,0,,,
70.596,odom,map,-0.530554,-0.7973,-1.824,0,0,0,,,
70.632,odom,map,-0.532894,-0.80648,-1.8167,0,0,0,,,
70.596,kf,map,-0.554963,-0.766514,-1.79693,0.022339,0.0353241,-0.00471442,0.10975,,
70.596,ekf,map,-0.55678,-0.760058,-1.79905,0.0223787,0.0309685,-0.00313066,0.092958,,
70.596,ekf_predict_only,map,-0.655009,-0.810034,-1.82287,64.8244,52.0941,-11.2402,,,
70.596,pf,map,-0.572248,-0.757781,-1.80189,0.0177209,0.0253423,-0.00372271,9.32687,651.113,0
70.668,odom,map,-0.535243,-0.815989,-1.80925,0,0,0,,,
70.704,odom,map,-0.537593,-0.825818,-1.80174,0,0,0,,,
70.74,odom,map,-0.539911,-0.835846,-1.79411,0,0,0,,,
70.776,odom,map,-0.542219,-0.846201,-1.7862,0,0,0,,,
70.812,odom,map,-0.544519,-0.856922,-1.77814,0,0,0,,,
70.812,ekf_predict_only,map,-0.671697,-0.874826,-1.77454,67.4352,52.4608,-12.0813,,,
70.812,ekf,map,-0.573813,-0.819293,-1.75305,0.0227308,0.031304,-0.00340954,0.159541,,
70.812,kf,map,-0.571392,-0.826401,-1.75084,0.022581,0.0352117,-0.00499139,0.095209,,
70.812,pf,map,-0.565618,-0.822812,-1.76754,0.0183336,0.023549,-0.00238217,7.31467,641.449,0
70.848,odom,map,-0.546771,-0.867843,-1.77009,0,0,0,,,
70.884,odom,map,-0.548963,-0.878928,-1.76207,0,0,0,,,
70.92,odom,map,-0.55111,-0.890256,-1.75413,0,0,0,,,
70.956,odom,map,-0.5532,-0.901788,-1.74601,0,0,0,,,
70.992,odom,map,-0.555198,-0.913348,-1.73786,0,0,0,,,
70.992,ekf_predict_only,map,-0.683603,-0.932456,-1.73355,69.8764,52.7563,-12.7962,,,
70.992,ekf,map,-0.594627,-0.879477,-1.71493,0.022677,0.0309313,-0.0035461,0.1105,,
70.992,kf,map,-0.59229,-0.885063,-1.71312,0.0227308,0.0349317,-0.00521125,0.095208,,
71.028,odom,map,-0.557105,-0.924949,-1.72967,0,0,0,,,
70.992,pf,map,-0.605541,-0.898182,-1.72146,0.0248401,0.0282179,-0.00480471,8.05621,655.283,0
71.064,odom,map,-0.558943,-0.936725,-1.72148,0,0,0,,,
71.1,odom,map,-0.560703,-0.948646,-1.71339,0,0,0,,,
71.136,odom,map,-0.562375,-0.960632,-1.70535,0,0,0,,,
71.172,odom,map,-0.563951,-0.972642,-1.69738,0,0,0,,,
71.208,odom,map,-0.56544,-0.984718,-1.68966,0,0,0,,,
71.208,ekf_predict_only,map,-0.695448,-1.00459,-1.68769,73.0505,53.0551,-13.6539,,,
71.208,ekf,map,-0.59801,-0.946119,-1.66598,0.0230884,0.0312408,-0.00386623,0.107833,,
71.202,amcl,map,-0.554275,-0.982083,-1.68143,0.0311994,0.0295811,0.00197095,,,
71.208,kf,map,-0.595643,-0.95275,-1.66412,0.0230334,0.034759,-0.00551571,0.089042,,
71.208,pf,map,-0.610276,-0.970513,-1.65805,0.0231351,0.0217848,-0.0028492,5.82454,595.987,0
71.244,odom,map,-0.566834,-0.996777,-1.68203,0,0,0,,,
71.28,odom,map,-0.568119,-1.00869,-1.67449,0,0,0,,,
71.316,odom,map,-0.569311,-1.02058,-1.66696,0,0,0,,,
71.352,odom,map,-0.570419,-1.03252,-1.65956,0,0,0,,,
71.388,odom,map,-0.57144,-1.04448,-1.65263,0,0,0,,,
71.424,odom,map,-0.572376,-1.05638,-1.64593,0,0,0,,,
71.388,ekf_predict_only,map,-0.702398,-1.06377,-1.65424,75.7923,53.2738,-14.3143,,,
71.388,kf,map,-0.606537,-1.0136,-1.62677,0.023215,0.0344474,-0.00572982,0.134542,,
71.388,ekf,map,-0.609517,-1.00678,-1.62872,0.0230504,0.0308203,-0.00398976,0.1105,,
71.388,pf,map,-0.60711,-1.0221,-1.62243,0.0229232,0.0318667,-0.00269037,7.77313,626.792,0
71.46,odom,map,-0.57323,-1.06826,-1.63923,0,0,0,,,
71.496,odom,map,-0.574007,-1.08017,-1.63269,0,0,0,,,
71.532,odom,map,-0.574701,-1.09196,-1.62648,0,0,0,,,
71.568,odom,map,-0.57532,-1.10371,-1.62058,0,0,0,,,
71.604,odom,map,-0.575873,-1.11548,-1.61482,0,0,0,,,
71.604,ekf_predict_only,map,-0.708213,-1.1333,-1.62165,79.1341,53.4742,-15.0502,,,
71.604,ekf,map,-0.61717,-1.07667,-1.58909,0.0234841,0.0310816,-0.0042939,0.105334,,
71.604,kf,map,-0.613395,-1.08481,-1.58689,0.0235399,0.0342526,-0.00600878,0.107958,,
71.604,pf,map,-0.626247,-1.0953,-1.58278,0.0241793,0.0289645,-0.00184747,6.56275,635.557,0
71.64,odom,map,-0.576354,-1.12714,-1.6093,0,0,0,,,
71.676,odom,map,-0.576773,-1.13881,-1.60425,0,0,0,,,
71.712,odom,map,-0.577144,-1.15063,-1.60047,0,0,0,,,
71.748,odom,map,-0.577479,-1.16247,-1.59779,0,0,0,,,
71.784,odom,map,-0.577789,-1.17436,-1.59617,0,0,0,,,
71.82,odom,map,-0.578087,-1.18624,-1.59591,0,0,0,,,
71.784,ekf,map,-0.621217,-1.13436,-1.57159,0.0234557,0.0306447,-0.00440027,0.105875,,
71.784,kf,map,-0.616483,-1.14426,-1.56912,0.0237356,0.0339268,-0.00619735,0.134,,
71.784,ekf_predict_only,map,-0.711233,-1.19264,-1.62494,82.1193,53.6267,-15.64,,,
71.784,pf,map,-0.623116,-1.16428,-1.5662,0.0208041,0.0289692,-0.00314785,6.958,634.87,0
71.856,odom,map,-0.578391,-1.19811,-1.59711,0,0,0,,,
71.892,odom,map,-0.578712,-1.20997,-1.59864,0,0,0,,,
71.928,odom,map,-0.579058,-1.22192,-1.60105,0,0,0,,,
71.964,odom,map,-0.579437,-1.23382,-1.60456,0,0,0,,,
72,odom,map,-0.579864,-1.24566,-1.60937,0,0,0,,,
72,kf,map,-0.613201,-1.21251,-1.581,0.0240783,0.0337142,-0.0064485,0.103584,,
72,ekf_predict_only,map,-0.71507,-1.26344,-1.65653,85.805,53.7939,-16.3572,,,
72,amcl,map,-0.570117,-1.23745,-1.60382,0.0363407,0.0301246,-0.00376455,,,
72,ekf,map,-0.618288,-1.20201,-1.58356,0.0239132,0.0308775,-0.00469338,0.095417,,
72,pf,map,-0.610912,-1.2241,-1.57583,0.0222818,0.0268083,-0.00445676,16.1639,610.853,0
72.036,odom,map,-0.577987,-1.25737,-1.61345,0,0,0,,,
72.072,odom,map,-0.576075,-1.26899,-1.6185,0,0,0,,,
72.108,odom,map,-0.574211,-1.28055,-1.62433,0,0,0,,,
72.144,odom,map,-0.572401,-1.29213,-1.63071,0,0,0,,,
72.18,odom,map,-0.570654,-1.30366,-1.6383,0,0,0,,,
72.216,odom,map,-0.569951,-1.31506,-1.64745,0,0,0,,,
72.216,ekf_predict_only,map,-0.720935,-1.33167,-1.71963,89.5087,53.9975,-17.1147,,,
72.216,ekf,map,-0.645123,-1.29371,-1.64295,0.0381091,0.0385528,-0.00036478,0.055125,,
72.216,kf,map,-0.642289,-1.29514,-1.64253,0.0359962,0.0367125,-0.000479369,0.064958,,
72.216,pf,map,-0.646802,-1.31423,-1.64126,0.0335107,0.0303758,0.000698291,7.61871,360.782,0
72.252,odom,map,-0.570885,-1.32644,-1.65797,0,0,0,,,
72.288,odom,map,-0.571934,-1.33774,-1.66904,0,0,0,,,
72.324,odom,map,-0.573089,-1.34879,-1.68106,0,0,0,,,
72.36,odom,map,-0.574369,-1.35971,-1.69398,0,0,0,,,
72.396,odom,map,-0.575789,-1.37059,-1.70731,0,0,0,,,
72.432,odom,map,-0.577328,-1.38126,-1.72104,0,0,0,,,
72.396,kf,map,-0.655684,-1.35425,-1.70448,0.0367889,0.0368387,-3.33398e-05,0.090375,,
72.396,ekf,map,-0.65677,-1.35423,-1.70421,0.0385978,0.038609,-2.56838e-05,0.062084,,
72.396,ekf_predict_only,map,-0.728857,-1.38452,-1.78918,92.4996,54.2392,-17.8038,,,
72.396,pf,map,-0.66782,-1.376,-1.72272,0.0383104,0.0356764,-0.00175251,10.0982,318.261,0
72.468,odom,map,-0.578974,-1.39164,-1.73539,0,0,0,,,
72.504,odom,map,-0.580721,-1.40169,-1.7506,0,0,0,,,
72.54,odom,map,-0.582596,-1.41157,-1.76613,0,0,0,,,
72.576,odom,map,-0.584604,-1.42132,-1.78207,0,0,0,,,
72.612,odom,map,-0.586724,-1.43082,-1.7987,0,0,0,,,
72.612,kf,map,-0.668073,-1.41533,-1.79646,0.0369421,0.0369455,-2.27331e-06,0.063209,,
72.612,ekf_predict_only,map,-0.741406,-1.44106,-1.89059,95.7902,54.5676,-18.6725,,,
72.612,ekf,map,-0.668541,-1.41555,-1.79586,0.0391122,0.0391013,-9.07189e-07,0.075791,,
72.612,pf,map,-0.672726,-1.44939,-1.81368,0.0358042,0.0349076,0.00262032,5.02388,301.901,0
72.648,odom,map,-0.588962,-1.44011,-1.81596,0,0,0,,,
72.684,odom,map,-0.591326,-1.44922,-1.83353,0,0,0,,,
72.72,odom,map,-0.593826,-1.45819,-1.85117,0,0,0,,,
72.756,odom,map,-0.596431,-1.46695,-1.86915,0,0,0,,,
72.792,odom,map,-0.599084,-1.4753,-1.88779,0,0,0,,,
72.792,ekf_predict_only,map,-0.754489,-1.48057,-1.98534,98.179,54.911,-19.4189,,,
72.792,ekf,map,-0.680905,-1.46003,-1.88412,0.0386522,0.0386434,3.34414e-08,0.065583,,
72.792,kf,map,-0.680665,-1.45979,-1.88457,0.0368547,0.0368549,-1.57128e-07,0.056625,,
72.828,odom,map,-0.602381,-1.48223,-1.90723,0,0,0,,,
72.801,amcl,map,-0.606141,-1.46896,-1.91496,0.0448684,0.0353442,-0.0077058,,,
72.792,pf,map,-0.69234,-1.51028,-1.89896,0.0383113,0.0340356,-0.00192224,5.00579,294.335,0
72.864,odom,map,-0.606047,-1.48863,-1.9269,0,0,0,,,
72.9,odom,map,-0.609828,-1.49485,-1.94681,0,0,0,,,
72.936,odom,map,-0.613693,-1.50083,-1.96706,0,0,0,,,
72.972,odom,map,-0.617616,-1.50651,-1.98757,0,0,0,,,
73.008,odom,map,-0.621466,-1.51237,-2.00793,0,0,0,,,
73.008,ekf_predict_only,map,-0.773036,-1.52272,-2.10418,100.775,55.3653,-20.3708,,,
73.008,ekf,map,-0.698301,-1.50574,-1.99939,0.0391272,0.0391168,-8.66583e-07,0.056042,,
73.008,kf,map,-0.698076,-1.50557,-1.99971,0.0369466,0.0369466,-1.07093e-08,0.05875,,
73.008,pf,map,-0.705244,-1.53666,-2.00571,0.0366159,0.0370922,-0.000592636,4.909,324.462,0
73.044,odom,map,-0.624709,-1.51914,-2.02788,0,0,0,,,
73.08,odom,map,-0.627914,-1.5255,-2.04809,0,0,0,,,
73.116,odom,map,-0.631073,-1.53146,-2.06859,0,0,0,,,
73.152,odom,map,-0.634291,-1.53723,-2.08922,0,0,0,,,
73.188,odom,map,-0.637593,-1.54289,-2.11002,0,0,0,,,
73.224,odom,map,-0.640823,-1.54816,-2.13099,0,0,0,,,
73.2,amcl,map,-0.631591,-1.54417,-2.13138,0.0470488,0.0328578,-0.0131612,,,
73.188,ekf_predict_only,map,-0.788542,-1.54898,-2.20905,102.459,55.77,-21.0963,,,
73.188,ekf,map,-0.714113,-1.53615,-2.10135,0.0386625,0.0386548,-1.24818e-06,0.099833,,
73.188,kf,map,-0.713915,-1.53598,-2.10156,0.036855,0.036855,-7.40189e-10,0.108459,,
73.188,pf,map,-0.724087,-1.57956,-2.11534,0.0379938,0.0381708,-0.00411909,6.51492,289.546,0
73.26,odom,map,-0.644064,-1.55321,-2.15194,0,0,0,,,
73.296,odom,map,-0.647166,-1.55783,-2.17309,0,0,0,,,
73.332,odom,map,-0.650318,-1.56231,-2.19428,0,0,0,,,
73.368,odom,map,-0.653394,-1.56649,-2.2155,0,0,0,,,
73.404,odom,map,-0.656229,-1.57018,-2.23682,0,0,0,,,
73.404,ekf_predict_only,map,-0.804816,-1.57092,-2.33697,103.899,56.1979,-21.8143,,,
73.404,ekf,map,-0.732222,-1.56339,-2.22771,0.0391347,0.0391272,-1.80996e-06,0.140125,,
73.404,kf,map,-0.731934,-1.56313,-2.22785,0.0369466,0.0369466,-5.04489e-11,0.056583,,
73.404,pf,map,-0.741409,-1.60852,-2.24409,0.0383921,0.0386215,-3.86692e-05,5.57367,295.602,0
73.44,odom,map,-0.658941,-1.57356,-2.25815,0,0,0,,,
73.476,odom,map,-0.661608,-1.57674,-2.27949,0,0,0,,,
73.512,odom,map,-0.664185,-1.57968,-2.30082,0,0,0,,,
73.548,odom,map,-0.666539,-1.58226,-2.32215,0,0,0,,,
73.584,odom,map,-0.668641,-1.58446,-2.34374,0,0,0,,,
73.62,odom,map,-0.671125,-1.58642,-2.3672,0,0,0,,,
73.584,ekf_predict_only,map,-0.815179,-1.58168,-2.44509,104.662,56.5111,-22.2443,,,
73.584,kf,map,-0.744474,-1.57779,-2.33467,0.036855,0.036855,-3.48684e-12,0.060417,,
73.584,ekf,map,-0.744705,-1.57799,-2.33457,0.0386655,0.0386608,-1.40015e-06,0.059417,,
73.602,amcl,map,-0.682412,-1.57653,-2.376,0.0488573,0.0279727,-0.0100831,,,
73.584,pf,map,-0.756544,-1.61882,-2.35056,0.0349742,0.0351193,0.00138964,4.86108,306.448,0
73.656,odom,map,-0.673807,-1.58804,-2.39192,0,0,0,,,
73.692,odom,map,-0.676225,-1.58928,-2.41649,0,0,0,,,
73.728,odom,map,-0.678631,-1.59041,-2.44106,0,0,0,,,
73.764,odom,map,-0.680948,-1.59136,-2.46551,0,0,0,,,
73.8,odom,map,-0.683157,-1.59213,-2.48982,0,0,0,,,
73.8,ekf_predict_only,map,-0.822656,-1.58794,-2.57034,105.149,56.767,-22.5408,,,
73.8,ekf,map,-0.755054,-1.5877,-2.46144,0.0391357,0.0391318,-1.35647e-06,0.070125,,
73.8,kf,map,-0.754791,-1.5875,-2.46138,0.0369466,0.0369466,-2.37652e-13,0.059,,
73.8,pf,map,-0.771705,-1.61576,-2.48815,0.0357888,0.0378169,-3.65633e-06,4.62587,313.087,0
73.836,odom,map,-0.684345,-1.59299,-2.51066,0,0,0,,,
73.872,odom,map,-0.68534,-1.5937,-2.53128,0,0,0,,,
73.908,odom,map,-0.686294,-1.59436,-2.55189,0,0,0,,,
73.944,odom,map,-0.687176,-1.59493,-2.57225,0,0,0,,,
73.98,odom,map,-0.687876,-1.59537,-2.59225,0,0,0,,,
74.016,ekf,map,-0.760593,-1.59178,-2.58341,0.0391957,0.039193,-9.90415e-07,0.06275,,
74.016,odom,map,-0.687723,-1.59579,-2.61186,0,0,0,,,
74.016,kf,map,-0.76039,-1.59165,-2.58324,0.0369528,0.0369528,-1.61821e-14,0.130708,,
74.016,ekf_predict_only,map,-0.826117,-1.59016,-2.6897,105.387,56.9398,-22.6715,,,
74.001,amcl,map,-0.696877,-1.59384,-2.6026,0.0462581,0.0270182,-0.0119392,,,
74.016,pf,map,-0.788172,-1.62448,-2.60934,0.0359139,0.0383682,0.00106673,6.69596,294.281,0
74.052,odom,map,-0.686366,-1.59626,-2.63077,0,0,0,,,
74.088,odom,map,-0.684872,-1.59664,-2.64929,0,0,0,,,
74.124,odom,map,-0.683237,-1.59693,-2.66745,0,0,0,,,
74.16,odom,map,-0.681576,-1.59721,-2.68551,0,0,0,,,
74.196,odom,map,-0.679772,-1.59741,-2.70349,0,0,0,,,
74.196,ekf_predict_only,map,-0.825914,-1.59006,-2.78016,105.481,57.0356,-22.6642,,,
74.196,kf,map,-0.762104,-1.59268,-2.67797,0.0368554,0.0368554,-1.11837e-15,0.05975,,
74.232,odom,map,-0.679533,-1.59741,-2.72165,0,0,0,,,
74.196,ekf,map,-0.762242,-1.59277,-2.67822,0.038648,0.0386465,-5.58693e-07,1.04392,,
74.196,pf,map,-0.801554,-1.61655,-2.69394,0.0329134,0.0389398,0.000458346,4.81996,307.778,0
74.268,odom,map,-0.679403,-1.59736,-2.73958,0,0,0,,,
74.304,odom,map,-0.679245,-1.59729,-2.75717,0,0,0,,,
74.34,odom,map,-0.6791,-1.59723,-2.77453,0,0,0,,,
74.376,odom,map,-0.67885,-1.59714,-2.79146,0,0,0,,,
74.412,odom,map,-0.679646,-1.5966,-2.8085,0,0,0,,,
74.412,ekf,map,-0.76159,-1.59254,-2.78232,0.0391052,0.0391041,-4.44846e-07,0.140375,,
74.412,kf,map,-0.761508,-1.59249,-2.78188,0.0369466,0.0369466,-7.62243e-17,0.377666,,
74.412,ekf_predict_only,map,-0.824358,-1.58948,-2.87747,105.545,57.1028,-22.6097,,,
74.4,amcl,map,-0.69943,-1.60258,-2.7885,0.0431949,0.0196865,-0.00837824,,,
74.412,pf,map,-0.781364,-1.6126,-2.79037,0.0390276,0.0360241,0.00083085,5.50363,313.462,0
74.448,odom,map,-0.682838,-1.59505,-2.82606,0,0,0,,,
74.484,odom,map,-0.686028,-1.59351,-2.84354,0,0,0,,,
74.52,odom,map,-0.689069,-1.59192,-2.86066,0,0,0,,,
74.556,odom,map,-0.692065,-1.59033,-2.8774,0,0,0,,,
74.592,odom,map,-0.695056,-1.58874,-2.89406,0,0,0,,,
74.628,odom,map,-0.695506,-1.58821,-2.90958,0,0,0,,,
74.592,ekf_predict_only,map,-0.821672,-1.58875,-2.95235,105.599,57.1464,-22.5188,,,
74.592,ekf,map,-0.759745,-1.59197,-2.86201,0.0386455,0.0386449,-2.56067e-07,0.0575,,
74.592,kf,map,-0.759689,-1.59194,-2.86167,0.036855,0.036855,-5.26834e-18,0.142625,,
74.592,pf,map,-0.795272,-1.61222,-2.88578,0.0366791,0.0369264,0.000607474,5.099,287.123,0
74.664,odom,map,-0.694794,-1.58804,-2.92409,0,0,0,,,
74.7,odom,map,-0.693935,-1.58786,-2.93819,0,0,0,,,
74.736,odom,map,-0.693038,-1.58768,-2.95217,0,0,0,,,
74.772,odom,map,-0.692385,-1.58756,-2.96564,0,0,0,,,
74.808,odom,map,-0.692374,-1.58778,-2.97654,0,0,0,,,
74.808,ekf_predict_only,map,-0.821672,-1.58875,-2.95235,105.699,57.2464,-22.5188,,,
74.808,ekf,map,-0.757091,-1.59138,-2.92751,0.0391187,0.0391182,-2.05028e-07,0.058584,,
74.808,kf,map,-0.757228,-1.5914,-2.92378,0.0369466,0.0369466,-3.59073e-19,0.0605,,
74.808,pf,map,-0.768927,-1.62364,-2.95947,0.0380124,0.0396714,0.00068005,5.28829,287.601,0
74.844,odom,map,-0.692344,-1.58878,-2.98426,0,0,0,,,
74.88,odom,map,-0.692314,-1.58978,-2.98938,0,0,0,,,
74.916,odom,map,-0.692285,-1.59078,-2.99192,0,0,0,,,
74.952,odom,map,-0.692257,-1.59177,-2.99193,0,0,0,,,
74.988,odom,map,-0.692229,-1.59277,-2.99117,0,0,0,,,
75.024,odom,map,-0.692219,-1.59313,-2.9909,0,0,0,,,
74.988,kf,map,-0.756587,-1.59126,-2.95353,0.036855,0.036855,-2.48178e-20,0.057792,,
74.988,ekf_predict_only,map,-0.821672,-1.58875,-2.95235,105.799,57.3464,-22.5188,,,
74.988,ekf,map,-0.756524,-1.59125,-2.95582,0.0386557,0.0386554,-1.16796e-07,0.104292,,
74.988,pf,map,-0.780972,-1.61803,-2.96834,0.0382154,0.0348578,0.00110805,9.29258,313.349,0
75.06,odom,map,-0.692219,-1.59313,-2.9909,0,0,0,,,
75.096,odom,map,-0.692219,-1.59313,-2.9909,0,0,0,,,
75.132,odom,map,-0.692219,-1.59313,-2.9909,0,0,0,,,
75.168,odom,map,-0.692219,-1.59313,-2.9909,0,0,0,,,
75.204,odom,map,-0.692234,-1.59321,-2.99073,0,0,0,,,
75.204,ekf_predict_only,map,-0.821672,-1.58875,-2.95235,105.899,57.4464,-22.5188,,,
75.204,ekf,map,-0.756395,-1.59122,-2.96233,0.0391275,0.0391272,-9.27652e-08,0.060167,,
75.204,kf,map,-0.756418,-1.59122,-2.96136,0.0369466,0.0369466,-1.6915e-21,0.068625,,
75.204,pf,map,-0.775906,-1.60884,-2.98043,0.0333372,0.0400711,-0.000717356,5.61062,298.49,0
75.24,odom,map,-0.692508,-1.59469,-2.98765,0,0,0,,,
75.276,odom,map,-0.692793,-1.59615,-2.98458,0,0,0,,,
75.312,odom,map,-0.69309,-1.59761,-2.9815,0,0,0,,,
75.348,odom,map,-0.693399,-1.59905,-2.97842,0,0,0,,,
75.384,odom,map,-0.693719,-1.60049,-2.97535,0,0,0,,,
75.384,ekf_predict_only,map,-0.821672,-1.58875,-2.95235,105.999,57.5464,-22.5188,,,
75.42,odom,map,-0.693865,-1.60112,-2.97398,0,0,0,,,
75.384,kf,map,-0.756374,-1.59121,-2.96341,0.036855,0.036855,-1.1691e-22,0.066667,,
75.384,ekf,map,-0.756367,-1.59121,-2.96372,0.0386608,0.0386607,-5.26761e-08,0.065833,,
75.384,pf,map,-0.78001,-1.61725,-2.97633,0.0361235,0.0367416,0.000253081,4.96304,317.337,0
75.456,odom,map,-0.693865,-1.60112,-2.97398,0,0,0,,,
75.492,odom,map,-0.693865,-1.60112,-2.97398,0,0,0,,,
75.528,odom,map,-0.693865,-1.60112,-2.97398,0,0,0,,,
75.564,odom,map,-0.693865,-1.60112,-2.97398,0,0,0,,,
75.6,odom,map,-0.693865,-1.60112,-2.97398,0,0,0,,,
75.6,ekf_predict_only,map,-0.821672,-1.58875,-2.95235,106.099,57.6464,-22.5188,,,
75.6,ekf,map,-0.756361,-1.59121,-2.96405,0.0391316,0.0391315,-4.17665e-08,0.121583,,
75.636,odom,map,-0.693865,-1.60112,-2.97398,0,0,0,,,
75.6,kf,map,-0.756363,-1.59121,-2.96394,0.0369466,0.0369466,-7.96822e-24,0.059333,,
75.6,pf,map,-0.775543,-1.60005,-2.97294,0.0368016,0.0369072,0.00226987,17.836,327.496,0
75.672,odom,map,-0.694051,-1.60115,-2.97397,0,0,0,,,
75.708,odom,map,-0.695382,-1.60138,-2.97394,0,0,0,,,
75.744,odom,map,-0.697683,-1.60177,-2.97391,0,0,0,,,
75.78,odom,map,-0.700362,-1.60222,-2.974,0,0,0,,,
75.816,ekf,map,-0.769759,-1.59361,-2.96343,0.0391928,0.0391932,-1.0612e-07,0.118292,,
75.816,kf,map,-0.770426,-1.59373,-2.96331,0.0369528,0.0369528,-5.42569e-25,0.11575,,
75.816,odom,map,-0.704062,-1.60285,-2.97375,0,0,0,,,
75.816,ekf_predict_only,map,-0.846692,-1.59354,-2.95004,106.497,58.2808,-23.3465,,,
75.816,pf,map,-0.773748,-1.61934,-2.98164,0.0340112,0.0300729,0.00156687,11.618,302.816,0
75.852,odom,map,-0.70861,-1.60362,-2.9732,0,0,0,,,
75.888,odom,map,-0.713498,-1.60445,-2.97259,0,0,0,,,
75.924,odom,map,-0.718672,-1.60534,-2.97169,0,0,0,,,
75.96,odom,map,-0.724503,-1.60634,-2.9705,0,0,0,,,
75.996,odom,map,-0.730883,-1.60745,-2.96947,0,0,0,,,
75.996,ekf_predict_only,map,-0.882656,-1.60052,-2.94552,107.031,59.1853,-24.5443,,,
75.996,ekf,map,-0.796152,-1.5984,-2.95947,0.0386464,0.0386481,-3.28831e-07,0.060167,,
76.032,odom,map,-0.737683,-1.60863,-2.96855,0,0,0,,,
75.996,kf,map,-0.796775,-1.59851,-2.95941,0.0368554,0.0368554,-3.74979e-26,0.059042,,
75.996,pf,map,-0.825625,-1.62888,-2.98235,0.0346018,0.0360098,-0.000918312,11.2939,309.539,0
76.068,odom,map,-0.7449,-1.6099,-2.96765,0,0,0,,,
76.104,odom,map,-0.752294,-1.6112,-2.96679,0,0,0,,,
76.14,odom,map,-0.76035,-1.61262,-2.96607,0,0,0,,,
76.176,odom,map,-0.768601,-1.61409,-2.96562,0,0,0,,,
76.212,ekf,map,-0.840713,-1.60672,-2.95613,0.0391041,0.039109,-9.27304e-07,0.054542,,
76.212,kf,map,-0.841165,-1.60679,-2.95622,0.0369466,0.0369466,-2.55572e-27,0.220875,,
76.212,odom,map,-0.776909,-1.61557,-2.96541,0,0,0,,,
76.212,ekf_predict_only,map,-0.932317,-1.61038,-2.94421,107.748,60.4668,-26.2147,,,
76.212,pf,map,-0.853183,-1.64474,-2.98657,0.0346991,0.0379877,0.000130365,7.02608,315.064,0
76.248,odom,map,-0.785303,-1.61706,-2.96519,0,0,0,,,
76.284,odom,map,-0.793977,-1.61861,-2.96521,0,0,0,,,
76.32,odom,map,-0.802991,-1.62022,-2.96564,0,0,0,,,
76.356,odom,map,-0.812095,-1.62183,-2.9662,0,0,0,,,
76.392,odom,map,-0.821415,-1.62348,-2.96712,0,0,0,,,
76.428,odom,map,-0.830953,-1.62515,-2.96846,0,0,0,,,
76.392,ekf,map,-0.884836,-1.61505,-2.95878,0.0386451,0.0386515,-1.24664e-06,0.140209,,
76.392,kf,map,-0.885141,-1.61508,-2.95904,0.036855,0.036855,-1.76642e-28,0.057667,,
76.392,ekf_predict_only,map,-0.980267,-1.61997,-2.95198,108.451,61.7854,-27.8439,,,
76.392,pf,map,-0.897007,-1.63864,-2.98723,0.0332615,0.0381334,0.00289264,4.68829,318.135,0
76.464,odom,map,-0.840785,-1.62686,-2.97034,0,0,0,,,
76.5,odom,map,-0.850649,-1.62856,-2.97227,0,0,0,,,
76.536,odom,map,-0.86066,-1.63026,-2.97455,0,0,0,,,
76.572,odom,map,-0.871077,-1.632,-2.97747,0,0,0,,,
76.608,odom,map,-0.881596,-1.63373,-2.98044,0,0,0,,,
76.608,ekf_predict_only,map,-1.04308,-1.63202,-2.96984,109.313,63.5979,-29.9941,,,
76.608,kf,map,-0.944876,-1.62593,-2.97224,0.0369466,0.0369466,-1.20393e-29,0.056542,,
76.608,ekf,map,-0.944619,-1.6259,-2.97191,0.0391185,0.0391301,-2.22078e-06,0.111166,,
76.608,pf,map,-0.978773,-1.66021,-2.99692,0.0354729,0.0340932,0.000594583,7.73125,318.144,0
76.644,odom,map,-0.892266,-1.63544,-2.98379,0,0,0,,,
76.68,odom,map,-0.90305,-1.63714,-2.98765,0,0,0,,,
76.716,odom,map,-0.913953,-1.63881,-2.99214,0,0,0,,,
76.752,odom,map,-0.924972,-1.64044,-2.99692,0,0,0,,,
76.788,odom,map,-0.93624,-1.64205,-3.00227,0,0,0,,,
76.824,odom,map,-0.947585,-1.64361,-3.00777,0,0,0,,,
76.788,ekf_predict_only,map,-1.09949,-1.64181,-2.99735,110.036,65.3486,-31.9312,,,
76.788,ekf,map,-0.998936,-1.63478,-2.99401,0.0386558,0.038668,-2.29507e-06,0.100041,,
76.788,kf,map,-0.999107,-1.6348,-2.99435,0.036855,0.036855,-8.32115e-31,0.05775,,
76.8,amcl,map,-0.937189,-1.65252,-2.99989,0.0531228,0.0253217,-0.0132916,,,
76.788,pf,map,-1.02368,-1.6419,-3.00282,0.0351476,0.0334487,0.000163438,5.7775,310.32,0
76.86,odom,map,-0.959011,-1.64512,-3.01353,0,0,0,,,
76.896,odom,map,-0.970547,-1.64656,-3.01992,0,0,0,,,
76.932,odom,map,-0.982143,-1.64794,-3.02681,0,0,0,,,
76.968,odom,map,-0.993763,-1.64924,-3.03381,0,0,0,,,
77.004,odom,map,-1.00543,-1.65046,-3.04121,0,0,0,,,
77.004,ekf_predict_only,map,-1.16954,-1.65198,-3.04414,110.786,67.647,-34.33,,,
77.004,ekf,map,-1.06775,-1.64399,-3.03342,0.0391278,0.039146,-3.2407e-06,0.056042,,
77.004,kf,map,-1.06787,-1.64402,-3.03392,0.0369466,0.0369466,-5.67142e-32,0.059333,,
77.004,pf,map,-1.08476,-1.65305,-3.03282,0.0395953,0.0402526,0.00162852,5.26017,326.754,0
77.04,odom,map,-1.01716,-1.6516,-3.04893,0,0,0,,,
77.076,odom,map,-1.02889,-1.65264,-3.05692,0,0,0,,,
77.112,odom,map,-1.0406,-1.65358,-3.06507,0,0,0,,,
77.148,odom,map,-1.05228,-1.65443,-3.07348,0,0,0,,,
77.184,odom,map,-1.06386,-1.65517,-3.08212,0,0,0,,,
77.22,odom,map,-1.07529,-1.6558,-3.09119,0,0,0,,,
77.184,ekf_predict_only,map,-1.22628,-1.65753,-3.09038,111.242,69.6491,-36.2446,,,
77.184,ekf,map,-1.12549,-1.64921,-3.07396,0.0386611,0.0386779,-2.70517e-06,0.089542,,
77.184,kf,map,-1.12548,-1.64923,-3.07435,0.036855,0.036855,-3.91988e-33,0.110334,,
77.184,pf,map,-1.15155,-1.65983,-3.08137,0.0386838,0.0393021,-2.50293e-05,7.02158,319.98,0
77.256,odom,map,-1.08668,-1.65632,-3.10044,0,0,0,,,
77.292,odom,map,-1.09809,-1.65674,-3.10977,0,0,0,,,
77.328,odom,map,-1.10935,-1.65704,-3.11942,0,0,0,,,
77.364,odom,map,-1.12052,-1.65724,-3.12928,0,0,0,,,
77.4,odom,map,-1.13167,-1.65732,-3.13933,0,0,0,,,
77.4,ekf,map,-1.19332,-1.65217,-3.13058,0.0391319,0.0391539,-2.98063e-06,0.0665,,
77.4,kf,map,-1.19327,-1.65224,-3.1309,0.0369466,0.0369466,-2.67166e-34,0.063875,,
77.4,ekf_predict_only,map,-1.29323,-1.66096,3.13226,111.563,72.1333,-38.4598,,,
77.4,pf,map,-1.21382,-1.66104,3.13617,0.0401197,0.0351624,0.000701215,5.78979,310.054,0
77.436,odom,map,-1.14283,-1.65729,3.13374,0,0,0,,,
77.472,odom,map,-1.154,-1.65714,3.12358,0,0,0,,,
77.508,odom,map,-1.16517,-1.65688,3.11255,0,0,0,,,
77.544,odom,map,-1.17634,-1.65649,3.10065,0,0,0,,,
77.58,odom,map,-1.18757,-1.65596,3.08819,0,0,0,,,
77.616,odom,map,-1.19876,-1.65606,3.07521,0,0,0,,,
77.616,ekf,map,-1.2612,-1.65095,3.08166,0.039193,0.039216,-2.37509e-06,0.060292,,
77.616,kf,map,-1.26125,-1.65102,3.08094,0.0369528,0.0369528,-1.81918e-35,0.062541,,
77.616,ekf_predict_only,map,-1.36219,-1.66032,3.0501,111.622,74.8477,-40.668,,,
77.601,amcl,map,-1.19955,-1.67546,3.09696,0.0681722,0.036517,-0.0257763,,,
77.616,pf,map,-1.2744,-1.6891,3.06748,0.0374291,0.0322943,0.000100659,4.71746,302.276,0
77.652,odom,map,-1.2097,-1.65724,3.06229,0,0,0,,,
77.688,odom,map,-1.22053,-1.65828,3.04895,0,0,0,,,
77.724,odom,map,-1.23137,-1.65917,3.03494,0,0,0,,,
77.76,odom,map,-1.24224,-1.65991,3.02049,0,0,0,,,
77.796,odom,map,-1.2531,-1.66049,3.0059,0,0,0,,,
77.832,odom,map,-1.26431,-1.65909,2.99026,0,0,0,,,
77.796,ekf,map,-1.31792,-1.64564,3.00961,0.0386465,0.0386657,-1.19799e-06,0.115,,
77.796,ekf_predict_only,map,-1.41886,-1.65512,2.97121,111.388,77.2171,-42.3857,,,
77.796,pf,map,-1.33815,-1.66102,2.98971,0.0367499,0.0368221,0.000939141,4.54158,294.477,0
77.796,kf,map,-1.31793,-1.64571,3.0091,0.0368554,0.0368554,-1.25727e-36,0.056,,
77.868,odom,map,-1.27548,-1.65729,2.97433,0,0,0,,,
77.904,odom,map,-1.28649,-1.65534,2.95813,0,0,0,,,
77.94,odom,map,-1.2974,-1.65322,2.94178,0,0,0,,,
77.976,odom,map,-1.30821,-1.65094,2.92527,0,0,0,,,
78.012,ekf_predict_only,map,-1.48355,-1.64399,2.87132,110.775,80.0418,-44.2222,,,
78.012,kf,map,-1.38361,-1.63421,2.91295,0.0369466,0.0369466,-8.56907e-38,0.055042,,
78.012,odom,map,-1.3189,-1.6485,2.90865,0,0,0,,,
78.012,ekf,map,-1.38365,-1.63405,2.91328,0.0391042,0.0391277,-2.49112e-07,0.592791,,
78.012,pf,map,-1.4084,-1.62894,2.89538,0.039564,0.0363449,0.000252005,4.78004,307.235,0
78.048,odom,map,-1.32947,-1.6459,2.8919,0,0,0,,,
78.084,odom,map,-1.33997,-1.64313,2.87512,0,0,0,,,
78.12,odom,map,-1.35033,-1.64021,2.85809,0,0,0,,,
78.156,odom,map,-1.36057,-1.63713,2.84115,0,0,0,,,
78.192,odom,map,-1.37065,-1.63391,2.82428,0,0,0,,,
78.192,ekf,map,-1.43555,-1.61963,2.82968,0.0386451,0.0386641,8.14139e-07,0.058167,,
78.192,kf,map,-1.43552,-1.61978,2.82956,0.036855,0.036855,-5.92262e-39,0.055125,,
78.228,odom,map,-1.38068,-1.63052,2.8074,0,0,0,,,
78.201,amcl,map,-1.35531,-1.66673,2.84706,0.0673558,0.0432801,-0.028419,,,
78.192,ekf_predict_only,map,-1.53453,-1.62987,2.78696,109.977,82.3898,-45.5317,,,
78.192,pf,map,-1.45463,-1.62644,2.80986,0.0387575,0.0369941,-0.00107383,10.389,306.534,0
78.264,odom,map,-1.39058,-1.62699,2.79048,0,0,0,,,
78.3,odom,map,-1.40033,-1.62333,2.77357,0,0,0,,,
78.336,odom,map,-1.40974,-1.61961,2.7567,0,0,0,,,
78.372,odom,map,-1.41905,-1.61574,2.73983,0,0,0,,,
78.408,odom,map,-1.4286,-1.61222,2.72347,0,0,0,,,
78.408,ekf_predict_only,map,-1.58899,-1.6097,2.68801,108.806,84.9894,-46.7843,,,
78.408,ekf,map,-1.49282,-1.59809,2.72907,0.0391188,0.0391401,2.32863e-06,0.059334,,
78.408,kf,map,-1.4927,-1.59834,2.72914,0.0369466,0.0369466,-4.03667e-40,0.77975,,
78.408,pf,map,-1.49446,-1.60923,2.69732,0.0362799,0.0371111,-0.000432657,6.46529,290.363,0
78.444,odom,map,-1.43906,-1.61033,2.70914,0,0,0,,,
78.48,odom,map,-1.44929,-1.60842,2.695,0,0,0,,,
78.516,odom,map,-1.45935,-1.60646,2.68098,0,0,0,,,
78.552,odom,map,-1.46919,-1.60449,2.66708,0,0,0,,,
78.588,odom,map,-1.47876,-1.60253,2.65332,0,0,0,,,
78.588,ekf,map,-1.53474,-1.57753,2.64794,0.0386562,0.0386717,2.67359e-06,0.061208,,
78.588,kf,map,-1.5346,-1.57775,2.64804,0.036855,0.036855,-2.78999e-41,0.056333,,
78.624,odom,map,-1.48702,-1.59917,2.63821,0,0,0,,,
78.588,ekf_predict_only,map,-1.62773,-1.59082,2.60858,107.729,86.9296,-47.543,,,
78.588,pf,map,-1.55828,-1.59265,2.62446,0.0341602,0.0378229,0.00204422,5.20771,286.957,0
78.66,odom,map,-1.49454,-1.59496,2.62233,0,0,0,,,
78.696,odom,map,-1.50183,-1.59071,2.60642,0,0,0,,,
78.732,odom,map,-1.50883,-1.58648,2.59053,0,0,0,,,
78.768,odom,map,-1.51541,-1.58237,2.575,0,0,0,,,
78.804,odom,map,-1.52189,-1.57818,2.55952,0,0,0,,,
78.801,amcl,map,-1.48982,-1.61973,2.6017,0.0715795,0.048611,-0.0343619,,,
78.804,ekf_predict_only,map,-1.66574,-1.56839,2.51659,106.448,88.8856,-48.1666,,,
78.804,ekf,map,-1.57691,-1.55233,2.55353,0.0391287,0.0391441,3.83216e-06,0.059542,,
78.804,kf,map,-1.57669,-1.55264,2.55369,0.0369466,0.0369466,-1.90157e-42,0.056375,,
78.804,pf,map,-1.58368,-1.5596,2.53165,0.0377144,0.0353107,0.00131159,4.82767,306.78,0
78.84,odom,map,-1.52808,-1.57404,2.54417,0,0,0,,,
78.876,odom,map,-1.53394,-1.56999,2.52894,0,0,0,,,
78.912,odom,map,-1.5394,-1.56609,2.5139,0,0,0,,,
78.948,odom,map,-1.54465,-1.56222,2.49892,0,0,0,,,
78.984,odom,map,-1.5497,-1.55838,2.48416,0,0,0,,,
79.02,odom,map,-1.55185,-1.55724,2.4714,0,0,0,,,
78.984,ekf_predict_only,map,-1.68882,-1.55174,2.44724,105.533,90.1368,-48.4545,,,
78.984,ekf,map,-1.60439,-1.53238,2.47901,0.038662,0.038672,3.15091e-06,0.061416,,
78.984,kf,map,-1.60416,-1.53266,2.4793,0.036855,0.036855,-1.31429e-43,0.63275,,
78.984,pf,map,-1.62556,-1.533,2.45757,0.0353243,0.0398915,0.00125003,4.75671,303.41,0
79.056,odom,map,-1.55156,-1.55837,2.46032,0,0,0,,,
79.092,odom,map,-1.55119,-1.5595,2.44925,0,0,0,,,
79.128,odom,map,-1.55065,-1.56071,2.43841,0,0,0,,,
79.164,odom,map,-1.54975,-1.56218,2.42837,0,0,0,,,
79.2,odom,map,-1.5479,-1.56443,2.4208,0,0,0,,,
79.2,ekf_predict_only,map,-1.68882,-1.55174,2.43638,105.633,90.2368,-48.4545,,,
79.2,ekf,map,-1.62317,-1.51627,2.41443,0.0391328,0.0391413,2.9511e-06,0.057458,,
79.2,kf,map,-1.62207,-1.51726,2.4175,0.0369466,0.0369466,-8.9578e-45,0.070458,,
79.2,pf,map,-1.6482,-1.50349,2.38465,0.0368215,0.0371512,-0.00021351,4.78838,317.447,0
79.236,odom,map,-1.54939,-1.56312,2.41327,0,0,0,,,
79.272,odom,map,-1.55004,-1.56254,2.40825,0,0,0,,,
79.308,odom,map,-1.55005,-1.56253,2.40583,0,0,0,,,
79.344,odom,map,-1.55005,-1.56253,2.40559,0,0,0,,,
79.38,odom,map,-1.55005,-1.56253,2.40559,0,0,0,,,
79.416,ekf,map,-1.62902,-1.51115,2.39075,0.0391937,0.0391994,2.07745e-06,0.056084,,
79.416,odom,map,-1.55005,-1.56253,2.40559,0,0,0,,,
79.416,kf,map,-1.6284,-1.5117,2.3929,0.0369528,0.0369528,-6.09952e-46,0.05475,,
79.416,ekf_predict_only,map,-1.68882,-1.55174,2.43638,105.733,90.3368,-48.4545,,,
79.416,pf,map,-1.65543,-1.50937,2.35473,0.0369249,0.0373482,0.00272876,12.2097,316.244,0
79.452,odom,map,-1.55005,-1.56253,2.40559,0,0,0,,,
79.488,odom,map,-1.55029,-1.56231,2.40553,0,0,0,,,
79.524,odom,map,-1.55098,-1.56169,2.40544,0,0,0,,,
79.56,odom,map,-1.55195,-1.56081,2.40502,0,0,0,,,
79.596,odom,map,-1.55326,-1.55962,2.40435,0,0,0,,,
79.632,odom,map,-1.55426,-1.56093,2.40743,0,0,0,,,
79.596,ekf,map,-1.63508,-1.50554,2.38296,0.0386469,0.0386501,1.23585e-06,0.057417,,
79.596,kf,map,-1.63513,-1.5055,2.38353,0.0368554,0.0368554,-4.21548e-47,0.105667,,
79.596,ekf_predict_only,map,-1.69973,-1.54245,2.4285,105.271,90.9875,-48.5501,,,
79.596,pf,map,-1.67702,-1.51897,2.36641,0.033685,0.0335863,0.000218985,8.26829,289.121,0
79.668,odom,map,-1.55551,-1.5623,2.41055,0,0,0,,,
79.704,odom,map,-1.55695,-1.56352,2.41316,0,0,0,,,
79.74,odom,map,-1.55869,-1.56449,2.41479,0,0,0,,,
79.776,odom,map,-1.56053,-1.56538,2.4161,0,0,0,,,
79.812,odom,map,-1.56251,-1.56539,2.41519,0,0,0,,,
79.812,ekf,map,-1.6478,-1.49337,2.36424,0.0391047,0.0391072,1.24452e-06,0.0575,,
79.812,ekf_predict_only,map,-1.71475,-1.52946,2.39755,104.59,91.8525,-48.6706,,,
79.812,kf,map,-1.6479,-1.49327,2.36371,0.0369466,0.0369466,-2.87312e-48,0.062208,,
79.812,pf,map,-1.66436,-1.50237,2.34997,0.0370608,0.0325069,-0.0026442,7.96492,301.375,0
79.848,odom,map,-1.56489,-1.56327,2.40953,0,0,0,,,
79.884,odom,map,-1.56711,-1.56125,2.40241,0,0,0,,,
79.92,odom,map,-1.56929,-1.55925,2.39406,0,0,0,,,
79.956,odom,map,-1.57144,-1.55724,2.38512,0,0,0,,,
79.992,odom,map,-1.57371,-1.55507,2.3755,0,0,0,,,
79.992,ekf,map,-1.65842,-1.48266,2.32317,0.0386455,0.0386469,9.63621e-07,0.14425,,
80.028,odom,map,-1.57607,-1.55278,2.36491,0,0,0,,,
80.001,amcl,map,-1.57194,-1.55558,2.36351,0.0643486,0.0524283,-0.039664,,,
79.992,ekf_predict_only,map,-1.72704,-1.51814,2.34024,104.015,92.5846,-48.7465,,,
79.992,kf,map,-1.65849,-1.48257,2.32228,0.036855,0.036855,-1.98579e-49,0.099292,,
79.992,pf,map,-1.66283,-1.48022,2.32667,0.0344194,0.0339666,-0.0030873,6.29458,340.415,0
80.064,odom,map,-1.57855,-1.55031,2.35311,0,0,0,,,
80.1,odom,map,-1.58111,-1.54771,2.34098,0,0,0,,,
80.136,odom,map,-1.58376,-1.54495,2.32853,0,0,0,,,
80.172,odom,map,-1.58663,-1.54187,2.31547,0,0,0,,,
80.208,odom,map,-1.58983,-1.53835,2.30171,0,0,0,,,
80.208,ekf_predict_only,map,-1.7475,-1.49703,2.25661,102.867,93.7478,-48.8021,,,
80.208,ekf,map,-1.67447,-1.46455,2.25099,0.0391192,0.0391204,1.35111e-06,0.059417,,
80.208,kf,map,-1.67469,-1.46432,2.25012,0.0369466,0.0369466,-1.35345e-50,0.060542,,
80.208,pf,map,-1.68369,-1.44929,2.23487,0.0368105,0.0377462,-0.00119636,4.49392,320.051,0
80.244,odom,map,-1.59308,-1.53468,2.28778,0,0,0,,,
80.28,odom,map,-1.59647,-1.53073,2.27345,0,0,0,,,
80.316,odom,map,-1.60025,-1.52619,2.25835,0,0,0,,,
80.352,odom,map,-1.60422,-1.52128,2.24311,0,0,0,,,
80.388,odom,map,-1.60818,-1.51622,2.22787,0,0,0,,,
80.424,odom,map,-1.61219,-1.51095,2.21231,0,0,0,,,
80.388,ekf,map,-1.69185,-1.44145,2.17833,0.0386569,0.0386573,1.59214e-06,0.072666,,
80.388,kf,map,-1.69209,-1.44121,2.17779,0.036855,0.036855,-9.35456e-52,0.206041,,
80.388,ekf_predict_only,map,-1.76922,-1.47048,2.17717,101.42,94.9934,-48.7351,,,
80.388,pf,map,-1.70502,-1.45878,2.15162,0.0375394,0.0344355,0.000282173,9.06333,298.685,0
80.46,odom,map,-1.61643,-1.50517,2.1962,0,0,0,,,
80.496,odom,map,-1.62094,-1.49881,2.17947,0,0,0,,,
80.532,odom,map,-1.62537,-1.49235,2.16265,0,0,0,,,
80.568,odom,map,-1.62976,-1.48569,2.14571,0,0,0,,,
80.604,odom,map,-1.63425,-1.47862,2.12862,0,0,0,,,
80.604,ekf_predict_only,map,-1.80115,-1.42444,2.07494,98.8968,96.8073,-48.4091,,,
80.604,ekf,map,-1.71682,-1.40191,2.07999,0.0391312,0.0391303,3.28556e-06,0.057083,,
80.604,kf,map,-1.71726,-1.40147,2.07964,0.0369466,0.0369466,-6.37577e-53,0.068542,,
80.601,amcl,map,-1.62124,-1.48737,2.13119,0.0551829,0.0533576,-0.0385542,,,
80.604,pf,map,-1.73193,-1.41787,2.0687,0.0341981,0.0345718,0.000576468,4.66829,315.285,0
80.64,odom,map,-1.63901,-1.47085,2.11155,0,0,0,,,
80.676,odom,map,-1.64375,-1.4628,2.09451,0,0,0,,,
80.712,odom,map,-1.64842,-1.45454,2.07751,0,0,0,,,
80.748,odom,map,-1.65318,-1.44579,2.06051,0,0,0,,,
80.784,odom,map,-1.6581,-1.43637,2.04372,0,0,0,,,
80.82,odom,map,-1.66279,-1.42633,2.0263,0,0,0,,,
80.784,ekf_predict_only,map,-1.82906,-1.37385,1.99308,96.2013,98.435,-47.7957,,,
80.784,ekf,map,-1.73855,-1.35833,1.99661,0.0386667,0.0386638,4.16159e-06,0.6565,,
80.784,kf,map,-1.73897,-1.3579,1.99659,0.036855,0.036855,-4.40669e-54,0.259041,,
80.784,pf,map,-1.75333,-1.35631,1.97445,0.0404434,0.0433999,-0.002122,8.54742,318.993,0
80.856,odom,map,-1.66714,-1.41595,2.00826,0,0,0,,,
80.892,odom,map,-1.67134,-1.40532,1.99064,0,0,0,,,
80.928,odom,map,-1.67546,-1.39434,1.97366,0,0,0,,,
80.964,odom,map,-1.67949,-1.38301,1.95706,0,0,0,,,
81,odom,map,-1.68336,-1.37145,1.94068,0,0,0,,,
81,ekf_predict_only,map,-1.86029,-1.30434,1.90942,92.6087,100.277,-46.6863,,,
81,ekf,map,-1.76438,-1.29295,1.90471,0.0391437,0.0391359,7.10232e-06,0.113417,,
81,kf,map,-1.76484,-1.29263,1.90517,0.0369466,0.0369466,-3.00346e-55,0.0555,,
81,pf,map,-1.77371,-1.29866,1.88834,0.0333669,0.0340784,0.000900572,4.49404,301.312,0
81.036,odom,map,-1.68781,-1.35966,1.92641,0,0,0,,,
81.072,odom,map,-1.69221,-1.34756,1.91296,0,0,0,,,
81.108,odom,map,-1.69648,-1.33533,1.89977,0,0,0,,,
81.144,odom,map,-1.70061,-1.32296,1.88683,0,0,0,,,
81.18,odom,map,-1.70464,-1.31037,1.87466,0,0,0,,,
81.216,odom,map,-1.70854,-1.29767,1.86298,0,0,0,,,
81.216,ekf,map,-1.78633,-1.21899,1.82701,0.0392099,0.0391972,8.38986e-06,0.10775,,
81.216,ekf_predict_only,map,-1.88679,-1.2291,1.83984,88.9057,101.883,-45.2181,,,
81.216,kf,map,-1.78674,-1.21884,1.8276,0.0369528,0.0369528,-2.04511e-56,0.12075,,
81.216,pf,map,-1.77908,-1.22911,1.80882,0.0401553,0.0352051,-0.0039854,6.36617,309.525,0
81.201,amcl,map,-1.68301,-1.33903,1.88038,0.0431259,0.0571337,-0.033221,,,
81.252,odom,map,-1.71232,-1.28484,1.85174,0,0,0,,,
81.288,odom,map,-1.71599,-1.27188,1.8412,0,0,0,,,
81.324,odom,map,-1.71952,-1.25887,1.83112,0,0,0,,,
81.36,odom,map,-1.72299,-1.24559,1.82166,0,0,0,,,
81.396,odom,map,-1.72635,-1.23223,1.81223,0,0,0,,,
81.432,odom,map,-1.72852,-1.22011,1.80475,0,0,0,,,
81.396,ekf_predict_only,map,-1.9053,-1.16196,1.79441,85.7835,103.05,-43.7279,,,
81.396,ekf,map,-1.80128,-1.15292,1.77574,0.0386641,0.0386496,7.22154e-06,0.057167,,
81.396,kf,map,-1.80155,-1.15284,1.77617,0.0368554,0.0368554,-1.41341e-57,0.105125,,
81.396,pf,map,-1.79028,-1.15627,1.75233,0.0395007,0.0347235,0.000820845,8.02596,301.104,0
81.468,odom,map,-1.7305,-1.20806,1.79822,0,0,0,,,
81.504,odom,map,-1.73242,-1.19602,1.79219,0,0,0,,,
81.54,odom,map,-1.73428,-1.18398,1.78637,0,0,0,,,
81.576,odom,map,-1.73607,-1.17199,1.78086,0,0,0,,,
81.612,odom,map,-1.73815,-1.15957,1.77572,0,0,0,,,
81.612,ekf,map,-1.81589,-1.07131,1.72949,0.0391302,0.0391073,8.75224e-06,0.059875,,
81.612,ekf_predict_only,map,-1.92368,-1.08115,1.757,82.2198,104.221,-41.7894,,,
81.612,kf,map,-1.81614,-1.07133,1.73009,0.0369466,0.0369466,-9.63329e-59,0.104459,,
81.612,pf,map,-1.8312,-1.09044,1.70885,0.0341428,0.034735,-0.00280956,9.90087,301.859,0
81.648,odom,map,-1.74092,-1.14603,1.76967,0,0,0,,,
81.684,odom,map,-1.74361,-1.13245,1.76395,0,0,0,,,
81.72,odom,map,-1.74623,-1.11886,1.75833,0,0,0,,,
81.756,odom,map,-1.74876,-1.10532,1.75314,0,0,0,,,
81.792,odom,map,-1.75124,-1.09171,1.74867,0,0,0,,,
81.792,ekf_predict_only,map,-1.93653,-1.01295,1.73556,79.4107,105.077,-40.0567,,,
81.828,odom,map,-1.75367,-1.07805,1.74439,0,0,0,,,
81.792,ekf,map,-1.82547,-1.00278,1.70181,0.0386691,0.0386471,6.78513e-06,0.107625,,
81.792,kf,map,-1.82564,-1.00279,1.70226,0.036855,0.036855,-6.65817e-60,0.055833,,
81.792,pf,map,-1.83227,-1.01901,1.69233,0.0372108,0.0391785,-8.22727e-05,9.47,289.615,0
81.864,odom,map,-1.75601,-1.06451,1.74049,0,0,0,,,
81.9,odom,map,-1.75829,-1.0511,1.73713,0,0,0,,,
81.936,odom,map,-1.76049,-1.03784,1.73461,0,0,0,,,
81.972,odom,map,-1.76266,-1.02462,1.7322,0,0,0,,,
82.008,odom,map,-1.76415,-1.01267,1.73046,0,0,0,,,
82.008,kf,map,-1.83504,-0.922801,1.68521,0.0369466,0.0369466,-4.53799e-61,0.064083,,
82.002,amcl,map,-1.75073,-1.04277,1.72169,0.0330337,0.0693397,-0.0254323,,,
82.008,ekf_predict_only,map,-1.94942,-0.93541,1.72849,76.4069,105.942,-38.015,,,
82.008,ekf,map,-1.83488,-0.92267,1.68453,0.0391495,0.0391202,7.29922e-06,0.056833,,
82.008,pf,map,-1.84081,-0.937256,1.66166,0.0324866,0.0369621,0.000555461,6.786,328.387,0
82.044,odom,map,-1.76341,-1.00492,1.7301,0,0,0,,,
82.08,odom,map,-1.76266,-0.997267,1.73003,0,0,0,,,
82.116,odom,map,-1.76191,-0.989655,1.73015,0,0,0,,,
82.152,odom,map,-1.76113,-0.982188,1.73064,0,0,0,,,
82.188,odom,map,-1.76032,-0.975078,1.73198,0,0,0,,,
82.188,ekf_predict_only,map,-1.95876,-0.876668,1.73731,74.3004,106.6,-36.4364,,,
82.188,ekf,map,-1.84161,-0.860176,1.68409,0.0386811,0.0386567,5.17816e-06,0.051167,,
82.188,kf,map,-1.8417,-0.860375,1.6847,0.036855,0.036855,-3.13649e-62,0.061375,,
82.224,odom,map,-1.76125,-0.965097,1.73379,0,0,0,,,
82.188,pf,map,-1.8391,-0.871982,1.66341,0.037905,0.0431271,0.00341889,5.89738,321.632,0
82.26,odom,map,-1.76319,-0.953361,1.73555,0,0,0,,,
82.296,odom,map,-1.76514,-0.941698,1.73762,0,0,0,,,
82.332,odom,map,-1.76709,-0.930196,1.74025,0,0,0,,,
82.368,odom,map,-1.76907,-0.918718,1.74341,0,0,0,,,
82.404,odom,map,-1.7711,-0.907234,1.74661,0,0,0,,,
82.404,kf,map,-1.84982,-0.789514,1.69798,0.0369466,0.0369466,-2.13773e-63,0.063625,,
82.404,ekf,map,-1.84978,-0.789388,1.69749,0.0391574,0.0391284,5.26719e-06,0.21075,,
82.404,ekf_predict_only,map,-1.97036,-0.807672,1.75654,71.9688,107.397,-34.5675,,,
82.404,pf,map,-1.84913,-0.801474,1.66636,0.0342177,0.0386653,-0.000361526,6.68746,306.096,0
82.44,odom,map,-1.77315,-0.895777,1.74999,0,0,0,,,
82.476,odom,map,-1.77522,-0.88443,1.75292,0,0,0,,,
82.512,odom,map,-1.77729,-0.87327,1.75436,0,0,0,,,
82.548,odom,map,-1.77936,-0.862136,1.75554,0,0,0,,,
82.584,odom,map,-1.78142,-0.851131,1.7562,0,0,0,,,
82.584,ekf_predict_only,map,-1.98055,-0.753424,1.75199,70.2785,108.113,-33.0949,,,
82.62,odom,map,-1.78346,-0.840274,1.75555,0,0,0,,,
82.584,ekf,map,-1.85725,-0.732975,1.70262,0.0386842,0.0386614,3.77814e-06,0.11775,,
82.584,kf,map,-1.85721,-0.733082,1.7023,0.036855,0.036855,-1.47752e-64,0.065375,,
82.584,pf,map,-1.87906,-0.75917,1.68555,0.0386815,0.0387318,-0.00159004,12.8445,308.422,0
82.656,odom,map,-1.78548,-0.829433,1.75423,0,0,0,,,
82.692,odom,map,-1.78748,-0.818593,1.75271,0,0,0,,,
82.728,odom,map,-1.78944,-0.807902,1.75083,0,0,0,,,
82.764,odom,map,-1.79132,-0.7975,1.74762,0,0,0,,,
82.8,odom,map,-1.79313,-0.787222,1.74351,0,0,0,,,
82.8,kf,map,-1.8657,-0.668871,1.68858,0.0369466,0.0369466,-1.00703e-65,0.056459,,
82.8,ekf_predict_only,map,-1.99181,-0.691984,1.72639,68.4806,108.899,-31.3983,,,
82.8,ekf,map,-1.86578,-0.668719,1.68935,0.0391581,0.0391322,4.00688e-06,0.059458,,
82.8,amcl,map,-1.78863,-0.816981,1.74537,0.026357,0.0647238,-0.0154073,,,
82.8,pf,map,-1.87253,-0.666359,1.67823,0.0378123,0.0373167,-0.000651521,4.75563,285.161,0
82.836,odom,map,-1.79471,-0.777099,1.73732,0,0,0,,,
82.872,odom,map,-1.79618,-0.767132,1.73054,0,0,0,,,
82.908,odom,map,-1.79754,-0.757283,1.72303,0,0,0,,,
82.944,odom,map,-1.79876,-0.747606,1.7146,0,0,0,,,
82.98,odom,map,-1.79988,-0.737998,1.70587,0,0,0,,,
83.016,odom,map,-1.80097,-0.728459,1.69734,0,0,0,,,
83.016,ekf,map,-1.87234,-0.608868,1.65449,0.0392171,0.0391933,3.49289e-06,0.057334,,
83.016,kf,map,-1.87228,-0.609038,1.65364,0.0369528,0.0369528,-6.85703e-67,0.100375,,
83.016,ekf_predict_only,map,-2.00078,-0.634815,1.68015,66.9387,109.548,-29.7762,,,
83.016,pf,map,-1.8722,-0.603373,1.63841,0.0336029,0.0383206,0.00190224,5.22133,325.674,0
83.052,odom,map,-1.80214,-0.718999,1.68903,0,0,0,,,
83.088,odom,map,-1.80322,-0.709555,1.68047,0,0,0,,,
83.124,odom,map,-1.80421,-0.700194,1.67152,0,0,0,,,
83.16,odom,map,-1.80509,-0.691062,1.66162,0,0,0,,,
83.196,odom,map,-1.80586,-0.682075,1.65094,0,0,0,,,
83.196,ekf_predict_only,map,-2.00567,-0.59026,1.62447,65.8422,109.949,-28.4716,,,
83.196,ekf,map,-1.87547,-0.562241,1.60842,0.0386641,0.0386467,2.37699e-06,0.057958,,
83.196,kf,map,-1.87544,-0.562373,1.60775,0.0368554,0.0368554,-4.73901e-68,0.059917,,
83.232,odom,map,-1.80653,-0.673136,1.6398,0,0,0,,,
83.196,pf,map,-1.86911,-0.559722,1.60052,0.0314745,0.032407,0.000295759,7.57812,324.405,0
83.268,odom,map,-1.80709,-0.664313,1.62839,0,0,0,,,
83.304,odom,map,-1.80752,-0.655903,1.61548,0,0,0,,,
83.34,odom,map,-1.80783,-0.647712,1.60181,0,0,0,,,
83.376,odom,map,-1.80802,-0.639661,1.58785,0,0,0,,,
83.412,ekf_predict_only,map,-2.00816,-0.543816,1.53404,64.7727,110.203,-27.0715,,,
83.412,odom,map,-1.8081,-0.63181,1.57325,0,0,0,,,
83.412,ekf,map,-1.8759,-0.512311,1.53016,0.039123,0.0391043,2.22779e-06,0.188833,,
83.412,kf,map,-1.87593,-0.512534,1.52932,0.0369466,0.0369466,-3.22994e-69,0.055542,,
83.412,pf,map,-1.86746,-0.516255,1.5253,0.0339695,0.0372797,0.000931728,5.08683,315.863,0
83.448,odom,map,-1.80806,-0.624172,1.55778,0,0,0,,,
83.484,odom,map,-1.8079,-0.61663,1.5418,0,0,0,,,
83.52,odom,map,-1.80763,-0.609243,1.52552,0,0,0,,,
83.556,odom,map,-1.80725,-0.602208,1.50846,0,0,0,,,
83.592,odom,map,-1.80677,-0.595373,1.49078,0,0,0,,,
83.592,kf,map,-1.87318,-0.475912,1.44819,0.036855,0.036855,-2.23241e-70,0.11375,,
83.628,odom,map,-1.80603,-0.592415,1.47462,0,0,0,,,
83.601,amcl,map,-1.80513,-0.629696,1.51118,0.0244758,0.0699431,-0.0119226,,,
83.592,ekf_predict_only,map,-2.00691,-0.50977,1.4448,64.0659,110.226,-26.0069,,,
83.592,ekf,map,-1.87314,-0.475735,1.44877,0.0386585,0.038645,1.30765e-06,0.056167,,
83.592,pf,map,-1.8602,-0.473132,1.43905,0.0342829,0.0311387,0.00207511,7.57167,313.758,0
83.664,odom,map,-1.80518,-0.591258,1.45843,0,0,0,,,
83.7,odom,map,-1.80427,-0.590408,1.44173,0,0,0,,,
83.736,odom,map,-1.80333,-0.589935,1.42458,0,0,0,,,
83.772,odom,map,-1.80231,-0.58951,1.40739,0,0,0,,,
83.808,odom,map,-1.80125,-0.588083,1.38936,0,0,0,,,
83.808,ekf_predict_only,map,-2.00275,-0.476922,1.32441,63.4282,110.069,-24.949,,,
83.808,kf,map,-1.86709,-0.439922,1.33442,0.0369466,0.0369466,-1.52154e-71,0.056,,
83.808,ekf,map,-1.86698,-0.439698,1.33494,0.0391318,0.0391183,8.94344e-07,0.152542,,
83.808,pf,map,-1.87339,-0.459878,1.32524,0.0415814,0.0380287,0.000566052,6.17154,307.899,0
83.844,odom,map,-1.80021,-0.582713,1.36896,0,0,0,,,
83.88,odom,map,-1.79906,-0.577388,1.34834,0,0,0,,,
83.916,odom,map,-1.79783,-0.572203,1.32742,0,0,0,,,
83.952,odom,map,-1.79658,-0.56736,1.3058,0,0,0,,,
83.988,odom,map,-1.79525,-0.562674,1.284,0,0,0,,,
83.988,ekf_predict_only,map,-1.997,-0.454041,1.21487,63.0379,109.816,-24.1851,,,
83.988,ekf,map,-1.8596,-0.414438,1.23004,0.0386645,0.0386555,3.02471e-07,0.063542,,
83.988,kf,map,-1.85971,-0.414607,1.22969,0.036855,0.036855,-1.05163e-72,0.063042,,
84.024,odom,map,-1.79387,-0.558163,1.26209,0,0,0,,,
84,amcl,map,-1.78555,-0.575407,1.29661,0.0187047,0.0645444,-0.00986915,,,
83.988,pf,map,-1.854,-0.402759,1.22725,0.0365257,0.0322558,0.0010733,6.06125,297.155,0
84.06,odom,map,-1.79244,-0.55384,1.23989,0,0,0,,,
84.096,odom,map,-1.791,-0.549796,1.21732,0,0,0,,,
84.132,odom,map,-1.78955,-0.546001,1.19454,0,0,0,,,
84.168,odom,map,-1.78804,-0.542312,1.17171,0,0,0,,,
84.204,odom,map,-1.78654,-0.538865,1.14886,0,0,0,,,
84.204,ekf_predict_only,map,-1.98988,-0.4349,1.07685,62.7428,109.481,-23.5264,,,
84.204,ekf,map,-1.8499,-0.391472,1.09534,0.0391357,0.0391274,-4.33373e-08,0.092542,,
84.204,kf,map,-1.85008,-0.391726,1.09506,0.0369466,0.0369466,-7.16759e-74,0.094916,,
84.204,pf,map,-1.85254,-0.384529,1.07851,0.0361801,0.0335834,0.00184364,5.83933,308.418,0
84.24,odom,map,-1.78509,-0.535728,1.12588,0,0,0,,,
84.276,odom,map,-1.78367,-0.532835,1.10281,0,0,0,,,
84.312,odom,map,-1.78229,-0.530184,1.07952,0,0,0,,,
84.348,odom,map,-1.78089,-0.52764,1.05614,0,0,0,,,
84.384,odom,map,-1.77957,-0.525361,1.03285,0,0,0,,,
84.42,odom,map,-1.77843,-0.524023,1.01071,0,0,0,,,
84.384,kf,map,-1.84238,-0.378543,0.979707,0.036855,0.036855,-4.95397e-75,0.059417,,
84.384,ekf_predict_only,map,-1.98468,-0.425235,0.959981,62.6484,109.264,-23.1797,,,
84.384,ekf,map,-1.84221,-0.378317,0.979843,0.0386659,0.0386608,-1.72726e-07,0.056625,,
84.402,amcl,map,-1.77228,-0.521218,1.03455,0.0153481,0.0606501,-0.00729261,,,
84.384,pf,map,-1.83038,-0.367744,0.949875,0.0368678,0.0339139,0.00161061,8.94092,317.712,0
84.456,odom,map,-1.77752,-0.523554,0.989282,0,0,0,,,
84.492,odom,map,-1.77662,-0.523179,0.96782,0,0,0,,,
84.528,odom,map,-1.77588,-0.523075,0.946623,0,0,0,,,
84.564,odom,map,-1.77536,-0.523325,0.925246,0,0,0,,,
84.6,odom,map,-1.77497,-0.523783,0.90377,0,0,0,,,
84.6,ekf,map,-1.83641,-0.370605,0.838998,0.0391359,0.0391316,-2.27747e-07,0.064875,,
84.6,kf,map,-1.83663,-0.370869,0.838907,0.0369466,0.0369466,-3.37647e-76,0.063333,,
84.6,ekf_predict_only,map,-1.98188,-0.421243,0.818149,62.6692,109.194,-23.0307,,,
84.6,pf,map,-1.82904,-0.391295,0.819335,0.0322308,0.0342275,0.00229458,5.31317,335.617,0
84.636,odom,map,-1.77446,-0.523183,0.880191,0,0,0,,,
84.672,odom,map,-1.77403,-0.52267,0.856747,0,0,0,,,
84.708,odom,map,-1.77373,-0.522337,0.833315,0,0,0,,,
84.744,odom,map,-1.77361,-0.522208,0.809888,0,0,0,,,
84.78,odom,map,-1.7735,-0.522097,0.786463,0,0,0,,,
84.816,odom,map,-1.77286,-0.522622,0.763742,0,0,0,,,
84.816,kf,map,-1.83487,-0.368942,0.69894,0.0369528,0.0369528,-2.29909e-77,0.117584,,
84.816,ekf_predict_only,map,-1.98263,-0.422042,0.679083,62.785,109.34,-23.0623,,,
84.801,amcl,map,-1.76837,-0.50883,0.774949,0.0156645,0.0594958,-0.00454382,,,
84.816,ekf,map,-1.83468,-0.368718,0.698905,0.0391957,0.0391928,-1.73798e-07,1.42475,,
84.816,pf,map,-1.8218,-0.376192,0.673631,0.0358476,0.0394343,0.00108031,8.80408,315.674,0
84.852,odom,map,-1.77153,-0.524275,0.742248,0,0,0,,,
84.888,odom,map,-1.77029,-0.525998,0.720809,0,0,0,,,
84.924,odom,map,-1.76911,-0.527757,0.699205,0,0,0,,,
84.96,odom,map,-1.76818,-0.529702,0.677864,0,0,0,,,
84.996,odom,map,-1.76745,-0.531782,0.656782,0,0,0,,,
84.996,ekf,map,-1.83765,-0.370818,0.584907,0.038648,0.0386464,-1.13901e-07,0.059042,,
85.032,odom,map,-1.76827,-0.532689,0.634464,0,0,0,,,
84.996,kf,map,-1.83779,-0.370968,0.58499,0.0368554,0.0368554,-1.58894e-78,0.057291,,
84.996,ekf_predict_only,map,-1.98753,-0.426,0.566689,62.9637,109.738,-23.2315,,,
84.996,pf,map,-1.82144,-0.39141,0.563357,0.0377996,0.0407983,-0.00112385,7.336,287.373,0
85.068,odom,map,-1.76939,-0.533494,0.612089,0,0,0,,,
85.104,odom,map,-1.77068,-0.534379,0.589876,0,0,0,,,
85.14,odom,map,-1.77214,-0.535332,0.567963,0,0,0,,,
85.176,odom,map,-1.77365,-0.536271,0.546112,0,0,0,,,
85.212,ekf,map,-1.84602,-0.375532,0.452967,0.0391053,0.0391041,-1.6816e-07,0.066667,,
85.212,odom,map,-1.77539,-0.53631,0.524143,0,0,0,,,
85.212,kf,map,-1.84616,-0.375687,0.453182,0.0369466,0.0369466,-1.08297e-79,0.1655,,
85.212,ekf_predict_only,map,-1.99786,-0.432574,0.438247,63.1957,110.469,-23.5361,,,
85.2,amcl,map,-1.78768,-0.521478,0.513553,0.0190009,0.0529864,-0.00360965,,,
85.212,pf,map,-1.84765,-0.40114,0.429943,0.0352476,0.0355386,-0.000939095,6.85204,319.577,0
85.248,odom,map,-1.77763,-0.534319,0.50187,0,0,0,,,
85.284,odom,map,-1.77992,-0.532302,0.479675,0,0,0,,,
85.32,odom,map,-1.7823,-0.530272,0.457538,0,0,0,,,
85.356,odom,map,-1.78487,-0.528271,0.435807,0,0,0,,,
85.392,odom,map,-1.7877,-0.526324,0.41447,0,0,0,,,
85.392,ekf_predict_only,map,-2.01068,-0.43858,0.337821,63.4177,111.358,-23.8512,,,
85.428,odom,map,-1.79039,-0.526582,0.394059,0,0,0,,,
85.392,kf,map,-1.85714,-0.380187,0.349381,0.036855,0.036855,-7.48506e-81,0.154333,,
85.392,ekf,map,-1.85702,-0.380066,0.349168,0.0386456,0.0386451,-2.12422e-07,0.166167,,
85.392,pf,map,-1.86279,-0.385722,0.334483,0.0337829,0.0400103,-0.000242538,9.7635,305.066,0
85.464,odom,map,-1.79321,-0.527722,0.37452,0,0,0,,,
85.5,odom,map,-1.79623,-0.528875,0.355493,0,0,0,,,
85.536,odom,map,-1.7995,-0.530053,0.337092,0,0,0,,,
85.572,odom,map,-1.80297,-0.531234,0.31912,0,0,0,,,
85.608,ekf,map,-1.87619,-0.38577,0.236775,0.0391189,0.0391189,-4.13458e-07,0.059542,,
85.608,odom,map,-1.80661,-0.532232,0.301297,0,0,0,,,
85.608,ekf_predict_only,map,-2.03181,-0.446001,0.230724,63.6704,112.772,-24.2993,,,
85.608,kf,map,-1.87632,-0.385918,0.237126,0.0369466,0.0369466,-5.10157e-82,0.05675,,
85.602,amcl,map,-1.82436,-0.524383,0.277026,0.0161573,0.0454073,-0.0049148,,,
85.608,pf,map,-1.87467,-0.373037,0.22224,0.0379676,0.0349831,0.00383995,4.59146,296.616,0
85.644,odom,map,-1.81071,-0.53271,0.283896,0,0,0,,,
85.68,odom,map,-1.81497,-0.533163,0.266978,0,0,0,,,
85.716,odom,map,-1.81939,-0.533592,0.250713,0,0,0,,,
85.752,odom,map,-1.82384,-0.53396,0.234524,0,0,0,,,
85.788,odom,map,-1.82836,-0.534275,0.218804,0,0,0,,,
85.824,odom,map,-1.83263,-0.53493,0.203581,0,0,0,,,
85.788,ekf,map,-1.8959,-0.389476,0.154321,0.0386558,0.0386565,-4.39198e-07,0.059375,,
85.788,ekf_predict_only,map,-2.05231,-0.450818,0.15543,63.8706,114.164,-24.6643,,,
85.788,kf,map,-1.89597,-0.389585,0.154747,0.036855,0.036855,-3.52602e-83,0.062834,,
85.788,pf,map,-1.89769,-0.381593,0.126042,0.0345397,0.036024,-0.00123695,4.76158,289.592,0
85.86,odom,map,-1.83644,-0.535689,0.18917,0,0,0,,,
85.896,odom,map,-1.83904,-0.536172,0.177243,0,0,0,,,
85.932,odom,map,-1.84037,-0.536405,0.167908,0,0,0,,,
85.968,odom,map,-1.84056,-0.536436,0.161165,0,0,0,,,
86.004,odom,map,-1.84065,-0.536481,0.15689,0,0,0,,,
86.004,ekf_predict_only,map,-2.05231,-0.450818,0.15543,63.9706,114.264,-24.6643,,,
86.004,kf,map,-1.90476,-0.390416,0.107191,0.0369466,0.0369466,-2.40322e-84,0.062,,
86.004,ekf,map,-1.90527,-0.390423,0.104291,0.0391276,0.0391285,-4.49931e-07,0.062875,,
86.004,pf,map,-1.90391,-0.393322,0.0599374,0.0403699,0.036159,0.00108911,4.47567,296.995,0
86.04,odom,map,-1.8423,-0.537292,0.1531,0,0,0,,,
86.076,odom,map,-1.84395,-0.538103,0.150857,0,0,0,,,
86.112,odom,map,-1.8456,-0.538915,0.148626,0,0,0,,,
86.148,odom,map,-1.84725,-0.539728,0.146395,0,0,0,,,
86.184,odom,map,-1.8489,-0.540541,0.144164,0,0,0,,,
86.22,odom,map,-1.84964,-0.540902,0.143172,0,0,0,,,
86.184,ekf_predict_only,map,-2.05231,-0.450818,0.15543,64.0706,114.364,-24.6643,,,
86.184,ekf,map,-1.90727,-0.390645,0.0923262,0.0386609,0.0386614,-2.74146e-07,0.085292,,
86.184,kf,map,-1.90704,-0.390633,0.0936474,0.036855,0.036855,-1.66102e-85,0.065417,,
86.184,pf,map,-1.90784,-0.403525,0.0647069,0.0387716,0.0395419,-0.00195479,4.79138,320.176,0
86.256,odom,map,-1.84964,-0.540902,0.143172,0,0,0,,,
86.292,odom,map,-1.84964,-0.540902,0.143172,0,0,0,,,
86.328,odom,map,-1.84964,-0.540902,0.143172,0,0,0,,,
86.364,odom,map,-1.84964,-0.540902,0.143172,0,0,0,,,
86.4,odom,map,-1.84964,-0.540902,0.143172,0,0,0,,,
86.4,ekf_predict_only,map,-2.05231,-0.450818,0.15543,64.1706,114.464,-24.6643,,,
86.4,kf,map,-1.90765,-0.39069,0.090078,0.0369466,0.0369466,-1.13209e-86,0.061416,,
86.4,ekf,map,-1.90773,-0.390696,0.0895797,0.0391317,0.0391321,-2.23293e-07,0.059917,,
86.4,pf,map,-1.91291,-0.388847,0.0678663,0.0368386,0.0373921,-0.00278625,4.63525,292.384,0
86.436,odom,map,-1.8509,-0.539224,0.140455,0,0,0,,,
86.472,odom,map,-1.85221,-0.537498,0.137659,0,0,0,,,
86.508,odom,map,-1.85351,-0.535773,0.134864,0,0,0,,,
86.544,odom,map,-1.85482,-0.53405,0.132068,0,0,0,,,
86.58,odom,map,-1.85612,-0.532327,0.129273,0,0,0,,,
86.616,odom,map,-1.85692,-0.531274,0.127564,0,0,0,,,
86.616,kf,map,-1.90781,-0.390705,0.089146,0.0369528,0.0369528,-7.70861e-88,0.073416,,
86.616,ekf_predict_only,map,-2.05231,-0.450818,0.15543,64.2706,114.564,-24.6643,,,
86.616,ekf,map,-1.90783,-0.390707,0.0889818,0.0391928,0.0391932,-1.50752e-07,0.119666,,
86.616,pf,map,-1.8968,-0.394171,0.0623085,0.0434508,0.0359664,-0.00245493,5.79537,314.811,0
86.652,odom,map,-1.85692,-0.531274,0.127564,0,0,0,,,
86.688,odom,map,-1.85692,-0.531274,0.127564,0,0,0,,,
86.724,odom,map,-1.85692,-0.531274,0.127564,0,0,0,,,
86.76,odom,map,-1.85692,-0.531274,0.127564,0,0,0,,,
86.796,odom,map,-1.85692,-0.531274,0.127564,0,0,0,,,
86.832,odom,map,-1.85692,-0.531274,0.127564,0,0,0,,,
86.796,ekf,map,-1.90785,-0.390709,0.0888543,0.0386464,0.0386466,-8.27597e-08,0.06125,,
86.796,ekf_predict_only,map,-2.05231,-0.450818,0.15543,64.3706,114.664,-24.6643,,,
86.796,kf,map,-1.90785,-0.390709,0.0889034,0.0368554,0.0368554,-5.32756e-89,0.104292,,
86.796,pf,map,-1.89929,-0.384884,0.0744991,0.0401582,0.033331,-0.00160389,4.63525,328.006,0
86.868,odom,map,-1.85692,-0.531274,0.127564,0,0,0,,,
86.904,odom,map,-1.85692,-0.531274,0.127564,0,0,0,,,
86.94,odom,map,-1.85692,-0.531274,0.127564,0,0,0,,,
86.976,odom,map,-1.85692,-0.531274,0.127564,0,0,0,,,
87.012,odom,map,-1.85692,-0.531274,0.127564,0,0,0,,,
87.048,odom,map,-1.85692,-0.531274,0.127564,0,0,0,,,
87.084,odom,map,-1.85692,-0.531274,0.127564,0,0,0,,,
87.12,odom,map,-1.85692,-0.531274,0.127564,0,0,0,,,
87.156,odom,map,-1.85692,-0.531274,0.127564,0,0,0,,,
87.192,odom,map,-1.85692,-0.531274,0.127564,0,0,0,,,
87.228,odom,map,-1.85692,-0.531274,0.127564,0,0,0,,,
87.264,odom,map,-1.85692,-0.531274,0.127564,0,0,0,,,
87.3,odom,map,-1.85692,-0.531274,0.127564,0,0,0,,,
87.336,odom,map,-1.85692,-0.531274,0.127564,0,0,0,,,
87.372,odom,map,-1.85692,-0.531274,0.127564,0,0,0,,,
87.408,odom,map,-1.85692,-0.531274,0.127564,0,0,0,,,
87.444,odom,map,-1.85692,-0.531274,0.127564,0,0,0,,,
87.48,odom,map,-1.85692,-0.531274,0.127564,0,0,0,,,
87.516,odom,map,-1.85692,-0.531274,0.127564,0,0,0,,,
87.552,odom,map,-1.85692,-0.531274,0.127564,0,0,0,,,
87.588,odom,map,-1.85692,-0.531274,0.127564,0,0,0,,,
87.624,odom,map,-1.85692,-0.531274,0.127564,0,0,0,,,
87.66,odom,map,-1.85692,-0.531274,0.127564,0,0,0,,,
87.696,odom,map,-1.85692,-0.531274,0.127564,0,0,0,,,
87.732,odom,map,-1.85692,-0.531274,0.127564,0,0,0,,,
87.768,odom,map,-1.85692,-0.531274,0.127564,0,0,0,,,
87.804,odom,map,-1.85692,-0.531274,0.127564,0,0,0,,,
87.84,odom,map,-1.85692,-0.531274,0.127564,0,0,0,,,
87.876,odom,map,-1.85692,-0.531274,0.127564,0,0,0,,,
87.912,odom,map,-1.85692,-0.531274,0.127564,0,0,0,,,
87.948,odom,map,-1.85692,-0.531274,0.127564,0,0,0,,,
87.984,odom,map,-1.85692,-0.531274,0.127564,0,0,0,,,
88.02,odom,map,-1.85692,-0.531274,0.127564,0,0,0,,,
88.056,odom,map,-1.85692,-0.531274,0.127564,0,0,0,,,
88.092,odom,map,-1.85692,-0.531274,0.127564,0,0,0,,,
88.128,odom,map,-1.85692,-0.531274,0.127564,0,0,0,,,
88.164,odom,map,-1.85692,-0.531274,0.127564,0,0,0,,,
88.2,odom,map,-1.85692,-0.531274,0.127564,0,0,0,,,
88.236,odom,map,-1.85692,-0.531274,0.127564,0,0,0,,,
88.272,odom,map,-1.85692,-0.531274,0.127564,0,0,0,,,
88.308,odom,map,-1.85692,-0.531274,0.127564,0,0,0,,,
88.344,odom,map,-1.85692,-0.531274,0.127564,0,0,0,,,
88.38,odom,map,-1.85692,-0.531274,0.127564,0,0,0,,,
88.416,odom,map,-1.85692,-0.531274,0.127564,0,0,0,,,
88.452,odom,map,-1.85692,-0.531274,0.127564,0,0,0,,,
88.488,odom,map,-1.85692,-0.531274,0.127564,0,0,0,,,
88.524,odom,map,-1.85692,-0.531274,0.127564,0,0,0,,,
88.56,odom,map,-1.85692,-0.531274,0.127564,0,0,0,,,
88.596,odom,map,-1.85692,-0.531274,0.127564,0,0,0,,,
88.632,odom,map,-1.85692,-0.531274,0.127564,0,0,0,,,
88.668,odom,map,-1.85692,-0.531274,0.127564,0,0,0,,,
88.704,odom,map,-1.85692,-0.531274,0.127564,0,0,0,,,
88.74,odom,map,-1.85692,-0.531274,0.127564,0,0,0,,,
88.776,odom,map,-1.85692,-0.531274,0.127564,0,0,0,,,
88.812,odom,map,-1.85692,-0.531274,0.127564,0,0,0,,,
88.848,odom,map,-1.85692,-0.531274,0.127564,0,0,0,,,
88.884,odom,map,-1.85692,-0.531274,0.127564,0,0,0,,,
88.92,odom,map,-1.85692,-0.531274,0.127564,0,0,0,,,
88.956,odom,map,-1.85692,-0.531274,0.127564,0,0,0,,,
88.992,odom,map,-1.85692,-0.531274,0.127564,0,0,0,,,
89.028,odom,map,-1.85692,-0.531274,0.127564,0,0,0,,,
89.064,odom,map,-1.85692,-0.531274,0.127564,0,0,0,,,
89.1,odom,map,-1.85692,-0.531274,0.127564,0,0,0,,,
89.136,odom,map,-1.85692,-0.531274,0.127564,0,0,0,,,
89.172,odom,map,-1.85692,-0.531274,0.127564,0,0,0,,,
89.208,odom,map,-1.85692,-0.531274,0.127564,0,0,0,,,
89.244,odom,map,-1.85692,-0.531274,0.127564,0,0,0,,,
89.28,odom,map,-1.85692,-0.531274,0.127564,0,0,0,,,
89.316,odom,map,-1.85692,-0.531274,0.127564,0,0,0,,,
89.352,odom,map,-1.85692,-0.531274,0.127564,0,0,0,,,
89.388,odom,map,-1.85692,-0.531274,0.127564,0,0,0,,,
89.424,odom,map,-1.85692,-0.531274,0.127564,0,0,0,,,
89.46,odom,map,-1.85692,-0.531274,0.127564,0,0,0,,,
89.496,odom,map,-1.85692,-0.531274,0.127564,0,0,0,,,
89.532,odom,map,-1.85692,-0.531274,0.127564,0,0,0,,,
89.568,odom,map,-1.85692,-0.531274,0.127564,0,0,0,,,
89.604,odom,map,-1.85692,-0.531274,0.127564,0,0,0,,,
89.64,odom,map,-1.85692,-0.531274,0.127564,0,0,0,,,
89.676,odom,map,-1.85692,-0.531274,0.127564,0,0,0,,,
89.712,odom,map,-1.85692,-0.531274,0.127564,0,0,0,,,
89.748,odom,map,-1.85692,-0.531274,0.127564,0,0,0,,,
89.784,odom,map,-1.85692,-0.531274,0.127564,0,0,0,,,
89.82,odom,map,-1.85692,-0.531274,0.127564,0,0,0,,,
89.856,odom,map,-1.85692,-0.531274,0.127564,0,0,0,,,
89.892,odom,map,-1.85692,-0.531274,0.127564,0,0,0,,,
89.928,odom,map,-1.85692,-0.531274,0.127564,0,0,0,,,
89.964,odom,map,-1.85692,-0.531274,0.127564,0,0,0,,,
90,odom,map,-1.85692,-0.531274,0.127564,0,0,0,,,
90.036,odom,map,-1.85692,-0.531274,0.127564,0,0,0,,,
90.072,odom,map,-1.85692,-0.531274,0.127564,0,0,0,,,
90.108,odom,map,-1.85692,-0.531274,0.127564,0,0,0,,,
90.144,odom,map,-1.85692,-0.531274,0.127564,0,0,0,,,
90.18,odom,map,-1.85692,-0.531274,0.127564,0,0,0,,,
90.216,odom,map,-1.85692,-0.531274,0.127564,0,0,0,,,
90.252,odom,map,-1.85692,-0.531274,0.127564,0,0,0,,,
90.288,odom,map,-1.85692,-0.531274,0.127564,0,0,0,,,
90.324,odom,map,-1.85692,-0.531274,0.127564,0,0,0,,,
90.36,odom,map,-1.85692,-0.531274,0.127564,0,0,0,,,
90.396,odom,map,-1.85692,-0.531274,0.127564,0,0,0,,,
90.432,odom,map,-1.85692,-0.531274,0.127564,0,0,0,,,
90.468,odom,map,-1.85692,-0.531274,0.127564,0,0,0,,,
90.504,odom,map,-1.85692,-0.531274,0.127564,0,0,0,,,
90.54,odom,map,-1.85692,-0.531274,0.127564,0,0,0,,,
90.576,odom,map,-1.85692,-0.531274,0.127564,0,0,0,,,
90.612,odom,map,-1.85692,-0.531274,0.127564,0,0,0,,,
90.648,odom,map,-1.85692,-0.531274,0.127564,0,0,0,,,
90.684,odom,map,-1.85692,-0.531274,0.127564,0,0,0,,,
90.72,odom,map,-1.85692,-0.531274,0.127564,0,0,0,,,
90.756,odom,map,-1.85692,-0.531274,0.127564,0,0,0,,,
90.792,odom,map,-1.85692,-0.531274,0.127564,0,0,0,,,
90.828,odom,map,-1.85692,-0.531274,0.127564,0,0,0,,,
90.864,odom,map,-1.85692,-0.531274,0.127564,0,0,0,,,
90.9,odom,map,-1.85692,-0.531274,0.127564,0,0,0,,,
90.936,odom,map,-1.85692,-0.531274,0.127564,0,0,0,,,
90.972,odom,map,-1.85692,-0.531274,0.127564,0,0,0,,,
91.008,odom,map,-1.85692,-0.531274,0.127564,0,0,0,,,
91.044,odom,map,-1.85692,-0.531274,0.127564,0,0,0,,,
91.08,odom,map,-1.85692,-0.531274,0.127564,0,0,0,,,
91.116,odom,map,-1.85692,-0.531274,0.127564,0,0,0,,,
91.152,odom,map,-1.85692,-0.531274,0.127564,0,0,0,,,
91.188,odom,map,-1.85692,-0.531274,0.127564,0,0,0,,,
91.224,odom,map,-1.85692,-0.531274,0.127564,0,0,0,,,
91.26,odom,map,-1.85692,-0.531274,0.127564,0,0,0,,,
91.296,odom,map,-1.85692,-0.531274,0.127564,0,0,0,,,
91.332,odom,map,-1.85692,-0.531274,0.127564,0,0,0,,,
91.368,odom,map,-1.85692,-0.531274,0.127564,0,0,0,,,
91.404,odom,map,-1.85692,-0.531274,0.127564,0,0,0,,,
91.44,odom,map,-1.85692,-0.531274,0.127564,0,0,0,,,
91.476,odom,map,-1.85692,-0.531274,0.127564,0,0,0,,,
91.512,odom,map,-1.85692,-0.531274,0.127564,0,0,0,,,
91.548,odom,map,-1.85692,-0.531274,0.127564,0,0,0,,,
91.584,odom,map,-1.85692,-0.531274,0.127564,0,0,0,,,
91.62,odom,map,-1.85692,-0.531274,0.127564,0,0,0,,,
91.656,odom,map,-1.85692,-0.531274,0.127564,0,0,0,,,
91.692,odom,map,-1.85692,-0.531274,0.127564,0,0,0,,,
91.728,odom,map,-1.85692,-0.531274,0.127564,0,0,0,,,
91.764,odom,map,-1.85692,-0.531274,0.127564,0,0,0,,,
91.8,odom,map,-1.85692,-0.531274,0.127564,0,0,0,,,
91.836,odom,map,-1.85692,-0.531274,0.127564,0,0,0,,,
91.872,odom,map,-1.85692,-0.531274,0.127564,0,0,0,,,
91.908,odom,map,-1.85692,-0.531274,0.127564,0,0,0,,,
91.944,odom,map,-1.85692,-0.531274,0.127564,0,0,0,,,
91.98,odom,map,-1.85692,-0.531274,0.127564,0,0,0,,,
92.016,odom,map,-1.85692,-0.531274,0.127564,0,0,0,,,
92.052,odom,map,-1.85692,-0.531274,0.127564,0,0,0,,,
92.088,odom,map,-1.85692,-0.531274,0.127564,0,0,0,,,
92.124,odom,map,-1.85692,-0.531274,0.127564,0,0,0,,,
92.16,odom,map,-1.85692,-0.531274,0.127564,0,0,0,,,
92.196,odom,map,-1.85692,-0.531274,0.127564,0,0,0,,,
92.232,odom,map,-1.85692,-0.531274,0.127564,0,0,0,,,
92.268,odom,map,-1.85692,-0.531274,0.127564,0,0,0,,,
92.304,odom,map,-1.85692,-0.531274,0.127564,0,0,0,,,
92.34,odom,map,-1.85692,-0.531274,0.127564,0,0,0,,,
92.376,odom,map,-1.85692,-0.531274,0.127564,0,0,0,,,
92.412,odom,map,-1.85692,-0.531274,0.127564,0,0,0,,,
92.448,odom,map,-1.85692,-0.531274,0.127564,0,0,0,,,
92.484,odom,map,-1.85692,-0.531274,0.127564,0,0,0,,,
92.52,odom,map,-1.85692,-0.531274,0.127564,0,0,0,,,
92.556,odom,map,-1.85692,-0.531274,0.127564,0,0,0,,,
92.592,odom,map,-1.85692,-0.531274,0.127564,0,0,0,,,
92.628,odom,map,-1.85692,-0.531274,0.127564,0,0,0,,,
92.664,odom,map,-1.85692,-0.531274,0.127564,0,0,0,,,
92.7,odom,map,-1.85692,-0.531274,0.127564,0,0,0,,,
92.736,odom,map,-1.85692,-0.531274,0.127564,0,0,0,,,
92.772,odom,map,-1.85692,-0.531274,0.127564,0,0,0,,,
92.808,odom,map,-1.85692,-0.531274,0.127564,0,0,0,,,
92.844,odom,map,-1.85692,-0.531274,0.127564,0,0,0,,,
92.88,odom,map,-1.85692,-0.531274,0.127564,0,0,0,,,
92.916,odom,map,-1.85692,-0.531274,0.127564,0,0,0,,,
92.952,odom,map,-1.85692,-0.531274,0.127564,0,0,0,,,
92.988,odom,map,-1.85692,-0.531274,0.127564,0,0,0,,,
93.024,odom,map,-1.85692,-0.531274,0.127564,0,0,0,,,
93.06,odom,map,-1.85692,-0.531274,0.127564,0,0,0,,,
93.096,odom,map,-1.85692,-0.531274,0.127564,0,0,0,,,
93.132,odom,map,-1.85692,-0.531274,0.127564,0,0,0,,,
93.168,odom,map,-1.85692,-0.531274,0.127564,0,0,0,,,
93.204,odom,map,-1.85692,-0.531274,0.127564,0,0,0,,,
93.24,odom,map,-1.85692,-0.531274,0.127564,0,0,0,,,
93.276,odom,map,-1.85692,-0.531274,0.127564,0,0,0,,,
93.312,odom,map,-1.85692,-0.531274,0.127564,0,0,0,,,
93.348,odom,map,-1.85692,-0.531274,0.127564,0,0,0,,,
93.384,odom,map,-1.85692,-0.531274,0.127564,0,0,0,,,
93.42,odom,map,-1.85692,-0.531274,0.127564,0,0,0,,,
93.456,odom,map,-1.85692,-0.531274,0.127564,0,0,0,,,
93.492,odom,map,-1.85692,-0.531274,0.127564,0,0,0,,,
93.528,odom,map,-1.85692,-0.531274,0.127564,0,0,0,,,
93.564,odom,map,-1.85692,-0.531274,0.127564,0,0,0,,,
93.6,odom,map,-1.85692,-0.531274,0.127564,0,0,0,,,
93.636,odom,map,-1.85692,-0.531274,0.127564,0,0,0,,,
93.672,odom,map,-1.85692,-0.531274,0.127564,0,0,0,,,
93.708,odom,map,-1.85692,-0.531274,0.127564,0,0,0,,,
93.744,odom,map,-1.85692,-0.531274,0.127564,0,0,0,,,
93.78,odom,map,-1.85692,-0.531274,0.127564,0,0,0,,,
93.816,odom,map,-1.85692,-0.531274,0.127564,0,0,0,,,
93.852,odom,map,-1.85692,-0.531274,0.127564,0,0,0,,,
93.888,odom,map,-1.85692,-0.531274,0.127564,0,0,0,,,
93.924,odom,map,-1.85692,-0.531274,0.127564,0,0,0,,,
93.96,odom,map,-1.85692,-0.531274,0.127564,0,0,0,,,
93.996,odom,map,-1.85692,-0.531274,0.127564,0,0,0,,,
94.032,odom,map,-1.85692,-0.531274,0.127564,0,0,0,,,
94.068,odom,map,-1.85692,-0.531274,0.127564,0,0,0,,,
94.104,odom,map,-1.85692,-0.531274,0.127564,0,0,0,,,
94.14,odom,map,-1.85692,-0.531274,0.127564,0,0,0,,,
94.176,odom,map,-1.85692,-0.531274,0.127564,0,0,0,,,
94.212,odom,map,-1.85692,-0.531274,0.127564,0,0,0,,,
94.248,odom,map,-1.85692,-0.531274,0.127564,0,0,0,,,
94.284,odom,map,-1.85692,-0.531274,0.127564,0,0,0,,,
94.32,odom,map,-1.85692,-0.531274,0.127564,0,0,0,,,
94.356,odom,map,-1.85692,-0.531274,0.127564,0,0,0,,,
94.392,odom,map,-1.85692,-0.531274,0.127564,0,0,0,,,
94.428,odom,map,-1.85692,-0.531274,0.127564,0,0,0,,,
94.464,odom,map,-1.85692,-0.531274,0.127564,0,0,0,,,
94.5,odom,map,-1.85692,-0.531274,0.127564,0,0,0,,,
94.536,odom,map,-1.85692,-0.531274,0.127564,0,0,0,,,
94.572,odom,map,-1.85692,-0.531274,0.127564,0,0,0,,,
94.608,odom,map,-1.85692,-0.531274,0.127564,0,0,0,,,
94.644,odom,map,-1.85692,-0.531274,0.127564,0,0,0,,,
94.68,odom,map,-1.85692,-0.531274,0.127564,0,0,0,,,
94.716,odom,map,-1.85692,-0.531274,0.127564,0,0,0,,,
94.752,odom,map,-1.85692,-0.531274,0.127564,0,0,0,,,
94.788,odom,map,-1.85692,-0.531274,0.127564,0,0,0,,,
94.824,odom,map,-1.85692,-0.531274,0.127564,0,0,0,,,
94.86,odom,map,-1.85692,-0.531274,0.127564,0,0,0,,,
94.896,odom,map,-1.85692,-0.531274,0.127564,0,0,0,,,
94.932,odom,map,-1.85692,-0.531274,0.127564,0,0,0,,,
94.968,odom,map,-1.85692,-0.531274,0.127564,0,0,0,,,
95.004,odom,map,-1.85692,-0.531274,0.127564,0,0,0,,,
95.04,odom,map,-1.85692,-0.531274,0.127564,0,0,0,,,
95.076,odom,map,-1.85692,-0.531274,0.127564,0,0,0,,,
95.112,odom,map,-1.85692,-0.531274,0.127564,0,0,0,,,
95.148,odom,map,-1.85692,-0.531274,0.127564,0,0,0,,,
95.184,odom,map,-1.85692,-0.531274,0.127564,0,0,0,,,
95.22,odom,map,-1.85692,-0.531274,0.127564,0,0,0,,,
95.256,odom,map,-1.85692,-0.531274,0.127564,0,0,0,,,
95.292,odom,map,-1.85692,-0.531274,0.127564,0,0,0,,,
95.328,odom,map,-1.85692,-0.531274,0.127564,0,0,0,,,
95.364,odom,map,-1.85692,-0.531274,0.127564,0,0,0,,,
95.4,odom,map,-1.85692,-0.531274,0.127564,0,0,0,,,
95.436,odom,map,-1.85692,-0.531274,0.127564,0,0,0,,,
95.472,odom,map,-1.85692,-0.531274,0.127564,0,0,0,,,
95.508,odom,map,-1.85692,-0.531274,0.127564,0,0,0,,,
95.544,odom,map,-1.85692,-0.531274,0.127564,0,0,0,,,
95.58,odom,map,-1.85692,-0.531274,0.127564,0,0,0,,,
95.616,odom,map,-1.85692,-0.531274,0.127564,0,0,0,,,
95.652,odom,map,-1.85692,-0.531274,0.127564,0,0,0,,,
95.688,odom,map,-1.85692,-0.531274,0.127564,0,0,0,,,
95.724,odom,map,-1.85692,-0.531274,0.127564,0,0,0,,,
95.76,odom,map,-1.85692,-0.531274,0.127564,0,0,0,,,
95.796,odom,map,-1.85692,-0.531274,0.127564,0,0,0,,,
95.832,odom,map,-1.85692,-0.531274,0.127564,0,0,0,,,
95.868,odom,map,-1.85692,-0.531274,0.127564,0,0,0,,,
95.904,odom,map,-1.85692,-0.531274,0.127564,0,0,0,,,
95.94,odom,map,-1.85692,-0.531274,0.127564,0,0,0,,,
95.976,odom,map,-1.85692,-0.531274,0.127564,0,0,0,,,
96.012,odom,map,-1.85692,-0.531274,0.127564,0,0,0,,,
96.048,odom,map,-1.85692,-0.531274,0.127564,0,0,0,,,
96.084,odom,map,-1.85692,-0.531274,0.127564,0,0,0,,,
96.12,odom,map,-1.85692,-0.531274,0.127564,0,0,0,,,
96.156,odom,map,-1.85692,-0.531274,0.127564,0,0,0,,,
96.192,odom,map,-1.85692,-0.531274,0.127564,0,0,0,,,
96.228,odom,map,-1.85692,-0.531274,0.127564,0,0,0,,,
96.264,odom,map,-1.85692,-0.531274,0.127564,0,0,0,,,
96.3,odom,map,-1.85692,-0.531274,0.127564,0,0,0,,,
96.336,odom,map,-1.85692,-0.531274,0.127564,0,0,0,,,
96.372,odom,map,-1.85692,-0.531274,0.127564,0,0,0,,,
96.408,odom,map,-1.85692,-0.531274,0.127564,0,0,0,,,
96.444,odom,map,-1.85692,-0.531274,0.127564,0,0,0,,,
96.48,odom,map,-1.85692,-0.531274,0.127564,0,0,0,,,
96.516,odom,map,-1.85692,-0.531274,0.127564,0,0,0,,,
96.552,odom,map,-1.85692,-0.531274,0.127564,0,0,0,,,
96.588,odom,map,-1.85692,-0.531274,0.127564,0,0,0,,,
96.624,odom,map,-1.85692,-0.531274,0.127564,0,0,0,,,
96.66,odom,map,-1.85692,-0.531274,0.127564,0,0,0,,,
96.696,odom,map,-1.85692,-0.531274,0.127564,0,0,0,,,
96.732,odom,map,-1.85692,-0.531274,0.127564,0,0,0,,,
96.768,odom,map,-1.85692,-0.531274,0.127564,0,0,0,,,
96.804,odom,map,-1.85692,-0.531274,0.127564,0,0,0,,,
96.84,odom,map,-1.85692,-0.531274,0.127564,0,0,0,,,
96.876,odom,map,-1.85692,-0.531274,0.127564,0,0,0,,,
96.912,odom,map,-1.85692,-0.531274,0.127564,0,0,0,,,
96.948,odom,map,-1.85692,-0.531274,0.127564,0,0,0,,,
96.984,odom,map,-1.85692,-0.531274,0.127564,0,0,0,,,
97.02,odom,map,-1.85692,-0.531274,0.127564,0,0,0,,,
97.056,odom,map,-1.85692,-0.531274,0.127564,0,0,0,,,
97.092,odom,map,-1.85692,-0.531274,0.127564,0,0,0,,,
97.128,odom,map,-1.85692,-0.531274,0.127564,0,0,0,,,
97.164,odom,map,-1.85692,-0.531274,0.127564,0,0,0,,,
97.2,odom,map,-1.85692,-0.531274,0.127564,0,0,0,,,
97.236,odom,map,-1.85692,-0.531274,0.127564,0,0,0,,,
97.272,odom,map,-1.85692,-0.531274,0.127564,0,0,0,,,
97.308,odom,map,-1.85692,-0.531274,0.127564,0,0,0,,,
97.344,odom,map,-1.85692,-0.531274,0.127564,0,0,0,,,
97.38,odom,map,-1.85692,-0.531274,0.127564,0,0,0,,,
97.416,odom,map,-1.85692,-0.531274,0.127564,0,0,0,,,
97.452,odom,map,-1.85692,-0.531274,0.127564,0,0,0,,,
97.488,odom,map,-1.85692,-0.531274,0.127564,0,0,0,,,
97.524,odom,map,-1.85692,-0.531274,0.127564,0,0,0,,,
97.56,odom,map,-1.85692,-0.531274,0.127564,0,0,0,,,
97.596,odom,map,-1.85692,-0.531274,0.127564,0,0,0,,,
97.632,odom,map,-1.85692,-0.531274,0.127564,0,0,0,,,
97.668,odom,map,-1.85692,-0.531274,0.127564,0,0,0,,,
97.704,odom,map,-1.85692,-0.531274,0.127564,0,0,0,,,
97.74,odom,map,-1.85692,-0.531274,0.127564,0,0,0,,,
97.776,odom,map,-1.85692,-0.531274,0.127564,0,0,0,,,
97.812,odom,map,-1.85692,-0.531274,0.127564,0,0,0,,,
97.848,odom,map,-1.85692,-0.531274,0.127564,0,0,0,,,
97.884,odom,map,-1.85692,-0.531274,0.127564,0,0,0,,,
97.92,odom,map,-1.85692,-0.531274,0.127564,0,0,0,,,
97.956,odom,map,-1.85692,-0.531274,0.127564,0,0,0,,,
97.992,odom,map,-1.85692,-0.531274,0.127564,0,0,0,,,
98.028,odom,map,-1.85692,-0.531274,0.127564,0,0,0,,,
98.064,odom,map,-1.85692,-0.531274,0.127564,0,0,0,,,
98.1,odom,map,-1.85692,-0.531274,0.127564,0,0,0,,,
98.136,odom,map,-1.85692,-0.531274,0.127564,0,0,0,,,
98.172,odom,map,-1.85692,-0.531274,0.127564,0,0,0,,,
98.208,odom,map,-1.85692,-0.531274,0.127564,0,0,0,,,
98.244,odom,map,-1.85692,-0.531274,0.127564,0,0,0,,,
98.28,odom,map,-1.85692,-0.531274,0.127564,0,0,0,,,
98.316,odom,map,-1.85692,-0.531274,0.127564,0,0,0,,,
98.352,odom,map,-1.85692,-0.531274,0.127564,0,0,0,,,
98.388,odom,map,-1.85692,-0.531274,0.127564,0,0,0,,,
98.424,odom,map,-1.85692,-0.531274,0.127564,0,0,0,,,
98.46,odom,map,-1.85692,-0.531274,0.127564,0,0,0,,,
98.496,odom,map,-1.85692,-0.531274,0.127564,0,0,0,,,
98.532,odom,map,-1.85692,-0.531274,0.127564,0,0,0,,,
98.568,odom,map,-1.85692,-0.531274,0.127564,0,0,0,,,
98.604,odom,map,-1.85692,-0.531274,0.127564,0,0,0,,,
98.64,odom,map,-1.85692,-0.531274,0.127564,0,0,0,,,
98.676,odom,map,-1.85692,-0.531274,0.127564,0,0,0,,,
98.712,odom,map,-1.85692,-0.531274,0.127564,0,0,0,,,
98.748,odom,map,-1.85692,-0.531274,0.127564,0,0,0,,,
98.784,odom,map,-1.85692,-0.531274,0.127564,0,0,0,,,
98.82,odom,map,-1.85692,-0.531274,0.127564,0,0,0,,,
98.856,odom,map,-1.85692,-0.531274,0.127564,0,0,0,,,
98.892,odom,map,-1.85692,-0.531274,0.127564,0,0,0,,,
98.928,odom,map,-1.85692,-0.531274,0.127564,0,0,0,,,
98.964,odom,map,-1.85692,-0.531274,0.127564,0,0,0,,,
99,odom,map,-1.85692,-0.531274,0.127564,0,0,0,,,
99.036,odom,map,-1.85692,-0.531274,0.127564,0,0,0,,,
99.072,odom,map,-1.85692,-0.531274,0.127564,0,0,0,,,
99.108,odom,map,-1.85692,-0.531274,0.127564,0,0,0,,,
99.144,odom,map,-1.85692,-0.531274,0.127564,0,0,0,,,
99.18,odom,map,-1.85692,-0.531274,0.127564,0,0,0,,,
99.216,odom,map,-1.85692,-0.531274,0.127564,0,0,0,,,
99.252,odom,map,-1.85692,-0.531274,0.127564,0,0,0,,,
99.288,odom,map,-1.85692,-0.531274,0.127564,0,0,0,,,
99.324,odom,map,-1.85692,-0.531274,0.127564,0,0,0,,,
99.36,odom,map,-1.85692,-0.531274,0.127564,0,0,0,,,
99.396,odom,map,-1.85692,-0.531274,0.127564,0,0,0,,,
99.432,odom,map,-1.85692,-0.531274,0.127564,0,0,0,,,
99.468,odom,map,-1.85692,-0.531274,0.127564,0,0,0,,,
99.504,odom,map,-1.85692,-0.531274,0.127564,0,0,0,,,
99.54,odom,map,-1.85692,-0.531274,0.127564,0,0,0,,,
99.576,odom,map,-1.85692,-0.531274,0.127564,0,0,0,,,
99.612,odom,map,-1.85692,-0.531274,0.127564,0,0,0,,,
99.648,odom,map,-1.85692,-0.531274,0.127564,0,0,0,,,
99.684,odom,map,-1.85692,-0.531274,0.127564,0,0,0,,,
99.72,odom,map,-1.85692,-0.531274,0.127564,0,0,0,,,
99.756,odom,map,-1.85692,-0.531274,0.127564,0,0,0,,,
99.792,odom,map,-1.85692,-0.531274,0.127564,0,0,0,,,
99.828,odom,map,-1.85692,-0.531274,0.127564,0,0,0,,,
99.864,odom,map,-1.85692,-0.531274,0.127564,0,0,0,,,
99.9,odom,map,-1.85692,-0.531274,0.127564,0,0,0,,,
99.936,odom,map,-1.85692,-0.531274,0.127564,0,0,0,,,
99.972,odom,map,-1.85692,-0.531274,0.127564,0,0,0,,,
100.008,odom,map,-1.85692,-0.531274,0.127564,0,0,0,,,
100.044,odom,map,-1.85692,-0.531274,0.127564,0,0,0,,,
100.08,odom,map,-1.85692,-0.531274,0.127564,0,0,0,,,
100.116,odom,map,-1.85692,-0.531274,0.127564,0,0,0,,,
100.152,odom,map,-1.85692,-0.531274,0.127564,0,0,0,,,
100.188,odom,map,-1.85692,-0.531274,0.127564,0,0,0,,,
100.224,odom,map,-1.85692,-0.531274,0.127564,0,0,0,,,
100.26,odom,map,-1.85692,-0.531274,0.127564,0,0,0,,,
