time,source,frame,x,y,theta,cov_xx,cov_yy,cov_xy,runtime_ms,ess,resampling_triggered
3.801,amcl,map,-1.96777,-0.523144,-0.0144334,0.176329,0.215937,-0.0136413,,,
4.8,amcl,map,-1.99721,-0.497577,0.00629873,0.157435,0.200431,-0.00368884,,,
4.824,odom,map,-1.96777,-0.523144,-0.0144334,0,0,0,,,
4.86,odom,map,-1.96777,-0.523144,-0.0144334,0,0,0,,,
4.896,odom,map,-1.96777,-0.523144,-0.0144334,0,0,0,,,
4.932,odom,map,-1.96777,-0.523144,-0.0144334,0,0,0,,,
4.968,odom,map,-1.96777,-0.523144,-0.0144334,0,0,0,,,
5.004,odom,map,-1.96777,-0.523144,-0.0144334,0,0,0,,,
5.04,odom,map,-1.96777,-0.523144,-0.0144334,0,0,0,,,
5.076,odom,map,-1.96777,-0.523144,-0.0144334,0,0,0,,,
5.112,odom,map,-1.96777,-0.523144,-0.0144334,0,0,0,,,
5.148,odom,map,-1.96777,-0.523144,-0.0144334,0,0,0,,,
5.184,odom,map,-1.96777,-0.523144,-0.0144334,0,0,0,,,
5.22,odom,map,-1.96777,-0.523144,-0.0144334,0,0,0,,,
5.256,odom,map,-1.96777,-0.523144,-0.0144334,0,0,0,,,
5.292,odom,map,-1.96777,-0.523144,-0.0144334,0,0,0,,,
5.328,odom,map,-1.96777,-0.523144,-0.0144334,0,0,0,,,
5.364,odom,map,-1.96777,-0.523144,-0.0144334,0,0,0,,,
5.4,odom,map,-1.96777,-0.523144,-0.0144334,0,0,0,,,
5.436,odom,map,-1.96777,-0.523144,-0.0144334,0,0,0,,,
5.472,odom,map,-1.96777,-0.523144,-0.0144334,0,0,0,,,
5.508,odom,map,-1.96777,-0.523144,-0.0144334,0,0,0,,,
5.544,odom,map,-1.96777,-0.523144,-0.0144334,0,0,0,,,
5.58,odom,map,-1.96777,-0.523144,-0.0144334,0,0,0,,,
5.616,odom,map,-1.96985,-0.521337,-0.0129675,0,0,0,,,
5.652,odom,map,-1.9752,-0.516688,-0.00919803,0,0,0,,,
5.688,odom,map,-1.98056,-0.512039,-0.00542855,0,0,0,,,
5.724,odom,map,-1.98591,-0.507391,-0.00165907,0,0,0,,,
5.76,odom,map,-1.99126,-0.502742,0.00211042,0,0,0,,,
5.796,odom,map,-1.99662,-0.498094,0.0058799,0,0,0,,,
5.832,odom,map,-1.99721,-0.497577,0.00629873,0,0,0,,,
5.802,amcl,map,-1.97573,-0.516803,0.00400949,0.19197,0.237019,-0.015247,,,
5.868,odom,map,-1.99721,-0.497577,0.00629873,0,0,0,,,
5.904,odom,map,-1.99721,-0.497577,0.00629873,0,0,0,,,
5.94,odom,map,-1.99721,-0.497577,0.00629873,0,0,0,,,
5.976,odom,map,-1.99721,-0.497577,0.00629873,0,0,0,,,
6.012,odom,map,-1.99721,-0.497577,0.00629873,0,0,0,,,
6.048,odom,map,-1.99721,-0.497577,0.00629873,0,0,0,,,
6.084,odom,map,-1.99721,-0.497577,0.00629873,0,0,0,,,
6.12,odom,map,-1.99721,-0.497577,0.00629873,0,0,0,,,
6.156,odom,map,-1.99721,-0.497577,0.00629873,0,0,0,,,
6.192,odom,map,-1.99721,-0.497577,0.00629873,0,0,0,,,
6.228,odom,map,-1.99721,-0.497577,0.00629873,0,0,0,,,
6.264,odom,map,-1.99721,-0.497577,0.00629873,0,0,0,,,
6.3,odom,map,-1.99721,-0.497577,0.00629873,0,0,0,,,
6.336,odom,map,-1.99721,-0.497577,0.00629873,0,0,0,,,
6.372,odom,map,-1.99721,-0.497577,0.00629873,0,0,0,,,
6.408,odom,map,-1.99721,-0.497577,0.00629873,0,0,0,,,
6.444,odom,map,-1.99721,-0.497577,0.00629873,0,0,0,,,
6.48,odom,map,-1.99721,-0.497577,0.00629873,0,0,0,,,
6.516,odom,map,-1.99721,-0.497577,0.00629873,0,0,0,,,
6.552,odom,map,-1.99721,-0.497577,0.00629873,0,0,0,,,
6.588,odom,map,-1.99721,-0.497577,0.00629873,0,0,0,,,
6.624,odom,map,-1.99476,-0.499777,0.00603678,0,0,0,,,
6.66,odom,map,-1.99091,-0.503221,0.00562677,0,0,0,,,
6.696,odom,map,-1.98706,-0.506664,0.00521675,0,0,0,,,
6.732,odom,map,-1.98321,-0.510107,0.00480674,0,0,0,,,
6.768,odom,map,-1.97937,-0.513551,0.00439672,0,0,0,,,
6.804,odom,map,-1.97573,-0.516803,0.00400949,0,0,0,,,
6.801,amcl,map,-1.97092,-0.467225,-0.00358172,0.185247,0.237812,-0.0120611,,,
6.84,odom,map,-1.97573,-0.516803,0.00400949,0,0,0,,,
6.876,odom,map,-1.97573,-0.516803,0.00400949,0,0,0,,,
6.912,odom,map,-1.97573,-0.516803,0.00400949,0,0,0,,,
6.948,odom,map,-1.97573,-0.516803,0.00400949,0,0,0,,,
6.984,odom,map,-1.97573,-0.516803,0.00400949,0,0,0,,,
7.02,odom,map,-1.97573,-0.516803,0.00400949,0,0,0,,,
7.056,odom,map,-1.97573,-0.516803,0.00400949,0,0,0,,,
7.092,odom,map,-1.97573,-0.516803,0.00400949,0,0,0,,,
7.128,odom,map,-1.97573,-0.516803,0.00400949,0,0,0,,,
7.164,odom,map,-1.97573,-0.516803,0.00400949,0,0,0,,,
7.2,odom,map,-1.97573,-0.516803,0.00400949,0,0,0,,,
7.236,odom,map,-1.97573,-0.516803,0.00400949,0,0,0,,,
7.272,odom,map,-1.97573,-0.516803,0.00400949,0,0,0,,,
7.308,odom,map,-1.97573,-0.516803,0.00400949,0,0,0,,,
7.344,odom,map,-1.97573,-0.516803,0.00400949,0,0,0,,,
7.38,odom,map,-1.97573,-0.516803,0.00400949,0,0,0,,,
7.416,odom,map,-1.97573,-0.516803,0.00400949,0,0,0,,,
7.452,odom,map,-1.97573,-0.516803,0.00400949,0,0,0,,,
7.488,odom,map,-1.97573,-0.516803,0.00400949,0,0,0,,,
7.524,odom,map,-1.97573,-0.516803,0.00400949,0,0,0,,,
7.56,odom,map,-1.97573,-0.516803,0.00400949,0,0,0,,,
7.596,odom,map,-1.97573,-0.516803,0.00400949,0,0,0,,,
7.632,odom,map,-1.97497,-0.50891,0.00280094,0,0,0,,,
7.668,odom,map,-1.97411,-0.50003,0.00144132,0,0,0,,,
7.704,odom,map,-1.97324,-0.491151,8.16988e-05,0,0,0,,,
7.74,odom,map,-1.97238,-0.482271,-0.00127792,0,0,0,,,
7.776,odom,map,-1.97152,-0.473391,-0.00263754,0,0,0,,,
7.812,odom,map,-1.97092,-0.467225,-0.00358172,0,0,0,,,
7.8,amcl,map,-1.97553,-0.494896,-0.00187809,0.17414,0.206701,-0.0116193,,,
7.848,odom,map,-1.97092,-0.467225,-0.00358172,0,0,0,,,
7.884,odom,map,-1.97092,-0.467225,-0.00358172,0,0,0,,,
7.92,odom,map,-1.97092,-0.467225,-0.00358172,0,0,0,,,
7.956,odom,map,-1.97092,-0.467225,-0.00358172,0,0,0,,,
7.992,odom,map,-1.97092,-0.467225,-0.00358172,0,0,0,,,
8.028,odom,map,-1.97092,-0.467225,-0.00358172,0,0,0,,,
8.064,odom,map,-1.97092,-0.467225,-0.00358172,0,0,0,,,
8.1,odom,map,-1.97092,-0.467225,-0.00358172,0,0,0,,,
8.136,odom,map,-1.97092,-0.467225,-0.00358172,0,0,0,,,
8.172,odom,map,-1.97092,-0.467225,-0.00358172,0,0,0,,,
8.208,odom,map,-1.97092,-0.467225,-0.00358172,0,0,0,,,
8.244,odom,map,-1.97092,-0.467225,-0.00358172,0,0,0,,,
8.28,odom,map,-1.97092,-0.467225,-0.00358172,0,0,0,,,
8.316,odom,map,-1.97092,-0.467225,-0.00358172,0,0,0,,,
8.352,odom,map,-1.97092,-0.467225,-0.00358172,0,0,0,,,
8.388,odom,map,-1.97092,-0.467225,-0.00358172,0,0,0,,,
8.424,odom,map,-1.97092,-0.467225,-0.00358172,0,0,0,,,
8.46,odom,map,-1.97092,-0.467225,-0.00358172,0,0,0,,,
8.496,odom,map,-1.97092,-0.467225,-0.00358172,0,0,0,,,
8.532,odom,map,-1.97092,-0.467225,-0.00358172,0,0,0,,,
8.568,odom,map,-1.97092,-0.467225,-0.00358172,0,0,0,,,
8.604,odom,map,-1.97097,-0.467504,-0.00356451,0,0,0,,,
8.64,odom,map,-1.97181,-0.472536,-0.00325476,0,0,0,,,
8.676,odom,map,-1.97264,-0.477567,-0.00294501,0,0,0,,,
8.712,odom,map,-1.97348,-0.482598,-0.00263526,0,0,0,,,
8.748,odom,map,-1.97432,-0.487629,-0.0023255,0,0,0,,,
8.784,odom,map,-1.97515,-0.49266,-0.00201575,0,0,0,,,
8.82,odom,map,-1.97553,-0.494896,-0.00187809,0,0,0,,,
8.856,odom,map,-1.97553,-0.494896,-0.00187809,0,0,0,,,
8.892,odom,map,-1.97553,-0.494896,-0.00187809,0,0,0,,,
8.928,odom,map,-1.97553,-0.494896,-0.00187809,0,0,0,,,
8.964,odom,map,-1.97553,-0.494896,-0.00187809,0,0,0,,,
9,odom,map,-1.97553,-0.494896,-0.00187809,0,0,0,,,
9.036,odom,map,-1.97553,-0.494896,-0.00187809,0,0,0,,,
9.072,odom,map,-1.97553,-0.494896,-0.00187809,0,0,0,,,
9.108,odom,map,-1.97553,-0.494896,-0.00187809,0,0,0,,,
9.144,odom,map,-1.97553,-0.494896,-0.00187809,0,0,0,,,
9.18,odom,map,-1.97553,-0.494896,-0.00187809,0,0,0,,,
9.216,ekf_predict_only,map,-2,-0.5,0,0.15,0.15,0,,,
9.216,kf,map,-2,-0.5,2.3544e-21,0.0671771,0.0671771,0,0.111375,,
9.216,odom,map,-1.97553,-0.494896,-0.00187809,0,0,0,,,
9.216,ekf,map,-2,-0.5,2.3544e-21,0.0671771,0.0671771,0,0.066875,,
9.216,pf,map,-2.00769,-0.464691,0.0182689,0.101535,0.102732,-0.00275511,5.01025,88.3556,0
9.252,odom,map,-1.97553,-0.494896,-0.00187809,0,0,0,,,
9.288,odom,map,-1.97553,-0.494896,-0.00187809,0,0,0,,,
9.324,odom,map,-1.97553,-0.494896,-0.00187809,0,0,0,,,
9.36,odom,map,-1.97553,-0.494896,-0.00187809,0,0,0,,,
9.396,odom,map,-1.97553,-0.494896,-0.00187809,0,0,0,,,
9.432,odom,map,-1.97553,-0.494896,-0.00187809,0,0,0,,,
9.396,kf,map,-2,-0.5,-1.74492e-21,0.0630201,0.0630201,0,0.06175,,
9.396,ekf_predict_only,map,-2,-0.5,0,0.25,0.25,0,,,
9.396,ekf,map,-2,-0.5,-1.79494e-21,0.0637891,0.0637891,0,0.165708,,
9.396,pf,map,-2.02059,-0.453544,0.00776747,0.0682981,0.0587783,-0.00195598,11.2981,420.748,0
9.468,odom,map,-1.97553,-0.494896,-0.00187809,0,0,0,,,
9.504,odom,map,-1.97553,-0.494896,-0.00187809,0,0,0,,,
9.54,odom,map,-1.97553,-0.494896,-0.00187809,0,0,0,,,
9.576,odom,map,-1.97553,-0.494896,-0.00187809,0,0,0,,,
9.612,odom,map,-1.97553,-0.494896,-0.00187809,0,0,0,,,
9.612,ekf_predict_only,map,-2,-0.5,0,0.35,0.35,0,,,
9.612,kf,map,-2,-0.5,-3.07844e-21,0.0626428,0.0626428,0,0.059959,,
9.612,ekf,map,-2,-0.5,-3.142e-21,0.0648014,0.0648014,0,0.058542,,
9.612,pf,map,-2.03835,-0.461972,0.00156524,0.0576178,0.063049,0.00335126,4.78463,470.314,0
9.648,odom,map,-1.97553,-0.494896,-0.00187809,0,0,0,,,
9.684,odom,map,-1.97553,-0.494896,-0.00187809,0,0,0,,,
9.72,odom,map,-1.97553,-0.494896,-0.00187809,0,0,0,,,
9.756,odom,map,-1.97553,-0.494896,-0.00187809,0,0,0,,,
9.792,odom,map,-1.97553,-0.494896,-0.00187809,0,0,0,,,
9.792,ekf_predict_only,map,-1.99116,-0.5,0.00222955,0.45,0.450013,0,,,
9.792,ekf,map,-1.99692,-0.500002,0.000777538,0.0651258,0.0651261,7.14821e-28,0.060916,,
9.792,kf,map,-1.99667,-0.5,0.000838546,0.0623894,0.0623894,0,0.110542,,
9.828,odom,map,-1.97512,-0.494897,-0.00156397,0,0,0,,,
9.792,pf,map,-2.03459,-0.462646,0.00743356,0.058491,0.0666293,-0.000127275,5.96258,467.343,0
9.864,odom,map,-1.97345,-0.494899,-0.000767542,0,0,0,,,
9.9,odom,map,-1.97069,-0.4949,0.000123147,0,0,0,,,
9.936,odom,map,-1.96762,-0.494898,0.000653152,0,0,0,,,
9.972,odom,map,-1.96339,-0.494897,-4.06362e-05,0,0,0,,,
10.008,odom,map,-1.95815,-0.4949,-0.00104938,0,0,0,,,
10.008,ekf_predict_only,map,-1.95735,-0.499925,-0.00411419,0.55,0.550366,-6.73723e-07,,,
10.008,ekf,map,-1.97612,-0.499952,-0.00130431,0.0666462,0.0666505,-2.70625e-09,0.061417,,
10.008,kf,map,-1.97523,-0.499971,-0.00154305,0.0625545,0.0625545,0,0.064584,,
10.008,pf,map,-2.05345,-0.465701,0.00678828,0.0612891,0.0626511,-0.00225323,6.47704,485.093,0
10.044,odom,map,-1.95252,-0.494909,-0.00210667,0,0,0,,,
10.08,odom,map,-1.94657,-0.494925,-0.00366397,0,0,0,,,
10.116,odom,map,-1.9401,-0.494956,-0.00577044,0,0,0,,,
10.152,odom,map,-1.93304,-0.495005,-0.00830501,0,0,0,,,
10.188,odom,map,-1.92583,-0.495075,-0.0109473,0,0,0,,,
10.224,odom,map,-1.91838,-0.495167,-0.0137897,0,0,0,,,
10.188,ekf_predict_only,map,-1.91901,-0.500082,-0.0188862,0.65,0.651449,1.73437e-06,,,
10.188,ekf,map,-1.9461,-0.500027,-0.0114235,0.0664077,0.0664196,3.12096e-09,0.10975,,
10.188,kf,map,-1.94526,-0.500064,-0.0117954,0.062377,0.062377,0,0.063917,,
10.188,pf,map,-2.02889,-0.458545,0.000707847,0.059296,0.0662674,-0.00315304,6.11163,491.446,0
10.26,odom,map,-1.91052,-0.495287,-0.0169093,0,0,0,,,
10.296,odom,map,-1.90243,-0.495437,-0.0200771,0,0,0,,,
10.332,odom,map,-1.89429,-0.495613,-0.0232516,0,0,0,,,
10.368,odom,map,-1.886,-0.49582,-0.0265221,0,0,0,,,
10.404,odom,map,-1.87745,-0.496061,-0.0299619,0,0,0,,,
10.404,ekf_predict_only,map,-1.86641,-0.501076,-0.0401324,0.75,0.754364,3.8996e-05,,,
10.404,ekf,map,-1.8992,-0.500839,-0.0295652,0.0677304,0.067761,1.30081e-07,0.066417,,
10.404,kf,map,-1.89845,-0.50087,-0.0299403,0.0625528,0.0625528,0,0.064416,,
10.404,pf,map,-1.97122,-0.454088,-0.0232879,0.0593763,0.0612452,-0.00274508,5.80946,471.262,0
10.44,odom,map,-1.86864,-0.496341,-0.0337192,0,0,0,,,
10.476,odom,map,-1.8598,-0.496657,-0.0376003,0,0,0,,,
10.512,odom,map,-1.85087,-0.49701,-0.0416551,0,0,0,,,
10.548,odom,map,-1.84175,-0.49741,-0.045929,0,0,0,,,
10.584,odom,map,-1.83258,-0.497852,-0.050228,0,0,0,,,
10.584,ekf_predict_only,map,-1.81982,-0.502947,-0.0608387,0.850003,0.858533,0.000154838,,,
10.62,odom,map,-1.82332,-0.498337,-0.0544218,0,0,0,,,
10.584,ekf,map,-1.85558,-0.502521,-0.0489842,0.0670835,0.0671227,4.37527e-07,0.060958,,
10.584,kf,map,-1.85509,-0.502528,-0.049214,0.0623767,0.0623767,0,0.092292,,
10.584,pf,map,-1.93438,-0.451844,-0.0498547,0.070703,0.0639676,-0.00225889,9.91296,484.434,0
10.656,odom,map,-1.81383,-0.498873,-0.0585315,0,0,0,,,
10.692,odom,map,-1.8043,-0.499452,-0.0627221,0,0,0,,,
10.728,odom,map,-1.79476,-0.500071,-0.0669545,0,0,0,,,
10.764,odom,map,-1.78513,-0.500737,-0.0712696,0,0,0,,,
10.8,odom,map,-1.77545,-0.50145,-0.0757008,0,0,0,,,
10.8,ekf_predict_only,map,-1.76161,-0.506492,-0.085188,0.950016,0.966168,0.000491025,,,
10.8,kf,map,-1.79877,-0.505885,-0.0737256,0.0625528,0.0625528,0,0.058875,,
10.8,ekf,map,-1.7991,-0.505927,-0.0736705,0.0682676,0.0683302,1.38478e-06,0.099708,,
10.8,pf,map,-1.84994,-0.445432,-0.0618357,0.0644672,0.0618969,-0.0026642,5.02396,472.525,0
10.836,odom,map,-1.76576,-0.502205,-0.0798736,0,0,0,,,
10.872,odom,map,-1.75597,-0.503009,-0.0838956,0,0,0,,,
10.908,odom,map,-1.74612,-0.503858,-0.0878993,0,0,0,,,
10.944,odom,map,-1.73642,-0.504732,-0.0917734,0,0,0,,,
10.98,odom,map,-1.7268,-0.505635,-0.0954442,0,0,0,,,
11.016,odom,map,-1.71717,-0.506574,-0.0990874,0,0,0,,,
11.016,ekf_predict_only,map,-1.70379,-0.51143,-0.107047,1.05005,1.07674,0.00115541,,,
11.016,ekf,map,-1.7415,-0.510893,-0.096686,0.0686554,0.0687308,2.64181e-06,0.060458,,
11.016,kf,map,-1.74135,-0.510806,-0.0966012,0.0625774,0.0625774,0,0.055042,,
11.001,amcl,map,-1.69475,-0.526986,-0.101332,0.144645,0.176366,-0.0168011,,,
11.016,pf,map,-1.82001,-0.450697,-0.0964292,0.0683471,0.0635901,-0.000222948,5.98696,483.264,0
11.052,odom,map,-1.70762,-0.507541,-0.102742,0,0,0,,,
11.088,odom,map,-1.69814,-0.508535,-0.106254,0,0,0,,,
11.124,odom,map,-1.68876,-0.509551,-0.109282,0,0,0,,,
11.16,odom,map,-1.67939,-0.510593,-0.112173,0,0,0,,,
11.196,odom,map,-1.67,-0.511664,-0.115023,0,0,0,,,
11.232,odom,map,-1.66059,-0.512763,-0.117475,0,0,0,,,
11.196,ekf,map,-1.69442,-0.515988,-0.111481,0.0674989,0.0675673,3.36218e-06,0.060833,,
11.196,ekf_predict_only,map,-1.6567,-0.51649,-0.11838,1.15011,1.18778,0.00203882,,,
11.196,kf,map,-1.69435,-0.515886,-0.111185,0.0623802,0.0623802,0,0.055834,,
11.196,pf,map,-1.80012,-0.459397,-0.106516,0.0623345,0.0630402,-0.00648636,4.85917,490.948,0
11.268,odom,map,-1.65114,-0.513889,-0.11955,0,0,0,,,
11.304,odom,map,-1.64166,-0.515037,-0.121518,0,0,0,,,
11.34,odom,map,-1.63219,-0.516203,-0.123381,0,0,0,,,
11.376,odom,map,-1.62261,-0.517399,-0.125006,0,0,0,,,
11.412,ekf,map,-1.63663,-0.522955,-0.122712,0.0685263,0.0686127,5.79027e-06,0.063709,,
11.412,odom,map,-1.61284,-0.518634,-0.12634,0,0,0,,,
11.412,ekf_predict_only,map,-1.59756,-0.523524,-0.125795,1.25025,1.30509,0.00362871,,,
11.412,kf,map,-1.63648,-0.522846,-0.122267,0.0625532,0.0625532,0,0.0605,,
11.412,pf,map,-1.72099,-0.446999,-0.129407,0.0560664,0.05936,-0.00129707,4.44667,484.147,0
11.448,odom,map,-1.60299,-0.519891,-0.127576,0,0,0,,,
11.484,odom,map,-1.59302,-0.521176,-0.128597,0,0,0,,,
11.52,odom,map,-1.58292,-0.522487,-0.129504,0,0,0,,,
11.556,odom,map,-1.57257,-0.523838,-0.130071,0,0,0,,,
11.592,odom,map,-1.56214,-0.525204,-0.130548,0,0,0,,,
11.628,odom,map,-1.55161,-0.52659,-0.130865,0,0,0,,,
11.592,ekf_predict_only,map,-1.54453,-0.530231,-0.126957,1.35043,1.42414,0.00555288,,,
11.592,ekf,map,-1.5856,-0.529551,-0.127114,0.0675465,0.0676254,6.50831e-06,0.058125,,
11.592,kf,map,-1.58538,-0.529469,-0.126698,0.0623768,0.0623768,0,0.066958,,
11.592,pf,map,-1.67234,-0.482784,-0.133879,0.0590317,0.0626683,-0.00218744,12.4086,482.781,0
11.664,odom,map,-1.54077,-0.528016,-0.130831,0,0,0,,,
11.7,odom,map,-1.5297,-0.529471,-0.130498,0,0,0,,,
11.736,odom,map,-1.51855,-0.530932,-0.130009,0,0,0,,,
11.772,odom,map,-1.50726,-0.532405,-0.129459,0,0,0,,,
11.808,odom,map,-1.49455,-0.53478,-0.128629,0,0,0,,,
11.808,ekf_predict_only,map,-1.47375,-0.539266,-0.119967,1.45077,1.55525,0.00886018,,,
11.808,ekf,map,-1.51838,-0.538321,-0.124568,0.0686192,0.0687224,1.02064e-05,0.062583,,
11.808,kf,map,-1.51797,-0.538257,-0.12402,0.0625528,0.0625528,0,0.064833,,
11.808,pf,map,-1.59378,-0.483712,-0.123662,0.0605343,0.0614697,-1.3487e-05,4.79221,483.907,0
11.844,odom,map,-1.47785,-0.540208,-0.127808,0,0,0,,,
11.88,odom,map,-1.46103,-0.545648,-0.126767,0,0,0,,,
11.916,odom,map,-1.44397,-0.551111,-0.125402,0,0,0,,,
11.952,odom,map,-1.42664,-0.556597,-0.123494,0,0,0,,,
11.988,odom,map,-1.40908,-0.562092,-0.120799,0,0,0,,,
11.988,ekf,map,-1.45668,-0.546006,-0.11246,0.0676153,0.0677143,1.08191e-05,0.066791,,
12.024,odom,map,-1.39445,-0.565056,-0.117393,0,0,0,,,
11.988,kf,map,-1.45629,-0.545936,-0.11178,0.0623767,0.0623767,0,0.103709,,
11.988,ekf_predict_only,map,-1.40909,-0.547059,-0.101723,1.55115,1.68975,0.0125236,,,
12,amcl,map,-1.41901,-0.570192,-0.117325,0.118192,0.151792,-0.0206115,,,
11.988,pf,map,-1.52491,-0.504815,-0.124276,0.0568552,0.0591996,0.00312655,9.76329,464.419,0
12.06,odom,map,-1.38137,-0.566572,-0.113365,0,0,0,,,
12.096,odom,map,-1.36802,-0.568061,-0.108553,0,0,0,,,
12.132,odom,map,-1.35445,-0.569504,-0.10336,0,0,0,,,
12.168,odom,map,-1.34074,-0.57089,-0.0980036,0,0,0,,,
12.204,odom,map,-1.32683,-0.572218,-0.0923963,0,0,0,,,
12.204,ekf,map,-1.3757,-0.554566,-0.0836437,0.0686779,0.068814,1.5618e-05,0.069083,,
12.204,ekf_predict_only,map,-1.32411,-0.555734,-0.0661038,1.65168,1.8446,0.0179281,,,
12.204,kf,map,-1.37519,-0.554526,-0.0827878,0.0625527,0.0625527,0,0.060625,,
12.204,pf,map,-1.4301,-0.507446,-0.0781086,0.0662966,0.0664227,0.00360737,4.74925,485.257,0
12.24,odom,map,-1.31267,-0.573488,-0.08649,0,0,0,,,
12.276,odom,map,-1.29849,-0.574676,-0.0805534,0,0,0,,,
12.312,odom,map,-1.28426,-0.575781,-0.0745239,0,0,0,,,
12.348,odom,map,-1.26987,-0.576812,-0.0685048,0,0,0,,,
12.384,odom,map,-1.25533,-0.577765,-0.0624211,0,0,0,,,
12.384,ekf,map,-1.30494,-0.559645,-0.055583,0.0676513,0.0677831,1.46168e-05,0.166708,,
12.384,kf,map,-1.30459,-0.559658,-0.055073,0.0623767,0.0623767,0,1.6755,,
12.42,odom,map,-1.24074,-0.578632,-0.0563121,0,0,0,,,
12.384,ekf_predict_only,map,-1.25118,-0.560562,-0.0355588,1.75203,2.00081,0.0224117,,,
12.384,pf,map,-1.36686,-0.498921,-0.0429886,0.0593834,0.0627527,0.00295657,5.14454,468.835,0
12.456,odom,map,-1.22616,-0.579408,-0.049984,0,0,0,,,
12.492,odom,map,-1.2114,-0.5801,-0.0437178,0,0,0,,,
12.528,odom,map,-1.19652,-0.580704,-0.037404,0,0,0,,,
12.564,odom,map,-1.1816,-0.581215,-0.0310478,0,0,0,,,
12.6,odom,map,-1.16669,-0.581632,-0.0249243,0,0,0,,,
12.6,ekf_predict_only,map,-1.16156,-0.56375,0.000968839,1.85228,2.18224,0.0273853,,,
12.6,kf,map,-1.21644,-0.563268,-0.0190069,0.0625527,0.0625527,0,0.093167,,
12.6,ekf,map,-1.21669,-0.563147,-0.0192016,0.0687055,0.068881,1.72483e-05,0.05925,,
12.6,pf,map,-1.29639,-0.504055,-0.00142845,0.059045,0.0585698,-0.0025322,7.14588,468.718,0
12.636,odom,map,-1.15175,-0.581959,-0.0188394,0,0,0,,,
12.672,odom,map,-1.13675,-0.582196,-0.0128245,0,0,0,,,
12.708,odom,map,-1.12172,-0.582344,-0.00684608,0,0,0,,,
12.744,odom,map,-1.10678,-0.582402,-0.000951453,0,0,0,,,
12.78,odom,map,-1.09199,-0.582373,0.00482664,0,0,0,,,
12.816,odom,map,-1.07838,-0.582638,0.0107442,0,0,0,,,
12.816,ekf_predict_only,map,-1.07316,-0.563665,0.0354134,1.95227,2.37664,0.030936,,,
12.816,ekf,map,-1.12798,-0.563282,0.0159198,0.0689538,0.0691462,1.54698e-05,0.063583,,
12.816,kf,map,-1.12792,-0.563478,0.01592,0.0625774,0.0625774,0,0.057584,,
12.816,pf,map,-1.21455,-0.51191,0.0359307,0.0574602,0.0644593,-0.00115355,4.65587,475.832,0
12.801,amcl,map,-1.11905,-0.581905,0.016192,0.10313,0.142917,-0.0124462,,,
12.852,odom,map,-1.06669,-0.58341,0.0162732,0,0,0,,,
12.888,odom,map,-1.05527,-0.584107,0.0208125,0,0,0,,,
12.924,odom,map,-1.04402,-0.58474,0.0249012,0,0,0,,,
12.96,odom,map,-1.03285,-0.585313,0.0287523,0,0,0,,,
12.996,odom,map,-1.02186,-0.585833,0.0323218,0,0,0,,,
12.996,ekf_predict_only,map,-1.0053,-0.56126,0.046859,2.05208,2.55908,0.0321544,,,
12.996,ekf,map,-1.05791,-0.561113,0.0328836,0.067669,0.0678332,9.9178e-06,0.071208,,
12.996,kf,map,-1.05806,-0.561338,0.0324476,0.0623802,0.0623802,0,0.118834,,
13.032,odom,map,-1.00851,-0.585476,0.0349942,0,0,0,,,
12.996,pf,map,-1.11165,-0.51526,0.0388503,0.055189,0.0592118,-0.000987404,5.65433,471.017,0
13.068,odom,map,-0.995069,-0.584991,0.037084,0,0,0,,,
13.104,odom,map,-0.981659,-0.584479,0.0391313,0,0,0,,,
13.14,odom,map,-0.968491,-0.583951,0.041038,0,0,0,,,
13.176,odom,map,-0.95543,-0.583402,0.0431435,0,0,0,,,
13.212,ekf_predict_only,map,-0.927065,-0.557592,0.0702688,2.15181,2.76552,0.0325094,,,
13.212,ekf,map,-0.977885,-0.557767,0.0516901,0.068654,0.0688459,7.05919e-06,0.05925,,
13.212,odom,map,-0.94239,-0.582819,0.0464393,0,0,0,,,
13.212,kf,map,-0.978097,-0.55788,0.0519303,0.0625532,0.0625532,0,0.107375,,
13.212,pf,map,-1.01867,-0.492563,0.0544178,0.0631236,0.0577519,0.000498389,4.80004,501.92,0
13.248,odom,map,-0.929353,-0.582188,0.0503409,0,0,0,,,
13.284,odom,map,-0.916316,-0.581503,0.0549188,0,0,0,,,
13.32,odom,map,-0.90341,-0.580759,0.0605365,0,0,0,,,
13.356,odom,map,-0.890748,-0.579948,0.0675732,0,0,0,,,
13.392,odom,map,-0.878123,-0.579048,0.0747728,0,0,0,,,
13.428,odom,map,-0.865454,-0.57805,0.0825262,0,0,0,,,
13.392,ekf_predict_only,map,-0.86366,-0.553129,0.109611,2.25153,2.96115,0.0311845,,,
13.392,ekf,map,-0.913337,-0.553823,0.0821663,0.0676211,0.0677815,2.78764e-06,0.100417,,
13.392,kf,map,-0.913505,-0.553818,0.0829391,0.0623768,0.0623768,0,0.062209,,
13.392,pf,map,-0.965692,-0.501119,0.091391,0.0699322,0.0647394,0.00240937,7.50646,466.002,0
13.464,odom,map,-0.852901,-0.576958,0.091267,0,0,0,,,
13.5,odom,map,-0.840439,-0.575757,0.10115,0,0,0,,,
13.536,odom,map,-0.828001,-0.574431,0.111227,0,0,0,,,
13.572,odom,map,-0.815704,-0.572994,0.121537,0,0,0,,,
13.608,odom,map,-0.804319,-0.571147,0.132674,0,0,0,,,
13.608,ekf,map,-0.838821,-0.546363,0.140794,0.0686755,0.0688565,-1.01294e-06,0.0965,,
13.608,ekf_predict_only,map,-0.790596,-0.545088,0.179601,2.35112,3.18229,0.0263668,,,
13.608,kf,map,-0.839008,-0.546345,0.142086,0.0625528,0.0625528,0,0.062333,,
13.602,amcl,map,-0.834055,-0.569528,0.138978,0.0876682,0.123031,-0.0080568,,,
13.608,pf,map,-0.89756,-0.480035,0.149419,0.066368,0.0645653,0.00135977,5.20567,444.911,0
13.644,odom,map,-0.795775,-0.568121,0.145712,0,0,0,,,
13.68,odom,map,-0.787276,-0.564926,0.15903,0,0,0,,,
13.716,odom,map,-0.778963,-0.561584,0.172743,0,0,0,,,
13.752,odom,map,-0.770755,-0.558078,0.187025,0,0,0,,,
13.788,odom,map,-0.76266,-0.554403,0.201857,0,0,0,,,
13.788,ekf_predict_only,map,-0.732546,-0.534549,0.249402,2.45081,3.38722,0.0176898,,,
13.788,kf,map,-0.779483,-0.53645,0.204371,0.0623767,0.0623767,0,0.07275,,
13.824,odom,map,-0.752406,-0.551453,0.216174,0,0,0,,,
13.788,ekf,map,-0.779315,-0.536425,0.203327,0.0676482,0.0677952,-4.31141e-06,0.063333,,
13.788,pf,map,-0.834044,-0.442008,0.205662,0.0621756,0.0682848,-4.84216e-05,8.63329,462.042,0
13.86,odom,map,-0.740994,-0.548862,0.23055,0,0,0,,,
13.896,odom,map,-0.729898,-0.546171,0.245418,0,0,0,,,
13.932,odom,map,-0.718915,-0.543333,0.260319,0,0,0,,,
13.968,odom,map,-0.708068,-0.540355,0.275597,0,0,0,,,
14.004,odom,map,-0.697528,-0.537287,0.291185,0,0,0,,,
14.004,ekf_predict_only,map,-0.670061,-0.518634,0.343609,2.55085,3.60918,0.00207998,,,
14.004,kf,map,-0.714414,-0.520792,0.293307,0.0625527,0.0625527,0,0.060334,,
14.004,ekf,map,-0.714003,-0.520592,0.292256,0.0687031,0.0688612,-9.85137e-06,0.124375,,
14.004,pf,map,-0.794242,-0.447483,0.287382,0.0677464,0.0649278,-0.000765641,5.4135,466.045,0
14.04,odom,map,-0.687408,-0.534167,0.307122,0,0,0,,,
14.076,odom,map,-0.677436,-0.530916,0.323197,0,0,0,,,
14.112,odom,map,-0.667719,-0.527574,0.33942,0,0,0,,,
14.148,odom,map,-0.658323,-0.52417,0.355868,0,0,0,,,
14.184,odom,map,-0.649077,-0.520646,0.372431,0,0,0,,,
14.184,ekf,map,-0.665202,-0.503937,0.372115,0.0676668,0.067788,-1.17899e-05,0.115584,,
14.22,odom,map,-0.640122,-0.517061,0.389232,0,0,0,,,
14.184,kf,map,-0.665593,-0.504185,0.372836,0.0623767,0.0623767,0,0.162875,,
14.184,ekf_predict_only,map,-0.624872,-0.502465,0.427749,2.65154,3.80342,-0.0157385,,,
14.184,pf,map,-0.722867,-0.443797,0.373446,0.0627868,0.0594042,0.00369266,4.84533,470.361,0
14.202,amcl,map,-0.648328,-0.53028,0.388364,0.0657722,0.0935179,-0.00535774,,,
14.256,odom,map,-0.631467,-0.513425,0.406307,0,0,0,,,
14.292,odom,map,-0.623124,-0.509751,0.423549,0,0,0,,,
14.328,odom,map,-0.614992,-0.506,0.440846,0,0,0,,,
14.364,odom,map,-0.60719,-0.502236,0.458391,0,0,0,,,
14.4,odom,map,-0.599856,-0.498537,0.476175,0,0,0,,,
14.4,ekf,map,-0.61646,-0.482442,0.475512,0.0687193,0.068839,-1.72653e-05,0.056833,,
14.4,ekf_predict_only,map,-0.581319,-0.482609,0.534874,2.75331,3.99925,-0.0395257,,,
14.4,kf,map,-0.616992,-0.482869,0.476107,0.0625527,0.0625527,0,0.058167,,
14.4,pf,map,-0.677981,-0.425408,0.481568,0.0678885,0.0579909,-0.00461919,4.58096,462.241,0
14.436,odom,map,-0.594338,-0.495612,0.494522,0,0,0,,,
14.472,odom,map,-0.589042,-0.492635,0.512847,0,0,0,,,
14.508,odom,map,-0.584189,-0.489744,0.531336,0,0,0,,,
14.544,odom,map,-0.579834,-0.486984,0.550173,0,0,0,,,
14.58,odom,map,-0.575628,-0.484158,0.569078,0,0,0,,,
14.616,ekf_predict_only,map,-0.548362,-0.463083,0.644232,2.85609,4.17515,-0.0643528,,,
14.616,ekf,map,-0.578639,-0.46065,0.583191,0.0689656,0.0690633,-1.87421e-05,0.067291,,
14.616,kf,map,-0.579194,-0.461192,0.583563,0.0625774,0.0625774,0,0.055291,,
14.616,odom,map,-0.571171,-0.481105,0.587628,0,0,0,,,
14.616,pf,map,-0.653162,-0.399961,0.580865,0.0654831,0.0598732,-0.00379951,5.07567,450.01,0
14.652,odom,map,-0.566156,-0.477698,0.60593,0,0,0,,,
14.688,odom,map,-0.561452,-0.474375,0.624293,0,0,0,,,
14.724,odom,map,-0.556865,-0.471006,0.64267,0,0,0,,,
14.76,odom,map,-0.552426,-0.467619,0.661131,0,0,0,,,
14.796,odom,map,-0.548285,-0.464337,0.6796,0,0,0,,,
14.832,odom,map,-0.544606,-0.461309,0.698084,0,0,0,,,
14.796,kf,map,-0.55612,-0.44442,0.675013,0.0623802,0.0623802,0,0.115625,,
14.796,ekf_predict_only,map,-0.529658,-0.449033,0.736704,2.95874,4.31957,-0.0828004,,,
14.796,ekf,map,-0.555636,-0.443918,0.674809,0.0676777,0.0677405,-1.49032e-05,0.058375,,
14.802,amcl,map,-0.542466,-0.460632,0.685893,0.0547404,0.0683552,-0.00261934,,,
14.796,pf,map,-0.622055,-0.379907,0.679192,0.0673836,0.0664533,0.00160987,14.1961,488.927,0
14.868,odom,map,-0.541049,-0.458268,0.716578,0,0,0,,,
14.904,odom,map,-0.537724,-0.455318,0.735113,0,0,0,,,
14.94,odom,map,-0.53473,-0.452562,0.753672,0,0,0,,,
14.976,odom,map,-0.532125,-0.450072,0.772087,0,0,0,,,
15.012,odom,map,-0.529499,-0.44806,0.790741,0,0,0,,,
15.012,kf,map,-0.537542,-0.428147,0.785335,0.0625532,0.0625532,0,0.06275,,
15.012,ekf_predict_only,map,-0.515484,-0.436177,0.847117,3.06167,4.45389,-0.099983,,,
15.012,ekf,map,-0.537035,-0.427566,0.785264,0.0686627,0.0687146,-1.50276e-05,0.059125,,
15.012,pf,map,-0.627447,-0.345801,0.786171,0.0608734,0.0538562,0.00105207,5.01646,452.467,0
15.048,odom,map,-0.526437,-0.44687,0.809986,0,0,0,,,
15.084,odom,map,-0.523567,-0.445792,0.829164,0,0,0,,,
15.12,odom,map,-0.520904,-0.444854,0.848309,0,0,0,,,
15.156,odom,map,-0.518407,-0.444022,0.867444,0,0,0,,,
15.192,odom,map,-0.51607,-0.443304,0.886409,0,0,0,,,
15.192,ekf_predict_only,map,-0.509317,-0.429197,0.935799,3.16346,4.56902,-0.109335,,,
15.192,ekf,map,-0.527468,-0.417203,0.875832,0.0676273,0.0676592,-1.04235e-05,0.1125,,
15.192,kf,map,-0.527887,-0.417718,0.875712,0.0623768,0.0623768,0,0.097792,,
15.228,odom,map,-0.514634,-0.442102,0.904424,0,0,0,,,
15.201,amcl,map,-0.531636,-0.450939,0.885868,0.0358684,0.047762,-0.00262921,,,
15.192,pf,map,-0.612415,-0.349764,0.870887,0.0590045,0.0603874,-0.000575518,5.24154,481.345,0
15.264,odom,map,-0.513555,-0.440705,0.922053,0,0,0,,,
15.3,odom,map,-0.512548,-0.439352,0.939606,0,0,0,,,
15.336,odom,map,-0.511632,-0.438078,0.957084,0,0,0,,,
15.372,odom,map,-0.510982,-0.437139,0.974153,0,0,0,,,
15.408,odom,map,-0.510504,-0.436424,0.991063,0,0,0,,,
15.408,ekf,map,-0.521886,-0.410001,0.979862,0.0686807,0.0687056,-8.89493e-06,0.056375,,
15.408,kf,map,-0.522285,-0.410535,0.979564,0.0625528,0.0625528,0,0.067,,
15.408,ekf_predict_only,map,-0.50669,-0.425632,1.03699,3.26444,4.6755,-0.114088,,,
15.408,pf,map,-0.598406,-0.341461,0.991511,0.0658773,0.0670842,-0.000782407,4.62325,485.541,0
15.444,odom,map,-0.510105,-0.435803,1.00793,0,0,0,,,
15.48,odom,map,-0.509833,-0.435364,1.02454,0,0,0,,,
15.516,odom,map,-0.50969,-0.435125,1.04081,0,0,0,,,
15.552,odom,map,-0.509643,-0.435043,1.05665,0,0,0,,,
15.588,odom,map,-0.509612,-0.434988,1.07237,0,0,0,,,
15.588,ekf_predict_only,map,-0.506759,-0.425748,1.11447,3.3644,4.77533,-0.113936,,,
15.588,kf,map,-0.520715,-0.408274,1.06042,0.0623767,0.0623767,0,0.06675,,
15.624,odom,map,-0.509561,-0.433926,1.08774,0,0,0,,,
15.588,ekf,map,-0.520447,-0.407901,1.0608,0.0676511,0.0676659,-5.49766e-06,0.100833,,
15.588,pf,map,-0.586088,-0.332415,1.07191,0.0619678,0.0588276,-0.00040531,5.54367,469.355,0
15.66,odom,map,-0.509539,-0.432376,1.10257,0,0,0,,,
15.696,odom,map,-0.509604,-0.431005,1.11706,0,0,0,,,
15.732,odom,map,-0.509707,-0.429725,1.13145,0,0,0,,,
15.768,odom,map,-0.50987,-0.428592,1.14574,0,0,0,,,
15.804,odom,map,-0.510156,-0.427836,1.15955,0,0,0,,,
15.804,ekf_predict_only,map,-0.509321,-0.430968,1.198,3.463,4.86901,-0.107156,,,
15.804,kf,map,-0.521817,-0.410662,1.14845,0.0625527,0.0625527,0,0.12975,,
15.804,ekf,map,-0.521559,-0.410284,1.14901,0.0687044,0.0687156,-4.31343e-06,0.072709,,
15.801,amcl,map,-0.525409,-0.440053,1.16766,0.0264542,0.0348262,-0.00129874,,,
15.804,pf,map,-0.58844,-0.343623,1.15715,0.0645282,0.0631405,0.000920897,5.33758,467.608,0
15.84,odom,map,-0.510537,-0.428727,1.17348,0,0,0,,,
15.876,odom,map,-0.510939,-0.429704,1.1871,0,0,0,,,
15.912,odom,map,-0.511125,-0.43017,1.19942,0,0,0,,,
15.948,odom,map,-0.511125,-0.43017,1.20915,0,0,0,,,
15.984,odom,map,-0.511125,-0.43017,1.21629,0,0,0,,,
16.02,odom,map,-0.512773,-0.431872,1.22046,0,0,0,,,
15.984,ekf_predict_only,map,-0.509321,-0.430968,1.198,3.563,4.96901,-0.107156,,,
15.984,ekf,map,-0.521686,-0.41104,1.18884,0.0676663,0.0676729,-2.57237e-06,0.058791,,
15.984,kf,map,-0.521785,-0.411111,1.18551,0.0623767,0.0623767,0,0.056083,,
15.984,pf,map,-0.599026,-0.351691,1.22457,0.0660901,0.0684213,-0.00155314,6.67746,489.393,0
16.056,odom,map,-0.515738,-0.434936,1.22174,0,0,0,,,
16.092,odom,map,-0.518704,-0.437999,1.22116,0,0,0,,,
16.128,odom,map,-0.52167,-0.441062,1.22049,0,0,0,,,
16.164,odom,map,-0.524638,-0.444126,1.21982,0,0,0,,,
16.2,odom,map,-0.527606,-0.447189,1.21916,0,0,0,,,
16.2,ekf_predict_only,map,-0.509321,-0.430968,1.198,3.663,5.06901,-0.107156,,,
16.2,kf,map,-0.521773,-0.41128,1.20361,0.0625527,0.0625527,0,0.056459,,
16.2,ekf,map,-0.521738,-0.411279,1.20644,0.0687164,0.0687215,-1.97046e-06,0.103167,,
16.2,pf,map,-0.594558,-0.352521,1.2116,0.0595597,0.0676327,0.00300568,4.69492,457.998,0
16.236,odom,map,-0.527688,-0.447274,1.21914,0,0,0,,,
16.272,odom,map,-0.527688,-0.447274,1.21914,0,0,0,,,
16.308,odom,map,-0.527688,-0.447274,1.21914,0,0,0,,,
16.344,odom,map,-0.527688,-0.447274,1.21914,0,0,0,,,
16.38,odom,map,-0.527688,-0.447274,1.21914,0,0,0,,,
16.416,odom,map,-0.527688,-0.447274,1.21914,0,0,0,,,
16.416,ekf_predict_only,map,-0.509321,-0.430968,1.198,3.763,5.16901,-0.107156,,,
16.416,ekf,map,-0.521757,-0.41135,1.21196,0.0689609,0.0689643,-1.33414e-06,0.057958,,
16.416,kf,map,-0.521768,-0.411343,1.21039,0.0625774,0.0625774,0,0.833375,,
16.416,pf,map,-0.574234,-0.347533,1.22975,0.065899,0.0590678,-0.00145206,7.01933,481.167,0
16.452,odom,map,-0.527688,-0.447274,1.21914,0,0,0,,,
16.488,odom,map,-0.527688,-0.447274,1.21914,0,0,0,,,
16.524,odom,map,-0.527688,-0.447274,1.21914,0,0,0,,,
16.56,odom,map,-0.527688,-0.447274,1.21914,0,0,0,,,
16.596,odom,map,-0.527688,-0.447274,1.21914,0,0,0,,,
16.632,odom,map,-0.527326,-0.446127,1.22131,0,0,0,,,
16.596,ekf_predict_only,map,-0.507065,-0.425199,1.19867,3.86456,5.27457,-0.114574,,,
16.596,kf,map,-0.520945,-0.409186,1.21318,0.0623802,0.0623802,0,0.17675,,
16.596,ekf,map,-0.52106,-0.409496,1.21386,0.0676731,0.067675,-7.86419e-07,0.150625,,
16.596,pf,map,-0.585379,-0.34625,1.21907,0.0648066,0.0610655,-0.00271424,5.57325,517.459,0
16.668,odom,map,-0.526556,-0.443811,1.2239,0,0,0,,,
16.704,odom,map,-0.525587,-0.440892,1.22656,0,0,0,,,
16.74,odom,map,-0.524556,-0.437744,1.22965,0,0,0,,,
16.776,odom,map,-0.523348,-0.434029,1.23325,0,0,0,,,
16.812,odom,map,-0.522074,-0.430156,1.23618,0,0,0,,,
16.812,ekf_predict_only,map,-0.499508,-0.405836,1.20656,3.97076,5.39334,-0.139832,,,
16.812,ekf,map,-0.516153,-0.39629,1.21951,0.0686583,0.0686586,-1.05756e-06,0.081,,
16.812,kf,map,-0.5159,-0.395616,1.21945,0.0625532,0.0625532,0,0.058542,,
16.812,pf,map,-0.565891,-0.351884,1.22508,0.0681563,0.0586453,-0.00130869,4.4395,456.335,0
16.848,odom,map,-0.520961,-0.426943,1.23822,0,0,0,,,
16.884,odom,map,-0.519808,-0.42359,1.24134,0,0,0,,,
16.92,odom,map,-0.518609,-0.42006,1.24558,0,0,0,,,
16.956,odom,map,-0.517417,-0.416499,1.24998,0,0,0,,,
16.992,odom,map,-0.516183,-0.412754,1.25502,0,0,0,,,
16.992,ekf_predict_only,map,-0.492069,-0.386324,1.23881,4.07848,5.51204,-0.165822,,,
16.992,ekf,map,-0.510335,-0.380192,1.242,0.067626,0.0676241,-1.50814e-06,0.064375,,
16.992,kf,map,-0.510163,-0.379656,1.24273,0.0623768,0.0623768,0,0.111708,,
17.028,odom,map,-0.514915,-0.408837,1.26092,0,0,0,,,
16.992,pf,map,-0.579176,-0.331832,1.23741,0.0590441,0.0633748,-0.000763572,4.95192,490.707,0
17.064,odom,map,-0.513629,-0.404773,1.2677,0,0,0,,,
17.1,odom,map,-0.512342,-0.400603,1.27509,0,0,0,,,
17.136,odom,map,-0.511042,-0.396277,1.28311,0,0,0,,,
17.172,odom,map,-0.509713,-0.39171,1.29206,0,0,0,,,
17.208,ekf_predict_only,map,-0.481986,-0.357078,1.29809,4.1929,5.63773,-0.205572,,,
17.208,ekf,map,-0.501934,-0.354477,1.28946,0.0686847,0.0686783,-3.16431e-06,0.05775,,
17.208,odom,map,-0.508342,-0.386831,1.30176,0,0,0,,,
17.208,kf,map,-0.501787,-0.353938,1.29079,0.0625528,0.0625528,0,0.061791,,
17.208,pf,map,-0.566909,-0.287614,1.29035,0.0639996,0.069104,0.0039722,4.66579,461.661,0
17.244,odom,map,-0.506996,-0.381854,1.31164,0,0,0,,,
17.28,odom,map,-0.505663,-0.376719,1.32178,0,0,0,,,
17.316,odom,map,-0.504288,-0.371187,1.33256,0,0,0,,,
17.352,odom,map,-0.502908,-0.365363,1.34367,0,0,0,,,
17.388,odom,map,-0.501551,-0.359339,1.35488,0,0,0,,,
17.388,ekf_predict_only,map,-0.473198,-0.325654,1.35564,4.31229,5.76047,-0.248928,,,
17.388,ekf,map,-0.49459,-0.326913,1.34037,0.0676604,0.0676502,-4.1226e-06,0.07425,,
17.424,odom,map,-0.500209,-0.353047,1.36634,0,0,0,,,
17.388,kf,map,-0.49445,-0.326401,1.34138,0.0623767,0.0623767,0,0.192375,,
17.388,pf,map,-0.543283,-0.276876,1.34673,0.0561341,0.0586681,0.0012779,4.65792,493.132,0
17.46,odom,map,-0.498844,-0.346259,1.3781,0,0,0,,,
17.496,odom,map,-0.497479,-0.339033,1.38989,0,0,0,,,
17.532,odom,map,-0.496173,-0.331647,1.40165,0,0,0,,,
17.568,odom,map,-0.494916,-0.324011,1.41354,0,0,0,,,
17.604,odom,map,-0.493668,-0.315817,1.42555,0,0,0,,,
17.604,kf,map,-0.485211,-0.281612,1.41094,0.0625527,0.0625527,0,0.061667,,
17.604,ekf_predict_only,map,-0.462016,-0.274488,1.43036,4.45275,5.88986,-0.320598,,,
17.601,amcl,map,-0.48374,-0.326522,1.39686,0.0169583,0.0267726,0.00478288,,,
17.604,ekf,map,-0.485463,-0.282397,1.41012,0.0687278,0.0687048,-7.57262e-06,0.061584,,
17.604,pf,map,-0.550792,-0.227812,1.40604,0.0622933,0.0532825,-0.00151479,4.72575,506.121,0
17.64,odom,map,-0.49247,-0.307261,1.43787,0,0,0,,,
17.676,odom,map,-0.491367,-0.298602,1.45032,0,0,0,,,
17.712,odom,map,-0.490337,-0.289633,1.46258,0,0,0,,,
17.748,odom,map,-0.489387,-0.280353,1.47496,0,0,0,,,
17.784,odom,map,-0.488542,-0.270938,1.48744,0,0,0,,,
17.784,ekf_predict_only,map,-0.455116,-0.225678,1.48979,4.60181,6.00827,-0.389165,,,
17.784,ekf,map,-0.479821,-0.238346,1.46969,0.0676988,0.0676674,-8.40123e-06,0.107625,,
17.784,kf,map,-0.479564,-0.237688,1.46998,0.0623767,0.0623767,0,0.06025,,
17.82,odom,map,-0.487801,-0.261357,1.49967,0,0,0,,,
17.784,pf,map,-0.529118,-0.162529,1.48739,0.0634298,0.0616737,-0.000976193,6.46683,489.423,0
17.856,odom,map,-0.487148,-0.251347,1.51151,0,0,0,,,
17.892,odom,map,-0.486597,-0.241039,1.52318,0,0,0,,,
17.928,odom,map,-0.486161,-0.230604,1.53477,0,0,0,,,
17.964,odom,map,-0.485837,-0.219918,1.5461,0,0,0,,,
18,odom,map,-0.485626,-0.208924,1.55695,0,0,0,,,
18,ekf_predict_only,map,-0.44958,-0.157492,1.55364,4.78789,6.12318,-0.484527,,,
18,ekf,map,-0.475683,-0.175991,1.53748,0.0687763,0.068718,-1.1682e-05,0.101625,,
18,kf,map,-0.475306,-0.175237,1.53722,0.0625527,0.0625527,0,0.057292,,
18,pf,map,-0.555306,-0.107483,1.55311,0.060874,0.0592622,-0.00159226,5.22908,466.663,0
18.036,odom,map,-0.48553,-0.197602,1.56759,0,0,0,,,
18.072,odom,map,-0.485554,-0.1862,1.57823,0,0,0,,,
18.108,odom,map,-0.4857,-0.174604,1.58844,0,0,0,,,
18.144,odom,map,-0.485965,-0.16288,1.59835,0,0,0,,,
18.18,odom,map,-0.486351,-0.151029,1.60815,0,0,0,,,
18.216,ekf_predict_only,map,-0.44835,-0.0858283,1.61208,5.00087,6.22651,-0.582591,,,
18.216,ekf,map,-0.475799,-0.107388,1.59888,0.0690432,0.0689624,-1.1614e-05,0.109958,,
18.216,odom,map,-0.486855,-0.139094,1.61789,0,0,0,,,
18.216,kf,map,-0.475385,-0.106828,1.5985,0.0625774,0.0625774,0,0.10225,,
18.216,pf,map,-0.548952,-0.0437043,1.61205,0.0638703,0.0586034,-0.00177984,8.09458,472.299,0
18.252,odom,map,-0.487478,-0.127113,1.6274,0,0,0,,,
18.288,odom,map,-0.488218,-0.114988,1.63613,0,0,0,,,
18.324,odom,map,-0.489067,-0.102803,1.6445,0,0,0,,,
18.36,odom,map,-0.490019,-0.090603,1.65273,0,0,0,,,
18.396,odom,map,-0.491079,-0.0782953,1.66063,0,0,0,,,
18.432,odom,map,-0.489468,-0.0674373,1.66351,0,0,0,,,
18.396,ekf_predict_only,map,-0.450935,-0.0232667,1.64797,5.21875,6.31952,-0.664818,,,
18.396,ekf,map,-0.479288,-0.0468923,1.6403,0.0677576,0.067674,-7.6875e-06,0.065166,,
18.396,kf,map,-0.478929,-0.0465171,1.63972,0.0623802,0.0623802,0,0.05425,,
18.402,amcl,map,-0.472549,-0.0989161,1.6308,0.0185538,0.0306291,0.00574077,,,
18.396,pf,map,-0.551615,0.00568377,1.65352,0.0599482,0.0633685,-0.00754555,5.38483,480.915,0
18.468,odom,map,-0.487519,-0.0567701,1.66573,0,0,0,,,
18.504,odom,map,-0.485579,-0.0460279,1.66768,0,0,0,,,
18.54,odom,map,-0.48364,-0.0352639,1.66919,0,0,0,,,
18.576,odom,map,-0.481702,-0.0243931,1.67024,0,0,0,,,
18.612,ekf_predict_only,map,-0.456846,0.053176,1.68378,5.48774,6.40364,-0.760967,,,
18.612,ekf,map,-0.486356,0.028207,1.68068,0.0687764,0.0686578,-4.55863e-06,0.054584,,
18.612,kf,map,-0.485994,0.0284751,1.68005,0.0625532,0.0625532,0,0.06775,,
18.612,odom,map,-0.480744,-0.0129455,1.67277,0,0,0,,,
18.612,pf,map,-0.56635,0.0892655,1.70003,0.0626883,0.0673336,-0.00562012,6.59467,494.611,0
18.648,odom,map,-0.482084,-0.00021593,1.6784,0,0,0,,,
18.684,odom,map,-0.483492,0.012521,1.68319,0,0,0,,,
18.72,odom,map,-0.484963,0.0253011,1.68763,0,0,0,,,
18.756,odom,map,-0.486495,0.0381102,1.69192,0,0,0,,,
18.792,odom,map,-0.488079,0.0509065,1.696,0,0,0,,,
18.792,ekf_predict_only,map,-0.464038,0.116559,1.70908,5.74906,6.48454,-0.835958,,,
18.792,ekf,map,-0.494492,0.0914378,1.70599,0.0677365,0.0676235,2.03296e-07,0.223375,,
18.792,kf,map,-0.49425,0.0915538,1.70574,0.0623768,0.0623768,0,0.096792,,
18.828,odom,map,-0.489704,0.0635957,1.70055,0,0,0,,,
18.792,pf,map,-0.576473,0.136622,1.72566,0.0620416,0.0650768,0.00146346,8.20904,472.554,0
18.864,odom,map,-0.491374,0.076133,1.70616,0,0,0,,,
18.9,odom,map,-0.493113,0.0886193,1.71209,0,0,0,,,
18.936,odom,map,-0.494913,0.100986,1.7188,0,0,0,,,
18.972,odom,map,-0.496785,0.113237,1.72626,0,0,0,,,
19.008,odom,map,-0.498734,0.12536,1.73428,0,0,0,,,
19.008,ekf_predict_only,map,-0.474165,0.189329,1.75818,6.05851,6.55808,-0.916446,,,
19.008,ekf,map,-0.505705,0.165254,1.74766,0.06882,0.0686778,5.89823e-06,0.083041,,
19.008,kf,map,-0.505572,0.165196,1.74822,0.0625528,0.0625528,0,0.059084,,
19.008,pf,map,-0.585199,0.197467,1.744,0.0681118,0.0647604,0.00179508,4.77075,469.862,0
19.044,odom,map,-0.500777,0.137434,1.74246,0,0,0,,,
19.08,odom,map,-0.502921,0.149505,1.75091,0,0,0,,,
19.116,odom,map,-0.505148,0.161424,1.76022,0,0,0,,,
19.152,odom,map,-0.507464,0.173192,1.77027,0,0,0,,,
19.188,odom,map,-0.509896,0.184912,1.78056,0,0,0,,,
19.188,ekf_predict_only,map,-0.485169,0.247366,1.8136,6.34448,6.62991,-0.973102,,,
19.224,odom,map,-0.512083,0.195079,1.79097,0,0,0,,,
19.188,kf,map,-0.517365,0.22446,1.79547,0.0623767,0.0623767,0,0.121,,
19.188,ekf,map,-0.517424,0.224591,1.79461,0.0677731,0.06765,8.96373e-06,0.05475,,
19.188,pf,map,-0.596435,0.291565,1.79967,0.0719327,0.0587253,0.00644018,4.68588,476.778,0
19.2,amcl,map,-0.495719,0.170811,1.7876,0.0227811,0.0383417,0.00640275,,,
19.26,odom,map,-0.514139,0.204178,1.80198,0,0,0,,,
19.296,odom,map,-0.516287,0.213129,1.81344,0,0,0,,,
19.332,odom,map,-0.518543,0.221984,1.82528,0,0,0,,,
19.368,odom,map,-0.520894,0.230689,1.83741,0,0,0,,,
19.404,odom,map,-0.52332,0.239171,1.85045,0,0,0,,,
19.404,ekf_predict_only,map,-0.50056,0.309504,1.89954,6.66259,6.69155,-1.02353,,,
19.404,ekf,map,-0.534142,0.290166,1.86905,0.0688444,0.0687049,1.51552e-05,0.05725,,
19.404,kf,map,-0.534023,0.289806,1.8704,0.0625527,0.0625527,0,0.06025,,
19.404,pf,map,-0.629373,0.322989,1.86858,0.0599203,0.0632623,-0.00299143,5.18204,480.05,0
19.44,odom,map,-0.526352,0.249456,1.86467,0,0,0,,,
19.476,odom,map,-0.529515,0.259645,1.87899,0,0,0,,,
19.512,odom,map,-0.532777,0.269637,1.89392,0,0,0,,,
19.548,odom,map,-0.536118,0.279368,1.90936,0,0,0,,,
19.584,odom,map,-0.539526,0.288809,1.92521,0,0,0,,,
19.62,odom,map,-0.543045,0.298091,1.94126,0,0,0,,,
19.584,kf,map,-0.550951,0.339571,1.9431,0.0623767,0.0623767,0,0.070667,,
19.584,ekf_predict_only,map,-0.516585,0.356481,1.97978,6.94078,6.75291,-1.04978,,,
19.584,ekf,map,-0.551101,0.33991,1.94204,0.0677789,0.0676683,1.58506e-05,0.109666,,
19.584,pf,map,-0.632476,0.391917,1.95604,0.0530124,0.0612382,0.00293249,14.3091,495.441,0
19.656,odom,map,-0.546631,0.307108,1.95762,0,0,0,,,
19.692,odom,map,-0.550202,0.315668,1.97449,0,0,0,,,
19.728,odom,map,-0.553787,0.323869,1.99177,0,0,0,,,
19.764,odom,map,-0.557461,0.331884,2.00923,0,0,0,,,
19.8,odom,map,-0.561173,0.339626,2.02695,0,0,0,,,
19.8,ekf_predict_only,map,-0.536184,0.401701,2.09058,7.22332,6.80751,-1.0626,,,
19.8,kf,map,-0.572488,0.389249,2.0454,0.0625527,0.0625527,0,0.067834,,
19.8,ekf,map,-0.572811,0.389758,2.04424,0.0688334,0.0687207,2.11942e-05,0.076916,,
19.8,amcl,map,-0.525112,0.320561,2.01759,0.0312678,0.0367735,0.0115853,,,
19.8,pf,map,-0.660226,0.430015,2.0589,0.0650967,0.0625255,0.000687403,5.62737,477.933,0
19.836,odom,map,-0.564901,0.347054,2.04516,0,0,0,,,
19.872,odom,map,-0.56872,0.354327,2.06362,0,0,0,,,
19.908,odom,map,-0.572577,0.361352,2.08216,0,0,0,,,
19.944,odom,map,-0.576344,0.367921,2.10093,0,0,0,,,
19.98,odom,map,-0.580111,0.374213,2.1198,0,0,0,,,
20.016,odom,map,-0.583215,0.379963,2.13918,0,0,0,,,
20.016,ekf_predict_only,map,-0.557897,0.439642,2.20395,7.48498,6.85962,-1.05818,,,
20.016,ekf,map,-0.59634,0.430951,2.15378,0.0690618,0.068967,2.251e-05,0.062208,,
20.016,kf,map,-0.595922,0.43053,2.15456,0.0625774,0.0625774,0,0.107042,,
20.016,pf,map,-0.685209,0.508513,2.16006,0.0652747,0.0557751,0.000875214,6.79717,463.982,0
20.052,odom,map,-0.585115,0.384736,2.15945,0,0,0,,,
20.088,odom,map,-0.586868,0.389021,2.17999,0,0,0,,,
20.124,odom,map,-0.588577,0.392992,2.20082,0,0,0,,,
20.16,odom,map,-0.590343,0.396803,2.22189,0,0,0,,,
20.196,odom,map,-0.592092,0.400365,2.24301,0,0,0,,,
20.196,ekf_predict_only,map,-0.573981,0.461556,2.3038,7.68194,6.92581,-1.04563,,,
20.196,ekf,map,-0.614969,0.456451,2.25097,0.0677415,0.0676791,1.8027e-05,0.078125,,
20.232,odom,map,-0.595366,0.404529,2.26311,0,0,0,,,
20.196,kf,map,-0.61454,0.456062,2.25147,0.0623802,0.0623802,0,1.77633,,
20.202,amcl,map,-0.563191,0.405731,2.22215,0.0280461,0.0319528,0.00802082,,,
20.196,pf,map,-0.710428,0.542047,2.25199,0.0647035,0.0612787,0.000363027,4.71733,485.439,0
20.268,odom,map,-0.598878,0.408679,2.28308,0,0,0,,,
20.304,odom,map,-0.60226,0.41252,2.30305,0,0,0,,,
20.34,odom,map,-0.605403,0.415948,2.32311,0,0,0,,,
20.376,odom,map,-0.608448,0.419137,2.34328,0,0,0,,,
20.412,odom,map,-0.611509,0.422215,2.36348,0,0,0,,,
20.412,ekf_predict_only,map,-0.591408,0.480912,2.42503,7.86982,6.99082,-1.0255,,,
20.412,ekf,map,-0.634886,0.478715,2.37071,0.0687176,0.0686647,1.88602e-05,0.055333,,
20.412,kf,map,-0.634418,0.478384,2.37103,0.0625532,0.0625532,0,0.055625,,
20.412,pf,map,-0.714013,0.548313,2.37167,0.0628472,0.067453,0.00520412,7.73463,487.123,0
20.448,odom,map,-0.614516,0.42512,2.38369,0,0,0,,,
20.484,odom,map,-0.617232,0.42764,2.40403,0,0,0,,,
20.52,odom,map,-0.619817,0.429942,2.42426,0,0,0,,,
20.556,odom,map,-0.622351,0.432108,2.44439,0,0,0,,,
20.592,odom,map,-0.624745,0.434074,2.46449,0,0,0,,,
20.628,odom,map,-0.623385,0.434241,2.48244,0,0,0,,,
20.592,ekf_predict_only,map,-0.60143,0.489641,2.52538,8.01014,7.07147,-1.01078,,,
20.592,ekf,map,-0.648072,0.490292,2.47105,0.0676621,0.0676291,1.3556e-05,0.066541,,
20.592,kf,map,-0.647612,0.489987,2.47117,0.0623768,0.0623768,0,0.0565,,
20.601,amcl,map,-0.58953,0.450168,2.43856,0.0303362,0.0291371,0.00708479,,,
20.592,pf,map,-0.727334,0.562783,2.46916,0.0612654,0.0679265,0.00177609,13.2576,465.689,0
20.664,odom,map,-0.620611,0.433703,2.49957,0,0,0,,,
20.7,odom,map,-0.617712,0.43301,2.51649,0,0,0,,,
20.736,odom,map,-0.614598,0.432106,2.53314,0,0,0,,,
20.772,odom,map,-0.611237,0.43098,2.54965,0,0,0,,,
20.808,odom,map,-0.608917,0.430263,2.56678,0,0,0,,,
20.808,ekf_predict_only,map,-0.609475,0.495339,2.64265,8.1367,7.15637,-0.997378,,,
20.808,ekf,map,-0.65932,0.498379,2.58913,0.0687087,0.0686829,1.20817e-05,0.056875,,
20.808,kf,map,-0.658831,0.498092,2.5891,0.0625528,0.0625528,0,0.104917,,
20.808,pf,map,-0.713381,0.576849,2.58715,0.0633013,0.0595995,0.000924109,5.00583,468.659,0
20.844,odom,map,-0.61032,0.431153,2.58631,0,0,0,,,
20.88,odom,map,-0.611525,0.431885,2.6055,0,0,0,,,
20.916,odom,map,-0.612637,0.432532,2.62442,0,0,0,,,
20.952,odom,map,-0.613739,0.433145,2.64324,0,0,0,,,
20.988,odom,map,-0.614587,0.433597,2.66182,0,0,0,,,
21.024,odom,map,-0.614773,0.435915,2.67915,0,0,0,,,
20.988,ekf_predict_only,map,-0.611978,0.496703,2.73346,8.24309,7.25174,-0.992779,,,
20.988,ekf,map,-0.665077,0.501635,2.68305,0.0676681,0.0676527,7.68238e-06,0.0555,,
20.988,kf,map,-0.664632,0.501392,2.68279,0.0623767,0.0623767,0,0.061167,,
21,amcl,map,-0.605648,0.461998,2.65822,0.0237936,0.0230639,0.00538235,,,
20.988,pf,map,-0.706911,0.572308,2.6948,0.0574531,0.065357,0.00044909,4.96654,492.7,0
21.06,odom,map,-0.614651,0.439318,2.69568,0,0,0,,,
21.096,odom,map,-0.614528,0.442709,2.71211,0,0,0,,,
21.132,odom,map,-0.614323,0.446051,2.72844,0,0,0,,,
21.168,odom,map,-0.614016,0.449338,2.74451,0,0,0,,,
21.204,odom,map,-0.613601,0.452384,2.76045,0,0,0,,,
21.204,ekf,map,-0.66804,0.503046,2.78982,0.0687174,0.0687058,6.1184e-06,0.058584,,
21.204,kf,map,-0.667657,0.502854,2.78943,0.0625527,0.0625527,0,0.06075,,
21.204,ekf_predict_only,map,-0.612533,0.496942,2.83694,8.34421,7.35072,-0.9917,,,
21.204,pf,map,-0.748663,0.590373,2.80713,0.0653968,0.0636864,-0.000818211,5.13483,473.298,0
21.24,odom,map,-0.613695,0.45242,2.77769,0,0,0,,,
21.276,odom,map,-0.61365,0.452404,2.79487,0,0,0,,,
21.312,odom,map,-0.61341,0.45232,2.81173,0,0,0,,,
21.348,odom,map,-0.613106,0.452219,2.82844,0,0,0,,,
21.384,odom,map,-0.61264,0.452073,2.84483,0,0,0,,,
21.42,odom,map,-0.611403,0.452894,2.86032,0,0,0,,,
21.384,ekf_predict_only,map,-0.608841,0.495782,2.91733,8.43877,7.45754,-0.999272,,,
21.384,kf,map,-0.666613,0.502622,2.87348,0.0623767,0.0623767,0,0.06425,,
21.384,ekf,map,-0.666955,0.50278,2.87392,0.067674,0.0676672,3.67328e-06,0.154833,,
21.384,pf,map,-0.735694,0.559365,2.87064,0.058104,0.067431,-0.00160013,4.8235,484.521,0
21.456,odom,map,-0.609507,0.454482,2.87505,0,0,0,,,
21.492,odom,map,-0.607538,0.456061,2.88969,0,0,0,,,
21.528,odom,map,-0.605448,0.457622,2.90395,0,0,0,,,
21.564,odom,map,-0.603902,0.459321,2.91691,0,0,0,,,
21.6,odom,map,-0.602879,0.461142,2.92728,0,0,0,,,
21.6,ekf_predict_only,map,-0.608841,0.495782,2.94022,8.53877,7.55754,-0.999272,,,
21.6,ekf,map,-0.664972,0.502497,2.94349,0.0687223,0.0687171,2.82262e-06,0.058375,,
21.6,kf,map,-0.665035,0.502449,2.93914,0.0625527,0.0625527,0,0.629458,,
21.6,amcl,map,-0.588093,0.453653,2.91724,0.0262619,0.0198259,0.00163149,,,
21.6,pf,map,-0.73849,0.585344,2.95096,0.0611984,0.0699826,0.00085535,8.7595,468.362,0
21.636,odom,map,-0.602851,0.461193,2.93621,0,0,0,,,
21.672,odom,map,-0.602851,0.461193,2.94258,0,0,0,,,
21.708,odom,map,-0.602851,0.461193,2.94636,0,0,0,,,
21.744,odom,map,-0.602851,0.461193,2.94755,0,0,0,,,
21.78,odom,map,-0.602851,0.461193,2.94755,0,0,0,,,
21.816,ekf_predict_only,map,-0.608841,0.495782,2.94022,8.63877,7.65754,-0.999272,,,
21.816,ekf,map,-0.664358,0.502397,2.97214,0.0689649,0.0689614,1.91361e-06,0.054083,,
21.816,kf,map,-0.664443,0.502384,2.96786,0.0625774,0.0625774,0,0.063625,,
21.816,odom,map,-0.602852,0.461228,2.94791,0,0,0,,,
21.816,pf,map,-0.74625,0.560268,2.9794,0.0692445,0.0602265,-0.001184,12.1162,474.592,0
21.852,odom,map,-0.602855,0.461318,2.94883,0,0,0,,,
21.888,odom,map,-0.60286,0.461407,2.94976,0,0,0,,,
21.924,odom,map,-0.602866,0.461495,2.95068,0,0,0,,,
21.96,odom,map,-0.602873,0.461583,2.9516,0,0,0,,,
21.996,odom,map,-0.602881,0.461669,2.95253,0,0,0,,,
21.996,ekf,map,-0.664175,0.502363,2.98087,0.0676753,0.0676733,1.08793e-06,0.057042,,
21.996,kf,map,-0.664223,0.50236,2.97857,0.0623802,0.0623802,0,0.061625,,
22.032,odom,map,-0.602882,0.461679,2.95263,0,0,0,,,
21.996,ekf_predict_only,map,-0.608841,0.495782,2.94022,8.73877,7.75754,-0.999272,,,
21.996,pf,map,-0.735861,0.572413,2.97652,0.0662753,0.0582271,-0.000709431,6.39496,476.499,0
22.068,odom,map,-0.602882,0.461679,2.95263,0,0,0,,,
22.104,odom,map,-0.602882,0.461679,2.95263,0,0,0,,,
22.14,odom,map,-0.602882,0.461679,2.95263,0,0,0,,,
22.176,odom,map,-0.602882,0.461679,2.95263,0,0,0,,,
22.212,odom,map,-0.602882,0.461679,2.95263,0,0,0,,,
22.212,ekf_predict_only,map,-0.608841,0.495782,2.94022,8.83877,7.85754,-0.999272,,,
22.212,ekf,map,-0.664116,0.502351,2.98373,0.0686586,0.0686571,8.15793e-07,0.060125,,
22.212,kf,map,-0.664139,0.502351,2.98262,0.0625532,0.0625532,0,0.067,,
22.212,pf,map,-0.74814,0.553268,2.98809,0.0699546,0.0640537,-0.00726342,5.00033,465.163,0
22.248,odom,map,-0.602882,0.461679,2.95263,0,0,0,,,
22.284,odom,map,-0.602882,0.461679,2.95263,0,0,0,,,
22.32,odom,map,-0.602882,0.461679,2.95263,0,0,0,,,
22.356,odom,map,-0.602882,0.461679,2.95263,0,0,0,,,
22.392,odom,map,-0.602882,0.461679,2.95263,0,0,0,,,
22.428,odom,map,-0.600922,0.460637,2.95065,0,0,0,,,
22.392,ekf,map,-0.664098,0.502347,2.98461,0.0676238,0.0676229,4.78162e-07,0.104083,,
22.392,kf,map,-0.664108,0.502347,2.98413,0.0623768,0.0623768,0,0.106667,,
22.392,ekf_predict_only,map,-0.608841,0.495782,2.94022,8.93877,7.95754,-0.999272,,,
22.392,pf,map,-0.74445,0.552917,2.98916,0.0630131,0.0661873,0.00282407,6.33521,461.019,0
22.464,odom,map,-0.598465,0.459237,2.94816,0,0,0,,,
22.5,odom,map,-0.597102,0.458047,2.9459,0,0,0,,,
22.536,odom,map,-0.596523,0.457011,2.94403,0,0,0,,,
22.572,odom,map,-0.596497,0.456088,2.94246,0,0,0,,,
22.608,odom,map,-0.597469,0.455573,2.94181,0,0,0,,,
22.608,ekf,map,-0.677628,0.50448,2.99088,0.0686774,0.0686779,5.48065e-07,0.146416,,
22.608,ekf_predict_only,map,-0.631146,0.500335,2.94993,9.06016,8.01776,-0.950965,,,
22.608,kf,map,-0.678431,0.504604,2.99101,0.0625528,0.0625528,0,0.06775,,
22.608,pf,map,-0.757812,0.562953,2.99942,0.0628503,0.0665581,-0.0042836,6.397,483.713,0
22.644,odom,map,-0.601496,0.456384,2.94377,0,0,0,,,
22.68,odom,map,-0.606387,0.457359,2.94589,0,0,0,,,
22.716,odom,map,-0.611569,0.458381,2.94798,0,0,0,,,
22.752,odom,map,-0.617002,0.45944,2.95004,0,0,0,,,
22.788,odom,map,-0.623329,0.46066,2.95207,0,0,0,,,
22.824,odom,map,-0.630119,0.461956,2.95381,0,0,0,,,
22.788,ekf_predict_only,map,-0.666489,0.507193,2.95769,9.19262,8.06165,-0.872744,,,
22.788,ekf,map,-0.70402,0.508384,2.99927,0.0676491,0.0676546,1.14834e-06,0.066958,,
22.788,kf,map,-0.705039,0.508549,2.99927,0.0623767,0.0623767,0,0.061333,,
22.788,pf,map,-0.771909,0.57393,3.01334,0.0626662,0.062522,0.00127604,12.7823,463.127,0
22.86,odom,map,-0.637194,0.463295,2.95536,0,0,0,,,
22.896,odom,map,-0.644542,0.464673,2.957,0,0,0,,,
22.932,odom,map,-0.652244,0.466104,2.95872,0,0,0,,,
22.968,odom,map,-0.660549,0.467633,2.96049,0,0,0,,,
23.004,odom,map,-0.669064,0.469184,2.96221,0,0,0,,,
23.004,ekf_predict_only,map,-0.722035,0.517525,2.96864,9.34215,8.09088,-0.746189,,,
23.004,ekf,map,-0.750163,0.514763,3.00986,0.0687031,0.0687246,3.48011e-06,0.058583,,
23.004,kf,map,-0.751421,0.514969,3.00989,0.0625527,0.0625527,0,0.056542,,
23.004,pf,map,-0.823726,0.57075,3.01442,0.0614198,0.0633842,-0.00409406,10.0568,466.365,0
23.04,odom,map,-0.678213,0.470835,2.96402,0,0,0,,,
23.076,odom,map,-0.687673,0.472523,2.9658,0,0,0,,,
23.112,odom,map,-0.697357,0.474235,2.96756,0,0,0,,,
23.148,odom,map,-0.707268,0.475968,2.96944,0,0,0,,,
23.184,odom,map,-0.717728,0.477776,2.97134,0,0,0,,,
23.184,ekf_predict_only,map,-0.777665,0.527244,2.97734,9.48942,8.14161,-0.615203,,,
23.184,kf,map,-0.799495,0.521076,3.01875,0.0623767,0.0623767,0,0.091792,,
23.22,odom,map,-0.728705,0.479653,2.97311,0,0,0,,,
23.184,ekf,map,-0.798418,0.520897,3.01875,0.067666,0.0677012,5.24078e-06,0.107916,,
23.184,pf,map,-0.848695,0.594731,3.0352,0.0650222,0.0559511,-0.00191447,6.11525,483.72,0
23.256,odom,map,-0.739841,0.481537,2.97485,0,0,0,,,
23.292,odom,map,-0.751218,0.483442,2.97643,0,0,0,,,
23.328,odom,map,-0.76302,0.485401,2.97779,0,0,0,,,
23.364,odom,map,-0.775222,0.48741,2.97907,0,0,0,,,
23.4,odom,map,-0.787736,0.489453,2.9805,0,0,0,,,
23.4,ekf_predict_only,map,-0.853272,0.539775,2.98625,9.65136,8.20988,-0.430979,,,
23.4,kf,map,-0.869083,0.529315,3.02787,0.0625527,0.0625527,0,0.062125,,
23.4,ekf,map,-0.868108,0.529142,3.0279,0.0687169,0.068787,9.74003e-06,1.19529,,
23.4,pf,map,-0.93377,0.59274,3.0389,0.0605592,0.0632193,-0.00357267,7.52333,477.263,0
23.436,odom,map,-0.800345,0.491492,2.98199,0,0,0,,,
23.472,odom,map,-0.813152,0.493544,2.98339,0,0,0,,,
23.508,odom,map,-0.826234,0.495622,2.98467,0,0,0,,,
23.544,odom,map,-0.839513,0.497715,2.98587,0,0,0,,,
23.58,odom,map,-0.852858,0.499802,2.98705,0,0,0,,,
23.616,ekf_predict_only,map,-0.935068,0.552585,2.99208,9.81584,8.32184,-0.224166,,,
23.616,ekf,map,-0.94622,0.537683,3.03501,0.068962,0.0690624,1.31278e-05,0.060542,,
23.616,odom,map,-0.866376,0.5019,2.98809,0,0,0,,,
23.616,kf,map,-0.946966,0.537844,3.03488,0.0625774,0.0625774,0,0.059583,,
23.601,amcl,map,-0.853874,0.480966,2.99455,0.0324386,0.0246408,0.00665454,,,
23.616,pf,map,-1.00468,0.607247,3.04551,0.0570827,0.0568959,0.000221784,7.78696,472.439,0
23.652,odom,map,-0.880137,0.504023,2.98905,0,0,0,,,
23.688,odom,map,-0.89393,0.506136,2.99001,0,0,0,,,
23.724,odom,map,-0.907811,0.508251,2.99083,0,0,0,,,
23.76,odom,map,-0.921792,0.510369,2.99161,0,0,0,,,
23.796,odom,map,-0.935814,0.512482,2.99237,0,0,0,,,
23.832,odom,map,-0.949782,0.514578,2.99304,0,0,0,,,
23.796,ekf_predict_only,map,-1.00487,0.5631,2.99535,9.96967,8.4706,-0.041832,,,
23.796,kf,map,-1.01532,0.544886,3.03922,0.0623802,0.0623802,0,0.057958,,
23.796,pf,map,-1.08937,0.614742,3.04614,0.0621475,0.0680906,-0.000197923,4.70917,488.936,0
23.796,ekf,map,-1.01492,0.544777,3.03936,0.0676743,0.0677789,1.29685e-05,0.060875,,
23.868,odom,map,-0.963745,0.516663,2.99369,0,0,0,,,
23.904,odom,map,-0.977672,0.518734,2.99423,0,0,0,,,
23.94,odom,map,-0.991585,0.520795,2.99486,0,0,0,,,
23.976,odom,map,-1.00544,0.522839,2.99542,0,0,0,,,
24.012,ekf,map,-1.09827,0.553109,3.04321,0.0686587,0.0688058,1.72399e-05,0.0595,,
24.012,odom,map,-1.01929,0.524873,2.99597,0,0,0,,,
24.012,kf,map,-1.09843,0.553183,3.04311,0.0625532,0.0625532,0,0.075916,,
24.012,ekf_predict_only,map,-1.08795,0.575336,2.99864,10.1333,8.67559,0.182029,,,
24.012,pf,map,-1.16999,0.632997,3.03752,0.0596885,0.071036,0.00231866,4.69142,473.998,0
24.048,odom,map,-1.0331,0.526895,2.99629,0,0,0,,,
24.084,odom,map,-1.04683,0.528905,2.99634,0,0,0,,,
24.12,odom,map,-1.06053,0.530909,2.99624,0,0,0,,,
24.156,odom,map,-1.07418,0.532907,2.99612,0,0,0,,,
24.192,odom,map,-1.08758,0.534874,2.99573,0,0,0,,,
24.228,odom,map,-1.10085,0.536826,2.99519,0,0,0,,,
24.192,kf,map,-1.16616,0.559759,3.04208,0.0623768,0.0623768,0,0.05925,,
24.192,ekf_predict_only,map,-1.15415,0.584865,2.9957,10.2837,8.89623,0.365621,,,
24.192,ekf,map,-1.16621,0.559708,3.04227,0.0676244,0.0677614,1.54199e-05,0.055,,
24.192,pf,map,-1.24458,0.638028,3.04944,0.0593408,0.0631456,0.000468352,4.79838,460.965,0
24.264,odom,map,-1.11408,0.538781,2.99461,0,0,0,,,
24.3,odom,map,-1.12712,0.540717,2.99379,0,0,0,,,
24.336,odom,map,-1.13973,0.542603,2.99223,0,0,0,,,
24.372,odom,map,-1.15201,0.544464,2.99019,0,0,0,,,
24.408,odom,map,-1.16391,0.545452,2.98831,0,0,0,,,
24.408,ekf,map,-1.24259,0.567345,3.0336,0.0686785,0.0688447,1.80688e-05,0.065333,,
24.408,ekf_predict_only,map,-1.22717,0.595594,2.9828,10.4412,9.1679,0.573981,,,
24.408,kf,map,-1.2423,0.56739,3.03315,0.0625528,0.0625528,0,0.0565,,
24.402,amcl,map,-1.14026,0.523968,3.00251,0.0428687,0.0433646,0.0194339,,,
24.408,pf,map,-1.31907,0.653482,3.04352,0.0615202,0.0612013,-0.0069331,7.21117,463.959,0
24.444,odom,map,-1.17469,0.543334,2.9873,0,0,0,,,
24.48,odom,map,-1.18526,0.541179,2.98608,0,0,0,,,
24.516,odom,map,-1.19558,0.538985,2.98448,0,0,0,,,
24.552,odom,map,-1.20566,0.536758,2.98268,0,0,0,,,
24.588,odom,map,-1.21558,0.534509,2.98078,0,0,0,,,
24.588,ekf_predict_only,map,-1.2799,0.604038,2.96309,10.5871,9.41732,0.729227,,,
24.588,kf,map,-1.29938,0.573747,3.01867,0.0623767,0.0623767,0,0.117458,,
24.624,odom,map,-1.2259,0.534805,2.97762,0,0,0,,,
24.588,ekf,map,-1.29982,0.573719,3.01926,0.06765,0.067787,1.47086e-05,0.058125,,
24.588,pf,map,-1.37924,0.634226,3.02847,0.0592146,0.0679408,-0.00143241,7.64767,475.03,0
24.66,odom,map,-1.23628,0.536544,2.97356,0,0,0,,,
24.696,odom,map,-1.24643,0.538287,2.96938,0,0,0,,,
24.732,odom,map,-1.25632,0.54003,2.96476,0,0,0,,,
24.768,odom,map,-1.26579,0.541747,2.95958,0,0,0,,,
24.804,odom,map,-1.27507,0.54348,2.95424,0,0,0,,,
24.804,ekf_predict_only,map,-1.33528,0.614029,2.92838,10.7421,9.69757,0.897964,,,
24.804,kf,map,-1.35951,0.581546,2.99077,0.0625527,0.0625527,0,0.058208,,
24.804,ekf,map,-1.36007,0.581549,2.99162,0.0687039,0.06885,1.58485e-05,0.137208,,
24.804,pf,map,-1.4453,0.615739,3.00177,0.0617804,0.0540939,0.00359047,6.7215,471.383,0
24.84,odom,map,-1.2843,0.545257,2.94867,0,0,0,,,
24.876,odom,map,-1.29327,0.547036,2.9425,0,0,0,,,
24.912,odom,map,-1.30202,0.54883,2.93597,0,0,0,,,
24.948,odom,map,-1.3107,0.550671,2.92928,0,0,0,,,
24.984,odom,map,-1.31924,0.552544,2.92244,0,0,0,,,
25.02,odom,map,-1.3276,0.554434,2.91537,0,0,0,,,
24.984,ekf_predict_only,map,-1.37695,0.623052,2.89285,10.8925,9.94918,1.03069,,,
24.984,ekf,map,-1.40518,0.588851,2.96079,0.0676664,0.0677773,1.2493e-05,0.062042,,
24.984,kf,map,-1.40473,0.588823,2.96011,0.0623767,0.0623767,0,0.155375,,
24.984,pf,map,-1.48424,0.633631,2.97608,0.0599229,0.0615072,0.00183382,4.69383,499.627,0
25.056,odom,map,-1.3359,0.556377,2.90827,0,0,0,,,
25.092,odom,map,-1.34413,0.558365,2.90093,0,0,0,,,
25.128,odom,map,-1.35223,0.560386,2.89318,0,0,0,,,
25.164,odom,map,-1.36016,0.562431,2.88495,0,0,0,,,
25.2,odom,map,-1.36801,0.564525,2.87662,0,0,0,,,
25.2,ekf_predict_only,map,-1.42306,0.634765,2.84162,11.0588,10.2331,1.18465,,,
25.2,ekf,map,-1.4546,0.598696,2.91482,0.0687171,0.0688285,1.36102e-05,0.062334,,
25.2,kf,map,-1.45419,0.598617,2.91409,0.0625527,0.0625527,0,0.059958,,
25.2,pf,map,-1.54437,0.64767,2.93269,0.0669653,0.0667576,-0.000639037,5.08858,473.712,0
25.236,odom,map,-1.37305,0.566382,2.86935,0,0,0,,,
25.272,odom,map,-1.3779,0.568244,2.86183,0,0,0,,,
25.308,odom,map,-1.38262,0.570118,2.854,0,0,0,,,
25.344,odom,map,-1.38727,0.572025,2.84608,0,0,0,,,
25.38,odom,map,-1.39193,0.573984,2.83788,0,0,0,,,
25.416,ekf,map,-1.50001,0.610183,2.85974,0.0689621,0.0690588,1.32517e-05,0.10475,,
25.416,kf,map,-1.4997,0.610071,2.859,0.0625774,0.0625774,0,0.05725,,
25.416,odom,map,-1.39746,0.576074,2.82868,0,0,0,,,
25.401,amcl,map,-1.38952,0.585439,2.81037,0.0456349,0.0583813,0.0191325,,,
25.416,ekf_predict_only,map,-1.46609,0.648072,2.7814,11.2356,10.5202,1.33762,,,
25.416,pf,map,-1.56928,0.664691,2.87286,0.0642667,0.0574058,-0.000683904,6.27192,471.446,0
25.452,odom,map,-1.40459,0.578421,2.81864,0,0,0,,,
25.488,odom,map,-1.41183,0.580885,2.80869,0,0,0,,,
25.524,odom,map,-1.41922,0.583479,2.79882,0,0,0,,,
25.56,odom,map,-1.42669,0.586187,2.78898,0,0,0,,,
25.596,odom,map,-1.43417,0.588982,2.77915,0,0,0,,,
25.596,kf,map,-1.53771,0.621972,2.81138,0.0623802,0.0623802,0,0.097459,,
25.632,odom,map,-1.44156,0.591826,2.76927,0,0,0,,,
25.596,ekf_predict_only,map,-1.50297,0.661964,2.73186,11.4172,10.7927,1.4785,,,
25.596,ekf,map,-1.53782,0.622067,2.81178,0.0676746,0.0677446,1.12463e-05,0.181084,,
25.596,pf,map,-1.59904,0.664616,2.80612,0.0653397,0.0584928,-0.00420955,5.16246,481.259,0
25.668,odom,map,-1.44887,0.594722,2.75913,0,0,0,,,
25.704,odom,map,-1.45611,0.597677,2.74881,0,0,0,,,
25.74,odom,map,-1.46329,0.600699,2.73844,0,0,0,,,
25.776,odom,map,-1.47035,0.603751,2.72787,0,0,0,,,
25.812,kf,map,-1.58137,0.638161,2.74902,0.0625532,0.0625532,0,0.063958,,
25.812,odom,map,-1.47733,0.606861,2.71711,0,0,0,,,
25.812,ekf_predict_only,map,-1.54504,0.680234,2.66704,11.627,11.1031,1.65063,,,
25.812,ekf,map,-1.58144,0.638298,2.74938,0.0686598,0.0687313,1.42905e-05,0.058834,,
25.812,pf,map,-1.65391,0.668019,2.73875,0.0705691,0.0577441,-0.00195782,5.3465,479.563,0
25.848,odom,map,-1.48417,0.609999,2.70619,0,0,0,,,
25.884,odom,map,-1.49089,0.613169,2.69519,0,0,0,,,
25.92,odom,map,-1.49762,0.616433,2.68414,0,0,0,,,
25.956,odom,map,-1.50412,0.619681,2.6726,0,0,0,,,
25.992,odom,map,-1.51052,0.622971,2.66092,0,0,0,,,
25.992,kf,map,-1.61486,0.653124,2.69194,0.0623768,0.0623768,0,0.059417,,
26.028,odom,map,-1.51683,0.62631,2.64892,0,0,0,,,
25.992,ekf,map,-1.61495,0.653256,2.69238,0.0676261,0.0676804,1.31279e-05,0.055167,,
25.992,ekf_predict_only,map,-1.57668,0.696485,2.60605,11.8271,11.3712,1.79117,,,
25.992,pf,map,-1.65874,0.690342,2.7065,0.0685018,0.0584659,-0.00217043,4.99204,468.003,0
26.064,odom,map,-1.52283,0.629579,2.63625,0,0,0,,,
26.1,odom,map,-1.52868,0.632864,2.62324,0,0,0,,,
26.136,odom,map,-1.5343,0.636119,2.60975,0,0,0,,,
26.172,odom,map,-1.5397,0.639345,2.59596,0,0,0,,,
26.208,odom,map,-1.54477,0.643191,2.58096,0,0,0,,,
26.208,ekf_predict_only,map,-1.60901,0.715671,2.52117,12.0481,11.6517,1.94667,,,
26.208,ekf,map,-1.64991,0.671519,2.61281,0.0686817,0.0687359,1.61639e-05,0.06,,
26.208,kf,map,-1.64976,0.671329,2.61218,0.0625528,0.0625528,0,0.066584,,
26.202,amcl,map,-1.55291,0.660667,2.56858,0.0358266,0.0675926,0.0179587,,,
26.208,pf,map,-1.72539,0.741216,2.63728,0.0580866,0.0613517,0.00205614,5.01517,456.824,0
26.244,odom,map,-1.5488,0.649035,2.56249,0,0,0,,,
26.28,odom,map,-1.55275,0.654969,2.54395,0,0,0,,,
26.316,odom,map,-1.55646,0.660882,2.52501,0,0,0,,,
26.352,odom,map,-1.56008,0.666875,2.50581,0,0,0,,,
26.388,odom,map,-1.56371,0.67303,2.48639,0,0,0,,,
26.388,ekf,map,-1.67618,0.688092,2.53907,0.0676537,0.067693,1.40671e-05,0.063125,,
26.388,kf,map,-1.67613,0.687955,2.53856,0.0623767,0.0623767,0,0.05675,,
26.424,odom,map,-1.56809,0.677711,2.46947,0,0,0,,,
26.388,ekf_predict_only,map,-1.63393,0.73348,2.44384,12.2632,11.897,2.07915,,,
26.388,pf,map,-1.75371,0.743295,2.56465,0.0665625,0.05659,-0.000366391,9.99904,475.343,0
26.46,odom,map,-1.57263,0.681385,2.45355,0,0,0,,,
26.496,odom,map,-1.57683,0.684892,2.43714,0,0,0,,,
26.532,odom,map,-1.58088,0.688392,2.42054,0,0,0,,,
26.568,odom,map,-1.58472,0.691826,2.40349,0,0,0,,,
26.604,odom,map,-1.58841,0.695237,2.38614,0,0,0,,,
26.604,kf,map,-1.70174,0.70715,2.43887,0.0625527,0.0625527,0,0.063083,,
26.604,ekf,map,-1.70188,0.707392,2.43954,0.0687092,0.0687457,1.60721e-05,0.056541,,
26.604,ekf_predict_only,map,-1.65678,0.752633,2.33894,12.4901,12.1349,2.21263,,,
26.604,pf,map,-1.76759,0.748633,2.44556,0.0651645,0.0630629,0.00336648,4.73604,481.733,0
26.64,odom,map,-1.59194,0.698625,2.3684,0,0,0,,,
26.676,odom,map,-1.59542,0.702081,2.3503,0,0,0,,,
26.712,odom,map,-1.59887,0.705632,2.33197,0,0,0,,,
26.748,odom,map,-1.60236,0.709366,2.31341,0,0,0,,,
26.784,odom,map,-1.60581,0.713196,2.29474,0,0,0,,,
26.82,odom,map,-1.60919,0.717092,2.27606,0,0,0,,,
26.784,ekf_predict_only,map,-1.6747,0.771183,2.24554,12.7161,12.3463,2.33114,,,
26.802,amcl,map,-1.62558,0.730204,2.28541,0.037444,0.0602418,0.0197149,,,
26.784,ekf,map,-1.72102,0.725006,2.34916,0.0676717,0.0676962,1.32059e-05,0.088084,,
26.784,kf,map,-1.721,0.724855,2.34867,0.0623767,0.0623767,0,2.58237,,
26.784,pf,map,-1.77951,0.762704,2.36372,0.0637422,0.0606404,8.13249e-05,7.50621,477.244,0
26.856,odom,map,-1.61252,0.72108,2.25725,0,0,0,,,
26.892,odom,map,-1.61588,0.725269,2.23843,0,0,0,,,
26.928,odom,map,-1.6193,0.729685,2.21969,0,0,0,,,
26.964,odom,map,-1.62267,0.734221,2.20101,0,0,0,,,
27,odom,map,-1.62603,0.738908,2.18218,0,0,0,,,
27,ekf_predict_only,map,-1.69698,0.799037,2.13385,13.011,12.5888,2.49817,,,
27,kf,map,-1.74374,0.750114,2.23764,0.0625527,0.0625527,0,0.056458,,
27,ekf,map,-1.74353,0.750141,2.23785,0.0687252,0.0687458,1.55688e-05,0.059125,,
27,pf,map,-1.78929,0.800065,2.23351,0.0624002,0.0566816,0.00237885,4.52862,481.887,0
27.036,odom,map,-1.63213,0.744531,2.16472,0,0,0,,,
27.072,odom,map,-1.63826,0.750256,2.14733,0,0,0,,,
27.108,odom,map,-1.64437,0.756126,2.12997,0,0,0,,,
27.144,odom,map,-1.65049,0.762191,2.11257,0,0,0,,,
27.18,odom,map,-1.65656,0.768387,2.09501,0,0,0,,,
27.216,odom,map,-1.66145,0.774375,2.0769,0,0,0,,,
27.216,ekf_predict_only,map,-1.71734,0.831293,2.02066,13.3454,12.8229,2.67838,,,
27.216,ekf,map,-1.7646,0.780155,2.12552,0.0689733,0.0689867,1.65616e-05,0.061458,,
27.216,kf,map,-1.76491,0.780144,2.12536,0.0625774,0.0625774,0,0.217042,,
27.201,amcl,map,-1.68087,0.775785,2.09168,0.0451152,0.0598895,0.0269503,,,
27.216,pf,map,-1.82037,0.806261,2.11922,0.0528888,0.0634458,-0.00239999,6.50408,473.434,0
27.252,odom,map,-1.66449,0.779988,2.05796,0,0,0,,,
27.288,odom,map,-1.66747,0.78574,2.03901,0,0,0,,,
27.324,odom,map,-1.67034,0.791555,2.02005,0,0,0,,,
27.36,odom,map,-1.67311,0.797434,2.00125,0,0,0,,,
27.396,odom,map,-1.67591,0.803676,1.98292,0,0,0,,,
27.432,odom,map,-1.67881,0.810478,1.96523,0,0,0,,,
27.396,ekf_predict_only,map,-1.73381,0.865405,1.93327,13.7036,13.0342,2.85593,,,
27.396,ekf,map,-1.781,0.809922,2.03393,0.0676877,0.0676921,1.51417e-05,0.0585,,
27.396,kf,map,-1.78141,0.810096,2.03421,0.0623802,0.0623802,0,0.054125,,
27.396,pf,map,-1.84602,0.842664,2.03394,0.0566654,0.0613665,-0.00370147,6.6995,477.027,0
27.468,odom,map,-1.68166,0.817498,1.94775,0,0,0,,,
27.504,odom,map,-1.68451,0.824884,1.93074,0,0,0,,,
27.54,odom,map,-1.68735,0.832642,1.91394,0,0,0,,,
27.576,odom,map,-1.69015,0.840703,1.89733,0,0,0,,,
27.612,odom,map,-1.69297,0.849618,1.88046,0,0,0,,,
27.612,ekf_predict_only,map,-1.75242,0.914468,1.83432,14.1938,13.2628,3.09954,,,
27.612,ekf,map,-1.80035,0.854352,1.93145,0.0686837,0.0686771,2.08363e-05,0.062792,,
27.612,kf,map,-1.8009,0.854626,1.93187,0.0625532,0.0625532,0,0.055083,,
27.612,pf,map,-1.87877,0.885293,1.9304,0.0588732,0.0555996,-0.000150133,6.05817,484.586,0
27.648,odom,map,-1.69591,0.860206,1.8629,0,0,0,,,
27.684,odom,map,-1.69877,0.871139,1.84559,0,0,0,,,
27.72,odom,map,-1.70151,0.882292,1.8285,0,0,0,,,
27.756,odom,map,-1.70411,0.893577,1.81153,0,0,0,,,
27.792,odom,map,-1.7066,0.905152,1.79482,0,0,0,,,
27.828,odom,map,-1.7088,0.91544,1.7794,0,0,0,,,
27.792,ekf,map,-1.81477,0.899022,1.85234,0.0676558,0.0676386,2.04157e-05,0.06,,
27.792,kf,map,-1.81526,0.899266,1.85284,0.0623768,0.0623768,0,0.100459,,
27.792,ekf_predict_only,map,-1.76542,0.962649,1.75944,14.6987,13.4546,3.32428,,,
27.801,amcl,map,-1.73991,0.901195,1.82093,0.0379067,0.0517305,0.0216852,,,
27.792,pf,map,-1.8869,0.965254,1.85239,0.0678811,0.0601317,-0.00407249,7.56267,482.945,0
27.864,odom,map,-1.71079,0.92522,1.76443,0,0,0,,,
27.9,odom,map,-1.71265,0.935076,1.74964,0,0,0,,,
27.936,odom,map,-1.71436,0.944976,1.73541,0,0,0,,,
27.972,odom,map,-1.71596,0.954997,1.72176,0,0,0,,,
28.008,odom,map,-1.71826,0.964738,1.7087,0,0,0,,,
28.008,ekf_predict_only,map,-1.77684,1.02251,1.67779,15.3321,13.6366,3.58999,,,
28.008,kf,map,-1.82917,0.9571,1.76669,0.0625528,0.0625528,0,0.058458,,
28.008,ekf,map,-1.82866,0.956972,1.76608,0.0687311,0.0686929,2.65058e-05,0.058375,,
28.008,pf,map,-1.89753,1.00753,1.76458,0.074976,0.0631913,0.0049423,4.86675,451.494,0
28.044,odom,map,-1.7234,0.973384,1.69781,0,0,0,,,
28.08,odom,map,-1.72845,0.982007,1.68737,0,0,0,,,
28.116,odom,map,-1.73343,0.990626,1.67701,0,0,0,,,
28.152,odom,map,-1.73832,0.99908,1.66685,0,0,0,,,
28.188,odom,map,-1.74313,1.00757,1.65711,0,0,0,,,
28.188,kf,map,-1.83669,1.00611,1.7032,0.0623767,0.0623767,0,0.060541,,
28.224,odom,map,-1.74535,1.01697,1.64617,0,0,0,,,
28.188,ekf_predict_only,map,-1.78214,1.07185,1.61946,15.8974,13.7751,3.79398,,,
28.188,ekf,map,-1.83629,1.00611,1.70256,0.0677051,0.0676602,2.26052e-05,0.055458,,
28.188,pf,map,-1.93615,1.03914,1.71013,0.0734867,0.0681704,0.00297163,6.13692,457.237,0
28.26,odom,map,-1.74604,1.02687,1.6345,0,0,0,,,
28.296,odom,map,-1.74661,1.03672,1.623,0,0,0,,,
28.332,odom,map,-1.74707,1.04652,1.61177,0,0,0,,,
28.368,odom,map,-1.74741,1.05612,1.60081,0,0,0,,,
28.404,odom,map,-1.74765,1.06556,1.59031,0,0,0,,,
28.404,kf,map,-1.84216,1.06374,1.63541,0.0625527,0.0625527,0,0.102666,,
28.404,ekf,map,-1.84177,1.0639,1.63471,0.0687784,0.0687128,2.41965e-05,0.054542,,
28.404,ekf_predict_only,map,-1.7849,1.1284,1.55672,16.5593,13.8952,4.01389,,,
28.401,amcl,map,-1.76503,1.06182,1.6144,0.0379037,0.0464408,0.0239247,,,
28.404,pf,map,-1.9183,1.10557,1.64012,0.0617338,0.0664898,-0.000461275,5.45754,475.122,0
28.44,odom,map,-1.74778,1.07499,1.57985,0,0,0,,,
28.476,odom,map,-1.74782,1.0841,1.57004,0,0,0,,,
28.512,odom,map,-1.74778,1.09197,1.56272,0,0,0,,,
28.548,odom,map,-1.74771,1.09854,1.55798,0,0,0,,,
28.584,odom,map,-1.74764,1.10382,1.55584,0,0,0,,,
28.584,ekf_predict_only,map,-1.7849,1.1284,1.55672,16.6593,13.9952,4.01389,,,
28.62,odom,map,-1.74914,1.10787,1.55734,0,0,0,,,
28.584,ekf,map,-1.84223,1.09028,1.60982,0.0677212,0.0676717,1.64658e-05,0.1005,,
28.584,kf,map,-1.84241,1.08815,1.61203,0.0623767,0.0623767,0,0.06,,
28.584,pf,map,-1.91263,1.17016,1.60074,0.0659079,0.0628121,-4.69063e-05,5.67021,465.348,0
28.656,odom,map,-1.75193,1.11067,1.56029,0,0,0,,,
28.692,odom,map,-1.75474,1.11215,1.56323,0,0,0,,,
28.728,odom,map,-1.75757,1.11245,1.56618,0,0,0,,,
28.764,odom,map,-1.76041,1.11252,1.56913,0,0,0,,,
28.8,odom,map,-1.76324,1.11257,1.57207,0,0,0,,,
28.8,kf,map,-1.84264,1.10253,1.60312,0.0625527,0.0625527,0,0.099542,,
28.8,ekf_predict_only,map,-1.7849,1.1284,1.55672,16.7593,14.0952,4.01389,,,
28.8,ekf,map,-1.8426,1.10462,1.60155,0.0687638,0.0687207,1.35794e-05,0.108584,,
28.8,pf,map,-1.92339,1.16619,1.60973,0.0572978,0.0596947,0.00144845,4.49783,477.251,0
28.836,odom,map,-1.76332,1.11258,1.57216,0,0,0,,,
28.872,odom,map,-1.76332,1.11258,1.57216,0,0,0,,,
28.908,odom,map,-1.76332,1.11258,1.57216,0,0,0,,,
28.944,odom,map,-1.76332,1.11258,1.57216,0,0,0,,,
28.98,odom,map,-1.76332,1.11258,1.57216,0,0,0,,,
29.016,odom,map,-1.76332,1.11258,1.57216,0,0,0,,,
29.016,ekf_predict_only,map,-1.7849,1.1284,1.55672,16.8593,14.1952,4.01389,,,
29.016,ekf,map,-1.84273,1.10912,1.59896,0.0689946,0.0689639,9.47915e-06,0.195,,
29.016,kf,map,-1.84273,1.10792,1.59979,0.0625774,0.0625774,0,0.060208,,
29.016,pf,map,-1.90725,1.17164,1.61008,0.0615423,0.0617531,0.00587893,4.92775,476.684,0
29.052,odom,map,-1.76332,1.11258,1.57216,0,0,0,,,
29.088,odom,map,-1.76332,1.11258,1.57216,0,0,0,,,
29.124,odom,map,-1.76332,1.11258,1.57216,0,0,0,,,
29.16,odom,map,-1.76332,1.11258,1.57216,0,0,0,,,
29.196,odom,map,-1.76332,1.11258,1.57216,0,0,0,,,
29.232,odom,map,-1.76375,1.11203,1.57323,0,0,0,,,
29.196,ekf_predict_only,map,-1.7849,1.1284,1.55672,16.9593,14.2952,4.01389,,,
29.196,ekf,map,-1.84277,1.11049,1.59817,0.0676925,0.0676747,5.45419e-06,0.139375,,
29.196,kf,map,-1.84276,1.10993,1.59854,0.0623802,0.0623802,0,0.103458,,
29.196,pf,map,-1.89795,1.16779,1.62441,0.0564468,0.0621862,0.00368304,6.74867,489.498,0
29.268,odom,map,-1.76423,1.11142,1.57444,0,0,0,,,
29.304,odom,map,-1.76471,1.1113,1.57559,0,0,0,,,
29.34,odom,map,-1.76521,1.11206,1.57653,0,0,0,,,
29.376,odom,map,-1.7657,1.1133,1.57738,0,0,0,,,
29.412,ekf_predict_only,map,-1.78467,1.14486,1.55179,17.2288,14.3935,4.07284,,,
29.412,kf,map,-1.84305,1.1206,1.59537,0.0625532,0.0625532,0,0.061667,,
29.412,odom,map,-1.76606,1.11513,1.57754,0,0,0,,,
29.412,ekf,map,-1.84303,1.12021,1.59542,0.0686724,0.0686582,4.1288e-06,0.082542,,
29.412,pf,map,-1.90607,1.16472,1.61571,0.0640175,0.0598582,0.00414416,4.91488,497.333,0
29.448,odom,map,-1.76608,1.11816,1.57624,0,0,0,,,
29.484,odom,map,-1.76609,1.12171,1.5743,0,0,0,,,
29.52,odom,map,-1.7661,1.12548,1.57214,0,0,0,,,
29.556,odom,map,-1.7661,1.12965,1.56921,0,0,0,,,
29.592,odom,map,-1.76609,1.13419,1.5655,0,0,0,,,
29.592,ekf_predict_only,map,-1.78423,1.16793,1.53226,17.5709,14.4903,4.15478,,,
29.592,ekf,map,-1.84344,1.13849,1.58162,0.0676343,0.0676236,2.48137e-06,0.108292,,
29.592,kf,map,-1.84344,1.13901,1.58116,0.0623768,0.0623768,0,0.05825,,
29.628,odom,map,-1.76605,1.1388,1.56159,0,0,0,,,
29.592,pf,map,-1.93466,1.18022,1.59253,0.0588433,0.0669501,0.000658604,7.37175,471.085,0
29.664,odom,map,-1.766,1.14349,1.55736,0,0,0,,,
29.7,odom,map,-1.76593,1.14792,1.5522,0,0,0,,,
29.736,odom,map,-1.76584,1.15204,1.54622,0,0,0,,,
29.772,odom,map,-1.76572,1.15628,1.54016,0,0,0,,,
29.808,odom,map,-1.76559,1.16027,1.53362,0,0,0,,,
29.808,ekf_predict_only,map,-1.78348,1.18721,1.4816,17.8774,14.5849,4.22113,,,
29.808,kf,map,-1.84344,1.16079,1.54426,0.0625528,0.0625528,0,0.065667,,
29.808,ekf,map,-1.84348,1.16087,1.54575,0.0686895,0.0686772,1.96728e-06,0.053916,,
29.808,pf,map,-1.94146,1.20841,1.56317,0.0601939,0.0630339,0.000551471,5.59008,484.563,0
29.844,odom,map,-1.76546,1.16354,1.52555,0,0,0,,,
29.88,odom,map,-1.7653,1.16662,1.51639,0,0,0,,,
29.916,odom,map,-1.76512,1.16967,1.50689,0,0,0,,,
29.952,odom,map,-1.76492,1.17261,1.49677,0,0,0,,,
29.988,odom,map,-1.76469,1.17544,1.48567,0,0,0,,,
30.024,odom,map,-1.76443,1.1783,1.47334,0,0,0,,,
29.988,ekf_predict_only,map,-1.7822,1.20155,1.41886,18.1336,14.6755,4.26639,,,
29.988,kf,map,-1.84285,1.17661,1.49588,0.0623767,0.0623767,0,0.062166,,
29.988,ekf,map,-1.84289,1.17676,1.49757,0.067659,0.0676488,1.16649e-06,0.110041,,
29.988,pf,map,-1.93314,1.24528,1.51734,0.0634141,0.063065,0.00167812,6.28958,467.545,0
30.06,odom,map,-1.76413,1.18117,1.46079,0,0,0,,,
30.096,odom,map,-1.76379,1.18407,1.44775,0,0,0,,,
30.132,odom,map,-1.7634,1.18706,1.43331,0,0,0,,,
30.168,odom,map,-1.76297,1.19006,1.41867,0,0,0,,,
30.204,odom,map,-1.76247,1.19312,1.40366,0,0,0,,,
30.204,ekf_predict_only,map,-1.77906,1.22204,1.32339,18.4604,14.7527,4.32344,,,
30.204,ekf,map,-1.84104,1.19589,1.41613,0.0687141,0.0687025,7.60027e-07,0.056667,,
30.204,kf,map,-1.841,1.19597,1.41424,0.0625527,0.0625527,0,0.103583,,
30.201,amcl,map,-1.75714,1.19319,1.39634,0.0421624,0.0458477,0.027592,,,
30.204,pf,map,-1.91086,1.26588,1.4522,0.060351,0.0636056,-0.00258245,7.40758,481.799,0
30.24,odom,map,-1.76188,1.19645,1.3879,0,0,0,,,
30.276,odom,map,-1.76118,1.20008,1.37164,0,0,0,,,
30.312,odom,map,-1.76039,1.20383,1.35521,0,0,0,,,
30.348,odom,map,-1.75953,1.2076,1.33863,0,0,0,,,
30.384,odom,map,-1.75857,1.21154,1.32186,0,0,0,,,
30.42,odom,map,-1.75747,1.21569,1.30486,0,0,0,,,
30.384,ekf_predict_only,map,-1.77373,1.24315,1.2381,18.7987,14.8143,4.36952,,,
30.384,ekf,map,-1.83743,1.21488,1.33753,0.0676758,0.0676652,7.70412e-08,0.112459,,
30.384,kf,map,-1.8374,1.2151,1.3363,0.0623767,0.0623767,0,0.060334,,
30.384,pf,map,-1.9082,1.28562,1.35619,0.0603225,0.0612564,-0.00161149,5.32783,484.188,0
30.456,odom,map,-1.75629,1.21988,1.2878,0,0,0,,,
30.492,odom,map,-1.75499,1.22422,1.27061,0,0,0,,,
30.528,odom,map,-1.75353,1.2288,1.25353,0,0,0,,,
30.564,odom,map,-1.75191,1.2336,1.23639,0,0,0,,,
30.6,odom,map,-1.75015,1.23852,1.21918,0,0,0,,,
30.6,ekf_predict_only,map,-1.7628,1.27478,1.13573,19.2648,14.8363,4.41906,,,
30.6,kf,map,-1.82946,1.24338,1.23651,0.0625527,0.0625527,0,0.100917,,
30.6,ekf,map,-1.82948,1.24289,1.23715,0.0687311,0.0687158,-1.26323e-06,0.127625,,
30.6,pf,map,-1.91993,1.27944,1.25104,0.0608586,0.0638457,-0.00185483,6.03192,483.974,0
30.636,odom,map,-1.74823,1.24363,1.20209,0,0,0,,,
30.672,odom,map,-1.74612,1.24895,1.18515,0,0,0,,,
30.708,odom,map,-1.74379,1.25456,1.16845,0,0,0,,,
30.744,odom,map,-1.7413,1.26027,1.15183,0,0,0,,,
30.78,odom,map,-1.73864,1.2661,1.13553,0,0,0,,,
30.816,ekf_predict_only,map,-1.74571,1.31157,1.03902,19.8041,14.817,4.44535,,,
30.816,kf,map,-1.81583,1.2773,1.13884,0.0625774,0.0625774,0,0.063709,,
30.816,odom,map,-1.73579,1.27211,1.11939,0,0,0,,,
30.816,ekf,map,-1.8158,1.2767,1.13893,0.0689812,0.0689613,-3.67619e-06,2.01238,,
30.801,amcl,map,-1.74054,1.26997,1.12646,0.0377652,0.0464054,0.0297996,,,
30.816,pf,map,-1.92062,1.30534,1.14437,0.052518,0.058918,-9.08026e-05,7.29529,487.89,0
30.852,odom,map,-1.73279,1.27817,1.10327,0,0,0,,,
30.888,odom,map,-1.7296,1.28435,1.08717,0,0,0,,,
30.924,odom,map,-1.72609,1.29091,1.07128,0,0,0,,,
30.96,odom,map,-1.72232,1.2977,1.05566,0,0,0,,,
30.996,odom,map,-1.71841,1.30449,1.0401,0,0,0,,,
31.032,odom,map,-1.71325,1.31142,1.02331,0,0,0,,,
30.996,kf,map,-1.79873,1.31021,1.06013,0.0623802,0.0623802,0,0.059541,,
30.996,ekf_predict_only,map,-1.7247,1.34727,0.962229,20.3446,14.7747,4.43669,,,
30.996,ekf,map,-1.79872,1.30961,1.05999,0.067696,0.0676749,-6.38906e-06,0.058083,,
30.996,pf,map,-1.91838,1.34962,1.06487,0.0605157,0.0659914,-0.00141817,10.1325,496.354,0
31.068,odom,map,-1.70767,1.31853,1.00663,0,0,0,,,
31.104,odom,map,-1.70183,1.32576,0.990334,0,0,0,,,
31.14,odom,map,-1.69573,1.33311,0.974283,0,0,0,,,
31.176,odom,map,-1.68936,1.34058,0.958513,0,0,0,,,
31.212,odom,map,-1.68292,1.34839,0.943827,0,0,0,,,
31.212,ekf_predict_only,map,-1.69139,1.39508,0.880959,21.0563,14.6591,4.3783,,,
31.212,kf,map,-1.77068,1.35545,0.974113,0.0625532,0.0625532,0,0.092792,,
31.212,ekf,map,-1.77067,1.3547,0.973596,0.0686948,0.0686631,-1.46265e-05,0.056833,,
31.212,pf,map,-1.86703,1.39592,0.981615,0.0613668,0.060589,1.11667e-05,5.91017,462.484,0
31.248,odom,map,-1.67717,1.35621,0.930282,0,0,0,,,
31.284,odom,map,-1.67125,1.36405,0.916419,0,0,0,,,
31.32,odom,map,-1.665,1.37207,0.901925,0,0,0,,,
31.356,odom,map,-1.65853,1.38013,0.887872,0,0,0,,,
31.392,odom,map,-1.65187,1.38821,0.874451,0,0,0,,,
31.428,odom,map,-1.64507,1.39623,0.860664,0,0,0,,,
31.392,ekf_predict_only,map,-1.6578,1.43578,0.810739,21.6971,14.5542,4.2794,,,
31.392,ekf,map,-1.74098,1.39456,0.902365,0.0676635,0.0676327,-1.92911e-05,0.066125,,
31.392,kf,map,-1.741,1.39515,0.902647,0.0623768,0.0623768,0,0.05675,,
31.401,amcl,map,-1.65095,1.3961,0.865808,0.0376431,0.042417,0.0290296,,,
31.392,pf,map,-1.82674,1.4601,0.914933,0.0597753,0.0598569,0.00145386,8.466,466.555,0
31.464,odom,map,-1.63806,1.40428,0.846851,0,0,0,,,
31.5,odom,map,-1.63082,1.41235,0.832835,0,0,0,,,
31.536,odom,map,-1.62343,1.42036,0.818757,0,0,0,,,
31.572,odom,map,-1.61584,1.42836,0.804657,0,0,0,,,
31.608,odom,map,-1.60859,1.43629,0.790874,0,0,0,,,
31.608,ekf_predict_only,map,-1.61236,1.4836,0.725868,22.456,14.3969,4.10153,,,
31.608,kf,map,-1.69917,1.44383,0.817894,0.0625528,0.0625528,0,0.058208,,
31.608,ekf,map,-1.69907,1.44334,0.817802,0.0687341,0.0686966,-3.27402e-05,0.074125,,
31.608,pf,map,-1.79015,1.51104,0.822158,0.0602615,0.0610872,-0.000254521,4.90521,474.658,0
31.644,odom,map,-1.60277,1.44436,0.778474,0,0,0,,,
31.68,odom,map,-1.59684,1.45235,0.766148,0,0,0,,,
31.716,odom,map,-1.59084,1.46024,0.753778,0,0,0,,,
31.752,odom,map,-1.58477,1.46803,0.741546,0,0,0,,,
31.788,odom,map,-1.57861,1.47574,0.729385,0,0,0,,,
31.824,odom,map,-1.57105,1.48317,0.716245,0,0,0,,,
31.788,ekf_predict_only,map,-1.57096,1.52034,0.657282,23.0799,14.2829,3.90134,,,
31.788,ekf,map,-1.66001,1.48185,0.748711,0.0677017,0.0676727,-3.46713e-05,0.100083,,
31.788,kf,map,-1.66015,1.48219,0.748795,0.0623767,0.0623767,0,0.440959,,
31.788,pf,map,-1.74805,1.53109,0.760442,0.0604621,0.0641043,-0.00116721,10.8065,469.225,0
31.86,odom,map,-1.56265,1.49039,0.702842,0,0,0,,,
31.896,odom,map,-1.55422,1.49743,0.689637,0,0,0,,,
31.932,odom,map,-1.54572,1.50435,0.676483,0,0,0,,,
31.968,odom,map,-1.53719,1.51111,0.66331,0,0,0,,,
32.004,odom,map,-1.52866,1.51768,0.650288,0,0,0,,,
32.004,ekf,map,-1.61071,1.52416,0.670047,0.0687657,0.0687403,-4.74584e-05,0.054792,,
32.004,kf,map,-1.61103,1.5244,0.670338,0.0625527,0.0625527,0,0.121,,
32.004,ekf_predict_only,map,-1.51997,1.55969,0.57946,23.7581,14.1461,3.61812,,,
32.001,amcl,map,-1.52715,1.52304,0.657913,0.0372523,0.0361723,0.0249635,,,
32.004,pf,map,-1.68474,1.58221,0.677613,0.0537655,0.0580718,0.00281388,5.46546,466.928,0
32.04,odom,map,-1.52016,1.52406,0.637575,0,0,0,,,
32.076,odom,map,-1.5116,1.53032,0.624924,0,0,0,,,
32.112,odom,map,-1.50307,1.53639,0.612482,0,0,0,,,
32.148,odom,map,-1.49473,1.54218,0.60054,0,0,0,,,
32.184,odom,map,-1.48645,1.54778,0.589008,0,0,0,,,
32.22,odom,map,-1.4769,1.55353,0.576119,0,0,0,,,
32.184,ekf,map,-1.56905,1.55476,0.609172,0.0677165,0.0677033,-4.27896e-05,0.063125,,
32.184,kf,map,-1.56939,1.55491,0.609559,0.0623767,0.0623767,0,0.092584,,
32.184,ekf_predict_only,map,-1.47819,1.58703,0.522044,24.2702,14.0744,3.35941,,,
32.184,pf,map,-1.65506,1.60923,0.635643,0.055834,0.0647387,0.00156954,5.57354,488.999,0
32.256,odom,map,-1.46642,1.55926,0.562237,0,0,0,,,
32.292,odom,map,-1.45607,1.56471,0.548641,0,0,0,,,
32.328,odom,map,-1.44581,1.56991,0.535158,0,0,0,,,
32.364,odom,map,-1.43557,1.57492,0.521707,0,0,0,,,
32.4,odom,map,-1.42551,1.57964,0.508432,0,0,0,,,
32.4,ekf,map,-1.52239,1.58494,0.542818,0.0687683,0.0687646,-4.90343e-05,0.061916,,
32.4,kf,map,-1.52303,1.58491,0.543331,0.0625527,0.0625527,0,0.068333,,
32.4,ekf_predict_only,map,-1.43461,1.6121,0.459706,24.7557,14.0168,3.06968,,,
32.4,pf,map,-1.60196,1.6285,0.561342,0.0649055,0.072184,0.00127037,6.15479,490.065,0
32.436,odom,map,-1.41803,1.58373,0.49794,0,0,0,,,
32.472,odom,map,-1.41065,1.58769,0.487551,0,0,0,,,
32.508,odom,map,-1.40348,1.59145,0.477249,0,0,0,,,
32.544,odom,map,-1.39682,1.59485,0.467286,0,0,0,,,
32.58,odom,map,-1.39053,1.59799,0.45744,0,0,0,,,
32.616,odom,map,-1.38436,1.60099,0.447608,0,0,0,,,
32.616,kf,map,-1.48264,1.60752,0.481779,0.0625774,0.0625774,0,0.067292,,
32.616,ekf_predict_only,map,-1.39769,1.63038,0.400713,25.1415,14.0007,2.80983,,,
32.616,ekf,map,-1.48191,1.60764,0.481354,0.0690045,0.0690094,-4.46445e-05,0.442,,
32.616,pf,map,-1.56377,1.65393,0.487017,0.0630184,0.0659761,-0.00277018,4.81983,469.345,0
32.652,odom,map,-1.37839,1.60382,0.43792,0,0,0,,,
32.688,odom,map,-1.37275,1.60643,0.428326,0,0,0,,,
32.724,odom,map,-1.36766,1.60873,0.419564,0,0,0,,,
32.76,odom,map,-1.3637,1.61047,0.413341,0,0,0,,,
32.796,odom,map,-1.36093,1.61168,0.409709,0,0,0,,,
32.796,ekf,map,-1.4647,1.61579,0.454959,0.0677005,0.0677059,-2.91603e-05,0.064417,,
32.832,odom,map,-1.36114,1.61341,0.411946,0,0,0,,,
32.796,ekf_predict_only,map,-1.39769,1.63038,0.400713,25.2415,14.1007,2.80983,,,
32.802,amcl,map,-1.37515,1.61132,0.42002,0.0458756,0.034499,0.0264049,,,
32.796,kf,map,-1.46634,1.61515,0.457184,0.0623802,0.0623802,0,0.056834,,
32.796,pf,map,-1.53583,1.66956,0.454054,0.06366,0.0579462,0.000240641,5.54042,496.168,0
32.868,odom,map,-1.36275,1.61473,0.415646,0,0,0,,,
32.904,odom,map,-1.36478,1.61584,0.419346,0,0,0,,,
32.94,odom,map,-1.36683,1.61692,0.423046,0,0,0,,,
32.976,odom,map,-1.36888,1.61797,0.426746,0,0,0,,,
33.012,odom,map,-1.37031,1.61868,0.429315,0,0,0,,,
33.012,ekf_predict_only,map,-1.39769,1.63038,0.400713,25.3415,14.2007,2.80983,,,
33.012,ekf,map,-1.45772,1.61915,0.445581,0.0686788,0.0686843,-2.37213e-05,0.106417,,
33.012,kf,map,-1.45896,1.61862,0.447247,0.0625532,0.0625532,0,0.057792,,
33.012,pf,map,-1.51152,1.65901,0.448253,0.0676863,0.0713703,-0.00147933,5.134,466.598,0
33.048,odom,map,-1.37031,1.61868,0.429315,0,0,0,,,
33.084,odom,map,-1.37031,1.61868,0.429315,0,0,0,,,
33.12,odom,map,-1.37031,1.61868,0.429315,0,0,0,,,
33.156,odom,map,-1.37031,1.61868,0.429315,0,0,0,,,
33.192,odom,map,-1.37031,1.61868,0.429315,0,0,0,,,
33.192,ekf_predict_only,map,-1.39769,1.63038,0.400713,25.4415,14.3007,2.80983,,,
33.192,kf,map,-1.4562,1.61991,0.443537,0.0623768,0.0623768,0,0.057667,,
33.228,odom,map,-1.37031,1.61868,0.429315,0,0,0,,,
33.192,ekf,map,-1.45557,1.62019,0.442685,0.067636,0.0676395,-1.43617e-05,0.061791,,
33.192,pf,map,-1.52738,1.68993,0.461298,0.0640674,0.071163,0.00363767,6.64762,454.29,0
33.264,odom,map,-1.37031,1.61868,0.429315,0,0,0,,,
33.3,odom,map,-1.36994,1.61885,0.429139,0,0,0,,,
33.336,odom,map,-1.36852,1.6195,0.428408,0,0,0,,,
33.372,odom,map,-1.36634,1.6205,0.427343,0,0,0,,,
33.408,odom,map,-1.36374,1.62168,0.426185,0,0,0,,,
33.408,kf,map,-1.44528,1.62507,0.437577,0.0625528,0.0625528,0,0.059792,,
33.408,ekf_predict_only,map,-1.38191,1.63706,0.393765,25.647,14.356,2.69483,,,
33.408,ekf,map,-1.44553,1.62495,0.437407,0.0686868,0.0686901,-1.1362e-05,0.06,,
33.408,pf,map,-1.53064,1.70102,0.452836,0.0634921,0.0653805,0.000308821,5.35492,461.647,0
33.444,odom,map,-1.36064,1.62308,0.424387,0,0,0,,,
33.48,odom,map,-1.35691,1.62476,0.421621,0,0,0,,,
33.516,odom,map,-1.3529,1.62655,0.417193,0,0,0,,,
33.552,odom,map,-1.34853,1.62847,0.411998,0,0,0,,,
33.588,odom,map,-1.34353,1.63064,0.405615,0,0,0,,,
33.588,kf,map,-1.42349,1.63512,0.411077,0.0623767,0.0623767,0,0.088625,,
33.624,odom,map,-1.33816,1.63229,0.39713,0,0,0,,,
33.588,ekf_predict_only,map,-1.35223,1.64939,0.356453,25.943,14.3801,2.47468,,,
33.588,ekf,map,-1.42421,1.63482,0.411935,0.0676553,0.0676598,-8.26113e-06,0.05975,,
33.588,pf,map,-1.52873,1.67929,0.43178,0.0703504,0.0584495,-0.00270628,5.37425,451.945,0
33.66,odom,map,-1.33274,1.63351,0.387845,0,0,0,,,
33.696,odom,map,-1.32701,1.63478,0.378181,0,0,0,,,
33.732,odom,map,-1.32052,1.63625,0.368014,0,0,0,,,
33.768,odom,map,-1.31289,1.63805,0.357679,0,0,0,,,
33.804,odom,map,-1.30489,1.63994,0.347442,0,0,0,,,
33.804,ekf_predict_only,map,-1.2958,1.67041,0.304288,26.3813,14.3658,2.04167,,,
33.804,ekf,map,-1.38116,1.65288,0.366518,0.0687103,0.0687255,-1.28216e-05,0.099375,,
33.804,kf,map,-1.37978,1.65346,0.365597,0.0625527,0.0625527,0,0.056875,,
33.804,pf,map,-1.48082,1.71605,0.374699,0.0536932,0.0543067,-0.00360372,5.02325,494.15,0
33.84,odom,map,-1.29583,1.64317,0.338763,0,0,0,,,
33.876,odom,map,-1.28604,1.64657,0.329803,0,0,0,,,
33.912,odom,map,-1.27505,1.65027,0.32057,0,0,0,,,
33.948,odom,map,-1.2635,1.65405,0.311314,0,0,0,,,
33.984,odom,map,-1.25167,1.65779,0.302045,0,0,0,,,
34.02,odom,map,-1.23907,1.66166,0.292568,0,0,0,,,
33.984,ekf_predict_only,map,-1.23074,1.69084,0.256342,26.8155,14.383,1.52258,,,
33.984,ekf,map,-1.32857,1.67178,0.322374,0.0676739,0.0677036,-1.76926e-05,0.064542,,
33.984,kf,map,-1.32716,1.67237,0.321736,0.0623767,0.0623767,0,0.105708,,
33.984,pf,map,-1.42453,1.72786,0.346508,0.0652101,0.0602351,-0.00138452,6.70042,499.632,0
34.056,odom,map,-1.22599,1.66553,0.282979,0,0,0,,,
34.092,odom,map,-1.21254,1.66937,0.273332,0,0,0,,,
34.128,odom,map,-1.1983,1.67329,0.263862,0,0,0,,,
34.164,odom,map,-1.18357,1.67719,0.254515,0,0,0,,,
34.2,odom,map,-1.16852,1.68103,0.245221,0,0,0,,,
34.2,kf,map,-1.24655,1.69703,0.266851,0.0625527,0.0625527,0,0.055542,,
34.2,ekf,map,-1.24777,1.69639,0.267121,0.0687296,0.0687995,-3.35353e-05,0.075459,,
34.2,ekf_predict_only,map,-1.14058,1.71447,0.200579,27.3086,14.4557,0.776349,,,
34.2,pf,map,-1.32205,1.75954,0.292173,0.0591651,0.0576775,-0.00571694,4.57104,474.155,0
34.236,odom,map,-1.15312,1.68481,0.235881,0,0,0,,,
34.272,odom,map,-1.13725,1.68854,0.226797,0,0,0,,,
34.308,odom,map,-1.1211,1.6922,0.218511,0,0,0,,,
34.344,odom,map,-1.10492,1.69572,0.210429,0,0,0,,,
34.38,odom,map,-1.08871,1.69912,0.202665,0,0,0,,,
34.416,odom,map,-1.07248,1.70239,0.195345,0,0,0,,,
34.416,ekf,map,-1.15254,1.71963,0.219626,0.0689774,0.069092,-4.63221e-05,0.060542,,
34.416,kf,map,-1.15147,1.72037,0.219985,0.0625774,0.0625774,0,0.05425,,
34.416,ekf_predict_only,map,-1.03684,1.73556,0.157868,27.7653,14.6509,-0.110736,,,
34.401,amcl,map,-1.10675,1.7016,0.192813,0.0602958,0.0322247,0.021539,,,
34.416,pf,map,-1.25218,1.78346,0.226585,0.0661463,0.0623764,-0.000402719,11.7047,494.616,0
34.452,odom,map,-1.05622,1.70555,0.188227,0,0,0,,,
34.488,odom,map,-1.03995,1.70859,0.181236,0,0,0,,,
34.524,odom,map,-1.02365,1.71152,0.174595,0,0,0,,,
34.56,odom,map,-1.00733,1.71435,0.168747,0,0,0,,,
34.596,odom,map,-0.990998,1.71708,0.16325,0,0,0,,,
34.596,ekf_predict_only,map,-0.950471,1.74931,0.130533,28.1009,14.9343,-0.865284,,,
34.596,kf,map,-1.07138,1.73613,0.188131,0.0623802,0.0623802,0,0.06925,,
34.632,odom,map,-0.974651,1.71973,0.157783,0,0,0,,,
34.596,ekf,map,-1.07215,1.73552,0.187618,0.0676875,0.0678176,-4.51131e-05,0.05575,,
34.596,pf,map,-1.16561,1.78166,0.195407,0.0632985,0.0544793,-0.0028376,7.87225,461.452,0
34.668,odom,map,-0.958289,1.72229,0.15269,0,0,0,,,
34.704,odom,map,-0.941917,1.72477,0.148424,0,0,0,,,
34.74,odom,map,-0.925534,1.72719,0.144277,0,0,0,,,
34.776,odom,map,-0.909141,1.72954,0.140268,0,0,0,,,
34.812,ekf_predict_only,map,-0.84834,1.76272,0.110667,28.433,15.3744,-1.77149,,,
34.812,kf,map,-0.974221,1.75267,0.162443,0.0625532,0.0625532,0,0.060667,,
34.812,odom,map,-0.89274,1.73182,0.136802,0,0,0,,,
34.812,ekf,map,-0.974832,1.75209,0.161701,0.0686732,0.0688667,-5.703e-05,0.054334,,
34.812,pf,map,-1.06374,1.79558,0.16896,0.0627006,0.0601727,0.0022089,5.45129,493.862,0
34.848,odom,map,-0.876331,1.73405,0.133753,0,0,0,,,
34.884,odom,map,-0.859915,1.73624,0.130769,0,0,0,,,
34.92,odom,map,-0.843494,1.73837,0.127992,0,0,0,,,
34.956,odom,map,-0.827067,1.74047,0.125783,0,0,0,,,
34.992,odom,map,-0.810636,1.74253,0.123924,0,0,0,,,
34.992,ekf,map,-0.894056,1.76412,0.148246,0.0676353,0.0678218,-4.83253e-05,0.066292,,
35.028,odom,map,-0.794201,1.74456,0.122142,0,0,0,,,
34.992,ekf_predict_only,map,-0.765493,1.77192,0.101758,28.6937,15.849,-2.51533,,,
34.992,kf,map,-0.893726,1.76453,0.148884,0.0623768,0.0623768,0,0.058459,,
35.001,amcl,map,-0.846286,1.73725,0.13588,0.06694,0.028227,0.00925342,,,
34.992,pf,map,-0.978202,1.79857,0.150294,0.062146,0.0630494,-0.00212385,13.267,490.099,0
35.064,odom,map,-0.777854,1.74656,0.120381,0,0,0,,,
35.1,odom,map,-0.761688,1.7485,0.119026,0,0,0,,,
35.136,odom,map,-0.745579,1.75042,0.117964,0,0,0,,,
35.172,odom,map,-0.729477,1.75232,0.116957,0,0,0,,,
35.208,ekf_predict_only,map,-0.669541,1.78172,0.0963723,28.9659,16.4943,-3.38649,,,
35.208,ekf,map,-0.798138,1.77763,0.139646,0.068689,0.0689251,-5.34423e-05,0.06975,,
35.208,kf,map,-0.798072,1.77792,0.140176,0.0625528,0.0625528,0,0.062208,,
35.208,odom,map,-0.714556,1.75413,0.115809,0,0,0,,,
35.208,pf,map,-0.894095,1.82085,0.136941,0.0600476,0.0583533,-0.00494672,4.82671,488.382,0
35.244,odom,map,-0.703528,1.7557,0.114194,0,0,0,,,
35.28,odom,map,-0.692741,1.7572,0.112867,0,0,0,,,
35.316,odom,map,-0.682091,1.75865,0.111549,0,0,0,,,
35.352,odom,map,-0.671582,1.76004,0.110249,0,0,0,,,
35.388,odom,map,-0.66136,1.76137,0.109115,0,0,0,,,
35.388,ekf_predict_only,map,-0.595858,1.78884,0.0967398,29.1919,17.0948,-4.06237,,,
35.388,kf,map,-0.722172,1.78812,0.138016,0.0623767,0.0623767,0,0.060917,,
35.424,odom,map,-0.648369,1.76285,0.108815,0,0,0,,,
35.388,ekf,map,-0.721967,1.78797,0.13763,0.0676574,0.067861,-4.17525e-05,0.480167,,
35.388,pf,map,-0.818426,1.82574,0.14539,0.0609533,0.0597462,-0.00128308,8.93217,473.233,0
35.46,odom,map,-0.633651,1.76446,0.108889,0,0,0,,,
35.496,odom,map,-0.619094,1.76605,0.109173,0,0,0,,,
35.532,odom,map,-0.604847,1.76762,0.109611,0,0,0,,,
35.568,odom,map,-0.590891,1.76916,0.11011,0,0,0,,,
35.604,odom,map,-0.576965,1.7707,0.110613,0,0,0,,,
35.604,ekf_predict_only,map,-0.514262,1.79676,0.101137,29.4328,17.8326,-4.81902,,,
35.604,ekf,map,-0.636626,1.79964,0.139501,0.0687107,0.0689418,-4.31222e-05,0.054375,,
35.601,amcl,map,-0.599952,1.75481,0.126899,0.0747951,0.0232335,0.00359839,,,
35.604,kf,map,-0.637079,1.7997,0.139872,0.0625527,0.0625527,0,0.0575,,
35.604,pf,map,-0.70595,1.85737,0.153578,0.0641757,0.0585598,-0.00705567,9.36167,470.304,0
35.64,odom,map,-0.563295,1.77222,0.111307,0,0,0,,,
35.676,odom,map,-0.54972,1.77375,0.112387,0,0,0,,,
35.712,odom,map,-0.536132,1.77529,0.113249,0,0,0,,,
35.748,odom,map,-0.522529,1.77683,0.113237,0,0,0,,,
35.784,odom,map,-0.508927,1.77838,0.112855,0,0,0,,,
35.82,odom,map,-0.496778,1.78005,0.113721,0,0,0,,,
35.784,ekf_predict_only,map,-0.447179,1.80357,0.0961746,29.6545,18.5232,-5.4489,,,
35.784,ekf,map,-0.567894,1.80936,0.138635,0.0676711,0.0678587,-3.2841e-05,0.067333,,
35.784,kf,map,-0.568213,1.80932,0.138455,0.0623767,0.0623767,0,0.063584,,
35.784,pf,map,-0.643246,1.84816,0.155469,0.0671802,0.0680451,-0.00487684,6.02054,479.893,0
35.856,odom,map,-0.485724,1.78188,0.115949,0,0,0,,,
35.892,odom,map,-0.474795,1.78375,0.118163,0,0,0,,,
35.928,odom,map,-0.464251,1.78562,0.120194,0,0,0,,,
35.964,odom,map,-0.453976,1.7875,0.122066,0,0,0,,,
36,odom,map,-0.443798,1.78941,0.123896,0,0,0,,,
36,ekf_predict_only,map,-0.372459,1.81078,0.0874613,29.8841,19.352,-6.15577,,,
36,ekf,map,-0.49029,1.82013,0.132545,0.0687213,0.0689259,-3.38374e-05,0.062458,,
36,kf,map,-0.490697,1.82004,0.132243,0.0625527,0.0625527,0,0.055625,,
36,pf,map,-0.566992,1.88831,0.133862,0.0698509,0.06776,-0.00500549,5.16662,445.817,0
36.036,odom,map,-0.431396,1.79097,0.122549,0,0,0,,,
36.072,odom,map,-0.419169,1.79247,0.120918,0,0,0,,,
36.108,odom,map,-0.40725,1.7939,0.119161,0,0,0,,,
36.144,odom,map,-0.395374,1.79531,0.117398,0,0,0,,,
36.18,odom,map,-0.383721,1.79668,0.115494,0,0,0,,,
36.216,ekf,map,-0.418861,1.82944,0.122561,0.0689652,0.0691547,-3.00232e-05,0.102375,,
36.216,odom,map,-0.372283,1.79799,0.113558,0,0,0,,,
36.216,kf,map,-0.419329,1.82936,0.122295,0.0625774,0.0625774,0,0.054708,,
36.216,ekf_predict_only,map,-0.304137,1.81677,0.0758109,30.0924,20.1844,-6.80512,,,
36.216,pf,map,-0.488486,1.93325,0.118156,0.0588905,0.0655613,-0.00211686,5.88671,456.06,0
36.252,odom,map,-0.360925,1.79928,0.111616,0,0,0,,,
36.288,odom,map,-0.349703,1.80052,0.109566,0,0,0,,,
36.324,odom,map,-0.338713,1.80172,0.107547,0,0,0,,,
36.36,odom,map,-0.327969,1.80287,0.105611,0,0,0,,,
36.396,odom,map,-0.317367,1.80398,0.103721,0,0,0,,,
36.432,odom,map,-0.308296,1.80252,0.101565,0,0,0,,,
36.396,ekf,map,-0.364034,1.83597,0.113348,0.067676,0.0678178,-2.16261e-05,0.066708,,
36.396,ekf_predict_only,map,-0.252383,1.8207,0.066334,30.2637,20.8813,-7.2971,,,
36.396,kf,map,-0.364468,1.83592,0.113228,0.0623802,0.0623802,0,0.113917,,
36.402,amcl,map,-0.337141,1.7828,0.0868942,0.0830655,0.0297934,-0.000787659,,,
36.396,pf,map,-0.44402,1.91987,0.114953,0.0591413,0.0605548,0.0038308,6.22321,481.009,0
36.468,odom,map,-0.300123,1.80064,0.100495,0,0,0,,,
36.504,odom,map,-0.293239,1.79863,0.100198,0,0,0,,,
36.54,odom,map,-0.287644,1.79648,0.0999019,0,0,0,,,
36.576,odom,map,-0.283338,1.79419,0.0996053,0,0,0,,,
36.612,odom,map,-0.279844,1.79266,0.0993994,0,0,0,,,
36.612,ekf_predict_only,map,-0.252383,1.8207,0.066334,30.3637,20.9813,-7.2971,,,
36.612,ekf,map,-0.331225,1.83956,0.111605,0.0686596,0.068787,-1.90065e-05,0.0575,,
36.612,kf,map,-0.334305,1.83923,0.111715,0.0625532,0.0625532,0,0.223209,,
36.612,pf,map,-0.402985,1.92071,0.109789,0.0590158,0.0659041,-0.00177354,4.47046,474.961,0
36.648,odom,map,-0.276553,1.79299,0.0993994,0,0,0,,,
36.684,odom,map,-0.274553,1.79319,0.0993994,0,0,0,,,
36.72,odom,map,-0.273841,1.79326,0.0993994,0,0,0,,,
36.756,odom,map,-0.27384,1.79326,0.0993994,0,0,0,,,
36.792,odom,map,-0.27384,1.79326,0.0993994,0,0,0,,,
36.792,ekf_predict_only,map,-0.252383,1.8207,0.066334,30.4637,21.0813,-7.2971,,,
36.828,odom,map,-0.27384,1.79326,0.0993994,0,0,0,,,
36.792,ekf,map,-0.317043,1.84113,0.111067,0.0676244,0.067705,-1.19083e-05,0.130125,,
36.792,kf,map,-0.319302,1.84089,0.111151,0.0623768,0.0623768,0,0.055125,,
36.792,pf,map,-0.394835,1.93344,0.10651,0.0665383,0.0634599,0.0060746,6.02987,469.72,0
36.864,odom,map,-0.27384,1.79326,0.0993994,0,0,0,,,
36.9,odom,map,-0.27384,1.79326,0.0993994,0,0,0,,,
36.936,odom,map,-0.27384,1.79326,0.0993994,0,0,0,,,
36.972,odom,map,-0.27384,1.79326,0.0993994,0,0,0,,,
37.008,odom,map,-0.27384,1.79326,0.0993994,0,0,0,,,
37.008,ekf_predict_only,map,-0.252383,1.8207,0.066334,30.5637,21.1813,-7.2971,,,
37.008,ekf,map,-0.312379,1.84165,0.110891,0.0686779,0.0687416,-9.37594e-06,0.054458,,
37.008,kf,map,-0.313641,1.84151,0.110937,0.0625528,0.0625528,0,0.056958,,
37.008,pf,map,-0.394791,1.9151,0.103325,0.0681999,0.0633911,-0.00166235,5.01554,460.321,0
37.044,odom,map,-0.27384,1.79326,0.0993994,0,0,0,,,
37.08,odom,map,-0.27384,1.79326,0.0993994,0,0,0,,,
37.116,odom,map,-0.27384,1.79326,0.0993994,0,0,0,,,
37.152,odom,map,-0.27384,1.79326,0.0993994,0,0,0,,,
37.188,odom,map,-0.27384,1.79326,0.0993994,0,0,0,,,
37.188,ekf_predict_only,map,-0.246386,1.8211,0.06589,30.6709,21.3529,-7.35394,,,
37.188,ekf,map,-0.309008,1.84202,0.110692,0.0676493,0.0676874,-5.6002e-06,0.058542,,
37.224,odom,map,-0.275025,1.7926,0.0976477,0,0,0,,,
37.188,kf,map,-0.30928,1.84199,0.110691,0.0623767,0.0623767,0,0.0565,,
37.188,pf,map,-0.40083,1.88966,0.109489,0.0620995,0.0594667,-0.000131741,6.88317,502.095,0
37.26,odom,map,-0.27583,1.79167,0.0951112,0,0,0,,,
37.296,odom,map,-0.275497,1.79081,0.0927048,0,0,0,,,
37.332,odom,map,-0.274777,1.78996,0.0903084,0,0,0,,,
37.368,odom,map,-0.273672,1.78912,0.0876491,0,0,0,,,
37.404,odom,map,-0.271639,1.78837,0.0848424,0,0,0,,,
37.404,ekf,map,-0.29002,1.84414,0.110229,0.0687029,0.0687348,-4.5888e-06,0.056083,,
37.404,kf,map,-0.289068,1.84424,0.110056,0.0625527,0.0625527,0,0.106458,,
37.404,ekf_predict_only,map,-0.215516,1.82314,0.0634959,30.8079,21.8291,-7.647,,,
37.404,pf,map,-0.394239,1.89645,0.102647,0.0665463,0.0587764,0.00132945,10.3124,498.632,0
37.44,odom,map,-0.266545,1.7888,0.0844434,0,0,0,,,
37.476,odom,map,-0.261219,1.78925,0.0838596,0,0,0,,,
37.512,odom,map,-0.254736,1.7898,0.0829618,0,0,0,,,
37.548,odom,map,-0.247099,1.79043,0.0818149,0,0,0,,,
37.584,odom,map,-0.23903,1.79108,0.0805748,0,0,0,,,
37.62,odom,map,-0.230664,1.79175,0.0793471,0,0,0,,,
37.584,ekf_predict_only,map,-0.171845,1.82591,0.0573882,30.9585,22.4846,-8.06244,,,
37.584,ekf,map,-0.257573,1.84772,0.105962,0.0676655,0.0676931,-3.68599e-06,0.062792,,
37.584,kf,map,-0.25635,1.84784,0.105753,0.0623767,0.0623767,0,0.055459,,
37.584,pf,map,-0.343278,1.91654,0.108739,0.0746998,0.0626271,0.00335329,5.92154,472.896,0
37.656,odom,map,-0.221466,1.79248,0.0778034,0,0,0,,,
37.692,odom,map,-0.211499,1.79325,0.0761092,0,0,0,,,
37.728,odom,map,-0.201252,1.79402,0.0743926,0,0,0,,,
37.764,odom,map,-0.190685,1.7948,0.0725676,0,0,0,,,
37.8,odom,map,-0.179696,1.79558,0.0705578,0,0,0,,,
37.8,ekf_predict_only,map,-0.10016,1.83003,0.0440551,31.1338,23.5555,-8.74503,,,
37.8,kf,map,-0.19665,1.85401,0.0951749,0.0625527,0.0625527,0,0.067333,,
37.8,ekf,map,-0.198189,1.85387,0.0955102,0.0687161,0.0687652,-5.87993e-06,0.057167,,
37.8,pf,map,-0.291131,1.91259,0.111458,0.0554091,0.0566158,0.000275916,6.96721,479.049,0
37.836,odom,map,-0.167918,1.7964,0.0683435,0,0,0,,,
37.872,odom,map,-0.155978,1.79721,0.0661213,0,0,0,,,
37.908,odom,map,-0.14365,1.79801,0.0636166,0,0,0,,,
37.944,odom,map,-0.130773,1.79881,0.0608386,0,0,0,,,
37.98,odom,map,-0.117632,1.79959,0.0579859,0,0,0,,,
38.016,odom,map,-0.104351,1.80034,0.0550786,0,0,0,,,
38.016,ekf_predict_only,map,-0.0200949,1.83356,0.0265016,31.2984,24.8273,-9.50431,,,
38.016,kf,map,-0.124122,1.86055,0.0799516,0.0625774,0.0625774,0,0.134917,,
38.016,ekf,map,-0.125344,1.86044,0.0802902,0.0689612,0.0690379,-8.44481e-06,0.055875,,
38.016,pf,map,-0.222087,1.92539,0.105554,0.0663193,0.0572049,0.00116737,4.70471,485.778,0
38.052,odom,map,-0.0908061,1.80107,0.0520363,0,0,0,,,
38.088,odom,map,-0.0767898,1.80178,0.048829,0,0,0,,,
38.124,odom,map,-0.0626977,1.80244,0.045612,0,0,0,,,
38.16,odom,map,-0.0484161,1.80307,0.042294,0,0,0,,,
38.196,odom,map,-0.0336438,1.80367,0.0388706,0,0,0,,,
38.232,odom,map,-0.0187652,1.80423,0.0354404,0,0,0,,,
38.196,kf,map,-0.0548744,1.86562,0.0642581,0.0623802,0.0623802,0,0.067625,,
38.196,ekf,map,-0.055692,1.86553,0.0644876,0.0676736,0.0677636,-9.04326e-06,0.087167,,
38.196,ekf_predict_only,map,0.0543232,1.83553,0.0093507,31.4346,26.0997,-10.203,,,
38.202,amcl,map,-0.0478379,1.80675,0.0597612,0.094528,0.0404321,-0.000673644,,,
38.196,pf,map,-0.134059,1.932,0.0809177,0.0729914,0.066091,0.00141695,7.146,470.396,0
38.268,odom,map,-0.00386089,1.80473,0.0315511,0,0,0,,,
38.304,odom,map,0.0111616,1.80517,0.0272448,0,0,0,,,
38.34,odom,map,0.0263047,1.80555,0.0226752,0,0,0,,,
38.376,odom,map,0.0415082,1.80586,0.0179859,0,0,0,,,
38.412,ekf_predict_only,map,0.146302,1.83639,-0.022155,31.5504,27.7605,-11.0557,,,
38.412,odom,map,0.0567942,1.80609,0.0129618,0,0,0,,,
38.412,kf,map,0.0341413,1.8705,0.0368032,0.0625532,0.0625532,0,0.102042,,
38.412,ekf,map,0.0336091,1.87044,0.0372622,0.0686578,0.0688004,-1.26729e-05,0.056083,,
38.412,pf,map,-0.0565977,1.93025,0.0499324,0.069345,0.0606118,-0.00068055,6.24008,448.173,0
38.448,odom,map,0.0721131,1.80625,0.0074986,0,0,0,,,
38.484,odom,map,0.0873838,1.80632,0.00193421,0,0,0,,,
38.52,odom,map,0.102639,1.80631,-0.00364835,0,0,0,,,
38.556,odom,map,0.117766,1.80621,-0.00933137,0,0,0,,,
38.592,odom,map,0.132909,1.80603,-0.0150594,0,0,0,,,
38.628,odom,map,0.148071,1.80575,-0.0208131,0,0,0,,,
38.592,ekf_predict_only,map,0.222108,1.83471,-0.0509235,31.6196,29.2403,-11.7369,,,
38.592,ekf,map,0.10883,1.87231,0.0103214,0.0676235,0.067768,-1.10484e-05,0.052875,,
38.592,kf,map,0.109075,1.87237,0.0100135,0.0623768,0.0623768,0,0.060833,,
38.592,pf,map,0.0123847,1.94154,0.0173407,0.0575495,0.0586132,-0.000579348,5.43533,481.243,0
38.664,odom,map,0.163216,1.80539,-0.0267613,0,0,0,,,
38.7,odom,map,0.178365,1.80494,-0.0328442,0,0,0,,,
38.736,odom,map,0.193498,1.8044,-0.0389708,0,0,0,,,
38.772,odom,map,0.208623,1.80376,-0.0451035,0,0,0,,,
38.808,ekf_predict_only,map,0.313381,1.83006,-0.0886727,31.6343,31.1144,-12.5282,,,
38.808,ekf,map,0.199734,1.87187,-0.0258235,0.0686773,0.0688705,-1.14355e-05,0.054125,,
38.808,kf,map,0.199869,1.87199,-0.0260717,0.0625528,0.0625528,0,0.056167,,
38.808,odom,map,0.223807,1.80303,-0.051342,0,0,0,,,
38.808,pf,map,0.103629,1.94218,-0.0219415,0.0603093,0.0617769,0.00244549,4.50842,502.802,0
38.802,amcl,map,0.20615,1.81182,-0.0364493,0.0906501,0.0426992,-0.00360285,,,
38.844,odom,map,0.238988,1.8022,-0.0576945,0,0,0,,,
38.88,odom,map,0.254137,1.80128,-0.063963,0,0,0,,,
38.916,odom,map,0.269276,1.80026,-0.0702123,0,0,0,,,
38.952,odom,map,0.284456,1.79915,-0.0764721,0,0,0,,,
38.988,odom,map,0.299513,1.79795,-0.0826391,0,0,0,,,
39.024,odom,map,0.312586,1.79791,-0.0862081,0,0,0,,,
38.988,ekf_predict_only,map,0.387732,1.82345,-0.118522,31.6137,32.7512,-13.1381,,,
38.988,ekf,map,0.275013,1.8687,-0.0561544,0.0676489,0.0678246,-7.20255e-06,0.074125,,
38.988,kf,map,0.275012,1.86884,-0.0562025,0.0623767,0.0623767,0,0.0615,,
38.988,pf,map,0.177611,1.9303,-0.0410426,0.0644746,0.063254,-0.00120862,5.98708,480.321,0
39.06,odom,map,0.324544,1.79856,-0.0883339,0,0,0,,,
39.096,odom,map,0.336446,1.7992,-0.0903541,0,0,0,,,
39.132,odom,map,0.34824,1.79984,-0.0924194,0,0,0,,,
39.168,odom,map,0.36012,1.80046,-0.0944112,0,0,0,,,
39.204,odom,map,0.372223,1.80095,-0.0965664,0,0,0,,,
39.204,ekf,map,0.364816,1.86214,-0.0914935,0.0687027,0.0689184,-3.5764e-06,0.059666,,
39.204,kf,map,0.364839,1.86233,-0.0914455,0.0625527,0.0625527,0,0.060333,,
39.204,ekf_predict_only,map,0.477308,1.81279,-0.153235,31.5205,34.8128,-13.8326,,,
39.204,pf,map,0.288526,1.91999,-0.0829599,0.0589834,0.0588358,0.000686946,5.347,485.197,0
39.24,odom,map,0.387279,1.79945,-0.102332,0,0,0,,,
39.276,odom,map,0.402615,1.79783,-0.108012,0,0,0,,,
39.312,odom,map,0.418264,1.79609,-0.113806,0,0,0,,,
39.348,odom,map,0.434004,1.79424,-0.119674,0,0,0,,,
39.384,odom,map,0.449936,1.79228,-0.125344,0,0,0,,,
39.384,ekf_predict_only,map,0.557414,1.80041,-0.180922,31.3985,36.7696,-14.4079,,,
39.42,odom,map,0.465994,1.79021,-0.130901,0,0,0,,,
39.384,kf,map,0.443618,1.85384,-0.12001,0.0623767,0.0623767,0,0.055625,,
39.384,ekf,map,0.443445,1.85366,-0.120108,0.0676656,0.0678571,1.652e-06,0.109958,,
39.402,amcl,map,0.440075,1.79184,-0.134619,0.0967827,0.0427635,-0.00907364,,,
39.384,pf,map,0.362464,1.93043,-0.128321,0.0540183,0.0589045,0.000604235,5.041,489.878,0
39.456,odom,map,0.48206,1.78805,-0.136438,0,0,0,,,
39.492,odom,map,0.498178,1.78579,-0.141939,0,0,0,,,
39.528,odom,map,0.514391,1.78343,-0.147195,0,0,0,,,
39.564,odom,map,0.530592,1.78099,-0.152235,0,0,0,,,
39.6,odom,map,0.546764,1.77846,-0.157205,0,0,0,,,
39.6,ekf_predict_only,map,0.654021,1.78274,-0.21074,31.1855,39.2385,-15.0468,,,
39.6,ekf,map,0.539842,1.84044,-0.151638,0.0687166,0.0689526,9.45149e-06,0.068125,,
39.6,kf,map,0.540009,1.84067,-0.151437,0.0625527,0.0625527,0,0.070958,,
39.6,pf,map,0.451831,1.92618,-0.159263,0.0548852,0.06455,-0.00184857,4.72762,488.246,0
39.636,odom,map,0.563283,1.77542,-0.163423,0,0,0,,,
39.672,odom,map,0.579853,1.77223,-0.169603,0,0,0,,,
39.708,odom,map,0.596339,1.76892,-0.175715,0,0,0,,,
39.744,odom,map,0.612758,1.7655,-0.181789,0,0,0,,,
39.78,odom,map,0.629115,1.76195,-0.187787,0,0,0,,,
39.816,odom,map,0.645214,1.75854,-0.193001,0,0,0,,,
39.816,kf,map,0.636532,1.82439,-0.179406,0.0625774,0.0625774,0,0.055958,,
39.816,ekf_predict_only,map,0.74927,1.76237,-0.236732,30.9305,41.8138,-15.6118,,,
39.816,ekf,map,0.636498,1.82411,-0.179681,0.0689624,0.0692084,1.70806e-05,0.105958,,
39.816,pf,map,0.553205,1.9202,-0.185259,0.0666618,0.0598779,-0.00426805,5.51575,461.106,0
39.852,odom,map,0.661121,1.7554,-0.197225,0,0,0,,,
39.888,odom,map,0.677007,1.75219,-0.201413,0,0,0,,,
39.924,odom,map,0.692777,1.74893,-0.205365,0,0,0,,,
39.96,odom,map,0.708381,1.74565,-0.209071,0,0,0,,,
39.996,odom,map,0.723673,1.74238,-0.212481,0,0,0,,,
39.996,ekf_predict_only,map,0.824975,1.7441,-0.253601,30.7177,43.9808,-16.0106,,,
40.032,odom,map,0.738893,1.73907,-0.215855,0,0,0,,,
39.996,ekf,map,0.714607,1.80885,-0.198937,0.0676754,0.0678801,1.97411e-05,0.0565,,
39.996,kf,map,0.714511,1.8091,-0.198641,0.0623802,0.0623802,0,0.054,,
40.002,amcl,map,0.717487,1.75097,-0.224875,0.0875693,0.0421107,-0.0151974,,,
39.996,pf,map,0.619752,1.87897,-0.196753,0.0588021,0.0588899,-0.00263698,13.9047,482.951,0
40.068,odom,map,0.753962,1.73574,-0.219068,0,0,0,,,
40.104,odom,map,0.768696,1.73244,-0.222111,0,0,0,,,
40.14,odom,map,0.783229,1.72913,-0.2249,0,0,0,,,
40.176,odom,map,0.797729,1.72579,-0.227555,0,0,0,,,
40.212,odom,map,0.811181,1.72256,-0.230136,0,0,0,,,
40.212,kf,map,0.803382,1.79017,-0.216544,0.0625532,0.0625532,0,0.489375,,
40.212,ekf,map,0.803526,1.78992,-0.216845,0.0686614,0.068897,2.96889e-05,0.099584,,
40.212,ekf_predict_only,map,0.911499,1.72168,-0.269435,30.4408,46.5519,-16.4176,,,
40.212,pf,map,0.713436,1.85683,-0.206264,0.0613904,0.053586,-0.000790424,4.78479,461.214,0
40.248,odom,map,0.822091,1.71966,-0.232423,0,0,0,,,
40.284,odom,map,0.832859,1.71675,-0.234573,0,0,0,,,
40.32,odom,map,0.843564,1.71384,-0.236662,0,0,0,,,
40.356,odom,map,0.854117,1.71093,-0.237742,0,0,0,,,
40.392,odom,map,0.864625,1.70804,-0.237692,0,0,0,,,
40.392,ekf_predict_only,map,0.980262,1.70269,-0.267154,30.2277,48.699,-16.7018,,,
40.392,ekf,map,0.874388,1.77361,-0.222527,0.0676277,0.0678221,2.8964e-05,0.059792,,
40.392,kf,map,0.874264,1.77389,-0.221794,0.0623768,0.0623768,0,0.058625,,
40.428,odom,map,0.877563,1.70481,-0.237307,0,0,0,,,
40.392,pf,map,0.799701,1.84515,-0.239355,0.0606369,0.0624191,-0.00282247,5.35104,488.421,0
40.464,odom,map,0.891431,1.70146,-0.23685,0,0,0,,,
40.5,odom,map,0.905251,1.69813,-0.236064,0,0,0,,,
40.536,odom,map,0.918958,1.69484,-0.2349,0,0,0,,,
40.572,odom,map,0.932543,1.6916,-0.233331,0,0,0,,,
40.608,ekf_predict_only,map,1.06104,1.68058,-0.257526,29.9703,51.2985,-17.0126,,,
40.608,odom,map,0.946125,1.68838,-0.231727,0,0,0,,,
40.608,ekf,map,0.957153,1.75459,-0.218068,0.0686837,0.0689005,3.74589e-05,0.062792,,
40.608,kf,map,0.95703,1.75483,-0.217332,0.0625528,0.0625528,0,0.0625,,
40.608,pf,map,0.863159,1.83857,-0.236556,0.0675133,0.0650869,-0.00435465,5.71617,473.606,0
40.644,odom,map,0.959574,1.68522,-0.229765,0,0,0,,,
40.68,odom,map,0.972812,1.68214,-0.22735,0,0,0,,,
40.716,odom,map,0.985935,1.67912,-0.224764,0,0,0,,,
40.752,odom,map,0.999016,1.67615,-0.222071,0,0,0,,,
40.788,odom,map,1.01186,1.67327,-0.219014,0,0,0,,,
40.788,ekf_predict_only,map,1.12392,1.66402,-0.240248,29.8077,53.4154,-17.2456,,,
40.788,ekf,map,1.02261,1.74017,-0.205471,0.067655,0.0678296,3.28657e-05,0.097792,,
40.824,odom,map,1.0257,1.67077,-0.217139,0,0,0,,,
40.788,kf,map,1.02243,1.74036,-0.204831,0.0623767,0.0623767,0,0.1365,,
40.8,amcl,map,1.0072,1.70083,-0.19899,0.0996512,0.058348,-0.0291813,,,
40.788,pf,map,0.938724,1.8298,-0.218361,0.0624447,0.0580486,-0.000558065,6.35158,484.979,0
40.86,odom,map,1.04014,1.66842,-0.216002,0,0,0,,,
40.896,odom,map,1.05432,1.66611,-0.214506,0,0,0,,,
40.932,odom,map,1.06806,1.66386,-0.21247,0,0,0,,,
40.968,odom,map,1.08162,1.66164,-0.210216,0,0,0,,,
41.004,odom,map,1.09503,1.6594,-0.207762,0,0,0,,,
41.004,ekf_predict_only,map,1.19453,1.64672,-0.212384,29.638,55.8553,-17.5094,,,
41.004,ekf,map,1.09634,1.7253,-0.181663,0.06871,0.0688987,3.7735e-05,0.059,,
41.004,kf,map,1.09606,1.72543,-0.181064,0.0625527,0.0625527,0,0.057375,,
41.004,pf,map,0.997483,1.79246,-0.196892,0.0589906,0.0563863,-0.00129461,4.89129,471.411,0
41.04,odom,map,1.1066,1.65699,-0.202771,0,0,0,,,
41.076,odom,map,1.11774,1.65473,-0.197544,0,0,0,,,
41.112,odom,map,1.12858,1.65259,-0.19226,0,0,0,,,
41.148,odom,map,1.13914,1.65056,-0.186773,0,0,0,,,
41.184,odom,map,1.14949,1.64864,-0.1812,0,0,0,,,
41.184,ekf_predict_only,map,1.2427,1.63633,-0.182722,29.5784,57.5973,-17.7026,,,
41.184,ekf,map,1.14982,1.71603,-0.155349,0.0676711,0.067816,2.94958e-05,0.063417,,
41.184,kf,map,1.14933,1.71615,-0.154866,0.0623767,0.0623767,0,0.056625,,
41.22,odom,map,1.15937,1.64686,-0.175372,0,0,0,,,
41.184,pf,map,1.05991,1.78692,-0.168632,0.0644586,0.0607604,-0.00298746,5.95233,484.979,0
41.256,odom,map,1.16908,1.64517,-0.169439,0,0,0,,,
41.292,odom,map,1.17858,1.64357,-0.163418,0,0,0,,,
41.328,odom,map,1.18759,1.64211,-0.157227,0,0,0,,,
41.364,odom,map,1.19625,1.64077,-0.150895,0,0,0,,,
41.4,odom,map,1.20486,1.63949,-0.144542,0,0,0,,,
41.4,ekf,map,1.20516,1.70813,-0.118874,0.0687213,0.0688663,2.92054e-05,0.058459,,
41.4,kf,map,1.20447,1.70822,-0.118417,0.0625527,0.0625527,0,0.058458,,
41.4,ekf_predict_only,map,1.29202,1.62722,-0.143136,29.5397,59.4173,-17.9188,,,
41.4,pf,map,1.1125,1.8121,-0.121435,0.0636881,0.0680466,0.00131642,5.25483,463.152,0
41.436,odom,map,1.21325,1.63829,-0.138007,0,0,0,,,
41.472,odom,map,1.22132,1.6372,-0.131274,0,0,0,,,
41.508,odom,map,1.2287,1.63625,-0.125252,0,0,0,,,
41.544,odom,map,1.23483,1.63549,-0.121768,0,0,0,,,
41.58,odom,map,1.23967,1.6349,-0.120845,0,0,0,,,
41.616,odom,map,1.24212,1.63686,-0.118593,0,0,0,,,
41.616,kf,map,1.23063,1.70559,-0.104765,0.0625774,0.0625774,0,0.063375,,
41.616,ekf_predict_only,map,1.29202,1.62722,-0.143136,29.6397,59.5173,-17.9188,,,
41.616,ekf,map,1.23353,1.70533,-0.103512,0.0689647,0.0690765,2.2341e-05,0.05875,,
41.616,pf,map,1.17929,1.76875,-0.0932839,0.0639476,0.0669806,0.00137322,7.94325,485.508,0
41.652,odom,map,1.24144,1.64271,-0.112802,0,0,0,,,
41.688,odom,map,1.23938,1.64865,-0.107012,0,0,0,,,
41.724,odom,map,1.23626,1.65463,-0.101221,0,0,0,,,
41.76,odom,map,1.23299,1.66053,-0.0954301,0,0,0,,,
41.796,odom,map,1.22962,1.66637,-0.0896393,0,0,0,,,
41.796,ekf,map,1.2444,1.70422,-0.0988347,0.0676753,0.0677426,1.33977e-05,0.05975,,
41.796,kf,map,1.24246,1.7044,-0.0996714,0.0623802,0.0623802,0,0.05475,,
41.832,odom,map,1.22923,1.66701,-0.0889959,0,0,0,,,
41.796,ekf_predict_only,map,1.29202,1.62722,-0.143136,29.7397,59.6173,-17.9188,,,
41.796,pf,map,1.16464,1.7903,-0.0872446,0.0676211,0.0621829,0.00285022,8.29583,478.17,0
41.868,odom,map,1.22923,1.66701,-0.0889959,0,0,0,,,
41.904,odom,map,1.22923,1.66701,-0.0889959,0,0,0,,,
41.94,odom,map,1.22923,1.66701,-0.0889959,0,0,0,,,
41.976,odom,map,1.22923,1.66701,-0.0889959,0,0,0,,,
42.012,ekf,map,1.24796,1.70386,-0.0973005,0.0686587,0.0687108,1.03502e-05,0.053708,,
42.012,kf,map,1.24692,1.70396,-0.0977501,0.0625532,0.0625532,0,0.146125,,
42.012,odom,map,1.22923,1.66701,-0.0889959,0,0,0,,,
42.012,ekf_predict_only,map,1.29202,1.62722,-0.143136,29.8397,59.7173,-17.9188,,,
42.012,pf,map,1.16541,1.79104,-0.0949077,0.0564951,0.0627061,-0.00369387,15.2134,470.034,0
42.048,odom,map,1.22923,1.66701,-0.0889959,0,0,0,,,
42.084,odom,map,1.22932,1.667,-0.0891674,0,0,0,,,
42.12,odom,map,1.23003,1.66694,-0.0899296,0,0,0,,,
42.156,odom,map,1.23113,1.66684,-0.0909686,0,0,0,,,
42.192,odom,map,1.23299,1.66667,-0.0924673,0,0,0,,,
42.228,odom,map,1.23557,1.66643,-0.0946185,0,0,0,,,
42.192,ekf_predict_only,map,1.30568,1.62525,-0.154359,29.91,60.3003,-17.9872,,,
42.192,kf,map,1.25609,1.70305,-0.10342,0.0623768,0.0623768,0,0.110583,,
42.192,ekf,map,1.25605,1.70307,-0.102808,0.0676239,0.0676552,6.17936e-06,0.066125,,
42.192,pf,map,1.15154,1.77838,-0.092033,0.0658455,0.0521643,-0.000710548,7.02242,471.542,0
42.264,odom,map,1.23832,1.66616,-0.0968632,0,0,0,,,
42.3,odom,map,1.24133,1.66587,-0.0995263,0,0,0,,,
42.336,odom,map,1.24482,1.66551,-0.102868,0,0,0,,,
42.372,odom,map,1.24857,1.66512,-0.10659,0,0,0,,,
42.408,odom,map,1.2525,1.66469,-0.110788,0,0,0,,,
42.408,kf,map,1.27552,1.70096,-0.122571,0.0625528,0.0625528,0,0.103417,,
42.408,ekf_predict_only,map,1.32943,1.62156,-0.180488,29.9543,61.2481,-18.1003,,,
42.408,ekf,map,1.27507,1.70103,-0.121696,0.0686774,0.068704,4.98524e-06,0.059375,,
42.408,pf,map,1.18609,1.78165,-0.110557,0.0551194,0.0596907,0.000666613,6.11575,485.305,0
42.444,odom,map,1.25663,1.66422,-0.115699,0,0,0,,,
42.48,odom,map,1.26042,1.66377,-0.121729,0,0,0,,,
42.516,odom,map,1.26359,1.66337,-0.128596,0,0,0,,,
42.552,odom,map,1.2665,1.66298,-0.135839,0,0,0,,,
42.588,odom,map,1.26841,1.66271,-0.144334,0,0,0,,,
42.624,odom,map,1.26974,1.66252,-0.153867,0,0,0,,,
42.588,ekf_predict_only,map,1.3346,1.62061,-0.23068,30.0401,61.5341,-18.1222,,,
42.588,ekf,map,1.286,1.69954,-0.158392,0.067649,0.0676662,3.09623e-06,0.05725,,
42.588,kf,map,1.28572,1.69956,-0.159773,0.0623767,0.0623767,0,0.063458,,
42.6,amcl,map,1.26641,1.6486,-0.160343,0.0922164,0.0720182,-0.0351007,,,
42.588,pf,map,1.22496,1.77572,-0.135302,0.057405,0.0663166,0.000878978,5.92446,497.326,0
42.66,odom,map,1.27077,1.66235,-0.163906,0,0,0,,,
42.696,odom,map,1.27151,1.66222,-0.174677,0,0,0,,,
42.732,odom,map,1.27198,1.66214,-0.18647,0,0,0,,,
42.768,odom,map,1.27238,1.66206,-0.19904,0,0,0,,,
42.804,odom,map,1.27276,1.66198,-0.211945,0,0,0,,,
42.804,ekf_predict_only,map,1.33707,1.62003,-0.31225,30.1314,61.7231,-18.1304,,,
42.804,ekf,map,1.29165,1.69859,-0.225938,0.0687026,0.0687166,2.45745e-06,0.055333,,
42.804,kf,map,1.29126,1.69864,-0.22771,0.0625527,0.0625527,0,0.057125,,
42.804,pf,map,1.2078,1.7925,-0.212677,0.0594886,0.0601839,0.00119319,5.46917,486.991,0
42.84,odom,map,1.27317,1.66189,-0.225418,0,0,0,,,
42.876,odom,map,1.27363,1.66178,-0.239467,0,0,0,,,
42.912,odom,map,1.27418,1.66164,-0.254007,0,0,0,,,
42.948,odom,map,1.27477,1.66149,-0.268627,0,0,0,,,
42.984,odom,map,1.27548,1.66128,-0.283659,0,0,0,,,
43.02,odom,map,1.2764,1.66101,-0.299142,0,0,0,,,
42.984,ekf_predict_only,map,1.34228,1.61835,-0.39016,30.2061,62.0107,-18.1391,,,
42.984,ekf,map,1.29618,1.69754,-0.295332,0.0676653,0.0676739,1.50272e-06,0.504042,,
42.984,kf,map,1.29609,1.69753,-0.296665,0.0623767,0.0623767,0,0.104333,,
42.984,pf,map,1.20711,1.75685,-0.294336,0.0554907,0.0634738,-0.00127176,8.17517,498.999,0
43.056,odom,map,1.27744,1.66068,-0.314724,0,0,0,,,
43.092,odom,map,1.27853,1.66031,-0.330482,0,0,0,,,
43.128,odom,map,1.28017,1.65973,-0.346571,0,0,0,,,
43.164,odom,map,1.28256,1.65885,-0.363105,0,0,0,,,
43.2,odom,map,1.28518,1.65783,-0.379763,0,0,0,,,
43.2,ekf_predict_only,map,1.36073,1.61076,-0.493506,30.1929,62.7798,-18.1392,,,
43.2,ekf,map,1.30854,1.69336,-0.390906,0.0687157,0.0687236,1.5227e-06,0.056958,,
43.2,kf,map,1.3091,1.69319,-0.392101,0.0625527,0.0625527,0,0.114,,
43.2,amcl,map,1.27757,1.64997,-0.386896,0.0880064,0.0603361,-0.0399408,,,
43.2,pf,map,1.205,1.77447,-0.379963,0.0582662,0.0558974,-0.00277745,4.82388,482.311,0
43.236,odom,map,1.28807,1.65665,-0.396805,0,0,0,,,
43.272,odom,map,1.29129,1.65526,-0.414109,0,0,0,,,
43.308,odom,map,1.2951,1.65355,-0.431623,0,0,0,,,
43.344,odom,map,1.29895,1.65173,-0.449149,0,0,0,,,
43.38,odom,map,1.30291,1.64978,-0.466778,0,0,0,,,
43.416,odom,map,1.30712,1.6465,-0.485674,0,0,0,,,
43.416,ekf,map,1.3306,1.68295,-0.494596,0.068961,0.0689698,2.50137e-06,0.062542,,
43.416,kf,map,1.33144,1.68272,-0.495498,0.0625774,0.0625774,0,0.069417,,
43.416,ekf_predict_only,map,1.38829,1.59594,-0.602131,30.0744,63.8902,-18.0705,,,
43.416,pf,map,1.23296,1.76339,-0.48601,0.063206,0.0617761,0.000245336,5.24021,487.87,0
43.452,odom,map,1.31126,1.64139,-0.506111,0,0,0,,,
43.488,odom,map,1.31561,1.63601,-0.526731,0,0,0,,,
43.524,odom,map,1.32033,1.63023,-0.54734,0,0,0,,,
43.56,odom,map,1.32556,1.62394,-0.567947,0,0,0,,,
43.596,odom,map,1.33085,1.61741,-0.588554,0,0,0,,,
43.632,odom,map,1.3368,1.613,-0.607041,0,0,0,,,
43.596,ekf_predict_only,map,1.42016,1.57404,-0.693152,29.8587,65.1745,-17.8933,,,
43.596,ekf,map,1.35724,1.66682,-0.584247,0.0676747,0.0676851,4.76945e-06,0.055708,,
43.596,kf,map,1.35813,1.66654,-0.584689,0.0623802,0.0623802,0,0.057584,,
43.596,pf,map,1.28739,1.73267,-0.571947,0.0638258,0.0562876,-0.001269,11.5363,506.303,0
43.668,odom,map,1.34342,1.60832,-0.625044,0,0,0,,,
43.704,odom,map,1.35044,1.60315,-0.643285,0,0,0,,,
43.74,odom,map,1.35758,1.59769,-0.661594,0,0,0,,,
43.776,odom,map,1.36491,1.59188,-0.68003,0,0,0,,,
43.812,odom,map,1.37246,1.58565,-0.6984,0,0,0,,,
43.812,ekf,map,1.39949,1.63555,-0.693467,0.068664,0.068683,1.35233e-05,0.128958,,
43.812,ekf_predict_only,map,1.46708,1.53506,-0.802978,29.4172,67.0506,-17.4815,,,
43.812,kf,map,1.40058,1.63522,-0.693676,0.0625532,0.0625532,0,0.064917,,
43.812,pf,map,1.32401,1.71433,-0.686528,0.0631426,0.0607589,0.00373984,5.30217,477.998,0
43.8,amcl,map,1.36537,1.59478,-0.696614,0.0949516,0.0641235,-0.0498847,,,
43.848,odom,map,1.38036,1.57889,-0.71668,0,0,0,,,
43.884,odom,map,1.38841,1.57175,-0.734942,0,0,0,,,
43.92,odom,map,1.3966,1.56421,-0.753216,0,0,0,,,
43.956,odom,map,1.40502,1.55617,-0.771138,0,0,0,,,
43.992,odom,map,1.41363,1.54765,-0.788845,0,0,0,,,
43.992,ekf_predict_only,map,1.50971,1.49091,-0.891376,28.9358,68.7972,-16.9095,,,
43.992,kf,map,1.441,1.59777,-0.783037,0.0623768,0.0623768,0,0.06125,,
44.028,odom,map,1.42162,1.53981,-0.805776,0,0,0,,,
43.992,ekf,map,1.44008,1.59802,-0.783065,0.0676366,0.0676567,2.11984e-05,0.111166,,
43.992,pf,map,1.36228,1.68164,-0.765753,0.0598134,0.0593784,0.00106723,9.65217,478.025,0
44.064,odom,map,1.42942,1.532,-0.822336,0,0,0,,,
44.1,odom,map,1.43748,1.52363,-0.838764,0,0,0,,,
44.136,odom,map,1.44583,1.51461,-0.855248,0,0,0,,,
44.172,odom,map,1.45406,1.50539,-0.871742,0,0,0,,,
44.208,odom,map,1.46248,1.49551,-0.888225,0,0,0,,,
44.208,ekf_predict_only,map,1.56389,1.42383,-0.994547,28.2178,71.0359,-15.9159,,,
44.208,ekf,map,1.49369,1.53878,-0.887952,0.0687106,0.0687338,4.31306e-05,0.108375,,
44.208,kf,map,1.49473,1.53857,-0.887764,0.0625528,0.0625528,0,0.056292,,
44.208,pf,map,1.39332,1.6156,-0.886011,0.0594808,0.0551371,-0.0045449,4.53471,473.652,0
44.244,odom,map,1.47157,1.48414,-0.905196,0,0,0,,,
44.28,odom,map,1.48068,1.47233,-0.921828,0,0,0,,,
44.316,odom,map,1.48967,1.46027,-0.938345,0,0,0,,,
44.352,odom,map,1.49859,1.44789,-0.954453,0,0,0,,,
44.388,odom,map,1.50747,1.43515,-0.970036,0,0,0,,,
44.388,ekf_predict_only,map,1.60629,1.35858,-1.07208,27.5979,72.8457,-14.8341,,,
44.424,odom,map,1.51617,1.42224,-0.985551,0,0,0,,,
44.4,amcl,map,1.52953,1.43503,-0.982948,0.0684493,0.0665381,-0.0477228,,,
44.388,ekf,map,1.53766,1.47887,-0.968905,0.0676963,0.0677079,5.18939e-05,0.058166,,
44.388,kf,map,1.53849,1.47879,-0.968546,0.0623767,0.0623767,0,0.053125,,
44.388,pf,map,1.45445,1.56081,-0.970006,0.0652222,0.0597444,-0.00412654,7.27554,497.531,0
44.46,odom,map,1.52466,1.4092,-1.00106,0,0,0,,,
44.496,odom,map,1.533,1.39597,-1.01635,0,0,0,,,
44.532,odom,map,1.54117,1.38255,-1.03125,0,0,0,,,
44.568,odom,map,1.54915,1.36899,-1.04592,0,0,0,,,
44.604,odom,map,1.55695,1.35525,-1.06035,0,0,0,,,
44.604,ekf_predict_only,map,1.65169,1.27523,-1.15463,26.888,74.8116,-13.3418,,,
44.604,ekf,map,1.58673,1.39961,-1.05786,0.0687881,0.0687801,7.93932e-05,0.78075,,
44.604,kf,map,1.58755,1.39974,-1.05712,0.0625527,0.0625527,0,0.092958,,
44.604,pf,map,1.5054,1.4818,-1.04528,0.0633546,0.0629097,0.00125197,5.67192,465.3,0
44.64,odom,map,1.56418,1.34107,-1.0761,0,0,0,,,
44.676,odom,map,1.57117,1.32673,-1.09146,0,0,0,,,
44.712,odom,map,1.57792,1.31224,-1.10669,0,0,0,,,
44.748,odom,map,1.58441,1.29764,-1.12172,0,0,0,,,
44.784,odom,map,1.59066,1.28291,-1.13632,0,0,0,,,
44.82,odom,map,1.59695,1.26838,-1.14914,0,0,0,,,
44.784,ekf,map,1.62236,1.32944,-1.12433,0.06776,0.0677317,7.68684e-05,0.061416,,
44.784,kf,map,1.62302,1.32966,-1.12349,0.0623767,0.0623767,0,0.055958,,
44.784,ekf_predict_only,map,1.68356,1.2031,-1.21425,26.3869,76.2437,-11.9676,,,
44.784,pf,map,1.53619,1.41155,-1.11216,0.0659256,0.05764,-0.000236562,7.15675,473.309,0
44.856,odom,map,1.60332,1.25395,-1.16107,0,0,0,,,
44.892,odom,map,1.60948,1.23953,-1.17265,0,0,0,,,
44.928,odom,map,1.61546,1.2251,-1.18351,0,0,0,,,
44.964,odom,map,1.62128,1.2106,-1.19421,0,0,0,,,
45,odom,map,1.62693,1.1961,-1.20457,0,0,0,,,
45,ekf_predict_only,map,1.71586,1.1164,-1.27332,25.8876,77.7117,-10.2428,,,
45,kf,map,1.66013,1.24393,-1.19035,0.0625527,0.0625527,0,0.142583,,
45,ekf,map,1.65949,1.24355,-1.1914,0.0688531,0.0687882,9.60674e-05,0.063167,,
45,amcl,map,1.64835,1.2153,-1.18864,0.0597047,0.0878155,-0.0483741,,,
45,pf,map,1.5832,1.34807,-1.18598,0.0639713,0.0621566,-0.00435663,5.97946,484.385,0
45.036,odom,map,1.63239,1.18165,-1.21454,0,0,0,,,
45.072,odom,map,1.63769,1.16719,-1.22413,0,0,0,,,
45.108,odom,map,1.64285,1.15271,-1.23348,0,0,0,,,
45.144,odom,map,1.64776,1.13849,-1.24344,0,0,0,,,
45.18,odom,map,1.65239,1.12462,-1.25393,0,0,0,,,
45.216,odom,map,1.65833,1.11125,-1.26436,0,0,0,,,
45.216,ekf,map,1.68988,1.15921,-1.25497,0.0691165,0.0690247,9.55618e-05,0.062667,,
45.216,kf,map,1.69032,1.15971,-1.25456,0.0625774,0.0625774,0,0.063125,,
45.216,ekf_predict_only,map,1.74131,1.03338,-1.33686,25.5404,78.9031,-8.53133,,,
45.216,pf,map,1.64573,1.25753,-1.24403,0.0623664,0.0595814,0.00184646,5.12617,479.766,0
45.252,odom,map,1.66645,1.09869,-1.27465,0,0,0,,,
45.288,odom,map,1.67433,1.0864,-1.28498,0,0,0,,,
45.324,odom,map,1.68198,1.07445,-1.29543,0,0,0,,,
45.36,odom,map,1.68941,1.06273,-1.30608,0,0,0,,,
45.396,odom,map,1.69668,1.0511,-1.31678,0,0,0,,,
45.396,ekf,map,1.70905,1.09388,-1.30976,0.0678076,0.0677172,7.3209e-05,0.061792,,
45.432,odom,map,1.70033,1.03856,-1.32782,0,0,0,,,
45.396,ekf_predict_only,map,1.75642,0.96997,-1.39223,25.3828,79.6566,-7.19093,,,
45.396,kf,map,1.70931,1.09433,-1.30964,0.0623802,0.0623802,0,0.06325,,
45.396,pf,map,1.6425,1.1917,-1.29716,0.0656002,0.0626879,0.000865414,10.8712,474.731,0
45.468,odom,map,1.70339,1.02592,-1.33895,0,0,0,,,
45.504,odom,map,1.7063,1.01328,-1.35008,0,0,0,,,
45.54,odom,map,1.70906,1.00062,-1.36121,0,0,0,,,
45.576,odom,map,1.71167,0.987995,-1.37303,0,0,0,,,
45.612,odom,map,1.71411,0.97541,-1.38593,0,0,0,,,
45.612,ekf_predict_only,map,1.77005,0.894433,-1.47215,25.2714,80.3498,-5.56671,,,
45.612,ekf,map,1.72704,1.01759,-1.38213,0.0688171,0.0686972,7.50564e-05,0.060708,,
45.612,kf,map,1.72722,1.01793,-1.38274,0.0625532,0.0625532,0,0.106583,,
45.612,pf,map,1.66427,1.09813,-1.3781,0.0616293,0.0613561,0.000355887,7.98775,457.856,0
45.648,odom,map,1.71637,0.962865,-1.39962,0,0,0,,,
45.684,odom,map,1.71845,0.950304,-1.4135,0,0,0,,,
45.72,odom,map,1.72035,0.937789,-1.42794,0,0,0,,,
45.756,odom,map,1.72205,0.925302,-1.44338,0,0,0,,,
45.792,odom,map,1.72356,0.912667,-1.45957,0,0,0,,,
45.828,odom,map,1.72549,0.901916,-1.47405,0,0,0,,,
45.792,kf,map,1.73717,0.95445,-1.45673,0.0623768,0.0623768,0,0.061791,,
45.792,ekf_predict_only,map,1.77633,0.831037,-1.55347,25.2745,80.7239,-4.1866,,,
45.792,ekf,map,1.73703,0.954282,-1.45593,0.0677601,0.0676497,5.56283e-05,0.104042,,
45.801,amcl,map,1.73783,0.92697,-1.43319,0.0504308,0.0996376,-0.0420093,,,
45.792,pf,map,1.65226,1.0264,-1.43962,0.0631838,0.0666239,0.000170402,4.56758,494.887,0
45.864,odom,map,1.72747,0.892012,-1.48831,0,0,0,,,
45.9,odom,map,1.72927,0.882143,-1.50352,0,0,0,,,
45.936,odom,map,1.73088,0.872249,-1.51893,0,0,0,,,
45.972,odom,map,1.73231,0.862315,-1.53457,0,0,0,,,
46.008,ekf_predict_only,map,1.77763,0.755958,-1.66931,25.3554,80.8808,-2.54401,,,
46.008,ekf,map,1.74261,0.878914,-1.56231,0.0688381,0.0686994,5.3378e-05,0.063542,,
46.008,odom,map,1.73335,0.851836,-1.55159,0,0,0,,,
46.008,kf,map,1.7428,0.879033,-1.56343,0.0625528,0.0625528,0,0.108792,,
46.008,pf,map,1.66107,0.949327,-1.53325,0.0640285,0.0663282,0.00569164,7.61838,483.346,0
46.044,odom,map,1.73347,0.839409,-1.57108,0,0,0,,,
46.08,odom,map,1.73334,0.827013,-1.59063,0,0,0,,,
46.116,odom,map,1.73298,0.814735,-1.61034,0,0,0,,,
46.152,odom,map,1.73238,0.802626,-1.63055,0,0,0,,,
46.188,odom,map,1.73154,0.790654,-1.65143,0,0,0,,,
46.188,kf,map,1.73753,0.859082,-1.61075,0.0621946,0.0279355,0.00250462,0.108542,,
46.224,odom,map,1.73045,0.778717,-1.67238,0,0,0,,,
46.188,ekf_predict_only,map,1.77173,0.696316,-1.7741,25.5145,80.7231,-1.24322,,,
46.2,amcl,map,1.73088,0.816645,-1.6355,0.0464885,0.103397,-0.0435533,,,
46.188,ekf,map,1.77514,0.863268,-1.64513,0.020455,0.0287089,-0.000598213,0.186833,,
46.188,pf,map,1.75494,0.918326,-1.6341,0.0227469,0.0259804,0.00177251,7.86842,318.963,0
46.26,odom,map,1.72912,0.76698,-1.69373,0,0,0,,,
46.296,odom,map,1.72758,0.755461,-1.71523,0,0,0,,,
46.332,odom,map,1.7258,0.744129,-1.73688,0,0,0,,,
46.368,odom,map,1.7238,0.732901,-1.7586,0,0,0,,,
46.404,odom,map,1.72158,0.721916,-1.78039,0,0,0,,,
46.404,ekf_predict_only,map,1.75879,0.633544,-1.90635,25.7481,80.2597,0.109642,,,
46.404,ekf,map,1.78299,0.802703,-1.7669,0.0189042,0.0277217,-0.000603666,0.099667,,
46.404,kf,map,1.72799,0.798291,-1.71123,0.0622695,0.0269117,0.00316742,0.100125,,
46.404,pf,map,1.76426,0.836173,-1.74641,0.0202701,0.0236576,0.00109579,7.26533,374.045,0
46.44,odom,map,1.71923,0.711393,-1.80239,0,0,0,,,
46.476,odom,map,1.71669,0.701147,-1.82454,0,0,0,,,
46.512,odom,map,1.71397,0.691124,-1.8468,0,0,0,,,
46.548,odom,map,1.71108,0.681339,-1.86923,0,0,0,,,
46.584,odom,map,1.70807,0.671933,-1.89177,0,0,0,,,
46.62,odom,map,1.70647,0.663358,-1.91267,0,0,0,,,
46.584,ekf,map,1.77046,0.748799,-1.87806,0.0171214,0.0273812,-0.000827373,0.117125,,
46.584,kf,map,1.71435,0.74415,-1.81541,0.0619205,0.0269779,0.00399976,0.093333,,
46.584,ekf_predict_only,map,1.74352,0.589755,-2.01918,25.9849,79.6987,1.03336,,,
46.602,amcl,map,1.72488,0.682853,-1.87044,0.0328103,0.0933139,-0.0240049,,,
46.584,pf,map,1.74755,0.789169,-1.86588,0.0184904,0.0254355,-0.00326355,9.01521,336.442,0
46.656,odom,map,1.70586,0.655133,-1.93223,0,0,0,,,
46.692,odom,map,1.70519,0.647229,-1.95202,0,0,0,,,
46.728,odom,map,1.70455,0.639887,-1.97181,0,0,0,,,
46.764,odom,map,1.70393,0.632995,-1.99149,0,0,0,,,
46.8,odom,map,1.70323,0.626318,-2.01116,0,0,0,,,
46.8,ekf_predict_only,map,1.72466,0.550556,-2.15644,26.2379,78.9887,1.83852,,,
46.8,ekf,map,1.76441,0.707039,-2.01001,0.0157723,0.0275625,-0.00137819,0.112,,
46.8,kf,map,1.69385,0.698794,-1.927,0.0617644,0.0273606,0.00523576,0.102791,,
46.8,pf,map,1.73822,0.761266,-1.98489,0.0187194,0.0236864,-0.000487223,7.74383,264.291,0
46.836,odom,map,1.70002,0.619564,-2.03389,0,0,0,,,
46.872,odom,map,1.69686,0.613415,-2.05671,0,0,0,,,
46.908,odom,map,1.69364,0.60748,-2.07953,0,0,0,,,
46.944,odom,map,1.69042,0.60186,-2.10251,0,0,0,,,
46.98,odom,map,1.68726,0.596628,-2.12563,0,0,0,,,
47.016,kf,map,1.67379,0.6558,-2.03454,0.0613244,0.0278253,0.00656653,0.101083,,
47.016,odom,map,1.6834,0.593653,-2.14836,0,0,0,,,
47.016,ekf_predict_only,map,1.70603,0.522468,-2.29538,26.4654,78.295,2.39457,,,
47.001,amcl,map,1.70055,0.611108,-2.1321,0.0261864,0.0755367,-0.0162606,,,
47.016,ekf,map,1.76115,0.668323,-2.14317,0.0148498,0.0274784,-0.00184603,0.164791,,
47.016,pf,map,1.73931,0.72615,-2.11252,0.0184297,0.0262314,3.85216e-05,6.14729,254.251,0
47.052,odom,map,1.67828,0.593815,-2.1704,0,0,0,,,
47.088,odom,map,1.67317,0.594199,-2.19236,0,0,0,,,
47.124,odom,map,1.66812,0.594861,-2.21422,0,0,0,,,
47.16,odom,map,1.6633,0.595997,-2.23615,0,0,0,,,
47.196,odom,map,1.65848,0.597301,-2.25815,0,0,0,,,
47.196,kf,map,1.65748,0.628774,-2.14637,0.0606631,0.0282323,0.00763519,0.107875,,
47.232,odom,map,1.65548,0.594524,-2.28102,0,0,0,,,
47.196,ekf_predict_only,map,1.69196,0.506569,-2.41014,26.6442,77.7997,2.69591,,,
47.196,ekf,map,1.74307,0.643041,-2.25952,0.0140212,0.0270909,-0.00214369,0.16775,,
47.196,pf,map,1.70323,0.68995,-2.22281,0.0169995,0.0231057,-0.00383546,8.75483,270.603,0
47.268,odom,map,1.65278,0.591456,-2.30382,0,0,0,,,
47.304,odom,map,1.65018,0.588631,-2.32647,0,0,0,,,
47.34,odom,map,1.6476,0.585958,-2.34908,0,0,0,,,
47.376,odom,map,1.64512,0.583496,-2.37165,0,0,0,,,
47.412,odom,map,1.64384,0.580583,-2.39351,0,0,0,,,
47.412,ekf_predict_only,map,1.67866,0.494635,-2.54423,26.8065,77.3408,2.91201,,,
47.412,ekf,map,1.74481,0.617134,-2.39069,0.0138486,0.0271732,-0.00271144,0.101167,,
47.412,kf,map,1.6441,0.597508,-2.25457,0.0602992,0.0288266,0.00870126,0.098125,,
47.4,amcl,map,1.67544,0.564119,-2.3951,0.0214548,0.0681348,-0.00961912,,,
47.412,pf,map,1.71289,0.684403,-2.36044,0.014777,0.0182515,-0.00173922,10.7153,259.841,0
47.448,odom,map,1.6447,0.575947,-2.41412,0,0,0,,,
47.484,odom,map,1.64559,0.571412,-2.43467,0,0,0,,,
47.52,odom,map,1.64669,0.567127,-2.45507,0,0,0,,,
47.556,odom,map,1.64798,0.563058,-2.47531,0,0,0,,,
47.592,odom,map,1.64934,0.559106,-2.49549,0,0,0,,,
47.628,odom,map,1.64863,0.55722,-2.51675,0,0,0,,,
47.592,ekf_predict_only,map,1.67125,0.48959,-2.65243,26.9336,77.1306,2.99758,,,
47.592,ekf,map,1.73021,0.603896,-2.50303,0.0133656,0.0268675,-0.00282892,0.105792,,
47.592,kf,map,1.63427,0.583647,-2.36747,0.0597323,0.0291635,0.00936277,0.890667,,
47.592,pf,map,1.69655,0.656773,-2.46866,0.0154755,0.0225223,-0.00241321,6.31346,273.265,0
47.664,odom,map,1.64738,0.556335,-2.53824,0,0,0,,,
47.7,odom,map,1.64632,0.55562,-2.55956,0,0,0,,,
47.736,odom,map,1.6453,0.554965,-2.58082,0,0,0,,,
47.772,odom,map,1.64438,0.554404,-2.602,0,0,0,,,
47.808,odom,map,1.64415,0.554276,-2.62336,0,0,0,,,
47.808,ekf_predict_only,map,1.66831,0.488024,-2.77821,27.0422,77.1078,3.02224,,,
47.808,kf,map,1.62769,0.577429,-2.48199,0.0596322,0.0294985,0.00982156,0.10225,,
47.808,ekf,map,1.73168,0.601151,-2.62888,0.0135113,0.0270151,-0.00314689,0.096667,,
47.802,amcl,map,1.66978,0.535218,-2.63631,0.0202039,0.0597787,-0.00875117,,,
47.808,pf,map,1.71674,0.670829,-2.62376,0.0165514,0.0193894,0.000111826,7.31879,267.241,0
47.844,odom,map,1.64545,0.555088,-2.64562,0,0,0,,,
47.88,odom,map,1.64683,0.555954,-2.66773,0,0,0,,,
47.916,odom,map,1.64836,0.556904,-2.6895,0,0,0,,,
47.952,odom,map,1.65008,0.557951,-2.71063,0,0,0,,,
47.988,odom,map,1.65182,0.559002,-2.73164,0,0,0,,,
48.024,odom,map,1.65274,0.559501,-2.75145,0,0,0,,,
47.988,ekf_predict_only,map,1.67034,0.488799,-2.87419,27.1379,77.2928,3.01163,,,
47.988,kf,map,1.62808,0.570977,-2.58198,0.0594015,0.029498,0.00988978,0.185,,
47.988,ekf,map,1.73067,0.593999,-2.7291,0.0132959,0.0267939,-0.0030252,0.102917,,
47.988,pf,map,1.73192,0.634278,-2.72579,0.0126531,0.0216745,-0.00270082,8.14229,267.788,0
48.06,odom,map,1.65317,0.559674,-2.77031,0,0,0,,,
48.096,odom,map,1.65371,0.559878,-2.78854,0,0,0,,,
48.132,odom,map,1.65431,0.560092,-2.80651,0,0,0,,,
48.168,odom,map,1.65493,0.560304,-2.82436,0,0,0,,,
48.204,odom,map,1.65565,0.560429,-2.84212,0,0,0,,,
48.204,ekf_predict_only,map,1.67528,0.490153,-2.97552,27.2306,77.5994,2.99677,,,
48.204,ekf,map,1.73792,0.58995,-2.8366,0.0133831,0.0270634,-0.00305986,0.103125,,
48.204,kf,map,1.63213,0.566621,-2.68455,0.0596437,0.0294887,0.00980715,0.174125,,
48.201,amcl,map,1.6802,0.539801,-2.85102,0.0199398,0.050837,-0.00479589,,,
48.204,pf,map,1.70576,0.634153,-2.81048,0.0135212,0.025912,-0.000679938,6.38946,231.214,0
48.24,odom,map,1.65747,0.559121,-2.8609,0,0,0,,,
48.276,odom,map,1.6593,0.557801,-2.87951,0,0,0,,,
48.312,odom,map,1.6611,0.556452,-2.89773,0,0,0,,,
48.348,odom,map,1.66293,0.555093,-2.91517,0,0,0,,,
48.384,odom,map,1.66473,0.553711,-2.93209,0,0,0,,,
48.42,odom,map,1.66598,0.553182,-2.94789,0,0,0,,,
48.384,ekf_predict_only,map,1.67941,0.490844,-3.05073,27.3268,77.8722,2.99345,,,
48.384,ekf,map,1.73351,0.579424,-2.9212,0.0130758,0.0268589,-0.0028967,0.168667,,
48.384,kf,map,1.63774,0.559097,-2.78022,0.0595828,0.0293169,0.00961037,0.101792,,
48.384,pf,map,1.68368,0.665651,-2.86145,0.0114551,0.0214007,-0.00155359,16.036,210.557,0
48.456,odom,map,1.66635,0.553253,-2.96195,0,0,0,,,
48.492,odom,map,1.66635,0.553253,-2.97342,0,0,0,,,
48.528,odom,map,1.66635,0.553253,-2.98231,0,0,0,,,
48.564,odom,map,1.66635,0.553253,-2.9886,0,0,0,,,
48.6,odom,map,1.66635,0.553253,-2.99231,0,0,0,,,
48.6,ekf,map,1.73782,0.576798,-2.96341,0.013138,0.0270989,-0.003005,0.124209,,
48.6,ekf_predict_only,map,1.67941,0.490844,-3.05073,27.4268,77.9722,2.99345,,,
48.6,kf,map,1.63922,0.555582,-2.81759,0.0597711,0.0293613,0.00960855,0.112417,,
48.6,pf,map,1.7209,0.644398,-2.95815,0.0138237,0.0232233,-0.00170001,6.11813,227.701,0
48.636,odom,map,1.66832,0.550477,-2.99317,0,0,0,,,
48.672,odom,map,1.67035,0.547622,-2.99292,0,0,0,,,
48.708,odom,map,1.67238,0.544767,-2.99266,0,0,0,,,
48.744,odom,map,1.67441,0.541912,-2.99241,0,0,0,,,
48.78,odom,map,1.67644,0.539057,-2.99215,0,0,0,,,
48.816,ekf,map,1.74373,0.581475,-2.97585,0.0131381,0.0271121,-0.00302768,0.11175,,
48.816,kf,map,1.63856,0.55845,-2.82254,0.0598007,0.0293588,0.00960405,0.106875,,
48.816,odom,map,1.67768,0.537312,-2.99199,0,0,0,,,
48.816,ekf_predict_only,map,1.67941,0.490844,-3.05073,27.5268,78.0722,2.99345,,,
48.816,pf,map,1.71368,0.646457,-2.94225,0.0147825,0.0220516,-0.0032138,9.563,252.48,0
48.852,odom,map,1.67768,0.537312,-2.99199,0,0,0,,,
48.888,odom,map,1.67768,0.537312,-2.99199,0,0,0,,,
48.924,odom,map,1.67743,0.537274,-2.99214,0,0,0,,,
48.96,odom,map,1.67626,0.537098,-2.99238,0,0,0,,,
48.996,odom,map,1.67444,0.536825,-2.99267,0,0,0,,,
48.996,kf,map,1.63028,0.556756,-2.81304,0.0593524,0.02955,0.00996787,0.1055,,
49.032,odom,map,1.67304,0.537032,-2.99359,0,0,0,,,
48.996,ekf_predict_only,map,1.66201,0.489259,-3.05379,27.6354,77.4456,2.97936,,,
48.996,ekf,map,1.74484,0.583306,-2.97891,0.0130439,0.0267585,-0.00311158,0.092875,,
48.996,pf,map,1.74082,0.64742,-2.9871,0.0140135,0.0240052,-0.00335712,19.5695,251.95,0
49.068,odom,map,1.67055,0.537133,-2.99514,0,0,0,,,
49.104,odom,map,1.66754,0.537167,-2.99687,0,0,0,,,
49.14,odom,map,1.66416,0.537157,-2.99884,0,0,0,,,
49.176,odom,map,1.66017,0.537073,-3.00122,0,0,0,,,
49.212,odom,map,1.6547,0.536649,-3.0038,0,0,0,,,
49.212,ekf_predict_only,map,1.62205,0.485741,-3.06738,27.7547,75.9001,2.94239,,,
49.212,kf,map,1.60307,0.548996,-2.83006,0.0585232,0.0305977,0.0113248,0.101584,,
49.212,ekf,map,1.71203,0.57972,-2.9913,0.0136168,0.0267259,-0.00370512,0.205459,,
49.212,pf,map,1.67583,0.638117,-2.95505,0.0147319,0.0266563,-0.00398596,6.98896,272.485,0
49.248,odom,map,1.64808,0.535738,-3.00606,0,0,0,,,
49.284,odom,map,1.64106,0.534789,-3.00837,0,0,0,,,
49.32,odom,map,1.63327,0.533755,-3.01065,0,0,0,,,
49.356,odom,map,1.62479,0.532648,-3.01312,0,0,0,,,
49.392,odom,map,1.61604,0.531529,-3.01567,0,0,0,,,
49.428,odom,map,1.60691,0.530385,-3.01805,0,0,0,,,
49.392,ekf_predict_only,map,1.57522,0.48226,-3.07915,27.874,74.1129,2.88272,,,
49.392,kf,map,1.56844,0.538916,-2.83986,0.0568922,0.0319848,0.0128723,0.179583,,
49.392,ekf,map,1.67696,0.576742,-3.00145,0.0141754,0.0259883,-0.0043725,0.096208,,
49.392,pf,map,1.63441,0.653097,-2.96372,0.013089,0.0203691,-0.00177097,7.89321,262.374,0
49.464,odom,map,1.59721,0.529193,-3.02039,0,0,0,,,
49.5,odom,map,1.58688,0.527946,-3.0228,0,0,0,,,
49.536,odom,map,1.57629,0.526696,-3.02526,0,0,0,,,
49.572,odom,map,1.56542,0.52544,-3.02781,0,0,0,,,
49.608,odom,map,1.55405,0.524156,-3.03036,0,0,0,,,
49.608,ekf_predict_only,map,1.5055,0.477901,-3.09427,27.9985,71.485,2.77193,,,
49.608,ekf,map,1.61219,0.562426,-3.01783,0.0158267,0.0253837,-0.005248,0.104792,,
49.608,kf,map,1.5159,0.518235,-2.86941,0.0544089,0.0346708,0.0149923,0.089417,,
49.608,pf,map,1.57426,0.609571,-3.00516,0.0167196,0.0291716,-0.00512903,6.77075,241.254,0
49.644,odom,map,1.54248,0.522878,-3.03288,0,0,0,,,
49.68,odom,map,1.53073,0.521611,-3.03539,0,0,0,,,
49.716,odom,map,1.51858,0.520331,-3.0379,0,0,0,,,
49.752,odom,map,1.50611,0.519048,-3.04028,0,0,0,,,
49.788,odom,map,1.4936,0.517791,-3.04263,0,0,0,,,
49.824,odom,map,1.48106,0.516561,-3.04502,0,0,0,,,
49.788,ekf,map,1.54334,0.567925,-3.03119,0.0171645,0.0243037,-0.00567044,0.097292,,
49.788,ekf_predict_only,map,1.44253,0.474919,-3.10634,28.1155,69.2059,2.64884,,,
49.788,kf,map,1.45693,0.517919,-2.89661,0.0516266,0.0372242,0.0163798,0.09925,,
49.788,pf,map,1.49938,0.613447,-3.009,0.0154889,0.0232213,-0.00393765,12.9929,284.403,0
49.86,odom,map,1.46844,0.515354,-3.04739,0,0,0,,,
49.896,odom,map,1.45577,0.514172,-3.04973,0,0,0,,,
49.932,odom,map,1.44309,0.513019,-3.05207,0,0,0,,,
49.968,odom,map,1.43035,0.51189,-3.05446,0,0,0,,,
50.004,odom,map,1.41764,0.510796,-3.05693,0,0,0,,,
50.004,ekf_predict_only,map,1.36614,0.472224,-3.12138,28.231,66.5284,2.47794,,,
50.004,kf,map,1.39064,0.506233,-2.9288,0.0485471,0.0405273,0.0174923,0.61475,,
50.004,ekf,map,1.46523,0.559923,-3.04668,0.0196357,0.0237903,-0.00562671,0.182042,,
50.001,amcl,map,1.42023,0.498377,-3.05805,0.0320748,0.027403,0.000903426,,,
50.004,pf,map,1.33326,0.625688,-3.04999,0.0549947,0.0531041,-0.00379642,5.53258,533.527,0
50.04,odom,map,1.40491,0.509732,-3.05941,0,0,0,,,
50.076,odom,map,1.39216,0.508697,-3.06186,0,0,0,,,
50.112,odom,map,1.3795,0.507701,-3.06433,0,0,0,,,
50.148,odom,map,1.3669,0.506742,-3.06688,0,0,0,,,
50.184,odom,map,1.35436,0.505819,-3.06944,0,0,0,,,
50.22,odom,map,1.34181,0.504928,-3.07201,0,0,0,,,
50.184,ekf_predict_only,map,1.30326,0.470953,-3.13419,28.3384,64.4321,2.31791,,,
50.184,ekf,map,1.39737,0.552931,-3.06098,0.0210294,0.0231789,-0.0052299,1.25067,,
50.184,kf,map,1.33473,0.500266,-2.96049,0.0459252,0.0429364,0.0178384,1.20925,,
50.184,pf,map,1.23519,0.627326,-3.08414,0.0577158,0.0617321,-9.37694e-05,8.237,505.196,0
50.256,odom,map,1.32911,0.50406,-3.07463,0,0,0,,,
50.292,odom,map,1.31628,0.503217,-3.07728,0,0,0,,,
50.328,odom,map,1.30343,0.502406,-3.07992,0,0,0,,,
50.364,odom,map,1.29047,0.501621,-3.08193,0,0,0,,,
50.4,odom,map,1.27756,0.500855,-3.08255,0,0,0,,,
50.4,ekf_predict_only,map,1.22685,0.470387,-3.13076,28.4417,61.9722,2.10515,,,
50.4,ekf,map,1.32434,0.545015,-3.0687,0.0230976,0.0234249,-0.00445578,0.110375,,
50.4,kf,map,1.26945,0.490856,-2.97971,0.0433566,0.0457382,0.0179208,0.101792,,
50.4,pf,map,1.14897,0.619105,-3.09428,0.0691847,0.0586054,-0.00164486,4.61958,493.739,0
50.436,odom,map,1.26482,0.500101,-3.08217,0,0,0,,,
50.472,odom,map,1.25211,0.499341,-3.0816,0,0,0,,,
50.508,odom,map,1.23933,0.498567,-3.08047,0,0,0,,,
50.544,odom,map,1.22676,0.497786,-3.07844,0,0,0,,,
50.58,odom,map,1.21436,0.496985,-3.07558,0,0,0,,,
50.616,odom,map,1.20199,0.496148,-3.07243,0,0,0,,,
50.616,ekf_predict_only,map,1.15245,0.469582,-3.11189,28.5464,59.6961,1.90115,,,
50.616,ekf,map,1.24766,0.540328,-3.06013,0.0245643,0.0238639,-0.00351262,0.108709,,
50.616,kf,map,1.20102,0.487169,-2.98331,0.0410754,0.0480545,0.0176354,0.122583,,
50.616,pf,map,1.0832,0.604919,-3.08924,0.0642241,0.067784,-0.000530022,6.43029,478.223,0
50.652,odom,map,1.18964,0.495271,-3.06881,0,0,0,,,
50.688,odom,map,1.17742,0.494355,-3.06439,0,0,0,,,
50.724,odom,map,1.16527,0.493385,-3.05944,0,0,0,,,
50.76,odom,map,1.15326,0.492363,-3.05402,0,0,0,,,
50.796,odom,map,1.1414,0.491288,-3.04787,0,0,0,,,
50.796,ekf_predict_only,map,1.09426,0.467853,-3.07364,28.6565,58.0178,1.75717,,,
50.796,ekf,map,1.18227,0.536178,-3.03571,0.0251855,0.0240964,-0.00274145,0.097292,,
50.796,kf,map,1.14336,0.486929,-2.97069,0.0393636,0.0495228,0.017182,0.106583,,
50.832,odom,map,1.12998,0.488221,-3.04095,0,0,0,,,
50.802,amcl,map,1.14009,0.467076,-3.07168,0.0320015,0.0251509,-0.00124298,,,
50.796,pf,map,1.02251,0.615046,-3.06113,0.0666921,0.0572092,-0.00106307,6.97687,464.521,0
50.868,odom,map,1.11883,0.484852,-3.03303,0,0,0,,,
50.904,odom,map,1.10773,0.481398,-3.02492,0,0,0,,,
50.94,odom,map,1.09678,0.477871,-3.01635,0,0,0,,,
50.976,odom,map,1.08614,0.474283,-3.00673,0,0,0,,,
51.012,odom,map,1.0755,0.471258,-2.99673,0,0,0,,,
51.012,ekf_predict_only,map,1.0288,0.463397,-3.01266,28.7829,56.2018,1.62856,,,
51.012,ekf,map,1.10999,0.530844,-2.98558,0.0263829,0.0252818,-0.00179279,0.0995,,
51.012,kf,map,1.07712,0.484152,-2.93009,0.0378386,0.0512788,0.0166726,0.190167,,
51.012,pf,map,1.06592,0.553982,-2.97358,0.0203999,0.0225163,-0.00181484,10.071,341.436,0
51.048,odom,map,1.06487,0.469651,-2.98611,0,0,0,,,
51.084,odom,map,1.05462,0.467987,-2.97463,0,0,0,,,
51.12,odom,map,1.04461,0.466237,-2.96218,0,0,0,,,
51.156,odom,map,1.03464,0.464361,-2.94952,0,0,0,,,
51.192,odom,map,1.02494,0.46241,-2.93629,0,0,0,,,
51.228,odom,map,1.01547,0.460371,-2.92237,0,0,0,,,
51.192,ekf_predict_only,map,0.981099,0.457213,-2.9413,28.9202,54.9623,1.5715,,,
51.192,kf,map,1.02788,0.47976,-2.87086,0.0365971,0.0522932,0.0161105,0.101583,,
51.192,ekf,map,1.0591,0.527678,-2.92315,0.0266257,0.0257178,-0.00118345,0.102209,,
51.192,pf,map,1.01302,0.555026,-2.92592,0.0266683,0.0255386,-0.000436266,12.9308,365.438,0
51.264,odom,map,1.0061,0.458212,-2.90809,0,0,0,,,
51.3,odom,map,0.996904,0.455956,-2.89357,0,0,0,,,
51.336,odom,map,0.98816,0.453672,-2.87833,0,0,0,,,
51.372,odom,map,0.979767,0.451338,-2.86234,0,0,0,,,
51.408,odom,map,0.971453,0.448882,-2.84622,0,0,0,,,
51.408,ekf_predict_only,map,0.931845,0.447214,-2.84276,29.0822,53.7295,1.55401,,,
51.408,kf,map,0.977352,0.4696,-2.78788,0.0355086,0.0536145,0.0155347,0.101125,,
51.408,ekf,map,1.00447,0.514925,-2.83465,0.0273748,0.0269347,-0.000517557,0.108208,,
51.408,pf,map,0.986106,0.534745,-2.84306,0.0232899,0.0183475,-0.000236684,6.49829,385.888,0
51.444,odom,map,0.963392,0.446357,-2.82985,0,0,0,,,
51.48,odom,map,0.955578,0.443768,-2.81305,0,0,0,,,
51.516,odom,map,0.948138,0.441161,-2.79555,0,0,0,,,
51.552,odom,map,0.941001,0.438515,-2.77778,0,0,0,,,
51.588,odom,map,0.934154,0.435838,-2.75971,0,0,0,,,
51.624,odom,map,0.927548,0.43242,-2.744,0,0,0,,,
51.588,ekf_predict_only,map,0.898855,0.437051,-2.75027,29.2475,52.9655,1.58123,,,
51.588,ekf,map,0.966918,0.5078,-2.7472,0.0273174,0.0271686,-0.000188751,0.107375,,
51.588,kf,map,0.940332,0.460241,-2.7012,0.0345754,0.0543184,0.0149593,0.101125,,
51.6,amcl,map,0.940392,0.434142,-2.77596,0.0340203,0.0273453,-0.00323599,,,
51.588,pf,map,0.936028,0.543996,-2.75327,0.0204831,0.0237204,-0.00218207,8.54271,371.574,0
51.66,odom,map,0.921114,0.428597,-2.72944,0,0,0,,,
51.696,odom,map,0.914781,0.424746,-2.71469,0,0,0,,,
51.732,odom,map,0.908742,0.42096,-2.69964,0,0,0,,,
51.768,odom,map,0.903042,0.417268,-2.68416,0,0,0,,,
51.804,odom,map,0.897613,0.413694,-2.66817,0,0,0,,,
51.804,ekf_predict_only,map,0.869123,0.424783,-2.62972,29.4291,52.3068,1.63882,,,
51.804,ekf,map,0.927863,0.498158,-2.63153,0.0278008,0.0281259,0.00018475,0.106584,,
51.804,kf,map,0.902603,0.449421,-2.58643,0.0338541,0.0552732,0.0144461,0.198959,,
51.804,pf,map,0.863873,0.552876,-2.6407,0.0260761,0.0268196,8.5595e-07,6.807,404.038,0
51.84,odom,map,0.892867,0.411202,-2.64808,0,0,0,,,
51.876,odom,map,0.888424,0.408754,-2.62764,0,0,0,,,
51.912,odom,map,0.884436,0.406449,-2.60676,0,0,0,,,
51.948,odom,map,0.880822,0.404258,-2.58586,0,0,0,,,
51.984,odom,map,0.877398,0.402082,-2.56497,0,0,0,,,
51.984,ekf,map,0.92,0.495678,-2.5223,0.0275944,0.0281083,0.000315277,0.10425,,
52.02,odom,map,0.874184,0.399943,-2.54395,0,0,0,,,
51.984,ekf_predict_only,map,0.852699,0.415556,-2.52434,29.5926,51.9957,1.69774,,,
51.984,kf,map,0.889693,0.435934,-2.46949,0.0332519,0.0556451,0.0139978,2.02717,,
52.002,amcl,map,0.896151,0.410352,-2.58456,0.030754,0.0236192,-0.000427868,,,
51.984,pf,map,0.86101,0.533275,-2.51369,0.02449,0.022436,2.62095e-06,10.3695,365.343,0
52.056,odom,map,0.871286,0.397927,-2.52277,0,0,0,,,
52.092,odom,map,0.868789,0.396109,-2.50141,0,0,0,,,
52.128,odom,map,0.866367,0.394264,-2.48004,0,0,0,,,
52.164,odom,map,0.864159,0.392508,-2.45867,0,0,0,,,
52.2,odom,map,0.862178,0.390862,-2.43712,0,0,0,,,
52.2,ekf_predict_only,map,0.842305,0.408179,-2.39387,29.7448,51.8386,1.75228,,,
52.2,ekf,map,0.899063,0.478481,-2.39928,0.0279267,0.0286357,0.000434649,0.106167,,
52.2,kf,map,0.874,0.426944,-2.35236,0.0329178,0.056213,0.0137043,0.168417,,
52.2,pf,map,0.843051,0.491136,-2.39535,0.0258069,0.025573,-0.00176967,8.4315,364.672,0
52.236,odom,map,0.86051,0.389414,-2.41539,0,0,0,,,
52.272,odom,map,0.858937,0.387986,-2.39365,0,0,0,,,
52.308,odom,map,0.857518,0.386641,-2.3719,0,0,0,,,
52.344,odom,map,0.856454,0.385589,-2.34997,0,0,0,,,
52.38,odom,map,0.85549,0.384591,-2.32801,0,0,0,,,
52.416,odom,map,0.85541,0.384142,-2.30604,0,0,0,,,
52.416,ekf,map,0.876495,0.473586,-2.2715,0.0279878,0.0288324,0.000518194,0.104125,,
52.416,ekf_predict_only,map,0.837309,0.403546,-2.26271,29.8781,51.8158,1.79123,,,
52.416,kf,map,0.854408,0.425589,-2.229,0.0326657,0.0564931,0.0134893,0.094541,,
52.401,amcl,map,0.878789,0.390499,-2.35008,0.0246703,0.0191997,0.000357075,,,
52.416,pf,map,0.844115,0.490883,-2.27527,0.0260783,0.0291447,-0.000712782,6.73692,375.302,0
52.452,odom,map,0.856691,0.384565,-2.28383,0,0,0,,,
52.488,odom,map,0.858198,0.385223,-2.2616,0,0,0,,,
52.524,odom,map,0.859759,0.385927,-2.2394,0,0,0,,,
52.56,odom,map,0.861455,0.38679,-2.21742,0,0,0,,,
52.596,odom,map,0.863343,0.387902,-2.1957,0,0,0,,,
52.596,ekf_predict_only,map,0.837849,0.404198,-2.15588,29.9734,51.9291,1.78519,,,
52.596,ekf,map,0.872986,0.489401,-2.15531,0.0276766,0.0285099,0.000512861,0.162,,
52.596,kf,map,0.844438,0.427822,-2.10357,0.032516,0.0563872,0.013378,0.193,,
52.632,odom,map,0.863649,0.388162,-2.17431,0,0,0,,,
52.596,pf,map,0.856017,0.513255,-2.14923,0.025189,0.0276105,0.000269541,6.75392,385.971,0
52.668,odom,map,0.8638,0.388386,-2.15298,0,0,0,,,
52.704,odom,map,0.864039,0.388759,-2.13199,0,0,0,,,
52.74,odom,map,0.864328,0.38923,-2.11122,0,0,0,,,
52.776,odom,map,0.864666,0.389807,-2.09055,0,0,0,,,
52.812,odom,map,0.865603,0.39066,-2.07162,0,0,0,,,
52.812,ekf,map,0.86186,0.482633,-2.03656,0.0279975,0.0289609,0.000607927,0.204708,,
52.812,ekf_predict_only,map,0.840175,0.407709,-2.03197,30.0481,52.0862,1.75045,,,
52.812,kf,map,0.838582,0.432845,-1.99246,0.0326387,0.0564942,0.0134629,0.684375,,
52.8,amcl,map,0.892947,0.394348,-2.09976,0.0253269,0.0187314,0.00459578,,,
52.812,pf,map,0.813531,0.517698,-2.03861,0.0231362,0.0247738,0.00202747,7.18017,375.138,0
52.848,odom,map,0.867875,0.392136,-2.05679,0,0,0,,,
52.884,odom,map,0.870135,0.393745,-2.04237,0,0,0,,,
52.92,odom,map,0.872313,0.395358,-2.02805,0,0,0,,,
52.956,odom,map,0.874442,0.397049,-2.01387,0,0,0,,,
52.992,odom,map,0.876568,0.398917,-2.00005,0,0,0,,,
53.028,odom,map,0.87753,0.400307,-1.98239,0,0,0,,,
52.992,ekf,map,0.869555,0.496345,-1.93177,0.0277292,0.028644,0.000596372,0.175209,,
52.992,ekf_predict_only,map,0.843075,0.413544,-1.93616,30.1068,52.2575,1.68891,,,
52.992,kf,map,0.841135,0.437055,-1.8816,0.0326809,0.0562188,0.0135226,0.114292,,
52.992,pf,map,0.832128,0.523767,-1.94282,0.0230152,0.0274707,0.00279623,6.44329,392.708,0
53.064,odom,map,0.87804,0.401506,-1.96323,0,0,0,,,
53.1,odom,map,0.878551,0.402774,-1.94432,0,0,0,,,
53.136,odom,map,0.879056,0.4041,-1.9257,0,0,0,,,
53.172,odom,map,0.879541,0.405446,-1.90715,0,0,0,,,
53.208,odom,map,0.880158,0.406652,-1.88899,0,0,0,,,
53.208,ekf,map,0.863917,0.503877,-1.82069,0.028047,0.0290419,0.000668087,0.176625,,
53.208,kf,map,0.836595,0.447472,-1.7719,0.0329478,0.0561844,0.0137303,0.113625,,
53.208,ekf_predict_only,map,0.846119,0.421502,-1.82669,30.1515,52.4327,1.60127,,,
53.202,amcl,map,0.909884,0.411095,-1.88626,0.0215298,0.0176808,0.00321997,,,
53.208,pf,map,0.806586,0.52775,-1.81387,0.0275217,0.0255403,0.00089738,6.9665,412.657,0
53.244,odom,map,0.881324,0.407421,-1.87186,0,0,0,,,
53.28,odom,map,0.882506,0.408328,-1.85528,0,0,0,,,
53.316,odom,map,0.883668,0.409266,-1.83874,0,0,0,,,
53.352,odom,map,0.884799,0.410192,-1.82233,0,0,0,,,
53.388,odom,map,0.885908,0.411146,-1.80619,0,0,0,,,
53.388,ekf_predict_only,map,0.848402,0.430228,-1.74451,30.1926,52.5892,1.50105,,,
53.388,kf,map,0.833717,0.457353,-1.67765,0.0330686,0.0558308,0.0138504,0.112,,
53.424,odom,map,0.886564,0.412635,-1.78996,0,0,0,,,
53.388,ekf,map,0.864586,0.519539,-1.73051,0.0277904,0.0287691,0.000682189,0.237833,,
53.388,pf,map,0.844957,0.554327,-1.74422,0.0256992,0.0226898,-0.000178454,10.1639,408.436,0
53.46,odom,map,0.886938,0.414383,-1.77377,0,0,0,,,
53.496,odom,map,0.887284,0.416136,-1.75761,0,0,0,,,
53.532,odom,map,0.887606,0.417913,-1.74197,0,0,0,,,
53.568,odom,map,0.887821,0.41921,-1.72751,0,0,0,,,
53.604,odom,map,0.887995,0.419424,-1.71548,0,0,0,,,
53.604,kf,map,0.831742,0.463513,-1.59283,0.033276,0.0558563,0.0140015,0.262375,,
53.604,ekf,map,0.868374,0.536815,-1.65268,0.0281124,0.0292403,0.000777221,0.110041,,
53.604,ekf_predict_only,map,0.848402,0.430228,-1.72089,30.2926,52.6892,1.50105,,,
53.604,pf,map,0.829729,0.537443,-1.62819,0.020702,0.0257269,-0.00271551,6.47904,406.214,0
53.64,odom,map,0.890615,0.420133,-1.70379,0,0,0,,,
53.676,odom,map,0.893219,0.420837,-1.69469,0,0,0,,,
53.712,odom,map,0.895806,0.421536,-1.68819,0,0,0,,,
53.748,odom,map,0.898378,0.42223,-1.68427,0,0,0,,,
53.784,odom,map,0.900933,0.42292,-1.68187,0,0,0,,,
53.82,odom,map,0.902013,0.422762,-1.68,0,0,0,,,
53.784,ekf_predict_only,map,0.847764,0.426009,-1.71434,30.4209,52.7734,1.55114,,,
53.784,ekf,map,0.860752,0.526312,-1.62828,0.027815,0.0288843,0.000732472,0.098708,,
53.784,kf,map,0.829685,0.464817,-1.57517,0.0332137,0.0556861,0.0139684,0.153792,,
53.802,amcl,map,0.906907,0.426212,-1.6774,0.0167004,0.0190134,0.00184304,,,
53.784,pf,map,0.814557,0.529751,-1.60856,0.0260646,0.0231753,-0.00203566,6.8885,395.483,0
53.856,odom,map,0.901897,0.421701,-1.67897,0,0,0,,,
53.892,odom,map,0.901764,0.420474,-1.67813,0,0,0,,,
53.928,odom,map,0.901616,0.419089,-1.67754,0,0,0,,,
53.964,odom,map,0.90146,0.417637,-1.67775,0,0,0,,,
54,odom,map,0.901293,0.416089,-1.67846,0,0,0,,,
54,kf,map,0.828456,0.458665,-1.57629,0.0331477,0.0559846,0.0138971,0.146708,,
54,ekf,map,0.85579,0.513794,-1.62402,0.0280943,0.0292282,0.000753927,0.131667,,
54,ekf_predict_only,map,0.846273,0.415695,-1.71915,30.5917,52.8365,1.67357,,,
54,pf,map,0.814865,0.501479,-1.59534,0.0282899,0.0276672,0.00315279,6.14942,390.06,0
54.036,odom,map,0.903129,0.415152,-1.67978,0,0,0,,,
54.072,odom,map,0.905014,0.414197,-1.68109,0,0,0,,,
54.108,odom,map,0.906882,0.413133,-1.68291,0,0,0,,,
54.144,odom,map,0.90873,0.411936,-1.68528,0,0,0,,,
54.18,odom,map,0.910563,0.410668,-1.68784,0,0,0,,,
54.216,ekf_predict_only,map,0.844352,0.402839,-1.73326,30.7834,52.889,1.82545,,,
54.216,ekf,map,0.862539,0.50986,-1.62568,0.0280876,0.0292373,0.000721914,0.149875,,
54.216,kf,map,0.83159,0.446429,-1.57224,0.0329103,0.0562487,0.0137016,0.111333,,
54.216,odom,map,0.911573,0.408997,-1.69047,0,0,0,,,
54.216,pf,map,0.821784,0.498625,-1.60525,0.0270587,0.0234286,-0.0010909,7.41133,384.775,0
54.252,odom,map,0.911296,0.406722,-1.69292,0,0,0,,,
54.288,odom,map,0.911031,0.404586,-1.69585,0,0,0,,,
54.324,odom,map,0.910797,0.402748,-1.69946,0,0,0,,,
54.36,odom,map,0.910553,0.400888,-1.70308,0,0,0,,,
54.396,odom,map,0.910297,0.398992,-1.70715,0,0,0,,,
54.396,ekf_predict_only,map,0.843431,0.397222,-1.7571,30.9246,52.9663,1.89134,,,
54.396,ekf,map,0.851302,0.500021,-1.64596,0.0277168,0.0286828,0.000597664,0.191875,,
54.396,kf,map,0.823738,0.442238,-1.59612,0.0326434,0.0562596,0.0134904,0.102583,,
54.432,odom,map,0.910085,0.397472,-1.71172,0,0,0,,,
54.396,pf,map,0.79581,0.516184,-1.63613,0.0265969,0.0263778,0.00109697,7.25742,381.115,0
54.468,odom,map,0.909923,0.396346,-1.71649,0,0,0,,,
54.504,odom,map,0.909778,0.395377,-1.72176,0,0,0,,,
54.54,odom,map,0.909661,0.394619,-1.72749,0,0,0,,,
54.576,odom,map,0.909569,0.394048,-1.73354,0,0,0,,,
54.612,odom,map,0.909121,0.393438,-1.73934,0,0,0,,,
54.612,ekf_predict_only,map,0.842812,0.393937,-1.79377,31.049,53.0511,1.92951,,,
54.612,ekf,map,0.861321,0.490077,-1.67713,0.0280163,0.0290861,0.000658603,0.10475,,
54.612,kf,map,0.833428,0.432298,-1.62746,0.0325867,0.0565461,0.0134166,0.113875,,
54.612,pf,map,0.809597,0.504587,-1.66101,0.0236763,0.0273907,-0.00371558,8.74212,396.056,0
54.648,odom,map,0.907873,0.392762,-1.74451,0,0,0,,,
54.684,odom,map,0.90664,0.392194,-1.7502,0,0,0,,,
54.72,odom,map,0.905403,0.391637,-1.75603,0,0,0,,,
54.756,odom,map,0.904103,0.390772,-1.7621,0,0,0,,,
54.792,odom,map,0.902812,0.389985,-1.76858,0,0,0,,,
54.792,ekf,map,0.857105,0.4848,-1.71426,0.0276884,0.0285804,0.000539216,0.099625,,
54.828,odom,map,0.902364,0.389336,-1.77626,0,0,0,,,
54.792,ekf_predict_only,map,0.842051,0.390579,-1.83557,31.1742,53.1323,1.968,,,
54.792,kf,map,0.831136,0.429561,-1.66659,0.0324205,0.0564793,0.0132914,0.089708,,
54.792,pf,map,0.819962,0.530052,-1.7304,0.0232336,0.0228111,0.00185913,11.6366,398.388,0
54.864,odom,map,0.902221,0.388662,-1.78462,0,0,0,,,
54.9,odom,map,0.902104,0.388133,-1.79321,0,0,0,,,
54.936,odom,map,0.902001,0.387689,-1.80209,0,0,0,,,
54.972,odom,map,0.901893,0.387238,-1.81112,0,0,0,,,
55.008,ekf_predict_only,map,0.841377,0.388094,-1.8928,31.293,53.2157,1.99603,,,
55.008,ekf,map,0.855554,0.489377,-1.76258,0.0279877,0.0289746,0.000591008,0.108,,
55.008,kf,map,0.827218,0.428119,-1.7109,0.0324227,0.0567098,0.0132682,0.114958,,
55.008,odom,map,0.901788,0.386819,-1.82059,0,0,0,,,
55.008,pf,map,0.801127,0.518362,-1.75518,0.0232237,0.0271253,-0.00256805,6.83342,405.362,0
55.044,odom,map,0.901671,0.386371,-1.83046,0,0,0,,,
55.08,odom,map,0.901524,0.385826,-1.8406,0,0,0,,,
55.116,odom,map,0.901361,0.385251,-1.8508,0,0,0,,,
55.152,odom,map,0.90121,0.384734,-1.86134,0,0,0,,,
55.188,odom,map,0.901057,0.384232,-1.87233,0,0,0,,,
55.224,odom,map,0.900881,0.383679,-1.8837,0,0,0,,,
55.188,ekf_predict_only,map,0.840442,0.385291,-1.9499,31.4145,53.2927,2.02692,,,
55.188,ekf,map,0.862101,0.473133,-1.81922,0.0276962,0.028627,0.000551295,0.233166,,
55.188,kf,map,0.837322,0.42059,-1.77307,0.0322756,0.0566242,0.0131588,0.232709,,
55.188,pf,map,0.837687,0.494682,-1.82159,0.0258386,0.0282748,-4.33822e-05,9.78654,411.895,0
55.26,odom,map,0.900696,0.383117,-1.89513,0,0,0,,,
55.296,odom,map,0.900481,0.382491,-1.90676,0,0,0,,,
55.332,odom,map,0.90019,0.381674,-1.91897,0,0,0,,,
55.368,odom,map,0.899871,0.380812,-1.93131,0,0,0,,,
55.404,odom,map,0.899516,0.379888,-1.94377,0,0,0,,,
55.404,ekf_predict_only,map,0.837862,0.378814,-2.02778,31.5646,53.3294,2.09644,,,
55.404,ekf,map,0.860835,0.47203,-1.88914,0.0279583,0.0288835,0.000532118,0.124167,,
55.404,kf,map,0.835214,0.415696,-1.84114,0.0322226,0.0569098,0.0130823,0.1145,,
55.401,amcl,map,0.902909,0.382365,-1.93473,0.0138101,0.0223824,0.00207313,,,
55.404,pf,map,0.852994,0.506743,-1.91906,0.025104,0.0310308,-0.00166944,9.67333,386.211,0
55.44,odom,map,0.899094,0.37883,-1.95664,0,0,0,,,
55.476,odom,map,0.898685,0.377842,-1.96978,0,0,0,,,
55.512,odom,map,0.898284,0.376907,-1.983,0,0,0,,,
55.548,odom,map,0.897854,0.375942,-1.99641,0,0,0,,,
55.584,odom,map,0.897372,0.374897,-2.01004,0,0,0,,,
55.62,odom,map,0.896873,0.373854,-2.02368,0,0,0,,,
55.584,kf,map,0.836406,0.409878,-1.91214,0.0320261,0.0568735,0.0129235,0.476041,,
55.584,ekf_predict_only,map,0.835309,0.373622,-2.09596,31.7056,53.3669,2.14996,,,
55.584,ekf,map,0.859698,0.461363,-1.95696,0.0276568,0.0285162,0.000479479,0.099125,,
55.584,pf,map,0.808936,0.485878,-1.93884,0.0257879,0.0258988,0.000555566,12.4876,383.393,0
55.656,odom,map,0.896387,0.372872,-2.03717,0,0,0,,,
55.692,odom,map,0.895876,0.371874,-2.05065,0,0,0,,,
55.728,odom,map,0.895321,0.370824,-2.06414,0,0,0,,,
55.764,odom,map,0.894745,0.36977,-2.07762,0,0,0,,,
55.8,odom,map,0.894116,0.368656,-2.09106,0,0,0,,,
55.8,ekf_predict_only,map,0.831383,0.366846,-2.1765,31.8599,53.371,2.21694,,,
55.8,kf,map,0.83947,0.401173,-1.98698,0.0319358,0.0571965,0.0128055,0.577041,,
55.8,ekf,map,0.864262,0.456714,-2.03446,0.0279428,0.0288865,0.000512673,2.57083,,
55.8,pf,map,0.825321,0.450421,-2.0162,0.0321813,0.0318961,-0.00280994,9.59671,384.281,0
55.836,odom,map,0.893441,0.367496,-2.10448,0,0,0,,,
55.872,odom,map,0.892609,0.366111,-2.11766,0,0,0,,,
55.908,odom,map,0.89152,0.364349,-2.13065,0,0,0,,,
55.944,odom,map,0.89029,0.362414,-2.14349,0,0,0,,,
55.98,odom,map,0.888805,0.360143,-2.15601,0,0,0,,,
56.016,ekf_predict_only,map,0.821841,0.353069,-2.25127,32.0738,53.2395,2.34465,,,
56.016,ekf,map,0.861635,0.450418,-2.10738,0.0279527,0.0289659,0.000511361,0.143292,,
56.016,odom,map,0.887247,0.357824,-2.16847,0,0,0,,,
56.016,kf,map,0.835038,0.388421,-2.05484,0.0316257,0.0575329,0.0124939,0.095167,,
56.001,amcl,map,0.89104,0.338866,-2.16535,0.0132511,0.0199834,0.00443482,,,
56.016,pf,map,0.822498,0.440189,-2.09441,0.0271976,0.0257136,-0.0011443,10.9253,386.479,0
56.052,odom,map,0.88564,0.355495,-2.18087,0,0,0,,,
56.088,odom,map,0.883923,0.353071,-2.193,0,0,0,,,
56.124,odom,map,0.88209,0.350547,-2.20478,0,0,0,,,
56.16,odom,map,0.880198,0.348004,-2.21642,0,0,0,,,
56.196,odom,map,0.878233,0.345427,-2.22804,0,0,0,,,
56.196,ekf_predict_only,map,0.811608,0.340426,-2.30722,32.2821,53.0936,2.45267,,,
56.232,odom,map,0.876823,0.343216,-2.23805,0,0,0,,,
56.196,ekf,map,0.848824,0.431049,-2.17095,0.027613,0.0285699,0.000455268,0.149,,
56.196,kf,map,0.826483,0.376951,-2.1238,0.031224,0.0576782,0.0121015,0.104125,,
56.196,pf,map,0.82853,0.448495,-2.17764,0.0267611,0.0298242,-0.000571848,11.1706,400.218,0
56.268,odom,map,0.875434,0.341032,-2.24791,0,0,0,,,
56.304,odom,map,0.874008,0.338851,-2.25782,0,0,0,,,
56.34,odom,map,0.872511,0.336634,-2.26743,0,0,0,,,
56.376,odom,map,0.870944,0.334382,-2.27687,0,0,0,,,
56.412,ekf_predict_only,map,0.798264,0.325707,-2.37134,32.5131,52.8767,2.56811,,,
56.412,ekf,map,0.837816,0.413455,-2.23894,0.0279093,0.0291253,0.000542631,0.105875,,
56.412,kf,map,0.817362,0.361288,-2.19446,0.0308947,0.0582365,0.0116869,0.099708,,
56.412,odom,map,0.869197,0.332085,-2.28664,0,0,0,,,
56.412,pf,map,0.819275,0.422593,-2.23574,0.0241426,0.0291232,0.00248456,7.34783,362.609,0
56.448,odom,map,0.867011,0.329598,-2.29732,0,0,0,,,
56.484,odom,map,0.864718,0.327046,-2.30784,0,0,0,,,
56.52,odom,map,0.862094,0.324183,-2.31767,0,0,0,,,
56.556,odom,map,0.859255,0.321146,-2.32712,0,0,0,,,
56.592,odom,map,0.856355,0.318101,-2.33653,0,0,0,,,
56.592,ekf_predict_only,map,0.782727,0.310634,-2.41666,32.7525,52.613,2.67268,,,
56.592,ekf,map,0.834514,0.393199,-2.28935,0.0276269,0.0289315,0.000536819,0.116333,,
56.592,kf,map,0.815579,0.343247,-2.24694,0.0304395,0.0584585,0.0111829,0.193875,,
56.628,odom,map,0.85337,0.315025,-2.34572,0,0,0,,,
56.592,pf,map,0.787009,0.396844,-2.27596,0.0261859,0.0289495,0.00160028,7.14975,387.503,0
56.664,odom,map,0.850199,0.311816,-2.35461,0,0,0,,,
56.7,odom,map,0.846941,0.308577,-2.36345,0,0,0,,,
56.736,odom,map,0.843514,0.305229,-2.37215,0,0,0,,,
56.772,odom,map,0.839848,0.301708,-2.38051,0,0,0,,,
56.808,odom,map,0.836028,0.297272,-2.38915,0,0,0,,,
56.808,ekf_predict_only,map,0.759319,0.289898,-2.46609,33.0531,52.176,2.79733,,,
56.808,ekf,map,0.813754,0.372619,-2.34265,0.0279159,0.0295988,0.000621902,0.120792,,
56.808,kf,map,0.796789,0.323246,-2.30168,0.0300018,0.0591273,0.0105524,0.18825,,
56.802,amcl,map,0.845985,0.281476,-2.38801,0.0126982,0.018543,0.00516737,,,
56.808,pf,map,0.7623,0.381526,-2.33822,0.0251435,0.0284145,0.00113582,20.4869,368.009,0
56.844,odom,map,0.832038,0.289857,-2.3992,0,0,0,,,
56.88,odom,map,0.827993,0.28248,-2.40892,0,0,0,,,
56.916,odom,map,0.823839,0.27509,-2.41802,0,0,0,,,
56.952,odom,map,0.819521,0.267638,-2.42673,0,0,0,,,
56.988,odom,map,0.815097,0.260174,-2.43524,0,0,0,,,
57.024,odom,map,0.810777,0.2552,-2.44255,0,0,0,,,
56.988,ekf_predict_only,map,0.737677,0.272558,-2.4994,33.3287,51.791,2.88199,,,
56.988,kf,map,0.775263,0.307352,-2.34813,0.029515,0.0593818,0.00991416,0.178083,,
56.988,ekf,map,0.788707,0.349874,-2.38345,0.0276432,0.0295757,0.000658264,0.161458,,
56.988,pf,map,0.736101,0.373433,-2.38172,0.0251871,0.0240893,0.00367146,11.0824,386.603,0
57.06,odom,map,0.806414,0.251556,-2.44881,0,0,0,,,
57.096,odom,map,0.801916,0.247845,-2.4545,0,0,0,,,
57.132,odom,map,0.797362,0.244129,-2.45993,0,0,0,,,
57.168,odom,map,0.792722,0.240385,-2.46525,0,0,0,,,
57.204,odom,map,0.787867,0.236508,-2.47015,0,0,0,,,
57.204,ekf_predict_only,map,0.707665,0.25011,-2.52842,33.6668,51.2372,2.96736,,,
57.204,kf,map,0.762025,0.281871,-2.37748,0.0290872,0.060041,0.00915814,0.099708,,
57.204,ekf,map,0.77604,0.328671,-2.41442,0.027942,0.0306283,0.000810806,0.960417,,
57.204,pf,map,0.762724,0.353111,-2.41722,0.0270473,0.0278239,0.0038527,8.88771,376.146,0
57.24,odom,map,0.782997,0.232657,-2.47476,0,0,0,,,
57.276,odom,map,0.778116,0.228833,-2.47933,0,0,0,,,
57.312,odom,map,0.773202,0.225018,-2.48373,0,0,0,,,
57.348,odom,map,0.768189,0.221161,-2.48755,0,0,0,,,
57.384,odom,map,0.76305,0.217235,-2.49078,0,0,0,,,
57.384,ekf_predict_only,map,0.681173,0.231469,-2.54428,33.9738,50.778,3.01703,,,
57.42,odom,map,0.75789,0.213318,-2.49395,0,0,0,,,
57.384,ekf,map,0.745658,0.30618,-2.43798,0.0276522,0.0305952,0.000810965,0.096333,,
57.384,kf,map,0.734695,0.264579,-2.40498,0.028636,0.0602603,0.00844163,0.108083,,
57.384,pf,map,0.728803,0.317176,-2.43302,0.0293998,0.0277295,-0.00187027,7.65004,359.661,0
57.456,odom,map,0.752638,0.209358,-2.49677,0,0,0,,,
57.492,odom,map,0.747338,0.20538,-2.49872,0,0,0,,,
57.528,odom,map,0.742031,0.201413,-2.50051,0,0,0,,,
57.564,odom,map,0.736707,0.197446,-2.50213,0,0,0,,,
57.6,odom,map,0.731356,0.193471,-2.50288,0,0,0,,,
57.6,ekf_predict_only,map,0.647825,0.208785,-2.54478,34.3369,50.1983,3.05476,,,
57.6,ekf,map,0.717677,0.283622,-2.44711,0.0279352,0.0318291,0.000942351,0.100125,,
57.6,kf,map,0.707546,0.241011,-2.41459,0.0282806,0.0608475,0.00763242,0.096583,,
57.6,pf,map,0.678042,0.322401,-2.47636,0.0268256,0.0306976,0.00273695,6.92458,387.079,0
57.636,odom,map,0.727926,0.190067,-2.50135,0,0,0,,,
57.672,odom,map,0.724548,0.186653,-2.49974,0,0,0,,,
57.708,odom,map,0.721325,0.183329,-2.49751,0,0,0,,,
57.744,odom,map,0.718206,0.180052,-2.49437,0,0,0,,,
57.78,odom,map,0.715151,0.176785,-2.49048,0,0,0,,,
57.816,ekf_predict_only,map,0.616446,0.187465,-2.52976,34.6957,49.6834,3.07325,,,
57.816,ekf,map,0.690504,0.261721,-2.4401,0.0279474,0.0326274,0.00100341,0.106667,,
57.816,kf,map,0.681308,0.218418,-2.40793,0.0279302,0.0612252,0.00683199,0.088333,,
57.816,odom,map,0.711354,0.173288,-2.48694,0,0,0,,,
57.816,pf,map,0.65266,0.298167,-2.46132,0.0258614,0.0272826,-2.94224e-05,16.7841,409.708,0
57.852,odom,map,0.706342,0.16943,-2.48409,0,0,0,,,
57.888,odom,map,0.701256,0.16549,-2.48073,0,0,0,,,
57.924,odom,map,0.696326,0.161643,-2.47685,0,0,0,,,
57.96,odom,map,0.691646,0.157957,-2.47226,0,0,0,,,
57.996,odom,map,0.687172,0.154401,-2.46732,0,0,0,,,
57.996,ekf,map,0.665282,0.227939,-2.42977,0.0276172,0.0325426,0.000970523,0.105042,,
58.032,odom,map,0.683059,0.151096,-2.46168,0,0,0,,,
57.996,ekf_predict_only,map,0.596149,0.173223,-2.49949,34.9747,49.3985,3.08075,,,
57.996,kf,map,0.660361,0.20194,-2.40878,0.0276327,0.0612682,0.00620759,0.165959,,
57.996,pf,map,0.619265,0.252186,-2.42548,0.0269072,0.0290072,-0.00259239,8.61721,420.847,0
58.068,odom,map,0.679213,0.147966,-2.45562,0,0,0,,,
58.104,odom,map,0.675489,0.144899,-2.44927,0,0,0,,,
58.14,odom,map,0.672148,0.142109,-2.4419,0,0,0,,,
58.176,odom,map,0.66907,0.139497,-2.43369,0,0,0,,,
58.212,odom,map,0.666026,0.136869,-2.42538,0,0,0,,,
58.212,kf,map,0.597177,0.192279,-2.38609,0.056925,0.0623732,0.00100548,0.075209,,
58.212,ekf,map,0.595058,0.205247,-2.39731,0.062109,0.0624358,-3.3762e-05,0.063417,,
58.212,ekf_predict_only,map,0.576827,0.158774,-2.44968,35.2614,49.1414,3.08944,,,
58.212,pf,map,0.524991,0.249402,-2.40088,0.0540789,0.061117,-0.00172172,6.40637,515.34,0
58.248,odom,map,0.663132,0.134329,-2.41656,0,0,0,,,
58.284,odom,map,0.660403,0.131887,-2.40674,0,0,0,,,
58.32,odom,map,0.657709,0.129428,-2.39678,0,0,0,,,
58.356,odom,map,0.655097,0.126995,-2.38641,0,0,0,,,
58.392,odom,map,0.652516,0.12454,-2.37545,0,0,0,,,
58.392,ekf_predict_only,map,0.563071,0.147376,-2.38984,35.5122,48.9928,3.10139,,,
58.392,ekf,map,0.560218,0.187886,-2.35178,0.0668263,0.066884,-2.52686e-05,0.107792,,
58.392,kf,map,0.562789,0.183029,-2.34623,0.0615623,0.0623507,0.000145506,0.061042,,
58.428,odom,map,0.649958,0.122049,-2.36366,0,0,0,,,
58.392,pf,map,0.487349,0.256364,-2.34628,0.0583197,0.0686147,0.00150239,5.82929,478.838,0
58.464,odom,map,0.647427,0.119526,-2.35169,0,0,0,,,
58.5,odom,map,0.644897,0.116941,-2.33924,0,0,0,,,
58.536,odom,map,0.642379,0.114302,-2.32622,0,0,0,,,
58.572,odom,map,0.63983,0.111558,-2.31257,0,0,0,,,
58.608,odom,map,0.637314,0.108774,-2.29888,0,0,0,,,
58.608,ekf,map,0.537569,0.169878,-2.27835,0.0686099,0.0686151,-1.01855e-05,0.058917,,
58.608,kf,map,0.539197,0.168171,-2.27546,0.0624382,0.0625491,2.04687e-05,0.057083,,
58.608,ekf_predict_only,map,0.546623,0.131999,-2.30768,35.8209,48.8016,3.1259,,,
58.608,pf,map,0.464236,0.241445,-2.25665,0.0663218,0.0669462,0.00181783,6.33825,478.957,0
58.644,odom,map,0.634827,0.105946,-2.28485,0,0,0,,,
58.68,odom,map,0.632324,0.103015,-2.27027,0,0,0,,,
58.716,odom,map,0.62977,0.0999327,-2.25531,0,0,0,,,
58.752,odom,map,0.627236,0.0967792,-2.24022,0,0,0,,,
58.788,odom,map,0.624662,0.0934738,-2.22484,0,0,0,,,
58.824,odom,map,0.622026,0.0899794,-2.20906,0,0,0,,,
58.788,ekf_predict_only,map,0.531768,0.115628,-2.22833,36.1495,48.6444,3.16391,,,
58.788,ekf,map,0.522431,0.153313,-2.20528,0.0676422,0.0676346,-4.28523e-06,0.055541,,
58.788,kf,map,0.523139,0.152621,-2.20371,0.0623605,0.0623762,2.89867e-06,0.106459,,
58.788,pf,map,0.429884,0.220342,-2.19206,0.0643815,0.0639827,-0.00460824,4.7765,448.281,0
58.86,odom,map,0.619421,0.0864079,-2.19319,0,0,0,,,
58.896,odom,map,0.616782,0.0826672,-2.177,0,0,0,,,
58.932,odom,map,0.614099,0.0787267,-2.16036,0,0,0,,,
58.968,odom,map,0.611413,0.0746375,-2.14345,0,0,0,,,
59.004,odom,map,0.608793,0.0704977,-2.12653,0,0,0,,,
59.004,ekf_predict_only,map,0.513803,0.0923621,-2.12681,36.5858,48.4407,3.23071,,,
59.004,ekf,map,0.506088,0.130012,-2.10803,0.0686962,0.0686842,-4.82588e-06,0.12875,,
59.004,kf,map,0.506284,0.129698,-2.10706,0.0625505,0.0625527,4.06504e-07,0.060584,,
59.001,amcl,map,0.609504,0.0673581,-2.12953,0.0271937,0.0253899,0.0127092,,,
59.004,pf,map,0.42497,0.1914,-2.10905,0.0559972,0.0648125,0.00136359,4.58908,462.051,0
59.04,odom,map,0.606202,0.0662436,-2.10948,0,0,0,,,
59.076,odom,map,0.603596,0.061798,-2.09245,0,0,0,,,
59.112,odom,map,0.601042,0.0572648,-2.07545,0,0,0,,,
59.148,odom,map,0.598494,0.0525574,-2.05843,0,0,0,,,
59.184,odom,map,0.595875,0.0475137,-2.04144,0,0,0,,,
59.184,ekf_predict_only,map,0.497217,0.0656712,-2.04339,37.0883,48.2675,3.32549,,,
59.184,kf,map,0.492623,0.105357,-2.02442,0.0623764,0.0623767,5.75417e-08,0.063333,,
59.22,odom,map,0.593186,0.0421141,-2.02466,0,0,0,,,
59.184,ekf,map,0.492752,0.10569,-2.0248,0.0676631,0.0676522,-5.89046e-06,0.070708,,
59.184,pf,map,0.40719,0.163228,-2.0097,0.0642546,0.0701299,0.00130271,8.98871,466.679,0
59.256,odom,map,0.590477,0.0364428,-2.00797,0,0,0,,,
59.292,odom,map,0.587763,0.0305076,-1.99205,0,0,0,,,
59.328,odom,map,0.585012,0.024242,-1.97747,0,0,0,,,
59.364,odom,map,0.58228,0.0177771,-1.96387,0,0,0,,,
59.4,odom,map,0.579626,0.0112548,-1.95054,0,0,0,,,
59.4,ekf_predict_only,map,0.477211,0.0265384,-1.96925,37.8108,48.0471,3.47972,,,
59.4,ekf,map,0.476945,0.0690754,-1.9392,0.0687229,0.0687068,-1.04628e-05,0.065541,,
59.4,kf,map,0.476526,0.0687255,-1.94009,0.0625527,0.0625527,8.06906e-09,0.092667,,
59.4,pf,map,0.387164,0.129412,-1.9163,0.0651308,0.0615057,-0.00198334,4.74425,474.344,0
59.436,odom,map,0.576989,0.00451885,-1.93779,0,0,0,,,
59.472,odom,map,0.57435,-0.00247467,-1.92582,0,0,0,,,
59.508,odom,map,0.571734,-0.00965604,-1.91452,0,0,0,,,
59.544,odom,map,0.569194,-0.0168798,-1.90334,0,0,0,,,
59.58,odom,map,0.566684,-0.0242779,-1.89263,0,0,0,,,
59.616,odom,map,0.564167,-0.031954,-1.88283,0,0,0,,,
59.616,kf,map,0.461904,0.0256008,-1.87238,0.0625774,0.0625774,1.13003e-09,0.054709,,
59.616,ekf_predict_only,map,0.458304,-0.0183726,-1.91174,38.6727,47.8536,3.66795,,,
59.616,ekf,map,0.462426,0.0259073,-1.87106,0.0689796,0.068957,-1.39688e-05,0.058083,,
59.601,amcl,map,0.55863,-0.0324846,-1.90774,0.0239603,0.0241716,0.0108558,,,
59.616,pf,map,0.366016,0.103775,-1.85035,0.0608974,0.0691389,0.00125598,8.46117,462.422,0
59.652,odom,map,0.561711,-0.0396951,-1.87325,0,0,0,,,
59.688,odom,map,0.559299,-0.0475538,-1.86402,0,0,0,,,
59.724,odom,map,0.556927,-0.0555354,-1.85537,0,0,0,,,
59.76,odom,map,0.554602,-0.0636088,-1.8473,0,0,0,,,
59.796,odom,map,0.552334,-0.0717226,-1.83942,0,0,0,,,
59.832,odom,map,0.550164,-0.0804123,-1.83216,0,0,0,,,
59.796,ekf,map,0.451729,-0.013477,-1.82672,0.0676983,0.0676728,-1.35683e-05,0.06075,,
59.796,ekf_predict_only,map,0.44417,-0.0582098,-1.87545,39.4912,47.7401,3.84138,,,
59.796,kf,map,0.451317,-0.0136451,-1.82785,0.0623802,0.0623802,1.59928e-10,0.057666,,
59.796,pf,map,0.367444,0.0665708,-1.80752,0.0651228,0.0631447,-5.38528e-05,9.83421,483.109,0
59.868,odom,map,0.548038,-0.0892412,-1.82573,0,0,0,,,
59.904,odom,map,0.54596,-0.0980875,-1.81942,0,0,0,,,
59.94,odom,map,0.543907,-0.107041,-1.81343,0,0,0,,,
59.976,odom,map,0.541883,-0.116072,-1.80793,0,0,0,,,
60.012,odom,map,0.539892,-0.124924,-1.803,0,0,0,,,
60.012,ekf,map,0.440106,-0.0632547,-1.78858,0.068699,0.0686591,-1.75695e-05,0.067292,,
60.012,kf,map,0.439731,-0.063338,-1.78973,0.0625532,0.0625532,2.2426e-11,0.053791,,
60.012,ekf_predict_only,map,0.428584,-0.107779,-1.84547,40.5415,47.6105,4.05702,,,
60.012,pf,map,0.362994,0.00152774,-1.76235,0.0652612,0.0627003,0.00133202,5.78667,463.908,0
60.048,odom,map,0.53792,-0.133357,-1.798,0,0,0,,,
60.084,odom,map,0.536014,-0.141687,-1.79346,0,0,0,,,
60.12,odom,map,0.534153,-0.149989,-1.7893,0,0,0,,,
60.156,odom,map,0.532333,-0.158262,-1.78535,0,0,0,,,
60.192,odom,map,0.530551,-0.166518,-1.78147,0,0,0,,,
60.228,odom,map,0.528807,-0.174744,-1.77803,0,0,0,,,
60.192,ekf_predict_only,map,0.417198,-0.148183,-1.82935,41.4625,47.5467,4.23197,,,
60.192,ekf,map,0.431816,-0.104602,-1.76628,0.0676659,0.0676254,-1.52584e-05,0.061542,,
60.192,kf,map,0.431552,-0.104591,-1.76719,0.0623768,0.0623768,3.17442e-12,0.105875,,
60.192,pf,map,0.361781,-0.0574486,-1.74278,0.0588371,0.0574888,-0.000798052,10.2706,491.942,0
60.264,odom,map,0.527107,-0.182894,-1.775,0,0,0,,,
60.3,odom,map,0.525445,-0.190974,-1.77222,0,0,0,,,
60.336,odom,map,0.523805,-0.199065,-1.76962,0,0,0,,,
60.372,odom,map,0.522197,-0.207092,-1.76741,0,0,0,,,
60.408,ekf_predict_only,map,0.404944,-0.194517,-1.81923,42.5553,47.4742,4.42694,,,
60.408,ekf,map,0.42295,-0.152849,-1.75016,0.0687334,0.0686799,-1.72197e-05,0.0575,,
60.408,kf,map,0.422751,-0.152723,-1.75104,0.0625528,0.0625528,4.45148e-13,0.064,,
60.408,odom,map,0.520235,-0.214959,-1.76634,0,0,0,,,
60.408,pf,map,0.364987,-0.110445,-1.71407,0.0592436,0.0542743,0.00364557,11.2135,500.627,0
60.444,odom,map,0.516854,-0.22268,-1.7681,0,0,0,,,
60.48,odom,map,0.513454,-0.230148,-1.77036,0,0,0,,,
60.516,odom,map,0.510219,-0.236428,-1.77381,0,0,0,,,
60.552,odom,map,0.507177,-0.241434,-1.77725,0,0,0,,,
60.588,odom,map,0.50434,-0.245168,-1.78069,0,0,0,,,
60.624,odom,map,0.503047,-0.247708,-1.78194,0,0,0,,,
60.588,kf,map,0.419556,-0.172448,-1.747,0.0623767,0.0623767,6.30112e-14,0.109666,,
60.588,ekf_predict_only,map,0.404944,-0.194517,-1.81923,42.6553,47.5742,4.42694,,,
60.588,ekf,map,0.419361,-0.174158,-1.74637,0.0676901,0.0676509,-1.19935e-05,0.061709,,
60.588,pf,map,0.358209,-0.148495,-1.70304,0.0647916,0.0623965,-0.00179296,8.36117,490.302,0
60.66,odom,map,0.502765,-0.249024,-1.78194,0,0,0,,,
60.696,odom,map,0.502725,-0.249207,-1.78194,0,0,0,,,
60.732,odom,map,0.50264,-0.249603,-1.78275,0,0,0,,,
60.768,odom,map,0.502286,-0.251239,-1.78602,0,0,0,,,
60.804,odom,map,0.501645,-0.254136,-1.79059,0,0,0,,,
60.804,kf,map,0.41595,-0.193365,-1.76246,0.0625527,0.0625527,8.83604e-15,0.060458,,
60.804,ekf,map,0.415946,-0.193917,-1.76075,0.06874,0.0687043,-1.03953e-05,0.057583,,
60.804,ekf_predict_only,map,0.399744,-0.215015,-1.85013,43.2121,47.6021,4.51103,,,
60.804,pf,map,0.340046,-0.15475,-1.73432,0.0700513,0.0688464,0.00363363,6.02175,468.756,0
60.84,odom,map,0.500868,-0.257573,-1.79574,0,0,0,,,
60.876,odom,map,0.500073,-0.261007,-1.80089,0,0,0,,,
60.912,odom,map,0.499186,-0.264746,-1.80668,0,0,0,,,
60.948,odom,map,0.498054,-0.269377,-1.81426,0,0,0,,,
60.984,odom,map,0.49681,-0.274302,-1.8224,0,0,0,,,
61.02,odom,map,0.495423,-0.279598,-1.83135,0,0,0,,,
60.984,ekf,map,0.41149,-0.216786,-1.79345,0.0676927,0.0676665,-7.17712e-06,0.061,,
60.984,ekf_predict_only,map,0.391554,-0.24357,-1.90047,43.9667,47.59,4.61255,,,
60.984,kf,map,0.411315,-0.217056,-1.79548,0.0623767,0.0623767,1.25075e-15,0.163417,,
60.984,pf,map,0.344462,-0.157696,-1.77341,0.0583702,0.0682443,0.00129158,10.9643,459.808,0
61.056,odom,map,0.493798,-0.285567,-1.84166,0,0,0,,,
61.092,odom,map,0.491993,-0.291933,-1.85252,0,0,0,,,
61.128,odom,map,0.490089,-0.29838,-1.86357,0,0,0,,,
61.164,odom,map,0.488029,-0.305073,-1.8752,0,0,0,,,
61.2,odom,map,0.485836,-0.311911,-1.8872,0,0,0,,,
61.2,ekf,map,0.402055,-0.255292,-1.85698,0.0687495,0.0687171,-8.20548e-06,0.064916,,
61.2,ekf_predict_only,map,0.376213,-0.288405,-1.97971,45.1372,47.4848,4.72933,,,
61.2,kf,map,0.401767,-0.256056,-1.85914,0.0625527,0.0625527,1.75393e-16,0.060875,,
61.2,amcl,map,0.472086,-0.295511,-1.88465,0.0387599,0.0296935,0.0120734,,,
61.2,pf,map,0.332764,-0.193354,-1.83191,0.0669219,0.0607791,-0.00311141,5.29587,469.549,0
61.236,odom,map,0.48348,-0.318957,-1.89967,0,0,0,,,
61.272,odom,map,0.48088,-0.326415,-1.91287,0,0,0,,,
61.308,odom,map,0.478182,-0.333837,-1.92608,0,0,0,,,
61.344,odom,map,0.475344,-0.341329,-1.93964,0,0,0,,,
61.38,odom,map,0.472326,-0.348976,-1.95369,0,0,0,,,
61.416,odom,map,0.469158,-0.356684,-1.96796,0,0,0,,,
61.416,ekf_predict_only,map,0.35633,-0.334286,-2.06529,46.387,47.3279,4.77659,,,
61.416,ekf,map,0.387614,-0.299039,-1.93431,0.0690009,0.0689625,-9.99017e-06,0.054666,,
61.416,kf,map,0.387442,-0.299689,-1.93587,0.0625774,0.0625774,2.45628e-17,0.064791,,
61.416,pf,map,0.310956,-0.243106,-1.92757,0.0612846,0.0721,-0.00630037,5.39892,460.261,0
61.452,odom,map,0.465842,-0.36443,-1.98261,0,0,0,,,
61.488,odom,map,0.462339,-0.372287,-1.99794,0,0,0,,,
61.524,odom,map,0.458691,-0.38014,-2.01341,0,0,0,,,
61.56,odom,map,0.454921,-0.387937,-2.02887,0,0,0,,,
61.596,odom,map,0.451036,-0.395664,-2.04456,0,0,0,,,
61.596,ekf_predict_only,map,0.335757,-0.372443,-2.14392,47.4851,47.173,4.74387,,,
61.596,ekf,map,0.37123,-0.337662,-2.00905,0.0677119,0.0676755,-1.07353e-05,0.105959,,
61.596,kf,map,0.371192,-0.338037,-2.00993,0.0623802,0.0623802,3.47626e-18,0.058958,,
61.632,odom,map,0.447024,-0.40334,-2.06028,0,0,0,,,
61.596,pf,map,0.300063,-0.265484,-1.99895,0.0684397,0.063059,0.000291807,10.0879,472.737,0
61.668,odom,map,0.442887,-0.41096,-2.07601,0,0,0,,,
61.704,odom,map,0.438631,-0.418513,-2.09173,0,0,0,,,
61.74,odom,map,0.434337,-0.425863,-2.10765,0,0,0,,,
61.776,odom,map,0.42996,-0.433085,-2.12364,0,0,0,,,
61.812,odom,map,0.425594,-0.440039,-2.13944,0,0,0,,,
61.812,ekf_predict_only,map,0.309293,-0.413448,-2.23854,48.7005,46.9615,4.6253,,,
61.812,ekf,map,0.396519,-0.3373,-2.07918,0.0297393,0.0400264,-0.00298183,0.403959,,
61.812,kf,map,0.402188,-0.367909,-2.06414,0.0300406,0.0603009,-0.00855743,0.117125,,
61.8,amcl,map,0.413259,-0.423956,-2.11192,0.044113,0.0266336,0.0132548,,,
61.812,pf,map,0.362675,-0.290693,-2.09545,0.0304124,0.0276132,-0.00194818,9.17779,375.243,0
61.848,odom,map,0.42116,-0.446858,-2.15521,0,0,0,,,
61.884,odom,map,0.416619,-0.453606,-2.17098,0,0,0,,,
61.92,odom,map,0.412053,-0.460167,-2.18665,0,0,0,,,
61.956,odom,map,0.407404,-0.466628,-2.20231,0,0,0,,,
61.992,odom,map,0.402655,-0.473015,-2.21796,0,0,0,,,
62.028,odom,map,0.396123,-0.477119,-2.23315,0,0,0,,,
61.992,ekf,map,0.399184,-0.384635,-2.17181,0.0283942,0.0393979,-0.00330991,0.106166,,
61.992,kf,map,0.401133,-0.395524,-2.16415,0.0291997,0.0597486,-0.00933407,0.487291,,
61.992,ekf_predict_only,map,0.285011,-0.444239,-2.3161,49.6672,46.7919,4.45448,,,
61.992,pf,map,0.381824,-0.332337,-2.20167,0.0285199,0.0347887,-0.00342161,18.4518,437.25,0
62.064,odom,map,0.388908,-0.480234,-2.24797,0,0,0,,,
62.1,odom,map,0.381636,-0.483244,-2.26271,0,0,0,,,
62.136,odom,map,0.374279,-0.486184,-2.27745,0,0,0,,,
62.172,odom,map,0.366844,-0.489046,-2.29181,0,0,0,,,
62.208,odom,map,0.359918,-0.492433,-2.30592,0,0,0,,,
62.208,ekf_predict_only,map,0.254337,-0.477478,-2.40256,50.731,46.5737,4.18217,,,
62.208,ekf,map,0.365593,-0.421428,-2.26108,0.0288713,0.0404235,-0.00382493,0.225208,,
62.208,kf,map,0.368978,-0.432387,-2.25444,0.0295635,0.0595691,-0.00991674,0.103583,,
62.208,pf,map,0.337718,-0.401833,-2.28854,0.0251738,0.0477967,0.00116445,6.27779,385.772,0
62.244,odom,map,0.354822,-0.497987,-2.32034,0,0,0,,,
62.28,odom,map,0.349709,-0.503403,-2.33437,0,0,0,,,
62.316,odom,map,0.344534,-0.508735,-2.34831,0,0,0,,,
62.352,odom,map,0.339447,-0.513833,-2.36185,0,0,0,,,
62.388,odom,map,0.334378,-0.518778,-2.3752,0,0,0,,,
62.388,ekf_predict_only,map,0.229629,-0.499994,-2.467,51.5005,46.4356,3.92331,,,
62.388,kf,map,0.361575,-0.452513,-2.32858,0.0297328,0.0591659,-0.0102355,0.119417,,
62.424,odom,map,0.329428,-0.523483,-2.38823,0,0,0,,,
62.388,ekf,map,0.359984,-0.445732,-2.33295,0.0287127,0.0403719,-0.00404489,0.165209,,
62.4,amcl,map,0.342671,-0.509057,-2.35231,0.042132,0.0241349,0.0105663,,,
62.388,pf,map,0.347344,-0.431145,-2.34259,0.0262769,0.0328143,-0.00549455,11.468,429.913,0
62.46,odom,map,0.324522,-0.528025,-2.40112,0,0,0,,,
62.496,odom,map,0.319558,-0.532504,-2.41401,0,0,0,,,
62.532,odom,map,0.314763,-0.536721,-2.42642,0,0,0,,,
62.568,odom,map,0.310045,-0.540769,-2.43856,0,0,0,,,
62.604,odom,map,0.305643,-0.544524,-2.44963,0,0,0,,,
62.604,ekf_predict_only,map,0.221754,-0.506292,-2.50489,51.7903,46.4631,3.83368,,,
62.604,ekf,map,0.324708,-0.478925,-2.40423,0.0291023,0.0412099,-0.00431407,0.099625,,
62.604,kf,map,0.325246,-0.476248,-2.40377,0.0299638,0.0591681,-0.0105014,0.194041,,
62.604,pf,map,0.289397,-0.505776,-2.39528,0.0263055,0.0416186,-0.00269044,6.28479,431.344,0
62.64,odom,map,0.302613,-0.548233,-2.45477,0,0,0,,,
62.676,odom,map,0.300555,-0.551118,-2.45732,0,0,0,,,
62.712,odom,map,0.299476,-0.553187,-2.45728,0,0,0,,,
62.748,odom,map,0.299375,-0.55444,-2.45467,0,0,0,,,
62.784,odom,map,0.299726,-0.555301,-2.45109,0,0,0,,,
62.82,odom,map,0.299872,-0.555684,-2.44949,0,0,0,,,
62.784,ekf_predict_only,map,0.221754,-0.506292,-2.50489,51.8903,46.5631,3.83368,,,
62.784,ekf,map,0.315318,-0.494137,-2.43105,0.0288634,0.0408576,-0.00435909,0.105875,,
62.784,kf,map,0.313171,-0.485204,-2.43447,0.029968,0.0589317,-0.0105661,0.173875,,
62.784,pf,map,0.28226,-0.431638,-2.46419,0.0222112,0.0325869,-0.00337212,7.65996,475.743,0
62.856,odom,map,0.299872,-0.555684,-2.44949,0,0,0,,,
62.892,odom,map,0.299872,-0.555684,-2.44949,0,0,0,,,
62.928,odom,map,0.299872,-0.555684,-2.44949,0,0,0,,,
62.964,odom,map,0.299872,-0.555684,-2.44949,0,0,0,,,
63,odom,map,0.299872,-0.555684,-2.44949,0,0,0,,,
63,ekf_predict_only,map,0.221754,-0.506292,-2.50489,51.9903,46.6631,3.83368,,,
63,ekf,map,0.311106,-0.492909,-2.43495,0.029215,0.0415035,-0.00453753,0.103958,,
63,kf,map,0.309846,-0.488122,-2.43748,0.0300634,0.059069,-0.0106387,0.098333,,
63,pf,map,0.3143,-0.445274,-2.4589,0.0288928,0.0381846,-0.00327264,11.1572,480.254,0
63.036,odom,map,0.299872,-0.555684,-2.44949,0,0,0,,,
63.072,odom,map,0.299872,-0.555684,-2.44949,0,0,0,,,
63.108,odom,map,0.299872,-0.555684,-2.44949,0,0,0,,,
63.144,odom,map,0.299872,-0.555684,-2.44949,0,0,0,,,
63.18,odom,map,0.299872,-0.555684,-2.44949,0,0,0,,,
63.216,odom,map,0.300483,-0.554617,-2.44896,0,0,0,,,
63.216,ekf_predict_only,map,0.221754,-0.506292,-2.50489,52.0903,46.7631,3.83368,,,
63.216,ekf,map,0.31998,-0.488756,-2.43584,0.0292494,0.0416535,-0.00457968,0.103416,,
63.216,kf,map,0.318673,-0.48589,-2.43755,0.0300779,0.0590816,-0.0106589,0.104792,,
63.216,pf,map,0.295273,-0.461186,-2.4427,0.0289347,0.0264911,-0.00305919,7.41083,452.309,0
63.252,odom,map,0.30205,-0.551873,-2.44759,0,0,0,,,
63.288,odom,map,0.303613,-0.549129,-2.44622,0,0,0,,,
63.324,odom,map,0.305172,-0.546386,-2.44485,0,0,0,,,
63.36,odom,map,0.306726,-0.543642,-2.44349,0,0,0,,,
63.396,odom,map,0.308277,-0.540898,-2.44212,0,0,0,,,
63.432,odom,map,0.308449,-0.540593,-2.44196,0,0,0,,,
63.396,ekf,map,0.317483,-0.489185,-2.43609,0.0288865,0.0408654,-0.0044195,0.097666,,
63.396,kf,map,0.316704,-0.486776,-2.43745,0.0300091,0.0588942,-0.0106228,0.210542,,
63.396,ekf_predict_only,map,0.221754,-0.506292,-2.50489,52.1903,46.8631,3.83368,,,
63.396,pf,map,0.276411,-0.436509,-2.47051,0.0295792,0.0338746,-0.00513071,8.73692,466.18,0
63.468,odom,map,0.308449,-0.540593,-2.44196,0,0,0,,,
63.504,odom,map,0.308449,-0.540593,-2.44196,0,0,0,,,
63.54,odom,map,0.308449,-0.540593,-2.44196,0,0,0,,,
63.576,odom,map,0.308449,-0.540593,-2.44196,0,0,0,,,
63.612,odom,map,0.308449,-0.540593,-2.44196,0,0,0,,,
63.612,ekf_predict_only,map,0.221754,-0.506292,-2.50489,52.2903,46.9631,3.83368,,,
63.612,ekf,map,0.317773,-0.488963,-2.43617,0.0291901,0.0414462,-0.00451984,0.099542,,
63.612,kf,map,0.317035,-0.486755,-2.4374,0.0300784,0.0590547,-0.0106591,0.091541,,
63.612,pf,map,0.282389,-0.45161,-2.46374,0.0245318,0.0376834,-0.00366854,12.4123,442.269,0
63.648,odom,map,0.308139,-0.540854,-2.44203,0,0,0,,,
63.684,odom,map,0.306958,-0.541847,-2.44226,0,0,0,,,
63.72,odom,map,0.305327,-0.543218,-2.44254,0,0,0,,,
63.756,odom,map,0.303423,-0.544818,-2.44328,0,0,0,,,
63.792,odom,map,0.301119,-0.54675,-2.44453,0,0,0,,,
63.792,ekf_predict_only,map,0.207508,-0.516827,-2.51445,52.71,46.9363,3.66439,,,
63.792,ekf,map,0.311972,-0.490899,-2.43749,0.0289473,0.0410817,-0.00454275,0.090625,,
63.792,kf,map,0.312364,-0.493169,-2.43679,0.0300686,0.0588312,-0.0107027,0.100375,,
63.828,odom,map,0.298528,-0.548916,-2.44624,0,0,0,,,
63.792,pf,map,0.307044,-0.447759,-2.44403,0.0249599,0.0348327,-0.00469614,10.7963,468.955,0
63.864,odom,map,0.295805,-0.551183,-2.44816,0,0,0,,,
63.9,odom,map,0.293013,-0.553499,-2.45033,0,0,0,,,
63.936,odom,map,0.289999,-0.555986,-2.45305,0,0,0,,,
63.972,odom,map,0.286756,-0.558646,-2.45608,0,0,0,,,
64.008,odom,map,0.28343,-0.561358,-2.45943,0,0,0,,,
64.008,kf,map,0.289193,-0.509248,-2.44954,0.0302416,0.0588908,-0.0108774,0.102083,,
64.008,ekf_predict_only,map,0.18628,-0.532211,-2.5365,53.2823,46.8576,3.40326,,,
64.008,ekf,map,0.287737,-0.505107,-2.45137,0.0293424,0.042015,-0.00482973,0.129084,,
64.008,pf,map,0.263995,-0.476598,-2.46664,0.0258782,0.0370287,-0.00234157,7.04517,413.671,0
64.044,odom,map,0.279981,-0.564147,-2.46352,0,0,0,,,
64.08,odom,map,0.276756,-0.566734,-2.46825,0,0,0,,,
64.116,odom,map,0.273861,-0.569031,-2.47346,0,0,0,,,
64.152,odom,map,0.270769,-0.571458,-2.47888,0,0,0,,,
64.188,odom,map,0.267815,-0.57375,-2.48491,0,0,0,,,
64.224,odom,map,0.265238,-0.575723,-2.4915,0,0,0,,,
64.188,ekf_predict_only,map,0.172934,-0.541442,-2.56943,53.6689,46.8516,3.23276,,,
64.188,ekf,map,0.274595,-0.518878,-2.47978,0.0290961,0.0416932,-0.0048579,0.113583,,
64.188,kf,map,0.275029,-0.519945,-2.4792,0.0302507,0.058649,-0.0109431,0.954292,,
64.188,pf,map,0.256533,-0.476879,-2.49634,0.0317066,0.0332817,-0.00303067,6.84537,465.775,0
64.26,odom,map,0.262787,-0.577573,-2.49842,0,0,0,,,
64.296,odom,map,0.260658,-0.579157,-2.50631,0,0,0,,,
64.332,odom,map,0.258623,-0.580644,-2.51493,0,0,0,,,
64.368,odom,map,0.256591,-0.582101,-2.52377,0,0,0,,,
64.404,odom,map,0.254613,-0.583494,-2.53305,0,0,0,,,
64.404,ekf_predict_only,map,0.160815,-0.549247,-2.62589,54.013,46.8596,3.07286,,,
64.404,ekf,map,0.253906,-0.525383,-2.52576,0.0294793,0.0425219,-0.0051095,0.1005,,
64.404,kf,map,0.256319,-0.53134,-2.5234,0.0303851,0.0587474,-0.0110638,0.2025,,
64.404,pf,map,0.238378,-0.4811,-2.54844,0.0288118,0.0409769,-0.00444956,6.12817,437.259,0
64.44,odom,map,0.252625,-0.584864,-2.54308,0,0,0,,,
64.476,odom,map,0.250567,-0.586251,-2.55385,0,0,0,,,
64.512,odom,map,0.248457,-0.587641,-2.56489,0,0,0,,,
64.548,odom,map,0.246225,-0.589074,-2.57655,0,0,0,,,
64.584,odom,map,0.243869,-0.590547,-2.5889,0,0,0,,,
64.62,odom,map,0.241435,-0.592028,-2.60179,0,0,0,,,
64.584,ekf_predict_only,map,0.148358,-0.556309,-2.6911,54.3353,46.8693,2.90237,,,
64.584,ekf,map,0.248718,-0.538279,-2.58672,0.029205,0.0421633,-0.00509318,0.146875,,
64.584,kf,map,0.248426,-0.537694,-2.5869,0.0303634,0.0585363,-0.0110879,0.106792,,
64.602,amcl,map,0.23747,-0.587571,-2.61012,0.042428,0.0209771,0.00794336,,,
64.584,pf,map,0.230859,-0.509247,-2.6094,0.0319193,0.0383723,-0.00387023,10.3254,446.868,0
64.656,odom,map,0.238969,-0.593483,-2.61484,0,0,0,,,
64.692,odom,map,0.236318,-0.595001,-2.62791,0,0,0,,,
64.728,odom,map,0.233374,-0.596636,-2.64149,0,0,0,,,
64.764,odom,map,0.230167,-0.598359,-2.65562,0,0,0,,,
64.8,odom,map,0.226844,-0.600084,-2.66993,0,0,0,,,
64.8,ekf_predict_only,map,0.127441,-0.566426,-2.77847,54.7562,46.8273,2.60493,,,
64.8,ekf,map,0.234873,-0.545483,-2.66522,0.0295998,0.0430744,-0.00537558,0.1115,,
64.8,kf,map,0.234865,-0.54641,-2.66514,0.0304838,0.0586486,-0.0111892,0.097959,,
64.8,pf,map,0.212111,-0.499191,-2.69156,0.0282409,0.032328,-0.00104604,7.59863,476.058,0
64.836,odom,map,0.223402,-0.601808,-2.68445,0,0,0,,,
64.872,odom,map,0.219837,-0.603529,-2.69919,0,0,0,,,
64.908,odom,map,0.216043,-0.605291,-2.71419,0,0,0,,,
64.944,odom,map,0.212179,-0.607016,-2.72924,0,0,0,,,
64.98,odom,map,0.208028,-0.608794,-2.74442,0,0,0,,,
65.016,odom,map,0.203606,-0.610609,-2.7598,0,0,0,,,
65.016,ekf_predict_only,map,0.100269,-0.57675,-2.87143,55.1867,46.7611,2.20166,,,
65.016,ekf,map,0.209024,-0.560824,-2.75666,0.0296974,0.0436057,-0.00557316,0.118917,,
65.016,kf,map,0.208139,-0.558407,-2.75781,0.0305233,0.0586362,-0.0112398,0.414,,
65.016,pf,map,0.171653,-0.522349,-2.78459,0.0253325,0.0372891,-0.0078704,6.03775,482.081,0
65.052,odom,map,0.199097,-0.612379,-2.7753,0,0,0,,,
65.088,odom,map,0.194457,-0.614117,-2.79091,0,0,0,,,
65.124,odom,map,0.189542,-0.61587,-2.8066,0,0,0,,,
65.16,odom,map,0.184242,-0.617668,-2.82235,0,0,0,,,
65.196,odom,map,0.178795,-0.619421,-2.83812,0,0,0,,,
65.232,odom,map,0.173022,-0.621179,-2.8537,0,0,0,,,
65.196,ekf_predict_only,map,0.0708256,-0.584904,-2.94925,55.5498,46.7044,1.74835,,,
65.196,ekf,map,0.136514,-0.584984,-2.83225,0.0610808,0.0632182,-0.000867269,0.67775,,
65.196,kf,map,0.139146,-0.582759,-2.83287,0.0571332,0.061735,-0.00183985,0.056917,,
65.202,amcl,map,0.169731,-0.619037,-2.84005,0.0433274,0.0171368,0.00690534,,,
65.196,pf,map,0.0868544,-0.528621,-2.8471,0.0486938,0.0514035,-0.000803987,8.60304,538.548,0
65.268,odom,map,0.166876,-0.622947,-2.86922,0,0,0,,,
65.304,odom,map,0.160377,-0.624707,-2.88476,0,0,0,,,
65.34,odom,map,0.153671,-0.626412,-2.90031,0,0,0,,,
65.376,odom,map,0.146796,-0.628048,-2.91576,0,0,0,,,
65.412,odom,map,0.139338,-0.629347,-2.93193,0,0,0,,,
65.412,ekf,map,0.0769909,-0.601831,-2.92381,0.0678006,0.0681377,-0.000138237,0.060584,,
65.412,kf,map,0.0795224,-0.600658,-2.92408,0.0618009,0.0624607,-0.000263816,0.119166,,
65.412,ekf_predict_only,map,0.0271878,-0.593402,-3.04134,55.926,46.6169,1.05751,,,
65.412,pf,map,0.018746,-0.517196,-2.91778,0.0571074,0.0627996,-0.000196853,4.98367,507.45,0
65.448,odom,map,0.130887,-0.629916,-2.94966,0,0,0,,,
65.484,odom,map,0.122254,-0.630359,-2.96723,0,0,0,,,
65.52,odom,map,0.113482,-0.630662,-2.98475,0,0,0,,,
65.556,odom,map,0.10436,-0.630855,-3.00194,0,0,0,,,
65.592,odom,map,0.0950052,-0.630914,-3.01883,0,0,0,,,
65.628,odom,map,0.0862777,-0.631597,-3.03354,0,0,0,,,
65.592,ekf_predict_only,map,-0.0150139,-0.597647,-3.11122,56.1647,46.5866,0.374505,,,
65.592,ekf,map,0.0316496,-0.610654,-2.99607,0.0675229,0.0675891,-2.54e-05,0.058042,,
65.592,kf,map,0.0329149,-0.610252,-2.99598,0.0622699,0.0623636,-3.74624e-05,0.329333,,
65.592,pf,map,-0.0336067,-0.532319,-2.98972,0.0587969,0.0611412,0.000150907,4.79462,492.007,0
65.664,odom,map,0.0776432,-0.632474,-3.04711,0,0,0,,,
65.7,odom,map,0.0686867,-0.633263,-3.05999,0,0,0,,,
65.736,odom,map,0.0594908,-0.633957,-3.07233,0,0,0,,,
65.772,odom,map,0.0501279,-0.634551,-3.08425,0,0,0,,,
65.808,odom,map,0.0406408,-0.635039,-3.09605,0,0,0,,,
65.808,ekf_predict_only,map,-0.0737979,-0.599433,3.10562,56.3232,46.5891,-0.587021,,,
65.808,kf,map,-0.0245918,-0.617134,-3.06943,0.0625378,0.0625509,-5.2557e-06,0.059667,,
65.808,ekf,map,-0.0249355,-0.617021,-3.07016,0.0686559,0.0686973,-1.06994e-05,0.077292,,
65.802,amcl,map,0.0337857,-0.638091,-3.09349,0.0406188,0.0140311,0.00242673,,,
65.808,pf,map,-0.0848984,-0.55821,-3.07827,0.0644257,0.0696764,0.00365373,5.57904,467.163,0
65.844,odom,map,0.0309049,-0.635426,-3.10733,0,0,0,,,
65.88,odom,map,0.0208843,-0.635715,-3.118,0,0,0,,,
65.916,odom,map,0.0106785,-0.635903,-3.1284,0,0,0,,,
65.952,odom,map,0.00038794,-0.635986,-3.13847,0,0,0,,,
65.988,odom,map,-0.0100916,-0.635969,3.13549,0,0,0,,,
65.988,ekf_predict_only,map,-0.127689,-0.597494,3.0626,56.3597,46.686,-1.46987,,,
65.988,ekf,map,-0.0761341,-0.618989,-3.1214,0.0676355,0.0676797,-7.6727e-06,0.060167,,
65.988,kf,map,-0.0761973,-0.619268,-3.12048,0.0623746,0.0623764,-7.43999e-07,0.053208,,
66.024,odom,map,-0.020999,-0.636657,3.12853,0,0,0,,,
65.988,pf,map,-0.143719,-0.564874,-3.12426,0.0572388,0.0684294,-0.00282073,4.84175,451.849,0
66.06,odom,map,-0.0321464,-0.63775,3.1227,0,0,0,,,
66.096,odom,map,-0.043372,-0.638809,3.11708,0,0,0,,,
66.132,odom,map,-0.0547635,-0.639836,3.11236,0,0,0,,,
66.168,odom,map,-0.0662209,-0.640848,3.10904,0,0,0,,,
66.204,odom,map,-0.0777097,-0.641775,3.10619,0,0,0,,,
66.204,kf,map,-0.14174,-0.618798,3.12472,0.0625525,0.0625527,-1.04332e-07,0.057875,,
66.204,ekf_predict_only,map,-0.195372,-0.592137,3.04399,56.2847,46.8992,-2.57058,,,
66.204,ekf,map,-0.141502,-0.618264,3.12252,0.0686893,0.0687616,-8.20253e-06,0.060166,,
66.204,pf,map,-0.213892,-0.558289,3.1245,0.064012,0.0574364,-0.00505405,4.96979,479.146,0
66.24,odom,map,-0.0889262,-0.641353,3.10208,0,0,0,,,
66.276,odom,map,-0.100094,-0.640896,3.09966,0,0,0,,,
66.312,odom,map,-0.111205,-0.64042,3.09781,0,0,0,,,
66.348,odom,map,-0.122383,-0.639922,3.09655,0,0,0,,,
66.384,odom,map,-0.133481,-0.639418,3.09626,0,0,0,,,
66.384,kf,map,-0.196292,-0.616511,3.11425,0.0623767,0.0623767,-1.47683e-08,0.063625,,
66.42,odom,map,-0.144474,-0.638924,3.09726,0,0,0,,,
66.384,ekf,map,-0.196191,-0.615991,3.11198,0.0676564,0.067731,-5.57549e-06,0.0555,,
66.384,ekf_predict_only,map,-0.249941,-0.586794,3.05185,56.2111,47.1859,-3.44832,,,
66.384,pf,map,-0.246352,-0.581999,3.10103,0.0636069,0.0599364,-0.00361925,9.37717,468.218,0
66.456,odom,map,-0.155429,-0.638446,3.09883,0,0,0,,,
66.492,odom,map,-0.166305,-0.637992,3.10115,0,0,0,,,
66.528,odom,map,-0.17721,-0.63757,3.10498,0,0,0,,,
66.564,odom,map,-0.188205,-0.637192,3.10957,0,0,0,,,
66.6,odom,map,-0.199243,-0.636865,3.11437,0,0,0,,,
66.6,ekf,map,-0.262061,-0.613577,3.12739,0.0687084,0.0688093,-4.02311e-06,0.057959,,
66.6,kf,map,-0.262136,-0.614006,3.12943,0.0625527,0.0625527,-2.07095e-09,0.06175,,
66.6,ekf_predict_only,map,-0.315927,-0.580856,3.08063,56.119,47.6258,-4.50013,,,
66.6,pf,map,-0.349531,-0.549723,3.13868,0.0596334,0.0658555,0.00107489,6.30154,460.964,0
66.636,odom,map,-0.21131,-0.635449,3.11729,0,0,0,,,
66.672,odom,map,-0.223426,-0.63401,3.1214,0,0,0,,,
66.708,odom,map,-0.235465,-0.632591,3.12611,0,0,0,,,
66.744,odom,map,-0.247408,-0.631199,3.1313,0,0,0,,,
66.78,odom,map,-0.259296,-0.629835,3.13704,0,0,0,,,
66.816,odom,map,-0.27067,-0.629026,-3.13825,0,0,0,,,
66.816,ekf,map,-0.32681,-0.61315,-3.10986,0.0689554,0.0690647,-2.14424e-06,0.0565,,
66.816,kf,map,-0.326767,-0.613457,-3.10774,0.0625774,0.0625774,-2.90026e-10,0.06125,,
66.801,amcl,map,-0.254901,-0.628706,-3.1408,0.0532576,0.0225651,-0.00894837,,,
66.816,ekf_predict_only,map,-0.379744,-0.576961,3.14127,56.0936,48.1737,-5.51398,,,
66.816,pf,map,-0.41009,-0.524532,-3.10782,0.0602002,0.0602037,-0.00194358,4.71817,470.069,0
66.852,odom,map,-0.281325,-0.629115,-3.12814,0,0,0,,,
66.888,odom,map,-0.291771,-0.62931,-3.11744,0,0,0,,,
66.924,odom,map,-0.302016,-0.629615,-3.10607,0,0,0,,,
66.96,odom,map,-0.311894,-0.630027,-3.09349,0,0,0,,,
66.996,odom,map,-0.321738,-0.630564,-3.08075,0,0,0,,,
67.032,odom,map,-0.331468,-0.631221,-3.06748,0,0,0,,,
66.996,ekf_predict_only,map,-0.428311,-0.576945,-3.07391,56.1931,48.6934,-6.2945,,,
66.996,ekf,map,-0.377285,-0.615636,-3.05344,0.0676698,0.0677614,-1.2486e-06,0.242583,,
66.996,kf,map,-0.377115,-0.615813,-3.05174,0.0623802,0.0623802,-4.1046e-11,0.061,,
66.996,pf,map,-0.434307,-0.545196,-3.04954,0.0636802,0.053385,-0.00222084,6.64092,481.418,0
67.068,odom,map,-0.340958,-0.631991,-3.05337,0,0,0,,,
67.104,odom,map,-0.350133,-0.63287,-3.03856,0,0,0,,,
67.14,odom,map,-0.359186,-0.633874,-3.02364,0,0,0,,,
67.176,odom,map,-0.368084,-0.634996,-3.00839,0,0,0,,,
67.212,ekf,map,-0.431022,-0.622026,-2.96577,0.0686546,0.0687566,-2.03655e-06,0.058458,,
67.212,odom,map,-0.37656,-0.6362,-2.99232,0,0,0,,,
67.212,ekf_predict_only,map,-0.478011,-0.580314,-2.97581,56.4015,49.2937,-7.11148,,,
67.212,kf,map,-0.430585,-0.622027,-2.96421,0.0625532,0.0625532,-5.75571e-12,0.1275,,
67.212,pf,map,-0.501615,-0.546627,-2.96496,0.0683541,0.0622473,-0.0042273,5.50242,492.648,0
67.248,odom,map,-0.384616,-0.63748,-2.9757,0,0,0,,,
67.284,odom,map,-0.392615,-0.638888,-2.95903,0,0,0,,,
67.32,odom,map,-0.400343,-0.640382,-2.94194,0,0,0,,,
67.356,odom,map,-0.407893,-0.641978,-2.92445,0,0,0,,,
67.392,odom,map,-0.415391,-0.643702,-2.90687,0,0,0,,,
67.428,odom,map,-0.422631,-0.645501,-2.88894,0,0,0,,,
67.392,ekf_predict_only,map,-0.514427,-0.586407,-2.88566,56.6985,49.8058,-7.73466,,,
67.392,kf,map,-0.469812,-0.630335,-2.88095,0.0623768,0.0623768,-8.14726e-13,0.120792,,
67.392,ekf,map,-0.470206,-0.630424,-2.88203,0.0676216,0.0677012,-2.91415e-06,0.115875,,
67.401,amcl,map,-0.391709,-0.643895,-2.90333,0.0519823,0.0293547,-0.0151079,,,
67.392,pf,map,-0.41594,-0.533496,-2.91879,0.0325743,0.0501606,-0.00505676,9.07687,424.053,0
67.464,odom,map,-0.429482,-0.647336,-2.87055,0,0,0,,,
67.5,odom,map,-0.436035,-0.649222,-2.85198,0,0,0,,,
67.536,odom,map,-0.442455,-0.6512,-2.83336,0,0,0,,,
67.572,odom,map,-0.448612,-0.653224,-2.81456,0,0,0,,,
67.608,odom,map,-0.453978,-0.655257,-2.79528,0,0,0,,,
67.608,ekf_predict_only,map,-0.547488,-0.595058,-2.76779,57.0801,50.3136,-8.32601,,,
67.608,ekf,map,-0.43053,-0.63086,-2.78236,0.0307542,0.0524778,-0.00654483,0.145583,,
67.608,kf,map,-0.435864,-0.622129,-2.78499,0.0302864,0.0600546,-0.00897813,0.250541,,
67.608,pf,map,-0.466791,-0.569408,-2.80672,0.026466,0.0459094,-0.00430413,13.3413,494.539,0
67.644,odom,map,-0.457458,-0.657297,-2.7755,0,0,0,,,
67.68,odom,map,-0.460437,-0.659267,-2.75555,0,0,0,,,
67.716,odom,map,-0.463259,-0.66129,-2.73558,0,0,0,,,
67.752,odom,map,-0.465743,-0.66328,-2.7153,0,0,0,,,
67.788,odom,map,-0.467849,-0.665206,-2.69489,0,0,0,,,
67.788,ekf_predict_only,map,-0.566806,-0.602636,-2.66659,57.4285,50.6666,-8.69231,,,
67.788,ekf,map,-0.457298,-0.633534,-2.67483,0.0293724,0.0514393,-0.00674179,0.198458,,
67.788,kf,map,-0.458128,-0.631954,-2.67578,0.0291716,0.0597782,-0.00928882,0.241042,,
67.824,odom,map,-0.470949,-0.667089,-2.67458,0,0,0,,,
67.8,amcl,map,-0.460088,-0.662491,-2.68726,0.0483564,0.0284737,-0.0147568,,,
67.788,pf,map,-0.482457,-0.587748,-2.69192,0.0269507,0.0469854,-0.00480255,11.6553,532.511,0
67.86,odom,map,-0.474636,-0.668995,-2.65434,0,0,0,,,
67.896,odom,map,-0.478121,-0.670886,-2.63405,0,0,0,,,
67.932,odom,map,-0.481223,-0.672652,-2.61365,0,0,0,,,
67.968,odom,map,-0.483997,-0.674306,-2.59317,0,0,0,,,
68.004,ekf_predict_only,map,-0.581845,-0.61037,-2.54265,57.7838,50.9712,-8.99314,,,
68.004,odom,map,-0.486416,-0.675819,-2.57253,0,0,0,,,
68.004,ekf,map,-0.478366,-0.647174,-2.55574,0.0296857,0.0523407,-0.00695634,0.191333,,
68.004,kf,map,-0.47924,-0.643241,-2.55698,0.0292322,0.0599023,-0.00939751,0.09675,,
68.004,pf,map,-0.483444,-0.619707,-2.5644,0.0270109,0.0363049,-0.0049445,6.92742,490.324,0
68.04,odom,map,-0.488775,-0.677362,-2.55187,0,0,0,,,
68.076,odom,map,-0.490895,-0.678811,-2.53136,0,0,0,,,
68.112,odom,map,-0.492733,-0.680124,-2.51091,0,0,0,,,
68.148,odom,map,-0.49425,-0.681255,-2.49032,0,0,0,,,
68.184,odom,map,-0.495629,-0.682328,-2.46968,0,0,0,,,
68.22,odom,map,-0.495458,-0.683291,-2.44938,0,0,0,,,
68.184,ekf,map,-0.487559,-0.642894,-2.44088,0.0294055,0.0516022,-0.00687855,0.105458,,
68.184,kf,map,-0.485698,-0.649216,-2.43926,0.0291971,0.0597027,-0.00941913,0.109875,,
68.184,ekf_predict_only,map,-0.588206,-0.614712,-2.44007,58.0279,51.1597,-9.12892,,,
68.202,amcl,map,-0.487133,-0.681916,-2.4684,0.0378997,0.0282258,-0.0134091,,,
68.184,pf,map,-0.481135,-0.635872,-2.44739,0.0308843,0.0437546,-0.00375011,6.90292,542.117,0
68.256,odom,map,-0.493963,-0.684091,-2.42943,0,0,0,,,
68.292,odom,map,-0.492292,-0.684772,-2.40962,0,0,0,,,
68.328,odom,map,-0.490536,-0.685404,-2.38987,0,0,0,,,
68.364,odom,map,-0.488752,-0.686037,-2.37021,0,0,0,,,
68.4,odom,map,-0.486839,-0.686569,-2.35074,0,0,0,,,
68.4,ekf_predict_only,map,-0.591916,-0.617847,-2.32093,58.2323,51.3119,-9.21273,,,
68.4,ekf,map,-0.488084,-0.648318,-2.32254,0.0297199,0.0523971,-0.00702153,0.177542,,
68.4,kf,map,-0.48686,-0.652939,-2.32089,0.0292891,0.0598434,-0.00949333,0.10325,,
68.4,pf,map,-0.492106,-0.630399,-2.33037,0.0274591,0.0462633,-0.0090447,9.95017,528.703,0
68.436,odom,map,-0.487332,-0.687148,-2.3309,0,0,0,,,
68.472,odom,map,-0.487722,-0.687566,-2.31123,0,0,0,,,
68.508,odom,map,-0.488104,-0.687992,-2.2919,0,0,0,,,
68.544,odom,map,-0.488467,-0.688413,-2.2726,0,0,0,,,
68.58,odom,map,-0.48881,-0.688827,-2.25328,0,0,0,,,
68.616,odom,map,-0.489512,-0.688992,-2.23389,0,0,0,,,
68.616,ekf_predict_only,map,-0.593746,-0.61981,-2.20647,58.3978,51.4378,-9.25715,,,
68.616,ekf,map,-0.494098,-0.657773,-2.21263,0.0297675,0.0525494,-0.00708784,0.092416,,
68.616,kf,map,-0.494005,-0.657239,-2.21249,0.0293112,0.0598483,-0.00952815,0.099583,,
68.601,amcl,map,-0.493072,-0.691118,-2.26394,0.0330752,0.0282928,-0.00762976,,,
68.616,pf,map,-0.495016,-0.639491,-2.2154,0.0333062,0.0447167,-0.00606139,11.6997,515.765,0
68.652,odom,map,-0.490855,-0.688854,-2.21455,0,0,0,,,
68.688,odom,map,-0.492186,-0.688716,-2.19539,0,0,0,,,
68.724,odom,map,-0.4935,-0.68857,-2.17632,0,0,0,,,
68.76,odom,map,-0.494779,-0.688387,-2.15742,0,0,0,,,
68.796,odom,map,-0.495987,-0.688109,-2.13876,0,0,0,,,
68.832,odom,map,-0.496232,-0.688258,-2.12071,0,0,0,,,
68.796,ekf_predict_only,map,-0.594474,-0.620796,-2.11656,58.5308,51.5482,-9.27631,,,
68.796,ekf,map,-0.495729,-0.653286,-2.11311,0.0294279,0.051611,-0.00694532,0.183708,,
68.796,kf,map,-0.494132,-0.658749,-2.11156,0.0292535,0.0596499,-0.00951036,0.194917,,
68.796,pf,map,-0.521588,-0.617771,-2.12604,0.0316005,0.047765,-0.00829665,9.93533,501.316,0
68.868,odom,map,-0.496335,-0.688429,-2.10292,0,0,0,,,
68.904,odom,map,-0.49633,-0.68842,-2.08559,0,0,0,,,
68.94,odom,map,-0.496283,-0.688335,-2.06852,0,0,0,,,
68.976,odom,map,-0.496231,-0.688237,-2.05153,0,0,0,,,
69.012,ekf_predict_only,map,-0.593984,-0.619991,-2.01746,58.6039,51.6412,-9.26242,,,
69.012,ekf,map,-0.495792,-0.651871,-2.00829,0.0297234,0.0523357,-0.00705321,0.113083,,
69.012,odom,map,-0.496123,-0.688236,-2.03541,0,0,0,,,
69.012,kf,map,-0.493815,-0.658698,-2.00611,0.0293201,0.0598129,-0.00954312,0.108583,,
69.012,pf,map,-0.50607,-0.623501,-2.02317,0.0276315,0.0498358,-0.00279185,9.14958,490.888,0
69.048,odom,map,-0.495906,-0.688488,-2.02088,0,0,0,,,
69.084,odom,map,-0.495687,-0.688721,-2.00654,0,0,0,,,
69.12,odom,map,-0.495438,-0.688873,-1.99236,0,0,0,,,
69.156,odom,map,-0.495118,-0.688844,-1.97864,0,0,0,,,
69.192,odom,map,-0.494782,-0.688753,-1.96546,0,0,0,,,
69.228,odom,map,-0.494543,-0.688364,-1.95109,0,0,0,,,
69.192,ekf,map,-0.509653,-0.65009,-1.92467,0.0294007,0.0515734,-0.00688782,0.198541,,
69.192,ekf_predict_only,map,-0.592806,-0.61753,-1.94316,58.6218,51.7245,-9.22533,,,
69.192,kf,map,-0.506077,-0.660826,-1.92118,0.0292446,0.0596552,-0.0094958,0.106458,,
69.201,amcl,map,-0.490531,-0.692783,-1.99295,0.0341508,0.0300046,-0.000884599,,,
69.192,pf,map,-0.539327,-0.613639,-1.93828,0.0296112,0.043631,-0.00291571,6.81304,529.515,0
69.264,odom,map,-0.494364,-0.687906,-1.93639,0,0,0,,,
69.3,odom,map,-0.494142,-0.687312,-1.92224,0,0,0,,,
69.336,odom,map,-0.494045,-0.687045,-1.90933,0,0,0,,,
69.372,odom,map,-0.494045,-0.687045,-1.89899,0,0,0,,,
69.408,odom,map,-0.494001,-0.687152,-1.89185,0,0,0,,,
69.408,ekf_predict_only,map,-0.592806,-0.61753,-1.92886,58.7218,51.8245,-9.22533,,,
69.408,kf,map,-0.511164,-0.661545,-1.85624,0.0293044,0.0598281,-0.00951787,0.126625,,
69.408,ekf,map,-0.516185,-0.645072,-1.86045,0.0297262,0.0523852,-0.00705028,0.09075,,
69.408,pf,map,-0.53235,-0.611254,-1.87357,0.0268061,0.0387435,-0.00490622,9.70463,536.02,0
69.444,odom,map,-0.493813,-0.687634,-1.88942,0,0,0,,,
69.48,odom,map,-0.493737,-0.688422,-1.88838,0,0,0,,,
69.516,odom,map,-0.493923,-0.689968,-1.88686,0,0,0,,,
69.552,odom,map,-0.494279,-0.692,-1.88454,0,0,0,,,
69.588,odom,map,-0.494989,-0.695086,-1.88185,0,0,0,,,
69.588,ekf_predict_only,map,-0.600413,-0.637859,-1.90475,59.5057,52.033,-9.49826,,,
69.588,kf,map,-0.508126,-0.670608,-1.82793,0.0293084,0.0595914,-0.00959704,0.190208,,
69.624,odom,map,-0.49609,-0.698841,-1.87793,0,0,0,,,
69.588,ekf,map,-0.510841,-0.659897,-1.8317,0.0294601,0.0517112,-0.00700143,0.093792,,
69.588,pf,map,-0.513875,-0.617493,-1.84386,0.028037,0.0482413,-0.00791579,6.03171,473.613,0
69.66,odom,map,-0.497487,-0.703284,-1.87285,0,0,0,,,
69.696,odom,map,-0.498995,-0.708169,-1.86761,0,0,0,,,
69.732,odom,map,-0.500567,-0.713359,-1.8622,0,0,0,,,
69.768,odom,map,-0.50232,-0.719264,-1.85672,0,0,0,,,
69.804,odom,map,-0.504249,-0.725895,-1.8513,0,0,0,,,
69.804,ekf_predict_only,map,-0.614507,-0.678481,-1.87238,61.0098,52.3387,-10.0382,,,
69.804,ekf,map,-0.509189,-0.687063,-1.79535,0.0299725,0.0524735,-0.00747383,0.101041,,
69.804,kf,map,-0.506537,-0.698428,-1.79139,0.0295842,0.0595477,-0.00995209,0.202791,,
69.804,pf,map,-0.539815,-0.631285,-1.81255,0.0284377,0.0432192,-0.00568947,6.55292,485.958,0
69.84,odom,map,-0.506215,-0.732787,-1.8459,0,0,0,,,
69.876,odom,map,-0.508228,-0.739996,-1.84041,0,0,0,,,
69.912,odom,map,-0.510389,-0.747903,-1.83474,0,0,0,,,
69.948,odom,map,-0.512561,-0.756033,-1.82905,0,0,0,,,
69.984,odom,map,-0.514746,-0.764402,-1.82327,0,0,0,,,
70.02,odom,map,-0.516832,-0.773532,-1.81899,0,0,0,,,
69.984,ekf_predict_only,map,-0.628891,-0.724722,-1.8433,62.7692,52.6548,-10.6437,,,
69.984,ekf,map,-0.533945,-0.733051,-1.76993,0.0298787,0.0516545,-0.00767873,0.108208,,
69.984,kf,map,-0.531141,-0.740942,-1.76679,0.0297901,0.0591086,-0.0103173,0.101042,,
69.984,pf,map,-0.577207,-0.679196,-1.80021,0.0262792,0.0433051,-0.00395651,7.50992,525.394,0
70.056,odom,map,-0.518907,-0.783395,-1.81595,0,0,0,,,
70.092,odom,map,-0.521076,-0.7936,-1.81291,0,0,0,,,
70.128,odom,map,-0.523309,-0.804028,-1.80992,0,0,0,,,
70.164,odom,map,-0.52564,-0.814824,-1.80691,0,0,0,,,
70.2,odom,map,-0.528076,-0.826018,-1.80383,0,0,0,,,
70.2,ekf_predict_only,map,-0.647618,-0.791735,-1.80794,65.3897,53.0457,-11.5163,,,
70.2,ekf,map,-0.542162,-0.789677,-1.73278,0.0306056,0.0523921,-0.00843845,0.105542,,
70.2,kf,map,-0.539279,-0.799076,-1.72944,0.0303022,0.0588277,-0.0109553,0.101375,,
70.2,pf,map,-0.587498,-0.739576,-1.75469,0.0314603,0.0499695,-0.00422185,10.3759,512.667,0
70.236,odom,map,-0.530717,-0.837313,-1.79802,0,0,0,,,
70.272,odom,map,-0.533334,-0.848793,-1.79195,0,0,0,,,
70.308,odom,map,-0.535966,-0.860675,-1.78563,0,0,0,,,
70.344,odom,map,-0.538554,-0.87272,-1.77925,0,0,0,,,
70.38,odom,map,-0.541097,-0.884935,-1.77287,0,0,0,,,
70.416,odom,map,-0.543602,-0.897363,-1.76643,0,0,0,,,
70.416,ekf_predict_only,map,-0.665517,-0.865792,-1.76926,68.435,53.4337,-12.4681,,,
70.416,ekf,map,-0.553608,-0.856671,-1.69205,0.0311117,0.0523912,-0.0091133,0.103958,,
70.416,kf,map,-0.549722,-0.86784,-1.68817,0.0308573,0.0582984,-0.0116434,0.179458,,
70.401,amcl,map,-0.537381,-0.88908,-1.76552,0.0407944,0.0283524,-0.0037956,,,
70.416,pf,map,-0.570992,-0.781755,-1.71662,0.025336,0.0602579,-0.0078655,6.98975,507.666,0
70.452,odom,map,-0.546045,-0.909905,-1.76004,0,0,0,,,
70.488,odom,map,-0.54842,-0.922522,-1.75368,0,0,0,,,
70.524,odom,map,-0.55073,-0.935233,-1.74743,0,0,0,,,
70.56,odom,map,-0.552977,-0.948045,-1.74141,0,0,0,,,
70.596,odom,map,-0.555156,-0.960924,-1.73537,0,0,0,,,
70.632,odom,map,-0.557259,-0.973829,-1.72932,0,0,0,,,
70.596,ekf_predict_only,map,-0.678408,-0.92989,-1.73899,71.22,53.7472,-13.2689,,,
70.596,kf,map,-0.556463,-0.928764,-1.66377,0.0313008,0.0575992,-0.0121838,0.185291,,
70.596,ekf,map,-0.559088,-0.921761,-1.66653,0.031138,0.0512688,-0.00939564,0.162291,,
70.596,pf,map,-0.601935,-0.865206,-1.6968,0.0262568,0.0483132,-0.00698287,7.97229,495.686,0
70.668,odom,map,-0.559291,-0.986784,-1.72348,0,0,0,,,
70.704,odom,map,-0.561247,-0.999746,-1.71774,0,0,0,,,
70.74,odom,map,-0.563128,-1.01271,-1.712,0,0,0,,,
70.776,odom,map,-0.564935,-1.02569,-1.70624,0,0,0,,,
70.812,odom,map,-0.566669,-1.03869,-1.70066,0,0,0,,,
70.812,ekf_predict_only,map,-0.691441,-1.00664,-1.70776,74.7017,54.0683,-14.2069,,,
70.812,ekf,map,-0.572859,-1.00001,-1.63237,0.0320638,0.0517012,-0.0102241,0.193417,,
70.812,kf,map,-0.569701,-1.00689,-1.62994,0.0320271,0.0571015,-0.012893,0.119833,,
70.812,pf,map,-0.597299,-0.924307,-1.66294,0.0260185,0.0404871,-0.00365357,7.28471,519.398,0
70.848,odom,map,-0.568317,-1.05157,-1.69542,0,0,0,,,
70.884,odom,map,-0.569897,-1.06445,-1.69022,0,0,0,,,
70.92,odom,map,-0.571398,-1.07724,-1.68505,0,0,0,,,
70.956,odom,map,-0.572812,-1.08984,-1.6801,0,0,0,,,
70.992,odom,map,-0.574154,-1.10235,-1.67526,0,0,0,,,
70.992,kf,map,-0.577342,-1.07034,-1.60748,0.0325182,0.0563783,-0.0133777,0.140083,,
71.028,odom,map,-0.575427,-1.11478,-1.67051,0,0,0,,,
70.992,ekf,map,-0.579714,-1.0655,-1.6093,0.0321759,0.0507095,-0.0104991,0.096875,,
70.992,ekf_predict_only,map,-0.69993,-1.06824,-1.68425,77.647,54.3151,-14.9356,,,
70.992,pf,map,-0.611349,-0.998383,-1.62769,0.0262611,0.0502764,-0.00676093,10.476,501.649,0
71.064,odom,map,-0.576636,-1.12715,-1.66581,0,0,0,,,
71.1,odom,map,-0.577794,-1.1396,-1.66149,0,0,0,,,
71.136,odom,map,-0.578904,-1.15204,-1.65841,0,0,0,,,
71.172,odom,map,-0.579982,-1.16447,-1.65624,0,0,0,,,
71.208,odom,map,-0.580787,-1.17675,-1.6548,0,0,0,,,
71.208,ekf_predict_only,map,-0.708253,-1.14128,-1.68877,81.2737,54.5612,-15.7777,,,
71.208,ekf,map,-0.584573,-1.13446,-1.5894,0.0331672,0.0511188,-0.0112937,0.098084,,
71.208,kf,map,-0.580157,-1.14365,-1.58701,0.0332713,0.0558572,-0.0139958,0.114417,,
71.202,amcl,map,-0.563735,-1.17222,-1.63504,0.0619596,0.0399496,-0.0141253,,,
71.208,pf,map,-0.625355,-1.1018,-1.6047,0.0303405,0.050793,-0.00538197,6.18938,505.011,0
71.244,odom,map,-0.580699,-1.18853,-1.65356,0,0,0,,,
71.28,odom,map,-0.58059,-1.20021,-1.65419,0,0,0,,,
71.316,odom,map,-0.580485,-1.21188,-1.65517,0,0,0,,,
71.352,odom,map,-0.580388,-1.22354,-1.65688,0,0,0,,,
71.388,odom,map,-0.580304,-1.23515,-1.65954,0,0,0,,,
71.424,odom,map,-0.580995,-1.2471,-1.66395,0,0,0,,,
71.388,ekf_predict_only,map,-0.715431,-1.20184,-1.71299,84.4234,54.7889,-16.4973,,,
71.388,kf,map,-0.584135,-1.20523,-1.60534,0.0337718,0.0551249,-0.0143982,0.186959,,
71.388,ekf,map,-0.585706,-1.20229,-1.60633,0.0332608,0.050113,-0.0114819,0.1195,,
71.388,pf,map,-0.611831,-1.16231,-1.6172,0.0313199,0.0439107,-0.0119727,9.47888,546.597,0
71.46,odom,map,-0.582159,-1.25924,-1.6688,0,0,0,,,
71.496,odom,map,-0.583374,-1.27129,-1.674,0,0,0,,,
71.532,odom,map,-0.584653,-1.28328,-1.68045,0,0,0,,,
71.568,odom,map,-0.586015,-1.29526,-1.68748,0,0,0,,,
71.604,odom,map,-0.587448,-1.3071,-1.69515,0,0,0,,,
71.604,kf,map,-0.614962,-1.29061,-1.64813,0.0579194,0.0613782,-0.0023322,0.056375,,
71.604,ekf_predict_only,map,-0.725417,-1.2716,-1.76703,88.178,55.0693,-17.3889,,,
71.604,ekf,map,-0.617688,-1.29205,-1.6471,0.0633259,0.0657063,-0.00196848,0.383333,,
71.604,pf,map,-0.643565,-1.23016,-1.64035,0.0501084,0.0576794,-0.00348074,5.8655,535.596,0
71.64,odom,map,-0.588959,-1.3188,-1.70363,0,0,0,,,
71.676,odom,map,-0.590558,-1.33036,-1.71301,0,0,0,,,
71.712,odom,map,-0.592262,-1.34187,-1.72266,0,0,0,,,
71.748,odom,map,-0.594069,-1.35329,-1.73291,0,0,0,,,
71.784,odom,map,-0.595958,-1.36446,-1.74412,0,0,0,,,
71.784,ekf_predict_only,map,-0.736273,-1.32621,-1.82738,91.2453,55.369,-18.186,,,
71.784,ekf,map,-0.635138,-1.35578,-1.69429,0.0670987,0.0673001,-0.00027847,0.063,,
71.784,kf,map,-0.633192,-1.35447,-1.69574,0.0617062,0.0622067,-0.0003375,0.116792,,
71.82,odom,map,-0.597951,-1.37546,-1.756,0,0,0,,,
71.784,pf,map,-0.659842,-1.29526,-1.66458,0.0558278,0.0678914,0.00197135,4.96058,480.309,0
71.856,odom,map,-0.600067,-1.38639,-1.76806,0,0,0,,,
71.892,odom,map,-0.602298,-1.39721,-1.78044,0,0,0,,,
71.928,odom,map,-0.604617,-1.40776,-1.79388,0,0,0,,,
71.964,odom,map,-0.607072,-1.41825,-1.80753,0,0,0,,,
72,odom,map,-0.609613,-1.42848,-1.82154,0,0,0,,,
72,ekf,map,-0.648979,-1.4223,-1.76958,0.0687296,0.0686821,-3.12005e-05,0.076459,,
72,ekf_predict_only,map,-0.75212,-1.38661,-1.91243,94.7363,55.767,-19.1989,,,
72,kf,map,-0.647813,-1.42137,-1.77099,0.0624584,0.0625288,-4.74769e-05,0.063584,,
72,amcl,map,-0.586537,-1.41828,-1.79022,0.0721982,0.0406246,-0.0159405,,,
72,pf,map,-0.684381,-1.36477,-1.74571,0.0618849,0.0566006,0.00183342,4.76433,477.526,0
72.036,odom,map,-0.609542,-1.43862,-1.83324,0,0,0,,,
72.072,odom,map,-0.609404,-1.44839,-1.8459,0,0,0,,,
72.108,odom,map,-0.609359,-1.45808,-1.85868,0,0,0,,,
72.144,odom,map,-0.609373,-1.46758,-1.87173,0,0,0,,,
72.18,odom,map,-0.609425,-1.47683,-1.8853,0,0,0,,,
72.216,kf,map,-0.663093,-1.47858,-1.86558,0.0625642,0.0625741,-6.65185e-06,0.058,,
72.216,odom,map,-0.61059,-1.48564,-1.90051,0,0,0,,,
72.216,ekf_predict_only,map,-0.770183,-1.43741,-2.01539,97.7773,56.2164,-20.2131,,,
72.216,ekf,map,-0.663823,-1.47933,-1.86431,0.0690111,0.0689523,-8.72055e-07,0.287708,,
72.216,pf,map,-0.695241,-1.41808,-1.85039,0.0612432,0.0606531,0.00327776,4.52475,496.757,0
72.252,odom,map,-0.613572,-1.49412,-1.91768,0,0,0,,,
72.288,odom,map,-0.616647,-1.5024,-1.93499,0,0,0,,,
72.324,odom,map,-0.619684,-1.51017,-1.95283,0,0,0,,,
72.36,odom,map,-0.622707,-1.5175,-1.97117,0,0,0,,,
72.396,odom,map,-0.625805,-1.52463,-1.98971,0,0,0,,,
72.432,odom,map,-0.628901,-1.53142,-2.00848,0,0,0,,,
72.396,ekf_predict_only,map,-0.785918,-1.47044,-2.10952,99.8331,56.6292,-21.0072,,,
72.396,ekf,map,-0.677791,-1.51869,-1.95258,0.0677116,0.0676662,-1.33511e-06,0.060084,,
72.396,kf,map,-0.677306,-1.51806,-1.95351,0.0623783,0.0623797,-9.41461e-07,0.056916,,
72.396,pf,map,-0.721382,-1.46319,-1.93288,0.0628591,0.0631973,0.0018072,6.58117,466.891,0
72.468,odom,map,-0.631895,-1.53766,-2.02767,0,0,0,,,
72.504,odom,map,-0.634764,-1.54336,-2.04709,0,0,0,,,
72.54,odom,map,-0.637678,-1.54888,-2.06654,0,0,0,,,
72.576,odom,map,-0.640535,-1.55404,-2.08637,0,0,0,,,
72.612,odom,map,-0.643283,-1.55878,-2.10652,0,0,0,,,
72.612,ekf_predict_only,map,-0.802315,-1.49787,-2.23083,101.584,57.0635,-21.7802,,,
72.612,kf,map,-0.693199,-1.55262,-2.06966,0.062553,0.0625532,-1.32018e-07,0.065542,,
72.612,ekf,map,-0.6937,-1.55332,-2.06887,0.0686974,0.0686507,-5.05973e-06,0.060833,,
72.6,amcl,map,-0.626062,-1.54106,-2.09313,0.0681648,0.0438024,-0.0172467,,,
72.612,pf,map,-0.745322,-1.49934,-2.05141,0.0651675,0.0557905,0.0013175,10.5828,487.091,0
72.648,odom,map,-0.645965,-1.5632,-2.12689,0,0,0,,,
72.684,odom,map,-0.648654,-1.56742,-2.14737,0,0,0,,,
72.72,odom,map,-0.65132,-1.57143,-2.16779,0,0,0,,,
72.756,odom,map,-0.653851,-1.57508,-2.1883,0,0,0,,,
72.792,odom,map,-0.65622,-1.57835,-2.20897,0,0,0,,,
72.792,ekf,map,-0.706173,-1.57394,-2.17013,0.0676528,0.0676194,-5.64139e-06,0.0625,,
72.792,kf,map,-0.705749,-1.5734,-2.1706,0.0623767,0.0623768,-1.86873e-08,0.056209,,
72.828,odom,map,-0.657217,-1.58012,-2.22774,0,0,0,,,
72.792,ekf_predict_only,map,-0.814224,-1.51322,-2.33439,102.618,57.4116,-22.3024,,,
72.792,pf,map,-0.758115,-1.53404,-2.17003,0.0662446,0.0605822,-0.00212107,13.7432,484.025,0
72.864,odom,map,-0.657576,-1.58111,-2.24579,0,0,0,,,
72.9,odom,map,-0.65779,-1.58182,-2.26385,0,0,0,,,
72.936,odom,map,-0.657841,-1.58224,-2.28202,0,0,0,,,
72.972,odom,map,-0.657878,-1.58255,-2.30025,0,0,0,,,
73.008,odom,map,-0.6583,-1.58316,-2.31895,0,0,0,,,
73.008,ekf,map,-0.718216,-1.58985,-2.29403,0.0687045,0.0686749,-6.7685e-06,0.060583,,
73.008,ekf_predict_only,map,-0.825472,-1.52496,-2.45878,103.438,57.7501,-22.7716,,,
73.008,kf,map,-0.717804,-1.58942,-2.29425,0.0625528,0.0625528,-2.62052e-09,0.062667,,
73.002,amcl,map,-0.654151,-1.58906,-2.30636,0.0625358,0.0347454,-0.0188008,,,
73.008,pf,map,-0.75672,-1.54412,-2.29928,0.0637946,0.0612105,-0.00257092,5.0305,448.487,0
73.044,odom,map,-0.660042,-1.585,-2.3397,0,0,0,,,
73.08,odom,map,-0.661539,-1.58652,-2.36053,0,0,0,,,
73.116,odom,map,-0.663021,-1.58796,-2.38137,0,0,0,,,
73.152,odom,map,-0.664469,-1.58931,-2.40219,0,0,0,,,
73.188,odom,map,-0.665853,-1.59054,-2.42306,0,0,0,,,
73.188,ekf,map,-0.726028,-1.59794,-2.39812,0.0676668,0.067648,-5.1044e-06,0.061291,,
73.224,odom,map,-0.667232,-1.59172,-2.44396,0,0,0,,,
73.188,ekf_predict_only,map,-0.832517,-1.53069,-2.56332,103.89,58.0015,-23.05,,,
73.188,kf,map,-0.725733,-1.59768,-2.39824,0.0623767,0.0623767,-3.70938e-10,0.05925,,
73.188,pf,map,-0.777746,-1.55417,-2.38772,0.0647149,0.0619673,-0.00443159,7.7885,481.655,0
73.26,odom,map,-0.668565,-1.59282,-2.46474,0,0,0,,,
73.296,odom,map,-0.6698,-1.59379,-2.48527,0,0,0,,,
73.332,odom,map,-0.670899,-1.59462,-2.5057,0,0,0,,,
73.368,odom,map,-0.671797,-1.59527,-2.52606,0,0,0,,,
73.404,odom,map,-0.672603,-1.59581,-2.54648,0,0,0,,,
73.404,ekf_predict_only,map,-0.837823,-1.53416,-2.68535,104.204,58.2167,-23.2513,,,
73.404,kf,map,-0.732379,-1.60327,-2.52089,0.0625527,0.0625527,-5.20164e-11,0.114625,,
73.404,ekf,map,-0.732667,-1.60347,-2.52091,0.0687174,0.0687024,-4.67167e-06,0.113875,,
73.401,amcl,map,-0.675668,-1.59347,-2.53884,0.0551408,0.0295407,-0.0159507,,,
73.404,pf,map,-0.769417,-1.5504,-2.51064,0.0647701,0.0657292,-0.000896497,5.37937,468.048,0
73.44,odom,map,-0.672278,-1.59524,-2.56817,0,0,0,,,
73.476,odom,map,-0.671744,-1.59451,-2.58956,0,0,0,,,
73.512,odom,map,-0.671154,-1.59372,-2.61088,0,0,0,,,
73.548,odom,map,-0.670484,-1.59287,-2.63205,0,0,0,,,
73.584,odom,map,-0.669713,-1.59194,-2.65295,0,0,0,,,
73.62,odom,map,-0.669476,-1.59158,-2.6729,0,0,0,,,
73.584,ekf_predict_only,map,-0.838973,-1.53472,-2.78184,104.339,58.3417,-23.293,,,
73.584,kf,map,-0.735141,-1.6051,-2.61922,0.0623767,0.0623767,-7.36299e-12,0.108334,,
73.584,ekf,map,-0.73538,-1.60526,-2.61939,0.0676743,0.0676653,-2.99346e-06,0.098834,,
73.584,pf,map,-0.757476,-1.57108,-2.60254,0.0609309,0.0591001,-0.00206803,9.579,483.792,0
73.656,odom,map,-0.669706,-1.59169,-2.69219,0,0,0,,,
73.692,odom,map,-0.669876,-1.59177,-2.71122,0,0,0,,,
73.728,odom,map,-0.669973,-1.59182,-2.72985,0,0,0,,,
73.764,odom,map,-0.670039,-1.59185,-2.7483,0,0,0,,,
73.8,odom,map,-0.67006,-1.59185,-2.76646,0,0,0,,,
73.8,ekf_predict_only,map,-0.838791,-1.53465,-2.88893,104.435,58.4378,-23.2866,,,
73.8,amcl,map,-0.680361,-1.60913,-2.75272,0.0559479,0.0252816,-0.0159419,,,
73.8,ekf,map,-0.736439,-1.60586,-2.73109,0.0687226,0.0687157,-2.38886e-06,0.12025,,
73.8,kf,map,-0.73624,-1.60574,-2.73061,0.0625527,0.0625527,-1.03251e-12,0.055709,,
73.8,pf,map,-0.778056,-1.55641,-2.70672,0.0556599,0.0661569,-0.0013377,4.95225,473.866,0
73.836,odom,map,-0.670379,-1.59404,-2.78136,0,0,0,,,
73.872,odom,map,-0.670678,-1.59627,-2.79584,0,0,0,,,
73.908,odom,map,-0.670963,-1.59847,-2.81006,0,0,0,,,
73.944,odom,map,-0.671257,-1.60067,-2.8241,0,0,0,,,
73.98,odom,map,-0.671549,-1.60285,-2.83757,0,0,0,,,
74.016,odom,map,-0.671593,-1.60413,-2.85179,0,0,0,,,
74.016,ekf_predict_only,map,-0.837226,-1.53425,-2.98476,104.51,58.5037,-23.2339,,,
74.016,kf,map,-0.735799,-1.60565,-2.83228,0.0625774,0.0625774,-1.44598e-13,0.064625,,
74.016,ekf,map,-0.735965,-1.60575,-2.83302,0.0689651,0.0689605,-1.64665e-06,0.0565,,
74.016,pf,map,-0.785741,-1.54586,-2.78876,0.0608697,0.0637962,0.00186673,4.74692,455.714,0
74.052,odom,map,-0.671334,-1.60406,-2.86776,0,0,0,,,
74.088,odom,map,-0.671087,-1.60399,-2.88336,0,0,0,,,
74.124,odom,map,-0.670742,-1.6039,-2.8984,0,0,0,,,
74.16,odom,map,-0.670291,-1.60379,-2.91284,0,0,0,,,
74.196,odom,map,-0.669833,-1.60369,-2.92722,0,0,0,,,
74.232,odom,map,-0.670735,-1.60225,-2.94147,0,0,0,,,
74.196,ekf_predict_only,map,-0.837226,-1.53425,-3.02786,104.61,58.6037,-23.2339,,,
74.196,ekf,map,-0.735084,-1.60559,-2.89986,0.0676754,0.0676728,-9.4242e-07,0.05825,,
74.196,kf,map,-0.735094,-1.60556,-2.89772,0.0623802,0.0623802,-2.04642e-14,0.062459,,
74.196,pf,map,-0.775798,-1.55274,-2.88339,0.0569327,0.0621964,0.000503051,7.54321,486.412,0
74.268,odom,map,-0.671995,-1.60069,-2.9533,0,0,0,,,
74.304,odom,map,-0.673256,-1.59913,-2.96254,0,0,0,,,
74.34,odom,map,-0.674516,-1.59757,-2.96919,0,0,0,,,
74.376,odom,map,-0.676266,-1.59609,-2.97499,0,0,0,,,
74.412,odom,map,-0.678773,-1.59527,-2.98161,0,0,0,,,
74.412,ekf_predict_only,map,-0.855659,-1.53636,-3.06663,104.84,59.1103,-23.8267,,,
74.412,ekf,map,-0.741752,-1.60713,-2.9549,0.0686588,0.0686575,-8.85168e-07,0.064208,,
74.4,amcl,map,-0.6737,-1.61787,-2.97323,0.0569687,0.0230739,-0.0118907,,,
74.412,kf,map,-0.742755,-1.60742,-2.95266,0.0625532,0.0625532,-2.86961e-15,0.140875,,
74.412,pf,map,-0.772759,-1.55253,-2.94363,0.0676398,0.054918,0.00427789,8.82467,471.76,0
74.448,odom,map,-0.681584,-1.59571,-2.98807,0,0,0,,,
74.484,odom,map,-0.684641,-1.59617,-2.99454,0,0,0,,,
74.52,odom,map,-0.688102,-1.59667,-3.00023,0,0,0,,,
74.556,odom,map,-0.692569,-1.5973,-3.0045,0,0,0,,,
74.592,odom,map,-0.697479,-1.59797,-3.00827,0,0,0,,,
74.628,odom,map,-0.702721,-1.60042,-3.01178,0,0,0,,,
74.592,ekf_predict_only,map,-0.883058,-1.53841,-3.08183,105.067,59.8353,-24.6978,,,
74.592,ekf,map,-0.759606,-1.60994,-2.98287,0.067624,0.0676263,-1.16443e-06,0.123541,,
74.592,kf,map,-0.76068,-1.61029,-2.98104,0.0623768,0.0623768,-4.06196e-16,0.059875,,
74.592,pf,map,-0.806254,-1.56321,-2.9834,0.0685435,0.0643986,0.00269757,6.57592,483.087,0
74.664,odom,map,-0.70887,-1.60365,-3.01401,0,0,0,,,
74.7,odom,map,-0.715739,-1.60696,-3.01566,0,0,0,,,
74.736,odom,map,-0.722611,-1.61025,-3.01732,0,0,0,,,
74.772,odom,map,-0.729752,-1.61357,-3.01888,0,0,0,,,
74.808,odom,map,-0.737332,-1.6164,-3.0201,0,0,0,,,
74.808,ekf_predict_only,map,-0.929309,-1.54118,-3.0881,105.339,61.0463,-26.1637,,,
74.808,ekf,map,-0.797441,-1.61535,-2.99699,0.0686779,0.0686905,-2.85358e-06,0.054042,,
74.808,kf,map,-0.798536,-1.61574,-2.9956,0.0625528,0.0625528,-5.69607e-17,0.063167,,
74.808,pf,map,-0.870151,-1.56514,-3.00448,0.0606116,0.0640736,0.000358493,5.62021,468.256,0
74.844,odom,map,-0.745107,-1.61734,-3.02101,0,0,0,,,
74.88,odom,map,-0.753022,-1.6183,-3.02178,0,0,0,,,
74.916,odom,map,-0.761193,-1.61928,-3.02258,0,0,0,,,
74.952,odom,map,-0.769672,-1.62029,-3.02346,0,0,0,,,
74.988,odom,map,-0.778312,-1.62131,-3.02438,0,0,0,,,
75.024,odom,map,-0.787162,-1.62235,-3.02539,0,0,0,,,
74.988,ekf_predict_only,map,-0.974623,-1.54361,-3.09333,105.589,62.3029,-27.6003,,,
74.988,ekf,map,-0.837172,-1.62078,-3.004,0.0676496,0.0676715,-4.01024e-06,0.057458,,
74.988,kf,map,-0.837982,-1.62105,-3.00334,0.0623767,0.0623767,-8.06286e-18,0.0615,,
74.988,pf,map,-0.869431,-1.57559,-3.00416,0.0609535,0.0608755,0.000887377,7.62937,446.745,0
75.06,odom,map,-0.796368,-1.62342,-3.02647,0,0,0,,,
75.096,odom,map,-0.805869,-1.62451,-3.02783,0,0,0,,,
75.132,odom,map,-0.815657,-1.62562,-3.0296,0,0,0,,,
75.168,odom,map,-0.825478,-1.62671,-3.0314,0,0,0,,,
75.204,odom,map,-0.835503,-1.62792,-3.03304,0,0,0,,,
75.204,ekf_predict_only,map,-1.03599,-1.54657,-3.10347,105.873,64.0772,-29.5469,,,
75.204,ekf,map,-0.893752,-1.62832,-3.01376,0.0687037,0.0687482,-7.20686e-06,0.22575,,
75.204,kf,map,-0.894437,-1.62851,-3.01355,0.0625527,0.0625527,-1.13065e-18,0.080083,,
75.204,pf,map,-0.948243,-1.58851,-2.989,0.0651139,0.0581927,0.00114939,6.47175,491.053,0
75.24,odom,map,-0.844815,-1.63091,-3.0339,0,0,0,,,
75.276,odom,map,-0.854219,-1.63391,-3.03492,0,0,0,,,
75.312,odom,map,-0.863804,-1.63692,-3.03624,0,0,0,,,
75.348,odom,map,-0.873865,-1.63998,-3.03807,0,0,0,,,
75.384,odom,map,-0.884238,-1.64306,-3.04034,0,0,0,,,
75.42,odom,map,-0.895259,-1.64506,-3.04341,0,0,0,,,
75.384,ekf,map,-0.947441,-1.63493,-3.02843,0.0676664,0.0677203,-8.09829e-06,0.060667,,
75.384,kf,map,-0.947982,-1.63503,-3.02861,0.0623767,0.0623767,-1.60045e-19,0.055542,,
75.384,ekf_predict_only,map,-1.09369,-1.54877,-3.12147,106.11,65.8653,-31.3739,,,
75.384,pf,map,-0.978365,-1.58241,-3.00851,0.0646875,0.06238,0.00313975,5.58633,487.858,0
75.456,odom,map,-0.906866,-1.64619,-3.04723,0,0,0,,,
75.492,odom,map,-0.918529,-1.64726,-3.05202,0,0,0,,,
75.528,odom,map,-0.930216,-1.64828,-3.05734,0,0,0,,,
75.564,odom,map,-0.941921,-1.64924,-3.06281,0,0,0,,,
75.6,odom,map,-0.953753,-1.65014,-3.0685,0,0,0,,,
75.6,ekf_predict_only,map,-1.16516,-1.55021,3.12707,106.3,68.2096,-33.622,,,
75.6,ekf,map,-1.01651,-1.64213,-3.0579,0.0687172,0.0688024,-1.17903e-05,0.07225,,
75.6,kf,map,-1.0169,-1.64219,-3.05843,0.0625527,0.0625527,-2.24431e-20,0.071875,,
75.6,amcl,map,-0.949544,-1.64015,-3.07062,0.0659381,0.0331966,-0.019439,,,
75.6,pf,map,-1.08002,-1.57438,-3.02121,0.0563707,0.0561802,-0.000774341,5.20613,456.893,0
75.636,odom,map,-0.96565,-1.65097,-3.07456,0,0,0,,,
75.672,odom,map,-0.977609,-1.65174,-3.08122,0,0,0,,,
75.708,odom,map,-0.989622,-1.65242,-3.08844,0,0,0,,,
75.744,odom,map,-1.00164,-1.65302,-3.09566,0,0,0,,,
75.78,odom,map,-1.01371,-1.65352,-3.10375,0,0,0,,,
75.816,odom,map,-1.02578,-1.65393,-3.11216,0,0,0,,,
75.816,kf,map,-1.08818,-1.64706,-3.10283,0.0625774,0.0625774,-3.14304e-21,0.06175,,
75.816,ekf_predict_only,map,-1.23764,-1.54916,3.07659,106.334,70.7589,-35.861,,,
75.816,ekf,map,-1.08795,-1.64701,-3.10206,0.068962,0.0690661,-1.29534e-05,0.100084,,
75.816,pf,map,-1.14829,-1.60461,-3.08036,0.0669598,0.0643511,0.00323153,7.4745,477.127,0
75.852,odom,map,-1.03786,-1.65423,-3.12058,0,0,0,,,
75.888,odom,map,-1.05001,-1.65444,-3.12898,0,0,0,,,
75.924,odom,map,-1.06216,-1.65454,-3.1377,0,0,0,,,
75.96,odom,map,-1.07429,-1.65453,3.13656,0,0,0,,,
75.996,odom,map,-1.08613,-1.65442,3.12726,0,0,0,,,
76.032,odom,map,-1.09765,-1.6542,3.11768,0,0,0,,,
75.996,ekf,map,-1.14715,-1.64823,3.13796,0.0676739,0.0677699,-1.01959e-05,0.059458,,
75.996,ekf_predict_only,map,-1.29511,-1.54542,3.0287,106.202,72.9257,-37.5809,,,
75.996,kf,map,-1.14711,-1.64827,3.13731,0.0623802,0.0623802,-4.44819e-22,0.056167,,
75.996,pf,map,-1.21091,-1.63173,3.13523,0.0591247,0.0627098,-0.00301351,6.03538,484.062,0
76.068,odom,map,-1.10916,-1.65387,3.1081,0,0,0,,,
76.104,odom,map,-1.12069,-1.65343,3.09865,0,0,0,,,
76.14,odom,map,-1.13214,-1.65288,3.08906,0,0,0,,,
76.176,odom,map,-1.14358,-1.65222,3.0794,0,0,0,,,
76.212,ekf,map,-1.2167,-1.64634,3.08198,0.0686577,0.0687794,-9.63261e-06,0.099792,,
76.212,odom,map,-1.15507,-1.65145,3.06979,0,0,0,,,
76.212,ekf_predict_only,map,-1.36374,-1.53763,2.97104,105.819,75.6391,-39.5607,,,
76.212,kf,map,-1.21664,-1.64647,3.08159,0.0625532,0.0625532,-6.23751e-23,0.056958,,
76.212,pf,map,-1.26511,-1.60864,3.07697,0.0613491,0.0619808,-0.000944344,4.95704,487.905,0
76.248,odom,map,-1.16647,-1.65058,3.05956,0,0,0,,,
76.284,odom,map,-1.17784,-1.64958,3.04848,0,0,0,,,
76.32,odom,map,-1.18919,-1.64846,3.03741,0,0,0,,,
76.356,odom,map,-1.20057,-1.6472,3.02601,0,0,0,,,
76.392,odom,map,-1.21203,-1.6458,3.01334,0,0,0,,,
76.392,ekf_predict_only,map,-1.42084,-1.5278,2.90499,105.312,78.0338,-41.1249,,,
76.392,ekf,map,-1.27414,-1.64145,3.02294,0.0676233,0.0677317,-5.41303e-06,0.109541,,
76.428,odom,map,-1.22294,-1.64286,3.00002,0,0,0,,,
76.392,kf,map,-1.27414,-1.64154,3.02226,0.0623768,0.0623768,-8.82925e-24,0.056167,,
76.401,amcl,map,-1.2149,-1.64926,3.02311,0.0714368,0.0557537,-0.0325228,,,
76.392,pf,map,-1.32712,-1.59519,3.0294,0.0636463,0.0612643,-0.00141896,9.25662,480.373,0
76.464,odom,map,-1.23358,-1.63923,2.9862,0,0,0,,,
76.5,odom,map,-1.24418,-1.63544,2.97229,0,0,0,,,
76.536,odom,map,-1.25473,-1.63149,2.95821,0,0,0,,,
76.572,odom,map,-1.26523,-1.62738,2.94378,0,0,0,,,
76.608,odom,map,-1.27587,-1.62354,2.9292,0,0,0,,,
76.608,ekf_predict_only,map,-1.4878,-1.51166,2.81929,104.423,80.9647,-42.835,,,
76.608,kf,map,-1.34231,-1.63123,2.94139,0.0625528,0.0625528,-1.23812e-24,0.057125,,
76.608,ekf,map,-1.34229,-1.63106,2.94206,0.0686772,0.0688082,-1.23667e-06,0.059833,,
76.608,pf,map,-1.38414,-1.57211,2.94881,0.0639892,0.0652498,0.000515384,6.51996,479.916,0
76.644,odom,map,-1.28712,-1.62102,2.91482,0,0,0,,,
76.68,odom,map,-1.29834,-1.61835,2.90009,0,0,0,,,
76.716,odom,map,-1.30952,-1.61551,2.8853,0,0,0,,,
76.752,odom,map,-1.32066,-1.6125,2.8705,0,0,0,,,
76.788,odom,map,-1.33164,-1.60936,2.85574,0,0,0,,,
76.824,odom,map,-1.34252,-1.60608,2.841,0,0,0,,,
76.788,ekf_predict_only,map,-1.5417,-1.49366,2.74559,103.43,83.4534,-44.0718,,,
76.788,ekf,map,-1.3981,-1.61767,2.87002,0.0676495,0.0677614,3.67728e-06,0.060792,,
76.788,kf,map,-1.39809,-1.61787,2.86964,0.0623767,0.0623767,-1.75258e-25,0.062417,,
76.788,pf,map,-1.47319,-1.55767,2.88033,0.0595579,0.0626026,-0.00252513,7.92642,484.259,0
76.86,odom,map,-1.35321,-1.60268,2.82609,0,0,0,,,
76.896,odom,map,-1.3638,-1.59913,2.81114,0,0,0,,,
76.932,odom,map,-1.37424,-1.59546,2.79619,0,0,0,,,
76.968,odom,map,-1.38457,-1.59166,2.78121,0,0,0,,,
77.004,odom,map,-1.39464,-1.58778,2.76624,0,0,0,,,
77.004,ekf_predict_only,map,-1.59966,-1.46942,2.65578,102.077,86.2319,-45.25,,,
77.004,ekf,map,-1.46058,-1.59751,2.78095,0.0687048,0.0688312,1.11015e-05,0.059208,,
77.004,kf,map,-1.4604,-1.59787,2.78076,0.0625527,0.0625527,-2.45763e-26,0.056666,,
77.001,amcl,map,-1.38647,-1.62303,2.79968,0.0666808,0.0707845,-0.0378616,,,
77.004,pf,map,-1.53749,-1.54213,2.77464,0.0611525,0.06919,-9.01047e-05,7.00892,474.072,0
77.04,odom,map,-1.40435,-1.58387,2.75127,0,0,0,,,
77.076,odom,map,-1.414,-1.57981,2.7363,0,0,0,,,
77.112,odom,map,-1.42332,-1.57573,2.72147,0,0,0,,,
77.148,odom,map,-1.4324,-1.57159,2.70668,0,0,0,,,
77.184,odom,map,-1.44129,-1.56739,2.69199,0,0,0,,,
77.22,odom,map,-1.45051,-1.56491,2.67888,0,0,0,,,
77.184,ekf_predict_only,map,-1.64254,-1.44678,2.58268,100.837,88.3869,-45.9762,,,
77.184,ekf,map,-1.50762,-1.57763,2.70732,0.0676687,0.0677686,1.40331e-05,0.057,,
77.184,kf,map,-1.50742,-1.57798,2.7073,0.0623767,0.0623767,-3.47881e-27,0.064166,,
77.184,pf,map,-1.5812,-1.50473,2.72261,0.0559728,0.059925,0.00120306,8.83996,468.578,0
77.256,odom,map,-1.45995,-1.56386,2.66697,0,0,0,,,
77.292,odom,map,-1.46904,-1.5629,2.65516,0,0,0,,,
77.328,odom,map,-1.47794,-1.56193,2.64342,0,0,0,,,
77.364,odom,map,-1.48673,-1.56092,2.63177,0,0,0,,,
77.4,odom,map,-1.4952,-1.56,2.62026,0,0,0,,,
77.4,ekf_predict_only,map,-1.68328,-1.4213,2.49876,99.45,90.4977,-46.5363,,,
77.4,kf,map,-1.55485,-1.55361,2.62144,0.0625527,0.0625527,-4.87832e-28,0.059208,,
77.4,ekf,map,-1.55528,-1.55307,2.62124,0.0687219,0.0688229,2.06464e-05,0.061958,,
77.4,pf,map,-1.62293,-1.50044,2.63806,0.0626277,0.0611459,0.00594405,8.34829,465.001,0
77.436,odom,map,-1.5024,-1.5559,2.60626,0,0,0,,,
77.472,odom,map,-1.50926,-1.55177,2.59227,0,0,0,,,
77.508,odom,map,-1.51607,-1.54754,2.57828,0,0,0,,,
77.544,odom,map,-1.52262,-1.54334,2.56448,0,0,0,,,
77.58,odom,map,-1.52874,-1.53929,2.55092,0,0,0,,,
77.616,odom,map,-1.53445,-1.53541,2.53746,0,0,0,,,
77.616,kf,map,-1.59428,-1.5289,2.53864,0.0625774,0.0625774,-6.83184e-29,0.179166,,
77.616,ekf_predict_only,map,-1.71644,-1.39646,2.41801,98.1218,92.2763,-46.8612,,,
77.616,ekf,map,-1.59476,-1.52829,2.53836,0.0689685,0.0690524,2.24538e-05,0.8805,,
77.601,amcl,map,-1.51505,-1.55047,2.53698,0.0654583,0.0764013,-0.0419576,,,
77.616,pf,map,-1.66669,-1.47306,2.54624,0.0624746,0.0700725,0.00103923,6.87125,453.361,0
77.652,odom,map,-1.54011,-1.53145,2.52401,0,0,0,,,
77.688,odom,map,-1.54551,-1.52756,2.51077,0,0,0,,,
77.724,odom,map,-1.55049,-1.52387,2.49772,0,0,0,,,
77.76,odom,map,-1.55542,-1.52012,2.48467,0,0,0,,,
77.796,odom,map,-1.55993,-1.5166,2.47221,0,0,0,,,
77.796,ekf_predict_only,map,-1.73625,-1.37897,2.35686,97.2285,93.3967,-46.9727,,,
77.796,ekf,map,-1.62011,-1.50945,2.47378,0.0676801,0.067735,1.79897e-05,0.062834,,
77.796,kf,map,-1.61966,-1.51,2.47416,0.0623802,0.0623802,-9.66877e-30,0.102125,,
77.832,odom,map,-1.56234,-1.5166,2.4627,0,0,0,,,
77.796,pf,map,-1.67686,-1.44329,2.48654,0.0637104,0.0624638,-0.00304188,10.2658,469.94,0
77.868,odom,map,-1.56434,-1.51712,2.45375,0,0,0,,,
77.904,odom,map,-1.56604,-1.51784,2.44499,0,0,0,,,
77.94,odom,map,-1.56772,-1.51854,2.43623,0,0,0,,,
77.976,odom,map,-1.56925,-1.51932,2.42785,0,0,0,,,
78.012,odom,map,-1.57046,-1.51972,2.42086,0,0,0,,,
78.012,ekf_predict_only,map,-1.73625,-1.37897,2.35511,97.3285,93.4967,-46.9727,,,
78.012,kf,map,-1.63415,-1.4974,2.42946,0.0625532,0.0625532,-1.35581e-30,0.062083,,
78.012,ekf,map,-1.63565,-1.49594,2.42515,0.0686641,0.0687092,1.66515e-05,0.113583,,
78.012,pf,map,-1.6908,-1.43408,2.42423,0.0643858,0.0654322,0.00201452,5.36704,485.533,0
78.048,odom,map,-1.57198,-1.51837,2.41434,0,0,0,,,
78.084,odom,map,-1.57253,-1.51788,2.41041,0,0,0,,,
78.12,odom,map,-1.57253,-1.51788,2.40908,0,0,0,,,
78.156,odom,map,-1.57253,-1.51788,2.40908,0,0,0,,,
78.192,odom,map,-1.57253,-1.51788,2.40908,0,0,0,,,
78.192,ekf_predict_only,map,-1.73625,-1.37897,2.35511,97.4285,93.5967,-46.9727,,,
78.192,ekf,map,-1.64188,-1.49056,2.40271,0.0676275,0.067655,1.06338e-05,0.156125,,
78.192,pf,map,-1.71872,-1.44795,2.39851,0.0681736,0.066197,-0.00137205,4.66838,463.293,0
78.228,odom,map,-1.57253,-1.51788,2.40908,0,0,0,,,
78.192,kf,map,-1.64083,-1.49153,2.40607,0.0623768,0.0623768,-1.91916e-31,0.106,,
78.264,odom,map,-1.57277,-1.51766,2.40885,0,0,0,,,
78.3,odom,map,-1.57369,-1.51684,2.40841,0,0,0,,,
78.336,odom,map,-1.57492,-1.51572,2.40792,0,0,0,,,
78.372,odom,map,-1.57633,-1.51446,2.40715,0,0,0,,,
78.408,odom,map,-1.57797,-1.51242,2.40477,0,0,0,,,
78.408,kf,map,-1.65188,-1.4815,2.39131,0.0625528,0.0625528,-2.69123e-32,0.056167,,
78.408,ekf_predict_only,map,-1.74898,-1.36621,2.34493,96.8105,94.3601,-46.9985,,,
78.408,ekf,map,-1.65197,-1.48138,2.38981,0.0686808,0.0687022,8.91359e-06,0.111542,,
78.408,pf,map,-1.71284,-1.44863,2.40586,0.0689648,0.067377,-0.0030194,4.61862,456.899,0
78.444,odom,map,-1.57904,-1.50889,2.3986,0,0,0,,,
78.48,odom,map,-1.58018,-1.50525,2.39221,0,0,0,,,
78.516,odom,map,-1.58128,-1.50159,2.38555,0,0,0,,,
78.552,odom,map,-1.5823,-1.49794,2.37695,0,0,0,,,
78.588,odom,map,-1.58317,-1.49437,2.36682,0,0,0,,,
78.624,odom,map,-1.58479,-1.49176,2.35905,0,0,0,,,
78.588,ekf,map,-1.66222,-1.47169,2.36718,0.0676517,0.0676645,6.09326e-06,0.059166,,
78.588,ekf_predict_only,map,-1.75924,-1.35571,2.31355,96.3245,94.9985,-47.0097,,,
78.588,kf,map,-1.66222,-1.4717,2.36706,0.0623767,0.0623767,-3.80947e-33,0.056125,,
78.588,pf,map,-1.74835,-1.41397,2.39143,0.0610744,0.0580793,-0.000839699,5.77833,478.311,0
78.66,odom,map,-1.58684,-1.48971,2.35213,0,0,0,,,
78.696,odom,map,-1.58885,-1.48767,2.34341,0,0,0,,,
78.732,odom,map,-1.59084,-1.4856,2.33404,0,0,0,,,
78.768,odom,map,-1.59286,-1.48347,2.32434,0,0,0,,,
78.804,odom,map,-1.59518,-1.48098,2.31357,0,0,0,,,
78.804,ekf,map,-1.6761,-1.45779,2.31222,0.0687065,0.0687164,6.49076e-06,0.059,,
78.804,kf,map,-1.67635,-1.4575,2.31073,0.0625527,0.0625527,-5.34201e-34,0.06175,,
78.804,ekf_predict_only,map,-1.77549,-1.33802,2.2424,95.4449,95.9586,-46.9909,,,
78.801,amcl,map,-1.62092,-1.46678,2.29082,0.0473532,0.0683303,-0.035099,,,
78.804,pf,map,-1.74331,-1.4217,2.33686,0.0656432,0.0676491,-0.000920213,5.15258,486.536,0
78.84,odom,map,-1.59777,-1.47812,2.30194,0,0,0,,,
78.876,odom,map,-1.60043,-1.47512,2.29008,0,0,0,,,
78.912,odom,map,-1.60313,-1.472,2.27803,0,0,0,,,
78.948,odom,map,-1.6061,-1.46848,2.26508,0,0,0,,,
78.984,odom,map,-1.60928,-1.4646,2.25137,0,0,0,,,
78.984,kf,map,-1.69061,-1.44115,2.25142,0.0623767,0.0623767,-7.56169e-35,0.06125,,
79.02,odom,map,-1.61249,-1.46058,2.23752,0,0,0,,,
78.984,ekf_predict_only,map,-1.79151,-1.31786,2.17317,94.442,96.9162,-46.8898,,,
78.984,ekf,map,-1.6903,-1.44151,2.25274,0.0676699,0.0676756,6.1583e-06,0.0625,,
78.984,pf,map,-1.7606,-1.39963,2.26907,0.067272,0.0627297,-0.00304161,13.093,453.945,0
79.056,odom,map,-1.61579,-1.45633,2.22334,0,0,0,,,
79.092,odom,map,-1.61935,-1.4516,2.20862,0,0,0,,,
79.128,odom,map,-1.62305,-1.44653,2.19374,0,0,0,,,
79.164,odom,map,-1.62681,-1.4412,2.17878,0,0,0,,,
79.2,odom,map,-1.63095,-1.43516,2.16341,0,0,0,,,
79.2,kf,map,-1.71461,-1.40962,2.16454,0.0625527,0.0625527,-1.06037e-35,0.059459,,
79.2,ekf_predict_only,map,-1.81918,-1.27763,2.07812,92.3839,98.5175,-46.5401,,,
79.2,ekf,map,-1.71391,-1.41041,2.16576,0.0687266,0.0687291,1.11554e-05,0.066084,,
79.2,pf,map,-1.78386,-1.35632,2.17313,0.0682975,0.0617781,-0.00136318,6.25767,466.553,0
79.236,odom,map,-1.6353,-1.42858,2.14767,0,0,0,,,
79.272,odom,map,-1.63969,-1.42172,2.13183,0,0,0,,,
79.308,odom,map,-1.64413,-1.41453,2.11569,0,0,0,,,
79.344,odom,map,-1.64859,-1.40702,2.09958,0,0,0,,,
79.38,odom,map,-1.65305,-1.39925,2.08353,0,0,0,,,
79.416,odom,map,-1.65743,-1.39132,2.0675,0,0,0,,,
79.416,ekf_predict_only,map,-1.84558,-1.23013,1.9819,90.0093,100.075,-45.9166,,,
79.416,kf,map,-1.7402,-1.36783,2.07158,0.0625774,0.0625774,-1.485e-36,0.057209,,
79.401,amcl,map,-1.66898,-1.38865,2.05778,0.0329905,0.0652292,-0.0278596,,,
79.416,ekf,map,-1.73953,-1.36843,2.07228,0.0689807,0.0689769,1.72669e-05,2.056,,
79.416,pf,map,-1.81522,-1.30874,2.08564,0.0640692,0.0644119,-0.00377992,4.94963,478.817,0
79.452,odom,map,-1.66178,-1.38315,2.0517,0,0,0,,,
79.488,odom,map,-1.6662,-1.37451,2.03635,0,0,0,,,
79.524,odom,map,-1.67054,-1.36569,2.02107,0,0,0,,,
79.56,odom,map,-1.67484,-1.35664,2.0058,0,0,0,,,
79.596,odom,map,-1.6792,-1.34706,1.99083,0,0,0,,,
79.596,ekf_predict_only,map,-1.86767,-1.17945,1.90952,87.5558,101.414,-45.052,,,
79.632,odom,map,-1.68715,-1.33447,1.97244,0,0,0,,,
79.596,kf,map,-1.76214,-1.32327,1.99773,0.0623802,0.0623802,-2.10164e-37,0.09375,,
79.596,ekf,map,-1.76153,-1.32379,1.99783,0.0677011,0.0676889,2.04437e-05,0.060084,,
79.596,pf,map,-1.78873,-1.2907,2.01387,0.0622632,0.0621985,4.81561e-05,12.5364,456.15,0
79.668,odom,map,-1.69538,-1.32132,1.95373,0,0,0,,,
79.704,odom,map,-1.7035,-1.30775,1.93558,0,0,0,,,
79.74,odom,map,-1.71152,-1.29373,1.91788,0,0,0,,,
79.776,odom,map,-1.71938,-1.27937,1.90049,0,0,0,,,
79.812,odom,map,-1.72585,-1.26581,1.88448,0,0,0,,,
79.812,ekf_predict_only,map,-1.89213,-1.11002,1.83473,84.3055,102.906,-43.6671,,,
79.812,ekf,map,-1.78726,-1.25999,1.91692,0.0687115,0.0686785,3.3198e-05,0.105708,,
79.812,kf,map,-1.78797,-1.25954,1.91745,0.0625532,0.0625532,-2.94705e-38,0.063542,,
79.812,pf,map,-1.8361,-1.22485,1.93489,0.0653489,0.0588537,-5.45346e-05,4.84679,475.124,0
79.848,odom,map,-1.72954,-1.25418,1.87182,0,0,0,,,
79.884,odom,map,-1.73314,-1.24235,1.85971,0,0,0,,,
79.92,odom,map,-1.73664,-1.23031,1.84804,0,0,0,,,
79.956,odom,map,-1.74003,-1.21811,1.83652,0,0,0,,,
79.992,odom,map,-1.7433,-1.20582,1.82539,0,0,0,,,
80.028,odom,map,-1.74647,-1.19339,1.81507,0,0,0,,,
79.992,ekf,map,-1.80583,-1.2012,1.85862,0.0676876,0.0676419,3.39013e-05,0.058208,,
79.992,ekf_predict_only,map,-1.9089,-1.04798,1.78388,81.5559,103.972,-42.2646,,,
79.992,kf,map,-1.80644,-1.20094,1.85941,0.0623768,0.0623768,-4.17157e-39,3.28546,,
79.992,pf,map,-1.87971,-1.16772,1.86668,0.0620757,0.0576859,0.00240331,8.46442,480.353,0
80.001,amcl,map,-1.73634,-1.21966,1.82578,0.0286657,0.0685215,-0.0279713,,,
80.064,odom,map,-1.74954,-1.18081,1.80494,0,0,0,,,
80.1,odom,map,-1.75248,-1.16817,1.79482,0,0,0,,,
80.136,odom,map,-1.75533,-1.1554,1.78522,0,0,0,,,
80.172,odom,map,-1.75808,-1.14247,1.77648,0,0,0,,,
80.208,odom,map,-1.76039,-1.12991,1.7683,0,0,0,,,
80.208,ekf_predict_only,map,-1.9257,-0.970303,1.73306,78.2809,105.051,-40.3686,,,
80.208,kf,map,-1.82596,-1.12571,1.80176,0.0625528,0.0625528,-5.84978e-40,0.061833,,
80.208,ekf,map,-1.82535,-1.12585,1.80084,0.0687775,0.0686982,4.46124e-05,0.132167,,
80.208,pf,map,-1.91037,-1.07869,1.80387,0.0624509,0.057027,0.00379531,5.35958,489.702,0
80.244,odom,map,-1.7614,-1.11875,1.7615,0,0,0,,,
80.28,odom,map,-1.76232,-1.10767,1.75521,0,0,0,,,
80.316,odom,map,-1.76317,-1.09668,1.74948,0,0,0,,,
80.352,odom,map,-1.76396,-1.08569,1.74398,0,0,0,,,
80.388,odom,map,-1.76467,-1.07482,1.73904,0,0,0,,,
80.388,ekf_predict_only,map,-1.93592,-0.907864,1.70775,75.8235,105.751,-38.7453,,,
80.424,odom,map,-1.76624,-1.06292,1.73399,0,0,0,,,
80.388,kf,map,-1.8387,-1.06288,1.7674,0.0623767,0.0623767,-8.28043e-41,0.113125,,
80.388,ekf,map,-1.83823,-1.06279,1.76633,0.0677489,0.067665,3.85401e-05,0.059709,,
80.388,pf,map,-1.90454,-1.02486,1.75628,0.0596791,0.0627674,-0.000291809,7.65808,504.453,0
80.46,odom,map,-1.76825,-1.05059,1.72914,0,0,0,,,
80.496,odom,map,-1.77018,-1.03826,1.72431,0,0,0,,,
80.532,odom,map,-1.77203,-1.02613,1.72006,0,0,0,,,
80.568,odom,map,-1.77379,-1.0143,1.71657,0,0,0,,,
80.604,odom,map,-1.77549,-1.00262,1.71356,0,0,0,,,
80.604,ekf,map,-1.85092,-0.990752,1.74021,0.0688315,0.0687182,4.25199e-05,0.059584,,
80.604,ekf_predict_only,map,-1.94556,-0.837922,1.69093,73.2241,106.42,-36.8661,,,
80.604,kf,map,-1.85132,-0.991062,1.74145,0.0625527,0.0625527,-1.16116e-41,2.52979,,
80.604,pf,map,-1.9068,-0.93346,1.74009,0.0681458,0.0652911,0.00163658,4.93262,482.968,0
80.64,odom,map,-1.77714,-0.990968,1.71076,0,0,0,,,
80.676,odom,map,-1.77874,-0.979578,1.70864,0,0,0,,,
80.712,odom,map,-1.78029,-0.96828,1.70717,0,0,0,,,
80.748,odom,map,-1.78184,-0.956979,1.70578,0,0,0,,,
80.784,odom,map,-1.78335,-0.945782,1.70459,0,0,0,,,
80.784,ekf,map,-1.85982,-0.934003,1.73098,0.0677774,0.0676761,3.26757e-05,0.070458,,
80.82,odom,map,-1.78485,-0.935423,1.70362,0,0,0,,,
80.784,ekf_predict_only,map,-1.95217,-0.783187,1.68998,71.3336,106.912,-35.362,,,
80.784,kf,map,-1.86011,-0.934326,1.73209,0.0623767,0.0623767,-1.64364e-42,0.053917,,
80.802,amcl,map,-1.80075,-0.963771,1.72191,0.0232063,0.0733574,-0.021965,,,
80.784,pf,map,-1.90909,-0.879739,1.73747,0.0625113,0.0602954,-0.00160307,6.55367,472.028,0
80.856,odom,map,-1.78633,-0.925859,1.70312,0,0,0,,,
80.892,odom,map,-1.78779,-0.91633,1.7027,0,0,0,,,
80.928,odom,map,-1.78923,-0.906767,1.70166,0,0,0,,,
80.964,odom,map,-1.79067,-0.897032,1.69938,0,0,0,,,
81,odom,map,-1.79209,-0.88723,1.6969,0,0,0,,,
81,ekf_predict_only,map,-1.96003,-0.71754,1.67495,69.1882,107.481,-33.54,,,
81,kf,map,-1.87021,-0.868511,1.72115,0.0625527,0.0625527,-2.30487e-43,0.054292,,
81,ekf,map,-1.8701,-0.86836,1.7212,0.0688464,0.0687254,3.32344e-05,0.061958,,
81,pf,map,-1.9573,-0.814024,1.7325,0.0651265,0.0561332,0.00287275,6.70613,468.254,0
81.036,odom,map,-1.79346,-0.876326,1.6946,0,0,0,,,
81.072,odom,map,-1.79481,-0.865388,1.69136,0,0,0,,,
81.108,odom,map,-1.79611,-0.854483,1.68713,0,0,0,,,
81.144,odom,map,-1.79735,-0.843599,1.68262,0,0,0,,,
81.18,odom,map,-1.79855,-0.832658,1.67755,0,0,0,,,
81.216,ekf,map,-1.87952,-0.803465,1.69318,0.06909,0.0689682,2.92916e-05,0.063792,,
81.216,kf,map,-1.87948,-0.803594,1.69217,0.0625774,0.0625774,-3.22786e-44,0.065334,,
81.216,odom,map,-1.79968,-0.821878,1.67132,0,0,0,,,
81.216,ekf_predict_only,map,-1.96676,-0.653202,1.63619,67.2381,107.983,-31.7212,,,
81.216,pf,map,-1.97277,-0.743444,1.71836,0.0639624,0.0594813,-0.0044857,4.80112,481.448,0
81.252,odom,map,-1.80072,-0.811148,1.66486,0,0,0,,,
81.288,odom,map,-1.8017,-0.800473,1.65825,0,0,0,,,
81.324,odom,map,-1.80258,-0.78995,1.65075,0,0,0,,,
81.36,odom,map,-1.80338,-0.779491,1.64234,0,0,0,,,
81.396,odom,map,-1.80408,-0.769051,1.63365,0,0,0,,,
81.396,ekf,map,-1.88538,-0.751128,1.65507,0.0677765,0.0676778,2.1061e-05,0.108958,,
81.396,kf,map,-1.88528,-0.75129,1.65383,0.0623802,0.0623802,-4.56822e-45,0.060542,,
81.432,odom,map,-1.80468,-0.758755,1.62441,0,0,0,,,
81.396,ekf_predict_only,map,-1.9701,-0.602225,1.58701,65.8198,108.284,-30.2403,,,
81.396,pf,map,-1.96677,-0.69398,1.68727,0.0631928,0.0669283,0.00390883,8.04879,490.231,0
81.468,odom,map,-1.80517,-0.748658,1.61407,0,0,0,,,
81.504,odom,map,-1.80555,-0.738725,1.60297,0,0,0,,,
81.54,odom,map,-1.80581,-0.728864,1.59149,0,0,0,,,
81.576,odom,map,-1.80595,-0.719188,1.5796,0,0,0,,,
81.612,odom,map,-1.80715,-0.710807,1.5679,0,0,0,,,
81.612,ekf_predict_only,map,-1.971,-0.546511,1.50764,64.3679,108.438,-28.578,,,
81.612,ekf,map,-1.88912,-0.692585,1.58785,0.0687714,0.0686611,2.02476e-05,0.059625,,
81.612,kf,map,-1.88904,-0.692903,1.58632,0.0625532,0.0625532,-6.40583e-46,0.052583,,
81.612,pf,map,-1.94614,-0.633626,1.60718,0.0665121,0.0581895,0.00272189,12.3363,457.553,0
81.648,odom,map,-1.81095,-0.704678,1.55859,0,0,0,,,
81.684,odom,map,-1.81471,-0.698672,1.54888,0,0,0,,,
81.72,odom,map,-1.81841,-0.692894,1.53832,0,0,0,,,
81.756,odom,map,-1.82207,-0.68737,1.52691,0,0,0,,,
81.792,odom,map,-1.82566,-0.681911,1.51539,0,0,0,,,
81.792,ekf_predict_only,map,-1.96833,-0.504244,1.42802,63.3657,108.377,-27.2731,,,
81.792,ekf,map,-1.88867,-0.647737,1.51708,0.0677139,0.0676254,1.37708e-05,0.060333,,
81.792,kf,map,-1.88864,-0.648049,1.51582,0.0623768,0.0623768,-9.06751e-47,0.053459,,
81.828,odom,map,-1.82625,-0.674279,1.50075,0,0,0,,,
81.801,amcl,map,-1.83183,-0.687415,1.51073,0.0226118,0.0728153,-0.0123744,,,
81.792,pf,map,-1.95652,-0.596659,1.54215,0.0543421,0.0625035,0.00471571,9.628,498.746,0
81.864,odom,map,-1.8256,-0.665961,1.48437,0,0,0,,,
81.9,odom,map,-1.82483,-0.657846,1.46738,0,0,0,,,
81.936,odom,map,-1.82394,-0.650006,1.44969,0,0,0,,,
81.972,odom,map,-1.82293,-0.642247,1.43176,0,0,0,,,
82.008,ekf_predict_only,map,-1.96188,-0.459419,1.31699,62.3679,108.091,-25.851,,,
82.008,kf,map,-1.88435,-0.600075,1.41323,0.0625528,0.0625528,-1.27153e-47,0.075875,,
82.008,odom,map,-1.8218,-0.634695,1.41344,0,0,0,,,
82.008,ekf,map,-1.88426,-0.599704,1.41444,0.0687725,0.0686787,1.11424e-05,0.066,,
82.008,pf,map,-1.96112,-0.546841,1.44482,0.0685921,0.0641315,-0.000297638,7.51837,480.936,0
82.044,odom,map,-1.82057,-0.627342,1.39469,0,0,0,,,
82.08,odom,map,-1.81921,-0.620119,1.37561,0,0,0,,,
82.116,odom,map,-1.81775,-0.613107,1.35629,0,0,0,,,
82.152,odom,map,-1.81623,-0.606427,1.33649,0,0,0,,,
82.188,odom,map,-1.81468,-0.600207,1.31616,0,0,0,,,
82.224,odom,map,-1.81304,-0.594161,1.29577,0,0,0,,,
82.188,kf,map,-1.87748,-0.565873,1.31735,0.0623767,0.0623767,-1.79987e-48,0.062292,,
82.188,ekf,map,-1.87733,-0.56547,1.31825,0.0677203,0.0676498,5.89201e-06,0.0645,,
82.188,ekf_predict_only,map,-1.95402,-0.429099,1.21506,61.7669,107.722,-24.8556,,,
82.2,amcl,map,-1.83037,-0.608133,1.31991,0.0199127,0.0781584,-0.00953505,,,
82.188,pf,map,-1.96484,-0.512344,1.332,0.0594339,0.0636932,0.00763462,9.65292,476.138,0
82.26,odom,map,-1.81134,-0.588355,1.27512,0,0,0,,,
82.296,odom,map,-1.8096,-0.582862,1.25415,0,0,0,,,
82.332,odom,map,-1.80788,-0.577777,1.23286,0,0,0,,,
82.368,odom,map,-1.80607,-0.572811,1.21152,0,0,0,,,
82.404,odom,map,-1.80422,-0.568034,1.19,0,0,0,,,
82.404,ekf_predict_only,map,-1.94345,-0.400654,1.08562,61.2398,107.195,-23.8952,,,
82.404,kf,map,-1.86745,-0.533483,1.19224,0.0625527,0.0625527,-2.52395e-49,0.0645,,
82.404,ekf,map,-1.8672,-0.533053,1.19294,0.0687715,0.0687036,2.70993e-06,0.11,,
82.404,pf,map,-1.95341,-0.488813,1.2096,0.0612541,0.0646817,-0.000425457,4.64388,474.862,0
82.44,odom,map,-1.80238,-0.563571,1.16828,0,0,0,,,
82.476,odom,map,-1.80059,-0.559504,1.14629,0,0,0,,,
82.512,odom,map,-1.79874,-0.555527,1.12426,0,0,0,,,
82.548,odom,map,-1.79693,-0.551847,1.1021,0,0,0,,,
82.584,odom,map,-1.79523,-0.548565,1.07961,0,0,0,,,
82.62,odom,map,-1.79399,-0.546101,1.05682,0,0,0,,,
82.584,ekf_predict_only,map,-1.93509,-0.384794,0.972553,61.003,106.802,-23.3387,,,
82.584,ekf,map,-1.85824,-0.513528,1.08297,0.0677127,0.0676662,1.84677e-07,0.096291,,
82.584,kf,map,-1.85851,-0.513919,1.08247,0.0623767,0.0623767,-3.57269e-50,0.106875,,
82.602,amcl,map,-1.8258,-0.562741,1.09575,0.0177465,0.07029,-0.00719819,,,
82.584,pf,map,-1.93279,-0.476459,1.10427,0.06345,0.062454,0.00201501,5.88867,495.918,0
82.656,odom,map,-1.7932,-0.544429,1.03369,0,0,0,,,
82.692,odom,map,-1.79255,-0.543144,1.01026,0,0,0,,,
82.728,odom,map,-1.79205,-0.542219,0.986819,0,0,0,,,
82.764,odom,map,-1.79157,-0.541437,0.963417,0,0,0,,,
82.8,odom,map,-1.79114,-0.540811,0.939762,0,0,0,,,
82.8,ekf_predict_only,map,-1.92857,-0.375226,0.832979,60.9043,106.519,-22.9901,,,
82.8,ekf,map,-1.84964,-0.499362,0.945462,0.0687564,0.0687167,-1.19391e-06,0.051709,,
82.8,kf,map,-1.85002,-0.499865,0.945089,0.0625527,0.0625527,-5.00997e-51,0.062458,,
82.8,pf,map,-1.93141,-0.454499,0.95955,0.0594815,0.0633523,-0.000494681,4.66183,467.134,0
82.836,odom,map,-1.78996,-0.539242,0.916469,0,0,0,,,
82.872,odom,map,-1.7889,-0.537891,0.893259,0,0,0,,,
82.908,odom,map,-1.78788,-0.536649,0.870068,0,0,0,,,
82.944,odom,map,-1.78695,-0.535571,0.846792,0,0,0,,,
82.98,odom,map,-1.78612,-0.534659,0.823539,0,0,0,,,
83.016,ekf_predict_only,map,-1.92531,-0.371644,0.693263,60.9308,106.428,-22.8519,,,
83.016,ekf,map,-1.84385,-0.492123,0.806557,0.0689898,0.0689614,-1.44915e-06,0.120708,,
83.016,kf,map,-1.84427,-0.492619,0.806342,0.0625774,0.0625774,-7.0162e-52,0.116,,
83.016,odom,map,-1.7863,-0.534137,0.801144,0,0,0,,,
83.001,amcl,map,-1.81795,-0.542973,0.837069,0.0167899,0.0587306,-0.00352273,,,
83.016,pf,map,-1.90229,-0.438002,0.820178,0.0636034,0.0685371,0.00276134,5.19871,465.873,0
83.052,odom,map,-1.78793,-0.534063,0.780105,0,0,0,,,
83.088,odom,map,-1.78964,-0.534087,0.759215,0,0,0,,,
83.124,odom,map,-1.79158,-0.534341,0.738561,0,0,0,,,
83.16,odom,map,-1.79366,-0.534733,0.717973,0,0,0,,,
83.196,odom,map,-1.79583,-0.535203,0.697409,0,0,0,,,
83.196,ekf,map,-1.8421,-0.490297,0.692565,0.0676899,0.0676734,-1.0067e-06,0.056459,,
83.232,odom,map,-1.79614,-0.535308,0.675045,0,0,0,,,
83.196,kf,map,-1.84243,-0.490662,0.692585,0.0623802,0.0623802,-9.92968e-53,0.107709,,
83.196,ekf_predict_only,map,-1.9258,-0.372048,0.580553,61.0391,106.557,-22.8687,,,
83.196,pf,map,-1.90881,-0.423982,0.71013,0.0594147,0.0631537,-0.00156426,8.0465,454.731,0
83.268,odom,map,-1.79635,-0.535475,0.652404,0,0,0,,,
83.304,odom,map,-1.79668,-0.535721,0.629692,0,0,0,,,
83.34,odom,map,-1.79713,-0.53604,0.607072,0,0,0,,,
83.376,odom,map,-1.79775,-0.536461,0.584753,0,0,0,,,
83.412,ekf_predict_only,map,-1.93107,-0.375508,0.447177,61.2101,106.966,-23.0242,,,
83.412,kf,map,-1.84498,-0.492345,0.557721,0.0625532,0.0625532,-1.3924e-53,0.10875,,
83.412,odom,map,-1.79942,-0.537325,0.563461,0,0,0,,,
83.4,amcl,map,-1.82134,-0.547261,0.590191,0.0164575,0.0547914,-0.00156664,,,
83.412,pf,map,-1.91942,-0.463075,0.562516,0.0694242,0.0654438,-0.00343659,7.35821,470.752,0
83.412,ekf,map,-1.84465,-0.492001,0.55757,0.0686698,0.0686573,-8.70372e-07,1.57675,,
83.448,odom,map,-1.80299,-0.538918,0.544259,0,0,0,,,
83.484,odom,map,-1.80671,-0.540574,0.525187,0,0,0,,,
83.52,odom,map,-1.81059,-0.542299,0.506619,0,0,0,,,
83.556,odom,map,-1.81456,-0.544056,0.488635,0,0,0,,,
83.592,odom,map,-1.81857,-0.545801,0.470786,0,0,0,,,
83.592,kf,map,-1.85022,-0.494991,0.451091,0.0623768,0.0623768,-1.97095e-54,0.062792,,
83.628,odom,map,-1.8207,-0.546781,0.450927,0,0,0,,,
83.592,ekf_predict_only,map,-1.93811,-0.378882,0.343984,61.3798,107.479,-23.1961,,,
83.592,ekf,map,-1.85,-0.49475,0.450753,0.0676305,0.0676232,-6.65046e-07,0.244959,,
83.592,pf,map,-1.90408,-0.461687,0.456352,0.0674967,0.0689366,-0.000458171,11.5908,461.518,0
83.664,odom,map,-1.82216,-0.547473,0.430654,0,0,0,,,
83.7,odom,map,-1.82376,-0.548186,0.410805,0,0,0,,,
83.736,odom,map,-1.82539,-0.548876,0.390988,0,0,0,,,
83.772,odom,map,-1.82715,-0.549584,0.371699,0,0,0,,,
83.808,odom,map,-1.8292,-0.55029,0.352831,0,0,0,,,
83.808,kf,map,-1.85985,-0.498866,0.333805,0.0625528,0.0625528,-2.76386e-55,0.054333,,
83.808,ekf,map,-1.85968,-0.498648,0.333127,0.0686827,0.0686776,-8.75818e-07,0.1105,,
83.808,ekf_predict_only,map,-1.94936,-0.382915,0.232539,61.5637,108.245,-23.4325,,,
83.802,amcl,map,-1.83215,-0.537705,0.349676,0.0141356,0.046454,-0.00200479,,,
83.808,pf,map,-1.94275,-0.46426,0.335782,0.0649197,0.0662865,-0.000681632,4.65071,457.925,0
83.844,odom,map,-1.83212,-0.551029,0.334017,0,0,0,,,
83.88,odom,map,-1.83512,-0.551754,0.315277,0,0,0,,,
83.916,odom,map,-1.83826,-0.552477,0.29703,0,0,0,,,
83.952,odom,map,-1.84161,-0.55322,0.279395,0,0,0,,,
83.988,odom,map,-1.84507,-0.553946,0.262125,0,0,0,,,
83.988,ekf_predict_only,map,-1.96217,-0.385948,0.148463,61.7272,109.109,-23.657,,,
83.988,ekf,map,-1.87101,-0.501858,0.243965,0.0676523,0.0676501,-9.46402e-07,0.067083,,
84.024,odom,map,-1.84795,-0.554615,0.24517,0,0,0,,,
83.988,kf,map,-1.87116,-0.502039,0.244617,0.0623767,0.0623767,-3.91227e-56,0.05475,,
83.988,pf,map,-1.93406,-0.45512,0.254861,0.051862,0.0632041,-0.00164753,9.16092,478.162,0
84.06,odom,map,-1.85054,-0.55524,0.228578,0,0,0,,,
84.096,odom,map,-1.85277,-0.555742,0.213081,0,0,0,,,
84.132,odom,map,-1.85377,-0.555952,0.200122,0,0,0,,,
84.168,odom,map,-1.85382,-0.555963,0.189755,0,0,0,,,
84.204,odom,map,-1.85385,-0.55601,0.182035,0,0,0,,,
84.204,ekf_predict_only,map,-1.96217,-0.385948,0.148463,61.8272,109.209,-23.657,,,
84.204,ekf,map,-1.87647,-0.502721,0.187328,0.0687052,0.0687041,-1.00719e-06,0.05625,,
84.204,kf,map,-1.87602,-0.502756,0.192642,0.0625527,0.0625527,-5.48617e-57,0.061208,,
84.204,pf,map,-1.94035,-0.448441,0.15594,0.0614034,0.0677526,-0.000713072,4.97963,494.484,0
84.24,odom,map,-1.85436,-0.556854,0.177852,0,0,0,,,
84.276,odom,map,-1.85487,-0.557698,0.176262,0,0,0,,,
84.312,odom,map,-1.85538,-0.558543,0.176939,0,0,0,,,
84.348,odom,map,-1.85589,-0.559387,0.177939,0,0,0,,,
84.384,odom,map,-1.8564,-0.560232,0.17894,0,0,0,,,
84.384,kf,map,-1.87783,-0.503024,0.168183,0.0623767,0.0623767,-7.76574e-58,0.107542,,
84.42,odom,map,-1.85663,-0.560607,0.179384,0,0,0,,,
84.384,ekf_predict_only,map,-1.96217,-0.385948,0.148463,61.9272,109.309,-23.657,,,
84.384,ekf,map,-1.87814,-0.503031,0.164391,0.0676668,0.0676664,-6.76413e-07,0.101208,,
84.384,pf,map,-1.93498,-0.435895,0.157481,0.0670209,0.0585547,-0.00359978,7.57508,474.59,0
84.456,odom,map,-1.85663,-0.560607,0.179384,0,0,0,,,
84.492,odom,map,-1.85663,-0.560607,0.179384,0,0,0,,,
84.528,odom,map,-1.85663,-0.560607,0.179384,0,0,0,,,
84.564,odom,map,-1.85663,-0.560607,0.179384,0,0,0,,,
84.6,odom,map,-1.85663,-0.560607,0.179384,0,0,0,,,
84.6,ekf_predict_only,map,-1.96217,-0.385948,0.148463,62.0272,109.409,-23.657,,,
84.6,ekf,map,-1.87868,-0.503137,0.156859,0.0687168,0.0687165,-5.52888e-07,0.053917,,
84.6,kf,map,-1.87852,-0.503125,0.158954,0.0625527,0.0625527,-1.08899e-58,0.056791,,
84.6,pf,map,-1.94556,-0.443221,0.159656,0.0700997,0.0576116,-0.000376127,4.64958,478.561,0
84.636,odom,map,-1.85584,-0.557586,0.177692,0,0,0,,,
84.672,odom,map,-1.85504,-0.554479,0.175952,0,0,0,,,
84.708,odom,map,-1.85423,-0.551372,0.174212,0,0,0,,,
84.744,odom,map,-1.85343,-0.548266,0.172472,0,0,0,,,
84.78,odom,map,-1.85262,-0.545159,0.170731,0,0,0,,,
84.816,odom,map,-1.85213,-0.54326,0.169668,0,0,0,,,
84.816,ekf_predict_only,map,-1.96217,-0.385948,0.148463,62.1272,109.509,-23.657,,,
84.816,ekf,map,-1.87885,-0.503171,0.154494,0.0689612,0.068961,-3.84763e-07,0.060125,,
84.816,kf,map,-1.87878,-0.503163,0.155497,0.0625774,0.0625774,-1.52507e-59,0.117792,,
84.816,pf,map,-1.9304,-0.476375,0.167534,0.067848,0.0620047,-0.000387264,4.60217,450.374,0
84.852,odom,map,-1.85213,-0.54326,0.169668,0,0,0,,,
84.888,odom,map,-1.85213,-0.54326,0.169668,0,0,0,,,
84.924,odom,map,-1.85213,-0.54326,0.169668,0,0,0,,,
84.96,odom,map,-1.85213,-0.54326,0.169668,0,0,0,,,
84.996,odom,map,-1.85213,-0.54326,0.169668,0,0,0,,,
84.996,ekf_predict_only,map,-1.96217,-0.385948,0.148463,62.2272,109.609,-23.657,,,
85.032,odom,map,-1.85213,-0.54326,0.169668,0,0,0,,,
84.996,ekf,map,-1.8789,-0.503181,0.153774,0.0676732,0.0676731,-2.21194e-07,0.099458,,
84.996,kf,map,-1.87887,-0.503177,0.154207,0.0623802,0.0623802,-2.15836e-60,1.62746,,
84.996,pf,map,-1.93862,-0.485926,0.168568,0.0720957,0.0661597,-0.00431831,8.99679,458.866,0
85.068,odom,map,-1.85213,-0.54326,0.169668,0,0,0,,,
85.104,odom,map,-1.85213,-0.54326,0.169668,0,0,0,,,
85.14,odom,map,-1.85213,-0.54326,0.169668,0,0,0,,,
85.176,odom,map,-1.85213,-0.54326,0.169668,0,0,0,,,
85.212,odom,map,-1.85213,-0.54326,0.169668,0,0,0,,,
85.212,ekf_predict_only,map,-1.96217,-0.385948,0.148463,62.3272,109.709,-23.657,,,
85.248,odom,map,-1.85213,-0.54326,0.169668,0,0,0,,,
85.284,odom,map,-1.85213,-0.54326,0.169668,0,0,0,,,
85.32,odom,map,-1.85213,-0.54326,0.169668,0,0,0,,,
85.356,odom,map,-1.85213,-0.54326,0.169668,0,0,0,,,
85.392,odom,map,-1.85213,-0.54326,0.169668,0,0,0,,,
85.428,odom,map,-1.85213,-0.54326,0.169668,0,0,0,,,
85.464,odom,map,-1.85213,-0.54326,0.169668,0,0,0,,,
85.5,odom,map,-1.85213,-0.54326,0.169668,0,0,0,,,
85.536,odom,map,-1.85213,-0.54326,0.169668,0,0,0,,,
85.572,odom,map,-1.85213,-0.54326,0.169668,0,0,0,,,
85.608,odom,map,-1.85213,-0.54326,0.169668,0,0,0,,,
85.644,odom,map,-1.85213,-0.54326,0.169668,0,0,0,,,
85.68,odom,map,-1.85213,-0.54326,0.169668,0,0,0,,,
85.716,odom,map,-1.85213,-0.54326,0.169668,0,0,0,,,
85.752,odom,map,-1.85213,-0.54326,0.169668,0,0,0,,,
85.788,odom,map,-1.85213,-0.54326,0.169668,0,0,0,,,
85.824,odom,map,-1.85213,-0.54326,0.169668,0,0,0,,,
85.86,odom,map,-1.85213,-0.54326,0.169668,0,0,0,,,
85.896,odom,map,-1.85213,-0.54326,0.169668,0,0,0,,,
85.932,odom,map,-1.85213,-0.54326,0.169668,0,0,0,,,
85.968,odom,map,-1.85213,-0.54326,0.169668,0,0,0,,,
86.004,odom,map,-1.85213,-0.54326,0.169668,0,0,0,,,
86.04,odom,map,-1.85213,-0.54326,0.169668,0,0,0,,,
86.076,odom,map,-1.85213,-0.54326,0.169668,0,0,0,,,
86.112,odom,map,-1.85213,-0.54326,0.169668,0,0,0,,,
86.148,odom,map,-1.85213,-0.54326,0.169668,0,0,0,,,
86.184,odom,map,-1.85213,-0.54326,0.169668,0,0,0,,,
86.22,odom,map,-1.85213,-0.54326,0.169668,0,0,0,,,
86.256,odom,map,-1.85213,-0.54326,0.169668,0,0,0,,,
86.292,odom,map,-1.85213,-0.54326,0.169668,0,0,0,,,
86.328,odom,map,-1.85213,-0.54326,0.169668,0,0,0,,,
86.364,odom,map,-1.85213,-0.54326,0.169668,0,0,0,,,
86.4,odom,map,-1.85213,-0.54326,0.169668,0,0,0,,,
86.436,odom,map,-1.85213,-0.54326,0.169668,0,0,0,,,
86.472,odom,map,-1.85213,-0.54326,0.169668,0,0,0,,,
86.508,odom,map,-1.85213,-0.54326,0.169668,0,0,0,,,
86.544,odom,map,-1.85213,-0.54326,0.169668,0,0,0,,,
86.58,odom,map,-1.85213,-0.54326,0.169668,0,0,0,,,
86.616,odom,map,-1.85213,-0.54326,0.169668,0,0,0,,,
86.652,odom,map,-1.85213,-0.54326,0.169668,0,0,0,,,
86.688,odom,map,-1.85213,-0.54326,0.169668,0,0,0,,,
86.724,odom,map,-1.85213,-0.54326,0.169668,0,0,0,,,
86.76,odom,map,-1.85213,-0.54326,0.169668,0,0,0,,,
86.796,odom,map,-1.85213,-0.54326,0.169668,0,0,0,,,
86.832,odom,map,-1.85213,-0.54326,0.169668,0,0,0,,,
86.868,odom,map,-1.85213,-0.54326,0.169668,0,0,0,,,
86.904,odom,map,-1.85213,-0.54326,0.169668,0,0,0,,,
86.94,odom,map,-1.85213,-0.54326,0.169668,0,0,0,,,
86.976,odom,map,-1.85213,-0.54326,0.169668,0,0,0,,,
87.012,odom,map,-1.85213,-0.54326,0.169668,0,0,0,,,
87.048,odom,map,-1.85213,-0.54326,0.169668,0,0,0,,,
87.084,odom,map,-1.85213,-0.54326,0.169668,0,0,0,,,
87.12,odom,map,-1.85213,-0.54326,0.169668,0,0,0,,,
87.156,odom,map,-1.85213,-0.54326,0.169668,0,0,0,,,
87.192,odom,map,-1.85213,-0.54326,0.169668,0,0,0,,,
87.228,odom,map,-1.85213,-0.54326,0.169668,0,0,0,,,
87.264,odom,map,-1.85213,-0.54326,0.169668,0,0,0,,,
87.3,odom,map,-1.85213,-0.54326,0.169668,0,0,0,,,
87.336,odom,map,-1.85213,-0.54326,0.169668,0,0,0,,,
87.372,odom,map,-1.85213,-0.54326,0.169668,0,0,0,,,
87.408,odom,map,-1.85213,-0.54326,0.169668,0,0,0,,,
87.444,odom,map,-1.85213,-0.54326,0.169668,0,0,0,,,
87.48,odom,map,-1.85213,-0.54326,0.169668,0,0,0,,,
87.516,odom,map,-1.85213,-0.54326,0.169668,0,0,0,,,
87.552,odom,map,-1.85213,-0.54326,0.169668,0,0,0,,,
87.588,odom,map,-1.85213,-0.54326,0.169668,0,0,0,,,
87.624,odom,map,-1.85213,-0.54326,0.169668,0,0,0,,,
87.66,odom,map,-1.85213,-0.54326,0.169668,0,0,0,,,
87.696,odom,map,-1.85213,-0.54326,0.169668,0,0,0,,,
87.732,odom,map,-1.85213,-0.54326,0.169668,0,0,0,,,
87.768,odom,map,-1.85213,-0.54326,0.169668,0,0,0,,,
87.804,odom,map,-1.85213,-0.54326,0.169668,0,0,0,,,
87.84,odom,map,-1.85213,-0.54326,0.169668,0,0,0,,,
87.876,odom,map,-1.85213,-0.54326,0.169668,0,0,0,,,
87.912,odom,map,-1.85213,-0.54326,0.169668,0,0,0,,,
87.948,odom,map,-1.85213,-0.54326,0.169668,0,0,0,,,
87.984,odom,map,-1.85213,-0.54326,0.169668,0,0,0,,,
88.02,odom,map,-1.85213,-0.54326,0.169668,0,0,0,,,
88.056,odom,map,-1.85213,-0.54326,0.169668,0,0,0,,,
88.092,odom,map,-1.85213,-0.54326,0.169668,0,0,0,,,
88.128,odom,map,-1.85213,-0.54326,0.169668,0,0,0,,,
88.164,odom,map,-1.85213,-0.54326,0.169668,0,0,0,,,
88.2,odom,map,-1.85213,-0.54326,0.169668,0,0,0,,,
88.236,odom,map,-1.85213,-0.54326,0.169668,0,0,0,,,
88.272,odom,map,-1.85213,-0.54326,0.169668,0,0,0,,,
88.308,odom,map,-1.85213,-0.54326,0.169668,0,0,0,,,
88.344,odom,map,-1.85213,-0.54326,0.169668,0,0,0,,,
88.38,odom,map,-1.85213,-0.54326,0.169668,0,0,0,,,
88.416,odom,map,-1.85213,-0.54326,0.169668,0,0,0,,,
88.452,odom,map,-1.85213,-0.54326,0.169668,0,0,0,,,
88.488,odom,map,-1.85213,-0.54326,0.169668,0,0,0,,,
88.524,odom,map,-1.85213,-0.54326,0.169668,0,0,0,,,
88.56,odom,map,-1.85213,-0.54326,0.169668,0,0,0,,,
88.596,odom,map,-1.85213,-0.54326,0.169668,0,0,0,,,
88.632,odom,map,-1.85213,-0.54326,0.169668,0,0,0,,,
88.668,odom,map,-1.85213,-0.54326,0.169668,0,0,0,,,
88.704,odom,map,-1.85213,-0.54326,0.169668,0,0,0,,,
88.74,odom,map,-1.85213,-0.54326,0.169668,0,0,0,,,
88.776,odom,map,-1.85213,-0.54326,0.169668,0,0,0,,,
88.812,odom,map,-1.85213,-0.54326,0.169668,0,0,0,,,
88.848,odom,map,-1.85213,-0.54326,0.169668,0,0,0,,,
88.884,odom,map,-1.85213,-0.54326,0.169668,0,0,0,,,
88.92,odom,map,-1.85213,-0.54326,0.169668,0,0,0,,,
88.956,odom,map,-1.85213,-0.54326,0.169668,0,0,0,,,
88.992,odom,map,-1.85213,-0.54326,0.169668,0,0,0,,,
89.028,odom,map,-1.85213,-0.54326,0.169668,0,0,0,,,
89.064,odom,map,-1.85213,-0.54326,0.169668,0,0,0,,,
89.1,odom,map,-1.85213,-0.54326,0.169668,0,0,0,,,
89.136,odom,map,-1.85213,-0.54326,0.169668,0,0,0,,,
89.172,odom,map,-1.85213,-0.54326,0.169668,0,0,0,,,
89.208,odom,map,-1.85213,-0.54326,0.169668,0,0,0,,,
89.244,odom,map,-1.85213,-0.54326,0.169668,0,0,0,,,
89.28,odom,map,-1.85213,-0.54326,0.169668,0,0,0,,,
89.316,odom,map,-1.85213,-0.54326,0.169668,0,0,0,,,
89.352,odom,map,-1.85213,-0.54326,0.169668,0,0,0,,,
89.388,odom,map,-1.85213,-0.54326,0.169668,0,0,0,,,
89.424,odom,map,-1.85213,-0.54326,0.169668,0,0,0,,,
89.46,odom,map,-1.85213,-0.54326,0.169668,0,0,0,,,
89.496,odom,map,-1.85213,-0.54326,0.169668,0,0,0,,,
89.532,odom,map,-1.85213,-0.54326,0.169668,0,0,0,,,
89.568,odom,map,-1.85213,-0.54326,0.169668,0,0,0,,,
89.604,odom,map,-1.85213,-0.54326,0.169668,0,0,0,,,
89.64,odom,map,-1.85213,-0.54326,0.169668,0,0,0,,,
89.676,odom,map,-1.85213,-0.54326,0.169668,0,0,0,,,
89.712,odom,map,-1.85213,-0.54326,0.169668,0,0,0,,,
89.748,odom,map,-1.85213,-0.54326,0.169668,0,0,0,,,
89.784,odom,map,-1.85213,-0.54326,0.169668,0,0,0,,,
89.82,odom,map,-1.85213,-0.54326,0.169668,0,0,0,,,
89.856,odom,map,-1.85213,-0.54326,0.169668,0,0,0,,,
89.892,odom,map,-1.85213,-0.54326,0.169668,0,0,0,,,
89.928,odom,map,-1.85213,-0.54326,0.169668,0,0,0,,,
89.964,odom,map,-1.85213,-0.54326,0.169668,0,0,0,,,
90,odom,map,-1.85213,-0.54326,0.169668,0,0,0,,,
90.036,odom,map,-1.85213,-0.54326,0.169668,0,0,0,,,
90.072,odom,map,-1.85213,-0.54326,0.169668,0,0,0,,,
90.108,odom,map,-1.85213,-0.54326,0.169668,0,0,0,,,
90.144,odom,map,-1.85213,-0.54326,0.169668,0,0,0,,,
90.18,odom,map,-1.85213,-0.54326,0.169668,0,0,0,,,
90.216,odom,map,-1.85213,-0.54326,0.169668,0,0,0,,,
90.252,odom,map,-1.85213,-0.54326,0.169668,0,0,0,,,
90.288,odom,map,-1.85213,-0.54326,0.169668,0,0,0,,,
90.324,odom,map,-1.85213,-0.54326,0.169668,0,0,0,,,
90.36,odom,map,-1.85213,-0.54326,0.169668,0,0,0,,,
90.396,odom,map,-1.85213,-0.54326,0.169668,0,0,0,,,
90.432,odom,map,-1.85213,-0.54326,0.169668,0,0,0,,,
90.468,odom,map,-1.85213,-0.54326,0.169668,0,0,0,,,
90.504,odom,map,-1.85213,-0.54326,0.169668,0,0,0,,,
90.54,odom,map,-1.85213,-0.54326,0.169668,0,0,0,,,
90.576,odom,map,-1.85213,-0.54326,0.169668,0,0,0,,,
90.612,odom,map,-1.85213,-0.54326,0.169668,0,0,0,,,
90.648,odom,map,-1.85213,-0.54326,0.169668,0,0,0,,,
90.684,odom,map,-1.85213,-0.54326,0.169668,0,0,0,,,
90.72,odom,map,-1.85213,-0.54326,0.169668,0,0,0,,,
90.756,odom,map,-1.85213,-0.54326,0.169668,0,0,0,,,
90.792,odom,map,-1.85213,-0.54326,0.169668,0,0,0,,,
90.828,odom,map,-1.85213,-0.54326,0.169668,0,0,0,,,
90.864,odom,map,-1.85213,-0.54326,0.169668,0,0,0,,,
90.9,odom,map,-1.85213,-0.54326,0.169668,0,0,0,,,
90.936,odom,map,-1.85213,-0.54326,0.169668,0,0,0,,,
90.972,odom,map,-1.85213,-0.54326,0.169668,0,0,0,,,
91.008,odom,map,-1.85213,-0.54326,0.169668,0,0,0,,,
91.044,odom,map,-1.85213,-0.54326,0.169668,0,0,0,,,
91.08,odom,map,-1.85213,-0.54326,0.169668,0,0,0,,,
91.116,odom,map,-1.85213,-0.54326,0.169668,0,0,0,,,
91.152,odom,map,-1.85213,-0.54326,0.169668,0,0,0,,,
91.188,odom,map,-1.85213,-0.54326,0.169668,0,0,0,,,
91.224,odom,map,-1.85213,-0.54326,0.169668,0,0,0,,,
91.26,odom,map,-1.85213,-0.54326,0.169668,0,0,0,,,
91.296,odom,map,-1.85213,-0.54326,0.169668,0,0,0,,,
91.332,odom,map,-1.85213,-0.54326,0.169668,0,0,0,,,
91.368,odom,map,-1.85213,-0.54326,0.169668,0,0,0,,,
91.404,odom,map,-1.85213,-0.54326,0.169668,0,0,0,,,
91.44,odom,map,-1.85213,-0.54326,0.169668,0,0,0,,,
91.476,odom,map,-1.85213,-0.54326,0.169668,0,0,0,,,
91.512,odom,map,-1.85213,-0.54326,0.169668,0,0,0,,,
91.548,odom,map,-1.85213,-0.54326,0.169668,0,0,0,,,
91.584,odom,map,-1.85213,-0.54326,0.169668,0,0,0,,,
91.62,odom,map,-1.85213,-0.54326,0.169668,0,0,0,,,
91.656,odom,map,-1.85213,-0.54326,0.169668,0,0,0,,,
91.692,odom,map,-1.85213,-0.54326,0.169668,0,0,0,,,
91.728,odom,map,-1.85213,-0.54326,0.169668,0,0,0,,,
91.764,odom,map,-1.85213,-0.54326,0.169668,0,0,0,,,
91.8,odom,map,-1.85213,-0.54326,0.169668,0,0,0,,,
91.836,odom,map,-1.85213,-0.54326,0.169668,0,0,0,,,
91.872,odom,map,-1.85213,-0.54326,0.169668,0,0,0,,,
91.908,odom,map,-1.85213,-0.54326,0.169668,0,0,0,,,
91.944,odom,map,-1.85213,-0.54326,0.169668,0,0,0,,,
91.98,odom,map,-1.85213,-0.54326,0.169668,0,0,0,,,
92.016,odom,map,-1.85213,-0.54326,0.169668,0,0,0,,,
92.052,odom,map,-1.85213,-0.54326,0.169668,0,0,0,,,
92.088,odom,map,-1.85213,-0.54326,0.169668,0,0,0,,,
92.124,odom,map,-1.85213,-0.54326,0.169668,0,0,0,,,
92.16,odom,map,-1.85213,-0.54326,0.169668,0,0,0,,,
92.196,odom,map,-1.85213,-0.54326,0.169668,0,0,0,,,
92.232,odom,map,-1.85213,-0.54326,0.169668,0,0,0,,,
92.268,odom,map,-1.85213,-0.54326,0.169668,0,0,0,,,
92.304,odom,map,-1.85213,-0.54326,0.169668,0,0,0,,,
92.34,odom,map,-1.85213,-0.54326,0.169668,0,0,0,,,
92.376,odom,map,-1.85213,-0.54326,0.169668,0,0,0,,,
92.412,odom,map,-1.85213,-0.54326,0.169668,0,0,0,,,
92.448,odom,map,-1.85213,-0.54326,0.169668,0,0,0,,,
92.484,odom,map,-1.85213,-0.54326,0.169668,0,0,0,,,
92.52,odom,map,-1.85213,-0.54326,0.169668,0,0,0,,,
92.556,odom,map,-1.85213,-0.54326,0.169668,0,0,0,,,
92.592,odom,map,-1.85213,-0.54326,0.169668,0,0,0,,,
92.628,odom,map,-1.85213,-0.54326,0.169668,0,0,0,,,
92.664,odom,map,-1.85213,-0.54326,0.169668,0,0,0,,,
92.7,odom,map,-1.85213,-0.54326,0.169668,0,0,0,,,
92.736,odom,map,-1.85213,-0.54326,0.169668,0,0,0,,,
92.772,odom,map,-1.85213,-0.54326,0.169668,0,0,0,,,
92.808,odom,map,-1.85213,-0.54326,0.169668,0,0,0,,,
92.844,odom,map,-1.85213,-0.54326,0.169668,0,0,0,,,
92.88,odom,map,-1.85213,-0.54326,0.169668,0,0,0,,,
92.916,odom,map,-1.85213,-0.54326,0.169668,0,0,0,,,
92.952,odom,map,-1.85213,-0.54326,0.169668,0,0,0,,,
92.988,odom,map,-1.85213,-0.54326,0.169668,0,0,0,,,
93.024,odom,map,-1.85213,-0.54326,0.169668,0,0,0,,,
93.06,odom,map,-1.85213,-0.54326,0.169668,0,0,0,,,
93.096,odom,map,-1.85213,-0.54326,0.169668,0,0,0,,,
93.132,odom,map,-1.85213,-0.54326,0.169668,0,0,0,,,
93.168,odom,map,-1.85213,-0.54326,0.169668,0,0,0,,,
93.204,odom,map,-1.85213,-0.54326,0.169668,0,0,0,,,
93.24,odom,map,-1.85213,-0.54326,0.169668,0,0,0,,,
93.276,odom,map,-1.85213,-0.54326,0.169668,0,0,0,,,
93.312,odom,map,-1.85213,-0.54326,0.169668,0,0,0,,,
93.348,odom,map,-1.85213,-0.54326,0.169668,0,0,0,,,
93.384,odom,map,-1.85213,-0.54326,0.169668,0,0,0,,,
93.42,odom,map,-1.85213,-0.54326,0.169668,0,0,0,,,
93.456,odom,map,-1.85213,-0.54326,0.169668,0,0,0,,,
93.492,odom,map,-1.85213,-0.54326,0.169668,0,0,0,,,
93.528,odom,map,-1.85213,-0.54326,0.169668,0,0,0,,,
93.564,odom,map,-1.85213,-0.54326,0.169668,0,0,0,,,
93.6,odom,map,-1.85213,-0.54326,0.169668,0,0,0,,,
93.636,odom,map,-1.85213,-0.54326,0.169668,0,0,0,,,
93.672,odom,map,-1.85213,-0.54326,0.169668,0,0,0,,,
93.708,odom,map,-1.85213,-0.54326,0.169668,0,0,0,,,
93.744,odom,map,-1.85213,-0.54326,0.169668,0,0,0,,,
93.78,odom,map,-1.85213,-0.54326,0.169668,0,0,0,,,
93.816,odom,map,-1.85213,-0.54326,0.169668,0,0,0,,,
93.852,odom,map,-1.85213,-0.54326,0.169668,0,0,0,,,
93.888,odom,map,-1.85213,-0.54326,0.169668,0,0,0,,,
93.924,odom,map,-1.85213,-0.54326,0.169668,0,0,0,,,
93.96,odom,map,-1.85213,-0.54326,0.169668,0,0,0,,,
93.996,odom,map,-1.85213,-0.54326,0.169668,0,0,0,,,
94.032,odom,map,-1.85213,-0.54326,0.169668,0,0,0,,,
94.068,odom,map,-1.85213,-0.54326,0.169668,0,0,0,,,
94.104,odom,map,-1.85213,-0.54326,0.169668,0,0,0,,,
94.14,odom,map,-1.85213,-0.54326,0.169668,0,0,0,,,
94.176,odom,map,-1.85213,-0.54326,0.169668,0,0,0,,,
94.212,odom,map,-1.85213,-0.54326,0.169668,0,0,0,,,
94.248,odom,map,-1.85213,-0.54326,0.169668,0,0,0,,,
94.284,odom,map,-1.85213,-0.54326,0.169668,0,0,0,,,
94.32,odom,map,-1.85213,-0.54326,0.169668,0,0,0,,,
94.356,odom,map,-1.85213,-0.54326,0.169668,0,0,0,,,
94.392,odom,map,-1.85213,-0.54326,0.169668,0,0,0,,,
94.428,odom,map,-1.85213,-0.54326,0.169668,0,0,0,,,
94.464,odom,map,-1.85213,-0.54326,0.169668,0,0,0,,,
94.5,odom,map,-1.85213,-0.54326,0.169668,0,0,0,,,
94.536,odom,map,-1.85213,-0.54326,0.169668,0,0,0,,,
94.572,odom,map,-1.85213,-0.54326,0.169668,0,0,0,,,
94.608,odom,map,-1.85213,-0.54326,0.169668,0,0,0,,,
94.644,odom,map,-1.85213,-0.54326,0.169668,0,0,0,,,
94.68,odom,map,-1.85213,-0.54326,0.169668,0,0,0,,,
94.716,odom,map,-1.85213,-0.54326,0.169668,0,0,0,,,
94.752,odom,map,-1.85213,-0.54326,0.169668,0,0,0,,,
94.788,odom,map,-1.85213,-0.54326,0.169668,0,0,0,,,
94.824,odom,map,-1.85213,-0.54326,0.169668,0,0,0,,,
94.86,odom,map,-1.85213,-0.54326,0.169668,0,0,0,,,
94.896,odom,map,-1.85213,-0.54326,0.169668,0,0,0,,,
94.932,odom,map,-1.85213,-0.54326,0.169668,0,0,0,,,
94.968,odom,map,-1.85213,-0.54326,0.169668,0,0,0,,,
95.004,odom,map,-1.85213,-0.54326,0.169668,0,0,0,,,
95.04,odom,map,-1.85213,-0.54326,0.169668,0,0,0,,,
95.076,odom,map,-1.85213,-0.54326,0.169668,0,0,0,,,
95.112,odom,map,-1.85213,-0.54326,0.169668,0,0,0,,,
95.148,odom,map,-1.85213,-0.54326,0.169668,0,0,0,,,
95.184,odom,map,-1.85213,-0.54326,0.169668,0,0,0,,,
95.22,odom,map,-1.85213,-0.54326,0.169668,0,0,0,,,
95.256,odom,map,-1.85213,-0.54326,0.169668,0,0,0,,,
95.292,odom,map,-1.85213,-0.54326,0.169668,0,0,0,,,
95.328,odom,map,-1.85213,-0.54326,0.169668,0,0,0,,,
95.364,odom,map,-1.85213,-0.54326,0.169668,0,0,0,,,
95.4,odom,map,-1.85213,-0.54326,0.169668,0,0,0,,,
95.436,odom,map,-1.85213,-0.54326,0.169668,0,0,0,,,
95.472,odom,map,-1.85213,-0.54326,0.169668,0,0,0,,,
95.508,odom,map,-1.85213,-0.54326,0.169668,0,0,0,,,
95.544,odom,map,-1.85213,-0.54326,0.169668,0,0,0,,,
95.58,odom,map,-1.85213,-0.54326,0.169668,0,0,0,,,
95.616,odom,map,-1.85213,-0.54326,0.169668,0,0,0,,,
95.652,odom,map,-1.85213,-0.54326,0.169668,0,0,0,,,
95.688,odom,map,-1.85213,-0.54326,0.169668,0,0,0,,,
95.724,odom,map,-1.85213,-0.54326,0.169668,0,0,0,,,
95.76,odom,map,-1.85213,-0.54326,0.169668,0,0,0,,,
95.796,odom,map,-1.85213,-0.54326,0.169668,0,0,0,,,
95.832,odom,map,-1.85213,-0.54326,0.169668,0,0,0,,,
95.868,odom,map,-1.85213,-0.54326,0.169668,0,0,0,,,
95.904,odom,map,-1.85213,-0.54326,0.169668,0,0,0,,,
95.94,odom,map,-1.85213,-0.54326,0.169668,0,0,0,,,
95.976,odom,map,-1.85213,-0.54326,0.169668,0,0,0,,,
96.012,odom,map,-1.85213,-0.54326,0.169668,0,0,0,,,
96.048,odom,map,-1.85213,-0.54326,0.169668,0,0,0,,,
96.084,odom,map,-1.85213,-0.54326,0.169668,0,0,0,,,
96.12,odom,map,-1.85213,-0.54326,0.169668,0,0,0,,,
96.156,odom,map,-1.85213,-0.54326,0.169668,0,0,0,,,
96.192,odom,map,-1.85213,-0.54326,0.169668,0,0,0,,,
96.228,odom,map,-1.85213,-0.54326,0.169668,0,0,0,,,
96.264,odom,map,-1.85213,-0.54326,0.169668,0,0,0,,,
96.3,odom,map,-1.85213,-0.54326,0.169668,0,0,0,,,
96.336,odom,map,-1.85213,-0.54326,0.169668,0,0,0,,,
96.372,odom,map,-1.85213,-0.54326,0.169668,0,0,0,,,
96.408,odom,map,-1.85213,-0.54326,0.169668,0,0,0,,,
96.444,odom,map,-1.85213,-0.54326,0.169668,0,0,0,,,
96.48,odom,map,-1.85213,-0.54326,0.169668,0,0,0,,,
96.516,odom,map,-1.85213,-0.54326,0.169668,0,0,0,,,
96.552,odom,map,-1.85213,-0.54326,0.169668,0,0,0,,,
96.588,odom,map,-1.85213,-0.54326,0.169668,0,0,0,,,
96.624,odom,map,-1.85213,-0.54326,0.169668,0,0,0,,,
96.66,odom,map,-1.85213,-0.54326,0.169668,0,0,0,,,
96.696,odom,map,-1.85213,-0.54326,0.169668,0,0,0,,,
96.732,odom,map,-1.85213,-0.54326,0.169668,0,0,0,,,
96.768,odom,map,-1.85213,-0.54326,0.169668,0,0,0,,,
96.804,odom,map,-1.85213,-0.54326,0.169668,0,0,0,,,
96.84,odom,map,-1.85213,-0.54326,0.169668,0,0,0,,,
96.876,odom,map,-1.85213,-0.54326,0.169668,0,0,0,,,
96.912,odom,map,-1.85213,-0.54326,0.169668,0,0,0,,,
96.948,odom,map,-1.85213,-0.54326,0.169668,0,0,0,,,
96.984,odom,map,-1.85213,-0.54326,0.169668,0,0,0,,,
97.02,odom,map,-1.85213,-0.54326,0.169668,0,0,0,,,
97.056,odom,map,-1.85213,-0.54326,0.169668,0,0,0,,,
97.092,odom,map,-1.85213,-0.54326,0.169668,0,0,0,,,
97.128,odom,map,-1.85213,-0.54326,0.169668,0,0,0,,,
97.164,odom,map,-1.85213,-0.54326,0.169668,0,0,0,,,
97.2,odom,map,-1.85213,-0.54326,0.169668,0,0,0,,,
97.236,odom,map,-1.85213,-0.54326,0.169668,0,0,0,,,
97.272,odom,map,-1.85213,-0.54326,0.169668,0,0,0,,,
97.308,odom,map,-1.85213,-0.54326,0.169668,0,0,0,,,
97.344,odom,map,-1.85213,-0.54326,0.169668,0,0,0,,,
97.38,odom,map,-1.85213,-0.54326,0.169668,0,0,0,,,
97.416,odom,map,-1.85213,-0.54326,0.169668,0,0,0,,,
97.452,odom,map,-1.85213,-0.54326,0.169668,0,0,0,,,
97.488,odom,map,-1.85213,-0.54326,0.169668,0,0,0,,,
97.524,odom,map,-1.85213,-0.54326,0.169668,0,0,0,,,
97.56,odom,map,-1.85213,-0.54326,0.169668,0,0,0,,,
97.596,odom,map,-1.85213,-0.54326,0.169668,0,0,0,,,
97.632,odom,map,-1.85213,-0.54326,0.169668,0,0,0,,,
97.668,odom,map,-1.85213,-0.54326,0.169668,0,0,0,,,
97.704,odom,map,-1.85213,-0.54326,0.169668,0,0,0,,,
97.74,odom,map,-1.85213,-0.54326,0.169668,0,0,0,,,
97.776,odom,map,-1.85213,-0.54326,0.169668,0,0,0,,,
97.812,odom,map,-1.85213,-0.54326,0.169668,0,0,0,,,
97.848,odom,map,-1.85213,-0.54326,0.169668,0,0,0,,,
97.884,odom,map,-1.85213,-0.54326,0.169668,0,0,0,,,
97.92,odom,map,-1.85213,-0.54326,0.169668,0,0,0,,,
97.956,odom,map,-1.85213,-0.54326,0.169668,0,0,0,,,
97.992,odom,map,-1.85213,-0.54326,0.169668,0,0,0,,,
98.028,odom,map,-1.85213,-0.54326,0.169668,0,0,0,,,
98.064,odom,map,-1.85213,-0.54326,0.169668,0,0,0,,,
98.1,odom,map,-1.85213,-0.54326,0.169668,0,0,0,,,
98.136,odom,map,-1.85213,-0.54326,0.169668,0,0,0,,,
98.172,odom,map,-1.85213,-0.54326,0.169668,0,0,0,,,
98.208,odom,map,-1.85213,-0.54326,0.169668,0,0,0,,,
98.244,odom,map,-1.85213,-0.54326,0.169668,0,0,0,,,
98.28,odom,map,-1.85213,-0.54326,0.169668,0,0,0,,,
98.316,odom,map,-1.85213,-0.54326,0.169668,0,0,0,,,
98.352,odom,map,-1.85213,-0.54326,0.169668,0,0,0,,,
98.388,odom,map,-1.85213,-0.54326,0.169668,0,0,0,,,
98.424,odom,map,-1.85213,-0.54326,0.169668,0,0,0,,,
98.46,odom,map,-1.85213,-0.54326,0.169668,0,0,0,,,
98.496,odom,map,-1.85213,-0.54326,0.169668,0,0,0,,,
98.532,odom,map,-1.85213,-0.54326,0.169668,0,0,0,,,
98.568,odom,map,-1.85213,-0.54326,0.169668,0,0,0,,,
98.604,odom,map,-1.85213,-0.54326,0.169668,0,0,0,,,
98.64,odom,map,-1.85213,-0.54326,0.169668,0,0,0,,,
98.676,odom,map,-1.85213,-0.54326,0.169668,0,0,0,,,
98.712,odom,map,-1.85213,-0.54326,0.169668,0,0,0,,,
98.748,odom,map,-1.85213,-0.54326,0.169668,0,0,0,,,
98.784,odom,map,-1.85213,-0.54326,0.169668,0,0,0,,,
98.82,odom,map,-1.85213,-0.54326,0.169668,0,0,0,,,
98.856,odom,map,-1.85213,-0.54326,0.169668,0,0,0,,,
98.892,odom,map,-1.85213,-0.54326,0.169668,0,0,0,,,
98.928,odom,map,-1.85213,-0.54326,0.169668,0,0,0,,,
98.964,odom,map,-1.85213,-0.54326,0.169668,0,0,0,,,
99,odom,map,-1.85213,-0.54326,0.169668,0,0,0,,,
99.036,odom,map,-1.85213,-0.54326,0.169668,0,0,0,,,
99.072,odom,map,-1.85213,-0.54326,0.169668,0,0,0,,,
99.108,odom,map,-1.85213,-0.54326,0.169668,0,0,0,,,
99.144,odom,map,-1.85213,-0.54326,0.169668,0,0,0,,,
99.18,odom,map,-1.85213,-0.54326,0.169668,0,0,0,,,
99.216,odom,map,-1.85213,-0.54326,0.169668,0,0,0,,,
99.252,odom,map,-1.85213,-0.54326,0.169668,0,0,0,,,
99.288,odom,map,-1.85213,-0.54326,0.169668,0,0,0,,,
99.324,odom,map,-1.85213,-0.54326,0.169668,0,0,0,,,
99.36,odom,map,-1.85213,-0.54326,0.169668,0,0,0,,,
99.396,odom,map,-1.85213,-0.54326,0.169668,0,0,0,,,
99.432,odom,map,-1.85213,-0.54326,0.169668,0,0,0,,,
99.468,odom,map,-1.85213,-0.54326,0.169668,0,0,0,,,
99.504,odom,map,-1.85213,-0.54326,0.169668,0,0,0,,,
99.54,odom,map,-1.85213,-0.54326,0.169668,0,0,0,,,
99.576,odom,map,-1.85213,-0.54326,0.169668,0,0,0,,,
99.612,odom,map,-1.85213,-0.54326,0.169668,0,0,0,,,
99.648,odom,map,-1.85213,-0.54326,0.169668,0,0,0,,,
99.684,odom,map,-1.85213,-0.54326,0.169668,0,0,0,,,
99.72,odom,map,-1.85213,-0.54326,0.169668,0,0,0,,,
99.756,odom,map,-1.85213,-0.54326,0.169668,0,0,0,,,
99.792,odom,map,-1.85213,-0.54326,0.169668,0,0,0,,,
99.828,odom,map,-1.85213,-0.54326,0.169668,0,0,0,,,
99.864,odom,map,-1.85213,-0.54326,0.169668,0,0,0,,,
99.9,odom,map,-1.85213,-0.54326,0.169668,0,0,0,,,
99.936,odom,map,-1.85213,-0.54326,0.169668,0,0,0,,,
99.972,odom,map,-1.85213,-0.54326,0.169668,0,0,0,,,
100.008,odom,map,-1.85213,-0.54326,0.169668,0,0,0,,,
100.044,odom,map,-1.85213,-0.54326,0.169668,0,0,0,,,
100.08,odom,map,-1.85213,-0.54326,0.169668,0,0,0,,,
100.116,odom,map,-1.85213,-0.54326,0.169668,0,0,0,,,
100.152,odom,map,-1.85213,-0.54326,0.169668,0,0,0,,,
100.188,odom,map,-1.85213,-0.54326,0.169668,0,0,0,,,
100.224,odom,map,-1.85213,-0.54326,0.169668,0,0,0,,,
100.26,odom,map,-1.85213,-0.54326,0.169668,0,0,0,,,
100.296,odom,map,-1.85213,-0.54326,0.169668,0,0,0,,,
100.332,odom,map,-1.85213,-0.54326,0.169668,0,0,0,,,
100.368,odom,map,-1.85213,-0.54326,0.169668,0,0,0,,,
100.404,odom,map,-1.85213,-0.54326,0.169668,0,0,0,,,
100.44,odom,map,-1.85213,-0.54326,0.169668,0,0,0,,,
100.476,odom,map,-1.85213,-0.54326,0.169668,0,0,0,,,
100.512,odom,map,-1.85213,-0.54326,0.169668,0,0,0,,,
100.548,odom,map,-1.85213,-0.54326,0.169668,0,0,0,,,
100.584,odom,map,-1.85213,-0.54326,0.169668,0,0,0,,,
100.62,odom,map,-1.85213,-0.54326,0.169668,0,0,0,,,
100.656,odom,map,-1.85213,-0.54326,0.169668,0,0,0,,,
100.692,odom,map,-1.85213,-0.54326,0.169668,0,0,0,,,
100.728,odom,map,-1.85213,-0.54326,0.169668,0,0,0,,,
100.764,odom,map,-1.85213,-0.54326,0.169668,0,0,0,,,
100.8,odom,map,-1.85213,-0.54326,0.169668,0,0,0,,,
100.836,odom,map,-1.85213,-0.54326,0.169668,0,0,0,,,
100.872,odom,map,-1.85213,-0.54326,0.169668,0,0,0,,,
100.908,odom,map,-1.85213,-0.54326,0.169668,0,0,0,,,
100.944,odom,map,-1.85213,-0.54326,0.169668,0,0,0,,,
100.98,odom,map,-1.85213,-0.54326,0.169668,0,0,0,,,
101.016,odom,map,-1.85213,-0.54326,0.169668,0,0,0,,,
101.052,odom,map,-1.85213,-0.54326,0.169668,0,0,0,,,
101.088,odom,map,-1.85213,-0.54326,0.169668,0,0,0,,,
101.124,odom,map,-1.85213,-0.54326,0.169668,0,0,0,,,
101.16,odom,map,-1.85213,-0.54326,0.169668,0,0,0,,,
101.196,odom,map,-1.85213,-0.54326,0.169668,0,0,0,,,
101.232,odom,map,-1.85213,-0.54326,0.169668,0,0,0,,,
101.268,odom,map,-1.85213,-0.54326,0.169668,0,0,0,,,
101.304,odom,map,-1.85213,-0.54326,0.169668,0,0,0,,,
101.34,odom,map,-1.85213,-0.54326,0.169668,0,0,0,,,
101.376,odom,map,-1.85213,-0.54326,0.169668,0,0,0,,,
101.412,odom,map,-1.85213,-0.54326,0.169668,0,0,0,,,
101.448,odom,map,-1.85213,-0.54326,0.169668,0,0,0,,,
101.484,odom,map,-1.85213,-0.54326,0.169668,0,0,0,,,
101.52,odom,map,-1.85213,-0.54326,0.169668,0,0,0,,,
101.556,odom,map,-1.85213,-0.54326,0.169668,0,0,0,,,
101.592,odom,map,-1.85213,-0.54326,0.169668,0,0,0,,,
101.628,odom,map,-1.85213,-0.54326,0.169668,0,0,0,,,
101.664,odom,map,-1.85213,-0.54326,0.169668,0,0,0,,,
101.7,odom,map,-1.85213,-0.54326,0.169668,0,0,0,,,
101.736,odom,map,-1.85213,-0.54326,0.169668,0,0,0,,,
101.772,odom,map,-1.85213,-0.54326,0.169668,0,0,0,,,
101.808,odom,map,-1.85213,-0.54326,0.169668,0,0,0,,,
101.844,odom,map,-1.85213,-0.54326,0.169668,0,0,0,,,
101.88,odom,map,-1.85213,-0.54326,0.169668,0,0,0,,,
101.916,odom,map,-1.85213,-0.54326,0.169668,0,0,0,,,
101.952,odom,map,-1.85213,-0.54326,0.169668,0,0,0,,,
101.988,odom,map,-1.85213,-0.54326,0.169668,0,0,0,,,
102.024,odom,map,-1.85213,-0.54326,0.169668,0,0,0,,,
102.06,odom,map,-1.85213,-0.54326,0.169668,0,0,0,,,
102.096,odom,map,-1.85213,-0.54326,0.169668,0,0,0,,,
102.132,odom,map,-1.85213,-0.54326,0.169668,0,0,0,,,
102.168,odom,map,-1.85213,-0.54326,0.169668,0,0,0,,,
102.204,odom,map,-1.85213,-0.54326,0.169668,0,0,0,,,
102.24,odom,map,-1.85213,-0.54326,0.169668,0,0,0,,,
102.276,odom,map,-1.85213,-0.54326,0.169668,0,0,0,,,
102.312,odom,map,-1.85213,-0.54326,0.169668,0,0,0,,,
102.348,odom,map,-1.85213,-0.54326,0.169668,0,0,0,,,
102.384,odom,map,-1.85213,-0.54326,0.169668,0,0,0,,,
102.42,odom,map,-1.85213,-0.54326,0.169668,0,0,0,,,
102.456,odom,map,-1.85213,-0.54326,0.169668,0,0,0,,,
102.492,odom,map,-1.85213,-0.54326,0.169668,0,0,0,,,
102.528,odom,map,-1.85213,-0.54326,0.169668,0,0,0,,,
102.564,odom,map,-1.85213,-0.54326,0.169668,0,0,0,,,
102.6,odom,map,-1.85213,-0.54326,0.169668,0,0,0,,,
102.636,odom,map,-1.85213,-0.54326,0.169668,0,0,0,,,
102.672,odom,map,-1.85213,-0.54326,0.169668,0,0,0,,,
102.708,odom,map,-1.85213,-0.54326,0.169668,0,0,0,,,
102.744,odom,map,-1.85213,-0.54326,0.169668,0,0,0,,,
102.78,odom,map,-1.85213,-0.54326,0.169668,0,0,0,,,
102.816,odom,map,-1.85213,-0.54326,0.169668,0,0,0,,,
102.852,odom,map,-1.85213,-0.54326,0.169668,0,0,0,,,
102.888,odom,map,-1.85213,-0.54326,0.169668,0,0,0,,,
102.924,odom,map,-1.85213,-0.54326,0.169668,0,0,0,,,
102.96,odom,map,-1.85213,-0.54326,0.169668,0,0,0,,,
102.996,odom,map,-1.85213,-0.54326,0.169668,0,0,0,,,
103.032,odom,map,-1.85213,-0.54326,0.169668,0,0,0,,,
103.068,odom,map,-1.85213,-0.54326,0.169668,0,0,0,,,
103.104,odom,map,-1.85213,-0.54326,0.169668,0,0,0,,,
103.14,odom,map,-1.85213,-0.54326,0.169668,0,0,0,,,
103.176,odom,map,-1.85213,-0.54326,0.169668,0,0,0,,,
103.212,odom,map,-1.85213,-0.54326,0.169668,0,0,0,,,
103.248,odom,map,-1.85213,-0.54326,0.169668,0,0,0,,,
103.284,odom,map,-1.85213,-0.54326,0.169668,0,0,0,,,
103.32,odom,map,-1.85213,-0.54326,0.169668,0,0,0,,,
103.356,odom,map,-1.85213,-0.54326,0.169668,0,0,0,,,
103.392,odom,map,-1.85213,-0.54326,0.169668,0,0,0,,,
103.428,odom,map,-1.85213,-0.54326,0.169668,0,0,0,,,
103.464,odom,map,-1.85213,-0.54326,0.169668,0,0,0,,,
103.5,odom,map,-1.85213,-0.54326,0.169668,0,0,0,,,
103.536,odom,map,-1.85213,-0.54326,0.169668,0,0,0,,,
103.572,odom,map,-1.85213,-0.54326,0.169668,0,0,0,,,
103.608,odom,map,-1.85213,-0.54326,0.169668,0,0,0,,,
103.644,odom,map,-1.85213,-0.54326,0.169668,0,0,0,,,
103.68,odom,map,-1.85213,-0.54326,0.169668,0,0,0,,,
103.716,odom,map,-1.85213,-0.54326,0.169668,0,0,0,,,
103.752,odom,map,-1.85213,-0.54326,0.169668,0,0,0,,,
103.788,odom,map,-1.85213,-0.54326,0.169668,0,0,0,,,
103.824,odom,map,-1.85213,-0.54326,0.169668,0,0,0,,,
103.86,odom,map,-1.85213,-0.54326,0.169668,0,0,0,,,
103.896,odom,map,-1.85213,-0.54326,0.169668,0,0,0,,,
103.932,odom,map,-1.85213,-0.54326,0.169668,0,0,0,,,
103.968,odom,map,-1.85213,-0.54326,0.169668,0,0,0,,,
104.004,odom,map,-1.85213,-0.54326,0.169668,0,0,0,,,
104.04,odom,map,-1.85213,-0.54326,0.169668,0,0,0,,,
104.076,odom,map,-1.85213,-0.54326,0.169668,0,0,0,,,
104.112,odom,map,-1.85213,-0.54326,0.169668,0,0,0,,,
104.148,odom,map,-1.85213,-0.54326,0.169668,0,0,0,,,
104.184,odom,map,-1.85213,-0.54326,0.169668,0,0,0,,,
104.22,odom,map,-1.85213,-0.54326,0.169668,0,0,0,,,
104.256,odom,map,-1.85213,-0.54326,0.169668,0,0,0,,,
104.292,odom,map,-1.85213,-0.54326,0.169668,0,0,0,,,
104.328,odom,map,-1.85213,-0.54326,0.169668,0,0,0,,,
104.364,odom,map,-1.85213,-0.54326,0.169668,0,0,0,,,
104.4,odom,map,-1.85213,-0.54326,0.169668,0,0,0,,,
104.436,odom,map,-1.85213,-0.54326,0.169668,0,0,0,,,
104.472,odom,map,-1.85213,-0.54326,0.169668,0,0,0,,,
104.508,odom,map,-1.85213,-0.54326,0.169668,0,0,0,,,
104.544,odom,map,-1.85213,-0.54326,0.169668,0,0,0,,,
104.58,odom,map,-1.85213,-0.54326,0.169668,0,0,0,,,
104.616,odom,map,-1.85213,-0.54326,0.169668,0,0,0,,,
104.652,odom,map,-1.85213,-0.54326,0.169668,0,0,0,,,
104.688,odom,map,-1.85213,-0.54326,0.169668,0,0,0,,,
104.724,odom,map,-1.85213,-0.54326,0.169668,0,0,0,,,
104.76,odom,map,-1.85213,-0.54326,0.169668,0,0,0,,,
104.796,odom,map,-1.85213,-0.54326,0.169668,0,0,0,,,
104.832,odom,map,-1.85213,-0.54326,0.169668,0,0,0,,,
104.868,odom,map,-1.85213,-0.54326,0.169668,0,0,0,,,
104.904,odom,map,-1.85213,-0.54326,0.169668,0,0,0,,,
104.94,odom,map,-1.85213,-0.54326,0.169668,0,0,0,,,
104.976,odom,map,-1.85213,-0.54326,0.169668,0,0,0,,,
105.012,odom,map,-1.85213,-0.54326,0.169668,0,0,0,,,
105.048,odom,map,-1.85213,-0.54326,0.169668,0,0,0,,,
105.084,odom,map,-1.85213,-0.54326,0.169668,0,0,0,,,
105.12,odom,map,-1.85213,-0.54326,0.169668,0,0,0,,,
105.156,odom,map,-1.85213,-0.54326,0.169668,0,0,0,,,
105.192,odom,map,-1.85213,-0.54326,0.169668,0,0,0,,,
105.228,odom,map,-1.85213,-0.54326,0.169668,0,0,0,,,
105.264,odom,map,-1.85213,-0.54326,0.169668,0,0,0,,,
105.3,odom,map,-1.85213,-0.54326,0.169668,0,0,0,,,
105.336,odom,map,-1.85213,-0.54326,0.169668,0,0,0,,,
105.372,odom,map,-1.85213,-0.54326,0.169668,0,0,0,,,
105.408,odom,map,-1.85213,-0.54326,0.169668,0,0,0,,,
105.444,odom,map,-1.85213,-0.54326,0.169668,0,0,0,,,
105.48,odom,map,-1.85213,-0.54326,0.169668,0,0,0,,,
105.516,odom,map,-1.85213,-0.54326,0.169668,0,0,0,,,
105.552,odom,map,-1.85213,-0.54326,0.169668,0,0,0,,,
105.588,odom,map,-1.85213,-0.54326,0.169668,0,0,0,,,
105.624,odom,map,-1.85213,-0.54326,0.169668,0,0,0,,,
105.66,odom,map,-1.85213,-0.54326,0.169668,0,0,0,,,
105.696,odom,map,-1.85213,-0.54326,0.169668,0,0,0,,,
105.732,odom,map,-1.85213,-0.54326,0.169668,0,0,0,,,
105.768,odom,map,-1.85213,-0.54326,0.169668,0,0,0,,,
105.804,odom,map,-1.85213,-0.54326,0.169668,0,0,0,,,
105.84,odom,map,-1.85213,-0.54326,0.169668,0,0,0,,,
105.876,odom,map,-1.85213,-0.54326,0.169668,0,0,0,,,
105.912,odom,map,-1.85213,-0.54326,0.169668,0,0,0,,,
105.948,odom,map,-1.85213,-0.54326,0.169668,0,0,0,,,
105.984,odom,map,-1.85213,-0.54326,0.169668,0,0,0,,,
106.02,odom,map,-1.85213,-0.54326,0.169668,0,0,0,,,
106.056,odom,map,-1.85213,-0.54326,0.169668,0,0,0,,,
106.092,odom,map,-1.85213,-0.54326,0.169668,0,0,0,,,
106.128,odom,map,-1.85213,-0.54326,0.169668,0,0,0,,,
106.164,odom,map,-1.85213,-0.54326,0.169668,0,0,0,,,
106.2,odom,map,-1.85213,-0.54326,0.169668,0,0,0,,,
106.236,odom,map,-1.85213,-0.54326,0.169668,0,0,0,,,
106.272,odom,map,-1.85213,-0.54326,0.169668,0,0,0,,,
106.308,odom,map,-1.85213,-0.54326,0.169668,0,0,0,,,
106.344,odom,map,-1.85213,-0.54326,0.169668,0,0,0,,,
106.38,odom,map,-1.85213,-0.54326,0.169668,0,0,0,,,
106.416,odom,map,-1.85213,-0.54326,0.169668,0,0,0,,,
106.452,odom,map,-1.85213,-0.54326,0.169668,0,0,0,,,
106.488,odom,map,-1.85213,-0.54326,0.169668,0,0,0,,,
106.524,odom,map,-1.85213,-0.54326,0.169668,0,0,0,,,
106.56,odom,map,-1.85213,-0.54326,0.169668,0,0,0,,,
106.596,odom,map,-1.85213,-0.54326,0.169668,0,0,0,,,
106.632,odom,map,-1.85213,-0.54326,0.169668,0,0,0,,,
106.668,odom,map,-1.85213,-0.54326,0.169668,0,0,0,,,
106.704,odom,map,-1.85213,-0.54326,0.169668,0,0,0,,,
106.74,odom,map,-1.85213,-0.54326,0.169668,0,0,0,,,
106.776,odom,map,-1.85213,-0.54326,0.169668,0,0,0,,,
106.812,odom,map,-1.85213,-0.54326,0.169668,0,0,0,,,
106.848,odom,map,-1.85213,-0.54326,0.169668,0,0,0,,,
106.884,odom,map,-1.85213,-0.54326,0.169668,0,0,0,,,
106.92,odom,map,-1.85213,-0.54326,0.169668,0,0,0,,,
106.956,odom,map,-1.85213,-0.54326,0.169668,0,0,0,,,
106.992,odom,map,-1.85213,-0.54326,0.169668,0,0,0,,,
107.028,odom,map,-1.85213,-0.54326,0.169668,0,0,0,,,
107.064,odom,map,-1.85213,-0.54326,0.169668,0,0,0,,,
107.1,odom,map,-1.85213,-0.54326,0.169668,0,0,0,,,
107.136,odom,map,-1.85213,-0.54326,0.169668,0,0,0,,,
107.172,odom,map,-1.85213,-0.54326,0.169668,0,0,0,,,
107.208,odom,map,-1.85213,-0.54326,0.169668,0,0,0,,,
107.244,odom,map,-1.85213,-0.54326,0.169668,0,0,0,,,
107.28,odom,map,-1.85213,-0.54326,0.169668,0,0,0,,,
107.316,odom,map,-1.85213,-0.54326,0.169668,0,0,0,,,
107.352,odom,map,-1.85213,-0.54326,0.169668,0,0,0,,,
107.388,odom,map,-1.85213,-0.54326,0.169668,0,0,0,,,
107.424,odom,map,-1.85213,-0.54326,0.169668,0,0,0,,,
107.46,odom,map,-1.85213,-0.54326,0.169668,0,0,0,,,
107.496,odom,map,-1.85213,-0.54326,0.169668,0,0,0,,,
107.532,odom,map,-1.85213,-0.54326,0.169668,0,0,0,,,
107.568,odom,map,-1.85213,-0.54326,0.169668,0,0,0,,,
107.604,odom,map,-1.85213,-0.54326,0.169668,0,0,0,,,
107.64,odom,map,-1.85213,-0.54326,0.169668,0,0,0,,,
107.676,odom,map,-1.85213,-0.54326,0.169668,0,0,0,,,
107.712,odom,map,-1.85213,-0.54326,0.169668,0,0,0,,,
107.748,odom,map,-1.85213,-0.54326,0.169668,0,0,0,,,
107.784,odom,map,-1.85213,-0.54326,0.169668,0,0,0,,,
107.82,odom,map,-1.85213,-0.54326,0.169668,0,0,0,,,
107.856,odom,map,-1.85213,-0.54326,0.169668,0,0,0,,,
107.892,odom,map,-1.85213,-0.54326,0.169668,0,0,0,,,
107.928,odom,map,-1.85213,-0.54326,0.169668,0,0,0,,,
107.964,odom,map,-1.85213,-0.54326,0.169668,0,0,0,,,
108,odom,map,-1.85213,-0.54326,0.169668,0,0,0,,,
108.036,odom,map,-1.85213,-0.54326,0.169668,0,0,0,,,
108.072,odom,map,-1.85213,-0.54326,0.169668,0,0,0,,,
108.108,odom,map,-1.85213,-0.54326,0.169668,0,0,0,,,
108.144,odom,map,-1.85213,-0.54326,0.169668,0,0,0,,,
108.18,odom,map,-1.85213,-0.54326,0.169668,0,0,0,,,
108.216,odom,map,-1.85213,-0.54326,0.169668,0,0,0,,,
108.252,odom,map,-1.85213,-0.54326,0.169668,0,0,0,,,
108.288,odom,map,-1.85213,-0.54326,0.169668,0,0,0,,,
108.324,odom,map,-1.85213,-0.54326,0.169668,0,0,0,,,
