time,source,frame,x,y,theta,cov_xx,cov_yy,cov_xy,runtime_ms,ess,resampling_triggered
4.8,amcl,map,-1.97641,-0.526564,-0.0151862,0.178932,0.207953,-0.012029,,,
5.802,amcl,map,-1.99901,-0.508263,0.00540612,0.165939,0.195823,-0.00229503,,,
5.832,odom,map,-1.97641,-0.526564,-0.0151862,0,0,0,,,
5.868,odom,map,-1.97641,-0.526564,-0.0151862,0,0,0,,,
5.904,odom,map,-1.97641,-0.526564,-0.0151862,0,0,0,,,
5.94,odom,map,-1.97641,-0.526564,-0.0151862,0,0,0,,,
5.976,odom,map,-1.97641,-0.526564,-0.0151862,0,0,0,,,
6.012,odom,map,-1.97641,-0.526564,-0.0151862,0,0,0,,,
6.048,odom,map,-1.97641,-0.526564,-0.0151862,0,0,0,,,
6.084,odom,map,-1.97641,-0.526564,-0.0151862,0,0,0,,,
6.12,odom,map,-1.97641,-0.526564,-0.0151862,0,0,0,,,
6.156,odom,map,-1.97641,-0.526564,-0.0151862,0,0,0,,,
6.192,odom,map,-1.97641,-0.526564,-0.0151862,0,0,0,,,
6.228,odom,map,-1.97641,-0.526564,-0.0151862,0,0,0,,,
6.264,odom,map,-1.97641,-0.526564,-0.0151862,0,0,0,,,
6.3,odom,map,-1.97641,-0.526564,-0.0151862,0,0,0,,,
6.336,odom,map,-1.97641,-0.526564,-0.0151862,0,0,0,,,
6.372,odom,map,-1.97641,-0.526564,-0.0151862,0,0,0,,,
6.408,odom,map,-1.97641,-0.526564,-0.0151862,0,0,0,,,
6.444,odom,map,-1.97641,-0.526564,-0.0151862,0,0,0,,,
6.48,odom,map,-1.97641,-0.526564,-0.0151862,0,0,0,,,
6.516,odom,map,-1.97641,-0.526564,-0.0151862,0,0,0,,,
6.552,odom,map,-1.97641,-0.526564,-0.0151862,0,0,0,,,
6.588,odom,map,-1.97641,-0.526564,-0.0151862,0,0,0,,,
6.624,odom,map,-1.979,-0.52447,-0.0128298,0,0,0,,,
6.66,odom,map,-1.98305,-0.521192,-0.00914168,0,0,0,,,
6.696,odom,map,-1.98709,-0.517914,-0.0054535,0,0,0,,,
6.732,odom,map,-1.99114,-0.514636,-0.00176533,0,0,0,,,
6.768,odom,map,-1.99519,-0.511358,0.00192284,0,0,0,,,
6.804,odom,map,-1.99901,-0.508263,0.00540612,0,0,0,,,
6.801,amcl,map,-1.97131,-0.526022,0.00151345,0.195241,0.238131,-0.0108871,,,
6.84,odom,map,-1.99901,-0.508263,0.00540612,0,0,0,,,
6.876,odom,map,-1.99901,-0.508263,0.00540612,0,0,0,,,
6.912,odom,map,-1.99901,-0.508263,0.00540612,0,0,0,,,
6.948,odom,map,-1.99901,-0.508263,0.00540612,0,0,0,,,
6.984,odom,map,-1.99901,-0.508263,0.00540612,0,0,0,,,
7.02,odom,map,-1.99901,-0.508263,0.00540612,0,0,0,,,
7.056,odom,map,-1.99901,-0.508263,0.00540612,0,0,0,,,
7.092,odom,map,-1.99901,-0.508263,0.00540612,0,0,0,,,
7.128,odom,map,-1.99901,-0.508263,0.00540612,0,0,0,,,
7.164,odom,map,-1.99901,-0.508263,0.00540612,0,0,0,,,
7.2,odom,map,-1.99901,-0.508263,0.00540612,0,0,0,,,
7.236,odom,map,-1.99901,-0.508263,0.00540612,0,0,0,,,
7.272,odom,map,-1.99901,-0.508263,0.00540612,0,0,0,,,
7.308,odom,map,-1.99901,-0.508263,0.00540612,0,0,0,,,
7.344,odom,map,-1.99901,-0.508263,0.00540612,0,0,0,,,
7.38,odom,map,-1.99901,-0.508263,0.00540612,0,0,0,,,
7.416,odom,map,-1.99901,-0.508263,0.00540612,0,0,0,,,
7.452,odom,map,-1.99901,-0.508263,0.00540612,0,0,0,,,
7.488,odom,map,-1.99901,-0.508263,0.00540612,0,0,0,,,
7.524,odom,map,-1.99901,-0.508263,0.00540612,0,0,0,,,
7.56,odom,map,-1.99901,-0.508263,0.00540612,0,0,0,,,
7.596,odom,map,-1.99901,-0.508263,0.00540612,0,0,0,,,
7.632,odom,map,-1.9946,-0.51109,0.00478639,0,0,0,,,
7.668,odom,map,-1.98964,-0.514271,0.0040892,0,0,0,,,
7.704,odom,map,-1.98468,-0.517451,0.003392,0,0,0,,,
7.74,odom,map,-1.97972,-0.520632,0.00269481,0,0,0,,,
7.776,odom,map,-1.97475,-0.523813,0.00199762,0,0,0,,,
7.812,odom,map,-1.97131,-0.526022,0.00151345,0,0,0,,,
7.8,amcl,map,-1.97847,-0.467899,-0.00411613,0.18135,0.233042,-0.0148915,,,
7.848,odom,map,-1.97131,-0.526022,0.00151345,0,0,0,,,
7.884,odom,map,-1.97131,-0.526022,0.00151345,0,0,0,,,
7.92,odom,map,-1.97131,-0.526022,0.00151345,0,0,0,,,
7.956,odom,map,-1.97131,-0.526022,0.00151345,0,0,0,,,
7.992,odom,map,-1.97131,-0.526022,0.00151345,0,0,0,,,
8.028,odom,map,-1.97131,-0.526022,0.00151345,0,0,0,,,
8.064,odom,map,-1.97131,-0.526022,0.00151345,0,0,0,,,
8.1,odom,map,-1.97131,-0.526022,0.00151345,0,0,0,,,
8.136,odom,map,-1.97131,-0.526022,0.00151345,0,0,0,,,
8.172,odom,map,-1.97131,-0.526022,0.00151345,0,0,0,,,
8.208,odom,map,-1.97131,-0.526022,0.00151345,0,0,0,,,
8.244,odom,map,-1.97131,-0.526022,0.00151345,0,0,0,,,
8.28,odom,map,-1.97131,-0.526022,0.00151345,0,0,0,,,
8.316,odom,map,-1.97131,-0.526022,0.00151345,0,0,0,,,
8.352,odom,map,-1.97131,-0.526022,0.00151345,0,0,0,,,
8.388,odom,map,-1.97131,-0.526022,0.00151345,0,0,0,,,
8.424,odom,map,-1.97131,-0.526022,0.00151345,0,0,0,,,
8.46,odom,map,-1.97131,-0.526022,0.00151345,0,0,0,,,
8.496,odom,map,-1.97131,-0.526022,0.00151345,0,0,0,,,
8.532,odom,map,-1.97131,-0.526022,0.00151345,0,0,0,,,
8.568,odom,map,-1.97131,-0.526022,0.00151345,0,0,0,,,
8.604,odom,map,-1.97138,-0.525435,0.00145659,0,0,0,,,
8.64,odom,map,-1.97268,-0.514867,0.000433028,0,0,0,,,
8.676,odom,map,-1.97399,-0.504299,-0.000590533,0,0,0,,,
8.712,odom,map,-1.97529,-0.493732,-0.00161409,0,0,0,,,
8.748,odom,map,-1.97659,-0.483164,-0.00263765,0,0,0,,,
8.784,odom,map,-1.97789,-0.472596,-0.00366122,0,0,0,,,
8.82,odom,map,-1.97847,-0.467899,-0.00411613,0,0,0,,,
8.856,odom,map,-1.97847,-0.467899,-0.00411613,0,0,0,,,
8.892,odom,map,-1.97847,-0.467899,-0.00411613,0,0,0,,,
8.928,odom,map,-1.97847,-0.467899,-0.00411613,0,0,0,,,
8.964,odom,map,-1.97847,-0.467899,-0.00411613,0,0,0,,,
9,odom,map,-1.97847,-0.467899,-0.00411613,0,0,0,,,
9,ekf_predict_only,map,-2,-0.5,0,0.25,0.25,0,,,
9,kf,map,-2,-0.5,1.42611e-21,0.0429511,0.0429511,0,0.112334,,
9,ekf,map,-2,-0.5,1.42611e-21,0.0429511,0.0429511,0,0.064833,,
9,pf,map,-2.04253,-0.430046,-0.0351318,0.0491636,0.0335015,0.00753872,4.80083,28.2478,0
9.036,odom,map,-1.97847,-0.467899,-0.00411613,0,0,0,,,
9.072,odom,map,-1.97847,-0.467899,-0.00411613,0,0,0,,,
9.108,odom,map,-1.97847,-0.467899,-0.00411613,0,0,0,,,
9.144,odom,map,-1.97847,-0.467899,-0.00411613,0,0,0,,,
9.18,odom,map,-1.97847,-0.467899,-0.00411613,0,0,0,,,
9.216,odom,map,-1.97847,-0.467899,-0.00411613,0,0,0,,,
9.216,ekf_predict_only,map,-2,-0.5,0,0.45,0.45,0,,,
9.216,kf,map,-2,-0.5,4.54649e-21,0.0417296,0.0417296,0,0.063083,,
9.216,ekf,map,-2,-0.5,4.55836e-21,0.0418884,0.0418884,0,0.067417,,
9.216,pf,map,-2.0468,-0.467332,0.00472935,0.0468471,0.0483944,-0.0015443,4.82637,180.207,0
9.252,odom,map,-1.97847,-0.467899,-0.00411613,0,0,0,,,
9.288,odom,map,-1.97847,-0.467899,-0.00411613,0,0,0,,,
9.324,odom,map,-1.97847,-0.467899,-0.00411613,0,0,0,,,
9.36,odom,map,-1.97847,-0.467899,-0.00411613,0,0,0,,,
9.396,odom,map,-1.97847,-0.467899,-0.00411613,0,0,0,,,
9.432,odom,map,-1.97847,-0.467899,-0.00411613,0,0,0,,,
9.396,ekf_predict_only,map,-2,-0.5,0,0.65,0.65,0,,,
9.396,ekf,map,-2,-0.5,-1.35887e-21,0.0419746,0.0419746,0,0.151958,,
9.396,kf,map,-2,-0.5,-1.3104e-21,0.0416166,0.0416166,0,0.089084,,
9.396,pf,map,-2.03767,-0.460471,0.00333069,0.0413183,0.0440705,-0.00283586,5.88046,160.072,0
9.468,odom,map,-1.97847,-0.467899,-0.00411613,0,0,0,,,
9.504,odom,map,-1.97847,-0.467899,-0.00411613,0,0,0,,,
9.54,odom,map,-1.97847,-0.467899,-0.00411613,0,0,0,,,
9.576,odom,map,-1.97847,-0.467899,-0.00411613,0,0,0,,,
9.612,odom,map,-1.97847,-0.467899,-0.00411613,0,0,0,,,
9.612,kf,map,-2,-0.5,-2.06349e-21,0.0416929,0.0416929,0,0.72975,,
9.612,ekf_predict_only,map,-2,-0.5,0,0.85,0.85,0,,,
9.612,ekf,map,-2,-0.5,-2.08374e-21,0.0424068,0.0424068,0,0.06075,,
9.612,pf,map,-2.03278,-0.486007,0.00377813,0.0378616,0.0377521,-0.00108002,5.76438,164.503,0
9.648,odom,map,-1.97847,-0.467899,-0.00411613,0,0,0,,,
9.684,odom,map,-1.97847,-0.467899,-0.00411613,0,0,0,,,
9.72,odom,map,-1.97847,-0.467899,-0.00411613,0,0,0,,,
9.756,odom,map,-1.97806,-0.467901,-0.00385634,0,0,0,,,
9.792,odom,map,-1.97639,-0.467907,-0.00319353,0,0,0,,,
9.792,ekf_predict_only,map,-1.98567,-0.5,0.00350618,1.05,1.05009,0,,,
9.792,kf,map,-1.99587,-0.499999,0.00135584,0.0416156,0.0416156,0,0.113417,,
9.828,odom,map,-1.97364,-0.467915,-0.00249229,0,0,0,,,
9.792,ekf,map,-1.99604,-0.5,0.00131862,0.0423359,0.042336,1.79467e-28,0.768625,,
9.792,pf,map,-2.03638,-0.487944,-0.0186498,0.04436,0.0458277,-0.00300787,10.8722,184.07,0
9.864,odom,map,-1.97045,-0.467922,-0.00233438,0,0,0,,,
9.9,odom,map,-1.96604,-0.467934,-0.00341434,0,0,0,,,
9.936,odom,map,-1.96117,-0.467954,-0.0046771,0,0,0,,,
9.972,odom,map,-1.95586,-0.467983,-0.00635897,0,0,0,,,
10.008,odom,map,-1.94987,-0.468028,-0.00875938,0,0,0,,,
10.008,ekf_predict_only,map,-1.94849,-0.49987,-0.0132603,1.25,1.25125,-3.30549e-06,,,
10.008,kf,map,-1.96929,-0.500001,-0.00643217,0.0416929,0.0416929,0,0.111208,,
10.008,ekf,map,-1.96959,-0.499994,-0.00620921,0.0427535,0.0427542,-7.4053e-10,0.09,,
10.008,pf,map,-2.02752,-0.483873,-0.0270533,0.0455399,0.0419734,0.003415,4.89629,162.126,0
10.044,odom,map,-1.9434,-0.468095,-0.0118699,0,0,0,,,
10.08,odom,map,-1.93664,-0.468186,-0.0151885,0,0,0,,,
10.116,odom,map,-1.92973,-0.468303,-0.0186789,0,0,0,,,
10.152,odom,map,-1.92229,-0.468457,-0.0226925,0,0,0,,,
10.188,odom,map,-1.91475,-0.468643,-0.0267906,0,0,0,,,
10.224,odom,map,-1.90715,-0.468863,-0.0309021,0,0,0,,,
10.188,ekf_predict_only,map,-1.91019,-0.500377,-0.0338844,1.45,1.4541,1.90324e-05,,,
10.188,kf,map,-1.93539,-0.500442,-0.0234093,0.0416156,0.0416156,0,0.101542,,
10.188,ekf,map,-1.93553,-0.500441,-0.023295,0.0425414,0.0425427,3.4848e-09,0.065167,,
10.188,pf,map,-1.98712,-0.465202,-0.0271158,0.0420244,0.0420806,0.00155554,5.93671,161.176,0
10.26,odom,map,-1.89935,-0.46912,-0.0350052,0,0,0,,,
10.296,odom,map,-1.89137,-0.469416,-0.0392214,0,0,0,,,
10.332,odom,map,-1.88338,-0.469747,-0.0434633,0,0,0,,,
10.368,odom,map,-1.87514,-0.470123,-0.0478837,0,0,0,,,
10.404,odom,map,-1.86672,-0.470546,-0.0526296,0,0,0,,,
10.404,ekf,map,-1.8877,-0.502103,-0.0492397,0.0429357,0.0429385,3.12077e-08,0.059,,
10.404,ekf_predict_only,map,-1.85906,-0.502111,-0.0642403,1.65,1.66101,0.000180585,,,
10.404,kf,map,-1.88758,-0.502096,-0.049386,0.0416929,0.0416929,0,0.057666,,
10.404,pf,map,-1.91607,-0.490743,-0.082143,0.0399859,0.0404828,0.000375855,5.92817,173.605,0
10.44,odom,map,-1.85823,-0.471015,-0.0576369,0,0,0,,,
10.476,odom,map,-1.84972,-0.471527,-0.0626963,0,0,0,,,
10.512,odom,map,-1.84117,-0.472087,-0.067925,0,0,0,,,
10.548,odom,map,-1.83262,-0.472691,-0.0732136,0,0,0,,,
10.584,odom,map,-1.82408,-0.47334,-0.0784921,0,0,0,,,
10.584,kf,map,-1.84549,-0.504704,-0.0746534,0.0416156,0.0416156,0,0.065167,,
10.62,odom,map,-1.81558,-0.474032,-0.0838168,0,0,0,,,
10.584,ekf_predict_only,map,-1.81648,-0.50485,-0.0908847,1.85002,1.86981,0.000575135,,,
10.584,ekf,map,-1.84552,-0.504715,-0.0745981,0.042645,0.0426477,6.71667e-08,0.120833,,
10.584,pf,map,-1.89022,-0.496718,-0.0917982,0.0385087,0.0397988,0.00367889,7.05108,168.278,0
10.656,odom,map,-1.80718,-0.47476,-0.0892691,0,0,0,,,
10.692,odom,map,-1.7988,-0.475533,-0.0947671,0,0,0,,,
10.728,odom,map,-1.79041,-0.476354,-0.100262,0,0,0,,,
10.764,odom,map,-1.78209,-0.477214,-0.105848,0,0,0,,,
10.8,odom,map,-1.77374,-0.478124,-0.110928,0,0,0,,,
10.8,ekf_predict_only,map,-1.76617,-0.509435,-0.119305,2.05007,2.0843,0.00152966,,,
10.8,kf,map,-1.79521,-0.509231,-0.106191,0.0416929,0.0416929,0,0.058209,,
10.8,ekf,map,-1.79522,-0.50926,-0.106283,0.0430242,0.0430283,1.63464e-07,0.057959,,
10.8,pf,map,-1.85881,-0.470488,-0.111343,0.0375562,0.0395131,0.00356925,6.11913,163.206,0
10.836,odom,map,-1.76526,-0.479088,-0.115527,0,0,0,,,
10.872,odom,map,-1.75673,-0.480098,-0.120059,0,0,0,,,
10.908,odom,map,-1.74833,-0.481129,-0.124295,0,0,0,,,
10.944,odom,map,-1.73994,-0.482194,-0.128212,0,0,0,,,
10.98,odom,map,-1.73154,-0.483293,-0.132018,0,0,0,,,
11.016,odom,map,-1.7232,-0.484416,-0.135653,0,0,0,,,
11.016,ekf_predict_only,map,-1.7162,-0.515425,-0.140578,2.2502,2.30355,0.00323376,,,
11.016,kf,map,-1.74475,-0.515316,-0.130861,0.041695,0.041695,0,0.151792,,
11.016,ekf,map,-1.74474,-0.51535,-0.130986,0.0430663,0.0430706,2.54838e-07,0.061625,,
11.016,pf,map,-1.77097,-0.488877,-0.143398,0.0402206,0.0416704,0.00065473,4.78042,183.876,0
11.001,amcl,map,-1.72691,-0.478677,-0.132785,0.141274,0.206832,-0.0175223,,,
11.052,odom,map,-1.71493,-0.48556,-0.138915,0,0,0,,,
11.088,odom,map,-1.70666,-0.486729,-0.142018,0,0,0,,,
11.124,odom,map,-1.69841,-0.487922,-0.144929,0,0,0,,,
11.16,odom,map,-1.69007,-0.489151,-0.147745,0,0,0,,,
11.196,odom,map,-1.6816,-0.490422,-0.150255,0,0,0,,,
11.196,kf,map,-1.70273,-0.521258,-0.145245,0.0416157,0.0416157,0,0.063125,,
11.232,odom,map,-1.67294,-0.491743,-0.152294,0,0,0,,,
11.196,ekf,map,-1.70277,-0.521275,-0.145378,0.0426906,0.0426942,2.91814e-07,0.123792,,
11.196,ekf_predict_only,map,-1.67269,-0.521582,-0.150525,2.45042,2.52464,0.00548865,,,
11.196,pf,map,-1.75776,-0.499048,-0.152163,0.0438915,0.036425,-8.72859e-05,7.63108,175.532,0
11.268,odom,map,-1.66425,-0.493085,-0.154284,0,0,0,,,
11.304,odom,map,-1.65552,-0.494451,-0.156141,0,0,0,,,
11.34,odom,map,-1.64673,-0.495843,-0.157768,0,0,0,,,
11.376,odom,map,-1.63791,-0.497252,-0.15931,0,0,0,,,
11.412,odom,map,-1.62899,-0.498693,-0.160589,0,0,0,,,
11.412,kf,map,-1.65011,-0.529323,-0.155726,0.0416929,0.0416929,0,0.0595,,
11.412,ekf_predict_only,map,-1.61867,-0.529776,-0.157258,2.65084,2.75703,0.00934756,,,
11.412,ekf,map,-1.65016,-0.529337,-0.155868,0.0430571,0.0430618,5.00569e-07,0.113834,,
11.412,pf,map,-1.69764,-0.500364,-0.161426,0.0465754,0.0384438,-0.000237901,5.27446,183.311,0
11.448,odom,map,-1.61994,-0.500163,-0.161574,0,0,0,,,
11.484,odom,map,-1.61084,-0.501649,-0.162304,0,0,0,,,
11.52,odom,map,-1.60175,-0.503142,-0.163014,0,0,0,,,
11.556,odom,map,-1.59249,-0.504668,-0.163449,0,0,0,,,
11.592,odom,map,-1.58305,-0.506224,-0.163474,0,0,0,,,
11.592,ekf_predict_only,map,-1.57002,-0.53749,-0.155622,2.8514,2.99253,0.013916,,,
11.628,odom,map,-1.57342,-0.507812,-0.163227,0,0,0,,,
11.592,ekf,map,-1.60401,-0.536744,-0.15861,0.0427118,0.0427159,5.09358e-07,0.064084,,
11.592,kf,map,-1.60393,-0.536741,-0.158474,0.0416156,0.0416156,0,0.10875,,
11.592,pf,map,-1.66282,-0.522419,-0.173998,0.0380529,0.0447667,0.00252778,20.3429,160.708,0
11.664,odom,map,-1.5637,-0.509411,-0.162899,0,0,0,,,
11.7,odom,map,-1.55394,-0.511013,-0.162395,0,0,0,,,
11.736,odom,map,-1.54402,-0.512634,-0.161563,0,0,0,,,
11.772,odom,map,-1.53392,-0.514276,-0.160466,0,0,0,,,
11.808,ekf_predict_only,map,-1.50895,-0.547071,-0.148113,3.05232,3.2463,0.0210618,,,
11.808,kf,map,-1.54472,-0.546202,-0.154411,0.0416929,0.0416929,0,0.127459,,
11.808,odom,map,-1.52375,-0.515695,-0.15916,0,0,0,,,
11.808,ekf,map,-1.54479,-0.546199,-0.154545,0.0430801,0.0430858,7.87354e-07,0.060791,,
11.808,pf,map,-1.57732,-0.555055,-0.161481,0.0358481,0.0421146,-0.00013528,5.18829,163.737,0
11.844,odom,map,-1.51352,-0.516339,-0.157306,0,0,0,,,
11.88,odom,map,-1.5031,-0.516988,-0.15496,0,0,0,,,
11.916,odom,map,-1.4924,-0.51765,-0.152137,0,0,0,,,
11.952,odom,map,-1.48158,-0.518295,-0.149149,0,0,0,,,
11.988,odom,map,-1.47048,-0.518944,-0.145858,0,0,0,,,
12.024,odom,map,-1.45896,-0.520256,-0.142758,0,0,0,,,
11.988,ekf,map,-1.49084,-0.554374,-0.142556,0.042725,0.0427302,7.6398e-07,0.066958,,
11.988,ekf_predict_only,map,-1.45033,-0.555817,-0.133468,3.25339,3.50823,0.0292805,,,
11.988,kf,map,-1.49071,-0.554394,-0.142465,0.0416156,0.0416156,0,0.056333,,
11.988,pf,map,-1.53491,-0.532865,-0.159402,0.0405012,0.0438788,-0.000365667,4.88883,176.512,0
12,amcl,map,-1.46348,-0.535801,-0.142008,0.116331,0.179727,-0.0137815,,,
12.06,odom,map,-1.44689,-0.521972,-0.139736,0,0,0,,,
12.096,odom,map,-1.43465,-0.523675,-0.136695,0,0,0,,,
12.132,odom,map,-1.42202,-0.525391,-0.13355,0,0,0,,,
12.168,odom,map,-1.40901,-0.527118,-0.130294,0,0,0,,,
12.204,odom,map,-1.39569,-0.528841,-0.126974,0,0,0,,,
12.204,ekf_predict_only,map,-1.3698,-0.56663,-0.113457,3.45505,3.81099,0.0423652,,,
12.204,kf,map,-1.4157,-0.564539,-0.12392,0.0416929,0.0416929,0,0.056417,,
12.204,ekf,map,-1.4159,-0.564493,-0.123981,0.0430912,0.0430991,1.18187e-06,0.064291,,
12.204,pf,map,-1.4458,-0.539011,-0.144545,0.0463644,0.0459991,-0.001957,4.65242,159.362,0
12.24,odom,map,-1.38225,-0.530534,-0.123639,0,0,0,,,
12.276,odom,map,-1.36861,-0.532204,-0.12013,0,0,0,,,
12.312,odom,map,-1.35472,-0.533856,-0.116628,0,0,0,,,
12.348,odom,map,-1.34058,-0.535487,-0.113025,0,0,0,,,
12.384,odom,map,-1.32628,-0.537084,-0.109339,0,0,0,,,
12.42,odom,map,-1.31188,-0.538637,-0.105455,0,0,0,,,
12.384,ekf,map,-1.34684,-0.572487,-0.106203,0.0427311,0.0427387,1.07906e-06,0.063709,,
12.384,ekf_predict_only,map,-1.29757,-0.574861,-0.093488,3.65658,4.12155,0.0553553,,,
12.384,kf,map,-1.34672,-0.572516,-0.106137,0.0416156,0.0416156,0,0.088208,,
12.384,pf,map,-1.40014,-0.559016,-0.113069,0.0414407,0.0455665,-0.00546064,4.66692,167.385,0
12.456,odom,map,-1.29713,-0.540169,-0.101521,0,0,0,,,
12.492,odom,map,-1.28226,-0.541654,-0.0975984,0,0,0,,,
12.528,odom,map,-1.26724,-0.543093,-0.0934563,0,0,0,,,
12.564,odom,map,-1.25209,-0.544482,-0.0894174,0,0,0,,,
12.6,odom,map,-1.23683,-0.54582,-0.0853497,0,0,0,,,
12.6,ekf_predict_only,map,-1.20572,-0.583472,-0.068624,3.85843,4.4889,0.0730793,,,
12.6,ekf,map,-1.2575,-0.581005,-0.0824141,0.0430962,0.0431075,1.47277e-06,0.064542,,
12.6,kf,map,-1.2574,-0.581048,-0.0823691,0.0416929,0.0416929,0,0.111875,,
12.6,pf,map,-1.28044,-0.564289,-0.0848339,0.0409638,0.0393364,0.00232004,4.92746,162.194,0
12.636,odom,map,-1.2215,-0.547099,-0.0812057,0,0,0,,,
12.672,odom,map,-1.20605,-0.548324,-0.0770756,0,0,0,,,
12.708,odom,map,-1.19059,-0.549486,-0.0729581,0,0,0,,,
12.744,odom,map,-1.17525,-0.550576,-0.0687686,0,0,0,,,
12.78,odom,map,-1.15995,-0.551597,-0.0645404,0,0,0,,,
12.816,odom,map,-1.14451,-0.553662,-0.0600616,0,0,0,,,
12.816,ekf_predict_only,map,-1.11485,-0.589718,-0.0427541,4.05995,4.88551,0.0908659,,,
12.816,ekf,map,-1.16591,-0.587444,-0.0573624,0.0431143,0.0431267,1.42663e-06,0.062125,,
12.816,kf,map,-1.16592,-0.587484,-0.0573292,0.041695,0.041695,0,0.054084,,
12.816,pf,map,-1.19309,-0.569362,-0.0617783,0.0444697,0.0504354,-0.00195174,5.9425,150.909,0
12.801,amcl,map,-1.15959,-0.560586,-0.0667534,0.0985939,0.152788,-0.00884697,,,
12.852,odom,map,-1.12888,-0.557394,-0.0551983,0,0,0,,,
12.888,odom,map,-1.11341,-0.561037,-0.0502849,0,0,0,,,
12.924,odom,map,-1.09808,-0.564591,-0.0454386,0,0,0,,,
12.96,odom,map,-1.08295,-0.568058,-0.0403816,0,0,0,,,
12.996,odom,map,-1.06807,-0.571433,-0.0351917,0,0,0,,,
13.032,odom,map,-1.05382,-0.572213,-0.0304218,0,0,0,,,
12.996,kf,map,-1.09277,-0.590843,-0.0349021,0.0416157,0.0416157,0,0.109792,,
12.996,ekf_predict_only,map,-1.04398,-0.59275,-0.0191836,4.26074,5.26137,0.103873,,,
12.996,ekf,map,-1.09271,-0.590821,-0.0349363,0.0427162,0.0427264,1.00375e-06,0.107333,,
12.996,pf,map,-1.1217,-0.554564,-0.0433079,0.041795,0.0440966,-0.000123757,4.61704,172.851,0
13.068,odom,map,-1.0398,-0.572605,-0.0254419,0,0,0,,,
13.104,odom,map,-1.026,-0.572921,-0.0201885,0,0,0,,,
13.14,odom,map,-1.01247,-0.573157,-0.0147409,0,0,0,,,
13.176,odom,map,-0.998962,-0.57332,-0.00928371,0,0,0,,,
13.212,odom,map,-0.985674,-0.573407,-0.00386403,0,0,0,,,
13.212,ekf_predict_only,map,-0.964683,-0.594271,0.0132894,4.46115,5.68282,0.116711,,,
13.212,ekf,map,-1.01046,-0.592532,-0.00366596,0.0430782,0.0430909,1.02789e-06,0.103833,,
13.212,kf,map,-1.01056,-0.592567,-0.00362271,0.0416929,0.0416929,0,0.651125,,
13.212,pf,map,-1.06379,-0.588298,-0.019728,0.0404245,0.0394248,0.00148767,6.89046,180.425,0
13.248,odom,map,-0.972478,-0.573422,0.00168141,0,0,0,,,
13.284,odom,map,-0.959409,-0.573361,0.00791424,0,0,0,,,
13.32,odom,map,-0.946409,-0.573211,0.0151718,0,0,0,,,
13.356,odom,map,-0.933455,-0.572966,0.0228379,0,0,0,,,
13.392,odom,map,-0.920462,-0.572613,0.0317389,0,0,0,,,
13.428,odom,map,-0.907466,-0.572141,0.0408522,0,0,0,,,
13.392,ekf_predict_only,map,-0.899665,-0.593407,0.0588557,4.66092,6.0847,0.124197,,,
13.392,ekf,map,-0.944859,-0.591755,0.0332217,0.0427234,0.0427333,6.11747e-07,0.0585,,
13.392,kf,map,-0.944892,-0.591772,0.033453,0.0416156,0.0416156,0,0.059666,,
13.392,pf,map,-0.970246,-0.588885,0.0188589,0.0353116,0.0390788,0.00124991,5.05746,171.747,0
13.464,odom,map,-0.894514,-0.57155,0.0505303,0,0,0,,,
13.5,odom,map,-0.881592,-0.570827,0.0614888,0,0,0,,,
13.536,odom,map,-0.868806,-0.569966,0.0731105,0,0,0,,,
13.572,odom,map,-0.856079,-0.568959,0.0848949,0,0,0,,,
13.608,odom,map,-0.84383,-0.567598,0.0968202,0,0,0,,,
13.608,ekf_predict_only,map,-0.823555,-0.588922,0.140311,4.85975,6.54545,0.12638,,,
13.608,ekf,map,-0.867799,-0.58712,0.0995496,0.0430896,0.0431016,4.41977e-07,0.059459,,
13.608,kf,map,-0.867833,-0.587162,0.100076,0.0416929,0.0416929,0,0.060208,,
13.602,amcl,map,-0.888055,-0.562374,0.0757993,0.0857214,0.12513,-0.00582674,,,
13.608,pf,map,-0.915675,-0.566008,0.0938026,0.0393405,0.0446458,-0.000589859,6.58233,169.81,0
13.644,odom,map,-0.833284,-0.565392,0.10885,0,0,0,,,
13.68,odom,map,-0.822876,-0.563062,0.121381,0,0,0,,,
13.716,odom,map,-0.812627,-0.560605,0.13436,0,0,0,,,
13.752,odom,map,-0.802351,-0.557995,0.147944,0,0,0,,,
13.788,odom,map,-0.792218,-0.555248,0.161906,0,0,0,,,
13.824,odom,map,-0.780864,-0.55288,0.17721,0,0,0,,,
13.788,ekf_predict_only,map,-0.762876,-0.580352,0.220984,5.0578,6.97296,0.117233,,,
13.788,ekf,map,-0.805741,-0.578899,0.170545,0.0427302,0.0427393,5.09516e-08,0.145041,,
13.788,kf,map,-0.805777,-0.578942,0.170884,0.0416156,0.0416156,0,0.061625,,
13.788,pf,map,-0.855684,-0.585825,0.163056,0.0383112,0.0407164,-0.00217093,4.7955,183.168,0
13.86,odom,map,-0.768818,-0.550622,0.193345,0,0,0,,,
13.896,odom,map,-0.757006,-0.54821,0.209615,0,0,0,,,
13.932,odom,map,-0.745391,-0.545639,0.226238,0,0,0,,,
13.968,odom,map,-0.734061,-0.542931,0.243263,0,0,0,,,
14.004,odom,map,-0.723019,-0.54009,0.260359,0,0,0,,,
14.004,ekf_predict_only,map,-0.697625,-0.565693,0.326087,5.2553,7.43792,0.0930301,,,
14.004,kf,map,-0.736405,-0.563873,0.269188,0.0416929,0.0416929,0,0.053833,,
14.004,ekf,map,-0.73628,-0.563756,0.268915,0.0430954,0.043106,-3.73607e-07,0.105625,,
14.004,pf,map,-0.754022,-0.56564,0.258797,0.0396699,0.0381965,0.00199921,7.24971,156.958,0
14.04,odom,map,-0.712176,-0.537102,0.277719,0,0,0,,,
14.076,odom,map,-0.701635,-0.533997,0.295321,0,0,0,,,
14.112,odom,map,-0.691248,-0.530736,0.312964,0,0,0,,,
14.148,odom,map,-0.681092,-0.52735,0.330758,0,0,0,,,
14.184,odom,map,-0.671283,-0.523884,0.348785,0,0,0,,,
14.22,odom,map,-0.661771,-0.520327,0.366996,0,0,0,,,
14.184,ekf_predict_only,map,-0.650034,-0.5496,0.417492,5.45383,7.84493,0.0602009,,,
14.184,kf,map,-0.68475,-0.54721,0.356986,0.0416156,0.0416156,0,0.095958,,
14.184,ekf,map,-0.684643,-0.54711,0.356851,0.0427335,0.0427409,-6.07203e-07,0.055041,,
14.202,amcl,map,-0.706004,-0.529758,0.344452,0.0693168,0.0918977,-0.00358698,,,
14.184,pf,map,-0.704172,-0.531314,0.367884,0.0410271,0.0374348,0.000728656,8.1045,164.666,0
14.256,odom,map,-0.652426,-0.516637,0.385277,0,0,0,,,
14.292,odom,map,-0.643357,-0.512862,0.403687,0,0,0,,,
14.328,odom,map,-0.63472,-0.509079,0.422318,0,0,0,,,
14.364,odom,map,-0.626538,-0.50531,0.441123,0,0,0,,,
14.4,odom,map,-0.61865,-0.501495,0.459974,0,0,0,,,
14.4,ekf_predict_only,map,-0.603617,-0.529011,0.530325,5.65397,8.25849,0.0126789,,,
14.4,kf,map,-0.632277,-0.524606,0.467887,0.0416929,0.0416929,0,0.057041,,
14.4,ekf,map,-0.632385,-0.524539,0.467758,0.0430983,0.043106,-1.05512e-06,0.068875,,
14.4,pf,map,-0.650525,-0.509901,0.461458,0.04837,0.0405901,-0.00401798,4.42021,177.555,0
14.436,odom,map,-0.61621,-0.498029,0.476738,0,0,0,,,
14.472,odom,map,-0.614344,-0.494653,0.493577,0,0,0,,,
14.508,odom,map,-0.612701,-0.491257,0.510466,0,0,0,,,
14.544,odom,map,-0.611394,-0.487912,0.527574,0,0,0,,,
14.58,odom,map,-0.610505,-0.484678,0.544576,0,0,0,,,
14.616,odom,map,-0.607909,-0.481352,0.562378,0,0,0,,,
14.616,ekf_predict_only,map,-0.568766,-0.508576,0.644895,5.85643,8.62665,-0.0387222,,,
14.616,kf,map,-0.592076,-0.501507,0.581795,0.041695,0.041695,0,0.0605,,
14.616,ekf,map,-0.591949,-0.501332,0.581755,0.0431158,0.0431218,-1.13338e-06,0.129833,,
14.601,amcl,map,-0.615062,-0.511059,0.544276,0.0487721,0.0557346,-0.00152848,,,
14.616,pf,map,-0.634411,-0.492542,0.564142,0.0398114,0.0394439,0.000593328,5.12338,164.54,0
14.652,odom,map,-0.602248,-0.477707,0.581473,0,0,0,,,
14.688,odom,map,-0.596742,-0.474013,0.600556,0,0,0,,,
14.724,odom,map,-0.591507,-0.470354,0.619726,0,0,0,,,
14.76,odom,map,-0.586523,-0.466727,0.638848,0,0,0,,,
14.796,odom,map,-0.581765,-0.463121,0.657909,0,0,0,,,
14.796,ekf_predict_only,map,-0.546176,-0.491584,0.740547,6.0603,8.93936,-0.083686,,,
14.796,kf,map,-0.565965,-0.482503,0.677236,0.0416157,0.0416157,0,0.109792,,
14.832,odom,map,-0.577242,-0.459557,0.677023,0,0,0,,,
14.796,ekf,map,-0.56588,-0.482386,0.677226,0.0427172,0.0427206,-8.81182e-07,0.653291,,
14.796,pf,map,-0.596935,-0.472629,0.664827,0.045453,0.0367522,-0.00111991,9.33413,175.79,0
14.868,odom,map,-0.573028,-0.456105,0.696146,0,0,0,,,
14.904,odom,map,-0.569177,-0.452825,0.71525,0,0,0,,,
14.94,odom,map,-0.565536,-0.4496,0.734347,0,0,0,,,
14.976,odom,map,-0.562114,-0.446453,0.753293,0,0,0,,,
15.012,odom,map,-0.559544,-0.443862,0.772091,0,0,0,,,
15.012,ekf_predict_only,map,-0.527728,-0.474721,0.853866,6.26584,9.23365,-0.12981,,,
15.012,kf,map,-0.543688,-0.462616,0.791314,0.0416929,0.0416929,0,0.057875,,
15.012,ekf,map,-0.543584,-0.462458,0.791338,0.0430792,0.0430822,-9.83582e-07,0.104125,,
15,amcl,map,-0.558255,-0.491713,0.750917,0.0367359,0.0537259,0.00188091,,,
15.012,pf,map,-0.575036,-0.443016,0.771311,0.0429105,0.039996,0.000970997,6.17196,170.946,0
15.048,odom,map,-0.558202,-0.442029,0.790686,0,0,0,,,
15.084,odom,map,-0.557045,-0.440278,0.809204,0,0,0,,,
15.12,odom,map,-0.55617,-0.438722,0.827659,0,0,0,,,
15.156,odom,map,-0.555583,-0.437388,0.845797,0,0,0,,,
15.192,odom,map,-0.555153,-0.436144,0.863807,0,0,0,,,
15.228,odom,map,-0.553728,-0.434218,0.881847,0,0,0,,,
15.192,kf,map,-0.531394,-0.448996,0.884152,0.0416156,0.0416156,0,0.060625,,
15.192,ekf,map,-0.531319,-0.44888,0.88422,0.042724,0.0427257,-6.39564e-07,0.051958,,
15.192,ekf_predict_only,map,-0.518348,-0.46396,0.944291,6.47028,9.48239,-0.159704,,,
15.192,pf,map,-0.5503,-0.445998,0.876858,0.04154,0.0470018,0.00111225,5.13496,178.764,0
15.264,odom,map,-0.552008,-0.432092,0.899752,0,0,0,,,
15.3,odom,map,-0.550472,-0.430123,0.917363,0,0,0,,,
15.336,odom,map,-0.549014,-0.428184,0.934903,0,0,0,,,
15.372,odom,map,-0.547762,-0.426457,0.952155,0,0,0,,,
15.408,odom,map,-0.546511,-0.425858,0.96889,0,0,0,,,
15.408,ekf_predict_only,map,-0.512181,-0.455439,1.04652,6.67432,9.71474,-0.183511,,,
15.408,kf,map,-0.522694,-0.437322,0.989517,0.0416929,0.0416929,0,0.061083,,
15.408,ekf,map,-0.522616,-0.437186,0.989632,0.0430902,0.0430916,-5.92172e-07,0.055875,,
15.402,amcl,map,-0.521686,-0.467681,0.941256,0.0250456,0.043326,0.00184594,,,
15.408,pf,map,-0.534571,-0.422663,0.972934,0.0450187,0.0401157,0.00578857,4.543,169.631,0
15.444,odom,map,-0.544719,-0.4286,0.984254,0,0,0,,,
15.48,odom,map,-0.542998,-0.431403,0.999542,0,0,0,,,
15.516,odom,map,-0.541379,-0.434326,1.01459,0,0,0,,,
15.552,odom,map,-0.539918,-0.437465,1.02908,0,0,0,,,
15.588,odom,map,-0.538486,-0.440618,1.04347,0,0,0,,,
15.588,kf,map,-0.519027,-0.431275,1.0715,0.0416156,0.0416156,0,0.088125,,
15.624,odom,map,-0.537671,-0.441226,1.05851,0,0,0,,,
15.588,ekf_predict_only,map,-0.509699,-0.451147,1.12427,6.87653,9.92783,-0.195467,,,
15.588,ekf,map,-0.51899,-0.431205,1.07163,0.0427305,0.0427313,-3.40538e-07,0.062916,,
15.588,pf,map,-0.549363,-0.408963,1.06129,0.0396272,0.0454967,0.00409662,8.26733,169.696,0
15.66,odom,map,-0.537224,-0.440416,1.07382,0,0,0,,,
15.696,odom,map,-0.536888,-0.439785,1.08876,0,0,0,,,
15.732,odom,map,-0.536581,-0.439188,1.10368,0,0,0,,,
15.768,odom,map,-0.53635,-0.438723,1.11854,0,0,0,,,
15.804,odom,map,-0.536136,-0.438597,1.13308,0,0,0,,,
15.804,ekf_predict_only,map,-0.509478,-0.450685,1.2074,7.07678,10.129,-0.196747,,,
15.804,kf,map,-0.517277,-0.427762,1.16124,0.0416929,0.0416929,0,0.061375,,
15.804,ekf,map,-0.517222,-0.427649,1.16148,0.0430956,0.0430963,-2.8617e-07,0.0995,,
15.804,pf,map,-0.534016,-0.39891,1.15791,0.0396103,0.0397341,0.00144009,7.25775,172.079,0
15.84,odom,map,-0.534946,-0.441897,1.14611,0,0,0,,,
15.876,odom,map,-0.533764,-0.445207,1.15909,0,0,0,,,
15.912,odom,map,-0.532635,-0.448637,1.17185,0,0,0,,,
15.948,odom,map,-0.531567,-0.452213,1.18405,0,0,0,,,
15.984,odom,map,-0.530447,-0.455661,1.19531,0,0,0,,,
16.02,odom,map,-0.529939,-0.457167,1.20451,0,0,0,,,
15.984,ekf_predict_only,map,-0.509478,-0.450685,1.24329,7.27678,10.329,-0.196747,,,
15.984,kf,map,-0.51706,-0.427355,1.2238,0.0416156,0.0416156,0,0.107292,,
15.984,ekf,map,-0.517046,-0.427329,1.22455,0.0427335,0.0427338,-1.57022e-07,0.053416,,
16.002,amcl,map,-0.51812,-0.462963,1.19696,0.0207659,0.0262268,0.00186849,,,
15.984,pf,map,-0.543886,-0.399546,1.21573,0.0485933,0.0465671,-0.0012914,4.66233,193.569,0
16.056,odom,map,-0.529939,-0.457167,1.21151,0,0,0,,,
16.092,odom,map,-0.529939,-0.457167,1.21591,0,0,0,,,
16.128,odom,map,-0.529939,-0.457167,1.21773,0,0,0,,,
16.164,odom,map,-0.529939,-0.457167,1.21778,0,0,0,,,
16.2,odom,map,-0.529939,-0.457167,1.21778,0,0,0,,,
16.2,ekf_predict_only,map,-0.509478,-0.450685,1.24329,7.47678,10.529,-0.196747,,,
16.2,kf,map,-0.517023,-0.427287,1.24734,0.0416929,0.0416929,0,0.072834,,
16.2,ekf,map,-0.51702,-0.427282,1.24824,0.0430981,0.0430984,-1.297e-07,0.182333,,
16.2,pf,map,-0.529392,-0.422048,1.2569,0.0426123,0.03968,0.00126447,4.63625,160.387,0
16.236,odom,map,-0.527464,-0.457372,1.21573,0,0,0,,,
16.272,odom,map,-0.524924,-0.457583,1.21361,0,0,0,,,
16.308,odom,map,-0.52239,-0.457794,1.2115,0,0,0,,,
16.344,odom,map,-0.519864,-0.458005,1.20939,0,0,0,,,
16.38,odom,map,-0.517344,-0.458216,1.20728,0,0,0,,,
16.416,ekf_predict_only,map,-0.509478,-0.450685,1.24329,7.67678,10.729,-0.196747,,,
16.416,kf,map,-0.517017,-0.427276,1.25125,0.041695,0.041695,0,0.061958,,
16.416,odom,map,-0.515807,-0.458345,1.20599,0,0,0,,,
16.416,ekf,map,-0.517016,-0.427275,1.25151,0.0431155,0.0431157,-8.57922e-08,0.05625,,
16.416,pf,map,-0.542315,-0.421177,1.26267,0.0392122,0.0408509,0.000438173,4.62275,167.58,0
16.452,odom,map,-0.515807,-0.458345,1.20599,0,0,0,,,
16.488,odom,map,-0.515807,-0.458345,1.20599,0,0,0,,,
16.524,odom,map,-0.515807,-0.458345,1.20599,0,0,0,,,
16.56,odom,map,-0.515807,-0.458345,1.20599,0,0,0,,,
16.596,odom,map,-0.515807,-0.458345,1.20599,0,0,0,,,
16.632,odom,map,-0.515717,-0.45811,1.20576,0,0,0,,,
16.596,kf,map,-0.51667,-0.426228,1.25155,0.0416157,0.0416157,0,0.1195,,
16.596,ekf_predict_only,map,-0.507365,-0.444466,1.24121,7.88024,10.9402,-0.213788,,,
16.596,ekf,map,-0.516716,-0.426365,1.25165,0.0427169,0.0427169,-5.03695e-08,0.058625,,
16.596,pf,map,-0.540124,-0.444054,1.25228,0.0382796,0.0502776,-0.00492752,8.58171,172.211,0
16.668,odom,map,-0.515196,-0.456748,1.20545,0,0,0,,,
16.704,odom,map,-0.514379,-0.454613,1.20515,0,0,0,,,
16.74,odom,map,-0.513418,-0.452103,1.20492,0,0,0,,,
16.776,odom,map,-0.512274,-0.449115,1.20567,0,0,0,,,
16.812,odom,map,-0.51126,-0.446369,1.20735,0,0,0,,,
16.812,kf,map,-0.512529,-0.4137,1.25385,0.0416929,0.0416929,0,0.056792,,
16.812,ekf_predict_only,map,-0.501136,-0.426257,1.24832,8.09211,11.1733,-0.264286,,,
16.812,ekf,map,-0.512588,-0.413889,1.25429,0.0430789,0.0430788,-8.75058e-08,0.071917,,
16.812,pf,map,-0.554615,-0.393865,1.22727,0.0424151,0.0377212,0.000115232,8.45992,177.233,0
16.848,odom,map,-0.510545,-0.444164,1.21073,0,0,0,,,
16.884,odom,map,-0.509837,-0.441921,1.21458,0,0,0,,,
16.92,odom,map,-0.50914,-0.439642,1.21935,0,0,0,,,
16.956,odom,map,-0.508468,-0.437354,1.22434,0,0,0,,,
16.992,odom,map,-0.507833,-0.435095,1.22998,0,0,0,,,
17.028,odom,map,-0.506906,-0.432314,1.23526,0,0,0,,,
16.992,ekf_predict_only,map,-0.496121,-0.411246,1.27399,8.30387,11.4003,-0.306542,,,
16.992,kf,map,-0.50784,-0.399172,1.26946,0.0416156,0.0416156,0,0.060041,,
16.992,ekf,map,-0.507851,-0.399214,1.26926,0.0427239,0.0427237,-9.53572e-08,0.057541,,
16.992,pf,map,-0.555865,-0.385269,1.26422,0.0411801,0.043114,-0.000858868,6.00067,155.763,0
17.064,odom,map,-0.505869,-0.429315,1.24082,0,0,0,,,
17.1,odom,map,-0.504849,-0.426304,1.24693,0,0,0,,,
17.136,odom,map,-0.503817,-0.423199,1.25361,0,0,0,,,
17.172,odom,map,-0.502764,-0.419948,1.26136,0,0,0,,,
17.208,ekf_predict_only,map,-0.490064,-0.391443,1.32187,8.5222,11.633,-0.362946,,,
17.208,odom,map,-0.501726,-0.416656,1.26933,0,0,0,,,
17.208,ekf,map,-0.502252,-0.380262,1.30783,0.0430903,0.0430899,-1.52964e-07,0.058125,,
17.208,kf,map,-0.502237,-0.380226,1.30816,0.0416929,0.0416929,0,0.328041,,
17.208,pf,map,-0.534687,-0.352571,1.28581,0.039856,0.0445402,1.80501e-05,4.91988,175.251,0
17.244,odom,map,-0.50071,-0.41334,1.27774,0,0,0,,,
17.28,odom,map,-0.499687,-0.409892,1.28708,0,0,0,,,
17.316,odom,map,-0.498644,-0.406248,1.29709,0,0,0,,,
17.352,odom,map,-0.497572,-0.402348,1.30774,0,0,0,,,
17.388,odom,map,-0.49652,-0.398356,1.31859,0,0,0,,,
17.424,odom,map,-0.495479,-0.394222,1.32968,0,0,0,,,
17.388,ekf,map,-0.49764,-0.361531,1.35682,0.0427308,0.0427304,-1.55701e-07,0.065167,,
17.388,ekf_predict_only,map,-0.484713,-0.370395,1.37812,8.74526,11.8623,-0.42335,,,
17.388,kf,map,-0.497615,-0.361466,1.35707,0.0416156,0.0416156,0,0.101792,,
17.388,pf,map,-0.522553,-0.336274,1.35406,0.0386605,0.0390249,0.000663749,11.0121,169.797,0
17.46,odom,map,-0.49444,-0.389889,1.34114,0,0,0,,,
17.496,odom,map,-0.493374,-0.385202,1.35306,0,0,0,,,
17.532,odom,map,-0.49233,-0.380346,1.36511,0,0,0,,,
17.568,odom,map,-0.491302,-0.37526,1.37747,0,0,0,,,
17.604,odom,map,-0.490249,-0.369696,1.38996,0,0,0,,,
17.604,ekf_predict_only,map,-0.477549,-0.333671,1.45371,8.99459,12.1018,-0.529418,,,
17.604,kf,map,-0.492127,-0.331687,1.42791,0.0416929,0.0416929,0,0.06025,,
17.604,ekf,map,-0.492207,-0.331926,1.42772,0.0430965,0.0430956,-2.83781e-07,0.053583,,
17.604,pf,map,-0.515647,-0.300839,1.41241,0.0447314,0.045449,5.65602e-05,10.27,160.236,0
17.64,odom,map,-0.489199,-0.363737,1.40253,0,0,0,,,
17.676,odom,map,-0.488193,-0.357583,1.41513,0,0,0,,,
17.712,odom,map,-0.487212,-0.351059,1.42753,0,0,0,,,
17.748,odom,map,-0.486254,-0.344109,1.43993,0,0,0,,,
17.784,odom,map,-0.485323,-0.336682,1.45218,0,0,0,,,
17.82,odom,map,-0.484454,-0.328985,1.46434,0,0,0,,,
17.784,ekf_predict_only,map,-0.473024,-0.295204,1.51451,9.25891,12.327,-0.640241,,,
17.802,amcl,map,-0.474257,-0.336001,1.45694,0.016183,0.0197045,0.00337279,,,
17.784,kf,map,-0.488527,-0.298773,1.48911,0.0416156,0.0416156,0,0.099167,,
17.784,ekf,map,-0.48859,-0.298953,1.48909,0.0427348,0.0427335,-2.92758e-07,0.06025,,
17.784,pf,map,-0.522116,-0.277848,1.48086,0.0384649,0.0435602,-0.00306081,9.86146,163.07,0
17.856,odom,map,-0.483652,-0.321018,1.47634,0,0,0,,,
17.892,odom,map,-0.482885,-0.312378,1.48803,0,0,0,,,
17.928,odom,map,-0.482191,-0.303375,1.49969,0,0,0,,,
17.964,odom,map,-0.481585,-0.294098,1.51135,0,0,0,,,
18,odom,map,-0.481069,-0.284499,1.52279,0,0,0,,,
18,ekf,map,-0.486195,-0.246396,1.55941,0.0431011,0.0430981,-4.33067e-07,0.054333,,
18,ekf_predict_only,map,-0.469646,-0.235263,1.58246,9.58556,12.5459,-0.811665,,,
18,kf,map,-0.4861,-0.246129,1.55934,0.0416929,0.0416929,0,0.112416,,
18,pf,map,-0.510748,-0.236238,1.54844,0.0409142,0.0384041,0.000495209,4.63071,168.477,0
18.036,odom,map,-0.48065,-0.274582,1.53413,0,0,0,,,
18.072,odom,map,-0.480339,-0.264581,1.54546,0,0,0,,,
18.108,odom,map,-0.480135,-0.254204,1.55662,0,0,0,,,
18.144,odom,map,-0.480042,-0.24346,1.56744,0,0,0,,,
18.18,odom,map,-0.480063,-0.232377,1.57778,0,0,0,,,
18.216,odom,map,-0.480198,-0.221152,1.5879,0,0,0,,,
18.216,ekf_predict_only,map,-0.470432,-0.16791,1.6432,9.96708,12.7415,-0.99961,,,
18.216,kf,map,-0.487611,-0.18332,1.6241,0.041695,0.041695,0,0.105167,,
18.216,ekf,map,-0.487709,-0.183511,1.62425,0.04312,0.0431155,-3.68927e-07,0.063708,,
18.216,pf,map,-0.534514,-0.161274,1.61085,0.0420822,0.040145,-0.00120524,6.56575,157.179,0
18.252,odom,map,-0.48045,-0.209738,1.59771,0,0,0,,,
18.288,odom,map,-0.480821,-0.198058,1.60726,0,0,0,,,
18.324,odom,map,-0.481315,-0.186055,1.61644,0,0,0,,,
18.36,odom,map,-0.481926,-0.173872,1.62524,0,0,0,,,
18.396,odom,map,-0.482652,-0.161532,1.63378,0,0,0,,,
18.432,odom,map,-0.483494,-0.149011,1.64194,0,0,0,,,
18.396,ekf_predict_only,map,-0.474992,-0.10503,1.68308,10.3748,12.916,-1.16774,,,
18.396,kf,map,-0.492429,-0.124004,1.66964,0.0416157,0.0416157,0,0.061708,,
18.396,ekf,map,-0.492494,-0.124128,1.66981,0.0427217,0.0427169,-1.18639e-07,0.054375,,
18.396,pf,map,-0.539865,-0.133172,1.66159,0.0386609,0.0434628,0.00127724,8.86867,162.589,0
18.468,odom,map,-0.48444,-0.136438,1.64991,0,0,0,,,
18.504,odom,map,-0.485498,-0.12372,1.65749,0,0,0,,,
18.54,odom,map,-0.48666,-0.110881,1.66446,0,0,0,,,
18.576,odom,map,-0.487909,-0.0980358,1.6709,0,0,0,,,
18.612,ekf_predict_only,map,-0.483668,-0.0280832,1.72079,10.8803,13.0681,-1.36303,,,
18.612,kf,map,-0.501788,-0.0484084,1.71305,0.0416929,0.0416929,0,0.058917,,
18.612,odom,map,-0.488639,-0.0853718,1.67711,0,0,0,,,
18.612,ekf,map,-0.501867,-0.0484755,1.71327,0.0430864,0.0430787,1.96579e-07,0.090792,,
18.6,amcl,map,-0.485068,-0.116024,1.68247,0.0158128,0.0291472,0.00188636,,,
18.612,pf,map,-0.538266,-0.039185,1.70455,0.0402027,0.0400495,-3.48363e-05,8.96262,155.361,0
18.648,odom,map,-0.488083,-0.0730863,1.68257,0,0,0,,,
18.684,odom,map,-0.487589,-0.0608049,1.68735,0,0,0,,,
18.72,odom,map,-0.487143,-0.0485993,1.69175,0,0,0,,,
18.756,odom,map,-0.486724,-0.0365821,1.69565,0,0,0,,,
18.792,odom,map,-0.486342,-0.0246377,1.69936,0,0,0,,,
18.828,odom,map,-0.487443,-0.0122009,1.70282,0,0,0,,,
18.792,kf,map,-0.511861,0.0145443,1.73639,0.0416156,0.0416156,0,0.061334,,
18.792,ekf,map,-0.511913,0.0145311,1.73659,0.0427306,0.0427237,4.4752e-07,0.097042,,
18.792,ekf_predict_only,map,-0.49318,0.0348572,1.738,11.3731,13.2164,-1.51196,,,
18.792,pf,map,-0.524993,0.0158769,1.73304,0.0421591,0.0412016,-0.00116148,7.97717,183.849,0
18.864,odom,map,-0.489144,0.000450057,1.70594,0,0,0,,,
18.9,odom,map,-0.490884,0.0131126,1.70885,0,0,0,,,
18.936,odom,map,-0.492657,0.0257519,1.71133,0,0,0,,,
18.972,odom,map,-0.494468,0.0384332,1.71415,0,0,0,,,
19.008,ekf_predict_only,map,-0.505998,0.110801,1.75832,11.9788,13.3481,-1.67989,,,
19.008,kf,map,-0.525348,0.0900866,1.756,0.0416929,0.0416929,0,0.100416,,
19.008,odom,map,-0.496323,0.0511348,1.71753,0,0,0,,,
19.008,ekf,map,-0.525382,0.0900705,1.75601,0.0430993,0.04309,9.43668e-07,0.055166,,
19.008,pf,map,-0.543051,0.108724,1.74089,0.0391934,0.0408489,-0.000894828,6.00321,172.808,0
19.044,odom,map,-0.498209,0.0637343,1.7213,0,0,0,,,
19.08,odom,map,-0.500136,0.0762616,1.72576,0,0,0,,,
19.116,odom,map,-0.502121,0.0887611,1.73099,0,0,0,,,
19.152,odom,map,-0.504173,0.10124,1.73656,0,0,0,,,
19.188,odom,map,-0.506274,0.113584,1.74248,0,0,0,,,
19.224,odom,map,-0.508419,0.125705,1.74948,0,0,0,,,
19.188,ekf_predict_only,map,-0.517462,0.171216,1.79422,12.5432,13.4885,-1.80241,,,
19.188,ekf,map,-0.537661,0.151808,1.78242,0.042738,0.0427305,9.71363e-07,0.059584,,
19.188,kf,map,-0.537646,0.151774,1.78267,0.0416156,0.0416156,0,0.0795,,
19.188,pf,map,-0.585748,0.16954,1.76709,0.0388344,0.0421013,0.00435646,6.30204,162.643,0
19.26,odom,map,-0.510628,0.137681,1.75702,0,0,0,,,
19.296,odom,map,-0.51292,0.149595,1.76471,0,0,0,,,
19.332,odom,map,-0.515274,0.161332,1.77312,0,0,0,,,
19.368,odom,map,-0.517691,0.172843,1.78246,0,0,0,,,
19.404,odom,map,-0.520296,0.184002,1.79255,0,0,0,,,
19.404,ekf,map,-0.554154,0.221837,1.83259,0.043105,0.0430957,1.43992e-06,0.104083,,
19.404,ekf_predict_only,map,-0.532958,0.239415,1.85558,13.2,13.6101,-1.92311,,,
19.401,amcl,map,-0.516462,0.164233,1.79087,0.0244522,0.0319926,0.00287058,,,
19.404,kf,map,-0.554113,0.221773,1.83299,0.0416929,0.0416929,0,0.0555,,
19.404,pf,map,-0.588017,0.262771,1.82201,0.0423237,0.0339861,3.52975e-06,6.32021,157.224,0
19.44,odom,map,-0.524679,0.191039,1.80436,0,0,0,,,
19.476,odom,map,-0.52917,0.197833,1.81671,0,0,0,,,
19.512,odom,map,-0.533761,0.204344,1.82987,0,0,0,,,
19.548,odom,map,-0.538436,0.210504,1.84396,0,0,0,,,
19.584,odom,map,-0.543251,0.216504,1.8583,0,0,0,,,
19.62,odom,map,-0.547141,0.224684,1.87227,0,0,0,,,
19.584,ekf_predict_only,map,-0.547672,0.289681,1.92331,13.7681,13.7379,-1.99245,,,
19.584,kf,map,-0.569859,0.275176,1.89065,0.0416156,0.0416156,0,0.063333,,
19.584,ekf,map,-0.569907,0.275266,1.89033,0.0427405,0.0427336,1.2541e-06,0.053834,,
19.584,pf,map,-0.605513,0.305156,1.871,0.0385146,0.0382092,-0.00293769,7.22479,189.61,0
19.656,odom,map,-0.550259,0.234472,1.88638,0,0,0,,,
19.692,odom,map,-0.553452,0.244016,1.90109,0,0,0,,,
19.728,odom,map,-0.556741,0.25338,1.9161,0,0,0,,,
19.764,odom,map,-0.560127,0.262568,1.93179,0,0,0,,,
19.8,odom,map,-0.563592,0.271531,1.94787,0,0,0,,,
19.8,ekf_predict_only,map,-0.567344,0.343154,2.0205,14.3894,13.8451,-2.04108,,,
19.8,kf,map,-0.590878,0.331629,1.97921,0.0416929,0.0416929,0,0.066084,,
19.8,ekf,map,-0.590976,0.331725,1.97888,0.043106,0.0430984,1.66156e-06,0.05525,,
19.8,pf,map,-0.611887,0.33633,1.97072,0.0459952,0.042863,-0.0018463,4.94421,171.967,0
19.836,odom,map,-0.56716,0.280331,1.96407,0,0,0,,,
19.872,odom,map,-0.570818,0.28895,1.98048,0,0,0,,,
19.908,odom,map,-0.574513,0.297267,1.99731,0,0,0,,,
19.944,odom,map,-0.578231,0.30527,2.0144,0,0,0,,,
19.98,odom,map,-0.582052,0.313137,2.03153,0,0,0,,,
20.016,odom,map,-0.585912,0.320748,2.04895,0,0,0,,,
20.016,ekf_predict_only,map,-0.589166,0.388364,2.12616,14.9699,13.9471,-2.05073,,,
20.016,ekf,map,-0.614657,0.380247,2.0794,0.0431222,0.043116,1.66298e-06,0.071542,,
20.016,kf,map,-0.614524,0.380147,2.07962,0.041695,0.041695,0,0.058792,,
20.001,amcl,map,-0.553623,0.320015,2.0279,0.0302306,0.0285093,0.00359689,,,
20.016,pf,map,-0.647288,0.407527,2.06558,0.0366031,0.0422795,0.00322879,5.37225,179.449,0
20.052,odom,map,-0.589749,0.327992,2.06703,0,0,0,,,
20.088,odom,map,-0.593696,0.335126,2.08526,0,0,0,,,
20.124,odom,map,-0.597691,0.342048,2.10361,0,0,0,,,
20.16,odom,map,-0.601608,0.348552,2.12222,0,0,0,,,
20.196,odom,map,-0.605427,0.354634,2.141,0,0,0,,,
20.196,kf,map,-0.635072,0.413394,2.17113,0.0416157,0.0416157,0,0.125292,,
20.232,odom,map,-0.606859,0.36137,2.1583,0,0,0,,,
20.196,ekf_predict_only,map,-0.607641,0.418136,2.22021,15.433,14.0683,-2.03263,,,
20.196,ekf,map,-0.635181,0.41348,2.17103,0.0427212,0.0427173,1.271e-06,0.062875,,
20.196,pf,map,-0.655885,0.442422,2.15781,0.0373331,0.0412358,0.000529052,5.02813,178.156,0
20.268,odom,map,-0.607923,0.367913,2.17562,0,0,0,,,
20.304,odom,map,-0.608898,0.374136,2.19318,0,0,0,,,
20.34,odom,map,-0.609797,0.380075,2.21093,0,0,0,,,
20.376,odom,map,-0.610706,0.385855,2.22873,0,0,0,,,
20.412,odom,map,-0.61237,0.391067,2.24725,0,0,0,,,
20.412,ekf_predict_only,map,-0.627634,0.444468,2.339,15.874,14.1874,-1.99442,,,
20.4,amcl,map,-0.578697,0.383909,2.21487,0.0281303,0.0265555,0.00588517,,,
20.412,kf,map,-0.658059,0.443504,2.28693,0.0416929,0.0416929,0,0.059417,,
20.412,ekf,map,-0.658216,0.443611,2.28682,0.0430829,0.0430793,1.44351e-06,0.056542,,
20.412,pf,map,-0.698173,0.449913,2.28452,0.0433676,0.0421028,0.00119923,8.00208,167.761,0
20.448,odom,map,-0.61577,0.395218,2.26702,0,0,0,,,
20.484,odom,map,-0.619162,0.399195,2.28677,0,0,0,,,
20.52,odom,map,-0.622483,0.402938,2.3066,0,0,0,,,
20.556,odom,map,-0.625612,0.406327,2.32658,0,0,0,,,
20.592,odom,map,-0.628606,0.409442,2.34641,0,0,0,,,
20.628,odom,map,-0.631576,0.412411,2.36619,0,0,0,,,
20.592,ekf_predict_only,map,-0.642223,0.459568,2.43788,16.2158,14.3313,-1.95497,,,
20.592,ekf,map,-0.675298,0.461453,2.38553,0.0427262,0.0427241,9.78021e-07,0.059958,,
20.592,kf,map,-0.675186,0.461383,2.38555,0.0416156,0.0416156,0,0.275584,,
20.592,pf,map,-0.695441,0.48541,2.37387,0.0448145,0.0411126,-0.00213162,10.2127,175.873,0
20.664,odom,map,-0.634444,0.415169,2.38596,0,0,0,,,
20.7,odom,map,-0.637165,0.417683,2.4057,0,0,0,,,
20.736,odom,map,-0.639626,0.419869,2.42549,0,0,0,,,
20.772,odom,map,-0.642024,0.421914,2.44533,0,0,0,,,
20.808,odom,map,-0.643603,0.423649,2.46482,0,0,0,,,
20.808,ekf,map,-0.691393,0.475094,2.50395,0.0430921,0.0430904,9.45462e-07,0.076459,,
20.808,kf,map,-0.69124,0.475005,2.50393,0.0416929,0.0416929,0,0.0555,,
20.808,ekf_predict_only,map,-0.654736,0.470187,2.55549,16.5171,14.4851,-1.91486,,,
20.802,amcl,map,-0.610152,0.415971,2.43851,0.0262815,0.0256955,0.00672801,,,
20.808,pf,map,-0.731276,0.485647,2.48958,0.0365223,0.0388618,-0.00261015,4.95237,175.548,0
20.844,odom,map,-0.642631,0.424772,2.48352,0,0,0,,,
20.88,odom,map,-0.641659,0.425836,2.5022,0,0,0,,,
20.916,odom,map,-0.640529,0.426731,2.52082,0,0,0,,,
20.952,odom,map,-0.638958,0.427265,2.53921,0,0,0,,,
20.988,odom,map,-0.637231,0.427657,2.55743,0,0,0,,,
20.988,ekf_predict_only,map,-0.660786,0.474203,2.65032,16.7558,14.6634,-1.89292,,,
21.024,odom,map,-0.637384,0.42829,2.57611,0,0,0,,,
20.988,ekf,map,-0.700188,0.481037,2.60031,0.0427316,0.0427306,5.54548e-07,0.0625,,
20.988,kf,map,-0.700085,0.48098,2.60026,0.0416156,0.0416156,0,0.061167,,
20.988,pf,map,-0.747807,0.503171,2.59769,0.0418753,0.039635,-0.0022042,8.51325,188.371,0
21.06,odom,map,-0.638513,0.428992,2.59511,0,0,0,,,
21.096,odom,map,-0.639528,0.429596,2.61399,0,0,0,,,
21.132,odom,map,-0.640506,0.430154,2.63281,0,0,0,,,
21.168,odom,map,-0.641354,0.430617,2.65149,0,0,0,,,
21.204,odom,map,-0.641829,0.430939,2.66994,0,0,0,,,
21.204,kf,map,-0.705982,0.484168,2.7131,0.0416929,0.0416929,0,0.066083,,
21.204,ekf_predict_only,map,-0.663269,0.475532,2.76076,16.9686,14.8547,-1.88327,,,
21.204,ekf,map,-0.706114,0.484234,2.71318,0.0430965,0.0430957,4.71475e-07,0.065208,,
21.201,amcl,map,-0.634536,0.424587,2.66291,0.0278015,0.0254403,0.0076584,,,
21.204,pf,map,-0.708998,0.526603,2.6944,0.0387648,0.044129,-0.00274166,4.73992,162.07,0
21.24,odom,map,-0.639104,0.430815,2.68447,0,0,0,,,
21.276,odom,map,-0.636387,0.430665,2.69897,0,0,0,,,
21.312,odom,map,-0.633588,0.430449,2.7133,0,0,0,,,
21.348,odom,map,-0.63051,0.43008,2.72736,0,0,0,,,
21.384,odom,map,-0.627289,0.429626,2.74129,0,0,0,,,
21.384,ekf_predict_only,map,-0.662034,0.475037,2.84941,17.1638,15.059,-1.88837,,,
21.42,odom,map,-0.625681,0.429344,2.75728,0,0,0,,,
21.384,kf,map,-0.707258,0.484755,2.80401,0.0416156,0.0416156,0,0.104333,,
21.384,ekf,map,-0.707344,0.484796,2.80408,0.042734,0.0427335,2.59451e-07,0.054041,,
21.384,pf,map,-0.712064,0.503488,2.78684,0.0417919,0.0424171,0.00145557,7.01408,173.919,0
21.456,odom,map,-0.62536,0.429217,2.77485,0,0,0,,,
21.492,odom,map,-0.624946,0.429063,2.79206,0,0,0,,,
21.528,odom,map,-0.624512,0.428909,2.80916,0,0,0,,,
21.564,odom,map,-0.623968,0.428726,2.82583,0,0,0,,,
21.6,odom,map,-0.623275,0.428507,2.84235,0,0,0,,,
21.6,ekf_predict_only,map,-0.656611,0.473406,2.94366,17.3481,15.2783,-1.91164,,,
21.6,kf,map,-0.704531,0.483997,2.90576,0.0416929,0.0416929,0,0.057542,,
21.6,ekf,map,-0.70463,0.484041,2.90603,0.0430985,0.0430982,2.18141e-07,0.061958,,
21.6,pf,map,-0.728858,0.50065,2.87887,0.0371855,0.0388604,-0.000468268,4.95296,176.415,0
21.636,odom,map,-0.62237,0.427786,2.85888,0,0,0,,,
21.672,odom,map,-0.621401,0.42705,2.87506,0,0,0,,,
21.708,odom,map,-0.620432,0.42633,2.8911,0,0,0,,,
21.744,odom,map,-0.619353,0.425598,2.90677,0,0,0,,,
21.78,odom,map,-0.6181,0.424843,2.92194,0,0,0,,,
21.816,ekf_predict_only,map,-0.649214,0.471923,3.03132,17.5338,15.5053,-1.94456,,,
21.816,kf,map,-0.698586,0.48293,2.99819,0.041695,0.041695,0,0.1215,,
21.816,odom,map,-0.616834,0.424286,2.93684,0,0,0,,,
21.816,ekf,map,-0.698646,0.482961,2.99838,0.0431158,0.0431156,1.51019e-07,0.06425,,
21.801,amcl,map,-0.636009,0.413967,2.96132,0.0309744,0.0248349,0.00158478,,,
21.816,pf,map,-0.730129,0.494185,2.99773,0.0404144,0.0366295,0.00182601,4.59367,175.565,0
21.852,odom,map,-0.615919,0.424101,2.9508,0,0,0,,,
21.888,odom,map,-0.615876,0.424093,2.96228,0,0,0,,,
21.924,odom,map,-0.615876,0.424093,2.97117,0,0,0,,,
21.96,odom,map,-0.615876,0.424093,2.97746,0,0,0,,,
21.996,odom,map,-0.615876,0.424093,2.98116,0,0,0,,,
21.996,ekf_predict_only,map,-0.649214,0.471923,3.03132,17.7338,15.7053,-1.94456,,,
22.032,odom,map,-0.617455,0.423867,2.98438,0,0,0,,,
21.996,kf,map,-0.69801,0.482934,3.03587,0.0416157,0.0416157,0,0.0625,,
21.996,ekf,map,-0.698003,0.48294,3.03689,0.042717,0.0427169,8.14929e-08,0.062375,,
21.996,pf,map,-0.719348,0.500412,3.03721,0.0446259,0.0432329,4.82853e-05,6.51342,159.553,0
22.068,odom,map,-0.619239,0.423608,2.98674,0,0,0,,,
22.104,odom,map,-0.621031,0.423344,2.9891,0,0,0,,,
22.14,odom,map,-0.62283,0.423075,2.99146,0,0,0,,,
22.176,odom,map,-0.624636,0.422801,2.99383,0,0,0,,,
22.212,odom,map,-0.625895,0.422608,2.99547,0,0,0,,,
22.212,kf,map,-0.697913,0.482935,3.04313,0.0416929,0.0416929,0,0.060458,,
22.212,ekf,map,-0.697909,0.482936,3.04351,0.0430788,0.0430787,6.74465e-08,0.060084,,
22.212,ekf_predict_only,map,-0.649214,0.471923,3.03132,17.9338,15.9053,-1.94456,,,
22.212,pf,map,-0.69342,0.478424,3.045,0.0366554,0.0365292,-0.000656623,7.77079,176.1,0
22.248,odom,map,-0.625895,0.422608,2.99547,0,0,0,,,
22.284,odom,map,-0.625895,0.422608,2.99547,0,0,0,,,
22.32,odom,map,-0.625895,0.422608,2.99547,0,0,0,,,
22.356,odom,map,-0.625895,0.422608,2.99547,0,0,0,,,
22.392,odom,map,-0.625895,0.422608,2.99547,0,0,0,,,
22.392,ekf_predict_only,map,-0.649214,0.471923,3.03132,18.1338,16.1053,-1.94456,,,
22.428,odom,map,-0.625895,0.422608,2.99547,0,0,0,,,
22.392,kf,map,-0.697897,0.482935,3.04433,0.0416156,0.0416156,0,0.190875,,
22.392,ekf,map,-0.697896,0.482935,3.04442,0.0427237,0.0427237,3.69806e-08,1.0295,,
22.392,pf,map,-0.695959,0.48021,3.05095,0.0411175,0.0393364,-0.000774605,8.20925,183.394,0
22.464,odom,map,-0.625895,0.422608,2.99547,0,0,0,,,
22.5,odom,map,-0.625895,0.422608,2.99547,0,0,0,,,
22.536,odom,map,-0.62614,0.422644,2.99548,0,0,0,,,
22.572,odom,map,-0.627156,0.422793,2.99496,0,0,0,,,
22.608,odom,map,-0.628992,0.422665,2.99453,0,0,0,,,
22.608,kf,map,-0.702113,0.483348,3.0418,0.0416929,0.0416929,0,0.0605,,
22.608,ekf,map,-0.701871,0.483323,3.042,0.0430899,0.0430899,3.49529e-08,0.155458,,
22.608,ekf_predict_only,map,-0.660656,0.473189,3.023,18.346,16.264,-1.89175,,,
22.608,pf,map,-0.709928,0.478744,3.04651,0.0424859,0.0416033,0.00201509,9.76858,171.062,0
22.644,odom,map,-0.632411,0.421358,2.99626,0,0,0,,,
22.68,odom,map,-0.636165,0.420079,2.99756,0,0,0,,,
22.716,odom,map,-0.641163,0.418958,2.99838,0,0,0,,,
22.752,odom,map,-0.647363,0.417983,2.99888,0,0,0,,,
22.788,odom,map,-0.654096,0.417057,2.99921,0,0,0,,,
22.788,ekf_predict_only,map,-0.690068,0.476694,3.00803,18.5799,16.366,-1.75545,,,
22.788,kf,map,-0.72037,0.485249,3.03118,0.0416156,0.0416156,0,0.060167,,
22.824,odom,map,-0.66007,0.417227,2.99743,0,0,0,,,
22.788,ekf,map,-0.720035,0.485213,3.03133,0.0427303,0.0427307,5.63783e-08,0.180792,,
22.788,pf,map,-0.739053,0.506479,3.03864,0.0405039,0.0391562,0.00390068,4.87879,163.172,0
22.86,odom,map,-0.666363,0.41815,2.99432,0,0,0,,,
22.896,odom,map,-0.672957,0.419139,2.99118,0,0,0,,,
22.932,odom,map,-0.679843,0.420195,2.98781,0,0,0,,,
22.968,odom,map,-0.687327,0.421368,2.98429,0,0,0,,,
23.004,odom,map,-0.695514,0.422682,2.98072,0,0,0,,,
23.004,ekf_predict_only,map,-0.740283,0.483441,2.98648,18.8456,16.4266,-1.52034,,,
23.004,kf,map,-0.761058,0.490113,3.01198,0.0416929,0.0416929,0,0.064541,,
23.004,ekf,map,-0.760687,0.49008,3.01207,0.0430955,0.043097,1.80931e-07,0.062833,,
23.004,pf,map,-0.778674,0.510922,3.01285,0.0427638,0.0388843,0.00031428,6.54304,176.739,0
23.04,odom,map,-0.703846,0.424049,2.97713,0,0,0,,,
23.076,odom,map,-0.712542,0.42551,2.97333,0,0,0,,,
23.112,odom,map,-0.721659,0.427077,2.96951,0,0,0,,,
23.148,odom,map,-0.731197,0.428753,2.96585,0,0,0,,,
23.184,odom,map,-0.740926,0.430498,2.96226,0,0,0,,,
23.22,odom,map,-0.750918,0.432328,2.95872,0,0,0,,,
23.184,kf,map,-0.806122,0.496429,2.99405,0.0416156,0.0416156,0,0.063167,,
23.184,ekf,map,-0.805888,0.496413,2.99406,0.0427334,0.0427358,2.92339e-07,0.057,,
23.184,ekf_predict_only,map,-0.791878,0.491509,2.96891,19.125,16.5205,-1.27474,,,
23.184,pf,map,-0.833808,0.521903,2.9844,0.0362482,0.0416547,0.00179522,8.20833,176.887,0
23.256,odom,map,-0.761425,0.434291,2.95522,0,0,0,,,
23.292,odom,map,-0.77214,0.43633,2.95173,0,0,0,,,
23.328,odom,map,-0.783047,0.438445,2.94845,0,0,0,,,
23.364,odom,map,-0.794456,0.440696,2.94525,0,0,0,,,
23.4,odom,map,-0.806271,0.443065,2.94227,0,0,0,,,
23.4,ekf_predict_only,map,-0.863843,0.504061,2.95151,19.4504,16.6364,-0.922614,,,
23.4,kf,map,-0.871792,0.506886,2.97444,0.0416929,0.0416929,0,0.064166,,
23.4,ekf,map,-0.871537,0.506878,2.97436,0.0430981,0.0431029,6.60374e-07,0.056584,,
23.4,pf,map,-0.892454,0.52092,2.9559,0.0373844,0.0417256,-0.00139053,6.08817,174.056,0
23.436,odom,map,-0.818201,0.445493,2.93937,0,0,0,,,
23.472,odom,map,-0.830388,0.448009,2.93661,0,0,0,,,
23.508,odom,map,-0.842883,0.450624,2.93404,0,0,0,,,
23.544,odom,map,-0.8557,0.453339,2.93189,0,0,0,,,
23.58,odom,map,-0.868611,0.456099,2.92997,0,0,0,,,
23.616,odom,map,-0.881617,0.458906,2.92822,0,0,0,,,
23.616,kf,map,-0.94711,0.520276,2.96077,0.041695,0.041695,0,0.062,,
23.616,ekf_predict_only,map,-0.942949,0.519281,2.94204,19.8055,16.8309,-0.52003,,,
23.616,ekf,map,-0.946933,0.520283,2.96062,0.0431156,0.0431223,1.00478e-06,0.072958,,
23.616,pf,map,-0.964044,0.529112,2.94737,0.0393958,0.0405531,0.0012756,8.92217,185.452,0
23.652,odom,map,-0.894863,0.461786,2.92686,0,0,0,,,
23.688,odom,map,-0.908333,0.46473,2.92602,0,0,0,,,
23.724,odom,map,-0.921827,0.46769,2.92528,0,0,0,,,
23.76,odom,map,-0.93542,0.470682,2.92475,0,0,0,,,
23.796,odom,map,-0.949111,0.473701,2.9244,0,0,0,,,
23.832,odom,map,-0.962805,0.476725,2.92404,0,0,0,,,
23.796,ekf,map,-1.01445,0.532919,2.95649,0.042717,0.0427235,1.08918e-06,0.059958,,
23.796,ekf_predict_only,map,-1.01161,0.533167,2.9401,20.15,17.1008,-0.155722,,,
23.796,kf,map,-1.01452,0.532912,2.95658,0.0416157,0.0416157,0,0.102792,,
23.802,amcl,map,-0.935934,0.478301,2.92822,0.0401112,0.0390604,0.0102587,,,
23.796,pf,map,-1.03631,0.519018,2.94401,0.0408982,0.0406774,-0.000499026,7.85479,165.642,0
23.868,odom,map,-0.976484,0.479751,2.92365,0,0,0,,,
23.904,odom,map,-0.990196,0.48279,2.92348,0,0,0,,,
23.94,odom,map,-1.00377,0.485798,2.92348,0,0,0,,,
23.976,odom,map,-1.01735,0.488808,2.92364,0,0,0,,,
24.012,odom,map,-1.03095,0.491818,2.92382,0,0,0,,,
24.012,ekf_predict_only,map,-1.09347,0.549889,2.9412,20.5278,17.4763,0.297529,,,
24.012,kf,map,-1.0966,0.548408,2.9559,0.0416929,0.0416929,0,0.057875,,
24.012,ekf,map,-1.09659,0.548417,2.95582,0.043079,0.0430886,1.70218e-06,0.066916,,
24.012,pf,map,-1.10698,0.558447,2.93966,0.0409576,0.0375725,4.89207e-05,4.89163,169.134,0
24.048,odom,map,-1.0443,0.494772,2.92396,0,0,0,,,
24.084,odom,map,-1.05758,0.497707,2.92399,0,0,0,,,
24.12,odom,map,-1.07075,0.50062,2.92385,0,0,0,,,
24.156,odom,map,-1.0839,0.50353,2.92367,0,0,0,,,
24.192,odom,map,-1.09694,0.506421,2.92343,0,0,0,,,
24.192,ekf_predict_only,map,-1.15951,0.563302,2.93913,20.8736,17.8918,0.678109,,,
24.228,odom,map,-1.11007,0.509333,2.92306,0,0,0,,,
24.192,ekf,map,-1.16299,0.560922,2.95495,0.0427239,0.0427321,1.50352e-06,0.059292,,
24.192,kf,map,-1.16299,0.56092,2.95493,0.0416156,0.0416156,0,0.102375,,
24.192,pf,map,-1.17036,0.560357,2.9315,0.0456391,0.0446144,0.00348841,5.56525,154.635,0
24.264,odom,map,-1.12304,0.512217,2.92237,0,0,0,,,
24.3,odom,map,-1.13598,0.515106,2.92165,0,0,0,,,
24.336,odom,map,-1.14884,0.517987,2.92082,0,0,0,,,
24.372,odom,map,-1.16162,0.520861,2.91971,0,0,0,,,
24.408,odom,map,-1.1741,0.523686,2.91809,0,0,0,,,
24.408,ekf_predict_only,map,-1.23363,0.578516,2.9283,21.2422,18.4132,1.1218,,,
24.408,kf,map,-1.24012,0.575614,2.94887,0.0416929,0.0416929,0,0.063708,,
24.408,ekf,map,-1.24022,0.575627,2.94903,0.0430902,0.0431006,1.94995e-06,0.087125,,
24.408,pf,map,-1.24614,0.579494,2.93317,0.0418793,0.0446324,-0.0017706,5.46071,167.632,0
24.444,odom,map,-1.18639,0.526492,2.91629,0,0,0,,,
24.48,odom,map,-1.19841,0.52926,2.91404,0,0,0,,,
24.516,odom,map,-1.21012,0.531988,2.91154,0,0,0,,,
24.552,odom,map,-1.22175,0.534726,2.90893,0,0,0,,,
24.588,odom,map,-1.23337,0.537497,2.90623,0,0,0,,,
24.588,kf,map,-1.2999,0.587528,2.93735,0.0416156,0.0416156,0,0.064333,,
24.624,odom,map,-1.24307,0.540596,2.90381,0,0,0,,,
24.588,ekf,map,-1.29998,0.587543,2.93746,0.0427306,0.0427386,1.52664e-06,0.083458,,
24.588,ekf_predict_only,map,-1.2909,0.590921,2.9138,21.5823,18.9201,1.47853,,,
24.6,amcl,map,-1.22155,0.525328,2.91615,0.0421799,0.0605036,0.0178055,,,
24.588,pf,map,-1.29358,0.603935,2.92741,0.0485954,0.0388007,0.000223992,8.61167,180.156,0
24.66,odom,map,-1.25167,0.543881,2.90146,0,0,0,,,
24.696,odom,map,-1.26024,0.547177,2.89902,0,0,0,,,
24.732,odom,map,-1.26863,0.55045,2.89647,0,0,0,,,
24.768,odom,map,-1.27688,0.553711,2.89389,0,0,0,,,
24.804,odom,map,-1.28515,0.556933,2.89106,0,0,0,,,
24.804,ekf_predict_only,map,-1.35616,0.60605,2.89274,21.9565,19.5327,1.90209,,,
24.804,ekf,map,-1.36748,0.602076,2.91855,0.0430958,0.0431052,1.8466e-06,0.054791,,
24.804,kf,map,-1.36741,0.602047,2.91846,0.0416929,0.0416929,0,0.053167,,
24.804,pf,map,-1.36531,0.596356,2.91892,0.0402302,0.0412294,0.000194674,5.45654,174.445,0
24.84,odom,map,-1.29596,0.55972,2.88755,0,0,0,,,
24.876,odom,map,-1.3067,0.56253,2.88385,0,0,0,,,
24.912,odom,map,-1.31733,0.565354,2.8799,0,0,0,,,
24.948,odom,map,-1.3279,0.568206,2.87585,0,0,0,,,
24.984,odom,map,-1.33831,0.571063,2.87184,0,0,0,,,
25.02,odom,map,-1.34859,0.573929,2.86755,0,0,0,,,
24.984,ekf,map,-1.42105,0.614726,2.89925,0.0427337,0.0427406,1.42715e-06,0.061666,,
24.984,ekf_predict_only,map,-1.4078,0.619171,2.87093,22.3105,20.1073,2.25275,,,
24.984,kf,map,-1.42099,0.614703,2.89917,0.0416156,0.0416156,0,0.154833,,
24.984,pf,map,-1.42844,0.597855,2.90489,0.0385133,0.0446252,0.000366214,10.7532,183.492,0
25.056,odom,map,-1.35875,0.576809,2.86307,0,0,0,,,
25.092,odom,map,-1.36882,0.579713,2.8585,0,0,0,,,
25.128,odom,map,-1.37875,0.582628,2.85351,0,0,0,,,
25.164,odom,map,-1.38829,0.585483,2.84787,0,0,0,,,
25.2,odom,map,-1.39765,0.588343,2.84201,0,0,0,,,
25.2,ekf_predict_only,map,-1.46418,0.634816,2.83552,22.6978,20.7654,2.6538,,,
25.2,kf,map,-1.48056,0.630208,2.86884,0.0416929,0.0416929,0,0.060458,,
25.2,ekf,map,-1.48066,0.630253,2.86902,0.0430984,0.0431062,1.70896e-06,0.086958,,
25.2,pf,map,-1.51151,0.626103,2.85188,0.0442396,0.0392193,-0.000318133,5.46404,155.142,0
25.236,odom,map,-1.40695,0.591248,2.83611,0,0,0,,,
25.272,odom,map,-1.41609,0.59416,2.82991,0,0,0,,,
25.308,odom,map,-1.42496,0.59705,2.82307,0,0,0,,,
25.344,odom,map,-1.43358,0.599927,2.81585,0,0,0,,,
25.38,odom,map,-1.44208,0.602834,2.8085,0,0,0,,,
25.416,odom,map,-1.45035,0.604482,2.80117,0,0,0,,,
25.416,ekf_predict_only,map,-1.51362,0.65044,2.78699,23.0888,21.4099,3.0263,,,
25.416,kf,map,-1.53365,0.646041,2.82715,0.041695,0.041695,0,0.066459,,
25.416,ekf,map,-1.53378,0.646101,2.82741,0.0431158,0.0431226,1.57228e-06,0.058209,,
25.416,pf,map,-1.56736,0.63122,2.80621,0.0400131,0.0468195,0.0014976,4.88029,172.897,0
25.452,odom,map,-1.45837,0.604136,2.79415,0,0,0,,,
25.488,odom,map,-1.46589,0.603662,2.78652,0,0,0,,,
25.524,odom,map,-1.47316,0.603148,2.77865,0,0,0,,,
25.56,odom,map,-1.4802,0.602596,2.77048,0,0,0,,,
25.596,odom,map,-1.48671,0.601892,2.76196,0,0,0,,,
25.596,kf,map,-1.57003,0.658681,2.78211,0.0416157,0.0416157,0,0.065,,
25.632,odom,map,-1.49297,0.604061,2.75226,0,0,0,,,
25.596,ekf_predict_only,map,-1.54528,0.662159,2.73779,23.4348,21.9156,3.27997,,,
25.596,ekf,map,-1.57016,0.658743,2.78225,0.0427171,0.0427215,1.10216e-06,0.102542,,
25.602,amcl,map,-1.48363,0.61828,2.76256,0.044564,0.0767663,0.024603,,,
25.596,pf,map,-1.5815,0.68772,2.77451,0.0452938,0.041188,-0.000845687,9.04442,172.815,0
25.668,odom,map,-1.49892,0.606538,2.74209,0,0,0,,,
25.704,odom,map,-1.50417,0.608786,2.73126,0,0,0,,,
25.74,odom,map,-1.50884,0.61085,2.71984,0,0,0,,,
25.776,odom,map,-1.51332,0.612889,2.70817,0,0,0,,,
25.812,ekf_predict_only,map,-1.56891,0.672259,2.66323,23.7624,22.3549,3.48042,,,
25.812,kf,map,-1.60057,0.671092,2.71526,0.0416929,0.0416929,0,0.05425,,
25.812,odom,map,-1.51741,0.614811,2.69595,0,0,0,,,
25.812,ekf,map,-1.6008,0.671208,2.71554,0.043079,0.0430831,1.11926e-06,0.060583,,
25.812,pf,map,-1.62089,0.70612,2.70688,0.041048,0.0490602,0.000389924,4.88312,169.827,0
25.848,odom,map,-1.52101,0.616559,2.68299,0,0,0,,,
25.884,odom,map,-1.52438,0.618253,2.66964,0,0,0,,,
25.92,odom,map,-1.52758,0.61991,2.65601,0,0,0,,,
25.956,odom,map,-1.53072,0.621597,2.64195,0,0,0,,,
25.992,odom,map,-1.53375,0.62328,2.62722,0,0,0,,,
26.028,odom,map,-1.53674,0.624999,2.61236,0,0,0,,,
25.992,ekf_predict_only,map,-1.58422,0.680198,2.58891,24.0639,22.7149,3.6198,,,
25.992,ekf,map,-1.61811,0.679661,2.64707,0.0427238,0.0427263,7.07086e-07,0.058125,,
25.992,kf,map,-1.61802,0.679611,2.64687,0.0416156,0.0416156,0,0.1185,,
25.992,pf,map,-1.62407,0.698582,2.6595,0.0406983,0.0385409,0.00128632,11.9598,168.795,0
26.064,odom,map,-1.53967,0.626739,2.59724,0,0,0,,,
26.1,odom,map,-1.54253,0.628502,2.58155,0,0,0,,,
26.136,odom,map,-1.54542,0.630348,2.56552,0,0,0,,,
26.172,odom,map,-1.5483,0.632253,2.54941,0,0,0,,,
26.208,odom,map,-1.55122,0.634255,2.5329,0,0,0,,,
26.208,ekf_predict_only,map,-1.60248,0.691458,2.48862,24.4098,23.111,3.79849,,,
26.208,kf,map,-1.63621,0.690381,2.55256,0.0416929,0.0416929,0,0.05775,,
26.208,ekf,map,-1.6362,0.690405,2.55278,0.0430901,0.0430923,7.06053e-07,0.057083,,
26.202,amcl,map,-1.53735,0.642346,2.54191,0.0419041,0.0687894,0.0216228,,,
26.208,pf,map,-1.65616,0.703881,2.55125,0.0420439,0.0418846,-0.00240762,4.67075,161.543,0
26.244,odom,map,-1.55423,0.636388,2.516,0,0,0,,,
26.28,odom,map,-1.55733,0.638666,2.49863,0,0,0,,,
26.316,odom,map,-1.5604,0.641008,2.48115,0,0,0,,,
26.352,odom,map,-1.56352,0.643478,2.46354,0,0,0,,,
26.388,odom,map,-1.56675,0.646126,2.44563,0,0,0,,,
26.424,odom,map,-1.56949,0.6507,2.4279,0,0,0,,,
26.388,ekf_predict_only,map,-1.61918,0.704231,2.39877,24.7779,23.4954,3.97889,,,
26.388,kf,map,-1.65215,0.702046,2.46584,0.0416156,0.0416156,0,0.065792,,
26.388,ekf,map,-1.65211,0.702048,2.46596,0.0427305,0.0427318,5.07742e-07,0.058541,,
26.388,pf,map,-1.70102,0.721174,2.44937,0.0416058,0.0404197,0.00196981,7.93292,166.683,0
26.46,odom,map,-1.57209,0.656521,2.40988,0,0,0,,,
26.496,odom,map,-1.57477,0.662519,2.39156,0,0,0,,,
26.532,odom,map,-1.5775,0.668681,2.3732,0,0,0,,,
26.568,odom,map,-1.5802,0.67494,2.35488,0,0,0,,,
26.604,odom,map,-1.58293,0.681138,2.33638,0,0,0,,,
26.604,ekf_predict_only,map,-1.64205,0.725233,2.28421,25.2605,23.9558,4.25239,,,
26.604,kf,map,-1.67306,0.720669,2.35448,0.0416929,0.0416929,0,0.060792,,
26.604,ekf,map,-1.67294,0.72064,2.35461,0.0430958,0.0430971,6.74011e-07,0.058875,,
26.604,pf,map,-1.68219,0.752317,2.35184,0.0427883,0.0449506,-0.000908154,6.39483,155.815,0
26.64,odom,map,-1.5864,0.68482,2.31732,0,0,0,,,
26.676,odom,map,-1.58988,0.688652,2.29823,0,0,0,,,
26.712,odom,map,-1.59342,0.692706,2.27932,0,0,0,,,
26.748,odom,map,-1.59706,0.697045,2.26037,0,0,0,,,
26.784,odom,map,-1.60076,0.701616,2.24133,0,0,0,,,
26.82,odom,map,-1.60439,0.706284,2.22228,0,0,0,,,
26.784,ekf,map,-1.69108,0.740785,2.25997,0.0427338,0.0427345,6.32584e-07,0.057333,,
26.784,ekf_predict_only,map,-1.6614,0.747588,2.18897,25.77,24.3834,4.51779,,,
26.784,kf,map,-1.69117,0.740812,2.25993,0.0416156,0.0416156,0,0.114791,,
26.784,pf,map,-1.72358,0.763714,2.25709,0.0373591,0.042829,0.00242124,7.14933,155.804,0
26.802,amcl,map,-1.59376,0.715082,2.21498,0.0453539,0.0708775,0.0219832,,,
26.856,odom,map,-1.60805,0.711183,2.20336,0,0,0,,,
26.892,odom,map,-1.6118,0.716394,2.18455,0,0,0,,,
26.928,odom,map,-1.6156,0.721906,2.16557,0,0,0,,,
26.964,odom,map,-1.61931,0.727508,2.14651,0,0,0,,,
27,odom,map,-1.62303,0.733352,2.12762,0,0,0,,,
27,ekf_predict_only,map,-1.68694,0.783508,2.0773,26.486,24.8942,4.91979,,,
27,ekf,map,-1.71425,0.772357,2.14663,0.043099,0.0430994,1.04728e-06,0.059916,,
27,kf,map,-1.71442,0.77244,2.14668,0.0416929,0.0416929,0,1.999,,
27,pf,map,-1.75974,0.791233,2.13702,0.0404227,0.0354804,0.00248733,5.11758,173.071,0
27.036,odom,map,-1.62526,0.738169,2.10972,0,0,0,,,
27.072,odom,map,-1.62737,0.743055,2.09185,0,0,0,,,
27.108,odom,map,-1.62941,0.748067,2.07424,0,0,0,,,
27.144,odom,map,-1.63142,0.753296,2.05688,0,0,0,,,
27.18,odom,map,-1.63348,0.758875,2.03989,0,0,0,,,
27.216,odom,map,-1.63607,0.765167,2.02273,0,0,0,,,
27.216,ekf_predict_only,map,-1.7103,0.825605,1.97158,27.3205,25.3887,5.36124,,,
27.216,ekf,map,-1.73669,0.811709,2.03781,0.043117,0.0431169,1.29457e-06,0.054459,,
27.201,amcl,map,-1.63668,0.788697,2.00435,0.0407515,0.0626027,0.0232411,,,
27.216,kf,map,-1.73685,0.811754,2.03792,0.041695,0.041695,0,0.064958,,
27.216,pf,map,-1.76029,0.829959,2.0295,0.0400744,0.0417656,-0.00382757,4.69354,186.99,0
27.252,odom,map,-1.63958,0.77255,2.00537,0,0,0,,,
27.288,odom,map,-1.64305,0.780199,1.98861,0,0,0,,,
27.324,odom,map,-1.6465,0.788148,1.97232,0,0,0,,,
27.36,odom,map,-1.64985,0.796229,1.95613,0,0,0,,,
27.396,odom,map,-1.65314,0.804508,1.94024,0,0,0,,,
27.432,odom,map,-1.65636,0.81304,1.92481,0,0,0,,,
27.396,ekf_predict_only,map,-1.72814,0.867721,1.89475,28.1879,25.8205,5.77612,,,
27.396,kf,map,-1.75435,0.85096,1.95588,0.0416157,0.0416157,0,0.116542,,
27.396,ekf,map,-1.75424,0.850913,1.95572,0.0427186,0.0427179,1.23686e-06,0.061417,,
27.396,pf,map,-1.76307,0.886528,1.93665,0.0391331,0.0375449,-0.00144217,4.70692,167.993,0
27.468,odom,map,-1.65954,0.821846,1.9097,0,0,0,,,
27.504,odom,map,-1.66262,0.8308,1.89468,0,0,0,,,
27.54,odom,map,-1.66566,0.84007,1.87954,0,0,0,,,
27.576,odom,map,-1.66864,0.849664,1.86455,0,0,0,,,
27.612,odom,map,-1.67135,0.860621,1.84849,0,0,0,,,
27.612,ekf_predict_only,map,-1.74776,0.926144,1.80536,29.3682,26.2821,6.33024,,,
27.612,ekf,map,-1.77358,0.905826,1.86486,0.0430821,0.0430799,1.86251e-06,0.060333,,
27.612,kf,map,-1.77374,0.905932,1.86501,0.0416929,0.0416929,0,0.059875,,
27.612,pf,map,-1.78868,0.927883,1.83266,0.0363708,0.0350119,-0.00321501,5.03525,154.115,0
27.648,odom,map,-1.67352,0.874427,1.83019,0,0,0,,,
27.684,odom,map,-1.67548,0.888292,1.81195,0,0,0,,,
27.72,odom,map,-1.67726,0.90232,1.79386,0,0,0,,,
27.756,odom,map,-1.67884,0.916508,1.77609,0,0,0,,,
27.792,odom,map,-1.6802,0.930733,1.75838,0,0,0,,,
27.792,kf,map,-1.78684,0.956558,1.79353,0.0416156,0.0416156,0,0.061166,,
27.828,odom,map,-1.68191,0.942306,1.74361,0,0,0,,,
27.792,ekf,map,-1.78675,0.956527,1.79343,0.0427272,0.0427245,1.59287e-06,0.054916,,
27.801,amcl,map,-1.68952,0.947851,1.75327,0.045544,0.0703694,0.0328142,,,
27.792,pf,map,-1.81605,0.967821,1.78723,0.0428593,0.0354965,0.00081526,4.59825,171.082,0
27.792,ekf_predict_only,map,-1.76021,0.97826,1.73699,30.4966,26.6519,6.79648,,,
27.864,odom,map,-1.68366,0.952779,1.73021,0,0,0,,,
27.9,odom,map,-1.68529,0.963325,1.71729,0,0,0,,,
27.936,odom,map,-1.68678,0.973938,1.70463,0,0,0,,,
27.972,odom,map,-1.68814,0.984495,1.6923,0,0,0,,,
28.008,odom,map,-1.68944,0.995238,1.68014,0,0,0,,,
28.008,ekf_predict_only,map,-1.77067,1.0406,1.66534,31.8748,26.9968,7.32709,,,
28.008,kf,map,-1.79843,1.01908,1.71689,0.0416929,0.0416929,0,0.060292,,
28.008,ekf,map,-1.79833,1.01911,1.71671,0.0430952,0.0430907,1.94767e-06,0.054125,,
28.008,pf,map,-1.82117,1.05768,1.72694,0.0442603,0.0420381,0.000984227,4.46913,174.245,0
28.044,odom,map,-1.6909,1.00687,1.66766,0,0,0,,,
28.08,odom,map,-1.69222,1.01849,1.6553,0,0,0,,,
28.116,odom,map,-1.6934,1.02995,1.64314,0,0,0,,,
28.152,odom,map,-1.69443,1.04128,1.63136,0,0,0,,,
28.188,odom,map,-1.69533,1.0526,1.6197,0,0,0,,,
28.224,odom,map,-1.69589,1.06296,1.60874,0,0,0,,,
28.188,kf,map,-1.80423,1.06992,1.66039,0.0416156,0.0416156,0,0.060708,,
28.188,ekf,map,-1.80417,1.06998,1.66027,0.0427349,0.0427308,1.36889e-06,0.052917,,
28.188,ekf_predict_only,map,-1.77533,1.08972,1.61224,33.0554,27.262,7.71732,,,
28.188,pf,map,-1.82887,1.09363,1.65471,0.0385443,0.0351154,-0.00278751,5.639,157.099,0
28.26,odom,map,-1.69621,1.07268,1.59839,0,0,0,,,
28.296,odom,map,-1.69642,1.08219,1.58835,0,0,0,,,
28.332,odom,map,-1.69654,1.09147,1.57854,0,0,0,,,
28.368,odom,map,-1.69657,1.10058,1.56888,0,0,0,,,
28.404,odom,map,-1.69651,1.10946,1.55965,0,0,0,,,
28.404,ekf,map,-1.80714,1.12242,1.6055,0.0431003,0.0430959,1.27569e-06,0.110917,,
28.404,ekf_predict_only,map,-1.77641,1.1158,1.59207,33.7949,27.4772,7.91172,,,
28.404,kf,map,-1.80715,1.12155,1.60665,0.0416929,0.0416929,0,0.089708,,
28.404,pf,map,-1.82443,1.20143,1.58792,0.0424973,0.039535,-0.000949,4.99263,166.823,0
28.44,odom,map,-1.69638,1.11781,1.55152,0,0,0,,,
28.476,odom,map,-1.69622,1.12488,1.54596,0,0,0,,,
28.512,odom,map,-1.69607,1.13065,1.54299,0,0,0,,,
28.548,odom,map,-1.69594,1.13512,1.54246,0,0,0,,,
28.584,odom,map,-1.69585,1.1383,1.54246,0,0,0,,,
28.584,ekf_predict_only,map,-1.77641,1.1158,1.59207,33.9949,27.6772,7.91172,,,
28.584,kf,map,-1.80767,1.14981,1.58677,0.0416156,0.0416156,0,0.105042,,
28.62,odom,map,-1.69654,1.14084,1.54286,0,0,0,,,
28.584,ekf,map,-1.80768,1.1507,1.58607,0.0427362,0.0427336,7.15681e-07,0.112083,,
28.602,amcl,map,-1.70954,1.16691,1.55284,0.0485455,0.0772124,0.0406668,,,
28.584,pf,map,-1.81468,1.17559,1.56989,0.0502825,0.0412758,-0.00228431,4.63929,174.658,0
28.656,odom,map,-1.69785,1.14262,1.5436,0,0,0,,,
28.692,odom,map,-1.69917,1.14381,1.54433,0,0,0,,,
28.728,odom,map,-1.7005,1.145,1.54507,0,0,0,,,
28.764,odom,map,-1.70183,1.14619,1.54581,0,0,0,,,
28.8,odom,map,-1.70315,1.14738,1.54654,0,0,0,,,
28.8,kf,map,-1.80779,1.15662,1.58343,0.0416929,0.0416929,0,0.066292,,
28.8,ekf_predict_only,map,-1.77641,1.1158,1.59207,34.1949,27.8772,7.91172,,,
28.8,ekf,map,-1.80779,1.15697,1.58322,0.0431003,0.0430982,5.94261e-07,0.130834,,
28.8,pf,map,-1.8069,1.18901,1.57804,0.0399207,0.0363466,0.00073125,4.79812,146.19,0
28.836,odom,map,-1.70319,1.14741,1.54656,0,0,0,,,
28.872,odom,map,-1.70319,1.14741,1.54656,0,0,0,,,
28.908,odom,map,-1.70319,1.14741,1.54656,0,0,0,,,
28.944,odom,map,-1.70319,1.14741,1.54656,0,0,0,,,
28.98,odom,map,-1.70319,1.14741,1.54656,0,0,0,,,
29.016,odom,map,-1.70319,1.14741,1.54656,0,0,0,,,
29.016,ekf_predict_only,map,-1.77641,1.1158,1.59207,34.3949,28.0772,7.91172,,,
29.016,kf,map,-1.8078,1.15775,1.58288,0.041695,0.041695,0,0.082958,,
29.016,ekf,map,-1.80781,1.15784,1.58283,0.043117,0.0431156,3.93372e-07,0.137125,,
29.016,pf,map,-1.82048,1.17299,1.58033,0.0439318,0.0381979,-0.000588732,4.95375,172.343,0
29.052,odom,map,-1.70319,1.14741,1.54656,0,0,0,,,
29.088,odom,map,-1.70319,1.14741,1.54656,0,0,0,,,
29.124,odom,map,-1.70319,1.14741,1.54656,0,0,0,,,
29.16,odom,map,-1.70319,1.14741,1.54656,0,0,0,,,
29.196,odom,map,-1.70319,1.14741,1.54656,0,0,0,,,
29.232,odom,map,-1.70319,1.14741,1.54656,0,0,0,,,
29.196,ekf_predict_only,map,-1.77641,1.1158,1.59207,34.5949,28.2772,7.91172,,,
29.196,kf,map,-1.80781,1.15794,1.58278,0.0416157,0.0416157,0,0.0645,,
29.196,ekf,map,-1.80781,1.15795,1.58277,0.0427176,0.0427169,2.08876e-07,0.115333,,
29.196,pf,map,-1.81988,1.19062,1.57965,0.0427062,0.0363899,0.000839788,6.90442,162.144,0
29.268,odom,map,-1.70319,1.14741,1.54656,0,0,0,,,
29.304,odom,map,-1.70319,1.14741,1.54656,0,0,0,,,
29.34,odom,map,-1.70319,1.14741,1.54656,0,0,0,,,
29.376,odom,map,-1.70318,1.148,1.54655,0,0,0,,,
29.412,ekf_predict_only,map,-1.77657,1.12354,1.59198,34.9577,28.4795,7.96789,,,
29.412,kf,map,-1.80784,1.16083,1.58273,0.0416929,0.0416929,0,0.065417,,
29.412,odom,map,-1.70349,1.15045,1.54688,0,0,0,,,
29.412,ekf,map,-1.80784,1.16067,1.58273,0.0430794,0.0430787,1.72299e-07,0.108916,,
29.412,pf,map,-1.82171,1.15533,1.58194,0.0427524,0.0483298,-0.000359345,4.98592,173.053,0
29.448,odom,map,-1.70459,1.15589,1.54774,0,0,0,,,
29.484,odom,map,-1.70567,1.16199,1.54847,0,0,0,,,
29.52,odom,map,-1.70675,1.16862,1.54918,0,0,0,,,
29.556,odom,map,-1.70782,1.17546,1.54954,0,0,0,,,
29.592,odom,map,-1.70889,1.18284,1.54915,0,0,0,,,
29.628,odom,map,-1.70914,1.18727,1.54725,0,0,0,,,
29.592,kf,map,-1.80798,1.17393,1.57779,0.0416156,0.0416156,0,0.062667,,
29.592,ekf,map,-1.80799,1.17384,1.578,0.0427241,0.0427237,9.56289e-08,0.054417,,
29.592,ekf_predict_only,map,-1.77691,1.13915,1.57914,35.4897,28.6842,8.08124,,,
29.592,pf,map,-1.84742,1.19465,1.57113,0.0404519,0.0440739,0.00148913,7.86525,174.462,0
29.664,odom,map,-1.70906,1.19039,1.54469,0,0,0,,,
29.7,odom,map,-1.70898,1.19344,1.54154,0,0,0,,,
29.736,odom,map,-1.70889,1.19633,1.5371,0,0,0,,,
29.772,odom,map,-1.70878,1.19912,1.53194,0,0,0,,,
29.808,odom,map,-1.70867,1.20187,1.52657,0,0,0,,,
29.808,ekf_predict_only,map,-1.77704,1.15569,1.5469,36.0468,28.8861,8.19908,,,
29.808,kf,map,-1.80799,1.19126,1.55467,0.0416929,0.0416929,0,0.066834,,
29.808,ekf,map,-1.80799,1.19128,1.55501,0.0430904,0.0430899,8.06888e-08,0.055125,,
29.808,pf,map,-1.81936,1.20428,1.54448,0.0372459,0.0385426,-0.000670843,5.05292,167.936,0
29.844,odom,map,-1.70854,1.20457,1.52082,0,0,0,,,
29.88,odom,map,-1.7084,1.20721,1.51383,0,0,0,,,
29.916,odom,map,-1.70824,1.20981,1.50593,0,0,0,,,
29.952,odom,map,-1.70807,1.21239,1.49774,0,0,0,,,
29.988,odom,map,-1.70787,1.21489,1.48893,0,0,0,,,
30.024,odom,map,-1.70766,1.21732,1.47908,0,0,0,,,
29.988,kf,map,-1.8076,1.20428,1.51624,0.0416156,0.0416156,0,0.064584,,
29.988,ekf_predict_only,map,-1.77675,1.16785,1.49549,36.5131,29.082,8.28147,,,
29.988,ekf,map,-1.8076,1.20431,1.51663,0.0427307,0.0427303,4.34229e-08,0.104166,,
29.988,pf,map,-1.84565,1.21901,1.52046,0.0403652,0.0409057,-0.000440659,9.23017,157.514,0
30.06,odom,map,-1.70742,1.21984,1.46838,0,0,0,,,
30.096,odom,map,-1.70714,1.2224,1.45735,0,0,0,,,
30.132,odom,map,-1.70681,1.22513,1.44566,0,0,0,,,
30.168,odom,map,-1.70643,1.22801,1.43313,0,0,0,,,
30.204,odom,map,-1.70601,1.23093,1.42039,0,0,0,,,
30.204,ekf_predict_only,map,-1.77542,1.18552,1.41905,37.1056,29.2633,8.39084,,,
30.204,kf,map,-1.80625,1.22078,1.44857,0.0416929,0.0416929,0,0.055958,,
30.204,ekf,map,-1.80625,1.22075,1.44892,0.043096,0.0430955,2.85347e-08,0.058125,,
30.204,pf,map,-1.82483,1.25451,1.46592,0.035254,0.0381623,-0.00333875,13.2891,178.944,0
30.24,odom,map,-1.70551,1.23404,1.4073,0,0,0,,,
30.276,odom,map,-1.70494,1.23737,1.39369,0,0,0,,,
30.312,odom,map,-1.70427,1.24096,1.37942,0,0,0,,,
30.348,odom,map,-1.70353,1.24463,1.36498,0,0,0,,,
30.384,odom,map,-1.70271,1.24842,1.3504,0,0,0,,,
30.42,odom,map,-1.70177,1.25248,1.33533,0,0,0,,,
30.384,ekf_predict_only,map,-1.77224,1.20628,1.34306,37.7752,29.4188,8.50033,,,
30.384,kf,map,-1.80346,1.23872,1.37902,0.0416156,0.0416156,0,0.062875,,
30.384,ekf,map,-1.80345,1.23863,1.37925,0.0427339,0.0427334,-9.72707e-09,0.054875,,
30.402,amcl,map,-1.69604,1.2566,1.33429,0.0413211,0.0688502,0.0371898,,,
30.384,pf,map,-1.82301,1.25115,1.3845,0.0390936,0.0411127,-0.00458021,4.64383,175.208,0
30.456,odom,map,-1.70073,1.25667,1.32007,0,0,0,,,
30.492,odom,map,-1.69959,1.26098,1.30476,0,0,0,,,
30.528,odom,map,-1.69835,1.26542,1.28931,0,0,0,,,
30.564,odom,map,-1.69699,1.26998,1.27371,0,0,0,,,
30.6,odom,map,-1.69552,1.27464,1.25825,0,0,0,,,
30.6,ekf,map,-1.79711,1.265,1.28804,0.0430989,0.043098,-8.90128e-08,0.061208,,
30.6,ekf_predict_only,map,-1.76554,1.2352,1.25109,38.645,29.5256,8.62373,,,
30.6,kf,map,-1.79714,1.2651,1.28798,0.0416929,0.0416929,0,0.063584,,
30.6,pf,map,-1.81804,1.27704,1.2736,0.0401323,0.035172,0.00203693,5.05525,168.656,0
30.636,odom,map,-1.69396,1.27934,1.24292,0,0,0,,,
30.672,odom,map,-1.6923,1.28412,1.22743,0,0,0,,,
30.708,odom,map,-1.69046,1.28913,1.21179,0,0,0,,,
30.744,odom,map,-1.68837,1.29456,1.19636,0,0,0,,,
30.78,odom,map,-1.6861,1.30023,1.18102,0,0,0,,,
30.816,kf,map,-1.78602,1.2976,1.19618,0.041695,0.041695,0,0.059792,,
30.816,odom,map,-1.68359,1.30619,1.16594,0,0,0,,,
30.816,ekf,map,-1.78602,1.29738,1.19614,0.0431168,0.0431156,-2.55491e-07,0.10425,,
30.816,ekf_predict_only,map,-1.75301,1.27305,1.16093,39.7491,29.5541,8.73319,,,
30.816,pf,map,-1.7897,1.31132,1.19128,0.0370396,0.0451602,0.00120051,8.90733,174.875,0
30.852,odom,map,-1.68078,1.31263,1.15111,0,0,0,,,
30.888,odom,map,-1.67778,1.31921,1.13632,0,0,0,,,
30.924,odom,map,-1.67457,1.32599,1.12171,0,0,0,,,
30.96,odom,map,-1.67113,1.333,1.10731,0,0,0,,,
30.996,odom,map,-1.66739,1.34035,1.09229,0,0,0,,,
31.032,odom,map,-1.66345,1.34781,1.07672,0,0,0,,,
30.996,kf,map,-1.77081,1.33204,1.12156,0.0416157,0.0416157,0,0.059417,,
30.996,ekf,map,-1.77082,1.33188,1.12164,0.0427184,0.042717,-4.66483e-07,0.054209,,
31.002,amcl,map,-1.64596,1.36195,1.06599,0.0641233,0.0826452,0.0555989,,,
30.996,ekf_predict_only,map,-1.7362,1.31174,1.08308,40.9057,29.5293,8.784,,,
30.996,pf,map,-1.79085,1.35687,1.11069,0.0423185,0.0409347,0.00301127,6.94833,165.366,0
31.068,odom,map,-1.65927,1.35542,1.0608,0,0,0,,,
31.104,odom,map,-1.65478,1.36329,1.04443,0,0,0,,,
31.14,odom,map,-1.65009,1.37121,1.02791,0,0,0,,,
31.176,odom,map,-1.64517,1.37921,1.01133,0,0,0,,,
31.212,odom,map,-1.63953,1.38773,0.994207,0,0,0,,,
31.212,ekf_predict_only,map,-1.70861,1.36376,0.983148,42.444,29.374,8.76394,,,
31.212,ekf,map,-1.74488,1.37977,1.0242,0.0430817,0.0430791,-1.12089e-06,0.115417,,
31.212,kf,map,-1.74489,1.37996,1.02411,0.0416929,0.0416929,0,0.06525,,
31.212,pf,map,-1.75821,1.41865,1.03336,0.041426,0.0415937,0.00503923,4.97475,175.386,0
31.248,odom,map,-1.63273,1.39699,0.975992,0,0,0,,,
31.284,odom,map,-1.62568,1.40627,0.957908,0,0,0,,,
31.32,odom,map,-1.61843,1.41547,0.939871,0,0,0,,,
31.356,odom,map,-1.61092,1.4247,0.92171,0,0,0,,,
31.392,odom,map,-1.60313,1.43396,0.903501,0,0,0,,,
31.428,odom,map,-1.59614,1.44245,0.886393,0,0,0,,,
31.392,ekf_predict_only,map,-1.67936,1.40767,0.89974,43.8209,29.2159,8.64074,,,
31.392,kf,map,-1.71675,1.42188,0.941422,0.0416156,0.0416156,0,0.058833,,
31.392,ekf,map,-1.71673,1.42177,0.941453,0.0427266,0.0427243,-1.3687e-06,0.069416,,
31.392,pf,map,-1.73449,1.44598,0.931937,0.0404997,0.0441557,9.3001e-05,5.16775,159.271,0
31.464,odom,map,-1.58942,1.45055,0.869737,0,0,0,,,
31.5,odom,map,-1.58252,1.45858,0.853249,0,0,0,,,
31.536,odom,map,-1.57548,1.46652,0.836866,0,0,0,,,
31.572,odom,map,-1.56831,1.47433,0.820504,0,0,0,,,
31.608,odom,map,-1.56103,1.48202,0.804251,0,0,0,,,
31.608,ekf_predict_only,map,-1.63972,1.45759,0.803178,45.4115,28.9615,8.37483,,,
31.608,kf,map,-1.67717,1.47108,0.843097,0.0416929,0.0416929,0,0.061084,,
31.608,ekf,map,-1.6771,1.47098,0.843039,0.0430941,0.0430912,-2.31701e-06,0.054209,,
31.602,amcl,map,-1.56421,1.4911,0.796198,0.0793736,0.0739936,0.0602959,,,
31.608,pf,map,-1.70305,1.50646,0.835069,0.0377504,0.0481657,0.00129321,5.647,165.267,0
31.644,odom,map,-1.55361,1.48961,0.788148,0,0,0,,,
31.68,odom,map,-1.54605,1.49708,0.772054,0,0,0,,,
31.716,odom,map,-1.53838,1.50443,0.756174,0,0,0,,,
31.752,odom,map,-1.53067,1.51159,0.740622,0,0,0,,,
31.788,odom,map,-1.52292,1.51857,0.725048,0,0,0,,,
31.788,ekf_predict_only,map,-1.60409,1.49452,0.726575,46.6766,28.7835,8.05676,,,
31.788,kf,map,-1.64058,1.50874,0.764037,0.0416156,0.0416156,0,0.108459,,
31.824,odom,map,-1.51325,1.52679,0.707863,0,0,0,,,
31.788,ekf,map,-1.6405,1.5087,0.763961,0.0427337,0.0427318,-2.15727e-06,0.055834,,
31.788,pf,map,-1.67,1.54438,0.760937,0.0408164,0.0425636,0.00448363,6.22717,159.514,0
31.86,odom,map,-1.50243,1.53561,0.689832,0,0,0,,,
31.896,odom,map,-1.49154,1.54419,0.672011,0,0,0,,,
31.932,odom,map,-1.48069,1.55248,0.654534,0,0,0,,,
31.968,odom,map,-1.46979,1.56054,0.637187,0,0,0,,,
32.004,odom,map,-1.4591,1.5682,0.620289,0,0,0,,,
32.004,ekf_predict_only,map,-1.56115,1.53268,0.641693,48.0102,28.5667,7.60426,,,
32.004,kf,map,-1.59543,1.54833,0.674786,0.0416929,0.0416929,0,0.391459,,
32.004,ekf,map,-1.59529,1.54832,0.674627,0.0430994,0.0430978,-2.89626e-06,0.097,,
32.004,pf,map,-1.61236,1.56635,0.656418,0.0379324,0.0339962,-0.000299804,4.50267,172.615,0
32.04,odom,map,-1.45136,1.57365,0.606402,0,0,0,,,
32.076,odom,map,-1.44376,1.57884,0.592796,0,0,0,,,
32.112,odom,map,-1.43616,1.58389,0.579206,0,0,0,,,
32.148,odom,map,-1.42867,1.58871,0.565944,0,0,0,,,
32.184,odom,map,-1.42131,1.59332,0.55288,0,0,0,,,
32.22,odom,map,-1.41432,1.59758,0.540197,0,0,0,,,
32.184,ekf,map,-1.55912,1.57512,0.607221,0.0427361,0.0427354,-2.20505e-06,0.153458,,
32.184,kf,map,-1.55927,1.57509,0.607359,0.0416156,0.0416156,0,0.0545,,
32.202,amcl,map,-1.43496,1.57011,0.535189,0.0809592,0.0646295,0.0570152,,,
32.184,ekf_predict_only,map,-1.52893,1.55675,0.578492,48.9428,28.4818,7.22043,,,
32.184,pf,map,-1.5795,1.59176,0.610445,0.0483361,0.0435879,0.0014694,7.71033,172.282,0
32.256,odom,map,-1.4074,1.60167,0.527557,0,0,0,,,
32.292,odom,map,-1.40054,1.60561,0.515071,0,0,0,,,
32.328,odom,map,-1.39404,1.60924,0.50291,0,0,0,,,
32.364,odom,map,-1.38774,1.61265,0.490828,0,0,0,,,
32.4,odom,map,-1.38156,1.61591,0.478949,0,0,0,,,
32.4,kf,map,-1.5211,1.59961,0.533525,0.0416929,0.0416929,0,0.062375,,
32.4,ekf_predict_only,map,-1.49649,1.57793,0.509423,49.7983,28.4196,6.8041,,,
32.4,ekf,map,-1.52086,1.5997,0.533345,0.0431007,0.0431004,-2.39226e-06,0.059708,,
32.4,pf,map,-1.52295,1.64389,0.524291,0.0363034,0.0416684,-0.00136131,5.59075,178.691,0
32.436,odom,map,-1.37896,1.61854,0.468181,0,0,0,,,
32.472,odom,map,-1.37657,1.62103,0.457529,0,0,0,,,
32.508,odom,map,-1.37426,1.62341,0.44693,0,0,0,,,
32.544,odom,map,-1.3721,1.62565,0.436513,0,0,0,,,
32.58,odom,map,-1.37012,1.62775,0.426254,0,0,0,,,
32.616,odom,map,-1.36736,1.62969,0.416583,0,0,0,,,
32.616,ekf_predict_only,map,-1.49052,1.58127,0.478224,50.1027,28.574,6.72346,,,
32.616,kf,map,-1.49263,1.61502,0.471899,0.041695,0.041695,0,0.101792,,
32.616,ekf,map,-1.49183,1.61544,0.470838,0.0431174,0.0431173,-1.71594e-06,0.061958,,
32.616,pf,map,-1.50703,1.61148,0.46337,0.0390861,0.0374795,-0.0035659,5.53362,179.245,0
32.652,odom,map,-1.36372,1.63128,0.408971,0,0,0,,,
32.688,odom,map,-1.36127,1.63234,0.403951,0,0,0,,,
32.724,odom,map,-1.36,1.63287,0.401523,0,0,0,,,
32.76,odom,map,-1.35981,1.63295,0.401277,0,0,0,,,
32.796,odom,map,-1.35981,1.63295,0.401277,0,0,0,,,
32.832,odom,map,-1.35981,1.63295,0.401277,0,0,0,,,
32.796,kf,map,-1.48276,1.62003,0.454116,0.0416157,0.0416157,0,0.057959,,
32.796,ekf,map,-1.48238,1.62022,0.45349,0.0427178,0.0427178,-9.27459e-07,0.063084,,
32.796,ekf_predict_only,map,-1.49052,1.58127,0.478224,50.3027,28.774,6.72346,,,
32.796,pf,map,-1.50075,1.61384,0.457986,0.0376462,0.0395689,0.00180214,10.8162,171.397,0
32.868,odom,map,-1.35981,1.63295,0.401277,0,0,0,,,
32.904,odom,map,-1.35981,1.63295,0.401277,0,0,0,,,
32.94,odom,map,-1.35981,1.63295,0.401277,0,0,0,,,
32.976,odom,map,-1.35981,1.63295,0.401277,0,0,0,,,
33.012,odom,map,-1.35972,1.63163,0.400417,0,0,0,,,
33.012,ekf_predict_only,map,-1.49052,1.58127,0.478224,50.5027,28.974,6.72346,,,
33.012,kf,map,-1.4811,1.62087,0.451128,0.0416929,0.0416929,0,0.0575,,
33.012,ekf,map,-1.48099,1.62092,0.450942,0.0430795,0.0430795,-7.67236e-07,0.12,,
33.012,pf,map,-1.48908,1.64338,0.452181,0.0444446,0.0433944,0.000872556,4.81671,175.462,0
33.048,odom,map,-1.35941,1.62728,0.397601,0,0,0,,,
33.084,odom,map,-1.3591,1.62292,0.394785,0,0,0,,,
33.12,odom,map,-1.3588,1.61854,0.39197,0,0,0,,,
33.156,odom,map,-1.3585,1.61415,0.389154,0,0,0,,,
33.192,odom,map,-1.35821,1.60974,0.386339,0,0,0,,,
33.228,odom,map,-1.35813,1.60851,0.385557,0,0,0,,,
33.192,ekf_predict_only,map,-1.49052,1.58127,0.478224,50.7027,29.174,6.72346,,,
33.192,kf,map,-1.48082,1.62101,0.450632,0.0416156,0.0416156,0,0.056416,,
33.192,ekf,map,-1.4808,1.62102,0.450592,0.0427241,0.0427241,-4.20524e-07,0.052958,,
33.192,pf,map,-1.49051,1.62621,0.434546,0.0503794,0.045636,0.00145808,6.51871,178.547,0
33.264,odom,map,-1.35813,1.60851,0.385557,0,0,0,,,
33.3,odom,map,-1.35776,1.60866,0.385247,0,0,0,,,
33.336,odom,map,-1.35677,1.60906,0.38481,0,0,0,,,
33.372,odom,map,-1.35544,1.6096,0.38424,0,0,0,,,
33.408,odom,map,-1.35345,1.6104,0.383239,0,0,0,,,
33.408,ekf_predict_only,map,-1.47709,1.58823,0.470533,51.121,29.2747,6.53862,,,
33.408,kf,map,-1.47472,1.62395,0.447339,0.0416929,0.0416929,0,0.063625,,
33.408,ekf,map,-1.47497,1.62383,0.447481,0.0430902,0.0430903,-3.78355e-07,0.139375,,
33.408,pf,map,-1.46927,1.6402,0.432273,0.0379203,0.0431971,-0.00109914,4.52729,155.757,0
33.444,odom,map,-1.35111,1.61135,0.381957,0,0,0,,,
33.48,odom,map,-1.34849,1.6124,0.380028,0,0,0,,,
33.516,odom,map,-1.34516,1.61372,0.376011,0,0,0,,,
33.552,odom,map,-1.34116,1.61528,0.370661,0,0,0,,,
33.588,odom,map,-1.33701,1.61688,0.365083,0,0,0,,,
33.624,odom,map,-1.33256,1.61857,0.35895,0,0,0,,,
33.588,ekf_predict_only,map,-1.45411,1.59992,0.436949,51.6902,29.3149,6.2163,,,
33.588,ekf,map,-1.459,1.63138,0.427709,0.0427306,0.0427308,-3.27384e-07,0.064167,,
33.588,kf,map,-1.45877,1.63149,0.427325,0.0416156,0.0416156,0,0.818083,,
33.588,pf,map,-1.45418,1.64967,0.436216,0.0452378,0.0481406,0.000253633,4.85396,172.127,0
33.66,odom,map,-1.32735,1.6205,0.351696,0,0,0,,,
33.696,odom,map,-1.32151,1.62262,0.344362,0,0,0,,,
33.732,odom,map,-1.31516,1.62487,0.337068,0,0,0,,,
33.768,odom,map,-1.30849,1.62718,0.329571,0,0,0,,,
33.804,odom,map,-1.30104,1.6297,0.321901,0,0,0,,,
33.804,ekf_predict_only,map,-1.40804,1.62144,0.390666,52.5789,29.2341,5.54458,,,
33.804,kf,map,-1.42306,1.647,0.385907,0.0416929,0.0416929,0,0.059375,,
33.804,ekf,map,-1.42345,1.6468,0.386124,0.0430959,0.0430969,-7.27568e-07,0.109916,,
33.801,amcl,map,-1.30939,1.62907,0.323788,0.0926115,0.0600256,0.0579795,,,
33.804,pf,map,-1.44864,1.64455,0.381886,0.047181,0.0453842,-0.0018826,5.52554,166.657,0
33.84,odom,map,-1.29299,1.63235,0.314187,0,0,0,,,
33.876,odom,map,-1.28461,1.63504,0.306333,0,0,0,,,
33.912,odom,map,-1.27502,1.63802,0.298141,0,0,0,,,
33.948,odom,map,-1.26452,1.6412,0.289833,0,0,0,,,
33.984,odom,map,-1.25363,1.6444,0.281498,0,0,0,,,
34.02,odom,map,-1.24252,1.64756,0.273068,0,0,0,,,
33.984,ekf_predict_only,map,-1.35093,1.64496,0.348043,53.5449,29.1594,4.67117,,,
33.984,kf,map,-1.37664,1.66474,0.345939,0.0416156,0.0416156,0,0.057542,,
33.984,ekf,map,-1.37698,1.66457,0.346041,0.0427339,0.0427359,-1.1176e-06,0.120541,,
33.984,pf,map,-1.42037,1.66525,0.346971,0.0434048,0.049213,0.000671772,7.43371,180.236,0
34.056,odom,map,-1.23027,1.65094,0.264451,0,0,0,,,
34.092,odom,map,-1.21717,1.65442,0.255932,0,0,0,,,
34.128,odom,map,-1.20369,1.65789,0.247478,0,0,0,,,
34.164,odom,map,-1.18981,1.66133,0.239035,0,0,0,,,
34.2,odom,map,-1.17529,1.66481,0.230621,0,0,0,,,
34.2,ekf_predict_only,map,-1.26371,1.6766,0.297664,54.7975,29.0984,3.26796,,,
34.2,kf,map,-1.29986,1.69027,0.295591,0.0416929,0.0416929,0,0.06025,,
34.2,ekf,map,-1.30027,1.69004,0.295604,0.043099,0.0431041,-2.43031e-06,0.054042,,
34.2,pf,map,-1.33301,1.6952,0.296809,0.0393863,0.0425559,0.00256033,6.99321,164.518,0
34.236,odom,map,-1.16022,1.66828,0.222224,0,0,0,,,
34.272,odom,map,-1.14482,1.67169,0.214118,0,0,0,,,
34.308,odom,map,-1.12884,1.6751,0.206298,0,0,0,,,
34.344,odom,map,-1.11262,1.67843,0.198335,0,0,0,,,
34.38,odom,map,-1.09637,1.68163,0.19029,0,0,0,,,
34.416,odom,map,-1.08009,1.68469,0.182532,0,0,0,,,
34.416,ekf_predict_only,map,-1.16404,1.70718,0.251543,56.0386,29.2361,1.58065,,,
34.416,kf,map,-1.20691,1.71603,0.247834,0.041695,0.041695,0,0.057708,,
34.416,ekf,map,-1.2072,1.71584,0.247777,0.0431167,0.0431249,-3.3283e-06,0.055042,,
34.416,pf,map,-1.22059,1.74851,0.236158,0.0429435,0.0388585,-0.000936393,6.76529,166.992,0
34.452,odom,map,-1.0638,1.68764,0.174926,0,0,0,,,
34.488,odom,map,-1.04748,1.69046,0.167651,0,0,0,,,
34.524,odom,map,-1.03114,1.69317,0.160673,0,0,0,,,
34.56,odom,map,-1.01479,1.69576,0.154099,0,0,0,,,
34.596,odom,map,-0.998416,1.69825,0.147997,0,0,0,,,
34.632,odom,map,-0.983275,1.70064,0.142598,0,0,0,,,
34.596,ekf,map,-1.12687,1.73441,0.214178,0.0427178,0.0427266,-3.06948e-06,0.121959,,
34.596,ekf_predict_only,map,-1.07932,1.72895,0.225023,56.9945,29.5826,0.091206,,,
34.596,kf,map,-1.12671,1.73454,0.214372,0.0416157,0.0416157,0,0.288417,,
34.602,amcl,map,-1.03828,1.70477,0.159049,0.0911389,0.0439421,0.0388197,,,
34.596,pf,map,-1.15182,1.76543,0.192599,0.0409944,0.0391723,-0.000627111,9.0255,169.098,0
34.668,odom,map,-0.968278,1.70295,0.137518,0,0,0,,,
34.704,odom,map,-0.953271,1.70518,0.132635,0,0,0,,,
34.74,odom,map,-0.938254,1.70734,0.128279,0,0,0,,,
34.776,odom,map,-0.923229,1.70944,0.124259,0,0,0,,,
34.812,kf,map,-1.02953,1.75394,0.184895,0.0416929,0.0416929,0,0.066667,,
34.812,odom,map,-0.907767,1.71146,0.120261,0,0,0,,,
34.812,ekf_predict_only,map,-0.978989,1.75192,0.2001,58.005,30.1951,-1.72654,,,
34.812,ekf,map,-1.02967,1.75382,0.184715,0.0430799,0.0430933,-4.06819e-06,0.054042,,
34.812,pf,map,-1.04194,1.7768,0.185024,0.0434595,0.046316,0.00095867,4.78254,176.308,0
34.848,odom,map,-0.891322,1.71342,0.116401,0,0,0,,,
34.884,odom,map,-0.874871,1.71531,0.113072,0,0,0,,,
34.92,odom,map,-0.858414,1.71716,0.109833,0,0,0,,,
34.956,odom,map,-0.841951,1.71895,0.106956,0,0,0,,,
34.992,odom,map,-0.825484,1.72069,0.104625,0,0,0,,,
35.028,odom,map,-0.809047,1.7224,0.10246,0,0,0,,,
34.992,kf,map,-0.94865,1.76809,0.169351,0.0416156,0.0416156,0,0.119,,
34.992,ekf_predict_only,map,-0.89818,1.7683,0.18951,58.7918,30.9172,-3.22611,,,
34.992,ekf,map,-0.948671,1.76804,0.169192,0.0427245,0.0427362,-3.14396e-06,0.068958,,
34.992,pf,map,-0.971466,1.77931,0.169498,0.0443115,0.0398521,-0.0015401,4.8145,156.228,0
35.064,odom,map,-0.792734,1.72406,0.100734,0,0,0,,,
35.1,odom,map,-0.776471,1.7257,0.0992955,0,0,0,,,
35.136,odom,map,-0.760217,1.7273,0.0980018,0,0,0,,,
35.172,odom,map,-0.744081,1.72888,0.0970206,0,0,0,,,
35.208,odom,map,-0.727969,1.73044,0.0960955,0,0,0,,,
35.208,ekf,map,-0.852116,1.7839,0.16035,0.0430907,0.0431062,-3.67112e-06,0.057833,,
35.208,ekf_predict_only,map,-0.802794,1.7866,0.18396,59.6552,31.9531,-5.03549,,,
35.208,kf,map,-0.852141,1.78394,0.160484,0.0416929,0.0416929,0,0.055583,,
35.202,amcl,map,-0.790469,1.73997,0.120468,0.0964269,0.0367274,0.0250424,,,
35.208,pf,map,-0.861602,1.8044,0.165003,0.0382654,0.0398258,-0.000939143,7.68558,150.26,0
35.244,odom,map,-0.711918,1.73198,0.0954996,0,0,0,,,
35.28,odom,map,-0.696187,1.73349,0.0955543,0,0,0,,,
35.316,odom,map,-0.680774,1.73497,0.0960479,0,0,0,,,
35.352,odom,map,-0.665467,1.73645,0.0967041,0,0,0,,,
35.388,odom,map,-0.65043,1.73792,0.097639,0,0,0,,,
35.424,odom,map,-0.63974,1.74053,0.100125,0,0,0,,,
35.388,ekf,map,-0.775753,1.79613,0.162205,0.0427309,0.0427431,-2.64228e-06,0.09,,
35.388,ekf_predict_only,map,-0.73069,1.80002,0.190744,60.3472,32.9439,-6.43127,,,
35.388,kf,map,-0.775862,1.79613,0.162356,0.0416156,0.0416156,0,0.213334,,
35.388,pf,map,-0.771245,1.80277,0.16338,0.0379318,0.0381197,0.00330949,8.11008,160.134,0
35.46,odom,map,-0.631561,1.74385,0.103586,0,0,0,,,
35.496,odom,map,-0.623625,1.74722,0.107376,0,0,0,,,
35.532,odom,map,-0.615887,1.75063,0.111184,0,0,0,,,
35.568,odom,map,-0.608435,1.75409,0.11496,0,0,0,,,
35.604,odom,map,-0.600878,1.75748,0.118546,0,0,0,,,
35.604,kf,map,-0.691676,1.81016,0.171764,0.0416929,0.0416929,0,0.063584,,
35.604,ekf_predict_only,map,-0.650593,1.81548,0.201292,61.1203,34.1843,-8.01582,,,
35.604,ekf,map,-0.691536,1.81018,0.171706,0.0430961,0.0431105,-2.91204e-06,0.177125,,
35.604,pf,map,-0.696343,1.82103,0.170762,0.0420628,0.0439793,-0.00119733,6.59558,170.644,0
35.64,odom,map,-0.587379,1.7591,0.120304,0,0,0,,,
35.676,odom,map,-0.574054,1.76073,0.121955,0,0,0,,,
35.712,odom,map,-0.560823,1.76236,0.123489,0,0,0,,,
35.748,odom,map,-0.547567,1.76401,0.125132,0,0,0,,,
35.784,odom,map,-0.534385,1.76568,0.126295,0,0,0,,,
35.82,odom,map,-0.521265,1.76735,0.126651,0,0,0,,,
35.784,kf,map,-0.625235,1.82194,0.178323,0.0416156,0.0416156,0,0.106958,,
35.784,ekf,map,-0.625182,1.82197,0.178443,0.0427338,0.0427445,-2.09516e-06,0.056959,,
35.784,ekf_predict_only,map,-0.585801,1.8287,0.203073,61.8154,35.3513,-9.32744,,,
35.784,pf,map,-0.647007,1.81696,0.168842,0.04336,0.0418842,0.000117253,6.60558,168.799,0
35.856,odom,map,-0.50821,1.76901,0.126658,0,0,0,,,
35.892,odom,map,-0.495319,1.77065,0.126262,0,0,0,,,
35.928,odom,map,-0.482571,1.77227,0.125619,0,0,0,,,
35.964,odom,map,-0.470071,1.77384,0.124649,0,0,0,,,
36,odom,map,-0.457622,1.77539,0.123631,0,0,0,,,
36,kf,map,-0.54922,1.83572,0.175891,0.0416929,0.0416929,0,0.057083,,
36,ekf,map,-0.549149,1.83574,0.176031,0.0430985,0.0431109,-2.37862e-06,0.058959,,
36,ekf_predict_only,map,-0.51207,1.84389,0.196968,62.5896,36.7893,-10.8493,,,
36,amcl,map,-0.496797,1.78077,0.136477,0.112573,0.0370278,0.0120533,,,
36,pf,map,-0.561291,1.84233,0.170195,0.0458851,0.0442393,0.00220046,4.86221,158.834,0
36.036,odom,map,-0.449689,1.77782,0.124798,0,0,0,,,
36.072,odom,map,-0.442093,1.78028,0.125899,0,0,0,,,
36.108,odom,map,-0.434807,1.78272,0.126809,0,0,0,,,
36.144,odom,map,-0.427557,1.78519,0.127706,0,0,0,,,
36.18,odom,map,-0.420433,1.78767,0.128564,0,0,0,,,
36.216,odom,map,-0.411726,1.78976,0.128272,0,0,0,,,
36.216,ekf,map,-0.478541,1.84809,0.167424,0.0431159,0.043127,-2.10364e-06,0.058959,,
36.216,ekf_predict_only,map,-0.44405,1.85746,0.186121,63.3083,38.2623,-12.276,,,
36.216,kf,map,-0.478628,1.84807,0.167327,0.041695,0.041695,0,0.100292,,
36.216,pf,map,-0.476102,1.8542,0.175074,0.0390078,0.0373995,-8.24213e-05,6.22663,173.01,0
36.252,odom,map,-0.40026,1.79123,0.126464,0,0,0,,,
36.288,odom,map,-0.388901,1.79267,0.124667,0,0,0,,,
36.324,odom,map,-0.377731,1.79406,0.122884,0,0,0,,,
36.36,odom,map,-0.366782,1.7954,0.121114,0,0,0,,,
36.396,odom,map,-0.355939,1.79671,0.119349,0,0,0,,,
36.396,ekf_predict_only,map,-0.392001,1.86726,0.176821,63.886,39.5217,-13.3785,,,
36.396,kf,map,-0.423321,1.8572,0.158719,0.0416157,0.0416157,0,0.059791,,
36.432,odom,map,-0.34531,1.79797,0.117512,0,0,0,,,
36.396,ekf,map,-0.423227,1.85721,0.158751,0.0427171,0.0427249,-1.46381e-06,0.670542,,
36.396,pf,map,-0.428924,1.87458,0.146999,0.0517801,0.0425633,-0.00165045,6.48292,172.761,0
36.468,odom,map,-0.334925,1.79919,0.115665,0,0,0,,,
36.504,odom,map,-0.324788,1.80036,0.113617,0,0,0,,,
36.54,odom,map,-0.314724,1.80149,0.111493,0,0,0,,,
36.576,odom,map,-0.304915,1.80258,0.109255,0,0,0,,,
36.612,ekf_predict_only,map,-0.360832,1.87283,0.176821,64.3018,40.3919,-14.0423,,,
36.612,odom,map,-0.295597,1.8036,0.107804,0,0,0,,,
36.612,ekf,map,-0.36673,1.86592,0.148897,0.0430789,0.0430867,-1.4243e-06,0.057708,,
36.612,kf,map,-0.367558,1.86581,0.149208,0.0416929,0.0416929,0,0.37925,,
36.612,pf,map,-0.344015,1.88364,0.145005,0.0410547,0.040992,0.000587249,7.18008,171.354,0
36.648,odom,map,-0.287541,1.80447,0.107795,0,0,0,,,
36.684,odom,map,-0.280773,1.8052,0.107795,0,0,0,,,
36.72,odom,map,-0.275294,1.80579,0.107795,0,0,0,,,
36.756,odom,map,-0.271103,1.80625,0.107795,0,0,0,,,
36.792,odom,map,-0.268201,1.80656,0.107795,0,0,0,,,
36.828,odom,map,-0.26842,1.80679,0.107712,0,0,0,,,
36.792,kf,map,-0.340809,1.86977,0.147624,0.0416156,0.0416156,0,0.087834,,
36.792,ekf_predict_only,map,-0.360832,1.87283,0.176821,64.5018,40.5919,-14.0423,,,
36.792,ekf,map,-0.339976,1.86989,0.147537,0.0427238,0.0427282,-8.0982e-07,0.125333,,
36.792,pf,map,-0.326382,1.88852,0.145617,0.0421887,0.040883,-0.0010049,9.98029,162.811,0
36.864,odom,map,-0.270593,1.8069,0.107596,0,0,0,,,
36.9,odom,map,-0.27313,1.80697,0.107481,0,0,0,,,
36.936,odom,map,-0.275668,1.80704,0.107365,0,0,0,,,
36.972,odom,map,-0.278205,1.80711,0.10725,0,0,0,,,
37.008,odom,map,-0.280179,1.80716,0.10716,0,0,0,,,
37.008,ekf_predict_only,map,-0.360832,1.87283,0.176821,64.7018,40.7919,-14.0423,,,
37.008,ekf,map,-0.334353,1.87073,0.147337,0.04309,0.0430936,-6.75823e-07,0.111875,,
37.008,kf,map,-0.334673,1.87068,0.147358,0.0416929,0.0416929,0,0.05925,,
37.008,pf,map,-0.332385,1.86315,0.145403,0.0407399,0.0417061,-0.00471397,4.72483,155.241,0
37.044,odom,map,-0.280179,1.80716,0.10716,0,0,0,,,
37.08,odom,map,-0.280179,1.80716,0.10716,0,0,0,,,
37.116,odom,map,-0.280179,1.80716,0.10716,0,0,0,,,
37.152,odom,map,-0.280179,1.80716,0.10716,0,0,0,,,
37.188,odom,map,-0.279857,1.8072,0.10707,0,0,0,,,
37.224,odom,map,-0.2783,1.80737,0.106402,0,0,0,,,
37.188,ekf,map,-0.331641,1.87113,0.146605,0.0427304,0.0427324,-3.77725e-07,0.064333,,
37.188,kf,map,-0.331467,1.87116,0.146515,0.0416156,0.0416156,0,0.055708,,
37.188,ekf_predict_only,map,-0.349421,1.87487,0.172498,64.981,41.2439,-14.2864,,,
37.188,pf,map,-0.355646,1.87363,0.146811,0.0442702,0.0384437,-0.00137084,5.04071,171.602,0
37.26,odom,map,-0.275999,1.80761,0.105538,0,0,0,,,
37.296,odom,map,-0.273371,1.80789,0.104291,0,0,0,,,
37.332,odom,map,-0.269615,1.80828,0.102342,0,0,0,,,
37.368,odom,map,-0.265143,1.80873,0.0998336,0,0,0,,,
37.404,odom,map,-0.260414,1.8092,0.0969071,0,0,0,,,
37.404,ekf_predict_only,map,-0.312319,1.88133,0.146281,65.4329,42.2891,-15.083,,,
37.404,kf,map,-0.310532,1.87418,0.134269,0.0416929,0.0416929,0,0.086708,,
37.404,ekf,map,-0.311107,1.87411,0.134751,0.0430955,0.0430978,-3.94006e-07,0.097292,,
37.404,pf,map,-0.330481,1.88848,0.145998,0.0403807,0.0445154,-0.0024013,4.68125,157.49,0
37.44,odom,map,-0.254537,1.80976,0.0928126,0,0,0,,,
37.476,odom,map,-0.247923,1.81036,0.0882895,0,0,0,,,
37.512,odom,map,-0.240973,1.81096,0.0837154,0,0,0,,,
37.548,odom,map,-0.233622,1.81155,0.0788848,0,0,0,,,
37.584,odom,map,-0.225466,1.81218,0.0736737,0,0,0,,,
37.62,odom,map,-0.216685,1.8128,0.0682346,0,0,0,,,
37.584,ekf,map,-0.276993,1.8784,0.112879,0.0427334,0.0427357,-3.65956e-07,0.065583,,
37.584,kf,map,-0.276589,1.87845,0.112654,0.0416156,0.0416156,0,0.1135,,
37.584,ekf_predict_only,map,-0.266565,1.88807,0.118883,65.8969,43.5856,-16.0597,,,
37.602,amcl,map,-0.237992,1.821,0.0822044,0.118527,0.0389183,0.00452223,,,
37.584,pf,map,-0.313626,1.87932,0.123153,0.0519904,0.0417126,0.00179457,5.41875,167.719,0
37.656,odom,map,-0.207456,1.81341,0.062755,0,0,0,,,
37.692,odom,map,-0.197972,1.81398,0.0571215,0,0,0,,,
37.728,odom,map,-0.187541,1.81454,0.0512927,0,0,0,,,
37.764,odom,map,-0.176531,1.81507,0.0454368,0,0,0,,,
37.8,odom,map,-0.165303,1.81555,0.039575,0,0,0,,,
37.8,ekf_predict_only,map,-0.196471,1.89645,0.0835405,66.4266,45.582,-17.547,,,
37.8,kf,map,-0.216917,1.88428,0.0793203,0.0416929,0.0416929,0,0.0705,,
37.8,ekf,map,-0.217327,1.8842,0.0794183,0.0430981,0.0431026,-6.12075e-07,0.216292,,
37.8,pf,map,-0.235311,1.90269,0.0752185,0.0516094,0.0395384,-0.00115401,5.03692,164.14,0
37.836,odom,map,-0.153719,1.81598,0.0336894,0,0,0,,,
37.872,odom,map,-0.141673,1.81635,0.0277981,0,0,0,,,
37.908,odom,map,-0.128984,1.81666,0.02199,0,0,0,,,
37.944,odom,map,-0.116109,1.81691,0.0161895,0,0,0,,,
37.98,odom,map,-0.102989,1.81708,0.0103421,0,0,0,,,
38.016,kf,map,-0.141832,1.88891,0.0442072,0.041695,0.041695,0,0.060542,,
38.016,odom,map,-0.0894543,1.81718,0.00434431,0,0,0,,,
38.016,ekf_predict_only,map,-0.114132,1.90334,0.0470086,66.8996,48.074,-19.2732,,,
38.016,ekf,map,-0.142136,1.88884,0.0442677,0.0431156,0.0431221,-7.26125e-07,0.060417,,
38.016,pf,map,-0.128323,1.90206,0.032395,0.0514818,0.0403777,0.000944107,6.71213,159.72,0
38.052,odom,map,-0.0756831,1.8172,-0.00174433,0,0,0,,,
38.088,odom,map,-0.0617086,1.81713,-0.00768652,0,0,0,,,
38.124,odom,map,-0.0472698,1.81698,-0.0134396,0,0,0,,,
38.16,odom,map,-0.0324579,1.81674,-0.0192401,0,0,0,,,
38.196,odom,map,-0.0175657,1.81641,-0.0250548,0,0,0,,,
38.232,odom,map,-0.00251526,1.81599,-0.0306757,0,0,0,,,
38.196,ekf_predict_only,map,-0.0387261,1.90689,0.0191069,67.2406,50.5462,-20.8253,,,
38.196,kf,map,-0.0705813,1.89091,0.0152944,0.0416157,0.0416157,0,0.054541,,
38.196,ekf,map,-0.0707358,1.89086,0.0152753,0.0427169,0.0427239,-5.8861e-07,0.058666,,
38.196,pf,map,-0.0723095,1.88983,0.0170066,0.0475772,0.0417396,0.00289401,9.47133,159.914,0
38.268,odom,map,0.0126329,1.81548,-0.0362154,0,0,0,,,
38.304,odom,map,0.0277765,1.81489,-0.0415668,0,0,0,,,
38.34,odom,map,0.0429062,1.81422,-0.0468243,0,0,0,,,
38.376,odom,map,0.0581549,1.81347,-0.0519043,0,0,0,,,
38.412,odom,map,0.0725669,1.81329,-0.056305,0,0,0,,,
38.412,ekf_predict_only,map,0.0535035,1.90865,-0.0109856,67.5108,53.7523,-22.6907,,,
38.412,ekf,map,0.0199581,1.89076,-0.0165058,0.0430787,0.0430899,-6.34083e-07,0.105417,,
38.4,amcl,map,0.0309246,1.825,-0.0412048,0.118048,0.0411135,-0.0062375,,,
38.412,kf,map,0.0200333,1.89082,-0.0164467,0.0416929,0.0416929,0,0.060958,,
38.412,pf,map,0.0220725,1.90968,-0.0345162,0.0500518,0.0473223,-0.00262151,9.84092,175.975,0
38.448,odom,map,0.0849774,1.81455,-0.0591317,0,0,0,,,
38.484,odom,map,0.0974186,1.81579,-0.0618652,0,0,0,,,
38.52,odom,map,0.10987,1.817,-0.0645977,0,0,0,,,
38.556,odom,map,0.122485,1.81819,-0.0673688,0,0,0,,,
38.592,odom,map,0.135128,1.81935,-0.0701479,0,0,0,,,
38.628,odom,map,0.149965,1.81884,-0.0745391,0,0,0,,,
38.592,kf,map,0.0977251,1.88849,-0.0408461,0.0416156,0.0416156,0,0.102625,,
38.592,ekf,map,0.0976896,1.88845,-0.0408356,0.0427237,0.0427339,-3.3075e-07,0.055292,,
38.592,ekf_predict_only,map,0.132124,1.90779,-0.0361451,67.6764,56.7132,-24.2417,,,
38.592,pf,map,0.0922229,1.86852,-0.0312606,0.0404251,0.0375859,6.26087e-05,7.36525,179.925,0
38.664,odom,map,0.1657,1.81763,-0.0795363,0,0,0,,,
38.7,odom,map,0.181507,1.81633,-0.0846109,0,0,0,,,
38.736,odom,map,0.19734,1.81494,-0.0897275,0,0,0,,,
38.772,odom,map,0.213105,1.81348,-0.0947605,0,0,0,,,
38.808,odom,map,0.228796,1.81195,-0.0996948,0,0,0,,,
38.808,ekf_predict_only,map,0.226545,1.90437,-0.0655803,67.7406,60.4719,-26.0552,,,
38.808,kf,map,0.192226,1.88327,-0.0707135,0.0416929,0.0416929,0,0.070666,,
38.808,ekf,map,0.192225,1.88321,-0.0707281,0.0430899,0.043104,-1.04972e-07,0.105625,,
38.808,pf,map,0.186741,1.8893,-0.0694132,0.0488591,0.0419629,0.00594904,5.51992,171.842,0
38.844,odom,map,0.24447,1.81035,-0.104525,0,0,0,,,
38.88,odom,map,0.26014,1.80866,-0.109318,0,0,0,,,
38.916,odom,map,0.27576,1.80691,-0.11412,0,0,0,,,
38.952,odom,map,0.291271,1.8051,-0.118789,0,0,0,,,
38.988,odom,map,0.306619,1.80323,-0.123342,0,0,0,,,
39.024,odom,map,0.321896,1.8013,-0.12787,0,0,0,,,
38.988,kf,map,0.270076,1.87674,-0.0942632,0.0416156,0.0416156,0,0.060792,,
38.988,ekf_predict_only,map,0.30337,1.89933,-0.0882213,67.7405,63.7643,-27.4768,,,
38.988,ekf,map,0.270104,1.8767,-0.0942907,0.0427303,0.0427421,1.80117e-07,0.054125,,
39,amcl,map,0.257843,1.81445,-0.105767,0.10751,0.0479642,-0.0125033,,,
38.988,pf,map,0.251088,1.88242,-0.108849,0.045461,0.0414693,-0.00137221,9.8605,177.538,0
39.06,odom,map,0.337145,1.79931,-0.132204,0,0,0,,,
39.096,odom,map,0.352376,1.79725,-0.136292,0,0,0,,,
39.132,odom,map,0.367885,1.79509,-0.139817,0,0,0,,,
39.168,odom,map,0.383447,1.79288,-0.143261,0,0,0,,,
39.204,odom,map,0.398851,1.79061,-0.146537,0,0,0,,,
39.204,ekf_predict_only,map,0.399523,1.89082,-0.105592,67.605,68.0855,-29.1909,,,
39.204,kf,map,0.363572,1.86675,-0.116667,0.0416929,0.0416929,0,0.057416,,
39.204,ekf,map,0.363487,1.8667,-0.116842,0.0430955,0.043111,6.3159e-07,0.063375,,
39.204,pf,map,0.336064,1.87431,-0.134134,0.0332649,0.0411904,0.000248989,5.76321,168.504,0
39.24,odom,map,0.410987,1.78849,-0.148991,0,0,0,,,
39.276,odom,map,0.423259,1.78632,-0.151226,0,0,0,,,
39.312,odom,map,0.435551,1.78412,-0.153409,0,0,0,,,
39.348,odom,map,0.447934,1.78188,-0.155382,0,0,0,,,
39.384,odom,map,0.460551,1.77957,-0.157125,0,0,0,,,
39.42,odom,map,0.475257,1.77709,-0.159135,0,0,0,,,
39.384,ekf_predict_only,map,0.482389,1.88204,-0.116774,67.4609,72.0622,-30.6143,,,
39.384,kf,map,0.444065,1.85657,-0.130303,0.0416156,0.0416156,0,0.06375,,
39.384,ekf,map,0.443991,1.85654,-0.130395,0.0427335,0.0427464,8.3336e-07,0.056209,,
39.384,pf,map,0.419564,1.85018,-0.142989,0.0454142,0.040577,-3.45659e-05,6.20717,172.241,0
39.456,odom,map,0.491605,1.77445,-0.161367,0,0,0,,,
39.492,odom,map,0.507947,1.77177,-0.163542,0,0,0,,,
39.528,odom,map,0.524283,1.76905,-0.165766,0,0,0,,,
39.564,odom,map,0.540613,1.7663,-0.168011,0,0,0,,,
39.6,odom,map,0.556936,1.76352,-0.170203,0,0,0,,,
39.6,ekf,map,0.542302,1.84294,-0.14409,0.0430982,0.043115,1.47466e-06,0.05925,,
39.6,ekf_predict_only,map,0.582568,1.87029,-0.130393,67.2041,77.108,-32.2771,,,
39.6,kf,map,0.54237,1.84296,-0.144072,0.0416929,0.0416929,0,0.1025,,
39.6,amcl,map,0.50559,1.80525,-0.144286,0.115541,0.0481596,-0.0197173,,,
39.6,pf,map,0.517638,1.84631,-0.152361,0.0369941,0.0433749,-0.000708122,7.60579,163.425,0
39.636,odom,map,0.573254,1.76069,-0.172465,0,0,0,,,
39.672,odom,map,0.589565,1.75783,-0.174735,0,0,0,,,
39.708,odom,map,0.60587,1.75494,-0.176895,0,0,0,,,
39.744,odom,map,0.622163,1.75201,-0.179083,0,0,0,,,
39.78,odom,map,0.638306,1.74906,-0.181257,0,0,0,,,
39.816,kf,map,0.639563,1.82818,-0.157282,0.041695,0.041695,0,0.06825,,
39.816,odom,map,0.651975,1.74733,-0.182272,0,0,0,,,
39.816,ekf,map,0.639588,1.82815,-0.157292,0.0431157,0.0431324,1.76501e-06,0.055167,,
39.816,ekf_predict_only,map,0.678926,1.85765,-0.143401,66.9177,82.2601,-33.807,,,
39.816,pf,map,0.633327,1.80654,-0.159873,0.0351508,0.0392965,0.000698882,5.87133,167.335,0
39.852,odom,map,0.662039,1.7475,-0.181478,0,0,0,,,
39.888,odom,map,0.67194,1.74774,-0.180731,0,0,0,,,
39.924,odom,map,0.681718,1.74805,-0.179897,0,0,0,,,
39.96,odom,map,0.691383,1.7484,-0.179162,0,0,0,,,
39.996,odom,map,0.701023,1.7488,-0.178462,0,0,0,,,
40.032,odom,map,0.715758,1.74637,-0.180497,0,0,0,,,
39.996,kf,map,0.718151,1.81524,-0.168496,0.0416157,0.0416157,0,0.062166,,
39.996,ekf_predict_only,map,0.755766,1.84656,-0.155479,66.6946,86.6149,-34.972,,,
39.996,ekf,map,0.718206,1.81521,-0.168475,0.042717,0.04273,1.57412e-06,0.062208,,
39.996,pf,map,0.706699,1.81873,-0.175063,0.0410283,0.0417665,0.000966274,5.29546,162.861,0
40.068,odom,map,0.730831,1.7436,-0.183212,0,0,0,,,
40.104,odom,map,0.745837,1.74079,-0.186002,0,0,0,,,
40.14,odom,map,0.760701,1.73798,-0.18891,0,0,0,,,
40.176,odom,map,0.775317,1.73516,-0.191987,0,0,0,,,
40.212,odom,map,0.78987,1.73231,-0.195064,0,0,0,,,
40.212,ekf_predict_only,map,0.843605,1.83279,-0.173918,66.375,91.7896,-36.2397,,,
40.212,kf,map,0.807806,1.79931,-0.185532,0.0416929,0.0416929,0,0.068458,,
40.212,ekf,map,0.80788,1.79928,-0.185483,0.043079,0.0430947,2.15034e-06,0.054875,,
40.2,amcl,map,0.76011,1.75573,-0.17441,0.111467,0.0467554,-0.0256621,,,
40.212,pf,map,0.769478,1.7896,-0.173539,0.042788,0.0384408,0.00120684,4.78121,158.712,0
40.248,odom,map,0.804403,1.72941,-0.198137,0,0,0,,,
40.284,odom,map,0.81889,1.72648,-0.201245,0,0,0,,,
40.32,odom,map,0.83325,1.72353,-0.204327,0,0,0,,,
40.356,odom,map,0.847456,1.72057,-0.206454,0,0,0,,,
40.392,odom,map,0.861646,1.71758,-0.20817,0,0,0,,,
40.428,odom,map,0.873454,1.71853,-0.208155,0,0,0,,,
40.392,ekf_predict_only,map,0.914743,1.82029,-0.178192,66.1084,96.1957,-37.1979,,,
40.392,ekf,map,0.879936,1.7852,-0.197108,0.0427239,0.0427359,1.81213e-06,0.06425,,
40.392,kf,map,0.879899,1.78524,-0.196925,0.0416156,0.0416156,0,0.056959,,
40.392,pf,map,0.851768,1.78428,-0.203918,0.038213,0.0416145,-0.00154061,4.63254,170.046,0
40.464,odom,map,0.884193,1.72105,-0.206799,0,0,0,,,
40.5,odom,map,0.894871,1.72363,-0.205198,0,0,0,,,
40.536,odom,map,0.905535,1.72625,-0.20335,0,0,0,,,
40.572,odom,map,0.916124,1.72894,-0.201139,0,0,0,,,
40.608,odom,map,0.927418,1.73044,-0.19904,0,0,0,,,
40.608,kf,map,0.963716,1.76822,-0.197709,0.0416929,0.0416929,0,0.1175,,
40.608,ekf,map,0.963745,1.76819,-0.197927,0.0430903,0.0431045,2.37563e-06,0.053208,,
40.608,ekf_predict_only,map,0.998078,1.80528,-0.173222,65.7547,101.526,-38.2733,,,
40.608,pf,map,0.95996,1.75494,-0.19401,0.0370779,0.0381954,-0.00015103,11.9083,175.031,0
40.644,odom,map,0.941253,1.72766,-0.198211,0,0,0,,,
40.68,odom,map,0.954879,1.72493,-0.196961,0,0,0,,,
40.716,odom,map,0.968408,1.72224,-0.195426,0,0,0,,,
40.752,odom,map,0.981818,1.7196,-0.193576,0,0,0,,,
40.788,odom,map,0.995174,1.71699,-0.191587,0,0,0,,,
40.824,odom,map,1.00835,1.71445,-0.189316,0,0,0,,,
40.788,kf,map,1.03116,1.75478,-0.190409,0.0416156,0.0416156,0,0.058417,,
40.788,ekf_predict_only,map,1.06351,1.79383,-0.160988,65.5371,105.908,-39.1007,,,
40.788,ekf,map,1.03123,1.75475,-0.190573,0.0427306,0.0427413,1.89786e-06,0.057792,,
40.788,pf,map,1.03281,1.76034,-0.20156,0.0427586,0.0484022,-0.000840575,6.16983,167.684,0
40.86,odom,map,1.02108,1.71203,-0.186765,0,0,0,,,
40.896,odom,map,1.03355,1.70969,-0.184002,0,0,0,,,
40.932,odom,map,1.04585,1.70742,-0.181072,0,0,0,,,
40.968,odom,map,1.05799,1.70522,-0.178068,0,0,0,,,
41.004,odom,map,1.06975,1.70307,-0.174692,0,0,0,,,
41.004,ekf_predict_only,map,1.13135,1.78282,-0.13949,65.3392,110.59,-39.962,,,
41.004,ekf,map,1.10523,1.74094,-0.173844,0.0430959,0.0431079,2.21428e-06,0.069083,,
41.004,kf,map,1.10501,1.74098,-0.173662,0.0416929,0.0416929,0,0.072333,,
41.001,amcl,map,1.04471,1.69864,-0.17542,0.120043,0.0678457,-0.0376053,,,
41.004,pf,map,1.10545,1.73212,-0.188532,0.0445383,0.0462229,0.001733,4.53671,174.446,0
41.04,odom,map,1.08001,1.70047,-0.169305,0,0,0,,,
41.076,odom,map,1.0902,1.69796,-0.163903,0,0,0,,,
41.112,odom,map,1.10017,1.69556,-0.158349,0,0,0,,,
41.148,odom,map,1.10984,1.69328,-0.152588,0,0,0,,,
41.184,odom,map,1.11938,1.6911,-0.146736,0,0,0,,,
41.184,kf,map,1.16059,1.73167,-0.155068,0.0416156,0.0416156,0,0.061333,,
41.22,odom,map,1.12928,1.68934,-0.141608,0,0,0,,,
41.184,ekf,map,1.16074,1.73165,-0.155184,0.0427337,0.0427421,1.56693e-06,0.06,,
41.184,ekf_predict_only,map,1.18295,1.77557,-0.117536,65.2797,114.297,-40.64,,,
41.184,pf,map,1.14376,1.71782,-0.183119,0.044109,0.0477301,0.00575616,4.57104,167.124,0
41.256,odom,map,1.13943,1.68791,-0.137071,0,0,0,,,
41.292,odom,map,1.14891,1.68662,-0.133413,0,0,0,,,
41.328,odom,map,1.15712,1.68553,-0.132321,0,0,0,,,
41.364,odom,map,1.16405,1.68461,-0.132321,0,0,0,,,
41.4,odom,map,1.16969,1.68386,-0.132321,0,0,0,,,
41.4,ekf_predict_only,map,1.18295,1.77557,-0.117536,65.4797,114.497,-40.64,,,
41.4,ekf,map,1.20509,1.72516,-0.143939,0.0430983,0.0431059,1.41298e-06,0.056042,,
41.4,kf,map,1.20362,1.72537,-0.144286,0.0416929,0.0416929,0,0.527584,,
41.4,pf,map,1.21766,1.7273,-0.144976,0.045562,0.0385221,0.00175652,5.18262,152.16,0
41.436,odom,map,1.17404,1.68328,-0.132321,0,0,0,,,
41.472,odom,map,1.17711,1.68287,-0.132321,0,0,0,,,
41.508,odom,map,1.1789,1.68263,-0.132321,0,0,0,,,
41.544,odom,map,1.17941,1.68256,-0.132321,0,0,0,,,
41.58,odom,map,1.17941,1.68256,-0.132321,0,0,0,,,
41.616,ekf_predict_only,map,1.18295,1.77557,-0.117536,65.6797,114.697,-40.64,,,
41.616,odom,map,1.17941,1.68256,-0.132321,0,0,0,,,
41.616,ekf,map,1.21959,1.72306,-0.142386,0.0431157,0.0431208,9.50042e-07,0.283167,,
41.616,kf,map,1.21887,1.72317,-0.142495,0.041695,0.041695,0,0.097166,,
41.616,pf,map,1.19728,1.73759,-0.158827,0.0431372,0.0411919,0.00151147,10.2282,184.632,0
41.652,odom,map,1.17941,1.68256,-0.132321,0,0,0,,,
41.688,odom,map,1.17941,1.68256,-0.132321,0,0,0,,,
41.724,odom,map,1.17941,1.68256,-0.132321,0,0,0,,,
41.76,odom,map,1.17941,1.68256,-0.132321,0,0,0,,,
41.796,odom,map,1.17941,1.68256,-0.132321,0,0,0,,,
41.796,ekf_predict_only,map,1.18295,1.77557,-0.117536,65.8797,114.897,-40.64,,,
41.796,kf,map,1.22139,1.7228,-0.142198,0.0416157,0.0416157,0,0.278416,,
41.832,odom,map,1.17655,1.68222,-0.133969,0,0,0,,,
41.796,ekf,map,1.22157,1.72278,-0.142174,0.0427169,0.0427196,5.05974e-07,0.100458,,
41.796,pf,map,1.2141,1.7394,-0.149871,0.0459758,0.0441064,0.00453868,6.16525,152.874,0
41.868,odom,map,1.17333,1.68182,-0.135824,0,0,0,,,
41.904,odom,map,1.17009,1.68142,-0.137679,0,0,0,,,
41.94,odom,map,1.16684,1.68101,-0.139534,0,0,0,,,
41.976,odom,map,1.16359,1.68059,-0.141389,0,0,0,,,
42.012,odom,map,1.16132,1.6803,-0.142677,0,0,0,,,
42.012,ekf,map,1.22186,1.72274,-0.142143,0.0430788,0.043081,4.17037e-07,0.062375,,
42.012,kf,map,1.22182,1.72274,-0.142148,0.0416929,0.0416929,0,0.054417,,
42.012,ekf_predict_only,map,1.18295,1.77557,-0.117536,66.0797,115.097,-40.64,,,
42.012,pf,map,1.18848,1.71686,-0.17675,0.0373796,0.0449246,-0.00225115,9.29404,163.173,0
42.048,odom,map,1.16132,1.6803,-0.142677,0,0,0,,,
42.084,odom,map,1.16146,1.68028,-0.142928,0,0,0,,,
42.12,odom,map,1.16196,1.68021,-0.143524,0,0,0,,,
42.156,odom,map,1.16264,1.68011,-0.14418,0,0,0,,,
42.192,odom,map,1.16356,1.67998,-0.145162,0,0,0,,,
42.228,odom,map,1.16497,1.67977,-0.146794,0,0,0,,,
42.192,kf,map,1.22526,1.72224,-0.145871,0.0416156,0.0416156,0,0.055542,,
42.192,ekf,map,1.22512,1.72227,-0.145705,0.0427237,0.0427249,2.32749e-07,0.064166,,
42.192,ekf_predict_only,map,1.192,1.7745,-0.127453,66.2415,115.92,-40.7646,,,
42.192,pf,map,1.22322,1.72494,-0.146011,0.0429401,0.0440486,-0.00312982,4.98325,162.444,0
42.264,odom,map,1.16677,1.6795,-0.148778,0,0,0,,,
42.3,odom,map,1.16839,1.67926,-0.151134,0,0,0,,,
42.336,odom,map,1.1692,1.67913,-0.155175,0,0,0,,,
42.372,odom,map,1.16948,1.67909,-0.160481,0,0,0,,,
42.408,odom,map,1.16928,1.67912,-0.166818,0,0,0,,,
42.408,ekf,map,1.2289,1.7217,-0.169085,0.0430899,0.0430909,1.94373e-07,0.0635,,
42.408,ekf_predict_only,map,1.1898,1.77479,-0.168335,66.4516,115.969,-40.7351,,,
42.408,kf,map,1.22873,1.72172,-0.16968,0.0416929,0.0416929,0,0.059875,,
42.408,pf,map,1.20235,1.75165,-0.151387,0.0450228,0.0485012,-0.00140322,5.02267,176.4,0
42.444,odom,map,1.16891,1.67918,-0.173631,0,0,0,,,
42.48,odom,map,1.16836,1.67928,-0.180913,0,0,0,,,
42.516,odom,map,1.16745,1.67945,-0.189339,0,0,0,,,
42.552,odom,map,1.16639,1.67966,-0.198593,0,0,0,,,
42.588,odom,map,1.16534,1.67988,-0.208017,0,0,0,,,
42.624,odom,map,1.1643,1.6801,-0.21788,0,0,0,,,
42.588,ekf_predict_only,map,1.18458,1.77567,-0.218338,66.6832,115.809,-40.6725,,,
42.588,kf,map,1.22552,1.72236,-0.209525,0.0416156,0.0416156,0,0.180708,,
42.588,ekf,map,1.2256,1.72235,-0.209166,0.0427303,0.0427309,1.08468e-07,0.131,,
42.588,pf,map,1.19568,1.73042,-0.219279,0.046334,0.0455842,0.00169618,7.71617,165.699,0
42.66,odom,map,1.16332,1.68033,-0.228351,0,0,0,,,
42.696,odom,map,1.16236,1.68055,-0.239077,0,0,0,,,
42.732,odom,map,1.16149,1.68077,-0.249885,0,0,0,,,
42.768,odom,map,1.16089,1.68093,-0.261251,0,0,0,,,
42.804,odom,map,1.16034,1.68108,-0.27288,0,0,0,,,
42.804,ekf,map,1.22111,1.72344,-0.273326,0.0430955,0.043096,9.17374e-08,0.062834,,
42.804,kf,map,1.22113,1.72343,-0.273586,0.0416929,0.0416929,0,0.059792,,
42.804,ekf_predict_only,map,1.18125,1.77641,-0.288648,66.9096,115.779,-40.6385,,,
42.804,pf,map,1.19707,1.71172,-0.279562,0.0364324,0.0406944,0.00287173,4.59383,170.868,0
42.84,odom,map,1.15979,1.68123,-0.284598,0,0,0,,,
42.876,odom,map,1.15933,1.68137,-0.296551,0,0,0,,,
42.912,odom,map,1.15904,1.68146,-0.30887,0,0,0,,,
42.948,odom,map,1.15907,1.68145,-0.321461,0,0,0,,,
42.984,odom,map,1.15918,1.68141,-0.334105,0,0,0,,,
42.984,ekf_predict_only,map,1.1836,1.77571,-0.352288,67.0847,116.141,-40.6564,,,
43.02,odom,map,1.15958,1.68127,-0.346826,0,0,0,,,
42.984,kf,map,1.22039,1.72366,-0.33418,0.0416156,0.0416156,0,0.053125,,
42.984,ekf,map,1.22031,1.72369,-0.33406,0.0427334,0.0427337,5.08248e-08,0.057125,,
42.984,pf,map,1.19058,1.70989,-0.352743,0.0389125,0.0389235,-0.00363632,9.71425,167.934,0
43.056,odom,map,1.16019,1.68105,-0.359669,0,0,0,,,
43.092,odom,map,1.1609,1.68078,-0.372569,0,0,0,,,
43.128,odom,map,1.16167,1.68047,-0.385448,0,0,0,,,
43.164,odom,map,1.16268,1.68005,-0.398408,0,0,0,,,
43.2,odom,map,1.16416,1.67942,-0.411471,0,0,0,,,
43.2,ekf,map,1.22545,1.72164,-0.411143,0.043098,0.0430983,5.38182e-08,0.057917,,
43.2,ekf_predict_only,map,1.19309,1.77222,-0.430686,67.1603,116.996,-40.7053,,,
43.2,kf,map,1.22561,1.7216,-0.411206,0.0416929,0.0416929,0,0.055583,,
43.2,amcl,map,1.16896,1.68431,-0.414665,0.124605,0.070919,-0.0410966,,,
43.2,pf,map,1.20987,1.71003,-0.418258,0.0439965,0.0410735,0.000351115,6.57637,171.174,0
43.236,odom,map,1.1657,1.67873,-0.424537,0,0,0,,,
43.272,odom,map,1.16742,1.67794,-0.437476,0,0,0,,,
43.308,odom,map,1.16968,1.67687,-0.450256,0,0,0,,,
43.344,odom,map,1.17203,1.67571,-0.463023,0,0,0,,,
43.38,odom,map,1.17455,1.67443,-0.475662,0,0,0,,,
43.416,odom,map,1.17765,1.67281,-0.488282,0,0,0,,,
43.416,ekf_predict_only,map,1.21464,1.76232,-0.506557,67.0095,118.694,-40.7428,,,
43.416,kf,map,1.23975,1.71472,-0.487632,0.041695,0.041695,0,0.057958,,
43.416,ekf,map,1.23947,1.71482,-0.487643,0.0431155,0.0431159,1.17899e-07,0.182,,
43.416,pf,map,1.22692,1.71218,-0.493996,0.0481219,0.040926,-6.5543e-05,6.14408,172.359,0
43.452,odom,map,1.18145,1.67076,-0.500943,0,0,0,,,
43.488,odom,map,1.18552,1.66849,-0.513609,0,0,0,,,
43.524,odom,map,1.18998,1.66594,-0.526157,0,0,0,,,
43.56,odom,map,1.19503,1.66296,-0.538813,0,0,0,,,
43.596,odom,map,1.20106,1.6593,-0.551515,0,0,0,,,
43.632,odom,map,1.20754,1.65526,-0.564209,0,0,0,,,
43.596,ekf_predict_only,map,1.24803,1.74379,-0.570023,66.5624,121.247,-40.6732,,,
43.596,kf,map,1.26364,1.70093,-0.550997,0.0416157,0.0416157,0,0.112042,,
43.596,ekf,map,1.26334,1.70105,-0.550996,0.042717,0.0427176,3.49856e-07,0.108625,,
43.596,pf,map,1.23871,1.71311,-0.557073,0.0393242,0.0369563,0.0006767,8.53383,169.889,0
43.668,odom,map,1.21408,1.65106,-0.576959,0,0,0,,,
43.704,odom,map,1.22126,1.64633,-0.5899,0,0,0,,,
43.74,odom,map,1.22909,1.64101,-0.603013,0,0,0,,,
43.776,odom,map,1.23723,1.63532,-0.616192,0,0,0,,,
43.812,ekf_predict_only,map,1.30149,1.70953,-0.647995,65.5969,125.295,-40.3492,,,
43.812,kf,map,1.30811,1.67111,-0.62874,0.0416929,0.0416929,0,0.131125,,
43.812,odom,map,1.24558,1.62932,-0.629234,0,0,0,,,
43.812,ekf,map,1.30775,1.67125,-0.628734,0.0430794,0.0430808,1.18096e-06,0.056084,,
43.8,amcl,map,1.2627,1.63253,-0.634029,0.10737,0.0644815,-0.0476522,,,
43.812,pf,map,1.28893,1.66245,-0.628474,0.0456943,0.0425728,0.000783177,5.60242,158.378,0
43.848,odom,map,1.25435,1.62285,-0.642302,0,0,0,,,
43.884,odom,map,1.26359,1.61584,-0.655323,0,0,0,,,
43.92,odom,map,1.27315,1.6084,-0.668284,0,0,0,,,
43.956,odom,map,1.2828,1.60067,-0.68123,0,0,0,,,
43.992,odom,map,1.29281,1.59245,-0.694201,0,0,0,,,
44.028,odom,map,1.30343,1.58458,-0.707597,0,0,0,,,
43.992,ekf_predict_only,map,1.35378,1.66995,-0.712879,64.5017,129.355,-39.7436,,,
43.992,kf,map,1.35474,1.63454,-0.693656,0.0416156,0.0416156,0,0.057834,,
43.992,ekf,map,1.35451,1.63462,-0.693657,0.0427248,0.0427265,1.81182e-06,0.063958,,
43.992,pf,map,1.33584,1.63688,-0.698308,0.0398218,0.0404634,-0.00326907,5.08146,161.53,0
44.064,odom,map,1.31442,1.57656,-0.721179,0,0,0,,,
44.1,odom,map,1.32571,1.56802,-0.734852,0,0,0,,,
44.136,odom,map,1.33717,1.55906,-0.748714,0,0,0,,,
44.172,odom,map,1.34864,1.54978,-0.762712,0,0,0,,,
44.208,odom,map,1.35992,1.54005,-0.776691,0,0,0,,,
44.208,ekf_predict_only,map,1.42393,1.60929,-0.794774,62.8238,134.885,-38.5256,,,
44.208,kf,map,1.41787,1.57779,-0.773389,0.0416929,0.0416929,0,0.074292,,
44.208,ekf,map,1.41757,1.57789,-0.773321,0.0430927,0.0430952,3.84298e-06,0.052417,,
44.208,pf,map,1.4024,1.58199,-0.781667,0.0389425,0.0400294,-0.00125779,7.72796,164.561,0
44.244,odom,map,1.37079,1.52922,-0.790335,0,0,0,,,
44.28,odom,map,1.38159,1.51816,-0.803984,0,0,0,,,
44.316,odom,map,1.39239,1.5068,-0.817943,0,0,0,,,
44.352,odom,map,1.40327,1.49502,-0.832027,0,0,0,,,
44.388,odom,map,1.41421,1.48284,-0.846231,0,0,0,,,
44.424,odom,map,1.42507,1.47039,-0.860695,0,0,0,,,
44.388,ekf_predict_only,map,1.48185,1.55027,-0.867372,61.3214,139.616,-37.0523,,,
44.388,kf,map,1.4718,1.52107,-0.843083,0.0416156,0.0416156,0,0.053166,,
44.388,ekf,map,1.47162,1.52112,-0.842998,0.0427338,0.0427355,4.25935e-06,0.058375,,
44.4,amcl,map,1.44066,1.47736,-0.848236,0.0985031,0.0753392,-0.0544534,,,
44.388,pf,map,1.45332,1.54591,-0.848296,0.0447096,0.04178,0.00102359,9.51367,157.562,0
44.46,odom,map,1.43576,1.45777,-0.875215,0,0,0,,,
44.496,odom,map,1.44627,1.44499,-0.8898,0,0,0,,,
44.532,odom,map,1.4566,1.43205,-0.904259,0,0,0,,,
44.568,odom,map,1.46674,1.41896,-0.918599,0,0,0,,,
44.604,odom,map,1.47684,1.40568,-0.932964,0,0,0,,,
44.604,ekf_predict_only,map,1.54634,1.47425,-0.953203,59.5108,145.002,-34.8481,,,
44.604,kf,map,1.53429,1.44478,-0.929128,0.0416929,0.0416929,0,0.059375,,
44.604,ekf,map,1.53413,1.44473,-0.929129,0.0431017,0.0431027,6.6334e-06,0.058041,,
44.604,pf,map,1.50337,1.45197,-0.953401,0.0398784,0.0554918,-0.0023442,4.79804,177.464,0
44.64,odom,map,1.48913,1.39143,-0.948224,0,0,0,,,
44.676,odom,map,1.50119,1.37702,-0.963323,0,0,0,,,
44.712,odom,map,1.51302,1.36245,-0.978402,0,0,0,,,
44.748,odom,map,1.52462,1.34775,-0.993508,0,0,0,,,
44.784,odom,map,1.53595,1.33296,-1.00864,0,0,0,,,
44.784,ekf_predict_only,map,1.59294,1.40864,-1.02381,58.1418,149.041,-32.7023,,,
44.784,kf,map,1.58094,1.37713,-0.999486,0.0416156,0.0416156,0,0.111042,,
44.82,odom,map,1.5456,1.31874,-1.02321,0,0,0,,,
44.784,ekf,map,1.58088,1.37704,-0.999482,0.0427395,0.0427391,5.79509e-06,0.097541,,
44.784,pf,map,1.55871,1.36614,-1.00861,0.0440694,0.0437843,0.00173986,7.582,179.285,0
44.856,odom,map,1.55388,1.30494,-1.03734,0,0,0,,,
44.892,odom,map,1.5619,1.29113,-1.05139,0,0,0,,,
44.928,odom,map,1.56966,1.27733,-1.06541,0,0,0,,,
44.964,odom,map,1.57723,1.26343,-1.07942,0,0,0,,,
45,odom,map,1.58456,1.2495,-1.09324,0,0,0,,,
45,ekf_predict_only,map,1.64124,1.32931,-1.10605,56.6515,153.304,-29.8813,,,
45,kf,map,1.62933,1.29475,-1.08326,0.0416929,0.0416929,0,0.061625,,
45,ekf,map,1.62926,1.29459,-1.08331,0.0431069,0.0431046,7.43641e-06,0.092958,,
45,amcl,map,1.59367,1.26455,-1.0967,0.0719148,0.0888193,-0.0509213,,,
45,pf,map,1.61364,1.27854,-1.07497,0.0414267,0.041868,0.00160464,6.4125,180.922,0
45.036,odom,map,1.5916,1.23566,-1.10694,0,0,0,,,
45.072,odom,map,1.59839,1.22185,-1.12056,0,0,0,,,
45.108,odom,map,1.605,1.20795,-1.13418,0,0,0,,,
45.144,odom,map,1.61134,1.19412,-1.1478,0,0,0,,,
45.18,odom,map,1.61733,1.18055,-1.16162,0,0,0,,,
45.216,odom,map,1.62383,1.1675,-1.17489,0,0,0,,,
45.216,ekf_predict_only,map,1.68007,1.25188,-1.18938,55.4208,156.83,-26.923,,,
45.216,ekf,map,1.66845,1.21278,-1.16594,0.0431249,0.043121,6.96162e-06,0.050959,,
45.216,kf,map,1.66851,1.21298,-1.16595,0.041695,0.041695,0,0.058041,,
45.216,pf,map,1.63167,1.22003,-1.17624,0.034076,0.0345629,-0.00180344,5.16437,167.58,0
45.252,odom,map,1.63138,1.15504,-1.18718,0,0,0,,,
45.288,odom,map,1.63869,1.14273,-1.19949,0,0,0,,,
45.324,odom,map,1.64578,1.13055,-1.21175,0,0,0,,,
45.36,odom,map,1.65259,1.11865,-1.22407,0,0,0,,,
45.396,odom,map,1.65923,1.10678,-1.23639,0,0,0,,,
45.432,odom,map,1.66377,1.09422,-1.25019,0,0,0,,,
45.396,kf,map,1.6937,1.14777,-1.2354,0.0416157,0.0416157,0,0.44125,,
45.396,ekf,map,1.69366,1.14762,-1.23539,0.0427244,0.0427204,4.93766e-06,0.106875,,
45.396,ekf_predict_only,map,1.70467,1.19053,-1.25935,54.6418,159.167,-24.4557,,,
45.396,pf,map,1.70037,1.1381,-1.24274,0.0393948,0.0471399,0.00238783,7.29733,169.642,0
45.468,odom,map,1.66781,1.08177,-1.26424,0,0,0,,,
45.504,odom,map,1.67161,1.06944,-1.27829,0,0,0,,,
45.54,odom,map,1.67523,1.05711,-1.29232,0,0,0,,,
45.576,odom,map,1.67871,1.04464,-1.30601,0,0,0,,,
45.612,odom,map,1.682,1.03216,-1.31918,0,0,0,,,
45.612,ekf_predict_only,map,1.72838,1.1169,-1.3381,53.8486,161.446,-21.3864,,,
45.612,kf,map,1.71663,1.0726,-1.31758,0.0416929,0.0416929,0,0.058958,,
45.612,ekf,map,1.71653,1.07251,-1.3177,0.0430884,0.0430821,5.41342e-06,0.06425,,
45.6,amcl,map,1.67538,1.0551,-1.31716,0.0647264,0.105248,-0.0540655,,,
45.612,pf,map,1.67806,1.04808,-1.30149,0.0421848,0.0410223,0.000505072,6.66137,178.032,0
45.648,odom,map,1.68513,1.01966,-1.33231,0,0,0,,,
45.684,odom,map,1.68808,1.00713,-1.34599,0,0,0,,,
45.72,odom,map,1.69085,0.994594,-1.36067,0,0,0,,,
45.756,odom,map,1.69344,0.982009,-1.37605,0,0,0,,,
45.792,odom,map,1.69584,0.969278,-1.39199,0,0,0,,,
45.828,odom,map,1.69743,0.957681,-1.40996,0,0,0,,,
45.792,ekf_predict_only,map,1.7434,1.05352,-1.41991,53.3531,162.974,-18.6668,,,
45.792,ekf,map,1.73045,1.00933,-1.39231,0.0427316,0.0427258,3.74088e-06,0.059375,,
45.792,kf,map,1.73052,1.00934,-1.39247,0.0416156,0.0416156,0,0.372916,,
45.792,pf,map,1.7235,0.983923,-1.39324,0.042233,0.0441636,0.00018441,6.05863,159.548,0
45.864,odom,map,1.69848,0.946584,-1.42889,0,0,0,,,
45.9,odom,map,1.69925,0.935433,-1.4486,0,0,0,,,
45.936,odom,map,1.69971,0.92422,-1.46851,0,0,0,,,
45.972,odom,map,1.69986,0.912958,-1.48875,0,0,0,,,
46.008,odom,map,1.69995,0.901305,-1.50913,0,0,0,,,
46.008,kf,map,1.74073,0.932186,-1.49777,0.0416929,0.0416929,0,0.0625,,
46.008,ekf,map,1.74062,0.932169,-1.49745,0.0431002,0.0430918,3.89248e-06,0.05775,,
46.008,ekf_predict_only,map,1.7551,0.976537,-1.5342,52.9081,164.215,-15.2935,,,
46.008,pf,map,1.72382,0.927253,-1.48785,0.0430841,0.0446261,-0.00311373,5.70108,165.182,0
46.044,odom,map,1.70062,0.88842,-1.52836,0,0,0,,,
46.08,odom,map,1.70104,0.875582,-1.54775,0,0,0,,,
46.116,odom,map,1.70121,0.86284,-1.56736,0,0,0,,,
46.152,odom,map,1.70113,0.850236,-1.58756,0,0,0,,,
46.188,odom,map,1.70079,0.837662,-1.60804,0,0,0,,,
46.188,ekf_predict_only,map,1.75738,0.914292,-1.63893,52.7473,164.618,-12.5248,,,
46.2,amcl,map,1.71561,0.853134,-1.59312,0.0536761,0.122629,-0.0467599,,,
46.188,kf,map,1.73998,0.903523,-1.56377,0.0415326,0.0227951,0.00125017,0.099625,,
46.224,odom,map,1.7002,0.825178,-1.62881,0,0,0,,,
46.188,ekf,map,1.76657,0.905781,-1.5843,0.015296,0.0230061,-0.00051481,0.09975,,
46.188,pf,map,1.74151,0.904097,-1.56912,0.0172557,0.0236514,-0.00076674,19.0578,356.902,0
46.26,odom,map,1.69935,0.812931,-1.65026,0,0,0,,,
46.296,odom,map,1.69826,0.800841,-1.67182,0,0,0,,,
46.332,odom,map,1.69691,0.788807,-1.69337,0,0,0,,,
46.368,odom,map,1.69531,0.776887,-1.7151,0,0,0,,,
46.404,odom,map,1.69351,0.765396,-1.73694,0,0,0,,,
46.404,ekf_predict_only,map,1.75265,0.845021,-1.77063,52.716,164.396,-9.42985,,,
46.404,kf,map,1.73352,0.836122,-1.66597,0.0415733,0.022688,0.00150707,0.10525,,
46.404,ekf,map,1.77968,0.839648,-1.70558,0.0138798,0.0229319,-0.000677679,0.456834,,
46.404,pf,map,1.78676,0.845131,-1.68191,0.0166952,0.0216346,-0.00193725,6.28975,354.372,0
46.44,odom,map,1.69175,0.755721,-1.7571,0,0,0,,,
46.476,odom,map,1.68983,0.746362,-1.77744,0,0,0,,,
46.512,odom,map,1.68774,0.737279,-1.79794,0,0,0,,,
46.548,odom,map,1.6855,0.728489,-1.81864,0,0,0,,,
46.584,odom,map,1.68307,0.719819,-1.8394,0,0,0,,,
46.62,odom,map,1.6803,0.710445,-1.8612,0,0,0,,,
46.584,kf,map,1.72304,0.765878,-1.76916,0.041426,0.0227293,0.00189114,0.095708,,
46.584,ekf,map,1.77329,0.770158,-1.81635,0.0126089,0.0227755,-0.000924635,0.105375,,
46.584,ekf_predict_only,map,1.7424,0.79442,-1.88379,52.8609,163.686,-7.17639,,,
46.602,amcl,map,1.71635,0.752521,-1.81153,0.0498757,0.106563,-0.0301867,,,
46.584,pf,map,1.79758,0.783834,-1.84525,0.0119021,0.0250479,-0.00197285,8.67533,353.114,0
46.656,odom,map,1.67732,0.700852,-1.88387,0,0,0,,,
46.692,odom,map,1.67423,0.691674,-1.90679,0,0,0,,,
46.728,odom,map,1.67098,0.68271,-1.92981,0,0,0,,,
46.764,odom,map,1.66763,0.674087,-1.95262,0,0,0,,,
46.8,odom,map,1.66425,0.665918,-1.97539,0,0,0,,,
46.8,ekf_predict_only,map,1.72641,0.745006,-2.02045,53.1002,162.473,-4.99988,,,
46.8,ekf,map,1.76757,0.722085,-1.94922,0.0114793,0.0228047,-0.00142459,0.114292,,
46.8,kf,map,1.7034,0.714189,-1.88444,0.0413515,0.0229078,0.00252977,0.15275,,
46.8,pf,map,1.77147,0.731859,-1.93202,0.0115472,0.0223187,-0.000924275,9.70846,355.025,0
46.836,odom,map,1.66084,0.658206,-1.99823,0,0,0,,,
46.872,odom,map,1.65739,0.650859,-2.02113,0,0,0,,,
46.908,odom,map,1.65387,0.643785,-2.04398,0,0,0,,,
46.944,odom,map,1.65045,0.63729,-2.06695,0,0,0,,,
46.98,odom,map,1.64694,0.63097,-2.08995,0,0,0,,,
47.016,odom,map,1.64466,0.625684,-2.11221,0,0,0,,,
47.016,ekf_predict_only,map,1.70875,0.708403,-2.15917,53.3891,161.123,-3.41606,,,
47.016,kf,map,1.68114,0.676161,-1.99585,0.0411251,0.0231364,0.00324955,0.204833,,
47.016,ekf,map,1.76204,0.689107,-2.08257,0.0107335,0.0226666,-0.0019586,0.244375,,
47.001,amcl,map,1.67852,0.67541,-2.08321,0.0411409,0.0967706,-0.0231247,,,
47.016,pf,map,1.7756,0.695808,-2.08859,0.00942899,0.0160164,-0.000341508,6.73929,352.492,0
47.052,odom,map,1.64433,0.621786,-2.13317,0,0,0,,,
47.088,odom,map,1.64407,0.618241,-2.15407,0,0,0,,,
47.124,odom,map,1.6438,0.614923,-2.17489,0,0,0,,,
47.16,odom,map,1.64355,0.611853,-2.19565,0,0,0,,,
47.196,odom,map,1.64347,0.609211,-2.21652,0,0,0,,,
47.232,odom,map,1.6406,0.60522,-2.23934,0,0,0,,,
47.196,ekf_predict_only,map,1.69411,0.686465,-2.27451,53.6669,160.049,-2.48665,,,
47.196,kf,map,1.66461,0.642872,-2.1035,0.0408093,0.0233457,0.00383654,0.20675,,
47.196,ekf,map,1.74825,0.65849,-2.19762,0.010299,0.0224092,-0.0023594,0.1215,,
47.196,pf,map,1.7402,0.670534,-2.20267,0.0106645,0.0199261,-0.00434832,9.93217,290.814,0
47.268,odom,map,1.63737,0.60123,-2.26234,0,0,0,,,
47.304,odom,map,1.63426,0.597556,-2.28515,0,0,0,,,
47.34,odom,map,1.63131,0.594227,-2.30779,0,0,0,,,
47.376,odom,map,1.62855,0.591255,-2.33029,0,0,0,,,
47.412,odom,map,1.62717,0.589912,-2.3513,0,0,0,,,
47.412,ekf_predict_only,map,1.67926,0.668965,-2.40923,53.9421,158.963,-1.7614,,,
47.412,kf,map,1.64766,0.614025,-2.21782,0.0405885,0.0236707,0.00445968,0.115208,,
47.412,ekf,map,1.74439,0.635682,-2.33015,0.0101487,0.0223292,-0.00287849,0.1295,,
47.4,amcl,map,1.6514,0.61128,-2.34446,0.0324846,0.0794589,-0.0153719,,,
47.412,pf,map,1.74597,0.638271,-2.32439,0.0112654,0.0256106,-0.00184037,6.64817,317.121,0
47.448,odom,map,1.62882,0.591987,-2.36892,0,0,0,,,
47.484,odom,map,1.63061,0.594311,-2.38638,0,0,0,,,
47.52,odom,map,1.63245,0.596779,-2.40378,0,0,0,,,
47.556,odom,map,1.63427,0.59933,-2.42116,0,0,0,,,
47.592,odom,map,1.63616,0.602036,-2.43843,0,0,0,,,
47.592,ekf_predict_only,map,1.67069,0.661265,-2.51807,54.1789,158.426,-1.45048,,,
47.592,kf,map,1.63683,0.599381,-2.32577,0.0403028,0.0238524,0.00482837,0.19625,,
47.628,odom,map,1.6354,0.60174,-2.45896,0,0,0,,,
47.592,ekf,map,1.73359,0.62285,-2.44122,0.0100073,0.0220998,-0.0031168,0.117333,,
47.592,pf,map,1.73083,0.632504,-2.44624,0.011135,0.0174421,-0.00147364,8.52846,310.407,0
47.664,odom,map,1.6336,0.600306,-2.48073,0,0,0,,,
47.7,odom,map,1.63187,0.598997,-2.50243,0,0,0,,,
47.736,odom,map,1.63024,0.597807,-2.52395,0,0,0,,,
47.772,odom,map,1.62861,0.596679,-2.5454,0,0,0,,,
47.808,odom,map,1.62689,0.596203,-2.56744,0,0,0,,,
47.808,ekf,map,1.72808,0.611902,-2.56982,0.0100981,0.0220715,-0.00341835,0.887625,,
47.808,ekf_predict_only,map,1.66225,0.655191,-2.64558,54.4096,157.902,-1.21139,,,
47.808,kf,map,1.62787,0.585398,-2.44859,0.0401741,0.0240855,0.00517075,0.099166,,
47.802,amcl,map,1.638,0.579683,-2.60356,0.022587,0.0714871,-0.0137923,,,
47.808,pf,map,1.72031,0.61386,-2.54707,0.012197,0.0245769,-0.00412881,6.86487,271.94,0
47.844,odom,map,1.62461,0.597758,-2.59191,0,0,0,,,
47.88,odom,map,1.6225,0.599469,-2.61613,0,0,0,,,
47.916,odom,map,1.62039,0.601236,-2.64021,0,0,0,,,
47.952,odom,map,1.6184,0.60311,-2.6639,0,0,0,,,
47.988,odom,map,1.61647,0.605055,-2.68716,0,0,0,,,
48.024,odom,map,1.61544,0.605609,-2.70782,0,0,0,,,
47.988,ekf,map,1.72317,0.604756,-2.67286,0.0100398,0.0219041,-0.00349629,0.102834,,
47.988,ekf_predict_only,map,1.65992,0.653928,-2.74193,54.6162,157.903,-1.16344,,,
47.988,kf,map,1.62386,0.577665,-2.55151,0.0399947,0.0241607,0.00531894,0.0905,,
47.988,pf,map,1.71848,0.637556,-2.6865,0.0172689,0.0253004,-0.00346633,8.77521,259.156,0
48.06,odom,map,1.61495,0.60539,-2.72709,0,0,0,,,
48.096,odom,map,1.61453,0.605209,-2.74611,0,0,0,,,
48.132,odom,map,1.61427,0.605102,-2.76464,0,0,0,,,
48.168,odom,map,1.61415,0.605057,-2.7827,0,0,0,,,
48.204,odom,map,1.61415,0.604868,-2.80069,0,0,0,,,
48.204,kf,map,1.62037,0.580559,-2.65623,0.0400226,0.0242372,0.00539965,0.102125,,
48.204,ekf,map,1.72489,0.609882,-2.78383,0.0101243,0.0219779,-0.00358972,0.102917,,
48.201,amcl,map,1.64326,0.567166,-2.81692,0.0220228,0.0675059,-0.0102318,,,
48.204,ekf_predict_only,map,1.65948,0.653743,-2.84942,54.8172,158.065,-1.15667,,,
48.204,pf,map,1.73727,0.61102,-2.78697,0.00908133,0.0177223,-0.00238007,6.34237,262.518,0
48.24,odom,map,1.61554,0.601961,-2.81964,0,0,0,,,
48.276,odom,map,1.61709,0.599105,-2.83816,0,0,0,,,
48.312,odom,map,1.61875,0.596276,-2.85612,0,0,0,,,
48.348,odom,map,1.62041,0.593445,-2.87381,0,0,0,,,
48.384,odom,map,1.62214,0.590624,-2.89115,0,0,0,,,
48.384,ekf_predict_only,map,1.66171,0.654415,-2.92541,55.0137,158.456,-1.17957,,,
48.384,kf,map,1.62452,0.570815,-2.74304,0.0399682,0.0241873,0.00535838,0.097291,,
48.42,odom,map,1.62318,0.589434,-2.90707,0,0,0,,,
48.384,ekf,map,1.72628,0.598673,-2.86792,0.0100412,0.0218985,-0.00350795,0.169458,,
48.384,pf,map,1.72912,0.661643,-2.87708,0.0111027,0.0179405,-0.000754586,6.90183,297.442,0
48.456,odom,map,1.62364,0.589539,-2.92227,0,0,0,,,
48.492,odom,map,1.62415,0.589649,-2.93699,0,0,0,,,
48.528,odom,map,1.62436,0.589693,-2.95081,0,0,0,,,
48.564,odom,map,1.62436,0.589693,-2.96209,0,0,0,,,
48.6,odom,map,1.62436,0.589693,-2.97078,0,0,0,,,
48.6,ekf_predict_only,map,1.66171,0.654415,-2.92541,55.2137,158.656,-1.17957,,,
48.6,kf,map,1.62897,0.560255,-2.81907,0.0400621,0.0241977,0.00534147,0.100083,,
48.6,ekf,map,1.72508,0.586369,-2.93889,0.0100574,0.0220206,-0.00352302,0.105334,,
48.6,pf,map,1.736,0.629718,-2.96267,0.00761085,0.0177234,-0.000357648,6.62658,287.504,0
48.636,odom,map,1.62594,0.587405,-2.97945,0,0,0,,,
48.672,odom,map,1.62754,0.585043,-2.98561,0,0,0,,,
48.708,odom,map,1.62911,0.582674,-2.9892,0,0,0,,,
48.744,odom,map,1.63066,0.580298,-2.99186,0,0,0,,,
48.78,odom,map,1.63218,0.577914,-2.99451,0,0,0,,,
48.816,ekf_predict_only,map,1.66171,0.654415,-2.92541,55.4137,158.856,-1.17957,,,
48.816,odom,map,1.6331,0.576453,-2.99613,0,0,0,,,
48.816,kf,map,1.62703,0.567273,-2.8267,0.0400678,0.0241944,0.00533645,0.108292,,
48.816,ekf,map,1.7314,0.596198,-2.95506,0.0100378,0.0220005,-0.00356,0.091917,,
48.816,pf,map,1.71258,0.638157,-2.95098,0.00852876,0.0204324,-0.000516155,10.7265,254.405,0
48.852,odom,map,1.6331,0.576453,-2.99613,0,0,0,,,
48.888,odom,map,1.6331,0.576453,-2.99613,0,0,0,,,
48.924,odom,map,1.6331,0.576453,-2.99613,0,0,0,,,
48.96,odom,map,1.63277,0.576406,-2.99624,0,0,0,,,
48.996,odom,map,1.63164,0.57624,-2.99642,0,0,0,,,
48.996,ekf_predict_only,map,1.64927,0.651683,-2.92742,55.628,157.995,-1.0957,,,
48.996,kf,map,1.62396,0.566174,-2.82955,0.039935,0.0242205,0.005407,0.167792,,
49.032,odom,map,1.63223,0.574653,-2.99604,0,0,0,,,
48.996,ekf,map,1.72836,0.595394,-2.95813,0.0100128,0.0218673,-0.00355689,0.104083,,
48.996,pf,map,1.72229,0.614499,-2.96503,0.0100691,0.0159602,-0.00256292,7.39367,293.654,0
49.068,odom,map,1.63194,0.572725,-2.99562,0,0,0,,,
49.104,odom,map,1.63042,0.570611,-2.99506,0,0,0,,,
49.14,odom,map,1.62838,0.568414,-2.99448,0,0,0,,,
49.176,odom,map,1.62608,0.566173,-2.99407,0,0,0,,,
49.212,odom,map,1.62193,0.564233,-2.99407,0,0,0,,,
49.212,ekf_predict_only,map,1.61248,0.643681,-2.93076,55.8718,155.092,-0.858921,,,
49.212,ekf,map,1.71026,0.587596,-2.95944,0.0104538,0.0216851,-0.00401869,0.125125,,
49.212,kf,map,1.60406,0.5534,-2.82776,0.0395688,0.0246903,0.00600816,0.114,,
49.212,pf,map,1.70773,0.593053,-2.97852,0.00985866,0.022752,-0.00249839,6.68629,258.645,0
49.248,odom,map,1.61532,0.563254,-2.99483,0,0,0,,,
49.284,odom,map,1.60817,0.562199,-2.99565,0,0,0,,,
49.32,odom,map,1.60064,0.561097,-2.99651,0,0,0,,,
49.356,odom,map,1.59246,0.559906,-2.99765,0,0,0,,,
49.392,odom,map,1.58387,0.558666,-2.99896,0,0,0,,,
49.428,odom,map,1.57491,0.557385,-3.00023,0,0,0,,,
49.392,ekf_predict_only,map,1.56642,0.633822,-2.93701,56.1293,151.485,-0.585767,,,
49.392,kf,map,1.56731,0.54973,-2.84161,0.0387288,0.0254251,0.00683363,0.195041,,
49.392,ekf,map,1.6659,0.588074,-2.96585,0.0110164,0.0210912,-0.00456978,0.112333,,
49.392,pf,map,1.64658,0.611387,-2.94722,0.00871559,0.0186881,-0.00272734,8.12742,292.189,0
49.464,odom,map,1.56523,0.556014,-3.00152,0,0,0,,,
49.5,odom,map,1.55496,0.554573,-3.00299,0,0,0,,,
49.536,odom,map,1.54456,0.553131,-3.00448,0,0,0,,,
49.572,odom,map,1.53394,0.551674,-3.00614,0,0,0,,,
49.608,odom,map,1.52283,0.550171,-3.00796,0,0,0,,,
49.608,ekf_predict_only,map,1.49971,0.619981,-2.94809,56.4166,146.323,-0.24004,,,
49.608,kf,map,1.50967,0.539401,-2.85294,0.0374164,0.0268398,0.00796382,0.113,,
49.608,ekf,map,1.60465,0.58725,-2.97393,0.012414,0.0203136,-0.00530424,0.106,,
49.608,pf,map,1.47628,0.563488,-3.00324,0.0395009,0.0427555,-0.000278609,4.9675,162.394,0
49.644,odom,map,1.51141,0.548646,-3.00987,0,0,0,,,
49.68,odom,map,1.49987,0.547128,-3.01181,0,0,0,,,
49.716,odom,map,1.48806,0.545599,-3.01383,0,0,0,,,
49.752,odom,map,1.47601,0.544063,-3.01584,0,0,0,,,
49.788,odom,map,1.46389,0.542543,-3.01781,0,0,0,,,
49.824,odom,map,1.45174,0.541044,-3.0199,0,0,0,,,
49.788,ekf_predict_only,map,1.43957,0.608197,-2.95877,56.6971,141.846,0.0128379,,,
49.788,ekf,map,1.53398,0.580476,-2.9866,0.0136509,0.0194309,-0.0056158,0.116208,,
49.788,kf,map,1.45404,0.53157,-2.88259,0.0359609,0.0281916,0.00870797,0.101459,,
49.788,pf,map,1.50319,0.607488,-2.98118,0.0143693,0.0172242,-0.00473018,13.2222,261.426,0
49.8,amcl,map,1.46951,0.539903,-3.01927,0.0297265,0.047054,-0.0054085,,,
49.86,odom,map,1.43956,0.539569,-3.02207,0,0,0,,,
49.896,odom,map,1.4274,0.538122,-3.02431,0,0,0,,,
49.932,odom,map,1.41524,0.536702,-3.02656,0,0,0,,,
49.968,odom,map,1.40307,0.535311,-3.02885,0,0,0,,,
50.004,odom,map,1.39092,0.533947,-3.03073,0,0,0,,,
50.004,kf,map,1.38758,0.518954,-2.90658,0.0343143,0.0299417,0.00930625,0.105708,,
50.004,ekf,map,1.45798,0.572221,-2.99938,0.0154519,0.0186671,-0.00569721,0.17175,,
50.004,ekf_predict_only,map,1.36745,0.594861,-2.96955,56.9951,136.63,0.248493,,,
50.004,pf,map,1.44863,0.57976,-2.98445,0.0145591,0.0175125,-0.00591771,10.6659,288.859,0
50.04,odom,map,1.37869,0.532596,-3.03236,0,0,0,,,
50.076,odom,map,1.36643,0.531261,-3.03393,0,0,0,,,
50.112,odom,map,1.35425,0.529953,-3.03531,0,0,0,,,
50.148,odom,map,1.34192,0.528646,-3.03672,0,0,0,,,
50.184,odom,map,1.32947,0.527345,-3.03818,0,0,0,,,
50.22,odom,map,1.31701,0.526061,-3.03965,0,0,0,,,
50.184,ekf_predict_only,map,1.30573,0.584138,-2.97691,57.2792,132.367,0.394315,,,
50.184,kf,map,1.33399,0.507233,-2.92636,0.0329049,0.0312482,0.00949979,0.149167,,
50.184,ekf,map,1.39506,0.560821,-3.00802,0.0166581,0.0180753,-0.00544562,0.127666,,
50.184,pf,map,1.38778,0.581451,-3.0178,0.0210404,0.0194125,-0.00829557,8.19675,318.045,0
50.256,odom,map,1.30448,0.524787,-3.04052,0,0,0,,,
50.292,odom,map,1.29191,0.523512,-3.0402,0,0,0,,,
50.328,odom,map,1.27923,0.522212,-3.03854,0,0,0,,,
50.364,odom,map,1.26652,0.520885,-3.03656,0,0,0,,,
50.4,odom,map,1.25393,0.519542,-3.03396,0,0,0,,,
50.4,ekf_predict_only,map,1.23095,0.571711,-2.955,57.5826,127.37,0.515104,,,
50.4,kf,map,1.27062,0.492351,-2.93063,0.0314595,0.0327976,0.00953722,0.115333,,
50.4,ekf,map,1.32287,0.546214,-3.00195,0.0181903,0.0178507,-0.00495731,0.107333,,
50.4,pf,map,1.29751,0.577547,-3.02216,0.0214834,0.0195801,-0.00568093,7.09483,307.968,0
50.436,odom,map,1.24136,0.518164,-3.03065,0,0,0,,,
50.472,odom,map,1.22881,0.516743,-3.027,0,0,0,,,
50.508,odom,map,1.21622,0.515268,-3.02272,0,0,0,,,
50.544,odom,map,1.20374,0.513746,-3.01773,0,0,0,,,
50.58,odom,map,1.19144,0.51218,-3.01195,0,0,0,,,
50.616,ekf_predict_only,map,1.15797,0.557931,-2.91892,57.9047,122.721,0.649315,,,
50.616,kf,map,1.19761,0.486951,-2.9112,0.0301462,0.0341139,0.00935401,0.93325,,
50.616,odom,map,1.17985,0.510406,-3.00599,0,0,0,,,
50.616,ekf,map,1.24329,0.541736,-2.97468,0.0193678,0.0178171,-0.00431826,0.11175,,
50.601,amcl,map,1.20427,0.488472,-3.0101,0.0364768,0.0311208,-0.00176448,,,
50.616,pf,map,1.21836,0.54059,-2.97115,0.0196009,0.015079,-0.00427389,9.75433,287.775,0
50.652,odom,map,1.16937,0.50835,-2.99978,0,0,0,,,
50.688,odom,map,1.159,0.506228,-2.99278,0,0,0,,,
50.724,odom,map,1.14867,0.504026,-2.98545,0,0,0,,,
50.76,odom,map,1.13835,0.501733,-2.97774,0,0,0,,,
50.796,odom,map,1.12806,0.499349,-2.96952,0,0,0,,,
50.796,ekf_predict_only,map,1.099,0.54458,-2.87101,58.2306,119.166,0.796387,,,
50.832,odom,map,1.11631,0.49718,-2.96055,0,0,0,,,
50.796,kf,map,1.1378,0.480937,-2.88226,0.029142,0.0350123,0.00907394,0.119708,,
50.796,ekf,map,1.17722,0.533605,-2.938,0.0200462,0.0178738,-0.00373813,0.095542,,
50.796,pf,map,1.13463,0.568964,-2.94128,0.016402,0.0142791,-0.00440497,5.94783,412.797,0
50.868,odom,map,1.10442,0.494946,-2.95096,0,0,0,,,
50.904,odom,map,1.09266,0.492617,-2.9411,0,0,0,,,
50.94,odom,map,1.08123,0.49023,-2.93026,0,0,0,,,
50.976,odom,map,1.07007,0.487772,-2.91883,0,0,0,,,
51.012,ekf_predict_only,map,1.03365,0.526451,-2.80075,58.6136,115.374,1.02024,,,
51.012,odom,map,1.05906,0.48521,-2.90712,0,0,0,,,
51.012,kf,map,1.07297,0.467885,-2.83049,0.0281834,0.036075,0.0087097,0.095958,,
51.012,ekf,map,1.10535,0.516804,-2.87764,0.0209349,0.0183286,-0.00307921,0.661167,,
51.012,pf,map,1.07284,0.525042,-2.87866,0.0194393,0.0163168,-0.00165919,7.24617,341.683,0
51.048,odom,map,1.04838,0.482589,-2.89477,0,0,0,,,
51.084,odom,map,1.03816,0.479943,-2.88156,0,0,0,,,
51.12,odom,map,1.02811,0.477197,-2.86813,0,0,0,,,
51.156,odom,map,1.01821,0.474349,-2.85422,0,0,0,,,
51.192,odom,map,1.0087,0.471462,-2.83938,0,0,0,,,
51.192,ekf_predict_only,map,0.988805,0.510547,-2.72225,58.9855,112.939,1.24513,,,
51.228,odom,map,0.999565,0.468538,-2.82386,0,0,0,,,
51.192,ekf,map,1.05309,0.506659,-2.80864,0.0212711,0.01852,-0.00262158,0.099291,,
51.192,kf,map,1.02319,0.457029,-2.7642,0.0274557,0.036699,0.00834261,0.103958,,
51.192,pf,map,1.049,0.487715,-2.78684,0.0185834,0.0153008,-0.00352609,10.4562,482.515,0
51.264,odom,map,0.99055,0.465494,-2.80816,0,0,0,,,
51.3,odom,map,0.981749,0.462368,-2.79218,0,0,0,,,
51.336,odom,map,0.973452,0.459268,-2.77566,0,0,0,,,
51.372,odom,map,0.96529,0.456063,-2.75906,0,0,0,,,
51.408,odom,map,0.957773,0.451976,-2.74212,0,0,0,,,
51.408,kf,map,0.968892,0.442632,-2.66889,0.0268037,0.0374553,0.00794191,0.123375,,
51.402,amcl,map,0.982317,0.419398,-2.73749,0.0397663,0.0270749,0.00147813,,,
51.408,ekf,map,0.996311,0.493137,-2.71121,0.0217961,0.0190204,-0.00216392,0.101084,,
51.408,ekf_predict_only,map,0.942608,0.489953,-2.61886,59.424,110.514,1.56277,,,
51.408,pf,map,0.97991,0.520472,-2.70664,0.0191702,0.0202385,-0.00290043,9.73638,410.625,0
51.444,odom,map,0.952056,0.445019,-2.72485,0,0,0,,,
51.48,odom,map,0.946706,0.43807,-2.70717,0,0,0,,,
51.516,odom,map,0.941453,0.431014,-2.6894,0,0,0,,,
51.552,odom,map,0.9366,0.424001,-2.6712,0,0,0,,,
51.588,odom,map,0.932183,0.417061,-2.65261,0,0,0,,,
51.588,ekf_predict_only,map,0.914562,0.473792,-2.52325,59.8238,109.165,1.83583,,,
51.624,odom,map,0.927089,0.412597,-2.63357,0,0,0,,,
51.588,kf,map,0.937262,0.426784,-2.57814,0.0262976,0.0378574,0.00758663,0.112,,
51.588,ekf,map,0.963577,0.478678,-2.61986,0.021903,0.0191598,-0.00187927,0.093792,,
51.588,pf,map,0.957938,0.473996,-2.6291,0.0235204,0.0165091,0.000507384,10.4861,378.294,0
51.66,odom,map,0.921463,0.409394,-2.61445,0,0,0,,,
51.696,odom,map,0.916062,0.406181,-2.59507,0,0,0,,,
51.732,odom,map,0.911053,0.403067,-2.57536,0,0,0,,,
51.768,odom,map,0.906358,0.400017,-2.55553,0,0,0,,,
51.804,odom,map,0.901943,0.397023,-2.5354,0,0,0,,,
51.804,ekf_predict_only,map,0.890844,0.45692,-2.40102,60.2443,108.081,2.13762,,,
51.804,kf,map,0.902652,0.41172,-2.46126,0.0258997,0.0383597,0.00725482,0.0995,,
51.804,ekf,map,0.927266,0.46438,-2.5021,0.0222117,0.0195142,-0.00163244,0.109833,,
51.801,amcl,map,0.938101,0.378277,-2.52068,0.0278443,0.023295,0.00309573,,,
51.804,pf,map,0.902507,0.484017,-2.51448,0.0233033,0.0173087,-0.00335997,8.16496,450.571,0
51.84,odom,map,0.89787,0.394138,-2.51507,0,0,0,,,
51.876,odom,map,0.894162,0.391397,-2.49451,0,0,0,,,
51.912,odom,map,0.890676,0.388706,-2.47385,0,0,0,,,
51.948,odom,map,0.887414,0.38608,-2.45304,0,0,0,,,
51.984,odom,map,0.884617,0.38373,-2.43223,0,0,0,,,
51.984,ekf_predict_only,map,0.879145,0.446225,-2.29663,60.5904,107.656,2.34317,,,
51.984,kf,map,0.886094,0.399111,-2.35652,0.0255994,0.0385559,0.00700008,0.21,,
52.02,odom,map,0.882083,0.38151,-2.41138,0,0,0,,,
51.984,ekf,map,0.910611,0.453883,-2.39808,0.0221842,0.0195088,-0.00150317,0.099041,,
51.984,pf,map,0.891156,0.471825,-2.42202,0.0260927,0.0238959,-0.00240405,8.96025,389.538,0
52.056,odom,map,0.879744,0.379371,-2.3905,0,0,0,,,
52.092,odom,map,0.877586,0.377316,-2.36961,0,0,0,,,
52.128,odom,map,0.875776,0.375517,-2.34866,0,0,0,,,
52.164,odom,map,0.874049,0.373726,-2.32771,0,0,0,,,
52.2,odom,map,0.872494,0.372046,-2.30688,0,0,0,,,
52.2,ekf_predict_only,map,0.87141,0.437509,-2.17078,60.9131,107.446,2.51952,,,
52.2,ekf,map,0.891322,0.442713,-2.27425,0.0223763,0.0197156,-0.0014054,0.179125,,
52.2,kf,map,0.868908,0.390267,-2.23485,0.0254282,0.0388315,0.00682183,0.103875,,
52.2,amcl,map,0.905678,0.356217,-2.29238,0.0209565,0.0170151,0.00404784,,,
52.2,pf,map,0.895267,0.43859,-2.28444,0.0233856,0.0174186,0.000293511,9.28896,402.567,0
52.236,odom,map,0.873555,0.368047,-2.28451,0,0,0,,,
52.272,odom,map,0.87491,0.364173,-2.26212,0,0,0,,,
52.308,odom,map,0.87642,0.360428,-2.23977,0,0,0,,,
52.344,odom,map,0.878065,0.356805,-2.21749,0,0,0,,,
52.38,odom,map,0.879955,0.353467,-2.19515,0,0,0,,,
52.416,ekf_predict_only,map,0.868346,0.433031,-2.04558,61.1774,107.485,2.6156,,,
52.416,odom,map,0.880947,0.351173,-2.17337,0,0,0,,,
52.416,ekf,map,0.880803,0.430659,-2.15273,0.0224112,0.0197568,-0.00135396,0.124125,,
52.416,kf,map,0.861488,0.384505,-2.11808,0.0253181,0.038944,0.00671206,1.20442,,
52.416,pf,map,0.86646,0.390964,-2.12212,0.0209117,0.0202823,-0.00242342,6.55446,424.442,0
52.452,odom,map,0.880585,0.350635,-2.15274,0,0,0,,,
52.488,odom,map,0.880378,0.350315,-2.13206,0,0,0,,,
52.524,odom,map,0.880366,0.350298,-2.11153,0,0,0,,,
52.56,odom,map,0.880399,0.350354,-2.09108,0,0,0,,,
52.596,odom,map,0.880513,0.350559,-2.07082,0,0,0,,,
52.632,odom,map,0.884369,0.350224,-2.04962,0,0,0,,,
52.596,ekf,map,0.878699,0.438495,-2.04713,0.0222854,0.0196113,-0.00135604,0.207,,
52.596,ekf_predict_only,map,0.870123,0.436486,-1.94676,61.3277,107.778,2.53731,,,
52.596,kf,map,0.856792,0.385956,-2.0085,0.0252759,0.0388796,0.00668632,0.277083,,
52.602,amcl,map,0.894946,0.343177,-2.06766,0.0182047,0.0146986,0.00472984,,,
52.596,pf,map,0.840169,0.41973,-2.02455,0.0233739,0.0143174,-8.72601e-05,9.22567,414.202,0
52.668,odom,map,0.888811,0.350094,-2.02864,0,0,0,,,
52.704,odom,map,0.893246,0.350006,-2.0077,0,0,0,,,
52.74,odom,map,0.897718,0.350066,-1.98701,0,0,0,,,
52.776,odom,map,0.902241,0.350318,-1.96668,0,0,0,,,
52.812,odom,map,0.905522,0.350894,-1.94684,0,0,0,,,
52.812,ekf_predict_only,map,0.873091,0.444005,-1.83375,61.4213,108.135,2.35979,,,
52.812,kf,map,0.852764,0.393801,-1.89147,0.0253842,0.0388755,0.00677842,0.752375,,
52.812,ekf,map,0.875216,0.44691,-1.93078,0.0223959,0.019776,-0.00136138,0.11425,,
52.812,pf,map,0.842425,0.434559,-1.90864,0.0252005,0.0192525,-0.00242017,10.2925,387.899,0
52.848,odom,map,0.906057,0.352288,-1.92829,0,0,0,,,
52.884,odom,map,0.906602,0.35379,-1.90996,0,0,0,,,
52.92,odom,map,0.90716,0.35542,-1.89202,0,0,0,,,
52.956,odom,map,0.907693,0.35707,-1.87414,0,0,0,,,
52.992,odom,map,0.908233,0.358851,-1.85658,0,0,0,,,
52.992,ekf_predict_only,map,0.875835,0.454201,-1.74871,61.4811,108.48,2.10882,,,
52.992,kf,map,0.854662,0.401871,-1.79091,0.0254577,0.0386977,0.00686634,0.176375,,
53.028,odom,map,0.908396,0.361291,-1.83967,0,0,0,,,
52.992,ekf,map,0.881332,0.463149,-1.83603,0.0222557,0.0196925,-0.00137778,0.098208,,
53.001,amcl,map,0.900725,0.35099,-1.8706,0.0159644,0.0158756,0.00484147,,,
52.992,pf,map,0.887683,0.49694,-1.85935,0.0191695,0.0172864,-0.000967311,16.9557,403.934,0
53.064,odom,map,0.908387,0.363969,-1.82326,0,0,0,,,
53.1,odom,map,0.908341,0.366637,-1.80708,0,0,0,,,
53.136,odom,map,0.908286,0.369408,-1.79123,0,0,0,,,
53.172,odom,map,0.90821,0.372244,-1.7757,0,0,0,,,
53.208,odom,map,0.908226,0.374957,-1.76072,0,0,0,,,
53.208,ekf_predict_only,map,0.878216,0.467439,-1.65782,61.5058,108.807,1.77349,,,
53.208,ekf,map,0.881167,0.468413,-1.7423,0.0223542,0.0199028,-0.00138583,0.10975,,
53.208,kf,map,0.856742,0.414138,-1.70154,0.0256552,0.0386045,0.0070377,0.096709,,
53.208,pf,map,0.882466,0.479597,-1.74957,0.0231066,0.0180477,-0.00066778,8.31925,485.996,0
53.244,odom,map,0.908632,0.377162,-1.74557,0,0,0,,,
53.28,odom,map,0.909017,0.379444,-1.73073,0,0,0,,,
53.316,odom,map,0.909304,0.381297,-1.71717,0,0,0,,,
53.352,odom,map,0.909388,0.381879,-1.70618,0,0,0,,,
53.388,odom,map,0.909388,0.381879,-1.69774,0,0,0,,,
53.424,odom,map,0.908846,0.381217,-1.69259,0,0,0,,,
53.388,ekf_predict_only,map,0.878216,0.467439,-1.65782,61.7058,109.007,1.77349,,,
53.388,kf,map,0.856455,0.420146,-1.63543,0.025695,0.0384604,0.0070875,0.196875,,
53.388,ekf,map,0.885479,0.484029,-1.68203,0.0222233,0.0198028,-0.00139208,0.32625,,
53.388,pf,map,0.874962,0.502391,-1.69412,0.0198421,0.0206268,-0.00169919,6.79808,460.484,0
53.46,odom,map,0.907996,0.38018,-1.69045,0,0,0,,,
53.496,odom,map,0.907142,0.379142,-1.69082,0,0,0,,,
53.532,odom,map,0.906284,0.378103,-1.69195,0,0,0,,,
53.568,odom,map,0.905422,0.377062,-1.69308,0,0,0,,,
53.604,odom,map,0.904605,0.376078,-1.69415,0,0,0,,,
53.604,kf,map,0.856105,0.421271,-1.62931,0.0257436,0.0385161,0.00711806,0.139542,,
53.604,ekf_predict_only,map,0.878216,0.467439,-1.65782,61.9058,109.207,1.77349,,,
53.604,ekf,map,0.88124,0.476189,-1.67052,0.022343,0.019955,-0.0013885,0.099209,,
53.604,pf,map,0.898392,0.478299,-1.68597,0.0240959,0.0194335,-0.00533422,5.77733,419.023,0
53.64,odom,map,0.904605,0.376078,-1.69415,0,0,0,,,
53.676,odom,map,0.904605,0.376078,-1.69415,0,0,0,,,
53.712,odom,map,0.904605,0.376078,-1.69415,0,0,0,,,
53.748,odom,map,0.904605,0.376078,-1.69415,0,0,0,,,
53.784,odom,map,0.904605,0.376078,-1.69415,0,0,0,,,
53.784,ekf_predict_only,map,0.878216,0.467439,-1.65782,62.1058,109.407,1.77349,,,
53.82,odom,map,0.904663,0.375458,-1.69516,0,0,0,,,
53.784,ekf,map,0.880401,0.474986,-1.66907,0.0222202,0.019818,-0.00139312,0.220167,,
53.784,kf,map,0.855929,0.421507,-1.62903,0.0257104,0.038445,0.00710129,0.093625,,
53.784,pf,map,0.871558,0.485202,-1.68898,0.0221101,0.0234281,-0.00359275,17.6,432.411,0
53.856,odom,map,0.904761,0.37434,-1.69696,0,0,0,,,
53.892,odom,map,0.90485,0.373219,-1.69877,0,0,0,,,
53.928,odom,map,0.904904,0.371902,-1.70047,0,0,0,,,
53.964,odom,map,0.904912,0.370309,-1.70218,0,0,0,,,
54,odom,map,0.904905,0.368681,-1.7039,0,0,0,,,
54,ekf_predict_only,map,0.877955,0.464452,-1.65724,62.3447,109.593,1.85108,,,
54,kf,map,0.851931,0.42181,-1.62803,0.0257276,0.0385322,0.00710362,0.102584,,
54,ekf,map,0.876387,0.475737,-1.66825,0.0223497,0.0199434,-0.00138468,0.237791,,
54,pf,map,0.880935,0.498122,-1.70605,0.0183934,0.021014,-0.00170139,6.77304,440.576,0
54.036,odom,map,0.90484,0.368154,-1.70386,0,0,0,,,
54.072,odom,map,0.904769,0.367627,-1.70377,0,0,0,,,
54.108,odom,map,0.904703,0.367129,-1.70394,0,0,0,,,
54.144,odom,map,0.904637,0.366638,-1.70417,0,0,0,,,
54.18,odom,map,0.904564,0.366096,-1.70465,0,0,0,,,
54.216,odom,map,0.904505,0.365663,-1.70523,0,0,0,,,
54.216,ekf_predict_only,map,0.877744,0.462015,-1.66074,62.5767,109.782,1.91437,,,
54.216,kf,map,0.851249,0.419371,-1.62693,0.0256941,0.038568,0.00707352,0.197625,,
54.216,ekf,map,0.876591,0.47541,-1.66859,0.0223559,0.0199392,-0.00137727,0.173833,,
54.216,pf,map,0.846475,0.491275,-1.66063,0.0192807,0.0185749,-0.000169357,7.908,431.708,0
54.252,odom,map,0.904443,0.365205,-1.70578,0,0,0,,,
54.288,odom,map,0.904378,0.364728,-1.70632,0,0,0,,,
54.324,odom,map,0.904299,0.364148,-1.70678,0,0,0,,,
54.36,odom,map,0.904253,0.363809,-1.70738,0,0,0,,,
54.396,odom,map,0.904228,0.363626,-1.70826,0,0,0,,,
54.432,odom,map,0.904202,0.363444,-1.70926,0,0,0,,,
54.396,ekf_predict_only,map,0.877661,0.461097,-1.66574,62.7888,109.977,1.93819,,,
54.396,kf,map,0.854195,0.416113,-1.63248,0.0256338,0.0385217,0.00703188,0.199084,,
54.396,ekf,map,0.878599,0.470056,-1.67284,0.0222253,0.0197812,-0.001388,0.089416,,
54.396,pf,map,0.864229,0.452509,-1.66461,0.0202589,0.0152418,-0.00154655,8.76096,398.121,0
54.468,odom,map,0.904183,0.363309,-1.71006,0,0,0,,,
54.504,odom,map,0.904159,0.363134,-1.71081,0,0,0,,,
54.54,odom,map,0.904123,0.362878,-1.71172,0,0,0,,,
54.576,odom,map,0.904083,0.362602,-1.71269,0,0,0,,,
54.612,odom,map,0.904046,0.362342,-1.71367,0,0,0,,,
54.612,ekf_predict_only,map,0.877515,0.459566,-1.67175,63.0091,110.17,1.97783,,,
54.612,kf,map,0.853141,0.415034,-1.63341,0.0256496,0.0386101,0.00703261,0.109,,
54.612,ekf,map,0.878922,0.472507,-1.6761,0.0223537,0.0198952,-0.00138353,0.123209,,
54.612,pf,map,0.844695,0.492088,-1.67101,0.0261093,0.0159462,-0.00314831,6.72375,426.015,0
54.648,odom,map,0.903992,0.361969,-1.71462,0,0,0,,,
54.684,odom,map,0.903928,0.361527,-1.71577,0,0,0,,,
54.72,odom,map,0.903863,0.361086,-1.71706,0,0,0,,,
54.756,odom,map,0.903786,0.360565,-1.71836,0,0,0,,,
54.792,odom,map,0.903719,0.360113,-1.71999,0,0,0,,,
54.828,odom,map,0.903653,0.359677,-1.72169,0,0,0,,,
54.792,ekf,map,0.880569,0.463872,-1.68532,0.0222323,0.0197515,-0.00139123,0.104709,,
54.792,kf,map,0.856889,0.411097,-1.64568,0.0255861,0.0385694,0.00698783,0.092333,,
54.792,ekf_predict_only,map,0.877293,0.457371,-1.68026,63.2384,110.358,2.03459,,,
54.792,pf,map,0.856299,0.488487,-1.69319,0.0190341,0.0168898,-0.000555736,11.2414,471.022,0
54.864,odom,map,0.903589,0.359258,-1.7234,0,0,0,,,
54.9,odom,map,0.903522,0.358826,-1.72551,0,0,0,,,
54.936,odom,map,0.903456,0.358407,-1.72773,0,0,0,,,
54.972,odom,map,0.90339,0.357994,-1.72992,0,0,0,,,
55.008,odom,map,0.903333,0.357641,-1.73231,0,0,0,,,
55.008,ekf_predict_only,map,0.877067,0.455315,-1.69485,63.4661,110.546,2.0876,,,
55.008,kf,map,0.850654,0.411293,-1.65447,0.0255899,0.0386698,0.00697711,0.09575,,
55.008,ekf,map,0.875353,0.467256,-1.69599,0.0223638,0.0198571,-0.0013853,0.110084,,
55.008,pf,map,0.856507,0.449979,-1.68602,0.02107,0.0191233,-0.000415558,7.30696,460.775,0
55.044,odom,map,0.903289,0.357372,-1.73466,0,0,0,,,
55.08,odom,map,0.903263,0.357215,-1.73729,0,0,0,,,
55.116,odom,map,0.903238,0.357072,-1.74001,0,0,0,,,
55.152,odom,map,0.903207,0.356889,-1.74268,0,0,0,,,
55.188,odom,map,0.903159,0.356616,-1.74547,0,0,0,,,
55.224,odom,map,0.903108,0.356329,-1.7483,0,0,0,,,
55.188,kf,map,0.849435,0.410609,-1.66953,0.0255398,0.0386157,0.00694452,0.199667,,
55.188,ekf,map,0.873426,0.464813,-1.70998,0.0222424,0.0197345,-0.0013862,0.105417,,
55.188,ekf_predict_only,map,0.876886,0.453869,-1.709,63.6857,110.736,2.12474,,,
55.188,pf,map,0.844425,0.47514,-1.70765,0.017541,0.0231605,0.000541544,8.26579,453.847,0
55.26,odom,map,0.903036,0.355933,-1.75149,0,0,0,,,
55.296,odom,map,0.902978,0.355615,-1.7549,0,0,0,,,
55.332,odom,map,0.902925,0.355332,-1.75868,0,0,0,,,
55.368,odom,map,0.90287,0.355048,-1.76259,0,0,0,,,
55.404,odom,map,0.90285,0.354943,-1.76688,0,0,0,,,
55.404,ekf_predict_only,map,0.876875,0.453789,-1.73723,63.8867,110.936,2.12678,,,
55.404,ekf,map,0.872054,0.462142,-1.73302,0.0223737,0.0198624,-0.00137509,0.922083,,
55.404,kf,map,0.848819,0.409428,-1.69379,0.0255569,0.0387029,0.006946,0.207166,,
55.404,pf,map,0.853699,0.475003,-1.73255,0.0147318,0.0197237,-0.00267685,5.91779,498.445,0
55.44,odom,map,0.902847,0.354929,-1.77156,0,0,0,,,
55.476,odom,map,0.902834,0.35487,-1.77653,0,0,0,,,
55.512,odom,map,0.902815,0.354777,-1.78172,0,0,0,,,
55.548,odom,map,0.902823,0.354816,-1.78708,0,0,0,,,
55.584,odom,map,0.902861,0.354985,-1.79289,0,0,0,,,
55.584,ekf_predict_only,map,0.877057,0.454869,-1.76739,64.0721,111.145,2.09936,,,
55.62,odom,map,0.90291,0.355198,-1.79892,0,0,0,,,
55.584,ekf,map,0.880654,0.458024,-1.75897,0.0222488,0.019729,-0.00138132,0.10775,,
55.584,kf,map,0.857436,0.405723,-1.71997,0.0255218,0.0386337,0.00692754,0.099875,,
55.584,pf,map,0.872174,0.482491,-1.76566,0.0212532,0.0198459,-0.00490306,10.5772,448.294,0
55.656,odom,map,0.902957,0.355398,-1.80517,0,0,0,,,
55.692,odom,map,0.902994,0.355552,-1.81187,0,0,0,,,
55.728,odom,map,0.903037,0.355725,-1.81895,0,0,0,,,
55.764,odom,map,0.903088,0.355922,-1.82622,0,0,0,,,
55.8,odom,map,0.903109,0.356003,-1.83378,0,0,0,,,
55.8,ekf_predict_only,map,0.877071,0.454942,-1.81391,64.2711,111.346,2.09753,,,
55.8,kf,map,0.855703,0.407213,-1.75744,0.0255657,0.038694,0.00695437,0.184833,,
55.8,ekf,map,0.880045,0.46246,-1.79841,0.0223693,0.0198438,-0.00138518,0.100625,,
55.8,pf,map,0.867569,0.459198,-1.80958,0.0190884,0.0185222,0.000326446,6.68917,420.619,0
55.836,odom,map,0.903071,0.355865,-1.84204,0,0,0,,,
55.872,odom,map,0.90301,0.355649,-1.85111,0,0,0,,,
55.908,odom,map,0.902949,0.355441,-1.86034,0,0,0,,,
55.944,odom,map,0.902866,0.355167,-1.8701,0,0,0,,,
55.98,odom,map,0.902753,0.354808,-1.88066,0,0,0,,,
56.016,odom,map,0.90264,0.354462,-1.89184,0,0,0,,,
56.016,ekf_predict_only,map,0.876552,0.452846,-1.88118,64.4996,111.518,2.14957,,,
56.016,ekf,map,0.882877,0.464386,-1.85464,0.0223723,0.0198476,-0.00137941,0.102583,,
56.016,kf,map,0.85676,0.405071,-1.81075,0.0255458,0.0387163,0.00693567,0.113375,,
56.016,pf,map,0.856254,0.440197,-1.82922,0.0173174,0.0150337,-0.000738293,12.4046,395.4,0
56.052,odom,map,0.902525,0.354121,-1.90306,0,0,0,,,
56.088,odom,map,0.902367,0.353671,-1.9147,0,0,0,,,
56.124,odom,map,0.902166,0.353121,-1.92711,0,0,0,,,
56.16,odom,map,0.901917,0.352468,-1.93996,0,0,0,,,
56.196,odom,map,0.901639,0.351763,-1.95301,0,0,0,,,
56.232,odom,map,0.901336,0.351024,-1.96631,0,0,0,,,
56.196,ekf_predict_only,map,0.875286,0.4489,-1.94878,64.7537,111.651,2.24546,,,
56.196,kf,map,0.860196,0.400432,-1.88133,0.0254715,0.038684,0.00687961,0.10475,,
56.196,ekf,map,0.882788,0.451886,-1.92006,0.0222434,0.0196874,-0.00138854,0.163667,,
56.196,pf,map,0.825016,0.462977,-1.90153,0.0213622,0.019059,-0.000196485,7.34788,372.47,0
56.268,odom,map,0.900942,0.350097,-1.98001,0,0,0,,,
56.304,odom,map,0.900487,0.349069,-1.9939,0,0,0,,,
56.34,odom,map,0.900006,0.348019,-2.00784,0,0,0,,,
56.376,odom,map,0.899482,0.346918,-2.022,0,0,0,,,
56.412,ekf_predict_only,map,0.872657,0.442278,-2.03512,65.0461,111.712,2.40224,,,
56.412,kf,map,0.86098,0.393339,-1.95196,0.0254232,0.0388366,0.00681695,0.132292,,
56.412,odom,map,0.898951,0.345842,-2.03635,0,0,0,,,
56.412,ekf,map,0.887423,0.45485,-1.99721,0.0223885,0.0197915,-0.00136663,0.107958,,
56.412,pf,map,0.880405,0.471536,-1.99446,0.0204098,0.0172362,-0.00125798,6.07208,445.145,0
56.448,odom,map,0.89841,0.344785,-2.05074,0,0,0,,,
56.484,odom,map,0.897828,0.343686,-2.0652,0,0,0,,,
56.52,odom,map,0.897184,0.342512,-2.07955,0,0,0,,,
56.556,odom,map,0.896465,0.341245,-2.09391,0,0,0,,,
56.592,odom,map,0.895724,0.33998,-2.10828,0,0,0,,,
56.592,ekf_predict_only,map,0.869382,0.43574,-2.1054,65.3394,111.74,2.55134,,,
56.592,kf,map,0.85483,0.388915,-2.03489,0.0253033,0.0388521,0.00671408,0.120417,,
56.628,odom,map,0.894966,0.338728,-2.12247,0,0,0,,,
56.601,amcl,map,0.898225,0.343382,-2.11347,0.012196,0.0176843,0.00628139,,,
56.592,ekf,map,0.876774,0.440854,-2.07394,0.0222773,0.0196485,-0.0013621,0.097875,,
56.592,pf,map,0.881467,0.43827,-2.07657,0.0213607,0.0143609,-0.00135954,9.22317,511.834,0
56.664,odom,map,0.894152,0.337428,-2.13678,0,0,0,,,
56.7,odom,map,0.893307,0.336119,-2.15118,0,0,0,,,
56.736,odom,map,0.892388,0.334738,-2.16544,0,0,0,,,
56.772,odom,map,0.891371,0.333258,-2.17959,0,0,0,,,
56.808,odom,map,0.89031,0.331758,-2.19356,0,0,0,,,
56.808,kf,map,0.855412,0.378473,-2.11606,0.0252146,0.0390451,0.00660525,0.107709,,
56.808,ekf_predict_only,map,0.863761,0.426247,-2.18855,65.6785,111.644,2.75959,,,
56.808,ekf,map,0.878359,0.434093,-2.15702,0.0224407,0.0197979,-0.00130793,0.348208,,
56.808,pf,map,0.851213,0.420846,-2.14272,0.0250384,0.019997,-0.00256169,8.28613,388.643,0
56.844,odom,map,0.889227,0.330272,-2.20741,0,0,0,,,
56.88,odom,map,0.888104,0.328775,-2.22117,0,0,0,,,
56.916,odom,map,0.886975,0.327311,-2.23462,0,0,0,,,
56.952,odom,map,0.885823,0.325859,-2.24777,0,0,0,,,
56.988,odom,map,0.884645,0.324413,-2.26076,0,0,0,,,
56.988,ekf_predict_only,map,0.858715,0.419146,-2.25258,65.9853,111.58,2.90728,,,
56.988,kf,map,0.850161,0.371569,-2.19104,0.0250733,0.0390821,0.00647375,0.207833,,
57.024,odom,map,0.88352,0.323067,-2.27358,0,0,0,,,
56.988,ekf,map,0.869987,0.420872,-2.22766,0.0223398,0.0196683,-0.00128515,0.109625,,
56.988,pf,map,0.831593,0.42697,-2.23232,0.0203259,0.0167055,-0.000913913,12.992,379.755,0
57.06,odom,map,0.882369,0.321726,-2.28634,0,0,0,,,
57.096,odom,map,0.881152,0.320343,-2.29884,0,0,0,,,
57.132,odom,map,0.879904,0.31896,-2.31126,0,0,0,,,
57.168,odom,map,0.878652,0.317608,-2.32353,0,0,0,,,
57.204,odom,map,0.87742,0.316308,-2.33574,0,0,0,,,
57.204,ekf_predict_only,map,0.852235,0.411161,-2.32455,66.3084,111.443,3.06498,,,
57.204,kf,map,0.851,0.360797,-2.26258,0.0249842,0.0392755,0.0063553,0.130375,,
57.204,ekf,map,0.871588,0.413277,-2.30084,0.0225037,0.019846,-0.00122205,0.111625,,
57.204,pf,map,0.824801,0.414459,-2.28363,0.0250546,0.0221835,0.000886771,6.62654,435.22,0
57.201,amcl,map,0.884643,0.324983,-2.32549,0.0121401,0.0165894,0.00649332,,,
57.24,odom,map,0.876221,0.315074,-2.34775,0,0,0,,,
57.276,odom,map,0.875013,0.31386,-2.35975,0,0,0,,,
57.312,odom,map,0.873823,0.312692,-2.37152,0,0,0,,,
57.348,odom,map,0.87262,0.311539,-2.38295,0,0,0,,,
57.384,odom,map,0.871403,0.310399,-2.39431,0,0,0,,,
57.42,odom,map,0.870514,0.309717,-2.40572,0,0,0,,,
57.384,ekf,map,0.858189,0.402635,-2.36332,0.0224001,0.0197295,-0.00119768,0.222291,,
57.384,kf,map,0.840759,0.356832,-2.32968,0.0248601,0.0392953,0.00623518,0.105166,,
57.384,ekf_predict_only,map,0.846922,0.4055,-2.38069,66.5975,111.368,3.16956,,,
57.384,pf,map,0.833581,0.427547,-2.36892,0.0262475,0.0202546,-0.00132484,7.92358,432.274,0
57.456,odom,map,0.869866,0.309386,-2.41702,0,0,0,,,
57.492,odom,map,0.869295,0.309146,-2.42811,0,0,0,,,
57.528,odom,map,0.868757,0.308955,-2.43913,0,0,0,,,
57.564,odom,map,0.868301,0.308852,-2.44997,0,0,0,,,
57.6,odom,map,0.867892,0.308804,-2.46065,0,0,0,,,
57.6,kf,map,0.840485,0.349769,-2.39401,0.0248115,0.0394482,0.00615569,0.105333,,
57.6,ekf,map,0.857898,0.396205,-2.42757,0.0225564,0.0199328,-0.00113754,0.099334,,
57.6,ekf_predict_only,map,0.842054,0.400865,-2.44262,66.8717,111.318,3.24994,,,
57.6,pf,map,0.86375,0.408333,-2.43926,0.0250206,0.0217841,-0.00222385,5.84346,415.437,0
57.636,odom,map,0.867031,0.308122,-2.47097,0,0,0,,,
57.672,odom,map,0.866323,0.307567,-2.48117,0,0,0,,,
57.708,odom,map,0.865782,0.30715,-2.49115,0,0,0,,,
57.744,odom,map,0.865355,0.306829,-2.50082,0,0,0,,,
57.78,odom,map,0.864942,0.306524,-2.51044,0,0,0,,,
57.816,ekf_predict_only,map,0.836064,0.395831,-2.49775,67.1534,111.211,3.33027,,,
57.816,kf,map,0.839663,0.345401,-2.44568,0.0247589,0.0395032,0.00609265,0.092,,
57.816,odom,map,0.864162,0.30596,-2.51972,0,0,0,,,
57.816,ekf,map,0.859029,0.39778,-2.48313,0.0225699,0.0199639,-0.00111177,0.185458,,
57.816,pf,map,0.852064,0.425502,-2.50853,0.0196337,0.0139873,-0.00286579,13.8656,451.468,0
57.852,odom,map,0.862988,0.305127,-2.52874,0,0,0,,,
57.888,odom,map,0.86129,0.303944,-2.53723,0,0,0,,,
57.924,odom,map,0.859471,0.302699,-2.54559,0,0,0,,,
57.96,odom,map,0.857311,0.301248,-2.55359,0,0,0,,,
57.996,odom,map,0.85458,0.299442,-2.56098,0,0,0,,,
57.996,ekf_predict_only,map,0.82211,0.385358,-2.53159,67.5273,110.703,3.48002,,,
57.996,kf,map,0.828061,0.339423,-2.49344,0.0246151,0.0395403,0.00593979,0.099875,,
58.032,odom,map,0.852429,0.298264,-2.56602,0,0,0,,,
57.996,ekf,map,0.844792,0.38604,-2.52708,0.0224702,0.0199068,-0.00106138,0.099833,,
58.002,amcl,map,0.859542,0.297726,-2.54941,0.0117058,0.014021,0.0056519,,,
57.996,pf,map,0.79562,0.410321,-2.5394,0.0268544,0.0182337,-0.00232847,8.44404,400.373,0
58.068,odom,map,0.850052,0.296983,-2.57036,0,0,0,,,
58.104,odom,map,0.847509,0.295609,-2.57428,0,0,0,,,
58.14,odom,map,0.844833,0.294161,-2.57759,0,0,0,,,
58.176,odom,map,0.842091,0.292681,-2.58073,0,0,0,,,
58.212,odom,map,0.839028,0.290935,-2.5841,0,0,0,,,
58.212,ekf_predict_only,map,0.80081,0.370471,-2.55843,67.9838,109.841,3.66764,,,
58.212,kf,map,0.808287,0.327536,-2.52886,0.024451,0.0398086,0.00569957,0.280416,,
58.212,ekf,map,0.823896,0.373638,-2.56126,0.022664,0.0202802,-0.000915659,0.614209,,
58.212,pf,map,0.816835,0.37932,-2.57562,0.0280851,0.0138246,0.00366922,6.46058,369.082,0
58.248,odom,map,0.835041,0.288461,-2.58827,0,0,0,,,
58.284,odom,map,0.830871,0.285897,-2.59201,0,0,0,,,
58.32,odom,map,0.826756,0.283386,-2.59555,0,0,0,,,
58.356,odom,map,0.822567,0.28085,-2.59875,0,0,0,,,
58.392,odom,map,0.818339,0.278308,-2.60166,0,0,0,,,
58.392,kf,map,0.795202,0.313745,-2.5531,0.0242373,0.039918,0.00543129,0.104708,,
58.428,odom,map,0.814087,0.275767,-2.60402,0,0,0,,,
58.392,ekf_predict_only,map,0.780119,0.356821,-2.56886,68.4287,109.031,3.81531,,,
58.392,ekf,map,0.808394,0.354567,-2.58152,0.0225998,0.0203861,-0.000795088,0.173416,,
58.392,pf,map,0.808604,0.364141,-2.60181,0.0252757,0.0234231,-0.00276992,7.85779,402.977,0
58.464,odom,map,0.809826,0.273233,-2.6061,0,0,0,,,
58.5,odom,map,0.805491,0.270667,-2.60797,0,0,0,,,
58.536,odom,map,0.801044,0.268044,-2.60934,0,0,0,,,
58.572,odom,map,0.796575,0.265415,-2.61058,0,0,0,,,
58.608,kf,map,0.769266,0.299241,-2.561,0.0240569,0.0402027,0.00512604,0.096833,,
58.608,odom,map,0.792022,0.262745,-2.61155,0,0,0,,,
58.608,ekf,map,0.782173,0.342627,-2.59004,0.0227891,0.0208554,-0.000634307,0.104541,,
58.608,ekf_predict_only,map,0.753237,0.339486,-2.57361,68.9529,107.95,3.97688,,,
58.608,pf,map,0.772427,0.342902,-2.58312,0.025452,0.0226628,-0.00172654,8.30325,449.147,0
58.644,odom,map,0.787419,0.260049,-2.61201,0,0,0,,,
58.68,odom,map,0.782809,0.257351,-2.61214,0,0,0,,,
58.716,odom,map,0.778194,0.254651,-2.61218,0,0,0,,,
58.752,odom,map,0.773609,0.251968,-2.61209,0,0,0,,,
58.788,odom,map,0.769017,0.249279,-2.61159,0,0,0,,,
58.824,odom,map,0.764517,0.245884,-2.61072,0,0,0,,,
58.788,ekf_predict_only,map,0.73077,0.32515,-2.57031,69.4323,107.107,4.09068,,,
58.788,kf,map,0.739636,0.288894,-2.56749,0.0238606,0.0402947,0.00484243,0.74575,,
58.788,ekf,map,0.750286,0.327367,-2.59297,0.0227109,0.0210055,-0.000521385,0.164916,,
58.788,pf,map,0.75637,0.333886,-2.62606,0.0224783,0.0217242,-0.000574573,7.81408,419.626,0
58.86,odom,map,0.76007,0.242085,-2.60943,0,0,0,,,
58.896,odom,map,0.755581,0.238249,-2.60764,0,0,0,,,
58.932,odom,map,0.751082,0.234392,-2.60525,0,0,0,,,
58.968,odom,map,0.746595,0.230525,-2.60263,0,0,0,,,
59.004,odom,map,0.741925,0.226595,-2.59996,0,0,0,,,
59.004,ekf_predict_only,map,0.700546,0.305722,-2.55259,70.0274,105.944,4.2215,,,
59.004,kf,map,0.721705,0.270614,-2.55676,0.023703,0.0405566,0.0045208,0.106708,,
59.004,ekf,map,0.731967,0.309698,-2.58186,0.0228854,0.0215715,-0.000365652,0.107333,,
59.004,pf,map,0.736672,0.313878,-2.57852,0.0238822,0.0251772,-0.00202536,5.99225,403.737,0
59.04,odom,map,0.736849,0.223531,-2.59718,0,0,0,,,
59.076,odom,map,0.731731,0.220422,-2.59423,0,0,0,,,
59.112,odom,map,0.726822,0.21742,-2.59085,0,0,0,,,
59.148,odom,map,0.722479,0.21474,-2.58623,0,0,0,,,
59.184,odom,map,0.718434,0.212216,-2.58104,0,0,0,,,
59.184,ekf_predict_only,map,0.681017,0.292675,-2.52629,70.5033,105.288,4.30111,,,
59.22,odom,map,0.714462,0.209708,-2.57578,0,0,0,,,
59.184,kf,map,0.692444,0.259612,-2.54001,0.0235355,0.0406198,0.00424282,0.168459,,
59.184,ekf,map,0.701333,0.297023,-2.5636,0.0227899,0.0216935,-0.000282857,0.230541,,
59.184,pf,map,0.695943,0.361635,-2.61351,0.0185522,0.0196389,0.000358482,6.36021,431.763,0
59.256,odom,map,0.710619,0.207253,-2.57021,0,0,0,,,
59.292,odom,map,0.707033,0.204932,-2.56376,0,0,0,,,
59.328,odom,map,0.703643,0.202704,-2.55654,0,0,0,,,
59.364,odom,map,0.700407,0.200543,-2.54875,0,0,0,,,
59.4,odom,map,0.697251,0.198398,-2.54055,0,0,0,,,
59.4,ekf_predict_only,map,0.663201,0.280082,-2.47259,70.9777,104.723,4.37719,,,
59.4,kf,map,0.676456,0.245768,-2.50475,0.0234422,0.0408175,0.00399671,0.108916,,
59.4,ekf,map,0.683774,0.278182,-2.52508,0.0229395,0.0221724,-0.000183295,0.098667,,
59.4,pf,map,0.682446,0.305473,-2.54032,0.0200371,0.0203101,0.000580473,5.99975,482.241,0
59.436,odom,map,0.694219,0.196301,-2.53187,0,0,0,,,
59.472,odom,map,0.691279,0.194227,-2.52271,0,0,0,,,
59.508,odom,map,0.688388,0.192148,-2.5133,0,0,0,,,
59.544,odom,map,0.685407,0.189959,-2.50331,0,0,0,,,
59.58,odom,map,0.682456,0.187746,-2.49263,0,0,0,,,
59.616,kf,map,0.655047,0.234196,-2.44145,0.0233369,0.0409251,0.0037592,0.24625,,
59.616,odom,map,0.67954,0.185508,-2.48134,0,0,0,,,
59.616,ekf,map,0.662638,0.270757,-2.46353,0.0229545,0.0224194,-0.000119196,0.278208,,
59.616,ekf_predict_only,map,0.645895,0.266399,-2.40346,71.485,104.196,4.4704,,,
59.616,pf,map,0.643157,0.288359,-2.46958,0.022712,0.0244801,-0.00129904,6.64583,432.451,0
59.652,odom,map,0.676729,0.183298,-2.46927,0,0,0,,,
59.688,odom,map,0.673962,0.181068,-2.45699,0,0,0,,,
59.724,odom,map,0.671232,0.178811,-2.44452,0,0,0,,,
59.76,odom,map,0.668503,0.176496,-2.43138,0,0,0,,,
59.796,odom,map,0.6658,0.17414,-2.41808,0,0,0,,,
59.796,ekf_predict_only,map,0.632144,0.253891,-2.33366,71.9742,103.829,4.56936,,,
59.832,odom,map,0.663056,0.171683,-2.40434,0,0,0,,,
59.796,ekf,map,0.64988,0.260423,-2.40012,0.0228354,0.0224345,-8.50306e-05,0.104625,,
59.796,kf,map,0.642486,0.223217,-2.37782,0.0232251,0.0409303,0.00354995,0.098584,,
59.796,pf,map,0.616032,0.269034,-2.40133,0.0275777,0.0184381,-0.0031695,6.99104,456.267,0
59.868,odom,map,0.660284,0.169129,-2.38997,0,0,0,,,
59.904,odom,map,0.657508,0.166495,-2.37497,0,0,0,,,
59.94,odom,map,0.654762,0.16381,-2.35978,0,0,0,,,
59.976,odom,map,0.652031,0.161056,-2.344,0,0,0,,,
60.012,odom,map,0.649278,0.158188,-2.32768,0,0,0,,,
60.012,ekf_predict_only,map,0.615582,0.236565,-2.23499,72.588,103.358,4.72217,,,
60.012,kf,map,0.620912,0.20906,-2.2968,0.0231514,0.0411082,0.00329205,0.160833,,
60.012,ekf,map,0.62617,0.238293,-2.31449,0.0229694,0.0228264,-2.95778e-05,0.138125,,
60,amcl,map,0.654717,0.162295,-2.35785,0.0201212,0.0147266,0.00927322,,,
60.012,pf,map,0.600626,0.246857,-2.32337,0.0237711,0.0227701,0.00154294,10.694,463.889,0
60.048,odom,map,0.646538,0.155239,-2.31091,0,0,0,,,
60.084,odom,map,0.643845,0.152239,-2.29406,0,0,0,,,
60.12,odom,map,0.641138,0.149119,-2.2769,0,0,0,,,
60.156,odom,map,0.638407,0.14586,-2.25947,0,0,0,,,
60.192,odom,map,0.635653,0.142453,-2.24175,0,0,0,,,
60.192,kf,map,0.564808,0.201025,-2.2408,0.0410585,0.041598,9.89149e-05,0.11125,,
60.228,odom,map,0.632932,0.138962,-2.22391,0,0,0,,,
60.192,ekf,map,0.564594,0.206307,-2.24452,0.0420971,0.0420593,-1.45381e-05,0.111167,,
60.192,ekf_predict_only,map,0.60194,0.219139,-2.14579,73.2196,103.017,4.89909,,,
60.192,pf,map,0.525703,0.202366,-2.25878,0.0379442,0.0410711,-0.00214457,6.82446,167.213,0
60.264,odom,map,0.630206,0.135331,-2.20602,0,0,0,,,
60.3,odom,map,0.627348,0.131378,-2.18796,0,0,0,,,
60.336,odom,map,0.624387,0.127124,-2.1698,0,0,0,,,
60.372,odom,map,0.621439,0.12272,-2.15162,0,0,0,,,
60.408,odom,map,0.618504,0.118159,-2.13347,0,0,0,,,
60.408,ekf_predict_only,map,0.584199,0.191762,-2.03688,74.1293,102.527,5.20151,,,
60.408,kf,map,0.53947,0.178147,-2.13871,0.0416775,0.0416924,2.7356e-06,0.064875,,
60.408,ekf,map,0.539255,0.178983,-2.13946,0.0430736,0.0430732,-1.54663e-06,0.060208,,
60.408,pf,map,0.510649,0.174905,-2.15565,0.0394788,0.044204,0.00197961,4.73104,169.003,0
60.444,odom,map,0.615573,0.113415,-2.11528,0,0,0,,,
60.48,odom,map,0.612711,0.10859,-2.09708,0,0,0,,,
60.516,odom,map,0.60986,0.103576,-2.07887,0,0,0,,,
60.552,odom,map,0.606968,0.0982699,-2.06072,0,0,0,,,
60.588,odom,map,0.604012,0.0926014,-2.04272,0,0,0,,,
60.624,odom,map,0.601095,0.0867579,-2.02477,0,0,0,,,
60.588,ekf_predict_only,map,0.569524,0.16259,-1.94713,75.128,102.168,5.5557,,,
60.588,kf,map,0.523478,0.152786,-2.04926,0.0416152,0.0416156,7.69271e-08,0.060167,,
60.6,amcl,map,0.590005,0.0987731,-2.06848,0.016423,0.0131443,0.00871783,,,
60.588,ekf,map,0.523486,0.152968,-2.04938,0.0427296,0.0427288,-5.01356e-07,0.112666,,
60.588,pf,map,0.464493,0.171832,-2.07168,0.044032,0.0464418,0.000212316,8.25079,170.372,0
60.66,odom,map,0.59823,0.0807505,-2.00702,0,0,0,,,
60.696,odom,map,0.595374,0.0744806,-1.98957,0,0,0,,,
60.732,odom,map,0.592478,0.0678191,-1.97251,0,0,0,,,
60.768,odom,map,0.589686,0.0610884,-1.95547,0,0,0,,,
60.804,odom,map,0.587009,0.0542928,-1.93887,0,0,0,,,
60.804,kf,map,0.505927,0.114697,-1.94587,0.0416929,0.0416929,2.12344e-09,0.103375,,
60.804,ekf_predict_only,map,0.553172,0.12121,-1.84699,76.5365,101.759,6.08768,,,
60.804,ekf,map,0.50603,0.114768,-1.94578,0.0430958,0.0430942,-7.79544e-07,0.164916,,
60.804,pf,map,0.494536,0.138937,-1.95283,0.0467657,0.0405841,0.00186917,8.2675,159.626,0
60.84,odom,map,0.584772,0.0480943,-1.92689,0,0,0,,,
60.876,odom,map,0.582475,0.0416964,-1.91508,0,0,0,,,
60.912,odom,map,0.580099,0.0350387,-1.90367,0,0,0,,,
60.948,odom,map,0.577595,0.0279806,-1.8932,0,0,0,,,
60.984,odom,map,0.574971,0.0205738,-1.88471,0,0,0,,,
60.984,kf,map,0.492686,0.0762101,-1.87098,0.0416156,0.0416156,5.97096e-11,0.075334,,
61.02,odom,map,0.572311,0.0125801,-1.87411,0,0,0,,,
60.984,ekf,map,0.492793,0.0762817,-1.87064,0.0427345,0.0427328,-8.37418e-07,0.200458,,
60.984,ekf_predict_only,map,0.54116,0.0788275,-1.78397,78.0664,101.521,6.67304,,,
60.984,pf,map,0.466414,0.0800901,-1.88884,0.042617,0.0432793,0.000246761,5.83654,170.047,0
61.056,odom,map,0.569704,0.00406625,-1.86204,0,0,0,,,
61.092,odom,map,0.56715,-0.00463194,-1.85106,0,0,0,,,
61.128,odom,map,0.564656,-0.0134639,-1.84109,0,0,0,,,
61.164,odom,map,0.562246,-0.0223295,-1.83126,0,0,0,,,
61.2,odom,map,0.559899,-0.0313049,-1.82211,0,0,0,,,
61.2,kf,map,0.478667,0.0240637,-1.80714,0.0416929,0.0416929,1.64818e-12,0.06225,,
61.2,ekf_predict_only,map,0.52949,0.0249159,-1.73595,80.0935,101.302,7.44298,,,
61.2,ekf,map,0.478783,0.0240844,-1.80656,0.0431006,0.0430977,-1.25602e-06,0.1805,,
61.2,amcl,map,0.552002,-0.0128973,-1.84173,0.0148531,0.01637,0.00787388,,,
61.2,pf,map,0.435754,0.0371682,-1.80838,0.0394272,0.0439193,0.00162691,9.28283,154.13,0
61.236,odom,map,0.557644,-0.0402437,-1.81381,0,0,0,,,
61.272,odom,map,0.555469,-0.0491656,-1.80623,0,0,0,,,
61.308,odom,map,0.55336,-0.0580958,-1.79921,0,0,0,,,
61.344,odom,map,0.551312,-0.0670473,-1.7924,0,0,0,,,
61.38,odom,map,0.549335,-0.0759536,-1.78618,0,0,0,,,
61.416,odom,map,0.546211,-0.0845341,-1.78115,0,0,0,,,
61.416,ekf_predict_only,map,0.520531,-0.0288326,-1.7034,82.2665,101.185,8.22881,,,
61.416,kf,map,0.467332,-0.0294616,-1.76453,0.041695,0.041695,4.54718e-14,0.060667,,
61.416,ekf,map,0.467414,-0.0294818,-1.76411,0.0431188,0.0431154,-1.27674e-06,0.056667,,
61.416,pf,map,0.434244,-0.022265,-1.76693,0.0417718,0.0335523,0.000493814,4.47363,169.849,0
61.452,odom,map,0.54122,-0.0926541,-1.777,0,0,0,,,
61.488,odom,map,0.536217,-0.100933,-1.77321,0,0,0,,,
61.524,odom,map,0.531235,-0.109194,-1.77,0,0,0,,,
61.56,odom,map,0.526277,-0.117388,-1.7674,0,0,0,,,
61.596,odom,map,0.521329,-0.125571,-1.76499,0,0,0,,,
61.632,odom,map,0.519225,-0.134463,-1.76171,0,0,0,,,
61.596,ekf,map,0.459327,-0.0746085,-1.74113,0.04272,0.0427169,-9.73211e-07,0.059458,,
61.596,ekf_predict_only,map,0.514478,-0.0742131,-1.68708,84.2505,101.173,8.9032,,,
61.596,kf,map,0.459284,-0.0745979,-1.74137,0.0416157,0.0416157,1.27862e-15,0.054584,,
61.596,pf,map,0.43854,-0.0767138,-1.74678,0.0453756,0.0394803,0.002476,5.65258,177.626,0
61.668,odom,map,0.517518,-0.143372,-1.75873,0,0,0,,,
61.704,odom,map,0.515852,-0.152189,-1.75616,0,0,0,,,
61.74,odom,map,0.514209,-0.161009,-1.75402,0,0,0,,,
61.776,odom,map,0.51258,-0.16984,-1.75233,0,0,0,,,
61.812,odom,map,0.510987,-0.17856,-1.75084,0,0,0,,,
61.812,ekf_predict_only,map,0.508339,-0.126766,-1.67818,86.6522,101.16,9.68492,,,
61.812,kf,map,0.450706,-0.127749,-1.72683,0.0416929,0.0416929,3.52939e-17,0.086209,,
61.812,ekf,map,0.450735,-0.127785,-1.72661,0.0430831,0.0430788,-1.13639e-06,0.092,,
61.812,pf,map,0.431866,-0.118269,-1.73816,0.0520579,0.043912,0.000232042,4.85267,160.918,0
61.848,odom,map,0.509414,-0.187237,-1.74936,0,0,0,,,
61.884,odom,map,0.507883,-0.19575,-1.74823,0,0,0,,,
61.92,odom,map,0.506387,-0.204111,-1.74739,0,0,0,,,
61.956,odom,map,0.504906,-0.212429,-1.74662,0,0,0,,,
61.992,odom,map,0.503459,-0.220589,-1.74617,0,0,0,,,
62.028,odom,map,0.502919,-0.226505,-1.74776,0,0,0,,,
61.992,ekf_predict_only,map,0.504089,-0.166196,-1.67812,88.6001,101.214,10.2683,,,
61.992,ekf,map,0.444361,-0.169691,-1.72183,0.0427272,0.0427237,-8.09412e-07,0.065541,,
61.992,kf,map,0.444356,-0.169614,-1.72199,0.0416156,0.0416156,9.92439e-19,0.064333,,
61.992,pf,map,0.423373,-0.179109,-1.73949,0.0453037,0.0441908,0.00036551,5.79546,165.767,0
62.064,odom,map,0.502764,-0.231123,-1.75005,0,0,0,,,
62.1,odom,map,0.502794,-0.234471,-1.75235,0,0,0,,,
62.136,odom,map,0.503021,-0.236541,-1.75464,0,0,0,,,
62.172,odom,map,0.503453,-0.237334,-1.75693,0,0,0,,,
62.208,odom,map,0.503864,-0.237454,-1.75871,0,0,0,,,
62.208,ekf_predict_only,map,0.504089,-0.166196,-1.67812,88.8001,101.414,10.2683,,,
62.208,kf,map,0.440301,-0.196653,-1.72114,0.0416929,0.0416929,2.73946e-20,0.124333,,
62.208,ekf,map,0.440166,-0.197569,-1.72109,0.0430932,0.0430899,-7.32768e-07,0.05775,,
62.208,pf,map,0.411137,-0.188059,-1.72483,0.0384753,0.0475529,0.00120739,4.38854,172.566,0
62.244,odom,map,0.503683,-0.238402,-1.75871,0,0,0,,,
62.28,odom,map,0.503676,-0.238441,-1.75871,0,0,0,,,
62.316,odom,map,0.503676,-0.238441,-1.75871,0,0,0,,,
62.352,odom,map,0.503676,-0.238441,-1.75871,0,0,0,,,
62.388,odom,map,0.503676,-0.238441,-1.75871,0,0,0,,,
62.424,odom,map,0.503676,-0.238441,-1.75871,0,0,0,,,
62.388,ekf_predict_only,map,0.504089,-0.166196,-1.67812,89.0001,101.614,10.2683,,,
62.388,kf,map,0.439504,-0.201964,-1.721,0.0416156,0.0416156,7.70315e-22,0.107292,,
62.388,ekf,map,0.439463,-0.202239,-1.72098,0.0427322,0.0427303,-4.07849e-07,0.055834,,
62.388,pf,map,0.402993,-0.195249,-1.73874,0.0414791,0.0513056,0.00355735,6.55792,161.624,0
62.46,odom,map,0.503676,-0.238441,-1.75871,0,0,0,,,
62.496,odom,map,0.503676,-0.238441,-1.75871,0,0,0,,,
62.532,odom,map,0.503676,-0.238441,-1.75871,0,0,0,,,
62.568,odom,map,0.503676,-0.238441,-1.75871,0,0,0,,,
62.604,odom,map,0.503676,-0.238441,-1.75871,0,0,0,,,
62.604,ekf_predict_only,map,0.504089,-0.166196,-1.67812,89.2001,101.814,10.2683,,,
62.604,ekf,map,0.43936,-0.202924,-1.72097,0.043097,0.0430955,-3.38206e-07,0.0605,,
62.604,kf,map,0.43937,-0.202856,-1.72097,0.0416929,0.0416929,2.12632e-23,0.620458,,
62.604,pf,map,0.398913,-0.199416,-1.72511,0.043719,0.0401358,0.000390123,4.58833,169.157,0
62.64,odom,map,0.503676,-0.238441,-1.75871,0,0,0,,,
62.676,odom,map,0.503676,-0.238441,-1.75871,0,0,0,,,
62.712,odom,map,0.503676,-0.238441,-1.75871,0,0,0,,,
62.748,odom,map,0.503641,-0.238626,-1.75909,0,0,0,,,
62.784,odom,map,0.503454,-0.239599,-1.761,0,0,0,,,
62.82,odom,map,0.503199,-0.240913,-1.76354,0,0,0,,,
62.784,kf,map,0.438982,-0.205413,-1.72552,0.0416156,0.0416156,5.97905e-25,0.07,,
62.784,ekf,map,0.439007,-0.205262,-1.72522,0.0427343,0.0427334,-1.89222e-07,0.061625,,
62.784,ekf_predict_only,map,0.503159,-0.174828,-1.69388,89.7937,101.983,10.3948,,,
62.784,pf,map,0.395009,-0.210038,-1.74795,0.0407933,0.0419769,8.79443e-05,4.8185,173.288,0
62.856,odom,map,0.502781,-0.243034,-1.76742,0,0,0,,,
62.892,odom,map,0.502298,-0.245431,-1.77167,0,0,0,,,
62.928,odom,map,0.501739,-0.248143,-1.77657,0,0,0,,,
62.964,odom,map,0.50093,-0.251957,-1.78321,0,0,0,,,
63,odom,map,0.499956,-0.256392,-1.79083,0,0,0,,,
63,kf,map,0.436013,-0.223217,-1.75655,0.0416929,0.0416929,1.65041e-26,0.116917,,
63,ekf,map,0.436078,-0.222842,-1.75592,0.0430991,0.043098,-2.05911e-07,0.103875,,
63,ekf_predict_only,map,0.499634,-0.203315,-1.74228,91.3215,102.062,10.7986,,,
63,pf,map,0.408117,-0.220052,-1.77779,0.0465001,0.0422318,0.00125222,5.23912,160.009,0
63.036,odom,map,0.498893,-0.261057,-1.7989,0,0,0,,,
63.072,odom,map,0.497701,-0.266088,-1.8077,0,0,0,,,
63.108,odom,map,0.496282,-0.271839,-1.81784,0,0,0,,,
63.144,odom,map,0.494651,-0.278157,-1.82879,0,0,0,,,
63.18,odom,map,0.492909,-0.284617,-1.83982,0,0,0,,,
63.216,odom,map,0.491025,-0.291301,-1.85134,0,0,0,,,
63.216,ekf_predict_only,map,0.492281,-0.245778,-1.81406,93.5823,102.014,11.3381,,,
63.216,ekf,map,0.428632,-0.257557,-1.81553,0.043117,0.0431155,-2.8661e-07,0.109792,,
63.216,kf,map,0.428589,-0.257868,-1.81604,0.041695,0.041695,4.55334e-28,0.057042,,
63.201,amcl,map,0.478637,-0.281829,-1.85501,0.0188843,0.0242529,0.00624877,,,
63.216,pf,map,0.406528,-0.251194,-1.82662,0.0468155,0.0451698,0.000989016,8.01621,165.158,0
63.252,odom,map,0.488901,-0.298502,-1.8638,0,0,0,,,
63.288,odom,map,0.486644,-0.305814,-1.87645,0,0,0,,,
63.324,odom,map,0.484261,-0.313202,-1.88938,0,0,0,,,
63.36,odom,map,0.481662,-0.320905,-1.90302,0,0,0,,,
63.396,odom,map,0.478884,-0.328776,-1.91699,0,0,0,,,
63.432,odom,map,0.475988,-0.336632,-1.93099,0,0,0,,,
63.396,ekf_predict_only,map,0.482197,-0.286409,-1.88406,95.8458,101.877,11.7594,,,
63.396,ekf,map,0.418058,-0.294814,-1.88016,0.0427186,0.0427169,-3.83647e-07,0.062375,,
63.396,kf,map,0.418053,-0.294951,-1.88038,0.0416157,0.0416157,1.28035e-29,0.1165,,
63.396,pf,map,0.396126,-0.28295,-1.89394,0.0365881,0.0378685,0.00048813,5.50883,159.136,0
63.468,odom,map,0.472932,-0.344574,-1.9453,0,0,0,,,
63.504,odom,map,0.469746,-0.352509,-1.96007,0,0,0,,,
63.54,odom,map,0.466425,-0.360434,-1.97517,0,0,0,,,
63.576,odom,map,0.462977,-0.368325,-1.99038,0,0,0,,,
63.612,odom,map,0.459379,-0.376227,-2.00579,0,0,0,,,
63.612,ekf_predict_only,map,0.4661,-0.336103,-1.97689,98.6921,101.552,12.1415,,,
63.612,kf,map,0.400586,-0.342778,-1.9689,0.0416929,0.0416929,3.53418e-31,0.061125,,
63.612,ekf,map,0.400542,-0.342697,-1.96873,0.0430817,0.0430789,-7.67376e-07,0.097667,,
63.612,pf,map,0.355667,-0.34625,-1.98307,0.0355417,0.0407136,0.00120389,5.314,164.703,0
63.648,odom,map,0.455635,-0.384122,-2.02147,0,0,0,,,
63.684,odom,map,0.451732,-0.392025,-2.03748,0,0,0,,,
63.72,odom,map,0.447686,-0.399899,-2.05363,0,0,0,,,
63.756,odom,map,0.443546,-0.407643,-2.06985,0,0,0,,,
63.792,odom,map,0.439269,-0.415339,-2.08622,0,0,0,,,
63.792,ekf_predict_only,map,0.448681,-0.376612,-2.0588,101.149,101.2,12.2985,,,
63.828,odom,map,0.43486,-0.422976,-2.1026,0,0,0,,,
63.792,kf,map,0.427452,-0.370168,-2.02307,0.0239938,0.0403339,-0.0047525,0.196042,,
63.792,ekf,map,0.422451,-0.34906,-2.03287,0.0232563,0.0259803,-0.00079995,0.103084,,
63.801,amcl,map,0.430001,-0.418607,-2.08878,0.0199256,0.0231696,0.00497197,,,
63.792,pf,map,0.403124,-0.362378,-2.03837,0.0211721,0.0183423,-0.000791583,13.4406,492.773,0
63.864,odom,map,0.430333,-0.430528,-2.11901,0,0,0,,,
63.9,odom,map,0.425664,-0.438034,-2.13542,0,0,0,,,
63.936,odom,map,0.420922,-0.445388,-2.15169,0,0,0,,,
63.972,odom,map,0.416073,-0.452645,-2.16793,0,0,0,,,
64.008,odom,map,0.410646,-0.459361,-2.18439,0,0,0,,,
64.008,kf,map,0.411196,-0.411506,-2.12507,0.0241081,0.040153,-0.00520301,0.110542,,
64.008,ekf,map,0.406622,-0.39527,-2.13335,0.0232866,0.0264858,-0.00103485,0.1545,,
64.008,ekf_predict_only,map,0.424938,-0.42134,-2.15366,103.946,100.674,12.2931,,,
64.008,pf,map,0.378245,-0.389889,-2.15325,0.0215293,0.0243241,-5.30817e-05,6.62433,512.043,0
64.044,odom,map,0.403111,-0.464897,-2.20175,0,0,0,,,
64.08,odom,map,0.395504,-0.470258,-2.21915,0,0,0,,,
64.116,odom,map,0.387787,-0.475495,-2.23657,0,0,0,,,
64.152,odom,map,0.38007,-0.480475,-2.2536,0,0,0,,,
64.188,odom,map,0.372303,-0.485274,-2.27052,0,0,0,,,
64.224,odom,map,0.36613,-0.490864,-2.28631,0,0,0,,,
64.188,kf,map,0.388856,-0.443679,-2.21047,0.024253,0.0399023,-0.00545375,0.131417,,
64.188,ekf_predict_only,map,0.402824,-0.454884,-2.22912,106.166,100.226,12.1189,,,
64.188,ekf,map,0.385573,-0.433122,-2.21593,0.0232283,0.026627,-0.00118074,0.094708,,
64.188,pf,map,0.351371,-0.419106,-2.22343,0.0228216,0.0216487,0.000845973,6.95312,481.104,0
64.26,odom,map,0.360813,-0.496889,-2.30141,0,0,0,,,
64.296,odom,map,0.355475,-0.502757,-2.31628,0,0,0,,,
64.332,odom,map,0.350154,-0.508438,-2.33078,0,0,0,,,
64.368,odom,map,0.344802,-0.513989,-2.34504,0,0,0,,,
64.404,odom,map,0.339514,-0.519322,-2.359,0,0,0,,,
64.404,ekf_predict_only,map,0.37624,-0.489255,-2.30945,108.501,99.6821,11.7741,,,
64.404,kf,map,0.357801,-0.478754,-2.29931,0.0244624,0.0397972,-0.00571493,0.129875,,
64.404,ekf,map,0.354628,-0.469431,-2.30398,0.0234493,0.0272467,-0.00141349,0.141834,,
64.401,amcl,map,0.349863,-0.517557,-2.35961,0.0245825,0.0284347,0.00872378,,,
64.404,pf,map,0.335406,-0.468476,-2.3138,0.0213411,0.0313703,0.00121399,6.12292,564.091,0
64.44,odom,map,0.334313,-0.524424,-2.3725,0,0,0,,,
64.476,odom,map,0.329154,-0.529352,-2.38575,0,0,0,,,
64.512,odom,map,0.323959,-0.534184,-2.39896,0,0,0,,,
64.548,odom,map,0.318843,-0.53882,-2.41186,0,0,0,,,
64.584,odom,map,0.313882,-0.543202,-2.42437,0,0,0,,,
64.62,odom,map,0.309728,-0.54839,-2.43571,0,0,0,,,
64.584,ekf_predict_only,map,0.354433,-0.513203,-2.37115,110.226,99.3015,11.3982,,,
64.584,kf,map,0.332251,-0.503411,-2.37902,0.0245457,0.0396096,-0.00585151,0.102375,,
64.584,ekf,map,0.332714,-0.504954,-2.37876,0.023386,0.0273583,-0.00153992,0.230334,,
64.584,pf,map,0.283603,-0.510527,-2.37995,0.0184927,0.0217214,0.00164677,9.37621,554.516,0
64.656,odom,map,0.306242,-0.554207,-2.44606,0,0,0,,,
64.692,odom,map,0.302878,-0.559848,-2.45611,0,0,0,,,
64.728,odom,map,0.299848,-0.565149,-2.46526,0,0,0,,,
64.764,odom,map,0.29778,-0.569632,-2.47187,0,0,0,,,
64.8,odom,map,0.296712,-0.573298,-2.47588,0,0,0,,,
64.8,ekf_predict_only,map,0.354433,-0.513203,-2.37115,110.426,99.5015,11.3982,,,
64.8,kf,map,0.312758,-0.520674,-2.43346,0.0246539,0.0396058,-0.00596328,0.288041,,
64.8,ekf,map,0.313242,-0.523402,-2.433,0.023572,0.0278118,-0.00168911,0.11225,,
64.8,pf,map,0.284689,-0.502266,-2.46976,0.0251127,0.0287073,-0.00525841,5.95204,512.923,0
64.836,odom,map,0.295346,-0.574446,-2.47905,0,0,0,,,
64.872,odom,map,0.294955,-0.574751,-2.47976,0,0,0,,,
64.908,odom,map,0.294955,-0.574751,-2.47976,0,0,0,,,
64.944,odom,map,0.294955,-0.574751,-2.47976,0,0,0,,,
64.98,odom,map,0.294955,-0.574751,-2.47976,0,0,0,,,
65.016,ekf_predict_only,map,0.354433,-0.513203,-2.37115,110.626,99.7015,11.3982,,,
65.016,odom,map,0.294955,-0.574751,-2.47976,0,0,0,,,
65.016,ekf,map,0.312515,-0.518946,-2.43852,0.0235853,0.0278706,-0.00172057,0.11075,,
65.016,kf,map,0.313851,-0.522656,-2.43685,0.0246722,0.0395899,-0.0059862,0.093209,,
65.016,pf,map,0.289464,-0.492229,-2.45531,0.0204357,0.0256871,-0.00174015,11.1927,543.028,0
65.052,odom,map,0.294955,-0.574751,-2.47976,0,0,0,,,
65.088,odom,map,0.294955,-0.574751,-2.47976,0,0,0,,,
65.124,odom,map,0.294955,-0.574751,-2.47976,0,0,0,,,
65.16,odom,map,0.294955,-0.574751,-2.47976,0,0,0,,,
65.196,odom,map,0.294955,-0.574751,-2.47976,0,0,0,,,
65.196,ekf_predict_only,map,0.354433,-0.513203,-2.37115,110.826,99.9015,11.3982,,,
65.196,kf,map,0.311488,-0.523866,-2.4369,0.0246421,0.0395134,-0.00597358,0.152458,,
65.232,odom,map,0.295322,-0.572957,-2.48164,0,0,0,,,
65.196,ekf,map,0.309764,-0.51908,-2.43911,0.0234441,0.0276401,-0.00168259,0.090542,,
65.196,pf,map,0.301754,-0.536843,-2.43382,0.0249833,0.0253067,-0.00181548,13.7167,495.501,0
65.268,odom,map,0.295725,-0.570937,-2.48375,0,0,0,,,
65.304,odom,map,0.296119,-0.568918,-2.48586,0,0,0,,,
65.34,odom,map,0.296502,-0.566897,-2.48797,0,0,0,,,
65.376,odom,map,0.296876,-0.564876,-2.49008,0,0,0,,,
65.412,odom,map,0.297129,-0.563472,-2.49155,0,0,0,,,
65.412,ekf_predict_only,map,0.354433,-0.513203,-2.37115,111.026,100.101,11.3982,,,
65.412,ekf,map,0.313127,-0.51777,-2.43919,0.023578,0.0278558,-0.00171503,0.106291,,
65.412,kf,map,0.314815,-0.522757,-2.43688,0.0246752,0.0395846,-0.00598989,0.193041,,
65.412,pf,map,0.294789,-0.513018,-2.46482,0.0138393,0.0248481,0.00173996,6.08688,489.352,0
65.448,odom,map,0.297129,-0.563472,-2.49155,0,0,0,,,
65.484,odom,map,0.297129,-0.563472,-2.49155,0,0,0,,,
65.52,odom,map,0.297129,-0.563472,-2.49155,0,0,0,,,
65.556,odom,map,0.297129,-0.563472,-2.49155,0,0,0,,,
65.592,odom,map,0.297129,-0.563472,-2.49155,0,0,0,,,
65.592,kf,map,0.316094,-0.522316,-2.43687,0.0246427,0.0395127,-0.00597425,0.10375,,
65.628,odom,map,0.297129,-0.563472,-2.49155,0,0,0,,,
65.592,ekf_predict_only,map,0.354433,-0.513203,-2.37115,111.226,100.301,11.3982,,,
65.592,ekf,map,0.314364,-0.517319,-2.4392,0.0234469,0.0276432,-0.00168213,0.649083,,
65.592,pf,map,0.276523,-0.495716,-2.4564,0.017674,0.0259324,0.000850982,13.6258,514.005,0
65.664,odom,map,0.297129,-0.563472,-2.49155,0,0,0,,,
65.7,odom,map,0.296871,-0.563668,-2.49169,0,0,0,,,
65.736,odom,map,0.295651,-0.564595,-2.49202,0,0,0,,,
65.772,odom,map,0.294126,-0.565753,-2.49239,0,0,0,,,
65.808,odom,map,0.292413,-0.567052,-2.49319,0,0,0,,,
65.808,kf,map,0.304634,-0.528967,-2.4425,0.0246937,0.0395661,-0.0060128,0.101666,,
65.808,ekf_predict_only,map,0.344632,-0.522715,-2.37715,112.041,100.249,11.2038,,,
65.808,ekf,map,0.303763,-0.526509,-2.4437,0.0235958,0.0279229,-0.00174674,0.108584,,
65.808,pf,map,0.291184,-0.52483,-2.43526,0.0215092,0.0285759,0.00278086,9.2615,548.199,0
65.844,odom,map,0.290354,-0.56861,-2.49461,0,0,0,,,
65.88,odom,map,0.288124,-0.570292,-2.49624,0,0,0,,,
65.916,odom,map,0.285736,-0.572086,-2.49843,0,0,0,,,
65.952,odom,map,0.283095,-0.57406,-2.50115,0,0,0,,,
65.988,odom,map,0.280295,-0.576139,-2.50442,0,0,0,,,
66.024,odom,map,0.277455,-0.578234,-2.50803,0,0,0,,,
65.988,kf,map,0.297561,-0.536569,-2.4563,0.024697,0.0394584,-0.00604124,0.101125,,
65.988,ekf_predict_only,map,0.331897,-0.534926,-2.39521,113.039,100.13,10.9414,,,
65.988,ekf,map,0.29733,-0.535614,-2.45673,0.0234946,0.027854,-0.00178397,0.82075,,
65.988,pf,map,0.271553,-0.519753,-2.47506,0.0232338,0.0299156,-0.00142943,8.93212,516.511,0
66.06,odom,map,0.274435,-0.580443,-2.51222,0,0,0,,,
66.096,odom,map,0.271341,-0.582684,-2.51711,0,0,0,,,
66.132,odom,map,0.268429,-0.584772,-2.52275,0,0,0,,,
66.168,odom,map,0.265826,-0.586613,-2.52918,0,0,0,,,
66.204,odom,map,0.263056,-0.588545,-2.53583,0,0,0,,,
66.204,ekf_predict_only,map,0.316245,-0.549402,-2.43933,114.194,99.9495,10.6004,,,
66.204,kf,map,0.282085,-0.548946,-2.48207,0.0247782,0.0394815,-0.00611589,0.185792,,
66.204,ekf,map,0.279956,-0.54296,-2.48445,0.0236697,0.0282466,-0.00190552,0.134,,
66.204,pf,map,0.256706,-0.547389,-2.48108,0.0176327,0.0178456,0.000168784,8.03875,556.833,0
66.24,odom,map,0.260133,-0.590554,-2.54305,0,0,0,,,
66.276,odom,map,0.257342,-0.592443,-2.55078,0,0,0,,,
66.312,odom,map,0.254864,-0.594089,-2.55949,0,0,0,,,
66.348,odom,map,0.252518,-0.595619,-2.56865,0,0,0,,,
66.384,odom,map,0.250355,-0.597,-2.57862,0,0,0,,,
66.42,odom,map,0.248239,-0.598319,-2.5896,0,0,0,,,
66.384,ekf,map,0.268424,-0.565334,-2.53858,0.023561,0.0281608,-0.00192996,0.109625,,
66.402,amcl,map,0.251347,-0.600149,-2.58079,0.0285629,0.023941,0.00679255,,,
66.384,kf,map,0.266197,-0.558955,-2.54118,0.0247757,0.0393797,-0.0061361,0.163667,,
66.384,ekf_predict_only,map,0.30673,-0.557453,-2.49591,114.931,99.9253,10.378,,,
66.384,pf,map,0.266759,-0.576799,-2.5475,0.0173811,0.0166169,-0.0013273,9.90188,562.448,0
66.456,odom,map,0.246109,-0.599614,-2.60092,0,0,0,,,
66.492,odom,map,0.24388,-0.600934,-2.61279,0,0,0,,,
66.528,odom,map,0.241598,-0.602249,-2.62545,0,0,0,,,
66.564,odom,map,0.239202,-0.603587,-2.63943,0,0,0,,,
66.6,odom,map,0.236779,-0.604895,-2.65358,0,0,0,,,
66.6,ekf,map,0.248771,-0.567595,-2.60659,0.0237314,0.0285286,-0.00204049,0.118334,,
66.6,ekf_predict_only,map,0.29242,-0.568235,-2.58441,115.856,99.7979,10.0204,,,
66.6,kf,map,0.249307,-0.568925,-2.60643,0.0248355,0.0394243,-0.00618406,0.449708,,
66.6,pf,map,0.249153,-0.547848,-2.62629,0.0234011,0.0275267,0.00198351,9.8775,452.032,0
66.636,odom,map,0.234228,-0.606225,-2.66804,0,0,0,,,
66.672,odom,map,0.231526,-0.607584,-2.68302,0,0,0,,,
66.708,odom,map,0.228755,-0.608926,-2.69851,0,0,0,,,
66.744,odom,map,0.225804,-0.610298,-2.71411,0,0,0,,,
66.78,odom,map,0.222561,-0.611744,-2.73006,0,0,0,,,
66.816,kf,map,0.232192,-0.578107,-2.69933,0.0248563,0.0394059,-0.00620855,0.094167,,
66.816,odom,map,0.219013,-0.613257,-2.74632,0,0,0,,,
66.816,ekf,map,0.232227,-0.57798,-2.69932,0.023762,0.0287317,-0.00212111,0.103375,,
66.816,ekf_predict_only,map,0.272044,-0.58093,-2.68247,116.918,99.5521,9.46746,,,
66.816,pf,map,0.215254,-0.571896,-2.71497,0.0265419,0.0258135,-0.000835281,7.04792,564.893,0
66.852,odom,map,0.215308,-0.614768,-2.76266,0,0,0,,,
66.888,odom,map,0.211374,-0.616296,-2.77921,0,0,0,,,
66.924,odom,map,0.207178,-0.617846,-2.79591,0,0,0,,,
66.96,odom,map,0.202725,-0.619408,-2.81274,0,0,0,,,
66.996,odom,map,0.198148,-0.620927,-2.82961,0,0,0,,,
67.032,odom,map,0.193357,-0.622427,-2.84649,0,0,0,,,
66.996,ekf_predict_only,map,0.249119,-0.592263,-2.76693,117.895,99.2793,8.79805,,,
67.002,amcl,map,0.184851,-0.635734,-2.82129,0.034423,0.0214579,0.00698604,,,
66.996,kf,map,0.208799,-0.587745,-2.79067,0.0248299,0.0393256,-0.00620002,0.107292,,
66.996,ekf,map,0.211213,-0.594255,-2.78803,0.0236505,0.0286986,-0.00215978,0.093,,
66.996,pf,map,0.134368,-0.622931,-2.78492,0.0386386,0.0457307,0.00550492,7.19271,169.278,0
67.068,odom,map,0.188246,-0.623933,-2.86338,0,0,0,,,
67.104,odom,map,0.183046,-0.625371,-2.88026,0,0,0,,,
67.14,odom,map,0.177546,-0.626792,-2.89696,0,0,0,,,
67.176,odom,map,0.171746,-0.628188,-2.91357,0,0,0,,,
67.212,ekf_predict_only,map,0.213539,-0.606254,-2.86423,119.066,98.8061,7.69699,,,
67.212,odom,map,0.165783,-0.629698,-2.92975,0,0,0,,,
67.212,ekf,map,0.131003,-0.615949,-2.88251,0.0425305,0.0426756,-6.22021e-05,0.056625,,
67.212,kf,map,0.131993,-0.614471,-2.88304,0.0411982,0.0416254,-0.000182723,0.061083,,
67.212,pf,map,0.100468,-0.63442,-2.90407,0.0410319,0.0373896,-0.00322361,7.32967,159.547,0
67.248,odom,map,0.159932,-0.631487,-2.94537,0,0,0,,,
67.284,odom,map,0.153881,-0.633215,-2.96089,0,0,0,,,
67.32,odom,map,0.14741,-0.634918,-2.97632,0,0,0,,,
67.356,odom,map,0.140487,-0.636589,-2.99153,0,0,0,,,
67.392,odom,map,0.133457,-0.638167,-3.00668,0,0,0,,,
67.392,kf,map,0.0899763,-0.624885,-2.96148,0.0416017,0.0416137,-5.14773e-06,0.057292,,
67.428,odom,map,0.12583,-0.6393,-3.02193,0,0,0,,,
67.392,ekf,map,0.0897327,-0.625108,-2.96145,0.0427136,0.0427188,-2.0809e-06,0.057625,,
67.392,ekf_predict_only,map,0.175433,-0.617103,-2.9409,120.026,98.367,6.45316,,,
67.392,pf,map,0.054544,-0.624282,-2.97675,0.0434881,0.0402688,-0.00549923,8.95629,170.184,0
67.464,odom,map,0.117752,-0.640209,-3.03702,0,0,0,,,
67.5,odom,map,0.109428,-0.64102,-3.05172,0,0,0,,,
67.536,odom,map,0.100833,-0.641732,-3.06604,0,0,0,,,
67.572,odom,map,0.0919507,-0.642341,-3.08008,0,0,0,,,
67.608,odom,map,0.0829589,-0.642832,-3.09392,0,0,0,,,
67.608,ekf_predict_only,map,0.121348,-0.628106,-3.0211,121.003,97.8059,4.61875,,,
67.608,kf,map,0.0383417,-0.632227,-3.04799,0.0416925,0.0416928,-1.42102e-07,0.112,,
67.608,ekf,map,0.0383955,-0.632163,-3.0482,0.0430885,0.0430905,-4.07928e-07,0.057583,,
67.602,amcl,map,0.0717161,-0.663282,-3.07883,0.0295224,0.0179015,0.00396601,,,
67.608,pf,map,0.010545,-0.626615,-3.04702,0.0433843,0.0501625,-0.000108139,5.49025,166.895,0
67.644,odom,map,0.0737815,-0.643208,-3.10733,0,0,0,,,
67.68,odom,map,0.0643131,-0.643471,-3.12006,0,0,0,,,
67.716,odom,map,0.0547396,-0.643617,-3.13252,0,0,0,,,
67.752,odom,map,0.0448136,-0.643648,3.13886,0,0,0,,,
67.788,odom,map,0.0346163,-0.643562,3.12777,0,0,0,,,
67.788,ekf_predict_only,map,0.0703378,-0.634282,-3.0748,121.643,97.4455,2.8367,,,
67.788,kf,map,-0.00996357,-0.635014,-3.10922,0.0416156,0.0416156,-3.9958e-09,0.060333,,
67.824,odom,map,0.0226921,-0.644883,3.11792,0,0,0,,,
67.788,ekf,map,-0.00988074,-0.634938,-3.10946,0.0427291,0.0427316,-3.66626e-07,0.054042,,
67.788,pf,map,-0.0599072,-0.649037,-3.12127,0.0384284,0.0380996,0.00136638,6.55412,173.362,0
67.86,odom,map,0.00958605,-0.64697,3.10907,0,0,0,,,
67.896,odom,map,-0.00378899,-0.648971,3.10095,0,0,0,,,
67.932,odom,map,-0.0172319,-0.650902,3.09359,0,0,0,,,
67.968,odom,map,-0.0306669,-0.65277,3.08655,0,0,0,,,
68.004,odom,map,-0.0441563,-0.654431,3.08009,0,0,0,,,
68.004,kf,map,-0.0742972,-0.635086,3.12023,0.0416929,0.0416929,-1.10297e-10,0.064083,,
68.004,ekf,map,-0.0741921,-0.634974,3.11964,0.0430943,0.043099,-4.48755e-07,0.056083,,
68.004,ekf_predict_only,map,0.00329535,-0.638767,-3.1121,122.164,97.1422,0.456263,,,
68.004,pf,map,-0.0926709,-0.641236,3.09528,0.039114,0.0359796,0.00183765,6.43783,174.116,0
68.04,odom,map,-0.0553622,-0.653707,3.07449,0,0,0,,,
68.076,odom,map,-0.0666584,-0.652923,3.07042,0,0,0,,,
68.112,odom,map,-0.0780401,-0.652094,3.06728,0,0,0,,,
68.148,odom,map,-0.0894215,-0.651231,3.06492,0,0,0,,,
68.184,odom,map,-0.100819,-0.650349,3.06409,0,0,0,,,
68.22,odom,map,-0.112222,-0.649462,3.06385,0,0,0,,,
68.184,ekf_predict_only,map,-0.0538661,-0.640453,-3.11332,122.485,97.1231,-1.58967,,,
68.184,kf,map,-0.130671,-0.632876,3.10399,0.0416156,0.0416156,-3.10147e-12,0.061083,,
68.184,ekf,map,-0.130633,-0.632804,3.1035,0.0427327,0.0427375,-2.44253e-07,0.057417,,
68.184,pf,map,-0.146143,-0.642898,3.09392,0.0385144,0.0379312,0.00069321,4.7255,184.771,0
68.256,odom,map,-0.123618,-0.648576,3.06443,0,0,0,,,
68.292,odom,map,-0.135043,-0.6477,3.06598,0,0,0,,,
68.328,odom,map,-0.146566,-0.646842,3.06881,0,0,0,,,
68.364,odom,map,-0.158149,-0.646019,3.07254,0,0,0,,,
68.4,odom,map,-0.169691,-0.645244,3.07679,0,0,0,,,
68.4,ekf_predict_only,map,-0.123269,-0.642416,-3.07897,122.826,97.3176,-4.08134,,,
68.4,kf,map,-0.199611,-0.630139,3.11776,0.0416929,0.0416929,-8.56108e-14,0.058833,,
68.4,ekf,map,-0.199589,-0.630084,3.117,0.0430975,0.0431044,-1.1607e-07,0.060417,,
68.4,pf,map,-0.217038,-0.633953,3.10741,0.0400944,0.0369724,0.00442599,4.82875,147.214,0
68.436,odom,map,-0.18094,-0.646091,3.08307,0,0,0,,,
68.472,odom,map,-0.192191,-0.647067,3.08968,0,0,0,,,
68.508,odom,map,-0.203375,-0.648136,3.09686,0,0,0,,,
68.544,odom,map,-0.214565,-0.649304,3.10533,0,0,0,,,
68.58,odom,map,-0.225667,-0.650588,3.11454,0,0,0,,,
68.616,odom,map,-0.236832,-0.651345,3.12375,0,0,0,,,
68.616,ekf_predict_only,map,-0.191224,-0.646676,-3.027,123.332,97.7902,-6.53599,,,
68.616,ekf,map,-0.268302,-0.629313,-3.1257,0.0431151,0.0431225,3.737e-10,0.128958,,
68.616,kf,map,-0.268285,-0.629319,-3.1252,0.041695,0.041695,-2.36193e-15,0.056833,,
68.601,amcl,map,-0.219059,-0.654157,3.1304,0.0399122,0.022284,-0.0042147,,,
68.616,pf,map,-0.304085,-0.613772,-3.13282,0.0394644,0.042425,0.000892373,9.81038,176.219,0
68.652,odom,map,-0.248104,-0.651193,3.13277,0,0,0,,,
68.688,odom,map,-0.259214,-0.65115,-3.14025,0,0,0,,,
68.724,odom,map,-0.270039,-0.651224,-3.12908,0,0,0,,,
68.76,odom,map,-0.280816,-0.65142,-3.11778,0,0,0,,,
68.796,odom,map,-0.291515,-0.651737,-3.10597,0,0,0,,,
68.796,ekf_predict_only,map,-0.24315,-0.652653,-2.96171,123.965,98.3843,-8.43568,,,
68.796,ekf,map,-0.322687,-0.631384,-3.07208,0.0427166,0.0427226,7.90812e-12,0.099875,,
68.796,kf,map,-0.322629,-0.631374,-3.0717,0.0416157,0.0416157,-6.64146e-17,0.452333,,
68.832,odom,map,-0.302004,-0.652177,-3.09311,0,0,0,,,
68.796,pf,map,-0.362174,-0.631359,-3.07698,0.0393597,0.0403247,0.000992418,5.01783,167.386,0
68.868,odom,map,-0.312441,-0.652752,-3.08005,0,0,0,,,
68.904,odom,map,-0.322732,-0.653454,-3.06672,0,0,0,,,
68.94,odom,map,-0.332549,-0.654259,-3.05244,0,0,0,,,
68.976,odom,map,-0.342,-0.655174,-3.03743,0,0,0,,,
69.012,odom,map,-0.35129,-0.656217,-3.02216,0,0,0,,,
69.012,kf,map,-0.381975,-0.637549,-2.98857,0.0416929,0.0416929,-1.83326e-18,0.059291,,
69.012,ekf_predict_only,map,-0.298338,-0.662689,-2.8701,124.895,99.1804,-10.4981,,,
69.012,ekf,map,-0.382096,-0.637612,-2.98891,0.0430785,0.0430857,-9.75657e-08,0.055417,,
69.012,pf,map,-0.43301,-0.612161,-3.00347,0.0389793,0.0480597,-0.00287669,4.817,147.824,0
69.048,odom,map,-0.360332,-0.657372,-3.00654,0,0,0,,,
69.084,odom,map,-0.369014,-0.658622,-2.99043,0,0,0,,,
69.12,odom,map,-0.377357,-0.659964,-2.97361,0,0,0,,,
69.156,odom,map,-0.385626,-0.661438,-2.95663,0,0,0,,,
69.192,odom,map,-0.393678,-0.663016,-2.93935,0,0,0,,,
69.192,kf,map,-0.423901,-0.645674,-2.90607,0.0416156,0.0416156,-5.15499e-20,0.061167,,
69.228,odom,map,-0.401356,-0.66466,-2.92167,0,0,0,,,
69.192,ekf,map,-0.424039,-0.645737,-2.9063,0.0427236,0.0427286,-1.82014e-07,0.06,,
69.192,ekf_predict_only,map,-0.334857,-0.672855,-2.7807,125.841,99.8756,-11.907,,,
69.201,amcl,map,-0.370253,-0.691211,-2.91805,0.0364959,0.0250839,-0.00705644,,,
69.192,pf,map,-0.463442,-0.643578,-2.92299,0.041052,0.0411023,0.00169327,7.20129,161.68,0
69.264,odom,map,-0.40874,-0.66638,-2.90379,0,0,0,,,
69.3,odom,map,-0.415942,-0.668194,-2.88572,0,0,0,,,
69.336,odom,map,-0.422827,-0.670063,-2.86714,0,0,0,,,
69.372,odom,map,-0.429351,-0.671965,-2.84818,0,0,0,,,
69.408,odom,map,-0.435109,-0.674123,-2.82867,0,0,0,,,
69.408,ekf_predict_only,map,-0.371851,-0.686817,-2.6661,127.076,100.659,-13.388,,,
69.408,ekf,map,-0.406505,-0.644798,-2.80109,0.0240361,0.0337267,-0.00307205,0.113583,,
69.408,kf,map,-0.408571,-0.641222,-2.80213,0.0242089,0.0402191,-0.0050762,0.125333,,
69.408,pf,map,-0.424365,-0.5902,-2.82732,0.0218922,0.0321664,-0.00385107,7.492,515.32,0
69.444,odom,map,-0.438814,-0.677032,-2.80762,0,0,0,,,
69.48,odom,map,-0.442213,-0.679985,-2.78637,0,0,0,,,
69.516,odom,map,-0.445394,-0.683005,-2.76501,0,0,0,,,
69.552,odom,map,-0.448345,-0.686077,-2.74336,0,0,0,,,
69.588,odom,map,-0.450834,-0.689095,-2.72137,0,0,0,,,
69.624,odom,map,-0.454537,-0.691521,-2.70044,0,0,0,,,
69.588,ekf_predict_only,map,-0.39386,-0.698149,-2.5646,128.124,101.246,-14.3115,,,
69.588,kf,map,-0.435751,-0.652392,-2.69301,0.0240379,0.0401192,-0.00512876,0.177916,,
69.588,ekf,map,-0.436779,-0.648797,-2.69396,0.0237686,0.033527,-0.00311589,0.115375,,
69.6,amcl,map,-0.42255,-0.71046,-2.70718,0.03284,0.0255143,-0.00942111,,,
69.588,pf,map,-0.474641,-0.633369,-2.70397,0.0237559,0.0249807,-0.000393444,6.47179,603.99,0
69.66,odom,map,-0.458992,-0.693681,-2.68014,0,0,0,,,
69.696,odom,map,-0.463174,-0.695812,-2.65977,0,0,0,,,
69.732,odom,map,-0.466949,-0.697835,-2.63921,0,0,0,,,
69.768,odom,map,-0.470423,-0.69979,-2.61868,0,0,0,,,
69.804,odom,map,-0.473795,-0.70178,-2.59815,0,0,0,,,
69.804,kf,map,-0.45898,-0.664971,-2.57423,0.0240917,0.0401681,-0.00518051,0.117625,,
69.804,ekf_predict_only,map,-0.412152,-0.710055,-2.44015,129.224,101.789,-15.1146,,,
69.804,ekf,map,-0.459384,-0.66387,-2.57467,0.0239268,0.0339166,-0.00321642,0.179667,,
69.804,pf,map,-0.496796,-0.652207,-2.58617,0.0250747,0.031971,-0.00141024,6.79733,533.321,0
69.84,odom,map,-0.476945,-0.703727,-2.57745,0,0,0,,,
69.876,odom,map,-0.47983,-0.705594,-2.55664,0,0,0,,,
69.912,odom,map,-0.482375,-0.707316,-2.53584,0,0,0,,,
69.948,odom,map,-0.48466,-0.708934,-2.51505,0,0,0,,,
69.984,odom,map,-0.486793,-0.710511,-2.49431,0,0,0,,,
70.02,odom,map,-0.487485,-0.714404,-2.47296,0,0,0,,,
69.984,ekf_predict_only,map,-0.421395,-0.717863,-2.33667,130.019,102.171,-15.5433,,,
69.984,ekf,map,-0.476194,-0.672423,-2.46936,0.023813,0.0337054,-0.00321685,0.109333,,
69.984,kf,map,-0.47533,-0.674973,-2.4686,0.0240824,0.0400731,-0.00520055,0.214333,,
70.002,amcl,map,-0.446135,-0.737484,-2.45957,0.03066,0.0217131,-0.00598661,,,
69.984,pf,map,-0.475687,-0.655379,-2.4769,0.0215182,0.0359414,-0.00551856,7.89321,535.982,0
70.056,odom,map,-0.487131,-0.720244,-2.45108,0,0,0,,,
70.092,odom,map,-0.486463,-0.725888,-2.42931,0,0,0,,,
70.128,odom,map,-0.485551,-0.731377,-2.40748,0,0,0,,,
70.164,odom,map,-0.484472,-0.736765,-2.38575,0,0,0,,,
70.2,odom,map,-0.483271,-0.742084,-2.3641,0,0,0,,,
70.2,ekf_predict_only,map,-0.425923,-0.722572,-2.21411,130.58,102.461,-15.7638,,,
70.2,kf,map,-0.488341,-0.683737,-2.34437,0.0241341,0.0401257,-0.00524581,0.192333,,
70.2,ekf,map,-0.489406,-0.680773,-2.34527,0.0239652,0.0340143,-0.00329487,0.108583,,
70.2,pf,map,-0.50792,-0.686326,-2.34639,0.0197625,0.0297161,-0.00422232,5.78029,587.811,0
70.236,odom,map,-0.484082,-0.74308,-2.34363,0,0,0,,,
70.272,odom,map,-0.484719,-0.743746,-2.32355,0,0,0,,,
70.308,odom,map,-0.485327,-0.744408,-2.30353,0,0,0,,,
70.344,odom,map,-0.485817,-0.744963,-2.28379,0,0,0,,,
70.38,odom,map,-0.486119,-0.745319,-2.26433,0,0,0,,,
70.416,odom,map,-0.485137,-0.745308,-2.24484,0,0,0,,,
70.416,ekf_predict_only,map,-0.426937,-0.723923,-2.09705,130.883,102.682,-15.8164,,,
70.416,ekf,map,-0.48773,-0.684844,-2.22858,0.0239736,0.0340411,-0.00331513,0.098959,,
70.416,kf,map,-0.4874,-0.686007,-2.2282,0.0241454,0.0401167,-0.00526292,0.198708,,
70.401,amcl,map,-0.449539,-0.750987,-2.23398,0.0294706,0.01944,-0.00426527,,,
70.416,pf,map,-0.515112,-0.647474,-2.24381,0.0200777,0.0364104,-0.00348094,8.23567,557.778,0
70.452,odom,map,-0.482287,-0.744891,-2.2253,0,0,0,,,
70.488,odom,map,-0.479243,-0.744225,-2.20612,0,0,0,,,
70.524,odom,map,-0.476094,-0.743413,-2.1871,0,0,0,,,
70.56,odom,map,-0.472807,-0.742396,-2.16842,0,0,0,,,
70.596,odom,map,-0.469505,-0.741341,-2.14981,0,0,0,,,
70.632,odom,map,-0.468857,-0.740782,-2.13151,0,0,0,,,
70.596,ekf_predict_only,map,-0.425441,-0.721349,-2.00586,130.886,102.852,-15.733,,,
70.596,ekf,map,-0.489775,-0.680207,-2.12851,0.0238299,0.0337401,-0.00326173,0.132334,,
70.596,kf,map,-0.488094,-0.685677,-2.12698,0.0241118,0.0400437,-0.00524548,0.0955,,
70.596,pf,map,-0.511409,-0.673679,-2.13686,0.0224706,0.0336128,-0.00383499,7.82354,562.499,0
70.668,odom,map,-0.468524,-0.740241,-2.1135,0,0,0,,,
70.704,odom,map,-0.46817,-0.739642,-2.09587,0,0,0,,,
70.74,odom,map,-0.467816,-0.739019,-2.07837,0,0,0,,,
70.776,odom,map,-0.467457,-0.738358,-2.06108,0,0,0,,,
70.812,odom,map,-0.466417,-0.738034,-2.04316,0,0,0,,,
70.812,ekf_predict_only,map,-0.423673,-0.717545,-1.90473,130.795,103.016,-15.6271,,,
70.812,kf,map,-0.491104,-0.683868,-2.02218,0.0241317,0.0401281,-0.00524214,0.183916,,
70.812,ekf,map,-0.492679,-0.678946,-2.02365,0.0239553,0.0340044,-0.0032877,0.6535,,
70.8,amcl,map,-0.454355,-0.757881,-2.03408,0.024498,0.0189142,-0.00159815,,,
70.812,pf,map,-0.521709,-0.65293,-2.02711,0.0238676,0.0391213,-0.00369647,8.93246,580.93,0
70.848,odom,map,-0.463792,-0.738408,-2.02343,0,0,0,,,
70.884,odom,map,-0.461188,-0.738752,-2.00386,0,0,0,,,
70.92,odom,map,-0.458589,-0.739032,-1.98467,0,0,0,,,
70.956,odom,map,-0.455991,-0.73923,-1.96586,0,0,0,,,
70.992,odom,map,-0.453385,-0.739317,-1.94759,0,0,0,,,
70.992,ekf_predict_only,map,-0.421992,-0.712698,-1.82948,130.625,103.183,-15.5146,,,
71.028,odom,map,-0.452401,-0.738645,-1.93166,0,0,0,,,
70.992,ekf,map,-0.496256,-0.673636,-1.94044,0.0238135,0.0337404,-0.00322856,0.101,,
70.992,kf,map,-0.493892,-0.681305,-1.93821,0.0240864,0.040069,-0.00520675,0.105583,,
70.992,pf,map,-0.512872,-0.708103,-1.93368,0.022987,0.0287399,-0.00252501,6.03279,543.979,0
71.064,odom,map,-0.452028,-0.737635,-1.91688,0,0,0,,,
71.1,odom,map,-0.451822,-0.737054,-1.90333,0,0,0,,,
71.136,odom,map,-0.451822,-0.737054,-1.89237,0,0,0,,,
71.172,odom,map,-0.451822,-0.737054,-1.88399,0,0,0,,,
71.208,odom,map,-0.45153,-0.737182,-1.87815,0,0,0,,,
71.208,kf,map,-0.489127,-0.678129,-1.87279,0.02411,0.0401497,-0.00520895,0.154834,,
71.208,ekf,map,-0.492545,-0.666255,-1.87558,0.0239456,0.0340133,-0.00326647,0.178416,,
71.208,ekf_predict_only,map,-0.421992,-0.712698,-1.82948,130.825,103.383,-15.5146,,,
71.208,pf,map,-0.483747,-0.683268,-1.88189,0.0218016,0.0311104,-0.00101643,6.57988,590.324,0
71.244,odom,map,-0.450217,-0.737755,-1.87474,0,0,0,,,
71.28,odom,map,-0.448904,-0.738329,-1.87383,0,0,0,,,
71.316,odom,map,-0.447591,-0.738902,-1.87362,0,0,0,,,
71.352,odom,map,-0.446278,-0.739476,-1.8734,0,0,0,,,
71.388,odom,map,-0.444965,-0.740049,-1.87318,0,0,0,,,
71.424,odom,map,-0.444491,-0.740256,-1.8731,0,0,0,,,
71.388,kf,map,-0.492789,-0.678926,-1.86788,0.0240776,0.0400778,-0.00519327,0.0995,,
71.388,ekf_predict_only,map,-0.421992,-0.712698,-1.82948,131.025,103.583,-15.5146,,,
71.388,ekf,map,-0.494926,-0.671851,-1.87004,0.0238072,0.0337479,-0.0032157,0.093708,,
71.388,pf,map,-0.534637,-0.668228,-1.87508,0.0256846,0.0353334,-0.00225361,9.612,541.111,0
71.46,odom,map,-0.444491,-0.740256,-1.8731,0,0,0,,,
71.496,odom,map,-0.444491,-0.740256,-1.8731,0,0,0,,,
71.532,odom,map,-0.444491,-0.740256,-1.8731,0,0,0,,,
71.568,odom,map,-0.444491,-0.740256,-1.8731,0,0,0,,,
71.604,odom,map,-0.444638,-0.740608,-1.87304,0,0,0,,,
71.604,ekf_predict_only,map,-0.425774,-0.726992,-1.82848,132.319,103.858,-15.8027,,,
71.604,kf,map,-0.490329,-0.680428,-1.86689,0.0241179,0.0401419,-0.00522103,0.131166,,
71.604,ekf,map,-0.492149,-0.673655,-1.86899,0.0239517,0.0340229,-0.00327529,0.101,,
71.604,pf,map,-0.513802,-0.675745,-1.86608,0.0233732,0.0347036,-0.00360891,6.552,590.834,0
71.64,odom,map,-0.44636,-0.743993,-1.87344,0,0,0,,,
71.676,odom,map,-0.448471,-0.748614,-1.87378,0,0,0,,,
71.712,odom,map,-0.450796,-0.753911,-1.87409,0,0,0,,,
71.748,odom,map,-0.453271,-0.759673,-1.87466,0,0,0,,,
71.784,odom,map,-0.455981,-0.766161,-1.87558,0,0,0,,,
71.82,odom,map,-0.458312,-0.772611,-1.8763,0,0,0,,,
71.784,kf,map,-0.489863,-0.694451,-1.86314,0.0241455,0.0400099,-0.00529641,0.104375,,
71.784,ekf,map,-0.492424,-0.685291,-1.86588,0.0238596,0.0337649,-0.00330426,0.085083,,
71.784,ekf_predict_only,map,-0.433545,-0.756479,-1.83074,134.817,104.217,-16.4065,,,
71.784,pf,map,-0.518491,-0.671621,-1.87522,0.0240839,0.0301657,-0.00442852,5.88046,587.517,0
71.856,odom,map,-0.460147,-0.778427,-1.87675,0,0,0,,,
71.892,odom,map,-0.462128,-0.784692,-1.87712,0,0,0,,,
71.928,odom,map,-0.46423,-0.791334,-1.87745,0,0,0,,,
71.964,odom,map,-0.466564,-0.798705,-1.87748,0,0,0,,,
72,odom,map,-0.468979,-0.806334,-1.87735,0,0,0,,,
72,ekf_predict_only,map,-0.445885,-0.802878,-1.82998,138.743,104.677,-17.3905,,,
72,ekf,map,-0.508356,-0.726003,-1.86806,0.0240994,0.0340543,-0.00351908,0.097333,,
72,pf,map,-0.532683,-0.701782,-1.88735,0.0213049,0.0322198,-0.00460975,6.93158,589.495,0
72,kf,map,-0.505907,-0.733208,-1.86588,0.0243207,0.039939,-0.00551969,3.78392,,
72.036,odom,map,-0.471496,-0.81429,-1.87693,0,0,0,,,
72.072,odom,map,-0.474176,-0.822779,-1.87624,0,0,0,,,
72.108,odom,map,-0.476937,-0.831547,-1.87547,0,0,0,,,
72.144,odom,map,-0.479774,-0.840582,-1.87458,0,0,0,,,
72.18,odom,map,-0.482798,-0.850248,-1.87324,0,0,0,,,
72.216,odom,map,-0.48593,-0.860315,-1.87161,0,0,0,,,
72.216,kf,map,-0.524185,-0.786583,-1.86328,0.0245294,0.0397326,-0.00580366,0.111542,,
72.216,ekf_predict_only,map,-0.462284,-0.864727,-1.81983,144.122,105.237,-18.7562,,,
72.216,ekf,map,-0.525949,-0.781241,-1.86503,0.024251,0.0340904,-0.00375795,0.108333,,
72.216,pf,map,-0.551414,-0.769884,-1.87115,0.0241382,0.0285754,-0.00346551,10.0765,600.952,0
72.252,odom,map,-0.489081,-0.870503,-1.86992,0,0,0,,,
72.288,odom,map,-0.492263,-0.880854,-1.8681,0,0,0,,,
72.324,odom,map,-0.49556,-0.891657,-1.86577,0,0,0,,,
72.36,odom,map,-0.498933,-0.902819,-1.86271,0,0,0,,,
72.396,odom,map,-0.502284,-0.914034,-1.85959,0,0,0,,,
72.432,odom,map,-0.505652,-0.925437,-1.85625,0,0,0,,,
72.396,ekf,map,-0.540402,-0.834373,-1.85469,0.0242594,0.0338081,-0.00392552,0.197917,,
72.396,ekf_predict_only,map,-0.476969,-0.922469,-1.80298,149.375,105.774,-20.0612,,,
72.396,kf,map,-0.539092,-0.838205,-1.85344,0.0247071,0.0394483,-0.00605344,0.09925,,
72.396,pf,map,-0.571797,-0.84071,-1.86076,0.0232863,0.0293189,-0.00301162,8.46721,582.436,0
72.468,odom,map,-0.509053,-0.937103,-1.85287,0,0,0,,,
72.504,odom,map,-0.512451,-0.948902,-1.84948,0,0,0,,,
72.54,odom,map,-0.515819,-0.960754,-1.84574,0,0,0,,,
72.576,odom,map,-0.519174,-0.97274,-1.84176,0,0,0,,,
72.612,odom,map,-0.522443,-0.984611,-1.83709,0,0,0,,,
72.612,ekf_predict_only,map,-0.493926,-0.994187,-1.77405,156.147,106.38,-21.6969,,,
72.612,kf,map,-0.560484,-0.907403,-1.8307,0.0250246,0.0392349,-0.00640033,0.109334,,
72.612,ekf,map,-0.561914,-0.903678,-1.8319,0.0246165,0.0340707,-0.00426691,0.168958,,
72.612,pf,map,-0.583016,-0.880945,-1.8443,0.0225769,0.0338,-0.00270772,9.23458,599.341,0
72.648,odom,map,-0.525647,-0.996469,-1.83227,0,0,0,,,
72.684,odom,map,-0.528791,-1.00834,-1.82716,0,0,0,,,
72.72,odom,map,-0.531838,-1.0201,-1.8214,0,0,0,,,
72.756,odom,map,-0.534809,-1.03185,-1.81552,0,0,0,,,
72.792,odom,map,-0.5377,-1.04357,-1.80952,0,0,0,,,
72.828,odom,map,-0.540505,-1.05525,-1.80327,0,0,0,,,
72.792,ekf_predict_only,map,-0.506029,-1.05291,-1.74238,161.971,106.881,-23.0069,,,
72.792,ekf,map,-0.583986,-0.963996,-1.80441,0.0246609,0.0337888,-0.0044419,0.101083,,
72.792,kf,map,-0.582385,-0.967685,-1.80325,0.0252372,0.0389181,-0.00664656,0.177958,,
72.801,amcl,map,-0.536159,-1.01819,-1.80995,0.0330271,0.0353801,-0.00184289,,,
72.792,pf,map,-0.602236,-0.937078,-1.81323,0.024181,0.0325496,-0.00451764,13.7979,612.042,0
72.864,odom,map,-0.54322,-1.06689,-1.79685,0,0,0,,,
72.9,odom,map,-0.545855,-1.07852,-1.79037,0,0,0,,,
72.936,odom,map,-0.548399,-1.09009,-1.78395,0,0,0,,,
72.972,odom,map,-0.550847,-1.10158,-1.77727,0,0,0,,,
73.008,odom,map,-0.553201,-1.11301,-1.77059,0,0,0,,,
73.008,ekf_predict_only,map,-0.517927,-1.12157,-1.70243,169.028,107.386,-24.4814,,,
73.008,kf,map,-0.595916,-1.035,-1.75831,0.0255698,0.0386897,-0.00695805,0.097917,,
73.008,ekf,map,-0.599099,-1.02753,-1.7604,0.0250406,0.0340165,-0.00476998,0.174833,,
73.008,pf,map,-0.605005,-1.00098,-1.76451,0.0219804,0.0362317,-0.00670581,6.53625,572.096,0
73.044,odom,map,-0.555468,-1.12441,-1.76393,0,0,0,,,
73.08,odom,map,-0.55767,-1.13587,-1.75724,0,0,0,,,
73.116,odom,map,-0.559816,-1.14745,-1.75105,0,0,0,,,
73.152,odom,map,-0.561934,-1.15921,-1.74722,0,0,0,,,
73.188,odom,map,-0.564023,-1.17103,-1.74423,0,0,0,,,
73.188,ekf_predict_only,map,-0.525847,-1.18139,-1.69195,175.448,107.794,-25.6792,,,
73.188,kf,map,-0.606623,-1.09244,-1.73799,0.0257945,0.0383607,-0.00717575,0.129708,,
73.224,odom,map,-0.566087,-1.18291,-1.74179,0,0,0,,,
73.188,ekf,map,-0.609027,-1.08707,-1.7395,0.0250909,0.0336979,-0.00491967,0.097917,,
73.188,pf,map,-0.611965,-1.0537,-1.7478,0.0207732,0.0292305,-0.00321818,8.40367,575.108,0
73.26,odom,map,-0.568147,-1.1949,-1.74047,0,0,0,,,
73.296,odom,map,-0.570203,-1.20691,-1.74042,0,0,0,,,
73.332,odom,map,-0.572262,-1.21891,-1.741,0,0,0,,,
73.368,odom,map,-0.574313,-1.23082,-1.742,0,0,0,,,
73.404,odom,map,-0.576371,-1.24266,-1.74387,0,0,0,,,
73.404,ekf_predict_only,map,-0.534562,-1.25297,-1.70693,183.393,108.228,-27.1103,,,
73.404,kf,map,-0.629593,-1.16786,-1.74107,0.0261513,0.0381083,-0.0074636,0.1085,,
73.404,ekf,map,-0.631444,-1.16449,-1.74197,0.025501,0.0338817,-0.00524146,0.184083,,
73.404,pf,map,-0.656815,-1.14757,-1.7603,0.027378,0.0292747,-0.00337253,5.86675,576.288,0
73.44,odom,map,-0.578455,-1.25449,-1.74637,0,0,0,,,
73.476,odom,map,-0.580557,-1.26625,-1.74928,0,0,0,,,
73.512,odom,map,-0.582679,-1.27789,-1.75336,0,0,0,,,
73.548,odom,map,-0.584819,-1.28932,-1.75851,0,0,0,,,
73.584,odom,map,-0.586987,-1.30056,-1.76421,0,0,0,,,
73.62,odom,map,-0.589038,-1.3089,-1.77036,0,0,0,,,
73.584,ekf,map,-0.632256,-1.2199,-1.76568,0.0255561,0.0335571,-0.00537164,0.200333,,
73.584,ekf_predict_only,map,-0.542288,-1.30937,-1.7367,189.929,108.639,-28.3154,,,
73.584,kf,map,-0.631991,-1.22065,-1.76549,0.026374,0.0377813,-0.00764444,0.103959,,
73.602,amcl,map,-0.584787,-1.26298,-1.76775,0.0526804,0.0378756,-0.0113034,,,
73.584,pf,map,-0.658473,-1.19422,-1.77551,0.0225811,0.0289166,-0.00465927,6.46904,572.38,0
73.656,odom,map,-0.590996,-1.31482,-1.77716,0,0,0,,,
73.692,odom,map,-0.592996,-1.32051,-1.78532,0,0,0,,,
73.728,odom,map,-0.595087,-1.32616,-1.79386,0,0,0,,,
73.764,odom,map,-0.597261,-1.33172,-1.80291,0,0,0,,,
73.8,odom,map,-0.599529,-1.33723,-1.81274,0,0,0,,,
73.8,ekf_predict_only,map,-0.553071,-1.37377,-1.79752,197.616,109.141,-29.842,,,
73.8,ekf,map,-0.680485,-1.3029,-1.81388,0.0426195,0.0428312,-0.00016522,0.098709,,
73.8,kf,map,-0.679341,-1.30228,-1.81429,0.0412437,0.0415799,-0.000225292,0.0685,,
73.8,pf,map,-0.704814,-1.27748,-1.82013,0.0437293,0.0358138,0.00180978,4.60942,177.172,0
73.836,odom,map,-0.602187,-1.34765,-1.82314,0,0,0,,,
73.872,odom,map,-0.604966,-1.3582,-1.83378,0,0,0,,,
73.908,odom,map,-0.60785,-1.36869,-1.84473,0,0,0,,,
73.944,odom,map,-0.610829,-1.37906,-1.8564,0,0,0,,,
73.98,odom,map,-0.613922,-1.38936,-1.86857,0,0,0,,,
74.016,odom,map,-0.617094,-1.39947,-1.88101,0,0,0,,,
74.016,ekf_predict_only,map,-0.567234,-1.43517,-1.87313,205.203,109.748,-31.5768,,,
74.016,ekf,map,-0.70312,-1.36787,-1.88118,0.043112,0.0431114,-4.25395e-06,0.064084,,
74.016,kf,map,-0.702698,-1.36763,-1.88152,0.0416826,0.0416919,-6.22723e-06,0.083333,,
74.016,pf,map,-0.746391,-1.36101,-1.88095,0.041893,0.0381267,0.00235127,5.11746,175.519,0
74.052,odom,map,-0.620324,-1.40933,-1.89415,0,0,0,,,
74.088,odom,map,-0.62365,-1.41904,-1.90786,0,0,0,,,
74.124,odom,map,-0.627103,-1.42867,-1.92175,0,0,0,,,
74.16,odom,map,-0.630653,-1.43816,-1.93582,0,0,0,,,
74.196,odom,map,-0.634236,-1.44734,-1.95038,0,0,0,,,
74.196,kf,map,-0.720668,-1.41564,-1.95063,0.0416153,0.0416156,-1.75112e-07,0.063125,,
74.232,odom,map,-0.637818,-1.45613,-1.96544,0,0,0,,,
74.196,ekf,map,-0.720816,-1.41577,-1.9504,0.0427187,0.0427162,-3.65822e-07,0.15675,,
74.196,ekf_predict_only,map,-0.581122,-1.47969,-1.94925,210.915,110.36,-33.0968,,,
74.196,pf,map,-0.771873,-1.38963,-1.95869,0.0445224,0.0402428,6.34961e-05,6.40229,177.063,0
74.268,odom,map,-0.64147,-1.46472,-1.98066,0,0,0,,,
74.304,odom,map,-0.645181,-1.47308,-1.99623,0,0,0,,,
74.34,odom,map,-0.648942,-1.48121,-2.01228,0,0,0,,,
74.376,odom,map,-0.652732,-1.48906,-2.02876,0,0,0,,,
74.412,odom,map,-0.656452,-1.49586,-2.04529,0,0,0,,,
74.412,kf,map,-0.742999,-1.46526,-2.04521,0.0416929,0.0416929,-4.83366e-09,0.070666,,
74.412,ekf_predict_only,map,-0.599978,-1.52712,-2.04886,217.127,111.14,-35.021,,,
74.412,ekf,map,-0.743125,-1.46536,-2.04501,0.0430809,0.0430779,-8.01009e-07,0.053458,,
74.4,amcl,map,-0.663305,-1.46887,-2.0602,0.0698151,0.0401485,-0.0150973,,,
74.412,pf,map,-0.794977,-1.46194,-2.06195,0.0419846,0.0359406,0.00199373,5.13783,155.624,0
74.448,odom,map,-0.659972,-1.5006,-2.06173,0,0,0,,,
74.484,odom,map,-0.663446,-1.50498,-2.07862,0,0,0,,,
74.52,odom,map,-0.666813,-1.5089,-2.09591,0,0,0,,,
74.556,odom,map,-0.670254,-1.51268,-2.11322,0,0,0,,,
74.592,odom,map,-0.673654,-1.51616,-2.13078,0,0,0,,,
74.628,odom,map,-0.677197,-1.52113,-2.14877,0,0,0,,,
74.592,kf,map,-0.761781,-1.49828,-2.13185,0.0416156,0.0416156,-1.35919e-10,0.066,,
74.592,ekf,map,-0.761902,-1.49841,-2.13171,0.0427255,0.0427233,-7.75168e-07,0.147958,,
74.592,ekf_predict_only,map,-0.614859,-1.55584,-2.13983,221.04,111.813,-36.4402,,,
74.592,pf,map,-0.8064,-1.50515,-2.14538,0.0422105,0.0419879,-0.00271362,11.4777,177.886,0
74.664,odom,map,-0.680685,-1.52637,-2.1671,0,0,0,,,
74.7,odom,map,-0.684202,-1.53145,-2.1855,0,0,0,,,
74.736,odom,map,-0.687697,-1.53631,-2.20405,0,0,0,,,
74.772,odom,map,-0.690961,-1.54067,-2.22313,0,0,0,,,
74.808,odom,map,-0.694233,-1.54487,-2.24232,0,0,0,,,
74.808,ekf_predict_only,map,-0.632068,-1.58274,-2.25501,224.767,112.58,-38.0108,,,
74.808,ekf,map,-0.782664,-1.52813,-2.24319,0.043092,0.0430898,-9.86215e-07,0.060333,,
74.802,amcl,map,-0.698392,-1.52686,-2.25097,0.0771892,0.0386686,-0.0241473,,,
74.808,kf,map,-0.782524,-1.52802,-2.24333,0.0416929,0.0416929,-3.7518e-12,0.061584,,
74.808,pf,map,-0.821798,-1.51508,-2.25228,0.0410375,0.0423091,0.00281371,6.03233,161.359,0
74.844,odom,map,-0.697475,-1.54887,-2.26146,0,0,0,,,
74.88,odom,map,-0.700533,-1.5525,-2.28071,0,0,0,,,
74.916,odom,map,-0.703419,-1.55579,-2.30002,0,0,0,,,
74.952,odom,map,-0.706282,-1.55894,-2.31935,0,0,0,,,
74.988,odom,map,-0.709082,-1.56189,-2.33874,0,0,0,,,
75.024,odom,map,-0.711628,-1.56448,-2.3582,0,0,0,,,
74.988,ekf_predict_only,map,-0.643086,-1.59625,-2.35228,226.756,113.152,-38.9689,,,
74.988,ekf,map,-0.797456,-1.54503,-2.33923,0.0427317,0.0427303,-6.83533e-07,0.14875,,
74.988,kf,map,-0.797331,-1.54492,-2.33929,0.0416156,0.0416156,-1.05498e-13,0.058791,,
74.988,pf,map,-0.844797,-1.53732,-2.33605,0.0413065,0.0398897,-0.000360374,11.4163,148.55,0
75.06,odom,map,-0.714122,-1.56692,-2.37765,0,0,0,,,
75.096,odom,map,-0.716573,-1.56922,-2.39718,0,0,0,,,
75.132,odom,map,-0.718809,-1.57124,-2.41672,0,0,0,,,
75.168,odom,map,-0.720796,-1.57297,-2.43615,0,0,0,,,
75.204,odom,map,-0.72287,-1.57448,-2.45579,0,0,0,,,
75.204,ekf_predict_only,map,-0.652987,-1.60623,-2.46777,228.286,113.694,-39.8006,,,
75.204,ekf,map,-0.811167,-1.55785,-2.45569,0.0430967,0.0430956,-6.64787e-07,0.059208,,
75.204,kf,map,-0.811018,-1.55774,-2.45567,0.0416929,0.0416929,-2.91209e-15,0.056625,,
75.201,amcl,map,-0.733523,-1.56083,-2.47535,0.0787221,0.0381711,-0.0283975,,,
75.204,pf,map,-0.862402,-1.54988,-2.44488,0.0394793,0.0431718,-0.000101815,5.50421,167.283,0
75.24,odom,map,-0.726873,-1.5738,-2.47903,0,0,0,,,
75.276,odom,map,-0.730716,-1.57288,-2.5022,0,0,0,,,
75.312,odom,map,-0.734407,-1.57175,-2.52529,0,0,0,,,
75.348,odom,map,-0.738049,-1.5705,-2.54833,0,0,0,,,
75.384,odom,map,-0.741572,-1.56908,-2.57138,0,0,0,,,
75.42,odom,map,-0.743654,-1.56874,-2.59206,0,0,0,,,
75.384,ekf_predict_only,map,-0.657556,-1.60988,-2.56163,228.973,114.054,-40.1699,,,
75.384,kf,map,-0.818851,-1.56362,-2.55126,0.0416156,0.0416156,-8.18857e-17,0.110584,,
75.384,ekf,map,-0.818962,-1.56369,-2.55131,0.0427341,0.0427335,-3.89827e-07,0.122833,,
75.384,pf,map,-0.876438,-1.54785,-2.57141,0.0394789,0.0489107,-0.00203477,6.14571,180.563,0
75.456,odom,map,-0.744454,-1.56922,-2.61071,0,0,0,,,
75.492,odom,map,-0.745226,-1.56967,-2.62935,0,0,0,,,
75.528,odom,map,-0.745934,-1.57006,-2.64767,0,0,0,,,
75.564,odom,map,-0.746461,-1.57034,-2.66567,0,0,0,,,
75.6,odom,map,-0.7468,-1.57051,-2.6836,0,0,0,,,
75.6,ekf_predict_only,map,-0.65938,-1.61107,-2.66928,229.333,114.318,-40.3129,,,
75.6,kf,map,-0.82319,-1.5663,-2.66154,0.0416929,0.0416929,-2.26031e-18,0.0715,,
75.6,ekf,map,-0.82329,-1.56635,-2.66164,0.0430986,0.0430981,-3.30995e-07,0.057875,,
75.6,amcl,map,-0.762236,-1.57333,-2.68649,0.0741015,0.0335716,-0.024914,,,
75.6,pf,map,-0.879216,-1.55173,-2.6762,0.0446625,0.0397883,-0.00184022,5.63138,163.372,0
75.636,odom,map,-0.745901,-1.56973,-2.69981,0,0,0,,,
75.672,odom,map,-0.744859,-1.56887,-2.71569,0,0,0,,,
75.708,odom,map,-0.743534,-1.56788,-2.7313,0,0,0,,,
75.744,odom,map,-0.742138,-1.56685,-2.7469,0,0,0,,,
75.78,odom,map,-0.740685,-1.56579,-2.76241,0,0,0,,,
75.816,ekf_predict_only,map,-0.657092,-1.6099,-2.77026,229.377,114.438,-40.1393,,,
75.816,kf,map,-0.823044,-1.5663,-2.76601,0.041695,0.041695,-6.236e-20,0.088167,,
75.816,odom,map,-0.73958,-1.56506,-2.77828,0,0,0,,,
75.816,ekf,map,-0.82313,-1.56635,-2.76614,0.0431159,0.0431155,-2.20741e-07,0.058791,,
75.816,pf,map,-0.866582,-1.54542,-2.79789,0.0450263,0.0401623,0.000350084,5.15463,175.737,0
75.852,odom,map,-0.739079,-1.56488,-2.79496,0,0,0,,,
75.888,odom,map,-0.738492,-1.56467,-2.81154,0,0,0,,,
75.924,odom,map,-0.737827,-1.56445,-2.82794,0,0,0,,,
75.96,odom,map,-0.737051,-1.56421,-2.84391,0,0,0,,,
75.996,odom,map,-0.736212,-1.56396,-2.85944,0,0,0,,,
75.996,ekf_predict_only,map,-0.652925,-1.60828,-2.84679,229.36,114.492,-39.8323,,,
75.996,kf,map,-0.819908,-1.56527,-2.84698,0.0416157,0.0416157,-1.75349e-21,0.0975,,
76.032,odom,map,-0.736289,-1.56435,-2.87627,0,0,0,,,
75.996,ekf,map,-0.819947,-1.56529,-2.84711,0.042717,0.0427169,-1.20544e-07,0.107958,,
75.996,pf,map,-0.893192,-1.54943,-2.87583,0.0426406,0.038476,0.000480764,10.736,161.47,0
76.068,odom,map,-0.736389,-1.56481,-2.89313,0,0,0,,,
76.104,odom,map,-0.736336,-1.56524,-2.90945,0,0,0,,,
76.14,odom,map,-0.736184,-1.56567,-2.92531,0,0,0,,,
76.176,odom,map,-0.73599,-1.56612,-2.94107,0,0,0,,,
76.212,odom,map,-0.735867,-1.56644,-2.9555,0,0,0,,,
76.212,kf,map,-0.814865,-1.56405,-2.92812,0.0416929,0.0416929,-4.84021e-23,0.073125,,
76.212,ekf,map,-0.814702,-1.56401,-2.92918,0.0430789,0.0430787,-1.00632e-07,0.062875,,
76.212,ekf_predict_only,map,-0.652925,-1.60828,-2.89654,229.56,114.692,-39.8323,,,
76.2,amcl,map,-0.766877,-1.57685,-2.96645,0.0705911,0.0320726,-0.0162778,,,
76.212,pf,map,-0.847285,-1.57894,-2.93811,0.0434075,0.0449873,0.0014888,4.65933,180.941,0
76.248,odom,map,-0.735841,-1.56643,-2.9662,0,0,0,,,
76.284,odom,map,-0.735841,-1.56643,-2.97431,0,0,0,,,
76.32,odom,map,-0.735841,-1.56643,-2.97983,0,0,0,,,
76.356,odom,map,-0.735841,-1.56643,-2.98276,0,0,0,,,
76.392,odom,map,-0.735841,-1.56643,-2.98327,0,0,0,,,
76.392,ekf_predict_only,map,-0.652925,-1.60828,-2.89654,229.76,114.892,-39.8323,,,
76.392,kf,map,-0.814008,-1.56384,-2.95644,0.0416156,0.0416156,-1.36103e-24,0.059,,
76.428,odom,map,-0.738004,-1.567,-2.9837,0,0,0,,,
76.392,ekf,map,-0.813961,-1.56383,-2.95735,0.0427237,0.0427237,-5.52755e-08,0.10075,,
76.392,pf,map,-0.8279,-1.56625,-2.964,0.0402802,0.0345143,-0.00264286,5.12471,183.115,0
76.464,odom,map,-0.740998,-1.5678,-2.9843,0,0,0,,,
76.5,odom,map,-0.744481,-1.56867,-2.98491,0,0,0,,,
76.536,odom,map,-0.749108,-1.56971,-2.98545,0,0,0,,,
76.572,odom,map,-0.754482,-1.57088,-2.98594,0,0,0,,,
76.608,odom,map,-0.759688,-1.57194,-2.98652,0,0,0,,,
76.608,ekf,map,-0.82387,-1.56563,-2.96082,0.0430899,0.0430901,-9.08559e-08,0.059292,,
76.608,ekf_predict_only,map,-0.679251,-1.61486,-2.89207,230.841,116.033,-41.7125,,,
76.608,kf,map,-0.82442,-1.56575,-2.96042,0.0416929,0.0416929,-3.75689e-26,0.064541,,
76.608,pf,map,-0.854442,-1.5188,-2.96226,0.0443961,0.0382033,-5.19425e-06,5.03875,174.29,0
76.644,odom,map,-0.763468,-1.57253,-2.98619,0,0,0,,,
76.68,odom,map,-0.768213,-1.57328,-2.98507,0,0,0,,,
76.716,odom,map,-0.773275,-1.57408,-2.98368,0,0,0,,,
76.752,odom,map,-0.778649,-1.57494,-2.98198,0,0,0,,,
76.788,odom,map,-0.784794,-1.57594,-2.97999,0,0,0,,,
76.788,ekf_predict_only,map,-0.710049,-1.62271,-2.88203,232.096,117.393,-43.9297,,,
76.788,kf,map,-0.847774,-1.57003,-2.9547,0.0416156,0.0416156,-1.05641e-27,0.115833,,
76.824,odom,map,-0.791066,-1.57696,-2.97798,0,0,0,,,
76.788,ekf,map,-0.847483,-1.56997,-2.95488,0.0427304,0.0427309,-1.4312e-07,0.059625,,
76.788,pf,map,-0.88644,-1.55323,-2.9665,0.0377985,0.0476593,0.00418907,5.08696,174.925,0
76.86,odom,map,-0.797547,-1.57804,-2.97588,0,0,0,,,
76.896,odom,map,-0.804541,-1.57922,-2.9738,0,0,0,,,
76.932,odom,map,-0.811921,-1.58048,-2.97185,0,0,0,,,
76.968,odom,map,-0.819408,-1.58177,-2.96993,0,0,0,,,
77.004,odom,map,-0.827349,-1.58318,-2.96843,0,0,0,,,
77.004,kf,map,-0.889538,-1.57813,-2.94414,0.0416929,0.0416929,-2.91603e-29,0.058375,,
77.004,ekf_predict_only,map,-0.756733,-1.63511,-2.87271,233.971,119.474,-47.3326,,,
77.004,ekf,map,-0.889306,-1.5781,-2.94412,0.0430956,0.0430972,-3.42249e-07,0.125,,
77.004,pf,map,-0.919524,-1.56941,-2.94861,0.0460978,0.0404327,-0.00180959,5.73875,163.538,0
77.04,odom,map,-0.838097,-1.58553,-2.96925,0,0,0,,,
77.076,odom,map,-0.849021,-1.58788,-2.97017,0,0,0,,,
77.112,odom,map,-0.860108,-1.59022,-2.97125,0,0,0,,,
77.148,odom,map,-0.871573,-1.59259,-2.97281,0,0,0,,,
77.184,odom,map,-0.883524,-1.595,-2.97478,0,0,0,,,
77.22,odom,map,-0.894135,-1.59694,-2.97557,0,0,0,,,
77.184,ekf_predict_only,map,-0.802847,-1.64782,-2.87179,235.898,121.678,-50.7429,,,
77.184,kf,map,-0.932093,-1.58681,-2.93993,0.0416156,0.0416156,-8.19967e-31,0.1,,
77.184,ekf,map,-0.931941,-1.58679,-2.93984,0.0427335,0.0427356,-4.4471e-07,0.309375,,
77.184,pf,map,-0.963873,-1.5593,-2.93129,0.0447704,0.0444012,-0.000540804,4.98287,156.836,0
77.256,odom,map,-0.903832,-1.59857,-2.97577,0,0,0,,,
77.292,odom,map,-0.913714,-1.60022,-2.97638,0,0,0,,,
77.328,odom,map,-0.923714,-1.60188,-2.97742,0,0,0,,,
77.364,odom,map,-0.933771,-1.60354,-2.97867,0,0,0,,,
77.4,odom,map,-0.944036,-1.60522,-2.98024,0,0,0,,,
77.4,kf,map,-0.991015,-1.59886,-2.94543,0.0416929,0.0416929,-2.26338e-32,0.065917,,
77.4,ekf,map,-0.990846,-1.59884,-2.94513,0.0430982,0.0431022,-8.36141e-07,0.058,,
77.4,ekf_predict_only,map,-0.865063,-1.66502,-2.88574,238.454,124.812,-55.4092,,,
77.4,pf,map,-1.03804,-1.58308,-2.92765,0.0385412,0.0397433,0.000107522,4.60546,179.409,0
77.436,odom,map,-0.9546,-1.60693,-2.98241,0,0,0,,,
77.472,odom,map,-0.965224,-1.60862,-2.98473,0,0,0,,,
77.508,odom,map,-0.97596,-1.61031,-2.98714,0,0,0,,,
77.544,odom,map,-0.986641,-1.61196,-2.99032,0,0,0,,,
77.58,odom,map,-0.99727,-1.61355,-2.99456,0,0,0,,,
77.616,odom,map,-1.0079,-1.6151,-2.99916,0,0,0,,,
77.616,ekf_predict_only,map,-0.927409,-1.68133,-2.91334,240.907,128.219,-60.1338,,,
77.616,kf,map,-1.05371,-1.61098,-2.96439,0.041695,0.041695,-6.24445e-34,0.06075,,
77.616,ekf,map,-1.05367,-1.61098,-2.96406,0.0431157,0.0431206,-1.0265e-06,0.059959,,
77.616,pf,map,-1.12391,-1.58146,-2.98622,0.0428476,0.040261,0.00139424,5.642,156.172,0
77.652,odom,map,-1.01848,-1.61659,-3.00435,0,0,0,,,
77.688,odom,map,-1.02908,-1.61803,-3.01023,0,0,0,,,
77.724,odom,map,-1.03965,-1.61939,-3.01681,0,0,0,,,
77.76,odom,map,-1.05021,-1.62068,-3.02376,0,0,0,,,
77.796,odom,map,-1.06069,-1.62188,-3.03106,0,0,0,,,
77.832,odom,map,-1.071,-1.62298,-3.03903,0,0,0,,,
77.796,ekf_predict_only,map,-0.977853,-1.69305,-2.95338,242.737,131.209,-63.9654,,,
77.796,kf,map,-1.10588,-1.61968,-2.99622,0.0416157,0.0416157,-1.75587e-35,0.104125,,
77.796,ekf,map,-1.10591,-1.61968,-2.99596,0.042717,0.0427214,-8.85237e-07,0.387875,,
77.802,amcl,map,-1.05282,-1.61747,-3.04703,0.0798914,0.0434602,-0.0262447,,,
77.796,pf,map,-1.15191,-1.62043,-3.01898,0.0432467,0.0465382,-0.00133307,7.48392,169.301,0
77.868,odom,map,-1.08124,-1.62399,-3.04738,0,0,0,,,
77.904,odom,map,-1.09144,-1.62491,-3.05596,0,0,0,,,
77.94,odom,map,-1.10168,-1.62575,-3.06474,0,0,0,,,
77.976,odom,map,-1.11173,-1.62647,-3.07408,0,0,0,,,
78.012,ekf_predict_only,map,-1.03707,-1.70433,-3.00997,244.514,134.908,-68.4399,,,
78.012,odom,map,-1.12175,-1.6271,-3.08352,0,0,0,,,
78.012,ekf,map,-1.16676,-1.62724,-3.04779,0.0430789,0.0430848,-1.10942e-06,0.125417,,
78.012,kf,map,-1.16672,-1.62727,-3.04799,0.0416929,0.0416929,-4.84677e-37,0.060417,,
78.012,pf,map,-1.2155,-1.61792,-3.05069,0.0347075,0.0401267,0.00129071,5.07692,167.819,0
78.048,odom,map,-1.13189,-1.62764,-3.09313,0,0,0,,,
78.084,odom,map,-1.14212,-1.62809,-3.10272,0,0,0,,,
78.12,odom,map,-1.15247,-1.62844,-3.11309,0,0,0,,,
78.156,odom,map,-1.16284,-1.62868,-3.12436,0,0,0,,,
78.192,odom,map,-1.17334,-1.6288,-3.13624,0,0,0,,,
78.228,odom,map,-1.18401,-1.62879,3.13422,0,0,0,,,
78.192,kf,map,-1.21876,-1.6309,-3.10214,0.0416156,0.0416156,-1.36288e-38,0.056875,,
78.192,ekf,map,-1.21872,-1.63087,-3.1018,0.0427238,0.0427289,-8.18901e-07,0.056708,,
78.192,ekf_predict_only,map,-1.09041,-1.71139,-3.07597,245.706,138.467,-72.4092,,,
78.192,pf,map,-1.25867,-1.61612,-3.12438,0.0411053,0.0420424,0.000121101,5.43754,180.165,0
78.264,odom,map,-1.19498,-1.62863,3.1206,0,0,0,,,
78.3,odom,map,-1.20602,-1.62833,3.10684,0,0,0,,,
78.336,odom,map,-1.21702,-1.62787,3.09264,0,0,0,,,
78.372,odom,map,-1.22812,-1.62724,3.07777,0,0,0,,,
78.408,odom,map,-1.23924,-1.62645,3.06272,0,0,0,,,
78.408,kf,map,-1.28459,-1.63114,3.0978,0.0416929,0.0416929,-3.76198e-40,0.0795,,
78.408,ekf,map,-1.28455,-1.63107,3.09808,0.04309,0.0430969,-8.49554e-07,0.076459,,
78.408,ekf_predict_only,map,-1.15716,-1.71578,3.11689,246.524,143.15,-77.2591,,,
78.408,pf,map,-1.31998,-1.61993,3.08948,0.0450263,0.0505346,0.00159846,8.88367,175.121,0
78.444,odom,map,-1.25036,-1.62548,3.04736,0,0,0,,,
78.48,odom,map,-1.26147,-1.62434,3.03162,0,0,0,,,
78.516,odom,map,-1.27251,-1.62304,3.01574,0,0,0,,,
78.552,odom,map,-1.28351,-1.62155,2.99985,0,0,0,,,
78.588,odom,map,-1.29437,-1.61992,2.98367,0,0,0,,,
78.624,odom,map,-1.30401,-1.61719,2.96567,0,0,0,,,
78.588,kf,map,-1.33959,-1.62659,3.01947,0.0416156,0.0416156,-1.05784e-41,0.060541,,
78.588,ekf_predict_only,map,-1.21157,-1.71443,3.03511,246.535,147.232,-81.0467,,,
78.588,ekf,map,-1.3396,-1.62653,3.0196,0.0427304,0.0427362,-4.42252e-07,0.499708,,
78.6,amcl,map,-1.31026,-1.61482,2.96674,0.0810873,0.0526302,-0.0341348,,,
78.588,pf,map,-1.38288,-1.63078,3.01134,0.0397818,0.036415,0.00187795,7.27354,176.239,0
78.66,odom,map,-1.31295,-1.61373,2.94668,0,0,0,,,
78.696,odom,map,-1.32186,-1.61003,2.9277,0,0,0,,,
78.732,odom,map,-1.33063,-1.60611,2.90861,0,0,0,,,
78.768,odom,map,-1.33932,-1.60196,2.8893,0,0,0,,,
78.804,odom,map,-1.34806,-1.59766,2.87035,0,0,0,,,
78.804,ekf_predict_only,map,-1.27578,-1.70757,2.93644,245.769,152.279,-85.3049,,,
78.804,kf,map,-1.4037,-1.61573,2.92136,0.0416929,0.0416929,-2.91999e-43,0.064417,,
78.804,ekf,map,-1.4037,-1.61563,2.9214,0.0430955,0.043103,-1.33852e-07,0.144375,,
78.804,pf,map,-1.47691,-1.62123,2.91534,0.0424865,0.0413848,-0.0013633,4.59262,164.671,0
78.84,odom,map,-1.3584,-1.59469,2.8539,0,0,0,,,
78.876,odom,map,-1.36866,-1.59157,2.83749,0,0,0,,,
78.912,odom,map,-1.37876,-1.5883,2.82127,0,0,0,,,
78.948,odom,map,-1.3888,-1.58488,2.80508,0,0,0,,,
78.984,odom,map,-1.39866,-1.58135,2.7889,0,0,0,,,
79.02,odom,map,-1.4083,-1.57771,2.77284,0,0,0,,,
78.984,ekf,map,-1.45488,-1.60186,2.84021,0.0427335,0.0427393,2.48228e-07,0.112959,,
78.984,ekf_predict_only,map,-1.32601,-1.69712,2.85628,244.504,156.472,-88.4086,,,
78.984,kf,map,-1.45485,-1.60195,2.84023,0.0416156,0.0416156,-8.21078e-45,0.057667,,
78.984,pf,map,-1.4868,-1.57434,2.83164,0.0406104,0.036825,-0.00280989,4.82283,161.821,0
79.056,odom,map,-1.41781,-1.57395,2.75686,0,0,0,,,
79.092,odom,map,-1.42724,-1.57004,2.74091,0,0,0,,,
79.128,odom,map,-1.43639,-1.56608,2.72524,0,0,0,,,
79.164,odom,map,-1.44517,-1.56212,2.70987,0,0,0,,,
79.2,odom,map,-1.45375,-1.55808,2.69456,0,0,0,,,
79.2,kf,map,-1.51088,-1.5817,2.74612,0.0416929,0.0416929,-2.26644e-46,0.074459,,
79.2,ekf,map,-1.51095,-1.58157,2.74604,0.0430983,0.0431049,7.4903e-07,0.07375,,
79.2,ekf_predict_only,map,-1.38028,-1.6812,2.76435,242.489,161.185,-91.5231,,,
79.2,amcl,map,-1.48376,-1.55881,2.69568,0.0757823,0.0594958,-0.0427109,,,
79.2,pf,map,-1.54652,-1.5875,2.7474,0.0467875,0.041219,0.00158061,6.56608,191.405,0
79.236,odom,map,-1.46222,-1.55395,2.67924,0,0,0,,,
79.272,odom,map,-1.47045,-1.54976,2.66412,0,0,0,,,
79.308,odom,map,-1.47828,-1.54564,2.64922,0,0,0,,,
79.344,odom,map,-1.48601,-1.54142,2.63433,0,0,0,,,
79.38,odom,map,-1.49351,-1.53717,2.61943,0,0,0,,,
79.416,kf,map,-1.55886,-1.55909,2.65609,0.041695,0.041695,-6.25292e-48,0.057375,,
79.416,odom,map,-1.50226,-1.53328,2.60486,0,0,0,,,
79.416,ekf,map,-1.55897,-1.55894,2.65602,0.0431158,0.0431215,1.01349e-06,0.067125,,
79.416,ekf_predict_only,map,-1.42571,-1.6632,2.6759,240.205,165.322,-93.8776,,,
79.416,pf,map,-1.62952,-1.5514,2.63945,0.0458202,0.0403174,-2.03698e-05,6.65946,177.51,0
79.452,odom,map,-1.51318,-1.52988,2.59088,0,0,0,,,
79.488,odom,map,-1.52393,-1.52647,2.57712,0,0,0,,,
79.524,odom,map,-1.53446,-1.52308,2.56337,0,0,0,,,
79.56,odom,map,-1.54466,-1.51978,2.54968,0,0,0,,,
79.596,odom,map,-1.55437,-1.5167,2.53618,0,0,0,,,
79.632,odom,map,-1.56023,-1.51299,2.52224,0,0,0,,,
79.596,ekf_predict_only,map,-1.45525,-1.64835,2.60588,238.374,168.16,-95.2355,,,
79.596,ekf,map,-1.59171,-1.54008,2.58448,0.0427172,0.0427207,8.82232e-07,0.057375,,
79.596,kf,map,-1.5916,-1.54019,2.58453,0.0416157,0.0416157,-1.75825e-49,0.05375,,
79.596,pf,map,-1.63247,-1.52345,2.57509,0.0406958,0.043586,-0.00151505,6.43412,166.513,0
79.668,odom,map,-1.56544,-1.50922,2.50838,0,0,0,,,
79.704,odom,map,-1.56996,-1.50586,2.49515,0,0,0,,,
79.74,odom,map,-1.57426,-1.50256,2.48207,0,0,0,,,
79.776,odom,map,-1.57836,-1.49935,2.46907,0,0,0,,,
79.812,odom,map,-1.58195,-1.49645,2.45635,0,0,0,,,
79.812,ekf,map,-1.6195,-1.52126,2.50494,0.0430791,0.0430824,1.01591e-06,0.064958,,
79.812,ekf_predict_only,map,-1.4779,-1.6349,2.53017,236.747,170.425,-96.1613,,,
79.812,kf,map,-1.61931,-1.52144,2.50507,0.0416929,0.0416929,-4.85334e-51,0.063,,
79.8,amcl,map,-1.59498,-1.47138,2.44121,0.0725044,0.0688051,-0.0502368,,,
79.812,pf,map,-1.63976,-1.47747,2.49428,0.0458411,0.0428914,-0.000710859,4.59779,167.722,0
79.848,odom,map,-1.5851,-1.49385,2.44383,0,0,0,,,
79.884,odom,map,-1.58811,-1.49128,2.43133,0,0,0,,,
79.92,odom,map,-1.59083,-1.48892,2.41934,0,0,0,,,
79.956,odom,map,-1.59301,-1.48698,2.40851,0,0,0,,,
79.992,odom,map,-1.59422,-1.48588,2.40025,0,0,0,,,
80.028,odom,map,-1.59551,-1.48516,2.39432,0,0,0,,,
79.992,kf,map,-1.63082,-1.51234,2.4575,0.0416156,0.0416156,-1.36472e-52,0.06125,,
79.992,ekf_predict_only,map,-1.4779,-1.6349,2.52867,236.947,170.625,-96.1613,,,
79.992,ekf,map,-1.63116,-1.51207,2.45626,0.0427239,0.0427258,5.99848e-07,0.063083,,
79.992,pf,map,-1.67678,-1.4778,2.45734,0.0393332,0.039247,-0.00325752,4.95125,164.07,0
80.064,odom,map,-1.59692,-1.48451,2.39087,0,0,0,,,
80.1,odom,map,-1.59832,-1.48385,2.3899,0,0,0,,,
80.136,odom,map,-1.59973,-1.4832,2.38953,0,0,0,,,
80.172,odom,map,-1.60113,-1.48255,2.38916,0,0,0,,,
80.208,odom,map,-1.60222,-1.48204,2.38887,0,0,0,,,
80.208,ekf,map,-1.63312,-1.51052,2.44128,0.0430901,0.0430916,5.05376e-07,0.122542,,
80.208,ekf_predict_only,map,-1.4779,-1.6349,2.52867,237.147,170.825,-96.1613,,,
80.208,kf,map,-1.633,-1.51061,2.44197,0.0416929,0.0416929,-3.76708e-54,0.057083,,
80.208,pf,map,-1.67073,-1.50182,2.42436,0.0400186,0.0360969,-0.00111933,4.51542,182.494,0
80.244,odom,map,-1.60222,-1.48204,2.38887,0,0,0,,,
80.28,odom,map,-1.60222,-1.48204,2.38887,0,0,0,,,
80.316,odom,map,-1.60222,-1.48204,2.38887,0,0,0,,,
80.352,odom,map,-1.60222,-1.48204,2.38887,0,0,0,,,
80.388,odom,map,-1.60222,-1.48204,2.38887,0,0,0,,,
80.424,odom,map,-1.60222,-1.48204,2.38887,0,0,0,,,
80.388,ekf_predict_only,map,-1.4779,-1.6349,2.52867,237.347,171.025,-96.1613,,,
80.388,kf,map,-1.63336,-1.51033,2.4394,0.0416156,0.0416156,-1.05927e-55,0.177709,,
80.388,ekf,map,-1.63338,-1.51031,2.43923,0.0427304,0.0427313,2.775e-07,0.095333,,
80.388,pf,map,-1.67432,-1.49565,2.44794,0.0402947,0.0367731,-0.00204167,6.84488,168.657,0
80.46,odom,map,-1.60249,-1.48179,2.38889,0,0,0,,,
80.496,odom,map,-1.60334,-1.481,2.38837,0,0,0,,,
80.532,odom,map,-1.60453,-1.47988,2.38739,0,0,0,,,
80.568,odom,map,-1.60585,-1.47864,2.38624,0,0,0,,,
80.604,odom,map,-1.6074,-1.477,2.38451,0,0,0,,,
80.604,ekf_predict_only,map,-1.49154,-1.62532,2.51247,236.253,172.486,-96.6383,,,
80.604,kf,map,-1.63999,-1.5047,2.43278,0.0416929,0.0416929,-2.92394e-57,0.065208,,
80.604,ekf,map,-1.6398,-1.50487,2.43308,0.0430956,0.0430963,2.75939e-07,0.107083,,
80.604,pf,map,-1.66544,-1.50268,2.40326,0.0458283,0.0463324,0.00178543,5.57308,166.581,0
80.64,odom,map,-1.61038,-1.47111,2.37896,0,0,0,,,
80.676,odom,map,-1.61364,-1.4649,2.37286,0,0,0,,,
80.712,odom,map,-1.61699,-1.45855,2.36663,0,0,0,,,
80.748,odom,map,-1.62013,-1.45238,2.35961,0,0,0,,,
80.784,odom,map,-1.62299,-1.44642,2.35102,0,0,0,,,
80.784,kf,map,-1.64933,-1.4966,2.4143,0.0416156,0.0416156,-8.22191e-59,0.093167,,
80.82,odom,map,-1.62516,-1.44284,2.34326,0,0,0,,,
80.784,ekf,map,-1.64931,-1.49662,2.4147,0.0427335,0.0427339,1.97813e-07,0.053666,,
80.784,ekf_predict_only,map,-1.5012,-1.61828,2.48067,235.507,173.587,-96.9599,,,
80.784,pf,map,-1.70551,-1.47714,2.40581,0.0474365,0.0432712,0.00140032,6.37633,156.168,0
80.856,odom,map,-1.62675,-1.44119,2.33635,0,0,0,,,
80.892,odom,map,-1.6283,-1.43957,2.32848,0,0,0,,,
80.928,odom,map,-1.62989,-1.43788,2.31914,0,0,0,,,
80.964,odom,map,-1.6315,-1.43612,2.30919,0,0,0,,,
81,odom,map,-1.63314,-1.4343,2.29882,0,0,0,,,
81,ekf_predict_only,map,-1.51458,-1.60788,2.41049,234.316,175.046,-97.3653,,,
81,kf,map,-1.66009,-1.48669,2.36252,0.0416929,0.0416929,-2.26952e-60,2.16567,,
81,ekf,map,-1.66003,-1.48674,2.36319,0.0430982,0.0430985,2.44952e-07,2.32233,,
81,pf,map,-1.69618,-1.46091,2.36605,0.0487025,0.0454716,-0.00176532,4.85483,154.103,0
81.036,odom,map,-1.63495,-1.43224,2.28751,0,0,0,,,
81.072,odom,map,-1.63691,-1.42997,2.27546,0,0,0,,,
81.108,odom,map,-1.63891,-1.42759,2.26317,0,0,0,,,
81.144,odom,map,-1.64102,-1.425,2.25043,0,0,0,,,
81.18,odom,map,-1.6435,-1.4219,2.23691,0,0,0,,,
81.216,odom,map,-1.64614,-1.41849,2.22343,0,0,0,,,
81.216,kf,map,-1.67468,-1.47132,2.28933,0.041695,0.041695,-6.26139e-62,0.0655,,
81.216,ekf,map,-1.67452,-1.47146,2.28967,0.0431158,0.043116,3.33321e-07,0.102916,,
81.216,ekf_predict_only,map,-1.53476,-1.58978,2.32998,232.113,177.17,-97.8422,,,
81.201,amcl,map,-1.67623,-1.40579,2.22481,0.0543531,0.0614569,-0.0411488,,,
81.216,pf,map,-1.70904,-1.46854,2.29793,0.0461912,0.0490995,-0.000803388,5.22442,158.859,0
81.252,odom,map,-1.64886,-1.41488,2.21001,0,0,0,,,
81.288,odom,map,-1.65175,-1.41093,2.19618,0,0,0,,,
81.324,odom,map,-1.65484,-1.40659,2.18213,0,0,0,,,
81.36,odom,map,-1.65812,-1.40184,2.16786,0,0,0,,,
81.396,odom,map,-1.66137,-1.39698,2.15356,0,0,0,,,
81.396,ekf_predict_only,map,-1.55618,-1.5672,2.25747,229.349,179.444,-98.1555,,,
81.432,odom,map,-1.66472,-1.39182,2.13907,0,0,0,,,
81.396,kf,map,-1.69119,-1.451,2.22023,0.0416157,0.0416157,-1.76063e-63,0.061416,,
81.396,ekf,map,-1.69106,-1.45111,2.22037,0.0427173,0.0427173,4.43484e-07,0.055,,
81.396,pf,map,-1.72827,-1.42294,2.21754,0.0444245,0.0468377,0.00410644,4.80071,158.951,0
81.468,odom,map,-1.66812,-1.38641,2.1244,0,0,0,,,
81.504,odom,map,-1.67158,-1.38072,2.10952,0,0,0,,,
81.54,odom,map,-1.67501,-1.37487,2.09464,0,0,0,,,
81.576,odom,map,-1.67846,-1.36881,2.07984,0,0,0,,,
81.612,odom,map,-1.68203,-1.36229,2.06488,0,0,0,,,
81.612,ekf_predict_only,map,-1.58508,-1.53196,2.16739,224.995,182.494,-98.2833,,,
81.612,ekf,map,-1.71407,-1.41791,2.13196,0.0430797,0.0430796,9.2079e-07,0.054875,,
81.612,kf,map,-1.71423,-1.41779,2.13189,0.0416929,0.0416929,-4.85991e-65,0.697084,,
81.612,pf,map,-1.75553,-1.38618,2.13508,0.041163,0.0402899,-0.00137517,5.67063,177.141,0
81.648,odom,map,-1.68569,-1.35537,2.05,0,0,0,,,
81.684,odom,map,-1.6893,-1.3483,2.03517,0,0,0,,,
81.72,odom,map,-1.69291,-1.34095,2.0204,0,0,0,,,
81.756,odom,map,-1.69658,-1.33321,2.00584,0,0,0,,,
81.792,odom,map,-1.70026,-1.32513,1.99133,0,0,0,,,
81.792,ekf_predict_only,map,-1.61036,-1.49474,2.09459,220.485,185.238,-98.0102,,,
81.792,kf,map,-1.73472,-1.38207,2.05876,0.0416156,0.0416156,-1.36657e-66,0.105959,,
81.828,odom,map,-1.70387,-1.31688,1.97677,0,0,0,,,
81.792,ekf,map,-1.7346,-1.38215,2.05876,0.0427251,0.0427245,1.06282e-06,0.360417,,
81.801,amcl,map,-1.7165,-1.33205,2.01332,0.0452174,0.0726002,-0.0418531,,,
81.792,pf,map,-1.76588,-1.35917,2.05258,0.0437022,0.0371535,0.00243996,7.49896,167.863,0
81.864,odom,map,-1.70743,-1.30844,1.96246,0,0,0,,,
81.9,odom,map,-1.71109,-1.29941,1.94866,0,0,0,,,
81.936,odom,map,-1.71466,-1.29023,1.9349,0,0,0,,,
81.972,odom,map,-1.71815,-1.28087,1.92139,0,0,0,,,
82.008,odom,map,-1.72287,-1.27051,1.90828,0,0,0,,,
82.008,ekf_predict_only,map,-1.64172,-1.44043,2.01721,213.994,188.659,-97.1545,,,
82.008,ekf,map,-1.75969,-1.32961,1.97657,0.0430927,0.0430911,1.83537e-06,0.108166,,
82.008,kf,map,-1.75986,-1.32951,1.97673,0.0416929,0.0416929,-3.77218e-68,0.209083,,
82.008,pf,map,-1.78767,-1.32189,1.96559,0.0434979,0.0488543,0.000703856,7.75954,150.705,0
82.044,odom,map,-1.73177,-1.25795,1.89478,0,0,0,,,
82.08,odom,map,-1.74055,-1.24523,1.88147,0,0,0,,,
82.116,odom,map,-1.74922,-1.23239,1.86826,0,0,0,,,
82.152,odom,map,-1.75781,-1.21931,1.85549,0,0,0,,,
82.188,odom,map,-1.7663,-1.20603,1.84316,0,0,0,,,
82.224,odom,map,-1.7712,-1.19433,1.83148,0,0,0,,,
82.188,ekf_predict_only,map,-1.6658,-1.39013,1.96018,208.189,191.38,-95.958,,,
82.188,kf,map,-1.77924,-1.27955,1.91536,0.0416156,0.0416156,-1.06071e-69,0.060875,,
82.188,ekf,map,-1.77914,-1.27959,1.91522,0.0427335,0.0427313,1.75943e-06,0.102584,,
82.188,pf,map,-1.82147,-1.26079,1.90067,0.0454122,0.0393356,-0.000190207,6.8595,157.935,0
82.26,odom,map,-1.77406,-1.18333,1.82029,0,0,0,,,
82.296,odom,map,-1.77689,-1.172,1.80937,0,0,0,,,
82.332,odom,map,-1.77962,-1.1605,1.79857,0,0,0,,,
82.368,odom,map,-1.78225,-1.14887,1.78796,0,0,0,,,
82.404,odom,map,-1.78478,-1.1371,1.77786,0,0,0,,,
82.404,kf,map,-1.80065,-1.21288,1.85054,0.0416929,0.0416929,-2.92791e-71,0.125667,,
82.404,ekf_predict_only,map,-1.69327,-1.32317,1.90079,200.682,194.509,-93.9699,,,
82.404,ekf,map,-1.80052,-1.21293,1.85033,0.0431008,0.0430967,2.5111e-06,0.067375,,
82.401,amcl,map,-1.7717,-1.18704,1.82283,0.0372647,0.0758697,-0.0370109,,,
82.404,pf,map,-1.85271,-1.19676,1.84026,0.0462058,0.0459747,-0.0012814,6.86337,151.086,0
82.44,odom,map,-1.78718,-1.1254,1.76835,0,0,0,,,
82.476,odom,map,-1.78946,-1.11373,1.75915,0,0,0,,,
82.512,odom,map,-1.79163,-1.10207,1.7505,0,0,0,,,
82.548,odom,map,-1.7937,-1.09043,1.7427,0,0,0,,,
82.584,odom,map,-1.79568,-1.07875,1.73505,0,0,0,,,
82.584,kf,map,-1.81541,-1.15577,1.80761,0.0416156,0.0416156,-8.23305e-73,0.068,,
82.62,odom,map,-1.79674,-1.0696,1.73039,0,0,0,,,
82.584,ekf_predict_only,map,-1.71248,-1.26709,1.86263,194.682,196.79,-91.9944,,,
82.584,ekf,map,-1.81534,-1.15577,1.80745,0.0427385,0.0427343,2.05391e-06,0.061458,,
82.584,pf,map,-1.84343,-1.12794,1.80021,0.0394699,0.0462945,0.00347332,5.65354,163.393,0
82.656,odom,map,-1.79715,-1.06256,1.72856,0,0,0,,,
82.692,odom,map,-1.79762,-1.05543,1.72731,0,0,0,,,
82.728,odom,map,-1.79813,-1.04832,1.72644,0,0,0,,,
82.764,odom,map,-1.7987,-1.04126,1.72568,0,0,0,,,
82.8,odom,map,-1.79931,-1.03427,1.72537,0,0,0,,,
82.8,ekf_predict_only,map,-1.73244,-1.20066,1.83279,187.838,199.18,-89.407,,,
82.8,kf,map,-1.83044,-1.0869,1.76899,0.0416929,0.0416929,-2.27259e-74,0.083875,,
82.8,ekf,map,-1.83037,-1.08685,1.76867,0.0431052,0.043099,2.46872e-06,0.058333,,
82.8,pf,map,-1.88819,-1.04586,1.74694,0.0439421,0.0402337,-0.00108416,5.30496,167.714,0
82.836,odom,map,-1.80103,-1.02296,1.72048,0,0,0,,,
82.872,odom,map,-1.80273,-1.01153,1.7155,0,0,0,,,
82.908,odom,map,-1.80436,-1.00015,1.71088,0,0,0,,,
82.944,odom,map,-1.80592,-0.988917,1.70681,0,0,0,,,
82.98,odom,map,-1.80742,-0.977763,1.70323,0,0,0,,,
83.016,odom,map,-1.80889,-0.966613,1.69977,0,0,0,,,
83.016,ekf,map,-1.84275,-1.01948,1.74238,0.0431229,0.0431163,2.21463e-06,0.057584,,
83.016,kf,map,-1.8428,-1.01953,1.74261,0.041695,0.041695,-6.26988e-76,0.120958,,
83.016,ekf_predict_only,map,-1.74992,-1.13549,1.81203,181.443,201.323,-86.6691,,,
83.016,pf,map,-1.88134,-0.998664,1.70918,0.0446847,0.0513233,-0.00087238,5.08204,166.503,0
83.052,odom,map,-1.8103,-0.955543,1.69656,0,0,0,,,
83.088,odom,map,-1.81166,-0.944737,1.69404,0,0,0,,,
83.124,odom,map,-1.81295,-0.934183,1.69219,0,0,0,,,
83.16,odom,map,-1.81423,-0.92365,1.6904,0,0,0,,,
83.196,odom,map,-1.81549,-0.913072,1.68781,0,0,0,,,
83.232,odom,map,-1.81691,-0.906361,1.68646,0,0,0,,,
83.196,ekf_predict_only,map,-1.76272,-1.08345,1.79218,176.604,202.96,-84.3677,,,
83.196,kf,map,-1.85153,-0.966177,1.7284,0.0416157,0.0416157,-1.76302e-77,0.060583,,
83.196,ekf,map,-1.85152,-0.966156,1.72852,0.0427227,0.0427173,1.54423e-06,0.074625,,
83.196,pf,map,-1.92274,-0.957977,1.71737,0.0467887,0.0406292,-0.00179385,6.65463,146.889,0
83.268,odom,map,-1.81837,-0.900124,1.68505,0,0,0,,,
83.304,odom,map,-1.81984,-0.893902,1.68309,0,0,0,,,
83.34,odom,map,-1.82131,-0.887622,1.6804,0,0,0,,,
83.376,odom,map,-1.82279,-0.881327,1.67705,0,0,0,,,
83.412,odom,map,-1.82414,-0.873686,1.67254,0,0,0,,,
83.412,kf,map,-1.86093,-0.902404,1.69753,0.0416929,0.0416929,-4.8665e-79,0.0605,,
83.412,ekf,map,-1.86093,-0.902393,1.69796,0.0430862,0.0430791,1.71073e-06,0.054584,,
83.412,ekf_predict_only,map,-1.77682,-1.02077,1.74889,171.002,204.758,-81.4711,,,
83.4,amcl,map,-1.82462,-0.910898,1.69979,0.0312424,0.0902206,-0.0279343,,,
83.412,pf,map,-1.91347,-0.890119,1.69028,0.0451354,0.0441522,0.00297414,5.62933,173.986,0
83.448,odom,map,-1.8252,-0.863017,1.66568,0,0,0,,,
83.484,odom,map,-1.82617,-0.852407,1.65783,0,0,0,,,
83.52,odom,map,-1.82705,-0.841801,1.6497,0,0,0,,,
83.556,odom,map,-1.82784,-0.831164,1.64106,0,0,0,,,
83.592,odom,map,-1.82854,-0.820509,1.63177,0,0,0,,,
83.628,odom,map,-1.82913,-0.809993,1.62172,0,0,0,,,
83.592,kf,map,-1.8668,-0.849527,1.65698,0.0416156,0.0416156,-1.36842e-80,0.094208,,
83.592,ekf,map,-1.8668,-0.849498,1.65734,0.0427296,0.0427239,1.19572e-06,0.148667,,
83.592,ekf_predict_only,map,-1.78607,-0.969416,1.69715,166.666,206.013,-78.9483,,,
83.592,pf,map,-1.92503,-0.839095,1.65991,0.035698,0.039692,0.00136465,5.85729,154.003,0
83.664,odom,map,-1.82961,-0.799567,1.61137,0,0,0,,,
83.7,odom,map,-1.82998,-0.789227,1.60037,0,0,0,,,
83.736,odom,map,-1.83022,-0.77902,1.58853,0,0,0,,,
83.772,odom,map,-1.83034,-0.768897,1.57633,0,0,0,,,
83.808,odom,map,-1.83033,-0.758899,1.56374,0,0,0,,,
83.808,ekf_predict_only,map,-1.79357,-0.910349,1.61991,161.893,207.074,-75.8747,,,
83.808,kf,map,-1.87043,-0.788171,1.58931,0.0416929,0.0416929,-3.7773e-82,0.054791,,
83.808,ekf,map,-1.8704,-0.7881,1.58968,0.0430971,0.0430901,1.23562e-06,0.058167,,
83.808,pf,map,-1.88973,-0.774335,1.57483,0.0444656,0.0472999,-0.00391526,4.48971,179.378,0
83.844,odom,map,-1.8302,-0.749059,1.5505,0,0,0,,,
83.88,odom,map,-1.82993,-0.73946,1.53636,0,0,0,,,
83.916,odom,map,-1.82954,-0.730013,1.52162,0,0,0,,,
83.952,odom,map,-1.82901,-0.720583,1.50679,0,0,0,,,
83.988,odom,map,-1.82834,-0.71132,1.49144,0,0,0,,,
83.988,ekf_predict_only,map,-1.79579,-0.865302,1.53766,158.476,207.529,-73.3705,,,
83.988,kf,map,-1.86976,-0.740641,1.51692,0.0416156,0.0416156,-1.06215e-83,0.059209,,
84.024,odom,map,-1.82755,-0.702261,1.47533,0,0,0,,,
83.988,ekf,map,-1.86972,-0.740565,1.51724,0.0427358,0.0427304,7.46846e-07,0.053125,,
83.988,pf,map,-1.88286,-0.702733,1.50594,0.0384264,0.0392261,-0.00316248,11.1378,176.735,0
84.06,odom,map,-1.82663,-0.69347,1.45864,0,0,0,,,
84.096,odom,map,-1.82557,-0.684721,1.44192,0,0,0,,,
84.132,odom,map,-1.82438,-0.67611,1.4248,0,0,0,,,
84.168,odom,map,-1.8231,-0.667903,1.4067,0,0,0,,,
84.204,odom,map,-1.82177,-0.660239,1.38859,0,0,0,,,
84.204,ekf_predict_only,map,-1.79422,-0.818134,1.42388,155.052,207.549,-70.5946,,,
84.204,kf,map,-1.86472,-0.689388,1.4137,0.0416929,0.0416929,-2.93187e-85,0.059875,,
84.204,ekf,map,-1.86465,-0.689237,1.4141,0.0431016,0.0430956,5.91112e-07,0.054708,,
84.201,amcl,map,-1.82548,-0.700602,1.41541,0.0295658,0.089786,-0.0187135,,,
84.204,pf,map,-1.91879,-0.669484,1.40092,0.0299026,0.0454419,0.000915335,5.53608,181.597,0
84.24,odom,map,-1.82143,-0.658559,1.3744,0,0,0,,,
84.276,odom,map,-1.82109,-0.657202,1.35976,0,0,0,,,
84.312,odom,map,-1.82075,-0.656222,1.34459,0,0,0,,,
84.348,odom,map,-1.82035,-0.655278,1.32936,0,0,0,,,
84.384,odom,map,-1.8199,-0.654476,1.31389,0,0,0,,,
84.42,odom,map,-1.81872,-0.650661,1.29537,0,0,0,,,
84.384,ekf,map,-1.85717,-0.652761,1.31717,0.0427376,0.0427335,2.31749e-07,0.066208,,
84.384,kf,map,-1.85723,-0.652879,1.31694,0.0416156,0.0416156,-8.24421e-87,0.06,,
84.384,ekf_predict_only,map,-1.78934,-0.785124,1.32068,152.815,207.188,-68.5177,,,
84.384,pf,map,-1.8889,-0.609879,1.30224,0.0369435,0.0355978,0.00400571,10.9135,181.439,0
84.456,odom,map,-1.81684,-0.644258,1.27473,0,0,0,,,
84.492,odom,map,-1.81486,-0.63799,1.25395,0,0,0,,,
84.528,odom,map,-1.81281,-0.631949,1.23281,0,0,0,,,
84.564,odom,map,-1.81071,-0.626184,1.21128,0,0,0,,,
84.6,odom,map,-1.80854,-0.620586,1.18959,0,0,0,,,
84.6,ekf_predict_only,map,-1.78042,-0.750215,1.19057,150.528,206.368,-66.2034,,,
84.6,kf,map,-1.84545,-0.615955,1.19106,0.0416929,0.0416929,-2.27567e-88,0.068792,,
84.6,ekf,map,-1.84541,-0.616089,1.19122,0.0431023,0.0430981,2.1347e-08,0.078833,,
84.6,amcl,map,-1.81242,-0.63905,1.19638,0.0229196,0.0745143,-0.0128623,,,
84.6,pf,map,-1.87393,-0.603029,1.16945,0.0361729,0.0433149,-0.00223073,7.81538,160.467,0
84.636,odom,map,-1.8063,-0.615167,1.1679,0,0,0,,,
84.672,odom,map,-1.80406,-0.61007,1.14605,0,0,0,,,
84.708,odom,map,-1.80178,-0.605174,1.12409,0,0,0,,,
84.744,odom,map,-1.79945,-0.600442,1.10202,0,0,0,,,
84.78,odom,map,-1.79713,-0.595981,1.07975,0,0,0,,,
84.816,odom,map,-1.79482,-0.591776,1.05719,0,0,0,,,
84.816,ekf_predict_only,map,-1.77007,-0.724323,1.05432,148.943,205.391,-64.3752,,,
84.816,kf,map,-1.8319,-0.587262,1.05872,0.041695,0.041695,-6.27837e-90,0.061417,,
84.816,ekf,map,-1.83179,-0.587184,1.05887,0.0431189,0.0431156,-1.49916e-07,0.06225,,
84.816,pf,map,-1.86804,-0.580713,1.02618,0.0337222,0.0442119,-0.00100803,4.44579,161.05,0
84.852,odom,map,-1.79249,-0.587755,1.03448,0,0,0,,,
84.888,odom,map,-1.79019,-0.583974,1.01163,0,0,0,,,
84.924,odom,map,-1.788,-0.58056,0.988695,0,0,0,,,
84.96,odom,map,-1.78595,-0.577524,0.965485,0,0,0,,,
84.996,odom,map,-1.78386,-0.574575,0.942244,0,0,0,,,
84.996,ekf_predict_only,map,-1.76215,-0.710376,0.937787,148.203,204.697,-63.3204,,,
85.032,odom,map,-1.78144,-0.572894,0.919017,0,0,0,,,
84.996,ekf,map,-1.82086,-0.570021,0.944232,0.0427188,0.0427169,-1.73315e-07,0.062209,,
84.996,kf,map,-1.82095,-0.570117,0.944158,0.0416157,0.0416157,-1.76541e-91,0.061292,,
85.002,amcl,map,-1.78121,-0.593393,0.943904,0.0213531,0.0706702,-0.0170778,,,
84.996,pf,map,-1.83595,-0.552262,0.932302,0.0369028,0.0359004,-0.00215394,11.0594,175.108,0
85.068,odom,map,-1.77911,-0.571648,0.895828,0,0,0,,,
85.104,odom,map,-1.77678,-0.570512,0.872655,0,0,0,,,
85.14,odom,map,-1.77457,-0.569616,0.849757,0,0,0,,,
85.176,odom,map,-1.77247,-0.568931,0.826991,0,0,0,,,
85.212,ekf_predict_only,map,-1.75472,-0.700248,0.801329,147.729,204.061,-62.5042,,,
85.212,odom,map,-1.77068,-0.56816,0.804289,0,0,0,,,
85.212,ekf,map,-1.81029,-0.557125,0.806424,0.0430805,0.0430788,-2.15675e-07,0.064166,,
85.212,kf,map,-1.81041,-0.557228,0.806455,0.0416929,0.0416929,-4.8731e-93,0.062875,,
85.212,pf,map,-1.83981,-0.533903,0.805185,0.0398008,0.0457805,0.00365191,5.23046,178.07,0
85.248,odom,map,-1.76921,-0.566668,0.781546,0,0,0,,,
85.284,odom,map,-1.7679,-0.5654,0.758827,0,0,0,,,
85.32,odom,map,-1.7668,-0.564379,0.736314,0,0,0,,,
85.356,odom,map,-1.76593,-0.563605,0.71405,0,0,0,,,
85.392,odom,map,-1.76508,-0.562879,0.691814,0,0,0,,,
85.428,odom,map,-1.76531,-0.563889,0.670516,0,0,0,,,
85.392,ekf,map,-1.80471,-0.551857,0.694048,0.0427246,0.0427237,-1.34182e-07,0.280375,,
85.392,ekf_predict_only,map,-1.75225,-0.697699,0.6908,147.761,203.985,-62.2799,,,
85.392,kf,map,-1.80481,-0.551944,0.694101,0.0416156,0.0416156,-1.37028e-94,0.055792,,
85.401,amcl,map,-1.76261,-0.575361,0.682254,0.0191388,0.0527086,-0.0130936,,,
85.392,pf,map,-1.83804,-0.528059,0.688007,0.0416369,0.0381015,-0.00107195,7.30554,173.106,0
85.464,odom,map,-1.76613,-0.565701,0.649793,0,0,0,,,
85.5,odom,map,-1.76728,-0.567765,0.629286,0,0,0,,,
85.536,odom,map,-1.76854,-0.569922,0.608733,0,0,0,,,
85.572,odom,map,-1.76991,-0.572152,0.588367,0,0,0,,,
85.608,ekf_predict_only,map,-1.75451,-0.699564,0.564634,148.084,204.438,-62.4588,,,
85.608,odom,map,-1.77124,-0.574054,0.568145,0,0,0,,,
85.608,ekf,map,-1.80393,-0.551149,0.564252,0.0430907,0.0430899,-1.1546e-07,0.0665,,
85.608,kf,map,-1.80404,-0.551248,0.564378,0.0416929,0.0416929,-3.78242e-96,0.064542,,
85.608,pf,map,-1.83236,-0.528612,0.570258,0.041198,0.0428116,0.000485726,4.81954,158.758,0
85.644,odom,map,-1.77166,-0.574312,0.547118,0,0,0,,,
85.68,odom,map,-1.77224,-0.574656,0.526264,0,0,0,,,
85.716,odom,map,-1.77298,-0.57508,0.50571,0,0,0,,,
85.752,odom,map,-1.77388,-0.575562,0.485388,0,0,0,,,
85.788,odom,map,-1.77487,-0.576074,0.465196,0,0,0,,,
85.788,kf,map,-1.80762,-0.553153,0.461702,0.0416156,0.0416156,-1.06359e-97,0.109666,,
85.824,odom,map,-1.77529,-0.576754,0.445179,0,0,0,,,
85.788,ekf,map,-1.80753,-0.553083,0.461553,0.0427308,0.0427304,-7.4075e-08,0.055958,,
85.788,ekf_predict_only,map,-1.76076,-0.703526,0.466833,148.546,205.34,-62.8885,,,
85.8,amcl,map,-1.75223,-0.564814,0.460417,0.0183009,0.0414692,-0.00406578,,,
85.788,pf,map,-1.84958,-0.517996,0.464631,0.0383525,0.0436509,-0.00196497,10.0255,167.347,0
85.86,odom,map,-1.7755,-0.577575,0.425384,0,0,0,,,
85.896,odom,map,-1.77579,-0.578395,0.405572,0,0,0,,,
85.932,odom,map,-1.77624,-0.579247,0.386061,0,0,0,,,
85.968,odom,map,-1.77688,-0.580134,0.366916,0,0,0,,,
86.004,odom,map,-1.77777,-0.581045,0.348112,0,0,0,,,
86.004,kf,map,-1.81697,-0.557066,0.345794,0.0416929,0.0416929,-2.93585e-99,0.062083,,
86.004,ekf_predict_only,map,-1.77237,-0.709375,0.355512,149.136,206.852,-63.6055,,,
86.004,ekf,map,-1.81688,-0.556992,0.345619,0.0430959,0.0430956,-9.46409e-08,0.062167,,
86.004,pf,map,-1.84695,-0.533506,0.356179,0.0424775,0.0360276,0.00488405,5.8855,169.124,0
86.04,odom,map,-1.77981,-0.581765,0.329558,0,0,0,,,
86.076,odom,map,-1.78193,-0.582469,0.311177,0,0,0,,,
86.112,odom,map,-1.78422,-0.583182,0.293301,0,0,0,,,
86.148,odom,map,-1.78678,-0.583929,0.276064,0,0,0,,,
86.184,odom,map,-1.78938,-0.584641,0.258891,0,0,0,,,
86.184,kf,map,-1.82853,-0.560533,0.256964,0.0416156,0.0416156,-8.25538e-101,0.06725,,
86.22,odom,map,-1.79182,-0.585287,0.241148,0,0,0,,,
86.184,ekf_predict_only,map,-1.78583,-0.714375,0.273154,149.671,208.587,-64.3417,,,
86.202,amcl,map,-1.78199,-0.584709,0.251275,0.0172079,0.0336054,-0.00336909,,,
86.184,pf,map,-1.84792,-0.53118,0.249026,0.0408758,0.0377887,-0.00303466,4.67837,175.723,0
86.184,ekf,map,-1.82846,-0.560482,0.256765,0.0427336,0.0427335,-9.0817e-08,0.057041,,
86.256,odom,map,-1.79425,-0.585887,0.223345,0,0,0,,,
86.292,odom,map,-1.79672,-0.586437,0.205673,0,0,0,,,
86.328,odom,map,-1.79896,-0.586883,0.188505,0,0,0,,,
86.364,odom,map,-1.80002,-0.587066,0.173749,0,0,0,,,
86.4,odom,map,-1.79987,-0.587019,0.161585,0,0,0,,,
86.4,kf,map,-1.83909,-0.562704,0.18235,0.0416929,0.0416929,-2.27876e-102,0.06,,
86.4,ekf,map,-1.83944,-0.562766,0.179808,0.0430982,0.0430982,-8.9428e-08,0.054666,,
86.4,ekf_predict_only,map,-1.78583,-0.714375,0.273154,149.871,208.787,-64.3417,,,
86.4,pf,map,-1.85807,-0.501264,0.162057,0.0371107,0.0394103,0.000303743,4.95096,148.197,0
86.436,odom,map,-1.79986,-0.587017,0.153611,0,0,0,,,
86.472,odom,map,-1.79986,-0.587017,0.148274,0,0,0,,,
86.508,odom,map,-1.79986,-0.587017,0.14553,0,0,0,,,
86.544,odom,map,-1.79986,-0.587017,0.145126,0,0,0,,,
86.58,odom,map,-1.79986,-0.587017,0.145126,0,0,0,,,
86.616,odom,map,-1.79887,-0.586184,0.145993,0,0,0,,,
86.616,ekf_predict_only,map,-1.78583,-0.714375,0.273154,150.071,208.987,-64.3417,,,
86.616,kf,map,-1.84084,-0.563065,0.156266,0.041695,0.041695,-6.28688e-104,0.056875,,
86.616,ekf,map,-1.84095,-0.563085,0.155027,0.0431156,0.0431156,-6.11489e-08,0.0625,,
86.616,pf,map,-1.8694,-0.510647,0.146028,0.0451388,0.0410565,0.00257115,4.72513,173.497,0
86.652,odom,map,-1.79633,-0.584043,0.148223,0,0,0,,,
86.688,odom,map,-1.79379,-0.581901,0.150453,0,0,0,,,
86.724,odom,map,-1.79125,-0.579759,0.152684,0,0,0,,,
86.76,odom,map,-1.78872,-0.577617,0.154914,0,0,0,,,
86.796,odom,map,-1.78618,-0.575475,0.157144,0,0,0,,,
86.832,odom,map,-1.7859,-0.575237,0.157392,0,0,0,,,
86.796,ekf_predict_only,map,-1.78583,-0.714375,0.273154,150.271,209.187,-64.3417,,,
86.796,ekf,map,-1.84116,-0.563129,0.151646,0.0427169,0.0427169,-3.26908e-08,0.113833,,
86.796,kf,map,-1.84113,-0.563124,0.151941,0.0416157,0.0416157,-1.7678e-105,0.116209,,
86.796,pf,map,-1.87824,-0.5394,0.152151,0.0419268,0.0401181,-2.3005e-05,5.47387,160.632,0
86.868,odom,map,-1.7859,-0.575237,0.157392,0,0,0,,,
86.904,odom,map,-1.7859,-0.575237,0.157392,0,0,0,,,
86.94,odom,map,-1.7859,-0.575237,0.157392,0,0,0,,,
86.976,odom,map,-1.7859,-0.575237,0.157392,0,0,0,,,
87.012,odom,map,-1.78632,-0.575897,0.157267,0,0,0,,,
87.012,ekf_predict_only,map,-1.78583,-0.714375,0.273154,150.471,209.387,-64.3417,,,
87.012,ekf,map,-1.84119,-0.563135,0.15115,0.0430787,0.0430787,-2.69807e-08,0.058833,,
87.012,kf,map,-1.84118,-0.563134,0.151215,0.0416929,0.0416929,-4.8797e-107,0.062084,,
87.012,pf,map,-1.89593,-0.542944,0.142375,0.0417094,0.0431842,0.00137487,4.56417,166.842,0
87.048,odom,map,-1.78772,-0.578057,0.156856,0,0,0,,,
87.084,odom,map,-1.78911,-0.580218,0.156446,0,0,0,,,
87.12,odom,map,-1.79051,-0.582379,0.156035,0,0,0,,,
87.156,odom,map,-1.7919,-0.584539,0.155625,0,0,0,,,
87.192,odom,map,-1.79329,-0.5867,0.155215,0,0,0,,,
87.228,odom,map,-1.79368,-0.5873,0.155101,0,0,0,,,
87.192,ekf_predict_only,map,-1.78583,-0.714375,0.273154,150.671,209.587,-64.3417,,,
87.192,kf,map,-1.84119,-0.563136,0.151094,0.0416156,0.0416156,-1.37214e-108,0.063792,,
87.192,ekf,map,-1.84119,-0.563136,0.151082,0.0427237,0.0427237,-1.47855e-08,0.131917,,
87.192,pf,map,-1.87483,-0.546533,0.152563,0.0369755,0.041316,0.00146196,7.01179,168.288,0
87.264,odom,map,-1.79368,-0.5873,0.155101,0,0,0,,,
87.3,odom,map,-1.79368,-0.5873,0.155101,0,0,0,,,
87.336,odom,map,-1.79368,-0.5873,0.155101,0,0,0,,,
87.372,odom,map,-1.79368,-0.5873,0.155101,0,0,0,,,
87.408,odom,map,-1.79368,-0.5873,0.155101,0,0,0,,,
87.408,ekf_predict_only,map,-1.78583,-0.714375,0.273154,150.871,209.787,-64.3417,,,
87.408,ekf,map,-1.84119,-0.563136,0.151072,0.0430899,0.0430899,-1.22331e-08,0.170208,,
87.408,kf,map,-1.84119,-0.563136,0.151074,0.0416929,0.0416929,-3.78754e-110,0.225875,,
87.408,pf,map,-1.85215,-0.549597,0.145797,0.0443782,0.0427284,0.00332195,5.03967,167.222,0
87.444,odom,map,-1.79368,-0.5873,0.155101,0,0,0,,,
87.48,odom,map,-1.79368,-0.5873,0.155101,0,0,0,,,
87.516,odom,map,-1.79368,-0.5873,0.155101,0,0,0,,,
87.552,odom,map,-1.79368,-0.5873,0.155101,0,0,0,,,
87.588,odom,map,-1.79368,-0.5873,0.155101,0,0,0,,,
87.624,odom,map,-1.79368,-0.5873,0.155101,0,0,0,,,
87.66,odom,map,-1.79368,-0.5873,0.155101,0,0,0,,,
87.696,odom,map,-1.79368,-0.5873,0.155101,0,0,0,,,
87.732,odom,map,-1.79368,-0.5873,0.155101,0,0,0,,,
87.768,odom,map,-1.79368,-0.5873,0.155101,0,0,0,,,
87.804,odom,map,-1.79368,-0.5873,0.155101,0,0,0,,,
87.84,odom,map,-1.79368,-0.5873,0.155101,0,0,0,,,
87.876,odom,map,-1.79368,-0.5873,0.155101,0,0,0,,,
87.912,odom,map,-1.79368,-0.5873,0.155101,0,0,0,,,
87.948,odom,map,-1.79368,-0.5873,0.155101,0,0,0,,,
87.984,odom,map,-1.79368,-0.5873,0.155101,0,0,0,,,
88.02,odom,map,-1.79368,-0.5873,0.155101,0,0,0,,,
88.056,odom,map,-1.79368,-0.5873,0.155101,0,0,0,,,
88.092,odom,map,-1.79368,-0.5873,0.155101,0,0,0,,,
88.128,odom,map,-1.79368,-0.5873,0.155101,0,0,0,,,
88.164,odom,map,-1.79368,-0.5873,0.155101,0,0,0,,,
88.2,odom,map,-1.79368,-0.5873,0.155101,0,0,0,,,
88.236,odom,map,-1.79368,-0.5873,0.155101,0,0,0,,,
88.272,odom,map,-1.79368,-0.5873,0.155101,0,0,0,,,
88.308,odom,map,-1.79368,-0.5873,0.155101,0,0,0,,,
88.344,odom,map,-1.79368,-0.5873,0.155101,0,0,0,,,
88.38,odom,map,-1.79368,-0.5873,0.155101,0,0,0,,,
88.416,odom,map,-1.79368,-0.5873,0.155101,0,0,0,,,
88.452,odom,map,-1.79368,-0.5873,0.155101,0,0,0,,,
88.488,odom,map,-1.79368,-0.5873,0.155101,0,0,0,,,
88.524,odom,map,-1.79368,-0.5873,0.155101,0,0,0,,,
88.56,odom,map,-1.79368,-0.5873,0.155101,0,0,0,,,
88.596,odom,map,-1.79368,-0.5873,0.155101,0,0,0,,,
88.632,odom,map,-1.79368,-0.5873,0.155101,0,0,0,,,
88.668,odom,map,-1.79368,-0.5873,0.155101,0,0,0,,,
88.704,odom,map,-1.79368,-0.5873,0.155101,0,0,0,,,
88.74,odom,map,-1.79368,-0.5873,0.155101,0,0,0,,,
88.776,odom,map,-1.79368,-0.5873,0.155101,0,0,0,,,
88.812,odom,map,-1.79368,-0.5873,0.155101,0,0,0,,,
88.848,odom,map,-1.79368,-0.5873,0.155101,0,0,0,,,
88.884,odom,map,-1.79368,-0.5873,0.155101,0,0,0,,,
88.92,odom,map,-1.79368,-0.5873,0.155101,0,0,0,,,
88.956,odom,map,-1.79368,-0.5873,0.155101,0,0,0,,,
88.992,odom,map,-1.79368,-0.5873,0.155101,0,0,0,,,
89.028,odom,map,-1.79368,-0.5873,0.155101,0,0,0,,,
89.064,odom,map,-1.79368,-0.5873,0.155101,0,0,0,,,
89.1,odom,map,-1.79368,-0.5873,0.155101,0,0,0,,,
89.136,odom,map,-1.79368,-0.5873,0.155101,0,0,0,,,
89.172,odom,map,-1.79368,-0.5873,0.155101,0,0,0,,,
89.208,odom,map,-1.79368,-0.5873,0.155101,0,0,0,,,
89.244,odom,map,-1.79368,-0.5873,0.155101,0,0,0,,,
89.28,odom,map,-1.79368,-0.5873,0.155101,0,0,0,,,
89.316,odom,map,-1.79368,-0.5873,0.155101,0,0,0,,,
89.352,odom,map,-1.79368,-0.5873,0.155101,0,0,0,,,
89.388,odom,map,-1.79368,-0.5873,0.155101,0,0,0,,,
89.424,odom,map,-1.79368,-0.5873,0.155101,0,0,0,,,
89.46,odom,map,-1.79368,-0.5873,0.155101,0,0,0,,,
89.496,odom,map,-1.79368,-0.5873,0.155101,0,0,0,,,
89.532,odom,map,-1.79368,-0.5873,0.155101,0,0,0,,,
89.568,odom,map,-1.79368,-0.5873,0.155101,0,0,0,,,
89.604,odom,map,-1.79368,-0.5873,0.155101,0,0,0,,,
89.64,odom,map,-1.79368,-0.5873,0.155101,0,0,0,,,
89.676,odom,map,-1.79368,-0.5873,0.155101,0,0,0,,,
89.712,odom,map,-1.79368,-0.5873,0.155101,0,0,0,,,
89.748,odom,map,-1.79368,-0.5873,0.155101,0,0,0,,,
89.784,odom,map,-1.79368,-0.5873,0.155101,0,0,0,,,
89.82,odom,map,-1.79368,-0.5873,0.155101,0,0,0,,,
89.856,odom,map,-1.79368,-0.5873,0.155101,0,0,0,,,
89.892,odom,map,-1.79368,-0.5873,0.155101,0,0,0,,,
89.928,odom,map,-1.79368,-0.5873,0.155101,0,0,0,,,
89.964,odom,map,-1.79368,-0.5873,0.155101,0,0,0,,,
90,odom,map,-1.79368,-0.5873,0.155101,0,0,0,,,
90.036,odom,map,-1.79368,-0.5873,0.155101,0,0,0,,,
90.072,odom,map,-1.79368,-0.5873,0.155101,0,0,0,,,
90.108,odom,map,-1.79368,-0.5873,0.155101,0,0,0,,,
90.144,odom,map,-1.79368,-0.5873,0.155101,0,0,0,,,
90.18,odom,map,-1.79368,-0.5873,0.155101,0,0,0,,,
90.216,odom,map,-1.79368,-0.5873,0.155101,0,0,0,,,
90.252,odom,map,-1.79368,-0.5873,0.155101,0,0,0,,,
90.288,odom,map,-1.79368,-0.5873,0.155101,0,0,0,,,
90.324,odom,map,-1.79368,-0.5873,0.155101,0,0,0,,,
90.36,odom,map,-1.79368,-0.5873,0.155101,0,0,0,,,
90.396,odom,map,-1.79368,-0.5873,0.155101,0,0,0,,,
90.432,odom,map,-1.79368,-0.5873,0.155101,0,0,0,,,
90.468,odom,map,-1.79368,-0.5873,0.155101,0,0,0,,,
90.504,odom,map,-1.79368,-0.5873,0.155101,0,0,0,,,
90.54,odom,map,-1.79368,-0.5873,0.155101,0,0,0,,,
90.576,odom,map,-1.79368,-0.5873,0.155101,0,0,0,,,
90.612,odom,map,-1.79368,-0.5873,0.155101,0,0,0,,,
90.648,odom,map,-1.79368,-0.5873,0.155101,0,0,0,,,
90.684,odom,map,-1.79368,-0.5873,0.155101,0,0,0,,,
90.72,odom,map,-1.79368,-0.5873,0.155101,0,0,0,,,
90.756,odom,map,-1.79368,-0.5873,0.155101,0,0,0,,,
90.792,odom,map,-1.79368,-0.5873,0.155101,0,0,0,,,
90.828,odom,map,-1.79368,-0.5873,0.155101,0,0,0,,,
90.864,odom,map,-1.79368,-0.5873,0.155101,0,0,0,,,
90.9,odom,map,-1.79368,-0.5873,0.155101,0,0,0,,,
90.936,odom,map,-1.79368,-0.5873,0.155101,0,0,0,,,
90.972,odom,map,-1.79368,-0.5873,0.155101,0,0,0,,,
91.008,odom,map,-1.79368,-0.5873,0.155101,0,0,0,,,
91.044,odom,map,-1.79368,-0.5873,0.155101,0,0,0,,,
91.08,odom,map,-1.79368,-0.5873,0.155101,0,0,0,,,
91.116,odom,map,-1.79368,-0.5873,0.155101,0,0,0,,,
91.152,odom,map,-1.79368,-0.5873,0.155101,0,0,0,,,
91.188,odom,map,-1.79368,-0.5873,0.155101,0,0,0,,,
91.224,odom,map,-1.79368,-0.5873,0.155101,0,0,0,,,
91.26,odom,map,-1.79368,-0.5873,0.155101,0,0,0,,,
91.296,odom,map,-1.79368,-0.5873,0.155101,0,0,0,,,
91.332,odom,map,-1.79368,-0.5873,0.155101,0,0,0,,,
91.368,odom,map,-1.79368,-0.5873,0.155101,0,0,0,,,
91.404,odom,map,-1.79368,-0.5873,0.155101,0,0,0,,,
91.44,odom,map,-1.79368,-0.5873,0.155101,0,0,0,,,
91.476,odom,map,-1.79368,-0.5873,0.155101,0,0,0,,,
91.512,odom,map,-1.79368,-0.5873,0.155101,0,0,0,,,
91.548,odom,map,-1.79368,-0.5873,0.155101,0,0,0,,,
91.584,odom,map,-1.79368,-0.5873,0.155101,0,0,0,,,
91.62,odom,map,-1.79368,-0.5873,0.155101,0,0,0,,,
91.656,odom,map,-1.79368,-0.5873,0.155101,0,0,0,,,
91.692,odom,map,-1.79368,-0.5873,0.155101,0,0,0,,,
91.728,odom,map,-1.79368,-0.5873,0.155101,0,0,0,,,
91.764,odom,map,-1.79368,-0.5873,0.155101,0,0,0,,,
91.8,odom,map,-1.79368,-0.5873,0.155101,0,0,0,,,
91.836,odom,map,-1.79368,-0.5873,0.155101,0,0,0,,,
91.872,odom,map,-1.79368,-0.5873,0.155101,0,0,0,,,
91.908,odom,map,-1.79368,-0.5873,0.155101,0,0,0,,,
91.944,odom,map,-1.79368,-0.5873,0.155101,0,0,0,,,
91.98,odom,map,-1.79368,-0.5873,0.155101,0,0,0,,,
92.016,odom,map,-1.79368,-0.5873,0.155101,0,0,0,,,
92.052,odom,map,-1.79368,-0.5873,0.155101,0,0,0,,,
92.088,odom,map,-1.79368,-0.5873,0.155101,0,0,0,,,
92.124,odom,map,-1.79368,-0.5873,0.155101,0,0,0,,,
92.16,odom,map,-1.79368,-0.5873,0.155101,0,0,0,,,
92.196,odom,map,-1.79368,-0.5873,0.155101,0,0,0,,,
92.232,odom,map,-1.79368,-0.5873,0.155101,0,0,0,,,
92.268,odom,map,-1.79368,-0.5873,0.155101,0,0,0,,,
92.304,odom,map,-1.79368,-0.5873,0.155101,0,0,0,,,
92.34,odom,map,-1.79368,-0.5873,0.155101,0,0,0,,,
92.376,odom,map,-1.79368,-0.5873,0.155101,0,0,0,,,
92.412,odom,map,-1.79368,-0.5873,0.155101,0,0,0,,,
92.448,odom,map,-1.79368,-0.5873,0.155101,0,0,0,,,
92.484,odom,map,-1.79368,-0.5873,0.155101,0,0,0,,,
92.52,odom,map,-1.79368,-0.5873,0.155101,0,0,0,,,
92.556,odom,map,-1.79368,-0.5873,0.155101,0,0,0,,,
92.592,odom,map,-1.79368,-0.5873,0.155101,0,0,0,,,
92.628,odom,map,-1.79368,-0.5873,0.155101,0,0,0,,,
92.664,odom,map,-1.79368,-0.5873,0.155101,0,0,0,,,
92.7,odom,map,-1.79368,-0.5873,0.155101,0,0,0,,,
92.736,odom,map,-1.79368,-0.5873,0.155101,0,0,0,,,
92.772,odom,map,-1.79368,-0.5873,0.155101,0,0,0,,,
92.808,odom,map,-1.79368,-0.5873,0.155101,0,0,0,,,
92.844,odom,map,-1.79368,-0.5873,0.155101,0,0,0,,,
92.88,odom,map,-1.79368,-0.5873,0.155101,0,0,0,,,
92.916,odom,map,-1.79368,-0.5873,0.155101,0,0,0,,,
92.952,odom,map,-1.79368,-0.5873,0.155101,0,0,0,,,
92.988,odom,map,-1.79368,-0.5873,0.155101,0,0,0,,,
93.024,odom,map,-1.79368,-0.5873,0.155101,0,0,0,,,
93.06,odom,map,-1.79368,-0.5873,0.155101,0,0,0,,,
93.096,odom,map,-1.79368,-0.5873,0.155101,0,0,0,,,
93.132,odom,map,-1.79368,-0.5873,0.155101,0,0,0,,,
93.168,odom,map,-1.79368,-0.5873,0.155101,0,0,0,,,
93.204,odom,map,-1.79368,-0.5873,0.155101,0,0,0,,,
93.24,odom,map,-1.79368,-0.5873,0.155101,0,0,0,,,
93.276,odom,map,-1.79368,-0.5873,0.155101,0,0,0,,,
93.312,odom,map,-1.79368,-0.5873,0.155101,0,0,0,,,
93.348,odom,map,-1.79368,-0.5873,0.155101,0,0,0,,,
93.384,odom,map,-1.79368,-0.5873,0.155101,0,0,0,,,
93.42,odom,map,-1.79368,-0.5873,0.155101,0,0,0,,,
93.456,odom,map,-1.79368,-0.5873,0.155101,0,0,0,,,
93.492,odom,map,-1.79368,-0.5873,0.155101,0,0,0,,,
93.528,odom,map,-1.79368,-0.5873,0.155101,0,0,0,,,
93.564,odom,map,-1.79368,-0.5873,0.155101,0,0,0,,,
93.6,odom,map,-1.79368,-0.5873,0.155101,0,0,0,,,
93.636,odom,map,-1.79368,-0.5873,0.155101,0,0,0,,,
93.672,odom,map,-1.79368,-0.5873,0.155101,0,0,0,,,
93.708,odom,map,-1.79368,-0.5873,0.155101,0,0,0,,,
93.744,odom,map,-1.79368,-0.5873,0.155101,0,0,0,,,
93.78,odom,map,-1.79368,-0.5873,0.155101,0,0,0,,,
93.816,odom,map,-1.79368,-0.5873,0.155101,0,0,0,,,
93.852,odom,map,-1.79368,-0.5873,0.155101,0,0,0,,,
93.888,odom,map,-1.79368,-0.5873,0.155101,0,0,0,,,
93.924,odom,map,-1.79368,-0.5873,0.155101,0,0,0,,,
93.96,odom,map,-1.79368,-0.5873,0.155101,0,0,0,,,
93.996,odom,map,-1.79368,-0.5873,0.155101,0,0,0,,,
94.032,odom,map,-1.79368,-0.5873,0.155101,0,0,0,,,
94.068,odom,map,-1.79368,-0.5873,0.155101,0,0,0,,,
94.104,odom,map,-1.79368,-0.5873,0.155101,0,0,0,,,
94.14,odom,map,-1.79368,-0.5873,0.155101,0,0,0,,,
94.176,odom,map,-1.79368,-0.5873,0.155101,0,0,0,,,
94.212,odom,map,-1.79368,-0.5873,0.155101,0,0,0,,,
94.248,odom,map,-1.79368,-0.5873,0.155101,0,0,0,,,
94.284,odom,map,-1.79368,-0.5873,0.155101,0,0,0,,,
94.32,odom,map,-1.79368,-0.5873,0.155101,0,0,0,,,
94.356,odom,map,-1.79368,-0.5873,0.155101,0,0,0,,,
94.392,odom,map,-1.79368,-0.5873,0.155101,0,0,0,,,
94.428,odom,map,-1.79368,-0.5873,0.155101,0,0,0,,,
94.464,odom,map,-1.79368,-0.5873,0.155101,0,0,0,,,
94.5,odom,map,-1.79368,-0.5873,0.155101,0,0,0,,,
94.536,odom,map,-1.79368,-0.5873,0.155101,0,0,0,,,
94.572,odom,map,-1.79368,-0.5873,0.155101,0,0,0,,,
94.608,odom,map,-1.79368,-0.5873,0.155101,0,0,0,,,
94.644,odom,map,-1.79368,-0.5873,0.155101,0,0,0,,,
94.68,odom,map,-1.79368,-0.5873,0.155101,0,0,0,,,
94.716,odom,map,-1.79368,-0.5873,0.155101,0,0,0,,,
94.752,odom,map,-1.79368,-0.5873,0.155101,0,0,0,,,
94.788,odom,map,-1.79368,-0.5873,0.155101,0,0,0,,,
94.824,odom,map,-1.79368,-0.5873,0.155101,0,0,0,,,
94.86,odom,map,-1.79368,-0.5873,0.155101,0,0,0,,,
94.896,odom,map,-1.79368,-0.5873,0.155101,0,0,0,,,
94.932,odom,map,-1.79368,-0.5873,0.155101,0,0,0,,,
94.968,odom,map,-1.79368,-0.5873,0.155101,0,0,0,,,
95.004,odom,map,-1.79368,-0.5873,0.155101,0,0,0,,,
95.04,odom,map,-1.79368,-0.5873,0.155101,0,0,0,,,
95.076,odom,map,-1.79368,-0.5873,0.155101,0,0,0,,,
95.112,odom,map,-1.79368,-0.5873,0.155101,0,0,0,,,
95.148,odom,map,-1.79368,-0.5873,0.155101,0,0,0,,,
95.184,odom,map,-1.79368,-0.5873,0.155101,0,0,0,,,
95.22,odom,map,-1.79368,-0.5873,0.155101,0,0,0,,,
95.256,odom,map,-1.79368,-0.5873,0.155101,0,0,0,,,
95.292,odom,map,-1.79368,-0.5873,0.155101,0,0,0,,,
95.328,odom,map,-1.79368,-0.5873,0.155101,0,0,0,,,
95.364,odom,map,-1.79368,-0.5873,0.155101,0,0,0,,,
95.4,odom,map,-1.79368,-0.5873,0.155101,0,0,0,,,
95.436,odom,map,-1.79368,-0.5873,0.155101,0,0,0,,,
95.472,odom,map,-1.79368,-0.5873,0.155101,0,0,0,,,
95.508,odom,map,-1.79368,-0.5873,0.155101,0,0,0,,,
95.544,odom,map,-1.79368,-0.5873,0.155101,0,0,0,,,
95.58,odom,map,-1.79368,-0.5873,0.155101,0,0,0,,,
95.616,odom,map,-1.79368,-0.5873,0.155101,0,0,0,,,
95.652,odom,map,-1.79368,-0.5873,0.155101,0,0,0,,,
95.688,odom,map,-1.79368,-0.5873,0.155101,0,0,0,,,
95.724,odom,map,-1.79368,-0.5873,0.155101,0,0,0,,,
95.76,odom,map,-1.79368,-0.5873,0.155101,0,0,0,,,
95.796,odom,map,-1.79368,-0.5873,0.155101,0,0,0,,,
