time,source,frame,x,y,theta,cov_xx,cov_yy,cov_xy,runtime_ms,ess,resampling_triggered
3.801,amcl,map,-1.97048,-0.520246,-0.0124914,0.181239,0.2198,-0.00955807,,,
4.8,amcl,map,-2.00126,-0.508438,0.0060953,0.155944,0.201996,-0.00544786,,,
4.86,odom,map,-1.97048,-0.520246,-0.0124914,0,0,0,,,
4.896,odom,map,-1.97048,-0.520246,-0.0124914,0,0,0,,,
4.932,odom,map,-1.97048,-0.520246,-0.0124914,0,0,0,,,
4.968,odom,map,-1.97048,-0.520246,-0.0124914,0,0,0,,,
5.004,odom,map,-1.97048,-0.520246,-0.0124914,0,0,0,,,
5.04,odom,map,-1.97048,-0.520246,-0.0124914,0,0,0,,,
5.076,odom,map,-1.97048,-0.520246,-0.0124914,0,0,0,,,
5.112,odom,map,-1.97048,-0.520246,-0.0124914,0,0,0,,,
5.148,odom,map,-1.97048,-0.520246,-0.0124914,0,0,0,,,
5.184,odom,map,-1.97048,-0.520246,-0.0124914,0,0,0,,,
5.22,odom,map,-1.97048,-0.520246,-0.0124914,0,0,0,,,
5.256,odom,map,-1.97048,-0.520246,-0.0124914,0,0,0,,,
5.292,odom,map,-1.97048,-0.520246,-0.0124914,0,0,0,,,
5.328,odom,map,-1.97048,-0.520246,-0.0124914,0,0,0,,,
5.364,odom,map,-1.97048,-0.520246,-0.0124914,0,0,0,,,
5.4,odom,map,-1.97048,-0.520246,-0.0124914,0,0,0,,,
5.436,odom,map,-1.97048,-0.520246,-0.0124914,0,0,0,,,
5.472,odom,map,-1.97048,-0.520246,-0.0124914,0,0,0,,,
5.508,odom,map,-1.97048,-0.520246,-0.0124914,0,0,0,,,
5.544,odom,map,-1.97048,-0.520246,-0.0124914,0,0,0,,,
5.58,odom,map,-1.97048,-0.520246,-0.0124914,0,0,0,,,
5.616,odom,map,-1.97266,-0.519412,-0.0111772,0,0,0,,,
5.652,odom,map,-1.97825,-0.517265,-0.00779782,0,0,0,,,
5.688,odom,map,-1.98385,-0.515118,-0.00441841,0,0,0,,,
5.724,odom,map,-1.98945,-0.512971,-0.00103901,0,0,0,,,
5.76,odom,map,-1.99504,-0.510824,0.0023404,0,0,0,,,
5.796,odom,map,-2.00064,-0.508677,0.00571981,0,0,0,,,
5.832,odom,map,-2.00126,-0.508438,0.0060953,0,0,0,,,
5.802,amcl,map,-1.97407,-0.519198,-0.000599813,0.195482,0.242841,-0.0116446,,,
5.868,odom,map,-2.00126,-0.508438,0.0060953,0,0,0,,,
5.904,odom,map,-2.00126,-0.508438,0.0060953,0,0,0,,,
5.94,odom,map,-2.00126,-0.508438,0.0060953,0,0,0,,,
5.976,odom,map,-2.00126,-0.508438,0.0060953,0,0,0,,,
6.012,odom,map,-2.00126,-0.508438,0.0060953,0,0,0,,,
6.048,odom,map,-2.00126,-0.508438,0.0060953,0,0,0,,,
6.084,odom,map,-2.00126,-0.508438,0.0060953,0,0,0,,,
6.12,odom,map,-2.00126,-0.508438,0.0060953,0,0,0,,,
6.156,odom,map,-2.00126,-0.508438,0.0060953,0,0,0,,,
6.192,odom,map,-2.00126,-0.508438,0.0060953,0,0,0,,,
6.228,odom,map,-2.00126,-0.508438,0.0060953,0,0,0,,,
6.264,odom,map,-2.00126,-0.508438,0.0060953,0,0,0,,,
6.3,odom,map,-2.00126,-0.508438,0.0060953,0,0,0,,,
6.336,odom,map,-2.00126,-0.508438,0.0060953,0,0,0,,,
6.372,odom,map,-2.00126,-0.508438,0.0060953,0,0,0,,,
6.408,odom,map,-2.00126,-0.508438,0.0060953,0,0,0,,,
6.444,odom,map,-2.00126,-0.508438,0.0060953,0,0,0,,,
6.48,odom,map,-2.00126,-0.508438,0.0060953,0,0,0,,,
6.516,odom,map,-2.00126,-0.508438,0.0060953,0,0,0,,,
6.552,odom,map,-2.00126,-0.508438,0.0060953,0,0,0,,,
6.588,odom,map,-2.00126,-0.508438,0.0060953,0,0,0,,,
6.624,odom,map,-1.99815,-0.509669,0.00532919,0,0,0,,,
6.66,odom,map,-1.99328,-0.511596,0.00413006,0,0,0,,,
6.696,odom,map,-1.98841,-0.513524,0.00293094,0,0,0,,,
6.732,odom,map,-1.98354,-0.515451,0.00173182,0,0,0,,,
6.768,odom,map,-1.97867,-0.517378,0.000532692,0,0,0,,,
6.804,odom,map,-1.97407,-0.519198,-0.000599813,0,0,0,,,
6.801,amcl,map,-1.97375,-0.46688,-0.00594178,0.177027,0.233263,-0.0151481,,,
6.84,odom,map,-1.97407,-0.519198,-0.000599813,0,0,0,,,
6.876,odom,map,-1.97407,-0.519198,-0.000599813,0,0,0,,,
6.912,odom,map,-1.97407,-0.519198,-0.000599813,0,0,0,,,
6.948,odom,map,-1.97407,-0.519198,-0.000599813,0,0,0,,,
6.984,odom,map,-1.97407,-0.519198,-0.000599813,0,0,0,,,
7.02,odom,map,-1.97407,-0.519198,-0.000599813,0,0,0,,,
7.056,odom,map,-1.97407,-0.519198,-0.000599813,0,0,0,,,
7.092,odom,map,-1.97407,-0.519198,-0.000599813,0,0,0,,,
7.128,odom,map,-1.97407,-0.519198,-0.000599813,0,0,0,,,
7.164,odom,map,-1.97407,-0.519198,-0.000599813,0,0,0,,,
7.2,odom,map,-1.97407,-0.519198,-0.000599813,0,0,0,,,
7.236,odom,map,-1.97407,-0.519198,-0.000599813,0,0,0,,,
7.272,odom,map,-1.97407,-0.519198,-0.000599813,0,0,0,,,
7.308,odom,map,-1.97407,-0.519198,-0.000599813,0,0,0,,,
7.344,odom,map,-1.97407,-0.519198,-0.000599813,0,0,0,,,
7.38,odom,map,-1.97407,-0.519198,-0.000599813,0,0,0,,,
7.416,odom,map,-1.97407,-0.519198,-0.000599813,0,0,0,,,
7.452,odom,map,-1.97407,-0.519198,-0.000599813,0,0,0,,,
7.488,odom,map,-1.97407,-0.519198,-0.000599813,0,0,0,,,
7.524,odom,map,-1.97407,-0.519198,-0.000599813,0,0,0,,,
7.56,odom,map,-1.97407,-0.519198,-0.000599813,0,0,0,,,
7.596,odom,map,-1.97407,-0.519198,-0.000599813,0,0,0,,,
7.632,odom,map,-1.97402,-0.510869,-0.00145028,0,0,0,,,
7.668,odom,map,-1.97396,-0.501498,-0.00240705,0,0,0,,,
7.704,odom,map,-1.9739,-0.492128,-0.00336382,0,0,0,,,
7.74,odom,map,-1.97384,-0.482758,-0.00432059,0,0,0,,,
7.776,odom,map,-1.97379,-0.473388,-0.00527736,0,0,0,,,
7.812,odom,map,-1.97375,-0.46688,-0.00594178,0,0,0,,,
7.8,amcl,map,-1.9716,-0.49173,0.000255045,0.187057,0.219169,-0.0131074,,,
7.848,odom,map,-1.97375,-0.46688,-0.00594178,0,0,0,,,
7.884,odom,map,-1.97375,-0.46688,-0.00594178,0,0,0,,,
7.92,odom,map,-1.97375,-0.46688,-0.00594178,0,0,0,,,
7.956,odom,map,-1.97375,-0.46688,-0.00594178,0,0,0,,,
7.992,odom,map,-1.97375,-0.46688,-0.00594178,0,0,0,,,
8.028,odom,map,-1.97375,-0.46688,-0.00594178,0,0,0,,,
8.064,odom,map,-1.97375,-0.46688,-0.00594178,0,0,0,,,
8.1,odom,map,-1.97375,-0.46688,-0.00594178,0,0,0,,,
8.136,odom,map,-1.97375,-0.46688,-0.00594178,0,0,0,,,
8.172,odom,map,-1.97375,-0.46688,-0.00594178,0,0,0,,,
8.208,odom,map,-1.97375,-0.46688,-0.00594178,0,0,0,,,
8.244,odom,map,-1.97375,-0.46688,-0.00594178,0,0,0,,,
8.28,odom,map,-1.97375,-0.46688,-0.00594178,0,0,0,,,
8.316,odom,map,-1.97375,-0.46688,-0.00594178,0,0,0,,,
8.352,odom,map,-1.97375,-0.46688,-0.00594178,0,0,0,,,
8.388,odom,map,-1.97375,-0.46688,-0.00594178,0,0,0,,,
8.424,odom,map,-1.97375,-0.46688,-0.00594178,0,0,0,,,
8.46,odom,map,-1.97375,-0.46688,-0.00594178,0,0,0,,,
8.496,odom,map,-1.97375,-0.46688,-0.00594178,0,0,0,,,
8.532,odom,map,-1.97375,-0.46688,-0.00594178,0,0,0,,,
8.568,odom,map,-1.97375,-0.46688,-0.00594178,0,0,0,,,
8.604,odom,map,-1.97373,-0.467131,-0.00587919,0,0,0,,,
8.64,odom,map,-1.97334,-0.47165,-0.00475249,0,0,0,,,
8.676,odom,map,-1.97295,-0.476168,-0.0036258,0,0,0,,,
8.712,odom,map,-1.97256,-0.480686,-0.0024991,0,0,0,,,
8.748,odom,map,-1.97217,-0.485204,-0.0013724,0,0,0,,,
8.784,odom,map,-1.97178,-0.489722,-0.000245709,0,0,0,,,
8.82,odom,map,-1.9716,-0.49173,0.000255045,0,0,0,,,
8.856,odom,map,-1.9716,-0.49173,0.000255045,0,0,0,,,
8.892,odom,map,-1.9716,-0.49173,0.000255045,0,0,0,,,
8.928,odom,map,-1.9716,-0.49173,0.000255045,0,0,0,,,
8.964,odom,map,-1.9716,-0.49173,0.000255045,0,0,0,,,
9,odom,map,-1.9716,-0.49173,0.000255045,0,0,0,,,
9,ekf_predict_only,map,-2,-0.5,0,0.15,0.15,0,,,
9,ekf,map,-2,-0.5,1.11524e-21,0.0671771,0.0671771,0,0.06025,,
9,kf,map,-2,-0.5,1.11524e-21,0.0671771,0.0671771,0,0.067166,,
9,pf,map,-1.99009,-0.502384,-0.0422317,0.100297,0.0891862,0.00759824,5.87246,82.1975,0
9.036,odom,map,-1.9716,-0.49173,0.000255045,0,0,0,,,
9.072,odom,map,-1.9716,-0.49173,0.000255045,0,0,0,,,
9.108,odom,map,-1.9716,-0.49173,0.000255045,0,0,0,,,
9.144,odom,map,-1.9716,-0.49173,0.000255045,0,0,0,,,
9.18,odom,map,-1.9716,-0.49173,0.000255045,0,0,0,,,
9.216,ekf_predict_only,map,-2,-0.5,0,0.25,0.25,0,,,
9.216,odom,map,-1.9716,-0.49173,0.000255045,0,0,0,,,
9.216,ekf,map,-2,-0.5,3.71601e-21,0.0642218,0.0642218,0,0.0565,,
9.216,kf,map,-2,-0.5,3.6752e-21,0.063214,0.063214,0,0.063208,,
9.216,pf,map,-1.98276,-0.510662,-0.0182437,0.0671914,0.0639893,0.0015292,6.94404,396.655,0
9.252,odom,map,-1.9716,-0.49173,0.000255045,0,0,0,,,
9.288,odom,map,-1.9716,-0.49173,0.000255045,0,0,0,,,
9.324,odom,map,-1.9716,-0.49173,0.000255045,0,0,0,,,
9.36,odom,map,-1.9716,-0.49173,0.000255045,0,0,0,,,
9.396,odom,map,-1.9716,-0.49173,0.000255045,0,0,0,,,
9.432,odom,map,-1.9716,-0.49173,0.000255045,0,0,0,,,
9.396,ekf,map,-2,-0.5,-2.7401e-22,0.0642905,0.0642905,0,0.17775,,
9.396,kf,map,-2,-0.5,-1.76345e-22,0.0624701,0.0624701,0,0.057667,,
9.396,ekf_predict_only,map,-2,-0.5,0,0.35,0.35,0,,,
9.396,pf,map,-2.00157,-0.508758,0.00658848,0.0650304,0.0665819,0.00128495,8.95483,483.876,0
9.468,odom,map,-1.9716,-0.49173,0.000255045,0,0,0,,,
9.504,odom,map,-1.9716,-0.49173,0.000255045,0,0,0,,,
9.54,odom,map,-1.9716,-0.49173,0.000255045,0,0,0,,,
9.576,odom,map,-1.9716,-0.49173,0.000255045,0,0,0,,,
9.612,odom,map,-1.9716,-0.49173,0.000255045,0,0,0,,,
9.612,ekf_predict_only,map,-2,-0.5,0,0.45,0.45,0,,,
9.612,ekf,map,-2,-0.5,-1.55033e-21,0.0658056,0.0658056,0,0.103917,,
9.612,kf,map,-2,-0.5,-1.45093e-21,0.0625658,0.0625658,0,0.061625,,
9.612,pf,map,-1.98882,-0.514864,0.0105848,0.0618507,0.0634312,0.00309634,5.66808,467.731,0
9.648,odom,map,-1.9716,-0.49173,0.000255045,0,0,0,,,
9.684,odom,map,-1.9716,-0.49173,0.000255045,0,0,0,,,
9.72,odom,map,-1.9716,-0.49173,0.000255045,0,0,0,,,
9.756,odom,map,-1.97111,-0.49173,0.000605588,0,0,0,,,
9.792,odom,map,-1.96933,-0.491728,0.00132388,0,0,0,,,
9.828,odom,map,-1.96652,-0.491723,0.00220764,0,0,0,,,
9.792,ekf_predict_only,map,-1.9856,-0.5,0.00441881,0.55,0.550046,0,,,
9.792,kf,map,-1.99316,-0.499999,0.00232914,0.0623786,0.0623786,0,0.0605,,
9.792,ekf,map,-1.99358,-0.500003,0.0022128,0.0658516,0.0658522,8.99516e-28,0.054708,,
9.792,pf,map,-2.00076,-0.502552,0.00613171,0.0590283,0.0554696,0.00626253,5.65487,488.098,0
9.864,odom,map,-1.96305,-0.491715,0.00237197,0,0,0,,,
9.9,odom,map,-1.95864,-0.491705,0.00189002,0,0,0,,,
9.936,odom,map,-1.95351,-0.491698,0.000946043,0,0,0,,,
9.972,odom,map,-1.94776,-0.491696,-0.000151631,0,0,0,,,
10.008,odom,map,-1.94173,-0.491701,-0.00174372,0,0,0,,,
10.008,ekf_predict_only,map,-1.94472,-0.499819,-0.0110497,0.65,0.650756,-2.56578e-06,,,
10.008,ekf,map,-1.96443,-0.499913,-0.00568342,0.0672705,0.0672776,-1.13208e-08,0.057,,
10.008,kf,map,-1.96345,-0.49995,-0.00617059,0.062553,0.062553,0,0.66725,,
10.008,pf,map,-1.96417,-0.501454,-0.000375563,0.0582866,0.0621604,0.00266626,8.70429,503.743,0
10.044,odom,map,-1.93509,-0.49172,-0.00419674,0,0,0,,,
10.08,odom,map,-1.92828,-0.491758,-0.00677483,0,0,0,,,
10.116,odom,map,-1.92119,-0.491816,-0.00961753,0,0,0,,,
10.152,odom,map,-1.9137,-0.491899,-0.012819,0,0,0,,,
10.188,odom,map,-1.90583,-0.492014,-0.016378,0,0,0,,,
10.188,ekf_predict_only,map,-1.90509,-0.500257,-0.0291758,0.75,0.752384,7.27644e-06,,,
10.188,kf,map,-1.93031,-0.500261,-0.0195163,0.0623767,0.0623767,0,0.063458,,
10.224,odom,map,-1.89791,-0.492158,-0.0200032,0,0,0,,,
10.188,ekf,map,-1.9311,-0.500213,-0.0190163,0.0668,0.0668155,1.87208e-08,0.075834,,
10.188,pf,map,-1.93634,-0.502573,-0.0109327,0.0588893,0.0606214,0.00309963,10.3592,468.872,0
10.26,odom,map,-1.88976,-0.492336,-0.0236103,0,0,0,,,
10.296,odom,map,-1.88131,-0.492552,-0.0274096,0,0,0,,,
10.332,odom,map,-1.87283,-0.492801,-0.031252,0,0,0,,,
10.368,odom,map,-1.86412,-0.49309,-0.0351547,0,0,0,,,
10.404,odom,map,-1.85517,-0.493423,-0.0394059,0,0,0,,,
10.404,ekf_predict_only,map,-1.85129,-0.501827,-0.0551755,0.850001,0.856349,8.56659e-05,,,
10.404,ekf,map,-1.88156,-0.501535,-0.0413743,0.0680443,0.0680793,2.61549e-07,0.102417,,
10.404,kf,map,-1.88092,-0.501569,-0.0418535,0.0625528,0.0625528,0,0.06425,,
10.404,pf,map,-1.89262,-0.501554,-0.033889,0.0597233,0.0638346,0.00152104,13.6955,481.394,0
10.44,odom,map,-1.84616,-0.493799,-0.0438518,0,0,0,,,
10.476,odom,map,-1.83711,-0.494216,-0.0483781,0,0,0,,,
10.512,odom,map,-1.82797,-0.49468,-0.0530533,0,0,0,,,
10.548,odom,map,-1.81876,-0.49519,-0.057674,0,0,0,,,
10.584,odom,map,-1.80946,-0.495749,-0.0621713,0,0,0,,,
10.62,odom,map,-1.80014,-0.49635,-0.0666457,0,0,0,,,
10.584,kf,map,-1.83651,-0.503858,-0.0631033,0.0623767,0.0623767,0,0.180083,,
10.584,ekf,map,-1.83689,-0.503858,-0.0628604,0.0672736,0.0673159,6.9664e-07,0.080458,,
10.584,ekf_predict_only,map,-1.80467,-0.504402,-0.0775477,0.950007,0.961625,0.00028792,,,
10.584,pf,map,-1.83958,-0.517874,-0.0580708,0.0701564,0.0628359,0.00150789,6.66533,476.6,0
10.656,odom,map,-1.79086,-0.49699,-0.0712256,0,0,0,,,
10.692,odom,map,-1.78149,-0.49768,-0.0757798,0,0,0,,,
10.728,odom,map,-1.77203,-0.49842,-0.0803673,0,0,0,,,
10.764,odom,map,-1.76256,-0.499205,-0.0850213,0,0,0,,,
10.8,odom,map,-1.75307,-0.500035,-0.0893604,0,0,0,,,
10.8,kf,map,-1.78038,-0.508046,-0.0892102,0.0625527,0.0625527,0,0.070542,,
10.8,ekf_predict_only,map,-1.74676,-0.508902,-0.102978,1.05003,1.07089,0.000810574,,,
10.8,ekf,map,-1.78067,-0.5081,-0.0892002,0.0684155,0.0684802,1.93167e-06,0.110875,,
10.8,pf,map,-1.77207,-0.502578,-0.103673,0.0623764,0.0639781,-0.00318324,6.31192,481.093,0
10.836,odom,map,-1.74349,-0.500915,-0.0936054,0,0,0,,,
10.872,odom,map,-1.73385,-0.50184,-0.0978437,0,0,0,,,
10.908,odom,map,-1.72433,-0.502794,-0.101906,0,0,0,,,
10.944,odom,map,-1.71487,-0.50378,-0.105702,0,0,0,,,
10.98,odom,map,-1.70543,-0.504799,-0.109385,0,0,0,,,
11.016,odom,map,-1.69602,-0.50585,-0.113051,0,0,0,,,
11.016,ekf,map,-1.7243,-0.513885,-0.11265,0.0687568,0.0688325,3.38113e-06,0.062083,,
11.016,kf,map,-1.72417,-0.513786,-0.11252,0.0625774,0.0625774,0,0.437708,,
11.016,ekf_predict_only,map,-1.69021,-0.514746,-0.124973,1.1501,1.18313,0.00174809,,,
11.016,pf,map,-1.71389,-0.499848,-0.110755,0.0649152,0.0659185,-0.00124662,10.6271,483.286,0
11.001,amcl,map,-1.68683,-0.505665,-0.116172,0.148961,0.192205,-0.0167022,,,
11.052,odom,map,-1.68664,-0.506932,-0.11654,0,0,0,,,
11.088,odom,map,-1.6773,-0.50804,-0.119644,0,0,0,,,
11.124,odom,map,-1.66797,-0.509177,-0.122712,0,0,0,,,
11.16,odom,map,-1.65859,-0.510347,-0.125611,0,0,0,,,
11.196,odom,map,-1.64918,-0.511549,-0.128241,0,0,0,,,
11.232,odom,map,-1.63967,-0.512786,-0.130521,0,0,0,,,
11.196,ekf,map,-1.67726,-0.519728,-0.126979,0.067557,0.067625,4.13298e-06,0.129542,,
11.196,kf,map,-1.67716,-0.519629,-0.126686,0.0623802,0.0623802,0,0.055959,,
11.196,ekf_predict_only,map,-1.64257,-0.52073,-0.136138,1.2502,1.29615,0.00297576,,,
11.196,pf,map,-1.67221,-0.537489,-0.135489,0.0663512,0.0666851,0.00587814,4.60633,476.618,0
11.268,odom,map,-1.63015,-0.514046,-0.132754,0,0,0,,,
11.304,odom,map,-1.62066,-0.515325,-0.134871,0,0,0,,,
11.34,odom,map,-1.61111,-0.516629,-0.1367,0,0,0,,,
11.376,odom,map,-1.60144,-0.517967,-0.138278,0,0,0,,,
11.412,odom,map,-1.59171,-0.519329,-0.139759,0,0,0,,,
11.412,kf,map,-1.61957,-0.527464,-0.138352,0.0625532,0.0625532,0,0.185125,,
11.412,ekf_predict_only,map,-1.58416,-0.528732,-0.145028,1.3504,1.4158,0.00506975,,,
11.412,ekf,map,-1.6197,-0.527566,-0.138713,0.0685702,0.0686556,6.85708e-06,0.055083,,
11.412,pf,map,-1.61356,-0.535521,-0.137483,0.0631796,0.0594353,-0.00186947,4.74304,461.131,0
11.448,odom,map,-1.5819,-0.520715,-0.140941,0,0,0,,,
11.484,odom,map,-1.57202,-0.522122,-0.141905,0,0,0,,,
11.52,odom,map,-1.56188,-0.523575,-0.142576,0,0,0,,,
11.556,odom,map,-1.55159,-0.525054,-0.143135,0,0,0,,,
11.592,odom,map,-1.54109,-0.52657,-0.14335,0,0,0,,,
11.592,ekf_predict_only,map,-1.52941,-0.536728,-0.143959,1.45069,1.53822,0.00768982,,,
11.628,odom,map,-1.53022,-0.528138,-0.143182,0,0,0,,,
11.592,ekf,map,-1.56801,-0.535075,-0.141673,0.0675724,0.067651,7.65409e-06,0.113666,,
11.592,kf,map,-1.56772,-0.535004,-0.141227,0.0623768,0.0623768,0,0.495916,,
11.592,pf,map,-1.56541,-0.567474,-0.142428,0.0641099,0.0653566,0.000524905,7.56787,494.468,0
11.664,odom,map,-1.5191,-0.529739,-0.142661,0,0,0,,,
11.7,odom,map,-1.50791,-0.531342,-0.142012,0,0,0,,,
11.736,odom,map,-1.49647,-0.532973,-0.14106,0,0,0,,,
11.772,odom,map,-1.48468,-0.534639,-0.13956,0,0,0,,,
11.808,ekf_predict_only,map,-1.45588,-0.547387,-0.129802,1.55121,1.67491,0.012149,,,
11.808,ekf,map,-1.49892,-0.545074,-0.134483,0.0686392,0.0687441,1.20625e-05,0.10775,,
11.808,odom,map,-1.47202,-0.536384,-0.137597,0,0,0,,,
11.808,kf,map,-1.4984,-0.545004,-0.133699,0.0625528,0.0625528,0,0.113041,,
11.808,pf,map,-1.50306,-0.553468,-0.121709,0.0612298,0.0588115,-0.00255523,7.27592,465.864,0
11.844,odom,map,-1.45732,-0.538328,-0.135945,0,0,0,,,
11.88,odom,map,-1.44248,-0.540279,-0.134162,0,0,0,,,
11.916,odom,map,-1.42736,-0.542253,-0.131785,0,0,0,,,
11.952,odom,map,-1.41198,-0.544237,-0.12893,0,0,0,,,
11.988,odom,map,-1.39654,-0.546202,-0.125985,0,0,0,,,
11.988,ekf_predict_only,map,-1.38893,-0.556128,-0.109178,1.65177,1.81532,0.0169075,,,
12.024,odom,map,-1.38241,-0.547967,-0.122288,0,0,0,,,
11.988,ekf,map,-1.43542,-0.553505,-0.119289,0.0676273,0.0677295,1.27624e-05,0.113792,,
11.988,kf,map,-1.43495,-0.553448,-0.118575,0.0623767,0.0623767,0,0.059167,,
11.988,pf,map,-1.44363,-0.561292,-0.116151,0.0644567,0.0592916,0.00147118,8.20892,487.127,0
12,amcl,map,-1.40213,-0.55166,-0.130975,0.121197,0.163363,-0.0183163,,,
12.06,odom,map,-1.36881,-0.549609,-0.117834,0,0,0,,,
12.096,odom,map,-1.3549,-0.551222,-0.113068,0,0,0,,,
12.132,odom,map,-1.34088,-0.552779,-0.108244,0,0,0,,,
12.168,odom,map,-1.32663,-0.554292,-0.103239,0,0,0,,,
12.204,odom,map,-1.31219,-0.555751,-0.0980839,0,0,0,,,
12.204,ekf_predict_only,map,-1.30213,-0.565642,-0.0780187,1.75251,1.97836,0.0237428,,,
12.204,kf,map,-1.35151,-0.562785,-0.0913407,0.0625527,0.0625527,0,0.060708,,
12.204,ekf,map,-1.35199,-0.562777,-0.091943,0.0686872,0.068829,1.81614e-05,0.059042,,
12.204,pf,map,-1.36147,-0.574884,-0.0834246,0.0635781,0.0681418,0.00426414,7.58083,474.4,0
12.24,odom,map,-1.29766,-0.557142,-0.0928027,0,0,0,,,
12.276,odom,map,-1.28306,-0.558461,-0.0875432,0,0,0,,,
12.312,odom,map,-1.26836,-0.559713,-0.082362,0,0,0,,,
12.348,odom,map,-1.25354,-0.560897,-0.077089,0,0,0,,,
12.384,odom,map,-1.23871,-0.562003,-0.07162,0,0,0,,,
12.384,ekf_predict_only,map,-1.22802,-0.571435,-0.0503643,1.85303,2.14223,0.029601,,,
12.384,ekf,map,-1.27933,-0.568624,-0.0662701,0.0676569,0.0677942,1.68342e-05,0.055666,,
12.384,kf,map,-1.27904,-0.568663,-0.0658946,0.0623767,0.0623767,0,0.06925,,
12.42,odom,map,-1.22388,-0.563025,-0.0660891,0,0,0,,,
12.384,pf,map,-1.28722,-0.568578,-0.0736331,0.0564528,0.0666313,0.000929656,4.66692,459.263,0
12.456,odom,map,-1.20889,-0.563976,-0.0606775,0,0,0,,,
12.492,odom,map,-1.1938,-0.564852,-0.0551931,0,0,0,,,
12.528,odom,map,-1.17873,-0.565644,-0.0499466,0,0,0,,,
12.564,odom,map,-1.16366,-0.566358,-0.0447372,0,0,0,,,
12.6,odom,map,-1.14858,-0.566994,-0.0395033,0,0,0,,,
12.6,kf,map,-1.18929,-0.573437,-0.0352815,0.0625527,0.0625527,0,0.061541,,
12.6,ekf_predict_only,map,-1.1373,-0.576008,-0.0200379,1.95349,2.33384,0.0364446,,,
12.6,ekf,map,-1.18947,-0.573305,-0.0353615,0.0687099,0.0688919,1.98843e-05,0.055334,,
12.6,pf,map,-1.20664,-0.540099,-0.0483104,0.0636717,0.0690431,0.00162422,7.24188,463.48,0
12.636,odom,map,-1.13346,-0.567553,-0.0344333,0,0,0,,,
12.672,odom,map,-1.11838,-0.568035,-0.0294117,0,0,0,,,
12.708,odom,map,-1.10333,-0.56844,-0.0244137,0,0,0,,,
12.744,odom,map,-1.08841,-0.568767,-0.0194694,0,0,0,,,
12.78,odom,map,-1.07367,-0.569018,-0.0145734,0,0,0,,,
12.816,odom,map,-1.05999,-0.569675,-0.0101694,0,0,0,,,
12.816,ekf_predict_only,map,-1.05158,-0.577726,0.00871716,2.05367,2.53469,0.041992,,,
12.816,kf,map,-1.10163,-0.575248,-0.00579038,0.0625774,0.0625774,0,0.106875,,
12.816,ekf,map,-1.10148,-0.575069,-0.00573078,0.0689569,0.0691531,1.81881e-05,0.058625,,
12.816,pf,map,-1.11439,-0.556634,0.0157445,0.0582232,0.0641318,0.000603562,10.6747,474.909,0
12.801,amcl,map,-1.08022,-0.563211,0.00393675,0.0972266,0.130933,-0.00409963,,,
12.852,odom,map,-1.0477,-0.571038,-0.00647184,0,0,0,,,
12.888,odom,map,-1.03553,-0.572364,-0.00294001,0,0,0,,,
12.924,odom,map,-1.02361,-0.573656,0.000479491,0,0,0,,,
12.96,odom,map,-1.01187,-0.574917,0.00380341,0,0,0,,,
12.996,odom,map,-1.00019,-0.576148,0.00704415,0,0,0,,,
13.032,odom,map,-0.98691,-0.576171,0.011279,0,0,0,,,
12.996,ekf,map,-1.03184,-0.574521,0.0169393,0.0676708,0.0678359,1.23448e-05,0.060458,,
12.996,kf,map,-1.03209,-0.574675,0.0168449,0.0623802,0.0623802,0,0.056041,,
12.996,ekf_predict_only,map,-0.984431,-0.577141,0.0305347,2.15361,2.72388,0.045193,,,
12.996,pf,map,-1.01912,-0.568356,0.0404677,0.0589566,0.0630303,0.000426615,11.122,489.596,0
13.068,odom,map,-0.973544,-0.57599,0.0158629,0,0,0,,,
13.104,odom,map,-0.96021,-0.575747,0.0205734,0,0,0,,,
13.14,odom,map,-0.946936,-0.575442,0.025367,0,0,0,,,
13.176,odom,map,-0.933735,-0.575073,0.0309137,0,0,0,,,
13.212,odom,map,-0.920583,-0.574623,0.0377343,0,0,0,,,
13.212,ekf_predict_only,map,-0.905587,-0.574733,0.0748668,2.25336,2.94064,0.0474995,,,
13.212,kf,map,-0.951737,-0.57225,0.0530282,0.0625532,0.0625532,0,0.129958,,
13.212,ekf,map,-0.951511,-0.572208,0.0522719,0.0686553,0.0688472,1.00471e-05,1.50192,,
13.212,pf,map,-0.948503,-0.585357,0.0818569,0.06183,0.06054,-0.00172565,5.01879,464.043,0
13.248,odom,map,-0.907448,-0.574078,0.045123,0,0,0,,,
13.284,odom,map,-0.894487,-0.573443,0.0531654,0,0,0,,,
13.32,odom,map,-0.881707,-0.572707,0.0621626,0,0,0,,,
13.356,odom,map,-0.868947,-0.57185,0.0720241,0,0,0,,,
13.392,odom,map,-0.856285,-0.57087,0.0827369,0,0,0,,,
13.428,odom,map,-0.843669,-0.569752,0.0940208,0,0,0,,,
13.392,ekf_predict_only,map,-0.84244,-0.569996,0.131287,2.35291,3.14395,0.0466517,,,
13.392,ekf,map,-0.887129,-0.567849,0.0981921,0.0676219,0.067782,5.05387e-06,0.062166,,
13.392,kf,map,-0.887309,-0.567819,0.0992834,0.0623768,0.0623768,0,0.102041,,
13.392,pf,map,-0.87099,-0.575231,0.116709,0.0589954,0.0614725,0.0024347,4.96529,488.727,0
13.464,odom,map,-0.831118,-0.568495,0.105853,0,0,0,,,
13.5,odom,map,-0.818782,-0.567107,0.118453,0,0,0,,,
13.536,odom,map,-0.806516,-0.565567,0.13119,0,0,0,,,
13.572,odom,map,-0.794253,-0.563867,0.144462,0,0,0,,,
13.608,odom,map,-0.782252,-0.561255,0.159233,0,0,0,,,
13.608,ekf_predict_only,map,-0.770974,-0.560559,0.219824,2.45216,3.37191,0.0410452,,,
13.608,ekf,map,-0.813385,-0.558699,0.17442,0.0686761,0.0688558,7.4503e-07,0.105208,,
13.608,kf,map,-0.813646,-0.558714,0.175913,0.0625528,0.0625528,0,0.061375,,
13.608,pf,map,-0.796583,-0.559119,0.179329,0.057501,0.0537897,0.00057828,10.3336,482.912,0
13.602,amcl,map,-0.79523,-0.556805,0.177591,0.0884685,0.117611,-0.00181534,,,
13.644,odom,map,-0.7711,-0.555797,0.177769,0,0,0,,,
13.68,odom,map,-0.76007,-0.550081,0.196414,0,0,0,,,
13.716,odom,map,-0.749142,-0.544104,0.215429,0,0,0,,,
13.752,odom,map,-0.738455,-0.537893,0.234901,0,0,0,,,
13.788,odom,map,-0.727946,-0.531435,0.25448,0,0,0,,,
13.824,odom,map,-0.717127,-0.527112,0.271989,0,0,0,,,
13.788,ekf,map,-0.755015,-0.546526,0.248152,0.0676487,0.0677933,-3.71545e-06,0.097167,,
13.788,kf,map,-0.755271,-0.546606,0.249282,0.0623767,0.0623767,0,0.120542,,
13.788,ekf_predict_only,map,-0.714933,-0.548038,0.30098,2.55149,3.58076,0.0303753,,,
13.788,pf,map,-0.737565,-0.537048,0.252756,0.0637791,0.0646263,-0.00166012,5.32763,483.534,0
13.86,odom,map,-0.70635,-0.524012,0.288292,0,0,0,,,
13.896,odom,map,-0.695897,-0.520819,0.304859,0,0,0,,,
13.932,odom,map,-0.685565,-0.517472,0.321566,0,0,0,,,
13.968,odom,map,-0.675551,-0.514044,0.33838,0,0,0,,,
14.004,ekf_predict_only,map,-0.657953,-0.53035,0.40466,2.65122,3.79945,0.0123934,,,
14.004,ekf,map,-0.693449,-0.528273,0.346632,0.0687038,0.0688565,-1.01541e-05,0.060084,,
14.004,odom,map,-0.666083,-0.510622,0.355541,0,0,0,,,
14.004,kf,map,-0.693896,-0.52856,0.347507,0.0625527,0.0625527,0,0.05525,,
14.004,pf,map,-0.663964,-0.514177,0.341472,0.0651151,0.0699023,-0.00113422,5.39708,450.572,0
14.04,odom,map,-0.656929,-0.507133,0.372853,0,0,0,,,
14.076,odom,map,-0.647969,-0.503538,0.390188,0,0,0,,,
14.112,odom,map,-0.639275,-0.499874,0.407682,0,0,0,,,
14.148,odom,map,-0.630946,-0.496191,0.425382,0,0,0,,,
14.184,odom,map,-0.623009,-0.492509,0.443331,0,0,0,,,
14.184,kf,map,-0.650144,-0.510735,0.434025,0.0623767,0.0623767,0,0.063583,,
14.22,odom,map,-0.615163,-0.488696,0.461296,0,0,0,,,
14.184,ekf_predict_only,map,-0.617857,-0.513178,0.494484,2.75173,3.988,-0.00716368,,,
14.184,ekf,map,-0.649755,-0.510421,0.433471,0.0676676,0.0677816,-1.22154e-05,0.132125,,
14.184,pf,map,-0.661018,-0.496267,0.424474,0.0654566,0.0609706,-0.00197375,5.45188,483.803,0
14.202,amcl,map,-0.626266,-0.507341,0.444627,0.0645238,0.0767359,-0.00559849,,,
14.256,odom,map,-0.607608,-0.484857,0.479378,0,0,0,,,
14.292,odom,map,-0.600501,-0.481081,0.497664,0,0,0,,,
14.328,odom,map,-0.593672,-0.477289,0.51606,0,0,0,,,
14.364,odom,map,-0.587203,-0.47354,0.534566,0,0,0,,,
14.4,odom,map,-0.581134,-0.469871,0.553003,0,0,0,,,
14.4,ekf_predict_only,map,-0.583174,-0.494478,0.605995,2.85318,4.16808,-0.030103,,,
14.4,ekf,map,-0.608744,-0.489007,0.542738,0.06872,0.068828,-1.69243e-05,0.113083,,
14.4,kf,map,-0.60937,-0.489546,0.543139,0.0625527,0.0625527,0,0.237041,,
14.4,pf,map,-0.613719,-0.480664,0.542815,0.0590502,0.0580923,-0.00157932,5.05454,459.192,0
14.436,odom,map,-0.576635,-0.468654,0.571532,0,0,0,,,
14.472,odom,map,-0.572353,-0.467475,0.590086,0,0,0,,,
14.508,odom,map,-0.568303,-0.466306,0.608844,0,0,0,,,
14.544,odom,map,-0.564759,-0.465352,0.627522,0,0,0,,,
14.58,odom,map,-0.561622,-0.464564,0.646116,0,0,0,,,
14.616,odom,map,-0.558198,-0.462846,0.664702,0,0,0,,,
14.616,ekf_predict_only,map,-0.557285,-0.476538,0.717622,2.9555,4.33003,-0.05324,,,
14.616,ekf,map,-0.578103,-0.468472,0.653826,0.0689659,0.0690505,-1.72993e-05,0.063542,,
14.616,kf,map,-0.57868,-0.469067,0.654022,0.0625774,0.0625774,0,0.071958,,
14.601,amcl,map,-0.564998,-0.470755,0.646012,0.0501,0.0530429,0.00305672,,,
14.616,pf,map,-0.558967,-0.464147,0.665726,0.0661679,0.0605358,-0.00119977,4.60813,475.082,0
14.652,odom,map,-0.55423,-0.459678,0.683264,0,0,0,,,
14.688,odom,map,-0.550572,-0.456644,0.701866,0,0,0,,,
14.724,odom,map,-0.547206,-0.453745,0.720437,0,0,0,,,
14.76,odom,map,-0.543981,-0.45086,0.738987,0,0,0,,,
14.796,odom,map,-0.540957,-0.448053,0.75753,0,0,0,,,
14.796,ekf_predict_only,map,-0.543821,-0.464786,0.810127,3.05752,4.46301,-0.0687908,,,
14.796,ekf,map,-0.560622,-0.453778,0.746383,0.0676776,0.0677301,-1.30009e-05,0.33025,,
14.796,kf,map,-0.561097,-0.454302,0.746451,0.0623802,0.0623802,0,0.054459,,
14.832,odom,map,-0.538253,-0.44545,0.776044,0,0,0,,,
14.796,pf,map,-0.532519,-0.447781,0.767771,0.058068,0.0695949,0.00075099,6.56083,482.966,0
14.868,odom,map,-0.535859,-0.443058,0.79456,0,0,0,,,
14.904,odom,map,-0.533606,-0.440719,0.813083,0,0,0,,,
14.94,odom,map,-0.531512,-0.438466,0.831455,0,0,0,,,
14.976,odom,map,-0.529742,-0.43649,0.849679,0,0,0,,,
15.012,odom,map,-0.528163,-0.434885,0.867473,0,0,0,,,
15.012,kf,map,-0.547868,-0.440985,0.856347,0.0625532,0.0625532,0,0.148875,,
15.012,ekf,map,-0.547435,-0.440447,0.856394,0.0686621,0.068704,-1.23582e-05,0.0535,,
15,amcl,map,-0.523725,-0.443198,0.838588,0.0353625,0.0345363,0.00335918,,,
15.012,ekf_predict_only,map,-0.534152,-0.454625,0.919334,3.1596,4.58704,-0.0823995,,,
15.012,pf,map,-0.523298,-0.435533,0.866964,0.0598887,0.0616438,-0.000126027,6.60438,456.352,0
15.048,odom,map,-0.526644,-0.433798,0.884328,0,0,0,,,
15.084,odom,map,-0.525326,-0.432901,0.901018,0,0,0,,,
15.12,odom,map,-0.524271,-0.432286,0.91736,0,0,0,,,
15.156,odom,map,-0.523371,-0.431831,0.933504,0,0,0,,,
15.192,odom,map,-0.52251,-0.43139,0.949617,0,0,0,,,
15.228,odom,map,-0.521774,-0.43055,0.966414,0,0,0,,,
15.192,kf,map,-0.541797,-0.433486,0.944119,0.0623768,0.0623768,0,0.320084,,
15.192,ekf_predict_only,map,-0.530504,-0.449842,1.0046,3.26068,4.69617,-0.0888049,,,
15.192,ekf,map,-0.54148,-0.433061,0.944345,0.0676265,0.0676518,-8.23163e-06,0.11125,,
15.192,pf,map,-0.527118,-0.427371,0.951592,0.0619417,0.0572208,0.00138576,6.87883,482.615,0
15.264,odom,map,-0.521175,-0.429668,0.983321,0,0,0,,,
15.3,odom,map,-0.520715,-0.428964,1.00003,0,0,0,,,
15.336,odom,map,-0.520377,-0.428428,1.01662,0,0,0,,,
15.372,odom,map,-0.520125,-0.428015,1.03302,0,0,0,,,
15.408,odom,map,-0.520156,-0.427863,1.04912,0,0,0,,,
15.408,ekf,map,-0.538808,-0.429141,1.04432,0.0686799,0.0686993,-6.77941e-06,0.061459,,
15.408,ekf_predict_only,map,-0.529757,-0.448666,1.10168,3.36096,4.79805,-0.0903694,,,
15.408,kf,map,-0.53909,-0.42955,1.04398,0.0625528,0.0625528,0,0.062167,,
15.408,pf,map,-0.532355,-0.429187,1.05267,0.0647322,0.0615908,0.000551215,7.82229,463.938,0
15.444,odom,map,-0.5209,-0.428199,1.06469,0,0,0,,,
15.48,odom,map,-0.521715,-0.428658,1.07999,0,0,0,,,
15.516,odom,map,-0.522624,-0.429291,1.09464,0,0,0,,,
15.552,odom,map,-0.523557,-0.429974,1.109,0,0,0,,,
15.588,odom,map,-0.524495,-0.430671,1.1233,0,0,0,,,
15.588,ekf_predict_only,map,-0.530414,-0.449962,1.17294,3.46066,4.8964,-0.088665,,,
15.624,odom,map,-0.524917,-0.431102,1.13754,0,0,0,,,
15.588,ekf,map,-0.538498,-0.428768,1.12052,0.0676505,0.067662,-4.11973e-06,0.099667,,
15.588,kf,map,-0.538686,-0.429047,1.12001,0.0623767,0.0623767,0,0.058334,,
15.6,amcl,map,-0.527997,-0.449886,1.11311,0.0292039,0.0298547,0.00537334,,,
15.588,pf,map,-0.53131,-0.427854,1.12691,0.0664636,0.0599579,-0.0015299,5.713,482.519,0
15.66,odom,map,-0.525093,-0.431489,1.15158,0,0,0,,,
15.696,odom,map,-0.525336,-0.432047,1.16558,0,0,0,,,
15.732,odom,map,-0.525595,-0.432662,1.17962,0,0,0,,,
15.768,odom,map,-0.525713,-0.432951,1.19285,0,0,0,,,
15.804,odom,map,-0.525613,-0.432962,1.20342,0,0,0,,,
15.804,ekf_predict_only,map,-0.530414,-0.449962,1.18807,3.56066,4.9964,-0.088665,,,
15.804,kf,map,-0.538826,-0.429689,1.17781,0.0625527,0.0625527,0,0.059583,,
15.804,ekf,map,-0.538773,-0.429679,1.18217,0.0687038,0.0687126,-3.18494e-06,0.097833,,
15.804,pf,map,-0.535211,-0.409171,1.20836,0.0586128,0.0532469,-0.001666,5.10104,452.385,0
15.84,odom,map,-0.523809,-0.433161,1.20929,0,0,0,,,
15.876,odom,map,-0.522012,-0.433361,1.21257,0,0,0,,,
15.912,odom,map,-0.520223,-0.43356,1.21325,0,0,0,,,
15.948,odom,map,-0.518441,-0.43376,1.21152,0,0,0,,,
15.984,odom,map,-0.516666,-0.433961,1.20929,0,0,0,,,
16.02,odom,map,-0.51588,-0.43405,1.20829,0,0,0,,,
15.984,ekf,map,-0.538862,-0.429951,1.20804,0.067666,0.0676711,-1.88501e-06,0.065708,,
15.984,ekf_predict_only,map,-0.530414,-0.449962,1.18807,3.66066,5.0964,-0.088665,,,
15.984,kf,map,-0.538878,-0.429928,1.20438,0.0623767,0.0623767,0,0.061208,,
15.984,pf,map,-0.541319,-0.415061,1.23482,0.0632028,0.0605633,-0.00137782,7.12312,484.229,0
16.056,odom,map,-0.51588,-0.43405,1.20829,0,0,0,,,
16.092,odom,map,-0.51588,-0.43405,1.20829,0,0,0,,,
16.128,odom,map,-0.51588,-0.43405,1.20829,0,0,0,,,
16.164,odom,map,-0.51588,-0.43405,1.20829,0,0,0,,,
16.2,odom,map,-0.51588,-0.43405,1.20829,0,0,0,,,
16.2,ekf_predict_only,map,-0.530414,-0.449962,1.18807,3.76066,5.1964,-0.088665,,,
16.2,kf,map,-0.538898,-0.430018,1.2144,0.0625527,0.0625527,0,0.068125,,
16.2,ekf,map,-0.538894,-0.430036,1.21653,0.0687162,0.0687201,-1.43626e-06,0.369708,,
16.2,pf,map,-0.549528,-0.422153,1.24192,0.0616204,0.0597849,0.00466426,5.04379,460.302,0
16.236,odom,map,-0.51588,-0.43405,1.20829,0,0,0,,,
16.272,odom,map,-0.51588,-0.43405,1.20829,0,0,0,,,
16.308,odom,map,-0.51588,-0.43405,1.20829,0,0,0,,,
16.344,odom,map,-0.51588,-0.43405,1.20829,0,0,0,,,
16.38,odom,map,-0.51588,-0.43405,1.20829,0,0,0,,,
16.416,odom,map,-0.5168,-0.43531,1.20812,0,0,0,,,
16.416,ekf_predict_only,map,-0.530414,-0.449962,1.18807,3.86066,5.2964,-0.088665,,,
16.416,ekf,map,-0.538904,-0.430061,1.2192,0.0689607,0.0689634,-9.69875e-07,0.061959,,
16.416,kf,map,-0.538905,-0.430052,1.21815,0.0625774,0.0625774,0,0.082666,,
16.416,pf,map,-0.530838,-0.406555,1.23366,0.0659682,0.059911,0.000579311,5.423,492.26,0
16.452,odom,map,-0.519166,-0.438552,1.20766,0,0,0,,,
16.488,odom,map,-0.521532,-0.441794,1.20721,0,0,0,,,
16.524,odom,map,-0.523899,-0.445036,1.20675,0,0,0,,,
16.56,odom,map,-0.526266,-0.448278,1.2063,0,0,0,,,
16.596,odom,map,-0.528489,-0.451142,1.20606,0,0,0,,,
16.596,ekf_predict_only,map,-0.52652,-0.44029,1.18982,3.9631,5.4062,-0.101335,,,
16.596,ekf,map,-0.537653,-0.426647,1.22072,0.0676732,0.0676744,-6.35272e-07,0.060542,,
16.596,kf,map,-0.537466,-0.426147,1.22034,0.0623802,0.0623802,0,0.054708,,
16.632,odom,map,-0.528163,-0.449958,1.20635,0,0,0,,,
16.596,pf,map,-0.553516,-0.410293,1.2188,0.0675215,0.059132,-0.00289214,6.16162,461.527,0
16.668,odom,map,-0.52742,-0.448009,1.2067,0,0,0,,,
16.704,odom,map,-0.526564,-0.445761,1.2073,0,0,0,,,
16.74,odom,map,-0.525436,-0.442791,1.20884,0,0,0,,,
16.776,odom,map,-0.524209,-0.439539,1.21117,0,0,0,,,
16.812,odom,map,-0.522939,-0.436148,1.2141,0,0,0,,,
16.812,ekf,map,-0.532225,-0.411753,1.23246,0.0686588,0.0686582,-1.10687e-06,0.058666,,
16.812,kf,map,-0.531994,-0.411069,1.23306,0.0625532,0.0625532,0,0.101125,,
16.812,ekf_predict_only,map,-0.518444,-0.420127,1.2098,4.06938,5.52673,-0.128212,,,
16.812,pf,map,-0.549036,-0.398537,1.23044,0.0682759,0.0624331,-0.000325651,6.29654,481.432,0
16.848,odom,map,-0.521681,-0.432753,1.21743,0,0,0,,,
16.884,odom,map,-0.520395,-0.429248,1.2213,0,0,0,,,
16.92,odom,map,-0.519044,-0.425513,1.22638,0,0,0,,,
16.956,odom,map,-0.51767,-0.421648,1.23233,0,0,0,,,
16.992,odom,map,-0.516281,-0.417659,1.23898,0,0,0,,,
17.028,odom,map,-0.514912,-0.413642,1.24578,0,0,0,,,
16.992,ekf_predict_only,map,-0.510949,-0.400275,1.24379,4.17715,5.64601,-0.155213,,,
16.992,pf,map,-0.521928,-0.386713,1.24497,0.0604279,0.0632714,0.000261014,5.04846,482.555,0
16.992,ekf,map,-0.526242,-0.394407,1.25775,0.0676266,0.0676239,-1.62933e-06,0.111917,,
16.992,kf,map,-0.526106,-0.393931,1.25865,0.0623768,0.0623768,0,0.055959,,
17.064,odom,map,-0.513556,-0.40957,1.25284,0,0,0,,,
17.1,odom,map,-0.512169,-0.405297,1.26143,0,0,0,,,
17.136,odom,map,-0.510816,-0.400998,1.27027,0,0,0,,,
17.172,odom,map,-0.509492,-0.396655,1.27943,0,0,0,,,
17.208,odom,map,-0.508158,-0.392125,1.28941,0,0,0,,,
17.208,ekf_predict_only,map,-0.50176,-0.373185,1.30563,4.29035,5.76996,-0.192758,,,
17.208,ekf,map,-0.518492,-0.369151,1.30889,0.0686851,0.0686781,-3.13166e-06,0.077042,,
17.208,kf,map,-0.518399,-0.36878,1.31018,0.0625528,0.0625528,0,0.05625,,
17.208,pf,map,-0.527912,-0.372142,1.30447,0.0626814,0.0634251,0.0004911,9.99983,485.59,0
17.244,odom,map,-0.506828,-0.387434,1.29996,0,0,0,,,
17.28,odom,map,-0.505533,-0.38267,1.31066,0,0,0,,,
17.316,odom,map,-0.504259,-0.377778,1.32157,0,0,0,,,
17.352,odom,map,-0.50298,-0.372628,1.33298,0,0,0,,,
17.388,odom,map,-0.5017,-0.367207,1.34469,0,0,0,,,
17.388,kf,map,-0.512271,-0.343714,1.36291,0.0623767,0.0623767,0,0.588166,,
17.424,odom,map,-0.500469,-0.36171,1.35644,0,0,0,,,
17.388,ekf_predict_only,map,-0.494378,-0.346001,1.36435,4.40669,5.88946,-0.230877,,,
17.388,ekf,map,-0.512358,-0.344026,1.36199,0.0676595,0.0676499,-3.65074e-06,0.293583,,
17.4,amcl,map,-0.504948,-0.370605,1.34186,0.0235768,0.0287335,0.0039654,,,
17.388,pf,map,-0.529792,-0.3132,1.35292,0.0605097,0.0719629,-0.00248478,4.91162,456.895,0
17.46,odom,map,-0.499269,-0.356032,1.36837,0,0,0,,,
17.496,odom,map,-0.498047,-0.349884,1.38065,0,0,0,,,
17.532,odom,map,-0.496866,-0.34354,1.39299,0,0,0,,,
17.568,odom,map,-0.495731,-0.336991,1.40524,0,0,0,,,
17.604,odom,map,-0.494633,-0.330161,1.41748,0,0,0,,,
17.604,ekf_predict_only,map,-0.485272,-0.302522,1.43794,4.53943,6.01383,-0.292495,,,
17.604,ekf,map,-0.505385,-0.305586,1.43318,0.0687232,0.0687041,-5.93622e-06,0.056666,,
17.604,kf,map,-0.505182,-0.305014,1.43374,0.0625527,0.0625527,0,0.064083,,
17.604,pf,map,-0.54009,-0.286143,1.43015,0.0555952,0.0667727,-0.00286204,5.45046,455.125,0
17.64,odom,map,-0.493577,-0.323035,1.42974,0,0,0,,,
17.676,odom,map,-0.492581,-0.315698,1.442,0,0,0,,,
17.712,odom,map,-0.491646,-0.308102,1.45434,0,0,0,,,
17.748,odom,map,-0.49074,-0.299931,1.46641,0,0,0,,,
17.784,odom,map,-0.489894,-0.291352,1.47847,0,0,0,,,
17.784,ekf_predict_only,map,-0.479186,-0.256988,1.49649,4.68261,6.13032,-0.357079,,,
17.784,ekf,map,-0.501237,-0.266109,1.49265,0.0676926,0.0676667,-6.32124e-06,0.058833,,
17.784,kf,map,-0.500995,-0.265423,1.49278,0.0623767,0.0623767,0,0.104208,,
17.82,odom,map,-0.48912,-0.282399,1.49031,0,0,0,,,
17.784,pf,map,-0.506951,-0.266198,1.51511,0.05794,0.0670432,-0.000904691,8.64204,473.162,0
17.856,odom,map,-0.488435,-0.273236,1.50203,0,0,0,,,
17.892,odom,map,-0.487839,-0.263785,1.51352,0,0,0,,,
17.928,odom,map,-0.487333,-0.253982,1.52477,0,0,0,,,
17.964,odom,map,-0.486924,-0.243873,1.53583,0,0,0,,,
18,odom,map,-0.486618,-0.233505,1.54663,0,0,0,,,
18,kf,map,-0.49834,-0.206851,1.55818,0.0625527,0.0625527,0,0.062584,,
18,ekf_predict_only,map,-0.474296,-0.191294,1.55679,4.86136,6.2437,-0.449832,,,
18,ekf,map,-0.498718,-0.20776,1.55865,0.0687672,0.0687172,-8.64711e-06,0.056792,,
18,pf,map,-0.478844,-0.199665,1.56834,0.0650101,0.0628576,-0.00167422,4.97929,474.356,0
18.036,odom,map,-0.486411,-0.22263,1.55679,0,0,0,,,
18.072,odom,map,-0.486311,-0.211411,1.56685,0,0,0,,,
18.108,odom,map,-0.486323,-0.200113,1.57691,0,0,0,,,
18.144,odom,map,-0.48645,-0.188663,1.5868,0,0,0,,,
18.18,odom,map,-0.486694,-0.176988,1.59634,0,0,0,,,
18.216,ekf_predict_only,map,-0.473292,-0.119634,1.61241,5.06985,6.34645,-0.549054,,,
18.216,odom,map,-0.487214,-0.165489,1.60517,0,0,0,,,
18.216,ekf,map,-0.500249,-0.140666,1.61841,0.0690347,0.0689617,-8.34695e-06,0.068125,,
18.216,kf,map,-0.499828,-0.139904,1.61784,0.0625774,0.0625774,0,0.053541,,
18.201,amcl,map,-0.492636,-0.189916,1.58632,0.0207058,0.0258601,0.0049801,,,
18.216,pf,map,-0.483258,-0.128714,1.63659,0.0696444,0.0631403,0.00218001,7.14096,472.197,0
18.252,odom,map,-0.48808,-0.154521,1.61321,0,0,0,,,
18.288,odom,map,-0.489035,-0.143441,1.62095,0,0,0,,,
18.324,odom,map,-0.490073,-0.132257,1.62822,0,0,0,,,
18.36,odom,map,-0.491189,-0.120988,1.63491,0,0,0,,,
18.396,odom,map,-0.492373,-0.109713,1.64152,0,0,0,,,
18.396,ekf_predict_only,map,-0.47588,-0.0574828,1.64919,5.28344,6.43935,-0.631966,,,
18.396,kf,map,-0.50453,-0.0805211,1.65968,0.0623802,0.0623802,0,0.059792,,
18.432,odom,map,-0.493333,-0.097462,1.64888,0,0,0,,,
18.396,ekf,map,-0.504888,-0.0810028,1.6603,0.0677517,0.0676735,-4.96411e-06,0.1165,,
18.396,pf,map,-0.509663,-0.0578151,1.66588,0.0617457,0.0712113,0.000763233,12.3357,441.265,0
18.468,odom,map,-0.494353,-0.0850018,1.65595,0,0,0,,,
18.504,odom,map,-0.495469,-0.0724177,1.66247,0,0,0,,,
18.54,odom,map,-0.496667,-0.0598331,1.66897,0,0,0,,,
18.576,odom,map,-0.497941,-0.0472994,1.67499,0,0,0,,,
18.612,odom,map,-0.499286,-0.0347519,1.68007,0,0,0,,,
18.612,ekf_predict_only,map,-0.481814,0.018053,1.67849,5.54642,6.52319,-0.728433,,,
18.612,ekf,map,-0.513426,-0.00673931,1.69773,0.0687707,0.0686575,-1.39678e-06,0.099042,,
18.612,kf,map,-0.513021,-0.00644313,1.69676,0.0625532,0.0625532,0,0.115041,,
18.612,pf,map,-0.521071,0.00372031,1.70376,0.0605143,0.0599326,-0.00462491,7.42092,468.818,0
18.648,odom,map,-0.500694,-0.0222025,1.68495,0,0,0,,,
18.684,odom,map,-0.502164,-0.00964641,1.68965,0,0,0,,,
18.72,odom,map,-0.503691,0.00291115,1.69371,0,0,0,,,
18.756,odom,map,-0.50527,0.0155185,1.697,0,0,0,,,
18.792,odom,map,-0.506891,0.028134,1.70021,0,0,0,,,
18.828,odom,map,-0.508551,0.0407363,1.70318,0,0,0,,,
18.792,ekf,map,-0.522597,0.0556998,1.71844,0.0677324,0.0676235,2.83348e-06,0.061625,,
18.792,ekf_predict_only,map,-0.488643,0.0812202,1.69266,5.80412,6.6048,-0.804947,,,
18.792,kf,map,-0.522263,0.0558679,1.71756,0.0623768,0.0623768,0,0.056,,
18.792,pf,map,-0.51654,0.0522318,1.73225,0.0674655,0.063446,-0.00215579,7.80817,482.946,0
18.864,odom,map,-0.510236,0.0532288,1.70675,0,0,0,,,
18.9,odom,map,-0.511952,0.0655816,1.71124,0,0,0,,,
18.936,odom,map,-0.513722,0.0778838,1.71607,0,0,0,,,
18.972,odom,map,-0.515538,0.0900743,1.72161,0,0,0,,,
19.008,odom,map,-0.517448,0.10158,1.72763,0,0,0,,,
19.008,ekf_predict_only,map,-0.497534,0.153814,1.73225,6.10996,6.68121,-0.888645,,,
19.008,kf,map,-0.534311,0.128836,1.75225,0.0625528,0.0625528,0,0.087875,,
19.008,ekf,map,-0.534497,0.128851,1.75206,0.068816,0.068678,8.73983e-06,0.060875,,
19.002,amcl,map,-0.521262,0.075141,1.7232,0.0244891,0.0312948,0.00541909,,,
19.008,pf,map,-0.497064,0.139238,1.76311,0.0595368,0.0661819,-0.00411503,4.69829,459.889,0
19.044,odom,map,-0.519526,0.110964,1.73303,0,0,0,,,
19.08,odom,map,-0.521649,0.120303,1.7386,0,0,0,,,
19.116,odom,map,-0.523822,0.129617,1.74466,0,0,0,,,
19.152,odom,map,-0.526035,0.138796,1.75153,0,0,0,,,
19.188,odom,map,-0.528299,0.14786,1.75898,0,0,0,,,
19.224,odom,map,-0.530583,0.1585,1.76781,0,0,0,,,
19.188,ekf_predict_only,map,-0.507,0.211935,1.77922,6.39407,6.75654,-0.949397,,,
19.188,ekf,map,-0.546206,0.18759,1.79189,0.0677703,0.0676502,1.10298e-05,0.134333,,
19.188,kf,map,-0.546124,0.187508,1.79251,0.0623767,0.0623767,0,0.108375,,
19.188,pf,map,-0.553149,0.191293,1.79352,0.0566748,0.0649668,-0.000751892,4.85533,484.225,0
19.26,odom,map,-0.532927,0.16995,1.77777,0,0,0,,,
19.296,odom,map,-0.535362,0.18126,1.78822,0,0,0,,,
19.332,odom,map,-0.537893,0.192427,1.79906,0,0,0,,,
19.368,odom,map,-0.540527,0.203487,1.81041,0,0,0,,,
19.404,odom,map,-0.54325,0.214356,1.82231,0,0,0,,,
19.404,ekf_predict_only,map,-0.520538,0.275949,1.85615,6.71715,6.82206,-1.00732,,,
19.404,ekf,map,-0.562649,0.253839,1.85753,0.0688427,0.0687052,1.70845e-05,0.092583,,
19.404,kf,map,-0.562554,0.253564,1.85876,0.0625527,0.0625527,0,0.053334,,
19.404,pf,map,-0.569118,0.263271,1.85349,0.0650705,0.0639815,-0.00287771,7.61842,467.574,0
19.44,odom,map,-0.546049,0.224975,1.83485,0,0,0,,,
19.476,odom,map,-0.548962,0.235484,1.84767,0,0,0,,,
19.512,odom,map,-0.55195,0.245743,1.86098,0,0,0,,,
19.548,odom,map,-0.555011,0.255741,1.87501,0,0,0,,,
19.584,odom,map,-0.558159,0.265522,1.88954,0,0,0,,,
19.584,ekf_predict_only,map,-0.534792,0.324536,1.92955,7.00092,6.88681,-1.04044,,,
19.584,kf,map,-0.578982,0.304284,1.92432,0.0623767,0.0623767,0,0.067541,,
19.62,odom,map,-0.561403,0.275115,1.90422,0,0,0,,,
19.584,ekf,map,-0.5791,0.304581,1.92327,0.0677787,0.0676684,1.71378e-05,0.077416,,
19.584,pf,map,-0.59056,0.318866,1.91635,0.0692807,0.0697048,0.000149326,10.4138,464.253,0
19.656,odom,map,-0.564703,0.284418,1.91946,0,0,0,,,
19.692,odom,map,-0.568012,0.293302,1.93531,0,0,0,,,
19.728,odom,map,-0.571336,0.301807,1.95153,0,0,0,,,
19.764,odom,map,-0.574776,0.310203,1.96779,0,0,0,,,
19.8,odom,map,-0.578272,0.318356,1.9844,0,0,0,,,
19.8,ekf_predict_only,map,-0.552968,0.373009,2.03149,7.29694,6.94345,-1.06151,,,
19.8,kf,map,-0.600035,0.355947,2.01888,0.0625527,0.0625527,0,0.061625,,
19.8,ekf,map,-0.600306,0.356371,2.01783,0.0688351,0.0687208,2.24482e-05,0.0565,,
19.8,pf,map,-0.606364,0.37153,2.02185,0.0707469,0.0630808,-0.00193631,4.4245,485.156,0
19.8,amcl,map,-0.595233,0.297676,2.00349,0.0350357,0.0412384,0.00509555,,,
19.836,odom,map,-0.582501,0.324165,2.00246,0,0,0,,,
19.872,odom,map,-0.586795,0.329629,2.02098,0,0,0,,,
19.908,odom,map,-0.591203,0.334957,2.03973,0,0,0,,,
19.944,odom,map,-0.595632,0.339975,2.05869,0,0,0,,,
19.98,odom,map,-0.600002,0.34455,2.07792,0,0,0,,,
20.016,odom,map,-0.604142,0.349746,2.09685,0,0,0,,,
20.016,ekf,map,-0.622905,0.398609,2.12384,0.0690644,0.0689669,2.34807e-05,0.063584,,
20.016,kf,map,-0.62252,0.398215,2.12462,0.0625774,0.0625774,0,0.056833,,
20.016,ekf_predict_only,map,-0.57264,0.412645,2.14176,7.5668,6.99856,-1.06458,,,
20.016,pf,map,-0.625583,0.433578,2.11988,0.0652723,0.0605051,0.00213697,5.25883,460.256,0
20.052,odom,map,-0.607873,0.356038,2.11528,0,0,0,,,
20.088,odom,map,-0.611536,0.361963,2.13396,0,0,0,,,
20.124,odom,map,-0.615114,0.367517,2.15288,0,0,0,,,
20.16,odom,map,-0.618693,0.372843,2.17192,0,0,0,,,
20.196,odom,map,-0.622266,0.377948,2.19131,0,0,0,,,
20.196,ekf_predict_only,map,-0.588402,0.437182,2.24013,7.77635,7.06416,-1.05618,,,
20.196,ekf,map,-0.641661,0.426112,2.21827,0.0677441,0.067679,1.87983e-05,0.072209,,
20.196,kf,map,-0.64127,0.42574,2.21886,0.0623802,0.0623802,0,0.0545,,
20.232,odom,map,-0.625779,0.382764,2.21094,0,0,0,,,
20.202,amcl,map,-0.62199,0.379935,2.19767,0.0379677,0.036414,0.0106103,,,
20.196,pf,map,-0.643807,0.440561,2.22798,0.0624803,0.0655348,0.000182763,12.145,449.86,0
20.268,odom,map,-0.629309,0.387408,2.23061,0,0,0,,,
20.304,odom,map,-0.632812,0.391833,2.25028,0,0,0,,,
20.34,odom,map,-0.6362,0.395946,2.27,0,0,0,,,
20.376,odom,map,-0.639285,0.399543,2.2899,0,0,0,,,
20.412,odom,map,-0.642375,0.403002,2.30983,0,0,0,,,
20.412,ekf_predict_only,map,-0.605667,0.459005,2.35971,7.97665,7.1281,-1.03929,,,
20.412,ekf,map,-0.662294,0.450795,2.33582,0.0687208,0.0686647,1.98334e-05,0.06575,,
20.412,kf,map,-0.661814,0.450425,2.33622,0.0625532,0.0625532,0,0.074583,,
20.412,pf,map,-0.661488,0.46975,2.34664,0.0652361,0.0558535,-0.00128753,6.89842,452.016,0
20.448,odom,map,-0.645446,0.406305,2.3298,0,0,0,,,
20.484,odom,map,-0.648322,0.409278,2.34992,0,0,0,,,
20.52,odom,map,-0.650994,0.411931,2.37018,0,0,0,,,
20.556,odom,map,-0.653626,0.414438,2.39048,0,0,0,,,
20.592,odom,map,-0.656158,0.416756,2.41063,0,0,0,,,
20.628,odom,map,-0.660253,0.41733,2.43259,0,0,0,,,
20.592,ekf,map,-0.676264,0.463983,2.43592,0.0676645,0.0676292,1.43826e-05,0.062208,,
20.592,kf,map,-0.675774,0.463624,2.43611,0.0623768,0.0623768,0,0.058333,,
20.601,amcl,map,-0.632374,0.425403,2.3874,0.0372486,0.0298069,0.0102181,,,
20.592,ekf_predict_only,map,-0.615877,0.469143,2.46027,8.12418,7.20758,-1.02554,,,
20.592,pf,map,-0.674901,0.456696,2.43086,0.0628494,0.0601351,0.00295449,7.13033,477.948,0
20.664,odom,map,-0.665027,0.41723,2.45526,0,0,0,,,
20.7,odom,map,-0.669685,0.416932,2.4779,0,0,0,,,
20.736,odom,map,-0.674064,0.416324,2.50024,0,0,0,,,
20.772,odom,map,-0.678271,0.41551,2.52246,0,0,0,,,
20.808,odom,map,-0.681896,0.415067,2.54408,0,0,0,,,
20.808,ekf_predict_only,map,-0.6249,0.47646,2.57808,8.25886,7.28996,-1.0113,,,
20.808,ekf,map,-0.68837,0.47338,2.55464,0.068711,0.0686831,1.29886e-05,0.060083,,
20.808,kf,map,-0.687893,0.473081,2.55463,0.0625528,0.0625528,0,0.059584,,
20.808,pf,map,-0.680188,0.488674,2.56311,0.0588647,0.0655521,0.0028022,6.56538,470.341,0
20.844,odom,map,-0.683303,0.416006,2.56352,0,0,0,,,
20.88,odom,map,-0.684437,0.416731,2.5829,0,0,0,,,
20.916,odom,map,-0.6853,0.41726,2.60209,0,0,0,,,
20.952,odom,map,-0.686071,0.417711,2.62121,0,0,0,,,
20.988,odom,map,-0.686675,0.418051,2.64005,0,0,0,,,
20.988,ekf_predict_only,map,-0.625477,0.476824,2.67099,8.3606,7.38885,-1.01028,,,
20.988,ekf,map,-0.692814,0.47606,2.6499,0.0676695,0.0676529,8.26428e-06,0.062083,,
20.988,kf,map,-0.692331,0.47577,2.64971,0.0623767,0.0623767,0,0.060166,,
21.024,odom,map,-0.685241,0.419588,2.65742,0,0,0,,,
21,amcl,map,-0.667475,0.436929,2.6216,0.0315404,0.0228031,0.00688541,,,
20.988,pf,map,-0.698463,0.488974,2.67454,0.057352,0.0628699,0.00337164,10.7618,492.229,0
21.06,odom,map,-0.682495,0.421719,2.67387,0,0,0,,,
21.096,odom,map,-0.679636,0.423788,2.69023,0,0,0,,,
21.132,odom,map,-0.676645,0.425791,2.70621,0,0,0,,,
21.168,odom,map,-0.673552,0.427747,2.72215,0,0,0,,,
21.204,odom,map,-0.670499,0.429537,2.73808,0,0,0,,,
21.204,ekf_predict_only,map,-0.621144,0.474621,2.77604,8.45011,7.49724,-1.01845,,,
21.204,kf,map,-0.69147,0.475487,2.75807,0.0625527,0.0625527,0,0.070792,,
21.204,ekf,map,-0.691956,0.475778,2.75846,0.0687186,0.0687058,6.56043e-06,0.055167,,
21.204,pf,map,-0.712344,0.478223,2.76626,0.0680662,0.061762,-0.000455191,12.3951,478.474,0
21.24,odom,map,-0.669787,0.429241,2.75563,0,0,0,,,
21.276,odom,map,-0.669034,0.428942,2.77314,0,0,0,,,
21.312,odom,map,-0.668166,0.428616,2.79062,0,0,0,,,
21.348,odom,map,-0.667115,0.428242,2.80784,0,0,0,,,
21.384,odom,map,-0.665991,0.427863,2.82486,0,0,0,,,
21.42,odom,map,-0.662276,0.428227,2.83846,0,0,0,,,
21.384,ekf,map,-0.687895,0.474511,2.84522,0.0676747,0.0676673,3.98765e-06,0.060333,,
21.384,kf,map,-0.687538,0.474298,2.84481,0.0623767,0.0623767,0,0.078167,,
21.384,ekf_predict_only,map,-0.614782,0.472185,2.85942,8.53856,7.60977,-1.03114,,,
21.384,pf,map,-0.698919,0.474061,2.85678,0.0588201,0.0635096,-0.00267164,4.57467,475.633,0
21.456,odom,map,-0.656428,0.42913,2.8493,0,0,0,,,
21.492,odom,map,-0.650446,0.42996,2.85991,0,0,0,,,
21.528,odom,map,-0.644421,0.430744,2.87032,0,0,0,,,
21.564,odom,map,-0.638403,0.431498,2.8806,0,0,0,,,
21.6,odom,map,-0.632389,0.432222,2.89053,0,0,0,,,
21.6,ekf_predict_only,map,-0.603216,0.468832,2.9481,8.62272,7.73319,-1.05506,,,
21.6,ekf,map,-0.678188,0.472147,2.94063,0.0687229,0.0687179,3.28031e-06,0.054667,,
21.6,kf,map,-0.677898,0.471951,2.93987,0.0625527,0.0625527,0,0.116666,,
21.6,amcl,map,-0.646282,0.420031,2.93221,0.0313058,0.0169117,0.00431889,,,
21.6,pf,map,-0.672732,0.462375,2.95425,0.0626683,0.0630955,0.00278925,4.60604,472.47,0
21.636,odom,map,-0.63034,0.431774,2.90527,0,0,0,,,
21.672,odom,map,-0.628385,0.431319,2.92005,0,0,0,,,
21.708,odom,map,-0.626908,0.430996,2.93384,0,0,0,,,
21.744,odom,map,-0.62662,0.430936,2.94506,0,0,0,,,
21.78,odom,map,-0.62662,0.430936,2.95368,0,0,0,,,
21.816,odom,map,-0.627993,0.430921,2.96096,0,0,0,,,
21.816,ekf_predict_only,map,-0.603216,0.468832,2.9481,8.72272,7.83319,-1.05506,,,
21.816,kf,map,-0.675023,0.471755,2.98566,0.0625774,0.0625774,0,0.065459,,
21.816,ekf,map,-0.674801,0.471832,2.99056,0.0689653,0.0689622,2.32406e-06,0.064,,
21.816,pf,map,-0.677788,0.476807,3.02672,0.0662663,0.0654226,-9.17721e-05,4.76254,466.119,0
21.852,odom,map,-0.631531,0.430875,2.96762,0,0,0,,,
21.888,odom,map,-0.635084,0.430821,2.97172,0,0,0,,,
21.924,odom,map,-0.638651,0.430757,2.97494,0,0,0,,,
21.96,odom,map,-0.642232,0.430683,2.97816,0,0,0,,,
21.996,odom,map,-0.645827,0.4306,2.98137,0,0,0,,,
21.996,ekf_predict_only,map,-0.603216,0.468832,2.9481,8.82272,7.93319,-1.05506,,,
21.996,ekf,map,-0.673786,0.471704,3.0087,0.0676755,0.0676739,1.35283e-06,0.060292,,
21.996,kf,map,-0.673951,0.471682,3.00544,0.0623802,0.0623802,0,0.101958,,
22.032,odom,map,-0.646227,0.430591,2.98173,0,0,0,,,
21.996,pf,map,-0.664796,0.476002,3.03851,0.0606635,0.0610105,0.00285299,5.20379,468.04,0
22.068,odom,map,-0.646227,0.430591,2.98173,0,0,0,,,
22.104,odom,map,-0.646227,0.430591,2.98173,0,0,0,,,
22.14,odom,map,-0.646227,0.430591,2.98173,0,0,0,,,
22.176,odom,map,-0.646227,0.430591,2.98173,0,0,0,,,
22.212,odom,map,-0.646227,0.430591,2.98173,0,0,0,,,
22.212,kf,map,-0.673546,0.471655,3.0129,0.0625532,0.0625532,0,0.063958,,
22.212,ekf_predict_only,map,-0.603216,0.468832,2.9481,8.92272,8.03319,-1.05506,,,
22.212,ekf,map,-0.673455,0.471659,3.01465,0.0686588,0.0686576,1.02979e-06,0.15025,,
22.212,pf,map,-0.683829,0.480357,3.03504,0.066902,0.0628154,0.00292834,6.23354,488.707,0
22.248,odom,map,-0.646227,0.430591,2.98173,0,0,0,,,
22.284,odom,map,-0.646227,0.430591,2.98173,0,0,0,,,
22.32,odom,map,-0.646227,0.430591,2.98173,0,0,0,,,
22.356,odom,map,-0.646227,0.430591,2.98173,0,0,0,,,
22.392,odom,map,-0.646227,0.430591,2.98173,0,0,0,,,
22.428,odom,map,-0.645812,0.429152,2.98515,0,0,0,,,
22.392,ekf_predict_only,map,-0.606057,0.469389,2.94961,9.02535,8.12736,-1.04894,,,
22.392,ekf,map,-0.674283,0.471763,3.01697,0.0676239,0.0676232,6.09124e-07,0.064792,,
22.392,kf,map,-0.674476,0.471784,3.01625,0.0623768,0.0623768,0,0.060541,,
22.392,pf,map,-0.674976,0.51399,3.0086,0.0604992,0.0625144,0.0039047,8.31292,469.308,0
22.464,odom,map,-0.64566,0.427201,2.98983,0,0,0,,,
22.5,odom,map,-0.646069,0.425303,2.99416,0,0,0,,,
22.536,odom,map,-0.647379,0.423501,2.99814,0,0,0,,,
22.572,odom,map,-0.649171,0.421726,3.00154,0,0,0,,,
22.608,odom,map,-0.652221,0.420545,3.00304,0,0,0,,,
22.608,ekf_predict_only,map,-0.631557,0.474345,2.9368,9.14882,8.17749,-0.993418,,,
22.608,kf,map,-0.690688,0.473824,3.01038,0.0625528,0.0625528,0,0.065208,,
22.608,ekf,map,-0.689695,0.473671,3.01128,0.0686775,0.0686787,6.82678e-07,0.101334,,
22.608,pf,map,-0.672324,0.497666,3.01432,0.0577444,0.0582192,0.0005326,6.21021,464.281,0
22.644,odom,map,-0.656724,0.421178,3.00079,0,0,0,,,
22.68,odom,map,-0.661518,0.421863,2.99846,0,0,0,,,
22.716,odom,map,-0.66656,0.422597,2.99572,0,0,0,,,
22.752,odom,map,-0.672584,0.423493,2.99217,0,0,0,,,
22.788,odom,map,-0.678788,0.424438,2.98856,0,0,0,,,
22.824,odom,map,-0.685387,0.425469,2.98486,0,0,0,,,
22.788,ekf_predict_only,map,-0.665418,0.481378,2.91821,9.2824,8.21819,-0.918718,,,
22.788,ekf,map,-0.715593,0.477139,2.99767,0.0676491,0.0676554,1.1337e-06,0.112166,,
22.788,kf,map,-0.716616,0.477313,2.99694,0.0623767,0.0623767,0,0.055416,,
22.788,pf,map,-0.697063,0.477901,3.00509,0.06053,0.0630935,-0.00411354,8.35896,471.413,0
22.86,odom,map,-0.692489,0.426605,2.98092,0,0,0,,,
22.896,odom,map,-0.699939,0.427828,2.9769,0,0,0,,,
22.932,odom,map,-0.707595,0.429117,2.9729,0,0,0,,,
22.968,odom,map,-0.715545,0.430487,2.96888,0,0,0,,,
23.004,odom,map,-0.723962,0.431973,2.96495,0,0,0,,,
23.004,ekf_predict_only,map,-0.717271,0.493158,2.89485,9.43944,8.24295,-0.801734,,,
23.004,ekf,map,-0.760397,0.484024,2.97577,0.068703,0.0687241,3.15097e-06,0.112333,,
23.004,kf,map,-0.761477,0.484181,2.97537,0.0625527,0.0625527,0,0.129708,,
23.004,pf,map,-0.74814,0.493993,2.97275,0.0595417,0.0595479,0.000602036,6.50962,479.095,0
23.04,odom,map,-0.732903,0.433587,2.961,0,0,0,,,
23.076,odom,map,-0.742143,0.435293,2.95702,0,0,0,,,
23.112,odom,map,-0.751621,0.437082,2.95316,0,0,0,,,
23.148,odom,map,-0.761909,0.439064,2.94946,0,0,0,,,
23.184,odom,map,-0.772455,0.441136,2.94577,0,0,0,,,
23.184,ekf_predict_only,map,-0.770664,0.506606,2.87644,9.60575,8.2854,-0.677336,,,
23.184,ekf,map,-0.808426,0.49257,2.95729,0.067666,0.0676992,5.15309e-06,0.05825,,
23.184,kf,map,-0.809321,0.492678,2.95715,0.0623767,0.0623767,0,0.0675,,
23.22,odom,map,-0.783253,0.443298,2.94209,0,0,0,,,
23.184,pf,map,-0.820946,0.513146,2.96645,0.063145,0.0660137,0.000109683,8.6885,486.484,0
23.256,odom,map,-0.794347,0.445562,2.93865,0,0,0,,,
23.292,odom,map,-0.805799,0.447938,2.93558,0,0,0,,,
23.328,odom,map,-0.817453,0.450391,2.93271,0,0,0,,,
23.364,odom,map,-0.829351,0.45293,2.92993,0,0,0,,,
23.4,odom,map,-0.841547,0.455568,2.92735,0,0,0,,,
23.4,ekf_predict_only,map,-0.844454,0.526643,2.86915,9.80698,8.33963,-0.497163,,,
23.4,ekf,map,-0.877452,0.506239,2.94232,0.0687174,0.0687834,1.11423e-05,0.095375,,
23.4,kf,map,-0.878353,0.506229,2.94296,0.0625527,0.0625527,0,0.061,,
23.4,pf,map,-0.899581,0.543022,2.94441,0.0611904,0.061337,-0.000538857,6.50471,467.045,0
23.436,odom,map,-0.853962,0.458284,2.92535,0,0,0,,,
23.472,odom,map,-0.866515,0.461049,2.92432,0,0,0,,,
23.508,odom,map,-0.879202,0.463855,2.9235,0,0,0,,,
23.544,odom,map,-0.89203,0.466701,2.92318,0,0,0,,,
23.58,odom,map,-0.904972,0.469574,2.9231,0,0,0,,,
23.616,ekf_predict_only,map,-0.921589,0.548194,2.86916,10.0191,8.43423,-0.297234,,,
23.616,odom,map,-0.918003,0.472468,2.9231,0,0,0,,,
23.616,kf,map,-0.953399,0.521991,2.93773,0.0625774,0.0625774,0,0.05975,,
23.616,ekf,map,-0.952749,0.522075,2.93699,0.0689634,0.0690566,1.70012e-05,0.142875,,
23.601,amcl,map,-0.927792,0.464953,2.92429,0.0358539,0.0215604,0.00553423,,,
23.616,pf,map,-0.969801,0.520444,2.94437,0.0668849,0.0662797,-0.00217658,5.07113,485.761,0
23.652,odom,map,-0.931114,0.475377,2.92346,0,0,0,,,
23.688,odom,map,-0.944314,0.478298,2.92429,0,0,0,,,
23.724,odom,map,-0.957528,0.481208,2.92537,0,0,0,,,
23.76,odom,map,-0.970742,0.484103,2.92651,0,0,0,,,
23.796,odom,map,-0.984005,0.486992,2.92786,0,0,0,,,
23.796,ekf_predict_only,map,-0.987208,0.566527,2.8785,10.2172,8.56423,-0.117491,,,
23.796,kf,map,-1.01848,0.535751,2.94225,0.0623802,0.0623802,0,0.060125,,
23.832,odom,map,-0.997319,0.489869,2.92964,0,0,0,,,
23.796,ekf,map,-1.01811,0.53585,2.94161,0.0676762,0.0677718,1.84831e-05,0.0535,,
23.796,pf,map,-1.02595,0.565406,2.95097,0.0636728,0.0601686,-0.00124652,6.81204,470.688,0
23.868,odom,map,-1.01064,0.492723,2.93151,0,0,0,,,
23.904,odom,map,-1.02392,0.495542,2.93347,0,0,0,,,
23.94,odom,map,-1.03717,0.498324,2.93553,0,0,0,,,
23.976,odom,map,-1.05031,0.501058,2.93753,0,0,0,,,
24.012,odom,map,-1.06341,0.503755,2.93949,0,0,0,,,
24.012,kf,map,-1.09709,0.551602,2.95212,0.0625532,0.0625532,0,0.062084,,
24.012,ekf,map,-1.09697,0.551667,2.95173,0.0686619,0.0687937,2.65433e-05,0.0655,,
24.012,ekf_predict_only,map,-1.06467,0.587391,2.89026,10.4319,8.74118,0.105807,,,
24.012,pf,map,-1.09562,0.560022,2.95878,0.0672973,0.0643712,-0.00506648,4.68629,468.477,0
24.048,odom,map,-1.0764,0.506403,2.94158,0,0,0,,,
24.084,odom,map,-1.0891,0.508963,2.94368,0,0,0,,,
24.12,odom,map,-1.10162,0.511461,2.94577,0,0,0,,,
24.156,odom,map,-1.11411,0.513925,2.94787,0,0,0,,,
24.192,odom,map,-1.12647,0.516336,2.95002,0,0,0,,,
24.228,odom,map,-1.13863,0.518682,2.95197,0,0,0,,,
24.192,ekf_predict_only,map,-1.12432,0.602705,2.89934,10.6182,8.93144,0.285428,,,
24.192,kf,map,-1.15926,0.563347,2.96139,0.0623768,0.0623768,0,0.065666,,
24.192,ekf,map,-1.15936,0.563382,2.96128,0.0676275,0.0677477,2.44645e-05,0.092958,,
24.192,pf,map,-1.1731,0.568661,2.96552,0.0664487,0.063124,-0.00339854,5.76558,465.105,0
24.264,odom,map,-1.15064,0.520977,2.95365,0,0,0,,,
24.3,odom,map,-1.16262,0.523244,2.95527,0,0,0,,,
24.336,odom,map,-1.17434,0.525445,2.95654,0,0,0,,,
24.372,odom,map,-1.18574,0.527574,2.95733,0,0,0,,,
24.408,kf,map,-1.22877,0.57573,2.96696,0.0625528,0.0625528,0,0.060708,,
24.402,amcl,map,-1.21414,0.511518,2.96578,0.03946,0.0297104,0.00842329,,,
24.408,odom,map,-1.19745,0.529377,2.95775,0,0,0,,,
24.408,ekf_predict_only,map,-1.18956,0.618826,2.90118,10.811,9.1615,0.489248,,,
24.408,ekf,map,-1.22914,0.575728,2.9673,0.0686821,0.0688245,2.87768e-05,0.059917,,
24.408,pf,map,-1.2319,0.593974,2.97442,0.0589078,0.0679282,0.00289501,5.99437,469.031,0
24.444,odom,map,-1.2112,0.53023,2.95827,0,0,0,,,
24.48,odom,map,-1.22483,0.531051,2.959,0,0,0,,,
24.516,odom,map,-1.23828,0.53183,2.95952,0,0,0,,,
24.552,odom,map,-1.2515,0.532558,2.95985,0,0,0,,,
24.588,odom,map,-1.26438,0.533222,2.95991,0,0,0,,,
24.588,kf,map,-1.28227,0.584967,2.96866,0.0623767,0.0623767,0,0.070375,,
24.588,ekf,map,-1.28266,0.584964,2.969,0.0676529,0.0677694,2.32063e-05,0.160916,,
24.624,odom,map,-1.27544,0.534637,2.95979,0,0,0,,,
24.588,ekf_predict_only,map,-1.23926,0.63101,2.90018,10.9825,9.38281,0.649884,,,
24.588,pf,map,-1.27208,0.615845,2.9814,0.0634581,0.0580732,0.000876099,6.22958,470.837,0
24.66,odom,map,-1.28532,0.536456,2.95933,0,0,0,,,
24.696,odom,map,-1.29496,0.538236,2.95848,0,0,0,,,
24.732,odom,map,-1.30439,0.53999,2.95714,0,0,0,,,
24.768,odom,map,-1.31377,0.541746,2.95574,0,0,0,,,
24.804,odom,map,-1.32301,0.543492,2.954,0,0,0,,,
24.804,kf,map,-1.34028,0.59504,2.96169,0.0625527,0.0625527,0,0.059792,,
24.804,ekf,map,-1.34068,0.59503,2.96223,0.0687068,0.0688324,2.45199e-05,0.054916,,
24.804,ekf_predict_only,map,-1.29378,0.644435,2.88885,11.1626,9.63832,0.831698,,,
24.804,pf,map,-1.3296,0.601176,2.96833,0.0565388,0.0562697,-0.00168006,4.85433,469.192,0
24.84,odom,map,-1.33207,0.545219,2.95196,0,0,0,,,
24.876,odom,map,-1.341,0.546944,2.94988,0,0,0,,,
24.912,odom,map,-1.34988,0.548676,2.94781,0,0,0,,,
24.948,odom,map,-1.35872,0.550422,2.94551,0,0,0,,,
24.984,odom,map,-1.36745,0.552168,2.94278,0,0,0,,,
25.02,odom,map,-1.37602,0.553908,2.93971,0,0,0,,,
24.984,ekf_predict_only,map,-1.33571,0.655263,2.87295,11.3282,9.87404,0.976331,,,
24.984,ekf,map,-1.38541,0.603226,2.9509,0.0676685,0.0677657,1.87474e-05,0.061458,,
24.984,kf,map,-1.38509,0.603234,2.95034,0.0623767,0.0623767,0,0.076,,
24.984,pf,map,-1.38388,0.596467,2.96179,0.0656018,0.0594194,0.00342715,5.09158,491.243,0
25.056,odom,map,-1.3845,0.555658,2.93653,0,0,0,,,
25.092,odom,map,-1.39285,0.557409,2.93326,0,0,0,,,
25.128,odom,map,-1.401,0.559147,2.92954,0,0,0,,,
25.164,odom,map,-1.409,0.560886,2.92551,0,0,0,,,
25.2,odom,map,-1.41695,0.562647,2.92142,0,0,0,,,
25.2,ekf_predict_only,map,-1.3828,0.668226,2.84836,11.5081,10.1434,1.14468,,,
25.2,ekf,map,-1.43519,0.613133,2.93003,0.068719,0.0688197,1.93419e-05,0.055125,,
25.2,kf,map,-1.4349,0.613114,2.92949,0.0625527,0.0625527,0,0.057584,,
25.2,pf,map,-1.44347,0.603395,2.92931,0.0624018,0.0656689,-0.00316995,7.26054,492.086,0
25.236,odom,map,-1.42571,0.56227,2.91822,0,0,0,,,
25.272,odom,map,-1.4342,0.561779,2.91453,0,0,0,,,
25.308,odom,map,-1.44253,0.561271,2.91055,0,0,0,,,
25.344,odom,map,-1.4509,0.560793,2.90653,0,0,0,,,
25.38,odom,map,-1.45908,0.560291,2.90216,0,0,0,,,
25.416,odom,map,-1.46646,0.56059,2.89659,0,0,0,,,
25.416,ekf,map,-1.48005,0.623259,2.89743,0.0689635,0.0690523,1.72939e-05,0.06225,,
25.416,kf,map,-1.47964,0.623187,2.89672,0.0625774,0.0625774,0,0.098708,,
25.416,ekf_predict_only,map,-1.42366,0.680565,2.81021,11.6854,10.4051,1.29707,,,
25.416,pf,map,-1.48696,0.610881,2.89123,0.0634929,0.0643823,0.00123946,4.82708,460.336,0
25.452,odom,map,-1.47336,0.562338,2.89023,0,0,0,,,
25.488,odom,map,-1.48005,0.564079,2.88369,0,0,0,,,
25.524,odom,map,-1.48642,0.565782,2.87675,0,0,0,,,
25.56,odom,map,-1.49251,0.567458,2.86953,0,0,0,,,
25.596,odom,map,-1.49828,0.569091,2.86188,0,0,0,,,
25.632,odom,map,-1.50396,0.570746,2.85413,0,0,0,,,
25.596,ekf_predict_only,map,-1.45164,0.690191,2.77147,11.8465,10.6238,1.40638,,,
25.596,ekf,map,-1.51183,0.631619,2.86312,0.0676751,0.0677379,1.26131e-05,0.330833,,
25.596,kf,map,-1.51143,0.631526,2.8625,0.0623802,0.0623802,0,1.54142,,
25.602,amcl,map,-1.47355,0.577148,2.84018,0.0475223,0.0450727,0.0133777,,,
25.596,pf,map,-1.51692,0.624042,2.87968,0.054981,0.0589505,0.00100648,10.7905,486.727,0
25.668,odom,map,-1.5095,0.572406,2.84614,0,0,0,,,
25.704,odom,map,-1.51479,0.57404,2.83789,0,0,0,,,
25.74,odom,map,-1.52009,0.575726,2.82966,0,0,0,,,
25.776,odom,map,-1.52539,0.57746,2.82145,0,0,0,,,
25.812,kf,map,-1.54386,0.641386,2.81321,0.0625532,0.0625532,0,0.061667,,
25.812,odom,map,-1.5304,0.579144,2.81267,0,0,0,,,
25.812,ekf_predict_only,map,-1.48054,0.701404,2.71747,12.0188,10.8533,1.52459,,,
25.812,ekf,map,-1.54425,0.641515,2.81386,0.0686593,0.0687189,1.26678e-05,0.057834,,
25.812,pf,map,-1.55241,0.618243,2.83232,0.0546609,0.0628615,0.000871846,4.74554,485.417,0
25.848,odom,map,-1.53521,0.580809,2.80339,0,0,0,,,
25.884,odom,map,-1.53992,0.582491,2.79367,0,0,0,,,
25.92,odom,map,-1.54441,0.584145,2.78358,0,0,0,,,
25.956,odom,map,-1.54876,0.585798,2.77311,0,0,0,,,
25.992,odom,map,-1.55306,0.587485,2.76248,0,0,0,,,
26.028,odom,map,-1.5572,0.589162,2.75155,0,0,0,,,
25.992,ekf_predict_only,map,-1.50049,0.710414,2.66194,12.1776,11.0469,1.61084,,,
25.992,ekf,map,-1.56711,0.649814,2.7634,0.0676247,0.0676665,9.4489e-06,0.056875,,
25.992,kf,map,-1.56679,0.649691,2.76276,0.0623768,0.0623768,0,0.065375,,
25.992,pf,map,-1.55504,0.623566,2.78803,0.0624277,0.0631595,0.00320664,10.321,482.823,0
26.064,odom,map,-1.56125,0.590852,2.74014,0,0,0,,,
26.1,odom,map,-1.56522,0.592566,2.72833,0,0,0,,,
26.136,odom,map,-1.56914,0.59431,2.71639,0,0,0,,,
26.172,odom,map,-1.57293,0.596055,2.70426,0,0,0,,,
26.208,odom,map,-1.57657,0.597784,2.69172,0,0,0,,,
26.208,ekf_predict_only,map,-1.5215,0.721343,2.58241,12.3498,11.2491,1.70689,,,
26.208,ekf,map,-1.59088,0.659975,2.69156,0.0686788,0.068717,9.5072e-06,0.055958,,
26.208,kf,map,-1.59059,0.659833,2.69064,0.0625528,0.0625528,0,0.064209,,
26.208,pf,map,-1.59076,0.648714,2.7066,0.0603549,0.0609025,0.000341233,4.88492,482.001,0
26.244,odom,map,-1.58012,0.599526,2.67857,0,0,0,,,
26.28,odom,map,-1.58364,0.601312,2.66532,0,0,0,,,
26.316,odom,map,-1.58715,0.603155,2.65184,0,0,0,,,
26.352,odom,map,-1.59067,0.605064,2.63803,0,0,0,,,
26.388,odom,map,-1.5941,0.606983,2.62369,0,0,0,,,
26.424,odom,map,-1.59444,0.610086,2.60688,0,0,0,,,
26.388,ekf_predict_only,map,-1.53807,0.731709,2.51003,12.5194,11.4324,1.78849,,,
26.388,kf,map,-1.60883,0.669255,2.62374,0.0623767,0.0623767,0,0.063208,,
26.388,ekf,map,-1.60899,0.669356,2.6245,0.0676505,0.0676765,7.2518e-06,0.105416,,
26.4,amcl,map,-1.57419,0.620393,2.60471,0.0460129,0.0478937,0.0173676,,,
26.388,pf,map,-1.59769,0.656592,2.63684,0.0644075,0.056596,-0.00200099,6.87992,498.342,0
26.46,odom,map,-1.59312,0.613951,2.58854,0,0,0,,,
26.496,odom,map,-1.59184,0.617927,2.56994,0,0,0,,,
26.532,odom,map,-1.59065,0.622054,2.55105,0,0,0,,,
26.568,odom,map,-1.58951,0.626313,2.53203,0,0,0,,,
26.604,odom,map,-1.58883,0.630713,2.5133,0,0,0,,,
26.604,ekf_predict_only,map,-1.56176,0.74904,2.41851,12.7377,11.6557,1.91447,,,
26.604,ekf,map,-1.63193,0.683477,2.53578,0.0687051,0.0687294,8.29372e-06,0.063291,,
26.604,kf,map,-1.63209,0.683491,2.53524,0.0625527,0.0625527,0,0.058333,,
26.604,pf,map,-1.63579,0.678075,2.55815,0.0692238,0.0627628,0.00176874,5.38379,471.695,0
26.64,odom,map,-1.59295,0.633754,2.49818,0,0,0,,,
26.676,odom,map,-1.59735,0.637107,2.48321,0,0,0,,,
26.712,odom,map,-1.60179,0.640594,2.46826,0,0,0,,,
26.748,odom,map,-1.60651,0.644419,2.45339,0,0,0,,,
26.784,odom,map,-1.6114,0.648503,2.43861,0,0,0,,,
26.82,odom,map,-1.61638,0.652785,2.42392,0,0,0,,,
26.784,kf,map,-1.65575,0.70118,2.46214,0.0623767,0.0623767,0,0.060667,,
26.784,ekf_predict_only,map,-1.58638,0.77077,2.34502,12.9898,11.8891,2.05955,,,
26.784,ekf,map,-1.65542,0.701084,2.46234,0.0676688,0.0676867,8.3214e-06,0.080541,,
26.784,pf,map,-1.64868,0.699295,2.48755,0.0626291,0.0596905,5.49139e-05,6.47821,458.283,0
26.856,odom,map,-1.62131,0.657155,2.40881,0,0,0,,,
26.892,odom,map,-1.62631,0.661723,2.39333,0,0,0,,,
26.928,odom,map,-1.63136,0.666484,2.37773,0,0,0,,,
26.964,odom,map,-1.63638,0.671375,2.36209,0,0,0,,,
27,odom,map,-1.64144,0.676455,2.34607,0,0,0,,,
27,ekf_predict_only,map,-1.61719,0.80227,2.2458,13.3179,12.1637,2.26036,,,
27,ekf,map,-1.6861,0.728072,2.36772,0.0687233,0.0687417,1.32902e-05,0.064208,,
27,kf,map,-1.68653,0.728195,2.36724,0.0625527,0.0625527,0,0.105917,,
27,amcl,map,-1.64554,0.662784,2.36952,0.0428285,0.0466927,0.0159498,,,
27,pf,map,-1.68974,0.735158,2.3817,0.0709882,0.067403,0.0015001,6.22442,475.76,0
27.036,odom,map,-1.64651,0.681708,2.32968,0,0,0,,,
27.072,odom,map,-1.65157,0.687138,2.31308,0,0,0,,,
27.108,odom,map,-1.65659,0.6927,2.29644,0,0,0,,,
27.144,odom,map,-1.66158,0.698423,2.2795,0,0,0,,,
27.18,odom,map,-1.6665,0.704265,2.26249,0,0,0,,,
27.216,odom,map,-1.67175,0.710364,2.24592,0,0,0,,,
27.216,ekf_predict_only,map,-1.64585,0.838082,2.14373,13.6882,12.4339,2.47486,,,
27.216,ekf,map,-1.7163,0.760589,2.26811,0.0689728,0.0689882,1.75122e-05,0.079709,,
27.216,kf,map,-1.71669,0.76061,2.26771,0.0625774,0.0625774,0,0.071125,,
27.216,pf,map,-1.71578,0.771917,2.27941,0.0686037,0.0595633,-0.00137794,4.60571,468.267,0
27.252,odom,map,-1.67756,0.71678,2.2298,0,0,0,,,
27.288,odom,map,-1.68333,0.723333,2.21343,0,0,0,,,
27.324,odom,map,-1.68905,0.730009,2.19685,0,0,0,,,
27.36,odom,map,-1.69467,0.736764,2.18018,0,0,0,,,
27.396,odom,map,-1.70017,0.743543,2.16347,0,0,0,,,
27.432,odom,map,-1.70444,0.749861,2.1454,0,0,0,,,
27.396,ekf_predict_only,map,-1.66499,0.867746,2.04993,14.021,12.6518,2.64129,,,
27.396,ekf,map,-1.73874,0.790181,2.1789,0.0676867,0.0676956,1.69297e-05,0.057791,,
27.396,kf,map,-1.73888,0.790012,2.1784,0.0623802,0.0623802,0,0.053417,,
27.396,pf,map,-1.72902,0.787954,2.19225,0.060108,0.0644827,0.00388525,8.88142,473.239,0
27.468,odom,map,-1.70809,0.755606,2.12629,0,0,0,,,
27.504,odom,map,-1.71157,0.761342,2.10708,0,0,0,,,
27.54,odom,map,-1.71481,0.76692,2.08758,0,0,0,,,
27.576,odom,map,-1.71776,0.772223,2.06769,0,0,0,,,
27.612,kf,map,-1.75942,0.822921,2.06268,0.0625532,0.0625532,0,0.065,,
27.612,odom,map,-1.72056,0.777509,2.0477,0,0,0,,,
27.612,ekf_predict_only,map,-1.68153,0.899596,1.92999,14.3801,12.8564,2.80929,,,
27.612,ekf,map,-1.75941,0.823291,2.06324,0.0686768,0.0686811,2.09598e-05,0.061458,,
27.6,amcl,map,-1.70218,0.787982,2.05486,0.0325841,0.0405377,0.00668261,,,
27.612,pf,map,-1.75688,0.818959,2.08014,0.0634778,0.0615337,-0.000430732,5.68142,468.13,0
27.648,odom,map,-1.72323,0.782816,2.02769,0,0,0,,,
27.684,odom,map,-1.72574,0.788052,2.00774,0,0,0,,,
27.72,odom,map,-1.72808,0.793198,1.98784,0,0,0,,,
27.756,odom,map,-1.7303,0.798345,1.96814,0,0,0,,,
27.792,odom,map,-1.73242,0.803533,1.94856,0,0,0,,,
27.828,odom,map,-1.73461,0.806731,1.93166,0,0,0,,,
27.792,ekf,map,-1.77255,0.850829,1.96707,0.0676422,0.0676409,1.76551e-05,0.116458,,
27.792,ekf_predict_only,map,-1.69254,0.928915,1.83592,14.727,13.0275,2.95024,,,
27.792,kf,map,-1.77269,0.850692,1.96702,0.0623768,0.0623768,0,0.11025,,
27.792,pf,map,-1.76119,0.833329,1.9755,0.0653555,0.0597394,-0.00167809,14.1851,491.346,0
27.864,odom,map,-1.73695,0.80961,1.9163,0,0,0,,,
27.9,odom,map,-1.73933,0.812817,1.90126,0,0,0,,,
27.936,odom,map,-1.74169,0.816184,1.88638,0,0,0,,,
27.972,odom,map,-1.74407,0.819852,1.87181,0,0,0,,,
28.008,odom,map,-1.74645,0.824674,1.85695,0,0,0,,,
28.008,ekf,map,-1.78714,0.891376,1.85937,0.0687053,0.0686945,2.08639e-05,0.058333,,
28.008,kf,map,-1.78757,0.891645,1.85978,0.0625528,0.0625528,0,0.106583,,
28.002,amcl,map,-1.71931,0.859721,1.82809,0.0261056,0.0359672,0.00790239,,,
28.008,ekf_predict_only,map,-1.70512,0.975235,1.7329,15.2337,13.21,3.1575,,,
28.008,pf,map,-1.78128,0.876442,1.87153,0.0598159,0.061474,-0.00120115,6.68346,475.016,0
28.044,odom,map,-1.74864,0.832367,1.83978,0,0,0,,,
28.08,odom,map,-1.75074,0.840252,1.82279,0,0,0,,,
28.116,odom,map,-1.75277,0.848435,1.80604,0,0,0,,,
28.152,odom,map,-1.75476,0.857022,1.78952,0,0,0,,,
28.188,odom,map,-1.75662,0.865743,1.77306,0,0,0,,,
28.188,kf,map,-1.79739,0.932254,1.77561,0.0623767,0.0623767,0,0.064083,,
28.224,odom,map,-1.75835,0.874536,1.75677,0,0,0,,,
28.188,ekf_predict_only,map,-1.71239,1.01967,1.65246,15.7431,13.3584,3.33893,,,
28.188,ekf,map,-1.79696,0.931963,1.77515,0.0676803,0.0676615,1.81807e-05,0.104209,,
28.188,pf,map,-1.81154,0.931348,1.77316,0.0683968,0.0628469,0.0077449,7.09588,481.425,0
28.26,odom,map,-1.75998,0.883627,1.74093,0,0,0,,,
28.296,odom,map,-1.76151,0.89295,1.72522,0,0,0,,,
28.332,odom,map,-1.76289,0.902342,1.7095,0,0,0,,,
28.368,odom,map,-1.76415,0.911871,1.69417,0,0,0,,,
28.404,odom,map,-1.76506,0.921754,1.67914,0,0,0,,,
28.404,ekf_predict_only,map,-1.71713,1.07768,1.56454,16.4065,13.4903,3.55687,,,
28.404,ekf,map,-1.80561,0.987226,1.68198,0.0687527,0.0687145,2.14825e-05,0.056208,,
28.404,kf,map,-1.80611,0.987478,1.68263,0.0625527,0.0625527,0,0.057333,,
28.404,pf,map,-1.81729,0.968058,1.69471,0.0607854,0.0632019,0.00209418,9.6515,463.098,0
28.44,odom,map,-1.76235,0.936963,1.66141,0,0,0,,,
28.476,odom,map,-1.75943,0.952194,1.64372,0,0,0,,,
28.512,odom,map,-1.75633,0.967513,1.62629,0,0,0,,,
28.548,odom,map,-1.75303,0.98294,1.60948,0,0,0,,,
28.584,odom,map,-1.74955,0.998301,1.59336,0,0,0,,,
28.584,ekf_predict_only,map,-1.71683,1.1269,1.50152,17.0104,13.5882,3.72115,,,
28.584,ekf,map,-1.80878,1.03551,1.61222,0.067718,0.0676733,1.72498e-05,0.080208,,
28.62,odom,map,-1.748,1.01059,1.57925,0,0,0,,,
28.584,kf,map,-1.80922,1.03565,1.613,0.0623767,0.0623767,0,0.056333,,
28.602,amcl,map,-1.74181,1.00845,1.57708,0.0257456,0.0428326,0.0113132,,,
28.584,pf,map,-1.82723,1.00546,1.63538,0.065364,0.0608311,0.00185197,5.27925,459.468,0
28.656,odom,map,-1.74803,1.02051,1.567,0,0,0,,,
28.692,odom,map,-1.74793,1.03046,1.55486,0,0,0,,,
28.728,odom,map,-1.74771,1.04024,1.54343,0,0,0,,,
28.764,odom,map,-1.7474,1.0499,1.53284,0,0,0,,,
28.8,odom,map,-1.74698,1.05953,1.52253,0,0,0,,,
28.8,ekf_predict_only,map,-1.71282,1.1846,1.43964,17.7315,13.6613,3.89341,,,
28.8,ekf,map,-1.80886,1.09377,1.54291,0.0687888,0.0687223,1.71021e-05,0.055625,,
28.8,kf,map,-1.80931,1.09377,1.54388,0.0625527,0.0625527,0,0.060833,,
28.8,pf,map,-1.82539,1.08247,1.55368,0.0631574,0.0626109,-0.00264583,4.84629,452.251,0
28.836,odom,map,-1.74446,1.07019,1.50984,0,0,0,,,
28.872,odom,map,-1.74176,1.08065,1.49754,0,0,0,,,
28.908,odom,map,-1.73893,1.0909,1.48598,0,0,0,,,
28.944,odom,map,-1.73598,1.10111,1.47457,0,0,0,,,
28.98,odom,map,-1.73293,1.1111,1.46358,0,0,0,,,
29.016,odom,map,-1.73065,1.12023,1.4545,0,0,0,,,
29.016,kf,map,-1.80617,1.13772,1.50279,0.0625774,0.0625774,0,0.060417,,
29.016,ekf,map,-1.80559,1.13954,1.49971,0.0690303,0.0689651,1.30949e-05,0.056416,,
29.016,ekf_predict_only,map,-1.70942,1.21039,1.4257,18.1199,13.7386,3.96055,,,
29.016,pf,map,-1.81433,1.15371,1.49186,0.0583232,0.0641422,-0.00276444,7.57204,477.559,0
29.052,odom,map,-1.72979,1.12745,1.44955,0,0,0,,,
29.088,odom,map,-1.72906,1.13338,1.44719,0,0,0,,,
29.124,odom,map,-1.72848,1.13802,1.44697,0,0,0,,,
29.16,odom,map,-1.72806,1.14138,1.44697,0,0,0,,,
29.196,odom,map,-1.72777,1.14371,1.44672,0,0,0,,,
29.232,odom,map,-1.72746,1.14618,1.44582,0,0,0,,,
29.196,ekf_predict_only,map,-1.70762,1.2227,1.42122,18.36,13.8266,3.9913,,,
29.196,ekf,map,-1.80323,1.16552,1.48409,0.0677205,0.0676754,7.77978e-06,0.055791,,
29.196,kf,map,-1.80361,1.16377,1.48611,0.0623802,0.0623802,0,0.061667,,
29.196,pf,map,-1.8219,1.16826,1.48833,0.0620517,0.0652215,0.00208711,7.50404,485.813,0
29.268,odom,map,-1.72711,1.14897,1.44501,0,0,0,,,
29.304,odom,map,-1.7266,1.15297,1.44406,0,0,0,,,
29.34,odom,map,-1.72603,1.15747,1.44267,0,0,0,,,
29.376,odom,map,-1.72546,1.16182,1.44023,0,0,0,,,
29.412,kf,map,-1.80081,1.19247,1.46843,0.0625532,0.0625532,0,0.058833,,
29.412,odom,map,-1.7252,1.16585,1.43745,0,0,0,,,
29.412,ekf_predict_only,map,-1.70381,1.24797,1.40236,18.7522,13.9014,4.053,,,
29.412,ekf,map,-1.80062,1.19333,1.46791,0.0686999,0.0686588,5.72266e-06,1.69683,,
29.412,pf,map,-1.81203,1.19233,1.47118,0.0543807,0.0619014,-0.00319692,6.59904,460.814,0
29.448,odom,map,-1.72562,1.16932,1.4348,0,0,0,,,
29.484,odom,map,-1.72607,1.17256,1.43136,0,0,0,,,
29.52,odom,map,-1.72653,1.17568,1.42764,0,0,0,,,
29.556,odom,map,-1.72698,1.1788,1.42318,0,0,0,,,
29.592,odom,map,-1.72742,1.18186,1.41777,0,0,0,,,
29.592,ekf,map,-1.79845,1.21291,1.43802,0.0676524,0.0676239,3.08136e-06,0.058792,,
29.628,odom,map,-1.72713,1.18528,1.41042,0,0,0,,,
29.592,ekf_predict_only,map,-1.70077,1.26584,1.36072,19.0628,13.9814,4.09397,,,
29.592,kf,map,-1.79852,1.21246,1.4373,0.0623768,0.0623768,0,0.056208,,
29.592,pf,map,-1.81315,1.21308,1.44673,0.0580693,0.0627222,0.00122185,7.63079,491.484,0
29.664,odom,map,-1.72653,1.18886,1.40209,0,0,0,,,
29.7,odom,map,-1.72591,1.1924,1.39344,0,0,0,,,
29.736,odom,map,-1.72526,1.19592,1.38359,0,0,0,,,
29.772,odom,map,-1.72457,1.19947,1.37282,0,0,0,,,
29.808,ekf_predict_only,map,-1.69623,1.28716,1.29464,19.4185,14.0516,4.13657,,,
29.808,ekf,map,-1.79517,1.23492,1.38253,0.0687044,0.0686775,1.82605e-06,0.099791,,
29.808,kf,map,-1.79519,1.23471,1.38132,0.0625528,0.0625528,0,0.056208,,
29.808,odom,map,-1.72384,1.20303,1.36181,0,0,0,,,
29.802,amcl,map,-1.73822,1.21242,1.37381,0.0313245,0.0498144,0.0151062,,,
29.808,pf,map,-1.79364,1.23941,1.384,0.0625452,0.069383,0.0012993,8.08263,464.671,0
29.844,odom,map,-1.72305,1.20664,1.35053,0,0,0,,,
29.88,odom,map,-1.72217,1.21045,1.33807,0,0,0,,,
29.916,odom,map,-1.72123,1.21432,1.32522,0,0,0,,,
29.952,odom,map,-1.72023,1.21821,1.3123,0,0,0,,,
29.988,odom,map,-1.71914,1.22224,1.29891,0,0,0,,,
29.988,ekf,map,-1.79081,1.25539,1.32015,0.0676693,0.0676491,4.19064e-07,0.10725,,
30.024,odom,map,-1.71791,1.22652,1.28483,0,0,0,,,
29.988,ekf_predict_only,map,-1.68998,1.30921,1.22322,19.7879,14.111,4.17,,,
29.988,kf,map,-1.79078,1.25546,1.31899,0.0623767,0.0623767,0,0.06,,
29.988,pf,map,-1.81036,1.24069,1.33706,0.0609819,0.0661961,-0.00185578,13.0027,475.308,0
30.06,odom,map,-1.71654,1.23106,1.27029,0,0,0,,,
30.096,odom,map,-1.71509,1.2356,1.25571,0,0,0,,,
30.132,odom,map,-1.71354,1.24026,1.24098,0,0,0,,,
30.168,odom,map,-1.71179,1.24525,1.22586,0,0,0,,,
30.204,odom,map,-1.70987,1.25045,1.21082,0,0,0,,,
30.204,ekf,map,-1.78229,1.28448,1.23458,0.068726,0.0687031,-1.33744e-06,0.056458,,
30.204,ekf_predict_only,map,-1.6785,1.34091,1.13373,20.2842,14.1375,4.19966,,,
30.204,kf,map,-1.78226,1.28482,1.23379,0.0625527,0.0625527,0,0.063167,,
30.204,pf,map,-1.80586,1.29054,1.25456,0.0606895,0.0641853,-0.00299723,6.99121,468.388,0
30.24,odom,map,-1.70785,1.25569,1.1959,0,0,0,,,
30.276,odom,map,-1.70569,1.26107,1.18104,0,0,0,,,
30.312,odom,map,-1.70332,1.26673,1.16624,0,0,0,,,
30.348,odom,map,-1.70084,1.27239,1.15145,0,0,0,,,
30.384,odom,map,-1.69821,1.27818,1.1367,0,0,0,,,
30.384,ekf_predict_only,map,-1.66438,1.37113,1.0609,20.7721,14.149,4.20371,,,
30.384,ekf,map,-1.77126,1.31252,1.16208,0.0676872,0.0676662,-3.11202e-06,0.109417,,
30.384,kf,map,-1.77124,1.31291,1.16177,0.0623767,0.0623767,0,0.059375,,
30.42,odom,map,-1.6954,1.28413,1.12208,0,0,0,,,
30.384,pf,map,-1.7957,1.29658,1.16452,0.0660324,0.0608063,-0.00105927,7.24662,501.255,0
30.402,amcl,map,-1.70385,1.29777,1.13574,0.0289993,0.0450172,0.0170457,,,
30.456,odom,map,-1.6924,1.29025,1.10765,0,0,0,,,
30.492,odom,map,-1.68921,1.29652,1.09336,0,0,0,,,
30.528,odom,map,-1.68589,1.30282,1.07912,0,0,0,,,
30.564,odom,map,-1.68243,1.30918,1.06519,0,0,0,,,
30.6,odom,map,-1.6788,1.31564,1.05164,0,0,0,,,
30.6,kf,map,-1.75257,1.35181,1.07887,0.0625527,0.0625527,0,0.061,,
30.6,ekf_predict_only,map,-1.64101,1.41291,0.980802,21.4245,14.1074,4.17587,,,
30.6,ekf,map,-1.75259,1.35119,1.07869,0.0687472,0.0687184,-7.79942e-06,0.055417,,
30.6,pf,map,-1.77347,1.35625,1.09009,0.0698883,0.0585758,0.00259696,5.07854,479.178,0
30.636,odom,map,-1.67761,1.32416,1.04004,0,0,0,,,
30.672,odom,map,-1.67631,1.3329,1.02851,0,0,0,,,
30.708,odom,map,-1.67478,1.34187,1.01735,0,0,0,,,
30.744,odom,map,-1.67302,1.35106,1.00571,0,0,0,,,
30.78,odom,map,-1.67097,1.36053,0.992982,0,0,0,,,
30.816,odom,map,-1.66765,1.36931,0.979401,0,0,0,,,
30.816,ekf_predict_only,map,-1.61051,1.45847,0.892637,22.1486,14.0315,4.09834,,,
30.816,ekf,map,-1.72686,1.39465,0.99345,0.069,0.0689661,-1.36156e-05,0.056125,,
30.816,kf,map,-1.72682,1.39533,0.993256,0.0625774,0.0625774,0,0.070166,,
30.816,pf,map,-1.73097,1.3997,1.0053,0.0613917,0.0610758,0.00411074,4.70446,481.191,0
30.852,odom,map,-1.6624,1.37702,0.964402,0,0,0,,,
30.888,odom,map,-1.65683,1.38492,0.94897,0,0,0,,,
30.924,odom,map,-1.65103,1.39287,0.933398,0,0,0,,,
30.96,odom,map,-1.64499,1.4009,0.917753,0,0,0,,,
30.996,odom,map,-1.6386,1.40912,0.902114,0,0,0,,,
31.032,odom,map,-1.63198,1.41736,0.886535,0,0,0,,,
30.996,ekf_predict_only,map,-1.57726,1.49974,0.814827,22.8336,13.9513,3.9745,,,
30.996,kf,map,-1.69825,1.43534,0.916724,0.0623802,0.0623802,0,0.103125,,
30.996,ekf,map,-1.6983,1.43476,0.916886,0.0677129,0.0676816,-1.76185e-05,0.05475,,
31.002,amcl,map,-1.63523,1.42063,0.883449,0.0324671,0.0420492,0.0227941,,,
30.996,pf,map,-1.70001,1.4583,0.931758,0.0654744,0.0593567,0.00197917,9.28317,490.255,0
31.068,odom,map,-1.62521,1.42552,0.870973,0,0,0,,,
31.104,odom,map,-1.61826,1.43365,0.855333,0,0,0,,,
31.14,odom,map,-1.61106,1.44181,0.839686,0,0,0,,,
31.176,odom,map,-1.60365,1.44994,0.824222,0,0,0,,,
31.212,odom,map,-1.59563,1.4583,0.808672,0,0,0,,,
31.212,ekf_predict_only,map,-1.53186,1.54789,0.722778,23.6401,13.8252,3.76138,,,
31.212,ekf,map,-1.65713,1.4838,0.824426,0.0687136,0.0686751,-3.08358e-05,0.06375,,
31.212,kf,map,-1.65719,1.48433,0.824416,0.0625532,0.0625532,0,0.08825,,
31.212,pf,map,-1.67762,1.50976,0.839043,0.0721192,0.0657243,-0.00102391,5.18579,461.462,0
31.248,odom,map,-1.5864,1.46728,0.792856,0,0,0,,,
31.284,odom,map,-1.57705,1.47611,0.777322,0,0,0,,,
31.32,odom,map,-1.56757,1.48483,0.762124,0,0,0,,,
31.356,odom,map,-1.55795,1.49344,0.747162,0,0,0,,,
31.392,odom,map,-1.54825,1.50189,0.732311,0,0,0,,,
31.428,odom,map,-1.53957,1.50948,0.718088,0,0,0,,,
31.392,ekf,map,-1.61844,1.52218,0.752357,0.0676757,0.0676455,-3.33406e-05,0.062458,,
31.392,kf,map,-1.61858,1.52255,0.752533,0.0623768,0.0623768,0,0.055125,,
31.392,ekf_predict_only,map,-1.4906,1.58429,0.652896,24.2913,13.7396,3.53076,,,
31.392,pf,map,-1.64714,1.54073,0.744671,0.0632741,0.056413,-0.000432849,5.01033,458.065,0
31.464,odom,map,-1.53124,1.51666,0.704112,0,0,0,,,
31.5,odom,map,-1.52282,1.52371,0.690232,0,0,0,,,
31.536,odom,map,-1.51443,1.53054,0.676574,0,0,0,,,
31.572,odom,map,-1.50612,1.53712,0.663133,0,0,0,,,
31.608,odom,map,-1.49791,1.54345,0.64989,0,0,0,,,
31.608,ekf,map,-1.57035,1.56354,0.670414,0.0687395,0.0687124,-4.56896e-05,0.062959,,
31.608,kf,map,-1.57075,1.56373,0.670754,0.0625528,0.0625528,0,0.056375,,
31.608,ekf_predict_only,map,-1.44223,1.62127,0.573884,24.9667,13.6466,3.22834,,,
31.602,amcl,map,-1.50562,1.53982,0.609172,0.0427584,0.0386458,0.0264259,,,
31.608,pf,map,-1.61331,1.56546,0.653743,0.0682373,0.0662123,-0.00347005,6.33571,481.559,0
31.644,odom,map,-1.48979,1.54954,0.636722,0,0,0,,,
31.68,odom,map,-1.4817,1.55544,0.623716,0,0,0,,,
31.716,odom,map,-1.47372,1.5611,0.610872,0,0,0,,,
31.752,odom,map,-1.46579,1.56658,0.598061,0,0,0,,,
31.788,odom,map,-1.45803,1.57179,0.585465,0,0,0,,,
31.824,odom,map,-1.45089,1.57701,0.57153,0,0,0,,,
31.788,ekf_predict_only,map,-1.40437,1.64575,0.511283,25.4561,13.6141,2.97003,,,
31.788,ekf,map,-1.53121,1.59223,0.60568,0.0676985,0.0676837,-4.03392e-05,0.0565,,
31.788,kf,map,-1.53167,1.59226,0.605981,0.0623767,0.0623767,0,0.121959,,
31.788,pf,map,-1.55209,1.59603,0.596588,0.0664896,0.0655576,0.00601513,8.11596,477.598,0
31.86,odom,map,-1.44417,1.58208,0.556809,0,0,0,,,
31.896,odom,map,-1.43756,1.58691,0.542233,0,0,0,,,
31.932,odom,map,-1.43097,1.59154,0.527733,0,0,0,,,
31.968,odom,map,-1.42446,1.59595,0.513327,0,0,0,,,
32.004,odom,map,-1.41813,1.60006,0.49933,0,0,0,,,
32.004,kf,map,-1.48845,1.61995,0.53227,0.0625527,0.0625527,0,0.088625,,
32.004,ekf,map,-1.48789,1.61997,0.531923,0.0687526,0.0687467,-4.53337e-05,0.282834,,
32.004,ekf_predict_only,map,-1.36279,1.66908,0.440063,25.9336,13.5876,2.66909,,,
32.004,pf,map,-1.51969,1.61853,0.517843,0.0579011,0.0641795,0.00549356,5.16683,476.209,0
32.04,odom,map,-1.41114,1.60383,0.48746,0,0,0,,,
32.076,odom,map,-1.40427,1.60742,0.475867,0,0,0,,,
32.112,odom,map,-1.39779,1.61071,0.464628,0,0,0,,,
32.148,odom,map,-1.39156,1.61379,0.453405,0,0,0,,,
32.184,odom,map,-1.38538,1.61676,0.442178,0,0,0,,,
32.184,ekf_predict_only,map,-1.33361,1.68282,0.385776,26.2589,13.6107,2.4479,,,
32.22,odom,map,-1.37943,1.61953,0.431246,0,0,0,,,
32.184,ekf,map,-1.45584,1.63743,0.474919,0.0677007,0.0677024,-3.47339e-05,0.087208,,
32.184,kf,map,-1.45639,1.63736,0.475265,0.0623767,0.0623767,0,0.054,,
32.202,amcl,map,-1.39783,1.59961,0.414607,0.0422673,0.0313536,0.0245982,,,
32.184,pf,map,-1.48738,1.61629,0.46719,0.067163,0.0661408,-0.00316471,5.24321,461.561,0
32.256,odom,map,-1.37371,1.62213,0.420491,0,0,0,,,
32.292,odom,map,-1.36828,1.62452,0.410291,0,0,0,,,
32.328,odom,map,-1.36395,1.62639,0.402503,0,0,0,,,
32.364,odom,map,-1.36079,1.62772,0.397307,0,0,0,,,
32.4,odom,map,-1.35883,1.62854,0.394703,0,0,0,,,
32.4,kf,map,-1.43841,1.64564,0.444543,0.0625527,0.0625527,0,0.111209,,
32.4,ekf_predict_only,map,-1.33361,1.68282,0.385776,26.3589,13.7107,2.4479,,,
32.4,ekf,map,-1.43643,1.64641,0.441408,0.0687458,0.0687505,-3.1064e-05,0.094041,,
32.4,pf,map,-1.44839,1.64913,0.412881,0.0615269,0.0622773,0.00347466,9.91088,470.127,0
32.436,odom,map,-1.35787,1.62735,0.38903,0,0,0,,,
32.472,odom,map,-1.35768,1.62572,0.383534,0,0,0,,,
32.508,odom,map,-1.35752,1.62403,0.378039,0,0,0,,,
32.544,odom,map,-1.35738,1.62228,0.372543,0,0,0,,,
32.58,odom,map,-1.35726,1.62046,0.367048,0,0,0,,,
32.616,odom,map,-1.3572,1.61932,0.363689,0,0,0,,,
32.616,ekf,map,-1.42985,1.64954,0.43066,0.0689818,0.0689862,-2.25152e-05,0.124666,,
32.616,kf,map,-1.4312,1.64896,0.432827,0.0625774,0.0625774,0,0.055459,,
32.616,ekf_predict_only,map,-1.33361,1.68282,0.385776,26.4589,13.8107,2.4479,,,
32.616,pf,map,-1.45141,1.65242,0.444023,0.0583552,0.0641385,-0.00214678,8.78621,481.965,0
32.652,odom,map,-1.3572,1.61932,0.363689,0,0,0,,,
32.688,odom,map,-1.3572,1.61932,0.363689,0,0,0,,,
32.724,odom,map,-1.3572,1.61932,0.363689,0,0,0,,,
32.76,odom,map,-1.3572,1.61932,0.363689,0,0,0,,,
32.796,odom,map,-1.3572,1.61932,0.363689,0,0,0,,,
32.796,ekf_predict_only,map,-1.33361,1.68282,0.385776,26.5589,13.9107,2.4479,,,
32.796,ekf,map,-1.42784,1.65049,0.427385,0.0676852,0.0676879,-1.31697e-05,0.062291,,
32.796,kf,map,-1.4285,1.6502,0.428457,0.0623802,0.0623802,0,0.053542,,
32.832,odom,map,-1.3572,1.61932,0.363689,0,0,0,,,
32.796,pf,map,-1.43346,1.63659,0.444106,0.0671701,0.0555903,-0.00126505,5.15021,489.477,0
32.868,odom,map,-1.3572,1.61932,0.363689,0,0,0,,,
32.904,odom,map,-1.3572,1.61932,0.363689,0,0,0,,,
32.94,odom,map,-1.3572,1.61932,0.363689,0,0,0,,,
32.976,odom,map,-1.3572,1.61932,0.363689,0,0,0,,,
33.012,odom,map,-1.35807,1.6188,0.364159,0,0,0,,,
33.012,ekf,map,-1.42718,1.6508,0.426311,0.0686661,0.0686683,-1.00319e-05,0.101542,,
33.012,kf,map,-1.42749,1.65067,0.426808,0.0625532,0.0625532,0,0.058334,,
33.012,ekf_predict_only,map,-1.33361,1.68282,0.385776,26.6589,14.0107,2.4479,,,
33.012,pf,map,-1.43211,1.6481,0.438203,0.0608399,0.0611274,-0.00109923,8.87867,467.681,0
33.048,odom,map,-1.36094,1.6171,0.365695,0,0,0,,,
33.084,odom,map,-1.36338,1.61557,0.367247,0,0,0,,,
33.12,odom,map,-1.36515,1.61429,0.368647,0,0,0,,,
33.156,odom,map,-1.36646,1.61319,0.369967,0,0,0,,,
33.192,odom,map,-1.36735,1.61225,0.370766,0,0,0,,,
33.228,odom,map,-1.36557,1.61278,0.369638,0,0,0,,,
33.192,ekf_predict_only,map,-1.31734,1.68943,0.373505,26.8681,14.0722,2.32133,,,
33.192,ekf,map,-1.41845,1.65479,0.42128,0.0676283,0.0676302,-6.19178e-06,0.074459,,
33.192,kf,map,-1.418,1.65498,0.420905,0.0623768,0.0623768,0,0.124083,,
33.192,pf,map,-1.42155,1.65439,0.428062,0.0618072,0.0658038,-0.00220379,6.00725,479.857,0
33.264,odom,map,-1.3623,1.61404,0.367183,0,0,0,,,
33.3,odom,map,-1.35878,1.61538,0.364225,0,0,0,,,
33.336,odom,map,-1.35452,1.617,0.359509,0,0,0,,,
33.372,odom,map,-1.3492,1.61898,0.353324,0,0,0,,,
33.408,odom,map,-1.34327,1.62114,0.347021,0,0,0,,,
33.408,ekf,map,-1.39331,1.66594,0.395212,0.0686818,0.0686871,-6.88233e-06,0.062791,,
33.408,kf,map,-1.39227,1.66635,0.394025,0.0625528,0.0625528,0,0.119583,,
33.408,ekf_predict_only,map,-1.28208,1.70324,0.335684,27.198,14.0999,2.04213,,,
33.408,pf,map,-1.41454,1.65456,0.419758,0.0650363,0.0686783,0.00399746,5.93379,481.652,0
33.444,odom,map,-1.33679,1.62346,0.340073,0,0,0,,,
33.48,odom,map,-1.3295,1.62601,0.332798,0,0,0,,,
33.516,odom,map,-1.32125,1.62883,0.325196,0,0,0,,,
33.552,odom,map,-1.31221,1.63183,0.317257,0,0,0,,,
33.588,odom,map,-1.30248,1.63499,0.309128,0,0,0,,,
33.588,ekf_predict_only,map,-1.22846,1.72195,0.295358,27.6131,14.1193,1.60461,,,
33.588,ekf,map,-1.35219,1.6825,0.360157,0.067654,0.0676679,-9.72174e-06,0.058917,,
33.588,kf,map,-1.3509,1.683,0.359302,0.0623767,0.0623767,0,0.102708,,
33.624,odom,map,-1.2924,1.63816,0.301041,0,0,0,,,
33.588,pf,map,-1.3839,1.67087,0.391697,0.06736,0.0623337,0.00249464,7.27862,469.706,0
33.66,odom,map,-1.28131,1.64155,0.292844,0,0,0,,,
33.696,odom,map,-1.26925,1.64513,0.284383,0,0,0,,,
33.732,odom,map,-1.25659,1.64878,0.27579,0,0,0,,,
33.768,odom,map,-1.24358,1.65239,0.26719,0,0,0,,,
33.804,odom,map,-1.22968,1.65614,0.25853,0,0,0,,,
33.804,ekf_predict_only,map,-1.14435,1.74754,0.24333,28.1511,14.1646,0.893133,,,
33.804,ekf,map,-1.28099,1.70763,0.310835,0.0687126,0.0687566,-2.30688e-05,0.067333,,
33.804,kf,map,-1.27949,1.70828,0.310282,0.0625527,0.0625527,0,0.066667,,
33.804,pf,map,-1.30178,1.72072,0.327528,0.0722719,0.0599366,-0.00237045,4.75758,475.312,0
33.84,odom,map,-1.2155,1.65982,0.249858,0,0,0,,,
33.876,odom,map,-1.20115,1.66341,0.241324,0,0,0,,,
33.912,odom,map,-1.18576,1.66713,0.233231,0,0,0,,,
33.948,odom,map,-1.16975,1.67087,0.225246,0,0,0,,,
33.984,odom,map,-1.1536,1.6745,0.217273,0,0,0,,,
33.984,kf,map,-1.20605,1.73002,0.271653,0.0623767,0.0623767,0,0.062583,,
34.02,odom,map,-1.13741,1.67801,0.209701,0,0,0,,,
33.984,ekf_predict_only,map,-1.0611,1.76821,0.206069,28.6109,14.2975,0.164502,,,
33.984,ekf,map,-1.20723,1.72941,0.271703,0.0676774,0.0677466,-3.11462e-05,0.062875,,
34.002,amcl,map,-1.12872,1.69121,0.227277,0.0547094,0.0265742,0.0187528,,,
33.984,pf,map,-1.23849,1.74806,0.264213,0.0602803,0.0628397,-0.000736316,6.38283,454.864,0
34.056,odom,map,-1.1212,1.6814,0.202422,0,0,0,,,
34.092,odom,map,-1.10497,1.68467,0.194928,0,0,0,,,
34.128,odom,map,-1.08871,1.68781,0.187236,0,0,0,,,
34.164,odom,map,-1.07243,1.69084,0.179728,0,0,0,,,
34.2,odom,map,-1.05613,1.69374,0.172279,0,0,0,,,
34.2,ekf,map,-1.11137,1.75374,0.22618,0.0687336,0.0688651,-5.12744e-05,0.112167,,
34.2,ekf_predict_only,map,-0.956226,1.79013,0.161371,29.0983,14.5632,-0.779552,,,
34.2,kf,map,-1.11027,1.75437,0.226253,0.0625527,0.0625527,0,0.056875,,
34.2,pf,map,-1.14575,1.76133,0.234469,0.062217,0.057106,-0.000104201,5.168,489.029,0
34.236,odom,map,-1.0398,1.69651,0.164829,0,0,0,,,
34.272,odom,map,-1.02345,1.69917,0.157639,0,0,0,,,
34.308,odom,map,-1.00709,1.70171,0.150864,0,0,0,,,
34.344,odom,map,-0.990711,1.70415,0.144619,0,0,0,,,
34.38,odom,map,-0.974317,1.70649,0.138587,0,0,0,,,
34.416,ekf_predict_only,map,-0.853666,1.80683,0.125545,29.4975,14.9603,-1.7226,,,
34.416,ekf,map,-1.01515,1.77349,0.187451,0.0689795,0.0691545,-6.00222e-05,0.061916,,
34.416,kf,map,-1.01429,1.77411,0.187763,0.0625774,0.0625774,0,0.056584,,
34.416,odom,map,-0.957909,1.70873,0.132616,0,0,0,,,
34.416,pf,map,-1.01331,1.78059,0.194618,0.0689745,0.0665994,-0.00261491,10.1336,483.065,0
34.452,odom,map,-0.941488,1.71087,0.126995,0,0,0,,,
34.488,odom,map,-0.925056,1.71292,0.121942,0,0,0,,,
34.524,odom,map,-0.908615,1.7149,0.116995,0,0,0,,,
34.56,odom,map,-0.892163,1.71679,0.112111,0,0,0,,,
34.596,odom,map,-0.875703,1.71861,0.107701,0,0,0,,,
34.596,ekf_predict_only,map,-0.770061,1.81738,0.107234,29.7884,15.4019,-2.50047,,,
34.632,odom,map,-0.859235,1.72035,0.103933,0,0,0,,,
34.596,ekf,map,-0.934728,1.78711,0.163794,0.0676877,0.0678572,-5.13386e-05,0.060208,,
34.596,kf,map,-0.934236,1.78759,0.164339,0.0623802,0.0623802,0,0.10125,,
34.602,amcl,map,-0.880818,1.74731,0.137144,0.0634109,0.0255661,0.0141718,,,
34.596,pf,map,-0.945921,1.7924,0.178835,0.0611081,0.0598613,-0.000181698,7.66575,447.549,0
34.668,odom,map,-0.842762,1.72204,0.10027,0,0,0,,,
34.704,odom,map,-0.826282,1.72367,0.0969934,0,0,0,,,
34.74,odom,map,-0.809882,1.72524,0.094028,0,0,0,,,
34.776,odom,map,-0.793711,1.72675,0.091584,0,0,0,,,
34.812,odom,map,-0.776698,1.72932,0.0899688,0,0,0,,,
34.812,ekf_predict_only,map,-0.673446,1.82778,0.0930141,30.078,16.0089,-3.4083,,,
34.812,ekf,map,-0.838542,1.80159,0.144892,0.0686719,0.0688931,-5.79995e-05,0.111917,,
34.812,kf,map,-0.838401,1.80198,0.145521,0.0625532,0.0625532,0,0.141166,,
34.812,pf,map,-0.841646,1.80191,0.162082,0.0622448,0.0643345,0.00313149,4.61821,458.116,0
34.848,odom,map,-0.75776,1.7344,0.0904173,0,0,0,,,
34.884,odom,map,-0.739042,1.7395,0.0914198,0,0,0,,,
34.92,odom,map,-0.720529,1.74463,0.0925965,0,0,0,,,
34.956,odom,map,-0.702085,1.7498,0.0938111,0,0,0,,,
34.992,odom,map,-0.683869,1.75499,0.0952564,0,0,0,,,
34.992,ekf_predict_only,map,-0.597682,1.83485,0.0892042,30.3076,16.5913,-4.12559,,,
34.992,ekf,map,-0.761261,1.81213,0.137443,0.0676337,0.0678297,-4.58184e-05,0.059041,,
34.992,kf,map,-0.761373,1.81238,0.137965,0.0623768,0.0623768,0,0.051916,,
35.028,odom,map,-0.667875,1.75748,0.0951106,0,0,0,,,
34.992,pf,map,-0.770809,1.81575,0.136859,0.0599053,0.0635215,-0.00315217,9.92838,483.446,0
35.064,odom,map,-0.652805,1.75892,0.0944232,0,0,0,,,
35.1,odom,map,-0.637796,1.76033,0.0937892,0,0,0,,,
35.136,odom,map,-0.622955,1.76172,0.0931535,0,0,0,,,
35.172,odom,map,-0.608525,1.76307,0.0925283,0,0,0,,,
35.208,odom,map,-0.594311,1.76438,0.0920621,0,0,0,,,
35.208,ekf_predict_only,map,-0.513162,1.84241,0.0871308,30.547,17.3182,-4.93277,,,
35.208,ekf,map,-0.673594,1.82379,0.132933,0.0686868,0.0689158,-4.74946e-05,0.058709,,
35.208,kf,map,-0.673964,1.82394,0.133348,0.0625528,0.0625528,0,0.056042,,
35.202,amcl,map,-0.630453,1.78878,0.12093,0.0726008,0.0229305,0.00966504,,,
35.208,pf,map,-0.693278,1.83448,0.148378,0.0580995,0.0631743,-0.00294235,8.82892,484.228,0
35.244,odom,map,-0.580228,1.76568,0.0917165,0,0,0,,,
35.28,odom,map,-0.566329,1.76696,0.0915696,0,0,0,,,
35.316,odom,map,-0.55283,1.7682,0.0917206,0,0,0,,,
35.352,odom,map,-0.539469,1.76943,0.0919393,0,0,0,,,
35.388,odom,map,-0.526141,1.77065,0.0914255,0,0,0,,,
35.388,ekf_predict_only,map,-0.447367,1.84815,0.0813089,30.7534,17.9713,-5.56633,,,
35.388,ekf,map,-0.6054,1.83278,0.129869,0.0676556,0.0678432,-3.56793e-05,0.064375,,
35.388,kf,map,-0.60575,1.8328,0.129811,0.0623767,0.0623767,0,0.055209,,
35.424,odom,map,-0.515751,1.77364,0.0922154,0,0,0,,,
35.388,pf,map,-0.638528,1.84201,0.131139,0.0578287,0.0668845,-0.000654367,9.73912,463.322,0
35.46,odom,map,-0.507101,1.77765,0.09399,0,0,0,,,
35.496,odom,map,-0.498531,1.78169,0.095776,0,0,0,,,
35.532,odom,map,-0.490091,1.78577,0.0973907,0,0,0,,,
35.568,odom,map,-0.481834,1.78986,0.0989235,0,0,0,,,
35.604,odom,map,-0.473472,1.79382,0.100208,0,0,0,,,
35.604,kf,map,-0.528383,1.84269,0.122639,0.0625527,0.0625527,0,0.064583,,
35.604,ekf_predict_only,map,-0.371893,1.8543,0.0723809,30.9678,18.7767,-6.29712,,,
35.604,ekf,map,-0.528052,1.84272,0.122828,0.0687089,0.0689145,-3.58775e-05,0.101167,,
35.604,pf,map,-0.528735,1.87013,0.132801,0.0545564,0.0592226,0.00125923,5.46338,467.815,0
35.64,odom,map,-0.460914,1.79508,0.0987197,0,0,0,,,
35.676,odom,map,-0.448436,1.7963,0.0972581,0,0,0,,,
35.712,odom,map,-0.436106,1.7975,0.0958555,0,0,0,,,
35.748,odom,map,-0.423871,1.79867,0.0944933,0,0,0,,,
35.784,odom,map,-0.411763,1.79981,0.0931588,0,0,0,,,
35.82,odom,map,-0.399894,1.80091,0.0918158,0,0,0,,,
35.784,ekf,map,-0.466804,1.8501,0.116455,0.0676697,0.0678325,-2.66447e-05,0.0615,,
35.784,ekf_predict_only,map,-0.313151,1.85856,0.0656215,31.1474,19.4785,-6.86739,,,
35.784,kf,map,-0.467146,1.85007,0.116355,0.0623767,0.0623767,0,0.728916,,
35.784,pf,map,-0.481264,1.86285,0.131588,0.0618427,0.0638032,-1.25642e-05,7.60562,494.238,0
35.856,odom,map,-0.388254,1.80197,0.0904973,0,0,0,,,
35.892,odom,map,-0.376718,1.80301,0.0892121,0,0,0,,,
35.928,odom,map,-0.365258,1.80403,0.0878554,0,0,0,,,
35.964,odom,map,-0.354244,1.80499,0.0862761,0,0,0,,,
36,odom,map,-0.343341,1.80592,0.0846704,0,0,0,,,
36,ekf_predict_only,map,-0.250303,1.86269,0.055665,31.3247,20.2739,-7.47881,,,
36,ekf,map,-0.399411,1.85776,0.107634,0.0687197,0.0688914,-2.62964e-05,0.05975,,
36,kf,map,-0.399971,1.8577,0.107496,0.0625527,0.0625527,0,0.712833,,
36,amcl,map,-0.381395,1.82895,0.108948,0.0866521,0.0247909,0.00404137,,,
36,pf,map,-0.4161,1.86689,0.124178,0.0613206,0.0673723,0.00502804,4.85721,473.018,0
36.036,odom,map,-0.334449,1.80932,0.0851936,0,0,0,,,
36.072,odom,map,-0.325934,1.81278,0.0858479,0,0,0,,,
36.108,odom,map,-0.317629,1.81625,0.0865151,0,0,0,,,
36.144,odom,map,-0.309668,1.8197,0.0870228,0,0,0,,,
36.18,odom,map,-0.301787,1.82316,0.0874779,0,0,0,,,
36.216,odom,map,-0.293724,1.82556,0.0880072,0,0,0,,,
36.216,ekf_predict_only,map,-0.219339,1.86442,0.055665,31.4571,20.7362,-7.7795,,,
36.216,ekf,map,-0.347492,1.86308,0.101667,0.0689635,0.0691072,-2.11168e-05,0.114,,
36.216,kf,map,-0.349657,1.86291,0.102167,0.0625774,0.0625774,0,0.113584,,
36.216,pf,map,-0.340563,1.87508,0.118046,0.0618418,0.0582816,0.00299839,15.0735,457.518,0
36.252,odom,map,-0.285868,1.82626,0.0880072,0,0,0,,,
36.288,odom,map,-0.279302,1.82684,0.0880072,0,0,0,,,
36.324,odom,map,-0.274028,1.8273,0.0880072,0,0,0,,,
36.36,odom,map,-0.270045,1.82765,0.0880072,0,0,0,,,
36.396,odom,map,-0.267352,1.82789,0.0880072,0,0,0,,,
36.432,odom,map,-0.265951,1.82801,0.0880072,0,0,0,,,
36.396,ekf_predict_only,map,-0.219339,1.86442,0.055665,31.5571,20.8362,-7.7795,,,
36.396,ekf,map,-0.323245,1.86549,0.0998493,0.0676746,0.0677648,-1.30154e-05,0.115583,,
36.396,kf,map,-0.325956,1.86524,0.10018,0.0623802,0.0623802,0,0.056292,,
36.396,pf,map,-0.322422,1.86727,0.111964,0.0588661,0.057717,4.69954e-05,11.8456,484.035,0
36.468,odom,map,-0.26573,1.82803,0.0880072,0,0,0,,,
36.504,odom,map,-0.26573,1.82803,0.0880072,0,0,0,,,
36.54,odom,map,-0.26573,1.82803,0.0880072,0,0,0,,,
36.576,odom,map,-0.26573,1.82803,0.0880072,0,0,0,,,
36.612,odom,map,-0.26573,1.82803,0.0880072,0,0,0,,,
36.612,ekf_predict_only,map,-0.219339,1.86442,0.055665,31.6571,20.9362,-7.7795,,,
36.612,ekf,map,-0.31418,1.8664,0.0992532,0.0686582,0.0687298,-1.02321e-05,0.057167,,
36.612,kf,map,-0.316001,1.86623,0.0994298,0.0625532,0.0625532,0,0.105542,,
36.612,pf,map,-0.322419,1.87602,0.10839,0.0597904,0.061528,-0.00312323,5.3155,493.849,0
36.648,odom,map,-0.26573,1.82803,0.0880072,0,0,0,,,
36.684,odom,map,-0.26573,1.82803,0.0880072,0,0,0,,,
36.72,odom,map,-0.26573,1.82803,0.0880072,0,0,0,,,
36.756,odom,map,-0.26573,1.82803,0.0880072,0,0,0,,,
36.792,odom,map,-0.26573,1.82803,0.0880072,0,0,0,,,
36.828,odom,map,-0.269459,1.82935,0.0895526,0,0,0,,,
36.792,kf,map,-0.312284,1.86659,0.0991497,0.0623768,0.0623768,0,0.111875,,
36.792,ekf_predict_only,map,-0.219339,1.86442,0.055665,31.7571,21.0362,-7.7795,,,
36.792,ekf,map,-0.311382,1.86668,0.0990691,0.0676236,0.0676665,-6.10988e-06,0.055208,,
36.792,pf,map,-0.30089,1.87792,0.109094,0.0603533,0.0639801,-0.00181884,7.23842,513.218,0
36.864,odom,map,-0.274631,1.83117,0.0916923,0,0,0,,,
36.9,odom,map,-0.279809,1.83298,0.093832,0,0,0,,,
36.936,odom,map,-0.284996,1.83477,0.0959718,0,0,0,,,
36.972,odom,map,-0.289868,1.83659,0.0978733,0,0,0,,,
37.008,odom,map,-0.292661,1.83809,0.0991601,0,0,0,,,
37.008,ekf_predict_only,map,-0.211423,1.86486,0.0534003,31.8654,21.231,-7.85648,,,
37.008,ekf,map,-0.306909,1.86712,0.0978763,0.0686772,0.0687103,-4.69631e-06,0.057,,
37.008,kf,map,-0.306942,1.86712,0.0978109,0.0625528,0.0625528,0,0.054833,,
37.008,pf,map,-0.330846,1.86202,0.0991911,0.0668887,0.0623449,0.00246091,6.96425,451.828,0
37.044,odom,map,-0.290854,1.83827,0.0981394,0,0,0,,,
37.08,odom,map,-0.287943,1.83856,0.0965839,0,0,0,,,
37.116,odom,map,-0.283839,1.83895,0.0946819,0,0,0,,,
37.152,odom,map,-0.278862,1.83942,0.0923474,0,0,0,,,
37.188,odom,map,-0.273511,1.83991,0.0897416,0,0,0,,,
37.224,odom,map,-0.267912,1.8404,0.0868901,0,0,0,,,
37.188,ekf_predict_only,map,-0.181041,1.86648,0.0380701,31.9959,21.7028,-8.15199,,,
37.188,ekf,map,-0.285213,1.86921,0.0868758,0.0676489,0.0676712,-3.0427e-06,0.053084,,
37.188,kf,map,-0.284555,1.86927,0.086514,0.0623767,0.0623767,0,0.061083,,
37.188,pf,map,-0.31781,1.85761,0.105401,0.0619859,0.0681881,-0.000628749,10.5789,470.803,0
37.26,odom,map,-0.261526,1.84095,0.0835117,0,0,0,,,
37.296,odom,map,-0.254139,1.84155,0.0797333,0,0,0,,,
37.332,odom,map,-0.24626,1.84217,0.0758459,0,0,0,,,
37.368,odom,map,-0.238033,1.84278,0.0717072,0,0,0,,,
37.404,odom,map,-0.229227,1.84339,0.0673202,0,0,0,,,
37.404,ekf,map,-0.239228,1.87291,0.0642924,0.0687027,0.068735,-3.71578e-06,0.066,,
37.404,ekf_predict_only,map,-0.122134,1.86873,0.0105907,32.1382,22.5611,-8.72094,,,
37.404,kf,map,-0.237837,1.87302,0.0637203,0.0625527,0.0625527,0,0.96575,,
37.404,pf,map,-0.267183,1.8677,0.0639797,0.0660547,0.0724998,-0.00585194,5.19987,438.723,0
37.44,odom,map,-0.219684,1.84401,0.0627598,0,0,0,,,
37.476,odom,map,-0.209876,1.8446,0.0581799,0,0,0,,,
37.512,odom,map,-0.199752,1.84517,0.0535196,0,0,0,,,
37.548,odom,map,-0.188861,1.84573,0.0486078,0,0,0,,,
37.584,odom,map,-0.177474,1.84625,0.0434161,0,0,0,,,
37.62,odom,map,-0.165857,1.84672,0.0381115,0,0,0,,,
37.584,ekf_predict_only,map,-0.0640047,1.86934,-0.015932,32.2498,23.458,-9.27294,,,
37.584,ekf,map,-0.189377,1.87559,0.0410495,0.0676654,0.0677075,-3.94468e-06,0.0605,,
37.584,kf,map,-0.188213,1.87567,0.0405806,0.0623767,0.0623767,0,0.071042,,
37.584,pf,map,-0.211641,1.87283,0.0456477,0.0612835,0.0642763,-0.00225628,5.44433,468.696,0
37.656,odom,map,-0.153958,1.84715,0.0326894,0,0,0,,,
37.692,odom,map,-0.141665,1.84751,0.0272671,0,0,0,,,
37.728,odom,map,-0.128862,1.84783,0.0216806,0,0,0,,,
37.764,odom,map,-0.11587,1.84807,0.0159878,0,0,0,,,
37.8,odom,map,-0.102744,1.84824,0.0102798,0,0,0,,,
37.8,ekf,map,-0.115732,1.87758,0.0086101,0.0687159,0.0687947,-5.6839e-06,0.104917,,
37.8,kf,map,-0.114741,1.87769,0.00827039,0.0625527,0.0625527,0,0.125125,,
37.8,ekf_predict_only,map,0.0158722,1.86807,-0.0502711,32.3258,24.7324,-10.0161,,,
37.8,amcl,map,-0.107022,1.85119,0.0132386,0.099777,0.0260045,-0.00638182,,,
37.8,pf,map,-0.121809,1.88461,0.0249212,0.0596425,0.0636803,-0.000334317,4.67892,480.31,0
37.836,odom,map,-0.0892402,1.84834,0.00437395,0,0,0,,,
37.872,odom,map,-0.07557,1.84836,-0.00167718,0,0,0,,,
37.908,odom,map,-0.061857,1.8483,-0.00779222,0,0,0,,,
37.944,odom,map,-0.0479856,1.84815,-0.0137403,0,0,0,,,
37.98,odom,map,-0.0338716,1.84791,-0.019767,0,0,0,,,
38.016,ekf_predict_only,map,0.10192,1.86374,-0.0858935,32.3444,26.2009,-10.7906,,,
38.016,ekf,map,-0.0335814,1.87689,-0.0267015,0.0689606,0.0690722,-5.70704e-06,0.072292,,
38.016,kf,map,-0.0328398,1.87705,-0.0268487,0.0625774,0.0625774,0,0.073583,,
38.016,odom,map,-0.0195851,1.84758,-0.0257528,0,0,0,,,
38.016,pf,map,-0.0428563,1.89689,-0.00281668,0.0658667,0.0660328,0.00497039,6.19808,478.907,0
38.052,odom,map,-0.00523153,1.84717,-0.0316899,0,0,0,,,
38.088,odom,map,0.00922737,1.84667,-0.0375828,0,0,0,,,
38.124,odom,map,0.0239568,1.84607,-0.0433647,0,0,0,,,
38.16,odom,map,0.0388827,1.84538,-0.0491351,0,0,0,,,
38.196,odom,map,0.0538278,1.84461,-0.0549149,0,0,0,,,
38.196,ekf_predict_only,map,0.177247,1.85725,-0.113224,32.323,27.5876,-11.4403,,,
38.196,ekf,map,0.0393103,1.87373,-0.0551753,0.0676729,0.0677903,-3.37372e-06,0.057833,,
38.196,kf,map,0.0397994,1.87389,-0.0551341,0.0623802,0.0623802,0,0.062958,,
38.232,odom,map,0.0688808,1.84374,-0.0604677,0,0,0,,,
38.196,pf,map,0.0290778,1.88432,-0.0302767,0.0648054,0.0674361,-0.000803221,16.3596,484.901,0
38.268,odom,map,0.0841511,1.84277,-0.0659551,0,0,0,,,
38.304,odom,map,0.0994712,1.84172,-0.0712699,0,0,0,,,
38.34,odom,map,0.114802,1.84058,-0.0763907,0,0,0,,,
38.376,odom,map,0.130136,1.83937,-0.0814679,0,0,0,,,
38.412,odom,map,0.145535,1.83807,-0.086472,0,0,0,,,
38.412,kf,map,0.130842,1.86741,-0.0863602,0.0625532,0.0625532,0,0.099125,,
38.412,ekf_predict_only,map,0.269694,1.84674,-0.142936,32.2275,29.3807,-12.2037,,,
38.412,ekf,map,0.130506,1.8672,-0.0865317,0.0686569,0.0688261,-3.87239e-07,0.065458,,
38.412,pf,map,0.122104,1.8658,-0.0612563,0.0684328,0.0631692,-0.00695704,6.03921,466.677,0
38.448,odom,map,0.16099,1.83669,-0.0914355,0,0,0,,,
38.484,odom,map,0.176446,1.83524,-0.0964072,0,0,0,,,
38.52,odom,map,0.191894,1.83371,-0.101256,0,0,0,,,
38.556,odom,map,0.207315,1.8321,-0.106009,0,0,0,,,
38.592,odom,map,0.222751,1.83042,-0.110619,0,0,0,,,
38.628,odom,map,0.237652,1.82919,-0.114741,0,0,0,,,
38.592,ekf_predict_only,map,0.346663,1.83566,-0.165489,32.1232,30.9868,-12.8049,,,
38.592,kf,map,0.207457,1.85957,-0.110473,0.0623768,0.0623768,0,0.059916,,
38.592,ekf,map,0.207274,1.85938,-0.110668,0.067623,0.067786,3.3487e-06,0.053875,,
38.601,amcl,map,0.201759,1.84813,-0.0897301,0.113563,0.0416675,-0.0182795,,,
38.592,pf,map,0.190273,1.88068,-0.0950773,0.0654895,0.0732854,-0.000714806,10.0256,463.245,0
38.664,odom,map,0.252425,1.82809,-0.118619,0,0,0,,,
38.7,odom,map,0.267277,1.82693,-0.122272,0,0,0,,,
38.736,odom,map,0.281995,1.82574,-0.125745,0,0,0,,,
38.772,odom,map,0.296664,1.82451,-0.129122,0,0,0,,,
38.808,odom,map,0.311511,1.82307,-0.132559,0,0,0,,,
38.808,kf,map,0.2997,1.84806,-0.135075,0.0625528,0.0625528,0,0.063292,,
38.808,ekf,map,0.299668,1.84783,-0.135347,0.0686774,0.0688868,9.70013e-06,0.10125,,
38.808,ekf_predict_only,map,0.437901,1.82043,-0.188023,31.9452,32.9863,-13.4785,,,
38.808,pf,map,0.268461,1.88,-0.123603,0.068868,0.0706279,-0.00245339,5.77313,472.034,0
38.844,odom,map,0.326819,1.82099,-0.136332,0,0,0,,,
38.88,odom,map,0.342005,1.81888,-0.140004,0,0,0,,,
38.916,odom,map,0.357364,1.81669,-0.143586,0,0,0,,,
38.952,odom,map,0.37294,1.81441,-0.147151,0,0,0,,,
38.988,odom,map,0.388694,1.81205,-0.150746,0,0,0,,,
39.024,odom,map,0.404626,1.8096,-0.154378,0,0,0,,,
38.988,ekf,map,0.377868,1.83627,-0.154194,0.0676498,0.0678386,1.30132e-05,0.054875,,
38.988,kf,map,0.378021,1.83643,-0.154034,0.0623767,0.0623767,0,0.059875,,
38.988,ekf_predict_only,map,0.517187,1.80534,-0.206212,31.7735,34.8383,-14.0259,,,
38.988,pf,map,0.357117,1.86244,-0.153114,0.0616301,0.0608066,0.00141637,7.41796,465.46,0
39.06,odom,map,0.420811,1.80705,-0.15809,0,0,0,,,
39.096,odom,map,0.437031,1.80443,-0.161809,0,0,0,,,
39.132,odom,map,0.453325,1.80174,-0.16549,0,0,0,,,
39.168,odom,map,0.469653,1.79898,-0.169155,0,0,0,,,
39.204,odom,map,0.485972,1.79616,-0.172636,0,0,0,,,
39.204,ekf_predict_only,map,0.616749,1.78451,-0.22687,31.5039,37.2727,-14.6651,,,
39.204,ekf,map,0.475533,1.81999,-0.175917,0.068705,0.068941,2.25018e-05,0.052583,,
39.204,kf,map,0.475848,1.82013,-0.175754,0.0625527,0.0625527,0,0.107542,,
39.201,amcl,map,0.442138,1.80528,-0.151755,0.110867,0.0431317,-0.0235271,,,
39.204,pf,map,0.447659,1.84097,-0.163987,0.0611819,0.0595216,0.00419457,13.5185,474.805,0
39.24,odom,map,0.502281,1.79329,-0.176079,0,0,0,,,
39.276,odom,map,0.51858,1.79036,-0.179495,0,0,0,,,
39.312,odom,map,0.534869,1.78738,-0.182705,0,0,0,,,
39.348,odom,map,0.551149,1.78435,-0.185841,0,0,0,,,
39.384,odom,map,0.567419,1.78126,-0.188971,0,0,0,,,
39.42,odom,map,0.581767,1.78026,-0.190164,0,0,0,,,
39.384,ekf_predict_only,map,0.697791,1.76581,-0.242213,31.2776,39.3841,-15.1397,,,
39.384,kf,map,0.556425,1.80492,-0.192113,0.0623767,0.0623767,0,0.061583,,
39.384,ekf,map,0.556208,1.80479,-0.192257,0.0676684,0.0678777,2.4479e-05,0.43,,
39.384,pf,map,0.543428,1.81861,-0.175361,0.0637317,0.0612679,0.000532476,6.86429,494.082,0
39.456,odom,map,0.594569,1.781,-0.189672,0,0,0,,,
39.492,odom,map,0.607354,1.78177,-0.189067,0,0,0,,,
39.528,odom,map,0.620103,1.78258,-0.188446,0,0,0,,,
39.564,odom,map,0.632693,1.78345,-0.187852,0,0,0,,,
39.6,odom,map,0.645072,1.7844,-0.187447,0,0,0,,,
39.6,kf,map,0.652161,1.78536,-0.210237,0.0625527,0.0625527,0,0.058875,,
39.6,ekf,map,0.65214,1.78521,-0.210278,0.0687209,0.0689715,3.51436e-05,0.7595,,
39.6,ekf_predict_only,map,0.791996,1.74253,-0.260461,30.9791,41.9483,-15.6418,,,
39.6,pf,map,0.618846,1.81719,-0.213106,0.0680803,0.063413,0.000513189,6.12058,454.308,0
39.636,odom,map,0.660859,1.78148,-0.190393,0,0,0,,,
39.672,odom,map,0.676536,1.77843,-0.193841,0,0,0,,,
39.708,odom,map,0.692067,1.77535,-0.197619,0,0,0,,,
39.744,odom,map,0.707446,1.77224,-0.20166,0,0,0,,,
39.78,odom,map,0.722745,1.76908,-0.205802,0,0,0,,,
39.816,odom,map,0.737876,1.76589,-0.21004,0,0,0,,,
39.816,ekf,map,0.744161,1.76462,-0.233802,0.0689671,0.0692174,4.00496e-05,0.058167,,
39.816,ekf_predict_only,map,0.881266,1.71874,-0.286072,30.6804,44.5095,-16.0619,,,
39.816,kf,map,0.744009,1.76477,-0.233973,0.0625774,0.0625774,0,0.05975,,
39.801,amcl,map,0.697974,1.752,-0.202917,0.101925,0.0513773,-0.0301065,,,
39.816,pf,map,0.736701,1.79986,-0.232043,0.0604382,0.0603175,-0.000200216,7.40463,472.077,0
39.852,odom,map,0.752787,1.76267,-0.214358,0,0,0,,,
39.888,odom,map,0.767408,1.75946,-0.218713,0,0,0,,,
39.924,odom,map,0.781926,1.7562,-0.223069,0,0,0,,,
39.96,odom,map,0.796234,1.75292,-0.227254,0,0,0,,,
39.996,odom,map,0.810277,1.74964,-0.231336,0,0,0,,,
39.996,ekf,map,0.815818,1.74675,-0.254122,0.0676793,0.0678778,3.54005e-05,0.058,,
39.996,kf,map,0.81558,1.74691,-0.254176,0.0623802,0.0623802,0,0.101875,,
40.032,odom,map,0.820584,1.74479,-0.235142,0,0,0,,,
39.996,ekf_predict_only,map,0.949667,1.69862,-0.306323,30.45,46.5788,-16.3339,,,
39.996,pf,map,0.796042,1.78545,-0.252965,0.0585499,0.0610509,-0.000217381,7.60258,462.468,0
40.068,odom,map,0.830321,1.73971,-0.238755,0,0,0,,,
40.104,odom,map,0.839968,1.73461,-0.242266,0,0,0,,,
40.14,odom,map,0.849723,1.72944,-0.245761,0,0,0,,,
40.176,odom,map,0.859431,1.72423,-0.248429,0,0,0,,,
40.212,ekf,map,0.898519,1.72423,-0.271055,0.0686657,0.0688843,4.39054e-05,0.111042,,
40.212,kf,map,0.898392,1.72449,-0.270449,0.0625532,0.0625532,0,0.065291,,
40.212,odom,map,0.870335,1.71954,-0.249895,0,0,0,,,
40.212,ekf_predict_only,map,1.03046,1.67307,-0.316264,30.1395,49.099,-16.6001,,,
40.212,pf,map,0.879142,1.74646,-0.270019,0.0589108,0.0607475,0.000147978,4.46067,488.874,0
40.248,odom,map,0.884003,1.71604,-0.251186,0,0,0,,,
40.284,odom,map,0.897636,1.71254,-0.251157,0,0,0,,,
40.32,odom,map,0.911168,1.70907,-0.250378,0,0,0,,,
40.356,odom,map,0.92465,1.70563,-0.249248,0,0,0,,,
40.392,odom,map,0.937922,1.70227,-0.247627,0,0,0,,,
40.428,odom,map,0.950962,1.69898,-0.245378,0,0,0,,,
40.392,kf,map,0.964861,1.70554,-0.266883,0.0623768,0.0623768,0,0.107834,,
40.392,pf,map,0.959818,1.74444,-0.267041,0.0619133,0.0629647,-0.0054843,4.43229,476.25,0
40.392,ekf,map,0.96503,1.70525,-0.267789,0.0676313,0.0678067,3.86819e-05,0.124208,,
40.392,ekf_predict_only,map,1.09414,1.65223,-0.304262,29.9124,51.1784,-16.776,,,
40.464,odom,map,0.963836,1.69578,-0.242651,0,0,0,,,
40.5,odom,map,0.976687,1.69262,-0.239838,0,0,0,,,
40.536,odom,map,0.989452,1.68951,-0.236828,0,0,0,,,
40.572,odom,map,1.0019,1.68653,-0.23324,0,0,0,,,
40.608,odom,map,1.01366,1.6835,-0.229221,0,0,0,,,
40.608,ekf_predict_only,map,1.16556,1.6298,-0.28086,29.6679,53.5748,-16.9639,,,
40.608,kf,map,1.03997,1.68496,-0.249884,0.0625528,0.0625528,0,0.080166,,
40.608,ekf,map,1.04028,1.68469,-0.250792,0.0686874,0.0688768,4.55464e-05,0.072083,,
40.602,amcl,map,0.988745,1.67152,-0.237391,0.107024,0.0640894,-0.0442766,,,
40.608,pf,map,1.02861,1.71413,-0.236183,0.0678612,0.0615708,0.00185524,5.65717,478.168,0
40.644,odom,map,1.02387,1.67996,-0.224635,0,0,0,,,
40.68,odom,map,1.03392,1.67653,-0.219741,0,0,0,,,
40.716,odom,map,1.04383,1.6732,-0.214591,0,0,0,,,
40.752,odom,map,1.05331,1.67004,-0.208879,0,0,0,,,
40.788,odom,map,1.06276,1.66696,-0.203129,0,0,0,,,
40.824,odom,map,1.07329,1.66442,-0.197774,0,0,0,,,
40.788,ekf_predict_only,map,1.2196,1.61421,-0.255174,29.5332,55.4664,-17.1124,,,
40.788,kf,map,1.09803,1.67036,-0.228472,0.0623767,0.0623767,0,0.063083,,
40.788,ekf,map,1.09841,1.67016,-0.229124,0.0676576,0.0678053,3.71771e-05,0.118292,,
40.788,pf,map,1.0853,1.67777,-0.239464,0.0659734,0.0667721,-0.00195973,12.2708,475.26,0
40.86,odom,map,1.08415,1.66228,-0.192527,0,0,0,,,
40.896,odom,map,1.09477,1.66024,-0.187169,0,0,0,,,
40.932,odom,map,1.10528,1.65827,-0.181772,0,0,0,,,
40.968,odom,map,1.11565,1.6564,-0.176232,0,0,0,,,
41.004,odom,map,1.12577,1.65463,-0.170487,0,0,0,,,
41.004,ekf_predict_only,map,1.27595,1.59951,-0.219867,29.4154,57.484,-17.2796,,,
41.004,ekf,map,1.16088,1.65632,-0.197137,0.0687119,0.0688643,3.91618e-05,0.080375,,
41.004,kf,map,1.16023,1.65649,-0.1966,0.0625527,0.0625527,0,0.056,,
41.004,pf,map,1.16031,1.67439,-0.20598,0.0644201,0.0587055,1.74815e-05,7.24108,483.694,0
41.04,odom,map,1.13545,1.65299,-0.164613,0,0,0,,,
41.076,odom,map,1.14503,1.65142,-0.158728,0,0,0,,,
41.112,odom,map,1.15444,1.64995,-0.152705,0,0,0,,,
41.148,odom,map,1.16341,1.6486,-0.146516,0,0,0,,,
41.184,odom,map,1.17228,1.64731,-0.140315,0,0,0,,,
41.184,kf,map,1.20698,1.64771,-0.167357,0.0623767,0.0623767,0,0.058958,,
41.22,odom,map,1.18095,1.64612,-0.134099,0,0,0,,,
41.184,ekf_predict_only,map,1.31782,1.59016,-0.188756,29.3786,59.0421,-17.4228,,,
41.184,ekf,map,1.20758,1.6476,-0.167686,0.0676722,0.0677859,2.90181e-05,0.292125,,
41.184,pf,map,1.19035,1.66166,-0.167728,0.0624578,0.0600932,-0.00211211,7.23808,480.892,0
41.256,odom,map,1.1892,1.64503,-0.128381,0,0,0,,,
41.292,odom,map,1.19627,1.64413,-0.125075,0,0,0,,,
41.328,odom,map,1.20205,1.64341,-0.124296,0,0,0,,,
41.364,odom,map,1.20655,1.64284,-0.124296,0,0,0,,,
41.4,odom,map,1.20976,1.64244,-0.124296,0,0,0,,,
41.4,ekf,map,1.23476,1.64346,-0.157226,0.0687216,0.0688224,2.55067e-05,0.052875,,
41.4,ekf_predict_only,map,1.31782,1.59016,-0.188756,29.4786,59.1421,-17.4228,,,
41.4,kf,map,1.23209,1.64385,-0.158042,0.0625527,0.0625527,0,0.069791,,
41.4,pf,map,1.22313,1.66185,-0.14542,0.0612288,0.0718202,-0.00150476,4.97354,477.735,0
41.436,odom,map,1.20947,1.64033,-0.126246,0,0,0,,,
41.472,odom,map,1.20782,1.63831,-0.128252,0,0,0,,,
41.508,odom,map,1.20552,1.63637,-0.130258,0,0,0,,,
41.544,odom,map,1.2032,1.63442,-0.132264,0,0,0,,,
41.58,odom,map,1.20088,1.63245,-0.134269,0,0,0,,,
41.616,odom,map,1.19945,1.63125,-0.135495,0,0,0,,,
41.616,ekf_predict_only,map,1.31782,1.59016,-0.188756,29.5786,59.2421,-17.4228,,,
41.616,ekf,map,1.24505,1.64187,-0.153943,0.0689647,0.0690375,1.8352e-05,0.061167,,
41.616,kf,map,1.2431,1.64216,-0.154552,0.0625774,0.0625774,0,0.080709,,
41.616,pf,map,1.23137,1.67504,-0.149698,0.0617495,0.0643564,-0.00040119,7.08621,465.523,0
41.652,odom,map,1.19945,1.63125,-0.135495,0,0,0,,,
41.688,odom,map,1.19945,1.63125,-0.135495,0,0,0,,,
41.724,odom,map,1.19945,1.63125,-0.135495,0,0,0,,,
41.76,odom,map,1.19945,1.63125,-0.135495,0,0,0,,,
41.796,odom,map,1.19977,1.63121,-0.135465,0,0,0,,,
41.796,ekf,map,1.2507,1.64099,-0.153285,0.0676752,0.067718,1.07313e-05,0.117375,,
41.796,kf,map,1.25008,1.64108,-0.153653,0.0623802,0.0623802,0,0.127208,,
41.832,odom,map,1.2008,1.63107,-0.13555,0,0,0,,,
41.796,ekf_predict_only,map,1.32488,1.58881,-0.189876,29.659,59.5909,-17.4504,,,
41.796,pf,map,1.25209,1.65632,-0.150166,0.0586827,0.0696274,-0.00265673,15.3503,454.841,0
41.868,odom,map,1.20223,1.63087,-0.135775,0,0,0,,,
41.904,odom,map,1.2039,1.63064,-0.136222,0,0,0,,,
41.94,odom,map,1.20629,1.63031,-0.1372,0,0,0,,,
41.976,odom,map,1.2093,1.6299,-0.138737,0,0,0,,,
42.012,odom,map,1.21241,1.62946,-0.140317,0,0,0,,,
42.012,kf,map,1.26489,1.63878,-0.159477,0.0625532,0.0625532,0,0.06075,,
42.012,ekf,map,1.26471,1.63882,-0.159005,0.0686586,0.0686925,8.37123e-06,0.055375,,
42.012,ekf_predict_only,map,1.34338,1.58525,-0.199359,29.7075,60.3463,-17.5215,,,
42.012,pf,map,1.24948,1.6794,-0.156443,0.0556942,0.0574771,0.000638566,5.99475,479.291,0
42.048,odom,map,1.21585,1.62897,-0.142626,0,0,0,,,
42.084,odom,map,1.21957,1.62843,-0.145532,0,0,0,,,
42.12,odom,map,1.22341,1.62786,-0.148619,0,0,0,,,
42.156,odom,map,1.2274,1.62726,-0.152187,0,0,0,,,
42.192,odom,map,1.23157,1.62661,-0.156334,0,0,0,,,
42.228,odom,map,1.23541,1.62599,-0.161733,0,0,0,,,
42.192,ekf_predict_only,map,1.36189,1.58151,-0.229694,29.7535,61.1078,-17.5882,,,
42.192,ekf,map,1.28225,1.63595,-0.178497,0.0676239,0.067646,5.28863e-06,0.063583,,
42.192,kf,map,1.2824,1.63589,-0.179515,0.0623768,0.0623768,0,0.120417,,
42.192,pf,map,1.26811,1.68263,-0.154397,0.0564746,0.0568132,-0.00078028,11.2901,484.444,0
42.264,odom,map,1.23913,1.62537,-0.1678,0,0,0,,,
42.3,odom,map,1.24303,1.6247,-0.173839,0,0,0,,,
42.336,odom,map,1.24672,1.62404,-0.180816,0,0,0,,,
42.372,odom,map,1.25002,1.62342,-0.189168,0,0,0,,,
42.408,odom,map,1.25311,1.62282,-0.198437,0,0,0,,,
42.408,ekf,map,1.30242,1.6321,-0.221761,0.0686775,0.0686979,4.62637e-06,0.058542,,
42.408,ekf_predict_only,map,1.38017,1.57724,-0.286887,29.7921,61.8664,-17.6425,,,
42.408,kf,map,1.30232,1.63208,-0.223384,0.0625528,0.0625528,0,0.102958,,
42.402,amcl,map,1.24751,1.62962,-0.198572,0.0948043,0.0824381,-0.0502909,,,
42.408,pf,map,1.28255,1.66327,-0.206155,0.0599126,0.0655032,0.000405666,6.54121,490.254,0
42.444,odom,map,1.25618,1.62219,-0.20797,0,0,0,,,
42.48,odom,map,1.2592,1.62153,-0.218071,0,0,0,,,
42.516,odom,map,1.26224,1.62084,-0.229021,0,0,0,,,
42.552,odom,map,1.26541,1.62008,-0.24063,0,0,0,,,
42.588,odom,map,1.26861,1.61928,-0.252396,0,0,0,,,
42.588,ekf,map,1.31871,1.62816,-0.274191,0.0676491,0.0676639,3.26974e-06,0.137791,,
42.588,kf,map,1.31867,1.62813,-0.275587,0.0623767,0.0623767,0,0.05575,,
42.624,odom,map,1.27186,1.61842,-0.2647,0,0,0,,,
42.588,ekf_predict_only,map,1.39632,1.57247,-0.349405,29.824,62.5534,-17.6713,,,
42.588,pf,map,1.31274,1.65736,-0.252263,0.0608166,0.0681989,-0.00419037,6.42029,472.953,0
42.66,odom,map,1.27523,1.61748,-0.277568,0,0,0,,,
42.696,odom,map,1.27871,1.61647,-0.290841,0,0,0,,,
42.732,odom,map,1.28227,1.61537,-0.304405,0,0,0,,,
42.768,odom,map,1.28617,1.61412,-0.318661,0,0,0,,,
42.804,odom,map,1.29017,1.61277,-0.333357,0,0,0,,,
42.804,ekf,map,1.34103,1.62121,-0.354248,0.068703,0.0687186,3.60179e-06,0.055709,,
42.804,ekf_predict_only,map,1.42015,1.56379,-0.438064,29.8009,63.5272,-17.681,,,
42.804,kf,map,1.34119,1.62116,-0.355539,0.0625527,0.0625527,0,0.057208,,
42.804,pf,map,1.32775,1.63274,-0.352068,0.0641703,0.0640178,0.0028301,8.21008,459.876,0
42.84,odom,map,1.29415,1.61135,-0.348133,0,0,0,,,
42.876,odom,map,1.29833,1.6098,-0.363466,0,0,0,,,
42.912,odom,map,1.30255,1.60816,-0.3792,0,0,0,,,
42.948,odom,map,1.30692,1.60637,-0.395382,0,0,0,,,
42.984,odom,map,1.31133,1.60449,-0.411672,0,0,0,,,
43.02,odom,map,1.31594,1.60243,-0.428301,0,0,0,,,
42.984,ekf_predict_only,map,1.44351,1.55285,-0.521653,29.7476,64.4931,-17.6419,,,
42.984,ekf,map,1.36243,1.61244,-0.431617,0.0676659,0.0676794,3.58972e-06,0.05525,,
42.984,kf,map,1.3627,1.61238,-0.432587,0.0623767,0.0623767,0,0.110083,,
43.002,amcl,map,1.31776,1.61416,-0.408191,0.0935262,0.0716291,-0.0537831,,,
42.984,pf,map,1.3565,1.6279,-0.420643,0.0704838,0.060369,-0.00322443,6.74004,481.381,0
43.056,odom,map,1.32078,1.60017,-0.445185,0,0,0,,,
43.092,odom,map,1.32582,1.59772,-0.462326,0,0,0,,,
43.128,odom,map,1.33093,1.59511,-0.479602,0,0,0,,,
43.164,odom,map,1.33631,1.59225,-0.496886,0,0,0,,,
43.2,odom,map,1.34197,1.58912,-0.514527,0,0,0,,,
43.2,ekf_predict_only,map,1.47787,1.5331,-0.629426,29.5761,65.8839,-17.5071,,,
43.2,ekf,map,1.39366,1.5964,-0.533971,0.0687176,0.0687357,6.38376e-06,0.060542,,
43.2,kf,map,1.39417,1.59629,-0.534816,0.0625527,0.0625527,0,0.053958,,
43.2,pf,map,1.39725,1.62035,-0.51868,0.0681137,0.0610322,-0.00187334,5.27192,474.351,0
43.236,odom,map,1.34677,1.58697,-0.532706,0,0,0,,,
43.272,odom,map,1.35151,1.58474,-0.550969,0,0,0,,,
43.308,odom,map,1.35643,1.58223,-0.569418,0,0,0,,,
43.344,odom,map,1.3616,1.57942,-0.588087,0,0,0,,,
43.38,odom,map,1.36689,1.57635,-0.606854,0,0,0,,,
43.416,odom,map,1.37264,1.57259,-0.625598,0,0,0,,,
43.416,ekf_predict_only,map,1.51641,1.50503,-0.741072,29.3018,67.4558,-17.2281,,,
43.416,ekf,map,1.42935,1.57274,-0.642365,0.0689649,0.0689863,1.05103e-05,0.359333,,
43.416,kf,map,1.43002,1.57261,-0.642975,0.0625774,0.0625774,0,0.068167,,
43.416,pf,map,1.42834,1.61064,-0.623736,0.0641162,0.0649659,-0.000785164,4.7305,474.415,0
43.452,odom,map,1.37916,1.56778,-0.644337,0,0,0,,,
43.488,odom,map,1.38599,1.56255,-0.663148,0,0,0,,,
43.524,odom,map,1.39286,1.55707,-0.681955,0,0,0,,,
43.56,odom,map,1.39988,1.55127,-0.700809,0,0,0,,,
43.596,odom,map,1.40723,1.54495,-0.719598,0,0,0,,,
43.632,odom,map,1.41472,1.53825,-0.738309,0,0,0,,,
43.596,ekf_predict_only,map,1.55421,1.47044,-0.834379,28.9592,69.0244,-16.7981,,,
43.596,kf,map,1.46482,1.54371,-0.735412,0.0623802,0.0623802,0,0.10975,,
43.596,ekf,map,1.46409,1.54392,-0.735151,0.0676808,0.0677009,1.45655e-05,0.05825,,
43.602,amcl,map,1.42172,1.54298,-0.717561,0.0831769,0.0782491,-0.0563191,,,
43.596,pf,map,1.45045,1.59498,-0.720472,0.0639463,0.0697537,-0.000261066,13.1106,473.832,0
43.668,odom,map,1.42223,1.53129,-0.75697,0,0,0,,,
43.704,odom,map,1.42977,1.52403,-0.775629,0,0,0,,,
43.74,odom,map,1.43759,1.51622,-0.794521,0,0,0,,,
43.776,odom,map,1.44553,1.50797,-0.813422,0,0,0,,,
43.812,odom,map,1.45401,1.49983,-0.831577,0,0,0,,,
43.812,ekf,map,1.50939,1.49825,-0.847905,0.0686767,0.0687008,2.86496e-05,0.057792,,
43.812,kf,map,1.5102,1.49809,-0.848039,0.0625532,0.0625532,0,0.053083,,
43.812,ekf_predict_only,map,1.60083,1.41901,-0.947731,28.4397,70.97,-16.0609,,,
43.812,pf,map,1.48337,1.51416,-0.832054,0.0681474,0.0664727,0.00312399,4.65046,457.968,0
43.848,odom,map,1.46398,1.49202,-0.847886,0,0,0,,,
43.884,odom,map,1.47407,1.48379,-0.863824,0,0,0,,,
43.92,odom,map,1.48416,1.47528,-0.879504,0,0,0,,,
43.956,odom,map,1.49415,1.46658,-0.895116,0,0,0,,,
43.992,odom,map,1.50411,1.45762,-0.910727,0,0,0,,,
44.028,odom,map,1.51263,1.4475,-0.927946,0,0,0,,,
43.992,ekf,map,1.54816,1.44942,-0.938208,0.0676521,0.067668,3.52544e-05,0.086,,
43.992,kf,map,1.54888,1.44929,-0.938138,0.0623768,0.0623768,0,0.055792,,
43.992,ekf_predict_only,map,1.63958,1.36509,-1.0367,27.9398,72.6327,-15.189,,,
44.001,amcl,map,1.53998,1.43992,-0.913821,0.0683743,0.0760712,-0.0502217,,,
43.992,pf,map,1.52998,1.47366,-0.929878,0.0581229,0.0523826,0.00169323,6.69463,488.465,0
44.064,odom,map,1.52051,1.43678,-0.945699,0,0,0,,,
44.1,odom,map,1.52822,1.42589,-0.963412,0,0,0,,,
44.136,odom,map,1.53581,1.41476,-0.980983,0,0,0,,,
44.172,odom,map,1.54331,1.40334,-0.998321,0,0,0,,,
44.208,odom,map,1.55074,1.39159,-1.01534,0,0,0,,,
44.208,ekf_predict_only,map,1.68214,1.29313,-1.13853,27.319,74.4797,-13.9253,,,
44.208,kf,map,1.59303,1.3821,-1.04256,0.0625528,0.0625528,0,0.083083,,
44.208,ekf,map,1.59225,1.38214,-1.04286,0.0687333,0.0687372,5.656e-05,0.052,,
44.208,pf,map,1.57679,1.41163,-1.03899,0.0618712,0.0532618,-0.000265054,8.54096,496.567,0
44.244,odom,map,1.55799,1.37969,-1.03231,0,0,0,,,
44.28,odom,map,1.56511,1.36754,-1.049,0,0,0,,,
44.316,odom,map,1.57218,1.355,-1.06502,0,0,0,,,
44.352,odom,map,1.57912,1.34225,-1.08048,0,0,0,,,
44.388,odom,map,1.58586,1.32938,-1.09584,0,0,0,,,
44.424,odom,map,1.59261,1.31542,-1.11185,0,0,0,,,
44.388,ekf_predict_only,map,1.71287,1.22653,-1.21363,26.8334,75.8609,-12.6719,,,
44.388,kf,map,1.62574,1.31894,-1.12199,0.0623767,0.0623767,0,0.060708,,
44.388,ekf,map,1.62507,1.31893,-1.12247,0.0677163,0.0677019,5.76788e-05,0.0545,,
44.388,pf,map,1.61522,1.35835,-1.12533,0.0546747,0.0621876,0.00165044,4.91463,469.819,0
44.46,odom,map,1.59921,1.30084,-1.12818,0,0,0,,,
44.496,odom,map,1.60556,1.28615,-1.14441,0,0,0,,,
44.532,odom,map,1.61167,1.27135,-1.16017,0,0,0,,,
44.568,odom,map,1.61759,1.25635,-1.17543,0,0,0,,,
44.604,odom,map,1.62325,1.24137,-1.19028,0,0,0,,,
44.604,ekf_predict_only,map,1.74371,1.14388,-1.29368,26.3165,77.2637,-11.0414,,,
44.604,ekf,map,1.65933,1.23841,-1.20819,0.068809,0.0687624,7.63199e-05,0.057417,,
44.604,kf,map,1.66003,1.23855,-1.20747,0.0625527,0.0625527,0,0.055583,,
44.601,amcl,map,1.65795,1.23984,-1.18212,0.0500944,0.0855885,-0.0434568,,,
44.604,pf,map,1.64404,1.27664,-1.2035,0.0602706,0.0645242,0.00060895,4.629,486.219,0
44.64,odom,map,1.62862,1.22768,-1.20362,0,0,0,,,
44.676,odom,map,1.6338,1.21396,-1.21645,0,0,0,,,
44.712,odom,map,1.63879,1.2002,-1.22866,0,0,0,,,
44.748,odom,map,1.64363,1.18637,-1.24043,0,0,0,,,
44.784,odom,map,1.6483,1.17247,-1.25212,0,0,0,,,
44.82,odom,map,1.65616,1.15787,-1.26246,0,0,0,,,
44.784,ekf,map,1.68246,1.16909,-1.26931,0.0677742,0.0677114,6.71453e-05,0.062958,,
44.784,ekf_predict_only,map,1.76367,1.07371,-1.34793,25.9887,78.2159,-9.60426,,,
44.784,kf,map,1.68304,1.16927,-1.26849,0.0623767,0.0623767,0,0.058083,,
44.784,pf,map,1.668,1.20848,-1.26564,0.0618716,0.0598372,0.000345798,10.049,476.173,0
44.856,odom,map,1.66653,1.14281,-1.27122,0,0,0,,,
44.892,odom,map,1.6768,1.12773,-1.2799,0,0,0,,,
44.928,odom,map,1.68693,1.11272,-1.28835,0,0,0,,,
44.964,odom,map,1.69688,1.09794,-1.29646,0,0,0,,,
45,odom,map,1.70669,1.0833,-1.30463,0,0,0,,,
45,ekf,map,1.70487,1.08699,-1.33229,0.0688624,0.068761,7.62597e-05,0.056208,,
45,kf,map,1.70538,1.08732,-1.33161,0.0625527,0.0625527,0,0.05825,,
45,ekf_predict_only,map,1.78205,0.992584,-1.40697,25.7045,79.1072,-7.90183,,,
45,pf,map,1.67779,1.11628,-1.34824,0.0652683,0.0557354,-0.000507369,5.535,476.083,0
45.036,odom,map,1.71044,1.06987,-1.31443,0,0,0,,,
45.072,odom,map,1.71388,1.05647,-1.32432,0,0,0,,,
45.108,odom,map,1.71716,1.04316,-1.33434,0,0,0,,,
45.144,odom,map,1.72028,1.0299,-1.34443,0,0,0,,,
45.18,odom,map,1.72326,1.01666,-1.35453,0,0,0,,,
45.216,odom,map,1.72608,1.00353,-1.36516,0,0,0,,,
45.216,ekf,map,1.72179,1.00665,-1.39714,0.0691194,0.0689974,7.05569e-05,0.053917,,
45.216,kf,map,1.72213,1.00699,-1.39738,0.0625774,0.0625774,0,0.070708,,
45.216,ekf_predict_only,map,1.79513,0.913472,-1.47732,25.5445,79.7739,-6.20952,,,
45.216,pf,map,1.71598,1.04936,-1.38529,0.0575282,0.0674597,0.00104264,7.35242,465.709,0
45.252,odom,map,1.72872,0.990452,-1.37747,0,0,0,,,
45.288,odom,map,1.7312,0.97735,-1.39045,0,0,0,,,
45.324,odom,map,1.73349,0.964295,-1.40369,0,0,0,,,
45.36,odom,map,1.73558,0.95135,-1.41745,0,0,0,,,
45.396,odom,map,1.73748,0.938481,-1.43216,0,0,0,,,
45.432,odom,map,1.73945,0.926308,-1.44774,0,0,0,,,
45.396,ekf_predict_only,map,1.8012,0.848749,-1.55361,25.5164,80.1378,-4.8078,,,
45.396,ekf,map,1.73124,0.940988,-1.46546,0.0678087,0.0676967,5.13752e-05,0.065167,,
45.396,kf,map,1.73142,0.941229,-1.46616,0.0623802,0.0623802,0,0.217208,,
45.396,pf,map,1.71713,0.958717,-1.44504,0.0630742,0.0665523,-0.00187263,8.03054,492.644,0
45.402,amcl,map,1.738,0.950097,-1.44409,0.0429962,0.0945507,-0.0332796,,,
45.468,odom,map,1.74124,0.914254,-1.46392,0,0,0,,,
45.504,odom,map,1.74279,0.902341,-1.481,0,0,0,,,
45.54,odom,map,1.74411,0.890456,-1.49854,0,0,0,,,
45.576,odom,map,1.7452,0.878569,-1.5163,0,0,0,,,
45.612,ekf_predict_only,map,1.80251,0.772413,-1.66319,25.5638,80.295,-3.14536,,,
45.612,ekf,map,1.7364,0.86397,-1.56609,0.0688191,0.0686768,4.93963e-05,0.060208,,
45.612,kf,map,1.73661,0.864146,-1.56713,0.0625532,0.0625532,0,0.176166,,
45.612,odom,map,1.74598,0.866418,-1.53448,0,0,0,,,
45.612,pf,map,1.75482,0.865858,-1.55223,0.0665163,0.0689415,-0.00216077,6.46612,460.689,0
45.648,odom,map,1.74632,0.853762,-1.55288,0,0,0,,,
45.684,odom,map,1.74643,0.841362,-1.57198,0,0,0,,,
45.72,odom,map,1.74629,0.828971,-1.59114,0,0,0,,,
45.756,odom,map,1.74592,0.816664,-1.61079,0,0,0,,,
45.792,odom,map,1.74531,0.804442,-1.63096,0,0,0,,,
45.828,odom,map,1.74446,0.792361,-1.65162,0,0,0,,,
45.792,ekf,map,1.77374,0.852545,-1.64443,0.0199361,0.0286887,-0.000717043,0.112625,,
45.792,ekf_predict_only,map,1.79694,0.712332,-1.76693,25.6978,80.1527,-1.83933,,,
45.792,kf,map,1.73048,0.847427,-1.60408,0.0621453,0.0279849,0.00282157,1.093,,
45.792,pf,map,1.76033,0.881691,-1.63057,0.0232531,0.0241241,-0.000110889,11.3162,327.719,0
45.864,odom,map,1.74336,0.780344,-1.67237,0,0,0,,,
45.9,odom,map,1.74203,0.768533,-1.69338,0,0,0,,,
45.936,odom,map,1.74049,0.757061,-1.71491,0,0,0,,,
45.972,odom,map,1.73875,0.745864,-1.73657,0,0,0,,,
46.008,odom,map,1.73677,0.734812,-1.75818,0,0,0,,,
46.008,ekf,map,1.78104,0.785914,-1.76429,0.0183685,0.0277051,-0.000705261,0.1715,,
46.008,ekf_predict_only,map,1.78382,0.646263,-1.89659,25.9122,79.6835,-0.418468,,,
46.008,kf,map,1.72132,0.780776,-1.70227,0.0621997,0.0269813,0.00353384,0.113417,,
46.002,amcl,map,1.72729,0.777322,-1.7496,0.0448422,0.108866,-0.0314949,,,
46.008,pf,map,1.78183,0.818074,-1.75176,0.0215094,0.0250183,0.00072409,12.6429,322.052,0
46.044,odom,map,1.73461,0.724013,-1.77994,0,0,0,,,
46.08,odom,map,1.73228,0.713627,-1.80196,0,0,0,,,
46.116,odom,map,1.72981,0.703635,-1.82411,0,0,0,,,
46.152,odom,map,1.72716,0.69384,-1.84626,0,0,0,,,
46.188,odom,map,1.72437,0.684366,-1.86868,0,0,0,,,
46.224,odom,map,1.72108,0.676336,-1.89218,0,0,0,,,
46.188,ekf_predict_only,map,1.76878,0.601767,-2.01036,26.1349,79.1357,0.519548,,,
46.188,ekf,map,1.76435,0.729395,-1.87693,0.0165566,0.0273596,-0.000962785,0.176458,,
46.188,kf,map,1.70806,0.724294,-1.81199,0.0618228,0.0270752,0.00440269,0.324041,,
46.188,pf,map,1.75918,0.767442,-1.87393,0.0218939,0.0262226,-0.000203283,10.8289,304.447,0
46.26,odom,map,1.71743,0.669259,-1.91633,0,0,0,,,
46.296,odom,map,1.71358,0.662324,-1.94051,0,0,0,,,
46.332,odom,map,1.70954,0.655574,-1.96472,0,0,0,,,
46.368,odom,map,1.70546,0.649328,-1.989,0,0,0,,,
46.404,odom,map,1.7014,0.643492,-2.01346,0,0,0,,,
46.404,ekf_predict_only,map,1.74802,0.557616,-2.14977,26.3933,78.348,1.42622,,,
46.404,ekf,map,1.76363,0.684692,-2.00819,0.0151183,0.0275045,-0.00164321,0.116042,,
46.404,kf,map,1.6867,0.67453,-1.91529,0.0615936,0.0275297,0.00576097,0.103208,,
46.401,amcl,map,1.70785,0.660649,-1.99434,0.0335097,0.105725,-0.025771,,,
46.404,pf,map,1.74458,0.727747,-2.00659,0.0185044,0.0219266,-0.00124735,7.25913,346.386,0
46.44,odom,map,1.69783,0.636186,-2.0367,0,0,0,,,
46.476,odom,map,1.6942,0.629152,-2.05994,0,0,0,,,
46.512,odom,map,1.69053,0.622455,-2.08314,0,0,0,,,
46.548,odom,map,1.68684,0.616072,-2.10627,0,0,0,,,
46.584,odom,map,1.68315,0.610002,-2.1294,0,0,0,,,
46.584,ekf,map,1.74616,0.644482,-2.124,0.0140526,0.0271427,-0.00201346,0.11325,,
46.62,odom,map,1.67958,0.604432,-2.15251,0,0,0,,,
46.584,ekf_predict_only,map,1.73062,0.530995,-2.26529,26.6065,77.7101,1.95361,,,
46.584,kf,map,1.66817,0.632468,-2.0221,0.0609197,0.0279698,0.00704894,0.100458,,
46.584,pf,map,1.72958,0.685471,-2.11234,0.0165791,0.0216889,-9.96074e-05,10.7459,297.557,0
46.656,odom,map,1.67615,0.599346,-2.17561,0,0,0,,,
46.692,odom,map,1.67271,0.594497,-2.19871,0,0,0,,,
46.728,odom,map,1.66936,0.58998,-2.22177,0,0,0,,,
46.764,odom,map,1.66617,0.585897,-2.24487,0,0,0,,,
46.8,odom,map,1.66312,0.582163,-2.26797,0,0,0,,,
46.8,ekf,map,1.73371,0.621207,-2.26054,0.0135303,0.0271827,-0.00275949,0.108708,,
46.8,ekf_predict_only,map,1.71287,0.509687,-2.40381,26.8067,77.0635,2.36005,,,
46.8,kf,map,1.6464,0.603878,-2.14155,0.0604158,0.0287044,0.00847367,1.25383,,
46.8,amcl,map,1.67453,0.599725,-2.24829,0.0281682,0.0832173,-0.0152383,,,
46.8,pf,map,1.74781,0.668792,-2.27996,0.0172548,0.0289695,-0.00335856,12.959,269.139,0
46.836,odom,map,1.65932,0.583975,-2.2889,0,0,0,,,
46.872,odom,map,1.65562,0.586204,-2.3097,0,0,0,,,
46.908,odom,map,1.6521,0.588773,-2.33047,0,0,0,,,
46.944,odom,map,1.64886,0.591744,-2.35112,0,0,0,,,
46.98,odom,map,1.64561,0.594804,-2.37175,0,0,0,,,
47.016,ekf_predict_only,map,1.69954,0.497571,-2.54042,26.9676,76.6067,2.57966,,,
47.016,ekf,map,1.73186,0.601147,-2.39423,0.0133304,0.027032,-0.00319824,0.109167,,
47.016,kf,map,1.63082,0.578352,-2.25238,0.0597884,0.0293617,0.00960413,0.217167,,
47.016,odom,map,1.64278,0.59594,-2.39319,0,0,0,,,
47.016,pf,map,1.7306,0.635746,-2.39803,0.0138863,0.0262101,3.92144e-05,6.33992,230.123,0
47.052,odom,map,1.64076,0.594103,-2.41599,0,0,0,,,
47.088,odom,map,1.6389,0.592486,-2.43862,0,0,0,,,
47.124,odom,map,1.63705,0.590956,-2.46119,0,0,0,,,
47.16,odom,map,1.63531,0.58958,-2.48352,0,0,0,,,
47.196,odom,map,1.63371,0.588371,-2.50547,0,0,0,,,
47.232,odom,map,1.63429,0.585037,-2.52639,0,0,0,,,
47.196,ekf_predict_only,map,1.69285,0.492978,-2.64879,27.0914,76.4283,2.6578,,,
47.196,ekf,map,1.72408,0.582301,-2.50597,0.01294,0.0266781,-0.00330814,0.125458,,
47.196,kf,map,1.62352,0.558517,-2.35912,0.0591593,0.0297396,0.0102443,0.248458,,
47.202,amcl,map,1.66831,0.573015,-2.51186,0.0219695,0.0707149,-0.0120678,,,
47.196,pf,map,1.71712,0.616147,-2.50483,0.0124035,0.0258489,-0.00359199,8.5105,265.292,0
47.268,odom,map,1.63513,0.581471,-2.5472,0,0,0,,,
47.304,odom,map,1.63603,0.577981,-2.56784,0,0,0,,,
47.34,odom,map,1.63714,0.57466,-2.58805,0,0,0,,,
47.376,odom,map,1.63828,0.571388,-2.60818,0,0,0,,,
47.412,ekf_predict_only,map,1.68762,0.490172,-2.77243,27.2061,76.3115,2.70227,,,
47.412,kf,map,1.6158,0.551578,-2.47678,0.0589713,0.0301594,0.0107673,0.11625,,
47.412,odom,map,1.6389,0.56903,-2.62827,0,0,0,,,
47.412,ekf,map,1.72094,0.578609,-2.63231,0.012985,0.0267956,-0.00365658,0.093042,,
47.412,pf,map,1.71127,0.632893,-2.64457,0.0146603,0.0258842,-0.00139454,7.87679,262.585,0
47.448,odom,map,1.63815,0.568619,-2.64866,0,0,0,,,
47.484,odom,map,1.6376,0.568331,-2.66876,0,0,0,,,
47.52,odom,map,1.6371,0.568082,-2.6888,0,0,0,,,
47.556,odom,map,1.63664,0.567862,-2.70863,0,0,0,,,
47.592,odom,map,1.63632,0.567719,-2.72784,0,0,0,,,
47.592,ekf_predict_only,map,1.6865,0.489737,-2.86602,27.3084,76.365,2.7083,,,
47.592,ekf,map,1.71575,0.568446,-2.73242,0.0128054,0.0265415,-0.00361695,0.113583,,
47.592,kf,map,1.61491,0.542368,-2.58039,0.0586494,0.0302498,0.0109418,0.305,,
47.628,odom,map,1.63664,0.567826,-2.74633,0,0,0,,,
47.601,amcl,map,1.66111,0.551379,-2.74182,0.0223651,0.0599894,-0.00791281,,,
47.592,pf,map,1.69192,0.634927,-2.71821,0.0122926,0.024793,-0.00387976,10.9016,263.063,0
47.664,odom,map,1.6372,0.568025,-2.76459,0,0,0,,,
47.7,odom,map,1.6378,0.56825,-2.78261,0,0,0,,,
47.736,odom,map,1.6386,0.568548,-2.79998,0,0,0,,,
47.772,odom,map,1.63955,0.568896,-2.81703,0,0,0,,,
47.808,odom,map,1.64036,0.56919,-2.83411,0,0,0,,,
47.808,ekf_predict_only,map,1.68777,0.490097,-2.97063,27.4065,76.5178,2.7042,,,
47.808,ekf,map,1.72203,0.566996,-2.83998,0.012922,0.0267451,-0.0037816,0.1475,,
47.808,kf,map,1.61538,0.538866,-2.67983,0.0587766,0.0303558,0.0110261,0.113416,,
47.808,pf,map,1.69076,0.602282,-2.82984,0.0150269,0.0215234,-0.00352232,8.29629,262.253,0
47.844,odom,map,1.6407,0.569295,-2.85106,0,0,0,,,
47.88,odom,map,1.64114,0.569422,-2.86764,0,0,0,,,
47.916,odom,map,1.64166,0.569565,-2.88372,0,0,0,,,
47.952,odom,map,1.64221,0.569705,-2.89958,0,0,0,,,
47.988,odom,map,1.64292,0.569873,-2.91501,0,0,0,,,
48.024,odom,map,1.64589,0.56984,-2.93117,0,0,0,,,
47.988,kf,map,1.6199,0.533658,-2.76742,0.0587032,0.0301965,0.0108725,0.106916,,
47.988,ekf,map,1.72093,0.559329,-2.92179,0.0126332,0.0265761,-0.00357737,0.0915,,
47.988,ekf_predict_only,map,1.69234,0.490886,-3.0448,27.5023,76.8071,2.6999,,,
47.988,pf,map,1.70718,0.587623,-2.89843,0.0147589,0.0224213,-0.00157469,7.83575,295.056,0
48.06,odom,map,1.65011,0.569675,-2.94781,0,0,0,,,
48.096,odom,map,1.65393,0.569418,-2.96364,0,0,0,,,
48.132,odom,map,1.65722,0.569057,-2.97693,0,0,0,,,
48.168,odom,map,1.6605,0.568693,-2.98763,0,0,0,,,
48.204,odom,map,1.66359,0.568346,-2.99564,0,0,0,,,
48.204,ekf_predict_only,map,1.69234,0.490886,-3.0448,27.6023,76.9071,2.6999,,,
48.204,ekf,map,1.71552,0.560464,-2.97404,0.0126926,0.0268395,-0.00362916,0.104458,,
48.204,kf,map,1.61988,0.535854,-2.82505,0.0588984,0.0302341,0.0108676,0.188417,,
48.201,amcl,map,1.65062,0.517753,-3.00652,0.0250262,0.0449384,0.000146127,,,
48.204,pf,map,1.71125,0.61882,-2.98739,0.0126347,0.0226455,-0.00250348,12.0137,295.193,0
48.24,odom,map,1.66359,0.568346,-2.99935,0,0,0,,,
48.276,odom,map,1.66359,0.568346,-3.00047,0,0,0,,,
48.312,odom,map,1.66359,0.568346,-3.00047,0,0,0,,,
48.348,odom,map,1.66359,0.568346,-3.00047,0,0,0,,,
48.384,odom,map,1.66359,0.568346,-3.00047,0,0,0,,,
48.384,ekf_predict_only,map,1.69234,0.490886,-3.0448,27.7023,77.0071,2.6999,,,
48.384,kf,map,1.62318,0.526815,-2.83953,0.0587457,0.030154,0.0108166,0.108792,,
48.42,odom,map,1.66381,0.566758,-3.00064,0,0,0,,,
48.384,ekf,map,1.72231,0.552164,-2.99166,0.0126038,0.0265344,-0.0036716,0.423458,,
48.384,pf,map,1.71025,0.62113,-2.97977,0.0138014,0.025823,-0.00101288,8.11425,276.226,0
48.456,odom,map,1.6642,0.5639,-3.00094,0,0,0,,,
48.492,odom,map,1.6646,0.561042,-3.00124,0,0,0,,,
48.528,odom,map,1.66499,0.558184,-3.00154,0,0,0,,,
48.564,odom,map,1.66539,0.555326,-3.00184,0,0,0,,,
48.6,odom,map,1.66554,0.552432,-3.00211,0,0,0,,,
48.6,ekf_predict_only,map,1.68614,0.490284,-3.04442,27.8055,76.8501,2.69603,,,
48.6,ekf,map,1.7244,0.553404,-2.99661,0.0127012,0.0267506,-0.00381146,0.104209,,
48.6,kf,map,1.62099,0.525969,-2.83818,0.0588252,0.0303072,0.0109632,0.097417,,
48.6,pf,map,1.6813,0.602604,-2.95235,0.0182817,0.0174869,-0.00192298,6.56321,252.452,0
48.636,odom,map,1.66454,0.552211,-3.00205,0,0,0,,,
48.672,odom,map,1.66311,0.55201,-3.00205,0,0,0,,,
48.708,odom,map,1.66052,0.551646,-3.00198,0,0,0,,,
48.744,odom,map,1.65681,0.551125,-3.00187,0,0,0,,,
48.78,odom,map,1.65246,0.550513,-3.00176,0,0,0,,,
48.816,ekf_predict_only,map,1.65379,0.48713,-3.04821,27.9223,75.6217,2.67492,,,
48.816,ekf,map,1.70885,0.55766,-2.99783,0.0131244,0.0264952,-0.00426201,0.094125,,
48.816,kf,map,1.59913,0.523801,-2.82979,0.0580239,0.0311284,0.0119536,0.130333,,
48.816,odom,map,1.64771,0.549845,-3.00212,0,0,0,,,
48.816,pf,map,1.68649,0.600763,-2.9658,0.0126394,0.0186837,-0.00299566,12.0951,282.496,0
48.852,odom,map,1.64203,0.549049,-3.00308,0,0,0,,,
48.888,odom,map,1.63537,0.548126,-3.00443,0,0,0,,,
48.924,odom,map,1.62851,0.547184,-3.00581,0,0,0,,,
48.96,odom,map,1.62122,0.546194,-3.0074,0,0,0,,,
48.996,odom,map,1.61308,0.545103,-3.00934,0,0,0,,,
48.996,ekf,map,1.67602,0.549152,-3.00559,0.0136384,0.0257781,-0.00477084,0.107625,,
49.032,odom,map,1.60198,0.538544,-3.01286,0,0,0,,,
48.996,ekf_predict_only,map,1.60935,0.482968,-3.05813,28.0446,73.931,2.63921,,,
48.996,kf,map,1.5695,0.510257,-2.83913,0.056405,0.0324788,0.0133348,0.174,,
48.996,pf,map,1.64698,0.573447,-2.96482,0.0132687,0.0225676,-0.00204408,6.72229,279.145,0
49.068,odom,map,1.59041,0.53133,-3.01659,0,0,0,,,
49.104,odom,map,1.57848,0.524121,-3.02051,0,0,0,,,
49.14,odom,map,1.56599,0.516898,-3.02477,0,0,0,,,
49.176,odom,map,1.55308,0.509686,-3.02936,0,0,0,,,
49.212,odom,map,1.54086,0.504359,-3.03349,0,0,0,,,
49.212,ekf_predict_only,map,1.54738,0.477784,-3.07569,28.173,71.6,2.57124,,,
49.212,kf,map,1.52132,0.494557,-2.86136,0.0540477,0.0350397,0.0152327,0.499042,,
49.212,ekf,map,1.62084,0.541482,-3.02057,0.0152052,0.0251185,-0.00567174,0.254875,,
49.212,pf,map,1.57613,0.579462,-2.9691,0.0120866,0.0186026,-0.00226953,12.2705,284.675,0
49.248,odom,map,1.53027,0.503227,-3.03687,0,0,0,,,
49.284,odom,map,1.51931,0.502097,-3.04083,0,0,0,,,
49.32,odom,map,1.5081,0.500988,-3.0452,0,0,0,,,
49.356,odom,map,1.4968,0.49992,-3.04965,0,0,0,,,
49.392,odom,map,1.48532,0.498889,-3.05432,0,0,0,,,
49.392,ekf_predict_only,map,1.48841,0.473893,-3.10114,28.2947,69.4589,2.48107,,,
49.392,ekf,map,1.55888,0.540471,-3.04347,0.0165411,0.0240564,-0.00606014,0.1185,,
49.392,kf,map,1.47025,0.488994,-2.89905,0.0513459,0.0375094,0.0165046,0.31675,,
49.428,odom,map,1.47359,0.497892,-3.05935,0,0,0,,,
49.392,pf,map,1.52026,0.582307,-3.0166,0.0146523,0.0188056,-0.00294763,6.56538,289.086,0
49.464,odom,map,1.46172,0.496944,-3.06448,0,0,0,,,
49.5,odom,map,1.44981,0.496055,-3.06964,0,0,0,,,
49.536,odom,map,1.43776,0.495218,-3.07494,0,0,0,,,
49.572,odom,map,1.42542,0.494429,-3.08056,0,0,0,,,
49.608,odom,map,1.41303,0.493706,-3.08596,0,0,0,,,
49.608,ekf_predict_only,map,1.41393,0.470878,-3.13294,28.4117,66.8289,2.3264,,,
49.608,ekf,map,1.48913,0.532985,-3.0737,0.0190012,0.0234215,-0.00610564,0.113375,,
49.608,kf,map,1.4098,0.475774,-2.94281,0.0482969,0.0407798,0.0175495,0.157125,,
49.608,pf,map,1.46789,0.567862,-3.08857,0.015857,0.0189453,-0.00302391,12.2997,298.163,0
49.644,odom,map,1.40062,0.493048,-3.09126,0,0,0,,,
49.68,odom,map,1.38822,0.492456,-3.09649,0,0,0,,,
49.716,odom,map,1.37589,0.491931,-3.10162,0,0,0,,,
49.752,odom,map,1.36352,0.491467,-3.10661,0,0,0,,,
49.788,odom,map,1.35111,0.491064,-3.11152,0,0,0,,,
49.824,odom,map,1.33868,0.49072,-3.1164,0,0,0,,,
49.788,kf,map,1.34917,0.479095,-2.99088,0.0457149,0.0431481,0.0178557,0.109583,,
49.788,ekf,map,1.41475,0.534747,-3.10104,0.0204139,0.0227761,-0.00572451,2.32871,,
49.788,ekf_predict_only,map,1.35172,0.47034,3.1259,28.5147,64.7356,2.15944,,,
49.8,amcl,map,1.36255,0.493536,-3.10254,0.0348897,0.0327778,0.0010928,,,
49.788,pf,map,1.40074,0.55948,-3.10635,0.0222362,0.0266564,-0.00591441,15.2729,298.231,0
49.86,odom,map,1.32624,0.490436,-3.12105,0,0,0,,,
49.896,odom,map,1.31372,0.490207,-3.12555,0,0,0,,,
49.932,odom,map,1.30119,0.490034,-3.13001,0,0,0,,,
49.968,odom,map,1.28876,0.489914,-3.13354,0,0,0,,,
50.004,odom,map,1.27642,0.489829,-3.13562,0,0,0,,,
50.004,kf,map,1.28348,0.476171,-3.02968,0.043285,0.0458131,0.0179182,0.105208,,
50.004,ekf_predict_only,map,1.27776,0.471501,3.11633,28.6082,62.3308,1.93022,,,
50.004,ekf,map,1.33815,0.530312,-3.12204,0.0226389,0.023024,-0.0048816,0.113083,,
50.004,pf,map,1.31914,0.576428,-3.12405,0.0199239,0.019895,-0.00202634,8.00017,299.581,0
50.04,odom,map,1.26407,0.489764,-3.13686,0,0,0,,,
50.076,odom,map,1.25172,0.489711,-3.13773,0,0,0,,,
50.112,odom,map,1.23947,0.489667,-3.13796,0,0,0,,,
50.148,odom,map,1.22738,0.489617,-3.13667,0,0,0,,,
50.184,odom,map,1.21535,0.489546,-3.13455,0,0,0,,,
50.22,odom,map,1.20333,0.489447,-3.13222,0,0,0,,,
50.184,ekf,map,1.27249,0.527126,-3.12285,0.023647,0.0230554,-0.00408421,0.103458,,
50.184,ekf_predict_only,map,1.21766,0.473019,3.128,28.6996,60.4785,1.73611,,,
50.184,kf,map,1.22794,0.47776,-3.04708,0.0413863,0.0474933,0.017651,0.216209,,
50.184,pf,map,1.23161,0.552491,-3.11972,0.0214662,0.0194658,-0.0047646,11.6819,323.361,0
50.256,odom,map,1.19144,0.489319,-3.12923,0,0,0,,,
50.292,odom,map,1.17974,0.489153,-3.12522,0,0,0,,,
50.328,odom,map,1.16811,0.488936,-3.12067,0,0,0,,,
50.364,odom,map,1.15666,0.488669,-3.1157,0,0,0,,,
50.4,odom,map,1.14531,0.488342,-3.10972,0,0,0,,,
50.4,ekf_predict_only,map,1.15092,0.473926,-3.11143,28.7945,58.4983,1.53466,,,
50.4,kf,map,1.16838,0.475438,-3.03027,0.0397173,0.0493975,0.0173104,0.139333,,
50.4,ekf,map,1.20701,0.523189,-3.09571,0.0251703,0.0239973,-0.00308326,0.099542,,
50.4,pf,map,1.20127,0.556624,-3.12015,0.0220527,0.0190247,-0.00227035,8.21121,342.643,0
50.436,odom,map,1.13413,0.487948,-3.10275,0,0,0,,,
50.472,odom,map,1.12302,0.487476,-3.09546,0,0,0,,,
50.508,odom,map,1.11198,0.486925,-3.08773,0,0,0,,,
50.544,odom,map,1.10119,0.486296,-3.07874,0,0,0,,,
50.58,odom,map,1.09047,0.48557,-3.06909,0,0,0,,,
50.616,odom,map,1.08089,0.484726,-3.05854,0,0,0,,,
50.616,ekf_predict_only,map,1.08652,0.471983,-3.05262,28.9054,56.6787,1.38251,,,
50.616,ekf,map,1.13759,0.521373,-3.04869,0.0261227,0.0248622,-0.00216178,0.124875,,
50.616,kf,map,1.10482,0.476039,-2.99267,0.0381852,0.0509599,0.0168155,0.094833,,
50.601,amcl,map,1.11274,0.482343,-3.05022,0.037078,0.0301966,-1.36432e-06,,,
50.616,pf,map,1.0896,0.55778,-3.03206,0.0250066,0.0229385,-0.00489984,9.20937,333.351,0
50.652,odom,map,1.07323,0.483738,-3.04611,0,0,0,,,
50.688,odom,map,1.06572,0.482604,-3.03276,0,0,0,,,
50.724,odom,map,1.05828,0.48131,-3.01856,0,0,0,,,
50.76,odom,map,1.05085,0.479846,-3.0042,0,0,0,,,
50.796,odom,map,1.04367,0.478243,-2.9892,0,0,0,,,
50.796,ekf_predict_only,map,1.03791,0.467647,-2.9806,29.0301,55.3869,1.30627,,,
50.796,ekf,map,1.0858,0.521388,-2.98693,0.0263711,0.0252489,-0.00152508,0.106417,,
50.832,odom,map,1.03426,0.476662,-2.97498,0,0,0,,,
50.796,kf,map,1.05473,0.47492,-2.93437,0.0369634,0.0519311,0.0162852,0.09275,,
50.796,pf,map,1.03888,0.539727,-2.97122,0.0257903,0.0193474,-0.00282089,15.888,344.575,0
50.868,odom,map,1.02483,0.475005,-2.96007,0,0,0,,,
50.904,odom,map,1.01548,0.473215,-2.94499,0,0,0,,,
50.94,odom,map,1.00626,0.471305,-2.92948,0,0,0,,,
50.976,odom,map,0.997271,0.469295,-2.91329,0,0,0,,,
51.012,odom,map,0.988454,0.467169,-2.8968,0,0,0,,,
51.012,ekf_predict_only,map,0.984195,0.458924,-2.88162,29.1809,54.0069,1.26995,,,
51.012,ekf,map,1.02414,0.513837,-2.89742,0.0271886,0.0265082,-0.000788377,0.1215,,
51.012,kf,map,0.997449,0.470023,-2.85103,0.0358566,0.0532671,0.0157324,0.181083,,
51.012,pf,map,0.989048,0.506752,-2.88535,0.0222586,0.0217727,-0.00114101,8.81833,355.282,0
51.048,odom,map,0.979805,0.464933,-2.87995,0,0,0,,,
51.084,odom,map,0.971561,0.462648,-2.86234,0,0,0,,,
51.12,odom,map,0.963574,0.460281,-2.84435,0,0,0,,,
51.156,odom,map,0.955754,0.457807,-2.82614,0,0,0,,,
51.192,odom,map,0.948257,0.455284,-2.80746,0,0,0,,,
51.228,odom,map,0.941182,0.452754,-2.78847,0,0,0,,,
51.192,ekf_predict_only,map,0.94874,0.449493,-2.78648,29.3377,53.1632,1.28875,,,
51.192,ekf,map,0.991286,0.514752,-2.80248,0.0271944,0.0268342,-0.000384065,0.10425,,
51.192,kf,map,0.960541,0.461319,-2.75073,0.0349055,0.0539884,0.0151719,0.094542,,
51.201,amcl,map,0.96106,0.457036,-2.79141,0.0341729,0.0284786,-0.00167402,,,
51.192,pf,map,0.968363,0.540554,-2.80395,0.0237209,0.0260198,0.000422566,10.111,399.779,0
51.264,odom,map,0.934478,0.45021,-2.76927,0,0,0,,,
51.3,odom,map,0.927929,0.44758,-2.74996,0,0,0,,,
51.336,odom,map,0.921683,0.44493,-2.73041,0,0,0,,,
51.372,odom,map,0.915823,0.442306,-2.71052,0,0,0,,,
51.408,odom,map,0.910835,0.439587,-2.6903,0,0,0,,,
51.408,ekf_predict_only,map,0.914641,0.436848,-2.66572,29.5168,52.3808,1.34575,,,
51.408,kf,map,0.918803,0.45145,-2.64578,0.0341241,0.0550027,0.0146422,0.110042,,
51.408,ekf,map,0.943327,0.497529,-2.69026,0.0277111,0.0278372,3.07237e-05,0.475708,,
51.408,pf,map,0.909822,0.486707,-2.67739,0.0285015,0.0251043,-0.00149555,7.38329,380.607,0
51.444,odom,map,0.907733,0.436345,-2.66972,0,0,0,,,
51.48,odom,map,0.90482,0.433059,-2.64893,0,0,0,,,
51.516,odom,map,0.902377,0.429887,-2.62766,0,0,0,,,
51.552,odom,map,0.900369,0.426829,-2.60613,0,0,0,,,
51.588,odom,map,0.89848,0.423714,-2.58456,0,0,0,,,
51.624,odom,map,0.895363,0.420991,-2.56305,0,0,0,,,
51.588,ekf_predict_only,map,0.894719,0.42658,-2.55825,29.6835,51.9768,1.41094,,,
51.588,ekf,map,0.917579,0.496483,-2.58239,0.0275404,0.0278932,0.000211565,0.108208,,
51.588,kf,map,0.89064,0.443257,-2.53455,0.0334525,0.0554439,0.0141557,0.321084,,
51.6,amcl,map,0.896154,0.428344,-2.5717,0.0269191,0.0240314,-0.00360844,,,
51.588,pf,map,0.883078,0.487995,-2.5709,0.0276038,0.0228837,-0.000656959,15.658,354.651,0
51.66,odom,map,0.891842,0.418638,-2.54146,0,0,0,,,
51.696,odom,map,0.888443,0.416257,-2.51986,0,0,0,,,
51.732,odom,map,0.88526,0.413925,-2.49807,0,0,0,,,
51.768,odom,map,0.882505,0.411812,-2.47603,0,0,0,,,
51.804,odom,map,0.880022,0.409819,-2.45408,0,0,0,,,
51.804,ekf_predict_only,map,0.879339,0.41643,-2.42683,29.8516,51.6934,1.4858,,,
51.804,ekf,map,0.901318,0.485706,-2.45141,0.0279229,0.0286381,0.000434407,0.301958,,
51.804,kf,map,0.874247,0.430557,-2.40245,0.0330165,0.0561135,0.0137872,0.510375,,
51.804,pf,map,0.887866,0.485812,-2.44196,0.0265553,0.020234,0.00132994,7.40133,376.211,0
51.84,odom,map,0.87767,0.407844,-2.43218,0,0,0,,,
51.876,odom,map,0.875563,0.405996,-2.41033,0,0,0,,,
51.912,odom,map,0.873705,0.404293,-2.38849,0,0,0,,,
51.948,odom,map,0.872112,0.402767,-2.36671,0,0,0,,,
51.984,odom,map,0.870625,0.40128,-2.34497,0,0,0,,,
52.02,odom,map,0.869516,0.400348,-2.32242,0,0,0,,,
51.984,ekf_predict_only,map,0.872415,0.410421,-2.31858,29.993,51.6225,1.53612,,,
51.984,ekf,map,0.8878,0.490781,-2.33774,0.0276456,0.0283568,0.000428756,0.1845,,
51.984,kf,map,0.857238,0.426325,-2.28227,0.0326343,0.0562643,0.0134815,0.193041,,
52.002,amcl,map,0.863426,0.407028,-2.33283,0.0237434,0.0200644,0.00168825,,,
51.984,pf,map,0.905907,0.501373,-2.35227,0.026813,0.0282826,0.00121266,7.70383,393.736,0
52.056,odom,map,0.868836,0.399994,-2.29923,0,0,0,,,
52.092,odom,map,0.868332,0.399787,-2.27609,0,0,0,,,
52.128,odom,map,0.867931,0.399657,-2.25298,0,0,0,,,
52.164,odom,map,0.867631,0.399614,-2.22999,0,0,0,,,
52.2,odom,map,0.867549,0.399822,-2.2072,0,0,0,,,
52.2,ekf_predict_only,map,0.869809,0.407611,-2.19149,30.1127,51.6584,1.56156,,,
52.2,ekf,map,0.869504,0.475151,-2.21705,0.0279805,0.0288892,0.00055253,0.181958,,
52.2,kf,map,0.845777,0.424054,-2.17125,0.0325269,0.0566052,0.0133627,0.218709,,
52.2,pf,map,0.853357,0.491568,-2.23459,0.0249352,0.02409,5.50593e-05,7.11375,390.46,0
52.236,odom,map,0.867185,0.399326,-2.18598,0,0,0,,,
52.272,odom,map,0.866933,0.398963,-2.16496,0,0,0,,,
52.308,odom,map,0.866798,0.39876,-2.14419,0,0,0,,,
52.344,odom,map,0.866733,0.398656,-2.12351,0,0,0,,,
52.38,odom,map,0.86674,0.398669,-2.10289,0,0,0,,,
52.416,odom,map,0.866502,0.398795,-2.08252,0,0,0,,,
52.416,ekf_predict_only,map,0.870032,0.407924,-2.06791,30.2105,51.7639,1.5585,,,
52.416,kf,map,0.836741,0.426101,-2.04904,0.0324773,0.0566821,0.0133209,0.097667,,
52.401,amcl,map,0.856342,0.405222,-2.11499,0.0223384,0.0169041,0.00476641,,,
52.416,ekf,map,0.859787,0.476571,-2.09265,0.0280344,0.0290486,0.000619714,0.119291,,
52.416,pf,map,0.856633,0.501259,-2.10764,0.0281571,0.0289065,0.000703079,6.86992,390.554,0
52.452,odom,map,0.86589,0.399131,-2.06278,0,0,0,,,
52.488,odom,map,0.865363,0.399636,-2.04342,0,0,0,,,
52.524,odom,map,0.864934,0.400356,-2.02442,0,0,0,,,
52.56,odom,map,0.864533,0.401159,-2.00553,0,0,0,,,
52.596,odom,map,0.864153,0.402043,-1.98675,0,0,0,,,
52.596,kf,map,0.842443,0.42637,-1.93535,0.0324516,0.0564518,0.0133202,0.182416,,
52.632,odom,map,0.864431,0.402889,-1.96762,0,0,0,,,
52.596,ekf,map,0.87166,0.488356,-1.98745,0.0277121,0.0286611,0.000586921,0.098458,,
52.596,ekf_predict_only,map,0.87233,0.412159,-1.97239,30.281,51.9204,1.51443,,,
52.596,pf,map,0.871259,0.485288,-1.98763,0.0257916,0.024465,0.000281022,16.2946,398.725,0
52.668,odom,map,0.864871,0.403969,-1.94875,0,0,0,,,
52.704,odom,map,0.865303,0.405086,-1.92989,0,0,0,,,
52.74,odom,map,0.865735,0.406271,-1.9113,0,0,0,,,
52.776,odom,map,0.866183,0.407573,-1.89314,0,0,0,,,
52.812,odom,map,0.86637,0.409009,-1.87557,0,0,0,,,
52.812,ekf_predict_only,map,0.875807,0.420345,-1.86644,30.3251,52.1061,1.42541,,,
52.812,kf,map,0.843317,0.433542,-1.83188,0.0326954,0.0564374,0.0135128,0.106583,,
52.812,ekf,map,0.869992,0.489218,-1.88051,0.0280105,0.0289775,0.000626077,0.140542,,
52.8,amcl,map,0.865143,0.407116,-1.90172,0.0175027,0.0183437,0.0054929,,,
52.812,pf,map,0.877797,0.50054,-1.89251,0.0252461,0.0209496,0.00239475,7.3405,410.196,0
52.848,odom,map,0.865947,0.410594,-1.85868,0,0,0,,,
52.884,odom,map,0.865527,0.412284,-1.84214,0,0,0,,,
52.92,odom,map,0.86513,0.414157,-1.8262,0,0,0,,,
52.956,odom,map,0.864727,0.416119,-1.81049,0,0,0,,,
52.992,odom,map,0.864327,0.418218,-1.7951,0,0,0,,,
52.992,ekf_predict_only,map,0.878822,0.430246,-1.78771,30.3595,52.2806,1.31303,,,
52.992,ekf,map,0.870329,0.506771,-1.79245,0.0277411,0.0286337,0.000606042,0.11925,,
53.028,odom,map,0.86453,0.420271,-1.77949,0,0,0,,,
52.992,kf,map,0.83993,0.444199,-1.73922,0.0328277,0.0560718,0.0136488,1.25042,,
52.992,pf,map,0.862636,0.524335,-1.79556,0.0284592,0.0255247,0.00242259,11.7752,383.042,0
53.064,odom,map,0.864943,0.422298,-1.76397,0,0,0,,,
53.1,odom,map,0.865324,0.42433,-1.7486,0,0,0,,,
53.136,odom,map,0.865685,0.42643,-1.73361,0,0,0,,,
53.172,odom,map,0.866039,0.42869,-1.71914,0,0,0,,,
53.208,odom,map,0.866323,0.431109,-1.70546,0,0,0,,,
53.208,ekf_predict_only,map,0.878822,0.430246,-1.73555,30.4595,52.3806,1.31303,,,
53.208,ekf,map,0.865205,0.523894,-1.70926,0.0280693,0.0291281,0.000711968,0.100792,,
53.208,kf,map,0.831946,0.455647,-1.65232,0.033089,0.0560432,0.0138485,0.101708,,
53.208,pf,map,0.843588,0.541613,-1.7061,0.0303652,0.0265736,0.000622079,11.4743,387.327,0
53.244,odom,map,0.866322,0.433198,-1.69604,0,0,0,,,
53.28,odom,map,0.86615,0.434158,-1.68922,0,0,0,,,
53.316,odom,map,0.865935,0.434952,-1.68499,0,0,0,,,
53.352,odom,map,0.865694,0.435737,-1.68334,0,0,0,,,
53.388,odom,map,0.865429,0.436513,-1.68429,0,0,0,,,
53.388,ekf_predict_only,map,0.878822,0.430246,-1.73555,30.5595,52.4806,1.31303,,,
53.388,ekf,map,0.860961,0.529122,-1.6763,0.0278046,0.0288665,0.000720858,0.175791,,
53.388,kf,map,0.827375,0.461583,-1.61957,0.0331058,0.0557938,0.013881,0.103791,,
53.424,odom,map,0.865327,0.43679,-1.68527,0,0,0,,,
53.4,amcl,map,0.881113,0.432685,-1.67427,0.0147957,0.0192432,0.00465076,,,
53.388,pf,map,0.838482,0.53933,-1.67295,0.0300444,0.0282951,0.000641778,17.624,397.505,0
53.46,odom,map,0.865305,0.436603,-1.68489,0,0,0,,,
53.496,odom,map,0.86516,0.43533,-1.68376,0,0,0,,,
53.532,odom,map,0.864946,0.433436,-1.68339,0,0,0,,,
53.568,odom,map,0.864722,0.43146,-1.68325,0,0,0,,,
53.604,odom,map,0.864535,0.429278,-1.68333,0,0,0,,,
53.604,ekf_predict_only,map,0.876358,0.415428,-1.74143,30.7585,52.5197,1.48799,,,
53.604,ekf,map,0.855859,0.509016,-1.67246,0.028081,0.0292336,0.000744449,0.221291,,
53.604,kf,map,0.827951,0.452165,-1.62308,0.0329942,0.0561381,0.0137694,0.113667,,
53.604,pf,map,0.841535,0.510678,-1.66335,0.0268791,0.0273528,0.000646143,9.43583,396.403,0
53.64,odom,map,0.865178,0.425606,-1.68403,0,0,0,,,
53.676,odom,map,0.865849,0.4222,-1.68528,0,0,0,,,
53.712,odom,map,0.866585,0.419377,-1.68678,0,0,0,,,
53.748,odom,map,0.867276,0.416189,-1.68876,0,0,0,,,
53.784,odom,map,0.867985,0.413194,-1.69108,0,0,0,,,
53.82,odom,map,0.86823,0.411306,-1.69349,0,0,0,,,
53.784,ekf_predict_only,map,0.875215,0.408793,-1.75371,30.9045,52.5915,1.56593,,,
53.784,ekf,map,0.850528,0.505168,-1.67665,0.0277599,0.0288004,0.000656308,0.2,,
53.784,kf,map,0.822911,0.447755,-1.62774,0.0327585,0.056141,0.0135897,0.099125,,
53.784,pf,map,0.835549,0.506085,-1.66444,0.0276221,0.0242626,0.00388182,17.0216,379.069,0
53.856,odom,map,0.868075,0.410056,-1.6961,0,0,0,,,
53.892,odom,map,0.867938,0.408985,-1.69914,0,0,0,,,
53.928,odom,map,0.867832,0.408173,-1.70249,0,0,0,,,
53.964,odom,map,0.867745,0.407521,-1.70592,0,0,0,,,
54,odom,map,0.86762,0.406614,-1.70964,0,0,0,,,
54,ekf,map,0.849646,0.498016,-1.69606,0.02806,0.0292057,0.000713239,0.11125,,
54,ekf_predict_only,map,0.874657,0.405774,-1.77969,31.0257,52.6777,1.60119,,,
54,kf,map,0.823083,0.442607,-1.64874,0.0327159,0.0564164,0.0135308,0.108167,,
54,pf,map,0.838266,0.514717,-1.69299,0.027172,0.0277259,-0.00129959,8.60262,374.871,0
54.036,odom,map,0.86752,0.405909,-1.7138,0,0,0,,,
54.072,odom,map,0.867444,0.405393,-1.71835,0,0,0,,,
54.108,odom,map,0.867365,0.404868,-1.72321,0,0,0,,,
54.144,odom,map,0.86731,0.404514,-1.72837,0,0,0,,,
54.18,odom,map,0.867284,0.404354,-1.73402,0,0,0,,,
54.216,odom,map,0.868048,0.404399,-1.73907,0,0,0,,,
54.216,ekf_predict_only,map,0.874469,0.404888,-1.81451,31.132,52.7731,1.61146,,,
54.216,ekf,map,0.865511,0.491145,-1.72361,0.0280887,0.0292635,0.000729097,0.112833,,
54.216,kf,map,0.837309,0.433545,-1.67435,0.0326566,0.0565028,0.0134816,0.099208,,
54.216,pf,map,0.853884,0.497643,-1.72561,0.032632,0.0276027,-0.000301054,9.17125,396.404,0
54.252,odom,map,0.870052,0.404794,-1.74322,0,0,0,,,
54.288,odom,map,0.872048,0.4052,-1.74792,0,0,0,,,
54.324,odom,map,0.874024,0.405552,-1.7529,0,0,0,,,
54.36,odom,map,0.875983,0.405864,-1.75801,0,0,0,,,
54.396,odom,map,0.877943,0.406233,-1.7634,0,0,0,,,
54.396,ekf_predict_only,map,0.874315,0.404267,-1.85517,31.2364,52.8693,1.61856,,,
54.396,kf,map,0.825549,0.437541,-1.70795,0.0325421,0.0563612,0.0134012,0.119833,,
54.432,odom,map,0.87814,0.406175,-1.77104,0,0,0,,,
54.396,ekf,map,0.85315,0.496261,-1.75799,0.0277068,0.0286355,0.000575933,0.087333,,
54.396,pf,map,0.848163,0.512423,-1.76134,0.0273066,0.0315346,0.0022515,12.5311,386.345,0
54.468,odom,map,0.878058,0.405784,-1.77952,0,0,0,,,
54.504,odom,map,0.877916,0.405126,-1.78824,0,0,0,,,
54.54,odom,map,0.877697,0.404156,-1.79753,0,0,0,,,
54.576,odom,map,0.87739,0.402857,-1.80744,0,0,0,,,
54.612,odom,map,0.877002,0.401287,-1.81799,0,0,0,,,
54.612,ekf_predict_only,map,0.871458,0.394496,-1.91966,31.4068,52.8989,1.72854,,,
54.612,ekf,map,0.859525,0.486446,-1.81349,0.028005,0.029096,0.000649111,0.104333,,
54.612,kf,map,0.831624,0.427261,-1.76299,0.0324546,0.0566782,0.0132974,0.092833,,
54.612,pf,map,0.84325,0.50283,-1.82116,0.0199204,0.0259009,0.00105888,7.2505,387.018,0
54.648,odom,map,0.876578,0.399644,-1.82874,0,0,0,,,
54.684,odom,map,0.876073,0.397774,-1.84011,0,0,0,,,
54.72,odom,map,0.875527,0.395838,-1.85225,0,0,0,,,
54.756,odom,map,0.874927,0.393813,-1.86482,0,0,0,,,
54.792,odom,map,0.874263,0.391671,-1.87772,0,0,0,,,
54.792,ekf,map,0.858965,0.474959,-1.87318,0.0276748,0.0286187,0.000533494,0.100792,,
54.828,odom,map,0.873556,0.389489,-1.89076,0,0,0,,,
54.792,ekf_predict_only,map,0.867537,0.383716,-1.98482,31.5871,52.9027,1.84623,,,
54.792,kf,map,0.832297,0.416952,-1.82337,0.032155,0.0567444,0.0130461,0.093959,,
54.801,amcl,map,0.87209,0.395607,-1.8754,0.0109979,0.0202709,0.00391675,,,
54.792,pf,map,0.869055,0.508836,-1.89808,0.0243988,0.0231559,0.00183662,16.8482,407.229,0
54.864,odom,map,0.872827,0.387335,-1.90395,0,0,0,,,
54.9,odom,map,0.872036,0.3851,-1.91741,0,0,0,,,
54.936,odom,map,0.871182,0.382786,-1.93098,0,0,0,,,
54.972,odom,map,0.870288,0.38046,-1.94461,0,0,0,,,
55.008,ekf_predict_only,map,0.860866,0.368535,-2.06712,31.8047,52.8398,2.00575,,,
55.008,kf,map,0.839924,0.398421,-1.90512,0.031891,0.0572405,0.0127608,0.20375,,
55.008,odom,map,0.869298,0.377987,-1.9583,0,0,0,,,
55.008,ekf,map,0.865108,0.454272,-1.9535,0.0279453,0.0289732,0.000543862,0.330541,,
55.008,pf,map,0.861045,0.486846,-1.96721,0.026351,0.0257372,-0.00121681,6.19204,372.149,0
55.044,odom,map,0.86819,0.375324,-1.97203,0,0,0,,,
55.08,odom,map,0.866963,0.372487,-1.98569,0,0,0,,,
55.116,odom,map,0.865669,0.369604,-1.99932,0,0,0,,,
55.152,odom,map,0.864268,0.366591,-2.01286,0,0,0,,,
55.188,odom,map,0.862773,0.363486,-2.02626,0,0,0,,,
55.188,ekf_predict_only,map,0.852665,0.353391,-2.13375,32.0272,52.7409,2.15617,,,
55.188,ekf,map,0.8456,0.436191,-2.02505,0.0276157,0.028495,0.000430799,0.102833,,
55.188,kf,map,0.825456,0.387888,-1.98286,0.0314553,0.0574431,0.0123488,0.114084,,
55.224,odom,map,0.861229,0.360387,-2.03959,0,0,0,,,
55.188,pf,map,0.827958,0.457357,-2.04197,0.0232118,0.0251701,0.00310715,9.92525,405.1,0
55.26,odom,map,0.859652,0.357324,-2.05292,0,0,0,,,
55.296,odom,map,0.858021,0.354258,-2.06609,0,0,0,,,
55.332,odom,map,0.856291,0.351104,-2.07891,0,0,0,,,
55.368,odom,map,0.854509,0.347952,-2.09166,0,0,0,,,
55.404,odom,map,0.852623,0.344712,-2.10436,0,0,0,,,
55.404,ekf_predict_only,map,0.840519,0.334144,-2.20458,32.2907,52.5493,2.33567,,,
55.404,kf,map,0.821223,0.367689,-2.04766,0.0310643,0.0580659,0.0118821,0.192667,,
55.404,ekf,map,0.844249,0.425206,-2.09558,0.0279182,0.0290913,0.000528121,0.100833,,
55.401,amcl,map,0.850572,0.345301,-2.116,0.010587,0.0201176,0.0054486,,,
55.404,pf,map,0.824576,0.440147,-2.10748,0.0286346,0.0239807,-0.00414876,7.71733,386.095,0
55.44,odom,map,0.850677,0.341464,-2.11651,0,0,0,,,
55.476,odom,map,0.848618,0.338119,-2.1283,0,0,0,,,
55.512,odom,map,0.84638,0.334575,-2.13977,0,0,0,,,
55.548,odom,map,0.844056,0.330985,-2.15111,0,0,0,,,
55.584,odom,map,0.841595,0.327278,-2.16221,0,0,0,,,
55.62,odom,map,0.838863,0.323917,-2.17243,0,0,0,,,
55.584,ekf_predict_only,map,0.82687,0.315572,-2.25778,32.5566,52.3256,2.49488,,,
55.584,kf,map,0.812336,0.349985,-2.11209,0.0305573,0.0583401,0.0113286,0.167333,,
55.584,ekf,map,0.832144,0.402169,-2.15666,0.0276173,0.0287911,0.000485509,0.1115,,
55.584,pf,map,0.815788,0.423222,-2.16027,0.0273572,0.0269392,-0.00276113,7.12675,382.517,0
55.656,odom,map,0.835952,0.320897,-2.18208,0,0,0,,,
55.692,odom,map,0.832952,0.317822,-2.19149,0,0,0,,,
55.728,odom,map,0.829872,0.314705,-2.20048,0,0,0,,,
55.764,odom,map,0.82675,0.311598,-2.2093,0,0,0,,,
55.8,odom,map,0.823525,0.308418,-2.21792,0,0,0,,,
55.8,ekf_predict_only,map,0.807891,0.292435,-2.31278,32.8746,51.9829,2.67537,,,
55.8,ekf,map,0.819897,0.383238,-2.21526,0.0279101,0.0294398,0.000575311,0.194167,,
55.8,kf,map,0.800113,0.326896,-2.16876,0.0300941,0.0590347,0.0106786,0.187208,,
55.8,pf,map,0.796592,0.418233,-2.22558,0.0246287,0.0252314,-0.000575958,7.53854,366.505,0
55.836,odom,map,0.820493,0.304474,-2.22713,0,0,0,,,
55.872,odom,map,0.81737,0.300459,-2.23616,0,0,0,,,
55.908,odom,map,0.814094,0.296322,-2.24495,0,0,0,,,
55.944,odom,map,0.810636,0.292033,-2.25352,0,0,0,,,
55.98,odom,map,0.806912,0.287492,-2.26168,0,0,0,,,
56.016,odom,map,0.80304,0.282847,-2.2696,0,0,0,,,
56.016,ekf_predict_only,map,0.782988,0.26527,-2.35996,33.2466,51.5147,2.86057,,,
56.016,kf,map,0.783089,0.301026,-2.22564,0.0295256,0.0596289,0.00986085,0.240083,,
56.016,ekf,map,0.800082,0.354059,-2.26942,0.027938,0.0298884,0.000652421,0.09475,,
56.016,pf,map,0.793739,0.359796,-2.27315,0.0252727,0.0218563,-0.00130122,9.43183,402.355,0
56.052,odom,map,0.79907,0.27816,-2.27746,0,0,0,,,
56.088,odom,map,0.794979,0.273406,-2.28511,0,0,0,,,
56.124,odom,map,0.790699,0.268507,-2.29234,0,0,0,,,
56.16,odom,map,0.786287,0.263526,-2.29928,0,0,0,,,
56.196,odom,map,0.781676,0.258393,-2.30586,0,0,0,,,
56.232,odom,map,0.776579,0.252706,-2.31488,0,0,0,,,
56.196,ekf_predict_only,map,0.757422,0.239895,-2.38968,33.6164,51.0467,3.00656,,,
56.196,ekf,map,0.775178,0.32162,-2.31056,0.0276113,0.0297992,0.0006524,0.098084,,
56.196,kf,map,0.762609,0.278104,-2.27439,0.0289653,0.0599334,0.00903092,6.72108,,
56.202,amcl,map,0.773728,0.253202,-2.33589,0.0118139,0.0159311,0.00622838,,,
56.196,pf,map,0.765193,0.320945,-2.30985,0.0298364,0.0248306,0.000751231,12.977,395.147,0
56.268,odom,map,0.771202,0.246854,-2.32386,0,0,0,,,
56.304,odom,map,0.765596,0.240911,-2.33244,0,0,0,,,
56.34,odom,map,0.759848,0.234967,-2.34078,0,0,0,,,
56.376,odom,map,0.753936,0.229003,-2.34876,0,0,0,,,
56.412,odom,map,0.747903,0.223007,-2.35464,0,0,0,,,
56.412,ekf_predict_only,map,0.722089,0.206853,-2.41018,34.0906,50.3871,3.16166,,,
56.412,ekf,map,0.748849,0.296758,-2.33587,0.0278831,0.0309208,0.000760853,0.094959,,
56.412,kf,map,0.7362,0.246488,-2.29704,0.0284553,0.0606705,0.00799296,0.112541,,
56.412,pf,map,0.756241,0.296921,-2.34075,0.0274669,0.030734,8.48792e-05,8.36021,366.219,0
56.448,odom,map,0.742201,0.217307,-2.35805,0,0,0,,,
56.484,odom,map,0.736637,0.21178,-2.36107,0,0,0,,,
56.52,odom,map,0.731242,0.206449,-2.36304,0,0,0,,,
56.556,odom,map,0.725925,0.201212,-2.36424,0,0,0,,,
56.592,odom,map,0.720745,0.196117,-2.36469,0,0,0,,,
56.628,odom,map,0.715577,0.191038,-2.36503,0,0,0,,,
56.592,kf,map,0.710529,0.223062,-2.31214,0.027996,0.0608988,0.00711317,0.106166,,
56.592,ekf_predict_only,map,0.695125,0.182654,-2.41184,34.4811,49.9274,3.25095,,,
56.592,ekf,map,0.720775,0.269244,-2.34789,0.0276007,0.0310348,0.000769666,0.094334,,
56.592,pf,map,0.712028,0.284368,-2.35513,0.0229981,0.0293798,-5.52001e-05,9.75133,394.462,0
56.664,odom,map,0.710452,0.186003,-2.36485,0,0,0,,,
56.7,odom,map,0.705477,0.181108,-2.36357,0,0,0,,,
56.736,odom,map,0.700564,0.176258,-2.36181,0,0,0,,,
56.772,odom,map,0.695735,0.171475,-2.35974,0,0,0,,,
56.808,odom,map,0.69101,0.166771,-2.35689,0,0,0,,,
56.808,ekf,map,0.686037,0.233771,-2.34394,0.0278688,0.0322127,0.000835822,0.196875,,
56.808,kf,map,0.679159,0.196832,-2.31513,0.0276838,0.0614434,0.00620127,0.173208,,
56.808,ekf_predict_only,map,0.665485,0.156142,-2.39097,34.9154,49.4322,3.33025,,,
56.808,pf,map,0.684534,0.244554,-2.35815,0.0284302,0.0281807,-0.000107464,25.6727,419.015,0
56.844,odom,map,0.6864,0.162151,-2.3532,0,0,0,,,
56.88,odom,map,0.682004,0.15771,-2.34888,0,0,0,,,
56.916,odom,map,0.67773,0.153353,-2.34424,0,0,0,,,
56.952,odom,map,0.673518,0.149017,-2.33897,0,0,0,,,
56.988,odom,map,0.669382,0.14471,-2.33261,0,0,0,,,
57.024,odom,map,0.664645,0.140412,-2.32694,0,0,0,,,
56.988,kf,map,0.622929,0.182245,-2.31591,0.0566684,0.0621952,0.00101522,0.112667,,
56.988,ekf_predict_only,map,0.6442,0.136288,-2.35505,35.2769,49.1178,3.38339,,,
56.988,ekf,map,0.623153,0.200622,-2.33105,0.0607916,0.0609753,-9.14814e-05,0.056708,,
56.988,pf,map,0.630141,0.228249,-2.33526,0.0531577,0.0536739,0.00150851,5.16158,533.671,0
57.06,odom,map,0.659557,0.136114,-2.32168,0,0,0,,,
57.096,odom,map,0.654585,0.131918,-2.31582,0,0,0,,,
57.132,odom,map,0.649675,0.127761,-2.3091,0,0,0,,,
57.168,odom,map,0.644805,0.123613,-2.30178,0,0,0,,,
57.204,odom,map,0.640036,0.119469,-2.2941,0,0,0,,,
57.204,ekf,map,0.580829,0.167502,-2.29012,0.0678215,0.0678669,-5.40106e-05,0.059792,,
57.204,kf,map,0.582646,0.160869,-2.28277,0.0617342,0.0625267,0.000145574,0.0655,,
57.204,ekf_predict_only,map,0.620873,0.112908,-2.29804,35.6969,48.7762,3.44507,,,
57.204,pf,map,0.572207,0.187889,-2.28573,0.0649233,0.0565103,0.00294998,5.09521,484.647,0
57.24,odom,map,0.636515,0.115442,-2.2842,0,0,0,,,
57.276,odom,map,0.633176,0.111541,-2.27333,0,0,0,,,
57.312,odom,map,0.629883,0.107608,-2.26236,0,0,0,,,
57.348,odom,map,0.626769,0.103804,-2.25088,0,0,0,,,
57.384,odom,map,0.62375,0.100025,-2.23879,0,0,0,,,
57.384,ekf_predict_only,map,0.605686,0.0958435,-2.23245,36.0388,48.5957,3.49499,,,
57.384,ekf,map,0.55859,0.14563,-2.23667,0.0675742,0.0675778,-1.87374e-05,0.072333,,
57.384,kf,map,0.559918,0.143396,-2.23292,0.0622605,0.062373,2.06719e-05,0.062458,,
57.42,odom,map,0.620893,0.0963577,-2.22601,0,0,0,,,
57.384,pf,map,0.566283,0.143473,-2.25528,0.0582681,0.0590956,0.00113673,7.79125,498.194,0
57.456,odom,map,0.618133,0.092717,-2.21289,0,0,0,,,
57.492,odom,map,0.615421,0.0890385,-2.19944,0,0,0,,,
57.528,odom,map,0.612803,0.085386,-2.18553,0,0,0,,,
57.564,odom,map,0.610199,0.0816405,-2.17125,0,0,0,,,
57.6,odom,map,0.607606,0.0777945,-2.15677,0,0,0,,,
57.6,ekf_predict_only,map,0.588211,0.0734028,-2.14266,36.4677,48.3799,3.56967,,,
57.6,ekf,map,0.539573,0.121823,-2.15622,0.0687106,0.0686974,-9.84871e-06,0.07175,,
57.6,kf,map,0.540262,0.121062,-2.15398,0.0625364,0.0625522,2.90011e-06,0.069667,,
57.6,pf,map,0.538857,0.137858,-2.15171,0.0615775,0.0637353,0.00154938,5.63242,496.67,0
57.636,odom,map,0.605037,0.0738614,-2.14204,0,0,0,,,
57.672,odom,map,0.602437,0.0697475,-2.12679,0,0,0,,,
57.708,odom,map,0.599884,0.0655687,-2.11148,0,0,0,,,
57.744,odom,map,0.597392,0.0613428,-2.09597,0,0,0,,,
57.78,odom,map,0.594879,0.0569266,-2.08023,0,0,0,,,
57.816,odom,map,0.592361,0.0523334,-2.06431,0,0,0,,,
57.816,ekf_predict_only,map,0.571065,0.0467632,-2.04675,36.9741,48.1773,3.67396,,,
57.816,kf,map,0.523321,0.0953051,-2.06429,0.0625751,0.0625773,4.06172e-07,0.06225,,
57.816,ekf,map,0.523119,0.0956398,-2.06561,0.0689614,0.0689449,-8.00051e-06,0.055292,,
57.801,amcl,map,0.588337,0.0492143,-2.08068,0.0191156,0.0231778,0.0114091,,,
57.816,pf,map,0.535848,0.100361,-2.07004,0.0598439,0.0585906,0.000851699,5.08571,474.556,0
57.852,odom,map,0.589897,0.0476636,-2.04832,0,0,0,,,
57.888,odom,map,0.587382,0.0427052,-2.03259,0,0,0,,,
57.924,odom,map,0.58472,0.0372477,-2.01711,0,0,0,,,
57.96,odom,map,0.582022,0.0314967,-2.00172,0,0,0,,,
57.996,odom,map,0.579397,0.0256708,-1.98682,0,0,0,,,
58.032,odom,map,0.576742,0.0195481,-1.97339,0,0,0,,,
57.996,ekf_predict_only,map,0.555568,0.0167002,-1.98085,37.5536,48.01,3.80964,,,
57.996,kf,map,0.509333,0.0677536,-1.99347,0.0623799,0.0623802,5.74839e-08,0.064625,,
57.996,ekf,map,0.509458,0.0680391,-1.99348,0.0676775,0.0676629,-7.86085e-06,0.05425,,
57.996,pf,map,0.521051,0.0629993,-1.98163,0.069465,0.0647929,-0.00173744,7.54733,480.821,0
58.068,odom,map,0.574099,0.0132291,-1.96061,0,0,0,,,
58.104,odom,map,0.571443,0.00664831,-1.9486,0,0,0,,,
58.14,odom,map,0.568824,-6.58237e-05,-1.93698,0,0,0,,,
58.176,odom,map,0.566208,-0.0070036,-1.92591,0,0,0,,,
58.212,odom,map,0.563646,-0.0140256,-1.91535,0,0,0,,,
58.212,ekf_predict_only,map,0.537668,-0.0244784,-1.91861,38.3465,47.8087,4.00572,,,
58.212,ekf,map,0.493582,0.028692,-1.92286,0.0686716,0.0686509,-1.22329e-05,0.066042,,
58.212,kf,map,0.493259,0.0284679,-1.92361,0.0625532,0.0625532,8.06075e-09,0.1305,,
58.212,pf,map,0.489005,0.0133665,-1.90165,0.0686709,0.0587369,-0.00209763,5.25121,478.292,0
58.248,odom,map,0.561155,-0.0210822,-1.90497,0,0,0,,,
58.284,odom,map,0.558694,-0.0282862,-1.89506,0,0,0,,,
58.32,odom,map,0.556249,-0.0356773,-1.88577,0,0,0,,,
58.356,odom,map,0.553833,-0.043207,-1.87692,0,0,0,,,
58.392,odom,map,0.551473,-0.0507889,-1.86818,0,0,0,,,
58.392,ekf_predict_only,map,0.52394,-0.0623439,-1.878,39.1205,47.6829,4.19492,,,
58.428,odom,map,0.549163,-0.0584454,-1.85969,0,0,0,,,
58.392,ekf,map,0.481539,-0.00787607,-1.87523,0.0676436,0.0676212,-1.26272e-05,0.593667,,
58.392,kf,map,0.48122,-0.00803465,-1.87606,0.0623768,0.0623768,1.14101e-09,0.443375,,
58.401,amcl,map,0.550917,-0.0312705,-1.87623,0.01684,0.0213634,0.0090405,,,
58.392,pf,map,0.484427,-0.00178896,-1.85749,0.0670031,0.0604297,-0.00254772,8.245,464.284,0
58.464,odom,map,0.546903,-0.0661609,-1.85189,0,0,0,,,
58.5,odom,map,0.544687,-0.0739438,-1.8445,0,0,0,,,
58.536,odom,map,0.542517,-0.0817821,-1.83738,0,0,0,,,
58.572,odom,map,0.540404,-0.0896251,-1.83058,0,0,0,,,
58.608,odom,map,0.538068,-0.0977292,-1.82478,0,0,0,,,
58.608,ekf_predict_only,map,0.508996,-0.109447,-1.84195,40.1087,47.5424,4.43303,,,
58.608,ekf,map,0.46837,-0.0543181,-1.83156,0.0687122,0.068678,-1.70206e-05,0.141667,,
58.608,kf,map,0.468034,-0.0544169,-1.83255,0.0625528,0.0625528,1.60003e-10,0.057916,,
58.608,pf,map,0.463774,-0.0289698,-1.81238,0.0640426,0.0621023,-0.000225559,8.13408,481.187,0
58.644,odom,map,0.534841,-0.106544,-1.82067,0,0,0,,,
58.68,odom,map,0.531617,-0.115392,-1.81668,0,0,0,,,
58.716,odom,map,0.528416,-0.124191,-1.81308,0,0,0,,,
58.752,odom,map,0.525206,-0.133056,-1.81001,0,0,0,,,
58.788,odom,map,0.521991,-0.141951,-1.80728,0,0,0,,,
58.824,odom,map,0.519592,-0.150352,-1.80359,0,0,0,,,
58.788,ekf,map,0.458616,-0.0943686,-1.80449,0.067686,0.067651,-1.52886e-05,0.116458,,
58.788,kf,map,0.458359,-0.0944117,-1.80529,0.0623767,0.0623767,2.26486e-11,0.063708,,
58.788,ekf_predict_only,map,0.49782,-0.149649,-1.82035,41.0103,47.4662,4.63852,,,
58.788,pf,map,0.455019,-0.0613497,-1.79452,0.0610712,0.0604815,-0.00483232,10.582,502.802,0
58.86,odom,map,0.51769,-0.158451,-1.79957,0,0,0,,,
58.896,odom,map,0.515837,-0.166472,-1.79605,0,0,0,,,
58.932,odom,map,0.514032,-0.174409,-1.79287,0,0,0,,,
58.968,odom,map,0.512256,-0.182329,-1.78981,0,0,0,,,
59.004,odom,map,0.51053,-0.190139,-1.78696,0,0,0,,,
59.004,ekf,map,0.448123,-0.141764,-1.7831,0.0687533,0.0687059,-1.78955e-05,0.058292,,
59.004,kf,map,0.447927,-0.141681,-1.78384,0.0625527,0.0625527,3.176e-12,0.057041,,
59.004,ekf_predict_only,map,0.486035,-0.19589,-1.80377,42.0824,47.3837,4.87255,,,
59.004,pf,map,0.462738,-0.10533,-1.76878,0.0627666,0.0569492,-0.00417363,10.4387,483.27,0
59.04,odom,map,0.508848,-0.197846,-1.78445,0,0,0,,,
59.076,odom,map,0.507194,-0.205513,-1.78215,0,0,0,,,
59.112,odom,map,0.505555,-0.213191,-1.78002,0,0,0,,,
59.148,odom,map,0.503942,-0.220822,-1.77827,0,0,0,,,
59.184,odom,map,0.502375,-0.228294,-1.77693,0,0,0,,,
59.22,odom,map,0.501426,-0.233143,-1.77569,0,0,0,,,
59.184,ekf_predict_only,map,0.477259,-0.232874,-1.79735,42.9985,47.3502,5.05721,,,
59.184,ekf,map,0.440332,-0.179925,-1.77276,0.0677113,0.0676682,-1.45422e-05,0.055208,,
59.184,kf,map,0.440206,-0.179808,-1.77334,0.0623767,0.0623767,4.49567e-13,0.061166,,
59.184,pf,map,0.415787,-0.14699,-1.76356,0.0629788,0.0601643,-0.00293192,7.29237,482.8,0
59.256,odom,map,0.501019,-0.235671,-1.77496,0,0,0,,,
59.292,odom,map,0.500857,-0.237019,-1.77504,0,0,0,,,
59.328,odom,map,0.500958,-0.237098,-1.77512,0,0,0,,,
59.364,odom,map,0.50132,-0.235907,-1.7752,0,0,0,,,
59.4,odom,map,0.501945,-0.233448,-1.77527,0,0,0,,,
59.4,ekf_predict_only,map,0.477259,-0.232874,-1.79735,43.0985,47.4502,5.05721,,,
59.4,ekf,map,0.436083,-0.201642,-1.77004,0.0687607,0.0687184,-1.34854e-05,0.0585,,
59.4,kf,map,0.43641,-0.199649,-1.7705,0.0625527,0.0625527,6.30427e-14,0.059458,,
59.4,pf,map,0.422423,-0.196826,-1.75461,0.0651716,0.0675918,-0.000397516,5.11779,467.69,0
59.436,odom,map,0.501781,-0.234258,-1.77528,0,0,0,,,
59.472,odom,map,0.501773,-0.234295,-1.77528,0,0,0,,,
59.508,odom,map,0.501773,-0.234295,-1.77528,0,0,0,,,
59.544,odom,map,0.501773,-0.234295,-1.77528,0,0,0,,,
59.58,odom,map,0.501773,-0.234295,-1.77528,0,0,0,,,
59.616,odom,map,0.501773,-0.234295,-1.77528,0,0,0,,,
59.616,ekf_predict_only,map,0.477259,-0.232874,-1.79735,43.1985,47.5502,5.05721,,,
59.616,ekf,map,0.434606,-0.209133,-1.76918,0.0689943,0.0689625,-9.92903e-06,0.055625,,
59.616,kf,map,0.434865,-0.207694,-1.76944,0.0625774,0.0625774,8.82881e-15,0.069334,,
59.616,pf,map,0.421437,-0.207912,-1.7572,0.0623394,0.0588429,0.0011123,9.45171,458.717,0
59.652,odom,map,0.501773,-0.234295,-1.77528,0,0,0,,,
59.688,odom,map,0.501773,-0.234295,-1.77528,0,0,0,,,
59.724,odom,map,0.501773,-0.234295,-1.77528,0,0,0,,,
59.76,odom,map,0.501773,-0.234295,-1.77528,0,0,0,,,
59.796,odom,map,0.501773,-0.234295,-1.77528,0,0,0,,,
59.796,ekf_predict_only,map,0.477259,-0.232874,-1.79735,43.2985,47.6502,5.05721,,,
59.832,odom,map,0.501773,-0.234295,-1.77528,0,0,0,,,
59.796,kf,map,0.434288,-0.210695,-1.76904,0.0623802,0.0623802,1.2495e-15,0.11325,,
59.796,ekf,map,0.434156,-0.211415,-1.76892,0.0676929,0.0676739,-5.84707e-06,0.062167,,
59.796,pf,map,0.433545,-0.206834,-1.75449,0.0628992,0.0580194,-0.00125567,6.41571,485.049,0
59.868,odom,map,0.501773,-0.234295,-1.77528,0,0,0,,,
59.904,odom,map,0.501773,-0.234295,-1.77528,0,0,0,,,
59.94,odom,map,0.501773,-0.234295,-1.77528,0,0,0,,,
59.976,odom,map,0.501773,-0.234295,-1.77528,0,0,0,,,
60.012,ekf_predict_only,map,0.477259,-0.232874,-1.79735,43.3985,47.7502,5.05721,,,
60.012,kf,map,0.434071,-0.211827,-1.76889,0.0625532,0.0625532,1.75212e-16,0.154125,,
60.012,odom,map,0.501773,-0.234295,-1.77528,0,0,0,,,
60.012,ekf,map,0.434008,-0.212163,-1.76884,0.0686722,0.0686576,-4.47115e-06,0.059041,,
60.012,pf,map,0.421738,-0.206836,-1.76808,0.0622135,0.0634694,-0.00145852,8.63825,475.65,0
60.048,odom,map,0.501773,-0.234295,-1.77528,0,0,0,,,
60.084,odom,map,0.501773,-0.234295,-1.77528,0,0,0,,,
60.12,odom,map,0.501773,-0.234295,-1.77528,0,0,0,,,
60.156,odom,map,0.501773,-0.234295,-1.77528,0,0,0,,,
60.192,odom,map,0.501773,-0.234295,-1.77528,0,0,0,,,
60.192,ekf_predict_only,map,0.477259,-0.232874,-1.79735,43.4985,47.8502,5.05721,,,
60.228,odom,map,0.501773,-0.234295,-1.77528,0,0,0,,,
60.192,ekf,map,0.433963,-0.212394,-1.76881,0.0676318,0.0676232,-2.64078e-06,0.0615,,
60.192,kf,map,0.43399,-0.21225,-1.76883,0.0623768,0.0623768,2.48014e-17,0.143875,,
60.192,pf,map,0.424464,-0.222686,-1.74806,0.0606514,0.0652307,-0.00202217,9.80225,470.318,0
60.264,odom,map,0.501707,-0.23461,-1.77592,0,0,0,,,
60.3,odom,map,0.501472,-0.235737,-1.77835,0,0,0,,,
60.336,odom,map,0.501077,-0.237591,-1.78216,0,0,0,,,
60.372,odom,map,0.500588,-0.239849,-1.78656,0,0,0,,,
60.408,odom,map,0.500033,-0.242351,-1.79146,0,0,0,,,
60.408,ekf,map,0.431621,-0.223967,-1.79141,0.0686843,0.068677,-2.17691e-06,0.06775,,
60.408,kf,map,0.431476,-0.22457,-1.79267,0.0625528,0.0625528,3.47789e-18,0.489125,,
60.408,ekf_predict_only,map,0.472906,-0.251757,-1.83404,44.0285,47.8846,5.1498,,,
60.408,pf,map,0.441313,-0.206117,-1.77824,0.0618528,0.0611133,0.000525295,9.46954,482.954,0
60.444,odom,map,0.499236,-0.245847,-1.79823,0,0,0,,,
60.48,odom,map,0.498277,-0.24992,-1.80614,0,0,0,,,
60.516,odom,map,0.497247,-0.254136,-1.81448,0,0,0,,,
60.552,odom,map,0.496121,-0.258582,-1.82332,0,0,0,,,
60.588,odom,map,0.494759,-0.263751,-1.83359,0,0,0,,,
60.588,ekf,map,0.4264,-0.246154,-1.83375,0.067657,0.0676489,-2.14596e-06,0.110541,,
60.588,kf,map,0.426142,-0.247038,-1.83531,0.0623767,0.0623767,4.92299e-19,0.107958,,
60.624,odom,map,0.493163,-0.269553,-1.84464,0,0,0,,,
60.588,ekf_predict_only,map,0.464688,-0.282253,-1.89025,44.8424,47.8622,5.2807,,,
60.588,pf,map,0.431821,-0.216919,-1.81084,0.0614976,0.0580845,0.00234236,5.43454,478.556,0
60.66,odom,map,0.491421,-0.275625,-1.85588,0,0,0,,,
60.696,odom,map,0.48949,-0.282069,-1.86766,0,0,0,,,
60.732,odom,map,0.487319,-0.289014,-1.87986,0,0,0,,,
60.768,odom,map,0.484924,-0.296355,-1.89242,0,0,0,,,
60.804,odom,map,0.48234,-0.303945,-1.90526,0,0,0,,,
60.804,ekf_predict_only,map,0.449386,-0.32851,-1.96798,46.0713,47.739,5.43141,,,
60.804,ekf,map,0.414639,-0.285714,-1.90276,0.0687215,0.0687033,-4.8047e-06,0.110667,,
60.804,kf,map,0.414377,-0.286693,-1.90412,0.0625527,0.0625527,6.9035e-20,0.069041,,
60.801,amcl,map,0.477223,-0.304534,-1.89439,0.0245634,0.0266432,0.00805187,,,
60.804,pf,map,0.430711,-0.27768,-1.87644,0.0636648,0.0596337,-0.000801028,5.34004,488.954,0
60.84,odom,map,0.479625,-0.311598,-1.91822,0,0,0,,,
60.876,odom,map,0.476749,-0.319379,-1.93152,0,0,0,,,
60.912,odom,map,0.473708,-0.327277,-1.9453,0,0,0,,,
60.948,odom,map,0.470548,-0.335155,-1.95922,0,0,0,,,
60.984,odom,map,0.467248,-0.343058,-1.97346,0,0,0,,,
60.984,ekf_predict_only,map,0.43266,-0.368385,-2.04022,47.1891,47.6019,5.50051,,,
61.02,odom,map,0.463809,-0.350975,-1.98787,0,0,0,,,
60.984,ekf,map,0.400298,-0.323152,-1.96958,0.0676906,0.0676669,-7.05498e-06,0.057375,,
60.984,kf,map,0.400162,-0.323771,-1.97051,0.0623767,0.0623767,9.77199e-21,0.087583,,
60.984,pf,map,0.40779,-0.313975,-1.95077,0.0605326,0.0551194,-0.00459157,5.81017,473.619,0
61.056,odom,map,0.460262,-0.358825,-2.00237,0,0,0,,,
61.092,odom,map,0.456606,-0.366614,-2.01688,0,0,0,,,
61.128,odom,map,0.452825,-0.374375,-2.03151,0,0,0,,,
61.164,odom,map,0.448854,-0.382228,-2.04626,0,0,0,,,
61.2,odom,map,0.44472,-0.390114,-2.06119,0,0,0,,,
61.2,ekf_predict_only,map,0.408597,-0.415824,-2.13038,48.5539,47.3737,5.50326,,,
61.2,kf,map,0.437999,-0.354718,-2.01518,0.0299964,0.0603445,-0.00847893,0.099375,,
61.2,ekf,map,0.432156,-0.321628,-2.03174,0.0296898,0.0393869,-0.00278566,0.097208,,
61.2,pf,map,0.406032,-0.296267,-2.04176,0.0280102,0.0302277,-0.0011979,8.63271,415.467,0
61.236,odom,map,0.440486,-0.397903,-2.07622,0,0,0,,,
61.272,odom,map,0.436152,-0.405596,-2.09139,0,0,0,,,
61.308,odom,map,0.431686,-0.41325,-2.10668,0,0,0,,,
61.344,odom,map,0.427123,-0.420801,-2.12217,0,0,0,,,
61.38,odom,map,0.422469,-0.428238,-2.13778,0,0,0,,,
61.416,odom,map,0.417707,-0.43559,-2.15338,0,0,0,,,
61.416,ekf_predict_only,map,0.380713,-0.460341,-2.22395,49.8945,47.1123,5.40322,,,
61.416,ekf,map,0.419431,-0.370146,-2.1287,0.0287173,0.0395339,-0.00332536,0.132375,,
61.416,kf,map,0.425483,-0.395287,-2.11356,0.0293439,0.0598618,-0.00949309,0.101542,,
61.401,amcl,map,0.41859,-0.434025,-2.14036,0.026852,0.0232856,0.00511688,,,
61.416,pf,map,0.400672,-0.38123,-2.12796,0.0238789,0.033753,-7.33332e-06,12.0277,438.576,0
61.452,odom,map,0.412812,-0.442893,-2.16912,0,0,0,,,
61.488,odom,map,0.407844,-0.45006,-2.18474,0,0,0,,,
61.524,odom,map,0.402801,-0.457099,-2.20024,0,0,0,,,
61.56,odom,map,0.397686,-0.464009,-2.21573,0,0,0,,,
61.596,odom,map,0.392536,-0.470748,-2.231,0,0,0,,,
61.596,ekf_predict_only,map,0.354987,-0.493961,-2.3,50.9659,46.8971,5.23758,,,
61.596,kf,map,0.407061,-0.426977,-2.2116,0.0295767,0.0593265,-0.0100037,0.106667,,
61.632,odom,map,0.386731,-0.477737,-2.24465,0,0,0,,,
61.596,ekf,map,0.40494,-0.418774,-2.21801,0.028517,0.039302,-0.00357817,0.089625,,
61.596,pf,map,0.386395,-0.427324,-2.21656,0.0267671,0.0344362,-0.00675516,6.97579,452.739,0
61.668,odom,map,0.380875,-0.484577,-2.25811,0,0,0,,,
61.704,odom,map,0.375049,-0.491222,-2.27142,0,0,0,,,
61.74,odom,map,0.36929,-0.497637,-2.2845,0,0,0,,,
61.776,odom,map,0.363481,-0.503964,-2.29755,0,0,0,,,
61.812,odom,map,0.357929,-0.509946,-2.31085,0,0,0,,,
61.812,ekf_predict_only,map,0.325044,-0.527474,-2.38607,52.0639,46.6521,4.98478,,,
61.812,kf,map,0.376603,-0.461721,-2.29647,0.0299778,0.0591534,-0.01052,0.116416,,
61.812,ekf,map,0.37265,-0.449698,-2.30341,0.0290471,0.0404415,-0.00412437,0.098792,,
61.812,pf,map,0.371099,-0.472274,-2.29214,0.0281224,0.0402112,-0.00381225,8.063,431.608,0
61.848,odom,map,0.352912,-0.515362,-2.32491,0,0,0,,,
61.884,odom,map,0.347898,-0.520627,-2.3389,0,0,0,,,
61.92,odom,map,0.342845,-0.525784,-2.35299,0,0,0,,,
61.956,odom,map,0.337905,-0.530688,-2.36672,0,0,0,,,
61.992,odom,map,0.33299,-0.535436,-2.38027,0,0,0,,,
61.992,ekf_predict_only,map,0.300265,-0.550815,-2.45365,52.8765,46.4846,4.73249,,,
61.992,ekf,map,0.350335,-0.483133,-2.38033,0.0288797,0.0403704,-0.00431412,0.088625,,
61.992,kf,map,0.351397,-0.486038,-2.37776,0.0301328,0.0587661,-0.0107881,0.100125,,
62.028,odom,map,0.328029,-0.5401,-2.39379,0,0,0,,,
62.001,amcl,map,0.340606,-0.522587,-2.40666,0.0285037,0.020487,0.00570968,,,
61.992,pf,map,0.363548,-0.477205,-2.37615,0.0291844,0.0304666,-0.00499035,10.6532,523.229,0
62.064,odom,map,0.323185,-0.544534,-2.40691,0,0,0,,,
62.1,odom,map,0.318462,-0.548747,-2.41964,0,0,0,,,
62.136,odom,map,0.313732,-0.552859,-2.43215,0,0,0,,,
62.172,odom,map,0.3092,-0.556704,-2.44392,0,0,0,,,
62.208,odom,map,0.305686,-0.559679,-2.45333,0,0,0,,,
62.208,ekf_predict_only,map,0.300265,-0.550815,-2.45902,52.9765,46.5846,4.73249,,,
62.208,ekf,map,0.327494,-0.50728,-2.43814,0.0292561,0.0412395,-0.00456315,0.097416,,
62.208,kf,map,0.327175,-0.502524,-2.43824,0.0303214,0.0588109,-0.0109815,0.109375,,
62.208,pf,map,0.324619,-0.500585,-2.44983,0.024923,0.0323169,-0.00543242,10.4845,482.462,0
62.244,odom,map,0.303506,-0.561707,-2.46061,0,0,0,,,
62.28,odom,map,0.302321,-0.562905,-2.4653,0,0,0,,,
62.316,odom,map,0.302141,-0.563285,-2.4674,0,0,0,,,
62.352,odom,map,0.302587,-0.563164,-2.46799,0,0,0,,,
62.388,odom,map,0.30304,-0.563037,-2.46858,0,0,0,,,
62.424,odom,map,0.303204,-0.562991,-2.4688,0,0,0,,,
62.388,ekf_predict_only,map,0.300265,-0.550815,-2.45902,53.0765,46.6846,4.73249,,,
62.388,ekf,map,0.320021,-0.515398,-2.46208,0.0290187,0.0408236,-0.00459161,0.100416,,
62.388,kf,map,0.31869,-0.509769,-2.46402,0.0303145,0.0585852,-0.0110255,1.89425,,
62.388,pf,map,0.319204,-0.486904,-2.47739,0.0300582,0.0439634,-0.00682417,8.71608,419.648,0
62.46,odom,map,0.303204,-0.562991,-2.4688,0,0,0,,,
62.496,odom,map,0.303204,-0.562991,-2.4688,0,0,0,,,
62.532,odom,map,0.303204,-0.562991,-2.4688,0,0,0,,,
62.568,odom,map,0.303204,-0.562991,-2.4688,0,0,0,,,
62.604,odom,map,0.303204,-0.562991,-2.4688,0,0,0,,,
62.604,ekf_predict_only,map,0.300265,-0.550815,-2.45902,53.1765,46.7846,4.73249,,,
62.604,ekf,map,0.313844,-0.514083,-2.466,0.0293628,0.0414577,-0.0047534,0.100917,,
62.604,kf,map,0.313835,-0.51302,-2.46653,0.030408,0.0587245,-0.0110932,0.118375,,
62.604,pf,map,0.321375,-0.51932,-2.46006,0.0307281,0.0377625,-0.00371248,6.04713,454.78,0
62.64,odom,map,0.303204,-0.562991,-2.4688,0,0,0,,,
62.676,odom,map,0.303204,-0.562991,-2.4688,0,0,0,,,
62.712,odom,map,0.303204,-0.562991,-2.4688,0,0,0,,,
62.748,odom,map,0.303204,-0.562991,-2.4688,0,0,0,,,
62.784,odom,map,0.303204,-0.562991,-2.4688,0,0,0,,,
62.784,ekf,map,0.31456,-0.51246,-2.46694,0.0290524,0.040905,-0.00465301,0.11225,,
62.82,odom,map,0.30381,-0.561596,-2.47076,0,0,0,,,
62.784,ekf_predict_only,map,0.300265,-0.550815,-2.45902,53.2765,46.8846,4.73249,,,
62.784,kf,map,0.314859,-0.513236,-2.46659,0.0303474,0.0585524,-0.0110675,0.259958,,
62.784,pf,map,0.31987,-0.521189,-2.45361,0.0306166,0.0384593,-0.00605467,11.696,473.574,0
62.856,odom,map,0.30488,-0.559085,-2.47429,0,0,0,,,
62.892,odom,map,0.305922,-0.556574,-2.47782,0,0,0,,,
62.928,odom,map,0.306936,-0.554061,-2.48136,0,0,0,,,
62.964,odom,map,0.307923,-0.551548,-2.48489,0,0,0,,,
63,odom,map,0.308881,-0.549034,-2.48842,0,0,0,,,
63,ekf_predict_only,map,0.300265,-0.550815,-2.45902,53.3765,46.9846,4.73249,,,
63,ekf,map,0.315074,-0.511817,-2.46723,0.0293626,0.0414978,-0.00475889,0.0975,,
63,kf,map,0.315531,-0.513211,-2.46651,0.0304201,0.0587125,-0.0111085,0.093541,,
63,pf,map,0.319001,-0.51743,-2.46416,0.0268402,0.033666,-0.00231996,14.9521,514.072,0
63.036,odom,map,0.308907,-0.548964,-2.48852,0,0,0,,,
63.072,odom,map,0.308907,-0.548964,-2.48852,0,0,0,,,
63.108,odom,map,0.308907,-0.548964,-2.48852,0,0,0,,,
63.144,odom,map,0.308907,-0.548964,-2.48852,0,0,0,,,
63.18,odom,map,0.308707,-0.549117,-2.48862,0,0,0,,,
63.216,odom,map,0.307551,-0.550002,-2.48904,0,0,0,,,
63.216,ekf_predict_only,map,0.290827,-0.558487,-2.4621,53.714,46.987,4.62612,,,
63.216,ekf,map,0.317312,-0.516614,-2.47174,0.0294251,0.0417368,-0.00485593,0.198458,,
63.216,kf,map,0.316208,-0.514974,-2.47246,0.0304498,0.0587097,-0.0111472,0.110041,,
63.216,pf,map,0.319548,-0.546668,-2.47095,0.0256593,0.0429719,-0.0033789,10.4002,466.722,0
63.252,odom,map,0.30594,-0.551232,-2.48955,0,0,0,,,
63.288,odom,map,0.304109,-0.552629,-2.49034,0,0,0,,,
63.324,odom,map,0.301938,-0.554281,-2.49159,0,0,0,,,
63.36,odom,map,0.299487,-0.556141,-2.49346,0,0,0,,,
63.396,odom,map,0.297013,-0.558011,-2.49544,0,0,0,,,
63.432,odom,map,0.29437,-0.559999,-2.49781,0,0,0,,,
63.396,ekf_predict_only,map,0.277355,-0.56937,-2.47538,54.1535,46.9519,4.47053,,,
63.396,ekf,map,0.305121,-0.524089,-2.47926,0.0291252,0.0411693,-0.00482333,0.104875,,
63.396,kf,map,0.3046,-0.52315,-2.47997,0.0304289,0.0584745,-0.011171,0.194958,,
63.396,pf,map,0.327375,-0.534121,-2.4848,0.0260703,0.0356015,-0.00207144,11.8688,451.603,0
63.468,odom,map,0.29151,-0.562138,-2.50097,0,0,0,,,
63.504,odom,map,0.288611,-0.564293,-2.50442,0,0,0,,,
63.54,odom,map,0.285614,-0.566502,-2.50822,0,0,0,,,
63.576,odom,map,0.282396,-0.568854,-2.51283,0,0,0,,,
63.612,odom,map,0.278996,-0.571313,-2.51809,0,0,0,,,
63.612,kf,map,0.290926,-0.534862,-2.49,0.0305874,0.0585455,-0.0113185,0.126833,,
63.612,ekf_predict_only,map,0.25731,-0.585128,-2.5082,54.7508,46.8601,4.2296,,,
63.612,ekf,map,0.287798,-0.525033,-2.49401,0.0295263,0.0420937,-0.00512244,0.23475,,
63.612,pf,map,0.3269,-0.552838,-2.46896,0.0280085,0.0338392,-0.00466435,7.41121,457.131,0
63.648,odom,map,0.275539,-0.573785,-2.52356,0,0,0,,,
63.684,odom,map,0.272291,-0.57608,-2.52966,0,0,0,,,
63.72,odom,map,0.269468,-0.578047,-2.53713,0,0,0,,,
63.756,odom,map,0.267018,-0.579724,-2.54548,0,0,0,,,
63.792,odom,map,0.264584,-0.581361,-2.55392,0,0,0,,,
63.828,odom,map,0.262324,-0.582852,-2.56315,0,0,0,,,
63.792,ekf_predict_only,map,0.246556,-0.593025,-2.55556,55.1026,46.8617,4.09427,,,
63.792,kf,map,0.277025,-0.543963,-2.54124,0.0305749,0.0583249,-0.0113514,0.104209,,
63.792,ekf,map,0.277585,-0.545722,-2.54078,0.0292376,0.0416814,-0.00506789,0.09425,,
63.792,pf,map,0.289207,-0.560288,-2.52161,0.0300015,0.0398609,-0.00930083,10.711,463.77,0
63.864,odom,map,0.260064,-0.584312,-2.57318,0,0,0,,,
63.9,odom,map,0.257783,-0.585752,-2.58355,0,0,0,,,
63.936,odom,map,0.255545,-0.587132,-2.59449,0,0,0,,,
63.972,odom,map,0.253217,-0.588532,-2.6062,0,0,0,,,
64.008,odom,map,0.250695,-0.590007,-2.61859,0,0,0,,,
64.008,ekf_predict_only,map,0.231744,-0.602858,-2.63072,55.5185,46.8314,3.89957,,,
64.008,ekf,map,0.263132,-0.546917,-2.59898,0.0296463,0.0425423,-0.00535698,0.109083,,
64.008,kf,map,0.264978,-0.552369,-2.59703,0.0306995,0.0584329,-0.0114555,1.84921,,
64.002,amcl,map,0.243941,-0.592722,-2.62952,0.031028,0.0177944,0.00504433,,,
64.008,pf,map,0.266615,-0.548896,-2.59669,0.0259211,0.0356053,-0.00478004,8.30042,473.184,0
64.044,odom,map,0.248119,-0.591471,-2.63111,0,0,0,,,
64.08,odom,map,0.245447,-0.592944,-2.64427,0,0,0,,,
64.116,odom,map,0.242625,-0.594451,-2.65792,0,0,0,,,
64.152,odom,map,0.239609,-0.596008,-2.67198,0,0,0,,,
64.188,odom,map,0.236458,-0.597579,-2.68626,0,0,0,,,
64.188,ekf_predict_only,map,0.214942,-0.612275,-2.70439,55.9236,46.7909,3.66679,,,
64.188,kf,map,0.237375,-0.565231,-2.66993,0.0306683,0.0582315,-0.0114646,0.103042,,
64.224,odom,map,0.233061,-0.599211,-2.70089,0,0,0,,,
64.188,ekf,map,0.23699,-0.565273,-2.67009,0.0293661,0.0422028,-0.00533213,0.098667,,
64.188,pf,map,0.253075,-0.560922,-2.66467,0.0345979,0.0359731,-0.00541833,11.2826,470.597,0
64.26,odom,map,0.229417,-0.600896,-2.71585,0,0,0,,,
64.296,odom,map,0.225648,-0.602572,-2.73092,0,0,0,,,
64.332,odom,map,0.221765,-0.604227,-2.74602,0,0,0,,,
64.368,odom,map,0.217675,-0.605898,-2.76133,0,0,0,,,
64.404,odom,map,0.213376,-0.607578,-2.77679,0,0,0,,,
64.404,kf,map,0.225385,-0.571798,-2.76389,0.0307684,0.0583641,-0.0115384,0.143917,,
64.404,ekf_predict_only,map,0.189585,-0.624126,-2.7973,56.411,46.6937,3.29842,,,
64.404,ekf,map,0.227162,-0.575088,-2.76229,0.0297781,0.043314,-0.00567163,1.31875,,
64.404,pf,map,0.230564,-0.558872,-2.77191,0.0294787,0.0399208,-0.00488307,7.43142,478.992,0
64.44,odom,map,0.209006,-0.609208,-2.79227,0,0,0,,,
64.476,odom,map,0.20443,-0.610834,-2.80792,0,0,0,,,
64.512,odom,map,0.199658,-0.612446,-2.82362,0,0,0,,,
64.548,odom,map,0.19462,-0.61406,-2.83933,0,0,0,,,
64.584,odom,map,0.189501,-0.615613,-2.85504,0,0,0,,,
64.584,ekf_predict_only,map,0.1631,-0.633623,-2.87457,56.8243,46.6068,2.89511,,,
64.584,ekf,map,0.151603,-0.600086,-2.8372,0.0611486,0.0632116,-0.000872671,0.055292,,
64.584,kf,map,0.154261,-0.597351,-2.83802,0.0571734,0.061691,-0.00188892,0.444958,,
64.602,amcl,map,0.177041,-0.632235,-2.86564,0.0282596,0.013769,0.00340053,,,
64.62,odom,map,0.184176,-0.617136,-2.87056,0,0,0,,,
64.584,pf,map,0.176636,-0.58224,-2.83756,0.060964,0.056514,-0.00108951,6.61729,541.796,0
64.656,odom,map,0.178452,-0.618678,-2.88616,0,0,0,,,
64.692,odom,map,0.172637,-0.620148,-2.90178,0,0,0,,,
64.728,odom,map,0.166627,-0.621567,-2.91749,0,0,0,,,
64.764,odom,map,0.16028,-0.622962,-2.93316,0,0,0,,,
64.8,odom,map,0.153785,-0.624283,-2.94863,0,0,0,,,
64.8,ekf_predict_only,map,0.124533,-0.644173,-2.967,57.2753,46.4696,2.28607,,,
64.8,kf,map,0.0963764,-0.615012,-2.92953,0.0618066,0.0624544,-0.000270856,0.065042,,
64.8,ekf,map,0.0935706,-0.616481,-2.92919,0.0678825,0.0681971,-0.000133652,0.055125,,
64.8,pf,map,0.0761286,-0.594545,-2.91881,0.0569218,0.0578816,-0.000632601,6.76942,492.126,0
64.836,odom,map,0.145932,-0.625792,-2.9663,0,0,0,,,
64.872,odom,map,0.137799,-0.627213,-2.98377,0,0,0,,,
64.908,odom,map,0.129225,-0.628559,-3.00091,0,0,0,,,
64.944,odom,map,0.120402,-0.629795,-3.01789,0,0,0,,,
64.98,odom,map,0.111501,-0.630891,-3.03482,0,0,0,,,
65.016,ekf_predict_only,map,0.0782565,-0.652335,-3.0526,57.6489,46.34,1.53054,,,
65.016,ekf,map,0.0431759,-0.625958,-3.01699,0.0688701,0.0689299,-2.30326e-05,0.0885,,
65.016,kf,map,0.0446468,-0.625457,-3.0169,0.0624726,0.0625636,-3.80523e-05,0.05975,,
65.016,odom,map,0.102981,-0.631778,-3.05066,0,0,0,,,
65.016,pf,map,0.0347301,-0.620699,-3.00896,0.0625122,0.0651053,0.000132106,5.4185,485.727,0
65.052,odom,map,0.0949232,-0.632455,-3.06461,0,0,0,,,
65.088,odom,map,0.0865845,-0.633041,-3.07832,0,0,0,,,
65.124,odom,map,0.0781639,-0.633517,-3.09197,0,0,0,,,
65.16,odom,map,0.0695143,-0.633887,-3.10518,0,0,0,,,
65.196,odom,map,0.0605328,-0.634157,-3.11783,0,0,0,,,
65.232,odom,map,0.0511998,-0.634321,-3.13003,0,0,0,,,
65.196,ekf,map,-0.00221553,-0.630272,-3.08245,0.0676553,0.0676848,-7.32675e-06,0.112084,,
65.196,kf,map,-0.00182213,-0.630257,-3.08197,0.0623654,0.0623782,-5.38775e-06,0.05725,,
65.196,ekf_predict_only,map,0.030542,-0.656593,-3.11242,57.8924,46.2663,0.734258,,,
65.202,amcl,map,0.0545749,-0.646808,-3.10651,0.0286386,0.0124005,0.00264249,,,
65.196,pf,map,0.00819675,-0.629615,-3.09005,0.0623376,0.0604878,-0.000656302,6.16729,483.01,0
65.268,odom,map,0.0416191,-0.634374,3.14119,0,0,0,,,
65.304,odom,map,0.0318932,-0.634313,3.12966,0,0,0,,,
65.34,odom,map,0.0218657,-0.634138,3.11898,0,0,0,,,
65.376,odom,map,0.0117303,-0.633856,3.10849,0,0,0,,,
65.412,odom,map,0.00133557,-0.634313,3.09895,0,0,0,,,
65.412,ekf_predict_only,map,-0.0317682,-0.658411,3.1119,58.0538,46.236,-0.316494,,,
65.412,ekf,map,-0.0615773,-0.631707,3.13445,0.0686413,0.0686887,-6.95726e-06,0.088334,,
65.412,kf,map,-0.0616772,-0.631985,3.1353,0.0625512,0.062553,-7.55551e-07,0.058708,,
65.412,pf,map,-0.0385067,-0.606515,-3.13044,0.0663637,0.0629289,-0.000331466,5.15396,481.64,0
65.448,odom,map,-0.00950691,-0.636621,3.09153,0,0,0,,,
65.484,odom,map,-0.0204169,-0.638869,3.08455,0,0,0,,,
65.52,odom,map,-0.0313614,-0.641062,3.07774,0,0,0,,,
65.556,odom,map,-0.0422901,-0.643204,3.07175,0,0,0,,,
65.592,odom,map,-0.0533166,-0.645309,3.06822,0,0,0,,,
65.628,odom,map,-0.0641108,-0.645305,3.06439,0,0,0,,,
65.592,ekf_predict_only,map,-0.085308,-0.65682,3.09026,58.1001,46.3119,-1.22143,,,
65.592,ekf,map,-0.113739,-0.629663,3.09823,0.0676109,0.0676657,-5.25306e-06,0.121166,,
65.592,kf,map,-0.113882,-0.63005,3.09968,0.0623765,0.0623767,-1.0695e-07,0.065042,,
65.592,pf,map,-0.120465,-0.625247,3.10106,0.0677317,0.0600143,0.0015989,7.58704,475.437,0
65.664,odom,map,-0.0748464,-0.644453,3.06061,0,0,0,,,
65.7,odom,map,-0.0857401,-0.643555,3.05848,0,0,0,,,
65.736,odom,map,-0.0967288,-0.642634,3.05775,0,0,0,,,
65.772,odom,map,-0.107744,-0.641707,3.05746,0,0,0,,,
65.808,odom,map,-0.118846,-0.640771,3.05792,0,0,0,,,
65.808,ekf_predict_only,map,-0.152243,-0.653381,3.09754,58.0841,46.4961,-2.34777,,,
65.808,ekf,map,-0.179242,-0.625507,3.0883,0.0686661,0.0687492,-4.00454e-06,0.062334,,
65.808,kf,map,-0.179432,-0.62598,3.09038,0.0625527,0.0625528,-1.49975e-08,0.057708,,
65.808,pf,map,-0.186282,-0.642443,3.07178,0.0639074,0.0635672,-0.000442532,5.79108,482.876,0
65.844,odom,map,-0.130063,-0.639839,3.05972,0,0,0,,,
65.88,odom,map,-0.141208,-0.638941,3.0628,0,0,0,,,
65.916,odom,map,-0.152342,-0.63808,3.06602,0,0,0,,,
65.952,odom,map,-0.163356,-0.637267,3.07015,0,0,0,,,
65.988,odom,map,-0.174438,-0.636502,3.07527,0,0,0,,,
66.024,odom,map,-0.185797,-0.635619,3.08166,0,0,0,,,
65.988,ekf,map,-0.234404,-0.622167,3.10474,0.0676419,0.0677238,-1.39361e-06,0.059,,
65.988,ekf_predict_only,map,-0.207758,-0.650934,3.12848,58.1018,46.7628,-3.27771,,,
65.988,kf,map,-0.23451,-0.622557,3.10665,0.0623767,0.0623767,-2.12292e-09,0.10425,,
65.988,pf,map,-0.220081,-0.633913,3.101,0.067077,0.0610499,0.00188694,6.59471,453.124,0
66.06,odom,map,-0.197309,-0.634715,3.08842,0,0,0,,,
66.096,odom,map,-0.208847,-0.633893,3.09586,0,0,0,,,
66.132,odom,map,-0.220316,-0.633168,3.10429,0,0,0,,,
66.168,odom,map,-0.231772,-0.632551,3.11379,0,0,0,,,
66.204,odom,map,-0.243223,-0.63206,3.12351,0,0,0,,,
66.204,ekf_predict_only,map,-0.272608,-0.650084,-3.09514,58.1733,47.1691,-4.36481,,,
66.204,kf,map,-0.300224,-0.620515,-3.13159,0.0625527,0.0625527,-2.97696e-10,0.059209,,
66.204,ekf,map,-0.30027,-0.620214,-3.13362,0.0686971,0.0688033,5.88801e-07,0.134417,,
66.201,amcl,map,-0.233856,-0.633032,3.13468,0.0358454,0.0184921,-0.00361639,,,
66.204,pf,map,-0.296723,-0.634893,-3.12579,0.0582511,0.0563747,0.00406524,7.33371,469.348,0
66.24,odom,map,-0.254067,-0.631916,3.13329,0,0,0,,,
66.276,odom,map,-0.264778,-0.631883,-3.13924,0,0,0,,,
66.312,odom,map,-0.275349,-0.631967,-3.12786,0,0,0,,,
66.348,odom,map,-0.285849,-0.632172,-3.11623,0,0,0,,,
66.384,odom,map,-0.296205,-0.632495,-3.10424,0,0,0,,,
66.384,ekf_predict_only,map,-0.321932,-0.652377,-3.02671,58.3503,47.5829,-5.20098,,,
66.384,ekf,map,-0.352405,-0.621499,-3.07852,0.067662,0.0677549,1.02938e-06,0.056166,,
66.384,kf,map,-0.352173,-0.621694,-3.07672,0.0623767,0.0623767,-4.21393e-11,0.064333,,
66.42,odom,map,-0.306209,-0.632933,-3.09108,0,0,0,,,
66.384,pf,map,-0.345109,-0.609064,-3.06604,0.0693996,0.0554343,0.00539829,4.83733,482.728,0
66.456,odom,map,-0.316068,-0.633499,-3.07739,0,0,0,,,
66.492,odom,map,-0.32588,-0.634199,-3.06332,0,0,0,,,
66.528,odom,map,-0.335509,-0.635025,-3.04858,0,0,0,,,
66.564,odom,map,-0.344925,-0.635975,-3.03337,0,0,0,,,
66.6,odom,map,-0.354189,-0.637053,-3.01779,0,0,0,,,
66.6,ekf_predict_only,map,-0.377063,-0.658738,-2.93116,58.6649,48.1165,-6.15587,,,
66.6,ekf,map,-0.410419,-0.626816,-2.9936,0.0687131,0.06882,3.70508e-07,0.054875,,
66.6,kf,map,-0.410091,-0.626852,-2.99198,0.0625527,0.0625527,-5.90918e-12,0.061333,,
66.6,pf,map,-0.404213,-0.60269,-2.98054,0.0628463,0.0604423,0.00243283,4.50808,470.296,0
66.636,odom,map,-0.363358,-0.638269,-3.00186,0,0,0,,,
66.672,odom,map,-0.372284,-0.639597,-2.98556,0,0,0,,,
66.708,odom,map,-0.380874,-0.641021,-2.96877,0,0,0,,,
66.744,odom,map,-0.38932,-0.642569,-2.95181,0,0,0,,,
66.78,odom,map,-0.397641,-0.644242,-2.93452,0,0,0,,,
66.816,kf,map,-0.460711,-0.636301,-2.89243,0.0625774,0.0625774,-8.2755e-13,0.056708,,
66.816,odom,map,-0.40556,-0.645978,-2.91668,0,0,0,,,
66.816,ekf_predict_only,map,-0.423672,-0.668694,-2.8234,59.1031,48.6515,-6.99399,,,
66.816,ekf,map,-0.46118,-0.636445,-2.89376,0.0689589,0.0690592,-1.59507e-06,0.101917,,
66.801,amcl,map,-0.398486,-0.643823,-2.93692,0.0351301,0.0218672,-0.00554775,,,
66.816,pf,map,-0.441845,-0.614357,-2.88309,0.066321,0.0568247,0.00106182,6.48154,485.28,0
66.852,odom,map,-0.413073,-0.647768,-2.89865,0,0,0,,,
66.888,odom,map,-0.420381,-0.649649,-2.88059,0,0,0,,,
66.924,odom,map,-0.427297,-0.651563,-2.86208,0,0,0,,,
66.96,odom,map,-0.433788,-0.653492,-2.8432,0,0,0,,,
66.996,odom,map,-0.439964,-0.655456,-2.82405,0,0,0,,,
66.996,ekf,map,-0.436648,-0.63564,-2.80879,0.0305654,0.0516227,-0.00643391,0.2775,,
66.996,kf,map,-0.439896,-0.630944,-2.81017,0.0302996,0.0598347,-0.00903662,0.113958,,
67.032,odom,map,-0.444564,-0.658035,-2.8029,0,0,0,,,
66.996,ekf_predict_only,map,-0.453811,-0.678621,-2.72716,59.5432,49.0664,-7.56209,,,
66.996,pf,map,-0.436363,-0.641159,-2.81069,0.0302971,0.0504112,-0.00923151,22.8472,450.307,0
67.068,odom,map,-0.448733,-0.660741,-2.78134,0,0,0,,,
67.104,odom,map,-0.452343,-0.663384,-2.75941,0,0,0,,,
67.14,odom,map,-0.455392,-0.665935,-2.73719,0,0,0,,,
67.176,odom,map,-0.458296,-0.668553,-2.71496,0,0,0,,,
67.212,odom,map,-0.461459,-0.670994,-2.6933,0,0,0,,,
67.212,ekf_predict_only,map,-0.478792,-0.68961,-2.60585,60.023,49.4473,-8.05557,,,
67.212,ekf,map,-0.448584,-0.639791,-2.68755,0.0297207,0.0521941,-0.00693866,0.097792,,
67.212,kf,map,-0.450272,-0.637369,-2.68857,0.0292959,0.0598872,-0.00941617,0.196459,,
67.2,amcl,map,-0.466422,-0.669989,-2.722,0.0296587,0.0196841,-0.00572528,,,
67.212,pf,map,-0.437959,-0.657776,-2.67628,0.0305753,0.0465197,-0.00538719,9.82842,526.185,0
67.248,odom,map,-0.46538,-0.672929,-2.67297,0,0,0,,,
67.284,odom,map,-0.469123,-0.674871,-2.65259,0,0,0,,,
67.32,odom,map,-0.472802,-0.676877,-2.63221,0,0,0,,,
67.356,odom,map,-0.476321,-0.67889,-2.61173,0,0,0,,,
67.392,odom,map,-0.479495,-0.680792,-2.59114,0,0,0,,,
67.428,odom,map,-0.482435,-0.682637,-2.57057,0,0,0,,,
67.392,ekf_predict_only,map,-0.493312,-0.69823,-2.50313,60.4234,49.719,-8.35953,,,
67.392,kf,map,-0.477757,-0.649979,-2.58283,0.0292218,0.0596801,-0.00945548,0.119625,,
67.392,ekf,map,-0.478068,-0.649935,-2.5827,0.0294016,0.0514586,-0.00686512,0.999834,,
67.392,pf,map,-0.487922,-0.642577,-2.56892,0.0278669,0.0390585,-0.0021734,16.9055,512.813,0
67.464,odom,map,-0.485257,-0.684492,-2.55002,0,0,0,,,
67.5,odom,map,-0.487906,-0.68631,-2.52951,0,0,0,,,
67.536,odom,map,-0.490234,-0.687979,-2.50895,0,0,0,,,
67.572,odom,map,-0.492298,-0.689525,-2.48825,0,0,0,,,
67.608,odom,map,-0.494508,-0.690816,-2.46852,0,0,0,,,
67.608,kf,map,-0.481389,-0.657033,-2.45783,0.0293314,0.0598012,-0.00956079,0.210167,,
67.608,ekf_predict_only,map,-0.505502,-0.707277,-2.37888,60.841,49.9679,-8.62877,,,
67.608,ekf,map,-0.481362,-0.655888,-2.45813,0.0297601,0.0523583,-0.00709808,0.104417,,
67.602,amcl,map,-0.501442,-0.6964,-2.47421,0.0259371,0.0171256,-0.00593954,,,
67.608,pf,map,-0.469399,-0.683537,-2.43084,0.0249126,0.0453272,-0.00391587,12.323,505.745,0
67.644,odom,map,-0.497271,-0.691034,-2.45242,0,0,0,,,
67.68,odom,map,-0.499778,-0.691046,-2.43634,0,0,0,,,
67.716,odom,map,-0.502127,-0.690923,-2.42029,0,0,0,,,
67.752,odom,map,-0.504426,-0.690755,-2.40432,0,0,0,,,
67.788,odom,map,-0.506557,-0.690425,-2.38849,0,0,0,,,
67.788,ekf_predict_only,map,-0.509025,-0.710644,-2.27858,61.0598,50.1118,-8.71188,,,
67.824,odom,map,-0.507749,-0.69071,-2.36999,0,0,0,,,
67.788,ekf,map,-0.498178,-0.657407,-2.34852,0.0294647,0.0515619,-0.00698346,0.102125,,
67.788,kf,map,-0.49565,-0.664939,-2.34627,0.0292958,0.059604,-0.00957726,0.209333,,
67.788,pf,map,-0.474379,-0.661483,-2.33988,0.0300675,0.0420764,-0.00625959,7.54267,481.257,0
67.86,odom,map,-0.508325,-0.691281,-2.35007,0,0,0,,,
67.896,odom,map,-0.508813,-0.691784,-2.33021,0,0,0,,,
67.932,odom,map,-0.50917,-0.692166,-2.31042,0,0,0,,,
67.968,odom,map,-0.509312,-0.692324,-2.29074,0,0,0,,,
68.004,odom,map,-0.509364,-0.692431,-2.2711,0,0,0,,,
68.004,ekf_predict_only,map,-0.509278,-0.71094,-2.16092,61.1703,50.2149,-8.71821,,,
68.004,ekf,map,-0.482412,-0.660865,-2.23675,0.0297787,0.0523618,-0.00712622,0.13275,,
68.004,kf,map,-0.482366,-0.662923,-2.23576,0.0293772,0.0597553,-0.00963367,0.123459,,
68.001,amcl,map,-0.519624,-0.70127,-2.25825,0.025963,0.0166477,-0.00308148,,,
68.004,pf,map,-0.46971,-0.660297,-2.23343,0.0278342,0.0442261,-0.00715393,12.3611,496.157,0
68.04,odom,map,-0.50951,-0.693444,-2.25125,0,0,0,,,
68.076,odom,map,-0.509534,-0.694301,-2.23178,0,0,0,,,
68.112,odom,map,-0.509406,-0.694948,-2.21241,0,0,0,,,
68.148,odom,map,-0.509206,-0.695482,-2.19304,0,0,0,,,
68.184,odom,map,-0.508959,-0.695925,-2.174,0,0,0,,,
68.22,odom,map,-0.508545,-0.695661,-2.15568,0,0,0,,,
68.184,ekf_predict_only,map,-0.506705,-0.707098,-2.07104,61.1347,50.2829,-8.64886,,,
68.184,kf,map,-0.499577,-0.666629,-2.12906,0.0293032,0.0595966,-0.00958897,0.286,,
68.184,ekf,map,-0.503305,-0.656086,-2.13227,0.0294604,0.0515053,-0.00696558,0.093667,,
68.184,pf,map,-0.497962,-0.668765,-2.13356,0.0289008,0.0399049,-0.00702012,8.79442,555.596,0
68.256,odom,map,-0.507984,-0.694797,-2.13792,0,0,0,,,
68.292,odom,map,-0.507425,-0.693902,-2.12021,0,0,0,,,
68.328,odom,map,-0.506924,-0.693067,-2.10283,0,0,0,,,
68.364,odom,map,-0.506378,-0.692122,-2.08583,0,0,0,,,
68.4,odom,map,-0.505835,-0.691142,-2.06892,0,0,0,,,
68.4,ekf_predict_only,map,-0.502646,-0.699673,-1.97331,60.9739,50.3327,-8.53166,,,
68.4,ekf,map,-0.499245,-0.650155,-2.02787,0.0297339,0.0523268,-0.00704157,0.104667,,
68.4,kf,map,-0.495899,-0.661233,-2.02419,0.0293376,0.0597949,-0.00957089,1.55671,,
68.4,amcl,map,-0.519522,-0.701349,-2.07014,0.0232541,0.0183734,-0.00151676,,,
68.4,pf,map,-0.494085,-0.630899,-2.02294,0.0280042,0.0561651,-0.00577456,6.05754,505.733,0
68.436,odom,map,-0.505294,-0.691161,-2.04917,0,0,0,,,
68.472,odom,map,-0.504787,-0.691178,-2.02979,0,0,0,,,
68.508,odom,map,-0.504348,-0.69123,-2.01069,0,0,0,,,
68.544,odom,map,-0.503951,-0.691268,-1.99159,0,0,0,,,
68.58,odom,map,-0.503584,-0.691263,-1.97272,0,0,0,,,
68.616,ekf_predict_only,map,-0.499811,-0.693013,-1.88476,60.8414,50.3979,-8.44132,,,
68.616,ekf,map,-0.491364,-0.647213,-1.9388,0.0297319,0.0524942,-0.00702129,0.12125,,
68.616,kf,map,-0.489516,-0.654127,-1.93624,0.0293017,0.0598577,-0.00951304,0.1035,,
68.616,odom,map,-0.503217,-0.690851,-1.95569,0,0,0,,,
68.616,pf,map,-0.471326,-0.627946,-1.94595,0.0215056,0.0428796,-0.00482429,7.28904,569.015,0
68.652,odom,map,-0.502772,-0.689728,-1.94113,0,0,0,,,
68.688,odom,map,-0.502342,-0.688598,-1.92674,0,0,0,,,
68.724,odom,map,-0.501931,-0.687465,-1.91264,0,0,0,,,
68.76,odom,map,-0.501511,-0.68626,-1.89912,0,0,0,,,
68.796,odom,map,-0.501103,-0.685034,-1.88572,0,0,0,,,
68.832,odom,map,-0.502239,-0.683704,-1.87443,0,0,0,,,
68.796,ekf_predict_only,map,-0.499811,-0.693013,-1.84659,60.9414,50.4979,-8.44132,,,
68.796,ekf,map,-0.501868,-0.635001,-1.86368,0.0293737,0.0515436,-0.00684295,0.100666,,
68.796,kf,map,-0.496541,-0.653024,-1.85843,0.0292076,0.0596958,-0.00943652,0.093375,,
68.796,pf,map,-0.493949,-0.605267,-1.8741,0.0244574,0.0476876,-0.00291471,8.96142,511.631,0
68.868,odom,map,-0.50379,-0.683053,-1.86586,0,0,0,,,
68.904,odom,map,-0.505346,-0.682409,-1.85987,0,0,0,,,
68.94,odom,map,-0.506904,-0.681765,-1.85648,0,0,0,,,
68.976,odom,map,-0.508465,-0.681121,-1.85568,0,0,0,,,
69.012,odom,map,-0.50955,-0.680673,-1.85644,0,0,0,,,
69.012,ekf_predict_only,map,-0.499811,-0.693013,-1.84659,61.0414,50.5979,-8.44132,,,
69.012,ekf,map,-0.496882,-0.634711,-1.83416,0.0296554,0.0523198,-0.00693294,0.102708,,
69.012,kf,map,-0.492638,-0.650336,-1.82948,0.0292598,0.0598732,-0.00944609,0.111625,,
69,amcl,map,-0.502411,-0.682974,-1.86608,0.0173111,0.0181773,-0.00129826,,,
69.012,pf,map,-0.482026,-0.6082,-1.83245,0.0268479,0.0529631,-0.00282064,19.9172,510.362,0
69.048,odom,map,-0.509621,-0.680915,-1.85594,0,0,0,,,
69.084,odom,map,-0.509913,-0.681915,-1.85419,0,0,0,,,
69.12,odom,map,-0.510323,-0.683328,-1.85295,0,0,0,,,
69.156,odom,map,-0.511037,-0.685796,-1.85208,0,0,0,,,
69.192,odom,map,-0.511943,-0.688935,-1.85125,0,0,0,,,
69.228,odom,map,-0.513479,-0.693322,-1.85188,0,0,0,,,
69.192,ekf,map,-0.496505,-0.650639,-1.82517,0.0294131,0.0515873,-0.00691244,0.16675,,
69.192,kf,map,-0.493658,-0.661479,-1.82123,0.0292699,0.0596299,-0.00953612,0.101333,,
69.192,ekf_predict_only,map,-0.505374,-0.71267,-1.84054,61.8315,50.7664,-8.65994,,,
69.192,pf,map,-0.497931,-0.656633,-1.82125,0.0239977,0.0448153,-0.00387115,13.2739,522.057,0
69.264,odom,map,-0.515448,-0.698782,-1.85256,0,0,0,,,
69.3,odom,map,-0.517692,-0.705123,-1.85212,0,0,0,,,
69.336,odom,map,-0.52014,-0.712106,-1.85116,0,0,0,,,
69.372,odom,map,-0.52272,-0.719491,-1.84996,0,0,0,,,
69.408,odom,map,-0.525225,-0.726947,-1.84774,0,0,0,,,
69.408,ekf_predict_only,map,-0.516439,-0.75269,-1.81527,63.3727,51.0053,-9.11046,,,
69.408,ekf,map,-0.51729,-0.686441,-1.80446,0.0299247,0.0523674,-0.007387,0.113,,
69.408,kf,map,-0.514054,-0.696172,-1.80068,0.029548,0.0595838,-0.00989747,0.098958,,
69.408,pf,map,-0.525027,-0.677335,-1.80745,0.0287302,0.0435284,-0.00706706,9.07142,518.998,0
69.444,odom,map,-0.527202,-0.733964,-1.84304,0,0,0,,,
69.48,odom,map,-0.529238,-0.74133,-1.83807,0,0,0,,,
69.516,odom,map,-0.531325,-0.749033,-1.83264,0,0,0,,,
69.552,odom,map,-0.533451,-0.757058,-1.82685,0,0,0,,,
69.588,odom,map,-0.535677,-0.765671,-1.82068,0,0,0,,,
69.624,odom,map,-0.537882,-0.774423,-1.8145,0,0,0,,,
69.588,ekf,map,-0.521504,-0.720359,-1.77496,0.0298392,0.0516323,-0.00761745,0.105167,,
69.588,kf,map,-0.518219,-0.731582,-1.77087,0.0297482,0.0591505,-0.0102576,0.094083,,
69.588,ekf_predict_only,map,-0.527362,-0.796475,-1.78437,65.1051,51.2461,-9.59631,,,
69.588,pf,map,-0.52636,-0.674202,-1.80135,0.0283446,0.0451838,-0.00137982,17.3373,520.876,0
69.66,odom,map,-0.540096,-0.78345,-1.80817,0,0,0,,,
69.696,odom,map,-0.542389,-0.793068,-1.80155,0,0,0,,,
69.732,odom,map,-0.544697,-0.803044,-1.79466,0,0,0,,,
69.768,odom,map,-0.546992,-0.81329,-1.78758,0,0,0,,,
69.804,odom,map,-0.549134,-0.823683,-1.78041,0,0,0,,,
69.804,ekf,map,-0.528527,-0.781542,-1.74099,0.0305357,0.0523269,-0.00832849,0.114333,,
69.804,kf,map,-0.526655,-0.788202,-1.73812,0.0302478,0.0588822,-0.0108842,0.132167,,
69.804,ekf_predict_only,map,-0.54167,-0.86245,-1.74129,67.7747,51.5361,-10.3129,,,
69.804,pf,map,-0.53594,-0.776521,-1.75319,0.0218489,0.0367609,-0.00544779,6.59163,537.713,0
69.84,odom,map,-0.549276,-0.83371,-1.77262,0,0,0,,,
69.876,odom,map,-0.549353,-0.843883,-1.76482,0,0,0,,,
69.912,odom,map,-0.549357,-0.854175,-1.75704,0,0,0,,,
69.948,odom,map,-0.549337,-0.864856,-1.74938,0,0,0,,,
69.984,odom,map,-0.549275,-0.875858,-1.74175,0,0,0,,,
69.984,kf,map,-0.537007,-0.842661,-1.6965,0.0306119,0.0582853,-0.0113953,0.177416,,
70.02,odom,map,-0.550339,-0.887469,-1.73447,0,0,0,,,
69.984,ekf,map,-0.540831,-0.831686,-1.70024,0.0305732,0.0514215,-0.00866124,0.099042,,
69.984,ekf_predict_only,map,-0.551986,-0.92237,-1.70623,70.3236,51.7769,-10.9326,,,
69.984,pf,map,-0.531348,-0.833461,-1.6995,0.0278908,0.0405894,-0.00267009,14.4664,582.83,0
70.056,odom,map,-0.55231,-0.89966,-1.72768,0,0,0,,,
70.092,odom,map,-0.554236,-0.912105,-1.72111,0,0,0,,,
70.128,odom,map,-0.55613,-0.924886,-1.71477,0,0,0,,,
70.164,odom,map,-0.557957,-0.937772,-1.70847,0,0,0,,,
70.2,odom,map,-0.559713,-0.950744,-1.70243,0,0,0,,,
70.2,ekf,map,-0.551523,-0.906586,-1.66369,0.0314281,0.0519959,-0.00948576,0.110958,,
70.2,ekf_predict_only,map,-0.562622,-1.00042,-1.67087,73.7782,52.0255,-11.7064,,,
70.2,kf,map,-0.54777,-0.916392,-1.66018,0.0312859,0.0578424,-0.0121284,0.161084,,
70.2,amcl,map,-0.573899,-0.951296,-1.71185,0.0216247,0.0280948,-0.00311738,,,
70.2,pf,map,-0.562978,-0.892325,-1.65811,0.0360433,0.0503971,-0.00938112,10.3967,512.731,0
70.236,odom,map,-0.561402,-0.963785,-1.69676,0,0,0,,,
70.272,odom,map,-0.563023,-0.976881,-1.69131,0,0,0,,,
70.308,odom,map,-0.564577,-0.990009,-1.68592,0,0,0,,,
70.344,odom,map,-0.566062,-1.00316,-1.68046,0,0,0,,,
70.38,odom,map,-0.567477,-1.01633,-1.67524,0,0,0,,,
70.416,odom,map,-0.568817,-1.02944,-1.67014,0,0,0,,,
70.416,kf,map,-0.559408,-0.994172,-1.63212,0.0319544,0.0572005,-0.0128241,0.102875,,
70.416,ekf,map,-0.562454,-0.987333,-1.63474,0.0320419,0.0518859,-0.0101862,0.09125,,
70.416,ekf_predict_only,map,-0.570502,-1.0789,-1.64042,77.4396,52.2378,-12.4446,,,
70.416,pf,map,-0.568622,-0.983034,-1.63645,0.0314574,0.0588826,-0.0104324,7.79988,489.278,0
70.452,odom,map,-0.570088,-1.04253,-1.66506,0,0,0,,,
70.488,odom,map,-0.571284,-1.05552,-1.66013,0,0,0,,,
70.524,odom,map,-0.572408,-1.06841,-1.65555,0,0,0,,,
70.56,odom,map,-0.573472,-1.08127,-1.65114,0,0,0,,,
70.596,odom,map,-0.574472,-1.09403,-1.64684,0,0,0,,,
70.596,ekf_predict_only,map,-0.574856,-1.14133,-1.62118,80.5084,52.4007,-12.999,,,
70.596,kf,map,-0.560757,-1.05498,-1.61095,0.0324442,0.0564557,-0.0133119,0.102292,,
70.632,odom,map,-0.575401,-1.10655,-1.64294,0,0,0,,,
70.596,ekf,map,-0.563294,-1.0491,-1.61303,0.0321033,0.05071,-0.0104232,0.096,,
70.596,pf,map,-0.537451,-1.04003,-1.60708,0.0300092,0.0509772,-0.00651409,9.60321,543.046,0
70.668,odom,map,-0.576274,-1.11895,-1.63923,0,0,0,,,
70.704,odom,map,-0.577099,-1.13132,-1.63557,0,0,0,,,
70.74,odom,map,-0.57789,-1.1438,-1.63304,0,0,0,,,
70.776,odom,map,-0.578657,-1.15625,-1.63185,0,0,0,,,
70.812,odom,map,-0.579424,-1.16878,-1.63222,0,0,0,,,
70.812,kf,map,-0.555261,-1.12465,-1.59707,0.0332032,0.0559257,-0.0139406,0.214,,
70.812,ekf,map,-0.558799,-1.11615,-1.59943,0.0330762,0.0510682,-0.0111979,0.102584,,
70.812,ekf_predict_only,map,-0.578658,-1.21672,-1.62574,84.3532,52.5561,-13.6425,,,
70.812,pf,map,-0.528992,-1.12518,-1.5866,0.0336266,0.0477913,-0.00812276,8.16079,511.359,0
70.848,odom,map,-0.580203,-1.18135,-1.6333,0,0,0,,,
70.884,odom,map,-0.581,-1.19394,-1.63491,0,0,0,,,
70.92,odom,map,-0.581816,-1.20645,-1.63715,0,0,0,,,
70.956,odom,map,-0.582663,-1.21887,-1.64091,0,0,0,,,
70.992,odom,map,-0.583558,-1.23118,-1.64591,0,0,0,,,
71.028,odom,map,-0.586734,-1.24353,-1.65231,0,0,0,,,
70.992,ekf_predict_only,map,-0.582047,-1.27834,-1.65157,87.6452,52.7058,-14.1826,,,
70.992,kf,map,-0.568967,-1.19104,-1.6107,0.0337082,0.0551885,-0.0143507,0.099083,,
70.992,ekf,map,-0.573222,-1.18332,-1.61315,0.0331756,0.050038,-0.0113854,0.182125,,
71.001,amcl,map,-0.590054,-1.22785,-1.65969,0.0304115,0.0326824,-0.00451205,,,
70.992,pf,map,-0.564017,-1.16979,-1.61349,0.0308518,0.0429325,-0.00716759,9.21717,536.702,0
71.064,odom,map,-0.590867,-1.25586,-1.65988,0,0,0,,,
71.1,odom,map,-0.595115,-1.26809,-1.66835,0,0,0,,,
71.136,odom,map,-0.599484,-1.28017,-1.67791,0,0,0,,,
71.172,odom,map,-0.603993,-1.29221,-1.68792,0,0,0,,,
71.208,ekf_predict_only,map,-0.587802,-1.34943,-1.70735,91.5746,52.8911,-14.8645,,,
71.208,odom,map,-0.607926,-1.30412,-1.69798,0,0,0,,,
71.208,kf,map,-0.604901,-1.27874,-1.66367,0.0579091,0.0613885,-0.00232451,0.069291,,
71.208,ekf,map,-0.609403,-1.27802,-1.66412,0.0632933,0.0656729,-0.00195726,0.140208,,
71.208,pf,map,-0.585008,-1.27948,-1.64981,0.0597314,0.0555237,-0.000990726,8.93754,537.822,0
71.244,odom,map,-0.609473,-1.31577,-1.70776,0,0,0,,,
71.28,odom,map,-0.61113,-1.32736,-1.71779,0,0,0,,,
71.316,odom,map,-0.612883,-1.3388,-1.7282,0,0,0,,,
71.352,odom,map,-0.614719,-1.34996,-1.73961,0,0,0,,,
71.388,odom,map,-0.616666,-1.36099,-1.75175,0,0,0,,,
71.388,ekf,map,-0.62933,-1.3436,-1.71902,0.0670826,0.0672836,-0.000278663,0.066959,,
71.388,kf,map,-0.626497,-1.34302,-1.71945,0.0617047,0.0622082,-0.000336388,0.066583,,
71.424,odom,map,-0.618743,-1.37196,-1.76427,0,0,0,,,
71.388,ekf_predict_only,map,-0.595399,-1.40472,-1.76999,94.7619,53.1053,-15.4921,,,
71.388,pf,map,-0.608695,-1.3423,-1.70678,0.067092,0.062985,8.37484e-06,6.73808,492.434,0
71.46,odom,map,-0.620924,-1.38272,-1.77731,0,0,0,,,
71.496,odom,map,-0.623205,-1.39325,-1.7911,0,0,0,,,
71.532,odom,map,-0.625589,-1.40356,-1.80539,0,0,0,,,
71.568,odom,map,-0.628095,-1.41372,-1.81981,0,0,0,,,
71.604,odom,map,-0.630717,-1.42372,-1.83466,0,0,0,,,
71.604,kf,map,-0.643665,-1.40875,-1.80274,0.0624582,0.062529,-4.73206e-05,0.064,,
71.604,ekf,map,-0.645264,-1.40943,-1.80185,0.0687171,0.0686694,-3.22218e-05,0.058083,,
71.604,ekf_predict_only,map,-0.607589,-1.4651,-1.86114,98.3426,53.3923,-16.3066,,,
71.604,pf,map,-0.641926,-1.40726,-1.79194,0.0650819,0.0585203,-0.00219808,5.43912,466.123,0
71.64,odom,map,-0.633413,-1.43341,-1.85024,0,0,0,,,
71.676,odom,map,-0.636186,-1.44279,-1.86619,0,0,0,,,
71.712,odom,map,-0.639079,-1.45203,-1.88225,0,0,0,,,
71.748,odom,map,-0.64209,-1.46113,-1.89848,0,0,0,,,
71.784,odom,map,-0.645139,-1.46986,-1.9153,0,0,0,,,
71.784,ekf_predict_only,map,-0.620139,-1.50711,-1.94789,100.931,53.6897,-17.0088,,,
71.784,ekf,map,-0.659257,-1.4563,-1.88187,0.0677077,0.0676585,-2.23771e-06,0.113375,,
71.82,odom,map,-0.647224,-1.4775,-1.93289,0,0,0,,,
71.784,kf,map,-0.65841,-1.4557,-1.88272,0.0623633,0.0623733,-6.70127e-06,0.089375,,
71.802,amcl,map,-0.623798,-1.45428,-1.93039,0.0441792,0.045087,-0.0132169,,,
71.784,pf,map,-0.65267,-1.43983,-1.85628,0.058618,0.0646064,-0.000692834,4.6285,476.714,0
71.856,odom,map,-0.64864,-1.48444,-1.95079,0,0,0,,,
71.892,odom,map,-0.650108,-1.49108,-1.96892,0,0,0,,,
71.928,odom,map,-0.651576,-1.49731,-1.98748,0,0,0,,,
71.964,odom,map,-0.653077,-1.50324,-2.00633,0,0,0,,,
72,odom,map,-0.654698,-1.50906,-2.02523,0,0,0,,,
72,ekf,map,-0.677126,-1.50378,-1.98754,0.0687619,0.0687082,-3.12419e-06,0.061834,,
72,ekf_predict_only,map,-0.637414,-1.55073,-2.05798,103.675,54.0696,-17.8855,,,
72,kf,map,-0.676539,-1.50329,-1.98825,0.0625509,0.0625523,-9.39775e-07,0.109833,,
72,pf,map,-0.682456,-1.50665,-1.95378,0.0536985,0.05811,0.0033324,11.7181,489.09,0
72.036,odom,map,-0.658019,-1.51576,-2.04386,0,0,0,,,
72.072,odom,map,-0.661315,-1.52206,-2.06278,0,0,0,,,
72.108,odom,map,-0.664647,-1.52814,-2.08186,0,0,0,,,
72.144,odom,map,-0.668015,-1.53401,-2.10118,0,0,0,,,
72.18,odom,map,-0.671281,-1.53946,-2.12084,0,0,0,,,
72.216,ekf,map,-0.695429,-1.53984,-2.10265,0.0690035,0.0689547,-6.82199e-06,0.123917,,
72.216,kf,map,-0.69488,-1.53933,-2.10327,0.0625772,0.0625774,-1.31612e-07,0.057125,,
72.216,odom,map,-0.674506,-1.5446,-2.14062,0,0,0,,,
72.216,ekf_predict_only,map,-0.65411,-1.58224,-2.17697,105.722,54.449,-18.665,,,
72.201,amcl,map,-0.643003,-1.53678,-2.12763,0.0421764,0.0396862,-0.0121218,,,
72.216,pf,map,-0.66296,-1.50003,-2.07576,0.0652856,0.060087,0.00555318,6.95188,500.583,0
72.252,odom,map,-0.677762,-1.54958,-2.16045,0,0,0,,,
72.288,odom,map,-0.680944,-1.55423,-2.18041,0,0,0,,,
72.324,odom,map,-0.683993,-1.55851,-2.20047,0,0,0,,,
72.36,odom,map,-0.686761,-1.56223,-2.22071,0,0,0,,,
72.396,odom,map,-0.689536,-1.5658,-2.24097,0,0,0,,,
72.396,ekf_predict_only,map,-0.665857,-1.59919,-2.27906,106.882,54.7509,-19.178,,,
72.396,ekf,map,-0.709593,-1.56138,-2.20237,0.067704,0.0676701,-7.04993e-06,0.059166,,
72.396,kf,map,-0.709108,-1.56088,-2.20279,0.0623802,0.0623802,-1.86264e-08,0.3215,,
72.432,odom,map,-0.6922,-1.5691,-2.26136,0,0,0,,,
72.396,pf,map,-0.692633,-1.52702,-2.1808,0.06094,0.0599104,-1.18608e-05,5.45587,454.651,0
72.468,odom,map,-0.694654,-1.57201,-2.28192,0,0,0,,,
72.504,odom,map,-0.697017,-1.5747,-2.30253,0,0,0,,,
72.54,odom,map,-0.699278,-1.57716,-2.32321,0,0,0,,,
72.576,odom,map,-0.701211,-1.57919,-2.34392,0,0,0,,,
72.612,ekf_predict_only,map,-0.674843,-1.60968,-2.4038,107.643,55.0083,-19.5529,,,
72.612,ekf,map,-0.722122,-1.5768,-2.32563,0.0686853,0.0686557,-7.98652e-06,0.067875,,
72.612,odom,map,-0.702199,-1.58016,-2.36487,0,0,0,,,
72.612,kf,map,-0.721556,-1.57624,-2.32592,0.0625532,0.0625532,-2.61191e-09,0.114042,,
72.6,amcl,map,-0.661929,-1.56897,-2.34552,0.0472803,0.0324665,-0.0121225,,,
72.612,pf,map,-0.71783,-1.56657,-2.31641,0.0567486,0.063797,-0.000368473,11.5666,476.207,0
72.648,odom,map,-0.701597,-1.57941,-2.38626,0,0,0,,,
72.684,odom,map,-0.700967,-1.57856,-2.40768,0,0,0,,,
72.72,odom,map,-0.700147,-1.57749,-2.42917,0,0,0,,,
72.756,odom,map,-0.699083,-1.57615,-2.4504,0,0,0,,,
72.792,odom,map,-0.697877,-1.57465,-2.47148,0,0,0,,,
72.828,odom,map,-0.69829,-1.5748,-2.4921,0,0,0,,,
72.792,ekf_predict_only,map,-0.679708,-1.6141,-2.50609,108.022,55.1945,-19.7459,,,
72.792,kf,map,-0.729038,-1.58367,-2.42841,0.0623768,0.0623768,-3.69717e-10,0.110333,,
72.792,ekf,map,-0.729472,-1.58408,-2.42834,0.0676412,0.0676226,-5.72985e-06,0.4435,,
72.792,pf,map,-0.70912,-1.56686,-2.43006,0.0624308,0.058841,-0.00219338,4.713,469.566,0
72.864,odom,map,-0.699271,-1.57553,-2.51241,0,0,0,,,
72.9,odom,map,-0.700004,-1.57605,-2.53238,0,0,0,,,
72.936,odom,map,-0.700713,-1.57654,-2.55223,0,0,0,,,
72.972,odom,map,-0.701434,-1.57701,-2.57204,0,0,0,,,
73.008,odom,map,-0.701396,-1.57774,-2.59136,0,0,0,,,
73.008,ekf,map,-0.73473,-1.58834,-2.54771,0.0686916,0.0686769,-4.99618e-06,0.061084,,
73.008,kf,map,-0.734409,-1.58808,-2.54757,0.0625528,0.0625528,-5.18453e-11,0.054792,,
73.008,ekf_predict_only,map,-0.683422,-1.61684,-2.62356,108.296,55.3609,-19.888,,,
73.002,amcl,map,-0.664908,-1.5873,-2.55937,0.0358545,0.0247364,-0.0077747,,,
73.008,pf,map,-0.709649,-1.54971,-2.55281,0.068774,0.0607121,0.00375677,8.42171,469.845,0
73.044,odom,map,-0.698836,-1.57949,-2.60909,0,0,0,,,
73.08,odom,map,-0.696281,-1.58124,-2.62671,0,0,0,,,
73.116,odom,map,-0.693538,-1.58286,-2.64404,0,0,0,,,
73.152,odom,map,-0.690637,-1.58438,-2.66118,0,0,0,,,
73.188,odom,map,-0.687676,-1.58587,-2.67815,0,0,0,,,
73.188,kf,map,-0.736845,-1.5897,-2.64141,0.0623767,0.0623767,-7.33877e-12,0.113583,,
73.224,odom,map,-0.686745,-1.58647,-2.69598,0,0,0,,,
73.188,ekf_predict_only,map,-0.684478,-1.61744,-2.71537,108.434,55.4799,-19.9269,,,
73.188,ekf,map,-0.73707,-1.58986,-2.64163,0.0676576,0.0676488,-3.12871e-06,0.147666,,
73.188,pf,map,-0.713632,-1.57664,-2.63144,0.0532205,0.060161,0.000593617,12.514,473.71,0
73.26,odom,map,-0.686964,-1.58657,-2.71419,0,0,0,,,
73.296,odom,map,-0.68718,-1.58667,-2.7321,0,0,0,,,
73.332,odom,map,-0.68738,-1.58675,-2.74957,0,0,0,,,
73.368,odom,map,-0.687579,-1.58683,-2.76697,0,0,0,,,
73.404,odom,map,-0.68758,-1.58681,-2.78405,0,0,0,,,
73.404,ekf,map,-0.738154,-1.59044,-2.74682,0.0687093,0.0687025,-2.46349e-06,0.056167,,
73.404,kf,map,-0.737935,-1.59031,-2.74628,0.0625527,0.0625527,-1.02911e-12,0.125125,,
73.404,ekf_predict_only,map,-0.684034,-1.61724,-2.81548,108.521,55.5719,-19.911,,,
73.401,amcl,map,-0.667943,-1.60336,-2.75097,0.0371534,0.0198608,-0.0037725,,,
73.404,pf,map,-0.73153,-1.58293,-2.7395,0.0665263,0.0635101,-0.00138051,5.86396,475.182,0
73.44,odom,map,-0.685692,-1.58577,-2.79948,0,0,0,,,
73.476,odom,map,-0.683766,-1.58471,-2.8148,0,0,0,,,
73.512,odom,map,-0.681772,-1.58363,-2.82988,0,0,0,,,
73.548,odom,map,-0.679678,-1.58251,-2.84457,0,0,0,,,
73.584,odom,map,-0.677531,-1.58138,-2.8588,0,0,0,,,
73.584,ekf,map,-0.737595,-1.5903,-2.82874,0.0676692,0.0676652,-1.47131e-06,0.059416,,
73.584,kf,map,-0.737442,-1.59021,-2.82822,0.0623767,0.0623767,-1.45672e-13,0.101,,
73.62,odom,map,-0.676405,-1.58083,-2.87376,0,0,0,,,
73.584,ekf_predict_only,map,-0.682518,-1.61673,-2.89329,108.589,55.6447,-19.8584,,,
73.584,pf,map,-0.731765,-1.60305,-2.8214,0.0689754,0.0656971,0.00537345,4.96458,458.72,0
73.656,odom,map,-0.67606,-1.58074,-2.889,0,0,0,,,
73.692,odom,map,-0.675705,-1.58065,-2.90391,0,0,0,,,
73.728,odom,map,-0.675355,-1.58057,-2.91873,0,0,0,,,
73.764,odom,map,-0.67498,-1.58049,-2.93326,0,0,0,,,
73.8,odom,map,-0.674871,-1.58047,-2.94662,0,0,0,,,
73.8,ekf,map,-0.736635,-1.59011,-2.90698,0.0687186,0.0687156,-1.12671e-06,0.059333,,
73.8,kf,map,-0.736669,-1.59009,-2.9044,0.0625527,0.0625527,-2.04276e-14,0.0565,,
73.8,ekf_predict_only,map,-0.682518,-1.61673,-2.94485,108.689,55.7447,-19.8584,,,
73.8,pf,map,-0.720159,-1.57806,-2.91829,0.0666458,0.0631267,0.00319693,5.294,472.263,0
73.836,odom,map,-0.673259,-1.58188,-2.95508,0,0,0,,,
73.872,odom,map,-0.671608,-1.58332,-2.96087,0,0,0,,,
73.908,odom,map,-0.669963,-1.58475,-2.96407,0,0,0,,,
73.944,odom,map,-0.668646,-1.58624,-2.9658,0,0,0,,,
73.98,odom,map,-0.668554,-1.58794,-2.96842,0,0,0,,,
74.016,ekf_predict_only,map,-0.695758,-1.61937,-2.97971,108.956,56.0846,-20.3021,,,
74.016,odom,map,-0.669778,-1.58919,-2.97276,0,0,0,,,
74.016,ekf,map,-0.743219,-1.59154,-2.95346,0.0689624,0.0689607,-8.46845e-07,0.090334,,
74.016,kf,map,-0.743832,-1.59172,-2.95142,0.0625774,0.0625774,-2.86078e-15,0.101042,,
74.001,amcl,map,-0.665133,-1.61177,-2.97552,0.0344865,0.0179831,-0.0031793,,,
74.016,pf,map,-0.73391,-1.60215,-2.95545,0.0620287,0.0575443,-0.00284649,5.26663,482.757,0
74.052,odom,map,-0.672397,-1.58963,-2.97879,0,0,0,,,
74.088,odom,map,-0.675921,-1.5902,-2.98426,0,0,0,,,
74.124,odom,map,-0.680208,-1.59087,-2.98793,0,0,0,,,
74.16,odom,map,-0.684672,-1.59155,-2.99137,0,0,0,,,
74.196,odom,map,-0.689459,-1.59227,-2.99426,0,0,0,,,
74.232,odom,map,-0.695296,-1.59545,-2.99412,0,0,0,,,
74.196,kf,map,-0.765561,-1.59549,-2.97167,0.0623802,0.0623802,-4.04871e-16,0.104542,,
74.196,ekf_predict_only,map,-0.727023,-1.62447,-2.98586,109.381,56.7738,-21.3437,,,
74.196,ekf,map,-0.764582,-1.59516,-2.97353,0.067674,0.0676764,-1.15824e-06,0.056833,,
74.196,pf,map,-0.753724,-1.59885,-2.97503,0.060714,0.0535579,0.00395026,7.16354,474.972,0
74.268,odom,map,-0.701475,-1.59897,-2.99342,0,0,0,,,
74.304,odom,map,-0.707847,-1.60255,-2.99251,0,0,0,,,
74.34,odom,map,-0.71453,-1.60618,-2.99129,0,0,0,,,
74.376,odom,map,-0.721898,-1.60993,-2.98961,0,0,0,,,
74.412,odom,map,-0.72947,-1.61294,-2.98848,0,0,0,,,
74.412,ekf_predict_only,map,-0.77276,-1.63165,-2.98716,109.938,57.7933,-22.8738,,,
74.412,ekf,map,-0.803441,-1.60126,-2.98196,0.0686581,0.0686715,-3.0345e-06,0.056208,,
74.412,kf,map,-0.804398,-1.60161,-2.98063,0.0625532,0.0625532,-5.67735e-17,0.058666,,
74.412,pf,map,-0.800636,-1.62051,-2.96819,0.0614188,0.0635052,0.00372108,4.55292,478.867,0
74.448,odom,map,-0.737304,-1.61414,-2.98879,0,0,0,,,
74.484,odom,map,-0.745514,-1.61541,-2.989,0,0,0,,,
74.52,odom,map,-0.75428,-1.61675,-2.98942,0,0,0,,,
74.556,odom,map,-0.763143,-1.61811,-2.98991,0,0,0,,,
74.592,odom,map,-0.772323,-1.61951,-2.99063,0,0,0,,,
74.628,odom,map,-0.781851,-1.62096,-2.99167,0,0,0,,,
74.592,ekf,map,-0.845966,-1.60787,-2.98747,0.0676239,0.0676478,-4.55567e-06,0.053667,,
74.592,ekf_predict_only,map,-0.821181,-1.63919,-2.99289,110.521,58.9414,-24.5047,,,
74.592,kf,map,-0.846777,-1.60812,-2.98699,0.0623768,0.0623768,-8.03633e-18,0.111875,,
74.592,pf,map,-0.836204,-1.62032,-2.98466,0.0703919,0.0621809,-0.0042334,9.81996,468.326,0
74.664,odom,map,-0.791543,-1.62241,-2.99281,0,0,0,,,
74.7,odom,map,-0.801284,-1.62387,-2.99404,0,0,0,,,
74.736,odom,map,-0.811298,-1.62535,-2.9957,0,0,0,,,
74.772,odom,map,-0.821595,-1.62685,-2.99768,0,0,0,,,
74.808,odom,map,-0.831833,-1.62859,-3.00034,0,0,0,,,
74.808,ekf_predict_only,map,-0.883292,-1.6485,-3.00506,111.219,60.4989,-26.6098,,,
74.808,ekf,map,-0.904409,-1.61672,-2.99745,0.0686783,0.0687265,-8.43363e-06,0.062708,,
74.808,kf,map,-0.905037,-1.61687,-2.99746,0.0625528,0.0625528,-1.12693e-18,0.143625,,
74.808,pf,map,-0.887341,-1.63688,-3.00268,0.0615448,0.0630741,-0.00761763,4.53725,468.596,0
74.844,odom,map,-0.841777,-1.63113,-3.00541,0,0,0,,,
74.88,odom,map,-0.852052,-1.63361,-3.0109,0,0,0,,,
74.916,odom,map,-0.862559,-1.63602,-3.01675,0,0,0,,,
74.952,odom,map,-0.873113,-1.63833,-3.0227,0,0,0,,,
74.988,odom,map,-0.883798,-1.64055,-3.02884,0,0,0,,,
75.024,odom,map,-0.895109,-1.64214,-3.03373,0,0,0,,,
74.988,ekf,map,-0.958757,-1.62435,-3.01305,0.0676502,0.0677074,-9.47861e-06,0.060292,,
74.988,kf,map,-0.95925,-1.62441,-3.01344,0.0623767,0.0623767,-1.59519e-19,0.058333,,
74.988,ekf_predict_only,map,-0.940905,-1.65641,-3.02574,111.83,62.0645,-28.5701,,,
74.988,pf,map,-0.93691,-1.63052,-3.00541,0.0561788,0.061875,-0.00103688,8.79438,489.682,0
75.06,odom,map,-0.906858,-1.64338,-3.03807,0,0,0,,,
75.096,odom,map,-0.918664,-1.64458,-3.04246,0,0,0,,,
75.132,odom,map,-0.930583,-1.64574,-3.04731,0,0,0,,,
75.168,odom,map,-0.942673,-1.64685,-3.05301,0,0,0,,,
75.204,odom,map,-0.954761,-1.64789,-3.05908,0,0,0,,,
75.204,kf,map,-1.02941,-1.63283,-3.0439,0.0625527,0.0625527,-2.23692e-20,0.112958,,
75.204,ekf,map,-1.02905,-1.63282,-3.04311,0.0687044,0.0687935,-1.37801e-05,0.071208,,
75.204,ekf_predict_only,map,-1.01314,-1.66482,-3.06299,112.475,64.1575,-31.0274,,,
75.201,amcl,map,-0.961836,-1.64402,-3.07305,0.0388054,0.0220575,-0.00571577,,,
75.204,pf,map,-1.00217,-1.63191,-3.03623,0.0704263,0.0670085,-0.00414296,8.5055,493.509,0
75.24,odom,map,-0.966843,-1.64885,-3.06529,0,0,0,,,
75.276,odom,map,-0.979003,-1.64974,-3.07154,0,0,0,,,
75.312,odom,map,-0.991214,-1.65056,-3.07813,0,0,0,,,
75.348,odom,map,-1.00349,-1.65129,-3.08533,0,0,0,,,
75.384,odom,map,-1.0158,-1.65194,-3.09273,0,0,0,,,
75.384,ekf_predict_only,map,-1.07545,-1.66973,-3.10066,112.894,66.1157,-33.1272,,,
75.384,ekf,map,-1.08984,-1.63806,-3.07584,0.0676669,0.0677575,-1.28241e-05,0.055708,,
75.384,kf,map,-1.0901,-1.63806,-3.07652,0.0623767,0.0623767,-3.16639e-21,0.062583,,
75.42,odom,map,-1.02823,-1.6525,-3.10022,0,0,0,,,
75.384,pf,map,-1.05735,-1.6328,-3.06776,0.0711439,0.0613023,-0.00160962,4.96462,467.246,0
75.456,odom,map,-1.04071,-1.65297,-3.10794,0,0,0,,,
75.492,odom,map,-1.05312,-1.65334,-3.1159,0,0,0,,,
75.528,odom,map,-1.06547,-1.65361,-3.12397,0,0,0,,,
75.564,odom,map,-1.07768,-1.65377,-3.13226,0,0,0,,,
75.6,odom,map,-1.08964,-1.65383,-3.14077,0,0,0,,,
75.6,kf,map,-1.16242,-1.64155,-3.12384,0.0625527,0.0625527,-4.44022e-22,0.060333,,
75.6,ekf_predict_only,map,-1.14695,-1.67265,3.13133,113.185,68.5072,-35.5041,,,
75.6,ekf,map,-1.16243,-1.64149,-3.12325,0.0687174,0.0688386,-1.48449e-05,0.313666,,
75.6,pf,map,-1.13051,-1.65051,-3.11283,0.0650392,0.0648651,0.00154516,4.94787,461.718,0
75.636,odom,map,-1.10146,-1.65379,3.13363,0,0,0,,,
75.672,odom,map,-1.11321,-1.65365,3.1247,0,0,0,,,
75.708,odom,map,-1.12481,-1.6534,3.11573,0,0,0,,,
75.744,odom,map,-1.13623,-1.65305,3.10655,0,0,0,,,
75.78,odom,map,-1.14768,-1.6526,3.09722,0,0,0,,,
75.816,ekf_predict_only,map,-1.21581,-1.67195,3.07524,113.239,70.9754,-37.7372,,,
75.816,ekf,map,-1.23211,-1.64115,3.1061,0.0689618,0.0690919,-1.29897e-05,0.058917,,
75.816,kf,map,-1.23203,-1.64128,3.10568,0.0625774,0.0625774,-6.2183e-23,0.120791,,
75.816,odom,map,-1.15914,-1.65203,3.08787,0,0,0,,,
75.816,pf,map,-1.20702,-1.64986,3.11116,0.0628518,0.0606654,-0.0014995,5.93063,474.267,0
75.852,odom,map,-1.17066,-1.65136,3.07802,0,0,0,,,
75.888,odom,map,-1.18229,-1.65055,3.06643,0,0,0,,,
75.924,odom,map,-1.19405,-1.64959,3.05386,0,0,0,,,
75.96,odom,map,-1.20591,-1.64847,3.041,0,0,0,,,
75.996,odom,map,-1.21773,-1.6472,3.0277,0,0,0,,,
76.032,odom,map,-1.23073,-1.64456,3.01187,0,0,0,,,
75.996,ekf_predict_only,map,-1.27477,-1.66803,3.00762,113.084,73.2292,-39.5857,,,
75.996,ekf,map,-1.29116,-1.63751,3.0442,0.0676736,0.067785,-7.96302e-06,0.054,,
75.996,kf,map,-1.29113,-1.63762,3.04361,0.0623802,0.0623802,-8.80046e-24,0.057916,,
76.002,amcl,map,-1.24249,-1.63848,3.02766,0.0463979,0.0329299,-0.0145838,,,
75.996,pf,map,-1.26104,-1.6395,3.05152,0.0605247,0.0606696,-0.00080279,5.27125,488.644,0
76.068,odom,map,-1.24385,-1.64154,2.99538,0,0,0,,,
76.104,odom,map,-1.25698,-1.63828,2.97856,0,0,0,,,
76.14,odom,map,-1.27011,-1.63478,2.96142,0,0,0,,,
76.176,odom,map,-1.2832,-1.63104,2.94423,0,0,0,,,
76.212,odom,map,-1.29574,-1.62756,2.92777,0,0,0,,,
76.212,ekf_predict_only,map,-1.34488,-1.65858,2.91962,112.57,76.0424,-41.6783,,,
76.212,ekf,map,-1.36152,-1.62818,2.95983,0.0686575,0.0687918,-4.07439e-06,0.057292,,
76.212,kf,map,-1.36151,-1.62839,2.95929,0.0625532,0.0625532,-1.23405e-24,0.052625,,
76.212,pf,map,-1.34603,-1.62221,2.97498,0.0659965,0.0644209,-0.00210531,12.5923,493.846,0
76.248,odom,map,-1.30712,-1.625,2.91292,0,0,0,,,
76.284,odom,map,-1.31836,-1.62229,2.89794,0,0,0,,,
76.32,odom,map,-1.32952,-1.61943,2.88292,0,0,0,,,
76.356,odom,map,-1.3406,-1.61641,2.86791,0,0,0,,,
76.392,odom,map,-1.3515,-1.61326,2.85282,0,0,0,,,
76.392,ekf_predict_only,map,-1.39881,-1.64641,2.84362,111.885,78.3422,-43.1706,,,
76.392,ekf,map,-1.41712,-1.61578,2.88565,0.0676236,0.0677379,1.27589e-06,0.111458,,
76.428,odom,map,-1.36209,-1.61003,2.83762,0,0,0,,,
76.392,kf,map,-1.41701,-1.61602,2.88532,0.0623768,0.0623768,-1.74681e-25,0.224708,,
76.392,pf,map,-1.42199,-1.63411,2.90164,0.0597812,0.0660387,0.00421196,12.8804,490.887,0
76.464,odom,map,-1.37262,-1.60664,2.82242,0,0,0,,,
76.5,odom,map,-1.38294,-1.60314,2.80715,0,0,0,,,
76.536,odom,map,-1.39283,-1.59962,2.79192,0,0,0,,,
76.572,odom,map,-1.40249,-1.59601,2.7766,0,0,0,,,
76.608,odom,map,-1.41206,-1.59227,2.76126,0,0,0,,,
76.608,ekf_predict_only,map,-1.45776,-1.6283,2.75159,110.825,80.9593,-44.6716,,,
76.608,ekf,map,-1.47826,-1.59708,2.79455,0.0686787,0.068807,8.31802e-06,0.10025,,
76.608,kf,map,-1.47809,-1.59744,2.79435,0.0625528,0.0625528,-2.44955e-26,0.10425,,
76.602,amcl,map,-1.43551,-1.59752,2.77212,0.0435455,0.0364997,-0.017878,,,
76.608,pf,map,-1.46654,-1.58023,2.79827,0.0609739,0.0641944,-0.000966426,4.8735,471.623,0
76.644,odom,map,-1.42155,-1.58839,2.74589,0,0,0,,,
76.68,odom,map,-1.43072,-1.58448,2.73041,0,0,0,,,
76.716,odom,map,-1.4397,-1.58048,2.71495,0,0,0,,,
76.752,odom,map,-1.4486,-1.57635,2.6995,0,0,0,,,
76.788,odom,map,-1.45731,-1.57214,2.6843,0,0,0,,,
76.788,ekf,map,-1.52395,-1.57841,2.71832,0.0676515,0.0677521,1.16286e-05,0.10525,,
76.788,kf,map,-1.52374,-1.57877,2.71831,0.0623767,0.0623767,-3.46736e-27,0.061375,,
76.824,odom,map,-1.46755,-1.56829,2.6711,0,0,0,,,
76.788,ekf_predict_only,map,-1.50087,-1.61059,2.67602,109.801,82.9742,-45.645,,,
76.788,pf,map,-1.49789,-1.5679,2.72177,0.0695422,0.0579483,5.69278e-05,11.566,477.293,0
76.86,odom,map,-1.47849,-1.56471,2.65892,0,0,0,,,
76.896,odom,map,-1.48929,-1.56109,2.64672,0,0,0,,,
76.932,odom,map,-1.4999,-1.55748,2.63461,0,0,0,,,
76.968,odom,map,-1.51024,-1.55392,2.6226,0,0,0,,,
77.004,odom,map,-1.52014,-1.55039,2.61054,0,0,0,,,
77.004,ekf,map,-1.57066,-1.55493,2.62821,0.0687078,0.0688088,1.80353e-05,0.063292,,
77.004,kf,map,-1.57027,-1.55544,2.62834,0.0625527,0.0625527,-4.86227e-28,0.07125,,
77.004,ekf_predict_only,map,-1.54328,-1.58928,2.58732,108.564,85.02,-46.4872,,,
77.004,pf,map,-1.53606,-1.54695,2.63862,0.0571774,0.06,0.00548842,5.44642,476.77,0
77.04,odom,map,-1.52694,-1.54633,2.59576,0,0,0,,,
77.076,odom,map,-1.53345,-1.54231,2.58093,0,0,0,,,
77.112,odom,map,-1.53959,-1.53839,2.56633,0,0,0,,,
77.148,odom,map,-1.54556,-1.53446,2.55178,0,0,0,,,
77.184,odom,map,-1.55115,-1.53066,2.53738,0,0,0,,,
77.22,odom,map,-1.55629,-1.52705,2.52329,0,0,0,,,
77.184,ekf_predict_only,map,-1.56918,-1.57324,2.51728,107.668,86.3386,-46.9147,,,
77.184,ekf,map,-1.6015,-1.53587,2.55562,0.0676708,0.067742,1.64866e-05,0.108458,,
77.184,kf,map,-1.60103,-1.5364,2.55588,0.0623767,0.0623767,-6.8826e-29,0.099208,,
77.202,amcl,map,-1.55923,-1.52699,2.52598,0.0411983,0.0415084,-0.022609,,,
77.184,pf,map,-1.59173,-1.53088,2.56287,0.0631917,0.0612695,0.00325363,7.6035,487.053,0
77.256,odom,map,-1.561,-1.52365,2.50934,0,0,0,,,
77.292,odom,map,-1.56551,-1.5203,2.49541,0,0,0,,,
77.328,odom,map,-1.56983,-1.517,2.48156,0,0,0,,,
77.364,odom,map,-1.57373,-1.51393,2.46807,0,0,0,,,
77.4,odom,map,-1.57727,-1.51107,2.45489,0,0,0,,,
77.4,ekf_predict_only,map,-1.59057,-1.55784,2.43874,106.819,87.4619,-47.2047,,,
77.4,kf,map,-1.62738,-1.51743,2.47395,0.0625527,0.0625527,-9.65145e-30,0.060667,,
77.4,ekf,map,-1.62795,-1.51682,2.47353,0.0687228,0.0687856,1.82429e-05,0.849958,,
77.4,pf,map,-1.6325,-1.51738,2.469,0.0602728,0.0627054,-0.00262712,9.76875,478.276,0
77.436,odom,map,-1.58217,-1.50846,2.44034,0,0,0,,,
77.472,odom,map,-1.58695,-1.50592,2.42569,0,0,0,,,
77.508,odom,map,-1.5914,-1.50357,2.41153,0,0,0,,,
77.544,odom,map,-1.59493,-1.50199,2.39978,0,0,0,,,
77.58,odom,map,-1.59748,-1.50126,2.39062,0,0,0,,,
77.616,odom,map,-1.59858,-1.50124,2.38464,0,0,0,,,
77.616,ekf,map,-1.63814,-1.50803,2.42976,0.0689664,0.069012,1.4565e-05,0.148834,,
77.616,ekf_predict_only,map,-1.59057,-1.55784,2.43874,106.919,87.5619,-47.2047,,,
77.616,kf,map,-1.63702,-1.50912,2.43396,0.0625774,0.0625774,-1.35164e-30,3.36621,,
77.616,pf,map,-1.62311,-1.52109,2.39903,0.0577289,0.0662294,0.00149863,8.14392,460.865,0
77.652,odom,map,-1.59858,-1.50124,2.38216,0,0,0,,,
77.688,odom,map,-1.59858,-1.50124,2.3819,0,0,0,,,
77.724,odom,map,-1.59858,-1.50124,2.3819,0,0,0,,,
77.76,odom,map,-1.59858,-1.50124,2.3819,0,0,0,,,
77.796,odom,map,-1.59881,-1.50102,2.38153,0,0,0,,,
77.832,odom,map,-1.59944,-1.50042,2.3809,0,0,0,,,
77.796,ekf_predict_only,map,-1.59386,-1.55504,2.4356,106.848,87.8209,-47.2382,,,
77.796,ekf,map,-1.6425,-1.50434,2.41331,0.0676765,0.0677032,8.96281e-06,0.111875,,
77.796,kf,map,-1.642,-1.50482,2.41593,0.0623802,0.0623802,-1.9129e-31,0.098584,,
77.796,pf,map,-1.63103,-1.5103,2.41552,0.0596094,0.0612474,-0.00103883,4.65542,484.122,0
77.868,odom,map,-1.60024,-1.49966,2.38021,0,0,0,,,
77.904,odom,map,-1.60157,-1.49839,2.37909,0,0,0,,,
77.94,odom,map,-1.60336,-1.49668,2.3773,0,0,0,,,
77.976,odom,map,-1.60527,-1.49485,2.37532,0,0,0,,,
78.012,odom,map,-1.60723,-1.49261,2.37314,0,0,0,,,
78.012,ekf_predict_only,map,-1.60785,-1.54312,2.42077,106.22,88.6002,-47.3754,,,
78.012,ekf,map,-1.6532,-1.49471,2.39838,0.0686602,0.0686808,7.59741e-06,0.114084,,
78.012,kf,map,-1.65329,-1.49468,2.39937,0.0625532,0.0625532,-2.68239e-32,0.055625,,
78.012,pf,map,-1.62647,-1.49647,2.38942,0.0642729,0.0643179,-0.0015061,4.77242,471.947,0
78.048,odom,map,-1.60904,-1.48974,2.37077,0,0,0,,,
78.084,odom,map,-1.61068,-1.48703,2.36739,0,0,0,,,
78.12,odom,map,-1.61213,-1.48449,2.3632,0,0,0,,,
78.156,odom,map,-1.61346,-1.48205,2.35832,0,0,0,,,
78.192,odom,map,-1.61465,-1.47973,2.35225,0,0,0,,,
78.192,ekf_predict_only,map,-1.6174,-1.53473,2.37528,105.811,89.1682,-47.4597,,,
78.192,ekf,map,-1.66249,-1.48603,2.36706,0.0676254,0.0676377,5.25344e-06,0.100833,,
78.192,kf,map,-1.66252,-1.48601,2.36633,0.0623768,0.0623768,-3.79694e-33,0.064208,,
78.228,odom,map,-1.61625,-1.47779,2.34414,0,0,0,,,
78.192,pf,map,-1.64099,-1.48465,2.36258,0.0696861,0.0672102,0.00286497,5.05987,484.941,0
78.264,odom,map,-1.61802,-1.47596,2.33504,0,0,0,,,
78.3,odom,map,-1.61993,-1.47395,2.32542,0,0,0,,,
78.336,odom,map,-1.62199,-1.47174,2.31493,0,0,0,,,
78.372,odom,map,-1.62417,-1.46935,2.30341,0,0,0,,,
78.408,odom,map,-1.6264,-1.46684,2.29138,0,0,0,,,
78.408,ekf,map,-1.67535,-1.47303,2.30715,0.06868,0.0686895,5.45894e-06,0.061208,,
78.408,ekf_predict_only,map,-1.63192,-1.52076,2.30307,105.069,89.9851,-47.5521,,,
78.408,kf,map,-1.67547,-1.4729,2.30578,0.0625528,0.0625528,-5.32443e-34,0.059625,,
78.402,amcl,map,-1.6224,-1.46082,2.29176,0.0341651,0.0369644,-0.0211829,,,
78.408,pf,map,-1.67316,-1.46715,2.30291,0.062277,0.070504,0.00602791,5.34854,481.196,0
78.444,odom,map,-1.62874,-1.46414,2.2789,0,0,0,,,
78.48,odom,map,-1.63127,-1.46114,2.2656,0,0,0,,,
78.516,odom,map,-1.6338,-1.45807,2.25213,0,0,0,,,
78.552,odom,map,-1.63644,-1.45477,2.23834,0,0,0,,,
78.588,odom,map,-1.63934,-1.45103,2.22419,0,0,0,,,
78.624,odom,map,-1.64243,-1.44693,2.20973,0,0,0,,,
78.588,ekf_predict_only,map,-1.64941,-1.5013,2.2302,104.007,90.9589,-47.5883,,,
78.588,ekf,map,-1.68954,-1.45658,2.24193,0.0676527,0.0676581,5.31032e-06,0.059792,,
78.588,kf,map,-1.68981,-1.45627,2.24082,0.0623767,0.0623767,-7.5368e-35,0.109084,,
78.588,pf,map,-1.69762,-1.46332,2.25189,0.0548848,0.0668947,0.00168001,6.0925,459.944,0
78.66,odom,map,-1.64552,-1.4427,2.19515,0,0,0,,,
78.696,odom,map,-1.64866,-1.43828,2.18029,0,0,0,,,
78.732,odom,map,-1.65205,-1.43334,2.16483,0,0,0,,,
78.768,odom,map,-1.65574,-1.42778,2.14926,0,0,0,,,
78.804,odom,map,-1.65943,-1.42204,2.13369,0,0,0,,,
78.804,ekf,map,-1.71118,-1.42719,2.15246,0.0687119,0.0687143,9.59229e-06,0.062542,,
78.804,ekf_predict_only,map,-1.67626,-1.46666,2.13501,102.072,92.4208,-47.4986,,,
78.804,kf,map,-1.71175,-1.4266,2.15154,0.0625527,0.0625527,-1.05688e-35,0.059292,,
78.804,pf,map,-1.68862,-1.44032,2.16806,0.0628612,0.0599311,-0.00253896,6.16708,462.432,0
78.84,odom,map,-1.66316,-1.41603,2.11793,0,0,0,,,
78.876,odom,map,-1.667,-1.40961,2.10222,0,0,0,,,
78.912,odom,map,-1.67091,-1.40283,2.08669,0,0,0,,,
78.948,odom,map,-1.67476,-1.39592,2.07125,0,0,0,,,
78.984,odom,map,-1.67857,-1.38881,2.05583,0,0,0,,,
78.984,ekf_predict_only,map,-1.69906,-1.43063,2.05887,100.099,93.6974,-47.2249,,,
79.02,odom,map,-1.68246,-1.3813,2.04056,0,0,0,,,
78.984,ekf,map,-1.73044,-1.39497,2.07692,0.0676796,0.067677,1.21954e-05,1.88171,,
78.984,kf,map,-1.73096,-1.39447,2.07653,0.0623767,0.0623767,-1.49603e-36,0.076292,,
79.002,amcl,map,-1.68315,-1.38962,2.04422,0.0253174,0.0401754,-0.021574,,,
78.984,pf,map,-1.7185,-1.39738,2.07898,0.0582404,0.0602524,0.00136546,19.6925,493.988,0
79.056,odom,map,-1.68635,-1.3735,2.02537,0,0,0,,,
79.092,odom,map,-1.69014,-1.36559,2.01018,0,0,0,,,
79.128,odom,map,-1.69387,-1.35748,1.99521,0,0,0,,,
79.164,odom,map,-1.6977,-1.34884,1.98075,0,0,0,,,
79.2,odom,map,-1.70156,-1.33978,1.96645,0,0,0,,,
79.2,kf,map,-1.75529,-1.34581,1.98901,0.0625527,0.0625527,-2.09788e-37,0.059916,,
79.2,ekf_predict_only,map,-1.72716,-1.3777,1.97331,97.2371,95.2724,-46.6221,,,
79.2,ekf,map,-1.75464,-1.34632,1.98893,0.0687455,0.0687322,2.12802e-05,0.065458,,
79.2,pf,map,-1.74856,-1.33366,1.99966,0.0532606,0.0638023,-0.0028761,5.18671,472.157,0
79.236,odom,map,-1.70468,-1.32939,1.9519,0,0,0,,,
79.272,odom,map,-1.7077,-1.31876,1.93736,0,0,0,,,
79.308,odom,map,-1.71067,-1.30781,1.92316,0,0,0,,,
79.344,odom,map,-1.7136,-1.29655,1.90936,0,0,0,,,
79.38,odom,map,-1.71641,-1.28518,1.8957,0,0,0,,,
79.416,ekf_predict_only,map,-1.75294,-1.31716,1.89448,94.0698,96.7498,-45.7,,,
79.416,ekf,map,-1.77729,-1.2884,1.90683,0.0690067,0.0689789,2.81259e-05,0.391541,,
79.416,kf,map,-1.77794,-1.28802,1.90718,0.0625774,0.0625774,-2.93798e-38,0.107,,
79.416,odom,map,-1.71941,-1.27407,1.88236,0,0,0,,,
79.416,pf,map,-1.78103,-1.29299,1.9139,0.060233,0.0600141,-0.00385747,5.94583,497.197,0
79.452,odom,map,-1.72275,-1.26345,1.86989,0,0,0,,,
79.488,odom,map,-1.72603,-1.25259,1.85805,0,0,0,,,
79.524,odom,map,-1.72922,-1.24157,1.84641,0,0,0,,,
79.56,odom,map,-1.73233,-1.23032,1.83519,0,0,0,,,
79.596,odom,map,-1.73541,-1.21868,1.82467,0,0,0,,,
79.632,odom,map,-1.73839,-1.20696,1.81426,0,0,0,,,
79.596,ekf_predict_only,map,-1.77218,-1.2598,1.84244,91.1938,97.8934,-44.6438,,,
79.596,kf,map,-1.79471,-1.2331,1.85049,0.0623802,0.0623802,-4.15797e-39,0.740041,,
79.602,amcl,map,-1.73323,-1.25622,1.8444,0.0214665,0.0448895,-0.0182759,,,
79.596,ekf,map,-1.79417,-1.23339,1.84997,0.0677265,0.0676884,2.77465e-05,3.80421,,
79.596,pf,map,-1.7969,-1.22595,1.85029,0.0634118,0.069244,-0.00412873,11.7802,484.865,0
79.668,odom,map,-1.74128,-1.19506,1.80413,0,0,0,,,
79.704,odom,map,-1.7441,-1.18293,1.79462,0,0,0,,,
79.74,odom,map,-1.74686,-1.17055,1.78592,0,0,0,,,
79.776,odom,map,-1.74954,-1.15806,1.77762,0,0,0,,,
79.812,odom,map,-1.75243,-1.14614,1.76935,0,0,0,,,
79.812,ekf,map,-1.81238,-1.16103,1.79519,0.0687434,0.0686743,3.71045e-05,0.05575,,
79.812,ekf_predict_only,map,-1.79276,-1.18593,1.7936,87.6325,99.1237,-43.1246,,,
79.812,kf,map,-1.81292,-1.16083,1.79592,0.0625532,0.0625532,-5.83055e-40,0.061958,,
79.812,pf,map,-1.81087,-1.16584,1.78777,0.0636327,0.0578516,0.00174187,5.03483,450.916,0
79.848,odom,map,-1.75594,-1.13556,1.76091,0,0,0,,,
79.884,odom,map,-1.75933,-1.12502,1.75299,0,0,0,,,
79.92,odom,map,-1.7626,-1.11456,1.74607,0,0,0,,,
79.956,odom,map,-1.76579,-1.10409,1.73929,0,0,0,,,
79.992,odom,map,-1.76886,-1.09373,1.73305,0,0,0,,,
79.992,ekf_predict_only,map,-1.80637,-1.12584,1.76818,84.8974,99.9798,-41.7772,,,
79.992,kf,map,-1.82496,-1.10017,1.76289,0.0623768,0.0623768,-8.25319e-41,0.061708,,
80.028,odom,map,-1.77111,-1.08207,1.72769,0,0,0,,,
79.992,ekf,map,-1.82453,-1.10016,1.76201,0.0677117,0.0676363,3.28009e-05,0.054875,,
79.992,pf,map,-1.81184,-1.10543,1.75043,0.0650214,0.0641756,0.00361571,5.51704,478.573,0
80.064,odom,map,-1.773,-1.06991,1.72264,0,0,0,,,
80.1,odom,map,-1.77483,-1.05775,1.71759,0,0,0,,,
80.136,odom,map,-1.7766,-1.04556,1.71291,0,0,0,,,
80.172,odom,map,-1.77831,-1.03343,1.70874,0,0,0,,,
80.208,odom,map,-1.77996,-1.02138,1.70496,0,0,0,,,
80.208,ekf,map,-1.83701,-1.02774,1.73441,0.0687962,0.06869,3.74503e-05,0.062959,,
80.208,ekf_predict_only,map,-1.82059,-1.05474,1.74957,81.8084,100.877,-40.1039,,,
80.208,kf,map,-1.83741,-1.02787,1.73555,0.0625528,0.0625528,-1.15734e-41,0.124625,,
80.208,pf,map,-1.8255,-1.03087,1.72008,0.061295,0.0586978,0.00490984,5.10417,472.586,0
80.244,odom,map,-1.78156,-1.00939,1.70174,0,0,0,,,
80.28,odom,map,-1.7831,-0.997592,1.69895,0,0,0,,,
80.316,odom,map,-1.78458,-0.985937,1.69659,0,0,0,,,
80.352,odom,map,-1.78604,-0.97434,1.69469,0,0,0,,,
80.388,odom,map,-1.78747,-0.962777,1.69306,0,0,0,,,
80.424,odom,map,-1.78862,-0.954776,1.69465,0,0,0,,,
80.388,ekf_predict_only,map,-1.83066,-0.999021,1.74682,79.5354,101.545,-38.745,,,
80.388,ekf,map,-1.84569,-0.969788,1.72271,0.067756,0.067658,2.95872e-05,0.055958,,
80.388,kf,map,-1.846,-0.970021,1.72383,0.0623767,0.0623767,-1.63823e-42,0.066958,,
80.4,amcl,map,-1.79312,-1.00274,1.70018,0.0189344,0.0434709,-0.01155,,,
80.388,pf,map,-1.84965,-0.966477,1.72257,0.0609144,0.0569245,-0.00127838,7.59142,478.149,0
80.46,odom,map,-1.78968,-0.948883,1.69837,0,0,0,,,
80.496,odom,map,-1.79081,-0.943158,1.70236,0,0,0,,,
80.532,odom,map,-1.792,-0.937631,1.7067,0,0,0,,,
80.568,odom,map,-1.79328,-0.93228,1.71073,0,0,0,,,
80.604,odom,map,-1.79464,-0.926651,1.71371,0,0,0,,,
80.604,ekf_predict_only,map,-1.84209,-0.934758,1.73467,77.0366,102.295,-37.1493,,,
80.604,ekf,map,-1.85538,-0.90372,1.71379,0.0688303,0.0687109,3.06937e-05,0.06025,,
80.604,kf,map,-1.85551,-0.903946,1.71392,0.0625527,0.0625527,-2.29729e-43,0.060542,,
80.604,pf,map,-1.84318,-0.900978,1.72626,0.0661424,0.0693884,-0.00313161,6.08429,477.456,0
80.64,odom,map,-1.79618,-0.915907,1.71208,0,0,0,,,
80.676,odom,map,-1.7977,-0.905126,1.70957,0,0,0,,,
80.712,odom,map,-1.7992,-0.894281,1.70605,0,0,0,,,
80.748,odom,map,-1.80065,-0.883411,1.70216,0,0,0,,,
80.784,odom,map,-1.80206,-0.872595,1.69784,0,0,0,,,
80.784,ekf_predict_only,map,-1.85095,-0.88115,1.70697,75.082,102.902,-35.7854,,,
80.82,odom,map,-1.80341,-0.861806,1.69278,0,0,0,,,
80.784,ekf,map,-1.86296,-0.849291,1.69509,0.0677733,0.067671,2.32968e-05,0.115792,,
80.784,kf,map,-1.86294,-0.849416,1.69444,0.0623767,0.0623767,-3.25184e-44,0.129625,,
80.784,pf,map,-1.84482,-0.856973,1.70113,0.0613016,0.0585993,0.000587461,5.32512,479.447,0
80.856,odom,map,-1.8047,-0.851029,1.68702,0,0,0,,,
80.892,odom,map,-1.80593,-0.840257,1.68098,0,0,0,,,
80.928,odom,map,-1.80708,-0.829511,1.67464,0,0,0,,,
80.964,odom,map,-1.80816,-0.818756,1.66734,0,0,0,,,
81,odom,map,-1.80917,-0.80798,1.6598,0,0,0,,,
81,ekf_predict_only,map,-1.85977,-0.816821,1.66173,72.8531,103.509,-34.0943,,,
81,ekf,map,-1.87037,-0.784527,1.65774,0.0688407,0.0687208,2.383e-05,0.066416,,
81,kf,map,-1.87033,-0.784593,1.6568,0.0625527,0.0625527,-4.56004e-45,0.056708,,
81,pf,map,-1.88391,-0.802675,1.65539,0.0584272,0.0604938,0.0013968,4.54454,486.132,0
81.036,odom,map,-1.81008,-0.79727,1.6518,0,0,0,,,
81.072,odom,map,-1.8109,-0.78665,1.64271,0,0,0,,,
81.108,odom,map,-1.8116,-0.776147,1.63264,0,0,0,,,
81.144,odom,map,-1.81219,-0.765662,1.62216,0,0,0,,,
81.18,odom,map,-1.81268,-0.755155,1.61125,0,0,0,,,
81.216,ekf,map,-1.87457,-0.72182,1.59743,0.0690836,0.0689645,2.06672e-05,0.109292,,
81.216,kf,map,-1.87456,-0.721964,1.59624,0.0625774,0.0625774,-6.38611e-46,0.064375,,
81.216,odom,map,-1.81329,-0.745766,1.59881,0,0,0,,,
81.216,ekf_predict_only,map,-1.86536,-0.75552,1.59236,70.8728,103.933,-32.4176,,,
81.216,pf,map,-1.8699,-0.720616,1.60158,0.0550672,0.0594962,0.00113244,10.8863,460.614,0
81.252,odom,map,-1.81412,-0.738117,1.58395,0,0,0,,,
81.288,odom,map,-1.81476,-0.73057,1.56877,0,0,0,,,
81.324,odom,map,-1.81523,-0.723082,1.55312,0,0,0,,,
81.36,odom,map,-1.81551,-0.715805,1.53651,0,0,0,,,
81.396,odom,map,-1.8156,-0.708583,1.51967,0,0,0,,,
81.432,odom,map,-1.8151,-0.699365,1.50489,0,0,0,,,
81.396,ekf_predict_only,map,-1.86637,-0.708284,1.51897,69.4625,104.092,-31.066,,,
81.396,ekf,map,-1.87461,-0.672562,1.53294,0.0677703,0.0676752,1.39309e-05,0.054959,,
81.396,kf,map,-1.87462,-0.672772,1.5318,0.0623802,0.0623802,-9.03794e-47,0.233791,,
81.396,pf,map,-1.87564,-0.659149,1.53796,0.061589,0.0614985,-0.000327717,6.27042,483.797,0
81.402,amcl,map,-1.81215,-0.704267,1.52207,0.0213019,0.0622319,-0.00574889,,,
81.468,odom,map,-1.81442,-0.690074,1.4898,0,0,0,,,
81.504,odom,map,-1.81361,-0.681025,1.47392,0,0,0,,,
81.54,odom,map,-1.81268,-0.672132,1.45762,0,0,0,,,
81.576,odom,map,-1.81163,-0.663511,1.44113,0,0,0,,,
81.612,ekf_predict_only,map,-1.86383,-0.659145,1.41523,68.0773,104.044,-29.6052,,,
81.612,ekf,map,-1.87073,-0.619594,1.43801,0.0687616,0.0686587,1.14741e-05,0.068958,,
81.612,kf,map,-1.87082,-0.620013,1.43681,0.0625532,0.0625532,-1.26735e-47,0.140667,,
81.612,odom,map,-1.81047,-0.655216,1.42417,0,0,0,,,
81.612,pf,map,-1.86139,-0.60561,1.45949,0.0643746,0.0600667,0.00277685,7.75517,462.882,0
81.648,odom,map,-1.80923,-0.64729,1.40649,0,0,0,,,
81.684,odom,map,-1.80786,-0.639469,1.38861,0,0,0,,,
81.72,odom,map,-1.80638,-0.631778,1.37052,0,0,0,,,
81.756,odom,map,-1.80482,-0.624451,1.35189,0,0,0,,,
81.792,odom,map,-1.80319,-0.617457,1.33295,0,0,0,,,
81.828,odom,map,-1.80147,-0.610634,1.3139,0,0,0,,,
81.792,ekf_predict_only,map,-1.85837,-0.624378,1.31993,67.1796,103.829,-28.5232,,,
81.792,ekf,map,-1.86409,-0.581509,1.34819,0.067703,0.0676239,6.15282e-06,0.060459,,
81.792,kf,map,-1.86423,-0.581921,1.34732,0.0623768,0.0623768,-1.79395e-48,0.433667,,
81.792,pf,map,-1.87539,-0.57155,1.38187,0.0711373,0.0619636,0.00270941,8.81158,466.128,0
81.864,odom,map,-1.79966,-0.603981,1.29472,0,0,0,,,
81.9,odom,map,-1.79781,-0.597686,1.27513,0,0,0,,,
81.936,odom,map,-1.79595,-0.591784,1.25504,0,0,0,,,
81.972,odom,map,-1.79401,-0.586055,1.23477,0,0,0,,,
82.008,odom,map,-1.79202,-0.580544,1.21435,0,0,0,,,
82.008,ekf_predict_only,map,-1.85037,-0.593137,1.1946,66.4206,103.469,-27.5149,,,
82.008,ekf,map,-1.85399,-0.545114,1.22928,0.0687554,0.0686777,2.90654e-06,0.061708,,
82.008,kf,map,-1.85427,-0.545719,1.22839,0.0625528,0.0625528,-2.51565e-49,0.100417,,
82.002,amcl,map,-1.79565,-0.59226,1.23293,0.0208168,0.058756,-0.00312143,,,
82.008,pf,map,-1.86357,-0.54332,1.2437,0.0575641,0.0600275,0.00378184,12.0261,465.061,0
82.044,odom,map,-1.79005,-0.575413,1.19358,0,0,0,,,
82.08,odom,map,-1.78802,-0.570436,1.17269,0,0,0,,,
82.116,odom,map,-1.78594,-0.565642,1.15166,0,0,0,,,
82.152,odom,map,-1.78401,-0.561412,1.1301,0,0,0,,,
82.188,odom,map,-1.78218,-0.557654,1.10833,0,0,0,,,
82.224,odom,map,-1.78005,-0.5537,1.08713,0,0,0,,,
82.188,ekf_predict_only,map,-1.84296,-0.574383,1.08568,66.0222,103.145,-26.88,,,
82.188,ekf,map,-1.84449,-0.521846,1.1243,0.0677033,0.0676495,2.02797e-07,0.055708,,
82.188,kf,map,-1.84479,-0.522413,1.12366,0.0623767,0.0623767,-3.56093e-50,0.1085,,
82.188,pf,map,-1.85268,-0.527252,1.11256,0.0581966,0.0632758,0.00240531,7.29321,474.554,0
82.26,odom,map,-1.7778,-0.549827,1.06604,0,0,0,,,
82.296,odom,map,-1.77565,-0.546283,1.0448,0,0,0,,,
82.332,odom,map,-1.77362,-0.543075,1.02345,0,0,0,,,
82.368,odom,map,-1.77161,-0.540006,1.00206,0,0,0,,,
82.404,odom,map,-1.76966,-0.537147,0.980485,0,0,0,,,
82.404,ekf_predict_only,map,-1.83535,-0.559955,0.950831,65.7475,102.812,-26.3705,,,
82.404,ekf,map,-1.83474,-0.50385,0.992036,0.0687503,0.0687035,-1.51114e-06,0.061333,,
82.404,kf,map,-1.83509,-0.504361,0.991566,0.0625527,0.0625527,-4.99348e-51,0.055459,,
82.401,amcl,map,-1.7672,-0.558481,1.00277,0.0177513,0.0528568,-0.00189973,,,
82.404,pf,map,-1.81655,-0.501719,0.982791,0.0635005,0.0654064,-0.00495002,5.05421,478.065,0
82.44,odom,map,-1.76828,-0.535133,0.958019,0,0,0,,,
82.476,odom,map,-1.76704,-0.533415,0.935486,0,0,0,,,
82.512,odom,map,-1.76583,-0.531805,0.912917,0,0,0,,,
82.548,odom,map,-1.76474,-0.530424,0.8903,0,0,0,,,
82.584,odom,map,-1.7639,-0.529413,0.867506,0,0,0,,,
82.62,odom,map,-1.76319,-0.528597,0.844623,0,0,0,,,
82.584,ekf_predict_only,map,-1.83308,-0.556767,0.836045,65.7657,102.783,-26.2508,,,
82.584,ekf,map,-1.82938,-0.496497,0.879268,0.0676954,0.067666,-1.53933e-06,0.056167,,
82.584,kf,map,-1.82976,-0.497009,0.878934,0.0623767,0.0623767,-7.06833e-52,0.058292,,
82.584,pf,map,-1.81701,-0.473836,0.882741,0.0542765,0.0637389,-0.00356282,5.82146,463.192,0
82.656,odom,map,-1.76267,-0.528017,0.821666,0,0,0,,,
82.692,odom,map,-1.76224,-0.527575,0.798604,0,0,0,,,
82.728,odom,map,-1.76205,-0.527383,0.775767,0,0,0,,,
82.764,odom,map,-1.76194,-0.527278,0.752988,0,0,0,,,
82.8,odom,map,-1.76196,-0.527295,0.72999,0,0,0,,,
82.8,ekf_predict_only,map,-1.83329,-0.556998,0.697922,65.8716,102.895,-26.26,,,
82.8,kf,map,-1.82744,-0.494223,0.742004,0.0625527,0.0625527,-9.9119e-53,0.066167,,
82.8,ekf,map,-1.82707,-0.493764,0.742226,0.0687395,0.0687163,-1.50073e-06,0.057334,,
82.8,amcl,map,-1.76877,-0.545517,0.75514,0.0205652,0.0421792,-0.00161047,,,
82.8,pf,map,-1.82824,-0.470713,0.750441,0.0640212,0.0671597,-0.00244959,10.9065,450.528,0
82.836,odom,map,-1.76326,-0.529801,0.708954,0,0,0,,,
82.872,odom,map,-1.76478,-0.532538,0.68827,0,0,0,,,
82.908,odom,map,-1.76644,-0.535371,0.667686,0,0,0,,,
82.944,odom,map,-1.76823,-0.538293,0.647095,0,0,0,,,
82.98,odom,map,-1.77017,-0.541303,0.626648,0,0,0,,,
83.016,odom,map,-1.77181,-0.543449,0.605612,0,0,0,,,
83.016,ekf_predict_only,map,-1.83926,-0.562009,0.565483,66.1004,103.334,-26.4792,,,
83.016,ekf,map,-1.83031,-0.496198,0.608764,0.0689768,0.0689609,-1.16337e-06,0.391875,,
83.016,kf,map,-1.83068,-0.496633,0.608775,0.0625774,0.0625774,-1.38811e-53,0.067917,,
83.016,pf,map,-1.83017,-0.468981,0.614336,0.0564352,0.0609769,0.00333092,9.29083,480.744,0
83.052,odom,map,-1.77289,-0.544177,0.583539,0,0,0,,,
83.088,odom,map,-1.77407,-0.544943,0.56168,0,0,0,,,
83.124,odom,map,-1.77544,-0.545782,0.540149,0,0,0,,,
83.16,odom,map,-1.77695,-0.546667,0.518832,0,0,0,,,
83.196,odom,map,-1.77854,-0.547549,0.497585,0,0,0,,,
83.196,ekf_predict_only,map,-1.84707,-0.566967,0.46043,66.3286,103.88,-26.7218,,,
83.196,ekf,map,-1.83655,-0.499829,0.501386,0.0676822,0.0676733,-8.85498e-07,0.054833,,
83.196,kf,map,-1.83679,-0.500125,0.501572,0.0623802,0.0623802,-1.96452e-54,0.059458,,
83.232,odom,map,-1.77872,-0.549595,0.478145,0,0,0,,,
83.202,amcl,map,-1.78633,-0.550296,0.511484,0.0135313,0.0369751,-0.00259506,,,
83.196,pf,map,-1.82363,-0.489243,0.494329,0.0635679,0.0594761,-0.00198199,7.14667,493.655,0
83.268,odom,map,-1.77888,-0.551832,0.459061,0,0,0,,,
83.304,odom,map,-1.7792,-0.55411,0.440168,0,0,0,,,
83.34,odom,map,-1.77962,-0.556389,0.42145,0,0,0,,,
83.376,odom,map,-1.78015,-0.558678,0.403032,0,0,0,,,
83.412,odom,map,-1.78133,-0.560578,0.384284,0,0,0,,,
83.412,ekf_predict_only,map,-1.86091,-0.573831,0.340541,66.6078,104.776,-27.0997,,,
83.412,kf,map,-1.84873,-0.50567,0.378504,0.0625532,0.0625532,-2.75477e-55,0.098,,
83.412,ekf,map,-1.8485,-0.505385,0.378135,0.0686642,0.0686581,-1.27476e-06,0.054916,,
83.412,pf,map,-1.82601,-0.502717,0.367063,0.0615204,0.0698802,-0.000959612,7.78042,459.849,0
83.448,odom,map,-1.78373,-0.561519,0.364302,0,0,0,,,
83.484,odom,map,-1.78625,-0.562452,0.344514,0,0,0,,,
83.52,odom,map,-1.7889,-0.563372,0.325202,0,0,0,,,
83.556,odom,map,-1.79159,-0.564251,0.3063,0,0,0,,,
83.592,odom,map,-1.79433,-0.565091,0.28778,0,0,0,,,
83.592,ekf_predict_only,map,-1.87492,-0.578796,0.252567,66.8384,105.689,-27.428,,,
83.628,odom,map,-1.79837,-0.565566,0.270645,0,0,0,,,
83.592,kf,map,-1.86146,-0.509786,0.284023,0.0623768,0.0623768,-3.8994e-56,0.062042,,
83.592,ekf,map,-1.8613,-0.50956,0.283355,0.0676274,0.0676248,-1.41685e-06,0.057833,,
83.601,amcl,map,-1.81506,-0.577653,0.288196,0.0170796,0.0340504,-0.00145433,,,
83.592,pf,map,-1.8453,-0.497617,0.285951,0.0658445,0.0677609,0.00301103,6.51217,464.895,0
83.664,odom,map,-1.80295,-0.565882,0.254251,0,0,0,,,
83.7,odom,map,-1.80755,-0.566156,0.238005,0,0,0,,,
83.736,odom,map,-1.81224,-0.566405,0.221972,0,0,0,,,
83.772,odom,map,-1.81673,-0.566562,0.206521,0,0,0,,,
83.808,odom,map,-1.81968,-0.566543,0.193291,0,0,0,,,
83.808,ekf_predict_only,map,-1.87492,-0.578796,0.220788,66.9384,105.789,-27.428,,,
83.808,ekf,map,-1.87218,-0.511739,0.203015,0.0686803,0.0686791,-1.5185e-06,0.058958,,
83.808,kf,map,-1.87124,-0.511673,0.207596,0.0625528,0.0625528,-5.46812e-57,0.06225,,
83.808,pf,map,-1.86085,-0.510062,0.193223,0.0629015,0.0650572,0.00226317,5.04425,470.536,0
83.844,odom,map,-1.8201,-0.566624,0.181982,0,0,0,,,
83.88,odom,map,-1.8201,-0.566624,0.173266,0,0,0,,,
83.916,odom,map,-1.8201,-0.566624,0.167141,0,0,0,,,
83.952,odom,map,-1.8201,-0.566624,0.163609,0,0,0,,,
83.988,odom,map,-1.8201,-0.566624,0.162645,0,0,0,,,
83.988,kf,map,-1.87516,-0.512425,0.171808,0.0623767,0.0623767,-7.74019e-58,0.110041,,
84.024,odom,map,-1.82094,-0.566392,0.162908,0,0,0,,,
83.988,ekf_predict_only,map,-1.87492,-0.578796,0.220788,67.0384,105.889,-27.428,,,
83.988,ekf,map,-1.87579,-0.512501,0.167301,0.0676507,0.0676503,-1.02181e-06,0.102,,
83.988,pf,map,-1.8742,-0.511895,0.174781,0.0653694,0.0600929,-0.00178023,7.84488,480.05,0
84.06,odom,map,-1.82226,-0.566029,0.163321,0,0,0,,,
84.096,odom,map,-1.82358,-0.565666,0.163733,0,0,0,,,
84.132,odom,map,-1.8249,-0.565303,0.164145,0,0,0,,,
84.168,odom,map,-1.82623,-0.56494,0.164557,0,0,0,,,
84.204,odom,map,-1.82747,-0.564597,0.164947,0,0,0,,,
84.204,ekf_predict_only,map,-1.87492,-0.578796,0.220788,67.1384,105.989,-27.428,,,
84.204,kf,map,-1.87663,-0.512708,0.158306,0.0625527,0.0625527,-1.0854e-58,0.054958,,
84.204,ekf,map,-1.87698,-0.51276,0.155568,0.068704,0.0687037,-8.36085e-07,1.18112,,
84.204,pf,map,-1.88209,-0.527667,0.151879,0.0625093,0.0656579,-0.00255172,9.03896,487.426,0
84.24,odom,map,-1.82747,-0.564597,0.164947,0,0,0,,,
84.276,odom,map,-1.82747,-0.564597,0.164947,0,0,0,,,
84.312,odom,map,-1.82747,-0.564597,0.164947,0,0,0,,,
84.348,odom,map,-1.82747,-0.564597,0.164947,0,0,0,,,
84.384,odom,map,-1.82747,-0.564597,0.164947,0,0,0,,,
84.384,ekf,map,-1.87734,-0.51284,0.151951,0.0676661,0.0676659,-5.06182e-07,0.13075,,
84.42,odom,map,-1.82782,-0.566286,0.164729,0,0,0,,,
84.384,kf,map,-1.87718,-0.512814,0.153264,0.0623767,0.0623767,-1.5364e-59,0.056041,,
84.384,ekf_predict_only,map,-1.87492,-0.578796,0.220788,67.2384,106.089,-27.428,,,
84.384,pf,map,-1.88833,-0.508457,0.137636,0.0604387,0.0643409,-0.00146489,6.56487,459.949,0
84.456,odom,map,-1.82846,-0.569328,0.164338,0,0,0,,,
84.492,odom,map,-1.82909,-0.572369,0.163946,0,0,0,,,
84.528,odom,map,-1.82972,-0.575411,0.163554,0,0,0,,,
84.564,odom,map,-1.83036,-0.578452,0.163163,0,0,0,,,
84.6,odom,map,-1.83099,-0.581493,0.162771,0,0,0,,,
84.6,ekf,map,-1.87746,-0.512866,0.150763,0.0687162,0.0687161,-3.90615e-07,0.086166,,
84.6,ekf_predict_only,map,-1.87492,-0.578796,0.220788,67.3384,106.189,-27.428,,,
84.6,kf,map,-1.87739,-0.512854,0.151361,0.0625527,0.0625527,-2.15449e-60,0.058333,,
84.6,pf,map,-1.87502,-0.513338,0.139338,0.0622775,0.05679,-0.000905869,9.58021,472.217,0
84.636,odom,map,-1.83101,-0.581578,0.162761,0,0,0,,,
84.672,odom,map,-1.83101,-0.581578,0.162761,0,0,0,,,
84.708,odom,map,-1.83101,-0.581578,0.162761,0,0,0,,,
84.744,odom,map,-1.83101,-0.581578,0.162761,0,0,0,,,
84.78,odom,map,-1.83101,-0.581578,0.162761,0,0,0,,,
84.816,ekf_predict_only,map,-1.87492,-0.578796,0.220788,67.4384,106.289,-27.428,,,
84.816,ekf,map,-1.8775,-0.512874,0.15039,0.0689608,0.0689607,-2.65256e-07,0.157209,,
84.816,kf,map,-1.87747,-0.512869,0.150649,0.0625774,0.0625774,-3.01726e-61,0.064541,,
84.816,odom,map,-1.83101,-0.581578,0.162761,0,0,0,,,
84.816,pf,map,-1.8913,-0.53552,0.139638,0.0582499,0.0631803,-0.00636171,4.43521,486.98,0
84.852,odom,map,-1.83101,-0.581578,0.162761,0,0,0,,,
84.888,odom,map,-1.83101,-0.581578,0.162761,0,0,0,,,
84.924,odom,map,-1.83101,-0.581578,0.162761,0,0,0,,,
84.96,odom,map,-1.83101,-0.581578,0.162761,0,0,0,,,
84.996,odom,map,-1.83101,-0.581578,0.162761,0,0,0,,,
85.032,odom,map,-1.83101,-0.581578,0.162761,0,0,0,,,
85.068,odom,map,-1.83101,-0.581578,0.162761,0,0,0,,,
85.104,odom,map,-1.83101,-0.581578,0.162761,0,0,0,,,
85.14,odom,map,-1.83101,-0.581578,0.162761,0,0,0,,,
85.176,odom,map,-1.83101,-0.581578,0.162761,0,0,0,,,
85.212,odom,map,-1.83101,-0.581578,0.162761,0,0,0,,,
85.248,odom,map,-1.83101,-0.581578,0.162761,0,0,0,,,
85.284,odom,map,-1.83101,-0.581578,0.162761,0,0,0,,,
85.32,odom,map,-1.83101,-0.581578,0.162761,0,0,0,,,
85.356,odom,map,-1.83101,-0.581578,0.162761,0,0,0,,,
85.392,odom,map,-1.83101,-0.581578,0.162761,0,0,0,,,
85.428,odom,map,-1.83101,-0.581578,0.162761,0,0,0,,,
85.464,odom,map,-1.83101,-0.581578,0.162761,0,0,0,,,
85.5,odom,map,-1.83101,-0.581578,0.162761,0,0,0,,,
85.536,odom,map,-1.83101,-0.581578,0.162761,0,0,0,,,
85.572,odom,map,-1.83101,-0.581578,0.162761,0,0,0,,,
85.608,odom,map,-1.83101,-0.581578,0.162761,0,0,0,,,
85.644,odom,map,-1.83101,-0.581578,0.162761,0,0,0,,,
85.68,odom,map,-1.83101,-0.581578,0.162761,0,0,0,,,
85.716,odom,map,-1.83101,-0.581578,0.162761,0,0,0,,,
85.752,odom,map,-1.83101,-0.581578,0.162761,0,0,0,,,
85.788,odom,map,-1.83101,-0.581578,0.162761,0,0,0,,,
85.824,odom,map,-1.83101,-0.581578,0.162761,0,0,0,,,
85.86,odom,map,-1.83101,-0.581578,0.162761,0,0,0,,,
85.896,odom,map,-1.83101,-0.581578,0.162761,0,0,0,,,
85.932,odom,map,-1.83101,-0.581578,0.162761,0,0,0,,,
85.968,odom,map,-1.83101,-0.581578,0.162761,0,0,0,,,
86.004,odom,map,-1.83101,-0.581578,0.162761,0,0,0,,,
86.04,odom,map,-1.83101,-0.581578,0.162761,0,0,0,,,
86.076,odom,map,-1.83101,-0.581578,0.162761,0,0,0,,,
86.112,odom,map,-1.83101,-0.581578,0.162761,0,0,0,,,
86.148,odom,map,-1.83101,-0.581578,0.162761,0,0,0,,,
86.184,odom,map,-1.83101,-0.581578,0.162761,0,0,0,,,
86.22,odom,map,-1.83101,-0.581578,0.162761,0,0,0,,,
86.256,odom,map,-1.83101,-0.581578,0.162761,0,0,0,,,
86.292,odom,map,-1.83101,-0.581578,0.162761,0,0,0,,,
86.328,odom,map,-1.83101,-0.581578,0.162761,0,0,0,,,
86.364,odom,map,-1.83101,-0.581578,0.162761,0,0,0,,,
86.4,odom,map,-1.83101,-0.581578,0.162761,0,0,0,,,
86.436,odom,map,-1.83101,-0.581578,0.162761,0,0,0,,,
86.472,odom,map,-1.83101,-0.581578,0.162761,0,0,0,,,
86.508,odom,map,-1.83101,-0.581578,0.162761,0,0,0,,,
86.544,odom,map,-1.83101,-0.581578,0.162761,0,0,0,,,
86.58,odom,map,-1.83101,-0.581578,0.162761,0,0,0,,,
86.616,odom,map,-1.83101,-0.581578,0.162761,0,0,0,,,
86.652,odom,map,-1.83101,-0.581578,0.162761,0,0,0,,,
86.688,odom,map,-1.83101,-0.581578,0.162761,0,0,0,,,
86.724,odom,map,-1.83101,-0.581578,0.162761,0,0,0,,,
86.76,odom,map,-1.83101,-0.581578,0.162761,0,0,0,,,
86.796,odom,map,-1.83101,-0.581578,0.162761,0,0,0,,,
86.832,odom,map,-1.83101,-0.581578,0.162761,0,0,0,,,
86.868,odom,map,-1.83101,-0.581578,0.162761,0,0,0,,,
86.904,odom,map,-1.83101,-0.581578,0.162761,0,0,0,,,
86.94,odom,map,-1.83101,-0.581578,0.162761,0,0,0,,,
86.976,odom,map,-1.83101,-0.581578,0.162761,0,0,0,,,
87.012,odom,map,-1.83101,-0.581578,0.162761,0,0,0,,,
87.048,odom,map,-1.83101,-0.581578,0.162761,0,0,0,,,
87.084,odom,map,-1.83101,-0.581578,0.162761,0,0,0,,,
87.12,odom,map,-1.83101,-0.581578,0.162761,0,0,0,,,
87.156,odom,map,-1.83101,-0.581578,0.162761,0,0,0,,,
87.192,odom,map,-1.83101,-0.581578,0.162761,0,0,0,,,
87.228,odom,map,-1.83101,-0.581578,0.162761,0,0,0,,,
87.264,odom,map,-1.83101,-0.581578,0.162761,0,0,0,,,
87.3,odom,map,-1.83101,-0.581578,0.162761,0,0,0,,,
87.336,odom,map,-1.83101,-0.581578,0.162761,0,0,0,,,
87.372,odom,map,-1.83101,-0.581578,0.162761,0,0,0,,,
87.408,odom,map,-1.83101,-0.581578,0.162761,0,0,0,,,
87.444,odom,map,-1.83101,-0.581578,0.162761,0,0,0,,,
87.48,odom,map,-1.83101,-0.581578,0.162761,0,0,0,,,
87.516,odom,map,-1.83101,-0.581578,0.162761,0,0,0,,,
87.552,odom,map,-1.83101,-0.581578,0.162761,0,0,0,,,
87.588,odom,map,-1.83101,-0.581578,0.162761,0,0,0,,,
87.624,odom,map,-1.83101,-0.581578,0.162761,0,0,0,,,
87.66,odom,map,-1.83101,-0.581578,0.162761,0,0,0,,,
87.696,odom,map,-1.83101,-0.581578,0.162761,0,0,0,,,
87.732,odom,map,-1.83101,-0.581578,0.162761,0,0,0,,,
87.768,odom,map,-1.83101,-0.581578,0.162761,0,0,0,,,
87.804,odom,map,-1.83101,-0.581578,0.162761,0,0,0,,,
87.84,odom,map,-1.83101,-0.581578,0.162761,0,0,0,,,
87.876,odom,map,-1.83101,-0.581578,0.162761,0,0,0,,,
87.912,odom,map,-1.83101,-0.581578,0.162761,0,0,0,,,
87.948,odom,map,-1.83101,-0.581578,0.162761,0,0,0,,,
87.984,odom,map,-1.83101,-0.581578,0.162761,0,0,0,,,
88.02,odom,map,-1.83101,-0.581578,0.162761,0,0,0,,,
88.056,odom,map,-1.83101,-0.581578,0.162761,0,0,0,,,
88.092,odom,map,-1.83101,-0.581578,0.162761,0,0,0,,,
88.128,odom,map,-1.83101,-0.581578,0.162761,0,0,0,,,
88.164,odom,map,-1.83101,-0.581578,0.162761,0,0,0,,,
88.2,odom,map,-1.83101,-0.581578,0.162761,0,0,0,,,
88.236,odom,map,-1.83101,-0.581578,0.162761,0,0,0,,,
88.272,odom,map,-1.83101,-0.581578,0.162761,0,0,0,,,
88.308,odom,map,-1.83101,-0.581578,0.162761,0,0,0,,,
88.344,odom,map,-1.83101,-0.581578,0.162761,0,0,0,,,
88.38,odom,map,-1.83101,-0.581578,0.162761,0,0,0,,,
88.416,odom,map,-1.83101,-0.581578,0.162761,0,0,0,,,
88.452,odom,map,-1.83101,-0.581578,0.162761,0,0,0,,,
88.488,odom,map,-1.83101,-0.581578,0.162761,0,0,0,,,
88.524,odom,map,-1.83101,-0.581578,0.162761,0,0,0,,,
88.56,odom,map,-1.83101,-0.581578,0.162761,0,0,0,,,
88.596,odom,map,-1.83101,-0.581578,0.162761,0,0,0,,,
88.632,odom,map,-1.83101,-0.581578,0.162761,0,0,0,,,
88.668,odom,map,-1.83101,-0.581578,0.162761,0,0,0,,,
88.704,odom,map,-1.83101,-0.581578,0.162761,0,0,0,,,
88.74,odom,map,-1.83101,-0.581578,0.162761,0,0,0,,,
88.776,odom,map,-1.83101,-0.581578,0.162761,0,0,0,,,
88.812,odom,map,-1.83101,-0.581578,0.162761,0,0,0,,,
88.848,odom,map,-1.83101,-0.581578,0.162761,0,0,0,,,
88.884,odom,map,-1.83101,-0.581578,0.162761,0,0,0,,,
88.92,odom,map,-1.83101,-0.581578,0.162761,0,0,0,,,
88.956,odom,map,-1.83101,-0.581578,0.162761,0,0,0,,,
88.992,odom,map,-1.83101,-0.581578,0.162761,0,0,0,,,
89.028,odom,map,-1.83101,-0.581578,0.162761,0,0,0,,,
89.064,odom,map,-1.83101,-0.581578,0.162761,0,0,0,,,
89.1,odom,map,-1.83101,-0.581578,0.162761,0,0,0,,,
89.136,odom,map,-1.83101,-0.581578,0.162761,0,0,0,,,
89.172,odom,map,-1.83101,-0.581578,0.162761,0,0,0,,,
89.208,odom,map,-1.83101,-0.581578,0.162761,0,0,0,,,
89.244,odom,map,-1.83101,-0.581578,0.162761,0,0,0,,,
89.28,odom,map,-1.83101,-0.581578,0.162761,0,0,0,,,
89.316,odom,map,-1.83101,-0.581578,0.162761,0,0,0,,,
89.352,odom,map,-1.83101,-0.581578,0.162761,0,0,0,,,
89.388,odom,map,-1.83101,-0.581578,0.162761,0,0,0,,,
89.424,odom,map,-1.83101,-0.581578,0.162761,0,0,0,,,
89.46,odom,map,-1.83101,-0.581578,0.162761,0,0,0,,,
89.496,odom,map,-1.83101,-0.581578,0.162761,0,0,0,,,
89.532,odom,map,-1.83101,-0.581578,0.162761,0,0,0,,,
89.568,odom,map,-1.83101,-0.581578,0.162761,0,0,0,,,
89.604,odom,map,-1.83101,-0.581578,0.162761,0,0,0,,,
89.64,odom,map,-1.83101,-0.581578,0.162761,0,0,0,,,
89.676,odom,map,-1.83101,-0.581578,0.162761,0,0,0,,,
89.712,odom,map,-1.83101,-0.581578,0.162761,0,0,0,,,
89.748,odom,map,-1.83101,-0.581578,0.162761,0,0,0,,,
89.784,odom,map,-1.83101,-0.581578,0.162761,0,0,0,,,
89.82,odom,map,-1.83101,-0.581578,0.162761,0,0,0,,,
89.856,odom,map,-1.83101,-0.581578,0.162761,0,0,0,,,
89.892,odom,map,-1.83101,-0.581578,0.162761,0,0,0,,,
89.928,odom,map,-1.83101,-0.581578,0.162761,0,0,0,,,
89.964,odom,map,-1.83101,-0.581578,0.162761,0,0,0,,,
90,odom,map,-1.83101,-0.581578,0.162761,0,0,0,,,
90.036,odom,map,-1.83101,-0.581578,0.162761,0,0,0,,,
90.072,odom,map,-1.83101,-0.581578,0.162761,0,0,0,,,
90.108,odom,map,-1.83101,-0.581578,0.162761,0,0,0,,,
90.144,odom,map,-1.83101,-0.581578,0.162761,0,0,0,,,
90.18,odom,map,-1.83101,-0.581578,0.162761,0,0,0,,,
90.216,odom,map,-1.83101,-0.581578,0.162761,0,0,0,,,
90.252,odom,map,-1.83101,-0.581578,0.162761,0,0,0,,,
90.288,odom,map,-1.83101,-0.581578,0.162761,0,0,0,,,
90.324,odom,map,-1.83101,-0.581578,0.162761,0,0,0,,,
90.36,odom,map,-1.83101,-0.581578,0.162761,0,0,0,,,
90.396,odom,map,-1.83101,-0.581578,0.162761,0,0,0,,,
90.432,odom,map,-1.83101,-0.581578,0.162761,0,0,0,,,
90.468,odom,map,-1.83101,-0.581578,0.162761,0,0,0,,,
90.504,odom,map,-1.83101,-0.581578,0.162761,0,0,0,,,
90.54,odom,map,-1.83101,-0.581578,0.162761,0,0,0,,,
90.576,odom,map,-1.83101,-0.581578,0.162761,0,0,0,,,
90.612,odom,map,-1.83101,-0.581578,0.162761,0,0,0,,,
90.648,odom,map,-1.83101,-0.581578,0.162761,0,0,0,,,
90.684,odom,map,-1.83101,-0.581578,0.162761,0,0,0,,,
90.72,odom,map,-1.83101,-0.581578,0.162761,0,0,0,,,
90.756,odom,map,-1.83101,-0.581578,0.162761,0,0,0,,,
90.792,odom,map,-1.83101,-0.581578,0.162761,0,0,0,,,
90.828,odom,map,-1.83101,-0.581578,0.162761,0,0,0,,,
90.864,odom,map,-1.83101,-0.581578,0.162761,0,0,0,,,
90.9,odom,map,-1.83101,-0.581578,0.162761,0,0,0,,,
90.936,odom,map,-1.83101,-0.581578,0.162761,0,0,0,,,
90.972,odom,map,-1.83101,-0.581578,0.162761,0,0,0,,,
91.008,odom,map,-1.83101,-0.581578,0.162761,0,0,0,,,
91.044,odom,map,-1.83101,-0.581578,0.162761,0,0,0,,,
91.08,odom,map,-1.83101,-0.581578,0.162761,0,0,0,,,
91.116,odom,map,-1.83101,-0.581578,0.162761,0,0,0,,,
91.152,odom,map,-1.83101,-0.581578,0.162761,0,0,0,,,
91.188,odom,map,-1.83101,-0.581578,0.162761,0,0,0,,,
91.224,odom,map,-1.83101,-0.581578,0.162761,0,0,0,,,
91.26,odom,map,-1.83101,-0.581578,0.162761,0,0,0,,,
91.296,odom,map,-1.83101,-0.581578,0.162761,0,0,0,,,
91.332,odom,map,-1.83101,-0.581578,0.162761,0,0,0,,,
91.368,odom,map,-1.83101,-0.581578,0.162761,0,0,0,,,
91.404,odom,map,-1.83101,-0.581578,0.162761,0,0,0,,,
91.44,odom,map,-1.83101,-0.581578,0.162761,0,0,0,,,
91.476,odom,map,-1.83101,-0.581578,0.162761,0,0,0,,,
91.512,odom,map,-1.83101,-0.581578,0.162761,0,0,0,,,
91.548,odom,map,-1.83101,-0.581578,0.162761,0,0,0,,,
91.584,odom,map,-1.83101,-0.581578,0.162761,0,0,0,,,
91.62,odom,map,-1.83101,-0.581578,0.162761,0,0,0,,,
91.656,odom,map,-1.83101,-0.581578,0.162761,0,0,0,,,
91.692,odom,map,-1.83101,-0.581578,0.162761,0,0,0,,,
91.728,odom,map,-1.83101,-0.581578,0.162761,0,0,0,,,
91.764,odom,map,-1.83101,-0.581578,0.162761,0,0,0,,,
91.8,odom,map,-1.83101,-0.581578,0.162761,0,0,0,,,
91.836,odom,map,-1.83101,-0.581578,0.162761,0,0,0,,,
91.872,odom,map,-1.83101,-0.581578,0.162761,0,0,0,,,
91.908,odom,map,-1.83101,-0.581578,0.162761,0,0,0,,,
91.944,odom,map,-1.83101,-0.581578,0.162761,0,0,0,,,
91.98,odom,map,-1.83101,-0.581578,0.162761,0,0,0,,,
92.016,odom,map,-1.83101,-0.581578,0.162761,0,0,0,,,
