time,source,frame,x,y,theta,cov_xx,cov_yy,cov_xy,runtime_ms,ess,resampling_triggered
4.8,amcl,map,-1.97798,-0.524158,-0.0122052,0.185179,0.215544,-0.0152069,,,
5.802,amcl,map,-1.99211,-0.509696,0.00796713,0.159046,0.197812,-0.00100813,,,
5.832,odom,map,-1.97798,-0.524158,-0.0122052,0,0,0,,,
5.868,odom,map,-1.97798,-0.524158,-0.0122052,0,0,0,,,
5.904,odom,map,-1.97798,-0.524158,-0.0122052,0,0,0,,,
5.94,odom,map,-1.97798,-0.524158,-0.0122052,0,0,0,,,
5.976,odom,map,-1.97798,-0.524158,-0.0122052,0,0,0,,,
6.012,odom,map,-1.97798,-0.524158,-0.0122052,0,0,0,,,
6.048,odom,map,-1.97798,-0.524158,-0.0122052,0,0,0,,,
6.084,odom,map,-1.97798,-0.524158,-0.0122052,0,0,0,,,
6.12,odom,map,-1.97798,-0.524158,-0.0122052,0,0,0,,,
6.156,odom,map,-1.97798,-0.524158,-0.0122052,0,0,0,,,
6.192,odom,map,-1.97798,-0.524158,-0.0122052,0,0,0,,,
6.228,odom,map,-1.97798,-0.524158,-0.0122052,0,0,0,,,
6.264,odom,map,-1.97798,-0.524158,-0.0122052,0,0,0,,,
6.3,odom,map,-1.97798,-0.524158,-0.0122052,0,0,0,,,
6.336,odom,map,-1.97798,-0.524158,-0.0122052,0,0,0,,,
6.372,odom,map,-1.97798,-0.524158,-0.0122052,0,0,0,,,
6.408,odom,map,-1.97798,-0.524158,-0.0122052,0,0,0,,,
6.444,odom,map,-1.97798,-0.524158,-0.0122052,0,0,0,,,
6.48,odom,map,-1.97798,-0.524158,-0.0122052,0,0,0,,,
6.516,odom,map,-1.97798,-0.524158,-0.0122052,0,0,0,,,
6.552,odom,map,-1.97798,-0.524158,-0.0122052,0,0,0,,,
6.588,odom,map,-1.97798,-0.524158,-0.0122052,0,0,0,,,
6.624,odom,map,-1.97959,-0.522503,-0.00989689,0,0,0,,,
6.66,odom,map,-1.98213,-0.519913,-0.00628394,0,0,0,,,
6.696,odom,map,-1.98466,-0.517323,-0.002671,0,0,0,,,
6.732,odom,map,-1.98719,-0.514732,0.00094195,0,0,0,,,
6.768,odom,map,-1.98972,-0.512142,0.0045549,0,0,0,,,
6.804,odom,map,-1.99211,-0.509696,0.00796713,0,0,0,,,
6.801,amcl,map,-1.97121,-0.508763,-0.00194377,0.189034,0.237186,-0.0116628,,,
6.84,odom,map,-1.99211,-0.509696,0.00796713,0,0,0,,,
6.876,odom,map,-1.99211,-0.509696,0.00796713,0,0,0,,,
6.912,odom,map,-1.99211,-0.509696,0.00796713,0,0,0,,,
6.948,odom,map,-1.99211,-0.509696,0.00796713,0,0,0,,,
6.984,odom,map,-1.99211,-0.509696,0.00796713,0,0,0,,,
7.02,odom,map,-1.99211,-0.509696,0.00796713,0,0,0,,,
7.056,odom,map,-1.99211,-0.509696,0.00796713,0,0,0,,,
7.092,odom,map,-1.99211,-0.509696,0.00796713,0,0,0,,,
7.128,odom,map,-1.99211,-0.509696,0.00796713,0,0,0,,,
7.164,odom,map,-1.99211,-0.509696,0.00796713,0,0,0,,,
7.2,odom,map,-1.99211,-0.509696,0.00796713,0,0,0,,,
7.236,odom,map,-1.99211,-0.509696,0.00796713,0,0,0,,,
7.272,odom,map,-1.99211,-0.509696,0.00796713,0,0,0,,,
7.308,odom,map,-1.99211,-0.509696,0.00796713,0,0,0,,,
7.344,odom,map,-1.99211,-0.509696,0.00796713,0,0,0,,,
7.38,odom,map,-1.99211,-0.509696,0.00796713,0,0,0,,,
7.416,odom,map,-1.99211,-0.509696,0.00796713,0,0,0,,,
7.452,odom,map,-1.99211,-0.509696,0.00796713,0,0,0,,,
7.488,odom,map,-1.99211,-0.509696,0.00796713,0,0,0,,,
7.524,odom,map,-1.99211,-0.509696,0.00796713,0,0,0,,,
7.56,odom,map,-1.99211,-0.509696,0.00796713,0,0,0,,,
7.596,odom,map,-1.99211,-0.509696,0.00796713,0,0,0,,,
7.632,odom,map,-1.98878,-0.509548,0.00638927,0,0,0,,,
7.668,odom,map,-1.98504,-0.50938,0.00461419,0,0,0,,,
7.704,odom,map,-1.9813,-0.509213,0.0028391,0,0,0,,,
7.74,odom,map,-1.97755,-0.509046,0.00106401,0,0,0,,,
7.776,odom,map,-1.97381,-0.508879,-0.000711071,0,0,0,,,
7.812,odom,map,-1.97121,-0.508763,-0.00194377,0,0,0,,,
7.8,amcl,map,-1.96389,-0.474574,-0.000707073,0.188297,0.239974,-0.0126841,,,
7.848,odom,map,-1.97121,-0.508763,-0.00194377,0,0,0,,,
7.884,odom,map,-1.97121,-0.508763,-0.00194377,0,0,0,,,
7.92,odom,map,-1.97121,-0.508763,-0.00194377,0,0,0,,,
7.956,odom,map,-1.97121,-0.508763,-0.00194377,0,0,0,,,
7.992,odom,map,-1.97121,-0.508763,-0.00194377,0,0,0,,,
8.028,odom,map,-1.97121,-0.508763,-0.00194377,0,0,0,,,
8.064,odom,map,-1.97121,-0.508763,-0.00194377,0,0,0,,,
8.1,odom,map,-1.97121,-0.508763,-0.00194377,0,0,0,,,
8.136,odom,map,-1.97121,-0.508763,-0.00194377,0,0,0,,,
8.172,odom,map,-1.97121,-0.508763,-0.00194377,0,0,0,,,
8.208,odom,map,-1.97121,-0.508763,-0.00194377,0,0,0,,,
8.244,odom,map,-1.97121,-0.508763,-0.00194377,0,0,0,,,
8.28,odom,map,-1.97121,-0.508763,-0.00194377,0,0,0,,,
8.316,odom,map,-1.97121,-0.508763,-0.00194377,0,0,0,,,
8.352,odom,map,-1.97121,-0.508763,-0.00194377,0,0,0,,,
8.388,odom,map,-1.97121,-0.508763,-0.00194377,0,0,0,,,
8.424,odom,map,-1.97121,-0.508763,-0.00194377,0,0,0,,,
8.46,odom,map,-1.97121,-0.508763,-0.00194377,0,0,0,,,
8.496,odom,map,-1.97121,-0.508763,-0.00194377,0,0,0,,,
8.532,odom,map,-1.97121,-0.508763,-0.00194377,0,0,0,,,
8.568,odom,map,-1.97121,-0.508763,-0.00194377,0,0,0,,,
8.604,odom,map,-1.97113,-0.508418,-0.00193128,0,0,0,,,
8.64,odom,map,-1.9698,-0.502202,-0.00170642,0,0,0,,,
8.676,odom,map,-1.96847,-0.495985,-0.00148157,0,0,0,,,
8.712,odom,map,-1.96714,-0.489769,-0.00125672,0,0,0,,,
8.748,odom,map,-1.96581,-0.483553,-0.00103186,0,0,0,,,
8.784,odom,map,-1.96448,-0.477336,-0.000807008,0,0,0,,,
8.82,odom,map,-1.96389,-0.474574,-0.000707073,0,0,0,,,
8.856,odom,map,-1.96389,-0.474574,-0.000707073,0,0,0,,,
8.892,odom,map,-1.96389,-0.474574,-0.000707073,0,0,0,,,
8.928,odom,map,-1.96389,-0.474574,-0.000707073,0,0,0,,,
8.964,odom,map,-1.96389,-0.474574,-0.000707073,0,0,0,,,
9,odom,map,-1.96389,-0.474574,-0.000707073,0,0,0,,,
9,ekf_predict_only,map,-2,-0.5,0,0.1,0.1,0,,,
9,kf,map,-2,-0.5,7.23973e-22,0.0872177,0.0872177,0,0.06725,,
9,ekf,map,-2,-0.5,7.23973e-22,0.0872177,0.0872177,0,0.05775,,
9,pf,map,-1.98821,-0.518122,-0.0293448,0.146043,0.156474,-0.00324041,4.60767,211.674,0
9.036,odom,map,-1.96389,-0.474574,-0.000707073,0,0,0,,,
9.072,odom,map,-1.96389,-0.474574,-0.000707073,0,0,0,,,
9.108,odom,map,-1.96389,-0.474574,-0.000707073,0,0,0,,,
9.144,odom,map,-1.96389,-0.474574,-0.000707073,0,0,0,,,
9.18,odom,map,-1.96389,-0.474574,-0.000707073,0,0,0,,,
9.216,odom,map,-1.96389,-0.474574,-0.000707073,0,0,0,,,
9.216,ekf,map,-2,-0.5,2.623e-21,0.0855235,0.0855235,0,0.074541,,
9.216,kf,map,-2,-0.5,2.54914e-21,0.0821972,0.0821972,0,0.072917,,
9.216,ekf_predict_only,map,-2,-0.5,0,0.15,0.15,0,,,
9.216,pf,map,-2.01447,-0.534997,-0.0040679,0.0998713,0.0943368,0.00636967,4.79892,648.593,0
9.252,odom,map,-1.96389,-0.474574,-0.000707073,0,0,0,,,
9.288,odom,map,-1.96389,-0.474574,-0.000707073,0,0,0,,,
9.324,odom,map,-1.96389,-0.474574,-0.000707073,0,0,0,,,
9.36,odom,map,-1.96389,-0.474574,-0.000707073,0,0,0,,,
9.396,odom,map,-1.96389,-0.474574,-0.000707073,0,0,0,,,
9.396,ekf,map,-2,-0.5,4.24067e-22,0.0860095,0.0860095,0,0.104958,,
9.396,kf,map,-2,-0.5,5.29009e-22,0.0801739,0.0801739,0,0.075542,,
9.432,odom,map,-1.96389,-0.474574,-0.000707073,0,0,0,,,
9.396,ekf_predict_only,map,-2,-0.5,0,0.2,0.2,0,,,
9.396,pf,map,-2.01228,-0.538001,-0.0125,0.0901958,0.0793854,-4.60893e-05,5.99842,734.505,0
9.468,odom,map,-1.96389,-0.474574,-0.000707073,0,0,0,,,
9.504,odom,map,-1.96389,-0.474574,-0.000707073,0,0,0,,,
9.54,odom,map,-1.96389,-0.474574,-0.000707073,0,0,0,,,
9.576,odom,map,-1.96389,-0.474574,-0.000707073,0,0,0,,,
9.612,odom,map,-1.96389,-0.474574,-0.000707073,0,0,0,,,
9.612,kf,map,-2,-0.5,-5.63918e-22,0.0797017,0.0797017,0,0.059209,,
9.612,ekf_predict_only,map,-2,-0.5,0,0.25,0.25,0,,,
9.612,ekf,map,-2,-0.5,-7.54964e-22,0.0894017,0.0894017,0,0.064292,,
9.612,pf,map,-2.01762,-0.514819,-0.00190184,0.0760609,0.0824075,0.00409473,4.89946,763.534,0
9.648,odom,map,-1.96389,-0.474574,-0.000707073,0,0,0,,,
9.684,odom,map,-1.96389,-0.474574,-0.000707073,0,0,0,,,
9.72,odom,map,-1.96389,-0.474574,-0.000707073,0,0,0,,,
9.756,odom,map,-1.96364,-0.474574,-0.000483047,0,0,0,,,
9.792,odom,map,-1.96218,-0.474574,0.000230501,0,0,0,,,
9.792,kf,map,-1.99042,-0.5,0.00275614,0.0792714,0.0792714,0,0.067708,,
9.792,ekf_predict_only,map,-1.98525,-0.5,0.00395023,0.3,0.300026,0,,,
9.828,odom,map,-1.9595,-0.474572,0.00102055,0,0,0,,,
9.792,ekf,map,-1.99114,-0.500006,0.00258948,0.0903367,0.0903387,1.55992e-27,0.060625,,
9.792,pf,map,-2.03035,-0.485636,-0.00495186,0.0811811,0.0848662,-0.000587427,6.99442,776.834,0
9.864,odom,map,-1.95615,-0.474568,0.00126911,0,0,0,,,
9.9,odom,map,-1.95169,-0.474563,0.000801491,0,0,0,,,
9.936,odom,map,-1.94613,-0.474561,-0.000153242,0,0,0,,,
9.972,odom,map,-1.94028,-0.474565,-0.00112641,0,0,0,,,
10.008,odom,map,-1.93414,-0.474576,-0.00255684,0,0,0,,,
10.008,pf,map,-1.99827,-0.485542,-0.0211915,0.0884322,0.0871194,0.00322406,6.48758,771.094,0
10.008,ekf,map,-1.96074,-0.499892,-0.00526909,0.0936441,0.0936726,-4.80604e-08,2.44754,,
10.008,kf,map,-1.95903,-0.499928,-0.00562675,0.0793743,0.0793743,0,0.39025,,
10.008,ekf_predict_only,map,-1.94648,-0.499847,-0.006918,0.35,0.350381,-1.13184e-06,,,
10.044,odom,map,-1.92731,-0.4746,-0.00469645,0,0,0,,,
10.08,odom,map,-1.91986,-0.474645,-0.00721357,0,0,0,,,
10.116,odom,map,-1.91207,-0.474712,-0.0100574,0,0,0,,,
10.152,odom,map,-1.90398,-0.474806,-0.0132108,0,0,0,,,
10.188,odom,map,-1.89576,-0.474928,-0.0165693,0,0,0,,,
10.224,odom,map,-1.88724,-0.475084,-0.0199829,0,0,0,,,
10.188,ekf,map,-1.92422,-0.500131,-0.0192966,0.0934234,0.0935083,7.30924e-08,0.056834,,
10.188,kf,map,-1.92216,-0.500225,-0.0199701,0.079152,0.079152,0,0.12175,,
10.188,ekf_predict_only,map,-1.90325,-0.500146,-0.0239518,0.4,0.401338,2.31704e-06,,,
10.188,pf,map,-1.9569,-0.49112,-0.0311282,0.0835281,0.0927796,0.00439078,4.733,770.583,0
10.26,odom,map,-1.8786,-0.475271,-0.0233897,0,0,0,,,
10.296,odom,map,-1.86993,-0.47549,-0.0270381,0,0,0,,,
10.332,odom,map,-1.86107,-0.475746,-0.0308784,0,0,0,,,
10.368,odom,map,-1.852,-0.476045,-0.0351679,0,0,0,,,
10.404,odom,map,-1.84293,-0.476384,-0.0395661,0,0,0,,,
10.404,ekf,map,-1.87396,-0.501314,-0.042994,0.0960638,0.0962864,1.41592e-06,0.076375,,
10.404,ekf_predict_only,map,-1.84829,-0.501463,-0.0514557,0.45,0.453547,3.74073e-05,,,
10.404,kf,map,-1.8719,-0.501482,-0.0440568,0.0793308,0.0793308,0,0.063834,,
10.404,pf,map,-1.93041,-0.499384,-0.0428665,0.0757698,0.0779351,-0.0017396,5.04233,756.058,0
10.44,odom,map,-1.8338,-0.476767,-0.0441036,0,0,0,,,
10.476,odom,map,-1.82466,-0.477192,-0.048945,0,0,0,,,
10.512,odom,map,-1.81553,-0.477662,-0.0538883,0,0,0,,,
10.548,odom,map,-1.80642,-0.478175,-0.0588022,0,0,0,,,
10.584,odom,map,-1.79733,-0.478733,-0.0637568,0,0,0,,,
10.584,ekf,map,-1.83085,-0.503552,-0.0656304,0.0950031,0.0953174,4.31282e-06,0.059375,,
10.584,ekf_predict_only,map,-1.80287,-0.503802,-0.076409,0.500003,0.506314,0.000133293,,,
10.62,odom,map,-1.78826,-0.479335,-0.0687475,0,0,0,,,
10.584,kf,map,-1.82922,-0.503705,-0.0666517,0.0791361,0.0791361,0,0.053584,,
10.584,pf,map,-1.88816,-0.484565,-0.0805675,0.0761293,0.0778083,-0.00268378,6.66962,782.422,0
10.656,odom,map,-1.77928,-0.479976,-0.073851,0,0,0,,,
10.692,odom,map,-1.77031,-0.480663,-0.0790915,0,0,0,,,
10.728,odom,map,-1.76138,-0.481394,-0.0843722,0,0,0,,,
10.764,odom,map,-1.75249,-0.48217,-0.0896581,0,0,0,,,
10.8,odom,map,-1.74359,-0.482994,-0.0948258,0,0,0,,,
10.8,ekf_predict_only,map,-1.74838,-0.507974,-0.107112,0.550014,0.560905,0.000380487,,,
10.8,kf,map,-1.77667,-0.50771,-0.0960713,0.079325,0.079325,0,0.056875,,
10.8,ekf,map,-1.77796,-0.507644,-0.0952707,0.0972107,0.0977053,1.22124e-05,0.105667,,
10.8,pf,map,-1.8148,-0.486215,-0.0968962,0.0661735,0.0795499,-0.00163798,9.02033,780.613,0
10.836,odom,map,-1.73455,-0.483877,-0.0999416,0,0,0,,,
10.872,odom,map,-1.72562,-0.484796,-0.104931,0,0,0,,,
10.908,odom,map,-1.71679,-0.485746,-0.109827,0,0,0,,,
10.944,odom,map,-1.70793,-0.486746,-0.114542,0,0,0,,,
10.98,odom,map,-1.69913,-0.487778,-0.11921,0,0,0,,,
11.016,odom,map,-1.6904,-0.488844,-0.123622,0,0,0,,,
11.016,ekf,map,-1.72604,-0.513396,-0.121877,0.098337,0.0989581,2.31127e-05,0.080041,,
11.016,kf,map,-1.72517,-0.513281,-0.12215,0.0793938,0.0793938,0,0.065625,,
11.016,ekf_predict_only,map,-1.69606,-0.513599,-0.132688,0.600043,0.61675,0.000829782,,,
11.001,amcl,map,-1.68768,-0.488987,-0.121283,0.151592,0.221543,-0.0298552,,,
11.016,pf,map,-1.78115,-0.470747,-0.132,0.0767848,0.077187,-0.00212496,8.57433,779.163,0
11.052,odom,map,-1.68168,-0.489946,-0.127758,0,0,0,,,
11.088,odom,map,-1.67296,-0.491084,-0.131851,0,0,0,,,
11.124,odom,map,-1.66419,-0.492266,-0.13587,0,0,0,,,
11.16,odom,map,-1.65534,-0.493492,-0.139594,0,0,0,,,
11.196,odom,map,-1.64646,-0.494756,-0.143154,0,0,0,,,
11.196,ekf,map,-1.68174,-0.519501,-0.14011,0.096179,0.0967907,3.11077e-05,0.0675,,
11.232,odom,map,-1.6375,-0.496063,-0.146434,0,0,0,,,
11.196,kf,map,-1.68108,-0.519266,-0.139882,0.0791591,0.0791591,0,0.112875,,
11.196,ekf_predict_only,map,-1.65106,-0.519606,-0.148739,0.650094,0.673011,0.00143788,,,
11.196,pf,map,-1.73185,-0.487372,-0.162182,0.0849562,0.0861973,0.00038496,5.83692,779.422,0
11.268,odom,map,-1.62853,-0.4974,-0.149449,0,0,0,,,
11.304,odom,map,-1.61956,-0.498764,-0.152423,0,0,0,,,
11.34,odom,map,-1.6105,-0.500169,-0.155199,0,0,0,,,
11.376,odom,map,-1.60129,-0.501623,-0.157702,0,0,0,,,
11.412,odom,map,-1.5919,-0.503126,-0.159723,0,0,0,,,
11.412,ekf_predict_only,map,-1.59451,-0.528079,-0.160237,0.700203,0.732653,0.00252608,,,
11.412,kf,map,-1.62586,-0.527655,-0.154409,0.0793334,0.0793334,0,0.056416,,
11.412,ekf,map,-1.62654,-0.528028,-0.15524,0.0978514,0.0985952,5.20748e-05,0.059125,,
11.412,pf,map,-1.64827,-0.519437,-0.15727,0.0861899,0.0829579,-0.000821389,5.15475,758.448,0
11.448,odom,map,-1.58249,-0.50465,-0.161639,0,0,0,,,
11.484,odom,map,-1.57307,-0.506197,-0.16345,0,0,0,,,
11.52,odom,map,-1.56344,-0.507792,-0.164785,0,0,0,,,
11.556,odom,map,-1.55368,-0.50942,-0.165723,0,0,0,,,
11.592,odom,map,-1.54389,-0.511061,-0.166512,0,0,0,,,
11.592,ekf,map,-1.57802,-0.536213,-0.161192,0.0960308,0.0967529,6.31926e-05,0.058625,,
11.628,odom,map,-1.53392,-0.51274,-0.166983,0,0,0,,,
11.592,kf,map,-1.57726,-0.535771,-0.159937,0.0791371,0.0791371,0,0.057625,,
11.592,ekf_predict_only,map,-1.54418,-0.536214,-0.161922,0.750353,0.793019,0.00382816,,,
11.592,pf,map,-1.59911,-0.516679,-0.181311,0.0815103,0.0785338,-0.000131328,7.94763,771.745,0
11.664,odom,map,-1.52379,-0.514448,-0.166975,0,0,0,,,
11.7,odom,map,-1.51363,-0.516159,-0.16673,0,0,0,,,
11.736,odom,map,-1.50337,-0.517884,-0.16628,0,0,0,,,
11.772,odom,map,-1.49293,-0.51963,-0.165005,0,0,0,,,
11.808,odom,map,-1.48211,-0.521398,-0.163043,0,0,0,,,
11.808,kf,map,-1.51548,-0.546215,-0.152916,0.0793254,0.0793254,0,0.06725,,
11.808,ekf_predict_only,map,-1.48047,-0.546621,-0.148697,0.800615,0.858748,0.0059128,,,
11.808,ekf,map,-1.51638,-0.546829,-0.155005,0.0978753,0.0987501,9.46573e-05,0.058875,,
11.808,pf,map,-1.54359,-0.537672,-0.177965,0.0827518,0.0861276,-0.00287702,4.81804,766.518,0
11.844,odom,map,-1.47035,-0.523218,-0.160749,0,0,0,,,
11.88,odom,map,-1.4584,-0.525043,-0.158341,0,0,0,,,
11.916,odom,map,-1.44598,-0.526912,-0.155582,0,0,0,,,
11.952,odom,map,-1.43317,-0.528806,-0.152491,0,0,0,,,
11.988,odom,map,-1.42019,-0.530687,-0.149311,0,0,0,,,
11.988,ekf,map,-1.45879,-0.556076,-0.143376,0.0961077,0.096973,0.00010672,0.123834,,
11.988,kf,map,-1.45762,-0.555483,-0.141191,0.0791341,0.0791341,0,0.061375,,
11.988,ekf_predict_only,map,-1.41956,-0.555745,-0.131811,0.850912,0.926688,0.00824834,,,
12.024,odom,map,-1.40774,-0.532507,-0.146003,0,0,0,,,
11.988,pf,map,-1.48309,-0.569254,-0.171004,0.0721411,0.0752667,-0.00680968,5.00246,789.14,0
12,amcl,map,-1.42003,-0.532082,-0.144124,0.127261,0.179844,-0.024532,,,
12.06,odom,map,-1.39526,-0.53432,-0.14234,0,0,0,,,
12.096,odom,map,-1.38264,-0.536104,-0.138606,0,0,0,,,
12.132,odom,map,-1.36978,-0.537873,-0.134682,0,0,0,,,
12.168,odom,map,-1.35643,-0.539653,-0.130399,0,0,0,,,
12.204,odom,map,-1.34285,-0.541403,-0.125973,0,0,0,,,
12.204,ekf,map,-1.38113,-0.56718,-0.121059,0.097976,0.0990793,0.000150143,0.108791,,
12.204,kf,map,-1.37962,-0.566657,-0.118899,0.0793243,0.0793243,0,0.060334,,
12.204,ekf_predict_only,map,-1.33771,-0.566596,-0.105005,0.901354,1.00558,0.0118302,,,
12.204,pf,map,-1.42905,-0.573689,-0.163597,0.0853762,0.082731,1.06209e-05,6.66979,782.556,0
12.24,odom,map,-1.32919,-0.543102,-0.121505,0,0,0,,,
12.276,odom,map,-1.3154,-0.544753,-0.11678,0,0,0,,,
12.312,odom,map,-1.30145,-0.546355,-0.111899,0,0,0,,,
12.348,odom,map,-1.28735,-0.547904,-0.107012,0,0,0,,,
12.384,odom,map,-1.27311,-0.549399,-0.102031,0,0,0,,,
12.384,ekf,map,-1.31234,-0.575159,-0.0979935,0.0961903,0.0973231,0.000158228,0.05625,,
12.384,kf,map,-1.31086,-0.574734,-0.0960832,0.0791337,0.0791337,0,0.062333,,
12.384,ekf_predict_only,map,-1.26577,-0.574179,-0.0784299,0.951723,1.08575,0.0151704,,,
12.42,odom,map,-1.25873,-0.550834,-0.0968413,0,0,0,,,
12.384,pf,map,-1.3753,-0.578982,-0.141857,0.0807369,0.0813456,0.00383484,5.31329,765.57,0
12.456,odom,map,-1.24416,-0.55221,-0.0915775,0,0,0,,,
12.492,odom,map,-1.22947,-0.553521,-0.0863392,0,0,0,,,
12.528,odom,map,-1.21464,-0.554763,-0.080925,0,0,0,,,
12.564,odom,map,-1.19977,-0.55593,-0.0756874,0,0,0,,,
12.6,odom,map,-1.18484,-0.557023,-0.070424,0,0,0,,,
12.6,kf,map,-1.22372,-0.582648,-0.0666547,0.0793242,0.0793242,0,0.126625,,
12.6,ekf,map,-1.22505,-0.582891,-0.0681487,0.0980464,0.0995096,0.000198914,0.059875,,
12.6,ekf_predict_only,map,-1.17615,-0.581222,-0.0466592,1.00211,1.17997,0.0193882,,,
12.6,pf,map,-1.29259,-0.579847,-0.111285,0.0820899,0.0757963,0.00205282,5.05783,784.357,0
12.636,odom,map,-1.16989,-0.558038,-0.0651288,0,0,0,,,
12.672,odom,map,-1.15489,-0.558976,-0.0598692,0,0,0,,,
12.708,odom,map,-1.1399,-0.559836,-0.0546591,0,0,0,,,
12.744,odom,map,-1.12504,-0.56061,-0.0494293,0,0,0,,,
12.78,odom,map,-1.11028,-0.561301,-0.0441797,0,0,0,,,
12.816,ekf,map,-1.1378,-0.587706,-0.0376636,0.0988956,0.100583,0.000212623,0.070208,,
12.816,kf,map,-1.13694,-0.587675,-0.0366038,0.0793935,0.0793935,0,0.08475,,
12.816,odom,map,-1.09589,-0.561874,-0.0386475,0,0,0,,,
12.816,ekf_predict_only,map,-1.08854,-0.585313,-0.0152095,1.05236,1.2807,0.0232304,,,
12.816,pf,map,-1.19051,-0.587833,-0.0630156,0.0869246,0.07679,-0.000771448,4.55663,778.107,0
12.801,amcl,map,-1.1094,-0.572553,-0.0546044,0.117284,0.162935,-0.0278829,,,
12.852,odom,map,-1.08231,-0.562284,-0.0327051,0,0,0,,,
12.888,odom,map,-1.0689,-0.562593,-0.0267753,0,0,0,,,
12.924,odom,map,-1.05561,-0.562805,-0.0210367,0,0,0,,,
12.96,odom,map,-1.04247,-0.562925,-0.0153108,0,0,0,,,
12.996,odom,map,-1.02959,-0.562952,-0.00983986,0,0,0,,,
12.996,ekf,map,-1.06904,-0.589255,-0.0140515,0.0965142,0.0980955,0.000179469,0.063875,,
13.032,odom,map,-1.01612,-0.563037,-0.00512763,0,0,0,,,
12.996,kf,map,-1.0687,-0.589408,-0.013517,0.079159,0.079159,0,0.061125,,
12.996,ekf_predict_only,map,-1.02074,-0.586344,0.00794122,1.10243,1.37528,0.0257136,,,
12.996,pf,map,-1.09571,-0.575447,-0.0325651,0.080054,0.0796331,0.0046202,4.71375,761.407,0
13.068,odom,map,-1.00266,-0.563075,-0.000573291,0,0,0,,,
13.104,odom,map,-0.989438,-0.563053,0.00384534,0,0,0,,,
13.14,odom,map,-0.976296,-0.562973,0.00836314,0,0,0,,,
13.176,odom,map,-0.963153,-0.562833,0.0128933,0,0,0,,,
13.212,ekf,map,-0.989397,-0.589523,0.0179568,0.0980794,0.099894,0.000173227,0.059375,,
13.212,kf,map,-0.989378,-0.589598,0.0189278,0.0793334,0.0793334,0,0.054917,,
13.212,ekf_predict_only,map,-0.942091,-0.585719,0.0435092,1.15239,1.48315,0.0279784,,,
13.212,odom,map,-0.950034,-0.562633,0.0180344,0,0,0,,,
13.212,pf,map,-1.00133,-0.55755,0.00192057,0.0799851,0.0780124,0.00406949,4.68646,777.081,0
13.248,odom,map,-0.936944,-0.562355,0.0246092,0,0,0,,,
13.284,odom,map,-0.923862,-0.561987,0.0316674,0,0,0,,,
13.32,odom,map,-0.910881,-0.561529,0.0391637,0,0,0,,,
13.356,odom,map,-0.898077,-0.560972,0.0478719,0,0,0,,,
13.392,odom,map,-0.885297,-0.560301,0.0573535,0,0,0,,,
13.428,odom,map,-0.872524,-0.559504,0.0671346,0,0,0,,,
13.392,pf,map,-0.933347,-0.571972,0.0520497,0.0835528,0.0771352,0.00108099,5.61221,773.438,0
13.392,ekf,map,-0.924543,-0.587642,0.0604762,0.0961658,0.0978218,0.000129667,0.106458,,
13.392,kf,map,-0.924686,-0.587516,0.0621603,0.079137,0.079137,0,0.062833,,
13.392,ekf_predict_only,map,-0.878162,-0.582936,0.0924144,1.20222,1.58525,0.0288104,,,
13.464,odom,map,-0.859815,-0.558586,0.0774896,0,0,0,,,
13.5,odom,map,-0.847199,-0.557535,0.0888931,0,0,0,,,
13.536,odom,map,-0.83478,-0.556353,0.101099,0,0,0,,,
13.572,odom,map,-0.822468,-0.555027,0.1135,0,0,0,,,
13.608,odom,map,-0.810307,-0.554208,0.125685,0,0,0,,,
13.608,ekf_predict_only,map,-0.804206,-0.576082,0.172268,1.25183,1.70148,0.0278066,,,
13.608,kf,map,-0.849721,-0.581641,0.134285,0.0793254,0.0793254,0,0.05675,,
13.608,ekf,map,-0.849432,-0.581914,0.131672,0.0979618,0.0997883,9.98993e-05,0.658666,,
13.602,amcl,map,-0.836348,-0.588103,0.0898286,0.101915,0.144153,-0.0213926,,,
13.608,pf,map,-0.855685,-0.561539,0.112717,0.0835491,0.0768749,-0.00122594,5.09592,767.328,0
13.644,odom,map,-0.79873,-0.555597,0.136388,0,0,0,,,
13.68,odom,map,-0.787331,-0.556913,0.147626,0,0,0,,,
13.716,odom,map,-0.776077,-0.558146,0.159213,0,0,0,,,
13.752,odom,map,-0.764823,-0.55927,0.171349,0,0,0,,,
13.788,odom,map,-0.753782,-0.560317,0.183895,0,0,0,,,
13.824,odom,map,-0.742429,-0.559223,0.198525,0,0,0,,,
13.788,ekf,map,-0.789981,-0.572571,0.203798,0.0961543,0.0977654,4.97517e-05,0.066166,,
13.788,kf,map,-0.790369,-0.572354,0.206516,0.0791341,0.0791341,0,0.075,,
13.788,ekf_predict_only,map,-0.746126,-0.565976,0.25109,1.30137,1.80813,0.0241991,,,
13.788,pf,map,-0.793201,-0.561162,0.18507,0.0789645,0.0854019,0.00160426,6.52796,770.733,0
13.86,odom,map,-0.730928,-0.556815,0.214456,0,0,0,,,
13.896,odom,map,-0.71973,-0.554279,0.23105,0,0,0,,,
13.932,odom,map,-0.708874,-0.551628,0.248104,0,0,0,,,
13.968,odom,map,-0.698088,-0.548797,0.265219,0,0,0,,,
14.004,odom,map,-0.68762,-0.545858,0.282514,0,0,0,,,
14.004,ekf,map,-0.724948,-0.556934,0.302265,0.0980017,0.0996957,-5.10238e-06,0.103333,,
14.004,kf,map,-0.725647,-0.55702,0.30493,0.0793243,0.0793243,0,0.0575,,
14.004,ekf_predict_only,map,-0.683937,-0.550025,0.35524,1.35091,1.92353,0.0167118,,,
14.004,pf,map,-0.722641,-0.537766,0.273041,0.0784101,0.0866203,0.00141506,4.82771,767.065,0
14.04,odom,map,-0.677573,-0.542846,0.300161,0,0,0,,,
14.076,odom,map,-0.667875,-0.53975,0.318044,0,0,0,,,
14.112,odom,map,-0.658435,-0.536548,0.335984,0,0,0,,,
14.148,odom,map,-0.649179,-0.533222,0.354072,0,0,0,,,
14.184,odom,map,-0.640348,-0.529867,0.372433,0,0,0,,,
14.184,ekf,map,-0.678155,-0.540304,0.390412,0.0962049,0.0976233,-5.07762e-05,0.098334,,
14.184,kf,map,-0.679039,-0.540677,0.392666,0.0791337,0.0791337,0,0.106166,,
14.184,ekf_predict_only,map,-0.640252,-0.533819,0.44726,1.40078,2.0225,0.00779889,,,
14.22,odom,map,-0.6317,-0.526396,0.390837,0,0,0,,,
14.184,pf,map,-0.677548,-0.522491,0.350719,0.0723616,0.086795,-0.001568,9.55954,765.881,0
14.202,amcl,map,-0.660761,-0.533924,0.36044,0.0823309,0.109872,-0.0152327,,,
14.256,odom,map,-0.623194,-0.5228,0.409338,0,0,0,,,
14.292,odom,map,-0.61515,-0.51922,0.428143,0,0,0,,,
14.328,odom,map,-0.607551,-0.515666,0.447141,0,0,0,,,
14.364,odom,map,-0.600435,-0.51217,0.466326,0,0,0,,,
14.4,odom,map,-0.593527,-0.50861,0.485542,0,0,0,,,
14.4,kf,map,-0.634236,-0.520196,0.504291,0.0793242,0.0793242,0,0.064667,,
14.4,ekf_predict_only,map,-0.599754,-0.514393,0.562209,1.45111,2.12022,-0.00398226,,,
14.4,ekf,map,-0.632954,-0.519333,0.50241,0.0980624,0.0994382,-0.000108528,0.060583,,
14.4,pf,map,-0.631288,-0.515177,0.458782,0.0767904,0.0806387,-0.00379081,5.18975,766.896,0
14.436,odom,map,-0.590263,-0.508786,0.501773,0,0,0,,,
14.472,odom,map,-0.587454,-0.509149,0.518009,0,0,0,,,
14.508,odom,map,-0.585163,-0.509692,0.534503,0,0,0,,,
14.544,odom,map,-0.583006,-0.510201,0.551044,0,0,0,,,
14.58,odom,map,-0.581202,-0.510819,0.567424,0,0,0,,,
14.616,ekf,map,-0.598643,-0.498276,0.617195,0.0989194,0.100107,-0.000144509,0.073875,,
14.616,odom,map,-0.57837,-0.510005,0.584969,0,0,0,,,
14.616,kf,map,-0.600149,-0.499583,0.618607,0.0793935,0.0793935,0,0.105334,,
14.616,ekf_predict_only,map,-0.570072,-0.495692,0.678557,1.50192,2.20667,-0.0161097,,,
14.601,amcl,map,-0.581015,-0.490352,0.590652,0.057445,0.078174,-0.0113912,,,
14.616,pf,map,-0.614013,-0.508017,0.57129,0.0806536,0.0742493,0.00138354,5.70583,782.217,0
14.652,odom,map,-0.573527,-0.506729,0.60436,0,0,0,,,
14.688,odom,map,-0.568836,-0.503423,0.623722,0,0,0,,,
14.724,odom,map,-0.564332,-0.500115,0.643148,0,0,0,,,
14.76,odom,map,-0.56005,-0.496841,0.662499,0,0,0,,,
14.796,odom,map,-0.555967,-0.493593,0.681778,0,0,0,,,
14.796,ekf,map,-0.575859,-0.480532,0.713101,0.096544,0.097404,-0.00013938,0.057708,,
14.796,kf,map,-0.577243,-0.481923,0.71406,0.079159,0.079159,0,0.101083,,
14.832,odom,map,-0.552116,-0.490405,0.701092,0,0,0,,,
14.796,ekf_predict_only,map,-0.550755,-0.480117,0.775144,1.55299,2.28108,-0.0266131,,,
14.796,pf,map,-0.571151,-0.507754,0.678402,0.0738604,0.0738135,0.00141181,6.74721,773.328,0
14.868,odom,map,-0.548568,-0.487352,0.720303,0,0,0,,,
14.904,odom,map,-0.545161,-0.484304,0.739493,0,0,0,,,
14.94,odom,map,-0.54192,-0.481292,0.758684,0,0,0,,,
14.976,odom,map,-0.539045,-0.478514,0.777698,0,0,0,,,
15.012,odom,map,-0.536657,-0.475083,0.796354,0,0,0,,,
15.012,ekf,map,-0.557026,-0.462672,0.826682,0.0981229,0.0988352,-0.000152792,0.066625,,
15.012,kf,map,-0.558389,-0.464286,0.82716,0.0793334,0.0793334,0,0.057917,,
15.012,ekf_predict_only,map,-0.535577,-0.465247,0.888256,1.60435,2.35066,-0.0368976,,,
15,amcl,map,-0.555374,-0.465381,0.794276,0.0352929,0.0385672,-0.00596526,,,
15.012,pf,map,-0.563877,-0.471424,0.799499,0.0685278,0.0753166,0.00587685,4.60958,783.424,0
15.048,odom,map,-0.534996,-0.469938,0.81443,0,0,0,,,
15.084,odom,map,-0.533481,-0.464858,0.832426,0,0,0,,,
15.12,odom,map,-0.532134,-0.459879,0.850355,0,0,0,,,
15.156,odom,map,-0.531131,-0.455213,0.867927,0,0,0,,,
15.192,odom,map,-0.530277,-0.450654,0.885367,0,0,0,,,
15.228,odom,map,-0.529004,-0.448077,0.903191,0,0,0,,,
15.192,ekf,map,-0.546767,-0.450558,0.918311,0.0962092,0.0966996,-0.000126848,0.058791,,
15.192,kf,map,-0.547996,-0.452184,0.91831,0.079137,0.079137,0,0.056042,,
15.192,ekf_predict_only,map,-0.528222,-0.4562,0.978276,1.65535,2.41027,-0.043217,,,
15.192,pf,map,-0.546035,-0.466425,0.893222,0.078696,0.0805323,-0.00419081,5.97775,776.476,0
15.264,odom,map,-0.527696,-0.446389,0.920897,0,0,0,,,
15.3,odom,map,-0.526556,-0.444861,0.938353,0,0,0,,,
15.336,odom,map,-0.525516,-0.443416,0.95572,0,0,0,,,
15.372,odom,map,-0.524653,-0.442174,0.972813,0,0,0,,,
15.408,odom,map,-0.523853,-0.440876,0.990376,0,0,0,,,
15.408,ekf,map,-0.540499,-0.441695,1.02158,0.0980085,0.0983885,-0.000117069,0.1325,,
15.408,kf,map,-0.541674,-0.443417,1.02104,0.0793254,0.0793254,0,0.06025,,
15.408,ekf_predict_only,map,-0.524646,-0.450887,1.0787,1.706,2.46498,-0.0469309,,,
15.402,amcl,map,-0.533926,-0.455998,0.996736,0.0241215,0.023149,-0.0013118,,,
15.408,pf,map,-0.544877,-0.443924,0.991014,0.0758703,0.0902318,-0.00401215,5.23646,774.896,0
15.444,odom,map,-0.522707,-0.438647,1.01036,0,0,0,,,
15.48,odom,map,-0.521663,-0.436513,1.03023,0,0,0,,,
15.516,odom,map,-0.520811,-0.434638,1.04965,0,0,0,,,
15.552,odom,map,-0.520066,-0.432898,1.06859,0,0,0,,,
15.588,odom,map,-0.519367,-0.431194,1.08733,0,0,0,,,
15.588,kf,map,-0.539111,-0.439315,1.09989,0.0791341,0.0791341,0,0.064416,,
15.624,odom,map,-0.519051,-0.43044,1.10369,0,0,0,,,
15.588,ekf_predict_only,map,-0.524027,-0.449733,1.15402,1.75614,2.51579,-0.0477316,,,
15.588,ekf,map,-0.538116,-0.437764,1.10093,0.0961902,0.0964393,-8.55185e-05,0.05425,,
15.588,pf,map,-0.545258,-0.449501,1.07284,0.0700681,0.0788061,-0.00237295,8.39079,770.524,0
15.66,odom,map,-0.518995,-0.430328,1.11832,0,0,0,,,
15.696,odom,map,-0.519067,-0.430479,1.13239,0,0,0,,,
15.732,odom,map,-0.519154,-0.430669,1.14641,0,0,0,,,
15.768,odom,map,-0.519301,-0.431,1.1604,0,0,0,,,
15.804,odom,map,-0.519732,-0.431721,1.17374,0,0,0,,,
15.804,ekf,map,-0.538393,-0.438734,1.18543,0.0980277,0.098212,-6.91988e-05,0.058875,,
15.804,kf,map,-0.539319,-0.440232,1.18385,0.0793243,0.0793243,0,0.270708,,
15.804,ekf_predict_only,map,-0.525807,-0.453754,1.23353,1.80564,2.56345,-0.0449696,,,
15.804,pf,map,-0.533389,-0.469913,1.15563,0.073335,0.0734569,-0.00336833,5.85529,771.086,0
15.84,odom,map,-0.523057,-0.434288,1.18521,0,0,0,,,
15.876,odom,map,-0.526265,-0.436569,1.19604,0,0,0,,,
15.912,odom,map,-0.52932,-0.438458,1.20438,0,0,0,,,
15.948,odom,map,-0.532381,-0.440348,1.21012,0,0,0,,,
15.984,odom,map,-0.535445,-0.442238,1.21328,0,0,0,,,
16.02,odom,map,-0.536809,-0.443078,1.21483,0,0,0,,,
15.984,kf,map,-0.538408,-0.438851,1.20569,0.0791337,0.0791337,0,0.063916,,
15.984,ekf_predict_only,map,-0.525807,-0.453754,1.23353,1.85564,2.61345,-0.0449696,,,
15.984,ekf,map,-0.537719,-0.437814,1.21122,0.096215,0.096332,-4.64775e-05,0.197916,,
16.002,amcl,map,-0.531281,-0.452068,1.22717,0.0185083,0.0233745,-0.0012758,,,
15.984,pf,map,-0.554248,-0.47213,1.21383,0.0735363,0.0742226,-0.00273085,6.96758,775.94,0
16.056,odom,map,-0.536809,-0.443078,1.21504,0,0,0,,,
16.092,odom,map,-0.536809,-0.443078,1.21504,0,0,0,,,
16.128,odom,map,-0.536809,-0.443078,1.21504,0,0,0,,,
16.164,odom,map,-0.536809,-0.443078,1.21504,0,0,0,,,
16.2,odom,map,-0.536809,-0.443078,1.21504,0,0,0,,,
16.2,ekf,map,-0.537363,-0.437312,1.22612,0.0980536,0.0981375,-3.50167e-05,0.065458,,
16.2,kf,map,-0.537857,-0.438014,1.21994,0.0793242,0.0793242,0,0.064834,,
16.2,ekf_predict_only,map,-0.525807,-0.453754,1.23353,1.90564,2.66345,-0.0449696,,,
16.2,pf,map,-0.559956,-0.468462,1.21158,0.075363,0.076308,-0.00256886,4.45292,786.594,0
16.236,odom,map,-0.536117,-0.445114,1.21532,0,0,0,,,
16.272,odom,map,-0.535404,-0.447209,1.2156,0,0,0,,,
16.308,odom,map,-0.534692,-0.449304,1.21588,0,0,0,,,
16.344,odom,map,-0.53398,-0.451399,1.21616,0,0,0,,,
16.38,odom,map,-0.533268,-0.453494,1.21644,0,0,0,,,
16.416,ekf,map,-0.537186,-0.437041,1.23378,0.0988919,0.0989486,-2.44844e-05,0.175625,,
16.416,kf,map,-0.537523,-0.437509,1.22854,0.0793935,0.0793935,0,0.062583,,
16.416,ekf_predict_only,map,-0.525807,-0.453754,1.23353,1.95564,2.71345,-0.0449696,,,
16.416,odom,map,-0.532833,-0.454774,1.21662,0,0,0,,,
16.416,pf,map,-0.563619,-0.460343,1.21383,0.07513,0.0746384,-0.00301204,7.68896,790.934,0
16.452,odom,map,-0.532833,-0.454774,1.21662,0,0,0,,,
16.488,odom,map,-0.532833,-0.454774,1.21662,0,0,0,,,
16.524,odom,map,-0.532833,-0.454774,1.21662,0,0,0,,,
16.56,odom,map,-0.532833,-0.454774,1.21662,0,0,0,,,
16.596,odom,map,-0.532833,-0.454774,1.21662,0,0,0,,,
16.632,odom,map,-0.532662,-0.45431,1.21674,0,0,0,,,
16.596,ekf,map,-0.536112,-0.434055,1.23794,0.0965074,0.0965414,-1.5141e-05,0.452375,,
16.596,kf,map,-0.536142,-0.433892,1.23416,0.079159,0.079159,0,0.294625,,
16.596,ekf_predict_only,map,-0.523881,-0.448261,1.23427,2.00634,2.76599,-0.0487142,,,
16.596,pf,map,-0.562002,-0.452657,1.22491,0.0802594,0.0790304,-0.00389557,9.79717,782.578,0
16.668,odom,map,-0.532258,-0.453217,1.21689,0,0,0,,,
16.704,odom,map,-0.531686,-0.451668,1.21718,0,0,0,,,
16.74,odom,map,-0.530804,-0.449276,1.2177,0,0,0,,,
16.776,odom,map,-0.529663,-0.446176,1.2189,0,0,0,,,
16.812,odom,map,-0.528376,-0.442737,1.22164,0,0,0,,,
16.812,ekf_predict_only,map,-0.516846,-0.42815,1.25105,2.05939,2.82533,-0.0625984,,,
16.812,kf,map,-0.530627,-0.418133,1.24898,0.0793334,0.0793334,0,0.062541,,
16.812,ekf,map,-0.530978,-0.419239,1.25045,0.0980762,0.0980948,-1.24084e-05,0.091417,,
16.812,pf,map,-0.569269,-0.436079,1.23035,0.0746707,0.0822387,-0.00080212,10.8313,767.831,0
16.848,odom,map,-0.526908,-0.438901,1.22658,0,0,0,,,
16.884,odom,map,-0.52544,-0.434973,1.23203,0,0,0,,,
16.92,odom,map,-0.523943,-0.430853,1.2385,0,0,0,,,
16.956,odom,map,-0.522442,-0.426591,1.24599,0,0,0,,,
16.992,odom,map,-0.520916,-0.42211,1.25413,0,0,0,,,
16.992,ekf,map,-0.525273,-0.402048,1.2774,0.0961771,0.0961751,-1.2601e-05,0.335,,
16.992,kf,map,-0.524882,-0.400617,1.27809,0.079137,0.079137,0,0.061834,,
17.028,odom,map,-0.519496,-0.417744,1.26158,0,0,0,,,
16.992,ekf_predict_only,map,-0.509764,-0.406761,1.28691,2.11353,2.88483,-0.0776349,,,
16.992,pf,map,-0.558257,-0.41408,1.2618,0.0772133,0.0838559,-0.0019166,8.54412,778.67,0
17.064,odom,map,-0.518087,-0.413277,1.26928,0,0,0,,,
17.1,odom,map,-0.516679,-0.40868,1.2775,0,0,0,,,
17.136,odom,map,-0.515243,-0.40385,1.28633,0,0,0,,,
17.172,odom,map,-0.513757,-0.398675,1.29613,0,0,0,,,
17.208,odom,map,-0.512304,-0.393418,1.30615,0,0,0,,,
17.208,ekf,map,-0.517114,-0.374263,1.32856,0.0980101,0.0979712,-2.21551e-05,0.062291,,
17.208,kf,map,-0.516775,-0.372681,1.33067,0.0793254,0.0793254,0,0.059375,,
17.208,ekf_predict_only,map,-0.500598,-0.375346,1.34702,2.17133,2.94729,-0.100115,,,
17.208,pf,map,-0.533474,-0.378059,1.30148,0.0833994,0.0741579,0.00263491,4.709,777.666,0
17.244,odom,map,-0.510828,-0.387854,1.31674,0,0,0,,,
17.28,odom,map,-0.509332,-0.381961,1.32777,0,0,0,,,
17.316,odom,map,-0.507792,-0.37559,1.33915,0,0,0,,,
17.352,odom,map,-0.506251,-0.368883,1.35076,0,0,0,,,
17.388,odom,map,-0.504762,-0.362036,1.36247,0,0,0,,,
17.424,odom,map,-0.503304,-0.354931,1.37434,0,0,0,,,
17.388,ekf_predict_only,map,-0.492303,-0.338897,1.4068,2.233,3.00871,-0.126541,,,
17.388,ekf,map,-0.509702,-0.342049,1.38219,0.0962452,0.0961637,-3.17672e-05,0.064375,,
17.388,kf,map,-0.509385,-0.340329,1.38454,0.0791341,0.0791341,0,0.057875,,
17.388,pf,map,-0.543599,-0.349485,1.36255,0.0908365,0.0769836,0.000882396,5.26888,781.966,0
17.46,odom,map,-0.501829,-0.347277,1.3864,0,0,0,,,
17.496,odom,map,-0.500421,-0.339468,1.39847,0,0,0,,,
17.532,odom,map,-0.499046,-0.331265,1.41067,0,0,0,,,
17.568,odom,map,-0.497691,-0.322537,1.4228,0,0,0,,,
17.604,odom,map,-0.496394,-0.313455,1.43486,0,0,0,,,
17.604,ekf,map,-0.501412,-0.292225,1.45124,0.0982041,0.0980118,-5.7762e-05,0.086959,,
17.604,kf,map,-0.500957,-0.290145,1.45325,0.0793243,0.0793243,0,0.123791,,
17.604,ekf_predict_only,map,-0.483142,-0.28354,1.479,2.30623,3.0715,-0.167104,,,
17.601,amcl,map,-0.486227,-0.335133,1.41753,0.0133944,0.0172595,0.00172927,,,
17.604,pf,map,-0.525927,-0.286788,1.4363,0.0895683,0.0852604,-0.00332086,5.39742,764.593,0
17.64,odom,map,-0.495182,-0.304182,1.44689,0,0,0,,,
17.676,odom,map,-0.494063,-0.294728,1.45892,0,0,0,,,
17.712,odom,map,-0.493016,-0.284872,1.47099,0,0,0,,,
17.748,odom,map,-0.492072,-0.274832,1.48308,0,0,0,,,
17.784,odom,map,-0.49123,-0.264551,1.49488,0,0,0,,,
17.784,ekf,map,-0.497068,-0.24327,1.50859,0.0964988,0.0962096,-7.04152e-05,0.062,,
17.784,kf,map,-0.496493,-0.241107,1.50988,0.0791337,0.0791337,0,0.066459,,
17.784,ekf_predict_only,map,-0.478156,-0.229373,1.53691,2.38554,3.12854,-0.206687,,,
17.82,odom,map,-0.490475,-0.253798,1.50647,0,0,0,,,
17.784,pf,map,-0.512939,-0.243609,1.49696,0.0835944,0.0823848,-0.00451506,14.0697,763.525,0
17.856,odom,map,-0.489822,-0.242671,1.51758,0,0,0,,,
17.892,odom,map,-0.489282,-0.231379,1.52842,0,0,0,,,
17.928,odom,map,-0.488861,-0.219983,1.53917,0,0,0,,,
17.964,odom,map,-0.48855,-0.208212,1.54952,0,0,0,,,
18,odom,map,-0.488353,-0.196107,1.55931,0,0,0,,,
18,kf,map,-0.494186,-0.173004,1.56969,0.0793242,0.0793242,0,0.067666,,
18,ekf_predict_only,map,-0.475682,-0.15642,1.59495,2.48553,3.18205,-0.259335,,,
18,ekf,map,-0.495076,-0.175216,1.56949,0.0985824,0.0980555,-9.69141e-05,0.70375,,
18,pf,map,-0.515422,-0.175439,1.56798,0.0859665,0.0825052,-0.00670938,4.5465,772.986,0
18.036,odom,map,-0.488272,-0.183941,1.56899,0,0,0,,,
18.072,odom,map,-0.488309,-0.171668,1.57846,0,0,0,,,
18.108,odom,map,-0.488462,-0.159077,1.58739,0,0,0,,,
18.144,odom,map,-0.488728,-0.146404,1.59619,0,0,0,,,
18.18,odom,map,-0.489106,-0.133693,1.60479,0,0,0,,,
18.216,odom,map,-0.489592,-0.120983,1.61315,0,0,0,,,
18.216,kf,map,-0.496307,-0.100089,1.62204,0.0793935,0.0793935,0,0.05675,,
18.216,ekf_predict_only,map,-0.477524,-0.080202,1.64456,2.60092,3.22943,-0.31269,,,
18.216,ekf,map,-0.497489,-0.102012,1.62266,0.0996666,0.0988969,-0.000103103,0.055959,,
18.216,pf,map,-0.527722,-0.0933601,1.61797,0.0819861,0.0888772,-0.00234124,4.87225,758.513,0
18.252,odom,map,-0.490185,-0.108214,1.62116,0,0,0,,,
18.288,odom,map,-0.490881,-0.0954235,1.62906,0,0,0,,,
18.324,odom,map,-0.491675,-0.0826323,1.63656,0,0,0,,,
18.36,odom,map,-0.492559,-0.0699121,1.64362,0,0,0,,,
18.396,odom,map,-0.493526,-0.0572464,1.65026,0,0,0,,,
18.396,ekf,map,-0.50276,-0.040019,1.65889,0.0973613,0.0965117,-7.85901e-05,0.057709,,
18.396,kf,map,-0.501481,-0.0386167,1.65772,0.079159,0.079159,0,0.0555,,
18.396,ekf_predict_only,map,-0.482197,-0.0169555,1.67657,2.7156,3.27283,-0.354985,,,
18.432,odom,map,-0.49221,-0.0479396,1.65406,0,0,0,,,
18.402,amcl,map,-0.480628,-0.0905718,1.63442,0.0141845,0.0268879,0.00266735,,,
18.396,pf,map,-0.507509,-0.024673,1.64855,0.0836721,0.0774277,0.00811383,7.71683,767.842,0
18.468,odom,map,-0.490624,-0.0390172,1.65736,0,0,0,,,
18.504,odom,map,-0.489061,-0.0300226,1.66025,0,0,0,,,
18.54,odom,map,-0.487517,-0.0208974,1.66238,0,0,0,,,
18.576,odom,map,-0.485975,-0.0117673,1.66445,0,0,0,,,
18.612,ekf,map,-0.511507,0.0360675,1.69117,0.0992208,0.0980755,-5.30095e-05,0.124792,,
18.612,kf,map,-0.510063,0.0371202,1.68944,0.0793334,0.0793334,0,0.167958,,
18.612,ekf_predict_only,map,-0.490368,0.0599976,1.70362,2.85734,3.31141,-0.403886,,,
18.612,odom,map,-0.485281,-0.00151746,1.66716,0,0,0,,,
18.612,pf,map,-0.523093,0.0326924,1.68065,0.0798595,0.0751574,0.00196773,6.45188,761.324,0
18.648,odom,map,-0.486555,0.0113823,1.67124,0,0,0,,,
18.684,odom,map,-0.487882,0.0242987,1.6751,0,0,0,,,
18.72,odom,map,-0.489253,0.0371635,1.67877,0,0,0,,,
18.756,odom,map,-0.49066,0.0499107,1.68291,0,0,0,,,
18.792,odom,map,-0.492122,0.0626153,1.68802,0,0,0,,,
18.792,ekf,map,-0.520344,0.0992493,1.71794,0.0973266,0.096164,-1.31247e-05,0.072167,,
18.792,ekf_predict_only,map,-0.498832,0.123342,1.73081,2.99379,3.34976,-0.441722,,,
18.828,odom,map,-0.493651,0.0753048,1.69346,0,0,0,,,
18.792,kf,map,-0.519207,0.099938,1.71694,0.079137,0.079137,0,0.053084,,
18.792,pf,map,-0.519117,0.100991,1.71809,0.0821584,0.0777074,0.00158518,9.78821,774.712,0
18.864,odom,map,-0.495244,0.0879259,1.69941,0,0,0,,,
18.9,odom,map,-0.4969,0.100423,1.70599,0,0,0,,,
18.936,odom,map,-0.498611,0.112654,1.71376,0,0,0,,,
18.972,odom,map,-0.500415,0.124836,1.72179,0,0,0,,,
19.008,odom,map,-0.502305,0.13691,1.73052,0,0,0,,,
19.008,kf,map,-0.531504,0.172625,1.76627,0.0793254,0.0793254,0,0.055667,,
19.008,ekf_predict_only,map,-0.510506,0.195678,1.78433,3.15487,3.38398,-0.481643,,,
19.008,ekf,map,-0.532216,0.172353,1.76584,0.0993747,0.0979646,3.7033e-05,0.0575,,
19.008,pf,map,-0.547286,0.171515,1.75329,0.0809464,0.0760437,-0.0016172,4.53467,765.204,0
19.044,odom,map,-0.504284,0.148838,1.74005,0,0,0,,,
19.08,odom,map,-0.506374,0.160719,1.74984,0,0,0,,,
19.116,odom,map,-0.508557,0.172438,1.76021,0,0,0,,,
19.152,odom,map,-0.510849,0.18405,1.77136,0,0,0,,,
19.188,odom,map,-0.513238,0.195462,1.78327,0,0,0,,,
19.224,odom,map,-0.515896,0.205129,1.79535,0,0,0,,,
19.188,ekf,map,-0.544674,0.230185,1.81992,0.097476,0.0961614,7.33239e-05,0.061,,
19.188,ekf_predict_only,map,-0.522788,0.252317,1.84504,3.30121,3.41775,-0.508606,,,
19.188,kf,map,-0.544291,0.230131,1.82131,0.0791341,0.0791341,0,0.076042,,
19.2,amcl,map,-0.512758,0.178865,1.78622,0.0215017,0.0318145,0.00444419,,,
19.188,pf,map,-0.553251,0.230122,1.80784,0.0802072,0.0762279,-0.00170704,6.98937,787.472,0
19.26,odom,map,-0.518746,0.21371,1.80809,0,0,0,,,
19.296,odom,map,-0.521709,0.222133,1.82147,0,0,0,,,
19.332,odom,map,-0.524767,0.230313,1.83549,0,0,0,,,
19.368,odom,map,-0.527946,0.238339,1.8498,0,0,0,,,
19.404,odom,map,-0.531234,0.24636,1.86458,0,0,0,,,
19.404,ekf,map,-0.562373,0.293894,1.90401,0.0994619,0.0980153,0.000131939,0.062125,,
19.404,ekf_predict_only,map,-0.540002,0.313503,1.93811,3.4647,3.44568,-0.531869,,,
19.404,kf,map,-0.562132,0.293374,1.90651,0.0793243,0.0793243,0,0.0955,,
19.404,pf,map,-0.578613,0.293909,1.88234,0.0751647,0.0784884,0.00450427,5.23521,770.927,0
19.44,odom,map,-0.53441,0.256577,1.87995,0,0,0,,,
19.476,odom,map,-0.537645,0.266438,1.89592,0,0,0,,,
19.512,odom,map,-0.541018,0.276182,1.91202,0,0,0,,,
19.548,odom,map,-0.544453,0.285614,1.92846,0,0,0,,,
19.584,odom,map,-0.547941,0.294711,1.94546,0,0,0,,,
19.584,kf,map,-0.580209,0.340936,1.98561,0.0791337,0.0791337,0,0.060084,,
19.62,odom,map,-0.551563,0.303695,1.96262,0,0,0,,,
19.584,ekf_predict_only,map,-0.557395,0.358705,2.02388,3.60495,3.47418,-0.542445,,,
19.584,ekf,map,-0.58048,0.341696,1.98293,0.0974678,0.0962207,0.000153866,0.133375,,
19.584,pf,map,-0.58962,0.336865,1.96221,0.0760374,0.0811071,0.000455773,9.33854,773.855,0
19.656,odom,map,-0.555282,0.312482,1.97989,0,0,0,,,
19.692,odom,map,-0.558981,0.320815,1.99767,0,0,0,,,
19.728,odom,map,-0.562689,0.328777,2.0158,0,0,0,,,
19.764,odom,map,-0.566457,0.336495,2.03404,0,0,0,,,
19.8,odom,map,-0.570239,0.343898,2.05253,0,0,0,,,
19.8,kf,map,-0.602085,0.386637,2.093,0.0793242,0.0793242,0,0.056083,,
19.8,ekf_predict_only,map,-0.577494,0.399989,2.13817,3.74222,3.50036,-0.545666,,,
19.8,ekf,map,-0.60274,0.388006,2.09006,0.0993235,0.0980824,0.00020422,0.06125,,
19.8,amcl,map,-0.583555,0.335544,2.06446,0.0286211,0.0363887,0.00566293,,,
19.8,pf,map,-0.621849,0.408411,2.06543,0.082388,0.0789453,0.00382177,4.53767,756.732,0
19.836,odom,map,-0.573902,0.350747,2.07152,0,0,0,,,
19.872,odom,map,-0.57764,0.357425,2.09057,0,0,0,,,
19.908,odom,map,-0.581418,0.363885,2.10976,0,0,0,,,
19.944,odom,map,-0.585137,0.369969,2.1294,0,0,0,,,
19.98,odom,map,-0.588744,0.375616,2.14932,0,0,0,,,
20.016,odom,map,-0.592201,0.380663,2.16921,0,0,0,,,
20.016,ekf,map,-0.626227,0.425515,2.20452,0.100036,0.0989415,0.000227173,0.107583,,
20.016,kf,map,-0.625211,0.423957,2.20727,0.0793935,0.0793935,0,0.058291,,
20.016,ekf_predict_only,map,-0.598683,0.433238,2.25774,3.86592,3.52646,-0.540935,,,
20.016,pf,map,-0.623253,0.442101,2.19419,0.0756259,0.0796443,0.00139008,4.787,781.997,0
20.052,odom,map,-0.595323,0.384773,2.18913,0,0,0,,,
20.088,odom,map,-0.598363,0.388557,2.2091,0,0,0,,,
20.124,odom,map,-0.601308,0.392018,2.22914,0,0,0,,,
20.16,odom,map,-0.604093,0.395092,2.24931,0,0,0,,,
20.196,odom,map,-0.606826,0.397934,2.26955,0,0,0,,,
20.196,ekf,map,-0.644233,0.447928,2.30426,0.0973653,0.0965627,0.000198987,0.057084,,
20.232,odom,map,-0.609955,0.401526,2.29022,0,0,0,,,
20.196,ekf_predict_only,map,-0.614105,0.45204,2.36138,3.95898,3.55985,-0.5334,,,
20.196,kf,map,-0.643051,0.44642,2.3066,0.079159,0.079159,0,0.058333,,
20.202,amcl,map,-0.628996,0.380326,2.30941,0.0270217,0.0340552,0.0066656,,,
20.196,pf,map,-0.634477,0.451107,2.28988,0.0766297,0.0853956,-0.000224746,7.25217,772.417,0
20.268,odom,map,-0.613103,0.405046,2.31093,0,0,0,,,
20.304,odom,map,-0.616183,0.408349,2.33162,0,0,0,,,
20.34,odom,map,-0.619179,0.411433,2.35233,0,0,0,,,
20.376,odom,map,-0.622012,0.414231,2.37303,0,0,0,,,
20.412,odom,map,-0.624608,0.416691,2.39368,0,0,0,,,
20.412,ekf,map,-0.662107,0.466022,2.42621,0.0988112,0.0981404,0.000201261,0.056666,,
20.412,kf,map,-0.660589,0.464493,2.42797,0.0793334,0.0793334,0,0.0575,,
20.412,ekf_predict_only,map,-0.628476,0.466264,2.48526,4.04222,3.59499,-0.523959,,,
20.412,pf,map,-0.645938,0.456703,2.40296,0.0792723,0.0808028,-7.74092e-05,4.66812,771.669,0
20.448,odom,map,-0.627102,0.418957,2.41433,0,0,0,,,
20.484,odom,map,-0.629552,0.421093,2.43497,0,0,0,,,
20.52,odom,map,-0.631868,0.423029,2.45559,0,0,0,,,
20.556,odom,map,-0.633981,0.424725,2.47619,0,0,0,,,
20.592,odom,map,-0.63599,0.426269,2.49679,0,0,0,,,
20.628,odom,map,-0.640164,0.427272,2.51885,0,0,0,,,
20.592,ekf_predict_only,map,-0.637362,0.473107,2.58648,4.10843,3.6361,-0.516863,,,
20.592,kf,map,-0.672718,0.474436,2.52843,0.079137,0.079137,0,0.060125,,
20.592,ekf,map,-0.6743,0.475793,2.52735,0.0966858,0.0962221,0.000159481,0.058375,,
20.601,amcl,map,-0.658858,0.402187,2.55829,0.0241047,0.0297478,0.0070666,,,
20.592,pf,map,-0.665739,0.431592,2.49126,0.0796481,0.0804402,0.00382686,10.8781,771.701,0
20.664,odom,map,-0.644965,0.427871,2.5413,0,0,0,,,
20.7,odom,map,-0.649663,0.428328,2.5637,0,0,0,,,
20.736,odom,map,-0.654276,0.428668,2.58599,0,0,0,,,
20.772,odom,map,-0.658576,0.428759,2.60782,0,0,0,,,
20.808,odom,map,-0.661934,0.428803,2.62875,0,0,0,,,
20.808,kf,map,-0.681509,0.480382,2.64461,0.0793254,0.0793254,0,0.061458,,
20.808,ekf,map,-0.683228,0.481626,2.6444,0.098379,0.0980189,0.000141604,0.054042,,
20.808,pf,map,-0.673924,0.457952,2.61548,0.0720127,0.0801714,0.00104303,5.67188,767.314,0
20.808,ekf_predict_only,map,-0.642568,0.476337,2.70122,4.16612,3.68101,-0.512241,,,
20.844,odom,map,-0.662829,0.429295,2.64787,0,0,0,,,
20.88,odom,map,-0.66356,0.429681,2.66679,0,0,0,,,
20.916,odom,map,-0.663958,0.429881,2.68548,0,0,0,,,
20.952,odom,map,-0.664089,0.429945,2.70378,0,0,0,,,
20.988,odom,map,-0.664105,0.429952,2.72192,0,0,0,,,
21.024,odom,map,-0.664594,0.428075,2.7425,0,0,0,,,
21,amcl,map,-0.657217,0.410539,2.75244,0.0217645,0.0282611,0.00672451,,,
20.988,ekf,map,-0.685804,0.483087,2.73644,0.0964332,0.0961967,0.000100847,0.086,,
20.988,kf,map,-0.684154,0.482008,2.73599,0.0791341,0.0791341,0,0.122166,,
20.988,ekf_predict_only,map,-0.641721,0.475937,2.79001,4.21517,3.73183,-0.513058,,,
20.988,pf,map,-0.67737,0.471483,2.70476,0.0789847,0.0853348,0.00199392,11.5047,764.218,0
21.06,odom,map,-0.665194,0.425053,2.76436,0,0,0,,,
21.096,odom,map,-0.665438,0.421879,2.78579,0,0,0,,,
21.132,odom,map,-0.66556,0.418657,2.80701,0,0,0,,,
21.168,odom,map,-0.665642,0.415422,2.82793,0,0,0,,,
21.204,odom,map,-0.665573,0.412322,2.84823,0,0,0,,,
21.204,ekf,map,-0.682138,0.481942,2.83769,0.0982073,0.0980322,7.98868e-05,0.064666,,
21.204,kf,map,-0.680593,0.480969,2.83658,0.0793243,0.0793243,0,0.057,,
21.204,ekf_predict_only,map,-0.635017,0.473478,2.88684,4.25931,3.78843,-0.519833,,,
21.204,pf,map,-0.685481,0.478613,2.80942,0.0757522,0.0757573,-0.00168611,4.49083,778.229,0
21.24,odom,map,-0.664431,0.411987,2.86437,0,0,0,,,
21.276,odom,map,-0.663206,0.41165,2.88023,0,0,0,,,
21.312,odom,map,-0.66181,0.411288,2.89564,0,0,0,,,
21.348,odom,map,-0.660207,0.410899,2.91075,0,0,0,,,
21.384,odom,map,-0.658459,0.410502,2.92543,0,0,0,,,
21.42,odom,map,-0.656618,0.409622,2.94191,0,0,0,,,
21.384,kf,map,-0.67431,0.479641,2.91316,0.0791337,0.0791337,0,0.061541,,
21.384,ekf,map,-0.675629,0.480475,2.91463,0.0963291,0.0962188,5.3328e-05,0.055166,,
21.384,ekf_predict_only,map,-0.626158,0.471171,2.95927,4.30383,3.84737,-0.52919,,,
21.384,pf,map,-0.682404,0.472318,2.89641,0.0747951,0.0745149,-0.00119741,4.6215,783.094,0
21.456,odom,map,-0.6546,0.408342,2.9596,0,0,0,,,
21.492,odom,map,-0.652853,0.407133,2.97648,0,0,0,,,
21.528,odom,map,-0.652332,0.406136,2.99087,0,0,0,,,
21.564,odom,map,-0.652304,0.405203,3.00267,0,0,0,,,
21.6,odom,map,-0.652292,0.404257,3.01187,0,0,0,,,
21.6,ekf,map,-0.67384,0.480685,2.94964,0.0981354,0.0980575,3.99676e-05,0.060459,,
21.6,kf,map,-0.673462,0.480031,2.94207,0.0793242,0.0793242,0,0.087,,
21.6,ekf_predict_only,map,-0.626158,0.471171,2.95927,4.35383,3.89737,-0.52919,,,
21.6,amcl,map,-0.631516,0.408952,2.98772,0.0246915,0.0279769,0.00760112,,,
21.6,pf,map,-0.665699,0.485599,2.97809,0.08001,0.0845762,0.000955068,8.61983,766.803,0
21.636,odom,map,-0.652292,0.40423,3.01501,0,0,0,,,
21.672,odom,map,-0.652292,0.40423,3.0156,0,0,0,,,
21.708,odom,map,-0.652292,0.40423,3.0156,0,0,0,,,
21.744,odom,map,-0.652292,0.40423,3.0156,0,0,0,,,
21.78,odom,map,-0.652292,0.40423,3.0156,0,0,0,,,
21.816,odom,map,-0.651403,0.404376,3.01423,0,0,0,,,
21.816,ekf_predict_only,map,-0.626158,0.471171,2.95927,4.40383,3.94737,-0.52919,,,
21.816,kf,map,-0.672949,0.480267,2.96097,0.0793935,0.0793935,0,0.111541,,
21.816,ekf,map,-0.672976,0.480704,2.96944,0.0989471,0.0988954,2.78881e-05,0.1,,
21.816,pf,map,-0.65644,0.48667,2.99415,0.0852523,0.0836416,0.00584483,6.13246,767.117,0
21.852,odom,map,-0.649129,0.404743,3.0107,0,0,0,,,
21.888,odom,map,-0.646871,0.405097,3.00718,0,0,0,,,
21.924,odom,map,-0.64463,0.405439,3.00365,0,0,0,,,
21.96,odom,map,-0.642405,0.405769,3.00013,0,0,0,,,
21.996,odom,map,-0.640196,0.406086,2.99661,0,0,0,,,
21.996,ekf,map,-0.672575,0.480679,2.97921,0.0965405,0.0965097,1.7259e-05,0.05925,,
21.996,kf,map,-0.672641,0.480408,2.97234,0.079159,0.079159,0,0.060458,,
22.032,odom,map,-0.639951,0.40612,2.99621,0,0,0,,,
21.996,ekf_predict_only,map,-0.626158,0.471171,2.95927,4.45383,3.99737,-0.52919,,,
21.996,pf,map,-0.636999,0.484828,2.99819,0.0836917,0.0818718,-8.14738e-05,7.03758,766.406,0
22.068,odom,map,-0.639951,0.40612,2.99621,0,0,0,,,
22.104,odom,map,-0.639951,0.40612,2.99621,0,0,0,,,
22.14,odom,map,-0.639951,0.40612,2.99621,0,0,0,,,
22.176,odom,map,-0.639951,0.40612,2.99621,0,0,0,,,
22.212,odom,map,-0.639951,0.40612,2.99621,0,0,0,,,
22.212,ekf,map,-0.672373,0.480656,2.98434,0.0980937,0.0980728,1.22118e-05,0.060416,,
22.212,ekf_predict_only,map,-0.626158,0.471171,2.95927,4.50383,4.04737,-0.52919,,,
22.212,kf,map,-0.672455,0.480494,2.97922,0.0793334,0.0793334,0,0.09775,,
22.212,pf,map,-0.658934,0.482542,2.9963,0.0727297,0.0800921,-0.00190233,5.51896,777.798,0
22.248,odom,map,-0.639951,0.40612,2.99621,0,0,0,,,
22.284,odom,map,-0.639951,0.40612,2.99621,0,0,0,,,
22.32,odom,map,-0.639951,0.40612,2.99621,0,0,0,,,
22.356,odom,map,-0.639951,0.40612,2.99621,0,0,0,,,
22.392,odom,map,-0.639951,0.40612,2.99621,0,0,0,,,
22.428,odom,map,-0.638842,0.406493,2.99558,0,0,0,,,
22.392,kf,map,-0.672342,0.480546,2.98336,0.079137,0.079137,0,0.066417,,
22.392,ekf_predict_only,map,-0.626158,0.471171,2.95927,4.55383,4.09737,-0.52919,,,
22.392,ekf,map,-0.672274,0.480641,2.98691,0.0961728,0.0961603,7.57318e-06,0.071209,,
22.392,pf,map,-0.671524,0.487156,2.99409,0.0729912,0.0816823,-0.0039026,5.2065,785.948,0
22.464,odom,map,-0.637307,0.40701,2.99469,0,0,0,,,
22.5,odom,map,-0.635773,0.407525,2.99381,0,0,0,,,
22.536,odom,map,-0.634489,0.408077,2.99269,0,0,0,,,
22.572,odom,map,-0.63427,0.408789,2.99151,0,0,0,,,
22.608,odom,map,-0.63475,0.409443,2.99053,0,0,0,,,
22.608,ekf,map,-0.682431,0.482194,2.98318,0.0979654,0.097959,5.5962e-06,0.063208,,
22.608,kf,map,-0.683747,0.4824,2.98,0.0793254,0.0793254,0,0.058667,,
22.608,ekf_predict_only,map,-0.642977,0.474272,2.95008,4.6112,4.13065,-0.510743,,,
22.608,pf,map,-0.660141,0.482962,2.98862,0.0787332,0.0808582,-0.00575421,4.83988,766.569,0
22.644,odom,map,-0.63691,0.409773,2.98946,0,0,0,,,
22.68,odom,map,-0.640127,0.410269,2.98784,0,0,0,,,
22.716,odom,map,-0.644424,0.410939,2.98602,0,0,0,,,
22.752,odom,map,-0.649084,0.411675,2.98411,0,0,0,,,
22.788,odom,map,-0.654107,0.412477,2.98207,0,0,0,,,
22.824,odom,map,-0.659722,0.413387,2.98002,0,0,0,,,
22.788,ekf_predict_only,map,-0.674389,0.480362,2.93986,4.67577,4.15207,-0.475935,,,
22.788,ekf,map,-0.704769,0.485725,2.97654,0.0961552,0.0961688,6.16e-06,0.058708,,
22.788,kf,map,-0.707187,0.486218,2.97398,0.0791341,0.0791341,0,0.116334,,
22.788,pf,map,-0.698798,0.476128,2.96865,0.0842508,0.0860131,-0.00297779,12.5262,776.01,0
22.86,odom,map,-0.666319,0.414469,2.97808,0,0,0,,,
22.896,odom,map,-0.673038,0.415584,2.97617,0,0,0,,,
22.932,odom,map,-0.680006,0.416755,2.97415,0,0,0,,,
22.968,odom,map,-0.687473,0.418025,2.97212,0,0,0,,,
23.004,odom,map,-0.6954,0.419389,2.97004,0,0,0,,,
23.004,kf,map,-0.747547,0.493074,2.96417,0.0793243,0.0793243,0,0.064458,,
23.004,ekf_predict_only,map,-0.722011,0.490102,2.92728,4.74935,4.16536,-0.422053,,,
23.004,ekf,map,-0.744552,0.492411,2.96612,0.0979989,0.0980795,1.60352e-05,0.426625,,
23.004,pf,map,-0.735478,0.483989,2.95981,0.0793747,0.0730449,-0.00382821,11.0314,775.833,0
23.04,odom,map,-0.703381,0.420781,2.96794,0,0,0,,,
23.076,odom,map,-0.711567,0.422226,2.9657,0,0,0,,,
23.112,odom,map,-0.72018,0.423768,2.96332,0,0,0,,,
23.148,odom,map,-0.728952,0.425359,2.96095,0,0,0,,,
23.184,odom,map,-0.738064,0.427034,2.95867,0,0,0,,,
23.184,ekf,map,-0.785866,0.499912,2.95614,0.0961978,0.0963585,2.90964e-05,0.069334,,
23.184,ekf_predict_only,map,-0.769602,0.50046,2.9165,4.82479,4.18675,-0.366715,,,
23.22,odom,map,-0.747516,0.428793,2.95648,0,0,0,,,
23.184,kf,map,-0.788841,0.500568,2.95482,0.0791337,0.0791337,0,0.079958,,
23.184,pf,map,-0.760224,0.490095,2.93565,0.0802639,0.0855503,0.00101935,4.81279,779.592,0
23.256,odom,map,-0.757268,0.43063,2.95447,0,0,0,,,
23.292,odom,map,-0.767215,0.432523,2.95255,0,0,0,,,
23.328,odom,map,-0.777327,0.434468,2.95073,0,0,0,,,
23.364,odom,map,-0.787901,0.436519,2.94934,0,0,0,,,
23.4,odom,map,-0.798646,0.438618,2.94806,0,0,0,,,
23.4,ekf,map,-0.844943,0.511354,2.94745,0.0980471,0.0983902,6.21943e-05,0.114666,,
23.4,kf,map,-0.847782,0.511894,2.94685,0.0793242,0.0793242,0,0.055958,,
23.4,ekf_predict_only,map,-0.833636,0.515122,2.90883,4.91147,4.21119,-0.289545,,,
23.4,pf,map,-0.825533,0.509172,2.91222,0.085756,0.0869811,0.000551392,6.07921,764.751,0
23.436,odom,map,-0.80958,0.440768,2.94684,0,0,0,,,
23.472,odom,map,-0.821083,0.443042,2.94599,0,0,0,,,
23.508,odom,map,-0.832969,0.445401,2.94541,0,0,0,,,
23.544,odom,map,-0.844922,0.44778,2.94488,0,0,0,,,
23.58,odom,map,-0.857122,0.450213,2.94459,0,0,0,,,
23.616,ekf,map,-0.915028,0.52555,2.94538,0.0988983,0.099456,0.000104153,0.059125,,
23.616,kf,map,-0.917705,0.525913,2.9455,0.0793935,0.0793935,0,0.059834,,
23.616,ekf_predict_only,map,-0.907929,0.532734,2.90918,5.00657,4.25037,-0.1957,,,
23.616,odom,map,-0.86955,0.452694,2.94458,0,0,0,,,
23.616,pf,map,-0.900713,0.503928,2.91467,0.0929719,0.0842601,0.00250191,7.97483,757.077,0
23.652,odom,map,-0.88203,0.455185,2.94464,0,0,0,,,
23.688,odom,map,-0.894671,0.457704,2.9453,0,0,0,,,
23.724,odom,map,-0.907465,0.460242,2.94624,0,0,0,,,
23.76,odom,map,-0.920421,0.462798,2.94739,0,0,0,,,
23.796,odom,map,-0.933414,0.465344,2.94887,0,0,0,,,
23.832,odom,map,-0.946396,0.467867,2.95048,0,0,0,,,
23.796,kf,map,-0.979164,0.538291,2.95104,0.079159,0.079159,0,0.111,,
23.796,ekf,map,-0.977005,0.538146,2.95043,0.0965231,0.0971908,0.00012808,0.054458,,
23.796,ekf_predict_only,map,-0.972278,0.547965,2.91723,5.0965,4.30757,-0.110493,,,
23.802,amcl,map,-0.91743,0.466479,2.93093,0.0358283,0.0398346,0.0098781,,,
23.796,pf,map,-0.963609,0.528531,2.93033,0.089634,0.0879274,0.00339974,9.8775,760.474,0
23.868,odom,map,-0.959479,0.470387,2.9521,0,0,0,,,
23.904,odom,map,-0.972622,0.472896,2.9539,0,0,0,,,
23.94,odom,map,-0.985661,0.47536,2.95575,0,0,0,,,
23.976,odom,map,-0.998695,0.477798,2.95759,0,0,0,,,
24.012,odom,map,-1.01162,0.48019,2.95959,0,0,0,,,
24.012,kf,map,-1.05479,0.552928,2.96105,0.0793334,0.0793334,0,0.066333,,
24.012,ekf_predict_only,map,-1.04909,0.565494,2.9293,5.19354,4.38658,-0.00411672,,,
24.012,ekf,map,-1.05325,0.552935,2.96026,0.098101,0.0990691,0.000189687,0.067917,,
24.012,pf,map,-1.03695,0.544513,2.93029,0.0829551,0.075641,-0.00138328,6.93462,763.114,0
24.048,odom,map,-1.02443,0.482534,2.96171,0,0,0,,,
24.084,odom,map,-1.03704,0.484813,2.96393,0,0,0,,,
24.12,odom,map,-1.0496,0.487053,2.96616,0,0,0,,,
24.156,odom,map,-1.06207,0.48925,2.96843,0,0,0,,,
24.192,odom,map,-1.07438,0.491388,2.97083,0,0,0,,,
24.192,kf,map,-1.11561,0.563988,2.97157,0.079137,0.079137,0,0.061041,,
24.192,ekf_predict_only,map,-1.10998,0.57862,2.94139,5.27953,4.47556,0.0835683,,,
24.228,odom,map,-1.08666,0.49349,2.97325,0,0,0,,,
24.192,ekf,map,-1.11469,0.564067,2.97083,0.0961934,0.0972122,0.000200565,0.053209,,
24.192,pf,map,-1.09921,0.554706,2.94413,0.0750292,0.0800088,-0.00168711,7.19771,777.594,0
24.264,odom,map,-1.0989,0.495554,2.97563,0,0,0,,,
24.3,odom,map,-1.11103,0.497573,2.97784,0,0,0,,,
24.336,odom,map,-1.12301,0.49954,2.97967,0,0,0,,,
24.372,odom,map,-1.13493,0.501477,2.98134,0,0,0,,,
24.408,odom,map,-1.14677,0.503381,2.98301,0,0,0,,,
24.408,ekf,map,-1.18531,0.575834,2.97989,0.0979998,0.0992634,0.000246953,0.060584,,
24.408,kf,map,-1.18549,0.575836,2.98006,0.0793254,0.0793254,0,0.062625,,
24.408,ekf_predict_only,map,-1.17832,0.592485,2.94903,5.36828,4.58638,0.185201,,,
24.408,pf,map,-1.17724,0.580054,2.97231,0.0836661,0.0753181,0.00196691,4.61458,770.955,0
24.444,odom,map,-1.15831,0.505218,2.98433,0,0,0,,,
24.48,odom,map,-1.16979,0.50703,2.98561,0,0,0,,,
24.516,odom,map,-1.18102,0.50879,2.98651,0,0,0,,,
24.552,odom,map,-1.19187,0.510484,2.98722,0,0,0,,,
24.588,odom,map,-1.20227,0.5121,2.98766,0,0,0,,,
24.624,odom,map,-1.2104,0.514376,2.98592,0,0,0,,,
24.588,ekf_predict_only,map,-1.22958,0.60248,2.95076,5.44667,4.69399,0.263626,,,
24.588,kf,map,-1.2393,0.584428,2.98345,0.0791341,0.0791341,0,0.056292,,
24.588,ekf,map,-1.23971,0.584372,2.98373,0.0961898,0.0973719,0.000227795,0.06,,
24.6,amcl,map,-1.18018,0.511087,2.97028,0.0360225,0.0558803,0.0138001,,,
24.588,pf,map,-1.24167,0.582387,2.97585,0.0797402,0.0722638,0.00146975,9.67383,762.304,0
24.66,odom,map,-1.21717,0.517057,2.98298,0,0,0,,,
24.696,odom,map,-1.22365,0.519744,2.97986,0,0,0,,,
24.732,odom,map,-1.23002,0.522466,2.97662,0,0,0,,,
24.768,odom,map,-1.23638,0.52524,2.97334,0,0,0,,,
24.804,odom,map,-1.24275,0.527971,2.97011,0,0,0,,,
24.804,kf,map,-1.29888,0.59375,2.98406,0.0793243,0.0793243,0,0.060917,,
24.804,ekf_predict_only,map,-1.28649,0.613475,2.94966,5.52836,4.82017,0.353015,,,
24.804,ekf,map,-1.29965,0.593667,2.9846,0.0980364,0.0993372,0.000245153,0.05575,,
24.804,pf,map,-1.29876,0.58365,2.96025,0.0784448,0.0812053,-0.00102711,6.72046,783.429,0
24.84,odom,map,-1.25219,0.529607,2.96997,0,0,0,,,
24.876,odom,map,-1.26158,0.531234,2.96987,0,0,0,,,
24.912,odom,map,-1.27087,0.532848,2.9696,0,0,0,,,
24.948,odom,map,-1.28002,0.534439,2.96919,0,0,0,,,
24.984,odom,map,-1.28892,0.535991,2.96851,0,0,0,,,
25.02,odom,map,-1.29775,0.537537,2.96775,0,0,0,,,
24.984,ekf,map,-1.34624,0.600892,2.98285,0.0962275,0.097355,0.000208283,0.209583,,
24.984,kf,map,-1.34534,0.600984,2.98216,0.0791337,0.0791337,0,0.060791,,
24.984,ekf_predict_only,map,-1.33047,0.622021,2.94586,5.60333,4.93793,0.423839,,,
24.984,pf,map,-1.32682,0.604231,2.95931,0.0862638,0.0797117,0.00625328,11.7285,786.132,0
25.056,odom,map,-1.30642,0.539064,2.96675,0,0,0,,,
25.092,odom,map,-1.31503,0.54059,2.9655,0,0,0,,,
25.128,odom,map,-1.3235,0.542104,2.96386,0,0,0,,,
25.164,odom,map,-1.33192,0.543626,2.96214,0,0,0,,,
25.2,odom,map,-1.34033,0.545159,2.96024,0,0,0,,,
25.2,ekf,map,-1.39797,0.609062,2.97283,0.0980711,0.0992295,0.000209056,0.087334,,
25.2,kf,map,-1.39698,0.609206,2.97169,0.0793242,0.0793242,0,0.061291,,
25.2,ekf_predict_only,map,-1.37961,0.631765,2.93204,5.68216,5.07296,0.504971,,,
25.2,pf,map,-1.39062,0.62364,2.95999,0.0915225,0.0822203,0.00274478,5.44354,770.785,0
25.236,odom,map,-1.34858,0.54668,2.958,0,0,0,,,
25.272,odom,map,-1.35679,0.548214,2.95569,0,0,0,,,
25.308,odom,map,-1.36492,0.549755,2.95334,0,0,0,,,
25.344,odom,map,-1.373,0.551304,2.95069,0,0,0,,,
25.38,odom,map,-1.38099,0.55286,2.94755,0,0,0,,,
25.416,ekf,map,-1.44751,0.61753,2.95698,0.0989117,0.100001,0.00019342,0.059375,,
25.416,kf,map,-1.44659,0.617697,2.95556,0.0793935,0.0793935,0,0.108958,,
25.416,ekf_predict_only,map,-1.42724,0.641894,2.91244,5.76254,5.21484,0.586174,,,
25.416,odom,map,-1.38849,0.553921,2.94434,0,0,0,,,
25.416,pf,map,-1.45506,0.642529,2.96493,0.0856312,0.0829562,0.00601368,7.41775,761.414,0
25.452,odom,map,-1.3952,0.554179,2.94103,0,0,0,,,
25.488,odom,map,-1.40178,0.554436,2.93754,0,0,0,,,
25.524,odom,map,-1.40824,0.554697,2.9338,0,0,0,,,
25.56,odom,map,-1.41465,0.55498,2.9299,0,0,0,,,
25.596,odom,map,-1.42105,0.555288,2.92576,0,0,0,,,
25.632,odom,map,-1.42859,0.556839,2.92119,0,0,0,,,
25.596,kf,map,-1.48626,0.625195,2.93587,0.079159,0.079159,0,0.0625,,
25.596,ekf_predict_only,map,-1.46568,0.650859,2.88899,5.83979,5.34588,0.654036,,,
25.596,ekf,map,-1.48695,0.625004,2.93742,0.0965253,0.0974033,0.000155069,0.102875,,
25.596,pf,map,-1.47408,0.632323,2.95324,0.0729349,0.0824362,0.00346147,14.9917,765.476,0
25.668,odom,map,-1.43629,0.558583,2.9165,0,0,0,,,
25.704,odom,map,-1.44359,0.560272,2.91119,0,0,0,,,
25.74,odom,map,-1.45047,0.56191,2.90535,0,0,0,,,
25.776,odom,map,-1.45741,0.563601,2.89933,0,0,0,,,
25.812,odom,map,-1.46433,0.565334,2.89326,0,0,0,,,
25.812,ekf,map,-1.53002,0.63421,2.90493,0.0980913,0.0989531,0.0001537,0.152625,,
25.812,kf,map,-1.52935,0.634362,2.90324,0.0793334,0.0793334,0,0.104458,,
25.812,ekf_predict_only,map,-1.50713,0.661558,2.85252,5.92275,5.49025,0.730068,,,
25.8,amcl,map,-1.43208,0.582655,2.87923,0.0424101,0.0740722,0.0196061,,,
25.812,pf,map,-1.53752,0.625096,2.91003,0.0782929,0.0800437,-0.00323176,6.25288,764.42,0
25.848,odom,map,-1.47095,0.567035,2.88668,0,0,0,,,
25.884,odom,map,-1.47682,0.568585,2.8791,0,0,0,,,
25.92,odom,map,-1.48242,0.570114,2.87133,0,0,0,,,
25.956,odom,map,-1.48779,0.571626,2.86318,0,0,0,,,
25.992,odom,map,-1.4926,0.573023,2.85428,0,0,0,,,
25.992,ekf_predict_only,map,-1.52811,0.6678,2.80496,5.99221,5.59082,0.770299,,,
26.028,odom,map,-1.49691,0.574316,2.84484,0,0,0,,,
25.992,kf,map,-1.55416,0.640605,2.86139,0.079137,0.079137,0,0.062958,,
25.992,ekf,map,-1.5553,0.640596,2.86348,0.096177,0.0968621,0.000124495,0.201875,,
25.992,pf,map,-1.56524,0.623356,2.86263,0.0819855,0.0777808,-0.000810179,6.99871,764.217,0
26.064,odom,map,-1.50109,0.575616,2.83533,0,0,0,,,
26.1,odom,map,-1.50541,0.577006,2.82573,0,0,0,,,
26.136,odom,map,-1.50956,0.578385,2.8158,0,0,0,,,
26.172,odom,map,-1.51354,0.579751,2.80576,0,0,0,,,
26.208,odom,map,-1.51788,0.581291,2.79598,0,0,0,,,
26.208,ekf,map,-1.58409,0.649258,2.80845,0.0979754,0.0986138,0.000120936,0.055041,,
26.208,kf,map,-1.5811,0.648612,2.80282,0.0793254,0.0793254,0,0.105625,,
26.208,pf,map,-1.59136,0.649698,2.80362,0.0809367,0.0776658,8.75336e-05,4.66946,766.488,0
26.208,ekf_predict_only,map,-1.55208,0.676187,2.74049,6.06862,5.70089,0.818536,,,
26.244,odom,map,-1.52206,0.58282,2.78558,0,0,0,,,
26.28,odom,map,-1.52593,0.584283,2.77445,0,0,0,,,
26.316,odom,map,-1.52974,0.585773,2.76305,0,0,0,,,
26.352,odom,map,-1.53336,0.587235,2.75131,0,0,0,,,
26.388,odom,map,-1.53677,0.588664,2.73894,0,0,0,,,
26.388,kf,map,-1.60018,0.655537,2.74398,0.0791341,0.0791341,0,0.05975,,
26.424,odom,map,-1.54001,0.59007,2.72583,0,0,0,,,
26.388,ekf,map,-1.60231,0.655962,2.74841,0.0961662,0.0966519,9.64443e-05,0.05375,,
26.388,ekf_predict_only,map,-1.56828,0.683056,2.67457,6.14047,5.79291,0.853213,,,
26.388,pf,map,-1.61674,0.652866,2.74216,0.0780562,0.0796757,0.00365834,4.55354,781.723,0
26.46,odom,map,-1.54322,0.591512,2.71265,0,0,0,,,
26.496,odom,map,-1.54646,0.593021,2.6992,0,0,0,,,
26.532,odom,map,-1.54971,0.594587,2.68525,0,0,0,,,
26.568,odom,map,-1.55293,0.596197,2.6711,0,0,0,,,
26.604,odom,map,-1.55568,0.597975,2.65639,0,0,0,,,
26.604,ekf,map,-1.62217,0.664744,2.66605,0.0980113,0.0984387,9.15919e-05,0.082,,
26.604,kf,map,-1.62061,0.664409,2.66223,0.0793243,0.0793243,0,0.057542,,
26.604,ekf_predict_only,map,-1.58634,0.692162,2.58614,6.21977,5.89113,0.89442,,,
26.601,amcl,map,-1.52997,0.613539,2.63768,0.0415986,0.0704532,0.0224517,,,
26.604,pf,map,-1.63277,0.670195,2.64551,0.0723033,0.0862604,0.00159152,5.11425,774.365,0
26.64,odom,map,-1.55301,0.603082,2.63843,0,0,0,,,
26.676,odom,map,-1.55026,0.60821,2.61993,0,0,0,,,
26.712,odom,map,-1.54747,0.613387,2.60129,0,0,0,,,
26.748,odom,map,-1.54478,0.618694,2.58246,0,0,0,,,
26.784,odom,map,-1.54234,0.624236,2.56365,0,0,0,,,
26.82,odom,map,-1.54348,0.628212,2.54647,0,0,0,,,
26.784,kf,map,-1.63954,0.674537,2.58732,0.0791337,0.0791337,0,0.061792,,
26.784,ekf_predict_only,map,-1.60545,0.704024,2.50671,6.30849,5.99374,0.94194,,,
26.784,ekf,map,-1.64017,0.674568,2.59028,0.0962087,0.0965258,7.54166e-05,0.12375,,
26.784,pf,map,-1.64185,0.682816,2.57586,0.0730384,0.090533,0.00150787,7.88496,765.491,0
26.856,odom,map,-1.54718,0.630763,2.53059,0,0,0,,,
26.892,odom,map,-1.5511,0.633558,2.51494,0,0,0,,,
26.928,odom,map,-1.55534,0.636676,2.49942,0,0,0,,,
26.964,odom,map,-1.55976,0.640033,2.48394,0,0,0,,,
27,odom,map,-1.56434,0.643631,2.46841,0,0,0,,,
27,kf,map,-1.66789,0.692932,2.49577,0.0793242,0.0793242,0,0.063583,,
27,ekf,map,-1.6675,0.69259,2.49797,0.0980622,0.0983475,8.53928e-05,0.10125,,
27,ekf_predict_only,map,-1.63534,0.726042,2.41219,6.43204,6.12934,1.02339,,,
27,pf,map,-1.64675,0.703172,2.48326,0.0748309,0.0879131,0.00178984,7.8865,762.927,0
27.036,odom,map,-1.56907,0.647463,2.45272,0,0,0,,,
27.072,odom,map,-1.57388,0.651488,2.43683,0,0,0,,,
27.108,odom,map,-1.57872,0.655675,2.42076,0,0,0,,,
27.144,odom,map,-1.58355,0.659985,2.4046,0,0,0,,,
27.18,odom,map,-1.58846,0.664519,2.3883,0,0,0,,,
27.216,ekf,map,-1.69661,0.716452,2.40109,0.0989233,0.0991723,0.000102947,0.10225,,
27.216,kf,map,-1.6975,0.716878,2.39929,0.0793935,0.0793935,0,0.0635,,
27.216,ekf_predict_only,map,-1.66585,0.753314,2.31281,6.57621,6.27091,1.117,,,
27.216,odom,map,-1.59339,0.66922,2.37181,0,0,0,,,
27.201,amcl,map,-1.60902,0.662391,2.39683,0.0387198,0.0697875,0.0195325,,,
27.216,pf,map,-1.68935,0.729525,2.3918,0.0812317,0.0792181,0.000138391,7.23013,763.69,0
27.252,odom,map,-1.59831,0.674069,2.35506,0,0,0,,,
27.288,odom,map,-1.6032,0.679052,2.33816,0,0,0,,,
27.324,odom,map,-1.60806,0.684176,2.32119,0,0,0,,,
27.36,odom,map,-1.61287,0.689429,2.30384,0,0,0,,,
27.396,odom,map,-1.61767,0.694852,2.28627,0,0,0,,,
27.432,odom,map,-1.62313,0.699941,2.26799,0,0,0,,,
27.396,kf,map,-1.72193,0.741293,2.31389,0.079159,0.079159,0,0.104417,,
27.396,ekf,map,-1.72096,0.740911,2.31541,0.0965601,0.0967497,0.000111233,0.054708,,
27.396,ekf_predict_only,map,-1.69065,0.78037,2.22461,6.72303,6.39853,1.20371,,,
27.396,pf,map,-1.7109,0.747051,2.30989,0.0758764,0.0791384,-0.00103717,5.8955,777.955,0
27.468,odom,map,-1.62854,0.705005,2.2493,0,0,0,,,
27.504,odom,map,-1.63382,0.710155,2.23016,0,0,0,,,
27.54,odom,map,-1.63908,0.715505,2.21098,0,0,0,,,
27.576,odom,map,-1.64426,0.721,2.19181,0,0,0,,,
27.612,odom,map,-1.64897,0.726569,2.17259,0,0,0,,,
27.612,ekf,map,-1.74802,0.773285,2.20518,0.0981714,0.0983373,0.000155165,0.059916,,
27.612,kf,map,-1.74886,0.773383,2.20369,0.0793334,0.0793334,0,0.145333,,
27.612,ekf_predict_only,map,-1.71653,0.814136,2.11125,6.89866,6.53254,1.30666,,,
27.612,pf,map,-1.72798,0.772978,2.20373,0.0860136,0.0758343,0.000832919,4.74225,780.685,0
27.648,odom,map,-1.65281,0.73228,2.15338,0,0,0,,,
27.684,odom,map,-1.65645,0.737923,2.13402,0,0,0,,,
27.72,odom,map,-1.65994,0.743567,2.1146,0,0,0,,,
27.756,odom,map,-1.66332,0.749286,2.09515,0,0,0,,,
27.792,odom,map,-1.66648,0.754882,2.07574,0,0,0,,,
27.792,ekf,map,-1.76588,0.800596,2.11013,0.0962832,0.0963936,0.000160652,0.060709,,
27.792,ekf_predict_only,map,-1.73304,0.841656,2.01484,7.05502,6.63782,1.38463,,,
27.828,odom,map,-1.66953,0.760521,2.05644,0,0,0,,,
27.792,kf,map,-1.76655,0.80043,2.10901,0.079137,0.079137,0,1.68733,,
27.801,amcl,map,-1.68528,0.772519,2.0944,0.0348649,0.0690473,0.0191604,,,
27.792,pf,map,-1.7577,0.801571,2.11289,0.0878551,0.0865678,0.00374451,15.6769,772.853,0
27.864,odom,map,-1.67247,0.766227,2.03716,0,0,0,,,
27.9,odom,map,-1.67534,0.772073,2.01796,0,0,0,,,
27.936,odom,map,-1.67812,0.778004,1.99887,0,0,0,,,
27.972,odom,map,-1.68082,0.784065,1.97996,0,0,0,,,
28.008,odom,map,-1.68404,0.790058,1.96196,0,0,0,,,
28.008,ekf_predict_only,map,-1.75056,0.87848,1.90248,7.25299,6.74787,1.48295,,,
28.008,ekf,map,-1.78481,0.836238,1.99736,0.0981411,0.0982002,0.00019917,0.544834,,
28.008,kf,map,-1.78559,0.836018,1.99679,0.0793254,0.0793254,0,0.087083,,
28.008,pf,map,-1.78078,0.841769,1.99332,0.0824834,0.0815814,0.00392015,8.30779,765.333,0
28.044,odom,map,-1.68943,0.795739,1.94719,0,0,0,,,
28.08,odom,map,-1.69491,0.801789,1.93303,0,0,0,,,
28.116,odom,map,-1.7004,0.80803,1.91909,0,0,0,,,
28.152,odom,map,-1.7059,0.814523,1.90558,0,0,0,,,
28.188,odom,map,-1.71145,0.821316,1.89262,0,0,0,,,
28.188,ekf,map,-1.7994,0.873124,1.91149,0.0963654,0.0963543,0.000194982,0.061917,,
28.224,odom,map,-1.7151,0.828927,1.87749,0,0,0,,,
28.188,kf,map,-1.80046,0.873256,1.91178,0.0791341,0.0791341,0,0.062417,,
28.188,ekf_predict_only,map,-1.76436,0.918567,1.82009,7.47149,6.84624,1.58219,,,
28.2,amcl,map,-1.72299,0.862039,1.88553,0.0326821,0.0613932,0.0214141,,,
28.188,pf,map,-1.78831,0.882558,1.89717,0.0773875,0.0813299,-0.00146625,4.69562,787.518,0
28.26,odom,map,-1.7176,0.837031,1.86101,0,0,0,,,
28.296,odom,map,-1.72,0.845323,1.84461,0,0,0,,,
28.332,odom,map,-1.72232,0.853854,1.82835,0,0,0,,,
28.368,odom,map,-1.72452,0.862506,1.81213,0,0,0,,,
28.404,odom,map,-1.7266,0.871252,1.79604,0,0,0,,,
28.404,kf,map,-1.81614,0.924496,1.81499,0.0793243,0.0793243,0,0.055916,,
28.404,ekf,map,-1.81468,0.923979,1.814,0.0983245,0.0981971,0.000236541,0.113667,,
28.404,ekf_predict_only,map,-1.77835,0.973501,1.72673,7.76512,6.94619,1.71129,,,
28.404,pf,map,-1.81334,0.932123,1.79885,0.0824115,0.0830065,-0.00422308,4.81617,780.206,0
28.44,odom,map,-1.72859,0.880251,1.78026,0,0,0,,,
28.476,odom,map,-1.7305,0.889615,1.76501,0,0,0,,,
28.512,odom,map,-1.73228,0.899049,1.74991,0,0,0,,,
28.548,odom,map,-1.73394,0.908598,1.73498,0,0,0,,,
28.584,odom,map,-1.73547,0.918289,1.72036,0,0,0,,,
28.62,odom,map,-1.73717,0.929947,1.70623,0,0,0,,,
28.584,kf,map,-1.82509,0.970471,1.74032,0.0791337,0.0791337,0,0.059541,,
28.584,ekf_predict_only,map,-1.78596,1.0219,1.65613,8.04203,7.02376,1.81682,,,
28.584,ekf,map,-1.82352,0.969928,1.73889,0.0965768,0.0963546,0.000224317,0.05625,,
28.584,pf,map,-1.80892,0.979957,1.72705,0.0823079,0.0780023,-0.00493431,8.86529,784.842,0
28.656,odom,map,-1.73898,0.943137,1.69235,0,0,0,,,
28.692,odom,map,-1.74066,0.95645,1.67867,0,0,0,,,
28.728,odom,map,-1.74222,0.969853,1.66529,0,0,0,,,
28.764,odom,map,-1.74366,0.983243,1.65226,0,0,0,,,
28.8,odom,map,-1.74496,0.996633,1.63943,0,0,0,,,
28.8,ekf_predict_only,map,-1.79096,1.08033,1.58018,8.38153,7.09204,1.93601,,,
28.8,kf,map,-1.83216,1.02779,1.65941,0.0793242,0.0793242,0,0.057417,,
28.8,ekf,map,-1.83042,1.02746,1.65747,0.0985871,0.0981859,0.000251315,0.08425,,
28.8,amcl,map,-1.74919,1.01839,1.62991,0.0358546,0.0659262,0.0275286,,,
28.8,pf,map,-1.80704,1.02544,1.64459,0.0766876,0.0802281,0.00194219,5.47888,761.853,0
28.836,odom,map,-1.74559,1.00655,1.62663,0,0,0,,,
28.872,odom,map,-1.74607,1.0162,1.61422,0,0,0,,,
28.908,odom,map,-1.74643,1.02578,1.60243,0,0,0,,,
28.944,odom,map,-1.74667,1.03535,1.59078,0,0,0,,,
28.98,odom,map,-1.74681,1.0449,1.57946,0,0,0,,,
29.016,ekf,map,-1.83259,1.08389,1.5879,0.0995519,0.0990025,0.000243745,0.055333,,
29.016,kf,map,-1.83446,1.0839,1.59042,0.0793935,0.0793935,0,0.0555,,
29.016,ekf_predict_only,map,-1.79148,1.13623,1.51726,8.72445,7.14396,2.03993,,,
29.016,odom,map,-1.74725,1.05561,1.56847,0,0,0,,,
29.016,pf,map,-1.81324,1.07848,1.57139,0.0819496,0.0820273,-0.00321314,6.32775,775.312,0
29.052,odom,map,-1.74822,1.0684,1.5572,0,0,0,,,
29.088,odom,map,-1.74908,1.08114,1.5462,0,0,0,,,
29.124,odom,map,-1.74983,1.09387,1.53566,0,0,0,,,
29.16,odom,map,-1.75049,1.10633,1.5258,0,0,0,,,
29.196,odom,map,-1.75113,1.11758,1.51834,0,0,0,,,
29.196,ekf_predict_only,map,-1.79141,1.1375,1.51726,8.78132,7.19371,2.04208,,,
29.232,odom,map,-1.75088,1.12446,1.51418,0,0,0,,,
29.196,ekf,map,-1.83061,1.1065,1.56235,0.0970642,0.0965841,0.000184201,0.147292,,
29.196,kf,map,-1.83264,1.1026,1.56848,0.079159,0.079159,0,0.058084,,
29.196,pf,map,-1.83481,1.1181,1.52478,0.0790854,0.0736529,-0.000591396,6.79042,775.993,0
29.268,odom,map,-1.75058,1.12965,1.51269,0,0,0,,,
29.304,odom,map,-1.75036,1.13356,1.51268,0,0,0,,,
29.34,odom,map,-1.75021,1.13617,1.51268,0,0,0,,,
29.376,odom,map,-1.75013,1.13748,1.51268,0,0,0,,,
29.412,odom,map,-1.75008,1.13831,1.51269,0,0,0,,,
29.412,ekf,map,-1.82952,1.1325,1.5462,0.0985949,0.0981312,0.000156308,0.061042,,
29.412,ekf_predict_only,map,-1.7909,1.14704,1.51727,8.88292,7.24183,2.05819,,,
29.412,kf,map,-1.83119,1.12699,1.553,0.0793334,0.0793334,0,0.095125,,
29.412,pf,map,-1.83227,1.14235,1.51722,0.0723097,0.0742765,-0.000105532,5.74012,776.817,0
29.448,odom,map,-1.74999,1.13989,1.51269,0,0,0,,,
29.484,odom,map,-1.74987,1.14194,1.51273,0,0,0,,,
29.52,odom,map,-1.7497,1.14481,1.51249,0,0,0,,,
29.556,odom,map,-1.7495,1.14829,1.51181,0,0,0,,,
29.592,odom,map,-1.74928,1.15195,1.51088,0,0,0,,,
29.592,ekf,map,-1.82866,1.15776,1.53387,0.0965592,0.0961988,0.00010868,0.121667,,
29.592,kf,map,-1.82988,1.15354,1.539,0.079137,0.079137,0,0.056875,,
29.592,ekf_predict_only,map,-1.78982,1.16723,1.51072,9.04374,7.28787,2.09221,,,
29.628,odom,map,-1.74871,1.15616,1.50902,0,0,0,,,
29.592,pf,map,-1.83047,1.16248,1.51084,0.0735592,0.0866925,-0.00370975,15.2162,772.371,0
29.664,odom,map,-1.74799,1.16076,1.50626,0,0,0,,,
29.7,odom,map,-1.74726,1.16517,1.50257,0,0,0,,,
29.736,odom,map,-1.74654,1.16918,1.49822,0,0,0,,,
29.772,odom,map,-1.74578,1.17352,1.49354,0,0,0,,,
29.808,odom,map,-1.74513,1.17746,1.48817,0,0,0,,,
29.808,ekf_predict_only,map,-1.78879,1.18443,1.47413,9.18986,7.33408,2.1208,,,
29.808,ekf,map,-1.82774,1.18047,1.50357,0.0983087,0.0979855,8.44644e-05,0.103708,,
29.808,kf,map,-1.82853,1.17687,1.50547,0.0793254,0.0793254,0,0.104417,,
29.808,pf,map,-1.81291,1.1877,1.51013,0.0799444,0.0831364,0.00280155,5.46496,775.243,0
29.844,odom,map,-1.74487,1.18046,1.48246,0,0,0,,,
29.88,odom,map,-1.74461,1.18332,1.47636,0,0,0,,,
29.916,odom,map,-1.74436,1.18584,1.46954,0,0,0,,,
29.952,odom,map,-1.7441,1.18827,1.46179,0,0,0,,,
29.988,odom,map,-1.74384,1.19063,1.45276,0,0,0,,,
30.024,odom,map,-1.74355,1.19297,1.44361,0,0,0,,,
29.988,ekf,map,-1.82671,1.19569,1.46593,0.0964082,0.096168,5.50328e-05,0.059167,,
29.988,kf,map,-1.82718,1.1929,1.46563,0.0791341,0.0791341,0,0.057625,,
29.988,ekf_predict_only,map,-1.78765,1.19619,1.42834,9.30646,7.37992,2.13906,,,
29.988,pf,map,-1.80891,1.22712,1.48374,0.0796134,0.0778918,-1.21156e-05,14.6385,783.863,0
30.06,odom,map,-1.74322,1.19541,1.43411,0,0,0,,,
30.096,odom,map,-1.74285,1.19804,1.42346,0,0,0,,,
30.132,odom,map,-1.74242,1.2008,1.41183,0,0,0,,,
30.168,odom,map,-1.74195,1.20363,1.39969,0,0,0,,,
30.204,odom,map,-1.74142,1.20659,1.38697,0,0,0,,,
30.204,ekf,map,-1.82463,1.21455,1.39867,0.0982183,0.0980066,3.92764e-05,0.0645,,
30.204,ekf_predict_only,map,-1.78507,1.21416,1.35124,9.45962,7.42053,2.16439,,,
30.204,kf,map,-1.82486,1.2127,1.39662,0.0793243,0.0793243,0,0.059125,,
30.201,amcl,map,-1.75512,1.19973,1.3881,0.0392231,0.0592363,0.0282122,,,
30.204,pf,map,-1.79868,1.24908,1.42105,0.0735955,0.0775531,0.000432367,5.25425,766.374,0
30.24,odom,map,-1.74081,1.20975,1.37352,0,0,0,,,
30.276,odom,map,-1.74014,1.213,1.35964,0,0,0,,,
30.312,odom,map,-1.73939,1.21636,1.34553,0,0,0,,,
30.348,odom,map,-1.7385,1.22012,1.33092,0,0,0,,,
30.384,odom,map,-1.73747,1.2242,1.31599,0,0,0,,,
30.42,odom,map,-1.73634,1.22842,1.30088,0,0,0,,,
30.384,kf,map,-1.82091,1.23377,1.32776,0.0791337,0.0791337,0,0.058833,,
30.384,ekf,map,-1.82087,1.23465,1.33026,0.0963656,0.0961998,2.20836e-05,0.059625,,
30.384,ekf_predict_only,map,-1.78031,1.23549,1.2757,9.63438,7.45328,2.18913,,,
30.384,pf,map,-1.80758,1.25046,1.33265,0.0768197,0.0813799,-0.00478344,11.3163,774.25,0
30.456,odom,map,-1.73512,1.23268,1.28588,0,0,0,,,
30.492,odom,map,-1.73378,1.23712,1.27064,0,0,0,,,
30.528,odom,map,-1.73228,1.24186,1.2551,0,0,0,,,
30.564,odom,map,-1.73065,1.24671,1.23949,0,0,0,,,
30.6,odom,map,-1.72889,1.2517,1.22374,0,0,0,,,
30.6,kf,map,-1.81265,1.26464,1.23793,0.0793242,0.0793242,0,0.060291,,
30.6,ekf_predict_only,map,-1.77029,1.26845,1.18077,9.88197,7.46737,2.21816,,,
30.6,ekf,map,-1.81277,1.26452,1.2404,0.098219,0.098043,6.59662e-06,0.060167,,
30.6,pf,map,-1.80509,1.26894,1.23341,0.0810936,0.08981,-0.00255424,5.41842,764.094,0
30.636,odom,map,-1.72693,1.25699,1.20791,0,0,0,,,
30.672,odom,map,-1.72485,1.26234,1.19209,0,0,0,,,
30.708,odom,map,-1.72259,1.26789,1.17606,0,0,0,,,
30.744,odom,map,-1.72013,1.27365,1.16012,0,0,0,,,
30.78,odom,map,-1.71746,1.27966,1.14425,0,0,0,,,
30.816,ekf,map,-1.79962,1.29861,1.14774,0.0990862,0.0988889,-1.49049e-05,0.063458,,
30.816,odom,map,-1.71467,1.28566,1.12839,0,0,0,,,
30.816,kf,map,-1.79949,1.29934,1.14576,0.0793935,0.0793935,0,0.060583,,
30.816,ekf_predict_only,map,-1.75519,1.30519,1.08558,10.1592,7.46428,2.23602,,,
30.801,amcl,map,-1.74615,1.26238,1.13906,0.0323415,0.0549635,0.0262635,,,
30.816,pf,map,-1.7991,1.28849,1.15235,0.0845525,0.0765931,-0.0053079,5.63583,763.12,0
30.852,odom,map,-1.71169,1.29183,1.11257,0,0,0,,,
30.888,odom,map,-1.7085,1.29818,1.0969,0,0,0,,,
30.924,odom,map,-1.70505,1.30478,1.08151,0,0,0,,,
30.96,odom,map,-1.70148,1.31136,1.06614,0,0,0,,,
30.996,odom,map,-1.69771,1.31806,1.05098,0,0,0,,,
30.996,ekf,map,-1.78286,1.33202,1.07386,0.0967174,0.096515,-3.85587e-05,0.098917,,
30.996,kf,map,-1.78274,1.33316,1.07284,0.079159,0.079159,0,0.060209,,
30.996,ekf_predict_only,map,-1.73607,1.34145,1.0126,10.4408,7.44888,2.23699,,,
31.032,odom,map,-1.69583,1.32397,1.03626,0,0,0,,,
30.996,pf,map,-1.77395,1.31409,1.05986,0.0840661,0.0787455,-0.00365695,5.46683,764.03,0
31.068,odom,map,-1.69405,1.32981,1.02168,0,0,0,,,
31.104,odom,map,-1.69209,1.33572,1.00728,0,0,0,,,
31.14,odom,map,-1.68988,1.34178,0.993319,0,0,0,,,
31.176,odom,map,-1.68754,1.34785,0.979535,0,0,0,,,
31.212,odom,map,-1.6842,1.3544,0.965116,0,0,0,,,
31.212,ekf_predict_only,map,-1.70727,1.38757,0.923315,10.7959,7.40422,2.21753,,,
31.212,ekf,map,-1.75688,1.37566,0.985739,0.0983772,0.0981032,-9.16344e-05,0.08475,,
31.212,kf,map,-1.75677,1.37711,0.984931,0.0793334,0.0793334,0,0.065834,,
31.212,pf,map,-1.73038,1.36466,0.976741,0.0870624,0.086596,0.00281177,5.10463,765.792,0
31.248,odom,map,-1.67886,1.362,0.949924,0,0,0,,,
31.284,odom,map,-1.6732,1.36978,0.934185,0,0,0,,,
31.32,odom,map,-1.6674,1.3775,0.918355,0,0,0,,,
31.356,odom,map,-1.66131,1.38533,0.90247,0,0,0,,,
31.392,odom,map,-1.65496,1.39325,0.886403,0,0,0,,,
31.428,odom,map,-1.64835,1.40121,0.870315,0,0,0,,,
31.392,kf,map,-1.72811,1.4167,0.906015,0.079137,0.079137,0,0.060083,,
31.392,ekf_predict_only,map,-1.67581,1.42916,0.842903,11.1313,7.35614,2.17445,,,
31.392,ekf,map,-1.72826,1.41515,0.90672,0.0965061,0.096219,-0.000135041,0.054791,,
31.401,amcl,map,-1.68289,1.37118,0.893032,0.037555,0.0526039,0.0323991,,,
31.392,pf,map,-1.68976,1.43063,0.890214,0.0828621,0.079731,0.00229166,7.92175,757.709,0
31.464,odom,map,-1.64157,1.40913,0.854232,0,0,0,,,
31.5,odom,map,-1.63455,1.41705,0.838179,0,0,0,,,
31.536,odom,map,-1.62723,1.42507,0.822332,0,0,0,,,
31.572,odom,map,-1.61971,1.43303,0.806734,0,0,0,,,
31.608,odom,map,-1.61276,1.44034,0.791373,0,0,0,,,
31.608,ekf,map,-1.68697,1.46342,0.81316,0.0984401,0.0980847,-0.000237129,0.054834,,
31.608,kf,map,-1.68695,1.46509,0.812811,0.0793254,0.0793254,0,0.059083,,
31.608,ekf_predict_only,map,-1.63172,1.47864,0.749503,11.5336,7.2781,2.08931,,,
31.608,pf,map,-1.66643,1.46841,0.791568,0.0824431,0.0799321,0.00544336,4.53538,761.37,0
31.644,odom,map,-1.60806,1.44567,0.776541,0,0,0,,,
31.68,odom,map,-1.60322,1.45092,0.761893,0,0,0,,,
31.716,odom,map,-1.59824,1.45609,0.747523,0,0,0,,,
31.752,odom,map,-1.59315,1.46116,0.733268,0,0,0,,,
31.788,odom,map,-1.58799,1.46609,0.719316,0,0,0,,,
31.824,odom,map,-1.58076,1.47243,0.705222,0,0,0,,,
31.788,ekf,map,-1.64798,1.5008,0.739987,0.0966469,0.0963273,-0.000284372,0.060083,,
31.788,kf,map,-1.64824,1.50233,0.740245,0.0791341,0.0791341,0,0.056125,,
31.788,ekf_predict_only,map,-1.5914,1.51617,0.678747,11.8601,7.22074,1.99073,,,
31.788,pf,map,-1.64599,1.50273,0.712688,0.0828444,0.0790418,-0.000156683,15.4275,765.02,0
31.86,odom,map,-1.57229,1.47954,0.691448,0,0,0,,,
31.896,odom,map,-1.56371,1.48654,0.677781,0,0,0,,,
31.932,odom,map,-1.55507,1.49341,0.664244,0,0,0,,,
31.968,odom,map,-1.54636,1.50013,0.651062,0,0,0,,,
32.004,odom,map,-1.53758,1.50673,0.638066,0,0,0,,,
32.004,ekf,map,-1.59765,1.54282,0.659082,0.0985959,0.098287,-0.000403285,0.054333,,
32.004,ekf_predict_only,map,-1.54012,1.55753,0.60095,12.2243,7.14773,1.84556,,,
32.004,kf,map,-1.59824,1.5443,0.659878,0.0793243,0.0793243,0,0.06,,
32.001,amcl,map,-1.56905,1.48639,0.662046,0.0411382,0.0458342,0.0308061,,,
32.004,pf,map,-1.61022,1.57578,0.642313,0.0835917,0.0824801,-0.00336596,5.68975,770.805,0
32.04,odom,map,-1.52871,1.51322,0.6251,0,0,0,,,
32.076,odom,map,-1.51988,1.51951,0.612306,0,0,0,,,
32.112,odom,map,-1.51116,1.52555,0.599907,0,0,0,,,
32.148,odom,map,-1.50259,1.53134,0.587708,0,0,0,,,
32.184,odom,map,-1.49409,1.53693,0.575558,0,0,0,,,
32.184,ekf,map,-1.55581,1.57228,0.596823,0.0967403,0.0965269,-0.000411379,0.106459,,
32.184,ekf_predict_only,map,-1.49919,1.58559,0.541892,12.4931,7.11052,1.71586,,,
32.22,odom,map,-1.48699,1.54145,0.564287,0,0,0,,,
32.184,kf,map,-1.55673,1.57345,0.59791,0.0791337,0.0791337,0,0.901542,,
32.184,pf,map,-1.55784,1.61355,0.585067,0.0729268,0.0776517,-0.00132408,8.99829,767.308,0
32.256,odom,map,-1.48109,1.54506,0.553732,0,0,0,,,
32.292,odom,map,-1.47554,1.54835,0.543449,0,0,0,,,
32.328,odom,map,-1.47001,1.55152,0.533202,0,0,0,,,
32.364,odom,map,-1.46457,1.55455,0.523004,0,0,0,,,
32.4,odom,map,-1.45935,1.55735,0.512951,0,0,0,,,
32.4,kf,map,-1.51018,1.60239,0.528059,0.0793242,0.0793242,0,0.054417,,
32.4,ekf_predict_only,map,-1.45419,1.61268,0.474559,12.7587,7.076,1.56223,,,
32.4,ekf,map,-1.50887,1.60152,0.526867,0.0986107,0.0984823,-0.000485257,0.061,,
32.4,pf,map,-1.49999,1.65717,0.510031,0.0774636,0.0672788,-0.000403051,5.03625,780.647,0
32.436,odom,map,-1.45177,1.56156,0.501762,0,0,0,,,
32.472,odom,map,-1.44419,1.56566,0.490647,0,0,0,,,
32.508,odom,map,-1.43678,1.56957,0.479747,0,0,0,,,
32.544,odom,map,-1.42953,1.57329,0.469073,0,0,0,,,
32.58,odom,map,-1.42234,1.57689,0.458499,0,0,0,,,
32.616,odom,map,-1.4153,1.58032,0.448219,0,0,0,,,
32.616,ekf,map,-1.46523,1.6247,0.462894,0.0994069,0.0993804,-0.000491068,0.060291,,
32.616,kf,map,-1.46686,1.62536,0.464313,0.0793935,0.0793935,0,0.123583,,
32.616,ekf_predict_only,map,-1.41318,1.63375,0.414004,12.9794,7.05939,1.41323,,,
32.616,pf,map,-1.45859,1.67759,0.45039,0.07364,0.0751022,0.00156543,5.92796,796.527,0
32.652,odom,map,-1.40854,1.58352,0.438212,0,0,0,,,
32.688,odom,map,-1.40191,1.58659,0.428247,0,0,0,,,
32.724,odom,map,-1.39554,1.58946,0.41893,0,0,0,,,
32.76,odom,map,-1.39029,1.59178,0.412097,0,0,0,,,
32.796,odom,map,-1.38621,1.59355,0.407857,0,0,0,,,
32.832,odom,map,-1.38634,1.5936,0.408793,0,0,0,,,
32.796,ekf,map,-1.44923,1.63096,0.441749,0.0968859,0.0969037,-0.000378202,0.058667,,
32.796,kf,map,-1.4533,1.63056,0.446419,0.079159,0.079159,0,0.061,,
32.796,ekf_predict_only,map,-1.41318,1.63375,0.414004,13.0294,7.10939,1.41323,,,
32.802,amcl,map,-1.42443,1.58694,0.434991,0.0503407,0.0407838,0.0311447,,,
32.796,pf,map,-1.42056,1.68961,0.39627,0.0766025,0.0729602,-0.000935851,6.94337,773.316,0
32.868,odom,map,-1.38805,1.59298,0.411678,0,0,0,,,
32.904,odom,map,-1.39096,1.59182,0.414587,0,0,0,,,
32.94,odom,map,-1.39438,1.59043,0.417495,0,0,0,,,
32.976,odom,map,-1.3978,1.58902,0.420403,0,0,0,,,
33.012,odom,map,-1.40018,1.58802,0.422423,0,0,0,,,
33.012,ekf,map,-1.43851,1.63566,0.429824,0.0983839,0.0984261,-0.000325115,0.094917,,
33.012,ekf_predict_only,map,-1.41318,1.63375,0.414004,13.0794,7.15939,1.41323,,,
33.012,kf,map,-1.44307,1.63461,0.43492,0.0793334,0.0793334,0,0.072167,,
33.012,pf,map,-1.41158,1.6828,0.399815,0.0804696,0.0776658,-0.00315382,13.043,780.812,0
33.048,odom,map,-1.40018,1.58802,0.422423,0,0,0,,,
33.084,odom,map,-1.40018,1.58802,0.422423,0,0,0,,,
33.12,odom,map,-1.40018,1.58802,0.422423,0,0,0,,,
33.156,odom,map,-1.40018,1.58802,0.422423,0,0,0,,,
33.192,odom,map,-1.40018,1.58802,0.422423,0,0,0,,,
33.228,odom,map,-1.40018,1.58802,0.422423,0,0,0,,,
33.192,ekf_predict_only,map,-1.41318,1.63375,0.414004,13.1294,7.20939,1.41323,,,
33.192,kf,map,-1.43692,1.63705,0.428,0.079137,0.079137,0,0.177917,,
33.192,ekf,map,-1.43322,1.63809,0.423868,0.096373,0.0964134,-0.000227431,0.054833,,
33.192,pf,map,-1.40644,1.67983,0.387363,0.0816906,0.0793324,-0.00134153,8.72429,766.588,0
33.264,odom,map,-1.40018,1.58802,0.422423,0,0,0,,,
33.3,odom,map,-1.40018,1.58802,0.422423,0,0,0,,,
33.336,odom,map,-1.39991,1.58815,0.422336,0,0,0,,,
33.372,odom,map,-1.39896,1.58857,0.422011,0,0,0,,,
33.408,odom,map,-1.39776,1.58911,0.421614,0,0,0,,,
33.408,ekf,map,-1.42367,1.64244,0.417896,0.0981206,0.0981613,-0.000179139,0.056125,,
33.408,kf,map,-1.42565,1.64195,0.420623,0.0793254,0.0793254,0,0.0575,,
33.408,ekf_predict_only,map,-1.40222,1.63856,0.409257,13.2188,7.24329,1.37192,,,
33.408,pf,map,-1.39437,1.66239,0.397059,0.0834456,0.0750604,-0.00336598,4.91879,756.547,0
33.444,odom,map,-1.39628,1.58977,0.42097,0,0,0,,,
33.48,odom,map,-1.39423,1.59069,0.419689,0,0,0,,,
33.516,odom,map,-1.39114,1.59207,0.416728,0,0,0,,,
33.552,odom,map,-1.38768,1.59359,0.413238,0,0,0,,,
33.588,odom,map,-1.38388,1.59525,0.408889,0,0,0,,,
33.588,kf,map,-1.4052,1.6509,0.396351,0.0791341,0.0791341,0,0.065958,,
33.624,odom,map,-1.38178,1.59728,0.404677,0,0,0,,,
33.588,ekf,map,-1.40502,1.65077,0.395994,0.0962584,0.0962969,-0.0001228,0.057125,,
33.588,ekf_predict_only,map,-1.37773,1.64919,0.380044,13.3562,7.26,1.27841,,,
33.588,pf,map,-1.37444,1.66523,0.37694,0.0750993,0.0804127,-0.000736123,12.6056,772.643,0
33.66,odom,map,-1.38011,1.59974,0.400451,0,0,0,,,
33.696,odom,map,-1.37774,1.60248,0.395948,0,0,0,,,
33.732,odom,map,-1.37499,1.60535,0.391025,0,0,0,,,
33.768,odom,map,-1.37139,1.60854,0.385579,0,0,0,,,
33.804,odom,map,-1.36655,1.6121,0.379652,0,0,0,,,
33.804,ekf,map,-1.36297,1.66813,0.355716,0.0980844,0.098166,-0.000117697,0.099708,,
33.804,kf,map,-1.361,1.66897,0.354521,0.0793243,0.0793243,0,0.056084,,
33.804,ekf_predict_only,map,-1.32474,1.67035,0.33232,13.5824,7.25075,1.06965,,,
33.804,pf,map,-1.34255,1.66807,0.345624,0.0798685,0.0810098,0.00147123,5.19275,775.764,0
33.84,odom,map,-1.3577,1.61558,0.371698,0,0,0,,,
33.876,odom,map,-1.34859,1.61909,0.363486,0,0,0,,,
33.912,odom,map,-1.3384,1.62292,0.354756,0,0,0,,,
33.948,odom,map,-1.32763,1.62685,0.345953,0,0,0,,,
33.984,odom,map,-1.31665,1.63076,0.336934,0,0,0,,,
33.984,ekf,map,-1.31165,1.68647,0.314964,0.0962703,0.0964366,-0.00012873,0.119417,,
33.984,kf,map,-1.3084,1.68765,0.31331,0.0791337,0.0791337,0,0.064667,,
33.984,ekf_predict_only,map,-1.26165,1.69213,0.286225,13.8167,7.25315,0.810976,,,
34.02,odom,map,-1.30455,1.63493,0.327697,0,0,0,,,
33.984,pf,map,-1.28638,1.68918,0.307604,0.0758348,0.0730585,-0.00153076,5.12429,774.947,0
34.056,odom,map,-1.29159,1.63927,0.318459,0,0,0,,,
34.092,odom,map,-1.27818,1.64362,0.309211,0,0,0,,,
34.128,odom,map,-1.26436,1.64796,0.299812,0,0,0,,,
34.164,odom,map,-1.24967,1.65243,0.290478,0,0,0,,,
34.2,odom,map,-1.23478,1.65681,0.281154,0,0,0,,,
34.2,kf,map,-1.22668,1.7126,0.260081,0.0793242,0.0793242,0,0.145167,,
34.2,ekf_predict_only,map,-1.16951,1.71925,0.229768,14.1003,7.27883,0.41768,,,
34.2,ekf,map,-1.2307,1.71114,0.261636,0.0981394,0.0985675,-0.000222403,0.055084,,
34.2,pf,map,-1.2228,1.71028,0.257447,0.0839444,0.0800629,-0.00419262,4.76058,781.439,0
34.236,odom,map,-1.2196,1.66111,0.271773,0,0,0,,,
34.272,odom,map,-1.20399,1.66538,0.262433,0,0,0,,,
34.308,odom,map,-1.18797,1.66961,0.253439,0,0,0,,,
34.344,odom,map,-1.17192,1.67369,0.244556,0,0,0,,,
34.38,odom,map,-1.15584,1.67763,0.235924,0,0,0,,,
34.416,odom,map,-1.13972,1.68143,0.227702,0,0,0,,,
34.416,ekf,map,-1.13669,1.73364,0.212333,0.0990099,0.0998075,-0.000335512,0.057625,,
34.416,kf,map,-1.13249,1.73548,0.211631,0.0793935,0.0793935,0,0.080834,,
34.416,ekf_predict_only,map,-1.06569,1.74353,0.181379,14.3634,7.36619,-0.0423784,,,
34.401,amcl,map,-1.17232,1.66713,0.234309,0.0632162,0.0384574,0.0314115,,,
34.416,pf,map,-1.14911,1.76126,0.187391,0.0799335,0.0804244,-0.00250826,5.32937,776.338,0
34.452,odom,map,-1.12358,1.68511,0.219923,0,0,0,,,
34.488,odom,map,-1.1074,1.68866,0.212413,0,0,0,,,
34.524,odom,map,-1.0912,1.69209,0.205098,0,0,0,,,
34.56,odom,map,-1.07498,1.6954,0.198091,0,0,0,,,
34.596,odom,map,-1.05873,1.69861,0.191546,0,0,0,,,
34.632,odom,map,-1.04246,1.70171,0.185031,0,0,0,,,
34.596,ekf_predict_only,map,-0.978227,1.75957,0.148805,14.5563,7.50131,-0.439699,,,
34.596,ekf,map,-1.05692,1.74841,0.177589,0.0966277,0.0976562,-0.00037327,0.188708,,
34.596,kf,map,-1.05312,1.75032,0.177603,0.079159,0.079159,0,0.054458,,
34.596,pf,map,-1.0713,1.77626,0.141887,0.0776907,0.0853116,-0.00187607,10.4052,783.679,0
34.668,odom,map,-1.02617,1.70471,0.178792,0,0,0,,,
34.704,odom,map,-1.00987,1.7076,0.172967,0,0,0,,,
34.74,odom,map,-0.99355,1.71041,0.16759,0,0,0,,,
34.776,odom,map,-0.977214,1.71313,0.16226,0,0,0,,,
34.812,odom,map,-0.960865,1.71576,0.157082,0,0,0,,,
34.812,ekf,map,-0.960352,1.76324,0.143803,0.0982122,0.0997791,-0.000486192,0.067792,,
34.812,kf,map,-0.956985,1.76527,0.144418,0.0793334,0.0793334,0,0.100125,,
34.812,ekf_predict_only,map,-0.87532,1.775,0.11792,14.7453,7.7148,-0.915507,,,
34.812,pf,map,-0.952747,1.77991,0.115139,0.075846,0.0873398,-0.00107407,5.04387,777.363,0
34.848,odom,map,-0.944503,1.71831,0.152298,0,0,0,,,
34.884,odom,map,-0.928129,1.72079,0.147895,0,0,0,,,
34.92,odom,map,-0.911744,1.72319,0.14358,0,0,0,,,
34.956,odom,map,-0.89535,1.72553,0.139393,0,0,0,,,
34.992,odom,map,-0.878946,1.7278,0.135682,0,0,0,,,
35.028,odom,map,-0.862535,1.73001,0.13243,0,0,0,,,
34.992,ekf,map,-0.880539,1.77282,0.123712,0.0962827,0.0979754,-0.000463826,0.058458,,
34.992,kf,map,-0.877933,1.77476,0.124818,0.079137,0.079137,0,0.055,,
34.992,ekf_predict_only,map,-0.791716,1.7849,0.10179,14.8853,7.9484,-1.30643,,,
35.001,amcl,map,-0.92596,1.70166,0.144853,0.07414,0.0333146,0.0220507,,,
34.992,pf,map,-0.885538,1.7756,0.092591,0.0734726,0.074648,0.00414596,9.15642,780.778,0
35.064,odom,map,-0.846116,1.73217,0.129203,0,0,0,,,
35.1,odom,map,-0.829691,1.73428,0.126286,0,0,0,,,
35.136,odom,map,-0.813373,1.73633,0.123671,0,0,0,,,
35.172,odom,map,-0.797239,1.73831,0.121421,0,0,0,,,
35.208,kf,map,-0.783479,1.78478,0.108442,0.0793254,0.0793254,0,0.063291,,
35.208,ekf_predict_only,map,-0.695045,1.79477,0.0889166,15.0257,8.26792,-1.76278,,,
35.208,odom,map,-0.782199,1.7398,0.119402,0,0,0,,,
35.208,ekf,map,-0.785216,1.78295,0.107018,0.098079,0.100236,-0.000511501,0.055958,,
35.208,pf,map,-0.783063,1.77865,0.0725352,0.0727819,0.0783826,-0.00115765,7.55904,794.848,0
35.244,odom,map,-0.770859,1.73964,0.11808,0,0,0,,,
35.28,odom,map,-0.759796,1.73945,0.117133,0,0,0,,,
35.316,odom,map,-0.748874,1.73923,0.116315,0,0,0,,,
35.352,odom,map,-0.738064,1.73899,0.115603,0,0,0,,,
35.388,odom,map,-0.72739,1.73874,0.115206,0,0,0,,,
35.424,odom,map,-0.713907,1.73977,0.115016,0,0,0,,,
35.388,ekf_predict_only,map,-0.619224,1.80153,0.0880557,15.138,8.57254,-2.12334,,,
35.388,kf,map,-0.707939,1.79159,0.103025,0.0791341,0.0791341,0,0.067833,,
35.388,ekf,map,-0.708822,1.78995,0.101292,0.0962457,0.0983136,-0.000436548,0.125375,,
35.388,pf,map,-0.69733,1.78928,0.0613637,0.0684243,0.0816522,-0.00157042,14.0247,779.675,0
35.46,odom,map,-0.698854,1.7415,0.115169,0,0,0,,,
35.496,odom,map,-0.683826,1.74325,0.115462,0,0,0,,,
35.532,odom,map,-0.668953,1.74497,0.115948,0,0,0,,,
35.568,odom,map,-0.65424,1.74669,0.11663,0,0,0,,,
35.604,odom,map,-0.639774,1.74839,0.117645,0,0,0,,,
35.604,ekf,map,-0.620835,1.79803,0.10362,0.0980798,0.100431,-0.000434442,0.058292,,
35.604,kf,map,-0.620755,1.79952,0.105642,0.0793243,0.0793243,0,0.06125,,
35.604,ekf_predict_only,map,-0.533296,1.80912,0.0954988,15.2583,8.95744,-2.53594,,,
35.601,amcl,map,-0.676966,1.74066,0.150459,0.077594,0.0312066,0.0144827,,,
35.604,pf,map,-0.597324,1.77265,0.0601058,0.0743236,0.0750583,-0.00546579,4.85592,786.556,0
35.64,odom,map,-0.625498,1.75009,0.118885,0,0,0,,,
35.676,odom,map,-0.611418,1.75178,0.120365,0,0,0,,,
35.712,odom,map,-0.597579,1.75347,0.122098,0,0,0,,,
35.748,odom,map,-0.583946,1.75515,0.123993,0,0,0,,,
35.784,odom,map,-0.570482,1.75684,0.126112,0,0,0,,,
35.82,odom,map,-0.559823,1.75729,0.129095,0,0,0,,,
35.784,kf,map,-0.552744,1.80597,0.113118,0.0791337,0.0791337,0,0.070208,,
35.784,ekf_predict_only,map,-0.467531,1.81542,0.107133,15.3669,9.29723,-2.85583,,,
35.784,ekf,map,-0.552257,1.80478,0.111178,0.0962554,0.0983452,-0.000349641,0.055667,,
35.784,pf,map,-0.528617,1.78992,0.0814307,0.0770782,0.0848314,-0.00259576,4.75442,780.347,0
35.856,odom,map,-0.551283,1.75679,0.131934,0,0,0,,,
35.892,odom,map,-0.542758,1.75632,0.134164,0,0,0,,,
35.928,odom,map,-0.534256,1.7559,0.136036,0,0,0,,,
35.964,odom,map,-0.52587,1.75549,0.137202,0,0,0,,,
36,odom,map,-0.517545,1.7551,0.137917,0,0,0,,,
36,ekf,map,-0.472814,1.81379,0.109621,0.0980913,0.100313,-0.000335339,0.061042,,
36,ekf_predict_only,map,-0.389984,1.82376,0.103483,15.4949,9.72654,-3.23897,,,
36,kf,map,-0.473478,1.81443,0.110395,0.0793242,0.0793242,0,0.114041,,
36,pf,map,-0.449098,1.79579,0.0868664,0.0894621,0.0854626,0.000207269,4.54842,770.036,0
36.036,odom,map,-0.504795,1.75683,0.137343,0,0,0,,,
36.072,odom,map,-0.491962,1.75859,0.136598,0,0,0,,,
36.108,odom,map,-0.479255,1.76034,0.135731,0,0,0,,,
36.144,odom,map,-0.466692,1.76205,0.134818,0,0,0,,,
36.18,odom,map,-0.4542,1.76373,0.133887,0,0,0,,,
36.216,odom,map,-0.441921,1.76538,0.132836,0,0,0,,,
36.216,ekf,map,-0.397095,1.82216,0.104904,0.0989251,0.101079,-0.000300422,0.15775,,
36.216,kf,map,-0.397933,1.82246,0.105032,0.0793935,0.0793935,0,0.117417,,
36.216,ekf_predict_only,map,-0.316455,1.8314,0.0970296,15.6168,10.174,-3.60556,,,
36.216,pf,map,-0.37391,1.80028,0.0912416,0.0827566,0.0782977,-0.00192262,13.593,759.005,0
36.252,odom,map,-0.429869,1.76699,0.131756,0,0,0,,,
36.288,odom,map,-0.418014,1.76855,0.130499,0,0,0,,,
36.324,odom,map,-0.406272,1.77008,0.129101,0,0,0,,,
36.36,odom,map,-0.394679,1.77158,0.127598,0,0,0,,,
36.396,odom,map,-0.383566,1.77299,0.125857,0,0,0,,,
36.396,ekf,map,-0.33915,1.82824,0.0978524,0.0965326,0.0982996,-0.000233117,0.061834,,
36.396,kf,map,-0.340134,1.82831,0.0976236,0.079159,0.079159,0,0.058375,,
36.432,odom,map,-0.374347,1.77658,0.128257,0,0,0,,,
36.402,amcl,map,-0.396851,1.78543,0.15339,0.0882665,0.0356345,0.0085346,,,
36.396,ekf_predict_only,map,-0.261151,1.83678,0.088254,15.7176,10.5475,-3.88273,,,
36.396,pf,map,-0.296883,1.79095,0.0797362,0.0763932,0.078251,0.00308396,8.0315,760.903,0
36.468,odom,map,-0.365523,1.78045,0.131205,0,0,0,,,
36.504,odom,map,-0.357075,1.78431,0.134098,0,0,0,,,
36.54,odom,map,-0.348917,1.78816,0.136816,0,0,0,,,
36.576,odom,map,-0.340924,1.79201,0.139421,0,0,0,,,
36.612,odom,map,-0.332365,1.79513,0.140607,0,0,0,,,
36.612,ekf,map,-0.275721,1.83434,0.0869092,0.0980943,0.0998556,-0.00021935,0.059167,,
36.612,ekf_predict_only,map,-0.200381,1.84216,0.0759233,15.8187,10.9772,-4.18795,,,
36.612,kf,map,-0.276827,1.8343,0.0865113,0.0793334,0.0793334,0,0.058958,,
36.612,pf,map,-0.25049,1.80119,0.076378,0.0749724,0.0814737,0.000687786,5.66071,774.225,0
36.648,odom,map,-0.322489,1.79652,0.138248,0,0,0,,,
36.684,odom,map,-0.312824,1.79785,0.135795,0,0,0,,,
36.72,odom,map,-0.303224,1.79915,0.133337,0,0,0,,,
36.756,odom,map,-0.294022,1.80038,0.131689,0,0,0,,,
36.792,odom,map,-0.286077,1.80143,0.131658,0,0,0,,,
36.828,odom,map,-0.279417,1.80231,0.131658,0,0,0,,,
36.792,kf,map,-0.256848,1.83585,0.0837033,0.079137,0.079137,0,0.063916,,
36.792,ekf_predict_only,map,-0.200381,1.84216,0.0759233,15.8687,11.0272,-4.18795,,,
36.792,ekf,map,-0.251966,1.8361,0.0833036,0.0961763,0.0975219,-0.00016297,0.057,,
36.792,pf,map,-0.195961,1.83189,0.0620321,0.0735949,0.0785362,-0.000165351,11.482,792.341,0
36.864,odom,map,-0.274042,1.80302,0.131658,0,0,0,,,
36.9,odom,map,-0.269951,1.80356,0.131658,0,0,0,,,
36.936,odom,map,-0.267146,1.80393,0.131658,0,0,0,,,
36.972,odom,map,-0.265625,1.80414,0.131658,0,0,0,,,
37.008,odom,map,-0.265325,1.80418,0.131658,0,0,0,,,
37.008,ekf,map,-0.229189,1.83792,0.0813985,0.0979701,0.0991161,-0.00013575,0.057458,,
37.008,kf,map,-0.236469,1.83745,0.0820023,0.0793254,0.0793254,0,0.079958,,
37.008,ekf_predict_only,map,-0.200381,1.84216,0.0759233,15.9187,11.0772,-4.18795,,,
37.008,pf,map,-0.201652,1.83185,0.0631929,0.0776753,0.0778404,-0.00678037,5.02079,793.129,0
37.044,odom,map,-0.265325,1.80418,0.131658,0,0,0,,,
37.08,odom,map,-0.265325,1.80418,0.131658,0,0,0,,,
37.116,odom,map,-0.265325,1.80418,0.131658,0,0,0,,,
37.152,odom,map,-0.265325,1.80418,0.131658,0,0,0,,,
37.188,odom,map,-0.265325,1.80418,0.131658,0,0,0,,,
37.188,ekf,map,-0.214757,1.83911,0.0800809,0.0961588,0.096958,-9.34101e-05,0.060541,,
37.224,odom,map,-0.265578,1.80414,0.131797,0,0,0,,,
37.188,kf,map,-0.220679,1.83871,0.0805546,0.0791341,0.0791341,0,1.04662,,
37.188,ekf_predict_only,map,-0.194548,1.8426,0.0752219,15.9729,11.165,-4.21713,,,
37.188,pf,map,-0.176322,1.81258,0.0649432,0.0733155,0.0718385,-0.00516091,9.34692,784.142,0
37.26,odom,map,-0.264952,1.80422,0.132057,0,0,0,,,
37.296,odom,map,-0.263594,1.8044,0.132347,0,0,0,,,
37.332,odom,map,-0.261984,1.80462,0.132161,0,0,0,,,
37.368,odom,map,-0.259178,1.80499,0.130962,0,0,0,,,
37.404,odom,map,-0.255053,1.80553,0.129065,0,0,0,,,
37.404,ekf_predict_only,map,-0.162011,1.84505,0.0606377,16.0463,11.4304,-4.38015,,,
37.404,ekf,map,-0.186892,1.84139,0.0701973,0.0980004,0.0986423,-7.36133e-05,0.059666,,
37.404,kf,map,-0.189576,1.84118,0.0695887,0.0793243,0.0793243,0,0.056375,,
37.404,pf,map,-0.187617,1.81359,0.0487696,0.0782829,0.0797897,-0.0050926,5.65604,787.05,0
37.44,odom,map,-0.249659,1.80622,0.126635,0,0,0,,,
37.476,odom,map,-0.24381,1.80696,0.123746,0,0,0,,,
37.512,odom,map,-0.237122,1.80778,0.120384,0,0,0,,,
37.548,odom,map,-0.229972,1.80863,0.116938,0,0,0,,,
37.584,odom,map,-0.222498,1.80949,0.113276,0,0,0,,,
37.62,odom,map,-0.213893,1.81045,0.109266,0,0,0,,,
37.584,ekf,map,-0.150056,1.84398,0.0544869,0.0961961,0.0966713,-5.20989e-05,0.117333,,
37.584,kf,map,-0.150198,1.84387,0.0533308,0.0791337,0.0791337,0,0.084875,,
37.584,ekf_predict_only,map,-0.116834,1.84779,0.0404691,16.1224,11.7919,-4.60513,,,
37.584,pf,map,-0.120602,1.82646,0.0448384,0.0769334,0.0833726,-0.00198854,13.9969,766.205,0
37.656,odom,map,-0.204542,1.81146,0.105012,0,0,0,,,
37.692,odom,map,-0.194887,1.81246,0.100676,0,0,0,,,
37.728,odom,map,-0.184822,1.81345,0.0958908,0,0,0,,,
37.764,odom,map,-0.17422,1.81444,0.0908448,0,0,0,,,
37.8,odom,map,-0.162861,1.81545,0.0856715,0,0,0,,,
37.8,ekf_predict_only,map,-0.0474611,1.8506,0.0093918,16.1993,12.349,-4.94703,,,
37.8,pf,map,-0.098431,1.84216,0.012005,0.0728142,0.0780489,2.30596e-05,5.01979,766.675,0
37.8,ekf,map,-0.0897631,1.84699,0.0274629,0.0980395,0.0985613,-4.94855e-05,0.059875,,
37.8,kf,map,-0.0881149,1.8469,0.0259998,0.0793242,0.0793242,0,0.059667,,
37.836,odom,map,-0.151329,1.81641,0.080492,0,0,0,,,
37.872,odom,map,-0.139576,1.81732,0.0752087,0,0,0,,,
37.908,odom,map,-0.127192,1.81822,0.0697571,0,0,0,,,
37.944,odom,map,-0.114649,1.81906,0.0642867,0,0,0,,,
37.98,odom,map,-0.101933,1.81985,0.0585887,0,0,0,,,
38.016,odom,map,-0.0888582,1.82058,0.052648,0,0,0,,,
38.016,kf,map,-0.0153874,1.84819,-0.00640359,0.0793935,0.0793935,0,0.06725,,
38.016,ekf,map,-0.0177771,1.84826,-0.00486564,0.0988826,0.0995439,-4.90309e-05,0.053958,,
38.016,ekf_predict_only,map,0.0315984,1.85135,-0.0263552,16.2564,13.0196,-5.3284,,,
38.001,amcl,map,-0.112421,1.82155,0.0681335,0.0941855,0.036538,-0.00189103,,,
38.016,pf,map,-0.0344335,1.85383,-0.00370922,0.0763311,0.0826664,-0.000597974,4.58842,767.573,0
38.052,odom,map,-0.0755168,1.82124,0.0468133,0,0,0,,,
38.088,odom,map,-0.0620452,1.82183,0.0410402,0,0,0,,,
38.124,odom,map,-0.0484171,1.82235,0.0351015,0,0,0,,,
38.16,odom,map,-0.0344943,1.8228,0.0291113,0,0,0,,,
38.196,odom,map,-0.0202844,1.82317,0.0231541,0,0,0,,,
38.196,kf,map,0.0511059,1.84701,-0.0340863,0.079159,0.079159,0,0.061542,,
38.232,odom,map,-0.00601062,1.82346,0.0171894,0,0,0,,,
38.196,ekf,map,0.0487972,1.84703,-0.0328467,0.0965016,0.0972538,-4.02216e-05,0.052375,,
38.196,ekf_predict_only,map,0.102957,1.84947,-0.0561787,16.2884,13.669,-5.66194,,,
38.196,pf,map,0.0381641,1.85168,-0.0428524,0.0773115,0.0812341,-0.00244808,6.2805,767.176,0
38.268,odom,map,0.00853363,1.82367,0.0116918,0,0,0,,,
38.304,odom,map,0.0233204,1.8238,0.0063792,0,0,0,,,
38.34,odom,map,0.0382742,1.82386,0.00131376,0,0,0,,,
38.376,odom,map,0.0532903,1.82384,-0.0036137,0,0,0,,,
38.412,odom,map,0.0684838,1.82375,-0.00850245,0,0,0,,,
38.412,ekf,map,0.136431,1.84286,-0.0623203,0.0980669,0.0991901,-3.22663e-05,0.062167,,
38.412,ekf_predict_only,map,0.194458,1.84432,-0.0854338,16.2893,14.5424,-6.07541,,,
38.412,kf,map,0.138579,1.84302,-0.0629976,0.0793334,0.0793334,0,0.060542,,
38.412,pf,map,0.127878,1.85077,-0.0740334,0.0820494,0.0828939,-0.00216307,4.89608,778.323,0
38.448,odom,map,0.0837442,1.82358,-0.0131805,0,0,0,,,
38.484,odom,map,0.0990147,1.82334,-0.0176538,0,0,0,,,
38.52,odom,map,0.114297,1.82304,-0.0220599,0,0,0,,,
38.556,odom,map,0.129672,1.82267,-0.0264383,0,0,0,,,
38.592,odom,map,0.145077,1.82223,-0.0307597,0,0,0,,,
38.592,ekf,map,0.211101,1.83703,-0.0837723,0.0961569,0.0974047,-1.08135e-05,0.052959,,
38.592,kf,map,0.21279,1.83733,-0.08399,0.079137,0.079137,0,0.060958,,
38.628,odom,map,0.160479,1.82172,-0.0349286,0,0,0,,,
38.592,ekf_predict_only,map,0.271211,1.83775,-0.10594,16.2768,15.331,-6.40837,,,
38.592,pf,map,0.236926,1.83837,-0.101019,0.0842241,0.0851869,-0.00204041,4.9485,763.921,0
38.664,odom,map,0.175875,1.82115,-0.0390299,0,0,0,,,
38.7,odom,map,0.191213,1.82052,-0.0430912,0,0,0,,,
38.736,odom,map,0.206549,1.81983,-0.0470079,0,0,0,,,
38.772,odom,map,0.221888,1.81908,-0.0508562,0,0,0,,,
38.808,odom,map,0.236549,1.8185,-0.0540783,0,0,0,,,
38.808,kf,map,0.303187,1.8286,-0.107147,0.0793254,0.0793254,0,0.135042,,
38.808,ekf_predict_only,map,0.363149,1.82797,-0.128163,16.2345,16.3236,-6.79216,,,
38.808,ekf,map,0.301914,1.82813,-0.10729,0.0979561,0.0996279,2.34403e-05,0.147334,,
38.802,amcl,map,0.195768,1.82596,-0.0476182,0.0996702,0.0454247,-0.0121929,,,
38.808,pf,map,0.324407,1.82977,-0.124765,0.0831816,0.0869817,-0.00128629,6.23842,762.387,0
38.844,odom,map,0.248686,1.8187,-0.0552255,0,0,0,,,
38.88,odom,map,0.260603,1.81893,-0.0562793,0,0,0,,,
38.916,odom,map,0.272447,1.81916,-0.0573192,0,0,0,,,
38.952,odom,map,0.284215,1.81941,-0.0583077,0,0,0,,,
38.988,odom,map,0.295763,1.81967,-0.0592704,0,0,0,,,
38.988,ekf,map,0.375459,1.81923,-0.124569,0.0961521,0.0978243,5.33643e-05,0.058875,,
38.988,ekf_predict_only,map,0.436422,1.81853,-0.144612,16.1961,17.1703,-7.084,,,
39.024,odom,map,0.309333,1.81919,-0.0617187,0,0,0,,,
38.988,kf,map,0.376217,1.81975,-0.124314,0.0791341,0.0791341,0,0.101958,,
38.988,pf,map,0.40989,1.83415,-0.1486,0.0780859,0.0836629,0.00134505,12.0819,752.352,0
39.06,odom,map,0.323936,1.81827,-0.0650239,0,0,0,,,
39.096,odom,map,0.338421,1.8173,-0.0683405,0,0,0,,,
39.132,odom,map,0.3528,1.81629,-0.0717358,0,0,0,,,
39.168,odom,map,0.367247,1.81523,-0.0754555,0,0,0,,,
39.204,odom,map,0.381697,1.81411,-0.0792153,0,0,0,,,
39.204,ekf,map,0.462826,1.80743,-0.147478,0.0980012,0.100005,0.000105567,0.059959,,
39.204,ekf_predict_only,map,0.524249,1.80574,-0.168689,16.1274,18.2288,-7.41821,,,
39.204,kf,map,0.463412,1.80786,-0.147521,0.0793243,0.0793243,0,0.142083,,
39.204,pf,map,0.507222,1.7883,-0.167283,0.0804765,0.0729623,-0.00309897,4.60892,763.181,0
39.24,odom,map,0.396393,1.81291,-0.083204,0,0,0,,,
39.276,odom,map,0.411268,1.81164,-0.0874305,0,0,0,,,
39.312,odom,map,0.426171,1.8103,-0.0917043,0,0,0,,,
39.348,odom,map,0.441325,1.80887,-0.0961454,0,0,0,,,
39.384,odom,map,0.456728,1.80735,-0.100582,0,0,0,,,
39.42,odom,map,0.472339,1.80574,-0.105094,0,0,0,,,
39.384,ekf_predict_only,map,0.602049,1.79249,-0.191472,16.0557,19.2213,-7.69521,,,
39.384,kf,map,0.539505,1.79566,-0.16922,0.0791337,0.0791337,0,0.129542,,
39.384,ekf,map,0.538785,1.79538,-0.168992,0.0962038,0.0980963,0.000133875,0.984125,,
39.384,pf,map,0.55026,1.79381,-0.191755,0.0795153,0.0754346,-0.00192241,9.08675,783.07,0
39.456,odom,map,0.488032,1.80405,-0.109651,0,0,0,,,
39.492,odom,map,0.503809,1.80228,-0.114148,0,0,0,,,
39.528,odom,map,0.519693,1.80042,-0.118725,0,0,0,,,
39.564,odom,map,0.535687,1.79847,-0.123415,0,0,0,,,
39.6,odom,map,0.551716,1.79645,-0.128145,0,0,0,,,
39.6,kf,map,0.633267,1.77861,-0.196621,0.0793242,0.0793242,0,0.075167,,
39.6,ekf_predict_only,map,0.697217,1.77404,-0.219855,15.9385,20.4872,-8.00857,,,
39.6,ekf,map,0.632489,1.77836,-0.196311,0.098059,0.100253,0.000205269,0.060708,,
39.6,amcl,map,0.504883,1.80442,-0.125345,0.111408,0.0604065,-0.0259864,,,
39.6,pf,map,0.656186,1.7637,-0.209903,0.0809288,0.0753321,0.000387957,5.44637,765.505,0
39.636,odom,map,0.564177,1.79428,-0.133974,0,0,0,,,
39.672,odom,map,0.576605,1.79199,-0.139836,0,0,0,,,
39.708,odom,map,0.588953,1.78958,-0.145606,0,0,0,,,
39.744,odom,map,0.601242,1.78707,-0.151327,0,0,0,,,
39.78,odom,map,0.61349,1.78444,-0.156923,0,0,0,,,
39.816,pf,map,0.751058,1.70944,-0.251698,0.0788788,0.0797031,0.000875615,6.48479,771.472,0
39.816,ekf,map,0.726695,1.75833,-0.221604,0.0989155,0.101236,0.000269146,0.14575,,
39.816,kf,map,0.727325,1.75874,-0.221646,0.0793935,0.0793935,0,0.055541,,
39.816,ekf_predict_only,map,0.791745,1.75292,-0.24457,15.8003,21.8141,-8.287,,,
39.816,odom,map,0.62712,1.78179,-0.16179,0,0,0,,,
39.852,odom,map,0.643047,1.77915,-0.165909,0,0,0,,,
39.888,odom,map,0.658937,1.77646,-0.169881,0,0,0,,,
39.924,odom,map,0.674725,1.77372,-0.173672,0,0,0,,,
39.96,odom,map,0.690316,1.77096,-0.177326,0,0,0,,,
39.996,odom,map,0.705858,1.76814,-0.180955,0,0,0,,,
39.996,ekf,map,0.803264,1.74001,-0.240374,0.0965426,0.0986028,0.000281384,0.058459,,
39.996,kf,map,0.803592,1.74052,-0.240214,0.079159,0.079159,0,0.05475,,
39.996,ekf_predict_only,map,0.867544,1.734,-0.262439,15.6847,22.9381,-8.48475,,,
40.032,odom,map,0.721311,1.76528,-0.184556,0,0,0,,,
39.996,pf,map,0.807075,1.68423,-0.270379,0.0840293,0.0819031,-0.00133709,11.6496,766.012,0
40.068,odom,map,0.736552,1.76241,-0.188097,0,0,0,,,
40.104,odom,map,0.751573,1.75953,-0.191512,0,0,0,,,
40.14,odom,map,0.766491,1.75661,-0.194872,0,0,0,,,
40.176,odom,map,0.781178,1.75368,-0.198195,0,0,0,,,
40.212,ekf,map,0.890258,1.71757,-0.260379,0.0981292,0.100378,0.000363421,0.057542,,
40.212,kf,map,0.890134,1.71827,-0.260012,0.0793334,0.0793334,0,0.103167,,
40.212,odom,map,0.79556,1.75077,-0.201345,0,0,0,,,
40.212,ekf_predict_only,map,0.952266,1.71124,-0.281144,15.5392,24.2417,-8.6803,,,
40.2,amcl,map,0.779361,1.74551,-0.194634,0.103404,0.0671118,-0.0332636,,,
40.212,pf,map,0.924422,1.67701,-0.281511,0.0795259,0.0818679,0.00168699,6.88075,771.179,0
40.248,odom,map,0.80988,1.74782,-0.204463,0,0,0,,,
40.284,odom,map,0.823966,1.74488,-0.207407,0,0,0,,,
40.32,odom,map,0.837912,1.74193,-0.210193,0,0,0,,,
40.356,odom,map,0.851785,1.73895,-0.211989,0,0,0,,,
40.392,odom,map,0.865644,1.73596,-0.212843,0,0,0,,,
40.392,ekf,map,0.959804,1.69792,-0.266243,0.0962256,0.0982077,0.00036137,0.058041,,
40.392,ekf_predict_only,map,1.02028,1.6916,-0.280582,15.4237,25.3389,-8.81557,,,
40.428,odom,map,0.876186,1.73449,-0.211874,0,0,0,,,
40.392,kf,map,0.959609,1.69893,-0.264878,0.079137,0.079137,0,0.063542,,
40.392,pf,map,1.01086,1.66352,-0.292842,0.0826433,0.0794922,0.00432726,8.43542,785.775,0
40.464,odom,map,0.88542,1.73365,-0.209509,0,0,0,,,
40.5,odom,map,0.894523,1.73289,-0.206202,0,0,0,,,
40.536,odom,map,0.903565,1.73222,-0.202573,0,0,0,,,
40.572,odom,map,0.912442,1.73164,-0.198714,0,0,0,,,
40.608,odom,map,0.922135,1.73069,-0.194825,0,0,0,,,
40.608,ekf,map,1.03947,1.67537,-0.256961,0.0980459,0.100153,0.000433614,0.055708,,
40.608,kf,map,1.03911,1.67664,-0.25475,0.0793254,0.0793254,0,0.056125,,
40.608,ekf_predict_only,map,1.09778,1.66926,-0.263974,15.2893,26.6269,-8.95722,,,
40.608,pf,map,1.07848,1.63788,-0.301247,0.0799712,0.0821229,0.000655821,6.11883,764.083,0
40.644,odom,map,0.935275,1.72812,-0.191958,0,0,0,,,
40.68,odom,map,0.948384,1.72559,-0.189022,0,0,0,,,
40.716,odom,map,0.961367,1.72313,-0.185844,0,0,0,,,
40.752,odom,map,0.974092,1.72076,-0.182408,0,0,0,,,
40.788,odom,map,0.986772,1.71844,-0.178948,0,0,0,,,
40.824,odom,map,0.999321,1.71619,-0.175365,0,0,0,,,
40.788,ekf,map,1.10271,1.65852,-0.243464,0.0962385,0.098048,0.000402536,0.063125,,
40.788,kf,map,1.10218,1.65972,-0.241277,0.0791341,0.0791341,0,0.065916,,
40.788,ekf_predict_only,map,1.15868,1.6528,-0.245621,15.2059,27.6831,-9.06798,,,
40.788,pf,map,1.1423,1.6191,-0.279913,0.0813486,0.0820077,0.00170364,12.6391,770.254,0
40.86,odom,map,1.01163,1.71404,-0.171553,0,0,0,,,
40.896,odom,map,1.02373,1.71197,-0.167472,0,0,0,,,
40.932,odom,map,1.03571,1.70997,-0.163263,0,0,0,,,
40.968,odom,map,1.04747,1.70806,-0.158848,0,0,0,,,
41.004,odom,map,1.05903,1.70607,-0.154407,0,0,0,,,
41.004,ekf_predict_only,map,1.2233,1.6366,-0.218406,15.1267,28.8334,-9.18768,,,
41.004,ekf,map,1.17172,1.64153,-0.220103,0.0980957,0.0999493,0.00044027,0.122333,,
41.004,kf,map,1.17063,1.64267,-0.218064,0.0793243,0.0793243,0,0.469709,,
41.001,amcl,map,1.04972,1.6973,-0.147826,0.112854,0.0797047,-0.0426498,,,
41.004,pf,map,1.20582,1.60619,-0.244433,0.0824739,0.0840109,-0.00131907,4.50058,759.308,0
41.04,odom,map,1.07261,1.70109,-0.150569,0,0,0,,,
41.076,odom,map,1.08595,1.69619,-0.146686,0,0,0,,,
41.112,odom,map,1.09905,1.69135,-0.142765,0,0,0,,,
41.148,odom,map,1.112,1.68657,-0.138722,0,0,0,,,
41.184,odom,map,1.12462,1.68187,-0.134512,0,0,0,,,
41.22,odom,map,1.13567,1.67908,-0.129871,0,0,0,,,
41.184,ekf,map,1.22451,1.63002,-0.197967,0.0962807,0.097819,0.000376963,0.057708,,
41.184,kf,map,1.2232,1.63096,-0.196286,0.0791337,0.0791337,0,0.107833,,
41.184,ekf_predict_only,map,1.27222,1.62575,-0.193669,15.0913,29.7388,-9.28511,,,
41.184,pf,map,1.25606,1.57317,-0.231853,0.0810108,0.079504,-0.00535229,12.455,772.924,0
41.256,odom,map,1.1452,1.67785,-0.125734,0,0,0,,,
41.292,odom,map,1.15349,1.67681,-0.124134,0,0,0,,,
41.328,odom,map,1.16049,1.67594,-0.124118,0,0,0,,,
41.364,odom,map,1.1662,1.67523,-0.124118,0,0,0,,,
41.4,odom,map,1.17062,1.67468,-0.124118,0,0,0,,,
41.4,kf,map,1.24302,1.62699,-0.193835,0.0793242,0.0793242,0,0.059167,,
41.4,ekf,map,1.2484,1.62569,-0.194098,0.0981192,0.0995188,0.000349599,0.057667,,
41.4,ekf_predict_only,map,1.27222,1.62575,-0.193669,15.1413,29.7888,-9.28511,,,
41.4,pf,map,1.30683,1.56822,-0.203968,0.0869275,0.0875014,-0.00232825,5.52871,764.727,0
41.436,odom,map,1.17376,1.67428,-0.124118,0,0,0,,,
41.472,odom,map,1.17562,1.67405,-0.124118,0,0,0,,,
41.508,odom,map,1.17619,1.67398,-0.124118,0,0,0,,,
41.544,odom,map,1.17619,1.67398,-0.124118,0,0,0,,,
41.58,odom,map,1.17619,1.67398,-0.124118,0,0,0,,,
41.616,ekf_predict_only,map,1.27222,1.62575,-0.193669,15.1913,29.8388,-9.28511,,,
41.616,odom,map,1.17619,1.67398,-0.124118,0,0,0,,,
41.616,ekf,map,1.26338,1.62286,-0.19212,0.098947,0.100065,0.000282038,0.056041,,
41.616,kf,map,1.25718,1.62417,-0.192355,0.0793935,0.0793935,0,0.052333,,
41.616,pf,map,1.29464,1.58072,-0.209456,0.0791873,0.0759494,-0.000885925,5.72921,772.854,0
41.652,odom,map,1.17619,1.67398,-0.124118,0,0,0,,,
41.688,odom,map,1.17619,1.67398,-0.124118,0,0,0,,,
41.724,odom,map,1.17619,1.67398,-0.124118,0,0,0,,,
41.76,odom,map,1.17619,1.67398,-0.124118,0,0,0,,,
41.796,odom,map,1.17619,1.67398,-0.124118,0,0,0,,,
41.796,ekf,map,1.27076,1.62143,-0.191148,0.0965454,0.0972995,0.000191337,0.059,,
41.796,ekf_predict_only,map,1.27222,1.62575,-0.193669,15.2413,29.8888,-9.28511,,,
41.832,odom,map,1.17273,1.67559,-0.122413,0,0,0,,,
41.796,kf,map,1.26569,1.62248,-0.191465,0.079159,0.079159,0,0.114041,,
41.796,pf,map,1.29991,1.58052,-0.197618,0.0808258,0.0709104,-0.00274672,5.015,777.952,0
41.868,odom,map,1.16882,1.6774,-0.120494,0,0,0,,,
41.904,odom,map,1.16491,1.6792,-0.118576,0,0,0,,,
41.94,odom,map,1.16099,1.68099,-0.116658,0,0,0,,,
41.976,odom,map,1.15705,1.68277,-0.114739,0,0,0,,,
42.012,ekf,map,1.27465,1.62068,-0.190637,0.0981005,0.0986768,0.000146845,0.070667,,
42.012,kf,map,1.27084,1.62146,-0.190926,0.0793334,0.0793334,0,0.060917,,
42.012,ekf_predict_only,map,1.27222,1.62575,-0.193669,15.2913,29.9388,-9.28511,,,
42.012,odom,map,1.15431,1.684,-0.113407,0,0,0,,,
42.012,pf,map,1.30169,1.59736,-0.194497,0.075719,0.0729478,-0.00309766,5.24954,778.125,0
42.048,odom,map,1.15431,1.684,-0.113407,0,0,0,,,
42.084,odom,map,1.15431,1.684,-0.113407,0,0,0,,,
42.12,odom,map,1.15462,1.68396,-0.113642,0,0,0,,,
42.156,odom,map,1.1554,1.68388,-0.114014,0,0,0,,,
42.192,odom,map,1.15647,1.68375,-0.114697,0,0,0,,,
42.192,ekf,map,1.28338,1.619,-0.194125,0.0961785,0.0965546,9.60229e-05,0.056,,
42.192,kf,map,1.28149,1.61938,-0.194746,0.079137,0.079137,0,0.066416,,
42.192,ekf_predict_only,map,1.2833,1.62357,-0.199683,15.3244,30.1853,-9.30912,,,
42.228,odom,map,1.15821,1.68355,-0.11576,0,0,0,,,
42.192,pf,map,1.29953,1.59896,-0.191163,0.0774823,0.0721807,-0.00231629,9.71288,783.142,0
42.264,odom,map,1.16077,1.68325,-0.117404,0,0,0,,,
42.3,odom,map,1.16357,1.68292,-0.119273,0,0,0,,,
42.336,odom,map,1.16654,1.68256,-0.121371,0,0,0,,,
42.372,odom,map,1.17,1.68213,-0.124199,0,0,0,,,
42.408,odom,map,1.17383,1.68165,-0.127707,0,0,0,,,
42.408,ekf,map,1.30232,1.61528,-0.21016,0.0979707,0.0982574,7.2794e-05,0.065375,,
42.408,kf,map,1.30198,1.61531,-0.211584,0.0793254,0.0793254,0,0.057666,,
42.408,ekf_predict_only,map,1.3064,1.6189,-0.221239,15.338,30.6481,-9.35723,,,
42.408,pf,map,1.31213,1.57224,-0.21708,0.0875677,0.0817016,4.90619e-05,4.66383,778.885,0
42.444,odom,map,1.17772,1.68114,-0.131299,0,0,0,,,
42.48,odom,map,1.18189,1.68058,-0.135491,0,0,0,,,
42.516,odom,map,1.18579,1.68004,-0.140511,0,0,0,,,
42.552,odom,map,1.18945,1.67951,-0.146098,0,0,0,,,
42.588,odom,map,1.19335,1.67893,-0.15189,0,0,0,,,
42.588,ekf,map,1.31859,1.61178,-0.23783,0.0961592,0.0963572,4.96324e-05,0.057875,,
42.588,kf,map,1.31858,1.61167,-0.240202,0.0791341,0.0791341,0,0.05575,,
42.588,ekf_predict_only,map,1.32385,1.61497,-0.25746,15.3576,31.0129,-9.3894,,,
42.624,odom,map,1.19724,1.67832,-0.158286,0,0,0,,,
42.588,pf,map,1.33239,1.57782,-0.239975,0.0741874,0.0814407,-0.000589706,7.9165,776.684,0
42.66,odom,map,1.20064,1.67776,-0.166117,0,0,0,,,
42.696,odom,map,1.20396,1.67719,-0.174631,0,0,0,,,
42.732,odom,map,1.2071,1.67662,-0.183669,0,0,0,,,
42.768,odom,map,1.21019,1.67604,-0.193501,0,0,0,,,
42.804,odom,map,1.21327,1.67542,-0.204083,0,0,0,,,
42.804,ekf_predict_only,map,1.34208,1.61017,-0.320951,15.3706,31.3945,-9.416,,,
42.804,ekf,map,1.33688,1.60721,-0.291261,0.0980014,0.0981715,4.19069e-05,0.058458,,
42.804,kf,map,1.33685,1.60704,-0.294606,0.0793243,0.0793243,0,1.03846,,
42.804,pf,map,1.35044,1.55862,-0.295916,0.0748644,0.0777608,-0.00125224,9.28704,771.41,0
42.84,odom,map,1.21628,1.67477,-0.215015,0,0,0,,,
42.876,odom,map,1.21935,1.67409,-0.226616,0,0,0,,,
42.912,odom,map,1.2226,1.67331,-0.239311,0,0,0,,,
42.948,odom,map,1.22589,1.67249,-0.252323,0,0,0,,,
42.984,odom,map,1.22933,1.67158,-0.26566,0,0,0,,,
42.984,ekf,map,1.35403,1.60184,-0.35234,0.0961979,0.0963312,3.30604e-05,0.092125,,
43.02,odom,map,1.23297,1.67056,-0.27951,0,0,0,,,
42.984,kf,map,1.35421,1.60157,-0.355996,0.0791337,0.0791337,0,0.053959,,
42.984,ekf_predict_only,map,1.36037,1.60409,-0.39127,15.374,31.7802,-9.4303,,,
42.984,pf,map,1.39003,1.54397,-0.346127,0.0776131,0.0740453,-0.00192367,5.13708,772.857,0
43.056,odom,map,1.23668,1.66947,-0.29381,0,0,0,,,
43.092,odom,map,1.24039,1.66832,-0.30842,0,0,0,,,
43.128,odom,map,1.24424,1.66706,-0.323412,0,0,0,,,
43.164,odom,map,1.24831,1.66566,-0.339014,0,0,0,,,
43.2,odom,map,1.25242,1.66417,-0.354764,0,0,0,,,
43.2,ekf,map,1.37789,1.59248,-0.440576,0.0980439,0.0981823,3.70279e-05,0.058,,
43.2,ekf_predict_only,map,1.38653,1.5933,-0.488254,15.3421,32.3152,-9.42954,,,
43.2,kf,map,1.37845,1.59206,-0.444446,0.0793242,0.0793242,0,0.056583,,
43.2,amcl,map,1.25148,1.64761,-0.365107,0.115284,0.0941105,-0.0538482,,,
43.2,pf,map,1.4207,1.53736,-0.439172,0.0764644,0.0695325,-4.9122e-05,4.84367,773.285,0
43.236,odom,map,1.25674,1.66253,-0.370843,0,0,0,,,
43.272,odom,map,1.2612,1.66075,-0.387278,0,0,0,,,
43.308,odom,map,1.26588,1.6588,-0.404056,0,0,0,,,
43.344,odom,map,1.27065,1.65671,-0.420924,0,0,0,,,
43.38,odom,map,1.27545,1.65451,-0.437936,0,0,0,,,
43.416,odom,map,1.28054,1.65208,-0.45522,0,0,0,,,
43.416,kf,map,1.40718,1.57742,-0.542012,0.0793935,0.0793935,0,0.062459,,
43.416,ekf_predict_only,map,1.41791,1.57663,-0.592464,15.2675,32.9548,-9.39021,,,
43.416,ekf,map,1.40616,1.57798,-0.538437,0.0988928,0.0990414,4.745e-05,0.566167,,
43.416,pf,map,1.44234,1.52743,-0.555684,0.0754144,0.0708502,-0.000817071,4.68404,768.352,0
43.452,odom,map,1.28602,1.64933,-0.472706,0,0,0,,,
43.488,odom,map,1.29169,1.64637,-0.490276,0,0,0,,,
43.524,odom,map,1.29751,1.64319,-0.507873,0,0,0,,,
43.56,odom,map,1.30361,1.63973,-0.525651,0,0,0,,,
43.596,odom,map,1.30987,1.63602,-0.543618,0,0,0,,,
43.632,odom,map,1.31627,1.63208,-0.561644,0,0,0,,,
43.596,ekf,map,1.43495,1.55919,-0.624678,0.0965221,0.096668,6.04582e-05,0.110667,,
43.596,ekf_predict_only,map,1.45002,1.55502,-0.682741,15.1596,33.6167,-9.30152,,,
43.596,kf,map,1.43629,1.55852,-0.62755,0.079159,0.079159,0,0.056542,,
43.596,pf,map,1.45103,1.48928,-0.642481,0.0769833,0.0763776,0.00132439,5.11592,780.544,0
43.668,odom,map,1.32303,1.62774,-0.5797,0,0,0,,,
43.704,odom,map,1.32993,1.62312,-0.597704,0,0,0,,,
43.74,odom,map,1.33695,1.61825,-0.615656,0,0,0,,,
43.776,odom,map,1.34416,1.61305,-0.633721,0,0,0,,,
43.812,kf,map,1.47779,1.52606,-0.733424,0.0793334,0.0793334,0,0.062041,,
43.812,odom,map,1.35163,1.60745,-0.651868,0,0,0,,,
43.812,ekf_predict_only,map,1.49498,1.51845,-0.791807,14.9517,34.539,-9.10542,,,
43.812,ekf,map,1.47593,1.52691,-0.731241,0.0981231,0.098314,0.000115601,0.062583,,
43.8,amcl,map,1.35182,1.58479,-0.671088,0.11308,0.0904486,-0.0676091,,,
43.812,pf,map,1.48286,1.47336,-0.748365,0.0818635,0.0768832,-0.00102113,8.66479,787.29,0
43.848,odom,map,1.3594,1.60141,-0.670114,0,0,0,,,
43.884,odom,map,1.36736,1.59498,-0.688428,0,0,0,,,
43.92,odom,map,1.37533,1.5883,-0.706915,0,0,0,,,
43.956,odom,map,1.38353,1.58116,-0.725496,0,0,0,,,
43.992,odom,map,1.39189,1.57361,-0.744055,0,0,0,,,
44.028,odom,map,1.40002,1.5634,-0.763984,0,0,0,,,
43.992,kf,map,1.51578,1.48866,-0.824118,0.079137,0.079137,0,0.059375,,
43.992,ekf,map,1.51368,1.48961,-0.822555,0.0962587,0.0964492,0.000167485,0.052917,,
43.992,ekf_predict_only,map,1.53629,1.47662,-0.884704,14.721,35.4059,-8.83027,,,
43.992,pf,map,1.5386,1.44386,-0.827195,0.0843286,0.0826384,-8.49364e-05,4.54258,783.915,0
44.064,odom,map,1.40833,1.55165,-0.784251,0,0,0,,,
44.1,odom,map,1.41675,1.53939,-0.804315,0,0,0,,,
44.136,odom,map,1.42523,1.52664,-0.824167,0,0,0,,,
44.172,odom,map,1.43369,1.51347,-0.844016,0,0,0,,,
44.208,odom,map,1.44239,1.50045,-0.863242,0,0,0,,,
44.208,ekf,map,1.56356,1.43033,-0.929218,0.0981918,0.0983959,0.0003132,0.059417,,
44.208,ekf_predict_only,map,1.58979,1.41128,-0.990838,14.3636,36.5362,-8.33735,,,
44.208,kf,map,1.56623,1.42923,-0.929993,0.0793254,0.0793254,0,0.055875,,
44.202,amcl,map,1.44682,1.48883,-0.880413,0.101586,0.0959181,-0.0672316,,,
44.208,pf,map,1.57928,1.40101,-0.933295,0.0870893,0.0741352,0.00227368,4.63229,768.982,0
44.244,odom,map,1.45156,1.48953,-0.880487,0,0,0,,,
44.28,odom,map,1.46063,1.47836,-0.89737,0,0,0,,,
44.316,odom,map,1.46962,1.46689,-0.913849,0,0,0,,,
44.352,odom,map,1.47863,1.45503,-0.929548,0,0,0,,,
44.388,odom,map,1.48762,1.44279,-0.944579,0,0,0,,,
44.424,odom,map,1.49645,1.43039,-0.959546,0,0,0,,,
44.388,ekf,map,1.60315,1.37077,-1.00745,0.0965081,0.0966337,0.000403657,0.058709,,
44.388,kf,map,1.60592,1.36994,-1.00724,0.0791341,0.0791341,0,0.061708,,
44.388,ekf_predict_only,map,1.6315,1.34761,-1.06567,14.0529,37.4462,-7.79917,,,
44.388,pf,map,1.61831,1.32347,-1.02648,0.0753096,0.0752784,0.000314327,6.96208,774.75,0
44.46,odom,map,1.50518,1.41772,-0.974319,0,0,0,,,
44.496,odom,map,1.51384,1.40478,-0.988654,0,0,0,,,
44.532,odom,map,1.52238,1.3916,-1.00243,0,0,0,,,
44.568,odom,map,1.53076,1.37827,-1.01586,0,0,0,,,
44.604,odom,map,1.53899,1.36473,-1.02924,0,0,0,,,
44.604,ekf,map,1.64834,1.29062,-1.09022,0.0986451,0.0986215,0.000617866,0.068791,,
44.604,kf,map,1.65133,1.29026,-1.08901,0.0793243,0.0793243,0,0.059667,,
44.604,ekf_predict_only,map,1.67753,1.26436,-1.14321,13.6859,38.4633,-7.04,,,
44.604,pf,map,1.66527,1.24367,-1.11567,0.0732147,0.086966,0.000770573,4.40054,784.688,0
44.64,odom,map,1.54724,1.34932,-1.0449,0,0,0,,,
44.676,odom,map,1.55522,1.33373,-1.0601,0,0,0,,,
44.712,odom,map,1.56294,1.31798,-1.07515,0,0,0,,,
44.748,odom,map,1.57038,1.30208,-1.08993,0,0,0,,,
44.784,odom,map,1.57759,1.28597,-1.1043,0,0,0,,,
44.784,ekf,map,1.68084,1.21992,-1.15077,0.0969943,0.0967912,0.00066773,0.060917,,
44.784,kf,map,1.68369,1.22003,-1.14892,0.0791337,0.0791337,0,0.103584,,
44.784,ekf_predict_only,map,1.71027,1.19251,-1.19788,13.426,39.2126,-6.34334,,,
44.82,odom,map,1.58456,1.27095,-1.1165,0,0,0,,,
44.802,amcl,map,1.60666,1.25776,-1.11975,0.0777196,0.104876,-0.0580465,,,
44.784,pf,map,1.70304,1.18067,-1.1718,0.0784049,0.0781064,0.00122289,7.27388,782.411,0
44.856,odom,map,1.59141,1.25672,-1.12744,0,0,0,,,
44.892,odom,map,1.5981,1.24244,-1.13815,0,0,0,,,
44.928,odom,map,1.60457,1.22822,-1.14856,0,0,0,,,
44.964,odom,map,1.61082,1.21413,-1.15851,0,0,0,,,
45,odom,map,1.61691,1.20001,-1.1684,0,0,0,,,
45,ekf,map,1.71494,1.1341,-1.21415,0.0992048,0.0986961,0.000841754,0.065834,,
45,ekf_predict_only,map,1.74378,1.10687,-1.25559,13.1673,39.9883,-5.47619,,,
45,kf,map,1.71771,1.13473,-1.21187,0.0793242,0.0793242,0,0.106208,,
45,pf,map,1.74584,1.113,-1.23838,0.0807165,0.0783074,0.00559347,4.55858,767.887,0
45.036,odom,map,1.62312,1.18483,-1.17902,0,0,0,,,
45.072,odom,map,1.62908,1.16977,-1.18938,0,0,0,,,
45.108,odom,map,1.63484,1.15474,-1.19968,0,0,0,,,
45.144,odom,map,1.6404,1.13977,-1.2098,0,0,0,,,
45.18,odom,map,1.64567,1.1251,-1.22066,0,0,0,,,
45.216,odom,map,1.65055,1.11115,-1.23206,0,0,0,,,
45.216,ekf,map,1.74234,1.05183,-1.27914,0.100289,0.0995076,0.000897203,0.059792,,
45.216,kf,map,1.74451,1.05297,-1.27781,0.0793935,0.0793935,0,0.107959,,
45.216,ekf_predict_only,map,1.76982,1.02699,-1.32122,12.9893,40.6094,-4.6376,,,
45.216,pf,map,1.78629,1.00766,-1.29236,0.0769202,0.085937,0.00388553,5.70967,769.483,0
45.252,odom,map,1.65513,1.09792,-1.243,0,0,0,,,
45.288,odom,map,1.65949,1.08488,-1.25417,0,0,0,,,
45.324,odom,map,1.66357,1.07217,-1.26543,0,0,0,,,
45.36,odom,map,1.66747,1.05957,-1.27655,0,0,0,,,
45.396,odom,map,1.67123,1.04691,-1.28766,0,0,0,,,
45.432,odom,map,1.67482,1.03429,-1.29865,0,0,0,,,
45.396,ekf,map,1.75965,0.986168,-1.33404,0.0978428,0.0969885,0.000767276,0.052292,,
45.396,kf,map,1.76132,0.98741,-1.33319,0.079159,0.079159,0,0.058583,,
45.396,ekf_predict_only,map,1.78601,0.963484,-1.37614,12.8995,41.0175,-3.95295,,,
45.396,pf,map,1.78513,0.950523,-1.34347,0.0755767,0.0807293,0.00326448,6.49625,772.121,0
45.468,odom,map,1.67827,1.02168,-1.31034,0,0,0,,,
45.504,odom,map,1.68155,1.00904,-1.32265,0,0,0,,,
45.54,odom,map,1.68471,0.996246,-1.33549,0,0,0,,,
45.576,odom,map,1.68768,0.983493,-1.34919,0,0,0,,,
45.612,odom,map,1.69169,0.969892,-1.3642,0,0,0,,,
45.612,ekf_predict_only,map,1.8012,0.886434,-1.46593,12.8296,41.4058,-3.10701,,,
45.612,kf,map,1.77741,0.909112,-1.41792,0.0793334,0.0793334,0,0.10375,,
45.612,ekf,map,1.77628,0.908085,-1.41725,0.0996317,0.098507,0.000777726,0.134042,,
45.6,amcl,map,1.72126,0.982129,-1.34155,0.0637356,0.127599,-0.0485192,,,
45.612,pf,map,1.81468,0.855235,-1.42262,0.0765808,0.0792713,-0.00420743,5.81829,771.607,0
45.648,odom,map,1.69832,0.954385,-1.37981,0,0,0,,,
45.684,odom,map,1.70474,0.938818,-1.39577,0,0,0,,,
45.72,odom,map,1.71093,0.923241,-1.4128,0,0,0,,,
45.756,odom,map,1.71689,0.90763,-1.4301,0,0,0,,,
45.792,odom,map,1.7226,0.892091,-1.44776,0,0,0,,,
45.792,ekf,map,1.78426,0.843428,-1.49884,0.0976061,0.0964808,0.000631249,0.061167,,
45.792,kf,map,1.78495,0.844322,-1.5005,0.079137,0.079137,0,0.056541,,
45.828,odom,map,1.72517,0.878642,-1.46549,0,0,0,,,
45.792,ekf_predict_only,map,1.80785,0.823232,-1.55499,12.8221,41.6045,-2.40327,,,
45.792,pf,map,1.80794,0.78638,-1.49403,0.0747588,0.078877,-0.00570691,7.75825,772.73,0
45.864,odom,map,1.72638,0.866057,-1.4837,0,0,0,,,
45.9,odom,map,1.72736,0.853501,-1.50239,0,0,0,,,
45.936,odom,map,1.7281,0.840998,-1.52159,0,0,0,,,
45.972,odom,map,1.72859,0.828667,-1.54149,0,0,0,,,
46.008,odom,map,1.72882,0.816519,-1.56209,0,0,0,,,
46.008,ekf,map,1.78702,0.768719,-1.61429,0.099583,0.0982239,0.000589344,0.070625,,
46.008,kf,map,1.78749,0.769647,-1.61691,0.0793254,0.0793254,0,0.058917,,
46.008,ekf_predict_only,map,1.809,0.750572,-1.67937,12.8517,41.6803,-1.58958,,,
46.008,pf,map,1.80187,0.67937,-1.61024,0.0787545,0.0758654,-0.00491329,4.97138,770.164,0
46.044,odom,map,1.7288,0.804408,-1.58283,0,0,0,,,
46.08,odom,map,1.72853,0.792346,-1.60386,0,0,0,,,
46.116,odom,map,1.72801,0.780619,-1.62535,0,0,0,,,
46.152,odom,map,1.72725,0.768976,-1.64688,0,0,0,,,
46.188,odom,map,1.72625,0.757503,-1.66865,0,0,0,,,
46.188,kf,map,1.78119,0.759486,-1.6513,0.0791044,0.03067,0.00120057,0.342917,,
46.188,ekf_predict_only,map,1.80295,0.694994,-1.79107,12.9192,41.5947,-0.968651,,,
46.224,odom,map,1.72503,0.746335,-1.6909,0,0,0,,,
46.2,amcl,map,1.75087,0.793364,-1.65229,0.0539631,0.130555,-0.0346683,,,
46.188,ekf,map,1.82733,0.763956,-1.70195,0.0219484,0.0329072,-0.000251672,0.204792,,
46.188,pf,map,1.82301,0.760262,-1.67503,0.0200797,0.0268314,0.00191008,8.80604,220.326,0
46.26,odom,map,1.72359,0.735386,-1.71341,0,0,0,,,
46.296,odom,map,1.72194,0.724772,-1.73621,0,0,0,,,
46.332,odom,map,1.72007,0.714322,-1.7591,0,0,0,,,
46.368,odom,map,1.718,0.704105,-1.78205,0,0,0,,,
46.404,odom,map,1.71598,0.69469,-1.80521,0,0,0,,,
46.404,ekf,map,1.83241,0.710416,-1.83156,0.0209206,0.0291674,0.000161444,0.110167,,
46.404,kf,map,1.77083,0.708448,-1.75848,0.0792427,0.0270653,0.0019875,0.112,,
46.404,ekf_predict_only,map,1.79015,0.63787,-1.93162,13.0175,41.3596,-0.337396,,,
46.404,pf,map,1.82209,0.698018,-1.81746,0.0182248,0.0215062,0.000355203,6.69071,331.798,0
46.44,odom,map,1.71643,0.689305,-1.82481,0,0,0,,,
46.476,odom,map,1.71674,0.68414,-1.84427,0,0,0,,,
46.512,odom,map,1.71698,0.679459,-1.86379,0,0,0,,,
46.548,odom,map,1.71712,0.675055,-1.88341,0,0,0,,,
46.584,odom,map,1.71713,0.670875,-1.9031,0,0,0,,,
46.62,odom,map,1.71554,0.664774,-1.92491,0,0,0,,,
46.584,ekf,map,1.8164,0.66123,-1.94754,0.0190074,0.0283973,0.000144419,0.100291,,
46.584,kf,map,1.75701,0.660288,-1.86797,0.0789279,0.0266978,0.00311724,0.107792,,
46.584,ekf_predict_only,map,1.77568,0.59952,-2.04913,13.117,41.0889,0.0782058,,,
46.602,amcl,map,1.73303,0.691879,-1.89233,0.0526907,0.131608,-0.0287969,,,
46.584,pf,map,1.81757,0.680518,-1.9524,0.0167116,0.0291809,-0.000653064,6.16413,335.991,0
46.656,odom,map,1.71267,0.657282,-1.94856,0,0,0,,,
46.692,odom,map,1.70972,0.650112,-1.97238,0,0,0,,,
46.728,odom,map,1.70667,0.64315,-1.99627,0,0,0,,,
46.764,odom,map,1.70351,0.636406,-2.02024,0,0,0,,,
46.8,odom,map,1.70031,0.629953,-2.04412,0,0,0,,,
46.8,ekf,map,1.81191,0.620788,-2.08497,0.017177,0.0287807,-0.000276991,0.176292,,
46.8,kf,map,1.73642,0.617499,-1.9804,0.0788102,0.0270023,0.004903,0.094542,,
46.8,ekf_predict_only,map,1.75597,0.561497,-2.19234,13.23,40.7052,0.480149,,,
46.8,pf,map,1.82674,0.631701,-2.11186,0.0169494,0.0268195,-0.00247331,7.7135,296.911,0
46.836,odom,map,1.69698,0.623639,-2.06799,0,0,0,,,
46.872,odom,map,1.69363,0.617649,-2.09181,0,0,0,,,
46.908,odom,map,1.69032,0.612026,-2.1157,0,0,0,,,
46.944,odom,map,1.68705,0.60678,-2.13959,0,0,0,,,
46.98,odom,map,1.68375,0.601749,-2.16344,0,0,0,,,
47.016,odom,map,1.68128,0.598137,-2.18698,0,0,0,,,
47.016,ekf_predict_only,map,1.73615,0.53383,-2.33417,13.3344,40.3229,0.7624,,,
47.016,kf,map,1.7151,0.576685,-2.08939,0.0783438,0.0275084,0.00705175,0.112209,,
47.016,ekf,map,1.80524,0.582281,-2.2231,0.0159578,0.0288512,-0.000502339,0.101959,,
47.001,amcl,map,1.69518,0.623883,-2.14148,0.0347022,0.125537,-0.0368795,,,
47.016,pf,map,1.81512,0.610684,-2.23354,0.0165524,0.0252062,0.000285191,7.96883,280.042,0
47.052,odom,map,1.68033,0.596903,-2.20998,0,0,0,,,
47.088,odom,map,1.67938,0.595862,-2.23295,0,0,0,,,
47.124,odom,map,1.67856,0.59517,-2.25584,0,0,0,,,
47.16,odom,map,1.67792,0.594867,-2.27863,0,0,0,,,
47.196,odom,map,1.67747,0.594923,-2.30125,0,0,0,,,
47.232,odom,map,1.67506,0.592368,-2.32428,0,0,0,,,
47.196,ekf,map,1.78891,0.54981,-2.34009,0.0147499,0.0283354,-0.00065712,0.10525,,
47.196,kf,map,1.69985,0.542819,-2.19549,0.0775127,0.0280228,0.00891342,0.173667,,
47.196,ekf_predict_only,map,1.72256,0.519629,-2.44961,13.4151,40.0787,0.901417,,,
47.196,pf,map,1.79959,0.569407,-2.35948,0.0130879,0.0257213,-0.000242187,8.30833,321.877,0
47.268,odom,map,1.67239,0.589595,-2.34737,0,0,0,,,
47.304,odom,map,1.66989,0.587101,-2.37029,0,0,0,,,
47.34,odom,map,1.66751,0.584837,-2.39305,0,0,0,,,
47.376,odom,map,1.66513,0.58268,-2.41576,0,0,0,,,
47.412,odom,map,1.66324,0.580996,-2.43737,0,0,0,,,
47.412,ekf,map,1.78493,0.535353,-2.47436,0.0140306,0.0286399,-0.00127934,0.104958,,
47.412,ekf_predict_only,map,1.70921,0.508566,-2.58502,13.4905,39.8414,1.0052,,,
47.412,kf,map,1.68276,0.523488,-2.30536,0.0769404,0.0288416,0.0107746,0.127125,,
47.4,amcl,map,1.65856,0.603346,-2.39536,0.035741,0.12536,-0.0351983,,,
47.412,pf,map,1.794,0.55716,-2.49324,0.0128078,0.0209988,-0.00111795,5.99892,277.444,0
47.448,odom,map,1.66233,0.580155,-2.45648,0,0,0,,,
47.484,odom,map,1.66163,0.579554,-2.47533,0,0,0,,,
47.52,odom,map,1.66093,0.579017,-2.49416,0,0,0,,,
47.556,odom,map,1.66036,0.578636,-2.51296,0,0,0,,,
47.592,odom,map,1.65996,0.578427,-2.53144,0,0,0,,,
47.592,ekf_predict_only,map,1.70204,0.504101,-2.69292,13.551,39.7376,1.04454,,,
47.628,odom,map,1.65885,0.577699,-2.55212,0,0,0,,,
47.592,kf,map,1.6732,0.506569,-2.41287,0.0761435,0.0293922,0.0120648,0.108333,,
47.592,ekf,map,1.77173,0.519532,-2.58561,0.0135512,0.0282352,-0.0012856,0.17225,,
47.592,pf,map,1.76552,0.547782,-2.59233,0.0125274,0.0208259,-0.00249714,10.2102,272.503,0
47.664,odom,map,1.65756,0.576851,-2.57347,0,0,0,,,
47.7,odom,map,1.65638,0.576116,-2.59439,0,0,0,,,
47.736,odom,map,1.65545,0.575559,-2.61478,0,0,0,,,
47.772,odom,map,1.65457,0.575065,-2.63512,0,0,0,,,
47.808,odom,map,1.65363,0.574695,-2.6547,0,0,0,,,
47.802,amcl,map,1.64151,0.583081,-2.64826,0.0341991,0.123454,-0.0356076,,,
47.808,ekf,map,1.77161,0.506244,-2.70675,0.0134739,0.0285656,-0.00171103,0.102625,,
47.808,kf,map,1.6677,0.491403,-2.52168,0.0758495,0.0299701,0.013019,0.18025,,
47.808,ekf_predict_only,map,1.69816,0.502233,-2.81068,13.6055,39.7047,1.05986,,,
47.808,pf,map,1.78284,0.546237,-2.74236,0.0144241,0.0213399,-0.00357873,6.57796,263.934,0
47.844,odom,map,1.65239,0.574689,-2.67174,0,0,0,,,
47.88,odom,map,1.65126,0.574754,-2.68836,0,0,0,,,
47.916,odom,map,1.65013,0.57483,-2.7049,0,0,0,,,
47.952,odom,map,1.64908,0.574954,-2.72113,0,0,0,,,
47.988,odom,map,1.64817,0.575147,-2.73698,0,0,0,,,
48.024,odom,map,1.64775,0.575181,-2.75413,0,0,0,,,
47.988,ekf,map,1.76628,0.510259,-2.80225,0.0129274,0.0281722,-0.00166161,0.181333,,
47.988,kf,map,1.66201,0.493536,-2.614,0.0753787,0.0301946,0.0135187,0.099958,,
47.988,ekf_predict_only,map,1.69738,0.501965,-2.90017,13.6561,39.7381,1.06178,,,
47.988,pf,map,1.7822,0.558909,-2.83106,0.0139131,0.0257053,0.00102835,16.0188,296.17,0
48.06,odom,map,1.6476,0.57512,-2.77203,0,0,0,,,
48.096,odom,map,1.64751,0.575086,-2.78962,0,0,0,,,
48.132,odom,map,1.64747,0.575071,-2.80674,0,0,0,,,
48.168,odom,map,1.64747,0.575073,-2.82333,0,0,0,,,
48.204,odom,map,1.64751,0.57526,-2.83944,0,0,0,,,
48.204,ekf,map,1.76959,0.504367,-2.90392,0.0133127,0.0285515,-0.00180658,0.093166,,
48.204,kf,map,1.6616,0.48727,-2.70833,0.0754147,0.0304323,0.0138095,0.119125,,
48.204,ekf_predict_only,map,1.69821,0.502171,-2.99629,13.7056,39.8059,1.06059,,,
48.201,amcl,map,1.64217,0.583158,-2.85585,0.0403232,0.129008,-0.0403865,,,
48.204,pf,map,1.78557,0.561959,-2.94975,0.0148709,0.0223622,-0.00236251,6.65246,272.146,0
48.24,odom,map,1.64628,0.578023,-2.85503,0,0,0,,,
48.276,odom,map,1.64513,0.580808,-2.87032,0,0,0,,,
48.312,odom,map,1.6441,0.58362,-2.88515,0,0,0,,,
48.348,odom,map,1.64316,0.58645,-2.89955,0,0,0,,,
48.384,odom,map,1.64223,0.589277,-2.9139,0,0,0,,,
48.384,ekf_predict_only,map,1.70092,0.502567,-3.0662,13.7547,39.9137,1.05961,,,
48.42,odom,map,1.64211,0.590597,-2.92811,0,0,0,,,
48.384,ekf,map,1.76953,0.497188,-2.9809,0.0129043,0.0281784,-0.00164153,0.17325,,
48.384,kf,map,1.6639,0.480896,-2.7853,0.0752272,0.0303615,0.0137974,0.2215,,
48.384,pf,map,1.79465,0.543626,-3.03645,0.0145602,0.0260624,-0.0005577,10.3328,242.33,0
48.456,odom,map,1.64229,0.590635,-2.9411,0,0,0,,,
48.492,odom,map,1.64229,0.590635,-2.95152,0,0,0,,,
48.528,odom,map,1.64229,0.590635,-2.95939,0,0,0,,,
48.564,odom,map,1.64229,0.590635,-2.9647,0,0,0,,,
48.6,odom,map,1.64229,0.590635,-2.96741,0,0,0,,,
48.6,kf,map,1.66313,0.479699,-2.82036,0.0753612,0.0304927,0.0139088,0.105459,,
48.6,ekf_predict_only,map,1.70092,0.502567,-3.0662,13.8047,39.9637,1.05961,,,
48.6,ekf,map,1.76364,0.495919,-3.01218,0.0128853,0.0285922,-0.00165214,0.809709,,
48.6,pf,map,1.79639,0.538999,-3.08176,0.015197,0.0200217,-0.000205134,11.8768,260.49,0
48.636,odom,map,1.6421,0.589194,-2.97018,0,0,0,,,
48.672,odom,map,1.64189,0.587704,-2.97263,0,0,0,,,
48.708,odom,map,1.64165,0.586206,-2.97508,0,0,0,,,
48.744,odom,map,1.64139,0.5847,-2.97753,0,0,0,,,
48.78,odom,map,1.64111,0.583186,-2.97998,0,0,0,,,
48.816,odom,map,1.64093,0.582257,-2.98147,0,0,0,,,
48.816,ekf,map,1.77084,0.488606,-3.02622,0.0130124,0.0286145,-0.00190765,1.10842,,
48.816,ekf_predict_only,map,1.70092,0.502567,-3.0662,13.8547,40.0137,1.05961,,,
48.816,kf,map,1.66471,0.471881,-2.827,0.0753879,0.0305443,0.0139872,0.944375,,
48.816,pf,map,1.78219,0.523506,-3.07199,0.014528,0.0238268,-0.00225233,7.68342,258.407,0
48.852,odom,map,1.64093,0.582257,-2.98147,0,0,0,,,
48.888,odom,map,1.64093,0.582257,-2.98147,0,0,0,,,
48.924,odom,map,1.64093,0.582257,-2.98147,0,0,0,,,
48.96,odom,map,1.64093,0.582257,-2.98147,0,0,0,,,
48.996,odom,map,1.64053,0.582192,-2.98144,0,0,0,,,
48.996,ekf,map,1.77256,0.496123,-3.03249,0.0125096,0.0281268,-0.00186967,0.101208,,
48.996,kf,map,1.65911,0.476611,-2.82253,0.0749725,0.0306436,0.0142479,0.173708,,
48.996,ekf_predict_only,map,1.69512,0.502129,-3.06595,13.9057,39.9398,1.05732,,,
49.032,odom,map,1.63995,0.582239,-2.98241,0,0,0,,,
48.996,pf,map,1.80355,0.534308,-3.09191,0.0128755,0.024687,-0.00148375,10.9927,265.541,0
49.068,odom,map,1.63912,0.582264,-2.98355,0,0,0,,,
49.104,odom,map,1.63705,0.582096,-2.98462,0,0,0,,,
49.14,odom,map,1.63375,0.581739,-2.98607,0,0,0,,,
49.176,odom,map,1.62998,0.58132,-2.98763,0,0,0,,,
49.212,ekf,map,1.75771,0.490567,-3.0359,0.013148,0.0283042,-0.00257113,0.185209,,
49.212,kf,map,1.6366,0.464204,-2.81043,0.0737871,0.0320126,0.0160813,0.098208,,
49.212,odom,map,1.62583,0.580799,-2.98882,0,0,0,,,
49.212,ekf_predict_only,map,1.66254,0.49966,-3.06818,13.9617,39.3007,1.04407,,,
49.212,pf,map,1.7957,0.535411,-3.10914,0.0140237,0.0252222,-0.000120959,11.481,273.618,0
49.248,odom,map,1.6201,0.579919,-2.98926,0,0,0,,,
49.284,odom,map,1.61338,0.578888,-2.98981,0,0,0,,,
49.32,odom,map,1.6062,0.577793,-2.99039,0,0,0,,,
49.356,odom,map,1.59864,0.576643,-2.99112,0,0,0,,,
49.392,odom,map,1.59032,0.575386,-2.99192,0,0,0,,,
49.428,odom,map,1.58123,0.574019,-2.99279,0,0,0,,,
49.392,ekf_predict_only,map,1.61551,0.496201,-3.07255,14.0202,38.3745,1.02242,,,
49.392,kf,map,1.5982,0.459123,-2.82342,0.0710985,0.0343028,0.0186825,0.504,,
49.392,ekf,map,1.7126,0.493946,-3.04307,0.0133149,0.0275783,-0.00333832,0.091958,,
49.392,pf,map,1.72132,0.531065,-3.06784,0.0145702,0.0281276,-0.00262988,11.6252,274.82,0
49.464,odom,map,1.57146,0.572559,-2.99372,0,0,0,,,
49.5,odom,map,1.56136,0.571059,-2.99466,0,0,0,,,
49.536,odom,map,1.55101,0.569531,-2.99554,0,0,0,,,
49.572,odom,map,1.54022,0.56795,-2.99657,0,0,0,,,
49.608,odom,map,1.52907,0.566329,-2.9977,0,0,0,,,
49.608,kf,map,1.54734,0.437208,-2.82878,0.066834,0.0385739,0.0219718,0.120791,,
49.608,ekf_predict_only,map,1.54739,0.49149,-3.07944,14.0819,37.0507,0.985173,,,
49.608,ekf,map,1.65936,0.485048,-3.04847,0.015319,0.0270401,-0.00470319,0.106833,,
49.608,pf,map,1.65348,0.521096,-3.06486,0.0172251,0.0241064,-0.00223846,5.751,253.319,0
49.644,odom,map,1.51781,0.564703,-2.99885,0,0,0,,,
49.68,odom,map,1.50636,0.563065,-3.00011,0,0,0,,,
49.716,odom,map,1.49458,0.561396,-3.00151,0,0,0,,,
49.752,odom,map,1.48269,0.559728,-3.00302,0,0,0,,,
49.788,odom,map,1.47076,0.558074,-3.00456,0,0,0,,,
49.788,kf,map,1.4997,0.423527,-2.85819,0.0622731,0.0428278,0.024164,0.100375,,
49.824,odom,map,1.45875,0.556428,-3.00614,0,0,0,,,
49.788,ekf,map,1.59661,0.476838,-3.05814,0.016526,0.0259317,-0.00531945,0.088833,,
49.788,ekf_predict_only,map,1.48641,0.487695,-3.0875,14.1415,35.9112,0.945,,,
49.788,pf,map,1.58797,0.528924,-3.08401,0.0177253,0.0184278,-0.00114139,9.13604,271.043,0
49.86,odom,map,1.44661,0.554784,-3.00783,0,0,0,,,
49.896,odom,map,1.43446,0.553159,-3.00955,0,0,0,,,
49.932,odom,map,1.42223,0.551546,-3.01135,0,0,0,,,
49.968,odom,map,1.41,0.549956,-3.01326,0,0,0,,,
50.004,odom,map,1.39772,0.548385,-3.01574,0,0,0,,,
50.004,kf,map,1.43963,0.409344,-2.8858,0.0571901,0.0481017,0.0256629,0.108334,,
50.004,ekf_predict_only,map,1.41201,0.483667,-3.10555,14.2019,34.5615,0.887218,,,
50.004,ekf,map,1.52871,0.47297,-3.07191,0.0194067,0.0252387,-0.0057028,1.26588,,
50.004,pf,map,1.50059,0.495017,-3.05319,0.0180305,0.0244186,-0.00218995,8.37067,277.846,0
50.04,odom,map,1.3854,0.546844,-3.01875,0,0,0,,,
50.076,odom,map,1.37313,0.54535,-3.02217,0,0,0,,,
50.112,odom,map,1.36096,0.543914,-3.02619,0,0,0,,,
50.148,odom,map,1.349,0.542555,-3.03067,0,0,0,,,
50.184,odom,map,1.3371,0.541257,-3.03524,0,0,0,,,
50.22,odom,map,1.32508,0.54,-3.03956,0,0,0,,,
50.184,kf,map,1.38404,0.408386,-2.93003,0.0530891,0.0520695,0.0260831,0.115834,,
50.184,ekf_predict_only,map,1.35155,0.481487,-3.12702,14.2575,33.5161,0.828257,,,
50.184,ekf,map,1.45995,0.473594,-3.09259,0.0209906,0.0245345,-0.00531761,0.269,,
50.202,amcl,map,1.33726,0.537856,-3.06049,0.0472487,0.091051,-0.0290527,,,
50.184,pf,map,1.44568,0.485035,-3.08716,0.0248492,0.0209293,-0.00435533,11.9993,298.628,0
50.256,odom,map,1.31291,0.538779,-3.04365,0,0,0,,,
50.292,odom,map,1.30076,0.537608,-3.04702,0,0,0,,,
50.328,odom,map,1.28865,0.536473,-3.04929,0,0,0,,,
50.364,odom,map,1.27653,0.535362,-3.05091,0,0,0,,,
50.4,odom,map,1.26438,0.534263,-3.05141,0,0,0,,,
50.4,kf,map,1.32114,0.403779,-2.96158,0.0492523,0.0562313,0.0259474,0.129,,
50.4,ekf_predict_only,map,1.27851,0.480423,-3.12043,14.3103,32.2933,0.741826,,,
50.4,ekf,map,1.38237,0.466456,-3.09806,0.0237561,0.0251317,-0.00429458,0.18575,,
50.4,pf,map,1.35734,0.483098,-3.08884,0.0205511,0.0225287,-0.0013303,11.2512,312.312,0
50.436,odom,map,1.25225,0.533161,-3.05048,0,0,0,,,
50.472,odom,map,1.24013,0.532047,-3.04938,0,0,0,,,
50.508,odom,map,1.22802,0.530919,-3.04785,0,0,0,,,
50.544,odom,map,1.21593,0.529769,-3.04557,0,0,0,,,
50.58,odom,map,1.20384,0.528588,-3.04283,0,0,0,,,
50.616,odom,map,1.19175,0.527372,-3.03957,0,0,0,,,
50.616,kf,map,1.25421,0.40412,-2.96917,0.0459459,0.0596928,0.025342,0.11425,,
50.616,ekf_predict_only,map,1.2056,0.47888,-3.09786,14.3644,31.1282,0.658655,,,
50.616,ekf,map,1.30673,0.46724,-3.08626,0.0258467,0.0259447,-0.00298637,0.1865,,
50.616,pf,map,1.29059,0.48924,-3.09411,0.0206459,0.0214306,-0.00403116,6.02704,325.567,0
50.652,odom,map,1.17969,0.526112,-3.03534,0,0,0,,,
50.688,odom,map,1.16755,0.524791,-3.03108,0,0,0,,,
50.724,odom,map,1.15538,0.523415,-3.02687,0,0,0,,,
50.76,odom,map,1.14317,0.52198,-3.02237,0,0,0,,,
50.796,odom,map,1.13104,0.520498,-3.01745,0,0,0,,,
50.796,ekf,map,1.24552,0.462889,-3.06714,0.0266377,0.0264806,-0.0018369,0.095042,,
50.796,kf,map,1.2014,0.404114,-2.96823,0.0434627,0.0619609,0.0245559,0.100375,,
50.832,odom,map,1.11907,0.518973,-3.0121,0,0,0,,,
50.796,ekf_predict_only,map,1.14576,0.476261,-3.06979,14.4213,30.2224,0.600092,,,
50.796,pf,map,1.23269,0.488173,-3.07456,0.0218161,0.02347,-0.00106017,12.0883,324.578,0
50.868,odom,map,1.1072,0.517393,-3.00649,0,0,0,,,
50.904,odom,map,1.0954,0.515754,-3.00032,0,0,0,,,
50.94,odom,map,1.08394,0.514082,-2.99287,0,0,0,,,
50.976,odom,map,1.0726,0.512337,-2.98506,0,0,0,,,
51.012,odom,map,1.06176,0.510731,-2.97797,0,0,0,,,
51.012,kf,map,1.13906,0.402165,-2.93899,0.041292,0.0644189,0.0236359,0.106,,
51.012,ekf_predict_only,map,1.07817,0.471399,-3.01839,14.4844,29.2382,0.5462,,,
51.012,ekf,map,1.17738,0.459488,-3.02503,0.0281592,0.0284783,-0.00052853,0.204583,,
51,amcl,map,1.06767,0.517905,-3.0004,0.0440271,0.0645663,-0.0187663,,,
51.012,pf,map,1.16327,0.464128,-3.01884,0.023174,0.0235348,-0.000984329,15.4291,352.918,0
51.048,odom,map,1.05188,0.509577,-2.97301,0,0,0,,,
51.084,odom,map,1.04221,0.508432,-2.9671,0,0,0,,,
51.12,odom,map,1.03256,0.507257,-2.96086,0,0,0,,,
51.156,odom,map,1.02306,0.506072,-2.95397,0,0,0,,,
51.192,odom,map,1.01379,0.504888,-2.94617,0,0,0,,,
51.228,odom,map,1.00419,0.503107,-2.93439,0,0,0,,,
51.192,ekf_predict_only,map,1.02853,0.465252,-2.9525,14.5514,28.5594,0.522983,,,
51.192,ekf,map,1.12717,0.451353,-2.97102,0.0283665,0.0292402,0.000292165,0.181125,,
51.192,kf,map,1.09467,0.398895,-2.89687,0.0395815,0.0659111,0.0227465,0.097792,,
51.192,pf,map,1.12086,0.469606,-2.97969,0.0268189,0.0261908,0.0015358,9.54921,325.094,0
51.264,odom,map,0.994411,0.500985,-2.92121,0,0,0,,,
51.3,odom,map,0.984719,0.498745,-2.90765,0,0,0,,,
51.336,odom,map,0.975155,0.496396,-2.89358,0,0,0,,,
51.372,odom,map,0.965724,0.493934,-2.8789,0,0,0,,,
51.408,odom,map,0.956336,0.491335,-2.86418,0,0,0,,,
51.408,ekf,map,1.0686,0.443531,-2.89077,0.0293502,0.0314001,0.00126287,0.200916,,
51.408,ekf_predict_only,map,0.971123,0.454266,-2.86421,14.6326,27.7991,0.518865,,,
51.408,kf,map,1.03987,0.392053,-2.82467,0.0379998,0.0677667,0.0217381,0.119,,
51.408,pf,map,1.04974,0.449781,-2.88996,0.0264256,0.0264046,0.00125022,6.83413,372.271,0
51.444,odom,map,0.947086,0.488627,-2.84907,0,0,0,,,
51.48,odom,map,0.938057,0.485832,-2.83355,0,0,0,,,
51.516,odom,map,0.929289,0.482966,-2.81776,0,0,0,,,
51.552,odom,map,0.920746,0.480022,-2.80153,0,0,0,,,
51.588,odom,map,0.912569,0.477053,-2.78481,0,0,0,,,
51.624,odom,map,0.904828,0.474093,-2.76756,0,0,0,,,
51.588,ekf,map,1.02778,0.437791,-2.80938,0.0291769,0.0319805,0.00172966,0.117625,,
51.588,kf,map,1.00057,0.385261,-2.74687,0.0366692,0.0688579,0.0208017,0.111791,,
51.588,ekf_predict_only,map,0.93255,0.443283,-2.77635,14.7152,27.3244,0.536441,,,
51.6,amcl,map,0.924494,0.4659,-2.77322,0.0433483,0.0501832,-0.0134039,,,
51.588,pf,map,0.998082,0.451486,-2.80596,0.0222524,0.0248868,0.00142681,7.36225,409.688,0
51.66,odom,map,0.897387,0.471097,-2.74999,0,0,0,,,
51.696,odom,map,0.890229,0.468068,-2.73209,0,0,0,,,
51.732,odom,map,0.883806,0.465211,-2.71374,0,0,0,,,
51.768,odom,map,0.877685,0.462352,-2.69536,0,0,0,,,
51.804,odom,map,0.871818,0.459523,-2.67668,0,0,0,,,
51.804,kf,map,0.95386,0.380365,-2.6416,0.0356646,0.0701398,0.0199527,0.300917,,
51.804,ekf_predict_only,map,0.900709,0.431107,-2.66131,14.8027,26.9533,0.56783,,,
51.804,ekf,map,0.978465,0.433963,-2.70094,0.029804,0.0336561,0.00224569,0.127625,,
51.804,pf,map,0.952833,0.434324,-2.6854,0.0277912,0.0308393,0.00147883,6.30713,404.456,0
51.84,odom,map,0.866014,0.457352,-2.65721,0,0,0,,,
51.876,odom,map,0.860766,0.455345,-2.63741,0,0,0,,,
51.912,odom,map,0.855772,0.453356,-2.61752,0,0,0,,,
51.948,odom,map,0.851047,0.451406,-2.59748,0,0,0,,,
51.984,odom,map,0.846732,0.449592,-2.57715,0,0,0,,,
52.02,odom,map,0.843002,0.447563,-2.55689,0,0,0,,,
51.984,ekf,map,0.952955,0.433397,-2.60166,0.0295096,0.0339307,0.00252584,0.100209,,
51.984,kf,map,0.926558,0.374546,-2.54035,0.0348197,0.0707392,0.0192394,0.10125,,
51.984,ekf_predict_only,map,0.882237,0.421484,-2.56091,14.8836,26.764,0.600581,,,
52.002,amcl,map,0.872276,0.433293,-2.56035,0.0356754,0.0400176,-0.0099628,,,
51.984,pf,map,0.942718,0.427734,-2.59788,0.0233103,0.0292972,0.000901769,8.75221,390.763,0
52.056,odom,map,0.839851,0.445433,-2.53657,0,0,0,,,
52.092,odom,map,0.837095,0.443486,-2.51605,0,0,0,,,
52.128,odom,map,0.834799,0.441792,-2.49523,0,0,0,,,
52.164,odom,map,0.83287,0.440306,-2.4743,0,0,0,,,
52.2,odom,map,0.831128,0.438904,-2.45335,0,0,0,,,
52.2,ekf_predict_only,map,0.873735,0.415905,-2.43309,14.9519,26.7051,0.622343,,,
52.2,ekf,map,0.930205,0.421524,-2.48163,0.0300343,0.0349772,0.00279044,0.092291,,
52.2,kf,map,0.908255,0.370599,-2.42725,0.0344229,0.0714138,0.0188192,0.191167,,
52.2,pf,map,0.936897,0.435084,-2.50514,0.0242471,0.0259195,-0.00120856,6.83617,419.549,0
52.236,odom,map,0.829657,0.43767,-2.43214,0,0,0,,,
52.272,odom,map,0.828524,0.436677,-2.4108,0,0,0,,,
52.308,odom,map,0.827783,0.436,-2.3896,0,0,0,,,
52.344,odom,map,0.827137,0.435382,-2.36842,0,0,0,,,
52.38,odom,map,0.826665,0.434913,-2.34732,0,0,0,,,
52.416,odom,map,0.827758,0.4338,-2.32606,0,0,0,,,
52.416,ekf,map,0.924468,0.420051,-2.3565,0.0301993,0.0353805,0.00295822,0.149,,
52.416,kf,map,0.902338,0.369022,-2.30417,0.0342304,0.0716942,0.0186355,0.107083,,
52.416,ekf_predict_only,map,0.873124,0.415381,-2.30717,15.0036,26.7473,0.624671,,,
52.401,amcl,map,0.855892,0.412735,-2.32338,0.0274259,0.0349084,-0.00602778,,,
52.416,pf,map,0.925389,0.423562,-2.37285,0.0261637,0.0259193,0.00206301,6.05929,400.571,0
52.452,odom,map,0.830871,0.431246,-2.30441,0,0,0,,,
52.488,odom,map,0.834071,0.428788,-2.28291,0,0,0,,,
52.524,odom,map,0.837469,0.426564,-2.26158,0,0,0,,,
52.56,odom,map,0.840964,0.424473,-2.24032,0,0,0,,,
52.596,odom,map,0.84449,0.422438,-2.21908,0,0,0,,,
52.632,odom,map,0.845258,0.422723,-2.19851,0,0,0,,,
52.596,ekf_predict_only,map,0.87559,0.418102,-2.20481,15.0446,26.8288,0.611378,,,
52.596,kf,map,0.89604,0.372391,-2.19481,0.0341093,0.0715056,0.018564,0.117166,,
52.596,ekf,map,0.920764,0.429256,-2.25091,0.0296673,0.0345466,0.00284935,4.02121,,
52.596,pf,map,0.930367,0.437564,-2.26987,0.0269835,0.0308079,0.0021239,7.15554,413.019,0
52.668,odom,map,0.845768,0.423441,-2.17822,0,0,0,,,
52.704,odom,map,0.846356,0.424307,-2.15809,0,0,0,,,
52.74,odom,map,0.846969,0.425247,-2.13803,0,0,0,,,
52.776,odom,map,0.847636,0.426319,-2.11809,0,0,0,,,
52.812,odom,map,0.848845,0.42732,-2.0982,0,0,0,,,
52.812,ekf_predict_only,map,0.880541,0.424836,-2.08828,15.0727,26.9423,0.576303,,,
52.812,ekf,map,0.917448,0.43546,-2.13177,0.0301795,0.0351088,0.00302147,0.125125,,
52.8,amcl,map,0.857907,0.403663,-2.11736,0.0218503,0.0266889,-0.00198843,,,
52.812,kf,map,0.89293,0.379695,-2.0763,0.0343622,0.0715004,0.0187658,0.199833,,
52.812,pf,map,0.905683,0.450607,-2.13933,0.0278029,0.0272257,0.000513831,12.8477,413.793,0
52.848,odom,map,0.851302,0.428135,-2.07813,0,0,0,,,
52.884,odom,map,0.853756,0.429002,-2.05819,0,0,0,,,
52.92,odom,map,0.856184,0.429882,-2.03824,0,0,0,,,
52.956,odom,map,0.858622,0.43085,-2.01862,0,0,0,,,
52.992,odom,map,0.861067,0.431901,-1.99943,0,0,0,,,
52.992,ekf,map,0.919457,0.449837,-2.03369,0.0298174,0.0345489,0.00303131,0.101458,,
52.992,kf,map,0.890943,0.387163,-1.97271,0.0344903,0.0711028,0.0189365,0.252375,,
53.028,odom,map,0.862237,0.433316,-1.98102,0,0,0,,,
52.992,ekf_predict_only,map,0.884658,0.432069,-1.9971,15.0997,27.0452,0.536336,,,
52.992,pf,map,0.905871,0.459257,-2.03818,0.022778,0.0292543,0.00302734,8.09446,396.634,0
53.064,odom,map,0.862887,0.434848,-1.96278,0,0,0,,,
53.1,odom,map,0.863494,0.436355,-1.94465,0,0,0,,,
53.136,odom,map,0.864065,0.437849,-1.92674,0,0,0,,,
53.172,odom,map,0.864626,0.439401,-1.90905,0,0,0,,,
53.208,odom,map,0.865237,0.440741,-1.89127,0,0,0,,,
53.208,kf,map,0.889221,0.397214,-1.87093,0.0348899,0.0709633,0.0192716,0.112083,,
53.208,ekf,map,0.915643,0.454137,-1.92866,0.0303967,0.0351969,0.00325799,0.156083,,
53.208,ekf_predict_only,map,0.88885,0.441298,-1.89167,15.1212,27.1493,0.483242,,,
53.202,amcl,map,0.861693,0.41261,-1.89528,0.0176902,0.0265091,-0.000434581,,,
53.208,pf,map,0.904615,0.437806,-1.9165,0.0258262,0.0288935,0.0025214,6.64679,423.78,0
53.244,odom,map,0.866023,0.441122,-1.87305,0,0,0,,,
53.28,odom,map,0.866756,0.441442,-1.85533,0,0,0,,,
53.316,odom,map,0.867452,0.441742,-1.83794,0,0,0,,,
53.352,odom,map,0.868113,0.442026,-1.8209,0,0,0,,,
53.388,odom,map,0.868746,0.442318,-1.80413,0,0,0,,,
53.424,odom,map,0.86918,0.443363,-1.78852,0,0,0,,,
53.388,ekf,map,0.908215,0.470692,-1.84588,0.0300222,0.0347292,0.00327155,0.1975,,
53.388,kf,map,0.879375,0.408669,-1.7856,0.0350608,0.0705285,0.0194709,0.120167,,
53.388,ekf_predict_only,map,0.891223,0.448437,-1.81632,15.1499,27.23,0.4406,,,
53.388,pf,map,0.885794,0.471815,-1.83933,0.0299248,0.0293674,0.00251309,6.24271,408.893,0
53.46,odom,map,0.869494,0.444835,-1.77345,0,0,0,,,
53.496,odom,map,0.869799,0.446377,-1.75863,0,0,0,,,
53.532,odom,map,0.870079,0.447913,-1.74424,0,0,0,,,
53.568,odom,map,0.870335,0.449436,-1.73007,0,0,0,,,
53.604,odom,map,0.870553,0.450748,-1.71646,0,0,0,,,
53.604,ekf_predict_only,map,0.893403,0.457137,-1.73805,15.1746,27.3083,0.387358,,,
53.604,ekf,map,0.914254,0.479022,-1.75933,0.0306434,0.0356733,0.00361029,0.182584,,
53.604,kf,map,0.883091,0.415881,-1.69747,0.0354612,0.0703907,0.0197905,0.298375,,
53.604,pf,map,0.891612,0.481367,-1.74222,0.0321439,0.0280812,0.00351856,6.13342,395.049,0
53.64,odom,map,0.870637,0.449512,-1.70691,0,0,0,,,
53.676,odom,map,0.870641,0.44802,-1.69809,0,0,0,,,
53.712,odom,map,0.870469,0.445459,-1.69168,0,0,0,,,
53.748,odom,map,0.870236,0.442703,-1.68787,0,0,0,,,
53.784,odom,map,0.869965,0.439932,-1.68665,0,0,0,,,
53.82,odom,map,0.869831,0.438696,-1.68595,0,0,0,,,
53.784,ekf,map,0.916742,0.494504,-1.72543,0.0301432,0.0350544,0.00346592,0.095292,,
53.784,kf,map,0.879357,0.418375,-1.655,0.0354526,0.0701377,0.0198212,0.108292,,
53.784,ekf_predict_only,map,0.893403,0.457137,-1.73805,15.2246,27.3583,0.387358,,,
53.802,amcl,map,0.874991,0.427801,-1.67851,0.0147288,0.0225626,0.000645017,,,
53.784,pf,map,0.905176,0.460826,-1.69961,0.0255039,0.026722,0.00184557,11.6701,444.615,0
53.856,odom,map,0.869831,0.438696,-1.68573,0,0,0,,,
53.892,odom,map,0.8698,0.438423,-1.68494,0,0,0,,,
53.928,odom,map,0.869734,0.437845,-1.68363,0,0,0,,,
53.964,odom,map,0.869626,0.436885,-1.68257,0,0,0,,,
54,odom,map,0.869509,0.435836,-1.68148,0,0,0,,,
54,kf,map,0.88327,0.412091,-1.64149,0.0354332,0.0704211,0.0197666,0.104167,,
54,ekf_predict_only,map,0.892373,0.451038,-1.73395,15.2922,27.3949,0.425435,,,
54,ekf,map,0.917654,0.48091,-1.70968,0.0305997,0.0357253,0.00357607,0.106167,,
54,pf,map,0.904824,0.463932,-1.70174,0.0224015,0.0367526,0.00692676,6.37604,428.431,0
54.036,odom,map,0.868794,0.433681,-1.6782,0,0,0,,,
54.072,odom,map,0.868043,0.431428,-1.67498,0,0,0,,,
54.108,odom,map,0.867278,0.429147,-1.67179,0,0,0,,,
54.144,odom,map,0.866501,0.426866,-1.6689,0,0,0,,,
54.18,odom,map,0.865717,0.424636,-1.66616,0,0,0,,,
54.216,odom,map,0.8652,0.422938,-1.66487,0,0,0,,,
54.216,ekf,map,0.91991,0.471896,-1.70301,0.0306359,0.0358245,0.00353663,0.114458,,
54.216,ekf_predict_only,map,0.891428,0.445296,-1.73608,15.3592,27.4327,0.461252,,,
54.216,kf,map,0.88688,0.405414,-1.63648,0.0352836,0.0706481,0.0196393,0.138042,,
54.216,pf,map,0.899049,0.501034,-1.71461,0.0324624,0.0291984,0.00739689,7.12746,390.454,0
54.252,odom,map,0.865109,0.421972,-1.66522,0,0,0,,,
54.288,odom,map,0.865018,0.421013,-1.6655,0,0,0,,,
54.324,odom,map,0.864933,0.420118,-1.6659,0,0,0,,,
54.36,odom,map,0.864851,0.419269,-1.6664,0,0,0,,,
54.396,odom,map,0.864778,0.41851,-1.66672,0,0,0,,,
54.432,odom,map,0.864715,0.417851,-1.66713,0,0,0,,,
54.396,ekf_predict_only,map,0.890886,0.442051,-1.73822,15.419,27.4757,0.481456,,,
54.396,ekf,map,0.914577,0.465407,-1.7027,0.0300026,0.0349285,0.00330103,0.182792,,
54.396,kf,map,0.884436,0.403179,-1.63962,0.0350506,0.0705666,0.0194667,0.180833,,
54.396,pf,map,0.911875,0.488475,-1.725,0.0302314,0.0314955,0.00423386,11.2082,420.455,0
54.468,odom,map,0.864655,0.417229,-1.66737,0,0,0,,,
54.504,odom,map,0.864596,0.416624,-1.66751,0,0,0,,,
54.54,odom,map,0.864537,0.416012,-1.66761,0,0,0,,,
54.576,odom,map,0.864465,0.415273,-1.66811,0,0,0,,,
54.612,odom,map,0.864887,0.414404,-1.66901,0,0,0,,,
54.612,ekf,map,0.910929,0.465294,-1.70187,0.0303943,0.0355205,0.00335189,0.121416,,
54.612,kf,map,0.88049,0.401079,-1.63822,0.0350048,0.0708589,0.0193809,0.196875,,
54.612,ekf_predict_only,map,0.890271,0.438409,-1.74167,15.4801,27.5177,0.504099,,,
54.612,pf,map,0.894037,0.474267,-1.71852,0.0348035,0.0297564,0.0051258,11.7808,414.514,0
54.648,odom,map,0.866409,0.413017,-1.67064,0,0,0,,,
54.684,odom,map,0.867926,0.411625,-1.67232,0,0,0,,,
54.72,odom,map,0.869447,0.410318,-1.67401,0,0,0,,,
54.756,odom,map,0.870967,0.409042,-1.67571,0,0,0,,,
54.792,odom,map,0.872479,0.407738,-1.67743,0,0,0,,,
54.828,odom,map,0.872854,0.406961,-1.67826,0,0,0,,,
54.792,kf,map,0.880618,0.398115,-1.63606,0.0348034,0.0707911,0.0192347,0.10675,,
54.792,ekf_predict_only,map,0.889785,0.435594,-1.7442,15.5388,27.5614,0.521565,,,
54.792,ekf,map,0.912218,0.464387,-1.70174,0.0299389,0.0349811,0.00326614,1.16742,,
54.792,pf,map,0.881174,0.472936,-1.69628,0.0275527,0.0317191,0.00423608,8.73417,391.395,0
54.864,odom,map,0.872807,0.406521,-1.67875,0,0,0,,,
54.9,odom,map,0.872764,0.406131,-1.67925,0,0,0,,,
54.936,odom,map,0.872733,0.405842,-1.67972,0,0,0,,,
54.972,odom,map,0.872707,0.405609,-1.68008,0,0,0,,,
55.008,odom,map,0.872689,0.405439,-1.68043,0,0,0,,,
55.008,ekf,map,0.907251,0.45609,-1.70767,0.0304002,0.0355615,0.00335546,0.207292,,
55.008,kf,map,0.879442,0.397282,-1.64734,0.0348349,0.0710211,0.0192209,0.097125,,
55.008,ekf_predict_only,map,0.889647,0.434804,-1.74643,15.5912,27.6096,0.526458,,,
55.008,pf,map,0.88236,0.438392,-1.68708,0.0275949,0.0315862,0.00171393,7.44433,409.36,0
55.044,odom,map,0.872674,0.405307,-1.6808,0,0,0,,,
55.08,odom,map,0.87265,0.405092,-1.68128,0,0,0,,,
55.116,odom,map,0.872614,0.404771,-1.68185,0,0,0,,,
55.152,odom,map,0.872574,0.40441,-1.68247,0,0,0,,,
55.188,odom,map,0.872535,0.404067,-1.68327,0,0,0,,,
55.224,odom,map,0.872508,0.403822,-1.68412,0,0,0,,,
55.188,kf,map,0.875662,0.397427,-1.64942,0.0346901,0.0709018,0.0191276,0.103333,,
55.188,ekf,map,0.904119,0.458425,-1.70993,0.0299364,0.0349912,0.00325352,0.115041,,
55.188,ekf_predict_only,map,0.889476,0.433841,-1.75064,15.6442,27.6574,0.532423,,,
55.188,pf,map,0.902776,0.437822,-1.7014,0.028904,0.029948,0.00126689,13.6996,405.012,0
55.26,odom,map,0.872488,0.403654,-1.68516,0,0,0,,,
55.296,odom,map,0.872473,0.403517,-1.68622,0,0,0,,,
55.332,odom,map,0.872458,0.403389,-1.68726,0,0,0,,,
55.368,odom,map,0.872444,0.403274,-1.68827,0,0,0,,,
55.404,odom,map,0.872433,0.403176,-1.68927,0,0,0,,,
55.404,kf,map,0.872031,0.397994,-1.65004,0.0347429,0.0711123,0.0191337,0.107541,,
55.404,ekf_predict_only,map,0.889378,0.433301,-1.75668,15.6959,27.7061,0.535763,,,
55.404,ekf,map,0.902177,0.462834,-1.71339,0.0304071,0.0357141,0.00338808,0.105208,,
55.404,pf,map,0.885304,0.474659,-1.71418,0.0251209,0.0301521,0.00449155,6.26863,393.577,0
55.44,odom,map,0.872418,0.403056,-1.69037,0,0,0,,,
55.476,odom,map,0.8724,0.402906,-1.69157,0,0,0,,,
55.512,odom,map,0.872372,0.402673,-1.69287,0,0,0,,,
55.548,odom,map,0.872344,0.402452,-1.69434,0,0,0,,,
55.584,odom,map,0.872308,0.402163,-1.69558,0,0,0,,,
55.62,odom,map,0.87227,0.401858,-1.69674,0,0,0,,,
55.584,kf,map,0.877018,0.394249,-1.662,0.0345991,0.0709925,0.019041,0.148833,,
55.584,ekf_predict_only,map,0.889094,0.431791,-1.76248,15.7507,27.7525,0.545079,,,
55.584,ekf,map,0.905098,0.453381,-1.72206,0.0299757,0.0351858,0.00333394,0.104583,,
55.584,pf,map,0.880954,0.475331,-1.72872,0.0269996,0.0302118,0.00301967,14.0207,434.507,0
55.656,odom,map,0.872238,0.40161,-1.69792,0,0,0,,,
55.692,odom,map,0.872217,0.401446,-1.69907,0,0,0,,,
55.728,odom,map,0.872198,0.401296,-1.70021,0,0,0,,,
55.764,odom,map,0.872184,0.401187,-1.70133,0,0,0,,,
55.8,odom,map,0.872184,0.401191,-1.70248,0,0,0,,,
55.8,ekf,map,0.911468,0.454117,-1.72695,0.0303957,0.0356715,0.00336033,0.194875,,
55.8,kf,map,0.881743,0.391988,-1.66507,0.0346728,0.0711823,0.0190668,0.157875,,
55.8,ekf_predict_only,map,0.889151,0.432086,-1.76901,15.7997,27.8032,0.543259,,,
55.8,pf,map,0.911306,0.463722,-1.73478,0.0257987,0.0272004,0.00179486,7.40904,396.917,0
55.836,odom,map,0.872191,0.40124,-1.70358,0,0,0,,,
55.872,odom,map,0.872197,0.40129,-1.70467,0,0,0,,,
55.908,odom,map,0.872211,0.401387,-1.70583,0,0,0,,,
55.944,odom,map,0.872227,0.401506,-1.70705,0,0,0,,,
55.98,odom,map,0.872244,0.401628,-1.70828,0,0,0,,,
56.016,odom,map,0.872251,0.401684,-1.70979,0,0,0,,,
56.016,ekf,map,0.911432,0.45442,-1.73568,0.0304867,0.0357934,0.0033798,0.117833,,
56.016,kf,map,0.881884,0.391885,-1.67322,0.0346858,0.0712469,0.0190844,0.136666,,
56.016,ekf_predict_only,map,0.889177,0.432216,-1.77906,15.8493,27.8535,0.542461,,,
56.016,pf,map,0.892577,0.446853,-1.72679,0.0271041,0.0288134,0.00249948,5.95017,418.913,0
56.052,odom,map,0.872253,0.401696,-1.71141,0,0,0,,,
56.088,odom,map,0.872246,0.401646,-1.71303,0,0,0,,,
56.124,odom,map,0.872236,0.401576,-1.71464,0,0,0,,,
56.16,odom,map,0.872219,0.401463,-1.71624,0,0,0,,,
56.196,odom,map,0.872201,0.40134,-1.71777,0,0,0,,,
56.196,ekf,map,0.907442,0.449309,-1.74566,0.0299247,0.0349965,0.00323967,0.102167,,
56.232,odom,map,0.872185,0.401228,-1.71923,0,0,0,,,
56.196,kf,map,0.880606,0.391835,-1.68703,0.0345642,0.0710537,0.0190119,0.100875,,
56.196,ekf_predict_only,map,0.889062,0.431672,-1.78633,15.901,27.902,0.545798,,,
56.196,pf,map,0.895542,0.443418,-1.7323,0.0226249,0.0267413,0.00218368,13.1448,397.572,0
56.268,odom,map,0.872168,0.401118,-1.72068,0,0,0,,,
56.304,odom,map,0.872159,0.401059,-1.72204,0,0,0,,,
56.34,odom,map,0.872176,0.401166,-1.72331,0,0,0,,,
56.376,odom,map,0.872197,0.401308,-1.72457,0,0,0,,,
56.412,odom,map,0.872225,0.401485,-1.72604,0,0,0,,,
56.412,ekf,map,0.909061,0.454032,-1.75218,0.0303531,0.0355829,0.00332565,0.213208,,
56.412,kf,map,0.880383,0.392692,-1.69154,0.0346699,0.0711945,0.0190659,0.187667,,
56.412,ekf_predict_only,map,0.889308,0.432793,-1.79566,15.9475,27.9552,0.538938,,,
56.412,pf,map,0.913527,0.44966,-1.7582,0.0269848,0.0294092,0.00358597,16.1117,415.518,0
56.448,odom,map,0.872234,0.401545,-1.72758,0,0,0,,,
56.484,odom,map,0.872234,0.40154,-1.72915,0,0,0,,,
56.52,odom,map,0.872231,0.401522,-1.73076,0,0,0,,,
56.556,odom,map,0.872228,0.401504,-1.73275,0,0,0,,,
56.592,odom,map,0.872216,0.40143,-1.73499,0,0,0,,,
56.628,odom,map,0.872197,0.401317,-1.73724,0,0,0,,,
56.592,ekf,map,0.906225,0.456167,-1.76136,0.0298934,0.0349595,0.00321452,0.098875,,
56.592,ekf_predict_only,map,0.88918,0.432235,-1.80689,15.9993,28.0036,0.542343,,,
56.592,kf,map,0.877113,0.39345,-1.69939,0.0345636,0.0710314,0.0190078,0.096625,,
56.592,pf,map,0.900681,0.449223,-1.76121,0.0280936,0.0294253,0.00599965,13.2281,411.04,0
56.664,odom,map,0.872181,0.401223,-1.73934,0,0,0,,,
56.7,odom,map,0.872156,0.401077,-1.74128,0,0,0,,,
56.736,odom,map,0.872141,0.400993,-1.7432,0,0,0,,,
56.772,odom,map,0.872141,0.40099,-1.74512,0,0,0,,,
56.808,odom,map,0.872118,0.400859,-1.74711,0,0,0,,,
56.808,ekf,map,0.899122,0.455301,-1.77419,0.0303667,0.0356375,0.00334017,0.103292,,
56.808,kf,map,0.871499,0.394787,-1.71392,0.0346222,0.0712341,0.0190185,0.10975,,
56.808,ekf_predict_only,map,0.888886,0.431014,-1.81898,16.0531,28.0498,0.549773,,,
56.808,pf,map,0.898047,0.466582,-1.78401,0.0259525,0.0286507,0.00558569,7.22483,435.49,0
56.844,odom,map,0.872099,0.400755,-1.74901,0,0,0,,,
56.88,odom,map,0.872081,0.400656,-1.75087,0,0,0,,,
56.916,odom,map,0.872062,0.400552,-1.75272,0,0,0,,,
56.952,odom,map,0.872032,0.400389,-1.75466,0,0,0,,,
56.988,odom,map,0.872012,0.400282,-1.75677,0,0,0,,,
56.988,ekf,map,0.905664,0.458251,-1.7811,0.0299471,0.0351851,0.00331189,0.098958,,
56.988,ekf_predict_only,map,0.88887,0.43095,-1.82978,16.1033,28.0996,0.550165,,,
57.024,odom,map,0.87201,0.400271,-1.75894,0,0,0,,,
56.988,kf,map,0.875078,0.393138,-1.71738,0.0345211,0.071071,0.0189663,0.197708,,
56.988,pf,map,0.888878,0.461218,-1.79171,0.0340903,0.0320864,0.00702053,7.00796,413.182,0
57.06,odom,map,0.872007,0.400258,-1.7611,0,0,0,,,
57.096,odom,map,0.872009,0.400267,-1.76333,0,0,0,,,
57.132,odom,map,0.872025,0.400347,-1.76589,0,0,0,,,
57.168,odom,map,0.872047,0.40046,-1.76857,0,0,0,,,
57.204,odom,map,0.872071,0.400579,-1.77126,0,0,0,,,
57.204,ekf,map,0.909312,0.455543,-1.79669,0.0304064,0.0356985,0.00338392,0.099666,,
57.204,kf,map,0.879184,0.392355,-1.73339,0.0346369,0.0712183,0.0190325,0.105542,,
57.204,ekf_predict_only,map,0.889228,0.432302,-1.8458,16.1491,28.1542,0.541988,,,
57.204,pf,map,0.89487,0.461355,-1.79133,0.0275957,0.0331379,0.0050337,5.87492,395.281,0
57.24,odom,map,0.872114,0.400789,-1.77394,0,0,0,,,
57.276,odom,map,0.872163,0.401025,-1.7768,0,0,0,,,
57.312,odom,map,0.872177,0.401089,-1.77956,0,0,0,,,
57.348,odom,map,0.87218,0.401104,-1.78227,0,0,0,,,
57.384,odom,map,0.872195,0.401172,-1.78505,0,0,0,,,
57.42,odom,map,0.872226,0.401317,-1.78795,0,0,0,,,
57.384,kf,map,0.878749,0.393001,-1.7503,0.0345637,0.071028,0.0190071,0.272958,,
57.384,ekf_predict_only,map,0.889446,0.433073,-1.86042,16.1966,28.207,0.537344,,,
57.384,ekf,map,0.907463,0.453928,-1.81168,0.0299387,0.0349748,0.00324462,0.22825,,
57.384,pf,map,0.911737,0.448312,-1.81092,0.0289511,0.0279126,0.0029604,6.80842,363.943,0
57.456,odom,map,0.872261,0.401473,-1.79087,0,0,0,,,
57.492,odom,map,0.872282,0.401567,-1.79402,0,0,0,,,
57.528,odom,map,0.8723,0.401647,-1.79722,0,0,0,,,
57.564,odom,map,0.872312,0.401696,-1.8007,0,0,0,,,
57.6,odom,map,0.87232,0.401731,-1.80436,0,0,0,,,
57.6,kf,map,0.885318,0.391045,-1.76995,0.0346823,0.0711728,0.0190759,0.104292,,
57.6,ekf_predict_only,map,0.889508,0.433281,-1.88237,16.246,28.2578,0.536094,,,
57.6,ekf,map,0.914699,0.451991,-1.83123,0.030393,0.0356135,0.00334356,0.098833,,
57.6,pf,map,0.932887,0.47077,-1.85557,0.0277726,0.0302571,0.00126418,7.54425,410.101,0
57.636,odom,map,0.872356,0.401881,-1.80803,0,0,0,,,
57.672,odom,map,0.872397,0.402049,-1.8119,0,0,0,,,
57.708,odom,map,0.872436,0.402207,-1.81581,0,0,0,,,
57.744,odom,map,0.872482,0.402389,-1.81989,0,0,0,,,
57.78,odom,map,0.872537,0.402601,-1.82421,0,0,0,,,
57.816,kf,map,0.88687,0.391892,-1.79095,0.0347483,0.0711843,0.019144,0.118875,,
57.816,ekf_predict_only,map,0.890155,0.435292,-1.91157,16.2897,28.3162,0.524094,,,
57.816,odom,map,0.872618,0.402912,-1.82896,0,0,0,,,
57.816,ekf,map,0.917905,0.456835,-1.85521,0.0304846,0.0357007,0.00335509,0.105,,
57.816,pf,map,0.927123,0.46829,-1.87162,0.0277995,0.0285756,0.000643288,6.16475,416.562,0
57.852,odom,map,0.872709,0.403252,-1.83383,0,0,0,,,
57.888,odom,map,0.872823,0.403672,-1.83904,0,0,0,,,
57.924,odom,map,0.872936,0.40408,-1.84473,0,0,0,,,
57.96,odom,map,0.87308,0.404587,-1.85108,0,0,0,,,
57.996,odom,map,0.873231,0.405104,-1.85751,0,0,0,,,
58.032,odom,map,0.873336,0.405457,-1.86444,0,0,0,,,
57.996,ekf,map,0.910784,0.459766,-1.88914,0.0299283,0.0348742,0.00321343,0.101083,,
57.996,kf,map,0.880813,0.395627,-1.82558,0.0346853,0.0709326,0.0191274,0.199375,,
57.996,ekf_predict_only,map,0.890887,0.437356,-1.95395,16.3333,28.3757,0.511861,,,
57.996,pf,map,0.91303,0.470474,-1.8956,0.0266229,0.0286719,-0.000324154,10.2603,419.113,0
58.068,odom,map,0.873448,0.405822,-1.87283,0,0,0,,,
58.104,odom,map,0.87358,0.406239,-1.8813,0,0,0,,,
58.14,odom,map,0.873723,0.406676,-1.89022,0,0,0,,,
58.176,odom,map,0.873782,0.406854,-1.90005,0,0,0,,,
58.212,ekf_predict_only,map,0.890254,0.435786,-2.02158,16.3882,28.4175,0.52105,,,
58.212,odom,map,0.873741,0.406737,-1.91075,0,0,0,,,
58.212,ekf,map,0.910379,0.462568,-1.94476,0.0303805,0.0355855,0.0033544,0.197083,,
58.212,kf,map,0.87921,0.396029,-1.87998,0.0347737,0.0710907,0.0191648,0.10625,,
58.2,amcl,map,0.886196,0.403595,-1.90123,0.0121273,0.0286241,0.00314258,,,
58.212,pf,map,0.900581,0.468193,-1.93815,0.0228586,0.0311368,0.00289871,6.26017,413.691,0
58.248,odom,map,0.873645,0.406472,-1.92202,0,0,0,,,
58.284,odom,map,0.87351,0.406109,-1.93361,0,0,0,,,
58.32,odom,map,0.873283,0.405524,-1.94615,0,0,0,,,
58.356,odom,map,0.872999,0.404816,-1.95938,0,0,0,,,
58.392,odom,map,0.872696,0.404089,-1.97268,0,0,0,,,
58.428,odom,map,0.872316,0.403213,-1.98651,0,0,0,,,
58.392,kf,map,0.886164,0.389471,-1.93808,0.0345807,0.0710141,0.019024,0.09925,,
58.392,ekf_predict_only,map,0.888017,0.431164,-2.09221,16.4526,28.4385,0.547434,,,
58.392,ekf,map,0.918596,0.457185,-2.00481,0.0299001,0.0350224,0.00323673,0.291208,,
58.392,pf,map,0.917789,0.475267,-2.02348,0.0286942,0.0278349,0.00221154,18.3818,413.182,0
58.464,odom,map,0.871854,0.402188,-2.0007,0,0,0,,,
58.5,odom,map,0.871286,0.400973,-2.01538,0,0,0,,,
58.536,odom,map,0.870683,0.39973,-2.0302,0,0,0,,,
58.572,odom,map,0.870008,0.398391,-2.04519,0,0,0,,,
58.608,odom,map,0.869192,0.396833,-2.06031,0,0,0,,,
58.608,ekf_predict_only,map,0.882496,0.421552,-2.18301,16.5335,28.4174,0.600473,,,
58.608,kf,map,0.89468,0.376647,-2.01735,0.0343881,0.0714661,0.0187896,0.161416,,
58.608,ekf,map,0.92841,0.44687,-2.08741,0.0302419,0.0354802,0.00317248,0.099916,,
58.608,pf,map,0.902568,0.452464,-2.08833,0.0233791,0.029633,0.00100254,6.037,352.836,0
58.644,odom,map,0.868227,0.395054,-2.07553,0,0,0,,,
58.68,odom,map,0.867211,0.393248,-2.09077,0,0,0,,,
58.716,odom,map,0.866132,0.391398,-2.10597,0,0,0,,,
58.752,odom,map,0.864935,0.389413,-2.12108,0,0,0,,,
58.788,odom,map,0.863681,0.387403,-2.13617,0,0,0,,,
58.788,ekf_predict_only,map,0.875365,0.411397,-2.25851,16.6175,28.3761,0.653584,,,
58.824,odom,map,0.862346,0.385333,-2.15127,0,0,0,,,
58.788,ekf,map,0.909281,0.430642,-2.16636,0.0296723,0.0346656,0.00289872,0.110583,,
58.788,kf,map,0.882692,0.370651,-2.10413,0.0339403,0.0716477,0.0183875,0.139333,,
58.8,amcl,map,0.871332,0.386777,-2.14997,0.0109153,0.0282704,0.00221062,,,
58.788,pf,map,0.893513,0.44071,-2.15737,0.0237998,0.0308387,-0.0007485,7.32475,423.804,0
58.86,odom,map,0.860822,0.383049,-2.16617,0,0,0,,,
58.896,odom,map,0.859078,0.380516,-2.1808,0,0,0,,,
58.932,odom,map,0.85723,0.377912,-2.19532,0,0,0,,,
58.968,odom,map,0.855222,0.375168,-2.20956,0,0,0,,,
59.004,odom,map,0.853227,0.372317,-2.2234,0,0,0,,,
59.004,ekf,map,0.906857,0.414522,-2.24845,0.0300503,0.0358228,0.0030262,0.134084,,
59.004,ekf_predict_only,map,0.861799,0.394883,-2.34085,16.7254,28.2542,0.734454,,,
59.004,kf,map,0.880031,0.352642,-2.18624,0.0334348,0.0724093,0.0177952,0.095333,,
59.004,pf,map,0.896359,0.42457,-2.24929,0.0244221,0.0241494,-0.000665371,5.75467,403.79,0
59.04,odom,map,0.853306,0.36884,-2.23591,0,0,0,,,
59.076,odom,map,0.853324,0.365355,-2.24835,0,0,0,,,
59.112,odom,map,0.85329,0.361874,-2.26056,0,0,0,,,
59.148,odom,map,0.853107,0.358281,-2.2724,0,0,0,,,
59.184,odom,map,0.852776,0.354581,-2.28389,0,0,0,,,
59.22,odom,map,0.851098,0.351217,-2.29582,0,0,0,,,
59.184,ekf,map,0.895484,0.391795,-2.31708,0.0294958,0.0353962,0.0028437,0.106,,
59.184,kf,map,0.873194,0.337564,-2.26092,0.0327663,0.0728111,0.0170978,0.092666,,
59.184,ekf_predict_only,map,0.847512,0.380151,-2.40289,16.8299,28.1256,0.800085,,,
59.184,pf,map,0.898624,0.393996,-2.31691,0.0263513,0.0230339,0.00199666,8.68471,397.079,0
59.256,odom,map,0.848373,0.348179,-2.30802,0,0,0,,,
59.292,odom,map,0.845553,0.34511,-2.31982,0,0,0,,,
59.328,odom,map,0.842681,0.342058,-2.33158,0,0,0,,,
59.364,odom,map,0.839705,0.338968,-2.34314,0,0,0,,,
59.4,odom,map,0.83663,0.335847,-2.35452,0,0,0,,,
59.4,ekf,map,0.883766,0.369433,-2.38819,0.0298306,0.0365365,0.00288503,0.10325,,
59.4,ekf_predict_only,map,0.827725,0.36213,-2.4681,16.9503,27.9325,0.872099,,,
59.4,kf,map,0.863875,0.318229,-2.33594,0.0321605,0.0736737,0.0162875,0.095125,,
59.4,amcl,map,0.838835,0.334737,-2.37485,0.00948681,0.0253755,0.00376718,,,
59.4,pf,map,0.878941,0.367422,-2.3764,0.0276622,0.0304502,-0.00137748,6.24171,400.073,0
59.436,odom,map,0.833469,0.332711,-2.36551,0,0,0,,,
59.472,odom,map,0.830269,0.329604,-2.37638,0,0,0,,,
59.508,odom,map,0.827005,0.326502,-2.38715,0,0,0,,,
59.544,odom,map,0.823667,0.323398,-2.39752,0,0,0,,,
59.58,odom,map,0.82029,0.32032,-2.40749,0,0,0,,,
59.616,odom,map,0.816519,0.31758,-2.41847,0,0,0,,,
59.616,ekf,map,0.865067,0.35729,-2.44977,0.029842,0.0373369,0.00291156,0.116208,,
59.616,kf,map,0.845617,0.301964,-2.3964,0.0315053,0.0744033,0.0154137,0.192125,,
59.616,ekf_predict_only,map,0.806304,0.345038,-2.52778,17.071,27.7249,0.930612,,,
59.616,pf,map,0.870504,0.351753,-2.45645,0.0282514,0.0326177,0.00284876,15.4562,399.779,0
59.652,odom,map,0.811986,0.315241,-2.4308,0,0,0,,,
59.688,odom,map,0.807228,0.312813,-2.44278,0,0,0,,,
59.724,odom,map,0.802297,0.310343,-2.45453,0,0,0,,,
59.76,odom,map,0.797239,0.307874,-2.46607,0,0,0,,,
59.796,odom,map,0.791948,0.305321,-2.47712,0,0,0,,,
59.832,odom,map,0.787468,0.302025,-2.48534,0,0,0,,,
59.796,kf,map,0.831833,0.285595,-2.45017,0.0308168,0.0747776,0.0145071,0.152,,
59.796,ekf,map,0.847603,0.332715,-2.49751,0.0292701,0.0372248,0.00286021,0.169792,,
59.796,ekf_predict_only,map,0.783548,0.329004,-2.56605,17.1906,27.5077,0.975354,,,
59.796,pf,map,0.855396,0.353312,-2.51334,0.0291711,0.0338597,0.000183948,7.02854,378.451,0
59.868,odom,map,0.783044,0.298645,-2.49299,0,0,0,,,
59.904,odom,map,0.778486,0.295217,-2.50026,0,0,0,,,
59.94,odom,map,0.773684,0.291657,-2.50685,0,0,0,,,
59.976,odom,map,0.768788,0.288074,-2.51269,0,0,0,,,
60.012,odom,map,0.764019,0.284625,-2.51799,0,0,0,,,
60.012,ekf,map,0.819971,0.316044,-2.53583,0.029589,0.0387753,0.00291798,0.175875,,
60.012,kf,map,0.805489,0.267429,-2.48972,0.0302431,0.0755928,0.0134899,0.092292,,
60.012,ekf_predict_only,map,0.753923,0.309783,-2.59786,17.3284,27.2197,1.01735,,,
60.012,pf,map,0.826783,0.33201,-2.5606,0.0273748,0.0327129,-0.00257463,8.86129,401.475,0
60.048,odom,map,0.759043,0.281064,-2.52307,0,0,0,,,
60.084,odom,map,0.753785,0.27734,-2.52747,0,0,0,,,
60.12,odom,map,0.748412,0.273568,-2.5313,0,0,0,,,
60.156,odom,map,0.742985,0.269787,-2.5349,0,0,0,,,
60.192,odom,map,0.737727,0.266151,-2.53784,0,0,0,,,
60.228,odom,map,0.73363,0.262119,-2.54057,0,0,0,,,
60.192,ekf,map,0.784519,0.295623,-2.55781,0.0291196,0.0389907,0.00288468,0.185709,,
60.192,ekf_predict_only,map,0.728283,0.294283,-2.60667,17.4526,26.9863,1.04162,,,
60.192,kf,map,0.773976,0.254614,-2.51832,0.0296388,0.0759306,0.0125399,0.095458,,
60.192,pf,map,0.787984,0.327964,-2.59402,0.0278898,0.0341269,0.000678125,9.68442,440.556,0
60.264,odom,map,0.729795,0.257829,-2.54301,0,0,0,,,
60.3,odom,map,0.725902,0.253525,-2.54537,0,0,0,,,
60.336,odom,map,0.721825,0.249121,-2.5473,0,0,0,,,
60.372,odom,map,0.717941,0.244869,-2.54844,0,0,0,,,
60.408,odom,map,0.713739,0.240777,-2.54881,0,0,0,,,
60.408,ekf_predict_only,map,0.695523,0.274871,-2.60334,17.5999,26.6864,1.06314,,,
60.408,ekf,map,0.762093,0.276339,-2.56241,0.0294812,0.0412503,0.00301539,0.224,,
60.408,kf,map,0.751379,0.234598,-2.52436,0.029172,0.0766561,0.0114999,0.1925,,
60.408,pf,map,0.759873,0.298835,-2.59023,0.0283602,0.0322432,0.00225768,5.972,443.156,0
60.444,odom,map,0.708476,0.23723,-2.54826,0,0,0,,,
60.48,odom,map,0.703483,0.233859,-2.5471,0,0,0,,,
60.516,odom,map,0.698856,0.230725,-2.54505,0,0,0,,,
60.552,odom,map,0.694204,0.227557,-2.54262,0,0,0,,,
60.588,odom,map,0.689546,0.224369,-2.54019,0,0,0,,,
60.588,ekf,map,0.73649,0.258908,-2.55762,0.0289966,0.0411919,0.00287934,0.18,,
60.624,odom,map,0.684859,0.221145,-2.53756,0,0,0,,,
60.588,kf,map,0.727926,0.221403,-2.52359,0.0287043,0.0768657,0.0106368,0.108875,,
60.588,ekf_predict_only,map,0.670967,0.26021,-2.58944,17.7267,26.4833,1.07445,,,
60.588,pf,map,0.744332,0.277152,-2.57694,0.0256695,0.0335253,0.00152545,6.90558,416.234,0
60.66,odom,map,0.680453,0.218093,-2.53404,0,0,0,,,
60.696,odom,map,0.676454,0.2153,-2.52958,0,0,0,,,
60.732,odom,map,0.672569,0.21256,-2.52494,0,0,0,,,
60.768,odom,map,0.668917,0.209957,-2.5196,0,0,0,,,
60.804,odom,map,0.665383,0.207407,-2.51335,0,0,0,,,
60.804,ekf,map,0.712977,0.242581,-2.52945,0.0293701,0.0428544,0.00291592,0.101334,,
60.804,kf,map,0.705935,0.208455,-2.49878,0.0284562,0.0773816,0.00989103,0.190458,,
60.804,ekf_predict_only,map,0.648753,0.246524,-2.54971,17.8508,26.311,1.08274,,,
60.804,pf,map,0.721383,0.266814,-2.5616,0.0260357,0.0315977,0.00231894,9.22442,460.372,0
60.84,odom,map,0.661873,0.20484,-2.50673,0,0,0,,,
60.876,odom,map,0.658506,0.202342,-2.49981,0,0,0,,,
60.912,odom,map,0.655144,0.199811,-2.49255,0,0,0,,,
60.948,odom,map,0.651838,0.197283,-2.48457,0,0,0,,,
60.984,odom,map,0.648783,0.194906,-2.47608,0,0,0,,,
60.984,ekf,map,0.696943,0.233397,-2.49265,0.0289101,0.0425675,0.00280079,0.105625,,
60.984,kf,map,0.690441,0.199472,-2.46346,0.0281595,0.0774209,0.00930986,0.094334,,
60.984,ekf_predict_only,map,0.634849,0.237177,-2.50442,17.9528,26.2252,1.0897,,,
61.02,odom,map,0.645956,0.192667,-2.46726,0,0,0,,,
60.984,pf,map,0.70549,0.257404,-2.52167,0.0280924,0.0324651,0.0016235,14.3703,445.045,0
61.056,odom,map,0.643412,0.190615,-2.45802,0,0,0,,,
61.092,odom,map,0.641133,0.18874,-2.44773,0,0,0,,,
61.128,odom,map,0.638897,0.18686,-2.43719,0,0,0,,,
61.164,odom,map,0.636833,0.185086,-2.42618,0,0,0,,,
61.2,odom,map,0.63494,0.183423,-2.41444,0,0,0,,,
61.2,ekf,map,0.651066,0.224226,-2.43338,0.067787,0.0720032,0.000466167,0.06875,,
61.2,kf,map,0.651287,0.19475,-2.40817,0.0572598,0.0785835,0.00402995,0.058417,,
61.2,ekf_predict_only,map,0.622988,0.228398,-2.4316,18.0528,26.1613,1.09813,,,
61.2,pf,map,0.663027,0.224259,-2.4785,0.0575406,0.0579222,0.00642541,4.75737,851.701,0
61.236,odom,map,0.633113,0.181777,-2.4023,0,0,0,,,
61.272,odom,map,0.631293,0.180097,-2.38973,0,0,0,,,
61.308,odom,map,0.629395,0.178298,-2.37639,0,0,0,,,
61.344,odom,map,0.627432,0.176387,-2.36261,0,0,0,,,
61.38,odom,map,0.625466,0.174418,-2.34865,0,0,0,,,
61.416,odom,map,0.623445,0.172337,-2.33442,0,0,0,,,
61.416,ekf,map,0.60742,0.207239,-2.36118,0.0883394,0.0895715,-0.000100851,0.061792,,
61.416,ekf_predict_only,map,0.609079,0.216443,-2.34407,18.1724,26.0801,1.11403,,,
61.416,kf,map,0.613532,0.187375,-2.34099,0.0707775,0.0791044,0.00157369,0.067042,,
61.416,pf,map,0.606935,0.207924,-2.40832,0.0674784,0.0638062,0.00507891,6.91512,802.476,0
61.452,odom,map,0.62132,0.170084,-2.31933,0,0,0,,,
61.488,odom,map,0.619123,0.16768,-2.30355,0,0,0,,,
61.524,odom,map,0.616904,0.165174,-2.28745,0,0,0,,,
61.56,odom,map,0.614619,0.162508,-2.27108,0,0,0,,,
61.596,odom,map,0.612255,0.159654,-2.25433,0,0,0,,,
61.632,odom,map,0.609915,0.156731,-2.23749,0,0,0,,,
61.596,ekf_predict_only,map,0.596,0.203042,-2.25989,18.3026,26.009,1.13688,,,
61.596,kf,map,0.584166,0.177818,-2.27322,0.0759267,0.0790506,0.00059038,0.090542,,
61.596,ekf,map,0.576984,0.189917,-2.28808,0.0933528,0.0937489,-0.00012278,0.059459,,
61.596,pf,map,0.567317,0.187528,-2.32169,0.0768009,0.0743241,0.000271832,11.1474,783.452,0
61.668,odom,map,0.607494,0.153599,-2.22054,0,0,0,,,
61.704,odom,map,0.604937,0.150172,-2.20327,0,0,0,,,
61.74,odom,map,0.602266,0.146458,-2.18555,0,0,0,,,
61.776,odom,map,0.599606,0.142618,-2.16771,0,0,0,,,
61.812,odom,map,0.596847,0.138478,-2.14969,0,0,0,,,
61.812,ekf_predict_only,map,0.576542,0.179423,-2.15158,18.4998,25.8831,1.183,,,
61.812,ekf,map,0.549086,0.165464,-2.18774,0.0972934,0.0974083,-9.73749e-05,0.066542,,
61.812,kf,map,0.555276,0.158075,-2.17701,0.0781448,0.0792935,0.000217093,0.069292,,
61.8,amcl,map,0.598851,0.12946,-2.19736,0.0275181,0.0298437,0.0155697,,,
61.812,pf,map,0.548998,0.144627,-2.21243,0.074273,0.0730696,-0.00206936,4.886,786.443,0
61.848,odom,map,0.593989,0.134016,-2.13169,0,0,0,,,
61.884,odom,map,0.591028,0.129206,-2.11357,0,0,0,,,
61.92,odom,map,0.588076,0.12421,-2.09539,0,0,0,,,
61.956,odom,map,0.58518,0.119099,-2.07725,0,0,0,,,
61.992,odom,map,0.582293,0.11378,-2.0592,0,0,0,,,
61.992,ekf,map,0.528226,0.139862,-2.10158,0.096004,0.0960048,-7.04459e-05,0.060625,,
61.992,ekf_predict_only,map,0.559379,0.153272,-2.0617,18.7215,25.7821,1.24171,,,
62.028,odom,map,0.579408,0.108229,-2.04122,0,0,0,,,
61.992,kf,map,0.532693,0.135243,-2.09437,0.0787014,0.0791224,7.95768e-05,0.059625,,
61.992,pf,map,0.5321,0.120748,-2.13782,0.0719309,0.0770654,-0.00287094,5.13892,785.648,0
62.064,odom,map,0.576608,0.102598,-2.02328,0,0,0,,,
62.1,odom,map,0.573817,0.0967225,-2.00543,0,0,0,,,
62.136,odom,map,0.571015,0.0905437,-1.98779,0,0,0,,,
62.172,odom,map,0.56831,0.0842902,-1.97019,0,0,0,,,
62.208,odom,map,0.565631,0.0777846,-1.95285,0,0,0,,,
62.208,ekf_predict_only,map,0.538798,0.114769,-1.96008,19.0408,25.6562,1.33427,,,
62.208,ekf,map,0.506578,0.103306,-1.99961,0.0979655,0.0978916,-8.25302e-05,0.06625,,
62.208,kf,map,0.50935,0.10022,-1.99532,0.0791665,0.07932,2.90101e-05,1.02054,,
62.208,pf,map,0.499572,0.102797,-2.02477,0.0791583,0.0822472,-0.00179326,6.03625,784.069,0
62.244,odom,map,0.562994,0.0710543,-1.93582,0,0,0,,,
62.28,odom,map,0.560405,0.0641053,-1.91921,0,0,0,,,
62.316,odom,map,0.557902,0.0570345,-1.90281,0,0,0,,,
62.352,odom,map,0.555478,0.0498117,-1.88658,0,0,0,,,
62.388,odom,map,0.553064,0.0422177,-1.87085,0,0,0,,,
62.388,ekf,map,0.491234,0.0677914,-1.91966,0.0962137,0.0960968,-9.33387e-05,0.122083,,
62.388,ekf_predict_only,map,0.523341,0.0770898,-1.8824,19.3735,25.5778,1.43275,,,
62.424,odom,map,0.550717,0.0344179,-1.85531,0,0,0,,,
62.388,kf,map,0.492677,0.065643,-1.91747,0.0790761,0.0791322,1.06001e-05,0.058542,,
62.388,pf,map,0.473858,0.0801508,-1.94842,0.0744998,0.0825642,0.00225229,6.00029,782.501,0
62.4,amcl,map,0.534414,0.0180366,-1.93294,0.023717,0.028994,0.013199,,,
62.46,odom,map,0.548434,0.0263818,-1.84058,0,0,0,,,
62.496,odom,map,0.546223,0.0181814,-1.82777,0,0,0,,,
62.532,odom,map,0.544089,0.00985724,-1.81616,0,0,0,,,
62.568,odom,map,0.542044,0.00149347,-1.80493,0,0,0,,,
62.604,odom,map,0.540048,-0.00703331,-1.7947,0,0,0,,,
62.604,ekf,map,0.475495,0.0186837,-1.85341,0.0981585,0.0979459,-0.00013959,0.055792,,
62.604,kf,map,0.475576,0.017174,-1.85443,0.0793032,0.0793236,3.85985e-06,0.062625,,
62.604,ekf_predict_only,map,0.506723,0.0254957,-1.8284,19.8415,25.4934,1.57414,,,
62.604,pf,map,0.477425,0.0210575,-1.86697,0.0833032,0.0825701,-0.00284422,6.01708,767.116,0
62.64,odom,map,0.537447,-0.0170878,-1.79289,0,0,0,,,
62.676,odom,map,0.534617,-0.0273083,-1.79204,0,0,0,,,
62.712,odom,map,0.53158,-0.0375611,-1.79156,0,0,0,,,
62.748,odom,map,0.528339,-0.0478274,-1.79167,0,0,0,,,
62.784,odom,map,0.524881,-0.0581314,-1.79238,0,0,0,,,
62.82,odom,map,0.522171,-0.067637,-1.7896,0,0,0,,,
62.784,ekf,map,0.464967,-0.0241022,-1.81309,0.0964311,0.0961635,-0.000151639,0.078208,,
62.784,kf,map,0.464286,-0.025021,-1.81579,0.079126,0.0791335,1.40977e-06,0.060667,,
62.784,ekf_predict_only,map,0.495156,-0.0184072,-1.7998,20.2755,25.452,1.697,,,
62.784,pf,map,0.457796,-0.0248787,-1.8221,0.086379,0.0876713,0.00188766,6.52717,760.111,0
62.856,odom,map,0.520226,-0.0765063,-1.78388,0,0,0,,,
62.892,odom,map,0.518338,-0.0853499,-1.77841,0,0,0,,,
62.928,odom,map,0.516501,-0.094183,-1.77341,0,0,0,,,
62.964,odom,map,0.514694,-0.103082,-1.76902,0,0,0,,,
63,odom,map,0.51292,-0.11201,-1.76473,0,0,0,,,
63,kf,map,0.452569,-0.0773188,-1.78366,0.0793214,0.0793241,5.13263e-07,0.061834,,
63,ekf,map,0.453751,-0.0768037,-1.78007,0.0984326,0.0980275,-0.000193533,0.076708,,
63,ekf_predict_only,map,0.482729,-0.0717226,-1.77701,20.8268,25.4058,1.84488,,,
63,pf,map,0.449235,-0.0886819,-1.77643,0.0770154,0.0846594,-0.00240516,4.60654,769.109,0
63.036,odom,map,0.51118,-0.120963,-1.76082,0,0,0,,,
63.072,odom,map,0.50949,-0.129837,-1.75732,0,0,0,,,
63.108,odom,map,0.507852,-0.138595,-1.75415,0,0,0,,,
63.144,odom,map,0.506248,-0.14732,-1.75107,0,0,0,,,
63.18,odom,map,0.504675,-0.156019,-1.74829,0,0,0,,,
63.216,ekf_predict_only,map,0.472026,-0.122885,-1.76392,21.3941,25.3747,1.98473,,,
63.216,odom,map,0.501792,-0.16547,-1.74774,0,0,0,,,
63.216,ekf,map,0.444206,-0.128376,-1.75889,0.0993987,0.0988883,-0.000209946,0.058542,,
63.216,kf,map,0.442872,-0.128509,-1.76266,0.0793924,0.0793934,1.86649e-07,0.256833,,
63.216,pf,map,0.442329,-0.141942,-1.76448,0.0718796,0.0843134,0.00519917,4.63687,767.229,0
63.252,odom,map,0.496747,-0.176061,-1.75048,0,0,0,,,
63.288,odom,map,0.491592,-0.186616,-1.75329,0,0,0,,,
63.324,odom,map,0.486344,-0.197041,-1.75635,0,0,0,,,
63.36,odom,map,0.481024,-0.207224,-1.75959,0,0,0,,,
63.396,odom,map,0.475593,-0.217368,-1.76283,0,0,0,,,
63.396,kf,map,0.436127,-0.168881,-1.75208,0.0791586,0.079159,6.8139e-08,0.062125,,
63.396,ekf_predict_only,map,0.46426,-0.162596,-1.75965,21.8701,25.3668,2.09111,,,
63.432,odom,map,0.47361,-0.225558,-1.76237,0,0,0,,,
63.396,ekf,map,0.437312,-0.169016,-1.74875,0.0970178,0.0965158,-0.00018281,0.117667,,
63.396,pf,map,0.402499,-0.215064,-1.75983,0.0710656,0.079032,0.00299023,9.04196,778.864,0
63.468,odom,map,0.472092,-0.233396,-1.76183,0,0,0,,,
63.504,odom,map,0.470676,-0.240724,-1.76173,0,0,0,,,
63.54,odom,map,0.469504,-0.246788,-1.76173,0,0,0,,,
63.576,odom,map,0.468577,-0.25158,-1.76173,0,0,0,,,
63.612,odom,map,0.467897,-0.255099,-1.76173,0,0,0,,,
63.612,ekf_predict_only,map,0.46426,-0.162596,-1.75965,21.9201,25.4168,2.09111,,,
63.612,ekf,map,0.434383,-0.187907,-1.74487,0.0985999,0.0980859,-0.000172801,0.058875,,
63.612,kf,map,0.434147,-0.184205,-1.74762,0.0793332,0.0793334,2.48034e-08,0.063667,,
63.6,amcl,map,0.464796,-0.248721,-1.77306,0.0386003,0.0325419,0.014506,,,
63.612,pf,map,0.396058,-0.271725,-1.76301,0.0705207,0.0849696,-0.00691706,5.87779,785.737,0
63.648,odom,map,0.467463,-0.257346,-1.76173,0,0,0,,,
63.684,odom,map,0.467274,-0.258321,-1.76173,0,0,0,,,
63.72,odom,map,0.467144,-0.258995,-1.76268,0,0,0,,,
63.756,odom,map,0.466804,-0.260732,-1.76503,0,0,0,,,
63.792,odom,map,0.466263,-0.263458,-1.76881,0,0,0,,,
63.828,odom,map,0.465679,-0.266334,-1.77315,0,0,0,,,
63.792,ekf,map,0.430933,-0.208892,-1.75761,0.0965824,0.0961731,-0.000130413,0.063,,
63.792,kf,map,0.430818,-0.205475,-1.76086,0.079137,0.079137,9.0581e-09,0.059458,,
63.792,ekf_predict_only,map,0.461506,-0.177007,-1.78135,22.1301,25.4464,2.12903,,,
63.792,pf,map,0.397272,-0.257703,-1.77605,0.0733868,0.0889361,-0.0045759,6.74146,780.712,0
63.864,odom,map,0.465038,-0.269425,-1.77799,0,0,0,,,
63.9,odom,map,0.464274,-0.273001,-1.78414,0,0,0,,,
63.936,odom,map,0.463261,-0.27759,-1.79227,0,0,0,,,
63.972,odom,map,0.462161,-0.28238,-1.80074,0,0,0,,,
64.008,odom,map,0.460902,-0.287648,-1.80988,0,0,0,,,
64.008,ekf,map,0.424574,-0.24353,-1.80475,0.0983631,0.0979707,-0.000116094,0.068042,,
64.008,ekf_predict_only,map,0.453478,-0.21457,-1.84362,22.6105,25.4377,2.22034,,,
64.008,kf,map,0.424061,-0.242006,-1.80959,0.0793254,0.0793254,3.29768e-09,0.056584,,
64.008,pf,map,0.406723,-0.273884,-1.80132,0.0812445,0.077782,0.000595451,9.78121,773.546,0
64.044,odom,map,0.459428,-0.293567,-1.81992,0,0,0,,,
64.08,odom,map,0.457817,-0.299763,-1.83029,0,0,0,,,
64.116,odom,map,0.456078,-0.306174,-1.8411,0,0,0,,,
64.152,odom,map,0.454088,-0.313191,-1.85303,0,0,0,,,
64.188,odom,map,0.451938,-0.320439,-1.86553,0,0,0,,,
64.224,odom,map,0.44966,-0.327773,-1.8783,0,0,0,,,
64.188,ekf_predict_only,map,0.443132,-0.251545,-1.90747,23.1031,25.4134,2.29121,,,
64.188,ekf,map,0.416345,-0.277225,-1.85709,0.0964971,0.0961626,-9.27452e-05,0.0625,,
64.188,kf,map,0.415598,-0.276882,-1.86204,0.0791341,0.0791341,1.20436e-09,0.062834,,
64.188,pf,map,0.410829,-0.31767,-1.85704,0.07844,0.0751988,-0.000253645,5.07967,779.667,0
64.26,odom,map,0.447235,-0.335241,-1.89137,0,0,0,,,
64.296,odom,map,0.444657,-0.342833,-1.90492,0,0,0,,,
64.332,odom,map,0.441933,-0.350504,-1.91905,0,0,0,,,
64.368,odom,map,0.439088,-0.358171,-1.93336,0,0,0,,,
64.404,odom,map,0.436068,-0.365788,-1.94797,0,0,0,,,
64.404,ekf,map,0.402276,-0.321897,-1.93581,0.0983931,0.0980111,-0.000102397,0.061583,,
64.404,kf,map,0.401507,-0.322125,-1.9404,0.0793243,0.0793243,4.38466e-10,0.13025,,
64.404,ekf_predict_only,map,0.426797,-0.298216,-1.99465,23.7389,25.3491,2.35199,,,
64.404,pf,map,0.41361,-0.375874,-1.95051,0.0788112,0.0738809,-0.00176965,9.09492,785.849,0
64.44,odom,map,0.43212,-0.372476,-1.96478,0,0,0,,,
64.476,odom,map,0.427989,-0.379164,-1.98192,0,0,0,,,
64.512,odom,map,0.423692,-0.385807,-1.99919,0,0,0,,,
64.548,odom,map,0.419219,-0.392419,-2.01653,0,0,0,,,
64.584,odom,map,0.414563,-0.399012,-2.03404,0,0,0,,,
64.62,odom,map,0.410276,-0.406127,-2.05046,0,0,0,,,
64.584,ekf_predict_only,map,0.409293,-0.337011,-2.07215,24.299,25.2808,2.36811,,,
64.584,ekf,map,0.450444,-0.30911,-1.98287,0.0344079,0.0531965,-0.00547211,0.317208,,
64.602,amcl,map,0.426393,-0.385123,-2.04694,0.0367309,0.03365,0.0115114,,,
64.584,kf,map,0.453258,-0.343033,-1.96625,0.0335947,0.0761792,-0.0115994,1.63992,,
64.584,pf,map,0.439908,-0.308681,-1.99092,0.0301339,0.0390128,-0.00214336,9.30367,325.848,0
64.656,odom,map,0.40628,-0.413665,-2.06615,0,0,0,,,
64.692,odom,map,0.402139,-0.421187,-2.08186,0,0,0,,,
64.728,odom,map,0.397907,-0.428598,-2.09759,0,0,0,,,
64.764,odom,map,0.393582,-0.435901,-2.11334,0,0,0,,,
64.8,odom,map,0.389169,-0.443093,-2.12894,0,0,0,,,
64.8,ekf,map,0.442869,-0.356689,-2.07927,0.0311131,0.0531815,-0.00678522,0.102666,,
64.8,ekf_predict_only,map,0.384817,-0.38167,-2.16613,24.9621,25.1724,2.34455,,,
64.8,kf,map,0.447249,-0.383132,-2.06203,0.0307497,0.0755489,-0.01351,0.153541,,
64.8,pf,map,0.44819,-0.354284,-2.07524,0.024606,0.0385011,-0.00100355,6.22067,463.592,0
64.836,odom,map,0.384623,-0.450249,-2.14459,0,0,0,,,
64.872,odom,map,0.379993,-0.457291,-2.16017,0,0,0,,,
64.908,odom,map,0.37529,-0.464208,-2.17566,0,0,0,,,
64.944,odom,map,0.370478,-0.471055,-2.19104,0,0,0,,,
64.98,odom,map,0.36564,-0.477722,-2.20623,0,0,0,,,
65.016,ekf_predict_only,map,0.357469,-0.422047,-2.25635,25.5905,25.0554,2.27194,,,
65.016,odom,map,0.360752,-0.484245,-2.2213,0,0,0,,,
65.016,kf,map,0.429003,-0.421226,-2.15377,0.0309935,0.0749688,-0.0145901,0.218417,,
65.016,ekf,map,0.422924,-0.396326,-2.17047,0.0312528,0.054136,-0.00768366,0.863792,,
65.016,pf,map,0.432885,-0.407726,-2.17143,0.0281461,0.0389218,-0.000884794,6.87563,442.694,0
65.052,odom,map,0.355782,-0.490676,-2.23634,0,0,0,,,
65.088,odom,map,0.350838,-0.496879,-2.25129,0,0,0,,,
65.124,odom,map,0.345918,-0.502866,-2.26606,0,0,0,,,
65.16,odom,map,0.341057,-0.508608,-2.28053,0,0,0,,,
65.196,odom,map,0.336129,-0.514261,-2.29496,0,0,0,,,
65.196,ekf,map,0.399522,-0.436264,-2.25082,0.0309194,0.0534324,-0.0079641,0.175208,,
65.196,kf,map,0.403916,-0.450305,-2.23964,0.0313133,0.0742935,-0.0152258,0.103584,,
65.196,ekf_predict_only,map,0.334595,-0.450014,-2.32733,26.0546,24.9738,2.18306,,,
65.232,odom,map,0.3312,-0.519754,-2.30928,0,0,0,,,
65.202,amcl,map,0.34346,-0.505249,-2.30811,0.0370554,0.0296444,0.00781129,,,
65.196,pf,map,0.392719,-0.43255,-2.25839,0.0297857,0.046782,-0.00445157,8.493,468.726,0
65.268,odom,map,0.326401,-0.524953,-2.32329,0,0,0,,,
65.304,odom,map,0.321631,-0.529977,-2.33714,0,0,0,,,
65.34,odom,map,0.316859,-0.534868,-2.35085,0,0,0,,,
65.376,odom,map,0.312149,-0.539564,-2.36435,0,0,0,,,
65.412,ekf,map,0.370391,-0.468053,-2.33406,0.0317491,0.0551495,-0.0088493,0.15825,,
65.412,kf,map,0.374702,-0.479668,-2.32539,0.0317998,0.0740526,-0.0158207,0.096167,,
65.412,ekf_predict_only,map,0.30846,-0.477703,-2.40619,26.5254,24.8825,2.05931,,,
65.412,odom,map,0.308265,-0.543092,-2.37785,0,0,0,,,
65.412,pf,map,0.377543,-0.470533,-2.33572,0.0325949,0.0484759,-0.00917678,6.037,468.007,0
65.448,odom,map,0.306085,-0.544285,-2.39175,0,0,0,,,
65.484,odom,map,0.30391,-0.545346,-2.40547,0,0,0,,,
65.52,odom,map,0.301952,-0.546093,-2.4187,0,0,0,,,
65.556,odom,map,0.30009,-0.546648,-2.43169,0,0,0,,,
65.592,odom,map,0.298216,-0.547108,-2.44461,0,0,0,,,
65.592,kf,map,0.354921,-0.498187,-2.40102,0.0319851,0.0736025,-0.0161414,0.178459,,
65.592,ekf_predict_only,map,0.287924,-0.496282,-2.46433,26.8639,24.8282,1.94705,,,
65.628,odom,map,0.294596,-0.549773,-2.45666,0,0,0,,,
65.592,ekf,map,0.354341,-0.496999,-2.40408,0.0314683,0.0546876,-0.00904081,0.106333,,
65.592,pf,map,0.34113,-0.503764,-2.40949,0.0262665,0.0423287,-0.00734744,11.4023,478.978,0
65.664,odom,map,0.290603,-0.552999,-2.46748,0,0,0,,,
65.7,odom,map,0.287573,-0.555399,-2.47576,0,0,0,,,
65.736,odom,map,0.285549,-0.55698,-2.48145,0,0,0,,,
65.772,odom,map,0.284543,-0.557758,-2.48454,0,0,0,,,
65.808,odom,map,0.284424,-0.55785,-2.48517,0,0,0,,,
65.808,ekf,map,0.347747,-0.509511,-2.43134,0.0319504,0.0555566,-0.00922341,0.113167,,
65.808,kf,map,0.346389,-0.502828,-2.43197,0.0321525,0.0737008,-0.0162838,0.233,,
65.808,ekf_predict_only,map,0.287924,-0.496282,-2.46433,26.9139,24.8782,1.94705,,,
65.808,pf,map,0.311208,-0.480621,-2.46535,0.0256969,0.0501753,-0.00274405,6.05567,440.528,0
65.844,odom,map,0.284424,-0.55785,-2.48517,0,0,0,,,
65.88,odom,map,0.284424,-0.55785,-2.48517,0,0,0,,,
65.916,odom,map,0.284424,-0.55785,-2.48517,0,0,0,,,
65.952,odom,map,0.284424,-0.55785,-2.48517,0,0,0,,,
65.988,odom,map,0.284424,-0.55785,-2.48517,0,0,0,,,
65.988,ekf_predict_only,map,0.287924,-0.496282,-2.46433,26.9639,24.9282,1.94705,,,
66.024,odom,map,0.283748,-0.558673,-2.48592,0,0,0,,,
65.988,ekf,map,0.343536,-0.506372,-2.43802,0.0315095,0.0543872,-0.00905336,0.101792,,
65.988,kf,map,0.343523,-0.504801,-2.43818,0.032099,0.0734919,-0.0162886,0.176375,,
65.988,pf,map,0.322833,-0.454777,-2.47054,0.0278577,0.0532001,-0.00267639,12.2741,475.12,0
66.06,odom,map,0.282689,-0.559961,-2.48708,0,0,0,,,
66.096,odom,map,0.281626,-0.561249,-2.48825,0,0,0,,,
66.132,odom,map,0.280561,-0.562537,-2.48942,0,0,0,,,
66.168,odom,map,0.279492,-0.563825,-2.49059,0,0,0,,,
66.204,odom,map,0.27848,-0.565041,-2.4917,0,0,0,,,
66.204,ekf_predict_only,map,0.287924,-0.496282,-2.46433,27.0139,24.9782,1.94705,,,
66.204,kf,map,0.34751,-0.503993,-2.43927,0.0322003,0.0736545,-0.016345,0.432625,,
66.204,ekf,map,0.346916,-0.501674,-2.44067,0.031968,0.0553042,-0.0092116,1.04796,,
66.204,pf,map,0.335933,-0.469654,-2.45765,0.0316888,0.0465557,-0.00715144,6.89308,486.737,0
66.24,odom,map,0.27848,-0.565041,-2.4917,0,0,0,,,
66.276,odom,map,0.27848,-0.565041,-2.4917,0,0,0,,,
66.312,odom,map,0.27848,-0.565041,-2.4917,0,0,0,,,
66.348,odom,map,0.27848,-0.565041,-2.4917,0,0,0,,,
66.384,odom,map,0.27848,-0.565041,-2.4917,0,0,0,,,
66.384,ekf,map,0.342076,-0.501477,-2.44188,0.0314437,0.0541839,-0.00892779,0.169042,,
66.384,kf,map,0.343763,-0.505634,-2.43936,0.0321233,0.0734683,-0.0163195,0.101792,,
66.384,ekf_predict_only,map,0.287924,-0.496282,-2.46433,27.0639,25.0282,1.94705,,,
66.42,odom,map,0.27848,-0.565041,-2.4917,0,0,0,,,
66.384,pf,map,0.324437,-0.494139,-2.44779,0.0307027,0.0436763,-0.00988576,15.8971,481.969,0
66.456,odom,map,0.27848,-0.565041,-2.4917,0,0,0,,,
66.492,odom,map,0.27848,-0.565041,-2.4917,0,0,0,,,
66.528,odom,map,0.27848,-0.565041,-2.4917,0,0,0,,,
66.564,odom,map,0.27848,-0.565041,-2.4917,0,0,0,,,
66.6,odom,map,0.27848,-0.565041,-2.4917,0,0,0,,,
66.6,ekf,map,0.340884,-0.50144,-2.44237,0.0319495,0.0553668,-0.00919981,0.170333,,
66.6,kf,map,0.342711,-0.507472,-2.43885,0.0322343,0.0736208,-0.0163881,0.096833,,
66.6,ekf_predict_only,map,0.283484,-0.499852,-2.46488,27.1699,25.0565,1.92097,,,
66.6,pf,map,0.324153,-0.493252,-2.45594,0.0258644,0.039517,-0.00615923,10.1338,461.305,0
66.636,odom,map,0.278033,-0.56538,-2.49178,0,0,0,,,
66.672,odom,map,0.276903,-0.566238,-2.4923,0,0,0,,,
66.708,odom,map,0.275456,-0.567336,-2.49295,0,0,0,,,
66.744,odom,map,0.273634,-0.568716,-2.49383,0,0,0,,,
66.78,odom,map,0.271375,-0.570423,-2.49515,0,0,0,,,
66.816,odom,map,0.269044,-0.572179,-2.49674,0,0,0,,,
66.816,ekf_predict_only,map,0.269831,-0.510819,-2.47443,27.393,25.0414,1.83933,,,
66.816,ekf,map,0.335056,-0.512391,-2.45334,0.0321888,0.0562126,-0.00956261,0.178667,,
66.816,kf,map,0.335342,-0.515212,-2.45126,0.0323375,0.0735949,-0.0165179,0.099,,
66.816,pf,map,0.318406,-0.4904,-2.4595,0.0277814,0.0398399,-0.0100308,9.07521,492.299,0
66.852,odom,map,0.266482,-0.574102,-2.49885,0,0,0,,,
66.888,odom,map,0.263578,-0.57627,-2.50171,0,0,0,,,
66.924,odom,map,0.260831,-0.578308,-2.50546,0,0,0,,,
66.96,odom,map,0.258285,-0.58018,-2.50968,0,0,0,,,
66.996,odom,map,0.255926,-0.581899,-2.51453,0,0,0,,,
67.032,odom,map,0.253469,-0.583669,-2.51997,0,0,0,,,
67.002,amcl,map,0.245052,-0.591456,-2.53427,0.0434296,0.0261332,0.00355135,,,
66.996,ekf,map,0.322949,-0.522721,-2.47663,0.0317339,0.0551856,-0.0095314,0.097125,,
66.996,kf,map,0.323256,-0.52421,-2.47582,0.0323333,0.0732843,-0.0165851,0.174416,,
66.996,ekf_predict_only,map,0.257582,-0.520467,-2.50229,27.5968,25.0353,1.76381,,,
66.996,pf,map,0.300617,-0.524582,-2.47609,0.0285372,0.0438733,-0.0076424,9.35658,480.998,0
67.068,odom,map,0.25074,-0.585612,-2.52593,0,0,0,,,
67.104,odom,map,0.247841,-0.587649,-2.53218,0,0,0,,,
67.14,odom,map,0.245199,-0.589481,-2.53918,0,0,0,,,
67.176,odom,map,0.24281,-0.59111,-2.54731,0,0,0,,,
67.212,odom,map,0.240451,-0.592689,-2.55592,0,0,0,,,
67.212,ekf_predict_only,map,0.243913,-0.530629,-2.55399,27.8102,25.0253,1.67621,,,
67.212,kf,map,0.307732,-0.534925,-2.51193,0.0325183,0.0733456,-0.0167418,0.105042,,
67.212,ekf,map,0.304878,-0.527323,-2.51497,0.0323457,0.0565055,-0.0100068,0.106667,,
67.212,pf,map,0.307488,-0.507769,-2.52343,0.0327702,0.0454081,-0.00902162,7.74808,484.654,0
67.248,odom,map,0.238189,-0.594176,-2.56491,0,0,0,,,
67.284,odom,map,0.23609,-0.595526,-2.57498,0,0,0,,,
67.32,odom,map,0.234094,-0.596781,-2.58601,0,0,0,,,
67.356,odom,map,0.232095,-0.598007,-2.59722,0,0,0,,,
67.392,odom,map,0.229993,-0.599262,-2.60922,0,0,0,,,
67.428,odom,map,0.227719,-0.600582,-2.62208,0,0,0,,,
67.392,ekf_predict_only,map,0.232785,-0.538041,-2.61949,27.9804,25.0284,1.60162,,,
67.392,ekf,map,0.296336,-0.535345,-2.57171,0.0319052,0.0557868,-0.00989987,0.10075,,
67.392,kf,map,0.298461,-0.541565,-2.56879,0.0325039,0.0730908,-0.0167909,0.168334,,
67.392,pf,map,0.30044,-0.537534,-2.57771,0.0285944,0.0426098,-0.00378311,13.8168,497.368,0
67.464,odom,map,0.225268,-0.601962,-2.6356,0,0,0,,,
67.5,odom,map,0.222683,-0.603371,-2.64968,0,0,0,,,
67.536,odom,map,0.219949,-0.60481,-2.66417,0,0,0,,,
67.572,odom,map,0.216972,-0.606321,-2.6793,0,0,0,,,
67.608,odom,map,0.213878,-0.607834,-2.69465,0,0,0,,,
67.608,kf,map,0.284691,-0.55041,-2.65361,0.032666,0.07319,-0.0169191,0.094375,,
67.608,ekf_predict_only,map,0.214874,-0.548347,-2.71158,28.1988,25.0068,1.47586,,,
67.608,ekf,map,0.283148,-0.545026,-2.65611,0.0325126,0.0572995,-0.0103668,0.093083,,
67.608,pf,map,0.285462,-0.540605,-2.65178,0.0269185,0.0499746,-0.00924877,6.31517,496.957,0
67.644,odom,map,0.210633,-0.609358,-2.71031,0,0,0,,,
67.68,odom,map,0.207017,-0.610986,-2.72638,0,0,0,,,
67.716,odom,map,0.203118,-0.612667,-2.74273,0,0,0,,,
67.752,odom,map,0.199151,-0.6143,-2.75912,0,0,0,,,
67.788,odom,map,0.19493,-0.615957,-2.77566,0,0,0,,,
67.824,odom,map,0.189236,-0.618547,-2.79432,0,0,0,,,
67.788,ekf,map,0.256225,-0.56766,-2.74184,0.0321232,0.0568172,-0.0103725,0.1065,,
67.788,ekf_predict_only,map,0.192853,-0.558446,-2.794,28.4153,24.9753,1.31299,,,
67.788,kf,map,0.255211,-0.563483,-2.74325,0.0326307,0.0729612,-0.0169426,0.094625,,
67.8,amcl,map,0.204613,-0.631064,-2.79004,0.0437109,0.0269351,0.0014077,,,
67.788,pf,map,0.255522,-0.572585,-2.73644,0.0306215,0.0492209,-0.00714166,6.28821,524.609,0
67.86,odom,map,0.182618,-0.621617,-2.81416,0,0,0,,,
67.896,odom,map,0.175828,-0.624612,-2.83398,0,0,0,,,
67.932,odom,map,0.168796,-0.627548,-2.85389,0,0,0,,,
67.968,odom,map,0.161418,-0.630445,-2.87363,0,0,0,,,
68.004,odom,map,0.153563,-0.633283,-2.893,0,0,0,,,
68.004,ekf,map,0.193613,-0.590367,-2.83669,0.0693671,0.0799432,-0.00453596,0.055583,,
68.004,kf,map,0.19727,-0.585121,-2.83803,0.0591951,0.0766524,-0.00733365,0.059917,,
68.004,ekf_predict_only,map,0.158068,-0.571049,-2.89107,28.6753,24.9111,1.04394,,,
68.004,pf,map,0.204154,-0.594019,-2.8435,0.0644736,0.0621731,-0.00307898,4.54312,842.512,0
68.04,odom,map,0.147574,-0.634752,-2.90918,0,0,0,,,
68.076,odom,map,0.141454,-0.636148,-2.92532,0,0,0,,,
68.112,odom,map,0.134861,-0.637541,-2.94132,0,0,0,,,
68.148,odom,map,0.128056,-0.638865,-2.9573,0,0,0,,,
68.184,odom,map,0.120934,-0.640134,-2.97295,0,0,0,,,
68.22,odom,map,0.113473,-0.641346,-2.98825,0,0,0,,,
68.184,ekf_predict_only,map,0.121159,-0.580494,-2.96727,28.8842,24.8595,0.746497,,,
68.184,ekf,map,0.134932,-0.60683,-2.91234,0.086127,0.0901207,-0.0017311,0.062917,,
68.184,kf,map,0.141269,-0.602429,-2.91319,0.0712383,0.0780857,-0.00287656,0.054459,,
68.184,pf,map,0.139672,-0.626772,-2.92407,0.0701216,0.0726391,-0.00123667,5.92413,809.774,0
68.256,odom,map,0.105746,-0.642479,-3.00335,0,0,0,,,
68.292,odom,map,0.0978665,-0.643515,-3.01837,0,0,0,,,
68.328,odom,map,0.0897572,-0.644458,-3.03319,0,0,0,,,
68.364,odom,map,0.0811891,-0.645328,-3.0474,0,0,0,,,
68.4,odom,map,0.0723045,-0.646104,-3.06137,0,0,0,,,
68.4,ekf_predict_only,map,0.0678749,-0.589878,-3.05094,29.0933,24.7985,0.304361,,,
68.4,kf,map,0.0765204,-0.61767,-2.99787,0.07637,0.078932,-0.0010763,0.096417,,
68.4,amcl,map,0.0947099,-0.639636,-3.0637,0.0413105,0.0201716,-0.0026971,,,
68.4,ekf,map,0.0701778,-0.620658,-2.99776,0.0950497,0.0966434,-0.000676769,1.22367,,
68.4,pf,map,0.0774831,-0.643224,-3.03666,0.0751922,0.0748848,-0.00288069,5.12108,785.141,0
68.436,odom,map,0.0633114,-0.646764,-3.07532,0,0,0,,,
68.472,odom,map,0.0541812,-0.647306,-3.08894,0,0,0,,,
68.508,odom,map,0.0448453,-0.647736,-3.10199,0,0,0,,,
68.544,odom,map,0.0354388,-0.648049,-3.11484,0,0,0,,,
68.58,odom,map,0.0258116,-0.648245,-3.12729,0,0,0,,,
68.616,odom,map,0.0175706,-0.648901,-3.13873,0,0,0,,,
68.616,kf,map,0.0110112,-0.627035,-3.07302,0.0783082,0.0792494,-0.000395383,0.05875,,
68.616,ekf_predict_only,map,0.00855129,-0.59527,-3.12316,29.2354,24.7748,-0.198682,,,
68.616,ekf,map,0.00607585,-0.628617,-3.07376,0.0981341,0.098882,-0.000278792,0.097458,,
68.616,pf,map,0.0165557,-0.631845,-3.11269,0.0822808,0.0754036,-0.00380756,5.74083,774.041,0
68.652,odom,map,0.011536,-0.650367,3.13488,0,0,0,,,
68.688,odom,map,0.0054298,-0.651756,3.12557,0,0,0,,,
68.724,odom,map,-0.000770582,-0.653067,3.11658,0,0,0,,,
68.76,odom,map,-0.00719893,-0.654301,3.10854,0,0,0,,,
68.796,odom,map,-0.013839,-0.655468,3.10184,0,0,0,,,
68.832,odom,map,-0.0241354,-0.655175,3.09436,0,0,0,,,
68.796,ekf_predict_only,map,-0.0452359,-0.596262,3.12159,29.3024,24.8036,-0.658902,,,
68.796,ekf,map,-0.0493027,-0.630959,-3.12044,0.0963101,0.0967927,-0.000131905,0.332917,,
68.796,kf,map,-0.0459564,-0.630538,-3.11846,0.0787613,0.0791062,-0.000144878,0.055,,
68.796,pf,map,-0.0251298,-0.640099,3.1318,0.0813197,0.0816195,0.00508367,4.97317,782.715,0
68.868,odom,map,-0.0351239,-0.654615,3.08746,0,0,0,,,
68.904,odom,map,-0.0463221,-0.653977,3.08214,0,0,0,,,
68.94,odom,map,-0.0578019,-0.653272,3.0787,0,0,0,,,
68.976,odom,map,-0.0693615,-0.652527,3.07578,0,0,0,,,
69.012,odom,map,-0.0809067,-0.651752,3.07364,0,0,0,,,
69.012,ekf_predict_only,map,-0.114624,-0.594874,3.11404,29.3286,24.8903,-1.25239,,,
69.012,ekf,map,-0.118733,-0.63047,3.14064,0.0979703,0.0985481,-9.2121e-05,0.32075,,
69.012,kf,map,-0.116656,-0.631247,-3.13854,0.0791884,0.0793141,-5.2809e-05,0.062583,,
69.012,pf,map,-0.121597,-0.626116,3.09157,0.0821251,0.0650344,-0.00366498,4.77108,778.891,0
69.048,odom,map,-0.0924265,-0.650962,3.07298,0,0,0,,,
69.084,odom,map,-0.103899,-0.650177,3.07371,0,0,0,,,
69.12,odom,map,-0.115368,-0.649403,3.07463,0,0,0,,,
69.156,odom,map,-0.126898,-0.648638,3.07637,0,0,0,,,
69.192,odom,map,-0.138243,-0.647912,3.0792,0,0,0,,,
69.228,odom,map,-0.149592,-0.644988,3.08145,0,0,0,,,
69.192,ekf,map,-0.176014,-0.629014,-3.13555,0.0960673,0.0967021,-6.58906e-05,0.126292,,
69.192,kf,map,-0.174707,-0.630473,-3.13042,0.0790841,0.07913,-1.92952e-05,0.12375,,
69.192,ekf_predict_only,map,-0.171729,-0.5933,3.13635,29.3517,25.0249,-1.73931,,,
69.192,pf,map,-0.193884,-0.631065,3.09093,0.0834267,0.0704039,-0.0034684,5.99125,771.732,0
69.264,odom,map,-0.160981,-0.641206,3.08367,0,0,0,,,
69.3,odom,map,-0.172286,-0.637433,3.08679,0,0,0,,,
69.336,odom,map,-0.18356,-0.633675,3.09087,0,0,0,,,
69.372,odom,map,-0.194709,-0.62995,3.09592,0,0,0,,,
69.408,odom,map,-0.205792,-0.626978,3.10197,0,0,0,,,
69.408,ekf,map,-0.243156,-0.628658,-3.10264,0.0978499,0.0987216,-5.86627e-05,0.103375,,
69.408,kf,map,-0.242234,-0.630464,-3.09694,0.0793061,0.0793228,-7.02587e-06,0.1075,,
69.408,ekf_predict_only,map,-0.238233,-0.592951,-3.10012,29.3958,25.2356,-2.30684,,,
69.402,amcl,map,-0.178264,-0.641636,3.11842,0.0444906,0.031437,-0.0108963,,,
69.408,pf,map,-0.250579,-0.625634,3.12875,0.0826096,0.0804797,-0.00544001,4.54625,758.644,0
69.444,odom,map,-0.216857,-0.626584,3.11028,0,0,0,,,
69.48,odom,map,-0.227817,-0.626291,3.11961,0,0,0,,,
69.516,odom,map,-0.238695,-0.626107,3.12973,0,0,0,,,
69.552,odom,map,-0.249534,-0.626034,3.14039,0,0,0,,,
69.588,odom,map,-0.260193,-0.626084,-3.13089,0,0,0,,,
69.588,ekf_predict_only,map,-0.290827,-0.595134,-3.03534,29.4831,25.4601,-2.75999,,,
69.624,odom,map,-0.270756,-0.626262,-3.11833,0,0,0,,,
69.588,kf,map,-0.296135,-0.632458,-3.04585,0.0791271,0.0791332,-2.56612e-06,0.061333,,
69.588,ekf,map,-0.296915,-0.630646,-3.05171,0.0960598,0.0969478,-4.63636e-05,0.064083,,
69.588,pf,map,-0.318109,-0.621052,-3.08946,0.0770302,0.0798036,-0.0004744,4.84896,770.926,0
69.66,odom,map,-0.281279,-0.626575,-3.10537,0,0,0,,,
69.696,odom,map,-0.291716,-0.627022,-3.09208,0,0,0,,,
69.732,odom,map,-0.301883,-0.627597,-3.07782,0,0,0,,,
69.768,odom,map,-0.311834,-0.628306,-3.06287,0,0,0,,,
69.804,odom,map,-0.321676,-0.629158,-3.04757,0,0,0,,,
69.804,ekf,map,-0.357616,-0.636889,-2.97138,0.0979119,0.0989795,-5.04484e-05,0.067458,,
69.804,ekf_predict_only,map,-0.349769,-0.60142,-2.94356,29.6409,25.7558,-3.27876,,,
69.804,kf,map,-0.35679,-0.638441,-2.96571,0.0793217,0.079324,-9.34257e-07,0.06175,,
69.804,pf,map,-0.375817,-0.629818,-3.00915,0.0873105,0.0874536,-0.00583489,4.62733,766.343,0
69.84,odom,map,-0.33136,-0.630147,-3.0318,0,0,0,,,
69.876,odom,map,-0.340705,-0.631255,-3.01514,0,0,0,,,
69.912,odom,map,-0.349829,-0.632493,-2.99804,0,0,0,,,
69.948,odom,map,-0.358824,-0.633873,-2.9807,0,0,0,,,
69.984,odom,map,-0.367569,-0.635372,-2.96284,0,0,0,,,
70.02,odom,map,-0.376023,-0.636978,-2.94457,0,0,0,,,
69.984,ekf,map,-0.401947,-0.645635,-2.88863,0.0961338,0.0971055,-5.17304e-05,0.057583,,
69.984,kf,map,-0.400933,-0.646725,-2.88361,0.0791328,0.0791336,-3.41209e-07,0.057792,,
69.984,ekf_predict_only,map,-0.391272,-0.609748,-2.85157,29.8348,26.0105,-3.65769,,,
70.002,amcl,map,-0.326088,-0.669797,-2.9187,0.0382261,0.0387845,-0.0144986,,,
69.984,pf,map,-0.427418,-0.645098,-2.92427,0.0812783,0.0794361,-0.00876584,5.12917,761.584,0
70.056,odom,map,-0.384017,-0.638651,-2.92569,0,0,0,,,
70.092,odom,map,-0.39191,-0.640461,-2.90672,0,0,0,,,
70.128,odom,map,-0.399568,-0.64237,-2.88754,0,0,0,,,
70.164,odom,map,-0.406867,-0.64434,-2.868,0,0,0,,,
70.2,odom,map,-0.413948,-0.646403,-2.84826,0,0,0,,,
70.2,ekf,map,-0.372615,-0.64165,-2.78181,0.0365555,0.0738031,-0.0118373,0.102458,,
70.2,kf,map,-0.378536,-0.639742,-2.78188,0.0345314,0.0754615,-0.0131537,0.108792,,
70.2,ekf_predict_only,map,-0.431881,-0.621867,-2.73183,30.0959,26.2864,-4.04523,,,
70.2,pf,map,-0.378278,-0.631432,-2.79805,0.036021,0.0550273,-0.0108916,6.31646,393.273,0
70.236,odom,map,-0.416209,-0.651757,-2.82526,0,0,0,,,
70.272,odom,map,-0.417924,-0.657252,-2.8018,0,0,0,,,
70.308,odom,map,-0.419286,-0.662802,-2.77807,0,0,0,,,
70.344,odom,map,-0.420478,-0.668463,-2.75427,0,0,0,,,
70.38,odom,map,-0.421372,-0.674175,-2.7303,0,0,0,,,
70.416,odom,map,-0.423782,-0.678606,-2.70746,0,0,0,,,
70.416,ekf,map,-0.387135,-0.658041,-2.669,0.0330304,0.0734745,-0.0130436,0.098917,,
70.416,kf,map,-0.393048,-0.648056,-2.67204,0.0311918,0.0751936,-0.014228,0.099084,,
70.416,ekf_predict_only,map,-0.463272,-0.635502,-2.60629,30.3863,26.5284,-4.36355,,,
70.401,amcl,map,-0.396392,-0.695755,-2.71958,0.0375916,0.0351383,-0.0148899,,,
70.416,pf,map,-0.391305,-0.633369,-2.67848,0.0303084,0.0564136,-0.010756,6.31888,513.539,0
70.452,odom,map,-0.428708,-0.680952,-2.68648,0,0,0,,,
70.488,odom,map,-0.433458,-0.683338,-2.66547,0,0,0,,,
70.524,odom,map,-0.43797,-0.685725,-2.64442,0,0,0,,,
70.56,odom,map,-0.442228,-0.688093,-2.62328,0,0,0,,,
70.596,odom,map,-0.446122,-0.690368,-2.6021,0,0,0,,,
70.596,kf,map,-0.410954,-0.659135,-2.55595,0.0307924,0.074877,-0.0143908,0.125125,,
70.596,ekf_predict_only,map,-0.482087,-0.64666,-2.50046,30.6351,26.7008,-4.56743,,,
70.632,odom,map,-0.449852,-0.692655,-2.58094,0,0,0,,,
70.596,ekf,map,-0.409633,-0.660415,-2.55461,0.0322482,0.0713022,-0.012889,0.10275,,
70.596,pf,map,-0.428344,-0.635014,-2.56773,0.0240815,0.0586783,-0.00622618,16.3195,516.832,0
70.668,odom,map,-0.453411,-0.694941,-2.55981,0,0,0,,,
70.704,odom,map,-0.456568,-0.697066,-2.53874,0,0,0,,,
70.74,odom,map,-0.459448,-0.699092,-2.5176,0,0,0,,,
70.776,odom,map,-0.462138,-0.701072,-2.49643,0,0,0,,,
70.812,odom,map,-0.463469,-0.703968,-2.47431,0,0,0,,,
70.812,ekf,map,-0.431915,-0.673288,-2.42736,0.0327461,0.0723769,-0.0131789,0.122125,,
70.812,kf,map,-0.431751,-0.672708,-2.42784,0.0309136,0.0749563,-0.0145573,0.099625,,
70.812,ekf_predict_only,map,-0.496259,-0.657237,-2.37348,30.8753,26.8465,-4.73061,,,
70.8,amcl,map,-0.444981,-0.714897,-2.48167,0.0342905,0.0333927,-0.0109484,,,
70.812,pf,map,-0.427925,-0.663631,-2.43956,0.0286739,0.0660301,-0.0100498,7.51612,507.359,0
70.848,odom,map,-0.461916,-0.708984,-2.45009,0,0,0,,,
70.884,odom,map,-0.460111,-0.713871,-2.4262,0,0,0,,,
70.92,odom,map,-0.458244,-0.71878,-2.40239,0,0,0,,,
70.956,odom,map,-0.456195,-0.723593,-2.37851,0,0,0,,,
70.992,odom,map,-0.453946,-0.728281,-2.35493,0,0,0,,,
71.028,odom,map,-0.454317,-0.73062,-2.33368,0,0,0,,,
70.992,kf,map,-0.437063,-0.680223,-2.31539,0.0308986,0.0746968,-0.0146346,0.106833,,
70.992,ekf,map,-0.43888,-0.674098,-2.31693,0.0322931,0.0707971,-0.0129264,0.169,,
70.992,ekf_predict_only,map,-0.503458,-0.664191,-2.27149,31.0513,26.9464,-4.81989,,,
70.992,pf,map,-0.439199,-0.654031,-2.32492,0.030921,0.0557988,-0.0065667,18.6603,527.482,0
71.064,odom,map,-0.455536,-0.73192,-2.3134,0,0,0,,,
71.1,odom,map,-0.45668,-0.733193,-2.29315,0,0,0,,,
71.136,odom,map,-0.457691,-0.734362,-2.27321,0,0,0,,,
71.172,odom,map,-0.458569,-0.73542,-2.25358,0,0,0,,,
71.208,ekf,map,-0.453865,-0.684484,-2.19869,0.0327925,0.07193,-0.0131791,0.132833,,
71.208,kf,map,-0.451307,-0.68989,-2.19671,0.0310466,0.0748095,-0.0147649,0.100417,,
71.208,odom,map,-0.459166,-0.736372,-2.23486,0,0,0,,,
71.208,ekf_predict_only,map,-0.507925,-0.669486,-2.15446,31.1977,27.0277,-4.87915,,,
71.202,amcl,map,-0.457906,-0.726464,-2.25427,0.0306175,0.0225104,-0.00727728,,,
71.208,pf,map,-0.456018,-0.688066,-2.19944,0.0307282,0.0652125,-0.0105398,5.8655,509.142,0
71.244,odom,map,-0.459002,-0.737091,-2.21928,0,0,0,,,
71.28,odom,map,-0.458825,-0.737782,-2.20375,0,0,0,,,
71.316,odom,map,-0.458593,-0.738385,-2.18844,0,0,0,,,
71.352,odom,map,-0.458254,-0.738819,-2.17361,0,0,0,,,
71.388,odom,map,-0.457847,-0.739133,-2.15899,0,0,0,,,
71.424,odom,map,-0.457855,-0.73948,-2.14201,0,0,0,,,
71.388,kf,map,-0.450512,-0.692471,-2.09423,0.0310037,0.0745883,-0.0147913,0.124,,
71.388,ekf_predict_only,map,-0.509183,-0.671392,-2.06288,31.2825,27.0866,-4.89736,,,
71.388,ekf,map,-0.454094,-0.681178,-2.09786,0.0323121,0.0705115,-0.0129124,0.279625,,
71.388,pf,map,-0.471038,-0.668707,-2.09944,0.0297595,0.0694675,-0.0128838,12.1499,534.899,0
71.46,odom,map,-0.458038,-0.73977,-2.12403,0,0,0,,,
71.496,odom,map,-0.458164,-0.739977,-2.1064,0,0,0,,,
71.532,odom,map,-0.458207,-0.74005,-2.08907,0,0,0,,,
71.568,odom,map,-0.458207,-0.740051,-2.07188,0,0,0,,,
71.604,odom,map,-0.458242,-0.739944,-2.05487,0,0,0,,,
71.604,kf,map,-0.464285,-0.697324,-1.99472,0.0311008,0.0747544,-0.0148449,0.0935,,
71.604,ekf_predict_only,map,-0.508602,-0.670309,-1.9662,31.3127,27.1325,-4.88824,,,
71.601,amcl,map,-0.457503,-0.74206,-2.03361,0.0284516,0.0222752,-0.00206301,,,
71.604,ekf,map,-0.468426,-0.688359,-1.99814,0.0327655,0.0716933,-0.0131007,0.216375,,
71.604,pf,map,-0.458019,-0.679005,-1.99934,0.0278901,0.0636937,-0.00941463,8.10746,548.83,0
71.64,odom,map,-0.459284,-0.738797,-2.03788,0,0,0,,,
71.676,odom,map,-0.460327,-0.737644,-2.02123,0,0,0,,,
71.712,odom,map,-0.461375,-0.736492,-2.00465,0,0,0,,,
71.748,odom,map,-0.462387,-0.73525,-1.98839,0,0,0,,,
71.784,odom,map,-0.463306,-0.733779,-1.97269,0,0,0,,,
71.82,odom,map,-0.463592,-0.73282,-1.95745,0,0,0,,,
71.784,ekf,map,-0.46142,-0.681581,-1.91466,0.0322612,0.0704189,-0.0128169,0.104375,,
71.784,kf,map,-0.457526,-0.694341,-1.91034,0.0310118,0.0745799,-0.0148033,0.094166,,
71.784,ekf_predict_only,map,-0.507505,-0.667681,-1.89162,31.3148,27.1747,-4.86896,,,
71.784,pf,map,-0.462686,-0.707766,-1.90938,0.0319987,0.0600788,-0.00859664,11.424,525.617,0
71.856,odom,map,-0.463346,-0.732202,-1.94285,0,0,0,,,
71.892,odom,map,-0.463056,-0.731443,-1.92866,0,0,0,,,
71.928,odom,map,-0.462848,-0.730878,-1.91509,0,0,0,,,
71.964,odom,map,-0.462848,-0.730878,-1.90394,0,0,0,,,
72,odom,map,-0.462848,-0.730878,-1.89537,0,0,0,,,
72,ekf,map,-0.47107,-0.66929,-1.8499,0.0327886,0.0716169,-0.0131285,0.118,,
72,ekf_predict_only,map,-0.507505,-0.667681,-1.8763,31.3648,27.2247,-4.86896,,,
72,kf,map,-0.462478,-0.695779,-1.84324,0.0310929,0.0747622,-0.0148334,0.110334,,
72,pf,map,-0.441559,-0.714802,-1.81566,0.0279062,0.0604082,-0.00611295,6.20996,546.749,0
72.036,odom,map,-0.462247,-0.730189,-1.88946,0,0,0,,,
72.072,odom,map,-0.461629,-0.729481,-1.88614,0,0,0,,,
72.108,odom,map,-0.461011,-0.728772,-1.88537,0,0,0,,,
72.144,odom,map,-0.460392,-0.728063,-1.88544,0,0,0,,,
72.18,odom,map,-0.459774,-0.727355,-1.8855,0,0,0,,,
72.216,odom,map,-0.459396,-0.726922,-1.88554,0,0,0,,,
72.216,ekf,map,-0.46385,-0.67111,-1.83259,0.0328136,0.0723437,-0.0131363,0.111125,,
72.216,kf,map,-0.457239,-0.694118,-1.82518,0.0311056,0.0748271,-0.0148493,0.216,,
72.216,ekf_predict_only,map,-0.507505,-0.667681,-1.8763,31.4148,27.2747,-4.86896,,,
72.216,pf,map,-0.419257,-0.713318,-1.81179,0.0316242,0.0655635,-0.00847051,13.6322,494.631,0
72.252,odom,map,-0.459396,-0.726922,-1.88554,0,0,0,,,
72.288,odom,map,-0.459396,-0.726922,-1.88554,0,0,0,,,
72.324,odom,map,-0.459396,-0.726922,-1.88554,0,0,0,,,
72.36,odom,map,-0.459396,-0.726922,-1.88554,0,0,0,,,
72.396,odom,map,-0.459396,-0.726922,-1.88554,0,0,0,,,
72.432,odom,map,-0.458823,-0.728734,-1.88251,0,0,0,,,
72.396,ekf_predict_only,map,-0.507505,-0.667681,-1.8763,31.4648,27.3247,-4.86896,,,
72.396,ekf,map,-0.473386,-0.67946,-1.82811,0.0321798,0.0706345,-0.0127288,0.187,,
72.396,kf,map,-0.467331,-0.697191,-1.82132,0.0310115,0.0746064,-0.0148053,0.174,,
72.396,pf,map,-0.440612,-0.745324,-1.79357,0.0318258,0.0548672,-0.0112489,19.1605,527.176,0
72.468,odom,map,-0.458193,-0.73077,-1.87911,0,0,0,,,
72.504,odom,map,-0.457656,-0.733044,-1.87564,0,0,0,,,
72.54,odom,map,-0.457415,-0.736217,-1.87211,0,0,0,,,
72.576,odom,map,-0.457347,-0.739926,-1.86856,0,0,0,,,
72.612,odom,map,-0.457702,-0.743813,-1.86599,0,0,0,,,
72.612,ekf,map,-0.475094,-0.693035,-1.82342,0.0328322,0.0719228,-0.0132953,0.202917,,
72.612,kf,map,-0.469848,-0.710533,-1.81654,0.0312131,0.0746508,-0.0150098,0.104791,,
72.612,ekf_predict_only,map,-0.5135,-0.686689,-1.87499,31.8641,27.4172,-4.99144,,,
72.612,pf,map,-0.46625,-0.703937,-1.82374,0.0301871,0.0539748,-0.00960535,7.3035,531.681,0
72.648,odom,map,-0.45874,-0.747228,-1.86595,0,0,0,,,
72.684,odom,map,-0.460024,-0.751449,-1.86605,0,0,0,,,
72.72,odom,map,-0.461393,-0.755949,-1.86613,0,0,0,,,
72.756,odom,map,-0.463106,-0.76158,-1.86609,0,0,0,,,
72.792,odom,map,-0.465039,-0.767939,-1.86586,0,0,0,,,
72.828,odom,map,-0.467017,-0.774449,-1.86559,0,0,0,,,
72.792,ekf,map,-0.473608,-0.717081,-1.82186,0.0326595,0.0706569,-0.0135287,0.099083,,
72.792,kf,map,-0.469122,-0.733907,-1.81498,0.0313823,0.07421,-0.0153338,0.0955,,
72.792,ekf_predict_only,map,-0.52369,-0.719148,-1.87365,32.524,27.5408,-5.20433,,,
72.792,pf,map,-0.509769,-0.700831,-1.83625,0.0250693,0.0542879,-0.00620969,7.94046,567.455,0
72.864,odom,map,-0.469104,-0.781327,-1.8652,0,0,0,,,
72.9,odom,map,-0.471386,-0.788863,-1.86436,0,0,0,,,
72.936,odom,map,-0.473711,-0.796569,-1.86333,0,0,0,,,
72.972,odom,map,-0.476146,-0.804673,-1.8621,0,0,0,,,
73.008,odom,map,-0.478728,-0.813305,-1.86063,0,0,0,,,
73.008,ekf_predict_only,map,-0.5404,-0.772624,-1.86418,33.6157,27.715,-5.56586,,,
73.008,ekf,map,-0.492609,-0.769473,-1.8192,0.0337546,0.07201,-0.0147147,0.478625,,
73.008,kf,map,-0.488178,-0.7823,-1.81315,0.0319355,0.0739118,-0.0160005,0.484709,,
73.008,pf,map,-0.505233,-0.727772,-1.83392,0.028911,0.0561436,-0.00673151,8.56704,542.394,0
73.044,odom,map,-0.481476,-0.822551,-1.85869,0,0,0,,,
73.08,odom,map,-0.48439,-0.832434,-1.85628,0,0,0,,,
73.116,odom,map,-0.487319,-0.842459,-1.85379,0,0,0,,,
73.152,odom,map,-0.490304,-0.852773,-1.85128,0,0,0,,,
73.188,odom,map,-0.493376,-0.863492,-1.84855,0,0,0,,,
73.224,odom,map,-0.496547,-0.874672,-1.84563,0,0,0,,,
73.188,ekf_predict_only,map,-0.557595,-0.829545,-1.84934,34.8249,27.8976,-5.9603,,,
73.188,ekf,map,-0.504976,-0.821164,-1.80962,0.0339049,0.0707482,-0.0153506,0.7345,,
73.188,kf,map,-0.501429,-0.831604,-1.8046,0.0323986,0.0731797,-0.0166578,0.096042,,
73.188,pf,map,-0.502057,-0.80059,-1.82196,0.0263979,0.05556,-0.00860269,6.59133,548.646,0
73.26,odom,map,-0.499757,-0.886123,-1.84266,0,0,0,,,
73.296,odom,map,-0.502995,-0.897809,-1.83958,0,0,0,,,
73.332,odom,map,-0.506315,-0.909941,-1.83624,0,0,0,,,
73.368,odom,map,-0.509617,-0.922168,-1.83286,0,0,0,,,
73.404,odom,map,-0.51293,-0.934603,-1.82939,0,0,0,,,
73.404,kf,map,-0.517784,-0.899856,-1.78291,0.0332485,0.0725837,-0.0175851,0.111291,,
73.404,ekf_predict_only,map,-0.579223,-0.905171,-1.82688,36.4958,28.121,-6.49534,,,
73.404,ekf,map,-0.521931,-0.888044,-1.78797,0.0354079,0.072023,-0.0169514,0.653042,,
73.401,amcl,map,-0.498059,-0.945302,-1.80576,0.0307373,0.0276993,-0.00238615,,,
73.404,pf,map,-0.53815,-0.884662,-1.79631,0.0298669,0.0604812,-0.00736841,5.70392,540.351,0
73.44,odom,map,-0.516248,-0.947241,-1.82569,0,0,0,,,
73.476,odom,map,-0.519539,-0.959973,-1.8218,0,0,0,,,
73.512,odom,map,-0.522785,-0.972737,-1.81782,0,0,0,,,
73.548,odom,map,-0.52597,-0.985485,-1.81331,0,0,0,,,
73.584,odom,map,-0.529081,-0.998196,-1.80819,0,0,0,,,
73.584,ekf,map,-0.534195,-0.947831,-1.76606,0.0355946,0.0704742,-0.0174536,0.17825,,
73.584,kf,map,-0.530473,-0.957637,-1.76151,0.0338792,0.0716891,-0.0183182,0.094375,,
73.584,ekf_predict_only,map,-0.59558,-0.967643,-1.79852,37.9546,28.3072,-6.93986,,,
73.62,odom,map,-0.532096,-1.01081,-1.80265,0,0,0,,,
73.584,pf,map,-0.538058,-0.957165,-1.76258,0.0323617,0.0596894,-0.0144473,9.80888,551.251,0
73.656,odom,map,-0.535011,-1.02331,-1.79686,0,0,0,,,
73.692,odom,map,-0.537848,-1.03582,-1.79103,0,0,0,,,
73.728,odom,map,-0.540583,-1.04821,-1.78502,0,0,0,,,
73.764,odom,map,-0.54322,-1.06051,-1.77887,0,0,0,,,
73.8,odom,map,-0.545736,-1.07262,-1.7725,0,0,0,,,
73.8,kf,map,-0.551477,-1.0304,-1.72952,0.0348144,0.0710136,-0.0191921,0.105792,,
73.8,ekf_predict_only,map,-0.612296,-1.03977,-1.76023,39.7098,28.5009,-7.44742,,,
73.8,ekf,map,-0.555406,-1.02268,-1.73332,0.0371635,0.0714497,-0.0189138,0.09525,,
73.8,pf,map,-0.53104,-1.01957,-1.72813,0.0325461,0.0659118,-0.0185754,6.09558,547.023,0
73.836,odom,map,-0.54817,-1.08471,-1.76612,0,0,0,,,
73.872,odom,map,-0.550515,-1.09677,-1.75976,0,0,0,,,
73.908,odom,map,-0.552758,-1.1087,-1.75344,0,0,0,,,
73.944,odom,map,-0.554912,-1.12057,-1.74713,0,0,0,,,
73.98,odom,map,-0.557007,-1.13254,-1.74135,0,0,0,,,
74.016,odom,map,-0.559054,-1.14461,-1.73613,0,0,0,,,
74.016,ekf,map,-0.576561,-1.09343,-1.69693,0.038355,0.0715408,-0.0201243,0.111917,,
74.016,kf,map,-0.570761,-1.10405,-1.69295,0.0357252,0.0701785,-0.0200183,0.095875,,
74.016,ekf_predict_only,map,-0.626176,-1.11216,-1.72975,41.5563,28.6736,-7.93975,,,
74.016,pf,map,-0.571374,-1.11211,-1.6841,0.0363957,0.0706312,-0.0188318,8.61754,541.526,0
74.052,odom,map,-0.561059,-1.15681,-1.73155,0,0,0,,,
74.088,odom,map,-0.563031,-1.1691,-1.72861,0,0,0,,,
74.124,odom,map,-0.564986,-1.18145,-1.72701,0,0,0,,,
74.16,odom,map,-0.566929,-1.19383,-1.72615,0,0,0,,,
74.196,odom,map,-0.568853,-1.20611,-1.72638,0,0,0,,,
74.196,ekf,map,-0.578428,-1.1505,-1.69485,0.0383917,0.0693813,-0.0202775,0.176584,,
74.196,ekf_predict_only,map,-0.635974,-1.17329,-1.73638,43.1896,28.8122,-8.34283,,,
74.232,odom,map,-0.567318,-1.22045,-1.7239,0,0,0,,,
74.196,kf,map,-0.573654,-1.16086,-1.69127,0.0364203,0.0691723,-0.0206246,0.11375,,
74.202,amcl,map,-0.537298,-1.21498,-1.69693,0.0400469,0.0299714,-0.00258027,,,
74.196,pf,map,-0.581981,-1.15468,-1.68928,0.0323101,0.067529,-0.0189998,6.88221,534.626,0
74.268,odom,map,-0.565284,-1.23499,-1.72151,0,0,0,,,
74.304,odom,map,-0.563175,-1.24934,-1.72068,0,0,0,,,
74.34,odom,map,-0.561037,-1.26369,-1.72097,0,0,0,,,
74.376,odom,map,-0.558881,-1.27804,-1.72163,0,0,0,,,
74.412,ekf,map,-0.581858,-1.21689,-1.71756,0.040028,0.0699114,-0.0215297,0.097083,,
74.412,odom,map,-0.557934,-1.29166,-1.72419,0,0,0,,,
74.412,kf,map,-0.576959,-1.22798,-1.71417,0.03742,0.068418,-0.0213538,0.101542,,
74.412,ekf_predict_only,map,-0.647967,-1.24505,-1.77203,45.1767,28.9727,-8.83535,,,
74.412,pf,map,-0.610694,-1.19924,-1.72099,0.0395744,0.0640787,-0.0210778,5.93204,546.561,0
74.448,odom,map,-0.559813,-1.30356,-1.73088,0,0,0,,,
74.484,odom,map,-0.561774,-1.31542,-1.73829,0,0,0,,,
74.52,odom,map,-0.563802,-1.32714,-1.74639,0,0,0,,,
74.556,odom,map,-0.565905,-1.33869,-1.75579,0,0,0,,,
74.592,odom,map,-0.568082,-1.35,-1.76628,0,0,0,,,
74.592,ekf,map,-0.612518,-1.29052,-1.76935,0.07133,0.083045,-0.0101185,0.062625,,
74.628,odom,map,-0.570339,-1.36108,-1.77735,0,0,0,,,
74.592,kf,map,-0.606589,-1.2944,-1.76792,0.0609253,0.0743957,-0.00927943,0.104458,,
74.592,ekf_predict_only,map,-0.659265,-1.30044,-1.82737,46.7796,29.129,-9.25423,,,
74.592,pf,map,-0.646894,-1.2856,-1.75524,0.0688351,0.0684574,-0.0137579,6.12821,835.146,0
74.664,odom,map,-0.572714,-1.3721,-1.78892,0,0,0,,,
74.7,odom,map,-0.575165,-1.38284,-1.8017,0,0,0,,,
74.736,odom,map,-0.577738,-1.39347,-1.81483,0,0,0,,,
74.772,odom,map,-0.580399,-1.40386,-1.82851,0,0,0,,,
74.808,odom,map,-0.583143,-1.41398,-1.84301,0,0,0,,,
74.808,ekf,map,-0.64663,-1.36726,-1.85085,0.0897328,0.0931145,-0.00418221,0.059,,
74.808,kf,map,-0.639057,-1.36622,-1.85146,0.0722023,0.0774711,-0.00362959,0.1025,,
74.808,ekf_predict_only,map,-0.675111,-1.36084,-1.91684,48.5805,29.3316,-9.77473,,,
74.808,pf,map,-0.673734,-1.37698,-1.84338,0.0763273,0.0691996,-0.00728191,6.12954,796.003,0
74.844,odom,map,-0.585967,-1.42382,-1.8582,0,0,0,,,
74.88,odom,map,-0.588888,-1.43342,-1.87367,0,0,0,,,
74.916,odom,map,-0.591914,-1.44284,-1.88952,0,0,0,,,
74.952,odom,map,-0.595013,-1.45199,-1.90591,0,0,0,,,
74.988,odom,map,-0.59818,-1.46084,-1.92279,0,0,0,,,
75.024,odom,map,-0.600071,-1.46888,-1.93921,0,0,0,,,
74.988,ekf,map,-0.673936,-1.42174,-1.92876,0.0940431,0.0946558,-0.00153392,0.061791,,
74.988,kf,map,-0.666832,-1.41914,-1.93041,0.0764602,0.0784381,-0.00136254,0.057875,,
74.988,ekf_predict_only,map,-0.69089,-1.4046,-2.00223,49.9368,29.5376,-10.2267,,,
75,amcl,map,-0.579093,-1.44462,-1.91196,0.0530495,0.0333475,-0.00859272,,,
74.988,pf,map,-0.714041,-1.43588,-1.92716,0.0717086,0.0745788,-0.00378147,5.56712,788.275,0
75.06,odom,map,-0.601258,-1.47634,-1.95552,0,0,0,,,
75.096,odom,map,-0.602416,-1.48336,-1.97268,0,0,0,,,
75.132,odom,map,-0.60355,-1.48996,-1.99035,0,0,0,,,
75.168,odom,map,-0.604742,-1.49634,-2.00813,0,0,0,,,
75.204,odom,map,-0.606113,-1.50258,-2.02616,0,0,0,,,
75.204,kf,map,-0.693804,-1.46846,-2.04028,0.0783408,0.0790683,-0.000501148,0.066334,,
75.204,ekf_predict_only,map,-0.709561,-1.44516,-2.11942,51.2258,29.7776,-10.7182,,,
75.204,ekf,map,-0.699911,-1.47174,-2.03775,0.0978445,0.0976059,-0.000554376,0.126666,,
75.204,pf,map,-0.75554,-1.49613,-2.05434,0.0770895,0.0676535,-0.00444134,4.59612,794.436,0
75.24,odom,map,-0.609501,-1.50934,-2.04561,0,0,0,,,
75.276,odom,map,-0.612894,-1.51578,-2.06537,0,0,0,,,
75.312,odom,map,-0.616341,-1.52203,-2.08533,0,0,0,,,
75.348,odom,map,-0.619817,-1.52803,-2.10549,0,0,0,,,
75.384,odom,map,-0.623247,-1.53369,-2.12576,0,0,0,,,
75.384,ekf,map,-0.720728,-1.50497,-2.13441,0.0964332,0.0960952,-0.000204506,0.059583,,
75.384,kf,map,-0.715908,-1.50186,-2.13688,0.0787732,0.0790399,-0.000183715,0.103084,,
75.384,ekf_predict_only,map,-0.725541,-1.4713,-2.22155,52.0889,29.9948,-11.1035,,,
75.42,odom,map,-0.626559,-1.53892,-2.14618,0,0,0,,,
75.402,amcl,map,-0.613592,-1.52862,-2.11893,0.0532884,0.0329075,-0.0110688,,,
75.384,pf,map,-0.775533,-1.52795,-2.15973,0.0727243,0.0707101,0.00172352,7.75104,790.562,0
75.456,odom,map,-0.629946,-1.54403,-2.1666,0,0,0,,,
75.492,odom,map,-0.633338,-1.54892,-2.18721,0,0,0,,,
75.528,odom,map,-0.63652,-1.55332,-2.20803,0,0,0,,,
75.564,odom,map,-0.639478,-1.55723,-2.22901,0,0,0,,,
75.6,odom,map,-0.642484,-1.56103,-2.25001,0,0,0,,,
75.6,ekf_predict_only,map,-0.743164,-1.49445,-2.34753,52.8683,30.2342,-11.5055,,,
75.6,ekf,map,-0.741905,-1.53399,-2.25662,0.0983442,0.0980023,-0.000106837,0.782208,,
75.6,kf,map,-0.738009,-1.5312,-2.2588,0.0791927,0.07929,-6.69764e-05,1.9555,,
75.6,pf,map,-0.800382,-1.54556,-2.28213,0.0817446,0.0723905,-0.00460389,9.32762,788.082,0
75.636,odom,map,-0.645462,-1.56464,-2.27106,0,0,0,,,
75.672,odom,map,-0.64816,-1.56778,-2.29209,0,0,0,,,
75.708,odom,map,-0.650868,-1.57079,-2.31312,0,0,0,,,
75.744,odom,map,-0.653517,-1.57362,-2.33415,0,0,0,,,
75.78,odom,map,-0.656054,-1.57622,-2.35526,0,0,0,,,
75.816,odom,map,-0.657732,-1.57764,-2.37558,0,0,0,,,
75.816,ekf_predict_only,map,-0.756638,-1.50816,-2.47385,53.3545,30.4325,-11.7953,,,
75.816,ekf,map,-0.758904,-1.55239,-2.38098,0.0991302,0.0988539,-8.23701e-05,0.0585,,
75.816,kf,map,-0.755641,-1.54998,-2.38266,0.0793456,0.079381,-2.4368e-05,0.080709,,
75.801,amcl,map,-0.636566,-1.56341,-2.33565,0.0490676,0.0263171,-0.0094066,,,
75.816,pf,map,-0.804007,-1.55353,-2.39479,0.0737213,0.0773726,0.00154032,4.65217,788.723,0
75.852,odom,map,-0.658344,-1.57758,-2.39467,0,0,0,,,
75.888,odom,map,-0.658878,-1.57737,-2.41358,0,0,0,,,
75.924,odom,map,-0.659226,-1.57692,-2.43247,0,0,0,,,
75.96,odom,map,-0.659336,-1.5762,-2.45119,0,0,0,,,
75.996,odom,map,-0.659353,-1.57534,-2.46983,0,0,0,,,
75.996,kf,map,-0.767153,-1.55984,-2.48455,0.0791415,0.0791544,-8.89751e-06,0.067125,,
75.996,ekf_predict_only,map,-0.764129,-1.51406,-2.57678,53.5935,30.5662,-11.9481,,,
76.032,odom,map,-0.660709,-1.57629,-2.4902,0,0,0,,,
75.996,ekf,map,-0.769842,-1.56181,-2.48346,0.0966647,0.0964794,-6.52895e-05,0.138333,,
75.996,pf,map,-0.814025,-1.5559,-2.49707,0.0784952,0.072439,-0.00175313,5.12638,790.646,0
76.068,odom,map,-0.66219,-1.5774,-2.51053,0,0,0,,,
76.104,odom,map,-0.663621,-1.57842,-2.53067,0,0,0,,,
76.14,odom,map,-0.665052,-1.5794,-2.55078,0,0,0,,,
76.176,odom,map,-0.666407,-1.58029,-2.57059,0,0,0,,,
76.212,odom,map,-0.667485,-1.58137,-2.58983,0,0,0,,,
76.212,kf,map,-0.777235,-1.56717,-2.60236,0.079327,0.0793317,-3.239e-06,0.059584,,
76.212,ekf_predict_only,map,-0.77104,-1.51844,-2.69382,53.7839,30.6943,-12.0837,,,
76.212,ekf,map,-0.779467,-1.56872,-2.60199,0.0981889,0.0980489,-6.34782e-05,0.057458,,
76.2,amcl,map,-0.656152,-1.58293,-2.58911,0.0447273,0.0233848,-0.0107533,,,
76.212,pf,map,-0.836738,-1.58105,-2.61818,0.0773485,0.0726399,0.000733967,4.98454,793.754,0
76.248,odom,map,-0.66809,-1.58301,-2.60802,0,0,0,,,
76.284,odom,map,-0.668671,-1.58462,-2.6261,0,0,0,,,
76.32,odom,map,-0.669189,-1.58616,-2.644,0,0,0,,,
76.356,odom,map,-0.66956,-1.58761,-2.66152,0,0,0,,,
76.392,odom,map,-0.669783,-1.58895,-2.67874,0,0,0,,,
76.392,kf,map,-0.783173,-1.57072,-2.6953,0.0791347,0.0791364,-1.1829e-06,0.059834,,
76.392,ekf_predict_only,map,-0.774288,-1.52,-2.78498,53.884,30.7813,-12.1447,,,
76.428,odom,map,-0.670294,-1.58954,-2.69666,0,0,0,,,
76.392,ekf,map,-0.784954,-1.57188,-2.6955,0.096235,0.096145,-4.91537e-05,0.102291,,
76.392,pf,map,-0.844535,-1.61151,-2.72298,0.0836321,0.0680298,-0.00386582,5.8895,780.661,0
76.464,odom,map,-0.670846,-1.5898,-2.71481,0,0,0,,,
76.5,odom,map,-0.671168,-1.58994,-2.73253,0,0,0,,,
76.536,odom,map,-0.671425,-1.59005,-2.75008,0,0,0,,,
76.572,odom,map,-0.671612,-1.59013,-2.76743,0,0,0,,,
76.608,odom,map,-0.671422,-1.58993,-2.7839,0,0,0,,,
76.608,ekf_predict_only,map,-0.774158,-1.51995,-2.885,53.9325,30.8298,-12.1424,,,
76.608,kf,map,-0.785679,-1.57208,-2.79881,0.0793245,0.0793252,-4.3065e-07,0.064084,,
76.602,amcl,map,-0.676029,-1.58994,-2.80051,0.0383708,0.0170841,-0.00629897,,,
76.608,pf,map,-0.819736,-1.60316,-2.82405,0.0742525,0.076573,0.00185557,4.71542,769.239,0
76.608,ekf,map,-0.787809,-1.57328,-2.80049,0.0980112,0.0979464,-4.24907e-05,0.05575,,
76.644,odom,map,-0.669771,-1.58876,-2.79793,0,0,0,,,
76.68,odom,map,-0.668104,-1.58758,-2.81194,0,0,0,,,
76.716,odom,map,-0.66651,-1.58641,-2.82567,0,0,0,,,
76.752,odom,map,-0.66494,-1.58523,-2.83891,0,0,0,,,
76.788,odom,map,-0.663367,-1.58404,-2.85181,0,0,0,,,
76.788,ekf,map,-0.78889,-1.5738,-2.88113,0.096184,0.0961435,-2.98476e-05,0.099125,,
76.788,kf,map,-0.787451,-1.573,-2.87943,0.0791338,0.0791341,-1.5728e-07,0.058333,,
76.824,odom,map,-0.662831,-1.58362,-2.86629,0,0,0,,,
76.788,ekf_predict_only,map,-0.774389,-1.52002,-2.96175,53.9844,30.8824,-12.1464,,,
76.788,pf,map,-0.808744,-1.60433,-2.90524,0.076838,0.0800048,0.00217483,10.0779,763.791,0
76.86,odom,map,-0.662842,-1.58362,-2.88148,0,0,0,,,
76.896,odom,map,-0.662799,-1.58361,-2.89614,0,0,0,,,
76.932,odom,map,-0.662791,-1.58361,-2.90974,0,0,0,,,
76.968,odom,map,-0.662791,-1.58361,-2.92077,0,0,0,,,
77.004,odom,map,-0.662795,-1.58365,-2.92947,0,0,0,,,
77.004,ekf,map,-0.789319,-1.57402,-2.92156,0.0980176,0.0979892,-2.34435e-05,0.068833,,
77.004,kf,map,-0.788391,-1.57351,-2.91284,0.0793242,0.0793243,-5.72602e-08,0.066166,,
77.004,ekf_predict_only,map,-0.774389,-1.52002,-2.96175,54.0344,30.9324,-12.1464,,,
77.004,pf,map,-0.813306,-1.58729,-3.00109,0.0792628,0.0775487,-0.007654,4.53592,763.224,0
77.04,odom,map,-0.662886,-1.58428,-2.94015,0,0,0,,,
77.076,odom,map,-0.663006,-1.58489,-2.94823,0,0,0,,,
77.112,odom,map,-0.663155,-1.58547,-2.95381,0,0,0,,,
77.148,odom,map,-0.663333,-1.58603,-2.95864,0,0,0,,,
77.184,odom,map,-0.663539,-1.58657,-2.96348,0,0,0,,,
77.22,odom,map,-0.66364,-1.5868,-2.96563,0,0,0,,,
77.184,ekf,map,-0.789542,-1.57415,-2.94654,0.0962062,0.0961887,-1.54745e-05,0.099292,,
77.184,kf,map,-0.788957,-1.57382,-2.93685,0.0791337,0.0791337,-2.09124e-08,0.108542,,
77.184,ekf_predict_only,map,-0.774389,-1.52002,-2.96175,54.0844,30.9824,-12.1464,,,
77.184,pf,map,-0.814658,-1.57048,-3.00213,0.0761346,0.0852883,-0.00250417,4.82417,774.863,0
77.256,odom,map,-0.66364,-1.5868,-2.96563,0,0,0,,,
77.292,odom,map,-0.66364,-1.5868,-2.96563,0,0,0,,,
77.328,odom,map,-0.66364,-1.5868,-2.96563,0,0,0,,,
77.364,odom,map,-0.66364,-1.5868,-2.96563,0,0,0,,,
77.4,odom,map,-0.664225,-1.5869,-2.96583,0,0,0,,,
77.4,ekf,map,-0.794056,-1.57505,-2.96052,0.0980457,0.0980342,-1.15611e-05,0.057542,,
77.4,ekf_predict_only,map,-0.782441,-1.52148,-2.96304,54.1815,31.1249,-12.2843,,,
77.4,kf,map,-0.794367,-1.57505,-2.95225,0.0793242,0.0793242,-7.6135e-09,0.059083,,
77.4,pf,map,-0.839635,-1.56825,-2.99807,0.0757122,0.0850535,0.0019233,4.93171,770.547,0
77.436,odom,map,-0.668143,-1.58777,-2.96727,0,0,0,,,
77.472,odom,map,-0.67308,-1.58881,-2.96832,0,0,0,,,
77.508,odom,map,-0.678421,-1.58991,-2.96906,0,0,0,,,
77.544,odom,map,-0.684007,-1.59105,-2.96939,0,0,0,,,
77.58,odom,map,-0.690322,-1.59231,-2.96888,0,0,0,,,
77.616,odom,map,-0.696426,-1.59347,-2.96711,0,0,0,,,
77.616,ekf,map,-0.816648,-1.57895,-2.95584,0.0988861,0.098889,-9.8749e-06,0.104583,,
77.616,ekf_predict_only,map,-0.811466,-1.52672,-2.94659,54.4002,31.5175,-12.7825,,,
77.616,kf,map,-0.818062,-1.57947,-2.94853,0.0793935,0.0793935,-2.76864e-09,0.055708,,
77.616,pf,map,-0.842527,-1.57267,-2.99325,0.0793422,0.0835735,0.0054372,6.82,763.8,0
77.652,odom,map,-0.701266,-1.59433,-2.96437,0,0,0,,,
77.688,odom,map,-0.70625,-1.59523,-2.96139,0,0,0,,,
77.724,odom,map,-0.711876,-1.59626,-2.95772,0,0,0,,,
77.76,odom,map,-0.717779,-1.59737,-2.95394,0,0,0,,,
77.796,odom,map,-0.723982,-1.59856,-2.95025,0,0,0,,,
77.796,ekf,map,-0.844343,-1.58399,-2.9433,0.0965044,0.0965386,-1.21402e-05,0.058292,,
77.832,odom,map,-0.730584,-1.59985,-2.94638,0,0,0,,,
77.796,ekf_predict_only,map,-0.845334,-1.53341,-2.92687,54.6663,31.9856,-13.3709,,,
77.796,kf,map,-0.846272,-1.5848,-2.9376,0.079159,0.079159,-1.01073e-09,0.689375,,
77.796,pf,map,-0.869893,-1.56584,-2.97553,0.0848007,0.0807906,-0.0035933,7.605,770.629,0
77.868,odom,map,-0.737553,-1.60125,-2.94257,0,0,0,,,
77.904,odom,map,-0.744757,-1.60271,-2.93885,0,0,0,,,
77.94,odom,map,-0.752187,-1.60425,-2.93531,0,0,0,,,
77.976,odom,map,-0.760123,-1.60593,-2.93189,0,0,0,,,
78.012,odom,map,-0.768351,-1.6077,-2.92867,0,0,0,,,
78.012,ekf_predict_only,map,-0.895733,-1.5444,-2.90827,55.0731,32.6944,-14.2607,,,
78.012,kf,map,-0.890916,-1.59393,-2.92314,0.0793334,0.0793334,-3.67916e-10,0.063625,,
78.012,ekf,map,-0.88859,-1.59299,-2.92702,0.0980722,0.0981931,-2.77438e-05,0.057666,,
78.012,pf,map,-0.919804,-1.57403,-2.95698,0.0840362,0.0825481,-0.0032206,4.88625,763.128,0
78.048,odom,map,-0.776751,-1.60953,-2.92557,0,0,0,,,
78.084,odom,map,-0.785398,-1.61144,-2.92279,0,0,0,,,
78.12,odom,map,-0.79437,-1.61344,-2.92026,0,0,0,,,
78.156,odom,map,-0.803513,-1.61551,-2.91798,0,0,0,,,
78.192,odom,map,-0.812723,-1.61762,-2.91589,0,0,0,,,
78.192,ekf,map,-0.93145,-1.60265,-2.91775,0.0961651,0.0963688,-4.42657e-05,0.060167,,
78.192,kf,map,-0.933672,-1.60343,-2.91559,0.079137,0.079137,-1.34362e-10,0.116125,,
78.192,ekf_predict_only,map,-0.943109,-1.55566,-2.90003,55.4907,33.4038,-15.1126,,,
78.228,odom,map,-0.822121,-1.61978,-2.91412,0,0,0,,,
78.192,pf,map,-0.95161,-1.60004,-2.94723,0.0774957,0.0765671,0.00504801,5.40146,773.993,0
78.264,odom,map,-0.831737,-1.62202,-2.91285,0,0,0,,,
78.3,odom,map,-0.841624,-1.62432,-2.91221,0,0,0,,,
78.336,odom,map,-0.851567,-1.62665,-2.91168,0,0,0,,,
78.372,odom,map,-0.86168,-1.62901,-2.91173,0,0,0,,,
78.408,odom,map,-0.871712,-1.63136,-2.91271,0,0,0,,,
78.408,ekf,map,-0.988418,-1.61625,-2.92175,0.0979711,0.0983501,-8.33259e-05,0.124625,,
78.408,ekf_predict_only,map,-1.00289,-1.57039,-2.91198,56.0249,34.3415,-16.2047,,,
78.408,kf,map,-0.990381,-1.61654,-2.92196,0.0793254,0.0793254,-4.89156e-11,0.059333,,
78.408,pf,map,-1.00884,-1.59899,-2.93911,0.088561,0.081536,0.00627116,4.56183,785.457,0
78.444,odom,map,-0.881708,-1.63368,-2.9147,0,0,0,,,
78.48,odom,map,-0.891516,-1.63593,-2.9176,0,0,0,,,
78.516,odom,map,-0.901095,-1.63809,-2.92195,0,0,0,,,
78.552,odom,map,-0.910613,-1.64019,-2.92801,0,0,0,,,
78.588,odom,map,-0.920145,-1.64222,-2.93447,0,0,0,,,
78.588,ekf_predict_only,map,-1.04881,-1.58112,-2.9498,56.4302,35.1157,-17.0493,,,
78.624,odom,map,-0.929536,-1.64416,-2.94139,0,0,0,,,
78.588,kf,map,-1.03538,-1.62663,-2.95006,0.0791341,0.0791341,-1.78647e-11,0.1155,,
78.588,ekf,map,-1.03404,-1.6269,-2.94788,0.0961691,0.0966192,-0.000100529,0.083708,,
78.588,pf,map,-1.06598,-1.61126,-2.9444,0.0826021,0.0740091,-0.00219655,5.48825,778.089,0
78.66,odom,map,-0.938909,-1.64602,-2.94962,0,0,0,,,
78.696,odom,map,-0.948327,-1.64781,-2.95816,0,0,0,,,
78.732,odom,map,-0.957723,-1.64951,-2.96705,0,0,0,,,
78.768,odom,map,-0.967125,-1.65113,-2.97648,0,0,0,,,
78.804,odom,map,-0.976587,-1.65266,-2.98656,0,0,0,,,
78.804,ekf,map,-1.09033,-1.63784,-2.99892,0.0980215,0.0986452,-0.00013925,0.063875,,
78.804,kf,map,-1.09129,-1.63725,-3.00233,0.0793243,0.0793243,-6.50391e-12,0.058167,,
78.804,ekf_predict_only,map,-1.10539,-1.59211,-3.01193,56.846,36.1085,-18.0826,,,
78.801,amcl,map,-0.97441,-1.66123,-2.97285,0.0600305,0.0306809,-0.0156839,,,
78.804,pf,map,-1.12688,-1.65251,-3.00941,0.0827953,0.0766159,-0.00211871,8.62996,763.477,0
78.84,odom,map,-0.986085,-1.65409,-2.99692,0,0,0,,,
78.876,odom,map,-0.995661,-1.65543,-3.00754,0,0,0,,,
78.912,odom,map,-1.00524,-1.65667,-3.01861,0,0,0,,,
78.948,odom,map,-1.01496,-1.65782,-3.02993,0,0,0,,,
78.984,odom,map,-1.02478,-1.65886,-3.04135,0,0,0,,,
79.02,odom,map,-1.03465,-1.6598,-3.05306,0,0,0,,,
78.984,ekf,map,-1.13892,-1.64423,-3.05043,0.0962189,0.0968618,-0.000138614,0.059125,,
78.984,ekf_predict_only,map,-1.15461,-1.59852,-3.0711,57.1106,37.0243,-18.962,,,
78.984,kf,map,-1.13966,-1.64365,-3.05383,0.0791337,0.0791337,-2.37533e-12,0.067041,,
78.984,pf,map,-1.1812,-1.66202,-3.06815,0.0762968,0.0727883,-0.00188248,5.75671,778.227,0
79.056,odom,map,-1.04448,-1.66061,-3.065,0,0,0,,,
79.092,odom,map,-1.05427,-1.6613,-3.07701,0,0,0,,,
79.128,odom,map,-1.06407,-1.66188,-3.08933,0,0,0,,,
79.164,odom,map,-1.07383,-1.66233,-3.10172,0,0,0,,,
79.2,odom,map,-1.08356,-1.66265,-3.11426,0,0,0,,,
79.2,ekf_predict_only,map,-1.21314,-1.60266,3.13754,57.2992,38.1593,-19.9817,,,
79.2,kf,map,-1.19776,-1.64794,-3.12308,0.0793242,0.0793242,-8.64779e-13,0.059875,,
79.2,ekf,map,-1.19727,-1.64833,-3.12013,0.0980651,0.098866,-0.000157862,0.055083,,
79.2,pf,map,-1.22576,-1.66584,-3.13623,0.0766195,0.080852,0.00652084,4.66737,771.319,0
79.236,odom,map,-1.09332,-1.66286,-3.12672,0,0,0,,,
79.272,odom,map,-1.1031,-1.66294,-3.13914,0,0,0,,,
79.308,odom,map,-1.11291,-1.66291,3.13154,0,0,0,,,
79.344,odom,map,-1.12286,-1.66274,3.1191,0,0,0,,,
79.38,odom,map,-1.13284,-1.66246,3.10669,0,0,0,,,
79.416,odom,map,-1.14291,-1.66204,3.09415,0,0,0,,,
79.416,ekf,map,-1.2572,-1.64794,3.09046,0.0989054,0.0997996,-0.000151455,0.058708,,
79.416,ekf_predict_only,map,-1.27371,-1.60241,3.06216,57.3409,39.3956,-20.9959,,,
79.416,kf,map,-1.25763,-1.64784,3.08817,0.0793935,0.0793935,-3.14475e-13,0.0595,,
79.416,pf,map,-1.27465,-1.67654,3.07557,0.0724356,0.0833589,0.00362151,8.09079,765.335,0
79.452,odom,map,-1.15309,-1.6615,3.08171,0,0,0,,,
79.488,odom,map,-1.16338,-1.66081,3.06844,0,0,0,,,
79.524,odom,map,-1.17367,-1.65999,3.05459,0,0,0,,,
79.56,odom,map,-1.1841,-1.659,3.0402,0,0,0,,,
79.596,odom,map,-1.19463,-1.65785,3.0252,0,0,0,,,
79.632,odom,map,-1.20499,-1.6584,3.01186,0,0,0,,,
79.596,ekf,map,-1.30956,-1.64375,3.01848,0.0965177,0.0973561,-0.00011296,0.057083,,
79.596,kf,map,-1.31003,-1.6437,3.01614,0.079159,0.079159,-1.14804e-13,0.067084,,
79.596,ekf_predict_only,map,-1.32714,-1.59816,2.9847,57.2483,40.5459,-21.8478,,,
79.602,amcl,map,-1.2035,-1.6634,3.03907,0.0693703,0.0394533,-0.0246526,,,
79.596,pf,map,-1.33125,-1.64646,3.02201,0.0755678,0.093558,-0.00594234,11.042,772.463,0
79.668,odom,map,-1.21535,-1.65905,2.99867,0,0,0,,,
79.704,odom,map,-1.22582,-1.65956,2.98523,0,0,0,,,
79.74,odom,map,-1.23649,-1.6599,2.97141,0,0,0,,,
79.776,odom,map,-1.24729,-1.66009,2.95736,0,0,0,,,
79.812,odom,map,-1.25817,-1.65947,2.94257,0,0,0,,,
79.812,ekf,map,-1.3749,-1.63343,2.9244,0.0980802,0.0990777,-8.15063e-05,0.109834,,
79.812,ekf_predict_only,map,-1.39378,-1.58761,2.88637,56.9462,42.0393,-22.8466,,,
79.812,kf,map,-1.37547,-1.63356,2.92223,0.0793334,0.0793334,-4.17898e-14,0.066,,
79.812,pf,map,-1.41554,-1.63093,2.91054,0.0767548,0.0851722,-0.00342557,6.21279,762.452,0
79.848,odom,map,-1.26928,-1.65713,2.92624,0,0,0,,,
79.884,odom,map,-1.28046,-1.65459,2.90976,0,0,0,,,
79.92,odom,map,-1.29159,-1.65186,2.8933,0,0,0,,,
79.956,odom,map,-1.30267,-1.64896,2.87685,0,0,0,,,
79.992,odom,map,-1.31369,-1.64587,2.86035,0,0,0,,,
79.992,ekf,map,-1.4291,-1.61913,2.84477,0.0961685,0.0971202,-2.85908e-05,0.055375,,
79.992,kf,map,-1.42951,-1.61948,2.84319,0.079137,0.079137,-1.52615e-14,0.091042,,
79.992,ekf_predict_only,map,-1.44801,-1.57347,2.80503,56.5268,43.3218,-23.5853,,,
80.028,odom,map,-1.32454,-1.64264,2.84398,0,0,0,,,
79.992,pf,map,-1.46573,-1.62165,2.83118,0.0835146,0.0745719,-0.00482631,11.0949,766.469,0
80.064,odom,map,-1.33518,-1.63928,2.82773,0,0,0,,,
80.1,odom,map,-1.34576,-1.63575,2.81148,0,0,0,,,
80.136,odom,map,-1.35612,-1.63211,2.79537,0,0,0,,,
80.172,odom,map,-1.36616,-1.6284,2.77933,0,0,0,,,
80.208,odom,map,-1.37611,-1.62454,2.7633,0,0,0,,,
80.208,ekf,map,-1.49047,-1.59747,2.74903,0.0979747,0.0990726,3.97852e-05,0.054458,,
80.208,kf,map,-1.49067,-1.59819,2.74804,0.0793254,0.0793254,-5.55608e-15,0.064917,,
80.208,ekf_predict_only,map,-1.50843,-1.55233,2.7088,55.882,44.8069,-24.3271,,,
80.202,amcl,map,-1.37263,-1.62843,2.78959,0.0745476,0.0561779,-0.0389914,,,
80.208,pf,map,-1.52249,-1.5995,2.73215,0.0822048,0.0762155,-0.000935711,8.67287,776.897,0
80.244,odom,map,-1.38594,-1.62054,2.74721,0,0,0,,,
80.28,odom,map,-1.3956,-1.61643,2.7312,0,0,0,,,
80.316,odom,map,-1.405,-1.61225,2.7154,0,0,0,,,
80.352,odom,map,-1.41429,-1.60794,2.69963,0,0,0,,,
80.388,odom,map,-1.42339,-1.60355,2.68414,0,0,0,,,
80.388,ekf,map,-1.53639,-1.57593,2.67103,0.0961786,0.0971614,9.18216e-05,0.05375,,
80.388,kf,map,-1.53631,-1.57691,2.67058,0.0791341,0.0791341,-2.02916e-15,0.125167,,
80.388,ekf_predict_only,map,-1.55245,-1.53199,2.63139,55.2712,45.9435,-24.7913,,,
80.424,odom,map,-1.43315,-1.59859,2.66908,0,0,0,,,
80.388,pf,map,-1.56321,-1.58423,2.6568,0.0813331,0.0780592,0.00228379,8.3825,784.954,0
80.46,odom,map,-1.44324,-1.59329,2.65455,0,0,0,,,
80.496,odom,map,-1.45323,-1.58788,2.64016,0,0,0,,,
80.532,odom,map,-1.46307,-1.58242,2.62582,0,0,0,,,
80.568,odom,map,-1.47255,-1.577,2.61184,0,0,0,,,
80.604,odom,map,-1.48164,-1.57168,2.59806,0,0,0,,,
80.604,kf,map,-1.58422,-1.55003,2.58309,0.0793243,0.0793243,-7.38746e-16,0.06025,,
80.604,ekf_predict_only,map,-1.59784,-1.50659,2.54537,54.5062,47.1504,-25.1958,,,
80.604,ekf,map,-1.5846,-1.54866,2.58293,0.0980483,0.0990714,0.000168317,0.06225,,
80.604,pf,map,-1.63427,-1.55279,2.56812,0.0865193,0.0796492,-0.00171857,4.79533,773.176,0
80.64,odom,map,-1.48903,-1.56715,2.58372,0,0,0,,,
80.676,odom,map,-1.49616,-1.56262,2.56968,0,0,0,,,
80.712,odom,map,-1.50287,-1.55824,2.55591,0,0,0,,,
80.748,odom,map,-1.5092,-1.55398,2.54249,0,0,0,,,
80.784,odom,map,-1.51535,-1.54972,2.5292,0,0,0,,,
80.82,odom,map,-1.52122,-1.54554,2.51617,0,0,0,,,
80.784,ekf,map,-1.617,-1.52629,2.51525,0.0962587,0.0970901,0.000186432,0.147167,,
80.784,ekf_predict_only,map,-1.62692,-1.48686,2.48075,53.9312,47.9607,-25.3983,,,
80.784,kf,map,-1.61635,-1.52789,2.51592,0.0791337,0.0791337,-2.69802e-16,0.06075,,
80.802,amcl,map,-1.53014,-1.53763,2.52946,0.0684787,0.0733587,-0.0506657,,,
80.784,pf,map,-1.6708,-1.54724,2.47726,0.0849456,0.0816029,-0.000268099,5.07083,759.314,0
80.856,odom,map,-1.52681,-1.54145,2.5033,0,0,0,,,
80.892,odom,map,-1.53216,-1.53743,2.49055,0,0,0,,,
80.928,odom,map,-1.5373,-1.53346,2.47788,0,0,0,,,
80.964,odom,map,-1.54225,-1.52954,2.46535,0,0,0,,,
81,odom,map,-1.54677,-1.52587,2.45324,0,0,0,,,
81,ekf,map,-1.64751,-1.50227,2.43979,0.0981289,0.0988958,0.000228017,0.062958,,
81,kf,map,-1.64659,-1.50415,2.44091,0.0793242,0.0793242,-9.82259e-17,0.061416,,
81,ekf_predict_only,map,-1.65358,-1.46612,2.40894,53.332,48.7216,-25.5395,,,
81,pf,map,-1.68481,-1.50013,2.41493,0.0797641,0.0786185,1.90468e-05,6.00571,766.741,0
81.036,odom,map,-1.54958,-1.52435,2.44476,0,0,0,,,
81.072,odom,map,-1.5522,-1.52297,2.4365,0,0,0,,,
81.108,odom,map,-1.55434,-1.52195,2.42912,0,0,0,,,
81.144,odom,map,-1.55551,-1.52175,2.42427,0,0,0,,,
81.18,odom,map,-1.55572,-1.52238,2.42202,0,0,0,,,
81.216,odom,map,-1.55553,-1.52304,2.42097,0,0,0,,,
81.216,kf,map,-1.65502,-1.49574,2.4182,0.0793935,0.0793935,-3.57197e-17,0.075834,,
81.216,ekf_predict_only,map,-1.65358,-1.46612,2.40894,53.382,48.7716,-25.5395,,,
81.216,ekf,map,-1.65728,-1.49232,2.41206,0.098971,0.0995889,0.000212647,0.054,,
81.216,pf,map,-1.7139,-1.4827,2.35153,0.0748594,0.0737763,0.00150697,7.86988,780.841,0
81.252,odom,map,-1.55556,-1.52301,2.42023,0,0,0,,,
81.288,odom,map,-1.55556,-1.52301,2.42023,0,0,0,,,
81.324,odom,map,-1.55587,-1.52274,2.41948,0,0,0,,,
81.36,odom,map,-1.55701,-1.52174,2.41795,0,0,0,,,
81.396,odom,map,-1.55854,-1.52039,2.41601,0,0,0,,,
81.432,odom,map,-1.56037,-1.51876,2.41379,0,0,0,,,
81.396,ekf_predict_only,map,-1.66269,-1.45793,2.39782,53.1776,49.0672,-25.5704,,,
81.396,ekf,map,-1.66842,-1.48216,2.39024,0.0965725,0.0969938,0.000161174,0.065042,,
81.396,kf,map,-1.66679,-1.48469,2.39587,0.079159,0.079159,-1.304e-17,0.066291,,
81.396,pf,map,-1.70796,-1.47478,2.35705,0.0776755,0.0744158,0.00144276,4.90262,778.599,0
81.468,odom,map,-1.5624,-1.51694,2.41122,0,0,0,,,
81.504,odom,map,-1.56487,-1.51473,2.40801,0,0,0,,,
81.54,odom,map,-1.56765,-1.5122,2.40415,0,0,0,,,
81.576,odom,map,-1.57062,-1.5095,2.39991,0,0,0,,,
81.612,odom,map,-1.57489,-1.50539,2.39438,0,0,0,,,
81.612,ekf,map,-1.6868,-1.46479,2.35852,0.098138,0.0984658,0.00014581,0.058333,,
81.612,kf,map,-1.68613,-1.4662,2.36204,0.0793334,0.0793334,-4.74669e-18,0.062291,,
81.612,ekf_predict_only,map,-1.68251,-1.4397,2.36675,52.6658,49.6572,-25.6273,,,
81.612,pf,map,-1.72549,-1.45299,2.32961,0.0708421,0.075584,0.00118597,4.94496,783.406,0
81.648,odom,map,-1.58157,-1.49862,2.38601,0,0,0,,,
81.684,odom,map,-1.58789,-1.49211,2.37573,0,0,0,,,
81.72,odom,map,-1.59406,-1.48568,2.36457,0,0,0,,,
81.756,odom,map,-1.60001,-1.47939,2.35278,0,0,0,,,
81.792,odom,map,-1.60582,-1.47318,2.3391,0,0,0,,,
81.792,ekf,map,-1.69812,-1.45334,2.30359,0.096217,0.0964339,0.000111992,0.09875,,
81.792,kf,map,-1.69767,-1.45417,2.30394,0.079137,0.079137,-1.73347e-18,0.109542,,
81.792,ekf_predict_only,map,-1.69395,-1.4285,2.30175,52.3737,50.022,-25.6479,,,
81.828,odom,map,-1.60902,-1.46977,2.32588,0,0,0,,,
81.792,pf,map,-1.71485,-1.43152,2.29106,0.0706081,0.0828567,0.00274987,9.36425,783.591,0
81.864,odom,map,-1.6112,-1.46743,2.31289,0,0,0,,,
81.9,odom,map,-1.61352,-1.46486,2.29914,0,0,0,,,
81.936,odom,map,-1.61603,-1.462,2.28444,0,0,0,,,
81.972,odom,map,-1.61856,-1.45904,2.26953,0,0,0,,,
82.008,odom,map,-1.62125,-1.45578,2.25422,0,0,0,,,
82.008,ekf,map,-1.71416,-1.43494,2.22021,0.0980225,0.0981836,0.000107762,0.059791,,
82.008,kf,map,-1.71417,-1.43508,2.21859,0.0793254,0.0793254,-6.31087e-19,0.056791,,
82.008,ekf_predict_only,map,-1.71186,-1.40852,2.20874,51.8191,50.5699,-25.6413,,,
82.002,amcl,map,-1.62917,-1.45335,2.24955,0.0585652,0.0790763,-0.0511162,,,
82.008,pf,map,-1.73243,-1.40354,2.21386,0.0785239,0.0712942,0.00327768,4.95454,781.828,0
82.044,odom,map,-1.62421,-1.45209,2.23831,0,0,0,,,
82.08,odom,map,-1.62733,-1.44806,2.22199,0,0,0,,,
82.116,odom,map,-1.6309,-1.44329,2.20524,0,0,0,,,
82.152,odom,map,-1.6345,-1.43831,2.18841,0,0,0,,,
82.188,odom,map,-1.63822,-1.43298,2.17145,0,0,0,,,
82.224,odom,map,-1.64215,-1.42713,2.1543,0,0,0,,,
82.188,ekf,map,-1.73258,-1.40942,2.14062,0.0962257,0.096321,9.92045e-05,0.696542,,
82.188,kf,map,-1.73313,-1.40877,2.13853,0.0791341,0.0791341,-2.30482e-19,0.064708,,
82.188,ekf_predict_only,map,-1.73365,-1.37913,2.12282,50.993,51.2335,-25.5522,,,
82.188,pf,map,-1.74794,-1.38114,2.12809,0.0789007,0.0734997,0.00163218,5.62371,781.387,0
82.26,odom,map,-1.64613,-1.42099,2.13712,0,0,0,,,
82.296,odom,map,-1.65022,-1.41443,2.11991,0,0,0,,,
82.332,odom,map,-1.65442,-1.40743,2.10292,0,0,0,,,
82.368,odom,map,-1.6587,-1.40002,2.08628,0,0,0,,,
82.404,odom,map,-1.66289,-1.39247,2.06969,0,0,0,,,
82.404,ekf,map,-1.75642,-1.36892,2.04332,0.0981304,0.0981656,0.000134807,0.058041,,
82.404,ekf_predict_only,map,-1.7608,-1.33504,2.02327,49.7585,52.0603,-25.3171,,,
82.404,kf,map,-1.75743,-1.36787,2.04165,0.0793243,0.0793243,-8.39104e-20,2.95071,,
82.404,pf,map,-1.78793,-1.34999,2.02516,0.0833879,0.0817175,0.00177293,8.40408,775.618,0
82.44,odom,map,-1.66703,-1.38474,2.05324,0,0,0,,,
82.476,odom,map,-1.67116,-1.37669,2.03704,0,0,0,,,
82.512,odom,map,-1.6753,-1.3683,2.02132,0,0,0,,,
82.548,odom,map,-1.67943,-1.35959,2.00601,0,0,0,,,
82.584,odom,map,-1.6835,-1.35066,1.99087,0,0,0,,,
82.62,odom,map,-1.68754,-1.34142,1.97603,0,0,0,,,
82.584,ekf_predict_only,map,-1.78317,-1.28902,1.94971,48.5061,52.7605,-24.9649,,,
82.602,amcl,map,-1.6875,-1.35353,1.97722,0.0496496,0.0886286,-0.0508811,,,
82.584,ekf,map,-1.77579,-1.32642,1.96836,0.0963876,0.0963468,0.000156603,0.05475,,
82.584,kf,map,-1.77709,-1.32524,1.96762,0.0791337,0.0791337,-3.06455e-20,0.061125,,
82.584,pf,map,-1.8036,-1.30908,1.9571,0.0846314,0.0837368,-0.00526187,5.95954,765.429,0
82.656,odom,map,-1.69161,-1.33174,1.96181,0,0,0,,,
82.692,odom,map,-1.69562,-1.32181,1.9479,0,0,0,,,
82.728,odom,map,-1.69958,-1.31162,1.93425,0,0,0,,,
82.764,odom,map,-1.70344,-1.30126,1.92102,0,0,0,,,
82.8,odom,map,-1.70725,-1.2906,1.90831,0,0,0,,,
82.8,ekf,map,-1.79807,-1.26599,1.88879,0.0983981,0.0982153,0.000234557,0.092958,,
82.8,kf,map,-1.7998,-1.26478,1.88922,0.0793242,0.0793242,-1.1157e-20,0.056417,,
82.8,ekf_predict_only,map,-1.80858,-1.22521,1.87452,46.8149,53.5601,-24.3702,,,
82.8,pf,map,-1.83135,-1.27023,1.86827,0.0875121,0.0816252,0.000675576,5.26658,761.067,0
82.836,odom,map,-1.71221,-1.27915,1.89452,0,0,0,,,
82.872,odom,map,-1.71705,-1.26758,1.88085,0,0,0,,,
82.908,odom,map,-1.7218,-1.25575,1.86762,0,0,0,,,
82.944,odom,map,-1.72646,-1.24363,1.855,0,0,0,,,
82.98,odom,map,-1.73099,-1.23138,1.84287,0,0,0,,,
83.016,odom,map,-1.73495,-1.21914,1.8314,0,0,0,,,
83.016,ekf_predict_only,map,-1.83081,-1.15429,1.81078,45.018,54.2758,-23.5977,,,
83.016,kf,map,-1.81921,-1.19688,1.82118,0.0793935,0.0793935,-4.05722e-21,0.072084,,
83.016,ekf,map,-1.81713,-1.19804,1.81985,0.0994345,0.0990684,0.000301455,0.058042,,
83.016,pf,map,-1.85017,-1.19353,1.80327,0.0845327,0.0856245,0.000924984,6.69913,770.416,0
83.052,odom,map,-1.73812,-1.20698,1.82148,0,0,0,,,
83.088,odom,map,-1.74122,-1.19466,1.81217,0,0,0,,,
83.124,odom,map,-1.74423,-1.18219,1.80322,0,0,0,,,
83.16,odom,map,-1.74716,-1.16957,1.79473,0,0,0,,,
83.196,odom,map,-1.75001,-1.15681,1.78677,0,0,0,,,
83.196,ekf,map,-1.83016,-1.13627,1.77584,0.0971526,0.0966622,0.000303617,0.101667,,
83.196,kf,map,-1.83226,-1.13533,1.77767,0.079159,0.079159,-1.48114e-21,0.059584,,
83.232,odom,map,-1.75277,-1.14399,1.77907,0,0,0,,,
83.196,ekf_predict_only,map,-1.8464,-1.09057,1.77228,43.4883,54.7981,-22.8258,,,
83.196,pf,map,-1.8719,-1.10371,1.75509,0.0761292,0.0773001,0.00127144,5.01142,761.001,0
83.268,odom,map,-1.75543,-1.13116,1.77179,0,0,0,,,
83.304,odom,map,-1.75799,-1.1184,1.7654,0,0,0,,,
83.34,odom,map,-1.76045,-1.1057,1.7595,0,0,0,,,
83.376,odom,map,-1.76284,-1.09301,1.75386,0,0,0,,,
83.412,odom,map,-1.76485,-1.08099,1.74868,0,0,0,,,
83.412,kf,map,-1.84532,-1.0608,1.74167,0.0793334,0.0793334,-5.39152e-22,0.065167,,
83.412,ekf,map,-1.84315,-1.0613,1.73917,0.099007,0.0982305,0.000365888,0.055125,,
83.412,ekf_predict_only,map,-1.86176,-1.01536,1.74272,41.7709,55.318,-21.8561,,,
83.4,amcl,map,-1.75089,-1.13606,1.78111,0.0359804,0.0866361,-0.0377265,,,
83.412,pf,map,-1.86969,-1.0216,1.71036,0.0767161,0.0805289,0.00233087,5.9335,770.746,0
83.448,odom,map,-1.76614,-1.07033,1.74431,0,0,0,,,
83.484,odom,map,-1.76735,-1.05981,1.74033,0,0,0,,,
83.52,odom,map,-1.76851,-1.04933,1.73642,0,0,0,,,
83.556,odom,map,-1.7696,-1.03893,1.73285,0,0,0,,,
83.592,odom,map,-1.77064,-1.02868,1.73007,0,0,0,,,
83.628,odom,map,-1.7723,-1.01715,1.72766,0,0,0,,,
83.592,kf,map,-1.85369,-1.00031,1.72321,0.079137,0.079137,-1.96896e-22,0.060625,,
83.592,ekf,map,-1.85167,-1.00034,1.72036,0.0971475,0.0962887,0.000335255,0.269375,,
83.592,ekf_predict_only,map,-1.87216,-0.955473,1.73135,40.4892,55.6885,-21.0487,,,
83.592,pf,map,-1.884,-0.968192,1.69605,0.0687874,0.0849527,-0.000636282,7.86279,785.209,0
83.664,odom,map,-1.77419,-1.00514,1.72538,0,0,0,,,
83.7,odom,map,-1.77603,-0.993222,1.72338,0,0,0,,,
83.736,odom,map,-1.77783,-0.981429,1.72202,0,0,0,,,
83.772,odom,map,-1.7796,-0.969827,1.72184,0,0,0,,,
83.808,odom,map,-1.78136,-0.958265,1.72195,0,0,0,,,
83.808,kf,map,-1.86278,-0.929876,1.71606,0.0793254,0.0793254,-7.1682e-23,0.085333,,
83.808,ekf,map,-1.86083,-0.929551,1.71277,0.0991943,0.0980772,0.000358788,0.124458,,
83.808,ekf_predict_only,map,-1.88338,-0.886205,1.732,39.0826,56.0866,-20.0921,,,
83.808,pf,map,-1.88304,-0.897723,1.67631,0.0756896,0.0812124,0.00324001,5.10042,789.361,0
83.844,odom,map,-1.78311,-0.946787,1.72232,0,0,0,,,
83.88,odom,map,-1.78484,-0.935461,1.72332,0,0,0,,,
83.916,odom,map,-1.78659,-0.924123,1.72402,0,0,0,,,
83.952,odom,map,-1.78835,-0.912758,1.72404,0,0,0,,,
83.988,odom,map,-1.79011,-0.901316,1.72358,0,0,0,,,
83.988,ekf_predict_only,map,-1.89261,-0.829451,1.72465,38.0062,56.4247,-19.2977,,,
84.024,odom,map,-1.79187,-0.889889,1.72244,0,0,0,,,
83.988,ekf,map,-1.86857,-0.871918,1.70561,0.0973336,0.0962416,0.000304135,0.098708,,
83.988,kf,map,-1.86993,-0.872257,1.70758,0.0791341,0.0791341,-2.61793e-23,0.108667,,
83.988,pf,map,-1.88591,-0.83988,1.6931,0.0705469,0.0854548,0.00222306,7.89013,769.662,0
84.06,odom,map,-1.79358,-0.878616,1.72043,0,0,0,,,
84.096,odom,map,-1.79526,-0.867391,1.7179,0,0,0,,,
84.132,odom,map,-1.79689,-0.856302,1.71494,0,0,0,,,
84.168,odom,map,-1.79844,-0.845453,1.71092,0,0,0,,,
84.204,odom,map,-1.79993,-0.835119,1.70637,0,0,0,,,
84.204,ekf,map,-1.87736,-0.805996,1.68138,0.0993446,0.0980747,0.000304164,0.107833,,
84.204,kf,map,-1.87799,-0.806462,1.68132,0.0793243,0.0793243,-9.53096e-24,0.059,,
84.204,ekf_predict_only,map,-1.90257,-0.765195,1.69377,36.8541,56.7876,-18.3821,,,
84.201,amcl,map,-1.79634,-0.900982,1.75175,0.0316912,0.101496,-0.027792,,,
84.204,pf,map,-1.88899,-0.76098,1.70079,0.0800942,0.0855122,0.00152804,5.36617,779.541,0
84.24,odom,map,-1.80134,-0.832005,1.70664,0,0,0,,,
84.276,odom,map,-1.8028,-0.828983,1.7065,0,0,0,,,
84.312,odom,map,-1.80431,-0.826044,1.70566,0,0,0,,,
84.348,odom,map,-1.80586,-0.823127,1.70436,0,0,0,,,
84.384,odom,map,-1.80746,-0.820259,1.70236,0,0,0,,,
84.384,ekf,map,-1.88307,-0.752823,1.64821,0.0974066,0.0962511,0.00024658,0.059292,,
84.42,odom,map,-1.80891,-0.81329,1.69664,0,0,0,,,
84.384,ekf_predict_only,map,-1.90896,-0.713532,1.65225,35.994,57.0391,-17.6233,,,
84.384,kf,map,-1.88316,-0.753326,1.64671,0.0791337,0.0791337,-3.48086e-24,0.121583,,
84.384,pf,map,-1.9052,-0.719934,1.6612,0.0803016,0.079574,0.00286151,9.16533,768.996,0
84.456,odom,map,-1.81015,-0.803118,1.68786,0,0,0,,,
84.492,odom,map,-1.81129,-0.793045,1.67867,0,0,0,,,
84.528,odom,map,-1.81234,-0.782914,1.6688,0,0,0,,,
84.564,odom,map,-1.81327,-0.772875,1.65782,0,0,0,,,
84.6,odom,map,-1.81408,-0.762962,1.64616,0,0,0,,,
84.6,ekf,map,-1.88727,-0.691959,1.58751,0.0993468,0.0980859,0.000233841,0.060209,,
84.6,kf,map,-1.88698,-0.692522,1.5846,0.0793242,0.0793242,-1.26727e-24,0.101542,,
84.6,ekf_predict_only,map,-1.9138,-0.654236,1.58089,35.0617,57.2424,-16.7247,,,
84.6,pf,map,-1.88829,-0.668996,1.60396,0.0771302,0.0870955,0.00299597,4.75004,773.865,0
84.636,odom,map,-1.81476,-0.75307,1.63426,0,0,0,,,
84.672,odom,map,-1.81533,-0.743234,1.62194,0,0,0,,,
84.708,odom,map,-1.81576,-0.733488,1.60858,0,0,0,,,
84.744,odom,map,-1.81606,-0.723864,1.5944,0,0,0,,,
84.78,odom,map,-1.81622,-0.714296,1.57993,0,0,0,,,
84.816,odom,map,-1.81623,-0.704902,1.56482,0,0,0,,,
84.816,kf,map,-1.88679,-0.634669,1.50267,0.0793935,0.0793935,-4.60839e-25,0.062125,,
84.816,ekf_predict_only,map,-1.91437,-0.598027,1.48931,34.2422,57.3103,-15.8379,,,
84.816,ekf,map,-1.88719,-0.634002,1.50646,0.100167,0.0989177,0.000198517,0.057667,,
84.816,pf,map,-1.90348,-0.616904,1.51229,0.0733335,0.0788023,-0.00521013,7.84725,756.817,0
84.852,odom,map,-1.81611,-0.695751,1.54886,0,0,0,,,
84.888,odom,map,-1.81583,-0.686736,1.53226,0,0,0,,,
84.924,odom,map,-1.81541,-0.67778,1.51529,0,0,0,,,
84.96,odom,map,-1.81485,-0.669011,1.49784,0,0,0,,,
84.996,odom,map,-1.81416,-0.660613,1.47954,0,0,0,,,
85.032,odom,map,-1.8134,-0.656132,1.46351,0,0,0,,,
84.996,kf,map,-1.88284,-0.591135,1.4188,0.079159,0.079159,-1.68236e-25,0.060542,,
84.996,ekf,map,-1.88318,-0.590335,1.42263,0.0975638,0.0965245,0.000138044,0.101542,,
84.996,ekf_predict_only,map,-1.91098,-0.556568,1.39676,33.6893,57.2531,-15.1564,,,
85.002,amcl,map,-1.82113,-0.689498,1.48862,0.0296836,0.0926532,-0.017823,,,
84.996,pf,map,-1.90305,-0.566687,1.41457,0.0791223,0.0780853,-0.00289261,6.34863,773.738,0
85.068,odom,map,-1.81256,-0.652364,1.44752,0,0,0,,,
85.104,odom,map,-1.81167,-0.649042,1.43099,0,0,0,,,
85.14,odom,map,-1.81072,-0.646027,1.41417,0,0,0,,,
85.176,odom,map,-1.80972,-0.643381,1.39695,0,0,0,,,
85.212,odom,map,-1.8086,-0.639583,1.37864,0,0,0,,,
85.212,ekf,map,-1.87519,-0.54743,1.30677,0.0991151,0.0980841,0.000101428,0.063542,,
85.212,kf,map,-1.8751,-0.548658,1.30288,0.0793334,0.0793334,-6.12396e-26,0.096833,,
85.212,ekf_predict_only,map,-1.90412,-0.517551,1.27245,33.2018,57.0864,-14.493,,,
85.212,pf,map,-1.8748,-0.527851,1.30464,0.0741947,0.073128,-0.000578726,13.2083,768.63,0
85.248,odom,map,-1.80725,-0.633033,1.35807,0,0,0,,,
85.284,odom,map,-1.80584,-0.626811,1.33712,0,0,0,,,
85.32,odom,map,-1.80433,-0.620732,1.31607,0,0,0,,,
85.356,odom,map,-1.80273,-0.614838,1.29479,0,0,0,,,
85.392,odom,map,-1.8011,-0.609329,1.27307,0,0,0,,,
85.428,odom,map,-1.79941,-0.604022,1.25113,0,0,0,,,
85.392,ekf,map,-1.86577,-0.517471,1.20306,0.0969949,0.0961689,5.55424e-05,0.174625,,
85.392,kf,map,-1.86593,-0.518851,1.19959,0.079137,0.079137,-2.23645e-26,0.090459,,
85.392,pf,map,-1.8665,-0.488195,1.19492,0.0841112,0.0761817,-0.00269633,4.99154,773.781,0
85.392,ekf_predict_only,map,-1.89603,-0.491227,1.1623,32.9056,56.8818,-14.0259,,,
85.401,amcl,map,-1.793,-0.614083,1.2423,0.0267242,0.0935435,-0.0207445,,,
85.464,odom,map,-1.79762,-0.598812,1.2291,0,0,0,,,
85.5,odom,map,-1.7958,-0.593867,1.20676,0,0,0,,,
85.536,odom,map,-1.79398,-0.589243,1.18428,0,0,0,,,
85.572,odom,map,-1.79216,-0.584918,1.16159,0,0,0,,,
85.608,odom,map,-1.79038,-0.58093,1.13871,0,0,0,,,
85.608,ekf,map,-1.85373,-0.489979,1.07045,0.0987293,0.0979669,2.14031e-05,0.057208,,
85.608,kf,map,-1.85425,-0.491555,1.06742,0.0793254,0.0793254,-8.14199e-27,0.058416,,
85.608,ekf_predict_only,map,-1.88588,-0.467799,1.0247,32.6587,56.6147,-13.5953,,,
85.608,pf,map,-1.8753,-0.456856,1.05861,0.0773096,0.0829348,-0.00397694,5.05871,759.591,0
85.644,odom,map,-1.78856,-0.577087,1.11577,0,0,0,,,
85.68,odom,map,-1.78672,-0.573445,1.09258,0,0,0,,,
85.716,odom,map,-1.78496,-0.570146,1.06926,0,0,0,,,
85.752,odom,map,-1.7833,-0.567186,1.04578,0,0,0,,,
85.788,odom,map,-1.78163,-0.564384,1.02223,0,0,0,,,
85.824,odom,map,-1.78077,-0.5626,0.998307,0,0,0,,,
85.788,ekf_predict_only,map,-1.87839,-0.455463,0.90706,32.5566,56.4316,-13.3573,,,
85.788,ekf,map,-1.84394,-0.473903,0.955876,0.0967281,0.0961601,-2.10256e-06,0.064458,,
85.788,kf,map,-1.84472,-0.475488,0.953516,0.0791341,0.0791341,-2.97357e-27,0.057875,,
85.8,amcl,map,-1.77109,-0.589522,0.98936,0.0228718,0.075691,-0.0166163,,,
85.788,pf,map,-1.86132,-0.435088,0.924404,0.0744285,0.0722217,0.000869657,7.82587,763.755,0
85.86,odom,map,-1.78037,-0.561447,0.97405,0,0,0,,,
85.896,odom,map,-1.78003,-0.560507,0.94975,0,0,0,,,
85.932,odom,map,-1.77972,-0.559717,0.925441,0,0,0,,,
85.968,odom,map,-1.77946,-0.559078,0.901052,0,0,0,,,
86.004,odom,map,-1.77931,-0.558681,0.87665,0,0,0,,,
86.004,ekf,map,-1.83449,-0.461693,0.8149,0.0984838,0.0980065,-1.8928e-05,0.059334,,
86.004,ekf_predict_only,map,-1.87206,-0.447368,0.764689,32.5084,56.2855,-13.1935,,,
86.004,kf,map,-1.83584,-0.46372,0.813469,0.0793243,0.0793243,-1.08257e-27,0.06075,,
86.004,pf,map,-1.85868,-0.417843,0.792035,0.0745836,0.0791625,0.00108805,4.87779,785.159,0
86.04,odom,map,-1.77817,-0.557343,0.852896,0,0,0,,,
86.076,odom,map,-1.77702,-0.556067,0.829167,0,0,0,,,
86.112,odom,map,-1.77599,-0.554963,0.805597,0,0,0,,,
86.148,odom,map,-1.77513,-0.554093,0.782206,0,0,0,,,
86.184,odom,map,-1.77447,-0.553445,0.759025,0,0,0,,,
86.22,odom,map,-1.77229,-0.552894,0.733699,0,0,0,,,
86.184,ekf_predict_only,map,-1.86895,-0.444385,0.648966,32.5225,56.2395,-13.1288,,,
86.184,ekf,map,-1.82899,-0.456187,0.699273,0.0965335,0.096203,-2.16142e-05,0.057542,,
86.184,kf,map,-1.83026,-0.457835,0.698392,0.0791337,0.0791337,-3.95374e-28,0.103417,,
86.202,amcl,map,-1.75845,-0.567458,0.721027,0.0203236,0.0654653,-0.0117615,,,
86.184,pf,map,-1.84529,-0.427167,0.684679,0.0703271,0.08453,0.00302468,4.68396,781.426,0
86.256,odom,map,-1.76902,-0.552538,0.70664,0,0,0,,,
86.292,odom,map,-1.76593,-0.552349,0.679704,0,0,0,,,
86.328,odom,map,-1.76298,-0.552282,0.652994,0,0,0,,,
86.364,odom,map,-1.76017,-0.552331,0.626503,0,0,0,,,
86.4,odom,map,-1.75751,-0.552482,0.600245,0,0,0,,,
86.4,ekf,map,-1.82805,-0.455317,0.565179,0.098303,0.0980462,-2.25773e-05,0.060541,,
86.4,kf,map,-1.82944,-0.456842,0.565153,0.0793242,0.0793242,-1.43942e-28,0.090708,,
86.4,ekf_predict_only,map,-1.87135,-0.446211,0.517529,32.5944,56.3638,-13.1714,,,
86.4,pf,map,-1.85699,-0.427408,0.549177,0.0770745,0.0831138,0.00607406,5.41688,776.882,0
86.436,odom,map,-1.75777,-0.552711,0.578127,0,0,0,,,
86.472,odom,map,-1.7582,-0.552982,0.55622,0,0,0,,,
86.508,odom,map,-1.75869,-0.553279,0.534515,0,0,0,,,
86.544,odom,map,-1.75942,-0.553702,0.513123,0,0,0,,,
86.58,odom,map,-1.76047,-0.554278,0.492164,0,0,0,,,
86.601,amcl,map,-1.74665,-0.566483,0.464483,0.0215515,0.0663662,-0.0104544,,,
86.616,ekf,map,-1.83168,-0.456987,0.436695,0.0990713,0.0988877,-1.90086e-05,0.155084,,
86.616,ekf_predict_only,map,-1.87787,-0.449922,0.392127,32.6892,56.6156,-13.2682,,,
86.616,odom,map,-1.76149,-0.556228,0.471282,0,0,0,,,
86.616,kf,map,-1.83306,-0.458372,0.437286,0.0793935,0.0793935,-5.23444e-29,0.089708,,
86.616,pf,map,-1.84908,-0.425255,0.41412,0.0781083,0.0733818,0.00469899,13.591,768.692,0
86.652,odom,map,-1.76256,-0.560394,0.450624,0,0,0,,,
86.688,odom,map,-1.76389,-0.564647,0.430294,0,0,0,,,
86.724,odom,map,-1.76548,-0.568983,0.410484,0,0,0,,,
86.76,odom,map,-1.76713,-0.573299,0.39076,0,0,0,,,
86.796,odom,map,-1.76891,-0.577626,0.371193,0,0,0,,,
86.832,odom,map,-1.7711,-0.578853,0.351875,0,0,0,,,
86.796,kf,map,-1.84181,-0.461497,0.338507,0.079159,0.079159,-1.9109e-29,0.060667,,
86.796,ekf_predict_only,map,-1.88964,-0.454787,0.296818,32.7984,57.0319,-13.4154,,,
86.796,ekf,map,-1.84051,-0.460261,0.337441,0.0966207,0.096507,-1.41194e-05,0.060375,,
86.796,pf,map,-1.8519,-0.42507,0.311067,0.0741845,0.0720511,0.00365696,7.69675,777.042,0
86.868,odom,map,-1.7736,-0.579744,0.333127,0,0,0,,,
86.904,odom,map,-1.7763,-0.580651,0.314782,0,0,0,,,
86.94,odom,map,-1.77921,-0.581569,0.29667,0,0,0,,,
86.976,odom,map,-1.78217,-0.582446,0.278723,0,0,0,,,
87.012,ekf,map,-1.85666,-0.46471,0.229318,0.0981537,0.0980808,-1.49457e-05,0.103709,,
87.012,kf,map,-1.85787,-0.465903,0.231056,0.0793334,0.0793334,-6.9559e-30,0.067584,,
87.012,odom,map,-1.78534,-0.583,0.261106,0,0,0,,,
87.012,ekf_predict_only,map,-1.90839,-0.460522,0.194415,32.9186,57.6713,-13.6205,,,
87,amcl,map,-1.77603,-0.555595,0.247176,0.0179496,0.0513245,-0.00441073,,,
87.012,pf,map,-1.87537,-0.436716,0.20446,0.0684335,0.0789829,-0.00631741,15.297,771.726,0
87.048,odom,map,-1.7887,-0.582817,0.243185,0,0,0,,,
87.084,odom,map,-1.79216,-0.582595,0.225575,0,0,0,,,
87.12,odom,map,-1.7958,-0.582349,0.208533,0,0,0,,,
87.156,odom,map,-1.79912,-0.581978,0.192538,0,0,0,,,
87.192,odom,map,-1.8012,-0.581324,0.17908,0,0,0,,,
87.228,odom,map,-1.80187,-0.581153,0.168832,0,0,0,,,
87.192,ekf_predict_only,map,-1.90839,-0.460522,0.172258,32.9686,57.7213,-13.6205,,,
87.192,kf,map,-1.86233,-0.465748,0.183862,0.079137,0.079137,-2.54027e-30,0.116333,,
87.192,ekf,map,-1.86278,-0.464897,0.177569,0.0962114,0.0961711,-1.1794e-05,0.171417,,
87.192,pf,map,-1.90007,-0.450196,0.124889,0.0774045,0.0704005,0.00499943,5.24113,783.469,0
87.264,odom,map,-1.80187,-0.581153,0.161412,0,0,0,,,
87.3,odom,map,-1.80187,-0.581153,0.156585,0,0,0,,,
87.336,odom,map,-1.80187,-0.581153,0.15435,0,0,0,,,
87.372,odom,map,-1.80187,-0.581153,0.154181,0,0,0,,,
87.408,odom,map,-1.80131,-0.581052,0.153743,0,0,0,,,
87.408,ekf,map,-1.86627,-0.465135,0.149843,0.0979937,0.0979698,-1.05427e-05,0.066791,,
87.408,ekf_predict_only,map,-1.90839,-0.460522,0.172258,33.0186,57.7713,-13.6205,,,
87.408,kf,map,-1.86529,-0.465689,0.158913,0.0793254,0.0793254,-9.24808e-31,0.056666,,
87.408,pf,map,-1.90931,-0.433756,0.100029,0.0781187,0.0755202,0.00711282,5.79967,781.47,0
87.444,odom,map,-1.79877,-0.5806,0.151776,0,0,0,,,
87.48,odom,map,-1.79624,-0.580148,0.149808,0,0,0,,,
87.516,odom,map,-1.7937,-0.579696,0.14784,0,0,0,,,
87.552,odom,map,-1.79117,-0.579244,0.145873,0,0,0,,,
87.588,odom,map,-1.78863,-0.578792,0.143905,0,0,0,,,
87.588,ekf,map,-1.86797,-0.465334,0.135958,0.0961728,0.0961604,-7.6172e-06,0.066292,,
87.588,ekf_predict_only,map,-1.90839,-0.460522,0.172258,33.0686,57.8213,-13.6205,,,
87.624,odom,map,-1.78772,-0.578629,0.143194,0,0,0,,,
87.588,kf,map,-1.86706,-0.465654,0.143897,0.0791341,0.0791341,-3.37753e-31,0.061417,,
87.588,pf,map,-1.90158,-0.440516,0.0958343,0.0745053,0.0786245,0.00462305,17.1513,770.059,0
87.66,odom,map,-1.78772,-0.578629,0.143194,0,0,0,,,
87.696,odom,map,-1.78772,-0.578629,0.143194,0,0,0,,,
87.732,odom,map,-1.78772,-0.578629,0.143194,0,0,0,,,
87.768,odom,map,-1.78772,-0.578629,0.143194,0,0,0,,,
87.804,odom,map,-1.78777,-0.578431,0.143152,0,0,0,,,
87.804,ekf,map,-1.86886,-0.46546,0.12861,0.0980097,0.0980028,-6.17646e-06,0.06225,,
87.804,ekf_predict_only,map,-1.90839,-0.460522,0.172258,33.1186,57.8713,-13.6205,,,
87.804,kf,map,-1.86814,-0.465632,0.1348,0.0793243,0.0793243,-1.22964e-31,0.133,,
87.804,pf,map,-1.88863,-0.431867,0.102534,0.0739808,0.0786036,0.00359209,5.00229,771.808,0
87.84,odom,map,-1.78866,-0.57487,0.142384,0,0,0,,,
87.876,odom,map,-1.78956,-0.571308,0.141617,0,0,0,,,
87.912,odom,map,-1.79045,-0.567747,0.140849,0,0,0,,,
87.948,odom,map,-1.79135,-0.564186,0.140082,0,0,0,,,
87.984,odom,map,-1.79224,-0.560624,0.139314,0,0,0,,,
87.984,ekf,map,-1.8693,-0.465527,0.124931,0.0962013,0.0961979,-4.1663e-06,0.103208,,
87.984,kf,map,-1.86879,-0.465619,0.129324,0.0791337,0.0791337,-4.49085e-32,0.09375,,
87.984,ekf_predict_only,map,-1.90839,-0.460522,0.172258,33.1686,57.9213,-13.6205,,,
88.02,odom,map,-1.79264,-0.559042,0.138973,0,0,0,,,
87.984,pf,map,-1.8933,-0.44558,0.107049,0.0705894,0.0832085,0.000802814,6.59996,777.005,0
88.056,odom,map,-1.79264,-0.559042,0.138973,0,0,0,,,
88.092,odom,map,-1.79264,-0.559042,0.138973,0,0,0,,,
88.128,odom,map,-1.79264,-0.559042,0.138973,0,0,0,,,
88.164,odom,map,-1.79264,-0.559042,0.138973,0,0,0,,,
88.2,odom,map,-1.79264,-0.559042,0.138973,0,0,0,,,
88.2,kf,map,-1.86918,-0.465611,0.126007,0.0793242,0.0793242,-1.63497e-32,0.063166,,
88.2,ekf_predict_only,map,-1.90839,-0.460522,0.172258,33.2186,57.9713,-13.6205,,,
88.2,ekf,map,-1.86953,-0.465563,0.122985,0.0980423,0.0980404,-3.15691e-06,0.732458,,
88.2,pf,map,-1.90615,-0.443264,0.112022,0.0755927,0.084876,1.9538e-05,4.51233,791.976,0
88.236,odom,map,-1.79264,-0.559042,0.138973,0,0,0,,,
88.272,odom,map,-1.79264,-0.559042,0.138973,0,0,0,,,
88.308,odom,map,-1.79264,-0.559042,0.138973,0,0,0,,,
88.344,odom,map,-1.79264,-0.559042,0.138973,0,0,0,,,
88.38,odom,map,-1.79264,-0.559042,0.138973,0,0,0,,,
88.416,odom,map,-1.79264,-0.559042,0.138973,0,0,0,,,
88.452,odom,map,-1.79264,-0.559042,0.138973,0,0,0,,,
88.488,odom,map,-1.79264,-0.559042,0.138973,0,0,0,,,
88.524,odom,map,-1.79264,-0.559042,0.138973,0,0,0,,,
88.56,odom,map,-1.79264,-0.559042,0.138973,0,0,0,,,
88.596,odom,map,-1.79264,-0.559042,0.138973,0,0,0,,,
88.632,odom,map,-1.79264,-0.559042,0.138973,0,0,0,,,
88.668,odom,map,-1.79264,-0.559042,0.138973,0,0,0,,,
88.704,odom,map,-1.79264,-0.559042,0.138973,0,0,0,,,
88.74,odom,map,-1.79264,-0.559042,0.138973,0,0,0,,,
88.776,odom,map,-1.79264,-0.559042,0.138973,0,0,0,,,
88.812,odom,map,-1.79264,-0.559042,0.138973,0,0,0,,,
88.848,odom,map,-1.79264,-0.559042,0.138973,0,0,0,,,
88.884,odom,map,-1.79264,-0.559042,0.138973,0,0,0,,,
88.92,odom,map,-1.79264,-0.559042,0.138973,0,0,0,,,
88.956,odom,map,-1.79264,-0.559042,0.138973,0,0,0,,,
88.992,odom,map,-1.79264,-0.559042,0.138973,0,0,0,,,
89.028,odom,map,-1.79264,-0.559042,0.138973,0,0,0,,,
89.064,odom,map,-1.79264,-0.559042,0.138973,0,0,0,,,
89.1,odom,map,-1.79264,-0.559042,0.138973,0,0,0,,,
89.136,odom,map,-1.79264,-0.559042,0.138973,0,0,0,,,
89.172,odom,map,-1.79264,-0.559042,0.138973,0,0,0,,,
89.208,odom,map,-1.79264,-0.559042,0.138973,0,0,0,,,
89.244,odom,map,-1.79264,-0.559042,0.138973,0,0,0,,,
89.28,odom,map,-1.79264,-0.559042,0.138973,0,0,0,,,
89.316,odom,map,-1.79264,-0.559042,0.138973,0,0,0,,,
89.352,odom,map,-1.79264,-0.559042,0.138973,0,0,0,,,
89.388,odom,map,-1.79264,-0.559042,0.138973,0,0,0,,,
89.424,odom,map,-1.79264,-0.559042,0.138973,0,0,0,,,
89.46,odom,map,-1.79264,-0.559042,0.138973,0,0,0,,,
89.496,odom,map,-1.79264,-0.559042,0.138973,0,0,0,,,
89.532,odom,map,-1.79264,-0.559042,0.138973,0,0,0,,,
89.568,odom,map,-1.79264,-0.559042,0.138973,0,0,0,,,
89.604,odom,map,-1.79264,-0.559042,0.138973,0,0,0,,,
89.64,odom,map,-1.79264,-0.559042,0.138973,0,0,0,,,
89.676,odom,map,-1.79264,-0.559042,0.138973,0,0,0,,,
89.712,odom,map,-1.79264,-0.559042,0.138973,0,0,0,,,
89.748,odom,map,-1.79264,-0.559042,0.138973,0,0,0,,,
89.784,odom,map,-1.79264,-0.559042,0.138973,0,0,0,,,
89.82,odom,map,-1.79264,-0.559042,0.138973,0,0,0,,,
89.856,odom,map,-1.79264,-0.559042,0.138973,0,0,0,,,
89.892,odom,map,-1.79264,-0.559042,0.138973,0,0,0,,,
89.928,odom,map,-1.79264,-0.559042,0.138973,0,0,0,,,
89.964,odom,map,-1.79264,-0.559042,0.138973,0,0,0,,,
90,odom,map,-1.79264,-0.559042,0.138973,0,0,0,,,
90.036,odom,map,-1.79264,-0.559042,0.138973,0,0,0,,,
90.072,odom,map,-1.79264,-0.559042,0.138973,0,0,0,,,
90.108,odom,map,-1.79264,-0.559042,0.138973,0,0,0,,,
90.144,odom,map,-1.79264,-0.559042,0.138973,0,0,0,,,
90.18,odom,map,-1.79264,-0.559042,0.138973,0,0,0,,,
90.216,odom,map,-1.79264,-0.559042,0.138973,0,0,0,,,
90.252,odom,map,-1.79264,-0.559042,0.138973,0,0,0,,,
90.288,odom,map,-1.79264,-0.559042,0.138973,0,0,0,,,
90.324,odom,map,-1.79264,-0.559042,0.138973,0,0,0,,,
90.36,odom,map,-1.79264,-0.559042,0.138973,0,0,0,,,
90.396,odom,map,-1.79264,-0.559042,0.138973,0,0,0,,,
90.432,odom,map,-1.79264,-0.559042,0.138973,0,0,0,,,
90.468,odom,map,-1.79264,-0.559042,0.138973,0,0,0,,,
90.504,odom,map,-1.79264,-0.559042,0.138973,0,0,0,,,
90.54,odom,map,-1.79264,-0.559042,0.138973,0,0,0,,,
90.576,odom,map,-1.79264,-0.559042,0.138973,0,0,0,,,
90.612,odom,map,-1.79264,-0.559042,0.138973,0,0,0,,,
90.648,odom,map,-1.79264,-0.559042,0.138973,0,0,0,,,
90.684,odom,map,-1.79264,-0.559042,0.138973,0,0,0,,,
90.72,odom,map,-1.79264,-0.559042,0.138973,0,0,0,,,
90.756,odom,map,-1.79264,-0.559042,0.138973,0,0,0,,,
90.792,odom,map,-1.79264,-0.559042,0.138973,0,0,0,,,
90.828,odom,map,-1.79264,-0.559042,0.138973,0,0,0,,,
90.864,odom,map,-1.79264,-0.559042,0.138973,0,0,0,,,
90.9,odom,map,-1.79264,-0.559042,0.138973,0,0,0,,,
90.936,odom,map,-1.79264,-0.559042,0.138973,0,0,0,,,
90.972,odom,map,-1.79264,-0.559042,0.138973,0,0,0,,,
91.008,odom,map,-1.79264,-0.559042,0.138973,0,0,0,,,
91.044,odom,map,-1.79264,-0.559042,0.138973,0,0,0,,,
91.08,odom,map,-1.79264,-0.559042,0.138973,0,0,0,,,
91.116,odom,map,-1.79264,-0.559042,0.138973,0,0,0,,,
91.152,odom,map,-1.79264,-0.559042,0.138973,0,0,0,,,
91.188,odom,map,-1.79264,-0.559042,0.138973,0,0,0,,,
91.224,odom,map,-1.79264,-0.559042,0.138973,0,0,0,,,
91.26,odom,map,-1.79264,-0.559042,0.138973,0,0,0,,,
91.296,odom,map,-1.79264,-0.559042,0.138973,0,0,0,,,
91.332,odom,map,-1.79264,-0.559042,0.138973,0,0,0,,,
91.368,odom,map,-1.79264,-0.559042,0.138973,0,0,0,,,
91.404,odom,map,-1.79264,-0.559042,0.138973,0,0,0,,,
91.44,odom,map,-1.79264,-0.559042,0.138973,0,0,0,,,
91.476,odom,map,-1.79264,-0.559042,0.138973,0,0,0,,,
91.512,odom,map,-1.79264,-0.559042,0.138973,0,0,0,,,
91.548,odom,map,-1.79264,-0.559042,0.138973,0,0,0,,,
91.584,odom,map,-1.79264,-0.559042,0.138973,0,0,0,,,
91.62,odom,map,-1.79264,-0.559042,0.138973,0,0,0,,,
91.656,odom,map,-1.79264,-0.559042,0.138973,0,0,0,,,
91.692,odom,map,-1.79264,-0.559042,0.138973,0,0,0,,,
91.728,odom,map,-1.79264,-0.559042,0.138973,0,0,0,,,
91.764,odom,map,-1.79264,-0.559042,0.138973,0,0,0,,,
91.8,odom,map,-1.79264,-0.559042,0.138973,0,0,0,,,
91.836,odom,map,-1.79264,-0.559042,0.138973,0,0,0,,,
91.872,odom,map,-1.79264,-0.559042,0.138973,0,0,0,,,
91.908,odom,map,-1.79264,-0.559042,0.138973,0,0,0,,,
91.944,odom,map,-1.79264,-0.559042,0.138973,0,0,0,,,
91.98,odom,map,-1.79264,-0.559042,0.138973,0,0,0,,,
92.016,odom,map,-1.79264,-0.559042,0.138973,0,0,0,,,
92.052,odom,map,-1.79264,-0.559042,0.138973,0,0,0,,,
92.088,odom,map,-1.79264,-0.559042,0.138973,0,0,0,,,
92.124,odom,map,-1.79264,-0.559042,0.138973,0,0,0,,,
92.16,odom,map,-1.79264,-0.559042,0.138973,0,0,0,,,
92.196,odom,map,-1.79264,-0.559042,0.138973,0,0,0,,,
92.232,odom,map,-1.79264,-0.559042,0.138973,0,0,0,,,
92.268,odom,map,-1.79264,-0.559042,0.138973,0,0,0,,,
92.304,odom,map,-1.79264,-0.559042,0.138973,0,0,0,,,
92.34,odom,map,-1.79264,-0.559042,0.138973,0,0,0,,,
92.376,odom,map,-1.79264,-0.559042,0.138973,0,0,0,,,
92.412,odom,map,-1.79264,-0.559042,0.138973,0,0,0,,,
92.448,odom,map,-1.79264,-0.559042,0.138973,0,0,0,,,
92.484,odom,map,-1.79264,-0.559042,0.138973,0,0,0,,,
92.52,odom,map,-1.79264,-0.559042,0.138973,0,0,0,,,
92.556,odom,map,-1.79264,-0.559042,0.138973,0,0,0,,,
92.592,odom,map,-1.79264,-0.559042,0.138973,0,0,0,,,
92.628,odom,map,-1.79264,-0.559042,0.138973,0,0,0,,,
92.664,odom,map,-1.79264,-0.559042,0.138973,0,0,0,,,
92.7,odom,map,-1.79264,-0.559042,0.138973,0,0,0,,,
92.736,odom,map,-1.79264,-0.559042,0.138973,0,0,0,,,
92.772,odom,map,-1.79264,-0.559042,0.138973,0,0,0,,,
92.808,odom,map,-1.79264,-0.559042,0.138973,0,0,0,,,
92.844,odom,map,-1.79264,-0.559042,0.138973,0,0,0,,,
92.88,odom,map,-1.79264,-0.559042,0.138973,0,0,0,,,
92.916,odom,map,-1.79264,-0.559042,0.138973,0,0,0,,,
92.952,odom,map,-1.79264,-0.559042,0.138973,0,0,0,,,
92.988,odom,map,-1.79264,-0.559042,0.138973,0,0,0,,,
93.024,odom,map,-1.79264,-0.559042,0.138973,0,0,0,,,
93.06,odom,map,-1.79264,-0.559042,0.138973,0,0,0,,,
93.096,odom,map,-1.79264,-0.559042,0.138973,0,0,0,,,
93.132,odom,map,-1.79264,-0.559042,0.138973,0,0,0,,,
93.168,odom,map,-1.79264,-0.559042,0.138973,0,0,0,,,
93.204,odom,map,-1.79264,-0.559042,0.138973,0,0,0,,,
93.24,odom,map,-1.79264,-0.559042,0.138973,0,0,0,,,
93.276,odom,map,-1.79264,-0.559042,0.138973,0,0,0,,,
93.312,odom,map,-1.79264,-0.559042,0.138973,0,0,0,,,
93.348,odom,map,-1.79264,-0.559042,0.138973,0,0,0,,,
93.384,odom,map,-1.79264,-0.559042,0.138973,0,0,0,,,
93.42,odom,map,-1.79264,-0.559042,0.138973,0,0,0,,,
93.456,odom,map,-1.79264,-0.559042,0.138973,0,0,0,,,
93.492,odom,map,-1.79264,-0.559042,0.138973,0,0,0,,,
