time,source,frame,x,y,theta,cov_xx,cov_yy,cov_xy,runtime_ms,ess,resampling_triggered
4.8,amcl,map,-1.97905,-0.526204,-0.0142275,0.188286,0.224508,-0.0113683,,,
5.802,amcl,map,-2.00738,-0.49875,0.00658328,0.168198,0.207707,-0.00606817,,,
5.832,odom,map,-1.97905,-0.526204,-0.0142275,0,0,0,,,
5.868,odom,map,-1.97905,-0.526204,-0.0142275,0,0,0,,,
5.904,odom,map,-1.97905,-0.526204,-0.0142275,0,0,0,,,
5.94,odom,map,-1.97905,-0.526204,-0.0142275,0,0,0,,,
5.976,odom,map,-1.97905,-0.526204,-0.0142275,0,0,0,,,
6.012,odom,map,-1.97905,-0.526204,-0.0142275,0,0,0,,,
6.048,odom,map,-1.97905,-0.526204,-0.0142275,0,0,0,,,
6.084,odom,map,-1.97905,-0.526204,-0.0142275,0,0,0,,,
6.12,odom,map,-1.97905,-0.526204,-0.0142275,0,0,0,,,
6.156,odom,map,-1.97905,-0.526204,-0.0142275,0,0,0,,,
6.192,odom,map,-1.97905,-0.526204,-0.0142275,0,0,0,,,
6.228,odom,map,-1.97905,-0.526204,-0.0142275,0,0,0,,,
6.264,odom,map,-1.97905,-0.526204,-0.0142275,0,0,0,,,
6.3,odom,map,-1.97905,-0.526204,-0.0142275,0,0,0,,,
6.336,odom,map,-1.97905,-0.526204,-0.0142275,0,0,0,,,
6.372,odom,map,-1.97905,-0.526204,-0.0142275,0,0,0,,,
6.408,odom,map,-1.97905,-0.526204,-0.0142275,0,0,0,,,
6.444,odom,map,-1.97905,-0.526204,-0.0142275,0,0,0,,,
6.48,odom,map,-1.97905,-0.526204,-0.0142275,0,0,0,,,
6.516,odom,map,-1.97905,-0.526204,-0.0142275,0,0,0,,,
6.552,odom,map,-1.97905,-0.526204,-0.0142275,0,0,0,,,
6.588,odom,map,-1.97905,-0.526204,-0.0142275,0,0,0,,,
6.624,odom,map,-1.98229,-0.523063,-0.0118461,0,0,0,,,
6.66,odom,map,-1.98737,-0.518146,-0.00811885,0,0,0,,,
6.696,odom,map,-1.99244,-0.513228,-0.00439155,0,0,0,,,
6.732,odom,map,-1.99751,-0.508311,-0.000664247,0,0,0,,,
6.768,odom,map,-2.00259,-0.503394,0.00306305,0,0,0,,,
6.804,odom,map,-2.00738,-0.49875,0.00658328,0,0,0,,,
6.801,amcl,map,-1.97233,-0.515052,0.000806067,0.193195,0.235998,-0.0145615,,,
6.84,odom,map,-2.00738,-0.49875,0.00658328,0,0,0,,,
6.876,odom,map,-2.00738,-0.49875,0.00658328,0,0,0,,,
6.912,odom,map,-2.00738,-0.49875,0.00658328,0,0,0,,,
6.948,odom,map,-2.00738,-0.49875,0.00658328,0,0,0,,,
6.984,odom,map,-2.00738,-0.49875,0.00658328,0,0,0,,,
7.02,odom,map,-2.00738,-0.49875,0.00658328,0,0,0,,,
7.056,odom,map,-2.00738,-0.49875,0.00658328,0,0,0,,,
7.092,odom,map,-2.00738,-0.49875,0.00658328,0,0,0,,,
7.128,odom,map,-2.00738,-0.49875,0.00658328,0,0,0,,,
7.164,odom,map,-2.00738,-0.49875,0.00658328,0,0,0,,,
7.2,odom,map,-2.00738,-0.49875,0.00658328,0,0,0,,,
7.236,odom,map,-2.00738,-0.49875,0.00658328,0,0,0,,,
7.272,odom,map,-2.00738,-0.49875,0.00658328,0,0,0,,,
7.308,odom,map,-2.00738,-0.49875,0.00658328,0,0,0,,,
7.344,odom,map,-2.00738,-0.49875,0.00658328,0,0,0,,,
7.38,odom,map,-2.00738,-0.49875,0.00658328,0,0,0,,,
7.416,odom,map,-2.00738,-0.49875,0.00658328,0,0,0,,,
7.452,odom,map,-2.00738,-0.49875,0.00658328,0,0,0,,,
7.488,odom,map,-2.00738,-0.49875,0.00658328,0,0,0,,,
7.524,odom,map,-2.00738,-0.49875,0.00658328,0,0,0,,,
7.56,odom,map,-2.00738,-0.49875,0.00658328,0,0,0,,,
7.596,odom,map,-2.00738,-0.49875,0.00658328,0,0,0,,,
7.632,odom,map,-2.0018,-0.501346,0.00566353,0,0,0,,,
7.602,amcl,map,-1.96828,-0.464191,-0.0026879,0.183143,0.236151,-0.0102049,,,
7.668,odom,map,-1.99552,-0.504265,0.0046288,0,0,0,,,
7.704,odom,map,-1.98925,-0.507185,0.00359408,0,0,0,,,
7.74,odom,map,-1.98297,-0.510105,0.00255935,0,0,0,,,
7.776,odom,map,-1.97669,-0.513025,0.00152463,0,0,0,,,
7.812,odom,map,-1.97233,-0.515052,0.000806067,0,0,0,,,
7.848,odom,map,-1.97233,-0.515052,0.000806067,0,0,0,,,
7.884,odom,map,-1.97233,-0.515052,0.000806067,0,0,0,,,
7.92,odom,map,-1.97233,-0.515052,0.000806067,0,0,0,,,
7.956,odom,map,-1.97233,-0.515052,0.000806067,0,0,0,,,
7.992,odom,map,-1.97233,-0.515052,0.000806067,0,0,0,,,
8.028,odom,map,-1.97233,-0.515052,0.000806067,0,0,0,,,
8.064,odom,map,-1.97233,-0.515052,0.000806067,0,0,0,,,
8.1,odom,map,-1.97233,-0.515052,0.000806067,0,0,0,,,
8.136,odom,map,-1.97233,-0.515052,0.000806067,0,0,0,,,
8.172,odom,map,-1.97233,-0.515052,0.000806067,0,0,0,,,
8.208,odom,map,-1.97233,-0.515052,0.000806067,0,0,0,,,
8.244,odom,map,-1.97233,-0.515052,0.000806067,0,0,0,,,
8.28,odom,map,-1.97233,-0.515052,0.000806067,0,0,0,,,
8.316,odom,map,-1.97233,-0.515052,0.000806067,0,0,0,,,
8.352,odom,map,-1.97233,-0.515052,0.000806067,0,0,0,,,
8.388,odom,map,-1.97233,-0.515052,0.000806067,0,0,0,,,
8.424,odom,map,-1.97187,-0.509232,0.000406259,0,0,0,,,
8.46,odom,map,-1.97114,-0.500123,-0.000219527,0,0,0,,,
8.496,odom,map,-1.97042,-0.491014,-0.000845312,0,0,0,,,
8.532,odom,map,-1.96969,-0.481904,-0.0014711,0,0,0,,,
8.568,odom,map,-1.96897,-0.472795,-0.00209688,0,0,0,,,
8.604,odom,map,-1.96828,-0.464191,-0.0026879,0,0,0,,,
8.64,odom,map,-1.96828,-0.464191,-0.0026879,0,0,0,,,
8.676,odom,map,-1.96828,-0.464191,-0.0026879,0,0,0,,,
8.712,odom,map,-1.96828,-0.464191,-0.0026879,0,0,0,,,
8.748,odom,map,-1.96828,-0.464191,-0.0026879,0,0,0,,,
8.784,odom,map,-1.96828,-0.464191,-0.0026879,0,0,0,,,
8.82,odom,map,-1.96828,-0.464191,-0.0026879,0,0,0,,,
8.856,odom,map,-1.96828,-0.464191,-0.0026879,0,0,0,,,
8.892,odom,map,-1.96828,-0.464191,-0.0026879,0,0,0,,,
8.928,odom,map,-1.96828,-0.464191,-0.0026879,0,0,0,,,
8.964,odom,map,-1.96828,-0.464191,-0.0026879,0,0,0,,,
9,odom,map,-1.96828,-0.464191,-0.0026879,0,0,0,,,
9,ekf_predict_only,map,-2,-0.5,0,0.15,0.15,0,,,
9,ekf,map,-2,-0.5,1.11524e-21,0.0671771,0.0671771,0,0.067542,,
9,kf,map,-2,-0.5,1.11524e-21,0.0671771,0.0671771,0,0.071042,,
9,pf,map,-2.06961,-0.566292,-0.0331491,0.0712974,0.0676666,-0.000671015,4.74637,83.0606,1
9.036,odom,map,-1.96828,-0.464191,-0.0026879,0,0,0,,,
9.072,odom,map,-1.96828,-0.464191,-0.0026879,0,0,0,,,
9.108,odom,map,-1.96828,-0.464191,-0.0026879,0,0,0,,,
9.144,odom,map,-1.96828,-0.464191,-0.0026879,0,0,0,,,
9.18,odom,map,-1.96828,-0.464191,-0.0026879,0,0,0,,,
9.216,odom,map,-1.96828,-0.464191,-0.0026879,0,0,0,,,
9.216,ekf_predict_only,map,-2,-0.5,0,0.25,0.25,0,,,
9.216,ekf,map,-2,-0.5,3.71601e-21,0.0642218,0.0642218,0,0.0545,,
9.216,kf,map,-2,-0.5,3.6752e-21,0.063214,0.063214,0,0.087166,,
9.216,pf,map,-2.06138,-0.541671,-0.0011221,0.0456009,0.0443857,0.0018371,5.13492,440.905,1
9.252,odom,map,-1.96828,-0.464191,-0.0026879,0,0,0,,,
9.288,odom,map,-1.96828,-0.464191,-0.0026879,0,0,0,,,
9.324,odom,map,-1.96828,-0.464191,-0.0026879,0,0,0,,,
9.36,odom,map,-1.96828,-0.464191,-0.0026879,0,0,0,,,
9.396,odom,map,-1.96828,-0.464191,-0.0026879,0,0,0,,,
9.396,ekf_predict_only,map,-2,-0.5,0,0.35,0.35,0,,,
9.396,ekf,map,-2,-0.5,-2.7401e-22,0.0642905,0.0642905,0,0.078458,,
9.432,odom,map,-1.96828,-0.464191,-0.0026879,0,0,0,,,
9.396,kf,map,-2,-0.5,-1.76345e-22,0.0624701,0.0624701,0,0.075583,,
9.396,pf,map,-2.04665,-0.513306,0.018161,0.0408795,0.0378243,0.00163892,6.44504,490.016,1
9.468,odom,map,-1.96828,-0.464191,-0.0026879,0,0,0,,,
9.504,odom,map,-1.96828,-0.464191,-0.0026879,0,0,0,,,
9.54,odom,map,-1.96828,-0.464191,-0.0026879,0,0,0,,,
9.576,odom,map,-1.96828,-0.464191,-0.0026879,0,0,0,,,
9.612,odom,map,-1.96796,-0.464192,-0.00245629,0,0,0,,,
9.612,ekf_predict_only,map,-1.98946,-0.5,0.00219712,0.45,0.450019,0,,,
9.612,ekf,map,-1.99618,-0.500002,0.000903705,0.0658056,0.0658059,8.48157e-29,0.064125,,
9.612,kf,map,-1.99585,-0.5,0.000967382,0.0625658,0.0625658,0,0.056667,,
9.612,pf,map,-2.03052,-0.527941,0.0281184,0.0376605,0.0368573,0.00204343,10.9401,534.49,1
9.648,odom,map,-1.96639,-0.464196,-0.00192356,0,0,0,,,
9.684,odom,map,-1.96369,-0.4642,-0.00120085,0,0,0,,,
9.72,odom,map,-1.96056,-0.464203,-0.000913996,0,0,0,,,
9.756,odom,map,-1.95623,-0.464208,-0.00169661,0,0,0,,,
9.792,odom,map,-1.95103,-0.46422,-0.00291217,0,0,0,,,
9.828,odom,map,-1.94533,-0.46424,-0.00421617,0,0,0,,,
9.792,kf,map,-1.97696,-0.499979,-0.00222886,0.0623786,0.0623786,0,0.109709,,
9.792,ekf,map,-1.9776,-0.499965,-0.00206561,0.0658516,0.0658549,-2.36785e-09,0.116125,,
9.792,ekf_predict_only,map,-1.96096,-0.499937,-0.00432287,0.55,0.5503,-5.04789e-07,,,
9.792,pf,map,-2.03676,-0.522501,0.0219055,0.0414677,0.0380367,-0.0011827,7.2795,541.016,1
9.864,odom,map,-1.9394,-0.46427,-0.00592139,0,0,0,,,
9.9,odom,map,-1.93273,-0.464318,-0.00849149,0,0,0,,,
9.936,odom,map,-1.92553,-0.464389,-0.0114299,0,0,0,,,
9.972,odom,map,-1.9182,-0.464484,-0.0144307,0,0,0,,,
10.008,odom,map,-1.91057,-0.464607,-0.0176369,0,0,0,,,
10.008,ekf_predict_only,map,-1.91332,-0.500143,-0.0265143,0.65,0.651681,3.14809e-06,,,
10.008,ekf,map,-1.93861,-0.500162,-0.0171169,0.0672705,0.0672859,9.83138e-09,0.138959,,
10.008,kf,map,-1.93783,-0.500194,-0.0174896,0.062553,0.062553,0,0.059958,,
10.008,pf,map,-1.98543,-0.501785,-0.000690972,0.0362629,0.0326948,-0.00442137,9.62546,519.745,1
10.044,odom,map,-1.90268,-0.46476,-0.0212029,0,0,0,,,
10.08,odom,map,-1.89463,-0.464945,-0.0248813,0,0,0,,,
10.116,odom,map,-1.88645,-0.465164,-0.0285394,0,0,0,,,
10.152,odom,map,-1.87819,-0.465415,-0.0322937,0,0,0,,,
10.188,odom,map,-1.86968,-0.465707,-0.0363258,0,0,0,,,
10.188,ekf_predict_only,map,-1.86991,-0.501295,-0.0486365,0.750001,0.754101,4.50533e-05,,,
10.188,kf,map,-1.89877,-0.501139,-0.0358855,0.0623767,0.0623767,0,0.059875,,
10.224,odom,map,-1.86101,-0.466041,-0.0407199,0,0,0,,,
10.188,ekf,map,-1.89933,-0.501106,-0.0354988,0.0668,0.0668252,1.49502e-07,0.209166,,
10.188,pf,map,-1.93343,-0.519139,-0.0169753,0.0413561,0.0403869,-0.000284924,6.36408,538.71,1
10.26,odom,map,-1.85233,-0.466414,-0.0451443,0,0,0,,,
10.296,odom,map,-1.84358,-0.466829,-0.0497947,0,0,0,,,
10.332,odom,map,-1.83474,-0.467292,-0.054783,0,0,0,,,
10.368,odom,map,-1.82583,-0.467803,-0.0597595,0,0,0,,,
10.404,odom,map,-1.81691,-0.468358,-0.0647071,0,0,0,,,
10.404,ekf_predict_only,map,-1.81637,-0.503901,-0.0783218,0.850005,0.858889,0.000209363,,,
10.404,kf,map,-1.84734,-0.503499,-0.0633491,0.0625528,0.0625528,0,0.108625,,
10.404,ekf,map,-1.84771,-0.5035,-0.0630334,0.0680443,0.0680908,6.94665e-07,0.067709,,
10.404,pf,map,-1.88129,-0.514489,-0.0425525,0.0345043,0.0413665,0.00122491,7.62863,513.583,1
10.44,odom,map,-1.80796,-0.468961,-0.0697147,0,0,0,,,
10.476,odom,map,-1.79906,-0.469605,-0.0747639,0,0,0,,,
10.512,odom,map,-1.79021,-0.470291,-0.0798989,0,0,0,,,
10.548,odom,map,-1.78135,-0.471023,-0.0850841,0,0,0,,,
10.584,odom,map,-1.77252,-0.471799,-0.0903397,0,0,0,,,
10.62,odom,map,-1.76375,-0.472617,-0.0953084,0,0,0,,,
10.584,ekf_predict_only,map,-1.77247,-0.507346,-0.102424,0.95002,0.964494,0.000521416,,,
10.584,kf,map,-1.80391,-0.506782,-0.0875765,0.0623767,0.0623767,0,0.061,,
10.584,ekf,map,-1.80407,-0.506821,-0.0874853,0.0672736,0.067323,1.28309e-06,0.27675,,
10.584,pf,map,-1.85518,-0.513852,-0.0725765,0.0404518,0.0431197,5.4071e-05,4.98021,528.687,1
10.656,odom,map,-1.75491,-0.473483,-0.10022,0,0,0,,,
10.692,odom,map,-1.74609,-0.474392,-0.105104,0,0,0,,,
10.728,odom,map,-1.7374,-0.475329,-0.109865,0,0,0,,,
10.764,odom,map,-1.72868,-0.476312,-0.11451,0,0,0,,,
10.8,odom,map,-1.71998,-0.477333,-0.119094,0,0,0,,,
10.8,ekf_predict_only,map,-1.72037,-0.512702,-0.129922,1.05006,1.07338,0.0011909,,,
10.8,ekf,map,-1.75174,-0.512143,-0.11596,0.0684155,0.0684825,2.79264e-06,0.14575,,
10.8,kf,map,-1.75169,-0.512058,-0.115907,0.0625527,0.0625527,0,0.055208,,
10.8,pf,map,-1.801,-0.510555,-0.117341,0.0432438,0.0333005,-0.000526441,8.689,534.618,1
10.836,odom,map,-1.71139,-0.478381,-0.12359,0,0,0,,,
10.872,odom,map,-1.70288,-0.479457,-0.128,0,0,0,,,
10.908,odom,map,-1.69442,-0.480564,-0.132281,0,0,0,,,
10.944,odom,map,-1.68603,-0.481699,-0.136481,0,0,0,,,
10.98,odom,map,-1.67764,-0.482868,-0.140409,0,0,0,,,
11.016,odom,map,-1.66925,-0.48407,-0.144306,0,0,0,,,
11.016,ekf_predict_only,map,-1.66997,-0.519286,-0.153302,1.15016,1.18454,0.00227483,,,
11.016,kf,map,-1.70102,-0.518648,-0.140746,0.0625774,0.0625774,0,0.063958,,
11.016,ekf,map,-1.70102,-0.51876,-0.140909,0.0687569,0.0688291,4.23542e-06,0.399292,,
11.016,pf,map,-1.7321,-0.529732,-0.13131,0.0363476,0.037056,0.00345108,9.73108,527.917,1
11.001,amcl,map,-1.67317,-0.472842,-0.143536,0.146354,0.219156,-0.0227016,,,
11.052,odom,map,-1.6609,-0.485299,-0.147903,0,0,0,,,
11.088,odom,map,-1.65261,-0.486548,-0.151206,0,0,0,,,
11.124,odom,map,-1.64438,-0.487816,-0.154382,0,0,0,,,
11.16,odom,map,-1.63615,-0.48911,-0.157555,0,0,0,,,
11.196,odom,map,-1.62787,-0.490439,-0.160501,0,0,0,,,
11.196,ekf_predict_only,map,-1.62793,-0.525783,-0.166013,1.25029,1.29595,0.00360296,,,
11.196,ekf,map,-1.65932,-0.525161,-0.156454,0.0675572,0.0676183,4.70366e-06,0.06725,,
11.196,kf,map,-1.65928,-0.525063,-0.156174,0.0623802,0.0623802,0,0.060958,,
11.232,odom,map,-1.6195,-0.491806,-0.163113,0,0,0,,,
11.196,pf,map,-1.69888,-0.52404,-0.152974,0.0402308,0.0385861,0.00185279,10.0178,524.988,1
11.268,odom,map,-1.61112,-0.493194,-0.165698,0,0,0,,,
11.304,odom,map,-1.60277,-0.494602,-0.168312,0,0,0,,,
11.34,odom,map,-1.59427,-0.496057,-0.17061,0,0,0,,,
11.376,odom,map,-1.58565,-0.497551,-0.172455,0,0,0,,,
11.412,odom,map,-1.57684,-0.499092,-0.17396,0,0,0,,,
11.412,ekf_predict_only,map,-1.57469,-0.534702,-0.174618,1.35057,1.41344,0.00587865,,,
11.412,ekf,map,-1.6077,-0.533799,-0.169321,0.0685705,0.068644,7.36448e-06,0.056958,,
11.412,kf,map,-1.60753,-0.533703,-0.168841,0.0625532,0.0625532,0,0.064584,,
11.412,pf,map,-1.66196,-0.537472,-0.150583,0.0398576,0.0423032,0.000981434,6.41933,524.82,1
11.448,odom,map,-1.56798,-0.500656,-0.175394,0,0,0,,,
11.484,odom,map,-1.55908,-0.502238,-0.176462,0,0,0,,,
11.52,odom,map,-1.55011,-0.503842,-0.177253,0,0,0,,,
11.556,odom,map,-1.5411,-0.505459,-0.177437,0,0,0,,,
11.592,odom,map,-1.53209,-0.507073,-0.177223,0,0,0,,,
11.628,odom,map,-1.52304,-0.508691,-0.176544,0,0,0,,,
11.592,kf,map,-1.56313,-0.541605,-0.170829,0.0623768,0.0623768,0,0.0605,,
11.592,ekf_predict_only,map,-1.5294,-0.542692,-0.170462,1.4509,1.53118,0.00838013,,,
11.592,ekf,map,-1.56327,-0.541709,-0.171497,0.0675726,0.0676372,7.71501e-06,0.059709,,
11.592,pf,map,-1.6143,-0.55035,-0.167502,0.0436118,0.0373523,-0.00158271,8.97508,509.067,1
11.664,odom,map,-1.51394,-0.510311,-0.175467,0,0,0,,,
11.7,odom,map,-1.50471,-0.511939,-0.173766,0,0,0,,,
11.736,odom,map,-1.49547,-0.513552,-0.171906,0,0,0,,,
11.772,odom,map,-1.4861,-0.515168,-0.169685,0,0,0,,,
11.808,odom,map,-1.47655,-0.516375,-0.167109,0,0,0,,,
11.808,ekf,map,-1.50732,-0.551473,-0.161538,0.0686393,0.0687191,1.10769e-05,0.058875,,
11.808,kf,map,-1.5071,-0.551387,-0.160736,0.0625528,0.0625528,0,0.056458,,
11.808,ekf_predict_only,map,-1.47167,-0.552629,-0.154269,1.55143,1.65795,0.0122385,,,
11.808,pf,map,-1.54345,-0.564671,-0.145463,0.0426988,0.0432841,-0.00109128,8.25542,529.934,1
11.844,odom,map,-1.4667,-0.516147,-0.164624,0,0,0,,,
11.88,odom,map,-1.45639,-0.51597,-0.161933,0,0,0,,,
11.916,odom,map,-1.44572,-0.515823,-0.159052,0,0,0,,,
11.952,odom,map,-1.43468,-0.515705,-0.156164,0,0,0,,,
11.988,odom,map,-1.42327,-0.515614,-0.153319,0,0,0,,,
11.988,ekf,map,-1.45226,-0.560262,-0.148655,0.0676274,0.0677032,1.14475e-05,0.0575,,
11.988,kf,map,-1.45182,-0.56026,-0.148164,0.0623767,0.0623767,0,0.065042,,
12.024,odom,map,-1.41151,-0.516737,-0.150325,0,0,0,,,
11.988,ekf_predict_only,map,-1.41208,-0.561896,-0.138931,1.65206,1.7908,0.0168228,,,
11.988,pf,map,-1.48462,-0.564452,-0.13883,0.0428175,0.0428219,-0.00257551,5.425,500.986,1
12,amcl,map,-1.42866,-0.533369,-0.157853,0.120272,0.187112,-0.0159717,,,
12.06,odom,map,-1.39958,-0.518525,-0.147258,0,0,0,,,
12.096,odom,map,-1.38736,-0.52032,-0.144343,0,0,0,,,
12.132,odom,map,-1.37476,-0.522133,-0.141365,0,0,0,,,
12.168,odom,map,-1.36189,-0.523943,-0.138196,0,0,0,,,
12.204,odom,map,-1.34889,-0.52573,-0.134845,0,0,0,,,
12.204,ekf_predict_only,map,-1.33086,-0.573254,-0.119081,1.75302,1.9447,0.0240268,,,
12.204,ekf,map,-1.37719,-0.570997,-0.130517,0.0686875,0.0687957,1.69243e-05,0.878042,,
12.204,kf,map,-1.37648,-0.571088,-0.130183,0.0625527,0.0625527,0,0.064333,,
12.204,pf,map,-1.40412,-0.555944,-0.132661,0.0397826,0.0377744,-0.00381349,5.55079,539.978,1
12.24,odom,map,-1.33556,-0.527515,-0.131526,0,0,0,,,
12.276,odom,map,-1.32173,-0.529319,-0.127943,0,0,0,,,
12.312,odom,map,-1.30762,-0.531109,-0.12438,0,0,0,,,
12.348,odom,map,-1.29338,-0.532864,-0.120861,0,0,0,,,
12.384,odom,map,-1.27885,-0.534601,-0.117107,0,0,0,,,
12.384,ekf,map,-1.30752,-0.579563,-0.112762,0.0676574,0.0677693,1.70837e-05,0.06375,,
12.384,kf,map,-1.30687,-0.579664,-0.112511,0.0623767,0.0623767,0,0.10325,,
12.42,odom,map,-1.2641,-0.536307,-0.113276,0,0,0,,,
12.384,ekf_predict_only,map,-1.25616,-0.582191,-0.0996605,1.85393,2.1041,0.0313782,,,
12.384,pf,map,-1.34452,-0.575077,-0.101631,0.0430121,0.0420382,-0.00242035,4.85729,553.607,1
12.456,odom,map,-1.24909,-0.537986,-0.109459,0,0,0,,,
12.492,odom,map,-1.23403,-0.539611,-0.105465,0,0,0,,,
12.528,odom,map,-1.21896,-0.541176,-0.101429,0,0,0,,,
12.564,odom,map,-1.20388,-0.54268,-0.0973545,0,0,0,,,
12.6,odom,map,-1.18895,-0.544106,-0.0931626,0,0,0,,,
12.6,ekf_predict_only,map,-1.167,-0.591106,-0.0751776,1.95498,2.28811,0.0408236,,,
12.6,ekf,map,-1.21949,-0.588617,-0.0891936,0.0687109,0.0688689,2.26043e-05,0.062291,,
12.6,kf,map,-1.21915,-0.588728,-0.0890239,0.0625527,0.0625527,0,0.057042,,
12.6,pf,map,-1.27301,-0.599039,-0.0821398,0.0374816,0.0407291,0.000443657,4.95771,502.168,1
12.636,odom,map,-1.17408,-0.545465,-0.0890577,0,0,0,,,
12.672,odom,map,-1.15927,-0.546756,-0.0848596,0,0,0,,,
12.708,odom,map,-1.14452,-0.547979,-0.0805775,0,0,0,,,
12.744,odom,map,-1.12978,-0.549138,-0.0764009,0,0,0,,,
12.78,odom,map,-1.11519,-0.550224,-0.0721961,0,0,0,,,
12.816,odom,map,-1.10139,-0.552625,-0.0683268,0,0,0,,,
12.816,ekf_predict_only,map,-1.08051,-0.597621,-0.0495331,2.05584,2.48396,0.0501494,,,
12.816,ekf,map,-1.13213,-0.59539,-0.0641254,0.0689581,0.0691363,2.32705e-05,0.103166,,
12.816,kf,map,-1.13209,-0.595509,-0.0640155,0.0625774,0.0625774,0,0.056708,,
12.801,amcl,map,-1.12231,-0.581391,-0.0802335,0.101454,0.161917,-0.0254991,,,
12.816,pf,map,-1.18131,-0.596409,-0.0481492,0.041445,0.0345296,-0.00204645,8.63496,527.604,1
12.852,odom,map,-1.08869,-0.557156,-0.0650519,0,0,0,,,
12.888,odom,map,-1.07611,-0.561648,-0.0617985,0,0,0,,,
12.924,odom,map,-1.0637,-0.566097,-0.0585985,0,0,0,,,
12.96,odom,map,-1.05154,-0.570499,-0.0552618,0,0,0,,,
12.996,odom,map,-1.03947,-0.574863,-0.0518348,0,0,0,,,
12.996,ekf_predict_only,map,-1.0127,-0.600983,-0.0258723,2.15632,2.66949,0.0570814,,,
12.996,kf,map,-1.06231,-0.59917,-0.0419475,0.0623802,0.0623802,0,0.357791,,
13.032,odom,map,-1.02604,-0.575943,-0.0472721,0,0,0,,,
12.996,ekf,map,-1.06216,-0.599094,-0.0421125,0.0676719,0.0678265,1.80355e-05,0.058542,,
12.996,pf,map,-1.10724,-0.596529,-0.0366096,0.0371154,0.0435561,-0.00119376,16.1834,537.77,1
13.068,odom,map,-1.01258,-0.576548,-0.0423817,0,0,0,,,
13.104,odom,map,-0.999223,-0.577079,-0.0371252,0,0,0,,,
13.14,odom,map,-0.985863,-0.57754,-0.0317653,0,0,0,,,
13.176,odom,map,-0.972569,-0.577926,-0.0262527,0,0,0,,,
13.212,odom,map,-0.959364,-0.578235,-0.0205286,0,0,0,,,
13.212,ekf_predict_only,map,-0.933556,-0.603031,0.00866252,2.25662,2.88148,0.0643689,,,
13.212,ekf,map,-0.981492,-0.60148,-0.0102567,0.0686564,0.0688407,1.81626e-05,0.066875,,
13.212,kf,map,-0.981689,-0.601558,-0.00996373,0.0625532,0.0625532,0,0.14325,,
13.212,pf,map,-1.0229,-0.593275,0.0128499,0.0417796,0.039829,-0.000345347,4.63125,531.974,1
13.248,odom,map,-0.946171,-0.578468,-0.0147728,0,0,0,,,
13.284,odom,map,-0.93311,-0.578622,-0.00851732,0,0,0,,,
13.32,odom,map,-0.920137,-0.578684,-0.000723625,0,0,0,,,
13.356,odom,map,-0.907183,-0.578637,0.00817787,0,0,0,,,
13.392,odom,map,-0.894353,-0.578471,0.0178408,0,0,0,,,
13.428,odom,map,-0.881585,-0.57818,0.0277814,0,0,0,,,
13.392,kf,map,-0.916544,-0.60123,0.0317172,0.0623768,0.0623768,0,0.058542,,
13.392,ekf,map,-0.916373,-0.601227,0.0309552,0.0676226,0.0677788,1.26537e-05,0.055417,,
13.392,ekf_predict_only,map,-0.869702,-0.602477,0.0583656,2.35654,3.08181,0.0686953,,,
13.392,pf,map,-0.955114,-0.601677,0.0379988,0.0361012,0.0412284,-0.00168347,7.567,522.208,1
13.464,odom,map,-0.868779,-0.577759,0.0381972,0,0,0,,,
13.5,odom,map,-0.856038,-0.577198,0.0498651,0,0,0,,,
13.536,odom,map,-0.843316,-0.576485,0.0622266,0,0,0,,,
13.572,odom,map,-0.830708,-0.575619,0.0750587,0,0,0,,,
13.608,ekf,map,-0.83998,-0.597055,0.100685,0.0686765,0.0688562,1.01513e-05,0.056167,,
13.608,odom,map,-0.818394,-0.575092,0.0878043,0,0,0,,,
13.608,ekf_predict_only,map,-0.794242,-0.598068,0.136039,2.45591,3.31244,0.0702871,,,
13.608,kf,map,-0.840122,-0.597113,0.101666,0.0625528,0.0625528,0,0.057167,,
13.602,amcl,map,-0.83887,-0.58622,0.070766,0.0882195,0.14236,-0.010852,,,
13.608,pf,map,-0.869522,-0.580165,0.103667,0.0422419,0.0377981,-0.00107818,7.97671,520.275,1
13.644,odom,map,-0.806975,-0.576161,0.100532,0,0,0,,,
13.68,odom,map,-0.795723,-0.577092,0.11414,0,0,0,,,
13.716,odom,map,-0.784708,-0.577888,0.128385,0,0,0,,,
13.752,odom,map,-0.773763,-0.578528,0.142831,0,0,0,,,
13.788,odom,map,-0.762971,-0.579022,0.157666,0,0,0,,,
13.824,odom,map,-0.7516,-0.577888,0.173513,0,0,0,,,
13.788,kf,map,-0.77962,-0.589134,0.176006,0.0623767,0.0623767,0,0.061625,,
13.788,ekf,map,-0.779454,-0.589049,0.175056,0.0676486,0.0677964,4.34243e-06,0.152042,,
13.788,ekf_predict_only,map,-0.7353,-0.59,0.218008,2.55487,3.52392,0.0664396,,,
13.788,pf,map,-0.828734,-0.58431,0.18092,0.0434066,0.0366657,-0.00187047,9.12475,525.768,1
13.86,odom,map,-0.739983,-0.575754,0.190079,0,0,0,,,
13.896,odom,map,-0.728501,-0.573445,0.206844,0,0,0,,,
13.932,odom,map,-0.717149,-0.570962,0.223907,0,0,0,,,
13.968,odom,map,-0.706113,-0.568348,0.241445,0,0,0,,,
14.004,odom,map,-0.695313,-0.565587,0.25921,0,0,0,,,
14.004,ekf_predict_only,map,-0.670577,-0.575662,0.325222,2.65343,3.7563,0.0550215,,,
14.004,ekf,map,-0.71197,-0.574294,0.276106,0.0687029,0.0688651,-1.62122e-06,0.106416,,
14.004,kf,map,-0.712244,-0.574535,0.276998,0.0625527,0.0625527,0,0.0665,,
14.004,pf,map,-0.741069,-0.587923,0.294295,0.039555,0.0366462,0.00433199,5.35588,516.249,1
14.04,odom,map,-0.684781,-0.562694,0.277223,0,0,0,,,
14.076,odom,map,-0.674607,-0.559698,0.295469,0,0,0,,,
14.112,odom,map,-0.664604,-0.556554,0.313785,0,0,0,,,
14.148,odom,map,-0.654981,-0.553332,0.332371,0,0,0,,,
14.184,odom,map,-0.645511,-0.549965,0.351011,0,0,0,,,
14.184,kf,map,-0.663003,-0.558254,0.367763,0.0623767,0.0623767,0,0.065042,,
14.22,odom,map,-0.636298,-0.546493,0.369905,0,0,0,,,
14.184,ekf,map,-0.662677,-0.557963,0.367108,0.0676665,0.067792,-6.3157e-06,0.054625,,
14.184,ekf_predict_only,map,-0.624678,-0.560185,0.420444,2.75248,3.95674,0.0395032,,,
14.202,amcl,map,-0.657632,-0.559916,0.351504,0.0721482,0.102972,-0.00775161,,,
14.184,pf,map,-0.708085,-0.535737,0.374585,0.0391542,0.0393507,0.00163576,9.59596,530.564,1
14.256,odom,map,-0.627494,-0.542984,0.388946,0,0,0,,,
14.292,odom,map,-0.619157,-0.539475,0.408006,0,0,0,,,
14.328,odom,map,-0.611111,-0.535906,0.427161,0,0,0,,,
14.364,odom,map,-0.603195,-0.53221,0.446374,0,0,0,,,
14.4,odom,map,-0.595484,-0.528429,0.465716,0,0,0,,,
14.4,ekf,map,-0.613565,-0.53623,0.48106,0.0687188,0.0688433,-1.27506e-05,0.058291,,
14.4,kf,map,-0.614071,-0.536713,0.481543,0.0625527,0.0625527,0,0.058291,,
14.4,ekf_predict_only,map,-0.580705,-0.540524,0.537171,2.8522,4.15827,0.0171189,,,
14.4,pf,map,-0.648869,-0.553285,0.48884,0.0438246,0.0390046,0.000451448,4.85629,544.069,1
14.436,odom,map,-0.59021,-0.524886,0.483412,0,0,0,,,
14.472,odom,map,-0.585405,-0.521419,0.501143,0,0,0,,,
14.508,odom,map,-0.580922,-0.517982,0.51895,0,0,0,,,
14.544,odom,map,-0.576795,-0.514611,0.536855,0,0,0,,,
14.58,odom,map,-0.57307,-0.511344,0.554889,0,0,0,,,
14.616,odom,map,-0.568696,-0.507936,0.573646,0,0,0,,,
14.616,ekf_predict_only,map,-0.546131,-0.519933,0.656318,2.95306,4.34188,-0.00850403,,,
14.616,kf,map,-0.575326,-0.513958,0.598859,0.0625774,0.0625774,0,0.059125,,
14.616,ekf,map,-0.574848,-0.513398,0.598531,0.0689653,0.0690673,-1.58592e-05,0.054375,,
14.601,amcl,map,-0.578062,-0.529571,0.578032,0.0572614,0.0636657,-0.00546583,,,
14.616,pf,map,-0.625605,-0.486285,0.599702,0.0402843,0.035212,0.00097147,13.184,523.003,1
14.652,odom,map,-0.563255,-0.504344,0.593439,0,0,0,,,
14.688,odom,map,-0.558216,-0.500874,0.613248,0,0,0,,,
14.724,odom,map,-0.553552,-0.497522,0.633196,0,0,0,,,
14.76,odom,map,-0.548989,-0.494102,0.653163,0,0,0,,,
14.796,odom,map,-0.544635,-0.490702,0.673138,0,0,0,,,
14.832,odom,map,-0.540765,-0.487554,0.692934,0,0,0,,,
14.796,ekf,map,-0.551483,-0.495659,0.697283,0.0676777,0.0677433,-1.35054e-05,0.108125,,
14.796,kf,map,-0.551932,-0.496194,0.697407,0.0623802,0.0623802,0,0.055375,,
14.796,ekf_predict_only,map,-0.527008,-0.505204,0.755114,3.05443,4.48961,-0.0277694,,,
14.796,pf,map,-0.609808,-0.468368,0.698753,0.0368438,0.0365622,0.000877609,10.0421,538.121,1
14.868,odom,map,-0.5372,-0.484535,0.71262,0,0,0,,,
14.904,odom,map,-0.533891,-0.481618,0.732208,0,0,0,,,
14.94,odom,map,-0.530669,-0.478665,0.751783,0,0,0,,,
14.976,odom,map,-0.527687,-0.475824,0.771223,0,0,0,,,
15.012,ekf_predict_only,map,-0.512014,-0.491091,0.869959,3.15635,4.62779,-0.046757,,,
15.012,odom,map,-0.525407,-0.4739,0.790449,0,0,0,,,
15.012,ekf,map,-0.532332,-0.477895,0.813763,0.068663,0.0687172,-1.43228e-05,0.086708,,
15.012,kf,map,-0.532795,-0.478505,0.813662,0.0625532,0.0625532,0,0.053083,,
15,amcl,map,-0.537153,-0.498309,0.7691,0.039149,0.0435765,-0.000118457,,,
15.012,pf,map,-0.567926,-0.444616,0.834574,0.035189,0.0374035,0.00172307,5.75867,525.435,1
15.048,odom,map,-0.523852,-0.47336,0.809787,0,0,0,,,
15.084,odom,map,-0.522498,-0.472939,0.829037,0,0,0,,,
15.12,odom,map,-0.521438,-0.472751,0.848189,0,0,0,,,
15.156,odom,map,-0.520682,-0.472831,0.867011,0,0,0,,,
15.192,odom,map,-0.519995,-0.472921,0.885795,0,0,0,,,
15.228,odom,map,-0.518825,-0.471705,0.90413,0,0,0,,,
15.192,ekf_predict_only,map,-0.505058,-0.482847,0.960381,3.25775,4.74574,-0.0579848,,,
15.192,kf,map,-0.522928,-0.467145,0.907067,0.0623768,0.0623768,0,0.059459,,
15.192,ekf,map,-0.522577,-0.466645,0.907351,0.0676277,0.0676609,-1.02365e-05,0.059792,,
15.192,pf,map,-0.579388,-0.425752,0.919389,0.0407981,0.0410952,-0.00148979,10.8817,554.485,1
15.264,odom,map,-0.517594,-0.470112,0.921991,0,0,0,,,
15.3,odom,map,-0.516466,-0.468598,0.939678,0,0,0,,,
15.336,odom,map,-0.515532,-0.467296,0.957133,0,0,0,,,
15.372,odom,map,-0.514658,-0.466032,0.97456,0,0,0,,,
15.408,odom,map,-0.514053,-0.465295,0.992427,0,0,0,,,
15.408,ekf_predict_only,map,-0.500856,-0.47684,1.0648,3.35891,4.85665,-0.0661926,,,
15.408,kf,map,-0.516497,-0.458246,1.01367,0.0625528,0.0625528,0,0.057792,,
15.408,ekf,map,-0.516203,-0.45778,1.01398,0.0686813,0.0687071,-9.01173e-06,0.710833,,
15.402,amcl,map,-0.506939,-0.470016,0.964123,0.0348917,0.0288866,-0.000156555,,,
15.408,pf,map,-0.539207,-0.439571,1.0351,0.0426135,0.0417252,0.00177271,5.76033,506.757,1
15.444,odom,map,-0.514034,-0.465986,1.01153,0,0,0,,,
15.48,odom,map,-0.51414,-0.466831,1.03024,0,0,0,,,
15.516,odom,map,-0.514344,-0.467799,1.04875,0,0,0,,,
15.552,odom,map,-0.514626,-0.468867,1.06722,0,0,0,,,
15.588,odom,map,-0.514979,-0.47003,1.0852,0,0,0,,,
15.624,odom,map,-0.515007,-0.470248,1.10153,0,0,0,,,
15.588,ekf_predict_only,map,-0.499961,-0.475225,1.14229,3.45924,4.95898,-0.0683892,,,
15.588,kf,map,-0.51433,-0.4546,1.09506,0.0623767,0.0623767,0,0.160083,,
15.588,ekf,map,-0.514136,-0.454272,1.09549,0.0676516,0.0676669,-5.68056e-06,1.08867,,
15.588,pf,map,-0.561873,-0.436025,1.11215,0.0400509,0.0383649,-0.000837534,9.14721,518.542,1
15.66,odom,map,-0.514888,-0.470009,1.11684,0,0,0,,,
15.696,odom,map,-0.514797,-0.46982,1.13204,0,0,0,,,
15.732,odom,map,-0.514727,-0.469668,1.14678,0,0,0,,,
15.768,odom,map,-0.514725,-0.469662,1.16111,0,0,0,,,
15.804,odom,map,-0.514779,-0.469783,1.17458,0,0,0,,,
15.804,ekf,map,-0.513565,-0.453196,1.18315,0.0687048,0.0687164,-4.49132e-06,0.060666,,
15.804,kf,map,-0.513711,-0.453456,1.18237,0.0625527,0.0625527,0,0.18475,,
15.804,ekf_predict_only,map,-0.500186,-0.475717,1.22303,3.55914,5.0584,-0.0677255,,,
15.804,pf,map,-0.555714,-0.445125,1.19048,0.0369883,0.0391656,1.00624e-05,5.46521,528.481,1
15.84,odom,map,-0.515286,-0.470794,1.18302,0,0,0,,,
15.876,odom,map,-0.515828,-0.471801,1.19127,0,0,0,,,
15.912,odom,map,-0.516383,-0.472748,1.19856,0,0,0,,,
15.948,odom,map,-0.516968,-0.473677,1.20331,0,0,0,,,
15.984,odom,map,-0.517591,-0.474606,1.20546,0,0,0,,,
16.02,odom,map,-0.517879,-0.475019,1.20781,0,0,0,,,
15.984,ekf_predict_only,map,-0.500186,-0.475717,1.22303,3.65914,5.1584,-0.0677255,,,
15.984,kf,map,-0.513431,-0.452963,1.21973,0.0623767,0.0623767,0,0.054791,,
15.984,ekf,map,-0.513357,-0.452846,1.22314,0.0676666,0.0676734,-2.68228e-06,0.059917,,
16.002,amcl,map,-0.512033,-0.471037,1.18824,0.028506,0.0253246,0.0037006,,,
15.984,pf,map,-0.591167,-0.448055,1.25454,0.0383597,0.0432799,0.00497271,5.70113,523.604,1
16.056,odom,map,-0.517879,-0.475019,1.20979,0,0,0,,,
16.092,odom,map,-0.517879,-0.475019,1.20988,0,0,0,,,
16.128,odom,map,-0.517879,-0.475019,1.20988,0,0,0,,,
16.164,odom,map,-0.517879,-0.475019,1.20988,0,0,0,,,
16.2,odom,map,-0.517879,-0.475019,1.20988,0,0,0,,,
16.2,kf,map,-0.513326,-0.452777,1.23798,0.0625527,0.0625527,0,0.107583,,
16.2,ekf_predict_only,map,-0.500186,-0.475717,1.22303,3.75914,5.2584,-0.0677255,,,
16.2,ekf,map,-0.51329,-0.452726,1.24084,0.0687166,0.0687218,-2.05359e-06,0.11325,,
16.2,pf,map,-0.591638,-0.457088,1.25818,0.0362212,0.0377663,6.29313e-05,8.36408,529.185,1
16.236,odom,map,-0.51555,-0.473489,1.20833,0,0,0,,,
16.272,odom,map,-0.513013,-0.471537,1.20669,0,0,0,,,
16.308,odom,map,-0.510118,-0.468643,1.2051,0,0,0,,,
16.344,odom,map,-0.506807,-0.46467,1.20376,0,0,0,,,
16.38,odom,map,-0.503365,-0.460367,1.20248,0,0,0,,,
16.416,odom,map,-0.500692,-0.45627,1.20214,0,0,0,,,
16.416,ekf_predict_only,map,-0.492683,-0.455019,1.22733,3.86421,5.37806,-0.0957689,,,
16.416,ekf,map,-0.508737,-0.439227,1.24857,0.068962,0.0689647,-1.72176e-06,0.106,,
16.416,kf,map,-0.508482,-0.438577,1.24718,0.0625774,0.0625774,0,0.054833,,
16.416,pf,map,-0.587362,-0.441721,1.25437,0.0380982,0.0441874,0.00110613,9.36271,530.367,1
16.452,odom,map,-0.499399,-0.452918,1.20378,0,0,0,,,
16.488,odom,map,-0.49815,-0.449655,1.20658,0,0,0,,,
16.524,odom,map,-0.496968,-0.44654,1.21017,0,0,0,,,
16.56,odom,map,-0.495815,-0.443462,1.21404,0,0,0,,,
16.596,odom,map,-0.494662,-0.440349,1.21854,0,0,0,,,
16.632,odom,map,-0.493492,-0.437141,1.2241,0,0,0,,,
16.596,ekf_predict_only,map,-0.486886,-0.438811,1.25716,3.96932,5.4934,-0.118125,,,
16.596,ekf,map,-0.50417,-0.425233,1.27035,0.0676756,0.0676754,-1.61277e-06,0.076166,,
16.596,kf,map,-0.504018,-0.424802,1.27045,0.0623802,0.0623802,0,0.062167,,
16.596,pf,map,-0.566561,-0.416215,1.26987,0.0416058,0.0411164,0.0015433,6.02796,515.267,1
16.668,odom,map,-0.492328,-0.433885,1.23062,0,0,0,,,
16.704,odom,map,-0.491184,-0.430619,1.23735,0,0,0,,,
16.74,odom,map,-0.49005,-0.427306,1.2447,0,0,0,,,
16.776,odom,map,-0.488949,-0.424004,1.25326,0,0,0,,,
16.812,odom,map,-0.488202,-0.420773,1.26243,0,0,0,,,
16.812,ekf_predict_only,map,-0.480014,-0.417625,1.31654,4.07753,5.61176,-0.14775,,,
16.812,ekf,map,-0.498329,-0.405501,1.31677,0.0686625,0.0686591,-2.39398e-06,0.059625,,
16.812,kf,map,-0.498249,-0.405189,1.31796,0.0625532,0.0625532,0,0.11,,
16.812,pf,map,-0.557227,-0.397126,1.32602,0.0398483,0.0440773,-0.0009655,4.58442,498.386,1
16.848,odom,map,-0.488353,-0.418117,1.27083,0,0,0,,,
16.884,odom,map,-0.488497,-0.415339,1.27968,0,0,0,,,
16.92,odom,map,-0.488588,-0.41226,1.28958,0,0,0,,,
16.956,odom,map,-0.488648,-0.40893,1.30006,0,0,0,,,
16.992,odom,map,-0.48871,-0.405445,1.31094,0,0,0,,,
16.992,ekf_predict_only,map,-0.473847,-0.393892,1.3799,4.18886,5.72839,-0.181222,,,
16.992,ekf,map,-0.493371,-0.384729,1.37113,0.0676303,0.0676244,-2.61586e-06,0.059667,,
16.992,kf,map,-0.493291,-0.38437,1.37228,0.0623768,0.0623768,0,0.0555,,
17.028,odom,map,-0.487851,-0.401042,1.32314,0,0,0,,,
16.992,pf,map,-0.521,-0.358642,1.37862,0.0401969,0.0438072,0.000230755,13.5163,522.223,1
17.064,odom,map,-0.486638,-0.39611,1.33604,0,0,0,,,
17.1,odom,map,-0.485408,-0.390811,1.3492,0,0,0,,,
17.136,odom,map,-0.484203,-0.38529,1.36241,0,0,0,,,
17.172,odom,map,-0.483023,-0.379522,1.37562,0,0,0,,,
17.208,odom,map,-0.481811,-0.373165,1.38893,0,0,0,,,
17.208,ekf_predict_only,map,-0.466348,-0.355088,1.4598,4.31237,5.84882,-0.23636,,,
17.208,ekf,map,-0.487612,-0.350981,1.44705,0.0686919,0.0686784,-4.26779e-06,0.103667,,
17.208,kf,map,-0.487435,-0.350393,1.44783,0.0625528,0.0625528,0,0.37375,,
17.208,pf,map,-0.511745,-0.330038,1.46523,0.0383975,0.0372374,-0.00261067,5.03613,533.553,1
17.244,odom,map,-0.480663,-0.366679,1.40224,0,0,0,,,
17.28,odom,map,-0.479549,-0.359856,1.41568,0,0,0,,,
17.316,odom,map,-0.478485,-0.352734,1.42915,0,0,0,,,
17.352,odom,map,-0.477471,-0.345258,1.44269,0,0,0,,,
17.388,odom,map,-0.476548,-0.337687,1.45625,0,0,0,,,
17.388,ekf_predict_only,map,-0.461857,-0.314797,1.52815,4.44345,5.96117,-0.293488,,,
17.388,ekf,map,-0.484442,-0.315339,1.51348,0.0676693,0.0676499,-4.55796e-06,1.26696,,
17.388,kf,map,-0.484256,-0.314757,1.51392,0.0623767,0.0623767,0,0.105291,,
17.424,odom,map,-0.475698,-0.329816,1.4699,0,0,0,,,
17.4,amcl,map,-0.477472,-0.352717,1.47093,0.0194245,0.0225784,0.00225905,,,
17.388,pf,map,-0.531974,-0.27057,1.51877,0.0379364,0.0414585,0.000209229,8.68354,529.394,1
17.46,odom,map,-0.474918,-0.321546,1.48342,0,0,0,,,
17.496,odom,map,-0.474212,-0.31281,1.49672,0,0,0,,,
17.532,odom,map,-0.473594,-0.303671,1.5097,0,0,0,,,
17.568,odom,map,-0.473084,-0.294355,1.5225,0,0,0,,,
17.604,odom,map,-0.472682,-0.284744,1.53521,0,0,0,,,
17.604,ekf_predict_only,map,-0.459348,-0.25599,1.6042,4.60134,6.06811,-0.376017,,,
17.604,kf,map,-0.483128,-0.261285,1.59093,0.0625527,0.0625527,0,0.058375,,
17.604,ekf,map,-0.48341,-0.261986,1.5909,0.0687425,0.0687036,-6.08204e-06,0.0575,,
17.604,pf,map,-0.532078,-0.244756,1.6014,0.0306492,0.0405364,0.000352551,5.27642,528.858,1
17.64,odom,map,-0.472385,-0.274631,1.54757,0,0,0,,,
17.676,odom,map,-0.472204,-0.264047,1.55951,0,0,0,,,
17.712,odom,map,-0.472146,-0.253223,1.57127,0,0,0,,,
17.748,odom,map,-0.472215,-0.242152,1.58266,0,0,0,,,
17.784,odom,map,-0.472414,-0.230662,1.59353,0,0,0,,,
17.82,odom,map,-0.472744,-0.218928,1.60411,0,0,0,,,
17.784,ekf_predict_only,map,-0.461336,-0.196515,1.65585,4.77534,6.16261,-0.457029,,,
17.784,kf,map,-0.486139,-0.207186,1.6471,0.0623767,0.0623767,0,0.066125,,
17.784,ekf,map,-0.486435,-0.207871,1.64748,0.0677161,0.0676659,-4.54602e-06,0.063708,,
17.784,pf,map,-0.545939,-0.209093,1.6627,0.0379458,0.0354403,0.000869551,5.47508,537.956,1
17.856,odom,map,-0.473202,-0.207035,1.61444,0,0,0,,,
17.892,odom,map,-0.473788,-0.195023,1.6244,0,0,0,,,
17.928,odom,map,-0.474507,-0.182713,1.6337,0,0,0,,,
17.964,odom,map,-0.475348,-0.170267,1.64284,0,0,0,,,
18,odom,map,-0.476315,-0.157625,1.65137,0,0,0,,,
18,ekf_predict_only,map,-0.467851,-0.120095,1.70309,4.99376,6.24471,-0.556928,,,
18,ekf,map,-0.494436,-0.135763,1.70363,0.0688023,0.0687162,-2.24466e-06,0.0545,,
18,kf,map,-0.494019,-0.135108,1.70268,0.0625527,0.0625527,0,0.174875,,
18,pf,map,-0.554108,-0.131474,1.71489,0.0409598,0.035305,0.000608909,4.44179,532.782,1
18.036,odom,map,-0.477395,-0.144899,1.65936,0,0,0,,,
18.072,odom,map,-0.478579,-0.132128,1.66702,0,0,0,,,
18.108,odom,map,-0.479861,-0.119352,1.6746,0,0,0,,,
18.144,odom,map,-0.48125,-0.106473,1.68167,0,0,0,,,
18.18,odom,map,-0.482743,-0.0934508,1.68822,0,0,0,,,
18.216,odom,map,-0.48459,-0.0816238,1.69492,0,0,0,,,
18.216,ekf,map,-0.506865,-0.0599342,1.7467,0.0690722,0.0689612,2.8264e-06,0.056083,,
18.216,ekf_predict_only,map,-0.47828,-0.0417205,1.73765,5.24306,6.31648,-0.653098,,,
18.216,kf,map,-0.506398,-0.0594386,1.74554,0.0625774,0.0625774,0,0.177166,,
18.201,amcl,map,-0.492947,-0.0896586,1.69471,0.0218139,0.0307592,0.00374072,,,
18.216,pf,map,-0.542296,-0.0486808,1.75335,0.0414791,0.0378427,-0.00089589,4.73129,529.925,1
18.252,odom,map,-0.486962,-0.0717803,1.70252,0,0,0,,,
18.288,odom,map,-0.489457,-0.0619794,1.7097,0,0,0,,,
18.324,odom,map,-0.492057,-0.0522975,1.71635,0,0,0,,,
18.36,odom,map,-0.494751,-0.042741,1.72242,0,0,0,,,
18.396,odom,map,-0.497546,-0.0332313,1.72836,0,0,0,,,
18.432,odom,map,-0.499694,-0.020823,1.73229,0,0,0,,,
18.396,ekf_predict_only,map,-0.489035,0.0221374,1.75417,5.48598,6.38789,-0.725927,,,
18.396,kf,map,-0.519164,0.0034762,1.76997,0.0623802,0.0623802,0,0.118542,,
18.396,ekf,map,-0.519561,0.00322374,1.77102,0.0677799,0.067674,7.26736e-06,0.102958,,
18.396,pf,map,-0.560409,0.00809,1.79378,0.0369176,0.0381734,0.00167153,4.6635,504.701,1
18.468,odom,map,-0.501788,-0.00808756,1.73513,0,0,0,,,
18.504,odom,map,-0.503924,0.00468742,1.73767,0,0,0,,,
18.54,odom,map,-0.506093,0.0174678,1.74017,0,0,0,,,
18.576,odom,map,-0.508277,0.0301589,1.74216,0,0,0,,,
18.612,odom,map,-0.510461,0.0427003,1.74454,0,0,0,,,
18.612,ekf_predict_only,map,-0.502913,0.0969678,1.77202,5.77834,6.45182,-0.805326,,,
18.612,ekf,map,-0.535889,0.0783345,1.79014,0.0687959,0.0686594,1.52473e-05,0.057375,,
18.612,kf,map,-0.535588,0.0783915,1.78963,0.0625532,0.0625532,0,0.063125,,
18.612,pf,map,-0.607867,0.0992125,1.79685,0.0485237,0.0422601,-0.00230652,5.57946,519.032,1
18.648,odom,map,-0.512657,0.0550814,1.74826,0,0,0,,,
18.684,odom,map,-0.514899,0.0674429,1.7522,0,0,0,,,
18.72,odom,map,-0.517181,0.0797419,1.75653,0,0,0,,,
18.756,odom,map,-0.519481,0.091807,1.76191,0,0,0,,,
18.792,odom,map,-0.521811,0.103657,1.76809,0,0,0,,,
18.828,odom,map,-0.524168,0.115246,1.77503,0,0,0,,,
18.792,ekf_predict_only,map,-0.514657,0.154541,1.80806,6.04494,6.52204,-0.861344,,,
18.792,ekf,map,-0.549861,0.13791,1.81813,0.0677452,0.0676258,1.6896e-05,0.164042,,
18.792,kf,map,-0.549724,0.137744,1.81855,0.0623768,0.0623768,0,0.059417,,
18.792,pf,map,-0.596666,0.166868,1.83013,0.0414949,0.0383538,-0.00089167,9.43225,525.19,1
18.864,odom,map,-0.526593,0.126745,1.78224,0,0,0,,,
18.9,odom,map,-0.529059,0.138024,1.79009,0,0,0,,,
18.936,odom,map,-0.531581,0.149123,1.79859,0,0,0,,,
18.972,odom,map,-0.534152,0.15998,1.80813,0,0,0,,,
19.008,odom,map,-0.536955,0.171321,1.8176,0,0,0,,,
19.008,ekf_predict_only,map,-0.530306,0.219256,1.86655,6.35198,6.58342,-0.916164,,,
19.008,kf,map,-0.56767,0.20416,1.86892,0.0625528,0.0625528,0,0.0795,,
19.008,ekf,map,-0.567771,0.204421,1.86799,0.0688186,0.0686813,2.36322e-05,0.057625,,
19.002,amcl,map,-0.53189,0.151678,1.82028,0.0302572,0.0339163,0.00986314,,,
19.008,pf,map,-0.614129,0.222936,1.8637,0.0314033,0.0378958,0.000417148,4.6205,520.615,1
19.044,odom,map,-0.540324,0.184544,1.82677,0,0,0,,,
19.08,odom,map,-0.543736,0.197557,1.83683,0,0,0,,,
19.116,odom,map,-0.547195,0.210366,1.84733,0,0,0,,,
19.152,odom,map,-0.550719,0.223027,1.85845,0,0,0,,,
19.188,odom,map,-0.554342,0.235637,1.86996,0,0,0,,,
19.188,kf,map,-0.584427,0.254815,1.9278,0.0623767,0.0623767,0,0.074584,,
19.224,odom,map,-0.557651,0.246398,1.88266,0,0,0,,,
19.188,ekf_predict_only,map,-0.545145,0.267956,1.93372,6.62181,6.64795,-0.948493,,,
19.188,ekf,map,-0.584524,0.255094,1.92681,0.0677636,0.0676534,2.19721e-05,0.055292,,
19.188,pf,map,-0.64723,0.243234,1.92257,0.0383026,0.0371126,-0.00267778,6.43417,520.721,1
19.26,odom,map,-0.560799,0.255943,1.8965,0,0,0,,,
19.296,odom,map,-0.564009,0.265225,1.91123,0,0,0,,,
19.332,odom,map,-0.567327,0.274371,1.92643,0,0,0,,,
19.368,odom,map,-0.570719,0.28329,1.94204,0,0,0,,,
19.404,odom,map,-0.574158,0.291921,1.95802,0,0,0,,,
19.404,ekf_predict_only,map,-0.564782,0.319667,2.03006,6.91563,6.70277,-0.971178,,,
19.404,ekf,map,-0.606647,0.309238,2.01503,0.0688247,0.0687092,2.72816e-05,0.059333,,
19.404,kf,map,-0.606437,0.308898,2.01612,0.0625527,0.0625527,0,0.129792,,
19.404,pf,map,-0.667708,0.323208,2.01327,0.0387196,0.041203,0.000687848,4.46633,520.436,1
19.44,odom,map,-0.577707,0.300429,1.97408,0,0,0,,,
19.476,odom,map,-0.581265,0.308585,1.9905,0,0,0,,,
19.512,odom,map,-0.584824,0.316385,2.00731,0,0,0,,,
19.548,odom,map,-0.588406,0.323895,2.02454,0,0,0,,,
19.584,odom,map,-0.592054,0.331213,2.04205,0,0,0,,,
19.62,odom,map,-0.595805,0.338419,2.05965,0,0,0,,,
19.584,ekf_predict_only,map,-0.582788,0.356077,2.11807,7.16056,6.76314,-0.975411,,,
19.584,kf,map,-0.626472,0.347412,2.09865,0.0623767,0.0623767,0,0.11975,,
19.584,ekf,map,-0.62671,0.347701,2.09784,0.0677576,0.067672,2.3608e-05,0.053916,,
19.602,amcl,map,-0.585039,0.29052,2.06555,0.0327356,0.0375475,0.0103567,,,
19.584,pf,map,-0.658552,0.347722,2.11635,0.0353207,0.0406789,0.00247711,6.59687,523.499,1
19.656,odom,map,-0.59956,0.345331,2.07755,0,0,0,,,
19.692,odom,map,-0.603233,0.351809,2.09573,0,0,0,,,
19.728,odom,map,-0.606888,0.357991,2.11406,0,0,0,,,
19.764,odom,map,-0.610588,0.363993,2.13245,0,0,0,,,
19.8,odom,map,-0.61431,0.369789,2.15102,0,0,0,,,
19.8,ekf_predict_only,map,-0.603787,0.390537,2.23034,7.40432,6.81913,-0.967725,,,
19.8,ekf,map,-0.650613,0.384851,2.20613,0.0688058,0.0687248,2.68463e-05,0.078125,,
19.8,kf,map,-0.65023,0.384521,2.20679,0.0625527,0.0625527,0,0.124625,,
19.8,pf,map,-0.710021,0.382719,2.21386,0.0380732,0.0372504,-0.00245674,5.24775,544.334,1
19.836,odom,map,-0.616895,0.369586,2.17164,0,0,0,,,
19.872,odom,map,-0.619375,0.368845,2.19244,0,0,0,,,
19.908,odom,map,-0.621901,0.367918,2.21333,0,0,0,,,
19.944,odom,map,-0.624373,0.366682,2.23428,0,0,0,,,
19.98,odom,map,-0.626739,0.365089,2.25551,0,0,0,,,
20.016,ekf,map,-0.672654,0.41178,2.31926,0.0690333,0.0689702,2.46013e-05,0.06,,
20.016,odom,map,-0.629392,0.365441,2.27601,0,0,0,,,
20.016,ekf_predict_only,map,-0.622258,0.414359,2.34591,7.6075,6.88241,-0.951397,,,
20.016,kf,map,-0.672139,0.4114,2.31973,0.0625774,0.0625774,0,0.056875,,
20.001,amcl,map,-0.617065,0.343433,2.27052,0.0301806,0.0317041,0.00768701,,,
20.016,pf,map,-0.734378,0.418661,2.33991,0.042385,0.0428896,0.000664713,6.08304,532.591,1
20.052,odom,map,-0.632582,0.369118,2.29525,0,0,0,,,
20.088,odom,map,-0.635775,0.372656,2.31449,0,0,0,,,
20.124,odom,map,-0.638887,0.375976,2.33379,0,0,0,,,
20.16,odom,map,-0.641691,0.378853,2.35308,0,0,0,,,
20.196,odom,map,-0.644408,0.381535,2.37233,0,0,0,,,
20.232,odom,map,-0.647106,0.384098,2.39157,0,0,0,,,
20.196,ekf_predict_only,map,-0.635278,0.427651,2.44209,7.76645,6.95768,-0.93515,,,
20.196,kf,map,-0.68818,0.427143,2.41501,0.0623802,0.0623802,0,0.055583,,
20.196,ekf,map,-0.688631,0.427449,2.41478,0.0677195,0.0676806,1.74254e-05,0.106959,,
20.196,pf,map,-0.776626,0.437792,2.44551,0.0354391,0.0368878,0.00148573,5.2205,513.689,1
20.268,odom,map,-0.649761,0.386525,2.41099,0,0,0,,,
20.304,odom,map,-0.652312,0.388767,2.43047,0,0,0,,,
20.34,odom,map,-0.654724,0.390805,2.44996,0,0,0,,,
20.376,odom,map,-0.657073,0.392712,2.46945,0,0,0,,,
20.412,odom,map,-0.659177,0.393767,2.48931,0,0,0,,,
20.412,ekf,map,-0.704126,0.439942,2.53183,0.0686956,0.068665,1.6025e-05,0.200958,,
20.412,kf,map,-0.703665,0.439677,2.53202,0.0625532,0.0625532,0,0.122042,,
20.412,ekf_predict_only,map,-0.647764,0.438157,2.56038,7.91375,7.03486,-0.91664,,,
20.4,amcl,map,-0.646571,0.375841,2.49612,0.0265568,0.0283968,0.00682725,,,
20.412,pf,map,-0.78249,0.458776,2.55895,0.0357906,0.0372071,-0.00230438,8.43408,536.767,1
20.448,odom,map,-0.660845,0.393083,2.50953,0,0,0,,,
20.484,odom,map,-0.662358,0.392222,2.52961,0,0,0,,,
20.52,odom,map,-0.663801,0.391252,2.54964,0,0,0,,,
20.556,odom,map,-0.665067,0.390111,2.5697,0,0,0,,,
20.592,odom,map,-0.666104,0.388777,2.58975,0,0,0,,,
20.592,ekf_predict_only,map,-0.653794,0.442117,2.65687,8.03175,7.12417,-0.906454,,,
20.592,kf,map,-0.712795,0.445468,2.62852,0.0623768,0.0623768,0,0.058625,,
20.628,odom,map,-0.667286,0.388933,2.60926,0,0,0,,,
20.592,ekf,map,-0.713216,0.445693,2.62846,0.0676468,0.0676287,1.05621e-05,2.009,,
20.592,pf,map,-0.780017,0.450109,2.6249,0.0398918,0.0375631,-0.000375301,5.54492,533.274,1
20.664,odom,map,-0.668536,0.389654,2.62856,0,0,0,,,
20.7,odom,map,-0.669663,0.390275,2.64764,0,0,0,,,
20.736,odom,map,-0.670598,0.390768,2.6664,0,0,0,,,
20.772,odom,map,-0.671276,0.39111,2.68504,0,0,0,,,
20.808,odom,map,-0.671497,0.391063,2.70365,0,0,0,,,
20.808,ekf_predict_only,map,-0.657139,0.443879,2.76879,8.13978,7.21833,-0.900364,,,
20.808,ekf,map,-0.719389,0.448865,2.74168,0.0686955,0.0686818,8.70395e-06,0.063209,,
20.808,kf,map,-0.718974,0.448664,2.74159,0.0625528,0.0625528,0,0.056834,,
20.802,amcl,map,-0.66082,0.384399,2.71438,0.0229123,0.0237996,0.00412647,,,
20.808,pf,map,-0.77877,0.46076,2.7418,0.0403917,0.0360446,0.000470255,4.57321,536.113,1
20.844,odom,map,-0.670317,0.389801,2.72165,0,0,0,,,
20.88,odom,map,-0.669044,0.38849,2.73952,0,0,0,,,
20.916,odom,map,-0.66761,0.387107,2.75708,0,0,0,,,
20.952,odom,map,-0.666078,0.385682,2.77442,0,0,0,,,
20.988,odom,map,-0.664401,0.384203,2.79168,0,0,0,,,
21.024,odom,map,-0.663497,0.383563,2.8088,0,0,0,,,
20.988,ekf_predict_only,map,-0.655199,0.44312,2.85428,8.23632,7.3217,-0.904129,,,
20.988,kf,map,-0.719785,0.449045,2.82966,0.0623767,0.0623767,0,0.071375,,
20.988,ekf,map,-0.72015,0.449211,2.82991,0.0676598,0.0676517,5.29396e-06,0.167958,,
20.988,pf,map,-0.784734,0.45856,2.83218,0.041576,0.0431672,-0.000249367,4.68975,542.295,1
21.06,odom,map,-0.663103,0.38343,2.8259,0,0,0,,,
21.096,odom,map,-0.662627,0.38328,2.84264,0,0,0,,,
21.132,odom,map,-0.661929,0.383071,2.85891,0,0,0,,,
21.168,odom,map,-0.661057,0.382826,2.8748,0,0,0,,,
21.204,odom,map,-0.659938,0.382556,2.89018,0,0,0,,,
21.204,ekf,map,-0.716172,0.448219,2.92678,0.0687109,0.0687049,4.13327e-06,0.055833,,
21.204,ekf_predict_only,map,-0.648265,0.441071,2.94483,8.32699,7.43397,-0.918109,,,
21.204,kf,map,-0.715779,0.448041,2.92612,0.0625527,0.0625527,0,0.059375,,
21.204,pf,map,-0.78376,0.468751,2.94157,0.0424663,0.0420378,0.0010717,5.69729,535.874,1
21.24,odom,map,-0.658575,0.382691,2.90727,0,0,0,,,
21.276,odom,map,-0.657226,0.382849,2.92414,0,0,0,,,
21.312,odom,map,-0.656278,0.383108,2.94011,0,0,0,,,
21.348,odom,map,-0.656091,0.383525,2.95355,0,0,0,,,
21.384,odom,map,-0.655917,0.383941,2.96439,0,0,0,,,
21.384,ekf,map,-0.714942,0.448199,2.97217,0.0676702,0.0676667,2.46191e-06,0.062958,,
21.384,kf,map,-0.714902,0.448116,2.96837,0.0623767,0.0623767,0,0.103625,,
21.42,odom,map,-0.655842,0.384125,2.97152,0,0,0,,,
21.402,amcl,map,-0.652551,0.387356,2.96756,0.0285744,0.0226201,0.0039132,,,
21.384,ekf_predict_only,map,-0.648265,0.441071,2.94483,8.42699,7.53397,-0.918109,,,
21.384,pf,map,-0.79658,0.466427,3.01175,0.038737,0.041988,0.000105167,12.679,536.928,1
21.456,odom,map,-0.655842,0.384125,2.97518,0,0,0,,,
21.492,odom,map,-0.655842,0.384125,2.97625,0,0,0,,,
21.528,odom,map,-0.655842,0.384125,2.97625,0,0,0,,,
21.564,odom,map,-0.655842,0.384125,2.97625,0,0,0,,,
21.6,odom,map,-0.655842,0.384125,2.97625,0,0,0,,,
21.6,kf,map,-0.714571,0.448144,2.99118,0.0625527,0.0625527,0,0.062208,,
21.6,ekf,map,-0.714547,0.448177,2.99461,0.0687193,0.0687167,1.88548e-06,0.129375,,
21.6,ekf_predict_only,map,-0.648265,0.441071,2.94483,8.52699,7.63397,-0.918109,,,
21.6,pf,map,-0.76642,0.456228,3.02948,0.0378145,0.0380865,0.000827781,5.50325,532.862,1
21.636,odom,map,-0.655628,0.383927,2.97691,0,0,0,,,
21.672,odom,map,-0.655409,0.383722,2.97759,0,0,0,,,
21.708,odom,map,-0.65519,0.383517,2.97826,0,0,0,,,
21.744,odom,map,-0.654971,0.383312,2.97894,0,0,0,,,
21.78,odom,map,-0.654754,0.383106,2.97962,0,0,0,,,
21.816,ekf_predict_only,map,-0.648265,0.441071,2.94483,8.62699,7.73397,-0.918109,,,
21.816,odom,map,-0.654621,0.382981,2.98003,0,0,0,,,
21.816,ekf,map,-0.714426,0.448166,3.00166,0.0689629,0.0689611,1.2767e-06,0.06825,,
21.816,kf,map,-0.714447,0.448154,2.99972,0.0625774,0.0625774,0,0.057458,,
21.816,pf,map,-0.761795,0.464908,3.02623,0.0414465,0.0450976,-0.000284164,8.25504,514.805,1
21.852,odom,map,-0.654621,0.382981,2.98003,0,0,0,,,
21.888,odom,map,-0.654621,0.382981,2.98003,0,0,0,,,
21.924,odom,map,-0.654621,0.382981,2.98003,0,0,0,,,
21.96,odom,map,-0.654621,0.382981,2.98003,0,0,0,,,
21.996,odom,map,-0.65511,0.38306,2.97926,0,0,0,,,
22.032,odom,map,-0.656574,0.383301,2.97797,0,0,0,,,
21.996,ekf,map,-0.717754,0.448628,3.00114,0.0676741,0.0676734,7.52738e-07,0.059417,,
21.996,kf,map,-0.718234,0.448704,2.99994,0.0623802,0.0623802,0,0.10425,,
21.996,ekf_predict_only,map,-0.657553,0.442923,2.9382,8.73542,7.81762,-0.898585,,,
21.996,pf,map,-0.787249,0.452451,3.02175,0.0392272,0.0425523,0.00391308,6.72788,534.332,1
22.068,odom,map,-0.658688,0.383652,2.97623,0,0,0,,,
22.104,odom,map,-0.661263,0.384085,2.97398,0,0,0,,,
22.14,odom,map,-0.664156,0.384578,2.97112,0,0,0,,,
22.176,odom,map,-0.667913,0.385233,2.96727,0,0,0,,,
22.212,ekf_predict_only,map,-0.682774,0.448125,2.91404,8.85924,7.87611,-0.845129,,,
22.212,odom,map,-0.672024,0.38623,2.96299,0,0,0,,,
22.212,kf,map,-0.736366,0.451333,2.98344,0.0625532,0.0625532,0,0.386917,,
22.212,ekf,map,-0.735503,0.451175,2.98457,0.0686578,0.0686595,8.93729e-07,0.065792,,
22.212,pf,map,-0.78833,0.449856,3.01481,0.0429581,0.0451657,-0.00174802,5.28679,505.95,1
22.248,odom,map,-0.676086,0.387844,2.95778,0,0,0,,,
22.284,odom,map,-0.680637,0.389579,2.95234,0,0,0,,,
22.32,odom,map,-0.685663,0.391437,2.94696,0,0,0,,,
22.356,odom,map,-0.691271,0.393445,2.9416,0,0,0,,,
22.392,odom,map,-0.697135,0.395544,2.93624,0,0,0,,,
22.392,kf,map,-0.763439,0.455843,2.96353,0.0623768,0.0623768,0,0.05775,,
22.428,odom,map,-0.703584,0.397154,2.93142,0,0,0,,,
22.392,ekf,map,-0.762556,0.455685,2.96416,0.0676235,0.0676304,1.44345e-06,0.053625,,
22.392,ekf_predict_only,map,-0.71661,0.45596,2.89098,8.99545,7.9271,-0.772607,,,
22.392,pf,map,-0.78017,0.469371,2.97825,0.044745,0.0415863,-0.00410899,6.41504,520.935,1
22.464,odom,map,-0.71066,0.398681,2.92687,0,0,0,,,
22.5,odom,map,-0.718221,0.400348,2.92229,0,0,0,,,
22.536,odom,map,-0.726525,0.402219,2.91786,0,0,0,,,
22.572,odom,map,-0.735098,0.404189,2.91348,0,0,0,,,
22.608,odom,map,-0.743935,0.406261,2.90908,0,0,0,,,
22.608,ekf_predict_only,map,-0.771109,0.469911,2.86456,9.16097,7.96454,-0.652644,,,
22.608,kf,map,-0.810967,0.464908,2.93798,0.0625528,0.0625528,0,0.065875,,
22.608,ekf,map,-0.809926,0.464755,2.93826,0.0686776,0.0687002,4.10736e-06,0.112917,,
22.608,pf,map,-0.840553,0.464192,2.94076,0.0387465,0.0361238,0.00246808,4.57192,533.492,1
22.644,odom,map,-0.753427,0.408531,2.90479,0,0,0,,,
22.68,odom,map,-0.763118,0.410892,2.90051,0,0,0,,,
22.716,odom,map,-0.773026,0.41335,2.89644,0,0,0,,,
22.752,odom,map,-0.783454,0.41598,2.89263,0,0,0,,,
22.788,odom,map,-0.794561,0.418826,2.88906,0,0,0,,,
22.824,odom,map,-0.805871,0.421765,2.88553,0,0,0,,,
22.788,ekf_predict_only,map,-0.827308,0.485891,2.84696,9.33766,8.02146,-0.523909,,,
22.788,ekf,map,-0.860448,0.475815,2.91918,0.0676499,0.0676859,6.87808e-06,0.05425,,
22.788,kf,map,-0.861363,0.475922,2.91919,0.0623767,0.0623767,0,0.07075,,
22.788,pf,map,-0.90802,0.458782,2.93606,0.0394114,0.047933,-0.00490071,5.72083,535.334,1
22.86,odom,map,-0.817529,0.424837,2.88248,0,0,0,,,
22.896,odom,map,-0.829484,0.428025,2.87968,0,0,0,,,
22.932,odom,map,-0.841877,0.431364,2.87718,0,0,0,,,
22.968,odom,map,-0.854498,0.434797,2.87479,0,0,0,,,
23.004,odom,map,-0.867228,0.438292,2.87273,0,0,0,,,
23.004,ekf_predict_only,map,-0.904504,0.509317,2.83953,9.55333,8.09832,-0.336851,,,
23.004,ekf,map,-0.933153,0.493111,2.90515,0.0687054,0.0687769,1.49419e-05,0.06125,,
23.004,kf,map,-0.934048,0.493118,2.90575,0.0625527,0.0625527,0,0.080458,,
23.004,pf,map,-0.974407,0.490604,2.91335,0.0407898,0.03977,0.00383011,4.94667,517.73,1
23.04,odom,map,-0.880101,0.441851,2.87114,0,0,0,,,
23.076,odom,map,-0.893056,0.445451,2.8699,0,0,0,,,
23.112,odom,map,-0.906026,0.449072,2.86884,0,0,0,,,
23.148,odom,map,-0.919145,0.452747,2.86823,0,0,0,,,
23.184,odom,map,-0.932295,0.456437,2.86795,0,0,0,,,
23.22,odom,map,-0.945422,0.460121,2.86787,0,0,0,,,
23.184,ekf,map,-0.997112,0.509076,2.89976,0.0676691,0.0677512,1.83468e-05,0.059709,,
23.202,amcl,map,-0.910876,0.461911,2.85357,0.040469,0.0323716,0.00575549,,,
23.184,ekf_predict_only,map,-0.969586,0.529597,2.83914,9.75659,8.21161,-0.169076,,,
23.184,kf,map,-0.997647,0.509007,2.90037,0.0623767,0.0623767,0,0.100209,,
23.184,pf,map,-1.07079,0.506413,2.90306,0.0427689,0.0350709,0.00160636,7.89275,523.405,1
23.256,odom,map,-0.958613,0.463825,2.86788,0,0,0,,,
23.292,odom,map,-0.971883,0.467551,2.86803,0,0,0,,,
23.328,odom,map,-0.985257,0.4713,2.86838,0,0,0,,,
23.364,odom,map,-0.998667,0.475055,2.86896,0,0,0,,,
23.4,odom,map,-1.01223,0.478842,2.86971,0,0,0,,,
23.4,ekf_predict_only,map,-1.05003,0.554697,2.84391,9.98851,8.37016,0.0514421,,,
23.4,kf,map,-1.07767,0.529069,2.90138,0.0625527,0.0625527,0,0.105583,,
23.4,ekf,map,-1.07731,0.529151,2.90081,0.068722,0.0688436,2.88262e-05,0.073166,,
23.4,pf,map,-1.12785,0.5166,2.90999,0.0427047,0.0456845,0.000800459,6.90629,515.573,1
23.436,odom,map,-1.02578,0.482614,2.8705,0,0,0,,,
23.472,odom,map,-1.03928,0.486359,2.8714,0,0,0,,,
23.508,odom,map,-1.05275,0.490084,2.87237,0,0,0,,,
23.544,odom,map,-1.0662,0.493787,2.87327,0,0,0,,,
23.58,odom,map,-1.07956,0.497455,2.87425,0,0,0,,,
23.616,ekf_predict_only,map,-1.12844,0.578754,2.8497,10.2192,8.57263,0.280236,,,
23.616,odom,map,-1.09283,0.50108,2.87524,0,0,0,,,
23.616,ekf,map,-1.15754,0.548849,2.90526,0.0689683,0.0691081,3.43272e-05,0.087875,,
23.616,kf,map,-1.15763,0.548772,2.9056,0.0625774,0.0625774,0,0.058791,,
23.616,pf,map,-1.20625,0.534881,2.91595,0.0382303,0.0361745,-0.00247949,4.83633,514.287,1
23.652,odom,map,-1.10602,0.504672,2.87621,0,0,0,,,
23.688,odom,map,-1.11909,0.50822,2.87709,0,0,0,,,
23.724,odom,map,-1.13215,0.511751,2.87786,0,0,0,,,
23.76,odom,map,-1.14516,0.515259,2.8785,0,0,0,,,
23.796,odom,map,-1.15816,0.518757,2.87913,0,0,0,,,
23.796,ekf_predict_only,map,-1.19222,0.597919,2.8501,10.4265,8.78946,0.476186,,,
23.796,ekf,map,-1.2232,0.564547,2.90762,0.06768,0.0678036,3.09099e-05,0.108959,,
23.796,kf,map,-1.22316,0.564524,2.90759,0.0623802,0.0623802,0,0.099292,,
23.832,odom,map,-1.17107,0.522223,2.87943,0,0,0,,,
23.796,pf,map,-1.27046,0.553415,2.93032,0.038785,0.0411869,-0.00180081,4.78008,548.674,1
23.868,odom,map,-1.18379,0.525636,2.87932,0,0,0,,,
23.904,odom,map,-1.19614,0.528953,2.87886,0,0,0,,,
23.94,odom,map,-1.2083,0.532228,2.87825,0,0,0,,,
23.976,odom,map,-1.22038,0.535489,2.8776,0,0,0,,,
24.012,odom,map,-1.23067,0.539142,2.87588,0,0,0,,,
24.012,ekf_predict_only,map,-1.26283,0.619102,2.84411,10.6482,9.05434,0.703738,,,
24.012,ekf,map,-1.29724,0.58212,2.90468,0.0686656,0.068814,3.74492e-05,0.057292,,
24.012,kf,map,-1.29701,0.582104,2.9044,0.0625532,0.0625532,0,0.0595,,
24,amcl,map,-1.20455,0.563861,2.84344,0.0412873,0.0515641,0.0124326,,,
24.012,pf,map,-1.35337,0.559371,2.91955,0.0417124,0.0389001,0.000797117,5.14996,515.909,1
24.048,odom,map,-1.23728,0.543821,2.87231,0,0,0,,,
24.084,odom,map,-1.24367,0.548508,2.86854,0,0,0,,,
24.12,odom,map,-1.24978,0.55319,2.86467,0,0,0,,,
24.156,odom,map,-1.25578,0.557909,2.86069,0,0,0,,,
24.192,odom,map,-1.26174,0.562691,2.85667,0,0,0,,,
24.192,ekf_predict_only,map,-1.31778,0.63595,2.83658,10.8474,9.30884,0.889252,,,
24.228,odom,map,-1.27136,0.566379,2.85447,0,0,0,,,
24.192,kf,map,-1.35491,0.596137,2.89864,0.0623768,0.0623768,0,0.295667,,
24.192,ekf,map,-1.35517,0.596164,2.89888,0.0676302,0.0677546,3.15188e-05,0.054083,,
24.192,pf,map,-1.43043,0.585057,2.91698,0.0368473,0.0470993,-0.00147415,7.3345,524.105,1
24.264,odom,map,-1.28239,0.569646,2.85278,0,0,0,,,
24.3,odom,map,-1.2933,0.572899,2.851,0,0,0,,,
24.336,odom,map,-1.30414,0.576151,2.84919,0,0,0,,,
24.372,odom,map,-1.31496,0.579419,2.84725,0,0,0,,,
24.408,odom,map,-1.32573,0.582695,2.84515,0,0,0,,,
24.408,ekf,map,-1.42184,0.612889,2.88805,0.0686851,0.0688249,3.56467e-05,0.059125,,
24.408,ekf_predict_only,map,-1.38213,0.656209,2.82386,11.0696,9.61928,1.11646,,,
24.408,kf,map,-1.42164,0.612858,2.8878,0.0625528,0.0625528,0,0.054667,,
24.408,pf,map,-1.48723,0.595804,2.91418,0.0387677,0.0393578,-0.000238271,5.544,518.272,1
24.444,odom,map,-1.33649,0.585994,2.84304,0,0,0,,,
24.48,odom,map,-1.34725,0.589318,2.84093,0,0,0,,,
24.516,odom,map,-1.35784,0.592615,2.83858,0,0,0,,,
24.552,odom,map,-1.36811,0.595844,2.83557,0,0,0,,,
24.588,odom,map,-1.37835,0.599096,2.83246,0,0,0,,,
24.588,ekf,map,-1.47447,0.626753,2.87419,0.0676555,0.0677677,2.89375e-05,0.063625,,
24.624,odom,map,-1.38834,0.602304,2.82899,0,0,0,,,
24.588,ekf_predict_only,map,-1.43127,0.672369,2.80578,11.2694,9.90167,1.29814,,,
24.588,kf,map,-1.47418,0.626712,2.87377,0.0623767,0.0623767,0,0.057333,,
24.588,pf,map,-1.54119,0.627442,2.88561,0.0383327,0.0450333,-0.00082101,6.24413,503.953,1
24.66,odom,map,-1.39797,0.605437,2.82502,0,0,0,,,
24.696,odom,map,-1.40734,0.608529,2.82066,0,0,0,,,
24.732,odom,map,-1.41651,0.611599,2.81611,0,0,0,,,
24.768,odom,map,-1.42558,0.614686,2.81152,0,0,0,,,
24.804,odom,map,-1.43469,0.618051,2.80666,0,0,0,,,
24.804,kf,map,-1.53092,0.642715,2.84749,0.0625527,0.0625527,0,0.059917,,
24.804,ekf_predict_only,map,-1.48383,0.690715,2.77428,11.4851,10.2179,1.50171,,,
24.804,ekf,map,-1.53132,0.642797,2.84813,0.06871,0.0688292,3.14245e-05,0.060792,,
24.804,pf,map,-1.60728,0.662436,2.84977,0.0455022,0.0410452,0.00108081,4.93663,514.618,1
24.84,odom,map,-1.4443,0.62541,2.7982,0,0,0,,,
24.876,odom,map,-1.45372,0.632808,2.78946,0,0,0,,,
24.912,odom,map,-1.46293,0.640236,2.78023,0,0,0,,,
24.948,odom,map,-1.47177,0.647631,2.77032,0,0,0,,,
24.984,odom,map,-1.48059,0.65513,2.76029,0,0,0,,,
25.02,odom,map,-1.48904,0.660348,2.7522,0,0,0,,,
24.984,ekf,map,-1.57515,0.656521,2.81966,0.0676714,0.0677629,2.48902e-05,0.059334,,
24.984,kf,map,-1.57485,0.656452,2.81908,0.0623767,0.0623767,0,0.055084,,
24.984,ekf_predict_only,map,-1.52488,0.706513,2.74156,11.687,10.5021,1.66949,,,
25.002,amcl,map,-1.46921,0.647006,2.7627,0.0511695,0.0789105,0.0251943,,,
24.984,pf,map,-1.65892,0.64169,2.82927,0.0419658,0.0364502,0.000999645,11.9838,531.509,1
25.056,odom,map,-1.49687,0.663592,2.74514,0,0,0,,,
25.092,odom,map,-1.50436,0.666761,2.73767,0,0,0,,,
25.128,odom,map,-1.51146,0.66983,2.72955,0,0,0,,,
25.164,odom,map,-1.51811,0.672769,2.72112,0,0,0,,,
25.2,odom,map,-1.52444,0.675631,2.71223,0,0,0,,,
25.2,ekf_predict_only,map,-1.55499,0.719241,2.68214,11.8705,10.7458,1.79864,,,
25.2,ekf,map,-1.61609,0.670928,2.7705,0.0687221,0.068811,2.51582e-05,0.057542,,
25.2,kf,map,-1.61507,0.670598,2.76937,0.0625527,0.0625527,0,0.068125,,
25.2,pf,map,-1.68665,0.670421,2.78726,0.0394557,0.0362634,0.00221094,7.73125,529.745,1
25.236,odom,map,-1.52967,0.678056,2.70244,0,0,0,,,
25.272,odom,map,-1.53426,0.680239,2.6921,0,0,0,,,
25.308,odom,map,-1.53847,0.682299,2.68126,0,0,0,,,
25.344,odom,map,-1.54238,0.684266,2.67007,0,0,0,,,
25.38,odom,map,-1.54601,0.686139,2.65852,0,0,0,,,
25.416,odom,map,-1.54932,0.687899,2.64648,0,0,0,,,
25.416,ekf,map,-1.64307,0.682015,2.70541,0.0689659,0.0690361,2.05837e-05,0.110708,,
25.416,ekf_predict_only,map,-1.57425,0.72877,2.60812,12.0339,10.9417,1.88642,,,
25.416,kf,map,-1.64203,0.681624,2.70416,0.0625774,0.0625774,0,0.057875,,
25.416,pf,map,-1.69366,0.678362,2.7176,0.0388043,0.0358917,0.000611032,7.11133,528.95,1
25.452,odom,map,-1.55239,0.689584,2.63389,0,0,0,,,
25.488,odom,map,-1.55537,0.691268,2.62095,0,0,0,,,
25.524,odom,map,-1.55825,0.692943,2.60762,0,0,0,,,
25.56,odom,map,-1.56106,0.694632,2.59349,0,0,0,,,
25.596,odom,map,-1.56383,0.696349,2.5789,0,0,0,,,
25.632,odom,map,-1.56656,0.698098,2.56422,0,0,0,,,
25.596,ekf,map,-1.6601,0.690336,2.63866,0.0676765,0.0677207,1.34866e-05,0.056417,,
25.596,kf,map,-1.65951,0.690096,2.63767,0.0623802,0.0623802,0,0.061583,,
25.596,ekf_predict_only,map,-1.58821,0.737014,2.53469,12.1893,11.113,1.95444,,,
25.596,pf,map,-1.74176,0.668992,2.66518,0.0358723,0.0398347,-0.000193418,6.71158,517.273,1
25.668,odom,map,-1.56925,0.699884,2.54926,0,0,0,,,
25.704,odom,map,-1.57194,0.701722,2.53383,0,0,0,,,
25.74,odom,map,-1.57468,0.703658,2.51798,0,0,0,,,
25.776,odom,map,-1.57741,0.705656,2.502,0,0,0,,,
25.812,ekf_predict_only,map,-1.60532,0.748894,2.43629,12.3703,11.3028,2.04386,,,
25.812,ekf,map,-1.67827,0.701072,2.54599,0.0686604,0.0686973,1.21173e-05,0.096334,,
25.812,kf,map,-1.67805,0.70094,2.54511,0.0625532,0.0625532,0,0.123708,,
25.812,odom,map,-1.57933,0.707071,2.48605,0,0,0,,,
25.8,amcl,map,-1.55154,0.71282,2.47892,0.0551818,0.0880053,0.0323314,,,
25.812,pf,map,-1.75626,0.679545,2.56093,0.0378308,0.0377935,-0.00345279,9.00517,522.624,1
25.848,odom,map,-1.5794,0.707068,2.4705,0,0,0,,,
25.884,odom,map,-1.5795,0.707155,2.45463,0,0,0,,,
25.92,odom,map,-1.57959,0.707299,2.43867,0,0,0,,,
25.956,odom,map,-1.57983,0.707637,2.4224,0,0,0,,,
25.992,odom,map,-1.58025,0.708216,2.40577,0,0,0,,,
25.992,ekf_predict_only,map,-1.6226,0.763608,2.34434,12.5721,11.4959,2.14336,,,
25.992,ekf,map,-1.69474,0.713108,2.45931,0.0676259,0.0676499,8.97393e-06,0.144,,
25.992,kf,map,-1.69482,0.713133,2.45857,0.0623768,0.0623768,0,0.061458,,
26.028,odom,map,-1.58277,0.710623,2.38786,0,0,0,,,
25.992,pf,map,-1.78417,0.721352,2.48617,0.0345594,0.040666,-0.00121306,6.31208,533.044,1
26.064,odom,map,-1.58605,0.71376,2.36947,0,0,0,,,
26.1,odom,map,-1.58944,0.717116,2.35091,0,0,0,,,
26.136,odom,map,-1.59301,0.720796,2.33223,0,0,0,,,
26.172,odom,map,-1.59665,0.724688,2.31359,0,0,0,,,
26.208,odom,map,-1.60025,0.728687,2.295,0,0,0,,,
26.208,ekf_predict_only,map,-1.64517,0.78672,2.23279,12.8359,11.7215,2.2876,,,
26.208,kf,map,-1.71715,0.733008,2.34933,0.0625528,0.0625528,0,0.065333,,
26.208,ekf,map,-1.71687,0.732937,2.34978,0.0686816,0.0687024,1.04777e-05,0.114125,,
26.202,amcl,map,-1.58812,0.747015,2.26987,0.0417889,0.088895,0.0320848,,,
26.208,pf,map,-1.78829,0.745814,2.38139,0.0373443,0.0412564,-0.000685992,5.40492,527.611,1
26.244,odom,map,-1.60392,0.732912,2.27637,0,0,0,,,
26.28,odom,map,-1.60772,0.737458,2.25782,0,0,0,,,
26.316,odom,map,-1.61157,0.742242,2.23914,0,0,0,,,
26.352,odom,map,-1.61534,0.747114,2.22043,0,0,0,,,
26.388,odom,map,-1.61903,0.752066,2.20179,0,0,0,,,
26.424,odom,map,-1.62272,0.757212,2.18318,0,0,0,,,
26.388,ekf,map,-1.73679,0.75522,2.25727,0.0676549,0.0676684,1.01907e-05,0.124291,,
26.388,kf,map,-1.73709,0.755288,2.25706,0.0623767,0.0623767,0,0.056083,,
26.388,ekf_predict_only,map,-1.66482,0.81194,2.13979,13.12,11.9344,2.43175,,,
26.388,pf,map,-1.78623,0.742343,2.26974,0.0337733,0.0437259,0.00202646,7.91579,522.863,1
26.46,odom,map,-1.62647,0.762658,2.16463,0,0,0,,,
26.496,odom,map,-1.63018,0.768263,2.14609,0,0,0,,,
26.532,odom,map,-1.6338,0.773972,2.12752,0,0,0,,,
26.568,odom,map,-1.63742,0.779902,2.10902,0,0,0,,,
26.604,odom,map,-1.64088,0.786276,2.09046,0,0,0,,,
26.604,kf,map,-1.76134,0.78813,2.14664,0.0625527,0.0625527,0,0.058541,,
26.604,ekf_predict_only,map,-1.68816,0.84843,2.02983,13.4961,12.1729,2.62833,,,
26.604,ekf,map,-1.76093,0.788044,2.14665,0.0687148,0.0687244,1.50513e-05,0.063708,,
26.601,amcl,map,-1.63225,0.80005,2.07615,0.0336727,0.0698223,0.0244914,,,
26.604,pf,map,-1.82673,0.7773,2.15541,0.035758,0.0429041,0.000724648,4.78104,543.265,1
26.64,odom,map,-1.64182,0.79619,2.0686,0,0,0,,,
26.676,odom,map,-1.64262,0.806225,2.04695,0,0,0,,,
26.712,odom,map,-1.64331,0.816413,2.02558,0,0,0,,,
26.748,odom,map,-1.64394,0.826871,2.00461,0,0,0,,,
26.784,odom,map,-1.64459,0.83782,1.98395,0,0,0,,,
26.784,ekf_predict_only,map,-1.70651,0.885553,1.94412,13.8892,12.3851,2.81435,,,
26.784,ekf,map,-1.78001,0.820985,2.05861,0.0676815,0.0676836,1.58485e-05,0.055584,,
26.784,kf,map,-1.78045,0.821148,2.05879,0.0623767,0.0623767,0,0.06075,,
26.82,odom,map,-1.64665,0.847032,1.96524,0,0,0,,,
26.784,pf,map,-1.83188,0.822154,2.07055,0.0344296,0.0406994,0.00105094,7.00946,519.593,1
26.856,odom,map,-1.64982,0.854824,1.94815,0,0,0,,,
26.892,odom,map,-1.65298,0.862998,1.93113,0,0,0,,,
26.928,odom,map,-1.65606,0.871386,1.91419,0,0,0,,,
26.964,odom,map,-1.65911,0.880156,1.89769,0,0,0,,,
27,odom,map,-1.66206,0.889106,1.88129,0,0,0,,,
27,ekf_predict_only,map,-1.72713,0.938206,1.84577,14.4262,12.615,3.06565,,,
27,ekf,map,-1.8025,0.869115,1.95761,0.0687459,0.0687369,2.34422e-05,0.209375,,
27,kf,map,-1.80305,0.869326,1.95793,0.0625527,0.0625527,0,0.071083,,
27,pf,map,-1.84695,0.850008,1.96957,0.0384682,0.0392119,-0.00275947,4.57221,544.727,1
27.036,odom,map,-1.66492,0.898372,1.86359,0,0,0,,,
27.072,odom,map,-1.66765,0.907867,1.84613,0,0,0,,,
27.108,odom,map,-1.67026,0.917614,1.82891,0,0,0,,,
27.144,odom,map,-1.6727,0.927442,1.81172,0,0,0,,,
27.18,odom,map,-1.67496,0.937271,1.79481,0,0,0,,,
27.216,ekf_predict_only,map,-1.74364,0.996699,1.75683,15.0412,12.8216,3.32732,,,
27.216,ekf,map,-1.82187,0.924528,1.86466,0.0690045,0.068981,2.77924e-05,0.256542,,
27.216,kf,map,-1.82244,0.92467,1.86516,0.0625774,0.0625774,0,0.0925,,
27.216,odom,map,-1.67709,0.947221,1.77894,0,0,0,,,
27.201,amcl,map,-1.70517,0.916857,1.83169,0.0296419,0.078889,0.0214471,,,
27.216,pf,map,-1.87523,0.924146,1.87324,0.0379335,0.0476353,-0.00385984,4.8155,525.095,1
27.252,odom,map,-1.67909,0.957086,1.76407,0,0,0,,,
27.288,odom,map,-1.68095,0.966958,1.74919,0,0,0,,,
27.324,odom,map,-1.68266,0.976831,1.73457,0,0,0,,,
27.36,odom,map,-1.6842,0.9866,1.72034,0,0,0,,,
27.396,odom,map,-1.68558,0.996255,1.70637,0,0,0,,,
27.432,odom,map,-1.68796,1.00488,1.69446,0,0,0,,,
27.396,ekf,map,-1.83384,0.971848,1.79195,0.0677193,0.067688,2.44141e-05,0.14825,,
27.396,kf,map,-1.83426,0.971819,1.79242,0.0623802,0.0623802,0,0.127125,,
27.396,ekf_predict_only,map,-1.75261,1.04437,1.68759,15.5842,12.9807,3.52583,,,
27.396,pf,map,-1.86881,0.960095,1.81691,0.0470014,0.0416833,-0.00131196,8.40271,516.124,1
27.468,odom,map,-1.69039,1.01336,1.68308,0,0,0,,,
27.504,odom,map,-1.69272,1.02181,1.67221,0,0,0,,,
27.54,odom,map,-1.69498,1.03026,1.66139,0,0,0,,,
27.576,odom,map,-1.69714,1.03857,1.65097,0,0,0,,,
27.612,odom,map,-1.6988,1.04716,1.64027,0,0,0,,,
27.612,pf,map,-1.91528,1.00277,1.71878,0.0391329,0.0388985,-0.000197529,5.26537,510.874,1
27.612,ekf_predict_only,map,-1.75919,1.10048,1.61475,16.2326,13.1244,3.74463,,,
27.612,ekf,map,-1.8441,1.02833,1.71423,0.0687224,0.0686714,2.79777e-05,0.05725,,
27.612,kf,map,-1.8445,1.02818,1.71485,0.0625532,0.0625532,0,0.069416,,
27.648,odom,map,-1.6994,1.05661,1.62829,0,0,0,,,
27.684,odom,map,-1.69989,1.06607,1.61633,0,0,0,,,
27.72,odom,map,-1.70026,1.07533,1.60488,0,0,0,,,
27.756,odom,map,-1.70051,1.08414,1.5944,0,0,0,,,
27.792,odom,map,-1.70066,1.09169,1.58646,0,0,0,,,
27.828,odom,map,-1.70074,1.09793,1.58112,0,0,0,,,
27.801,amcl,map,-1.73782,1.08624,1.60163,0.0301964,0.0738102,0.0263661,,,
27.792,ekf_predict_only,map,-1.75924,1.10157,1.61475,16.3436,13.2248,3.74851,,,
27.792,kf,map,-1.84689,1.05668,1.67952,0.0623768,0.0623768,0,0.943959,,
27.792,ekf,map,-1.84682,1.05906,1.67634,0.0676721,0.0676323,1.96306e-05,0.062333,,
27.792,pf,map,-1.90094,1.05989,1.66529,0.0370058,0.0388944,-0.00217052,9.62854,532.787,1
27.864,odom,map,-1.70078,1.10289,1.57836,0,0,0,,,
27.9,odom,map,-1.70081,1.10654,1.57795,0,0,0,,,
27.936,odom,map,-1.70082,1.1089,1.57795,0,0,0,,,
27.972,odom,map,-1.70083,1.10997,1.57795,0,0,0,,,
28.008,odom,map,-1.70196,1.10924,1.57932,0,0,0,,,
28.008,ekf_predict_only,map,-1.75924,1.10157,1.61475,16.4436,13.3248,3.74851,,,
28.008,kf,map,-1.84866,1.07846,1.66086,0.0625528,0.0625528,0,0.239917,,
28.008,ekf,map,-1.8488,1.08134,1.65804,0.0687195,0.0686843,1.64873e-05,0.066041,,
28.008,pf,map,-1.91773,1.07385,1.66784,0.0428678,0.0400582,-0.000264423,7.59121,524.876,1
28.044,odom,map,-1.70706,1.10565,1.58547,0,0,0,,,
28.08,odom,map,-1.71216,1.102,1.59162,0,0,0,,,
28.116,odom,map,-1.71728,1.09829,1.59777,0,0,0,,,
28.152,odom,map,-1.7224,1.09452,1.60392,0,0,0,,,
28.188,odom,map,-1.72753,1.09069,1.61007,0,0,0,,,
28.224,odom,map,-1.72939,1.08929,1.6123,0,0,0,,,
28.188,kf,map,-1.84932,1.08659,1.6539,0.0623767,0.0623767,0,0.064375,,
28.188,ekf_predict_only,map,-1.75924,1.10157,1.61475,16.5436,13.4248,3.74851,,,
28.188,ekf,map,-1.84943,1.08821,1.6524,0.0676751,0.0676531,1.00857e-05,0.099958,,
28.188,pf,map,-1.90322,1.09416,1.65951,0.0438656,0.0424343,-0.00143989,4.69896,521.516,1
28.26,odom,map,-1.72939,1.08929,1.6123,0,0,0,,,
28.296,odom,map,-1.72939,1.08929,1.6123,0,0,0,,,
28.332,odom,map,-1.72939,1.08929,1.6123,0,0,0,,,
28.368,odom,map,-1.72939,1.08929,1.6123,0,0,0,,,
28.404,odom,map,-1.72939,1.08929,1.6123,0,0,0,,,
28.404,ekf_predict_only,map,-1.75924,1.10157,1.61475,16.6436,13.5248,3.74851,,,
28.404,kf,map,-1.84957,1.08966,1.65127,0.0625527,0.0625527,0,0.058125,,
28.404,ekf,map,-1.84963,1.09047,1.65054,0.0687231,0.0687058,7.82503e-06,0.120833,,
28.404,pf,map,-1.90099,1.09063,1.6507,0.041849,0.0380035,-0.00140862,12.1191,517.645,1
28.44,odom,map,-1.72939,1.08929,1.6123,0,0,0,,,
28.476,odom,map,-1.72939,1.08929,1.6123,0,0,0,,,
28.512,odom,map,-1.72939,1.08929,1.6123,0,0,0,,,
28.548,odom,map,-1.72939,1.08929,1.6123,0,0,0,,,
28.584,odom,map,-1.72939,1.08929,1.6123,0,0,0,,,
28.62,odom,map,-1.73027,1.09068,1.61052,0,0,0,,,
28.584,ekf_predict_only,map,-1.75924,1.10157,1.61475,16.7436,13.6248,3.74851,,,
28.584,ekf,map,-1.84969,1.09117,1.64997,0.0676774,0.0676671,4.6374e-06,0.057,,
28.584,kf,map,-1.84967,1.09081,1.65029,0.0623767,0.0623767,0,0.059166,,
28.584,pf,map,-1.92352,1.08788,1.66168,0.0393276,0.0406174,0.00315167,5.33525,496.642,1
28.656,odom,map,-1.73185,1.09316,1.60733,0,0,0,,,
28.692,odom,map,-1.73343,1.09563,1.60413,0,0,0,,,
28.728,odom,map,-1.73504,1.09857,1.60112,0,0,0,,,
28.764,odom,map,-1.73666,1.10229,1.59803,0,0,0,,,
28.8,odom,map,-1.7383,1.10689,1.59449,0,0,0,,,
28.8,ekf_predict_only,map,-1.75997,1.11811,1.61035,17.0112,13.7296,3.80752,,,
28.8,ekf,map,-1.85034,1.09926,1.64837,0.0687255,0.068717,3.58024e-06,0.058833,,
28.8,kf,map,-1.85039,1.09988,1.64824,0.0625527,0.0625527,0,0.057834,,
28.8,pf,map,-1.91584,1.09017,1.66188,0.0416223,0.0403815,0.00175883,4.53125,526.554,1
28.836,odom,map,-1.73841,1.10959,1.59372,0,0,0,,,
28.872,odom,map,-1.73847,1.11235,1.59298,0,0,0,,,
28.908,odom,map,-1.73853,1.11537,1.59165,0,0,0,,,
28.944,odom,map,-1.73859,1.11823,1.58922,0,0,0,,,
28.98,odom,map,-1.73864,1.12118,1.58636,0,0,0,,,
29.016,ekf_predict_only,map,-1.76073,1.13741,1.59279,17.31,13.8347,3.87603,,,
29.016,ekf,map,-1.85151,1.11459,1.63623,0.068969,0.0689613,2.56586e-06,0.0585,,
29.016,kf,map,-1.85154,1.11518,1.63568,0.0625774,0.0625774,0,0.06125,,
29.016,odom,map,-1.73869,1.12439,1.58344,0,0,0,,,
29.016,pf,map,-1.91321,1.10616,1.66206,0.0400322,0.0415159,-0.000361992,4.57004,525.858,1
29.052,odom,map,-1.73872,1.12776,1.58002,0,0,0,,,
29.088,odom,map,-1.73875,1.13135,1.57587,0,0,0,,,
29.124,odom,map,-1.73876,1.13523,1.57094,0,0,0,,,
29.16,odom,map,-1.73875,1.13921,1.56575,0,0,0,,,
29.196,odom,map,-1.73872,1.14288,1.55996,0,0,0,,,
29.196,ekf_predict_only,map,-1.76102,1.1506,1.55664,17.5482,13.9367,3.92175,,,
29.196,ekf,map,-1.85241,1.13014,1.61031,0.0676795,0.0676733,1.59285e-06,0.057625,,
29.196,kf,map,-1.8524,1.13018,1.60931,0.0623802,0.0623802,0,0.055416,,
29.232,odom,map,-1.73868,1.14574,1.55293,0,0,0,,,
29.196,pf,map,-1.90973,1.10845,1.64844,0.0408996,0.0395756,0.00191538,6.72725,507.106,1
29.268,odom,map,-1.73862,1.14838,1.5457,0,0,0,,,
29.304,odom,map,-1.73855,1.15086,1.53797,0,0,0,,,
29.34,odom,map,-1.73847,1.15313,1.52935,0,0,0,,,
29.376,odom,map,-1.73837,1.15519,1.51954,0,0,0,,,
29.412,odom,map,-1.73826,1.15722,1.50951,0,0,0,,,
29.412,ekf_predict_only,map,-1.76085,1.16281,1.49644,17.7777,14.0355,3.96174,,,
29.412,ekf,map,-1.8528,1.14459,1.56016,0.068664,0.0686571,1.33012e-06,0.060959,,
29.412,kf,map,-1.85278,1.14441,1.55889,0.0625532,0.0625532,0,0.056417,,
29.412,pf,map,-1.93427,1.13637,1.58723,0.039508,0.036726,0.000405664,5.02271,517.685,1
29.448,odom,map,-1.73812,1.15933,1.49909,0,0,0,,,
29.484,odom,map,-1.73794,1.1616,1.48777,0,0,0,,,
29.52,odom,map,-1.73772,1.16411,1.47533,0,0,0,,,
29.556,odom,map,-1.73746,1.16668,1.46275,0,0,0,,,
29.592,odom,map,-1.73714,1.16945,1.44966,0,0,0,,,
29.628,odom,map,-1.73675,1.17246,1.43587,0,0,0,,,
29.592,ekf,map,-1.85242,1.15866,1.49998,0.0676289,0.0676229,8.27674e-07,0.104166,,
29.592,kf,map,-1.8524,1.15871,1.4987,0.0623768,0.0623768,0,0.078167,,
29.592,ekf_predict_only,map,-1.75968,1.17842,1.42598,18.0454,14.1277,4.00774,,,
29.592,pf,map,-1.91734,1.14401,1.52272,0.0419644,0.0401733,-0.00382302,6.12696,525.738,1
29.664,odom,map,-1.7363,1.1756,1.42165,0,0,0,,,
29.7,odom,map,-1.73581,1.17874,1.40738,0,0,0,,,
29.736,odom,map,-1.73524,1.18202,1.39281,0,0,0,,,
29.772,odom,map,-1.73457,1.18558,1.37784,0,0,0,,,
29.808,odom,map,-1.73376,1.18957,1.36247,0,0,0,,,
29.808,ekf_predict_only,map,-1.75613,1.20281,1.33355,18.4125,14.204,4.0696,,,
29.808,ekf,map,-1.85025,1.17976,1.41452,0.0686853,0.0686767,5.04206e-07,0.060625,,
29.808,kf,map,-1.85024,1.18009,1.41342,0.0625528,0.0625528,0,0.134125,,
29.802,amcl,map,-1.748,1.1896,1.36801,0.0328678,0.068157,0.0304381,,,
29.808,pf,map,-1.91186,1.15456,1.4429,0.0361088,0.0451385,-0.00360753,4.66292,538.281,1
29.844,odom,map,-1.73288,1.19358,1.34706,0,0,0,,,
29.88,odom,map,-1.73189,1.19777,1.33153,0,0,0,,,
29.916,odom,map,-1.73075,1.20229,1.31567,0,0,0,,,
29.952,odom,map,-1.72945,1.20711,1.29953,0,0,0,,,
29.988,odom,map,-1.72806,1.21195,1.28338,0,0,0,,,
30.024,odom,map,-1.72653,1.21699,1.26716,0,0,0,,,
29.988,kf,map,-1.84575,1.20298,1.33622,0.0623767,0.0623767,0,0.05675,,
29.988,ekf,map,-1.84575,1.20258,1.33691,0.0676586,0.0676486,-2.25269e-07,0.051709,,
29.988,ekf_predict_only,map,-1.74983,1.22885,1.25237,18.8046,14.2624,4.12043,,,
29.988,pf,map,-1.91608,1.2066,1.35564,0.0413512,0.035412,0.000180983,7.25183,524.472,1
30.06,odom,map,-1.72481,1.22231,1.25087,0,0,0,,,
30.096,odom,map,-1.7229,1.22792,1.23446,0,0,0,,,
30.132,odom,map,-1.72087,1.23359,1.218,0,0,0,,,
30.168,odom,map,-1.71868,1.23938,1.20162,0,0,0,,,
30.204,odom,map,-1.71628,1.24544,1.18542,0,0,0,,,
30.204,ekf,map,-1.83592,1.23695,1.24047,0.0687205,0.0687027,-2.07204e-06,0.078834,,
30.204,kf,map,-1.83596,1.2375,1.24018,0.0625527,0.0625527,0,0.055625,,
30.204,ekf_predict_only,map,-1.73734,1.26675,1.15554,19.3426,14.2809,4.17175,,,
30.204,pf,map,-1.90518,1.22249,1.26568,0.0450217,0.0393864,-0.000431729,4.57188,502.128,1
30.24,odom,map,-1.71366,1.25174,1.16943,0,0,0,,,
30.276,odom,map,-1.71089,1.25813,1.15354,0,0,0,,,
30.312,odom,map,-1.70795,1.26461,1.13781,0,0,0,,,
30.348,odom,map,-1.70484,1.27122,1.12242,0,0,0,,,
30.384,odom,map,-1.7016,1.27782,1.10711,0,0,0,,,
30.402,amcl,map,-1.71888,1.28905,1.09595,0.0315277,0.062616,0.0316952,,,
30.384,ekf_predict_only,map,-1.72183,1.30192,1.07937,19.8627,14.2822,4.1911,,,
30.384,ekf,map,-1.82299,1.26976,1.16298,0.0676868,0.0676661,-4.17684e-06,0.0625,,
30.384,kf,map,-1.82304,1.27024,1.16297,0.0623767,0.0623767,0,0.101625,,
30.42,odom,map,-1.69818,1.28452,1.09184,0,0,0,,,
30.384,pf,map,-1.89214,1.25277,1.17617,0.0415743,0.039398,-0.00261513,9.71883,527.346,1
30.456,odom,map,-1.6945,1.29149,1.07674,0,0,0,,,
30.492,odom,map,-1.69062,1.29857,1.06184,0,0,0,,,
30.528,odom,map,-1.68661,1.30563,1.04705,0,0,0,,,
30.564,odom,map,-1.68241,1.31278,1.03255,0,0,0,,,
30.6,odom,map,-1.6779,1.32022,1.01853,0,0,0,,,
30.6,kf,map,-1.80153,1.31471,1.07621,0.0625527,0.0625527,0,0.055459,,
30.6,ekf,map,-1.80146,1.31405,1.0758,0.0687515,0.0687188,-1.01238e-05,0.082708,,
30.6,ekf_predict_only,map,-1.69639,1.34946,0.996686,20.5519,14.2258,4.17954,,,
30.6,pf,map,-1.88351,1.31567,1.08467,0.0370725,0.0411241,-0.00252383,5.02037,533.598,1
30.636,odom,map,-1.67572,1.32789,1.00518,0,0,0,,,
30.672,odom,map,-1.67336,1.33575,0.992228,0,0,0,,,
30.708,odom,map,-1.67081,1.3437,0.979551,0,0,0,,,
30.744,odom,map,-1.66806,1.35174,0.966393,0,0,0,,,
30.78,odom,map,-1.66503,1.35996,0.952486,0,0,0,,,
30.816,ekf_predict_only,map,-1.66315,1.40085,0.906976,21.3164,14.1321,4.11435,,,
30.816,ekf,map,-1.77235,1.36277,0.98893,0.0690079,0.0689674,-1.73875e-05,0.0675,,
30.816,odom,map,-1.66073,1.36824,0.937964,0,0,0,,,
30.816,kf,map,-1.77236,1.36349,0.988832,0.0625774,0.0625774,0,0.059292,,
30.816,pf,map,-1.8377,1.38122,1.00347,0.0416807,0.037681,-0.000651718,4.65738,508.444,1
30.852,odom,map,-1.65449,1.37661,0.922742,0,0,0,,,
30.888,odom,map,-1.64807,1.38495,0.907454,0,0,0,,,
30.924,odom,map,-1.64142,1.39333,0.892148,0,0,0,,,
30.96,odom,map,-1.63448,1.4018,0.876909,0,0,0,,,
30.996,odom,map,-1.62737,1.41022,0.861708,0,0,0,,,
31.032,odom,map,-1.62008,1.41858,0.846659,0,0,0,,,
30.996,ekf,map,-1.74137,1.40577,0.913994,0.0677207,0.0676833,-2.15603e-05,0.097,,
30.996,kf,map,-1.7414,1.40631,0.913974,0.0623802,0.0623802,0,0.128666,,
30.996,ekf_predict_only,map,-1.62888,1.44466,0.832124,22.0059,14.0451,4.00331,,,
30.996,pf,map,-1.8032,1.41964,0.929159,0.0382421,0.0393084,0.00245611,4.43221,517.031,1
31.002,amcl,map,-1.62161,1.42741,0.861886,0.0389508,0.058062,0.0364189,,,
31.068,odom,map,-1.61256,1.42695,0.831899,0,0,0,,,
31.104,odom,map,-1.60482,1.43533,0.817283,0,0,0,,,
31.14,odom,map,-1.59694,1.4436,0.802675,0,0,0,,,
31.176,odom,map,-1.58889,1.45182,0.788205,0,0,0,,,
31.212,ekf_predict_only,map,-1.58172,1.49645,0.746391,22.8301,13.9092,3.80312,,,
31.212,kf,map,-1.69769,1.45832,0.826909,0.0625532,0.0625532,0,0.067708,,
31.212,odom,map,-1.58084,1.46033,0.773495,0,0,0,,,
31.212,ekf,map,-1.69757,1.4578,0.826769,0.0687232,0.0686781,-3.62845e-05,0.124791,,
31.212,pf,map,-1.74458,1.45107,0.841852,0.0418787,0.0389553,-0.00180215,6.46771,504.189,1
31.248,odom,map,-1.57311,1.46946,0.75818,0,0,0,,,
31.284,odom,map,-1.56528,1.47843,0.742893,0,0,0,,,
31.32,odom,map,-1.55733,1.48724,0.727781,0,0,0,,,
31.356,odom,map,-1.5494,1.49579,0.712892,0,0,0,,,
31.392,odom,map,-1.54143,1.50413,0.698044,0,0,0,,,
31.392,kf,map,-1.65817,1.49771,0.757892,0.0623768,0.0623768,0,0.061291,,
31.428,odom,map,-1.533,1.51152,0.684229,0,0,0,,,
31.392,ekf,map,-1.65794,1.49741,0.757638,0.067683,0.0676481,-3.77555e-05,0.10625,,
31.392,ekf_predict_only,map,-1.54113,1.53398,0.67971,23.4738,13.826,3.59391,,,
31.392,pf,map,-1.69054,1.50205,0.777604,0.0401919,0.0358558,0.000326821,4.53554,528.771,1
31.464,odom,map,-1.5245,1.51836,0.670946,0,0,0,,,
31.5,odom,map,-1.51606,1.52498,0.657766,0,0,0,,,
31.536,odom,map,-1.50768,1.53136,0.644712,0,0,0,,,
31.572,odom,map,-1.49932,1.53756,0.631717,0,0,0,,,
31.608,odom,map,-1.49102,1.54356,0.618764,0,0,0,,,
31.608,kf,map,-1.61061,1.53926,0.678535,0.0625528,0.0625528,0,0.061542,,
31.608,ekf_predict_only,map,-1.49356,1.57243,0.60204,24.1473,13.735,3.31633,,,
31.608,ekf,map,-1.61021,1.5391,0.678277,0.0687462,0.068715,-4.98838e-05,0.055083,,
31.602,amcl,map,-1.48281,1.55556,0.631997,0.0567674,0.0513339,0.0419442,,,
31.608,pf,map,-1.65765,1.54221,0.678711,0.0421648,0.0422547,0.000265782,9.98692,526.751,1
31.644,odom,map,-1.48276,1.54936,0.605911,0,0,0,,,
31.68,odom,map,-1.47455,1.55497,0.59322,0,0,0,,,
31.716,odom,map,-1.46632,1.56044,0.580597,0,0,0,,,
31.752,odom,map,-1.45815,1.56573,0.568201,0,0,0,,,
31.788,odom,map,-1.45011,1.57079,0.55618,0,0,0,,,
31.788,ekf,map,-1.57109,1.56832,0.616161,0.0677031,0.0676856,-4.32516e-05,0.057708,,
31.824,odom,map,-1.44139,1.57693,0.545336,0,0,0,,,
31.788,ekf_predict_only,map,-1.45572,1.59843,0.542496,24.6445,13.7014,3.07316,,,
31.788,kf,map,-1.57153,1.56837,0.616465,0.0623767,0.0623767,0,0.057083,,
31.788,pf,map,-1.63093,1.58188,0.617326,0.038849,0.0382063,-0.00282977,7.31862,508.013,1
31.86,odom,map,-1.43229,1.58364,0.535072,0,0,0,,,
31.896,odom,map,-1.42332,1.59019,0.524941,0,0,0,,,
31.932,odom,map,-1.41458,1.5965,0.515019,0,0,0,,,
31.968,odom,map,-1.40605,1.60261,0.505277,0,0,0,,,
32.004,odom,map,-1.39786,1.60838,0.495728,0,0,0,,,
32.004,ekf_predict_only,map,-1.41479,1.62311,0.476216,25.1287,13.6755,2.79241,,,
32.004,ekf,map,-1.52756,1.59692,0.546729,0.0687566,0.0687483,-4.7927e-05,0.063958,,
32.004,kf,map,-1.52815,1.59688,0.547131,0.0625527,0.0625527,0,0.055583,,
32.004,pf,map,-1.59724,1.59486,0.5563,0.0389619,0.0358043,0.0022687,4.98008,535.226,1
32.04,odom,map,-1.39083,1.61213,0.484681,0,0,0,,,
32.076,odom,map,-1.38408,1.61564,0.473704,0,0,0,,,
32.112,odom,map,-1.37756,1.61894,0.462987,0,0,0,,,
32.148,odom,map,-1.37116,1.62209,0.45242,0,0,0,,,
32.184,odom,map,-1.3649,1.62509,0.442017,0,0,0,,,
32.184,kf,map,-1.49665,1.61464,0.493523,0.0623767,0.0623767,0,0.06575,,
32.22,odom,map,-1.35918,1.62776,0.431902,0,0,0,,,
32.184,ekf,map,-1.49599,1.61478,0.493118,0.0677031,0.0677029,-3.62011e-05,0.055334,,
32.184,ekf_predict_only,map,-1.38757,1.63715,0.425808,25.4505,13.7025,2.59627,,,
32.184,pf,map,-1.56722,1.60334,0.503616,0.0470434,0.0455953,-0.00209011,6.89533,529.955,1
32.256,odom,map,-1.35406,1.6301,0.422811,0,0,0,,,
32.292,odom,map,-1.35009,1.63187,0.416293,0,0,0,,,
32.328,odom,map,-1.3473,1.63309,0.412368,0,0,0,,,
32.364,odom,map,-1.3457,1.63379,0.411034,0,0,0,,,
32.4,odom,map,-1.34526,1.63398,0.411034,0,0,0,,,
32.4,ekf,map,-1.48104,1.62216,0.47078,0.0687477,0.0687506,-3.20933e-05,0.064833,,
32.4,amcl,map,-1.35137,1.63962,0.413137,0.0648363,0.0437474,0.0413526,,,
32.4,ekf_predict_only,map,-1.38757,1.63715,0.425808,25.5505,13.8025,2.59627,,,
32.4,kf,map,-1.48265,1.62148,0.472935,0.0625527,0.0625527,0,0.06825,,
32.4,pf,map,-1.5377,1.61683,0.479777,0.041545,0.0427924,0.00265564,4.49421,510.844,1
32.436,odom,map,-1.34487,1.63445,0.411363,0,0,0,,,
32.472,odom,map,-1.34446,1.63494,0.411701,0,0,0,,,
32.508,odom,map,-1.34405,1.63542,0.41204,0,0,0,,,
32.544,odom,map,-1.34341,1.63601,0.412203,0,0,0,,,
32.58,odom,map,-1.3422,1.63684,0.412228,0,0,0,,,
32.616,ekf_predict_only,map,-1.37838,1.64132,0.422144,25.7168,13.8798,2.52833,,,
32.616,ekf,map,-1.47215,1.62664,0.461945,0.0689833,0.0689866,-2.34315e-05,0.057708,,
32.616,kf,map,-1.47274,1.62641,0.46323,0.0625774,0.0625774,0,0.060791,,
32.616,odom,map,-1.34087,1.63761,0.41193,0,0,0,,,
32.616,pf,map,-1.55014,1.63271,0.479155,0.045793,0.0441957,0.00235495,7.94117,509.785,1
32.652,odom,map,-1.33898,1.63843,0.410942,0,0,0,,,
32.688,odom,map,-1.33657,1.63948,0.40902,0,0,0,,,
32.724,odom,map,-1.33397,1.6406,0.405537,0,0,0,,,
32.76,odom,map,-1.33134,1.64173,0.401575,0,0,0,,,
32.796,odom,map,-1.32847,1.64294,0.397109,0,0,0,,,
32.796,kf,map,-1.45803,1.63362,0.438336,0.0623802,0.0623802,0,0.10825,,
32.832,odom,map,-1.3249,1.64442,0.390529,0,0,0,,,
32.796,ekf_predict_only,map,-1.35992,1.64961,0.386538,25.9492,13.9373,2.39045,,,
32.796,ekf,map,-1.45813,1.63356,0.438829,0.0676863,0.0676896,-1.44184e-05,0.096125,,
32.796,pf,map,-1.54642,1.62833,0.480451,0.0416824,0.0387336,-0.00413397,5.98671,512.683,1
32.868,odom,map,-1.32082,1.64608,0.383,0,0,0,,,
32.904,odom,map,-1.31643,1.64783,0.375273,0,0,0,,,
32.94,odom,map,-1.31166,1.64969,0.36687,0,0,0,,,
32.976,odom,map,-1.306,1.65183,0.357427,0,0,0,,,
33.012,odom,map,-1.29957,1.6542,0.347727,0,0,0,,,
33.012,ekf_predict_only,map,-1.32043,1.66568,0.32825,26.3084,13.96,2.08787,,,
33.012,ekf,map,-1.42794,1.64725,0.39075,0.0686686,0.0686764,-1.4229e-05,0.067875,,
33.012,kf,map,-1.42713,1.6476,0.38966,0.0625532,0.0625532,0,0.058375,,
33.012,pf,map,-1.50428,1.62748,0.419629,0.0399215,0.0411459,5.32276e-05,8.78546,512.369,1
33.048,odom,map,-1.29288,1.65659,0.338012,0,0,0,,,
33.084,odom,map,-1.28578,1.65904,0.328201,0,0,0,,,
33.12,odom,map,-1.27767,1.66176,0.318322,0,0,0,,,
33.156,odom,map,-1.269,1.66457,0.308425,0,0,0,,,
33.192,odom,map,-1.25975,1.66746,0.298242,0,0,0,,,
33.228,odom,map,-1.25072,1.6709,0.288139,0,0,0,,,
33.192,kf,map,-1.38633,1.66343,0.343357,0.0623768,0.0623768,0,0.057958,,
33.192,ekf,map,-1.38749,1.66292,0.344064,0.0676324,0.0676485,-1.45626e-05,0.059292,,
33.192,ekf_predict_only,map,-1.26805,1.68352,0.277682,26.6996,13.9866,1.67274,,,
33.192,pf,map,-1.45269,1.66466,0.365484,0.0434335,0.0407598,-0.00151051,4.91137,538.968,1
33.264,odom,map,-1.24125,1.67464,0.278154,0,0,0,,,
33.3,odom,map,-1.23118,1.67843,0.268211,0,0,0,,,
33.336,odom,map,-1.22041,1.68228,0.258286,0,0,0,,,
33.372,odom,map,-1.20927,1.6861,0.248331,0,0,0,,,
33.408,odom,map,-1.1968,1.68991,0.238277,0,0,0,,,
33.408,ekf_predict_only,map,-1.18562,1.70701,0.217134,27.1892,14.0389,0.996252,,,
33.408,kf,map,-1.31603,1.68657,0.284648,0.0625528,0.0625528,0,0.063125,,
33.408,ekf,map,-1.31742,1.68589,0.285037,0.0686898,0.0687353,-2.62827e-05,0.059084,,
33.408,pf,map,-1.40381,1.7145,0.302311,0.043529,0.039933,0.000337535,4.87662,510.917,1
33.444,odom,map,-1.1829,1.69321,0.228185,0,0,0,,,
33.48,odom,map,-1.16855,1.69647,0.218325,0,0,0,,,
33.516,odom,map,-1.15352,1.69973,0.208759,0,0,0,,,
33.552,odom,map,-1.13805,1.70293,0.199458,0,0,0,,,
33.588,odom,map,-1.12209,1.70608,0.190521,0,0,0,,,
33.588,ekf_predict_only,map,-1.10512,1.72477,0.173166,27.5881,14.1729,0.314959,,,
33.588,kf,map,-1.24408,1.70543,0.239004,0.0623767,0.0623767,0,0.108167,,
33.624,odom,map,-1.10589,1.70913,0.181727,0,0,0,,,
33.588,ekf,map,-1.24513,1.70483,0.238974,0.0676616,0.0677305,-3.13693e-05,0.059041,,
33.6,amcl,map,-1.14416,1.69033,0.189099,0.0718336,0.0381157,0.0348933,,,
33.588,pf,map,-1.34491,1.71033,0.236418,0.0399573,0.0386951,0.00120697,6.44679,515.665,1
33.66,odom,map,-1.08961,1.71205,0.173242,0,0,0,,,
33.696,odom,map,-1.07328,1.71484,0.165061,0,0,0,,,
33.732,odom,map,-1.05694,1.71749,0.15702,0,0,0,,,
33.768,odom,map,-1.04057,1.72002,0.148987,0,0,0,,,
33.804,odom,map,-1.02419,1.72241,0.141465,0,0,0,,,
33.804,ekf_predict_only,map,-1.00014,1.74314,0.129806,28.0013,14.438,-0.59475,,,
33.804,ekf,map,-1.14829,1.72568,0.191008,0.0687193,0.0688503,-4.8333e-05,0.067542,,
33.804,kf,map,-1.14732,1.72637,0.191449,0.0625527,0.0625527,0,0.059667,,
33.804,pf,map,-1.22474,1.73102,0.205949,0.0377958,0.0362013,0.00150507,4.4425,536.427,1
33.84,odom,map,-1.00778,1.72469,0.134492,0,0,0,,,
33.876,odom,map,-0.991366,1.72685,0.12788,0,0,0,,,
33.912,odom,map,-0.974935,1.72891,0.121345,0,0,0,,,
33.948,odom,map,-0.95849,1.73087,0.115287,0,0,0,,,
33.984,odom,map,-0.942035,1.73272,0.109839,0,0,0,,,
34.02,odom,map,-0.92557,1.7345,0.104678,0,0,0,,,
33.984,ekf_predict_only,map,-0.915863,1.75414,0.105276,28.291,14.77,-1.33635,,,
33.984,ekf,map,-1.06818,1.73913,0.160263,0.0676793,0.0678242,-4.57189e-05,0.106625,,
33.984,kf,map,-1.06758,1.73971,0.160926,0.0623767,0.0623767,0,0.058292,,
33.984,pf,map,-1.15908,1.75733,0.168683,0.0364893,0.0394993,0.000126171,10.2539,537.246,1
34.056,odom,map,-0.909097,1.73619,0.0997724,0,0,0,,,
34.092,odom,map,-0.892615,1.7378,0.0952298,0,0,0,,,
34.128,odom,map,-0.876127,1.73934,0.0912127,0,0,0,,,
34.164,odom,map,-0.859633,1.74082,0.0874732,0,0,0,,,
34.2,odom,map,-0.843134,1.74223,0.0838292,0,0,0,,,
34.2,ekf_predict_only,map,-0.81657,1.76463,0.088374,28.5733,15.2582,-2.21946,,,
34.2,kf,map,-0.970554,1.75351,0.136066,0.0625527,0.0625527,0,0.072,,
34.2,ekf,map,-0.970866,1.75295,0.135063,0.0687304,0.0689347,-5.45179e-05,0.058666,,
34.2,amcl,map,-0.889082,1.7234,0.0777384,0.0721706,0.0313371,0.0218441,,,
34.2,pf,map,-1.05402,1.76478,0.145484,0.0376339,0.0398933,7.0511e-05,4.75833,529.15,1
34.236,odom,map,-0.82663,1.74359,0.0807068,0,0,0,,,
34.272,odom,map,-0.810122,1.74491,0.078316,0,0,0,,,
34.308,odom,map,-0.793691,1.74618,0.0763736,0,0,0,,,
34.344,odom,map,-0.777285,1.74742,0.0745646,0,0,0,,,
34.38,odom,map,-0.761029,1.74862,0.0730817,0,0,0,,,
34.416,odom,map,-0.746914,1.74864,0.072153,0,0,0,,,
34.416,ekf_predict_only,map,-0.72072,1.77312,0.0831604,28.8219,15.8516,-3.07979,,,
34.416,ekf,map,-0.874298,1.76475,0.122718,0.068973,0.0691991,-5.20333e-05,0.0625,,
34.416,kf,map,-0.874314,1.76521,0.12376,0.0625774,0.0625774,0,0.059625,,
34.416,pf,map,-0.94122,1.76847,0.141498,0.034243,0.040704,0.00184018,4.42708,524.939,1
34.452,odom,map,-0.736027,1.74684,0.0717883,0,0,0,,,
34.488,odom,map,-0.725198,1.74504,0.071557,0,0,0,,,
34.524,odom,map,-0.714504,1.74323,0.071568,0,0,0,,,
34.56,odom,map,-0.704148,1.7414,0.0722496,0,0,0,,,
34.596,odom,map,-0.693999,1.73958,0.0733057,0,0,0,,,
34.596,ekf,map,-0.797262,1.77367,0.121961,0.0676813,0.0678743,-3.90896e-05,0.058958,,
34.632,odom,map,-0.67954,1.74037,0.0743002,0,0,0,,,
34.596,ekf_predict_only,map,-0.645698,1.77938,0.0879807,29.0318,16.4198,-3.75909,,,
34.596,kf,map,-0.797462,1.77397,0.122791,0.0623802,0.0623802,0,1.24329,,
34.596,pf,map,-0.836168,1.7705,0.139823,0.0409032,0.0397782,0.00200182,12.6286,515.555,1
34.668,odom,map,-0.664698,1.74148,0.075739,0,0,0,,,
34.704,odom,map,-0.650099,1.7426,0.0777703,0,0,0,,,
34.74,odom,map,-0.635683,1.74374,0.080312,0,0,0,,,
34.776,odom,map,-0.621305,1.74492,0.0829843,0,0,0,,,
34.812,odom,map,-0.607141,1.74612,0.0860326,0,0,0,,,
34.812,ekf_predict_only,map,-0.561124,1.78684,0.106912,29.2637,17.1345,-4.53375,,,
34.812,ekf,map,-0.710351,1.78427,0.134787,0.0686646,0.0688892,-4.00383e-05,0.060625,,
34.812,kf,map,-0.710673,1.78446,0.135639,0.0625532,0.0625532,0,0.056791,,
34.8,amcl,map,-0.65089,1.7363,0.0845938,0.0794397,0.0316122,0.0136828,,,
34.812,pf,map,-0.779127,1.79877,0.134225,0.039426,0.0409929,-0.00107681,4.58717,518.488,1
34.848,odom,map,-0.593177,1.74735,0.0894085,0,0,0,,,
34.884,odom,map,-0.579574,1.74859,0.0933916,0,0,0,,,
34.92,odom,map,-0.56602,1.74989,0.0974601,0,0,0,,,
34.956,odom,map,-0.55254,1.75124,0.101809,0,0,0,,,
34.992,odom,map,-0.539234,1.75263,0.106493,0,0,0,,,
35.028,odom,map,-0.528461,1.7534,0.109294,0,0,0,,,
34.992,ekf,map,-0.642662,1.79383,0.152261,0.0676282,0.0678133,-3.05449e-05,0.062084,,
34.992,kf,map,-0.642953,1.79387,0.152547,0.0623768,0.0623768,0,0.100834,,
34.992,ekf_predict_only,map,-0.495375,1.79389,0.123971,29.4891,17.7766,-5.14709,,,
34.992,pf,map,-0.707593,1.78236,0.161336,0.0460816,0.0467548,0.00471457,8.66413,527.302,1
35.064,odom,map,-0.51872,1.75391,0.110812,0,0,0,,,
35.1,odom,map,-0.509036,1.75442,0.111849,0,0,0,,,
35.136,odom,map,-0.499521,1.75489,0.112313,0,0,0,,,
35.172,odom,map,-0.490352,1.7553,0.112014,0,0,0,,,
35.208,odom,map,-0.480503,1.7559,0.111964,0,0,0,,,
35.208,ekf_predict_only,map,-0.420939,1.80317,0.130118,29.755,18.5586,-5.85501,,,
35.208,ekf,map,-0.566261,1.80617,0.1633,0.0686819,0.0688853,-3.20669e-05,0.0525,,
35.208,kf,map,-0.566564,1.80605,0.162969,0.0625528,0.0625528,0,0.062834,,
35.208,pf,map,-0.643984,1.80462,0.1789,0.0404387,0.041224,0.00228988,4.94192,531.422,1
35.244,odom,map,-0.468229,1.75729,0.112762,0,0,0,,,
35.28,odom,map,-0.456208,1.75865,0.113192,0,0,0,,,
35.316,odom,map,-0.444338,1.76,0.113364,0,0,0,,,
35.352,odom,map,-0.432514,1.76135,0.113445,0,0,0,,,
35.388,odom,map,-0.420767,1.76269,0.113452,0,0,0,,,
35.388,kf,map,-0.507291,1.8161,0.164687,0.0623767,0.0623767,0,0.059917,,
35.424,odom,map,-0.409192,1.76401,0.113177,0,0,0,,,
35.388,ekf,map,-0.50701,1.81624,0.165122,0.0676526,0.067813,-2.51091e-05,0.054417,,
35.388,ekf_predict_only,map,-0.363641,1.81067,0.127976,29.9899,19.2333,-6.408,,,
35.388,pf,map,-0.594064,1.81121,0.181998,0.0421994,0.0438425,-0.00272191,6.13617,520.956,1
35.46,odom,map,-0.397792,1.7653,0.112749,0,0,0,,,
35.496,odom,map,-0.386488,1.76658,0.11232,0,0,0,,,
35.532,odom,map,-0.375387,1.76783,0.111799,0,0,0,,,
35.568,odom,map,-0.364481,1.76905,0.111169,0,0,0,,,
35.604,odom,map,-0.354044,1.7702,0.11046,0,0,0,,,
35.604,kf,map,-0.441568,1.82718,0.1623,0.0625527,0.0625527,0,0.055625,,
35.604,ekf,map,-0.441147,1.82733,0.162707,0.0687065,0.068875,-2.66274e-05,0.0595,,
35.604,ekf_predict_only,map,-0.30104,1.81872,0.122832,30.2356,20.0112,-7.01794,,,
35.601,amcl,map,-0.391631,1.76695,0.143891,0.085812,0.0361354,0.00632882,,,
35.604,pf,map,-0.533086,1.84802,0.184202,0.0404379,0.0411446,0.00217484,4.65583,509.536,1
35.64,odom,map,-0.347395,1.77084,0.110907,0,0,0,,,
35.676,odom,map,-0.340952,1.77146,0.111168,0,0,0,,,
35.712,odom,map,-0.334695,1.77207,0.111393,0,0,0,,,
35.748,odom,map,-0.328647,1.77268,0.111501,0,0,0,,,
35.784,odom,map,-0.322685,1.77328,0.11155,0,0,0,,,
35.82,odom,map,-0.314725,1.77414,0.110723,0,0,0,,,
35.784,ekf,map,-0.39075,1.83559,0.157472,0.0676684,0.0677968,-2.0546e-05,0.056083,,
35.784,kf,map,-0.391123,1.83547,0.157149,0.0623767,0.0623767,0,0.060125,,
35.784,ekf_predict_only,map,-0.253163,1.82463,0.115413,30.4431,20.6649,-7.48748,,,
35.784,pf,map,-0.462411,1.87051,0.172641,0.0384393,0.0369068,-0.000234241,5.26987,512.594,1
35.856,odom,map,-0.305457,1.77517,0.109865,0,0,0,,,
35.892,odom,map,-0.297424,1.77606,0.109865,0,0,0,,,
35.928,odom,map,-0.290679,1.7768,0.109865,0,0,0,,,
35.964,odom,map,-0.285222,1.7774,0.109865,0,0,0,,,
36,odom,map,-0.281053,1.77786,0.109865,0,0,0,,,
36,ekf_predict_only,map,-0.253163,1.82463,0.115413,30.5431,20.7649,-7.48748,,,
36,ekf,map,-0.360238,1.84039,0.156633,0.0687184,0.0688337,-1.85704e-05,0.066875,,
36,kf,map,-0.363114,1.83991,0.156587,0.0625527,0.0625527,0,0.063417,,
36,pf,map,-0.414091,1.86179,0.164579,0.0394053,0.0338859,-0.00135797,4.4265,529.316,1
36.036,odom,map,-0.278172,1.77818,0.109865,0,0,0,,,
36.072,odom,map,-0.27658,1.77835,0.109865,0,0,0,,,
36.108,odom,map,-0.276231,1.77839,0.109865,0,0,0,,,
36.144,odom,map,-0.276231,1.77839,0.109865,0,0,0,,,
36.18,odom,map,-0.276231,1.77839,0.109865,0,0,0,,,
36.216,odom,map,-0.276231,1.77839,0.109865,0,0,0,,,
36.216,ekf,map,-0.347354,1.84242,0.156369,0.0689624,0.0690462,-1.35283e-05,0.0625,,
36.216,kf,map,-0.349623,1.84205,0.156377,0.0625774,0.0625774,0,0.057042,,
36.216,ekf_predict_only,map,-0.253163,1.82463,0.115413,30.6431,20.8649,-7.48748,,,
36.216,pf,map,-0.427501,1.8624,0.172252,0.0386045,0.0378269,-0.00132878,7.53183,536.305,1
36.252,odom,map,-0.276231,1.77839,0.109865,0,0,0,,,
36.288,odom,map,-0.276231,1.77839,0.109865,0,0,0,,,
36.324,odom,map,-0.276231,1.77839,0.109865,0,0,0,,,
36.36,odom,map,-0.276231,1.77839,0.109865,0,0,0,,,
36.396,odom,map,-0.275828,1.77844,0.109702,0,0,0,,,
36.396,ekf_predict_only,map,-0.238845,1.82629,0.113748,30.7734,21.1366,-7.62798,,,
36.432,odom,map,-0.276813,1.77911,0.113608,0,0,0,,,
36.396,ekf,map,-0.338556,1.8438,0.155641,0.0676739,0.0677236,-8.03535e-06,0.058542,,
36.396,kf,map,-0.338984,1.84373,0.15557,0.0623802,0.0623802,0,0.059084,,
36.396,pf,map,-0.432365,1.86614,0.162184,0.0388067,0.046831,-0.00134543,5.08083,520.764,1
36.468,odom,map,-0.277045,1.77993,0.117978,0,0,0,,,
36.504,odom,map,-0.276685,1.78081,0.122301,0,0,0,,,
36.54,odom,map,-0.275208,1.78182,0.126136,0,0,0,,,
36.576,odom,map,-0.272861,1.78293,0.129439,0,0,0,,,
36.612,odom,map,-0.268948,1.784,0.131044,0,0,0,,,
36.612,pf,map,-0.385731,1.865,0.158779,0.0425327,0.0417007,-0.000126427,4.79217,526.378,1
36.612,ekf_predict_only,map,-0.202662,1.83043,0.103782,30.9489,21.6829,-7.98415,,,
36.612,ekf,map,-0.313212,1.84777,0.149447,0.0686578,0.0687005,-6.92175e-06,0.053792,,
36.612,kf,map,-0.312425,1.84788,0.149086,0.0625532,0.0625532,0,0.059375,,
36.648,odom,map,-0.262608,1.78483,0.129023,0,0,0,,,
36.684,odom,map,-0.255328,1.78576,0.126407,0,0,0,,,
36.72,odom,map,-0.247654,1.78673,0.123638,0,0,0,,,
36.756,odom,map,-0.239683,1.7877,0.120549,0,0,0,,,
36.792,odom,map,-0.231043,1.78873,0.116877,0,0,0,,,
36.828,odom,map,-0.221727,1.78981,0.112741,0,0,0,,,
36.792,ekf_predict_only,map,-0.154564,1.83543,0.0822634,31.1408,22.4044,-8.4576,,,
36.792,ekf,map,-0.275454,1.85333,0.134064,0.0676236,0.0676604,-5.90412e-06,0.054083,,
36.792,kf,map,-0.27437,1.85345,0.133453,0.0623768,0.0623768,0,0.061583,,
36.792,pf,map,-0.351524,1.88344,0.14894,0.0429397,0.037327,0.00404104,10.341,510.318,1
36.864,odom,map,-0.211731,1.79092,0.108419,0,0,0,,,
36.9,odom,map,-0.201515,1.79201,0.104093,0,0,0,,,
36.936,odom,map,-0.191063,1.79308,0.0995481,0,0,0,,,
36.972,odom,map,-0.179919,1.79416,0.0947335,0,0,0,,,
37.008,odom,map,-0.168496,1.79522,0.0898903,0,0,0,,,
37.008,ekf_predict_only,map,-0.0859665,1.84109,0.0532043,31.345,23.4468,-9.12809,,,
37.008,kf,map,-0.213474,1.86111,0.10791,0.0625528,0.0625528,0,0.060875,,
37.008,ekf,map,-0.214537,1.86098,0.108442,0.0686778,0.0687356,-8.83254e-06,0.214416,,
37.008,pf,map,-0.301585,1.89167,0.116181,0.0371293,0.0382562,0.0034366,5.22058,509.818,1
37.044,odom,map,-0.156763,1.79625,0.0847903,0,0,0,,,
37.08,odom,map,-0.144568,1.79725,0.0792818,0,0,0,,,
37.116,odom,map,-0.131999,1.79821,0.0733623,0,0,0,,,
37.152,odom,map,-0.1192,1.79911,0.0671809,0,0,0,,,
37.188,odom,map,-0.106187,1.79995,0.0610396,0,0,0,,,
37.224,odom,map,-0.0928124,1.80072,0.0548967,0,0,0,,,
37.188,ekf_predict_only,map,-0.0179262,1.84471,0.0224128,31.5119,24.547,-9.78346,,,
37.188,ekf,map,-0.152795,1.86692,0.0800232,0.0676498,0.0677186,-9.61274e-06,0.058292,,
37.188,kf,map,-0.151923,1.86705,0.0796426,0.0623767,0.0623767,0,0.0995,,
37.2,amcl,map,-0.119073,1.78205,0.0480847,0.086432,0.0381708,-0.00389872,,,
37.188,pf,map,-0.226182,1.90622,0.102182,0.0414244,0.047297,0.000665502,10.4297,519.975,1
37.26,odom,map,-0.0790552,1.80144,0.048636,0,0,0,,,
37.296,odom,map,-0.0652331,1.80207,0.0423412,0,0,0,,,
37.332,odom,map,-0.0512751,1.80261,0.0360694,0,0,0,,,
37.368,odom,map,-0.0370385,1.80308,0.0298326,0,0,0,,,
37.404,odom,map,-0.0226539,1.80347,0.0236076,0,0,0,,,
37.404,ekf,map,-0.0702206,1.8722,0.0431403,0.0687039,0.0688177,-1.36508e-05,0.089541,,
37.404,ekf_predict_only,map,0.0683905,1.84665,-0.0149373,31.6478,26.0105,-10.5981,,,
37.404,kf,map,-0.0695005,1.87237,0.042893,0.0625527,0.0625527,0,0.054708,,
37.404,pf,map,-0.14435,1.90188,0.0542231,0.0411122,0.0408765,-0.000640064,6.95417,504.703,1
37.44,odom,map,-0.00815949,1.80376,0.0172823,0,0,0,,,
37.476,odom,map,0.00652816,1.80397,0.011077,0,0,0,,,
37.512,odom,map,0.0214128,1.80409,0.00496387,0,0,0,,,
37.548,odom,map,0.036353,1.80412,-0.0011425,0,0,0,,,
37.584,odom,map,0.0514294,1.80406,-0.00710976,0,0,0,,,
37.584,ekf,map,0.00354671,1.87413,0.0134008,0.0676663,0.067789,-1.20947e-05,0.055083,,
37.584,kf,map,0.00409525,1.87431,0.0133802,0.0623767,0.0623767,0,0.060875,,
37.62,odom,map,0.0667879,1.8039,-0.0129262,0,0,0,,,
37.584,ekf_predict_only,map,0.145779,1.84549,-0.0438454,31.7263,27.4235,-11.3051,,,
37.584,pf,map,-0.0758307,1.89668,0.0366064,0.0339716,0.0355666,-0.0021081,7.53512,532.725,1
37.656,odom,map,0.0824249,1.80366,-0.0185409,0,0,0,,,
37.692,odom,map,0.0980777,1.80332,-0.0240261,0,0,0,,,
37.728,odom,map,0.113711,1.8029,-0.0294427,0,0,0,,,
37.764,odom,map,0.129471,1.8024,-0.0347875,0,0,0,,,
37.8,odom,map,0.145216,1.80181,-0.0399273,0,0,0,,,
37.8,kf,map,0.0966459,1.87404,-0.0183251,0.0625527,0.0625527,0,0.060875,,
37.8,ekf_predict_only,map,0.239897,1.84136,-0.0730835,31.75,29.2364,-12.1375,,,
37.8,ekf,map,0.096313,1.87378,-0.0185729,0.0687166,0.0688926,-1.27672e-05,0.056459,,
37.8,pf,map,0.0136904,1.89551,-0.00344674,0.0430056,0.0391429,0.000114596,4.51821,528.952,1
37.836,odom,map,0.16092,1.80114,-0.0448811,0,0,0,,,
37.872,odom,map,0.176604,1.8004,-0.0497541,0,0,0,,,
37.908,odom,map,0.192459,1.79957,-0.0544943,0,0,0,,,
37.944,odom,map,0.20842,1.79866,-0.0592242,0,0,0,,,
37.98,odom,map,0.224409,1.79768,-0.0639622,0,0,0,,,
38.016,odom,map,0.239067,1.79508,-0.0694608,0,0,0,,,
38.016,ekf,map,0.191074,1.8705,-0.0480668,0.0689611,0.0691634,-9.62769e-06,0.068167,,
38.016,ekf_predict_only,map,0.334992,1.8344,-0.101435,31.7218,31.1976,-12.9446,,,
38.016,kf,map,0.191252,1.87076,-0.047858,0.0625774,0.0625774,0,0.101167,,
38.001,amcl,map,0.191609,1.79476,-0.0698862,0.0957516,0.0567094,-0.0129957,,,
38.016,pf,map,0.106752,1.90009,-0.0479384,0.0400213,0.0361411,-0.000523098,4.509,538.474,1
38.052,odom,map,0.25181,1.78995,-0.0762277,0,0,0,,,
38.088,odom,map,0.264514,1.78466,-0.0829485,0,0,0,,,
38.124,odom,map,0.277134,1.77924,-0.0895645,0,0,0,,,
38.16,odom,map,0.289768,1.77367,-0.0959078,0,0,0,,,
38.196,odom,map,0.302328,1.76796,-0.101886,0,0,0,,,
38.196,ekf_predict_only,map,0.413225,1.82644,-0.116948,31.6761,32.9275,-13.5775,,,
38.196,ekf,map,0.269935,1.86553,-0.0686577,0.0676732,0.0678543,-4.29614e-06,0.137583,,
38.232,odom,map,0.317644,1.76587,-0.105537,0,0,0,,,
38.196,kf,map,0.26998,1.8658,-0.0681758,0.0623802,0.0623802,0,0.103,,
38.196,pf,map,0.16953,1.89987,-0.0577569,0.0425902,0.0405809,-0.00205736,11.0054,524.174,1
38.268,odom,map,0.333154,1.7642,-0.108068,0,0,0,,,
38.304,odom,map,0.348629,1.76251,-0.110375,0,0,0,,,
38.34,odom,map,0.364248,1.76076,-0.112365,0,0,0,,,
38.376,odom,map,0.380132,1.75895,-0.113903,0,0,0,,,
38.412,ekf_predict_only,map,0.508972,1.81519,-0.125611,31.5719,35.1448,-14.3223,,,
38.412,ekf,map,0.364993,1.85794,-0.0821287,0.0686573,0.0688846,7.79899e-07,0.059959,,
38.412,kf,map,0.365115,1.85822,-0.0815152,0.0625532,0.0625532,0,0.06375,,
38.412,odom,map,0.396095,1.75712,-0.115347,0,0,0,,,
38.412,pf,map,0.305602,1.89856,-0.08127,0.0423933,0.0423914,-0.00403563,8.96671,518.782,1
38.448,odom,map,0.412114,1.75525,-0.116328,0,0,0,,,
38.484,odom,map,0.428311,1.75336,-0.116413,0,0,0,,,
38.52,odom,map,0.444527,1.75146,-0.116218,0,0,0,,,
38.556,odom,map,0.460715,1.74957,-0.115727,0,0,0,,,
38.592,odom,map,0.476898,1.7477,-0.115153,0,0,0,,,
38.628,odom,map,0.493061,1.74583,-0.114439,0,0,0,,,
38.592,ekf,map,0.445685,1.85083,-0.0821556,0.0676233,0.0678265,4.96233e-06,0.10375,,
38.592,ekf_predict_only,map,0.589602,1.80501,-0.121529,31.4886,37.133,-14.9288,,,
38.592,kf,map,0.445761,1.85104,-0.0816043,0.0623768,0.0623768,0,2.91938,,
38.601,amcl,map,0.442113,1.78416,-0.0898985,0.0871154,0.0592563,-0.0184168,,,
38.592,pf,map,0.348875,1.87121,-0.0629051,0.0405539,0.0400794,0.00127132,6.36146,509.962,1
38.664,odom,map,0.509259,1.74398,-0.113538,0,0,0,,,
38.7,odom,map,0.525447,1.74214,-0.112672,0,0,0,,,
38.736,odom,map,0.541632,1.74032,-0.111817,0,0,0,,,
38.772,odom,map,0.557733,1.73851,-0.111137,0,0,0,,,
38.808,odom,map,0.57271,1.73763,-0.110104,0,0,0,,,
38.808,ekf,map,0.542051,1.84281,-0.0787812,0.0686775,0.0689244,1.07718e-05,0.061875,,
38.808,kf,map,0.541972,1.84294,-0.0784576,0.0625528,0.0625528,0,0.068458,,
38.808,ekf_predict_only,map,0.684349,1.79344,-0.116842,31.3822,39.5754,-15.6307,,,
38.808,pf,map,0.458235,1.84782,-0.0725003,0.042209,0.0392761,-0.00301751,4.88042,541.601,1
38.844,odom,map,0.58406,1.73992,-0.108018,0,0,0,,,
38.88,odom,map,0.595319,1.74227,-0.105989,0,0,0,,,
38.916,odom,map,0.606399,1.74469,-0.103789,0,0,0,,,
38.952,odom,map,0.61729,1.74718,-0.101712,0,0,0,,,
38.988,odom,map,0.628001,1.74973,-0.100025,0,0,0,,,
39.024,odom,map,0.641494,1.7497,-0.099265,0,0,0,,,
38.988,ekf_predict_only,map,0.759559,1.78461,-0.115543,31.3261,41.6306,-16.181,,,
38.988,ekf,map,0.619141,1.83679,-0.0766371,0.0676495,0.0678607,1.15632e-05,0.058916,,
38.988,kf,map,0.618986,1.83684,-0.0765815,0.0623767,0.0623767,0,0.104209,,
38.988,pf,map,0.562023,1.86397,-0.0564026,0.0410472,0.043165,0.00127053,5.32271,512.058,1
39.06,odom,map,0.656448,1.74821,-0.0993114,0,0,0,,,
39.096,odom,map,0.6713,1.74673,-0.0999833,0,0,0,,,
39.132,odom,map,0.686152,1.74523,-0.100874,0,0,0,,,
39.168,odom,map,0.700778,1.74374,-0.102044,0,0,0,,,
39.204,odom,map,0.715238,1.74225,-0.103587,0,0,0,,,
39.204,ekf_predict_only,map,0.846139,1.77456,-0.125175,31.2498,44.0871,-16.8036,,,
39.204,ekf,map,0.708013,1.83,-0.0821664,0.0687035,0.0689462,1.52883e-05,0.060917,,
39.204,kf,map,0.707775,1.82998,-0.0825117,0.0625527,0.0625527,0,0.498666,,
39.201,amcl,map,0.694279,1.76331,-0.0946014,0.0903115,0.0748421,-0.0251341,,,
39.204,pf,map,0.629579,1.86173,-0.0698143,0.0342981,0.0386925,0.0012841,4.52292,513.111,1
39.24,odom,map,0.729635,1.74074,-0.105406,0,0,0,,,
39.276,odom,map,0.744013,1.73921,-0.107304,0,0,0,,,
39.312,odom,map,0.758327,1.73765,-0.109985,0,0,0,,,
39.348,odom,map,0.772501,1.73606,-0.113423,0,0,0,,,
39.384,odom,map,0.786606,1.73442,-0.117566,0,0,0,,,
39.42,odom,map,0.799363,1.73488,-0.120306,0,0,0,,,
39.384,ekf_predict_only,map,0.91655,1.7657,-0.147495,31.1957,46.1875,-17.2903,,,
39.384,ekf,map,0.779893,1.82394,-0.0975796,0.0676661,0.0678664,1.36215e-05,0.132417,,
39.384,kf,map,0.779706,1.82386,-0.0982466,0.0623767,0.0623767,0,0.064083,,
39.384,pf,map,0.702497,1.85657,-0.0757074,0.0367945,0.0380472,0.00011069,5.47092,532.798,1
39.456,odom,map,0.810953,1.73706,-0.122201,0,0,0,,,
39.492,odom,map,0.822385,1.73924,-0.124516,0,0,0,,,
39.528,odom,map,0.833717,1.74143,-0.12715,0,0,0,,,
39.564,odom,map,0.845008,1.74359,-0.12992,0,0,0,,,
39.6,odom,map,0.856045,1.74577,-0.132317,0,0,0,,,
39.6,kf,map,0.862624,1.81504,-0.127902,0.0625527,0.0625527,0,0.058458,,
39.6,ekf,map,0.862861,1.81503,-0.127432,0.0687168,0.0689404,1.66076e-05,0.121041,,
39.6,ekf_predict_only,map,0.997209,1.75372,-0.17987,31.0891,48.6721,-17.8083,,,
39.6,pf,map,0.775949,1.85946,-0.109873,0.0400296,0.0400264,-0.00055869,4.63167,525.409,1
39.636,odom,map,0.869267,1.74408,-0.137737,0,0,0,,,
39.672,odom,map,0.882367,1.74222,-0.143288,0,0,0,,,
39.708,odom,map,0.895228,1.74033,-0.148992,0,0,0,,,
39.744,odom,map,0.907942,1.73838,-0.154806,0,0,0,,,
39.78,odom,map,0.920457,1.73639,-0.160822,0,0,0,,,
39.816,odom,map,0.93275,1.73436,-0.167084,0,0,0,,,
39.816,ekf_predict_only,map,1.07048,1.74039,-0.217796,30.962,51.0253,-18.2279,,,
39.816,ekf,map,0.939352,1.80416,-0.162447,0.0689618,0.0691728,1.74986e-05,0.06,,
39.816,kf,map,0.939015,1.80425,-0.162886,0.0625774,0.0625774,0,0.065,,
39.816,pf,map,0.852879,1.83254,-0.152273,0.0342567,0.0379263,0.000294686,6.14304,534.044,1
39.852,odom,map,0.944983,1.73226,-0.173404,0,0,0,,,
39.888,odom,map,0.957134,1.73009,-0.179644,0,0,0,,,
39.924,odom,map,0.969197,1.72786,-0.185603,0,0,0,,,
39.96,odom,map,0.981119,1.72559,-0.191182,0,0,0,,,
39.996,odom,map,0.992893,1.72328,-0.196473,0,0,0,,,
39.996,ekf_predict_only,map,1.12863,1.72752,-0.24344,30.8453,52.9723,-18.5132,,,
39.996,kf,map,0.999621,1.79345,-0.189769,0.0623802,0.0623802,0,0.057417,,
40.032,odom,map,1.0036,1.7207,-0.202952,0,0,0,,,
39.996,ekf,map,0.999885,1.79331,-0.189737,0.0676743,0.0678355,1.53894e-05,0.149125,,
40.002,amcl,map,0.98301,1.71636,-0.213452,0.0951336,0.0821757,-0.0367213,,,
39.996,pf,map,0.927901,1.84511,-0.193465,0.0359411,0.0375499,-0.00152653,10.5972,532.283,1
40.068,odom,map,1.01409,1.71801,-0.209413,0,0,0,,,
40.104,odom,map,1.02437,1.71526,-0.215456,0,0,0,,,
40.14,odom,map,1.03448,1.71245,-0.221143,0,0,0,,,
40.176,odom,map,1.04452,1.70958,-0.226618,0,0,0,,,
40.212,odom,map,1.05476,1.70676,-0.231181,0,0,0,,,
40.212,ekf_predict_only,map,1.19449,1.71117,-0.263624,30.6736,55.2281,-18.7925,,,
40.212,kf,map,1.06795,1.77937,-0.214203,0.0625532,0.0625532,0,0.068875,,
40.212,ekf,map,1.06819,1.77915,-0.214612,0.0686592,0.06883,1.96324e-05,0.058042,,
40.212,pf,map,1.00478,1.8107,-0.206428,0.0340772,0.0348935,-0.000240051,4.90525,528.254,1
40.248,odom,map,1.06558,1.70419,-0.23414,0,0,0,,,
40.284,odom,map,1.07629,1.70162,-0.236903,0,0,0,,,
40.32,odom,map,1.08681,1.69907,-0.239277,0,0,0,,,
40.356,odom,map,1.09715,1.69654,-0.24114,0,0,0,,,
40.392,odom,map,1.10728,1.69404,-0.242335,0,0,0,,,
40.428,odom,map,1.11735,1.69154,-0.243377,0,0,0,,,
40.392,kf,map,1.12052,1.76728,-0.224707,0.0623768,0.0623768,0,0.062834,,
40.392,ekf_predict_only,map,1.24459,1.69764,-0.268833,30.5521,57.0137,-18.9753,,,
40.392,ekf,map,1.12074,1.76707,-0.225287,0.0676253,0.0677579,1.77357e-05,0.283875,,
40.392,pf,map,1.04914,1.80631,-0.217459,0.0386956,0.0382386,0.00143758,6.35187,552.43,1
40.464,odom,map,1.12726,1.68908,-0.244079,0,0,0,,,
40.5,odom,map,1.13692,1.68667,-0.244109,0,0,0,,,
40.536,odom,map,1.1463,1.68434,-0.243619,0,0,0,,,
40.572,odom,map,1.15538,1.68208,-0.242667,0,0,0,,,
40.608,odom,map,1.16426,1.67989,-0.241404,0,0,0,,,
40.608,ekf_predict_only,map,1.29748,1.68307,-0.261256,30.4167,58.9359,-19.1516,,,
40.608,ekf,map,1.17737,1.75373,-0.22407,0.0686801,0.0688167,2.11843e-05,0.147958,,
40.608,kf,map,1.17702,1.75398,-0.223285,0.0625528,0.0625528,0,0.055375,,
40.608,pf,map,1.11209,1.79317,-0.213773,0.0432205,0.0375412,-0.000302092,4.62338,534.258,1
40.644,odom,map,1.1729,1.67777,-0.239815,0,0,0,,,
40.68,odom,map,1.18135,1.67571,-0.23779,0,0,0,,,
40.716,odom,map,1.18956,1.67374,-0.235226,0,0,0,,,
40.752,odom,map,1.19755,1.67183,-0.232445,0,0,0,,,
40.788,odom,map,1.20542,1.66998,-0.229272,0,0,0,,,
40.824,odom,map,1.21235,1.66744,-0.226382,0,0,0,,,
40.788,ekf_predict_only,map,1.33496,1.67305,-0.24183,30.3567,60.3545,-19.2745,,,
40.788,ekf,map,1.21852,1.74432,-0.211539,0.0676516,0.0677528,1.72469e-05,0.053,,
40.788,kf,map,1.21815,1.74453,-0.210707,0.0623767,0.0623767,0,0.058375,,
40.788,pf,map,1.15676,1.7801,-0.199663,0.0401613,0.0365476,-0.001102,6.12383,527.176,1
40.86,odom,map,1.21858,1.66455,-0.223612,0,0,0,,,
40.896,odom,map,1.22437,1.66176,-0.220386,0,0,0,,,
40.932,odom,map,1.23,1.65901,-0.216964,0,0,0,,,
40.968,odom,map,1.23541,1.65632,-0.2133,0,0,0,,,
41.004,odom,map,1.2405,1.6538,-0.208973,0,0,0,,,
41.004,ekf,map,1.25943,1.73578,-0.183785,0.0687057,0.068803,1.78368e-05,0.056792,,
41.004,ekf_predict_only,map,1.37114,1.66413,-0.207259,30.3156,61.7485,-19.4009,,,
41.004,kf,map,1.2589,1.73597,-0.182865,0.0625527,0.0625527,0,0.057792,,
41.001,amcl,map,1.25384,1.66038,-0.212027,0.0946175,0.0883672,-0.0379013,,,
41.004,pf,map,1.21111,1.78733,-0.170858,0.036314,0.0469763,-0.00147356,4.73779,527.056,1
41.04,odom,map,1.24658,1.65253,-0.203211,0,0,0,,,
41.076,odom,map,1.25242,1.65134,-0.197126,0,0,0,,,
41.112,odom,map,1.2579,1.65027,-0.190614,0,0,0,,,
41.148,odom,map,1.26298,1.64931,-0.1838,0,0,0,,,
41.184,odom,map,1.26803,1.64839,-0.176976,0,0,0,,,
41.22,odom,map,1.27287,1.64754,-0.170054,0,0,0,,,
41.184,ekf,map,1.28716,1.73091,-0.152994,0.0676675,0.0677352,1.28008e-05,0.058917,,
41.184,kf,map,1.28664,1.73105,-0.152338,0.0623767,0.0623767,0,0.104167,,
41.184,ekf_predict_only,map,1.39463,1.65919,-0.172494,30.3381,62.6997,-19.4958,,,
41.184,pf,map,1.23037,1.76839,-0.146899,0.0381657,0.0399326,0.000152433,4.86592,513.31,1
41.256,odom,map,1.2775,1.64676,-0.162916,0,0,0,,,
41.292,odom,map,1.28186,1.64606,-0.155458,0,0,0,,,
41.328,odom,map,1.28602,1.64542,-0.147868,0,0,0,,,
41.364,odom,map,1.28999,1.64485,-0.140225,0,0,0,,,
41.4,odom,map,1.29361,1.64435,-0.132351,0,0,0,,,
41.4,ekf,map,1.31267,1.72737,-0.108762,0.0687177,0.068778,1.15316e-05,0.058875,,
41.4,ekf_predict_only,map,1.41542,1.65557,-0.124952,30.3815,63.5604,-19.5919,,,
41.4,kf,map,1.31206,1.72747,-0.108221,0.0625527,0.0625527,0,0.05375,,
41.4,pf,map,1.21698,1.77959,-0.0968177,0.0378043,0.0333575,0.00167176,5.22238,529.134,1
41.436,odom,map,1.29684,1.64393,-0.124931,0,0,0,,,
41.472,odom,map,1.29889,1.64368,-0.119924,0,0,0,,,
41.508,odom,map,1.29964,1.64359,-0.117508,0,0,0,,,
41.544,odom,map,1.29965,1.64359,-0.117267,0,0,0,,,
41.58,odom,map,1.29965,1.64359,-0.117267,0,0,0,,,
41.616,ekf_predict_only,map,1.41542,1.65557,-0.124952,30.4815,63.6604,-19.5919,,,
41.616,ekf,map,1.31831,1.72686,-0.0994001,0.0689619,0.069006,8.44959e-06,0.083084,,
41.616,kf,map,1.31756,1.72693,-0.100064,0.0625774,0.0625774,0,0.055583,,
41.616,odom,map,1.29965,1.64359,-0.117267,0,0,0,,,
41.616,pf,map,1.23757,1.76343,-0.0796183,0.0353735,0.0431032,0.000898814,5.67,524.296,1
41.652,odom,map,1.29965,1.64359,-0.117267,0,0,0,,,
41.688,odom,map,1.29965,1.64359,-0.117267,0,0,0,,,
41.724,odom,map,1.29965,1.64359,-0.117267,0,0,0,,,
41.76,odom,map,1.29965,1.64359,-0.117267,0,0,0,,,
41.796,odom,map,1.29965,1.64359,-0.117267,0,0,0,,,
41.832,odom,map,1.30185,1.6446,-0.117678,0,0,0,,,
41.796,ekf_predict_only,map,1.41542,1.65557,-0.124952,30.5815,63.7604,-19.5919,,,
41.796,kf,map,1.31961,1.72673,-0.0970213,0.0623802,0.0623802,0,0.056209,,
41.796,ekf,map,1.32003,1.72669,-0.0965485,0.0676736,0.0676995,4.97333e-06,0.109,,
41.796,pf,map,1.24142,1.77402,-0.0821641,0.041578,0.0394787,0.00356725,6.13871,527.775,1
41.868,odom,map,1.30433,1.64573,-0.118141,0,0,0,,,
41.904,odom,map,1.30681,1.64686,-0.118605,0,0,0,,,
41.94,odom,map,1.30928,1.64799,-0.119068,0,0,0,,,
41.976,odom,map,1.31176,1.64912,-0.119531,0,0,0,,,
42.012,ekf_predict_only,map,1.41542,1.65557,-0.124952,30.6815,63.8604,-19.5919,,,
42.012,ekf,map,1.32059,1.72664,-0.0956132,0.0686574,0.0686772,3.80266e-06,0.056125,,
42.012,kf,map,1.32038,1.72666,-0.0958734,0.0625532,0.0625532,0,0.062542,,
42.012,odom,map,1.31348,1.64991,-0.119852,0,0,0,,,
42.012,pf,map,1.23471,1.78495,-0.0822376,0.0361761,0.0400811,-0.000965828,4.83933,528.644,1
42.048,odom,map,1.31348,1.64991,-0.119852,0,0,0,,,
42.084,odom,map,1.31348,1.64991,-0.119852,0,0,0,,,
42.12,odom,map,1.31348,1.64991,-0.119852,0,0,0,,,
42.156,odom,map,1.31348,1.64991,-0.119852,0,0,0,,,
42.192,odom,map,1.31373,1.64987,-0.119931,0,0,0,,,
42.228,odom,map,1.31441,1.64979,-0.120499,0,0,0,,,
42.192,ekf_predict_only,map,1.41906,1.65511,-0.128207,30.7743,64.0946,-19.6119,,,
42.192,kf,map,1.32221,1.72648,-0.096718,0.0623768,0.0623768,0,0.059208,,
42.192,ekf,map,1.32212,1.72649,-0.0964311,0.0676231,0.0676348,2.24815e-06,0.109208,,
42.192,pf,map,1.23123,1.76562,-0.0813302,0.0366159,0.0386673,-0.00219092,12.4902,523.51,1
42.264,odom,map,1.31536,1.64968,-0.121423,0,0,0,,,
42.3,odom,map,1.31659,1.64953,-0.122602,0,0,0,,,
42.336,odom,map,1.31814,1.64933,-0.124363,0,0,0,,,
42.372,odom,map,1.31999,1.6491,-0.126753,0,0,0,,,
42.408,odom,map,1.32191,1.64885,-0.129441,0,0,0,,,
42.408,ekf_predict_only,map,1.43062,1.65362,-0.144335,30.8511,64.6213,-19.6745,,,
42.408,ekf,map,1.33069,1.72565,-0.107214,0.0686768,0.0686862,1.7558e-06,0.056334,,
42.408,kf,map,1.33099,1.72561,-0.107798,0.0625528,0.0625528,0,0.063209,,
42.408,pf,map,1.24911,1.74999,-0.106611,0.0424117,0.0315635,0.000660753,4.97192,522.873,1
42.444,odom,map,1.3239,1.64859,-0.132585,0,0,0,,,
42.48,odom,map,1.32615,1.64829,-0.136553,0,0,0,,,
42.516,odom,map,1.32849,1.64796,-0.141174,0,0,0,,,
42.552,odom,map,1.33086,1.64762,-0.146716,0,0,0,,,
42.588,odom,map,1.33323,1.64726,-0.152483,0,0,0,,,
42.588,ekf_predict_only,map,1.44329,1.65178,-0.177218,30.9225,65.1917,-19.7388,,,
42.624,odom,map,1.33573,1.64687,-0.158831,0,0,0,,,
42.588,ekf,map,1.34155,1.72441,-0.13179,0.0676486,0.0676551,1.12995e-06,0.061792,,
42.588,kf,map,1.34181,1.72437,-0.132657,0.0623767,0.0623767,0,0.054417,,
42.588,pf,map,1.26907,1.75762,-0.11397,0.0440676,0.0396574,0.0014134,5.484,548.048,1
42.66,odom,map,1.33785,1.64652,-0.166186,0,0,0,,,
42.696,odom,map,1.33935,1.64626,-0.174449,0,0,0,,,
42.732,odom,map,1.34098,1.64597,-0.182732,0,0,0,,,
42.768,odom,map,1.3422,1.64574,-0.191725,0,0,0,,,
42.804,odom,map,1.34219,1.64574,-0.202131,0,0,0,,,
42.804,ekf_predict_only,map,1.44041,1.65229,-0.241184,31.0305,65.1845,-19.726,,,
42.804,kf,map,1.34563,1.72376,-0.184639,0.0625527,0.0625527,0,0.061583,,
42.804,ekf,map,1.34621,1.72368,-0.18319,0.0687024,0.0687079,9.22388e-07,0.095625,,
42.804,pf,map,1.30083,1.74499,-0.157046,0.0436511,0.042629,-0.00252608,4.72333,517.589,1
42.84,odom,map,1.3415,1.64589,-0.213233,0,0,0,,,
42.876,odom,map,1.34054,1.6461,-0.224939,0,0,0,,,
42.912,odom,map,1.33936,1.64638,-0.23717,0,0,0,,,
42.948,odom,map,1.33795,1.64673,-0.250311,0,0,0,,,
42.984,odom,map,1.3365,1.64711,-0.263929,0,0,0,,,
43.02,odom,map,1.33499,1.64753,-0.277889,0,0,0,,,
42.984,ekf_predict_only,map,1.43264,1.65421,-0.312147,31.1602,64.996,-19.701,,,
42.984,ekf,map,1.34213,1.72462,-0.244078,0.0676651,0.0676686,5.83694e-07,0.075125,,
42.984,kf,map,1.34162,1.7247,-0.24541,0.0623767,0.0623767,0,0.064667,,
42.984,pf,map,1.27176,1.75558,-0.213877,0.0350217,0.0363552,-0.00155753,4.82992,525.069,1
43.056,odom,map,1.33358,1.64794,-0.292722,0,0,0,,,
43.092,odom,map,1.33231,1.64834,-0.308228,0,0,0,,,
43.128,odom,map,1.33108,1.64874,-0.323921,0,0,0,,,
43.164,odom,map,1.33005,1.64909,-0.339926,0,0,0,,,
43.2,odom,map,1.32948,1.6493,-0.356522,0,0,0,,,
43.2,ekf_predict_only,map,1.43478,1.65351,-0.413403,31.2495,65.1754,-19.7049,,,
43.2,ekf,map,1.33919,1.72567,-0.336073,0.0687155,0.0687183,4.708e-07,0.086917,,
43.2,kf,map,1.33946,1.72556,-0.337402,0.0625527,0.0625527,0,0.060834,,
43.2,pf,map,1.26606,1.76221,-0.300754,0.0366987,0.0416245,0.00138669,6.44442,518.116,1
43.236,odom,map,1.33006,1.64907,-0.37374,0,0,0,,,
43.272,odom,map,1.33121,1.64861,-0.391191,0,0,0,,,
43.308,odom,map,1.33261,1.64802,-0.409002,0,0,0,,,
43.344,odom,map,1.33462,1.64712,-0.427468,0,0,0,,,
43.38,odom,map,1.33699,1.64602,-0.446223,0,0,0,,,
43.416,odom,map,1.33948,1.6448,-0.465037,0,0,0,,,
43.416,ekf_predict_only,map,1.44997,1.64685,-0.526285,31.2461,65.8411,-19.6986,,,
43.416,ekf,map,1.34942,1.72155,-0.443036,0.0689604,0.0689628,5.19024e-07,0.107042,,
43.416,kf,map,1.35002,1.72137,-0.44408,0.0625774,0.0625774,0,0.11675,,
43.401,amcl,map,1.35844,1.63234,-0.470586,0.0982137,0.0954963,-0.0467847,,,
43.416,pf,map,1.27041,1.75092,-0.416065,0.0393957,0.0394157,-0.000791018,8.93217,509.486,1
43.452,odom,map,1.34224,1.64338,-0.484082,0,0,0,,,
43.488,odom,map,1.34539,1.64168,-0.503428,0,0,0,,,
43.524,odom,map,1.34886,1.63973,-0.523147,0,0,0,,,
43.56,odom,map,1.35246,1.6376,-0.543029,0,0,0,,,
43.596,odom,map,1.35636,1.63519,-0.562887,0,0,0,,,
43.596,ekf_predict_only,map,1.47305,1.63344,-0.626254,31.1405,66.8076,-19.6239,,,
43.596,ekf,map,1.36714,1.71205,-0.53977,0.0676732,0.0676766,1.40567e-06,0.099834,,
43.596,kf,map,1.36785,1.71181,-0.540414,0.0623802,0.0623802,0,0.112458,,
43.632,odom,map,1.3606,1.63246,-0.582847,0,0,0,,,
43.596,pf,map,1.29063,1.74617,-0.51483,0.0414961,0.0414115,0.00189133,4.75829,508.661,1
43.668,odom,map,1.36502,1.62948,-0.602841,0,0,0,,,
43.704,odom,map,1.36976,1.62615,-0.622681,0,0,0,,,
43.74,odom,map,1.37497,1.62232,-0.642862,0,0,0,,,
43.776,odom,map,1.38055,1.61806,-0.663243,0,0,0,,,
43.812,odom,map,1.3862,1.61354,-0.683633,0,0,0,,,
43.8,amcl,map,1.40924,1.61362,-0.68892,0.0910584,0.0916344,-0.0515167,,,
43.812,ekf_predict_only,map,1.50823,1.608,-0.748595,30.8589,68.2465,-19.4034,,,
43.812,ekf,map,1.39757,1.69134,-0.659959,0.0686594,0.0686677,5.38576e-06,0.115458,,
43.812,kf,map,1.39843,1.69109,-0.660386,0.0625532,0.0625532,0,0.431583,,
43.812,pf,map,1.30933,1.73324,-0.639074,0.038586,0.0394053,-0.00164905,5.61504,510.024,1
43.848,odom,map,1.392,1.60872,-0.704157,0,0,0,,,
43.884,odom,map,1.3982,1.60334,-0.724583,0,0,0,,,
43.92,odom,map,1.4049,1.59729,-0.744678,0,0,0,,,
43.956,odom,map,1.41191,1.59069,-0.76466,0,0,0,,,
43.992,odom,map,1.41893,1.58382,-0.784629,0,0,0,,,
44.028,odom,map,1.42654,1.57607,-0.80455,0,0,0,,,
43.992,kf,map,1.43351,1.66069,-0.759961,0.0623768,0.0623768,0,0.062292,,
43.992,ekf,map,1.43245,1.66112,-0.759833,0.0676301,0.0676416,1.16943e-05,0.10225,,
43.992,ekf_predict_only,map,1.5494,1.56975,-0.848167,30.4066,69.9411,-18.9599,,,
43.992,pf,map,1.35259,1.69848,-0.759844,0.0370919,0.0403525,0.00291415,4.84542,516.87,1
44.064,odom,map,1.43425,1.56789,-0.824464,0,0,0,,,
44.1,odom,map,1.44203,1.5593,-0.84449,0,0,0,,,
44.136,odom,map,1.44992,1.55025,-0.864509,0,0,0,,,
44.172,odom,map,1.4581,1.54045,-0.884436,0,0,0,,,
44.208,odom,map,1.46702,1.5297,-0.904861,0,0,0,,,
44.208,kf,map,1.48284,1.60818,-0.878157,0.0625528,0.0625528,0,0.061375,,
44.208,ekf_predict_only,map,1.60399,1.50783,-0.963849,29.6671,72.2015,-18.105,,,
44.208,ekf,map,1.48145,1.60871,-0.878388,0.0687004,0.0687171,3.06342e-05,0.088375,,
44.202,amcl,map,1.48099,1.52832,-0.917832,0.0921385,0.10454,-0.0533433,,,
44.208,pf,map,1.36961,1.65782,-0.871273,0.0367291,0.0373734,-0.00122367,4.61292,527.305,1
44.244,odom,map,1.47856,1.5164,-0.926689,0,0,0,,,
44.28,odom,map,1.49015,1.50244,-0.948201,0,0,0,,,
44.316,odom,map,1.50173,1.48787,-0.969512,0,0,0,,,
44.352,odom,map,1.51323,1.47277,-0.9907,0,0,0,,,
44.388,odom,map,1.52445,1.45741,-1.01186,0,0,0,,,
44.388,ekf_predict_only,map,1.64724,1.44554,-1.05423,28.9911,74.0504,-17.115,,,
44.388,ekf,map,1.5229,1.55223,-0.972785,0.0676868,0.0676959,4.17476e-05,0.054041,,
44.388,kf,map,1.524,1.55192,-0.972361,0.0623767,0.0623767,0,0.059041,,
44.424,odom,map,1.53347,1.44349,-1.03092,0,0,0,,,
44.388,pf,map,1.43728,1.60249,-0.948902,0.0364085,0.0383195,-0.000443693,12.5474,541.308,1
44.46,odom,map,1.54117,1.43039,-1.04875,0,0,0,,,
44.496,odom,map,1.54863,1.41715,-1.06636,0,0,0,,,
44.532,odom,map,1.55592,1.40367,-1.08389,0,0,0,,,
44.568,odom,map,1.56303,1.38995,-1.10098,0,0,0,,,
44.604,odom,map,1.57002,1.37613,-1.11779,0,0,0,,,
44.604,ekf_predict_only,map,1.69349,1.36412,-1.15496,28.1808,76.0573,-15.695,,,
44.604,ekf,map,1.56966,1.47458,-1.07784,0.0687776,0.0687693,6.92718e-05,0.067792,,
44.604,kf,map,1.57068,1.47454,-1.07726,0.0625527,0.0625527,0,0.066709,,
44.601,amcl,map,1.57326,1.40562,-1.10086,0.0808142,0.109118,-0.0671731,,,
44.604,pf,map,1.48508,1.51839,-1.06108,0.0397435,0.0350199,-0.000960988,5.45162,521.13,1
44.64,odom,map,1.57776,1.3643,-1.13434,0,0,0,,,
44.676,odom,map,1.58529,1.35231,-1.1504,0,0,0,,,
44.712,odom,map,1.59267,1.34006,-1.16577,0,0,0,,,
44.748,odom,map,1.5999,1.32756,-1.1809,0,0,0,,,
44.784,odom,map,1.60686,1.3151,-1.19552,0,0,0,,,
44.784,ekf,map,1.60322,1.40377,-1.15566,0.0677533,0.0677244,6.99695e-05,0.058584,,
44.784,kf,map,1.60401,1.40387,-1.15492,0.0623767,0.0623767,0,0.064292,,
44.82,odom,map,1.61304,1.30128,-1.20985,0,0,0,,,
44.784,ekf_predict_only,map,1.7256,1.2914,-1.2264,27.568,77.5039,-14.3277,,,
44.784,pf,map,1.53485,1.44425,-1.14809,0.0382172,0.0386302,0.0029901,17.3717,522.142,1
44.856,odom,map,1.61856,1.28634,-1.22409,0,0,0,,,
44.892,odom,map,1.62386,1.27133,-1.23812,0,0,0,,,
44.928,odom,map,1.62896,1.25624,-1.2518,0,0,0,,,
44.964,odom,map,1.63387,1.24103,-1.26505,0,0,0,,,
45,odom,map,1.63857,1.22579,-1.27773,0,0,0,,,
45,ekf_predict_only,map,1.75789,1.2014,-1.30166,26.9175,78.9764,-12.5491,,,
45,ekf,map,1.63767,1.31491,-1.23786,0.0688509,0.0687815,9.04785e-05,0.103667,,
45,kf,map,1.63846,1.31513,-1.23693,0.0625527,0.0625527,0,0.059584,,
45,pf,map,1.57474,1.36362,-1.2386,0.042855,0.0375189,-0.000823994,4.48562,527.583,1
45.036,odom,map,1.64146,1.21016,-1.2911,0,0,0,,,
45.072,odom,map,1.64406,1.19454,-1.30428,0,0,0,,,
45.108,odom,map,1.6464,1.179,-1.31695,0,0,0,,,
45.144,odom,map,1.64851,1.16358,-1.32883,0,0,0,,,
45.18,odom,map,1.65041,1.14814,-1.34053,0,0,0,,,
45.216,ekf_predict_only,map,1.78218,1.11333,-1.364,26.4251,80.1215,-10.7364,,,
45.216,kf,map,1.66512,1.22616,-1.30605,0.0625774,0.0625774,0,0.06025,,
45.216,odom,map,1.65276,1.13298,-1.35158,0,0,0,,,
45.216,ekf,map,1.66441,1.22577,-1.30705,0.0691209,0.0690189,9.17354e-05,0.0585,,
45.201,amcl,map,1.65933,1.16975,-1.32208,0.0590169,0.123413,-0.0578816,,,
45.216,pf,map,1.61203,1.27043,-1.30931,0.0417657,0.038344,-0.000115876,5.41858,526.154,1
45.252,odom,map,1.65598,1.11818,-1.36158,0,0,0,,,
45.288,odom,map,1.65903,1.10347,-1.37098,0,0,0,,,
45.324,odom,map,1.66193,1.0888,-1.38013,0,0,0,,,
45.36,odom,map,1.66469,1.07412,-1.38916,0,0,0,,,
45.396,odom,map,1.66731,1.05952,-1.39779,0,0,0,,,
45.396,ekf_predict_only,map,1.79724,1.04153,-1.40362,26.1464,80.875,-9.2186,,,
45.396,kf,map,1.68209,1.15312,-1.35231,0.0623802,0.0623802,0,0.107416,,
45.432,odom,map,1.67198,1.04822,-1.40284,0,0,0,,,
45.396,ekf,map,1.68156,1.15278,-1.35321,0.0678185,0.0677132,7.15083e-05,1.07517,,
45.396,pf,map,1.63577,1.18793,-1.3432,0.0398785,0.0436064,-0.000465558,5.01804,520.727,1
45.468,odom,map,1.67685,1.03732,-1.40736,0,0,0,,,
45.504,odom,map,1.68166,1.02646,-1.4117,0,0,0,,,
45.54,odom,map,1.68639,1.01569,-1.41639,0,0,0,,,
45.576,odom,map,1.69105,1.00486,-1.42274,0,0,0,,,
45.612,odom,map,1.69487,0.99292,-1.43037,0,0,0,,,
45.612,ekf_predict_only,map,1.81177,0.955464,-1.46356,25.9168,81.609,-7.36791,,,
45.612,ekf,map,1.69831,1.06636,-1.40953,0.0688401,0.0686934,7.48492e-05,0.061042,,
45.612,kf,map,1.69868,1.0666,-1.4095,0.0625532,0.0625532,0,0.359667,,
45.612,pf,map,1.64192,1.09272,-1.39452,0.0386337,0.0392817,0.00249954,4.74496,530.64,1
45.648,odom,map,1.69684,0.978508,-1.44063,0,0,0,,,
45.684,odom,map,1.69864,0.964122,-1.45195,0,0,0,,,
45.72,odom,map,1.70026,0.949813,-1.4638,0,0,0,,,
45.756,odom,map,1.70169,0.935664,-1.47637,0,0,0,,,
45.792,odom,map,1.70293,0.921613,-1.48963,0,0,0,,,
45.792,ekf_predict_only,map,1.81927,0.885791,-1.53311,25.8498,82.0379,-5.84916,,,
45.828,odom,map,1.70397,0.907629,-1.50344,0,0,0,,,
45.792,ekf,map,1.70789,0.995526,-1.47101,0.0677846,0.0676471,5.61396e-05,0.123458,,
45.792,kf,map,1.70807,0.99573,-1.47161,0.0623768,0.0623768,0,0.062959,,
45.792,pf,map,1.63337,1.04495,-1.44549,0.0424744,0.0440488,0.00130532,14.5607,522.142,1
45.864,odom,map,1.70481,0.893673,-1.51768,0,0,0,,,
45.9,odom,map,1.70545,0.879839,-1.5328,0,0,0,,,
45.936,odom,map,1.70586,0.866039,-1.54825,0,0,0,,,
45.972,odom,map,1.70606,0.852413,-1.5641,0,0,0,,,
46.008,odom,map,1.70599,0.839471,-1.58044,0,0,0,,,
46.008,ekf_predict_only,map,1.82225,0.806652,-1.63744,25.8689,82.2691,-4.11155,,,
46.008,kf,map,1.70914,0.959123,-1.51766,0.0622435,0.0280974,0.00326404,0.203667,,
46.008,ekf,map,1.74498,0.96428,-1.54681,0.024063,0.0288934,-0.000458209,0.115083,,
46.002,amcl,map,1.72104,0.863019,-1.55901,0.0486233,0.120974,-0.0359934,,,
46.008,pf,map,1.65272,0.959947,-1.55693,0.0382151,0.0434874,0.000721249,5.06975,503.855,1
46.044,odom,map,1.7055,0.828276,-1.59653,0,0,0,,,
46.08,odom,map,1.70481,0.817132,-1.61282,0,0,0,,,
46.116,odom,map,1.70393,0.806115,-1.62949,0,0,0,,,
46.152,odom,map,1.70285,0.795454,-1.64697,0,0,0,,,
46.188,odom,map,1.70158,0.785151,-1.66494,0,0,0,,,
46.224,odom,map,1.70026,0.773893,-1.68403,0,0,0,,,
46.188,ekf,map,1.74988,0.89717,-1.63377,0.022208,0.0274403,-0.000437355,0.1885,,
46.188,kf,map,1.70814,0.893338,-1.59588,0.0620062,0.0269434,0.00362151,0.189125,,
46.188,ekf_predict_only,map,1.81827,0.747036,-1.73561,25.9848,82.1942,-2.80224,,,
46.188,pf,map,1.62951,0.898443,-1.64051,0.0410509,0.0416874,0.0016434,6.19287,504.811,1
46.26,odom,map,1.6988,0.762034,-1.70366,0,0,0,,,
46.296,odom,map,1.69711,0.75031,-1.72353,0,0,0,,,
46.332,odom,map,1.69525,0.738983,-1.74382,0,0,0,,,
46.368,odom,map,1.69318,0.727818,-1.76419,0,0,0,,,
46.404,odom,map,1.69093,0.716913,-1.7848,0,0,0,,,
46.404,ekf,map,1.75295,0.835459,-1.74897,0.0201364,0.0276454,-0.00075581,0.092416,,
46.404,kf,map,1.69883,0.82985,-1.69588,0.0620369,0.0270958,0.00426724,0.092542,,
46.404,ekf_predict_only,map,1.80781,0.68416,-1.86195,26.1736,81.8361,-1.43241,,,
46.401,amcl,map,1.71778,0.768737,-1.73576,0.0436218,0.116012,-0.0361144,,,
46.404,pf,map,1.71658,0.883177,-1.7155,0.0165753,0.0226416,-0.00225136,6.45842,320.48,1
46.44,odom,map,1.68854,0.70642,-1.80574,0,0,0,,,
46.476,odom,map,1.686,0.696276,-1.82696,0,0,0,,,
46.512,odom,map,1.68328,0.686353,-1.8483,0,0,0,,,
46.548,odom,map,1.68042,0.676684,-1.86977,0,0,0,,,
46.584,odom,map,1.6775,0.667557,-1.89157,0,0,0,,,
46.584,ekf_predict_only,map,1.79481,0.64076,-1.97166,26.3782,81.3692,-0.502264,,,
46.584,ekf,map,1.74336,0.782698,-1.85445,0.0183712,0.0273294,-0.0010324,0.100417,,
46.584,kf,map,1.68605,0.77615,-1.79339,0.0616372,0.0272591,0.00508083,0.106417,,
46.62,odom,map,1.67453,0.65893,-1.9135,0,0,0,,,
46.584,pf,map,1.70462,0.831068,-1.80524,0.0158078,0.0193569,0.000987465,11.5979,399.006,1
46.656,odom,map,1.67145,0.650591,-1.9355,0,0,0,,,
46.692,odom,map,1.6683,0.642617,-1.95755,0,0,0,,,
46.728,odom,map,1.66506,0.6349,-1.97975,0,0,0,,,
46.764,odom,map,1.66183,0.62766,-2.00216,0,0,0,,,
46.8,odom,map,1.65848,0.620597,-2.0246,0,0,0,,,
46.8,kf,map,1.66897,0.719026,-1.90504,0.0614241,0.0277014,0.00624733,0.189417,,
46.8,amcl,map,1.69966,0.681987,-1.981,0.0345792,0.122524,-0.0303112,,,
46.8,ekf_predict_only,map,1.77785,0.600739,-2.10698,26.6062,80.7347,0.33714,,,
46.8,ekf,map,1.73836,0.728782,-1.98355,0.0170856,0.0274934,-0.00155663,0.226958,,
46.8,pf,map,1.748,0.737434,-1.99223,0.0104785,0.017423,-0.000822329,12.377,372.626,1
46.836,odom,map,1.65859,0.615652,-2.04491,0,0,0,,,
46.872,odom,map,1.65884,0.611144,-2.06527,0,0,0,,,
46.908,odom,map,1.65916,0.607063,-2.08569,0,0,0,,,
46.944,odom,map,1.65951,0.603307,-2.10605,0,0,0,,,
46.98,odom,map,1.65984,0.599774,-2.12666,0,0,0,,,
47.016,kf,map,1.64754,0.690058,-2.0076,0.0609398,0.0282108,0.00747637,0.104375,,
47.016,odom,map,1.65902,0.596141,-2.14808,0,0,0,,,
47.016,ekf,map,1.73683,0.706099,-2.11348,0.0160466,0.0273888,-0.00203314,0.08925,,
47.016,ekf_predict_only,map,1.7612,0.572726,-2.24366,26.8139,80.1192,0.907211,,,
47.016,pf,map,1.73224,0.722302,-2.08975,0.0124832,0.0150706,0.00101903,11.3057,347.256,1
47.052,odom,map,1.65622,0.591944,-2.17075,0,0,0,,,
47.088,odom,map,1.65351,0.588075,-2.19367,0,0,0,,,
47.124,odom,map,1.65088,0.584499,-2.21652,0,0,0,,,
47.16,odom,map,1.64844,0.58133,-2.23917,0,0,0,,,
47.196,odom,map,1.64605,0.578383,-2.26188,0,0,0,,,
47.232,odom,map,1.64626,0.581926,-2.27909,0,0,0,,,
47.196,kf,map,1.63708,0.653968,-2.11668,0.0603174,0.0285802,0.00833528,0.1775,,
47.196,ekf_predict_only,map,1.75073,0.559581,-2.35714,26.9695,79.7716,1.16583,,,
47.196,ekf,map,1.72545,0.670455,-2.22776,0.0154584,0.0270293,-0.00219987,0.158333,,
47.196,pf,map,1.69936,0.702713,-2.2021,0.00864238,0.0180497,-0.000628259,7.85221,350.169,1
47.202,amcl,map,1.65646,0.644473,-2.22871,0.0394081,0.110098,-0.0342202,,,
47.268,odom,map,1.64688,0.586549,-2.29567,0,0,0,,,
47.304,odom,map,1.64744,0.591264,-2.31227,0,0,0,,,
47.34,odom,map,1.64796,0.59608,-2.32862,0,0,0,,,
47.376,odom,map,1.64847,0.601029,-2.34475,0,0,0,,,
47.412,odom,map,1.64831,0.604027,-2.3627,0,0,0,,,
47.412,ekf,map,1.72134,0.655853,-2.36065,0.0151719,0.0271454,-0.00264603,0.091458,,
47.412,ekf_predict_only,map,1.741,0.54987,-2.49067,27.1128,79.4578,1.35067,,,
47.412,kf,map,1.62514,0.635234,-2.23675,0.0600524,0.0290762,0.00913969,0.117375,,
47.412,pf,map,1.6953,0.690452,-2.33351,0.0137754,0.0205854,-0.00165132,6.25988,333.969,1
47.448,odom,map,1.64667,0.602436,-2.38496,0,0,0,,,
47.484,odom,map,1.64499,0.600893,-2.40718,0,0,0,,,
47.52,odom,map,1.64335,0.599441,-2.42916,0,0,0,,,
47.556,odom,map,1.64176,0.598093,-2.45088,0,0,0,,,
47.592,odom,map,1.64015,0.596795,-2.4724,0,0,0,,,
47.592,ekf,map,1.71039,0.642864,-2.47124,0.0148137,0.0268225,-0.00278238,0.099917,,
47.592,kf,map,1.61667,0.621359,-2.34684,0.0595333,0.0293638,0.00968272,0.093541,,
47.628,odom,map,1.63978,0.597118,-2.49437,0,0,0,,,
47.592,ekf_predict_only,map,1.73276,0.543596,-2.59806,27.2417,79.2089,1.46457,,,
47.601,amcl,map,1.64176,0.625287,-2.47339,0.0391062,0.100475,-0.0379262,,,
47.592,pf,map,1.67942,0.680559,-2.4454,0.0127817,0.0188448,-0.00350015,14.0439,325.726,1
47.664,odom,map,1.63995,0.598151,-2.51617,0,0,0,,,
47.7,odom,map,1.64018,0.599285,-2.53777,0,0,0,,,
47.736,odom,map,1.64054,0.600551,-2.55926,0,0,0,,,
47.772,odom,map,1.64097,0.601911,-2.58063,0,0,0,,,
47.808,ekf,map,1.71112,0.635356,-2.59414,0.0149374,0.0269657,-0.00308789,0.103958,,
47.808,odom,map,1.64111,0.602882,-2.6017,0,0,0,,,
47.808,ekf_predict_only,map,1.72564,0.539295,-2.72111,27.362,79.0085,1.53857,,,
47.808,kf,map,1.60912,0.610115,-2.45822,0.0593712,0.0297594,0.0102103,0.110417,,
47.808,pf,map,1.68176,0.678793,-2.56638,0.0103046,0.0178925,-0.000414628,11.2629,291.839,1
47.844,odom,map,1.63997,0.602214,-2.62195,0,0,0,,,
47.88,odom,map,1.63892,0.601627,-2.64185,0,0,0,,,
47.916,odom,map,1.63793,0.601095,-2.66147,0,0,0,,,
47.952,odom,map,1.63693,0.600589,-2.68095,0,0,0,,,
47.988,odom,map,1.63603,0.600153,-2.70008,0,0,0,,,
47.988,ekf_predict_only,map,1.72174,0.537549,-2.81374,27.4703,78.944,1.56602,,,
47.988,ekf,map,1.70812,0.626666,-2.69129,0.0146693,0.0266954,-0.00308576,0.152875,,
47.988,kf,map,1.6055,0.60083,-2.55206,0.0589929,0.029906,0.0104803,0.129542,,
48.024,odom,map,1.63383,0.601583,-2.71801,0,0,0,,,
48,amcl,map,1.62686,0.611534,-2.69543,0.0335876,0.0918754,-0.0317354,,,
47.988,pf,map,1.69529,0.65403,-2.67784,0.00999792,0.0207723,0.000533849,8.55142,298.136,1
48.06,odom,map,1.63083,0.60405,-2.73543,0,0,0,,,
48.096,odom,map,1.62798,0.606591,-2.75253,0,0,0,,,
48.132,odom,map,1.62515,0.609155,-2.76938,0,0,0,,,
48.168,odom,map,1.62239,0.611755,-2.78595,0,0,0,,,
48.204,odom,map,1.61979,0.614221,-2.80251,0,0,0,,,
48.204,ekf_predict_only,map,1.71917,0.536677,-2.91665,27.5745,78.9362,1.5782,,,
48.204,ekf,map,1.70585,0.6206,-2.79959,0.0148149,0.0268998,-0.003246,0.109709,,
48.204,kf,map,1.60308,0.593938,-2.65867,0.0590024,0.0301297,0.0107282,0.112625,,
48.204,pf,map,1.70105,0.642023,-2.79974,0.0103291,0.0184505,-0.0048008,7.78963,345.128,1
48.24,odom,map,1.61935,0.61407,-2.81976,0,0,0,,,
48.276,odom,map,1.61907,0.613978,-2.83667,0,0,0,,,
48.312,odom,map,1.6189,0.613927,-2.85337,0,0,0,,,
48.348,odom,map,1.6188,0.613898,-2.8696,0,0,0,,,
48.384,odom,map,1.6187,0.613871,-2.88571,0,0,0,,,
48.42,odom,map,1.61931,0.613992,-2.90127,0,0,0,,,
48.384,ekf_predict_only,map,1.72,0.536867,-2.99519,27.6736,79.0712,1.5762,,,
48.384,ekf,map,1.70026,0.615606,-2.88484,0.0145624,0.0266392,-0.00321791,0.108417,,
48.384,kf,map,1.60316,0.590288,-2.74998,0.0587924,0.0301073,0.0107545,0.106667,,
48.384,pf,map,1.67209,0.67588,-2.86082,0.00956777,0.0173448,-0.00269796,5.79096,305.745,1
48.456,odom,map,1.6205,0.614229,-2.91621,0,0,0,,,
48.492,odom,map,1.62172,0.61447,-2.93102,0,0,0,,,
48.528,odom,map,1.62269,0.614652,-2.94484,0,0,0,,,
48.564,odom,map,1.62356,0.614814,-2.95609,0,0,0,,,
48.6,odom,map,1.62443,0.614975,-2.96474,0,0,0,,,
48.6,ekf_predict_only,map,1.72,0.536867,-2.99519,27.7736,79.1712,1.5762,,,
48.6,ekf,map,1.69655,0.604668,-2.94411,0.0146991,0.0269084,-0.00324704,0.102416,,
48.6,kf,map,1.606,0.581286,-2.81439,0.058948,0.0301845,0.0108018,0.118584,,
48.6,amcl,map,1.62622,0.60969,-2.95894,0.0420497,0.081763,-0.0285456,,,
48.6,pf,map,1.67653,0.6585,-2.93061,0.0095623,0.0139946,-0.0022129,5.70871,351.814,1
48.636,odom,map,1.62446,0.61498,-2.97114,0,0,0,,,
48.672,odom,map,1.62446,0.61498,-2.97496,0,0,0,,,
48.708,odom,map,1.62446,0.61498,-2.97619,0,0,0,,,
48.744,odom,map,1.62446,0.61498,-2.97619,0,0,0,,,
48.78,odom,map,1.62446,0.61498,-2.97619,0,0,0,,,
48.816,ekf,map,1.70316,0.611598,-2.96763,0.014677,0.0268641,-0.00338231,0.101083,,
48.816,odom,map,1.62436,0.614619,-2.976,0,0,0,,,
48.816,ekf_predict_only,map,1.72,0.536867,-2.99519,27.8736,79.2712,1.5762,,,
48.816,kf,map,1.60465,0.58512,-2.83029,0.0589679,0.0301916,0.0108119,0.100917,,
48.816,pf,map,1.68886,0.655868,-2.96017,0.0122303,0.013848,-0.00350627,10.468,355.508,1
48.852,odom,map,1.62411,0.613691,-2.9755,0,0,0,,,
48.888,odom,map,1.62354,0.612708,-2.97515,0,0,0,,,
48.924,odom,map,1.62204,0.611568,-2.97489,0,0,0,,,
48.96,odom,map,1.61989,0.610318,-2.97421,0,0,0,,,
48.996,odom,map,1.61701,0.608942,-2.97342,0,0,0,,,
48.996,ekf_predict_only,map,1.69927,0.53381,-2.99007,27.9884,78.5042,1.59004,,,
48.996,ekf,map,1.69528,0.611877,-2.97277,0.014635,0.0264861,-0.00347769,0.278375,,
48.996,kf,map,1.59336,0.582583,-2.83074,0.0584033,0.0304984,0.0112568,0.135333,,
49.032,odom,map,1.61333,0.608217,-2.9726,0,0,0,,,
48.996,pf,map,1.68639,0.657206,-2.96656,0.00946728,0.0165128,-0.0025548,7.7155,328.152,1
49.068,odom,map,1.6092,0.60751,-2.97157,0,0,0,,,
49.104,odom,map,1.60456,0.606709,-2.96999,0,0,0,,,
49.14,odom,map,1.59921,0.605776,-2.96786,0,0,0,,,
49.176,odom,map,1.59319,0.604712,-2.96538,0,0,0,,,
49.212,odom,map,1.58659,0.603526,-2.96267,0,0,0,,,
49.212,ekf,map,1.66804,0.607708,-2.96291,0.0153458,0.0264008,-0.00400679,0.100208,,
49.212,ekf_predict_only,map,1.65843,0.527574,-2.9735,28.1191,76.9215,1.61794,,,
49.212,kf,map,1.56493,0.572675,-2.81779,0.0574462,0.0316743,0.0125361,0.104959,,
49.212,pf,map,1.64741,0.619122,-2.95125,0.00983888,0.0176907,-0.0023901,13.7004,304.652,1
49.248,odom,map,1.57981,0.602291,-2.9599,0,0,0,,,
49.284,odom,map,1.57279,0.600992,-2.95706,0,0,0,,,
49.32,odom,map,1.56496,0.599518,-2.95412,0,0,0,,,
49.356,odom,map,1.55672,0.597942,-2.95126,0,0,0,,,
49.392,odom,map,1.54803,0.596255,-2.94846,0,0,0,,,
49.428,odom,map,1.53949,0.594433,-2.94528,0,0,0,,,
49.392,ekf,map,1.63484,0.598438,-2.9502,0.0158319,0.0257133,-0.00446519,0.096875,,
49.392,kf,map,1.53253,0.557371,-2.804,0.0557727,0.0331064,0.0138711,0.124666,,
49.392,ekf_predict_only,map,1.6125,0.519779,-2.95961,28.2586,75.1691,1.65875,,,
49.392,pf,map,1.59547,0.610451,-2.91687,0.0127321,0.0198338,-0.00564715,7.08117,366.726,1
49.464,odom,map,1.53066,0.592465,-2.94214,0,0,0,,,
49.5,odom,map,1.52133,0.590359,-2.93924,0,0,0,,,
49.536,odom,map,1.51181,0.588178,-2.9364,0,0,0,,,
49.572,odom,map,1.50206,0.585915,-2.93385,0,0,0,,,
49.608,odom,map,1.49181,0.583564,-2.93166,0,0,0,,,
49.608,ekf_predict_only,map,1.54653,0.50764,-2.94944,28.4225,72.6838,1.72283,,,
49.608,kf,map,1.47672,0.544897,-2.79389,0.0533602,0.0357273,0.0156409,0.102042,,
49.608,ekf,map,1.57521,0.595443,-2.93769,0.017307,0.0251864,-0.00511738,0.1155,,
49.608,pf,map,1.55718,0.59171,-2.90641,0.00883419,0.02082,-0.00297809,6.65992,333.14,1
49.644,odom,map,1.48078,0.581204,-2.93005,0,0,0,,,
49.68,odom,map,1.46969,0.578814,-2.92849,0,0,0,,,
49.716,odom,map,1.45845,0.576373,-2.92717,0,0,0,,,
49.752,odom,map,1.44691,0.573855,-2.9263,0,0,0,,,
49.788,odom,map,1.43524,0.571298,-2.9256,0,0,0,,,
49.824,odom,map,1.42354,0.568727,-2.92493,0,0,0,,,
49.788,kf,map,1.42268,0.537467,-2.80694,0.0507178,0.0381406,0.016757,0.107625,,
49.788,ekf,map,1.50774,0.58999,-2.93471,0.0184427,0.0243133,-0.00530107,0.19125,,
49.788,ekf_predict_only,map,1.48774,0.496202,-2.9461,28.5855,70.5543,1.77774,,,
49.788,pf,map,1.46037,0.617715,-2.90636,0.0129332,0.0195815,-0.00574288,12.4649,333.455,1
49.86,odom,map,1.41176,0.566133,-2.92462,0,0,0,,,
49.896,odom,map,1.39981,0.563497,-2.92461,0,0,0,,,
49.932,odom,map,1.3878,0.560852,-2.92494,0,0,0,,,
49.968,odom,map,1.3758,0.558213,-2.92543,0,0,0,,,
50.004,odom,map,1.36378,0.555577,-2.92608,0,0,0,,,
50.004,kf,map,1.36113,0.517659,-2.81954,0.0477228,0.0413571,0.0176652,0.150916,,
50.004,ekf_predict_only,map,1.41526,0.48185,-2.95025,28.7684,68.0035,1.83097,,,
50.004,ekf,map,1.43701,0.575129,-2.93568,0.0206015,0.0238527,-0.00523802,0.64,,
50.001,amcl,map,1.38797,0.53446,-2.94508,0.0401131,0.0614599,-0.0174378,,,
50.004,pf,map,1.40178,0.566847,-2.89542,0.0145366,0.0122752,-0.00222479,12.7566,373.764,1
50.04,odom,map,1.35177,0.552953,-2.927,0,0,0,,,
50.076,odom,map,1.33969,0.550329,-2.92832,0,0,0,,,
50.112,odom,map,1.32757,0.547715,-2.92985,0,0,0,,,
50.148,odom,map,1.31544,0.545117,-2.93145,0,0,0,,,
50.184,odom,map,1.30332,0.542539,-2.93228,0,0,0,,,
50.22,odom,map,1.29129,0.539983,-2.93223,0,0,0,,,
50.184,ekf_predict_only,map,1.3551,0.470196,-2.94806,28.9388,65.9853,1.8544,,,
50.184,ekf,map,1.3742,0.556358,-2.94076,0.0217184,0.0232765,-0.00488487,0.105333,,
50.184,kf,map,1.31134,0.501241,-2.84073,0.0450831,0.0437793,0.0178894,0.167292,,
50.184,pf,map,1.34173,0.561177,-2.93095,0.012777,0.0118504,-0.00346725,8.77371,362.272,1
50.256,odom,map,1.27925,0.537421,-2.93138,0,0,0,,,
50.292,odom,map,1.26722,0.534848,-2.93047,0,0,0,,,
50.328,odom,map,1.25509,0.532242,-2.92917,0,0,0,,,
50.364,odom,map,1.24281,0.52958,-2.92697,0,0,0,,,
50.4,odom,map,1.23048,0.526874,-2.92432,0,0,0,,,
50.4,ekf,map,1.29414,0.544664,-2.93338,0.0235648,0.0234254,-0.00422386,0.104042,,
50.4,kf,map,1.24174,0.48957,-2.84727,0.0424141,0.0466784,0.0178316,0.171833,,
50.4,ekf_predict_only,map,1.28068,0.455611,-2.93173,29.1309,63.5687,1.8661,,,
50.4,pf,map,1.28528,0.57216,-2.93472,0.0187938,0.0162885,-0.00380228,7.96792,322.183,1
50.436,odom,map,1.21814,0.524133,-2.92159,0,0,0,,,
50.472,odom,map,1.2058,0.521353,-2.91833,0,0,0,,,
50.508,odom,map,1.19352,0.518542,-2.91445,0,0,0,,,
50.544,odom,map,1.18133,0.515696,-2.9099,0,0,0,,,
50.58,odom,map,1.1692,0.512802,-2.90462,0,0,0,,,
50.616,ekf_predict_only,map,1.2076,0.440043,-2.89761,29.3341,61.3091,1.87524,,,
50.616,ekf,map,1.22004,0.533095,-2.90723,0.0249461,0.0238505,-0.00330018,0.111333,,
50.616,kf,map,1.17389,0.476685,-2.82997,0.0399654,0.0491601,0.0173764,0.105541,,
50.616,odom,map,1.1571,0.509844,-2.89893,0,0,0,,,
50.616,pf,map,1.18004,0.592353,-2.93195,0.0183187,0.014753,-0.00458155,10.6072,364.836,1
50.652,odom,map,1.14514,0.506846,-2.89293,0,0,0,,,
50.688,odom,map,1.1333,0.503799,-2.88647,0,0,0,,,
50.724,odom,map,1.12159,0.500702,-2.87939,0,0,0,,,
50.76,odom,map,1.10997,0.497536,-2.872,0,0,0,,,
50.796,odom,map,1.09853,0.494328,-2.86412,0,0,0,,,
50.832,odom,map,1.09093,0.488568,-2.85864,0,0,0,,,
50.796,ekf_predict_only,map,1.15181,0.426155,-2.85296,29.5304,59.6832,1.89666,,,
50.796,kf,map,1.11896,0.466678,-2.80416,0.0381099,0.0507728,0.0167584,0.199583,,
50.796,ekf,map,1.15874,0.520956,-2.87251,0.0254464,0.0240162,-0.00260883,0.3395,,
50.802,amcl,map,1.13752,0.474835,-2.89303,0.0408249,0.0498557,-0.010753,,,
50.796,pf,map,1.13103,0.540135,-2.86879,0.0186101,0.013885,0.000348239,10.035,381.315,1
50.868,odom,map,1.08397,0.482514,-2.85278,0,0,0,,,
50.904,odom,map,1.07704,0.476436,-2.84657,0,0,0,,,
50.94,odom,map,1.0701,0.470319,-2.83999,0,0,0,,,
50.976,odom,map,1.06325,0.464188,-2.83268,0,0,0,,,
51.012,odom,map,1.05527,0.458847,-2.82419,0,0,0,,,
51.012,ekf_predict_only,map,1.08758,0.407085,-2.7878,29.7692,57.8771,1.94586,,,
51.012,kf,map,1.06195,0.447912,-2.74942,0.0363933,0.0527193,0.0160118,0.112834,,
51.012,ekf,map,1.09836,0.503814,-2.81322,0.0265189,0.0251142,-0.00175658,0.197125,,
51.012,pf,map,1.08396,0.53476,-2.82305,0.0188239,0.017,-0.00363677,11.4989,422.295,1
51.048,odom,map,1.04476,0.455331,-2.81307,0,0,0,,,
51.084,odom,map,1.03453,0.451775,-2.80129,0,0,0,,,
51.12,odom,map,1.02465,0.44821,-2.78872,0,0,0,,,
51.156,odom,map,1.01486,0.444533,-2.776,0,0,0,,,
51.192,odom,map,1.0053,0.440801,-2.763,0,0,0,,,
51.228,odom,map,0.99617,0.4371,-2.74921,0,0,0,,,
51.192,kf,map,1.01392,0.434801,-2.69737,0.0350192,0.0538676,0.0152394,0.116875,,
51.192,ekf_predict_only,map,1.04188,0.390205,-2.71756,29.9985,56.6736,2.01154,,,
51.192,ekf,map,1.0442,0.486297,-2.75324,0.0266532,0.0254105,-0.00126389,0.172833,,
51.192,pf,map,1.03288,0.504448,-2.74855,0.0161752,0.0137625,-0.00247945,7.44775,432.395,1
51.264,odom,map,0.987431,0.43341,-2.73478,0,0,0,,,
51.3,odom,map,0.97909,0.429745,-2.71996,0,0,0,,,
51.336,odom,map,0.971085,0.426082,-2.70497,0,0,0,,,
51.372,odom,map,0.96341,0.422429,-2.68956,0,0,0,,,
51.408,odom,map,0.95612,0.41882,-2.67369,0,0,0,,,
51.408,ekf_predict_only,map,0.998819,0.370766,-2.62016,30.2548,55.586,2.1064,,,
51.408,ekf,map,0.990855,0.469723,-2.66413,0.0273231,0.0265183,-0.000687566,0.216125,,
51.408,kf,map,0.964174,0.418947,-2.61298,0.0338928,0.0552283,0.0144717,0.107166,,
51.402,amcl,map,0.978537,0.423378,-2.67885,0.0377591,0.0409186,-0.00755557,,,
51.408,pf,map,0.934086,0.482948,-2.65835,0.0159498,0.0155947,-0.00021969,5.83367,432.627,1
51.444,odom,map,0.949121,0.415211,-2.65745,0,0,0,,,
51.48,odom,map,0.942382,0.411597,-2.64089,0,0,0,,,
51.516,odom,map,0.93604,0.408057,-2.62387,0,0,0,,,
51.552,odom,map,0.930153,0.404637,-2.6064,0,0,0,,,
51.588,odom,map,0.92468,0.401326,-2.5885,0,0,0,,,
51.624,odom,map,0.921412,0.397916,-2.57185,0,0,0,,,
51.588,ekf,map,0.963725,0.456845,-2.57756,0.027224,0.0267007,-0.00040604,0.117125,,
51.588,ekf_predict_only,map,0.971479,0.35506,-2.53044,30.4871,54.9525,2.20202,,,
51.588,kf,map,0.936976,0.402852,-2.52597,0.0329995,0.0558937,0.0137904,1.46404,,
51.588,pf,map,0.936658,0.448935,-2.55493,0.0165003,0.0128511,0.000875033,7.45679,443.412,1
51.66,odom,map,0.919517,0.394506,-2.55575,0,0,0,,,
51.696,odom,map,0.918124,0.391332,-2.53928,0,0,0,,,
51.732,odom,map,0.916884,0.38817,-2.52276,0,0,0,,,
51.768,odom,map,0.915922,0.385117,-2.50603,0,0,0,,,
51.804,odom,map,0.915182,0.382274,-2.48882,0,0,0,,,
51.804,ekf_predict_only,map,0.949386,0.339581,-2.41528,30.7225,54.4714,2.30891,,,
51.804,ekf,map,0.927255,0.436725,-2.47059,0.0276371,0.0274659,-0.000148444,0.104709,,
51.804,kf,map,0.905711,0.389336,-2.42573,0.0323654,0.0567621,0.0132133,0.10775,,
51.804,pf,map,0.89839,0.447774,-2.46344,0.0175203,0.015876,0.00281547,6.8415,430.049,1
51.84,odom,map,0.911782,0.379623,-2.46947,0,0,0,,,
51.876,odom,map,0.908501,0.37696,-2.45006,0,0,0,,,
51.912,odom,map,0.905452,0.374386,-2.43043,0,0,0,,,
51.948,odom,map,0.902714,0.37198,-2.41076,0,0,0,,,
51.984,odom,map,0.900337,0.369808,-2.39072,0,0,0,,,
52.02,odom,map,0.898077,0.367655,-2.37059,0,0,0,,,
51.984,ekf,map,0.916145,0.439262,-2.36555,0.0274168,0.0273727,-4.86237e-05,0.106958,,
51.984,kf,map,0.889666,0.378798,-2.31226,0.0318491,0.0570483,0.01275,0.184167,,
52.002,amcl,map,0.900269,0.380193,-2.37078,0.036224,0.0312576,-0.00439229,,,
51.984,ekf_predict_only,map,0.937717,0.329216,-2.31462,30.9161,54.2687,2.39067,,,
51.984,pf,map,0.882033,0.450384,-2.36085,0.0172445,0.0158706,-0.000623803,14.3093,415.846,1
52.056,odom,map,0.896001,0.365599,-2.35039,0,0,0,,,
52.092,odom,map,0.894212,0.363753,-2.3301,0,0,0,,,
52.128,odom,map,0.89276,0.362192,-2.30968,0,0,0,,,
52.164,odom,map,0.891468,0.360745,-2.28914,0,0,0,,,
52.2,odom,map,0.890242,0.359314,-2.26856,0,0,0,,,
52.2,ekf_predict_only,map,0.930062,0.320896,-2.19114,31.0929,54.1717,2.46237,,,
52.2,ekf,map,0.890999,0.434336,-2.24451,0.0277431,0.0279184,6.82425e-05,0.11375,,
52.2,kf,map,0.866172,0.374675,-2.19163,0.0315935,0.0575376,0.0124582,0.962041,,
52.2,pf,map,0.901943,0.449479,-2.25347,0.020443,0.019117,0.00116717,5.94821,458.634,1
52.236,odom,map,0.889778,0.358692,-2.24648,0,0,0,,,
52.272,odom,map,0.889521,0.358272,-2.2244,0,0,0,,,
52.308,odom,map,0.889484,0.358095,-2.20247,0,0,0,,,
52.344,odom,map,0.8895,0.357952,-2.18057,0,0,0,,,
52.38,odom,map,0.889618,0.357923,-2.15875,0,0,0,,,
52.416,ekf_predict_only,map,0.928167,0.318245,-2.07089,31.2177,54.2232,2.48749,,,
52.416,odom,map,0.889672,0.357858,-2.13772,0,0,0,,,
52.416,ekf,map,0.882361,0.424764,-2.12646,0.0278191,0.0281863,0.000185155,0.22,,
52.416,kf,map,0.859906,0.370807,-2.07837,0.0314407,0.0577184,0.0122994,0.107334,,
52.401,amcl,map,0.892456,0.354858,-2.13437,0.0283857,0.0301635,-0.00372537,,,
52.416,pf,map,0.87051,0.440868,-2.12928,0.0176703,0.0157072,-0.00268013,5.68004,453.559,1
52.452,odom,map,0.889385,0.357397,-2.11768,0,0,0,,,
52.488,odom,map,0.889189,0.357069,-2.09782,0,0,0,,,
52.524,odom,map,0.889117,0.356943,-2.07806,0,0,0,,,
52.56,odom,map,0.88916,0.357024,-2.0583,0,0,0,,,
52.596,odom,map,0.889277,0.35725,-2.03848,0,0,0,,,
52.596,ekf,map,0.882478,0.428003,-2.02548,0.0274934,0.0277508,0.000139144,0.098167,,
52.596,kf,map,0.858548,0.370738,-1.97558,0.0313391,0.0575642,0.0122266,0.11175,,
52.632,odom,map,0.889457,0.357618,-2.01884,0,0,0,,,
52.596,ekf_predict_only,map,0.929302,0.320321,-1.973,31.2983,54.3522,2.4662,,,
52.596,pf,map,0.874756,0.422084,-2.02605,0.0191232,0.0126528,0.00160226,22.2313,444.787,1
52.668,odom,map,0.889714,0.358166,-1.99932,0,0,0,,,
52.704,odom,map,0.890063,0.358952,-1.97988,0,0,0,,,
52.74,odom,map,0.890419,0.359795,-1.96065,0,0,0,,,
52.776,odom,map,0.890759,0.360646,-1.94148,0,0,0,,,
52.812,ekf_predict_only,map,0.932078,0.326846,-1.86066,31.3378,54.5235,2.39533,,,
52.812,odom,map,0.891006,0.362048,-1.92253,0,0,0,,,
52.812,ekf,map,0.873997,0.432777,-1.91203,0.0277872,0.0281184,0.000186376,0.344917,,
52.812,kf,map,0.851363,0.378359,-1.86431,0.0315091,0.0576238,0.0123703,0.09275,,
52.8,amcl,map,0.89336,0.328714,-1.93936,0.0215082,0.0275564,0.00194656,,,
52.812,pf,map,0.8665,0.420076,-1.89343,0.0246887,0.0217181,0.00304152,8.03517,436.834,1
52.848,odom,map,0.891022,0.364607,-1.90382,0,0,0,,,
52.884,odom,map,0.89111,0.36746,-1.88534,0,0,0,,,
52.92,odom,map,0.891227,0.370507,-1.86708,0,0,0,,,
52.956,odom,map,0.891316,0.373577,-1.84884,0,0,0,,,
52.992,odom,map,0.89139,0.376721,-1.83082,0,0,0,,,
53.028,odom,map,0.891774,0.37905,-1.81324,0,0,0,,,
52.992,ekf_predict_only,map,0.935059,0.336841,-1.77366,31.3471,54.7002,2.28031,,,
52.992,ekf,map,0.884165,0.447093,-1.81681,0.027528,0.0278598,0.000199075,0.095458,,
52.992,kf,map,0.857053,0.384729,-1.76317,0.0316245,0.057275,0.012525,0.909834,,
52.992,pf,map,0.87642,0.441202,-1.8146,0.0225718,0.0144652,-0.00118853,7.29492,447.404,1
53.064,odom,map,0.892289,0.381216,-1.79611,0,0,0,,,
53.1,odom,map,0.892781,0.383451,-1.77916,0,0,0,,,
53.136,odom,map,0.893241,0.38572,-1.76232,0,0,0,,,
53.172,odom,map,0.893672,0.388044,-1.7458,0,0,0,,,
53.208,odom,map,0.894282,0.390084,-1.72949,0,0,0,,,
53.208,ekf_predict_only,map,0.938074,0.351502,-1.67869,31.318,54.8779,2.10452,,,
53.208,ekf,map,0.87629,0.459971,-1.71882,0.0278403,0.0282644,0.000267231,0.213041,,
53.208,kf,map,0.850373,0.401378,-1.66742,0.0320071,0.0571245,0.0128752,0.1725,,
53.208,pf,map,0.84878,0.484313,-1.72043,0.0188242,0.01675,0.00133191,8.19267,492.595,1
53.244,odom,map,0.895534,0.390712,-1.7121,0,0,0,,,
53.28,odom,map,0.896728,0.391349,-1.69485,0,0,0,,,
53.316,odom,map,0.897838,0.391738,-1.6781,0,0,0,,,
53.352,odom,map,0.898779,0.390928,-1.66377,0,0,0,,,
53.388,odom,map,0.899609,0.389127,-1.65203,0,0,0,,,
53.424,odom,map,0.899904,0.388452,-1.64409,0,0,0,,,
53.388,ekf_predict_only,map,0.938074,0.351502,-1.67869,31.418,54.9779,2.10452,,,
53.388,ekf,map,0.873603,0.477318,-1.66594,0.0275695,0.0280266,0.00027514,0.130875,,
53.388,kf,map,0.843298,0.409051,-1.60933,0.0320544,0.0568452,0.0129506,0.107,,
53.4,amcl,map,0.903668,0.366581,-1.68076,0.0175972,0.0292627,0.00161665,,,
53.388,pf,map,0.839416,0.463515,-1.62588,0.0152049,0.0193277,0.000572593,6.50742,451.298,1
53.46,odom,map,0.899904,0.388452,-1.63943,0,0,0,,,
53.496,odom,map,0.899904,0.388452,-1.63737,0,0,0,,,
53.532,odom,map,0.899904,0.388452,-1.63725,0,0,0,,,
53.568,odom,map,0.899904,0.388452,-1.63725,0,0,0,,,
53.604,odom,map,0.899915,0.388156,-1.63748,0,0,0,,,
53.604,ekf_predict_only,map,0.938022,0.351022,-1.68042,31.5221,55.0766,2.1105,,,
53.604,kf,map,0.845368,0.409705,-1.58848,0.0321717,0.0569608,0.0130341,0.096458,,
53.604,ekf,map,0.874509,0.47359,-1.64333,0.0278804,0.0285061,0.000360264,0.091791,,
53.604,pf,map,0.829094,0.461053,-1.60742,0.0160205,0.0214048,-0.000701098,6.47267,440.81,1
53.64,odom,map,0.900085,0.382758,-1.64172,0,0,0,,,
53.676,odom,map,0.900206,0.377295,-1.64612,0,0,0,,,
53.712,odom,map,0.90028,0.371805,-1.65054,0,0,0,,,
53.748,odom,map,0.900303,0.366251,-1.65497,0,0,0,,,
53.784,odom,map,0.900275,0.36064,-1.65955,0,0,0,,,
53.784,ekf_predict_only,map,0.938015,0.350956,-1.68557,31.6227,55.1764,2.11131,,,
53.82,odom,map,0.900249,0.358161,-1.66225,0,0,0,,,
53.784,ekf,map,0.871125,0.465918,-1.64259,0.0275838,0.0281064,0.000305765,0.120708,,
53.784,kf,map,0.845514,0.409939,-1.59321,0.0321059,0.0567939,0.0129998,1.48188,,
53.784,pf,map,0.835742,0.44435,-1.60557,0.0185484,0.0198392,0.00151145,5.83217,513.417,1
53.856,odom,map,0.900248,0.358148,-1.66328,0,0,0,,,
53.892,odom,map,0.900238,0.358043,-1.66463,0,0,0,,,
53.928,odom,map,0.900221,0.357862,-1.66618,0,0,0,,,
53.964,odom,map,0.900195,0.357593,-1.66772,0,0,0,,,
54,odom,map,0.900166,0.357293,-1.66923,0,0,0,,,
54,ekf_predict_only,map,0.937825,0.34931,-1.69759,31.737,55.2715,2.13174,,,
54,kf,map,0.844957,0.409091,-1.60147,0.0321587,0.0569738,0.0130217,0.181625,,
54,ekf,map,0.869731,0.463778,-1.64919,0.0278772,0.0284716,0.000346259,0.157708,,
54,pf,map,0.850805,0.438839,-1.62127,0.0200624,0.0180223,0.00106641,5.95658,463.038,1
54.036,odom,map,0.900138,0.357012,-1.67108,0,0,0,,,
54.072,odom,map,0.900131,0.356944,-1.67311,0,0,0,,,
54.108,odom,map,0.900138,0.357007,-1.6754,0,0,0,,,
54.144,odom,map,0.900142,0.357052,-1.67789,0,0,0,,,
54.18,odom,map,0.900164,0.357254,-1.68066,0,0,0,,,
54.216,odom,map,0.90043,0.357987,-1.68447,0,0,0,,,
54.216,kf,map,0.845304,0.409632,-1.60599,0.0321775,0.056982,0.0130423,0.107458,,
54.216,ekf_predict_only,map,0.937954,0.350315,-1.71713,31.8282,55.3748,2.11932,,,
54.216,ekf,map,0.873488,0.471651,-1.65903,0.0279125,0.0285641,0.000377365,0.090875,,
54.216,pf,map,0.834042,0.471804,-1.63307,0.0165499,0.018775,-0.0014677,12.6035,473.425,1
54.252,odom,map,0.901077,0.359593,-1.68981,0,0,0,,,
54.288,odom,map,0.90172,0.361222,-1.69548,0,0,0,,,
54.324,odom,map,0.902376,0.362995,-1.70131,0,0,0,,,
54.36,odom,map,0.903043,0.3649,-1.7079,0,0,0,,,
54.396,odom,map,0.903708,0.366811,-1.71478,0,0,0,,,
54.432,odom,map,0.903855,0.367521,-1.72017,0,0,0,,,
54.396,ekf_predict_only,map,0.938376,0.353183,-1.74332,31.9035,55.4857,2.08412,,,
54.396,ekf,map,0.872313,0.470232,-1.68233,0.0275792,0.0281229,0.000319776,0.1605,,
54.396,kf,map,0.845432,0.411741,-1.63109,0.0321441,0.0567593,0.0130366,0.090292,,
54.396,pf,map,0.822658,0.470814,-1.66104,0.0194731,0.0160464,0.00102142,19.8919,478.182,1
54.468,odom,map,0.903925,0.367974,-1.72573,0,0,0,,,
54.504,odom,map,0.903981,0.368327,-1.7316,0,0,0,,,
54.54,odom,map,0.904032,0.368636,-1.73758,0,0,0,,,
54.576,odom,map,0.904075,0.368889,-1.74388,0,0,0,,,
54.612,ekf_predict_only,map,0.93864,0.354696,-1.78487,31.9905,55.5925,2.0657,,,
54.612,ekf,map,0.882376,0.472572,-1.71575,0.0278747,0.0284847,0.000366904,0.101334,,
54.612,odom,map,0.904119,0.369136,-1.75062,0,0,0,,,
54.612,kf,map,0.853239,0.410079,-1.66156,0.0322594,0.0568736,0.013117,0.179333,,
54.612,pf,map,0.851728,0.48901,-1.71957,0.0193766,0.0161574,0.00185234,9.42338,441.872,1
54.648,odom,map,0.904141,0.369255,-1.75785,0,0,0,,,
54.684,odom,map,0.904158,0.369341,-1.76515,0,0,0,,,
54.72,odom,map,0.904152,0.369314,-1.77274,0,0,0,,,
54.756,odom,map,0.904095,0.369039,-1.78124,0,0,0,,,
54.792,odom,map,0.90398,0.368516,-1.79041,0,0,0,,,
54.792,ekf_predict_only,map,0.937683,0.350292,-1.83591,32.1284,55.6678,2.11844,,,
54.792,ekf,map,0.878145,0.47247,-1.7576,0.0275548,0.0280178,0.000264769,0.091,,
54.792,kf,map,0.849413,0.409647,-1.70291,0.032142,0.0567578,0.0130341,0.10325,,
54.828,odom,map,0.903785,0.367663,-1.80046,0,0,0,,,
54.792,pf,map,0.859268,0.479599,-1.75256,0.018279,0.0157887,0.000484636,11.8548,431.445,1
54.864,odom,map,0.903575,0.366786,-1.81067,0,0,0,,,
54.9,odom,map,0.903348,0.365877,-1.82129,0,0,0,,,
54.936,odom,map,0.903093,0.364903,-1.83294,0,0,0,,,
54.972,odom,map,0.902821,0.363914,-1.84527,0,0,0,,,
55.008,odom,map,0.902523,0.36288,-1.85806,0,0,0,,,
55.008,ekf_predict_only,map,0.935965,0.343966,-1.91332,32.2838,55.7235,2.19252,,,
55.008,kf,map,0.849389,0.404247,-1.77512,0.0320983,0.0570341,0.0129639,0.107584,,
55.008,ekf,map,0.876321,0.463725,-1.8272,0.0278526,0.0284157,0.000315797,0.096125,,
55.008,pf,map,0.865209,0.462202,-1.82371,0.0173853,0.0234439,0.0025473,6.80058,448.671,1
55.044,odom,map,0.902206,0.361834,-1.87096,0,0,0,,,
55.08,odom,map,0.901861,0.360746,-1.88443,0,0,0,,,
55.116,odom,map,0.901464,0.35955,-1.89853,0,0,0,,,
55.152,odom,map,0.901038,0.358325,-1.91274,0,0,0,,,
55.188,odom,map,0.900583,0.357076,-1.9273,0,0,0,,,
55.224,odom,map,0.900088,0.355777,-1.9423,0,0,0,,,
55.188,ekf_predict_only,map,0.933589,0.337302,-1.98921,32.443,55.7623,2.26775,,,
55.188,ekf,map,0.873012,0.455562,-1.89718,0.0275511,0.0280242,0.000254811,0.199,,
55.188,kf,map,0.847683,0.398664,-1.84737,0.031881,0.0570186,0.0127824,0.108875,,
55.2,amcl,map,0.907876,0.35194,-1.95351,0.0132942,0.0268496,0.00447589,,,
55.188,pf,map,0.835871,0.486936,-1.90551,0.0188786,0.0156742,0.000935971,10.517,493.617,1
55.26,odom,map,0.899533,0.354386,-1.95765,0,0,0,,,
55.296,odom,map,0.898933,0.352943,-1.97313,0,0,0,,,
55.332,odom,map,0.89833,0.351557,-1.98867,0,0,0,,,
55.368,odom,map,0.897694,0.350154,-2.00431,0,0,0,,,
55.404,odom,map,0.896983,0.348649,-2.01992,0,0,0,,,
55.404,ekf,map,0.886198,0.447684,-1.98402,0.0278403,0.02841,0.000294189,0.117208,,
55.404,kf,map,0.858221,0.384795,-1.9296,0.0317425,0.0573896,0.0126119,0.123917,,
55.404,ekf_predict_only,map,0.929511,0.328132,-2.08286,32.6263,55.7576,2.36695,,,
55.404,pf,map,0.83315,0.480515,-1.98938,0.0161975,0.0155571,0.00054389,6.68533,421.086,1
55.44,odom,map,0.896245,0.347148,-2.03553,0,0,0,,,
55.476,odom,map,0.895475,0.345642,-2.05113,0,0,0,,,
55.512,odom,map,0.89465,0.344088,-2.06665,0,0,0,,,
55.548,odom,map,0.893778,0.342506,-2.08211,0,0,0,,,
55.584,odom,map,0.892883,0.340939,-2.09745,0,0,0,,,
55.62,odom,map,0.891914,0.339302,-2.11264,0,0,0,,,
55.584,ekf_predict_only,map,0.924761,0.319681,-2.15878,32.8048,55.7362,2.45296,,,
55.584,ekf,map,0.87341,0.430783,-2.0665,0.0275165,0.0279087,0.000186064,0.110709,,
55.584,kf,map,0.851175,0.378543,-2.01953,0.0314628,0.0574365,0.0123572,0.134667,,
55.584,pf,map,0.854054,0.44704,-2.06668,0.0165066,0.0189301,0.000591482,6.34708,465.987,1
55.656,odom,map,0.890883,0.337617,-2.12755,0,0,0,,,
55.692,odom,map,0.889817,0.335933,-2.14229,0,0,0,,,
55.728,odom,map,0.888764,0.334321,-2.15688,0,0,0,,,
55.764,odom,map,0.887706,0.332752,-2.17148,0,0,0,,,
55.8,odom,map,0.886602,0.331165,-2.18583,0,0,0,,,
55.8,ekf_predict_only,map,0.918236,0.309893,-2.24395,32.9977,55.6702,2.54647,,,
55.8,kf,map,0.853613,0.366095,-2.10729,0.0312818,0.0578501,0.0121255,0.181,,
55.8,amcl,map,0.893623,0.333452,-2.20157,0.0110183,0.0263204,0.00429705,,,
55.8,ekf,map,0.875665,0.418898,-2.15359,0.0278259,0.0283918,0.000269961,0.105292,,
55.8,pf,map,0.867893,0.416582,-2.14452,0.0151919,0.0205343,-0.00037262,7.40533,463.552,1
55.836,odom,map,0.885459,0.329572,-2.20003,0,0,0,,,
55.872,odom,map,0.884303,0.328007,-2.21401,0,0,0,,,
55.908,odom,map,0.883099,0.326424,-2.2278,0,0,0,,,
55.944,odom,map,0.88192,0.324916,-2.24139,0,0,0,,,
55.98,odom,map,0.880763,0.323477,-2.25482,0,0,0,,,
56.016,ekf,map,0.870438,0.412843,-2.23397,0.0278492,0.0284793,0.000284714,0.1765,,
56.016,kf,map,0.848114,0.357045,-2.18576,0.0310409,0.0581179,0.0118578,0.17625,,
56.016,odom,map,0.880077,0.321734,-2.26955,0,0,0,,,
56.016,ekf_predict_only,map,0.911125,0.300975,-2.32286,33.1844,55.5904,2.62463,,,
56.016,pf,map,0.820939,0.430865,-2.23622,0.0194341,0.0229244,0.000858411,7.75879,457.592,1
56.052,odom,map,0.880153,0.319557,-2.28655,0,0,0,,,
56.088,odom,map,0.880228,0.317471,-2.30338,0,0,0,,,
56.124,odom,map,0.88027,0.315436,-2.32013,0,0,0,,,
56.16,odom,map,0.880259,0.31343,-2.33674,0,0,0,,,
56.196,odom,map,0.880262,0.311515,-2.35319,0,0,0,,,
56.232,odom,map,0.879279,0.310333,-2.36604,0,0,0,,,
56.196,ekf_predict_only,map,0.905805,0.295288,-2.38464,33.3406,55.5567,2.66979,,,
56.196,ekf,map,0.862303,0.403647,-2.30049,0.0275249,0.0280859,0.000247457,0.098792,,
56.196,kf,map,0.84194,0.351526,-2.25499,0.0307915,0.0581114,0.0116115,0.82875,,
56.196,pf,map,0.829784,0.393471,-2.29452,0.0177319,0.0163599,-0.00166121,9.52833,461.531,1
56.268,odom,map,0.87816,0.30925,-2.37839,0,0,0,,,
56.304,odom,map,0.877069,0.308218,-2.39056,0,0,0,,,
56.34,odom,map,0.875999,0.307231,-2.40252,0,0,0,,,
56.376,odom,map,0.874962,0.306297,-2.41442,0,0,0,,,
56.4,amcl,map,0.882355,0.321613,-2.41432,0.0100963,0.0243453,0.004548,,,
56.412,ekf_predict_only,map,0.900132,0.28993,-2.45547,33.4943,55.5149,2.70835,,,
56.412,ekf,map,0.865481,0.400909,-2.37014,0.0278264,0.0285713,0.000327692,0.092875,,
56.412,kf,map,0.843168,0.343267,-2.3211,0.0306947,0.058438,0.0114495,0.182916,,
56.412,odom,map,0.873986,0.305438,-2.42622,0,0,0,,,
56.412,pf,map,0.839491,0.405989,-2.36793,0.0163879,0.0172804,-0.00241161,9.97904,468.314,1
56.448,odom,map,0.87307,0.304652,-2.43784,0,0,0,,,
56.484,odom,map,0.872232,0.303949,-2.44924,0,0,0,,,
56.52,odom,map,0.871501,0.303349,-2.46037,0,0,0,,,
56.556,odom,map,0.870782,0.302773,-2.47145,0,0,0,,,
56.592,odom,map,0.870167,0.302291,-2.48234,0,0,0,,,
56.628,odom,map,0.869339,0.302492,-2.49208,0,0,0,,,
56.592,ekf,map,0.855679,0.387122,-2.43078,0.0275366,0.0282038,0.00028006,0.118209,,
56.592,ekf_predict_only,map,0.892983,0.284075,-2.50607,33.6538,55.4372,2.7448,,,
56.592,kf,map,0.837606,0.339229,-2.3884,0.0304956,0.058404,0.0112537,0.116375,,
56.592,pf,map,0.846646,0.397813,-2.42193,0.0178417,0.0177743,0.000569663,15.1778,419.295,1
56.664,odom,map,0.867918,0.30258,-2.5012,0,0,0,,,
56.7,odom,map,0.866073,0.302375,-2.50966,0,0,0,,,
56.736,odom,map,0.863773,0.301861,-2.51753,0,0,0,,,
56.772,odom,map,0.861029,0.301052,-2.52464,0,0,0,,,
56.808,ekf_predict_only,map,0.876044,0.271581,-2.55337,33.8834,55.1212,2.81038,,,
56.808,odom,map,0.858194,0.299951,-2.53175,0,0,0,,,
56.808,kf,map,0.834377,0.326391,-2.43958,0.0302893,0.0588423,0.0109394,0.105209,,
56.808,ekf,map,0.853165,0.37736,-2.48307,0.027853,0.0288773,0.000407018,0.201667,,
56.808,pf,map,0.822964,0.392554,-2.47754,0.0219223,0.0136675,-0.000252116,6.28546,468.18,1
56.844,odom,map,0.855115,0.297817,-2.53919,0,0,0,,,
56.88,odom,map,0.851851,0.29559,-2.54622,0,0,0,,,
56.916,odom,map,0.848255,0.293172,-2.55249,0,0,0,,,
56.952,odom,map,0.844415,0.290622,-2.5583,0,0,0,,,
56.988,odom,map,0.840584,0.288109,-2.56371,0,0,0,,,
57.024,odom,map,0.836741,0.285617,-2.5686,0,0,0,,,
56.988,kf,map,0.81681,0.316054,-2.48141,0.0299056,0.0589928,0.0104794,0.102625,,
56.988,ekf_predict_only,map,0.856971,0.25886,-2.57673,34.1192,54.761,2.86205,,,
56.988,ekf,map,0.831589,0.359118,-2.51884,0.0275788,0.0287303,0.000423448,0.107209,,
56.988,pf,map,0.802538,0.362167,-2.51335,0.0193074,0.0182564,0.00256427,7.12254,439.362,1
57.06,odom,map,0.832894,0.283147,-2.57302,0,0,0,,,
57.096,odom,map,0.829046,0.2807,-2.57722,0,0,0,,,
57.132,odom,map,0.825174,0.27826,-2.58126,0,0,0,,,
57.168,odom,map,0.821195,0.275774,-2.58499,0,0,0,,,
57.204,odom,map,0.817206,0.273344,-2.58834,0,0,0,,,
57.204,ekf_predict_only,map,0.832585,0.243405,-2.5958,34.3894,54.2853,2.91015,,,
57.204,ekf,map,0.810105,0.350996,-2.54099,0.0279025,0.0296769,0.000605373,0.107916,,
57.204,kf,map,0.794567,0.302171,-2.50127,0.029589,0.0595413,0.00995852,0.104625,,
57.204,pf,map,0.787449,0.369665,-2.55152,0.0193291,0.0225406,-0.000896852,5.83858,428.695,1
57.24,odom,map,0.814552,0.272486,-2.59106,0,0,0,,,
57.276,odom,map,0.811791,0.271575,-2.59344,0,0,0,,,
57.312,odom,map,0.808918,0.270606,-2.59524,0,0,0,,,
57.348,odom,map,0.805981,0.269605,-2.59662,0,0,0,,,
57.384,odom,map,0.803014,0.26859,-2.59793,0,0,0,,,
57.384,kf,map,0.772103,0.29062,-2.51742,0.029202,0.0596959,0.00942616,0.107583,,
57.42,odom,map,0.799227,0.266652,-2.59906,0,0,0,,,
57.384,ekf,map,0.785758,0.336193,-2.55456,0.0276401,0.0297388,0.000672868,0.160334,,
57.384,ekf_predict_only,map,0.81046,0.229968,-2.60184,34.6421,53.8755,2.93925,,,
57.384,pf,map,0.755407,0.336569,-2.53753,0.0166344,0.0183363,-4.6676e-05,9.82275,463.538,1
57.456,odom,map,0.794661,0.263902,-2.60001,0,0,0,,,
57.492,odom,map,0.789984,0.261091,-2.60042,0,0,0,,,
57.528,odom,map,0.785351,0.258306,-2.60034,0,0,0,,,
57.564,odom,map,0.780746,0.255537,-2.60006,0,0,0,,,
57.6,odom,map,0.776061,0.252717,-2.59947,0,0,0,,,
57.6,ekf,map,0.770709,0.314091,-2.55651,0.0279487,0.0308612,0.000850928,0.109,,
57.6,ekf_predict_only,map,0.780405,0.211962,-2.59496,34.9536,53.302,2.96448,,,
57.6,kf,map,0.758149,0.270979,-2.52182,0.0288874,0.0602424,0.00881251,0.104542,,
57.6,pf,map,0.735993,0.306987,-2.54702,0.0153855,0.0180829,-0.00130537,6.85987,419.867,1
57.636,odom,map,0.771216,0.249796,-2.59856,0,0,0,,,
57.672,odom,map,0.766345,0.246852,-2.59707,0,0,0,,,
57.708,odom,map,0.761603,0.243974,-2.59521,0,0,0,,,
57.744,odom,map,0.7567,0.240985,-2.59313,0,0,0,,,
57.78,odom,map,0.751564,0.237839,-2.59068,0,0,0,,,
57.816,odom,map,0.746407,0.234662,-2.58817,0,0,0,,,
57.816,ekf_predict_only,map,0.749358,0.19307,-2.57989,35.2841,52.7293,2.97978,,,
57.816,ekf,map,0.74477,0.292813,-2.54825,0.0279723,0.0315203,0.000936507,0.217958,,
57.816,kf,map,0.734362,0.252981,-2.51687,0.0285294,0.0606271,0.00814098,0.102333,,
57.816,pf,map,0.703595,0.29295,-2.53184,0.0146982,0.0162509,0.000367688,15.9389,425.327,1
57.852,odom,map,0.741411,0.231566,-2.58528,0,0,0,,,
57.888,odom,map,0.736896,0.228746,-2.58097,0,0,0,,,
57.924,odom,map,0.732606,0.226038,-2.57612,0,0,0,,,
57.96,odom,map,0.728456,0.22339,-2.57076,0,0,0,,,
57.996,odom,map,0.724375,0.220753,-2.5651,0,0,0,,,
58.032,odom,map,0.720423,0.218167,-2.55915,0,0,0,,,
57.996,kf,map,0.700974,0.244399,-2.50039,0.028231,0.0606707,0.00763585,0.109833,,
57.996,ekf_predict_only,map,0.730182,0.181003,-2.54786,35.5358,52.4257,2.98622,,,
57.996,ekf,map,0.708606,0.278648,-2.52702,0.0276486,0.0313899,0.000925733,0.104792,,
57.996,pf,map,0.672686,0.299416,-2.53519,0.016028,0.0200185,-0.00224825,12.1277,515.033,1
58.068,odom,map,0.71671,0.215704,-2.55222,0,0,0,,,
58.104,odom,map,0.713153,0.213306,-2.5445,0,0,0,,,
58.14,odom,map,0.709646,0.210901,-2.53653,0,0,0,,,
58.176,odom,map,0.706196,0.208494,-2.52807,0,0,0,,,
58.212,ekf_predict_only,map,0.709624,0.167127,-2.49189,35.8147,52.103,2.99633,,,
58.212,odom,map,0.702812,0.206088,-2.51899,0,0,0,,,
58.212,ekf,map,0.688268,0.267068,-2.47863,0.0279278,0.0325039,0.00103724,0.105208,,
58.212,kf,map,0.680425,0.230692,-2.45172,0.0280624,0.0610689,0.0071501,0.263042,,
58.212,pf,map,0.698125,0.285879,-2.49769,0.013015,0.0206766,-0.00138651,6.12275,449.684,1
58.248,odom,map,0.699465,0.203662,-2.50966,0,0,0,,,
58.284,odom,map,0.69615,0.201211,-2.49997,0,0,0,,,
58.32,odom,map,0.692881,0.198743,-2.48966,0,0,0,,,
58.356,odom,map,0.689648,0.196247,-2.47881,0,0,0,,,
58.392,odom,map,0.686438,0.193713,-2.46778,0,0,0,,,
58.428,odom,map,0.683299,0.191178,-2.45633,0,0,0,,,
58.392,ekf,map,0.675331,0.258236,-2.42537,0.0276428,0.0324195,0.00101658,0.124542,,
58.392,ekf_predict_only,map,0.693671,0.155007,-2.4329,36.0749,51.8822,3.01278,,,
58.392,kf,map,0.667093,0.218506,-2.39665,0.0278228,0.0610759,0.00670075,0.232417,,
58.392,pf,map,0.671608,0.275108,-2.42575,0.0163956,0.0199372,0.000503295,7.05158,426.196,1
58.464,odom,map,0.680175,0.188593,-2.44416,0,0,0,,,
58.5,odom,map,0.677034,0.185927,-2.43157,0,0,0,,,
58.536,odom,map,0.673922,0.183218,-2.41894,0,0,0,,,
58.572,odom,map,0.670814,0.180441,-2.40581,0,0,0,,,
58.608,odom,map,0.667721,0.177602,-2.39203,0,0,0,,,
58.608,ekf_predict_only,map,0.674526,0.138594,-2.34928,36.3976,51.6055,3.04435,,,
58.608,kf,map,0.639633,0.204571,-2.33211,0.0276797,0.0614512,0.00619238,0.352125,,
58.608,ekf,map,0.645082,0.235433,-2.35526,0.0279101,0.0333249,0.00105431,0.166083,,
58.608,pf,map,0.661679,0.239222,-2.36792,0.01719,0.0166913,0.00281393,5.764,454.211,1
58.644,odom,map,0.664675,0.174727,-2.37786,0,0,0,,,
58.68,odom,map,0.661661,0.171797,-2.36278,0,0,0,,,
58.716,odom,map,0.65869,0.16882,-2.34758,0,0,0,,,
58.752,odom,map,0.655742,0.165773,-2.33194,0,0,0,,,
58.788,odom,map,0.652785,0.162618,-2.31572,0,0,0,,,
58.788,ekf,map,0.621979,0.216309,-2.28291,0.0276124,0.033301,0.00100314,0.106667,,
58.788,kf,map,0.617991,0.191422,-2.26453,0.0274525,0.0614459,0.00569621,0.552584,,
58.824,odom,map,0.649849,0.159382,-2.29918,0,0,0,,,
58.788,ekf_predict_only,map,0.65915,0.123004,-2.2663,36.7154,51.4096,3.08699,,,
58.788,pf,map,0.600106,0.217401,-2.28103,0.0117861,0.0217656,0.00171644,8.36175,502.655,1
58.86,odom,map,0.646961,0.15609,-2.28258,0,0,0,,,
58.896,odom,map,0.644088,0.152702,-2.2658,0,0,0,,,
58.932,odom,map,0.641149,0.149114,-2.24854,0,0,0,,,
58.968,odom,map,0.6382,0.145384,-2.23111,0,0,0,,,
59.004,odom,map,0.635297,0.141578,-2.21366,0,0,0,,,
59.004,kf,map,0.56657,0.175937,-2.18158,0.0568958,0.062402,0.000922659,0.071958,,
59.004,ekf,map,0.564998,0.187611,-2.19114,0.0621728,0.0626191,-2.68987e-05,0.064291,,
59.004,ekf_predict_only,map,0.640744,0.100951,-2.16158,37.1338,51.1631,3.16168,,,
59.004,pf,map,0.495882,0.210729,-2.18572,0.0376076,0.0383512,0.00162014,4.512,563.721,1
59.04,odom,map,0.632349,0.137568,-2.19597,0,0,0,,,
59.076,odom,map,0.629266,0.133214,-2.17803,0,0,0,,,
59.112,odom,map,0.626139,0.128626,-2.1602,0,0,0,,,
59.148,odom,map,0.623055,0.123924,-2.14247,0,0,0,,,
59.184,odom,map,0.619933,0.118973,-2.12458,0,0,0,,,
59.22,odom,map,0.616756,0.11373,-2.1066,0,0,0,,,
59.184,ekf_predict_only,map,0.623385,0.0750686,-2.07156,37.623,50.9441,3.26894,,,
59.184,ekf,map,0.533106,0.159494,-2.10757,0.0668734,0.0669478,-3.18637e-05,0.061083,,
59.184,kf,map,0.534916,0.155088,-2.1033,0.0615581,0.0623549,0.000133521,0.129833,,
59.202,amcl,map,0.613749,0.128137,-2.11991,0.0347221,0.0279676,0.0149678,,,
59.184,pf,map,0.481264,0.189257,-2.08998,0.0370147,0.0385832,-0.00335382,5.24342,523.628,1
59.256,odom,map,0.613522,0.108171,-2.0889,0,0,0,,,
59.292,odom,map,0.610358,0.102504,-2.07128,0,0,0,,,
59.328,odom,map,0.607199,0.0966054,-2.05383,0,0,0,,,
59.364,odom,map,0.603997,0.0903675,-2.03658,0,0,0,,,
59.4,odom,map,0.600786,0.0838424,-2.01957,0,0,0,,,
59.4,ekf,map,0.508599,0.122349,-2.00569,0.068655,0.0686592,-1.68857e-05,0.154791,,
59.4,kf,map,0.509532,0.120618,-2.00407,0.0624376,0.0625497,1.87827e-05,0.062375,,
59.4,ekf_predict_only,map,0.602361,0.0366558,-1.96958,38.3319,50.668,3.44596,,,
59.4,pf,map,0.45169,0.169011,-1.98341,0.0440468,0.0430396,0.00161147,4.61971,529.332,1
59.436,odom,map,0.597676,0.0772403,-2.00257,0,0,0,,,
59.472,odom,map,0.594622,0.0704624,-1.98574,0,0,0,,,
59.508,odom,map,0.591628,0.0635068,-1.96904,0,0,0,,,
59.544,odom,map,0.588726,0.0564488,-1.95265,0,0,0,,,
59.58,odom,map,0.585941,0.0493472,-1.93638,0,0,0,,,
59.616,ekf,map,0.489935,0.0799227,-1.90789,0.0689669,0.0689469,-1.17023e-05,0.064709,,
59.616,kf,map,0.490151,0.079175,-1.90755,0.0625613,0.062577,2.63159e-06,0.057166,,
59.616,odom,map,0.583168,0.0419249,-1.92049,0,0,0,,,
59.616,ekf_predict_only,map,0.583746,-0.00752382,-1.87455,39.1782,50.4443,3.67287,,,
59.616,pf,map,0.444684,0.0966959,-1.88565,0.0453846,0.0443505,-0.000608298,4.53413,514.354,1
59.652,odom,map,0.580409,0.0341698,-1.90495,0,0,0,,,
59.688,odom,map,0.577689,0.0261384,-1.89018,0,0,0,,,
59.724,odom,map,0.57506,0.0180063,-1.87687,0,0,0,,,
59.76,odom,map,0.57248,0.00965165,-1.86421,0,0,0,,,
59.796,odom,map,0.569941,0.00107166,-1.853,0,0,0,,,
59.832,odom,map,0.567452,-0.00768289,-1.84291,0,0,0,,,
59.796,ekf_predict_only,map,0.570085,-0.0511054,-1.82634,40.063,50.3123,3.91989,,,
59.796,kf,map,0.476855,0.0381337,-1.84675,0.0623779,0.0623801,3.72459e-07,0.121042,,
59.802,amcl,map,0.557458,0.0228151,-1.87376,0.0321484,0.0241719,0.0107943,,,
59.796,ekf,map,0.477037,0.0385081,-1.84579,0.0676867,0.0676599,-1.09778e-05,0.074625,,
59.796,pf,map,0.431914,0.0763255,-1.8134,0.0379028,0.041648,-0.00303972,5.92488,524.332,1
59.868,odom,map,0.565039,-0.016493,-1.83326,0,0,0,,,
59.904,odom,map,0.562671,-0.0254703,-1.82433,0,0,0,,,
59.94,odom,map,0.56035,-0.0345811,-1.81635,0,0,0,,,
59.976,odom,map,0.558075,-0.0438098,-1.80889,0,0,0,,,
60.012,odom,map,0.555569,-0.0524243,-1.80178,0,0,0,,,
60.012,ekf_predict_only,map,0.555624,-0.10646,-1.78225,41.2297,50.1719,4.24062,,,
60.012,ekf,map,0.463722,-0.0154938,-1.79209,0.0686882,0.0686441,-1.62657e-05,0.089042,,
60.012,kf,map,0.463356,-0.0156956,-1.79331,0.0625529,0.0625532,5.22289e-08,0.062625,,
60.012,pf,map,0.423897,0.0193039,-1.75963,0.0422653,0.0405576,0.00169768,4.71442,522.635,1
60.048,odom,map,0.552418,-0.0597359,-1.79582,0,0,0,,,
60.084,odom,map,0.549289,-0.0671515,-1.79075,0,0,0,,,
60.12,odom,map,0.546193,-0.0745902,-1.78619,0,0,0,,,
60.156,odom,map,0.543129,-0.082045,-1.78193,0,0,0,,,
60.192,odom,map,0.540113,-0.0894259,-1.77801,0,0,0,,,
60.228,odom,map,0.537849,-0.0983663,-1.77416,0,0,0,,,
60.192,kf,map,0.453955,-0.0630735,-1.76529,0.0623767,0.0623768,7.39305e-09,0.060875,,
60.192,ekf,map,0.454282,-0.0630149,-1.76416,0.0676622,0.0676154,-1.57032e-05,0.055084,,
60.192,ekf_predict_only,map,0.545384,-0.154161,-1.76287,42.3118,50.1049,4.52412,,,
60.192,pf,map,0.413812,-0.0292416,-1.75184,0.0435983,0.0427939,0.00103583,12.2944,507.351,1
60.264,odom,map,0.535919,-0.107812,-1.77047,0,0,0,,,
60.3,odom,map,0.534028,-0.117238,-1.76723,0,0,0,,,
60.336,odom,map,0.532165,-0.126675,-1.76418,0,0,0,,,
60.372,odom,map,0.530345,-0.136039,-1.76143,0,0,0,,,
60.408,odom,map,0.528553,-0.145387,-1.75915,0,0,0,,,
60.408,ekf_predict_only,map,0.534485,-0.210207,-1.75036,43.6403,50.0302,4.85401,,,
60.408,kf,map,0.443923,-0.119477,-1.74541,0.0625528,0.0625528,1.03672e-09,0.0605,,
60.408,ekf,map,0.444214,-0.119515,-1.74434,0.0687375,0.068672,-1.94043e-05,0.060333,,
60.408,pf,map,0.382471,-0.0851714,-1.73221,0.0384797,0.0393957,0.00161688,4.60396,512.061,1
60.444,odom,map,0.526805,-0.154602,-1.75742,0,0,0,,,
60.48,odom,map,0.525097,-0.163683,-1.75621,0,0,0,,,
60.516,odom,map,0.523406,-0.17272,-1.75523,0,0,0,,,
60.552,odom,map,0.521731,-0.181717,-1.75457,0,0,0,,,
60.588,odom,map,0.520078,-0.190623,-1.75427,0,0,0,,,
60.588,ekf_predict_only,map,0.526433,-0.254567,-1.74958,44.7701,50.003,5.11077,,,
60.624,odom,map,0.517239,-0.198103,-1.75619,0,0,0,,,
60.588,ekf,map,0.43677,-0.16472,-1.73853,0.0677073,0.0676466,-1.61829e-05,0.061667,,
60.588,kf,map,0.436577,-0.164633,-1.73932,0.0623767,0.0623767,1.4675e-10,0.062209,,
60.588,pf,map,0.36372,-0.132357,-1.72176,0.036461,0.0379137,-0.000555188,9.2245,527.499,1
60.66,odom,map,0.51367,-0.204738,-1.75952,0,0,0,,,
60.696,odom,map,0.510046,-0.211199,-1.76321,0,0,0,,,
60.732,odom,map,0.506371,-0.21748,-1.76704,0,0,0,,,
60.768,odom,map,0.502691,-0.223355,-1.77047,0,0,0,,,
60.804,odom,map,0.499307,-0.2281,-1.77354,0,0,0,,,
60.804,ekf_predict_only,map,0.526433,-0.254567,-1.74958,44.8701,50.103,5.11077,,,
60.804,ekf,map,0.431115,-0.199224,-1.73766,0.0687614,0.0687013,-1.51743e-05,0.060833,,
60.804,kf,map,0.431544,-0.196104,-1.73803,0.0625527,0.0625527,2.05786e-11,0.05875,,
60.801,amcl,map,0.502359,-0.235706,-1.76683,0.0366972,0.0295248,0.00592412,,,
60.804,pf,map,0.361364,-0.188597,-1.73079,0.0350677,0.0405339,-0.00195178,4.549,533.947,1
60.84,odom,map,0.49817,-0.233632,-1.77354,0,0,0,,,
60.876,odom,map,0.497293,-0.237896,-1.77354,0,0,0,,,
60.912,odom,map,0.496678,-0.24089,-1.77354,0,0,0,,,
60.948,odom,map,0.496324,-0.242614,-1.77354,0,0,0,,,
60.984,odom,map,0.496227,-0.243081,-1.77354,0,0,0,,,
61.02,odom,map,0.496227,-0.243081,-1.77354,0,0,0,,,
60.984,kf,map,0.428083,-0.217264,-1.73755,0.0623767,0.0623767,2.91293e-12,0.060167,,
60.984,ekf_predict_only,map,0.526433,-0.254567,-1.74958,44.9701,50.203,5.11077,,,
60.984,ekf,map,0.427652,-0.220066,-1.73739,0.0677038,0.0676646,-9.71577e-06,0.136083,,
60.984,pf,map,0.36527,-0.215549,-1.72765,0.0381252,0.0378024,0.00115597,7.31487,528.031,1
61.056,odom,map,0.496227,-0.243081,-1.77354,0,0,0,,,
61.092,odom,map,0.496227,-0.243081,-1.77354,0,0,0,,,
61.128,odom,map,0.496227,-0.243081,-1.77354,0,0,0,,,
61.164,odom,map,0.496227,-0.243081,-1.77354,0,0,0,,,
61.2,odom,map,0.496227,-0.243081,-1.77354,0,0,0,,,
61.2,ekf_predict_only,map,0.526433,-0.254567,-1.74958,45.0701,50.303,5.11077,,,
61.2,ekf,map,0.426515,-0.226911,-1.7373,0.0687467,0.0687152,-7.73133e-06,0.166625,,
61.2,kf,map,0.426778,-0.225248,-1.73737,0.0625527,0.0625527,4.0848e-13,0.058625,,
61.2,pf,map,0.350102,-0.210561,-1.73355,0.0409105,0.0404498,0.00320203,4.45054,527.88,1
61.236,odom,map,0.496227,-0.243081,-1.77354,0,0,0,,,
61.272,odom,map,0.496227,-0.243081,-1.77354,0,0,0,,,
61.308,odom,map,0.496177,-0.243328,-1.77403,0,0,0,,,
61.344,odom,map,0.49592,-0.24457,-1.7759,0,0,0,,,
61.38,odom,map,0.495558,-0.246297,-1.77863,0,0,0,,,
61.416,ekf,map,0.424741,-0.237466,-1.75021,0.0689824,0.0689601,-5.40772e-06,0.059666,,
61.416,odom,map,0.495098,-0.24846,-1.78207,0,0,0,,,
61.416,ekf_predict_only,map,0.52372,-0.269577,-1.7723,45.5301,50.3606,5.1957,,,
61.416,kf,map,0.424758,-0.237257,-1.75114,0.0625774,0.0625774,5.72055e-14,0.057791,,
61.416,pf,map,0.37351,-0.220926,-1.74973,0.0430192,0.0399925,0.000479726,8.24608,524.951,1
61.452,odom,map,0.494492,-0.251254,-1.78646,0,0,0,,,
61.488,odom,map,0.493683,-0.254894,-1.79254,0,0,0,,,
61.524,odom,map,0.492821,-0.258664,-1.79903,0,0,0,,,
61.56,odom,map,0.491822,-0.262893,-1.80639,0,0,0,,,
61.596,odom,map,0.490643,-0.267715,-1.81487,0,0,0,,,
61.632,odom,map,0.4898,-0.274404,-1.82319,0,0,0,,,
61.596,ekf,map,0.42079,-0.258499,-1.78492,0.0676885,0.0676727,-3.65931e-06,0.137458,,
61.596,ekf_predict_only,map,0.517893,-0.298102,-1.82025,46.3307,50.37,5.34577,,,
61.596,kf,map,0.420642,-0.259005,-1.7863,0.0623802,0.0623802,8.09601e-15,0.059833,,
61.596,pf,map,0.374635,-0.235599,-1.76977,0.0412328,0.0374753,-0.000296049,8.57883,528.569,1
61.668,odom,map,0.488838,-0.281787,-1.83194,0,0,0,,,
61.704,odom,map,0.487746,-0.289457,-1.84096,0,0,0,,,
61.74,odom,map,0.486565,-0.297243,-1.85023,0,0,0,,,
61.776,odom,map,0.485135,-0.305672,-1.86057,0,0,0,,,
61.812,odom,map,0.483379,-0.313861,-1.87167,0,0,0,,,
61.812,kf,map,0.411551,-0.297038,-1.84856,0.0625532,0.0625532,1.13527e-15,0.166292,,
61.812,ekf,map,0.411756,-0.296249,-1.84708,0.0686798,0.0686571,-5.00884e-06,0.105334,,
61.812,ekf_predict_only,map,0.506601,-0.342428,-1.89329,47.5618,50.2971,5.54105,,,
61.812,pf,map,0.371914,-0.269699,-1.83805,0.0418232,0.0393395,0.000562674,6.55829,526.71,1
61.848,odom,map,0.481075,-0.321129,-1.88384,0,0,0,,,
61.884,odom,map,0.478611,-0.32858,-1.8965,0,0,0,,,
61.92,odom,map,0.476006,-0.336129,-1.90967,0,0,0,,,
61.956,odom,map,0.473262,-0.343748,-1.92331,0,0,0,,,
61.992,odom,map,0.470411,-0.351336,-1.93702,0,0,0,,,
62.028,odom,map,0.467452,-0.358897,-1.95083,0,0,0,,,
61.992,ekf_predict_only,map,0.493706,-0.381016,-1.96305,48.689,50.2038,5.6587,,,
61.992,ekf,map,0.400332,-0.332364,-1.9105,0.0676491,0.0676237,-6.06745e-06,0.066875,,
61.992,kf,map,0.400218,-0.332879,-1.91154,0.0623768,0.0623768,1.60698e-16,0.128667,,
61.992,pf,map,0.36007,-0.298452,-1.89706,0.0363224,0.037162,-0.00163544,4.73004,529.959,1
62.064,odom,map,0.464322,-0.366573,-1.96514,0,0,0,,,
62.1,odom,map,0.46102,-0.374345,-1.98004,0,0,0,,,
62.136,odom,map,0.457594,-0.382085,-1.99506,0,0,0,,,
62.172,odom,map,0.454079,-0.389711,-2.01031,0,0,0,,,
62.208,odom,map,0.450499,-0.397175,-2.02583,0,0,0,,,
62.202,amcl,map,0.450704,-0.396178,-2.00928,0.0412643,0.0333051,0.00511954,,,
62.208,ekf_predict_only,map,0.474739,-0.426864,-2.05621,50.0608,50.0275,5.72959,,,
62.208,ekf,map,0.421214,-0.332733,-1.97374,0.0297107,0.0392827,-0.00282403,0.11225,,
62.208,kf,map,0.427969,-0.366008,-1.957,0.0300978,0.0602432,-0.0086578,0.12425,,
62.208,pf,map,0.435932,-0.327163,-1.96807,0.0193935,0.0292384,-0.00464738,8.847,479.073,1
62.244,odom,map,0.446835,-0.404519,-2.04146,0,0,0,,,
62.28,odom,map,0.443065,-0.411786,-2.05713,0,0,0,,,
62.316,odom,map,0.439172,-0.41901,-2.07293,0,0,0,,,
62.352,odom,map,0.435211,-0.426091,-2.08894,0,0,0,,,
62.388,odom,map,0.4312,-0.432995,-2.10522,0,0,0,,,
62.388,ekf_predict_only,map,0.456154,-0.462095,-2.13783,51.1762,49.866,5.70957,,,
62.388,ekf,map,0.439167,-0.377055,-2.06541,0.0283795,0.0386773,-0.00317477,0.098417,,
62.388,kf,map,0.441987,-0.392231,-2.05531,0.0293028,0.0596451,-0.00950046,0.171583,,
62.424,odom,map,0.427087,-0.439817,-2.12154,0,0,0,,,
62.388,pf,map,0.420038,-0.366013,-2.07008,0.019894,0.0264883,-0.00114963,7.32362,514.729,1
62.46,odom,map,0.422844,-0.446601,-2.13785,0,0,0,,,
62.496,odom,map,0.418515,-0.453278,-2.15419,0,0,0,,,
62.532,odom,map,0.41406,-0.459909,-2.17044,0,0,0,,,
62.568,odom,map,0.409474,-0.466503,-2.18656,0,0,0,,,
62.604,odom,map,0.404827,-0.472961,-2.20268,0,0,0,,,
62.604,kf,map,0.414273,-0.432682,-2.15092,0.0297435,0.0593882,-0.0101834,0.1285,,
62.604,ekf_predict_only,map,0.430593,-0.502235,-2.2345,52.4737,49.6216,5.59876,,,
62.604,ekf,map,0.40928,-0.416374,-2.16065,0.0288666,0.0395684,-0.0036792,0.106458,,
62.604,pf,map,0.401622,-0.420824,-2.15506,0.0164164,0.0211785,-0.000908065,6.35612,522.739,1
62.64,odom,map,0.400091,-0.479322,-2.21875,0,0,0,,,
62.676,odom,map,0.395305,-0.485541,-2.23474,0,0,0,,,
62.712,odom,map,0.390572,-0.491492,-2.25069,0,0,0,,,
62.748,odom,map,0.385767,-0.49734,-2.26666,0,0,0,,,
62.784,odom,map,0.380893,-0.503082,-2.28242,0,0,0,,,
62.82,odom,map,0.376083,-0.508574,-2.29788,0,0,0,,,
62.784,ekf_predict_only,map,0.40839,-0.530626,-2.31169,53.4468,49.4366,5.43953,,,
62.784,kf,map,0.386067,-0.463349,-2.24479,0.0299753,0.0589229,-0.0105754,0.102583,,
62.784,ekf,map,0.384322,-0.458875,-2.2486,0.0287248,0.0395246,-0.00392448,0.095417,,
62.802,amcl,map,0.364566,-0.500339,-2.28837,0.0444413,0.0326264,0.00662464,,,
62.784,pf,map,0.370004,-0.440795,-2.24957,0.0218685,0.022098,-0.00170235,5.94358,475.612,1
62.856,odom,map,0.371292,-0.513876,-2.3133,0,0,0,,,
62.892,odom,map,0.366434,-0.519089,-2.32871,0,0,0,,,
62.928,odom,map,0.361596,-0.524123,-2.34387,0,0,0,,,
62.964,odom,map,0.35687,-0.528896,-2.35859,0,0,0,,,
63,odom,map,0.352169,-0.533507,-2.37324,0,0,0,,,
63,ekf_predict_only,map,0.381872,-0.559616,-2.39954,54.4607,49.2138,5.19801,,,
63,kf,map,0.365024,-0.490993,-2.33175,0.0303273,0.058804,-0.0109888,0.371584,,
63,ekf,map,0.362483,-0.483125,-2.33621,0.0292474,0.0407113,-0.00444709,0.0985,,
63,pf,map,0.354174,-0.500894,-2.33089,0.0144629,0.0212784,-0.00283809,5.95629,534.398,1
63.036,odom,map,0.347739,-0.538317,-2.38545,0,0,0,,,
63.072,odom,map,0.34332,-0.543033,-2.39731,0,0,0,,,
63.108,odom,map,0.338965,-0.547596,-2.4088,0,0,0,,,
63.144,odom,map,0.334729,-0.551966,-2.41999,0,0,0,,,
63.18,odom,map,0.330462,-0.55628,-2.43115,0,0,0,,,
63.216,ekf,map,0.347496,-0.505784,-2.42067,0.0294252,0.0413296,-0.00477793,0.119542,,
63.216,odom,map,0.326109,-0.560351,-2.44297,0,0,0,,,
63.216,ekf_predict_only,map,0.355789,-0.583531,-2.47845,55.3318,49.0148,4.91458,,,
63.216,kf,map,0.349136,-0.511798,-2.417,0.0305485,0.0586103,-0.0112708,0.092166,,
63.216,pf,map,0.337698,-0.488369,-2.433,0.0142284,0.0252741,0.000544744,7.64308,505.026,1
63.252,odom,map,0.321818,-0.563909,-2.45547,0,0,0,,,
63.288,odom,map,0.318453,-0.566637,-2.46549,0,0,0,,,
63.324,odom,map,0.316078,-0.568528,-2.47292,0,0,0,,,
63.36,odom,map,0.314711,-0.569603,-2.47776,0,0,0,,,
63.396,odom,map,0.314348,-0.569886,-2.48,0,0,0,,,
63.402,amcl,map,0.296131,-0.563206,-2.50184,0.0460543,0.028446,0.00440739,,,
63.396,kf,map,0.33728,-0.518731,-2.4603,0.0305249,0.0583783,-0.0112905,0.096625,,
63.432,odom,map,0.314348,-0.569886,-2.48017,0,0,0,,,
63.396,ekf,map,0.339593,-0.526504,-2.45804,0.0290595,0.0406062,-0.00462675,0.099916,,
63.396,ekf_predict_only,map,0.355789,-0.583531,-2.47845,55.4318,49.1148,4.91458,,,
63.396,pf,map,0.332285,-0.486273,-2.47772,0.0181607,0.0249495,-0.00440942,11.3744,506.1,1
63.468,odom,map,0.314348,-0.569886,-2.48017,0,0,0,,,
63.504,odom,map,0.314348,-0.569886,-2.48017,0,0,0,,,
63.54,odom,map,0.314348,-0.569886,-2.48017,0,0,0,,,
63.576,odom,map,0.314348,-0.569886,-2.48017,0,0,0,,,
63.612,odom,map,0.31349,-0.569474,-2.48084,0,0,0,,,
63.612,ekf,map,0.325468,-0.527896,-2.46348,0.029418,0.0411837,-0.00480497,0.236584,,
63.612,ekf_predict_only,map,0.355789,-0.583531,-2.47845,55.5318,49.2148,4.91458,,,
63.612,kf,map,0.324817,-0.524149,-2.46526,0.0306109,0.0585221,-0.0113474,0.64975,,
63.612,pf,map,0.351172,-0.51203,-2.46789,0.0197324,0.0260491,-5.60809e-05,6.66767,484.915,1
63.648,odom,map,0.310676,-0.568125,-2.48302,0,0,0,,,
63.684,odom,map,0.307851,-0.566775,-2.4852,0,0,0,,,
63.72,odom,map,0.305015,-0.565425,-2.48738,0,0,0,,,
63.756,odom,map,0.302168,-0.564074,-2.48957,0,0,0,,,
63.792,odom,map,0.299311,-0.562722,-2.49175,0,0,0,,,
63.828,odom,map,0.298516,-0.562347,-2.49235,0,0,0,,,
63.792,ekf_predict_only,map,0.355789,-0.583531,-2.47845,55.6318,49.3148,4.91458,,,
63.792,ekf,map,0.328948,-0.524959,-2.46472,0.0291187,0.0406818,-0.00472116,0.097375,,
63.792,kf,map,0.328331,-0.523256,-2.46571,0.0305465,0.0583534,-0.0113166,0.116958,,
63.792,pf,map,0.315176,-0.501539,-2.48769,0.0168205,0.02929,-0.00560009,5.76067,533.625,1
63.864,odom,map,0.298516,-0.562347,-2.49235,0,0,0,,,
63.9,odom,map,0.298516,-0.562347,-2.49235,0,0,0,,,
63.936,odom,map,0.298516,-0.562347,-2.49235,0,0,0,,,
63.972,odom,map,0.298516,-0.562347,-2.49235,0,0,0,,,
64.008,ekf_predict_only,map,0.355789,-0.583531,-2.47845,55.7318,49.4148,4.91458,,,
64.008,kf,map,0.326634,-0.52399,-2.46571,0.0306186,0.0585139,-0.0113568,0.107042,,
64.008,odom,map,0.298516,-0.562347,-2.49235,0,0,0,,,
64.008,ekf,map,0.326943,-0.525088,-2.46509,0.0294288,0.0412529,-0.00482102,0.093917,,
64.008,pf,map,0.314005,-0.517099,-2.47167,0.0178888,0.0225933,-0.00215582,5.91696,555.084,1
64.044,odom,map,0.298516,-0.562347,-2.49235,0,0,0,,,
64.08,odom,map,0.298516,-0.562347,-2.49235,0,0,0,,,
64.116,odom,map,0.298516,-0.562347,-2.49235,0,0,0,,,
64.152,odom,map,0.298516,-0.562347,-2.49235,0,0,0,,,
64.188,odom,map,0.298193,-0.562592,-2.4926,0,0,0,,,
64.188,ekf,map,0.31947,-0.527417,-2.46571,0.0291407,0.0407645,-0.00475933,0.172458,,
64.188,kf,map,0.319591,-0.527792,-2.46567,0.030565,0.0583348,-0.0113393,0.098125,,
64.224,odom,map,0.29686,-0.5635,-2.49432,0,0,0,,,
64.188,ekf_predict_only,map,0.34857,-0.589171,-2.48242,56.0159,49.4353,4.82778,,,
64.188,pf,map,0.30032,-0.509201,-2.47377,0.0204796,0.0266851,-0.00155529,6.69017,524.996,1
64.26,odom,map,0.294742,-0.564931,-2.49683,0,0,0,,,
64.296,odom,map,0.292251,-0.566625,-2.49967,0,0,0,,,
64.332,odom,map,0.289737,-0.568316,-2.50255,0,0,0,,,
64.368,odom,map,0.286969,-0.570173,-2.50584,0,0,0,,,
64.404,odom,map,0.283987,-0.572175,-2.50958,0,0,0,,,
64.404,ekf,map,0.324847,-0.533888,-2.4772,0.0295245,0.0416348,-0.00501665,0.105958,,
64.404,kf,map,0.323006,-0.531352,-2.47864,0.0306971,0.0584353,-0.0114525,0.10575,,
64.404,ekf_predict_only,map,0.333236,-0.60105,-2.49632,56.5067,49.3713,4.63917,,,
64.404,pf,map,0.32588,-0.525829,-2.47659,0.0179389,0.025185,-0.00631075,6.63225,503.945,1
64.44,odom,map,0.281298,-0.574139,-2.51209,0,0,0,,,
64.476,odom,map,0.278512,-0.576163,-2.51483,0,0,0,,,
64.512,odom,map,0.27568,-0.578207,-2.51795,0,0,0,,,
64.548,odom,map,0.272805,-0.580267,-2.52188,0,0,0,,,
64.584,odom,map,0.269869,-0.582353,-2.5262,0,0,0,,,
64.62,odom,map,0.267072,-0.58432,-2.53119,0,0,0,,,
64.584,kf,map,0.307657,-0.541449,-2.48888,0.0306888,0.058211,-0.0114892,0.108292,,
64.584,ekf_predict_only,map,0.321449,-0.609924,-2.52472,56.9011,49.3496,4.48942,,,
64.584,ekf,map,0.306269,-0.537588,-2.49014,0.0292645,0.0411374,-0.00499455,0.106667,,
64.584,pf,map,0.318367,-0.531317,-2.48008,0.0177087,0.0247745,-0.00194011,8.265,588.033,1
64.656,odom,map,0.26465,-0.586005,-2.53687,0,0,0,,,
64.692,odom,map,0.262373,-0.587568,-2.5431,0,0,0,,,
64.728,odom,map,0.260307,-0.588967,-2.55028,0,0,0,,,
64.764,odom,map,0.258328,-0.590285,-2.55795,0,0,0,,,
64.8,odom,map,0.256408,-0.591542,-2.56619,0,0,0,,,
64.8,ekf_predict_only,map,0.30985,-0.61815,-2.58235,57.2759,49.3337,4.33674,,,
64.8,ekf,map,0.288779,-0.552744,-2.53571,0.0296346,0.0420041,-0.00523245,0.099458,,
64.8,kf,map,0.289108,-0.552697,-2.53598,0.0308205,0.0583119,-0.0116004,0.0915,,
64.8,pf,map,0.291793,-0.53658,-2.53267,0.0169787,0.0205389,-0.00389603,7.16954,512.494,1
64.836,odom,map,0.254426,-0.592815,-2.57539,0,0,0,,,
64.872,odom,map,0.252404,-0.594086,-2.58546,0,0,0,,,
64.908,odom,map,0.250213,-0.595431,-2.59627,0,0,0,,,
64.944,odom,map,0.24794,-0.596793,-2.60736,0,0,0,,,
64.98,odom,map,0.245655,-0.598128,-2.61879,0,0,0,,,
65.016,odom,map,0.243258,-0.59949,-2.6312,0,0,0,,,
65.016,ekf_predict_only,map,0.295613,-0.62706,-2.65938,57.6758,49.2965,4.14009,,,
65.016,ekf,map,0.265156,-0.557028,-2.59319,0.0297438,0.042415,-0.00542301,0.105417,,
65.016,kf,map,0.268219,-0.564241,-2.59037,0.0308784,0.058281,-0.01167,0.180375,,
65.016,pf,map,0.267268,-0.535802,-2.60277,0.0170444,0.0210501,-0.00475771,8.22892,498.344,1
65.052,odom,map,0.240763,-0.600865,-2.64447,0,0,0,,,
65.088,odom,map,0.238235,-0.602215,-2.65795,0,0,0,,,
65.124,odom,map,0.235582,-0.603585,-2.67167,0,0,0,,,
65.16,odom,map,0.232839,-0.604953,-2.68588,0,0,0,,,
65.196,odom,map,0.229978,-0.606329,-2.70071,0,0,0,,,
65.232,odom,map,0.226901,-0.607752,-2.71597,0,0,0,,,
65.196,kf,map,0.257473,-0.570819,-2.66998,0.0308391,0.0580642,-0.0116674,0.128875,,
65.196,ekf_predict_only,map,0.28044,-0.635002,-2.7358,58.045,49.2566,3.91957,,,
65.196,ekf,map,0.258294,-0.572808,-2.6693,0.0294134,0.0419869,-0.00537108,0.173416,,
65.202,amcl,map,0.251255,-0.602096,-2.67414,0.0457405,0.0267354,0.00478314,,,
65.196,pf,map,0.258378,-0.550329,-2.67837,0.0176532,0.0274431,-0.00279619,7.82212,559.549,1
65.268,odom,map,0.223771,-0.609143,-2.73126,0,0,0,,,
65.304,odom,map,0.220591,-0.610497,-2.74672,0,0,0,,,
65.34,odom,map,0.217086,-0.611924,-2.76273,0,0,0,,,
65.376,odom,map,0.213261,-0.613411,-2.77894,0,0,0,,,
65.412,odom,map,0.209361,-0.614855,-2.79516,0,0,0,,,
65.412,ekf_predict_only,map,0.257515,-0.644852,-2.83314,58.4813,49.1576,3.57096,,,
65.412,ekf,map,0.237748,-0.579106,-2.75938,0.0298089,0.0429025,-0.00565818,0.099125,,
65.412,kf,map,0.237893,-0.579925,-2.75931,0.0309352,0.0581978,-0.011735,0.109375,,
65.412,pf,map,0.228315,-0.55648,-2.76365,0.0196292,0.0240959,-0.00135144,6.07971,529.673,1
65.448,odom,map,0.205173,-0.616327,-2.81163,0,0,0,,,
65.484,odom,map,0.200675,-0.617825,-2.82821,0,0,0,,,
65.52,odom,map,0.19593,-0.619319,-2.84488,0,0,0,,,
65.556,odom,map,0.191147,-0.620738,-2.86155,0,0,0,,,
65.592,odom,map,0.186115,-0.622139,-2.8782,0,0,0,,,
65.628,odom,map,0.180742,-0.62354,-2.89487,0,0,0,,,
65.592,kf,map,0.171535,-0.604166,-2.84169,0.0572007,0.0616638,-0.0019211,0.0605,,
65.592,ekf_predict_only,map,0.230486,-0.653463,-2.91659,58.8775,49.042,3.14037,,,
65.592,ekf,map,0.168512,-0.60511,-2.84162,0.0611135,0.0631008,-0.000865858,0.065,,
65.592,pf,map,0.119959,-0.58087,-2.83433,0.0336276,0.0363443,0.00173355,4.80013,565.624,1
65.664,odom,map,0.175229,-0.624879,-2.91156,0,0,0,,,
65.7,odom,map,0.169425,-0.626187,-2.92829,0,0,0,,,
65.736,odom,map,0.163386,-0.627442,-2.94489,0,0,0,,,
65.772,odom,map,0.157042,-0.628651,-2.96132,0,0,0,,,
65.808,odom,map,0.150567,-0.629777,-2.97772,0,0,0,,,
65.808,ekf,map,0.113671,-0.621539,-2.94022,0.0678437,0.0681486,-0.0001328,0.058417,,
65.808,kf,map,0.116367,-0.62074,-2.94021,0.0618105,0.0624505,-0.00027547,0.057042,,
65.808,ekf_predict_only,map,0.19205,-0.662261,-3.01496,59.2824,48.8712,2.50542,,,
65.802,amcl,map,0.167364,-0.62899,-2.95105,0.0459651,0.0239559,0.00197794,,,
65.808,pf,map,0.0694147,-0.612595,-2.92211,0.0369658,0.0421584,0.00173398,4.88475,533.125,1
65.844,odom,map,0.143985,-0.63081,-2.99393,0,0,0,,,
65.88,odom,map,0.13706,-0.631783,-3.00978,0,0,0,,,
65.916,odom,map,0.129821,-0.632684,-3.02546,0,0,0,,,
65.952,odom,map,0.122506,-0.63348,-3.0411,0,0,0,,,
65.988,odom,map,0.115056,-0.634172,-3.05666,0,0,0,,,
65.988,ekf_predict_only,map,0.153238,-0.667202,-3.09058,59.5546,48.7404,1.84388,,,
65.988,ekf,map,0.0718609,-0.629469,-3.01814,0.0675544,0.0676115,-2.26793e-05,0.0555,,
65.988,kf,map,0.0731545,-0.629175,-3.01795,0.0622713,0.0623622,-3.91175e-05,0.069417,,
66.024,odom,map,0.110055,-0.634668,-3.0686,0,0,0,,,
65.988,pf,map,0.0361984,-0.622416,-3.01037,0.0406763,0.0359109,0.00107158,8.29142,513.989,1
66.06,odom,map,0.106307,-0.635069,-3.07822,0,0,0,,,
66.096,odom,map,0.10245,-0.635435,-3.08766,0,0,0,,,
66.132,odom,map,0.0983996,-0.635769,-3.09689,0,0,0,,,
66.168,odom,map,0.094096,-0.636076,-3.10584,0,0,0,,,
66.204,odom,map,0.0893504,-0.636353,-3.11482,0,0,0,,,
66.204,ekf_predict_only,map,0.102375,-0.669799,3.10942,59.7454,48.6032,0.961001,,,
66.204,ekf,map,0.0217,-0.63402,-3.1049,0.0686827,0.0687161,-8.21117e-06,0.059084,,
66.204,kf,map,0.0221555,-0.634096,-3.1045,0.062538,0.0625507,-5.48789e-06,0.099792,,
66.204,pf,map,-0.0164661,-0.609585,-3.0986,0.0455764,0.0371931,-0.000288814,5.221,535.758,1
66.24,odom,map,0.080864,-0.636521,-3.12868,0,0,0,,,
66.276,odom,map,0.0722946,-0.636573,3.14098,0,0,0,,,
66.312,odom,map,0.0635995,-0.63651,3.12801,0,0,0,,,
66.348,odom,map,0.0546266,-0.636333,3.11575,0,0,0,,,
66.384,odom,map,0.0453697,-0.636038,3.10404,0,0,0,,,
66.42,odom,map,0.0360132,-0.635633,3.0925,0,0,0,,,
66.384,ekf,map,-0.0230733,-0.634061,3.11501,0.0676518,0.0676865,-5.25632e-06,0.061209,,
66.384,kf,map,-0.0230559,-0.634273,3.1156,0.0623746,0.0623764,-7.76867e-07,0.057125,,
66.384,ekf_predict_only,map,0.0555729,-0.668293,3.05173,59.7927,48.5505,0.140207,,,
66.402,amcl,map,0.0462289,-0.628494,3.09877,0.0492434,0.0232212,-0.00330023,,,
66.384,pf,map,-0.0693475,-0.620573,3.12595,0.0427857,0.0374775,-0.00218606,5.54796,520.661,1
66.456,odom,map,0.0263416,-0.635103,3.08172,0,0,0,,,
66.492,odom,map,0.0163895,-0.634456,3.07176,0,0,0,,,
66.528,odom,map,0.00635187,-0.633705,3.06213,0,0,0,,,
66.564,odom,map,-0.00372246,-0.632855,3.0528,0,0,0,,,
66.6,odom,map,-0.0139776,-0.631896,3.04395,0,0,0,,,
66.6,ekf_predict_only,map,-0.0075767,-0.662603,3.00507,59.6943,48.5444,-0.965466,,,
66.6,ekf,map,-0.0830382,-0.630407,3.05728,0.0687019,0.0687598,-4.67795e-06,0.061167,,
66.6,kf,map,-0.0833379,-0.630784,3.0585,0.0625525,0.0625527,-1.08941e-07,0.764542,,
66.6,pf,map,-0.123565,-0.640435,3.06952,0.0384547,0.0471317,0.000121371,5.26246,535.299,1
66.636,odom,map,-0.025655,-0.630927,3.03512,0,0,0,,,
66.672,odom,map,-0.0373712,-0.629859,3.02642,0,0,0,,,
66.708,odom,map,-0.049036,-0.628696,3.01821,0,0,0,,,
66.744,odom,map,-0.0606565,-0.627452,3.01207,0,0,0,,,
66.78,odom,map,-0.0722644,-0.626145,3.00757,0,0,0,,,
66.816,odom,map,-0.0833556,-0.624768,3.00406,0,0,0,,,
66.816,ekf_predict_only,map,-0.0695493,-0.654089,2.99133,59.4992,48.6523,-2.03894,,,
66.816,ekf,map,-0.144525,-0.623305,3.02561,0.0689498,0.0690237,-2.11343e-06,0.053791,,
66.816,kf,map,-0.144729,-0.623818,3.02773,0.0625774,0.0625774,-1.52566e-08,0.060084,,
66.816,pf,map,-0.198093,-0.612496,3.03051,0.0380378,0.0394637,7.68538e-05,4.64479,501.008,1
66.852,odom,map,-0.0938167,-0.623311,3.00275,0,0,0,,,
66.888,odom,map,-0.104307,-0.621845,3.00295,0,0,0,,,
66.924,odom,map,-0.114749,-0.620394,3.00438,0,0,0,,,
66.96,odom,map,-0.125189,-0.618962,3.00601,0,0,0,,,
66.996,odom,map,-0.135553,-0.617559,3.00859,0,0,0,,,
66.996,kf,map,-0.196581,-0.616859,3.03362,0.0623802,0.0623802,-2.15919e-09,0.076625,,
67.032,odom,map,-0.145935,-0.61619,3.01277,0,0,0,,,
66.996,ekf_predict_only,map,-0.121365,-0.646244,3.01638,59.3291,48.8444,-2.92381,,,
66.996,ekf,map,-0.196473,-0.616384,3.03131,0.0676665,0.0677371,9.40282e-07,0.059083,,
66.996,pf,map,-0.257469,-0.59609,3.03542,0.0407721,0.041172,-0.000757617,7.79662,531.613,1
67.068,odom,map,-0.156345,-0.61487,3.0183,0,0,0,,,
67.104,odom,map,-0.166712,-0.613617,3.02435,0,0,0,,,
67.14,odom,map,-0.177032,-0.612436,3.03101,0,0,0,,,
67.176,odom,map,-0.187274,-0.611335,3.03842,0,0,0,,,
67.212,ekf_predict_only,map,-0.182142,-0.638594,3.07281,59.1675,49.1519,-3.95,,,
67.212,kf,map,-0.258083,-0.610004,3.07168,0.0625532,0.0625532,-3.02775e-10,0.750834,,
67.212,odom,map,-0.196784,-0.609945,3.04751,0,0,0,,,
67.212,ekf,map,-0.258081,-0.609593,3.06917,0.0686523,0.068744,4.48199e-06,0.1135,,
67.212,pf,map,-0.307269,-0.611266,3.06542,0.0406316,0.0406702,-0.000452847,11.4205,499.118,1
67.248,odom,map,-0.204809,-0.607795,3.05818,0,0,0,,,
67.284,odom,map,-0.212892,-0.605764,3.06916,0,0,0,,,
67.32,odom,map,-0.221087,-0.603851,3.08054,0,0,0,,,
67.356,odom,map,-0.229279,-0.602069,3.09246,0,0,0,,,
67.392,odom,map,-0.237411,-0.60043,3.10554,0,0,0,,,
67.428,odom,map,-0.247181,-0.599793,3.11846,0,0,0,,,
67.401,amcl,map,-0.225781,-0.602458,3.10328,0.044557,0.0330258,-0.0086712,,,
67.392,ekf_predict_only,map,-0.233915,-0.635027,3.13596,59.1461,49.5138,-4.82203,,,
67.392,kf,map,-0.309963,-0.606755,3.1216,0.0623768,0.0623768,-4.28581e-11,0.063084,,
67.392,ekf,map,-0.309957,-0.606492,3.11968,0.0676203,0.0677033,5.31698e-06,0.0635,,
67.392,pf,map,-0.359708,-0.605772,3.13533,0.0401928,0.0458432,-0.000858421,5.70021,507.457,1
67.464,odom,map,-0.257457,-0.599622,3.1316,0,0,0,,,
67.5,odom,map,-0.267545,-0.599591,-3.13743,0,0,0,,,
67.536,odom,map,-0.277541,-0.599706,-3.12276,0,0,0,,,
67.572,odom,map,-0.287515,-0.599967,-3.10796,0,0,0,,,
67.608,odom,map,-0.297498,-0.600379,-3.09281,0,0,0,,,
67.608,ekf_predict_only,map,-0.291501,-0.634703,-3.05133,59.2351,49.9972,-5.79927,,,
67.608,ekf,map,-0.369713,-0.606835,-3.07955,0.0686748,0.0687751,6.43929e-06,0.067334,,
67.608,kf,map,-0.369526,-0.606936,-3.07778,0.0625528,0.0625528,-6.00997e-12,0.05925,,
67.608,pf,map,-0.420967,-0.591449,-3.06657,0.0371445,0.0457156,-0.000658534,5.09696,526.101,1
67.644,odom,map,-0.307191,-0.600927,-3.07703,0,0,0,,,
67.68,odom,map,-0.316708,-0.60162,-3.06059,0,0,0,,,
67.716,odom,map,-0.326192,-0.60247,-3.0439,0,0,0,,,
67.752,odom,map,-0.335471,-0.603458,-3.02686,0,0,0,,,
67.788,odom,map,-0.344435,-0.60457,-3.00927,0,0,0,,,
67.824,odom,map,-0.353046,-0.605794,-2.99133,0,0,0,,,
67.788,ekf,map,-0.415962,-0.611322,-2.9976,0.0676475,0.067731,4.15267e-06,0.06,,
67.788,kf,map,-0.415618,-0.611305,-2.99631,0.0623767,0.0623767,-8.50718e-13,0.0665,,
67.788,ekf_predict_only,map,-0.334187,-0.638567,-2.9613,59.4666,50.4444,-6.54129,,,
67.788,pf,map,-0.460807,-0.59786,-2.97073,0.0370942,0.0405616,-0.00218594,12.1644,529.644,1
67.86,odom,map,-0.361373,-0.607132,-2.97305,0,0,0,,,
67.896,odom,map,-0.369619,-0.608613,-2.95466,0,0,0,,,
67.932,odom,map,-0.377716,-0.610223,-2.93596,0,0,0,,,
67.968,odom,map,-0.385547,-0.611933,-2.91684,0,0,0,,,
68.004,odom,map,-0.393078,-0.613731,-2.89749,0,0,0,,,
68.004,ekf_predict_only,map,-0.379179,-0.646767,-2.84486,59.8471,50.9684,-7.34949,,,
68.004,ekf,map,-0.46464,-0.620554,-2.88701,0.0687016,0.0687921,1.82852e-06,0.058209,,
68.004,kf,map,-0.464197,-0.620369,-2.88601,0.0625527,0.0625527,-1.19296e-13,0.100542,,
68.001,amcl,map,-0.379692,-0.603804,-2.9296,0.0453937,0.0419247,-0.0136106,,,
68.004,pf,map,-0.39465,-0.587781,-2.90691,0.0175335,0.0356793,0.000185009,9.91725,501.824,1
68.04,odom,map,-0.400455,-0.615645,-2.87808,0,0,0,,,
68.076,odom,map,-0.407676,-0.617668,-2.85843,0,0,0,,,
68.112,odom,map,-0.41462,-0.619763,-2.83847,0,0,0,,,
68.148,odom,map,-0.421231,-0.621903,-2.81834,0,0,0,,,
68.184,odom,map,-0.427682,-0.624137,-2.79816,0,0,0,,,
68.22,odom,map,-0.432467,-0.62653,-2.77832,0,0,0,,,
68.184,ekf_predict_only,map,-0.40984,-0.656142,-2.74256,60.2702,51.3917,-7.92731,,,
68.184,kf,map,-0.438512,-0.614483,-2.79204,0.0301795,0.0599505,-0.00883828,0.107583,,
68.184,ekf,map,-0.435875,-0.616383,-2.79145,0.030479,0.0516933,-0.00629042,0.101,,
68.184,pf,map,-0.414282,-0.626841,-2.78258,0.0149912,0.0336471,-0.00331507,7.87221,581.557,1
68.256,odom,map,-0.435786,-0.629009,-2.75853,0,0,0,,,
68.292,odom,map,-0.438829,-0.631498,-2.7386,0,0,0,,,
68.328,odom,map,-0.4416,-0.63399,-2.71846,0,0,0,,,
68.364,odom,map,-0.444253,-0.636547,-2.69824,0,0,0,,,
68.4,odom,map,-0.44673,-0.639136,-2.67783,0,0,0,,,
68.4,kf,map,-0.45193,-0.622915,-2.66115,0.0291806,0.060002,-0.00922623,0.098875,,
68.4,ekf,map,-0.451181,-0.621676,-2.66136,0.0296473,0.052347,-0.0068038,0.155667,,
68.4,ekf_predict_only,map,-0.439326,-0.668575,-2.61341,60.8028,51.8289,-8.51134,,,
68.4,amcl,map,-0.447302,-0.64794,-2.67268,0.0427383,0.0360196,-0.0112803,,,
68.4,pf,map,-0.448555,-0.602285,-2.67767,0.0230411,0.0334879,-0.00706519,8.97175,581.502,1
68.436,odom,map,-0.451262,-0.641502,-2.65631,0,0,0,,,
68.472,odom,map,-0.455577,-0.643837,-2.63468,0,0,0,,,
68.508,odom,map,-0.459711,-0.646191,-2.613,0,0,0,,,
68.544,odom,map,-0.463642,-0.648544,-2.59132,0,0,0,,,
68.58,odom,map,-0.467238,-0.650804,-2.56959,0,0,0,,,
68.616,ekf_predict_only,map,-0.459791,-0.680516,-2.48369,61.3226,52.1782,-8.9438,,,
68.616,kf,map,-0.473875,-0.636298,-2.54071,0.0291936,0.0599679,-0.00933349,0.108083,,
68.616,odom,map,-0.470594,-0.653015,-2.54794,0,0,0,,,
68.616,ekf,map,-0.472482,-0.640878,-2.53944,0.0296886,0.0525964,-0.00694961,0.095375,,
68.616,pf,map,-0.488224,-0.635677,-2.54635,0.0162493,0.0232167,-0.00286777,13.6698,620.232,1
68.652,odom,map,-0.473843,-0.655259,-2.52632,0,0,0,,,
68.688,odom,map,-0.476908,-0.657475,-2.50461,0,0,0,,,
68.724,odom,map,-0.479739,-0.659616,-2.48292,0,0,0,,,
68.76,odom,map,-0.482243,-0.661597,-2.46142,0,0,0,,,
68.796,odom,map,-0.484657,-0.663594,-2.43995,0,0,0,,,
68.832,odom,map,-0.487142,-0.663288,-2.42255,0,0,0,,,
68.796,ekf_predict_only,map,-0.471049,-0.689216,-2.37716,61.7311,52.4206,-9.19846,,,
68.796,kf,map,-0.487163,-0.646753,-2.42149,0.029174,0.0597294,-0.00938189,0.100792,,
68.796,ekf,map,-0.488189,-0.643348,-2.4222,0.0293867,0.0516881,-0.00688036,0.100792,,
68.802,amcl,map,-0.476958,-0.67342,-2.42938,0.0375852,0.0267021,-0.00540033,,,
68.796,pf,map,-0.478058,-0.643066,-2.41538,0.0137766,0.0372516,-0.0015554,7.41692,591.552,1
68.868,odom,map,-0.489388,-0.662487,-2.40588,0,0,0,,,
68.904,odom,map,-0.49143,-0.661512,-2.38933,0,0,0,,,
68.94,odom,map,-0.493364,-0.660443,-2.37286,0,0,0,,,
68.976,odom,map,-0.495189,-0.65927,-2.35646,0,0,0,,,
69.012,odom,map,-0.496683,-0.658692,-2.33892,0,0,0,,,
69.012,kf,map,-0.502033,-0.657343,-2.3014,0.0292879,0.059845,-0.00949144,0.135833,,
69.012,ekf_predict_only,map,-0.477829,-0.695717,-2.25398,62.0632,52.6083,-9.36147,,,
69.012,ekf,map,-0.502343,-0.657638,-2.30144,0.0297195,0.05246,-0.00706009,0.125209,,
69.012,pf,map,-0.48798,-0.643997,-2.30077,0.0206292,0.0334334,-0.00809081,7.66917,588.051,1
69.048,odom,map,-0.497759,-0.659829,-2.31839,0,0,0,,,
69.084,odom,map,-0.498689,-0.660852,-2.29811,0,0,0,,,
69.12,odom,map,-0.499439,-0.661711,-2.2781,0,0,0,,,
69.156,odom,map,-0.500046,-0.662435,-2.25809,0,0,0,,,
69.192,odom,map,-0.500475,-0.662968,-2.2382,0,0,0,,,
69.192,ekf_predict_only,map,-0.47955,-0.697831,-2.15497,62.2389,52.7307,-9.40608,,,
69.192,ekf,map,-0.518015,-0.658608,-2.19254,0.0294368,0.0516974,-0.00696629,0.092625,,
69.192,kf,map,-0.515738,-0.664687,-2.19079,0.0292499,0.05965,-0.00950415,0.098375,,
69.228,odom,map,-0.500492,-0.666482,-2.21446,0,0,0,,,
69.201,amcl,map,-0.490107,-0.698795,-2.20488,0.0383179,0.0214661,-0.00441943,,,
69.192,pf,map,-0.522584,-0.656286,-2.19233,0.0196979,0.0410073,-0.00710449,9.88658,568.901,1
69.264,odom,map,-0.50036,-0.671118,-2.18945,0,0,0,,,
69.3,odom,map,-0.500196,-0.675664,-2.16497,0,0,0,,,
69.336,odom,map,-0.500015,-0.680132,-2.14065,0,0,0,,,
69.372,odom,map,-0.499805,-0.684495,-2.11636,0,0,0,,,
69.408,odom,map,-0.499656,-0.687864,-2.09356,0,0,0,,,
69.408,kf,map,-0.506112,-0.663465,-2.07542,0.0293286,0.0598039,-0.00955658,0.10625,,
69.408,ekf_predict_only,map,-0.479758,-0.698146,-2.04427,62.3502,52.8334,-9.41187,,,
69.408,ekf,map,-0.507761,-0.656497,-2.07766,0.0297516,0.0525082,-0.0071103,0.112,,
69.408,pf,map,-0.521679,-0.64322,-2.08964,0.0143116,0.0314122,-0.0017482,7.44658,615.438,1
69.444,odom,map,-0.499608,-0.687779,-2.07542,0,0,0,,,
69.48,odom,map,-0.499505,-0.687588,-2.05774,0,0,0,,,
69.516,odom,map,-0.499401,-0.687388,-2.04021,0,0,0,,,
69.552,odom,map,-0.499234,-0.687049,-2.02311,0,0,0,,,
69.588,odom,map,-0.499003,-0.686563,-2.00648,0,0,0,,,
69.624,odom,map,-0.497742,-0.686018,-1.98997,0,0,0,,,
69.588,ekf_predict_only,map,-0.478185,-0.695076,-1.96316,62.3402,52.9129,-9.36366,,,
69.588,kf,map,-0.525807,-0.667976,-1.98218,0.0292557,0.0596441,-0.00951352,0.11125,,
69.6,amcl,map,-0.503973,-0.690055,-2.02187,0.0279273,0.0237479,-0.00223769,,,
69.588,ekf,map,-0.529763,-0.656779,-1.98577,0.0294254,0.0517009,-0.00693849,0.178,,
69.588,pf,map,-0.532442,-0.646083,-1.99318,0.0149055,0.0342291,-0.00818466,7.99675,595.391,1
69.66,odom,map,-0.495925,-0.685481,-1.97342,0,0,0,,,
69.696,odom,map,-0.494091,-0.684872,-1.95734,0,0,0,,,
69.732,odom,map,-0.492226,-0.68415,-1.94188,0,0,0,,,
69.768,odom,map,-0.490359,-0.683384,-1.92674,0,0,0,,,
69.804,odom,map,-0.488588,-0.682603,-1.91169,0,0,0,,,
69.804,kf,map,-0.520948,-0.662943,-1.88733,0.0292954,0.0598371,-0.0095034,0.108625,,
69.804,ekf_predict_only,map,-0.475983,-0.689755,-1.8778,62.2503,52.9843,-9.28977,,,
69.804,ekf,map,-0.52464,-0.650017,-1.89154,0.0297142,0.0525421,-0.00704234,0.102542,,
69.804,pf,map,-0.529481,-0.621058,-1.89031,0.0157433,0.0304307,-0.0053325,8.96213,610.625,1
69.84,odom,map,-0.488278,-0.681706,-1.89726,0,0,0,,,
69.876,odom,map,-0.488077,-0.681103,-1.88368,0,0,0,,,
69.912,odom,map,-0.488077,-0.681103,-1.87259,0,0,0,,,
69.948,odom,map,-0.488077,-0.681103,-1.86408,0,0,0,,,
69.984,odom,map,-0.488077,-0.681103,-1.85817,0,0,0,,,
70.02,odom,map,-0.488075,-0.682278,-1.8552,0,0,0,,,
69.984,ekf_predict_only,map,-0.475983,-0.689755,-1.8778,62.3503,53.0843,-9.28977,,,
69.984,kf,map,-0.515363,-0.660873,-1.84018,0.0292245,0.0596753,-0.00946344,0.100667,,
69.984,ekf,map,-0.520602,-0.641721,-1.84557,0.0294097,0.0517707,-0.00691696,0.166459,,
69.984,pf,map,-0.508103,-0.647739,-1.83304,0.0169456,0.0430303,-0.00499126,10.256,591.608,1
70.056,odom,map,-0.488072,-0.684393,-1.85502,0,0,0,,,
70.092,odom,map,-0.488069,-0.686508,-1.85564,0,0,0,,,
70.128,odom,map,-0.488066,-0.688623,-1.85626,0,0,0,,,
70.164,odom,map,-0.488065,-0.690738,-1.85687,0,0,0,,,
70.2,odom,map,-0.488063,-0.692853,-1.85749,0,0,0,,,
70.2,ekf_predict_only,map,-0.475983,-0.689755,-1.8778,62.4503,53.1843,-9.28977,,,
70.2,ekf,map,-0.519106,-0.647956,-1.83815,0.0296998,0.0525521,-0.00701498,0.096375,,
70.2,kf,map,-0.515516,-0.66074,-1.83378,0.0292885,0.059844,-0.00949231,0.106542,,
70.2,pf,map,-0.517579,-0.657712,-1.83944,0.0155368,0.0278845,-0.00448853,6.57346,573.18,1
70.236,odom,map,-0.488063,-0.692912,-1.85751,0,0,0,,,
70.272,odom,map,-0.488063,-0.692912,-1.85751,0,0,0,,,
70.308,odom,map,-0.488063,-0.692912,-1.85751,0,0,0,,,
70.344,odom,map,-0.488063,-0.692912,-1.85751,0,0,0,,,
70.38,odom,map,-0.488063,-0.692912,-1.85751,0,0,0,,,
70.416,odom,map,-0.489004,-0.692307,-1.85887,0,0,0,,,
70.416,kf,map,-0.512312,-0.659761,-1.83301,0.0292919,0.0598676,-0.00949728,0.1715,,
70.416,ekf_predict_only,map,-0.475983,-0.689755,-1.8778,62.5503,53.2843,-9.28977,,,
70.416,ekf,map,-0.515044,-0.649568,-1.83665,0.0297411,0.0527195,-0.0070704,0.126792,,
70.416,pf,map,-0.525543,-0.648068,-1.83681,0.0170996,0.0299056,-0.0045335,5.73025,590.471,1
70.452,odom,map,-0.491436,-0.690748,-1.86236,0,0,0,,,
70.488,odom,map,-0.493884,-0.689188,-1.86586,0,0,0,,,
70.524,odom,map,-0.49635,-0.687625,-1.86935,0,0,0,,,
70.56,odom,map,-0.498834,-0.686059,-1.87284,0,0,0,,,
70.596,odom,map,-0.501334,-0.68449,-1.87634,0,0,0,,,
70.632,odom,map,-0.501613,-0.684316,-1.87673,0,0,0,,,
70.596,ekf_predict_only,map,-0.475983,-0.689755,-1.8778,62.6503,53.3843,-9.28977,,,
70.596,ekf,map,-0.522386,-0.652532,-1.83627,0.0293851,0.051764,-0.00689475,0.114625,,
70.596,kf,map,-0.519521,-0.661794,-1.83293,0.0292224,0.059681,-0.00946044,0.1,,
70.596,pf,map,-0.508845,-0.645775,-1.82841,0.0161784,0.0332041,-0.00479354,9.60275,552.885,1
70.668,odom,map,-0.501613,-0.684316,-1.87673,0,0,0,,,
70.704,odom,map,-0.501613,-0.684316,-1.87673,0,0,0,,,
70.74,odom,map,-0.501613,-0.684316,-1.87673,0,0,0,,,
70.776,odom,map,-0.501613,-0.684316,-1.87673,0,0,0,,,
70.812,odom,map,-0.501762,-0.684788,-1.87659,0,0,0,,,
70.812,ekf_predict_only,map,-0.478547,-0.697844,-1.87679,63.0394,53.5176,-9.3882,,,
70.812,kf,map,-0.52997,-0.667836,-1.83188,0.0293091,0.0598239,-0.00952546,0.203208,,
70.812,ekf,map,-0.533084,-0.658194,-1.83538,0.0297186,0.052523,-0.00707368,0.169792,,
70.812,pf,map,-0.543088,-0.623077,-1.84629,0.0182197,0.0310493,-0.00164222,7.20688,588.444,1
70.848,odom,map,-0.502179,-0.686108,-1.87642,0,0,0,,,
70.884,odom,map,-0.502753,-0.687929,-1.87642,0,0,0,,,
70.92,odom,map,-0.503636,-0.690726,-1.87638,0,0,0,,,
70.956,odom,map,-0.504841,-0.694547,-1.87583,0,0,0,,,
70.992,odom,map,-0.506263,-0.699078,-1.87397,0,0,0,,,
71.028,odom,map,-0.507783,-0.703958,-1.8716,0,0,0,,,
70.992,ekf_predict_only,map,-0.486246,-0.722212,-1.86497,64.0224,53.719,-9.68813,,,
70.992,ekf,map,-0.528131,-0.671148,-1.82957,0.0295071,0.0518229,-0.00710939,0.102333,,
70.992,kf,map,-0.52555,-0.681442,-1.82572,0.0293495,0.0595502,-0.00966152,0.088292,,
70.992,pf,map,-0.507718,-0.641292,-1.84426,0.0185815,0.0312313,-0.00653476,7.60313,598.641,1
71.064,odom,map,-0.509364,-0.709079,-1.86867,0,0,0,,,
71.1,odom,map,-0.511059,-0.714639,-1.86449,0,0,0,,,
71.136,odom,map,-0.512815,-0.720495,-1.85968,0,0,0,,,
71.172,odom,map,-0.514645,-0.726711,-1.85464,0,0,0,,,
71.208,odom,map,-0.516528,-0.733231,-1.8492,0,0,0,,,
71.208,ekf,map,-0.540601,-0.711981,-1.81211,0.030023,0.0525792,-0.00758167,0.170542,,
71.208,ekf_predict_only,map,-0.498419,-0.762394,-1.83107,65.6187,53.9831,-10.1856,,,
71.208,kf,map,-0.539373,-0.715993,-1.80989,0.0296424,0.0594894,-0.0100391,0.38175,,
71.208,pf,map,-0.542774,-0.699844,-1.82016,0.0191177,0.0416274,-0.00980376,5.79,626.389,1
71.244,odom,map,-0.518472,-0.74011,-1.84323,0,0,0,,,
71.28,odom,map,-0.520474,-0.747367,-1.8367,0,0,0,,,
71.316,odom,map,-0.522479,-0.754825,-1.83003,0,0,0,,,
71.352,odom,map,-0.524525,-0.762649,-1.82318,0,0,0,,,
71.388,odom,map,-0.526651,-0.771021,-1.81602,0,0,0,,,
71.424,odom,map,-0.528811,-0.779784,-1.80874,0,0,0,,,
71.388,ekf,map,-0.54265,-0.739154,-1.77119,0.0299499,0.0517955,-0.0078175,0.116625,,
71.388,kf,map,-0.53958,-0.750217,-1.76748,0.0298438,0.0590549,-0.0103932,0.091,,
71.388,ekf_predict_only,map,-0.510173,-0.806529,-1.7946,67.4203,54.2459,-10.7178,,,
71.4,amcl,map,-0.525635,-0.791027,-1.79619,0.0282539,0.0272849,-0.00721879,,,
71.388,pf,map,-0.537286,-0.749581,-1.7681,0.0173075,0.0354938,-0.00582111,7.91838,567.565,1
71.46,odom,map,-0.530997,-0.788949,-1.8012,0,0,0,,,
71.496,odom,map,-0.533185,-0.798442,-1.7935,0,0,0,,,
71.532,odom,map,-0.535367,-0.808258,-1.78568,0,0,0,,,
71.568,odom,map,-0.537542,-0.818415,-1.77783,0,0,0,,,
71.604,odom,map,-0.539703,-0.828909,-1.76992,0,0,0,,,
71.604,ekf_predict_only,map,-0.524571,-0.869781,-1.74672,70.0652,54.5512,-11.4585,,,
71.604,kf,map,-0.559649,-0.809866,-1.72649,0.0303357,0.0587944,-0.0109991,0.163459,,
71.604,ekf,map,-0.562611,-0.801751,-1.7297,0.0306289,0.0524761,-0.00849047,0.105917,,
71.604,pf,map,-0.573735,-0.797884,-1.72345,0.0200338,0.034314,-0.00438984,6.17767,603.377,1
71.64,odom,map,-0.541799,-0.839515,-1.76194,0,0,0,,,
71.676,odom,map,-0.543856,-0.850377,-1.75395,0,0,0,,,
71.712,odom,map,-0.545891,-0.861618,-1.74601,0,0,0,,,
71.748,odom,map,-0.54792,-0.873349,-1.73809,0,0,0,,,
71.784,odom,map,-0.549889,-0.885302,-1.73016,0,0,0,,,
71.82,odom,map,-0.551786,-0.897399,-1.7226,0,0,0,,,
71.784,ekf_predict_only,map,-0.535314,-0.930215,-1.70941,72.7141,54.8086,-12.1278,,,
71.784,ekf,map,-0.574877,-0.854606,-1.6873,0.0306712,0.0515977,-0.00882803,0.099959,,
71.784,kf,map,-0.570828,-0.865643,-1.68353,0.0307039,0.0581933,-0.011506,0.203416,,
71.784,pf,map,-0.591795,-0.852733,-1.69587,0.0180801,0.0321523,-0.00892543,9.71233,606.4,1
71.856,odom,map,-0.553613,-0.909639,-1.71528,0,0,0,,,
71.892,odom,map,-0.555358,-0.921948,-1.70803,0,0,0,,,
71.928,odom,map,-0.557025,-0.934346,-1.70109,0,0,0,,,
71.964,odom,map,-0.558647,-0.947039,-1.69471,0,0,0,,,
72,odom,map,-0.560205,-0.959873,-1.68858,0,0,0,,,
72,ekf,map,-0.577684,-0.928009,-1.65024,0.0315303,0.0521558,-0.00964733,0.1035,,
72,kf,map,-0.574657,-0.936518,-1.64719,0.0313724,0.0577561,-0.0122225,0.179667,,
72,ekf_predict_only,map,-0.546051,-1.00718,-1.67301,76.2267,55.0696,-12.9428,,,
72,pf,map,-0.560912,-0.928551,-1.65201,0.0223407,0.0336039,-0.00654946,10.5041,566.914,1
72.036,odom,map,-0.561688,-0.97274,-1.68251,0,0,0,,,
72.072,odom,map,-0.563098,-0.985652,-1.67665,0,0,0,,,
72.108,odom,map,-0.564441,-0.998642,-1.67114,0,0,0,,,
72.144,odom,map,-0.565716,-1.01164,-1.66594,0,0,0,,,
72.18,odom,map,-0.566923,-1.02464,-1.66083,0,0,0,,,
72.216,odom,map,-0.567597,-1.03884,-1.65456,0,0,0,,,
72.216,ekf_predict_only,map,-0.553979,-1.08448,-1.64303,79.9425,55.2908,-13.7191,,,
72.216,ekf,map,-0.595971,-1.01225,-1.62154,0.0321428,0.0520093,-0.0103314,0.090041,,
72.216,kf,map,-0.593363,-1.01709,-1.61959,0.0320335,0.0571215,-0.0129016,0.110667,,
72.201,amcl,map,-0.571748,-1.04287,-1.64562,0.0398428,0.0380938,-0.00885168,,,
72.216,pf,map,-0.58272,-1.0274,-1.60634,0.0160445,0.0353877,-0.00288672,6.39171,644.645,1
72.252,odom,map,-0.567426,-1.05491,-1.64658,0,0,0,,,
72.288,odom,map,-0.567122,-1.0709,-1.63897,0,0,0,,,
72.324,odom,map,-0.566694,-1.08689,-1.63149,0,0,0,,,
72.36,odom,map,-0.566137,-1.10272,-1.6243,0,0,0,,,
72.396,odom,map,-0.565456,-1.11834,-1.61758,0,0,0,,,
72.396,ekf_predict_only,map,-0.558352,-1.1449,-1.62757,83.0008,55.4585,-14.2939,,,
72.396,ekf,map,-0.594751,-1.07155,-1.6012,0.0321991,0.0508434,-0.0105598,0.105667,,
72.396,kf,map,-0.592718,-1.0762,-1.59966,0.0325098,0.0563903,-0.0133708,0.091042,,
72.432,odom,map,-0.565855,-1.13084,-1.6141,0,0,0,,,
72.396,pf,map,-0.591101,-1.06966,-1.59956,0.0205519,0.0362194,-0.00961495,17.0016,609.661,1
72.468,odom,map,-0.566372,-1.14314,-1.612,0,0,0,,,
72.504,odom,map,-0.566877,-1.1555,-1.61116,0,0,0,,,
72.54,odom,map,-0.567372,-1.16786,-1.6109,0,0,0,,,
72.576,odom,map,-0.56788,-1.18035,-1.61219,0,0,0,,,
72.612,ekf,map,-0.599072,-1.13827,-1.59124,0.0331676,0.0511955,-0.0113238,0.13,,
72.612,odom,map,-0.568411,-1.19288,-1.6141,0,0,0,,,
72.612,kf,map,-0.593833,-1.14944,-1.58818,0.0332638,0.0558652,-0.0139899,0.106333,,
72.612,ekf_predict_only,map,-0.562622,-1.22005,-1.63903,86.9416,55.6252,-14.9899,,,
72.612,pf,map,-0.58094,-1.14592,-1.57902,0.0205566,0.0309463,-0.00696154,6.24867,595.252,1
72.648,odom,map,-0.568963,-1.20528,-1.61684,0,0,0,,,
72.684,odom,map,-0.569551,-1.21757,-1.62077,0,0,0,,,
72.72,odom,map,-0.570198,-1.22986,-1.62617,0,0,0,,,
72.756,odom,map,-0.570915,-1.24215,-1.63185,0,0,0,,,
72.792,odom,map,-0.571699,-1.25437,-1.63828,0,0,0,,,
72.792,ekf_predict_only,map,-0.566784,-1.28095,-1.67909,90.2866,55.7908,-15.5805,,,
72.792,ekf,map,-0.59555,-1.19852,-1.62044,0.0332513,0.050196,-0.0115004,0.117042,,
72.828,odom,map,-0.572567,-1.26655,-1.64586,0,0,0,,,
72.792,kf,map,-0.591398,-1.20722,-1.6177,0.0337565,0.0551404,-0.0143868,0.181041,,
72.792,pf,map,-0.57541,-1.22153,-1.6108,0.0136074,0.031637,-0.00439645,6.44642,620.397,1
72.864,odom,map,-0.57353,-1.27868,-1.65434,0,0,0,,,
72.9,odom,map,-0.574598,-1.29079,-1.66307,0,0,0,,,
72.936,odom,map,-0.575758,-1.30272,-1.67274,0,0,0,,,
72.972,odom,map,-0.577025,-1.31449,-1.6835,0,0,0,,,
73.008,odom,map,-0.578879,-1.32584,-1.69517,0,0,0,,,
73.008,ekf_predict_only,map,-0.574365,-1.35067,-1.74885,94.2475,56.0116,-16.3462,,,
73.008,kf,map,-0.627048,-1.29336,-1.68515,0.057917,0.0613807,-0.00233036,0.062209,,
73.008,ekf,map,-0.631443,-1.29225,-1.68575,0.0633008,0.0657028,-0.00197282,0.064541,,
73.002,amcl,map,-0.573414,-1.31705,-1.68567,0.0578254,0.0360596,-0.0160371,,,
73.008,pf,map,-0.648187,-1.28936,-1.66258,0.0350758,0.0385192,-0.000816351,4.71046,567.463,1
73.044,odom,map,-0.582521,-1.33615,-1.70772,0,0,0,,,
73.08,odom,map,-0.586313,-1.34637,-1.72093,0,0,0,,,
73.116,odom,map,-0.590266,-1.35651,-1.73499,0,0,0,,,
73.152,odom,map,-0.594361,-1.36642,-1.75005,0,0,0,,,
73.188,odom,map,-0.598634,-1.37627,-1.76531,0,0,0,,,
73.224,odom,map,-0.601676,-1.38682,-1.78046,0,0,0,,,
73.188,kf,map,-0.649741,-1.35737,-1.75364,0.0617058,0.0622071,-0.000337234,0.097833,,
73.188,ekf_predict_only,map,-0.584275,-1.40575,-1.82501,97.5072,56.2724,-17.0772,,,
73.188,ekf,map,-0.652518,-1.35782,-1.75319,0.0670816,0.0672882,-0.0002799,0.059375,,
73.188,pf,map,-0.67917,-1.3344,-1.74094,0.0374571,0.0436976,-0.00454659,6.70392,524.316,1
73.26,odom,map,-0.604072,-1.39767,-1.79622,0,0,0,,,
73.296,odom,map,-0.606588,-1.40825,-1.81255,0,0,0,,,
73.332,odom,map,-0.609217,-1.41854,-1.82917,0,0,0,,,
73.368,odom,map,-0.612003,-1.42874,-1.84617,0,0,0,,,
73.404,odom,map,-0.614884,-1.43861,-1.86385,0,0,0,,,
73.404,ekf_predict_only,map,-0.599645,-1.4649,-1.93189,101.11,56.628,-18.024,,,
73.404,ekf,map,-0.670885,-1.42327,-1.85111,0.0687154,0.0686705,-3.29696e-05,0.088584,,
73.404,kf,map,-0.669272,-1.4226,-1.85206,0.0624584,0.0625289,-4.74395e-05,0.057583,,
73.404,pf,map,-0.689159,-1.39352,-1.83299,0.0429666,0.0425019,0.00110965,4.84292,509.378,1
73.44,odom,map,-0.617853,-1.44814,-1.88187,0,0,0,,,
73.476,odom,map,-0.620964,-1.45752,-1.89997,0,0,0,,,
73.512,odom,map,-0.624161,-1.4666,-1.91853,0,0,0,,,
73.548,odom,map,-0.627416,-1.47533,-1.93735,0,0,0,,,
73.584,odom,map,-0.630709,-1.48367,-1.95629,0,0,0,,,
73.584,ekf,map,-0.687132,-1.46866,-1.94218,0.0677057,0.0676591,-3.36624e-06,0.063542,,
73.62,odom,map,-0.63403,-1.49164,-1.97553,0,0,0,,,
73.602,amcl,map,-0.617248,-1.47369,-1.94868,0.0675194,0.0376279,-0.0200714,,,
73.584,ekf_predict_only,map,-0.614509,-1.50426,-2.02871,103.603,56.9824,-18.8128,,,
73.584,kf,map,-0.686219,-1.468,-1.94297,0.0623633,0.0623733,-6.71811e-06,0.108958,,
73.584,pf,map,-0.712733,-1.46231,-1.92876,0.0393233,0.0431118,0.000624016,10.1979,510.402,1
73.656,odom,map,-0.637353,-1.49919,-1.99503,0,0,0,,,
73.692,odom,map,-0.640756,-1.50654,-2.01462,0,0,0,,,
73.728,odom,map,-0.644238,-1.51368,-2.03437,0,0,0,,,
73.764,odom,map,-0.647667,-1.52037,-2.05463,0,0,0,,,
73.8,odom,map,-0.650921,-1.52641,-2.07541,0,0,0,,,
73.8,ekf_predict_only,map,-0.632346,-1.54045,-2.15346,105.947,57.3972,-19.6853,,,
73.8,kf,map,-0.705893,-1.5109,-2.06197,0.0625509,0.0625523,-9.42138e-07,0.104,,
73.8,ekf,map,-0.706622,-1.51165,-2.06116,0.068757,0.0687089,-4.21193e-06,0.059666,,
73.8,pf,map,-0.759613,-1.49879,-2.03201,0.0345058,0.0369135,-0.000873879,6.34521,526.944,1
73.836,odom,map,-0.650862,-1.53242,-2.09402,0,0,0,,,
73.872,odom,map,-0.650704,-1.53819,-2.11263,0,0,0,,,
73.908,odom,map,-0.650376,-1.54346,-2.1315,0,0,0,,,
73.944,odom,map,-0.649941,-1.54836,-2.15063,0,0,0,,,
73.98,odom,map,-0.649418,-1.55295,-2.16991,0,0,0,,,
74.016,odom,map,-0.650268,-1.55732,-2.19009,0,0,0,,,
74.016,ekf,map,-0.725435,-1.54273,-2.1872,0.0689966,0.0689553,-7.25665e-06,0.264791,,
74.016,ekf_predict_only,map,-0.64954,-1.56654,-2.28275,107.692,57.8104,-20.4649,,,
74.001,amcl,map,-0.644266,-1.54188,-2.17343,0.0719631,0.0405773,-0.0258306,,,
74.016,kf,map,-0.724806,-1.54212,-2.18779,0.0625772,0.0625774,-1.31943e-07,0.070125,,
74.016,pf,map,-0.765015,-1.55002,-2.16902,0.0356003,0.0400147,-0.000896925,7.18379,545.294,1
74.052,odom,map,-0.653196,-1.56133,-2.21163,0,0,0,,,
74.088,odom,map,-0.65602,-1.56504,-2.23317,0,0,0,,,
74.124,odom,map,-0.658842,-1.56858,-2.25471,0,0,0,,,
74.16,odom,map,-0.661511,-1.57178,-2.27645,0,0,0,,,
74.196,odom,map,-0.664033,-1.57468,-2.29818,0,0,0,,,
74.196,ekf_predict_only,map,-0.660451,-1.57918,-2.39142,108.597,58.1142,-20.9303,,,
74.196,ekf,map,-0.73908,-1.55999,-2.29448,0.0676978,0.0676704,-6.82887e-06,0.160042,,
74.196,kf,map,-0.738537,-1.55947,-2.29481,0.0623802,0.0623802,-1.86732e-08,0.062916,,
74.232,odom,map,-0.666349,-1.57722,-2.31989,0,0,0,,,
74.196,pf,map,-0.792456,-1.56758,-2.27743,0.0420059,0.0378201,-0.00113279,8.91388,526.472,1
74.268,odom,map,-0.66841,-1.57939,-2.34158,0,0,0,,,
74.304,odom,map,-0.670401,-1.5814,-2.36327,0,0,0,,,
74.34,odom,map,-0.672322,-1.58325,-2.38485,0,0,0,,,
74.376,odom,map,-0.674065,-1.58487,-2.4063,0,0,0,,,
74.412,odom,map,-0.675864,-1.58553,-2.42745,0,0,0,,,
74.412,kf,map,-0.750372,-1.57163,-2.42329,0.0625532,0.0625532,-2.61847e-09,0.0595,,
74.412,ekf,map,-0.750906,-1.57208,-2.4232,0.068679,0.068656,-7.34446e-06,0.059292,,
74.412,ekf_predict_only,map,-0.66941,-1.58753,-2.51981,109.232,58.3844,-21.2964,,,
74.4,amcl,map,-0.665869,-1.57386,-2.42225,0.0699364,0.0409567,-0.0245574,,,
74.412,pf,map,-0.80535,-1.55911,-2.40983,0.0369928,0.0413208,-0.00043342,8.21442,527.583,1
74.448,odom,map,-0.677978,-1.58431,-2.44801,0,0,0,,,
74.484,odom,map,-0.680019,-1.58298,-2.46846,0,0,0,,,
74.52,odom,map,-0.681932,-1.5815,-2.48858,0,0,0,,,
74.556,odom,map,-0.683844,-1.57997,-2.50864,0,0,0,,,
74.592,odom,map,-0.685617,-1.5783,-2.5286,0,0,0,,,
74.592,kf,map,-0.757564,-1.57744,-2.52751,0.0623768,0.0623768,-3.70647e-10,0.062875,,
74.628,odom,map,-0.686807,-1.57831,-2.54898,0,0,0,,,
74.592,ekf,map,-0.758016,-1.57779,-2.52765,0.0676369,0.0676227,-5.13025e-06,0.063625,,
74.592,ekf_predict_only,map,-0.673612,-1.59054,-2.62205,109.525,58.5652,-21.4602,,,
74.592,pf,map,-0.798012,-1.55856,-2.50483,0.0383363,0.0392675,-0.00497339,11.6427,500.171,1
74.664,odom,map,-0.687583,-1.57882,-2.5694,0,0,0,,,
74.7,odom,map,-0.688222,-1.57922,-2.58955,0,0,0,,,
74.736,odom,map,-0.688839,-1.5796,-2.6095,0,0,0,,,
74.772,odom,map,-0.689428,-1.57994,-2.62933,0,0,0,,,
74.808,odom,map,-0.68959,-1.58023,-2.64868,0,0,0,,,
74.808,ekf_predict_only,map,-0.676329,-1.5921,-2.73816,109.725,58.7177,-21.5625,,,
74.808,ekf,map,-0.76272,-1.5809,-2.64745,0.0686879,0.0686769,-4.36914e-06,0.064166,,
74.808,kf,map,-0.762358,-1.58066,-2.64707,0.0625528,0.0625528,-5.19756e-11,1.02521,,
74.802,amcl,map,-0.68175,-1.56769,-2.65812,0.0610342,0.0351787,-0.0194374,,,
74.808,pf,map,-0.80487,-1.56395,-2.64496,0.039577,0.0402233,-0.000545958,6.13367,524.501,1
74.844,odom,map,-0.68851,-1.58058,-2.66735,0,0,0,,,
74.88,odom,map,-0.687339,-1.58086,-2.68585,0,0,0,,,
74.916,odom,map,-0.6861,-1.58111,-2.70403,0,0,0,,,
74.952,odom,map,-0.684785,-1.58132,-2.7219,0,0,0,,,
74.988,odom,map,-0.683457,-1.58151,-2.73969,0,0,0,,,
74.988,ekf_predict_only,map,-0.676421,-1.59214,-2.82702,109.827,58.8194,-21.5658,,,
74.988,ekf,map,-0.764199,-1.58171,-2.74071,0.0676553,0.0676487,-2.69731e-06,0.1085,,
75.024,odom,map,-0.682969,-1.58158,-2.7574,0,0,0,,,
74.988,kf,map,-0.763955,-1.58156,-2.74022,0.0623767,0.0623767,-7.35721e-12,0.108417,,
74.988,pf,map,-0.803432,-1.5841,-2.72306,0.0404021,0.0389857,0.000279186,13.3223,538.421,1
75.06,odom,map,-0.682912,-1.58156,-2.77492,0,0,0,,,
75.096,odom,map,-0.682754,-1.5815,-2.79228,0,0,0,,,
75.132,odom,map,-0.682487,-1.5814,-2.80935,0,0,0,,,
75.168,odom,map,-0.682173,-1.5813,-2.82624,0,0,0,,,
75.204,odom,map,-0.681786,-1.5812,-2.84292,0,0,0,,,
75.204,ekf_predict_only,map,-0.674706,-1.59158,-2.923,109.892,58.8863,-21.5053,,,
75.204,kf,map,-0.763213,-1.58139,-2.84242,0.0625527,0.0625527,-1.0317e-12,0.337125,,
75.204,ekf,map,-0.763378,-1.58149,-2.84318,0.0687075,0.0687025,-2.10525e-06,0.063917,,
75.204,pf,map,-0.794216,-1.56254,-2.83462,0.0372876,0.0454386,0.00113507,6.20162,530.591,1
75.24,odom,map,-0.680714,-1.58137,-2.86072,0,0,0,,,
75.276,odom,map,-0.679568,-1.58153,-2.87833,0,0,0,,,
75.312,odom,map,-0.678423,-1.58168,-2.8956,0,0,0,,,
75.348,odom,map,-0.677356,-1.58186,-2.91245,0,0,0,,,
75.384,odom,map,-0.676277,-1.58204,-2.92894,0,0,0,,,
75.42,odom,map,-0.6758,-1.58212,-2.94348,0,0,0,,,
75.384,ekf_predict_only,map,-0.674706,-1.59158,-2.96633,109.992,58.9863,-21.5053,,,
75.384,kf,map,-0.762507,-1.58131,-2.9094,0.0623767,0.0623767,-1.46038e-13,0.062542,,
75.384,ekf,map,-0.762496,-1.58134,-2.91165,0.0676681,0.0676652,-1.25052e-06,0.650834,,
75.402,amcl,map,-0.68731,-1.56732,-2.95234,0.0674675,0.0276858,-0.0117808,,,
75.384,pf,map,-0.791958,-1.57058,-2.91723,0.0450408,0.0423364,-0.00163375,7.21142,518.595,1
75.456,odom,map,-0.6758,-1.58212,-2.95477,0,0,0,,,
75.492,odom,map,-0.6758,-1.58212,-2.96347,0,0,0,,,
75.528,odom,map,-0.6758,-1.58212,-2.96958,0,0,0,,,
75.564,odom,map,-0.67612,-1.58217,-2.97398,0,0,0,,,
75.6,odom,map,-0.67735,-1.58238,-2.9784,0,0,0,,,
75.6,ekf_predict_only,map,-0.690112,-1.59431,-3.00231,110.267,59.3879,-22.0276,,,
75.6,kf,map,-0.768824,-1.58278,-2.96226,0.0625527,0.0625527,-2.04789e-14,0.065542,,
75.6,ekf,map,-0.767949,-1.58254,-2.96463,0.0687178,0.0687161,-1.07143e-06,0.060708,,
75.6,pf,map,-0.777097,-1.56529,-2.97687,0.0431569,0.0422635,-0.00049186,4.593,531.219,1
75.636,odom,map,-0.679868,-1.58012,-2.9848,0,0,0,,,
75.672,odom,map,-0.683585,-1.57795,-2.99167,0,0,0,,,
75.708,odom,map,-0.688146,-1.57588,-2.99767,0,0,0,,,
75.744,odom,map,-0.69367,-1.57392,-3.00197,0,0,0,,,
75.78,odom,map,-0.699418,-1.57197,-3.00602,0,0,0,,,
75.816,odom,map,-0.705187,-1.57107,-3.00913,0,0,0,,,
75.816,kf,map,-0.793092,-1.58658,-2.98829,0.0625774,0.0625774,-2.86797e-15,0.062292,,
75.816,ekf,map,-0.791799,-1.58617,-2.9905,0.068962,0.0689649,-1.5094e-06,0.054959,,
75.816,ekf_predict_only,map,-0.724774,-1.59917,-3.01394,110.68,60.1954,-23.1942,,,
75.816,pf,map,-0.803778,-1.54611,-2.99662,0.0429635,0.046165,0.000386292,4.58925,517.471,1
75.852,odom,map,-0.711349,-1.57188,-3.01042,0,0,0,,,
75.888,odom,map,-0.7182,-1.57278,-3.01094,0,0,0,,,
75.924,odom,map,-0.725503,-1.57374,-3.0111,0,0,0,,,
75.96,odom,map,-0.732946,-1.57472,-3.01115,0,0,0,,,
75.996,odom,map,-0.740661,-1.57573,-3.0109,0,0,0,,,
76.032,odom,map,-0.748841,-1.57681,-3.01025,0,0,0,,,
75.996,ekf_predict_only,map,-0.766636,-1.60454,-3.01031,111.127,61.2036,-24.6051,,,
75.996,kf,map,-0.827081,-1.59128,-2.9934,0.0623802,0.0623802,-4.05889e-16,0.060375,,
75.996,ekf,map,-0.826021,-1.59091,-2.99485,0.0676739,0.0676849,-2.4344e-06,0.058958,,
75.996,pf,map,-0.853081,-1.55292,-2.97598,0.0422277,0.037744,0.0028362,7.70846,538.868,1
76.068,odom,map,-0.75736,-1.57794,-3.0096,0,0,0,,,
76.104,odom,map,-0.766116,-1.5791,-3.00902,0,0,0,,,
76.14,odom,map,-0.775098,-1.5803,-3.0083,0,0,0,,,
76.176,odom,map,-0.784482,-1.58157,-3.00758,0,0,0,,,
76.212,odom,map,-0.794812,-1.58284,-3.00758,0,0,0,,,
76.212,ekf_predict_only,map,-0.827236,-1.61254,-3.00746,111.746,62.7226,-26.6637,,,
76.212,ekf,map,-0.87935,-1.5986,-2.99394,0.0686582,0.06869,-5.53272e-06,0.061417,,
76.212,kf,map,-0.880374,-1.5989,-2.99322,0.0625532,0.0625532,-5.69162e-17,0.063,,
76.212,pf,map,-0.905712,-1.60226,-2.97075,0.0375802,0.032589,0.000259089,5.09921,530.326,1
76.248,odom,map,-0.806213,-1.58397,-3.00881,0,0,0,,,
76.284,odom,map,-0.817884,-1.58509,-3.01002,0,0,0,,,
76.32,odom,map,-0.830057,-1.58625,-3.01138,0,0,0,,,
76.356,odom,map,-0.842595,-1.58741,-3.01297,0,0,0,,,
76.392,odom,map,-0.855367,-1.58857,-3.01454,0,0,0,,,
76.428,odom,map,-0.86723,-1.58994,-3.01485,0,0,0,,,
76.392,ekf,map,-0.932112,-1.60641,-2.9932,0.0676241,0.067669,-7.27574e-06,0.059125,,
76.392,kf,map,-0.932847,-1.60659,-2.99292,0.0623768,0.0623768,-8.05653e-18,0.055042,,
76.392,ekf_predict_only,map,-0.884648,-1.62029,-3.00666,112.351,64.281,-28.6313,,,
76.392,pf,map,-0.965835,-1.60459,-2.96932,0.0414427,0.0377271,0.00160094,8.7515,530.956,1
76.464,odom,map,-0.878844,-1.59142,-3.01473,0,0,0,,,
76.5,odom,map,-0.89074,-1.59294,-3.01483,0,0,0,,,
76.536,odom,map,-0.902793,-1.59447,-3.0154,0,0,0,,,
76.572,odom,map,-0.914869,-1.596,-3.01634,0,0,0,,,
76.608,odom,map,-0.927002,-1.59752,-3.01745,0,0,0,,,
76.608,ekf_predict_only,map,-0.957687,-1.6302,-3.01454,113.099,66.3975,-31.157,,,
76.608,kf,map,-1.00277,-1.61698,-2.9976,0.0625528,0.0625528,-1.12976e-18,0.060042,,
76.608,ekf,map,-1.00224,-1.61691,-2.99737,0.0686786,0.0687571,-1.23092e-05,0.117,,
76.608,pf,map,-1.0265,-1.60998,-2.98108,0.0390658,0.0395837,-0.002776,4.91308,517.103,1
76.644,odom,map,-0.939258,-1.59904,-3.01931,0,0,0,,,
76.68,odom,map,-0.951687,-1.60055,-3.02181,0,0,0,,,
76.716,odom,map,-0.964218,-1.60204,-3.02461,0,0,0,,,
76.752,odom,map,-0.976788,-1.6035,-3.0277,0,0,0,,,
76.788,odom,map,-0.989397,-1.60492,-3.03135,0,0,0,,,
76.788,ekf_predict_only,map,-1.02098,-1.63829,-3.03553,113.731,68.3912,-33.3578,,,
76.788,ekf,map,-1.0639,-1.6257,-3.01241,0.0676505,0.0677351,-1.30279e-05,0.058834,,
76.788,kf,map,-1.06423,-1.62569,-3.01296,0.0623767,0.0623767,-1.5992e-19,0.112959,,
76.824,odom,map,-1.00207,-1.6063,-3.03537,0,0,0,,,
76.8,amcl,map,-0.990641,-1.60994,-3.01542,0.073605,0.0348405,-0.0179596,,,
76.788,pf,map,-1.10458,-1.61796,-3.00062,0.0404898,0.0415852,0.00365965,7.25096,544.458,1
76.86,odom,map,-1.01464,-1.60761,-3.03971,0,0,0,,,
76.896,odom,map,-1.02717,-1.60886,-3.0441,0,0,0,,,
76.932,odom,map,-1.0397,-1.61006,-3.04889,0,0,0,,,
76.968,odom,map,-1.05218,-1.61119,-3.05387,0,0,0,,,
77.004,odom,map,-1.06453,-1.61224,-3.05898,0,0,0,,,
77.004,ekf_predict_only,map,-1.09447,-1.64611,-3.06652,114.347,70.8607,-35.9087,,,
77.004,ekf,map,-1.13785,-1.6347,-3.03914,0.0687049,0.0688227,-1.75746e-05,0.068208,,
77.004,kf,map,-1.13792,-1.63468,-3.03972,0.0625527,0.0625527,-2.24255e-20,0.055625,,
77.004,pf,map,-1.1617,-1.62802,-3.02157,0.0365953,0.0373585,0.00200603,4.51692,529.21,1
77.04,odom,map,-1.07681,-1.61323,-3.06414,0,0,0,,,
77.076,odom,map,-1.08904,-1.61414,-3.06962,0,0,0,,,
77.112,odom,map,-1.10112,-1.61498,-3.07552,0,0,0,,,
77.148,odom,map,-1.11309,-1.61574,-3.0815,0,0,0,,,
77.184,odom,map,-1.12498,-1.61642,-3.0874,0,0,0,,,
77.22,odom,map,-1.13682,-1.61702,-3.09356,0,0,0,,,
77.184,kf,map,-1.19783,-1.64017,-3.06793,0.0623767,0.0623767,-3.17435e-21,0.060291,,
77.184,ekf_predict_only,map,-1.15338,-1.65054,-3.09855,114.74,72.9929,-37.9348,,,
77.184,ekf,map,-1.19789,-1.64019,-3.06742,0.0676672,0.0677758,-1.53129e-05,0.059834,,
77.184,pf,map,-1.22804,-1.63927,-3.05293,0.036265,0.0359343,-0.000642071,5.65233,543.717,1
77.256,odom,map,-1.14858,-1.61755,-3.10012,0,0,0,,,
77.292,odom,map,-1.16034,-1.61799,-3.10783,0,0,0,,,
77.328,odom,map,-1.17209,-1.61834,-3.11611,0,0,0,,,
77.364,odom,map,-1.18389,-1.61859,-3.12503,0,0,0,,,
77.4,odom,map,-1.19564,-1.61873,-3.13551,0,0,0,,,
77.4,ekf_predict_only,map,-1.22359,-1.65357,3.11769,115.041,75.67,-40.3186,,,
77.4,ekf,map,-1.26874,-1.64441,-3.12019,0.0687176,0.0688513,-1.69117e-05,0.058084,,
77.4,kf,map,-1.26866,-1.64433,-3.12165,0.0625527,0.0625527,-4.45138e-22,0.100292,,
77.4,pf,map,-1.2981,-1.65765,-3.09268,0.0412969,0.0374361,0.00238041,4.82192,517.865,1
77.436,odom,map,-1.20735,-1.61873,3.13652,0,0,0,,,
77.472,odom,map,-1.21904,-1.61861,3.12508,0,0,0,,,
77.508,odom,map,-1.2307,-1.61834,3.11276,0,0,0,,,
77.544,odom,map,-1.24238,-1.61793,3.0997,0,0,0,,,
77.58,odom,map,-1.25405,-1.61737,3.08659,0,0,0,,,
77.616,ekf_predict_only,map,-1.29332,-1.6519,3.03738,115.03,78.4968,-42.5991,,,
77.616,odom,map,-1.26543,-1.61731,3.07448,0,0,0,,,
77.616,ekf,map,-1.33894,-1.64411,3.09119,0.068962,0.0690998,-1.45555e-05,0.13575,,
77.616,kf,map,-1.33887,-1.64412,3.08987,0.0625774,0.0625774,-6.23394e-23,0.092625,,
77.601,amcl,map,-1.24304,-1.63069,3.1057,0.075147,0.0409446,-0.0247929,,,
77.616,pf,map,-1.38075,-1.65629,3.11219,0.0463752,0.0442938,-0.00141621,7.80596,513.713,1
77.652,odom,map,-1.27635,-1.6182,3.06376,0,0,0,,,
77.688,odom,map,-1.28723,-1.61899,3.05255,0,0,0,,,
77.724,odom,map,-1.2981,-1.61967,3.04121,0,0,0,,,
77.76,odom,map,-1.30879,-1.62027,3.02948,0,0,0,,,
77.796,odom,map,-1.3193,-1.62077,3.01735,0,0,0,,,
77.796,ekf_predict_only,map,-1.34734,-1.64625,2.95935,114.756,80.8246,-44.2716,,,
77.796,ekf,map,-1.39507,-1.63948,3.01928,0.0676737,0.067787,-8.78981e-06,0.056375,,
77.796,kf,map,-1.39489,-1.63956,3.01832,0.0623802,0.0623802,-8.82258e-24,0.059708,,
77.832,odom,map,-1.33007,-1.61954,3.00213,0,0,0,,,
77.796,pf,map,-1.43079,-1.65773,3.04534,0.0419627,0.0333297,0.00158949,10.8851,508.719,1
77.868,odom,map,-1.34082,-1.61795,2.98652,0,0,0,,,
77.904,odom,map,-1.35139,-1.61621,2.97072,0,0,0,,,
77.94,odom,map,-1.3617,-1.61434,2.95452,0,0,0,,,
77.976,odom,map,-1.37185,-1.61234,2.938,0,0,0,,,
78.012,odom,map,-1.38189,-1.61018,2.92132,0,0,0,,,
78.012,ekf_predict_only,map,-1.40769,-1.63513,2.85873,114.123,83.5321,-46.0208,,,
78.012,kf,map,-1.45759,-1.62949,2.92279,0.0625532,0.0625532,-1.23715e-24,0.058375,,
78.012,ekf,map,-1.45783,-1.62929,2.92358,0.0686576,0.0687856,-4.64557e-06,0.05675,,
78.012,pf,map,-1.51815,-1.64438,2.93958,0.0412681,0.0382653,0.000537091,5.29713,521.697,1
78.048,odom,map,-1.39179,-1.60787,2.90463,0,0,0,,,
78.084,odom,map,-1.40162,-1.60541,2.88797,0,0,0,,,
78.12,odom,map,-1.41129,-1.60282,2.8712,0,0,0,,,
78.156,odom,map,-1.42065,-1.60014,2.85432,0,0,0,,,
78.192,odom,map,-1.42979,-1.59736,2.83736,0,0,0,,,
78.192,ekf_predict_only,map,-1.4533,-1.62187,2.77383,113.354,85.6861,-47.2162,,,
78.192,kf,map,-1.50562,-1.61681,2.84038,0.0623768,0.0623768,-1.7512e-25,0.094708,,
78.228,odom,map,-1.43883,-1.59443,2.82038,0,0,0,,,
78.192,ekf,map,-1.50584,-1.61657,2.84083,0.0676237,0.0677266,6.65787e-07,0.060875,,
78.201,amcl,map,-1.40775,-1.6315,2.84913,0.0657211,0.0477088,-0.0302067,,,
78.192,pf,map,-1.5566,-1.60729,2.85311,0.0380561,0.0437579,0.00157019,7.80983,550.54,1
78.264,odom,map,-1.44763,-1.59142,2.80348,0,0,0,,,
78.3,odom,map,-1.45603,-1.58839,2.78659,0,0,0,,,
78.336,odom,map,-1.46429,-1.58525,2.76968,0,0,0,,,
78.372,odom,map,-1.47222,-1.58208,2.75293,0,0,0,,,
78.408,odom,map,-1.47919,-1.57919,2.73656,0,0,0,,,
78.408,ekf,map,-1.55518,-1.59877,2.74055,0.0686787,0.0687859,6.4734e-06,0.060709,,
78.408,kf,map,-1.5548,-1.59917,2.74037,0.0625528,0.0625528,-2.4557e-26,0.1055,,
78.408,ekf_predict_only,map,-1.49831,-1.60453,2.67326,112.328,87.8839,-48.2743,,,
78.408,pf,map,-1.59422,-1.61548,2.74519,0.0386899,0.039325,0.00218234,8.97817,520.998,1
78.444,odom,map,-1.48388,-1.57725,2.72135,0,0,0,,,
78.48,odom,map,-1.48851,-1.57521,2.70613,0,0,0,,,
78.516,odom,map,-1.49293,-1.57316,2.69108,0,0,0,,,
78.552,odom,map,-1.49703,-1.57114,2.67616,0,0,0,,,
78.588,odom,map,-1.50092,-1.56912,2.66143,0,0,0,,,
78.624,odom,map,-1.5063,-1.56624,2.6457,0,0,0,,,
78.588,ekf_predict_only,map,-1.53005,-1.58847,2.59152,111.394,89.5057,-48.9115,,,
78.588,ekf,map,-1.58998,-1.5822,2.65754,0.0676513,0.06773,8.7047e-06,0.1565,,
78.588,kf,map,-1.58968,-1.58257,2.65758,0.0623767,0.0623767,-3.47608e-27,0.062459,,
78.588,pf,map,-1.64105,-1.59439,2.68402,0.0349943,0.044764,-0.00209472,8.70892,524.09,1
78.66,odom,map,-1.51235,-1.5629,2.62929,0,0,0,,,
78.696,odom,map,-1.51816,-1.55958,2.61312,0,0,0,,,
78.732,odom,map,-1.5238,-1.55622,2.59722,0,0,0,,,
78.768,odom,map,-1.52935,-1.5528,2.58135,0,0,0,,,
78.804,odom,map,-1.53473,-1.54937,2.56573,0,0,0,,,
78.804,ekf_predict_only,map,-1.56228,-1.56871,2.49859,110.233,91.1868,-49.4543,,,
78.804,ekf,map,-1.6249,-1.5618,2.56186,0.068707,0.0687813,1.30796e-05,0.085333,,
78.804,kf,map,-1.62466,-1.56221,2.56213,0.0625527,0.0625527,-4.87449e-28,0.084792,,
78.801,amcl,map,-1.52981,-1.57774,2.57272,0.0617219,0.0550515,-0.0335579,,,
78.804,pf,map,-1.68119,-1.55786,2.5882,0.0448084,0.0429223,-0.00290128,6.38387,510.843,1
78.84,odom,map,-1.53986,-1.54599,2.55039,0,0,0,,,
78.876,odom,map,-1.54473,-1.54266,2.53532,0,0,0,,,
78.912,odom,map,-1.54947,-1.53932,2.52042,0,0,0,,,
78.948,odom,map,-1.554,-1.53603,2.50563,0,0,0,,,
78.984,odom,map,-1.55823,-1.53286,2.49125,0,0,0,,,
79.02,odom,map,-1.56113,-1.53283,2.47811,0,0,0,,,
78.984,ekf_predict_only,map,-1.58145,-1.55435,2.42997,109.426,92.2447,-49.7012,,,
78.984,kf,map,-1.64738,-1.54586,2.48892,0.0623767,0.0623767,-6.89991e-29,0.058708,,
78.984,ekf,map,-1.64767,-1.54543,2.48844,0.0676698,0.06772,1.17325e-05,0.055709,,
78.984,pf,map,-1.66541,-1.5454,2.50664,0.0424688,0.0377471,-0.00105245,6.10771,517.298,1
79.056,odom,map,-1.56318,-1.53515,2.46553,0,0,0,,,
79.092,odom,map,-1.56507,-1.53753,2.45322,0,0,0,,,
79.128,odom,map,-1.56674,-1.54002,2.44115,0,0,0,,,
79.164,odom,map,-1.56804,-1.54276,2.42979,0,0,0,,,
79.2,odom,map,-1.56839,-1.54629,2.42092,0,0,0,,,
79.2,ekf_predict_only,map,-1.58145,-1.55435,2.38566,109.526,92.3447,-49.7012,,,
79.2,kf,map,-1.66058,-1.53454,2.42262,0.0625527,0.0625527,-9.67571e-30,0.061792,,
79.2,ekf,map,-1.66195,-1.53326,2.42031,0.0687204,0.068762,1.13332e-05,0.059917,,
79.2,pf,map,-1.71771,-1.51256,2.43652,0.0376102,0.0417773,0.000229299,5.26192,516.961,1
79.236,odom,map,-1.56939,-1.54551,2.41353,0,0,0,,,
79.272,odom,map,-1.56956,-1.54536,2.4087,0,0,0,,,
79.308,odom,map,-1.56986,-1.54509,2.40543,0,0,0,,,
79.344,odom,map,-1.57069,-1.54433,2.40213,0,0,0,,,
79.38,odom,map,-1.57152,-1.54358,2.39883,0,0,0,,,
79.416,odom,map,-1.57264,-1.54254,2.39521,0,0,0,,,
79.416,ekf_predict_only,map,-1.59034,-1.54597,2.3631,109.1,92.8932,-49.7688,,,
79.416,ekf,map,-1.67223,-1.52423,2.38807,0.0689643,0.0689937,8.81258e-06,0.675625,,
79.416,kf,map,-1.67163,-1.52481,2.38983,0.0625774,0.0625774,-1.35503e-30,0.377375,,
79.416,pf,map,-1.71447,-1.52603,2.39124,0.0379418,0.039236,0.00181785,6.64796,539.503,1
79.452,odom,map,-1.57413,-1.54116,2.39145,0,0,0,,,
79.488,odom,map,-1.57591,-1.53949,2.38695,0,0,0,,,
79.524,odom,map,-1.57843,-1.53711,2.38129,0,0,0,,,
79.56,odom,map,-1.58085,-1.5348,2.37473,0,0,0,,,
79.596,odom,map,-1.58298,-1.53272,2.36627,0,0,0,,,
79.632,odom,map,-1.58576,-1.53058,2.35681,0,0,0,,,
79.596,ekf_predict_only,map,-1.60015,-1.53629,2.31637,108.596,93.4911,-49.8294,,,
79.596,kf,map,-1.68249,-1.51445,2.35038,0.0623802,0.0623802,-1.91771e-31,0.36775,,
79.596,ekf,map,-1.68276,-1.51419,2.35043,0.0676756,0.0676927,5.80476e-06,0.114708,,
79.602,amcl,map,-1.58349,-1.54261,2.37003,0.0558663,0.0477878,-0.0371813,,,
79.596,pf,map,-1.73091,-1.52018,2.37081,0.0355047,0.0384389,0.000358829,4.95937,518.274,1
79.668,odom,map,-1.58843,-1.52859,2.34669,0,0,0,,,
79.704,odom,map,-1.59087,-1.52679,2.33544,0,0,0,,,
79.74,odom,map,-1.59339,-1.52487,2.32358,0,0,0,,,
79.776,odom,map,-1.59595,-1.52287,2.31091,0,0,0,,,
79.812,ekf_predict_only,map,-1.61281,-1.52258,2.22768,107.845,94.2392,-49.8713,,,
79.812,kf,map,-1.69405,-1.50234,2.27743,0.0625532,0.0625532,-2.68913e-32,0.064166,,
79.812,odom,map,-1.59841,-1.52068,2.29764,0,0,0,,,
79.812,ekf,map,-1.69401,-1.5024,2.27898,0.0686601,0.0686732,5.72067e-06,0.06275,,
79.812,pf,map,-1.7214,-1.50258,2.30956,0.0382633,0.0364539,0.00203165,5.24404,534.1,1
79.848,odom,map,-1.60046,-1.51834,2.28289,0,0,0,,,
79.884,odom,map,-1.6026,-1.51583,2.26775,0,0,0,,,
79.92,odom,map,-1.60504,-1.51286,2.25188,0,0,0,,,
79.956,odom,map,-1.60744,-1.50986,2.23602,0,0,0,,,
79.992,odom,map,-1.61009,-1.50642,2.21973,0,0,0,,,
80.028,odom,map,-1.6132,-1.50224,2.20309,0,0,0,,,
79.992,ekf_predict_only,map,-1.62954,-1.50088,2.14403,106.612,95.2043,-49.8242,,,
79.992,ekf,map,-1.70699,-1.48639,2.20453,0.067627,0.0676343,5.47981e-06,0.117167,,
79.992,kf,map,-1.70734,-1.48596,2.20323,0.0623768,0.0623768,-3.80649e-33,0.054,,
79.992,pf,map,-1.7278,-1.4902,2.22902,0.0406113,0.0365615,-0.00276016,5.28421,539.63,1
80.064,odom,map,-1.6164,-1.49779,2.18636,0,0,0,,,
80.1,odom,map,-1.61966,-1.4931,2.16943,0,0,0,,,
80.136,odom,map,-1.62305,-1.48805,2.15235,0,0,0,,,
80.172,odom,map,-1.62651,-1.48268,2.13521,0,0,0,,,
80.208,odom,map,-1.63013,-1.47685,2.11805,0,0,0,,,
80.208,ekf_predict_only,map,-1.65186,-1.46631,2.04105,104.623,96.4737,-49.5927,,,
80.208,kf,map,-1.72709,-1.45658,2.10464,0.0625528,0.0625528,-5.33782e-34,0.063125,,
80.208,ekf,map,-1.72657,-1.45712,2.10547,0.0686863,0.0686895,9.39095e-06,0.536875,,
80.202,amcl,map,-1.62425,-1.50062,2.13023,0.0496841,0.0523847,-0.0376059,,,
80.208,pf,map,-1.7506,-1.47214,2.12144,0.0369695,0.0411375,-0.00351156,4.50838,525.061,1
80.244,odom,map,-1.63395,-1.47045,2.10099,0,0,0,,,
80.28,odom,map,-1.63805,-1.46333,2.08394,0,0,0,,,
80.316,odom,map,-1.64214,-1.45591,2.06707,0,0,0,,,
80.352,odom,map,-1.64649,-1.44772,2.05036,0,0,0,,,
80.388,odom,map,-1.6507,-1.43945,2.03364,0,0,0,,,
80.424,odom,map,-1.6545,-1.43202,2.01805,0,0,0,,,
80.388,ekf_predict_only,map,-1.67559,-1.41962,1.96035,101.97,97.8367,-49.05,,,
80.388,kf,map,-1.74799,-1.41758,2.02326,0.0623767,0.0623767,-7.55575e-35,0.05425,,
80.388,ekf,map,-1.74734,-1.41826,2.02346,0.0676658,0.0676612,1.3187e-05,0.118375,,
80.388,pf,map,-1.76364,-1.41901,2.02601,0.0394484,0.036196,0.00109784,4.57475,502.873,1
80.46,odom,map,-1.65818,-1.42468,2.00299,0,0,0,,,
80.496,odom,map,-1.66172,-1.41728,1.98793,0,0,0,,,
80.532,odom,map,-1.66522,-1.40961,1.97328,0,0,0,,,
80.568,odom,map,-1.66876,-1.4015,1.95937,0,0,0,,,
80.604,odom,map,-1.67231,-1.39297,1.94606,0,0,0,,,
80.604,ekf_predict_only,map,-1.70163,-1.35619,1.87509,98.4552,99.3456,-48.076,,,
80.604,ekf,map,-1.77194,-1.36057,1.93203,0.0687417,0.0687203,2.48152e-05,0.056083,,
80.604,kf,map,-1.77272,-1.35999,1.93252,0.0625527,0.0625527,-1.05954e-35,0.063708,,
80.604,pf,map,-1.797,-1.38941,1.92118,0.0380033,0.0372745,-0.00150162,5.72483,550.452,1
80.64,odom,map,-1.67642,-1.3823,1.93185,0,0,0,,,
80.676,odom,map,-1.68045,-1.3714,1.91803,0,0,0,,,
80.712,odom,map,-1.68437,-1.36034,1.90439,0,0,0,,,
80.748,odom,map,-1.68823,-1.34896,1.89134,0,0,0,,,
80.784,odom,map,-1.69208,-1.3371,1.87927,0,0,0,,,
80.784,ekf_predict_only,map,-1.72036,-1.29655,1.81519,95.2878,100.474,-46.9516,,,
80.784,ekf,map,-1.79016,-1.30487,1.86557,0.0677165,0.0676818,2.76043e-05,0.1715,,
80.82,odom,map,-1.69581,-1.32517,1.86729,0,0,0,,,
80.784,kf,map,-1.79083,-1.30447,1.86628,0.0623767,0.0623767,-1.49979e-36,0.097125,,
80.802,amcl,map,-1.71071,-1.32228,1.85038,0.0398928,0.0570849,-0.0331143,,,
80.784,pf,map,-1.83476,-1.32396,1.86491,0.0429256,0.0403212,-0.000550218,4.57437,521.117,1
80.856,odom,map,-1.69945,-1.313,1.85582,0,0,0,,,
80.892,odom,map,-1.703,-1.30064,1.84483,0,0,0,,,
80.928,odom,map,-1.70645,-1.2881,1.83437,0,0,0,,,
80.964,odom,map,-1.7098,-1.27543,1.82444,0,0,0,,,
81,odom,map,-1.71302,-1.26275,1.81488,0,0,0,,,
81,ekf,map,-1.8095,-1.231,1.80175,0.068802,0.0687351,3.88627e-05,0.059084,,
81,ekf_predict_only,map,-1.73932,-1.22053,1.75949,91.4086,101.628,-45.3347,,,
81,kf,map,-1.81017,-1.23079,1.80275,0.0625527,0.0625527,-2.10315e-37,0.1005,,
81,pf,map,-1.8584,-1.24381,1.79868,0.0400325,0.0395193,0.00391479,4.882,539.158,1
81.036,odom,map,-1.71615,-1.25204,1.80618,0,0,0,,,
81.072,odom,map,-1.7192,-1.24124,1.79786,0,0,0,,,
81.108,odom,map,-1.7222,-1.23027,1.79051,0,0,0,,,
81.144,odom,map,-1.72511,-1.21927,1.78315,0,0,0,,,
81.18,odom,map,-1.72798,-1.20806,1.77639,0,0,0,,,
81.216,odom,map,-1.73079,-1.19583,1.77047,0,0,0,,,
81.216,ekf,map,-1.82534,-1.15218,1.75476,0.0690725,0.0689785,4.23981e-05,0.103959,,
81.216,kf,map,-1.82603,-1.15198,1.75606,0.0625774,0.0625774,-2.94536e-38,0.099417,,
81.216,ekf_predict_only,map,-1.75482,-1.13933,1.72234,87.4889,102.6,-43.4364,,,
81.216,pf,map,-1.88249,-1.15916,1.76034,0.0381676,0.0408052,0.00288321,6.35438,526.551,1
81.252,odom,map,-1.73348,-1.18231,1.76428,0,0,0,,,
81.288,odom,map,-1.73609,-1.16879,1.75809,0,0,0,,,
81.324,odom,map,-1.73859,-1.15536,1.75271,0,0,0,,,
81.36,odom,map,-1.74102,-1.14196,1.74783,0,0,0,,,
81.396,odom,map,-1.74339,-1.12854,1.74295,0,0,0,,,
81.432,odom,map,-1.74567,-1.11528,1.73862,0,0,0,,,
81.396,ekf_predict_only,map,-1.76488,-1.07347,1.70349,84.5033,103.27,-41.8055,,,
81.396,kf,map,-1.83649,-1.08583,1.72824,0.0623802,0.0623802,-4.16842e-39,0.05425,,
81.396,ekf,map,-1.83597,-1.08581,1.72705,0.0677815,0.0676858,3.49701e-05,0.057417,,
81.396,pf,map,-1.89991,-1.07938,1.73871,0.0403364,0.0387165,-0.000653929,4.932,519.564,1
81.468,odom,map,-1.74785,-1.10224,1.7352,0,0,0,,,
81.504,odom,map,-1.74999,-1.08924,1.73203,0,0,0,,,
81.54,odom,map,-1.75208,-1.07624,1.72885,0,0,0,,,
81.576,odom,map,-1.75412,-1.06334,1.72652,0,0,0,,,
81.612,ekf,map,-1.84688,-1.00803,1.70818,0.0687995,0.068669,3.83869e-05,0.056667,,
81.612,odom,map,-1.7566,-1.04944,1.72323,0,0,0,,,
81.612,ekf_predict_only,map,-1.77507,-0.997122,1.69258,81.224,103.951,-39.8537,,,
81.612,kf,map,-1.8473,-1.00821,1.70934,0.0625532,0.0625532,-5.84521e-40,0.390917,,
81.6,amcl,map,-1.78405,-1.05371,1.75492,0.032862,0.0670343,-0.025501,,,
81.612,pf,map,-1.87098,-1.00274,1.71881,0.0393792,0.0390465,1.02661e-05,4.55829,530.308,1
81.648,odom,map,-1.76012,-1.03289,1.71672,0,0,0,,,
81.684,odom,map,-1.7635,-1.0163,1.71021,0,0,0,,,
81.72,odom,map,-1.7667,-0.999983,1.70446,0,0,0,,,
81.756,odom,map,-1.76973,-0.984052,1.69979,0,0,0,,,
81.792,odom,map,-1.77262,-0.968399,1.69564,0,0,0,,,
81.828,odom,map,-1.77444,-0.955702,1.69512,0,0,0,,,
81.792,kf,map,-1.8549,-0.947403,1.70526,0.0623768,0.0623768,-8.27394e-41,0.063292,,
81.792,ekf_predict_only,map,-1.78217,-0.939099,1.69651,78.8974,104.458,-38.3382,,,
81.792,ekf,map,-1.85461,-0.947085,1.70421,0.0677487,0.0676311,2.96392e-05,0.130583,,
81.792,pf,map,-1.88485,-0.95232,1.72017,0.0434101,0.0386876,-1.13905e-06,4.72804,529.154,1
81.864,odom,map,-1.77587,-0.944322,1.69652,0,0,0,,,
81.9,odom,map,-1.77729,-0.933212,1.69892,0,0,0,,,
81.936,odom,map,-1.77871,-0.922263,1.70187,0,0,0,,,
81.972,odom,map,-1.78017,-0.911318,1.70481,0,0,0,,,
82.008,odom,map,-1.78165,-0.900415,1.70676,0,0,0,,,
82.008,ekf,map,-1.86362,-0.879721,1.71159,0.0688226,0.0686841,3.00731e-05,0.064,,
82.008,kf,map,-1.86371,-0.880016,1.71174,0.0625528,0.0625528,-1.16025e-41,0.056041,,
82.008,ekf_predict_only,map,-1.79045,-0.873645,1.70113,76.4076,105.035,-36.6155,,,
82.008,pf,map,-1.89509,-0.902863,1.73758,0.0347366,0.0439787,-0.00373506,4.79996,527.269,1
82.044,odom,map,-1.78315,-0.889493,1.70717,0,0,0,,,
82.08,odom,map,-1.78465,-0.878551,1.70719,0,0,0,,,
82.116,odom,map,-1.78616,-0.867609,1.70721,0,0,0,,,
82.152,odom,map,-1.78764,-0.856767,1.70625,0,0,0,,,
82.188,odom,map,-1.78909,-0.846062,1.70382,0,0,0,,,
82.224,odom,map,-1.7905,-0.835401,1.70112,0,0,0,,,
82.188,kf,map,-1.87138,-0.825361,1.70552,0.0623767,0.0623767,-1.64235e-42,0.106875,,
82.188,ekf_predict_only,map,-1.79744,-0.820327,1.68763,74.5137,105.54,-35.2022,,,
82.188,ekf,map,-1.87143,-0.825156,1.70609,0.0677685,0.0676536,2.25719e-05,0.101292,,
82.188,pf,map,-1.90399,-0.844827,1.72757,0.0396894,0.0386019,-0.00110307,7.70271,516.145,1
82.26,odom,map,-1.79188,-0.824735,1.69842,0,0,0,,,
82.296,odom,map,-1.79321,-0.814258,1.6952,0,0,0,,,
82.332,odom,map,-1.79447,-0.803998,1.69102,0,0,0,,,
82.368,odom,map,-1.79569,-0.79376,1.68652,0,0,0,,,
82.404,odom,map,-1.79717,-0.783874,1.68194,0,0,0,,,
82.404,ekf_predict_only,map,-1.80452,-0.759932,1.65409,72.4812,106.052,-33.5706,,,
82.404,ekf,map,-1.8797,-0.763014,1.6828,0.0688349,0.0687069,2.29308e-05,0.057917,,
82.404,kf,map,-1.87956,-0.763246,1.68167,0.0625527,0.0625527,-2.30306e-43,0.061542,,
82.404,pf,map,-1.90987,-0.786222,1.69644,0.0395232,0.043483,-0.000791058,4.54587,535.242,1
82.44,odom,map,-1.80437,-0.778035,1.68621,0,0,0,,,
82.476,odom,map,-1.81172,-0.772233,1.69,0,0,0,,,
82.512,odom,map,-1.81921,-0.766422,1.69379,0,0,0,,,
82.548,odom,map,-1.82683,-0.760855,1.69666,0,0,0,,,
82.584,odom,map,-1.83457,-0.755367,1.69875,0,0,0,,,
82.62,odom,map,-1.83871,-0.747734,1.69455,0,0,0,,,
82.584,ekf_predict_only,map,-1.80845,-0.712879,1.60447,71.0129,106.381,-32.2627,,,
82.584,ekf,map,-1.88483,-0.713828,1.64693,0.0677707,0.0676683,1.7055e-05,0.170458,,
82.584,kf,map,-1.88466,-0.714078,1.64544,0.0623767,0.0623767,-3.26001e-44,0.055792,,
82.602,amcl,map,-1.83861,-0.773732,1.6982,0.0264087,0.0859096,-0.0166236,,,
82.584,pf,map,-1.93185,-0.72867,1.66928,0.0387408,0.0432377,-0.00188246,8.29462,529.563,1
82.656,odom,map,-1.83982,-0.738415,1.68421,0,0,0,,,
82.692,odom,map,-1.84083,-0.729106,1.67365,0,0,0,,,
82.728,odom,map,-1.84173,-0.71988,1.66261,0,0,0,,,
82.764,odom,map,-1.84252,-0.710722,1.65077,0,0,0,,,
82.8,odom,map,-1.84319,-0.701652,1.63829,0,0,0,,,
82.8,ekf_predict_only,map,-1.81028,-0.658668,1.52312,69.4071,106.588,-30.7062,,,
82.8,ekf,map,-1.8881,-0.657843,1.58135,0.0688291,0.0687183,1.65448e-05,0.056417,,
82.8,kf,map,-1.88796,-0.658094,1.57938,0.0625527,0.0625527,-4.57151e-45,0.05575,,
82.8,pf,map,-1.91541,-0.66913,1.59925,0.0372741,0.042117,0.00159102,4.71725,518.757,1
82.836,odom,map,-1.84374,-0.692628,1.62473,0,0,0,,,
82.872,odom,map,-1.84416,-0.683639,1.61096,0,0,0,,,
82.908,odom,map,-1.84446,-0.674704,1.59678,0,0,0,,,
82.944,odom,map,-1.84462,-0.665969,1.5821,0,0,0,,,
82.98,odom,map,-1.84465,-0.657483,1.56614,0,0,0,,,
83.016,odom,map,-1.84454,-0.649045,1.54984,0,0,0,,,
83.016,ekf_predict_only,map,-1.80787,-0.608231,1.42388,68.0178,106.548,-29.1961,,,
83.016,kf,map,-1.88706,-0.605568,1.49262,0.0625774,0.0625774,-6.40216e-46,0.062542,,
83.016,ekf,map,-1.88709,-0.605285,1.4945,0.0690651,0.0689623,1.30618e-05,0.073625,,
83.016,pf,map,-1.93184,-0.618147,1.51589,0.0370664,0.0368055,0.00107158,5.77921,528.438,1
83.052,odom,map,-1.8443,-0.640824,1.53273,0,0,0,,,
83.088,odom,map,-1.84393,-0.632946,1.51475,0,0,0,,,
83.124,odom,map,-1.84344,-0.625428,1.49618,0,0,0,,,
83.16,odom,map,-1.84283,-0.618088,1.47742,0,0,0,,,
83.196,odom,map,-1.84209,-0.610977,1.45824,0,0,0,,,
83.232,odom,map,-1.84123,-0.603948,1.43893,0,0,0,,,
83.196,ekf_predict_only,map,-1.80269,-0.573203,1.32734,67.1389,106.345,-28.1021,,,
83.196,ekf,map,-1.88276,-0.56759,1.40508,0.0677503,0.0676739,7.61837e-06,0.096958,,
83.196,kf,map,-1.88281,-0.567888,1.40382,0.0623802,0.0623802,-9.06066e-47,0.110875,,
83.202,amcl,map,-1.82814,-0.65403,1.44257,0.0175825,0.0662178,-0.00661167,,,
83.196,pf,map,-1.92742,-0.587173,1.445,0.0437253,0.0386226,0.00132892,6.224,526.419,1
83.268,odom,map,-1.84026,-0.59716,1.41941,0,0,0,,,
83.304,odom,map,-1.83919,-0.590577,1.39977,0,0,0,,,
83.34,odom,map,-1.83806,-0.584367,1.37951,0,0,0,,,
83.376,odom,map,-1.8369,-0.578727,1.35867,0,0,0,,,
83.412,odom,map,-1.83572,-0.574573,1.33744,0,0,0,,,
83.412,ekf_predict_only,map,-1.79498,-0.542148,1.19933,66.4093,105.997,-27.097,,,
83.412,ekf,map,-1.87489,-0.531368,1.28438,0.0687326,0.0686577,4.81057e-06,0.056666,,
83.412,kf,map,-1.87509,-0.531902,1.28326,0.0625532,0.0625532,-1.27054e-47,0.074125,,
83.412,pf,map,-1.93221,-0.559991,1.29734,0.0394771,0.0395647,-0.000738639,5.43379,502.781,1
83.448,odom,map,-1.8345,-0.573207,1.31598,0,0,0,,,
83.484,odom,map,-1.83323,-0.572091,1.29424,0,0,0,,,
83.52,odom,map,-1.8319,-0.57119,1.27232,0,0,0,,,
83.556,odom,map,-1.83056,-0.57059,1.24995,0,0,0,,,
83.592,odom,map,-1.82918,-0.570193,1.22734,0,0,0,,,
83.592,ekf_predict_only,map,-1.78721,-0.522225,1.08658,65.9959,105.649,-26.4212,,,
83.628,odom,map,-1.8277,-0.567209,1.20476,0,0,0,,,
83.592,ekf,map,-1.86669,-0.507697,1.17611,0.067676,0.0676235,1.68167e-06,0.114125,,
83.592,kf,map,-1.86691,-0.50815,1.17534,0.0623768,0.0623768,-1.79846e-48,0.121833,,
83.592,pf,map,-1.9198,-0.509669,1.18368,0.0422308,0.0384754,-0.000325005,7.26387,525.21,1
83.601,amcl,map,-1.81648,-0.598307,1.20974,0.0128214,0.0586208,-0.00469188,,,
83.664,odom,map,-1.82612,-0.563233,1.18221,0,0,0,,,
83.7,odom,map,-1.8246,-0.559632,1.1593,0,0,0,,,
83.736,odom,map,-1.82308,-0.556241,1.13628,0,0,0,,,
83.772,odom,map,-1.82152,-0.55298,1.11308,0,0,0,,,
83.808,odom,map,-1.82003,-0.550046,1.08974,0,0,0,,,
83.808,ekf_predict_only,map,-1.77846,-0.505583,0.946492,65.6785,105.245,-25.833,,,
83.808,kf,map,-1.85702,-0.487459,1.03866,0.0625528,0.0625528,-2.52197e-49,0.093458,,
83.808,ekf,map,-1.8567,-0.486984,1.03923,0.0687242,0.0686775,-2.73671e-07,0.05625,,
83.808,pf,map,-1.91551,-0.494083,1.04291,0.0422497,0.0407695,0.00166383,5.97537,533.307,1
83.844,odom,map,-1.81866,-0.547487,1.06617,0,0,0,,,
83.88,odom,map,-1.81735,-0.545192,1.04257,0,0,0,,,
83.916,odom,map,-1.81606,-0.543029,1.01898,0,0,0,,,
83.952,odom,map,-1.81479,-0.54102,0.995302,0,0,0,,,
83.988,odom,map,-1.81359,-0.539227,0.971543,0,0,0,,,
83.988,ekf,map,-1.84965,-0.476315,0.921575,0.0676793,0.0676494,-9.962e-07,0.060875,,
84.024,odom,map,-1.81074,-0.540324,0.946329,0,0,0,,,
83.988,kf,map,-1.84995,-0.476716,0.921211,0.0623767,0.0623767,-3.56988e-50,0.061083,,
84,amcl,map,-1.80606,-0.577743,0.959079,0.012723,0.0539526,-0.00343296,,,
83.988,ekf_predict_only,map,-1.77314,-0.498193,0.826913,65.5965,105.041,-25.556,,,
83.988,pf,map,-1.90135,-0.475195,0.932143,0.0354268,0.0391327,-0.0014061,12.3823,510.773,1
84.06,odom,map,-1.80691,-0.543038,0.920311,0,0,0,,,
84.096,odom,map,-1.80314,-0.545902,0.894281,0,0,0,,,
84.132,odom,map,-1.79946,-0.548955,0.868308,0,0,0,,,
84.168,odom,map,-1.79587,-0.552178,0.842496,0,0,0,,,
84.204,odom,map,-1.79246,-0.555237,0.816847,0,0,0,,,
84.204,ekf,map,-1.84327,-0.468719,0.779559,0.0687274,0.0687032,-1.43509e-06,0.053084,,
84.204,ekf_predict_only,map,-1.76821,-0.492844,0.684936,65.566,104.86,-25.3434,,,
84.204,kf,map,-1.84356,-0.469031,0.779427,0.0625527,0.0625527,-5.00603e-51,0.055083,,
84.204,pf,map,-1.88876,-0.468719,0.783937,0.0386991,0.038458,-0.00193135,10.9705,528.424,1
84.24,odom,map,-1.79171,-0.554461,0.793341,0,0,0,,,
84.276,odom,map,-1.79116,-0.553909,0.770083,0,0,0,,,
84.312,odom,map,-1.7908,-0.553575,0.746887,0,0,0,,,
84.348,odom,map,-1.79051,-0.553307,0.723686,0,0,0,,,
84.384,odom,map,-1.79031,-0.553135,0.700603,0,0,0,,,
84.42,odom,map,-1.79039,-0.553481,0.677524,0,0,0,,,
84.384,ekf_predict_only,map,-1.76733,-0.492119,0.569635,65.6484,104.909,-25.312,,,
84.384,ekf,map,-1.84089,-0.466535,0.663608,0.0676803,0.0676657,-1.06537e-06,0.108875,,
84.384,kf,map,-1.84112,-0.466761,0.663609,0.0623767,0.0623767,-7.0861e-52,0.056292,,
84.402,amcl,map,-1.79495,-0.561338,0.686784,0.0123095,0.0466028,-0.0011348,,,
84.384,pf,map,-1.88934,-0.471179,0.676109,0.0375973,0.046094,0.00296929,7.96529,517.61,1
84.456,odom,map,-1.79081,-0.554331,0.654714,0,0,0,,,
84.492,odom,map,-1.79148,-0.555376,0.632329,0,0,0,,,
84.528,odom,map,-1.79216,-0.556416,0.609943,0,0,0,,,
84.564,odom,map,-1.79294,-0.55752,0.587922,0,0,0,,,
84.6,odom,map,-1.79387,-0.558715,0.566162,0,0,0,,,
84.6,ekf_predict_only,map,-1.77058,-0.494201,0.439563,65.799,105.195,-25.4108,,,
84.6,kf,map,-1.84229,-0.467486,0.530728,0.0625527,0.0625527,-9.93682e-53,0.059125,,
84.6,ekf,map,-1.84203,-0.467252,0.530451,0.0687273,0.068716,-9.12394e-07,0.054375,,
84.6,pf,map,-1.89253,-0.485951,0.544358,0.0421856,0.0427117,0.00436201,5.83713,507.904,1
84.636,odom,map,-1.79443,-0.559078,0.544483,0,0,0,,,
84.672,odom,map,-1.7951,-0.559469,0.522987,0,0,0,,,
84.708,odom,map,-1.79606,-0.560009,0.501933,0,0,0,,,
84.744,odom,map,-1.79715,-0.560592,0.481107,0,0,0,,,
84.78,odom,map,-1.79831,-0.561186,0.460436,0,0,0,,,
84.816,odom,map,-1.80004,-0.562589,0.440714,0,0,0,,,
84.816,ekf_predict_only,map,-1.77882,-0.498079,0.318868,65.9937,105.766,-25.6224,,,
84.816,ekf,map,-1.84792,-0.470138,0.405148,0.0689684,0.0689608,-7.57979e-07,0.098333,,
84.816,kf,map,-1.84819,-0.47039,0.405679,0.0625774,0.0625774,-1.3916e-53,0.066791,,
84.801,amcl,map,-1.78511,-0.549174,0.455772,0.0139633,0.0400414,0.00119626,,,
84.816,pf,map,-1.88801,-0.470636,0.418428,0.0371837,0.0357744,0.0032961,5.23592,514.666,1
84.852,odom,map,-1.80249,-0.565213,0.422041,0,0,0,,,
84.888,odom,map,-1.80528,-0.567953,0.403906,0,0,0,,,
84.924,odom,map,-1.80813,-0.570682,0.385834,0,0,0,,,
84.96,odom,map,-1.81099,-0.573379,0.367762,0,0,0,,,
84.996,odom,map,-1.81421,-0.57618,0.350489,0,0,0,,,
85.032,odom,map,-1.81665,-0.577224,0.332296,0,0,0,,,
84.996,ekf_predict_only,map,-1.79052,-0.501939,0.227161,66.1885,106.539,-25.8771,,,
84.996,ekf,map,-1.85724,-0.473469,0.308474,0.0676774,0.0676736,-7.36305e-07,0.061084,,
84.996,kf,map,-1.8575,-0.473693,0.309062,0.0623802,0.0623802,-1.96946e-54,0.061958,,
84.996,pf,map,-1.89786,-0.494187,0.340026,0.0395383,0.0380146,0.000893418,7.12788,508.95,1
85.068,odom,map,-1.81898,-0.578007,0.313955,0,0,0,,,
85.104,odom,map,-1.82143,-0.578778,0.29626,0,0,0,,,
85.14,odom,map,-1.82401,-0.579539,0.279156,0,0,0,,,
85.176,odom,map,-1.8267,-0.580286,0.262501,0,0,0,,,
85.212,odom,map,-1.82929,-0.580586,0.245829,0,0,0,,,
85.212,ekf_predict_only,map,-1.80737,-0.505836,0.131967,66.3848,107.619,-26.1986,,,
85.212,kf,map,-1.8725,-0.477534,0.206327,0.0625532,0.0625532,-2.7617e-55,0.060291,,
85.212,ekf,map,-1.87229,-0.477301,0.205406,0.0686605,0.0686591,-1.2158e-06,1.29317,,
85.2,amcl,map,-1.82709,-0.548272,0.237581,0.0147957,0.0408744,-1.94251e-05,,,
85.212,pf,map,-1.9045,-0.480293,0.214285,0.0362188,0.0355726,-0.00160805,14.2781,520.857,1
85.248,odom,map,-1.83149,-0.579883,0.228258,0,0,0,,,
85.284,odom,map,-1.83371,-0.579125,0.210687,0,0,0,,,
85.32,odom,map,-1.83554,-0.578235,0.193926,0,0,0,,,
85.356,odom,map,-1.83613,-0.577068,0.179703,0,0,0,,,
85.392,odom,map,-1.83565,-0.575695,0.168072,0,0,0,,,
85.428,odom,map,-1.83549,-0.575308,0.160265,0,0,0,,,
85.392,kf,map,-1.87783,-0.478042,0.160328,0.0623768,0.0623768,-3.90921e-56,0.059583,,
85.392,ekf_predict_only,map,-1.80737,-0.505836,0.131967,66.4848,107.719,-26.1986,,,
85.392,ekf,map,-1.87823,-0.477965,0.15616,0.067625,0.0676247,-9.55851e-07,0.058208,,
85.392,pf,map,-1.92554,-0.475503,0.146466,0.03336,0.0378454,0.00230832,6.01646,537.114,1
85.464,odom,map,-1.83549,-0.575308,0.155524,0,0,0,,,
85.5,odom,map,-1.83549,-0.575308,0.153374,0,0,0,,,
85.536,odom,map,-1.83549,-0.575308,0.153233,0,0,0,,,
85.572,odom,map,-1.83549,-0.575308,0.153233,0,0,0,,,
85.608,odom,map,-1.83484,-0.574696,0.153601,0,0,0,,,
85.608,ekf,map,-1.88017,-0.478223,0.130102,0.0686783,0.0686784,-8.53846e-07,0.062167,,
85.608,kf,map,-1.87985,-0.478234,0.133987,0.0625528,0.0625528,-5.48186e-57,0.055292,,
85.608,ekf_predict_only,map,-1.80737,-0.505836,0.131967,66.5848,107.819,-26.1986,,,
85.608,pf,map,-1.94461,-0.490378,0.12112,0.0440918,0.0372832,-0.00163004,7.989,533.669,1
85.644,odom,map,-1.83193,-0.57194,0.155257,0,0,0,,,
85.68,odom,map,-1.82902,-0.569184,0.156913,0,0,0,,,
85.716,odom,map,-1.82611,-0.566428,0.158569,0,0,0,,,
85.752,odom,map,-1.8232,-0.563672,0.160225,0,0,0,,,
85.788,odom,map,-1.8203,-0.560917,0.161881,0,0,0,,,
85.824,odom,map,-1.81925,-0.559921,0.162479,0,0,0,,,
85.788,ekf_predict_only,map,-1.80737,-0.505836,0.131967,66.6848,107.919,-26.1986,,,
85.788,ekf,map,-1.88077,-0.478308,0.122062,0.0676495,0.0676497,-5.35231e-07,0.059375,,
85.788,kf,map,-1.8806,-0.478306,0.12415,0.0623767,0.0623767,-7.75965e-58,0.058459,,
85.788,pf,map,-1.92833,-0.489338,0.129,0.0407868,0.0355815,-0.00116716,7.37158,508.52,1
85.86,odom,map,-1.81925,-0.559921,0.162479,0,0,0,,,
85.896,odom,map,-1.81925,-0.559921,0.162479,0,0,0,,,
85.932,odom,map,-1.81925,-0.559921,0.162479,0,0,0,,,
85.968,odom,map,-1.81925,-0.559921,0.162479,0,0,0,,,
86.004,odom,map,-1.81943,-0.559826,0.162339,0,0,0,,,
86.004,ekf_predict_only,map,-1.80737,-0.505836,0.131967,66.7848,108.019,-26.1986,,,
86.004,ekf,map,-1.88096,-0.478336,0.119421,0.068703,0.0687032,-4.21123e-07,0.056834,,
86.004,kf,map,-1.88088,-0.478333,0.120439,0.0625527,0.0625527,-1.08813e-58,0.062083,,
86.004,pf,map,-1.93132,-0.471725,0.150222,0.0429422,0.0394922,0.000419367,4.51179,509.199,1
86.04,odom,map,-1.82273,-0.558103,0.159816,0,0,0,,,
86.076,odom,map,-1.82603,-0.556381,0.157293,0,0,0,,,
86.112,odom,map,-1.82933,-0.554659,0.15477,0,0,0,,,
86.148,odom,map,-1.83263,-0.552937,0.152247,0,0,0,,,
86.184,odom,map,-1.83593,-0.551215,0.149723,0,0,0,,,
86.22,odom,map,-1.83739,-0.55045,0.148602,0,0,0,,,
86.184,ekf_predict_only,map,-1.80737,-0.505836,0.131967,66.8848,108.119,-26.1986,,,
86.184,ekf,map,-1.88102,-0.478345,0.118606,0.0676655,0.0676656,-2.51048e-07,0.130458,,
86.184,kf,map,-1.88099,-0.478343,0.119053,0.0623767,0.0623767,-1.54027e-59,0.241916,,
86.184,pf,map,-1.92623,-0.478215,0.139432,0.0436349,0.0422843,-0.00137842,4.63867,509.868,1
86.256,odom,map,-1.83739,-0.55045,0.148602,0,0,0,,,
86.292,odom,map,-1.83739,-0.55045,0.148602,0,0,0,,,
86.328,odom,map,-1.83739,-0.55045,0.148602,0,0,0,,,
86.364,odom,map,-1.83739,-0.55045,0.148602,0,0,0,,,
86.4,odom,map,-1.83739,-0.55045,0.148602,0,0,0,,,
86.4,ekf_predict_only,map,-1.80737,-0.505836,0.131967,66.9848,108.219,-26.1986,,,
86.4,ekf,map,-1.88104,-0.478348,0.118339,0.0687158,0.0687159,-1.92086e-07,0.056333,,
86.4,kf,map,-1.88103,-0.478347,0.11853,0.0625527,0.0625527,-2.15991e-60,0.056583,,
86.4,pf,map,-1.91884,-0.48012,0.128853,0.0417043,0.0383762,0.00278704,4.48092,497.619,1
86.436,odom,map,-1.83739,-0.55045,0.148602,0,0,0,,,
86.472,odom,map,-1.83739,-0.55045,0.148602,0,0,0,,,
86.508,odom,map,-1.83739,-0.55045,0.148602,0,0,0,,,
86.544,odom,map,-1.83739,-0.55045,0.148602,0,0,0,,,
86.58,odom,map,-1.83739,-0.55045,0.148602,0,0,0,,,
86.616,odom,map,-1.83739,-0.55045,0.148602,0,0,0,,,
86.652,odom,map,-1.83739,-0.55045,0.148602,0,0,0,,,
86.688,odom,map,-1.83739,-0.55045,0.148602,0,0,0,,,
86.724,odom,map,-1.83739,-0.55045,0.148602,0,0,0,,,
86.76,odom,map,-1.83739,-0.55045,0.148602,0,0,0,,,
86.796,odom,map,-1.83739,-0.55045,0.148602,0,0,0,,,
86.832,odom,map,-1.83739,-0.55045,0.148602,0,0,0,,,
86.868,odom,map,-1.83739,-0.55045,0.148602,0,0,0,,,
86.904,odom,map,-1.83739,-0.55045,0.148602,0,0,0,,,
86.94,odom,map,-1.83739,-0.55045,0.148602,0,0,0,,,
86.976,odom,map,-1.83739,-0.55045,0.148602,0,0,0,,,
87.012,odom,map,-1.83739,-0.55045,0.148602,0,0,0,,,
87.048,odom,map,-1.83739,-0.55045,0.148602,0,0,0,,,
87.084,odom,map,-1.83739,-0.55045,0.148602,0,0,0,,,
87.12,odom,map,-1.83739,-0.55045,0.148602,0,0,0,,,
87.156,odom,map,-1.83739,-0.55045,0.148602,0,0,0,,,
87.192,odom,map,-1.83739,-0.55045,0.148602,0,0,0,,,
87.228,odom,map,-1.83739,-0.55045,0.148602,0,0,0,,,
87.264,odom,map,-1.83739,-0.55045,0.148602,0,0,0,,,
87.3,odom,map,-1.83739,-0.55045,0.148602,0,0,0,,,
87.336,odom,map,-1.83739,-0.55045,0.148602,0,0,0,,,
87.372,odom,map,-1.83739,-0.55045,0.148602,0,0,0,,,
87.408,odom,map,-1.83739,-0.55045,0.148602,0,0,0,,,
87.444,odom,map,-1.83739,-0.55045,0.148602,0,0,0,,,
87.48,odom,map,-1.83739,-0.55045,0.148602,0,0,0,,,
87.516,odom,map,-1.83739,-0.55045,0.148602,0,0,0,,,
87.552,odom,map,-1.83739,-0.55045,0.148602,0,0,0,,,
87.588,odom,map,-1.83739,-0.55045,0.148602,0,0,0,,,
87.624,odom,map,-1.83739,-0.55045,0.148602,0,0,0,,,
87.66,odom,map,-1.83739,-0.55045,0.148602,0,0,0,,,
87.696,odom,map,-1.83739,-0.55045,0.148602,0,0,0,,,
87.732,odom,map,-1.83739,-0.55045,0.148602,0,0,0,,,
87.768,odom,map,-1.83739,-0.55045,0.148602,0,0,0,,,
87.804,odom,map,-1.83739,-0.55045,0.148602,0,0,0,,,
87.84,odom,map,-1.83739,-0.55045,0.148602,0,0,0,,,
87.876,odom,map,-1.83739,-0.55045,0.148602,0,0,0,,,
87.912,odom,map,-1.83739,-0.55045,0.148602,0,0,0,,,
87.948,odom,map,-1.83739,-0.55045,0.148602,0,0,0,,,
87.984,odom,map,-1.83739,-0.55045,0.148602,0,0,0,,,
88.02,odom,map,-1.83739,-0.55045,0.148602,0,0,0,,,
88.056,odom,map,-1.83739,-0.55045,0.148602,0,0,0,,,
88.092,odom,map,-1.83739,-0.55045,0.148602,0,0,0,,,
88.128,odom,map,-1.83739,-0.55045,0.148602,0,0,0,,,
88.164,odom,map,-1.83739,-0.55045,0.148602,0,0,0,,,
88.2,odom,map,-1.83739,-0.55045,0.148602,0,0,0,,,
88.236,odom,map,-1.83739,-0.55045,0.148602,0,0,0,,,
88.272,odom,map,-1.83739,-0.55045,0.148602,0,0,0,,,
88.308,odom,map,-1.83739,-0.55045,0.148602,0,0,0,,,
88.344,odom,map,-1.83739,-0.55045,0.148602,0,0,0,,,
88.38,odom,map,-1.83739,-0.55045,0.148602,0,0,0,,,
88.416,odom,map,-1.83739,-0.55045,0.148602,0,0,0,,,
88.452,odom,map,-1.83739,-0.55045,0.148602,0,0,0,,,
88.488,odom,map,-1.83739,-0.55045,0.148602,0,0,0,,,
88.524,odom,map,-1.83739,-0.55045,0.148602,0,0,0,,,
88.56,odom,map,-1.83739,-0.55045,0.148602,0,0,0,,,
88.596,odom,map,-1.83739,-0.55045,0.148602,0,0,0,,,
88.632,odom,map,-1.83739,-0.55045,0.148602,0,0,0,,,
88.668,odom,map,-1.83739,-0.55045,0.148602,0,0,0,,,
88.704,odom,map,-1.83739,-0.55045,0.148602,0,0,0,,,
88.74,odom,map,-1.83739,-0.55045,0.148602,0,0,0,,,
88.776,odom,map,-1.83739,-0.55045,0.148602,0,0,0,,,
88.812,odom,map,-1.83739,-0.55045,0.148602,0,0,0,,,
88.848,odom,map,-1.83739,-0.55045,0.148602,0,0,0,,,
88.884,odom,map,-1.83739,-0.55045,0.148602,0,0,0,,,
88.92,odom,map,-1.83739,-0.55045,0.148602,0,0,0,,,
88.956,odom,map,-1.83739,-0.55045,0.148602,0,0,0,,,
88.992,odom,map,-1.83739,-0.55045,0.148602,0,0,0,,,
89.028,odom,map,-1.83739,-0.55045,0.148602,0,0,0,,,
89.064,odom,map,-1.83739,-0.55045,0.148602,0,0,0,,,
89.1,odom,map,-1.83739,-0.55045,0.148602,0,0,0,,,
89.136,odom,map,-1.83739,-0.55045,0.148602,0,0,0,,,
89.172,odom,map,-1.83739,-0.55045,0.148602,0,0,0,,,
89.208,odom,map,-1.83739,-0.55045,0.148602,0,0,0,,,
89.244,odom,map,-1.83739,-0.55045,0.148602,0,0,0,,,
89.28,odom,map,-1.83739,-0.55045,0.148602,0,0,0,,,
89.316,odom,map,-1.83739,-0.55045,0.148602,0,0,0,,,
89.352,odom,map,-1.83739,-0.55045,0.148602,0,0,0,,,
89.388,odom,map,-1.83739,-0.55045,0.148602,0,0,0,,,
89.424,odom,map,-1.83739,-0.55045,0.148602,0,0,0,,,
89.46,odom,map,-1.83739,-0.55045,0.148602,0,0,0,,,
89.496,odom,map,-1.83739,-0.55045,0.148602,0,0,0,,,
89.532,odom,map,-1.83739,-0.55045,0.148602,0,0,0,,,
89.568,odom,map,-1.83739,-0.55045,0.148602,0,0,0,,,
89.604,odom,map,-1.83739,-0.55045,0.148602,0,0,0,,,
89.64,odom,map,-1.83739,-0.55045,0.148602,0,0,0,,,
89.676,odom,map,-1.83739,-0.55045,0.148602,0,0,0,,,
89.712,odom,map,-1.83739,-0.55045,0.148602,0,0,0,,,
89.748,odom,map,-1.83739,-0.55045,0.148602,0,0,0,,,
89.784,odom,map,-1.83739,-0.55045,0.148602,0,0,0,,,
89.82,odom,map,-1.83739,-0.55045,0.148602,0,0,0,,,
89.856,odom,map,-1.83739,-0.55045,0.148602,0,0,0,,,
89.892,odom,map,-1.83739,-0.55045,0.148602,0,0,0,,,
89.928,odom,map,-1.83739,-0.55045,0.148602,0,0,0,,,
89.964,odom,map,-1.83739,-0.55045,0.148602,0,0,0,,,
90,odom,map,-1.83739,-0.55045,0.148602,0,0,0,,,
90.036,odom,map,-1.83739,-0.55045,0.148602,0,0,0,,,
90.072,odom,map,-1.83739,-0.55045,0.148602,0,0,0,,,
90.108,odom,map,-1.83739,-0.55045,0.148602,0,0,0,,,
90.144,odom,map,-1.83739,-0.55045,0.148602,0,0,0,,,
90.18,odom,map,-1.83739,-0.55045,0.148602,0,0,0,,,
90.216,odom,map,-1.83739,-0.55045,0.148602,0,0,0,,,
90.252,odom,map,-1.83739,-0.55045,0.148602,0,0,0,,,
90.288,odom,map,-1.83739,-0.55045,0.148602,0,0,0,,,
90.324,odom,map,-1.83739,-0.55045,0.148602,0,0,0,,,
90.36,odom,map,-1.83739,-0.55045,0.148602,0,0,0,,,
90.396,odom,map,-1.83739,-0.55045,0.148602,0,0,0,,,
90.432,odom,map,-1.83739,-0.55045,0.148602,0,0,0,,,
90.468,odom,map,-1.83739,-0.55045,0.148602,0,0,0,,,
90.504,odom,map,-1.83739,-0.55045,0.148602,0,0,0,,,
90.54,odom,map,-1.83739,-0.55045,0.148602,0,0,0,,,
90.576,odom,map,-1.83739,-0.55045,0.148602,0,0,0,,,
90.612,odom,map,-1.83739,-0.55045,0.148602,0,0,0,,,
90.648,odom,map,-1.83739,-0.55045,0.148602,0,0,0,,,
90.684,odom,map,-1.83739,-0.55045,0.148602,0,0,0,,,
90.72,odom,map,-1.83739,-0.55045,0.148602,0,0,0,,,
90.756,odom,map,-1.83739,-0.55045,0.148602,0,0,0,,,
90.792,odom,map,-1.83739,-0.55045,0.148602,0,0,0,,,
90.828,odom,map,-1.83739,-0.55045,0.148602,0,0,0,,,
90.864,odom,map,-1.83739,-0.55045,0.148602,0,0,0,,,
90.9,odom,map,-1.83739,-0.55045,0.148602,0,0,0,,,
90.936,odom,map,-1.83739,-0.55045,0.148602,0,0,0,,,
90.972,odom,map,-1.83739,-0.55045,0.148602,0,0,0,,,
91.008,odom,map,-1.83739,-0.55045,0.148602,0,0,0,,,
91.044,odom,map,-1.83739,-0.55045,0.148602,0,0,0,,,
91.08,odom,map,-1.83739,-0.55045,0.148602,0,0,0,,,
91.116,odom,map,-1.83739,-0.55045,0.148602,0,0,0,,,
91.152,odom,map,-1.83739,-0.55045,0.148602,0,0,0,,,
91.188,odom,map,-1.83739,-0.55045,0.148602,0,0,0,,,
91.224,odom,map,-1.83739,-0.55045,0.148602,0,0,0,,,
91.26,odom,map,-1.83739,-0.55045,0.148602,0,0,0,,,
91.296,odom,map,-1.83739,-0.55045,0.148602,0,0,0,,,
91.332,odom,map,-1.83739,-0.55045,0.148602,0,0,0,,,
91.368,odom,map,-1.83739,-0.55045,0.148602,0,0,0,,,
91.404,odom,map,-1.83739,-0.55045,0.148602,0,0,0,,,
91.44,odom,map,-1.83739,-0.55045,0.148602,0,0,0,,,
91.476,odom,map,-1.83739,-0.55045,0.148602,0,0,0,,,
91.512,odom,map,-1.83739,-0.55045,0.148602,0,0,0,,,
91.548,odom,map,-1.83739,-0.55045,0.148602,0,0,0,,,
91.584,odom,map,-1.83739,-0.55045,0.148602,0,0,0,,,
91.62,odom,map,-1.83739,-0.55045,0.148602,0,0,0,,,
91.656,odom,map,-1.83739,-0.55045,0.148602,0,0,0,,,
91.692,odom,map,-1.83739,-0.55045,0.148602,0,0,0,,,
91.728,odom,map,-1.83739,-0.55045,0.148602,0,0,0,,,
91.764,odom,map,-1.83739,-0.55045,0.148602,0,0,0,,,
91.8,odom,map,-1.83739,-0.55045,0.148602,0,0,0,,,
91.836,odom,map,-1.83739,-0.55045,0.148602,0,0,0,,,
91.872,odom,map,-1.83739,-0.55045,0.148602,0,0,0,,,
91.908,odom,map,-1.83739,-0.55045,0.148602,0,0,0,,,
91.944,odom,map,-1.83739,-0.55045,0.148602,0,0,0,,,
91.98,odom,map,-1.83739,-0.55045,0.148602,0,0,0,,,
92.016,odom,map,-1.83739,-0.55045,0.148602,0,0,0,,,
92.052,odom,map,-1.83739,-0.55045,0.148602,0,0,0,,,
92.088,odom,map,-1.83739,-0.55045,0.148602,0,0,0,,,
92.124,odom,map,-1.83739,-0.55045,0.148602,0,0,0,,,
92.16,odom,map,-1.83739,-0.55045,0.148602,0,0,0,,,
92.196,odom,map,-1.83739,-0.55045,0.148602,0,0,0,,,
92.232,odom,map,-1.83739,-0.55045,0.148602,0,0,0,,,
92.268,odom,map,-1.83739,-0.55045,0.148602,0,0,0,,,
92.304,odom,map,-1.83739,-0.55045,0.148602,0,0,0,,,
92.34,odom,map,-1.83739,-0.55045,0.148602,0,0,0,,,
92.376,odom,map,-1.83739,-0.55045,0.148602,0,0,0,,,
92.412,odom,map,-1.83739,-0.55045,0.148602,0,0,0,,,
92.448,odom,map,-1.83739,-0.55045,0.148602,0,0,0,,,
92.484,odom,map,-1.83739,-0.55045,0.148602,0,0,0,,,
92.52,odom,map,-1.83739,-0.55045,0.148602,0,0,0,,,
92.556,odom,map,-1.83739,-0.55045,0.148602,0,0,0,,,
92.592,odom,map,-1.83739,-0.55045,0.148602,0,0,0,,,
92.628,odom,map,-1.83739,-0.55045,0.148602,0,0,0,,,
92.664,odom,map,-1.83739,-0.55045,0.148602,0,0,0,,,
92.7,odom,map,-1.83739,-0.55045,0.148602,0,0,0,,,
92.736,odom,map,-1.83739,-0.55045,0.148602,0,0,0,,,
92.772,odom,map,-1.83739,-0.55045,0.148602,0,0,0,,,
92.808,odom,map,-1.83739,-0.55045,0.148602,0,0,0,,,
92.844,odom,map,-1.83739,-0.55045,0.148602,0,0,0,,,
92.88,odom,map,-1.83739,-0.55045,0.148602,0,0,0,,,
92.916,odom,map,-1.83739,-0.55045,0.148602,0,0,0,,,
92.952,odom,map,-1.83739,-0.55045,0.148602,0,0,0,,,
92.988,odom,map,-1.83739,-0.55045,0.148602,0,0,0,,,
93.024,odom,map,-1.83739,-0.55045,0.148602,0,0,0,,,
93.06,odom,map,-1.83739,-0.55045,0.148602,0,0,0,,,
93.096,odom,map,-1.83739,-0.55045,0.148602,0,0,0,,,
93.132,odom,map,-1.83739,-0.55045,0.148602,0,0,0,,,
93.168,odom,map,-1.83739,-0.55045,0.148602,0,0,0,,,
93.204,odom,map,-1.83739,-0.55045,0.148602,0,0,0,,,
93.24,odom,map,-1.83739,-0.55045,0.148602,0,0,0,,,
93.276,odom,map,-1.83739,-0.55045,0.148602,0,0,0,,,
93.312,odom,map,-1.83739,-0.55045,0.148602,0,0,0,,,
93.348,odom,map,-1.83739,-0.55045,0.148602,0,0,0,,,
93.384,odom,map,-1.83739,-0.55045,0.148602,0,0,0,,,
93.42,odom,map,-1.83739,-0.55045,0.148602,0,0,0,,,
93.456,odom,map,-1.83739,-0.55045,0.148602,0,0,0,,,
93.492,odom,map,-1.83739,-0.55045,0.148602,0,0,0,,,
93.528,odom,map,-1.83739,-0.55045,0.148602,0,0,0,,,
93.564,odom,map,-1.83739,-0.55045,0.148602,0,0,0,,,
93.6,odom,map,-1.83739,-0.55045,0.148602,0,0,0,,,
93.636,odom,map,-1.83739,-0.55045,0.148602,0,0,0,,,
93.672,odom,map,-1.83739,-0.55045,0.148602,0,0,0,,,
93.708,odom,map,-1.83739,-0.55045,0.148602,0,0,0,,,
93.744,odom,map,-1.83739,-0.55045,0.148602,0,0,0,,,
93.78,odom,map,-1.83739,-0.55045,0.148602,0,0,0,,,
93.816,odom,map,-1.83739,-0.55045,0.148602,0,0,0,,,
93.852,odom,map,-1.83739,-0.55045,0.148602,0,0,0,,,
93.888,odom,map,-1.83739,-0.55045,0.148602,0,0,0,,,
93.924,odom,map,-1.83739,-0.55045,0.148602,0,0,0,,,
93.96,odom,map,-1.83739,-0.55045,0.148602,0,0,0,,,
93.996,odom,map,-1.83739,-0.55045,0.148602,0,0,0,,,
94.032,odom,map,-1.83739,-0.55045,0.148602,0,0,0,,,
94.068,odom,map,-1.83739,-0.55045,0.148602,0,0,0,,,
94.104,odom,map,-1.83739,-0.55045,0.148602,0,0,0,,,
94.14,odom,map,-1.83739,-0.55045,0.148602,0,0,0,,,
94.176,odom,map,-1.83739,-0.55045,0.148602,0,0,0,,,
94.212,odom,map,-1.83739,-0.55045,0.148602,0,0,0,,,
94.248,odom,map,-1.83739,-0.55045,0.148602,0,0,0,,,
94.284,odom,map,-1.83739,-0.55045,0.148602,0,0,0,,,
94.32,odom,map,-1.83739,-0.55045,0.148602,0,0,0,,,
94.356,odom,map,-1.83739,-0.55045,0.148602,0,0,0,,,
94.392,odom,map,-1.83739,-0.55045,0.148602,0,0,0,,,
94.428,odom,map,-1.83739,-0.55045,0.148602,0,0,0,,,
94.464,odom,map,-1.83739,-0.55045,0.148602,0,0,0,,,
94.5,odom,map,-1.83739,-0.55045,0.148602,0,0,0,,,
94.536,odom,map,-1.83739,-0.55045,0.148602,0,0,0,,,
94.572,odom,map,-1.83739,-0.55045,0.148602,0,0,0,,,
94.608,odom,map,-1.83739,-0.55045,0.148602,0,0,0,,,
94.644,odom,map,-1.83739,-0.55045,0.148602,0,0,0,,,
94.68,odom,map,-1.83739,-0.55045,0.148602,0,0,0,,,
94.716,odom,map,-1.83739,-0.55045,0.148602,0,0,0,,,
94.752,odom,map,-1.83739,-0.55045,0.148602,0,0,0,,,
94.788,odom,map,-1.83739,-0.55045,0.148602,0,0,0,,,
94.824,odom,map,-1.83739,-0.55045,0.148602,0,0,0,,,
94.86,odom,map,-1.83739,-0.55045,0.148602,0,0,0,,,
94.896,odom,map,-1.83739,-0.55045,0.148602,0,0,0,,,
94.932,odom,map,-1.83739,-0.55045,0.148602,0,0,0,,,
94.968,odom,map,-1.83739,-0.55045,0.148602,0,0,0,,,
95.004,odom,map,-1.83739,-0.55045,0.148602,0,0,0,,,
95.04,odom,map,-1.83739,-0.55045,0.148602,0,0,0,,,
95.076,odom,map,-1.83739,-0.55045,0.148602,0,0,0,,,
95.112,odom,map,-1.83739,-0.55045,0.148602,0,0,0,,,
95.148,odom,map,-1.83739,-0.55045,0.148602,0,0,0,,,
95.184,odom,map,-1.83739,-0.55045,0.148602,0,0,0,,,
95.22,odom,map,-1.83739,-0.55045,0.148602,0,0,0,,,
95.256,odom,map,-1.83739,-0.55045,0.148602,0,0,0,,,
95.292,odom,map,-1.83739,-0.55045,0.148602,0,0,0,,,
95.328,odom,map,-1.83739,-0.55045,0.148602,0,0,0,,,
95.364,odom,map,-1.83739,-0.55045,0.148602,0,0,0,,,
95.4,odom,map,-1.83739,-0.55045,0.148602,0,0,0,,,
95.436,odom,map,-1.83739,-0.55045,0.148602,0,0,0,,,
95.472,odom,map,-1.83739,-0.55045,0.148602,0,0,0,,,
95.508,odom,map,-1.83739,-0.55045,0.148602,0,0,0,,,
95.544,odom,map,-1.83739,-0.55045,0.148602,0,0,0,,,
95.58,odom,map,-1.83739,-0.55045,0.148602,0,0,0,,,
95.616,odom,map,-1.83739,-0.55045,0.148602,0,0,0,,,
95.652,odom,map,-1.83739,-0.55045,0.148602,0,0,0,,,
95.688,odom,map,-1.83739,-0.55045,0.148602,0,0,0,,,
95.724,odom,map,-1.83739,-0.55045,0.148602,0,0,0,,,
95.76,odom,map,-1.83739,-0.55045,0.148602,0,0,0,,,
95.796,odom,map,-1.83739,-0.55045,0.148602,0,0,0,,,
95.832,odom,map,-1.83739,-0.55045,0.148602,0,0,0,,,
95.868,odom,map,-1.83739,-0.55045,0.148602,0,0,0,,,
95.904,odom,map,-1.83739,-0.55045,0.148602,0,0,0,,,
95.94,odom,map,-1.83739,-0.55045,0.148602,0,0,0,,,
95.976,odom,map,-1.83739,-0.55045,0.148602,0,0,0,,,
96.012,odom,map,-1.83739,-0.55045,0.148602,0,0,0,,,
96.048,odom,map,-1.83739,-0.55045,0.148602,0,0,0,,,
96.084,odom,map,-1.83739,-0.55045,0.148602,0,0,0,,,
96.12,odom,map,-1.83739,-0.55045,0.148602,0,0,0,,,
96.156,odom,map,-1.83739,-0.55045,0.148602,0,0,0,,,
96.192,odom,map,-1.83739,-0.55045,0.148602,0,0,0,,,
96.228,odom,map,-1.83739,-0.55045,0.148602,0,0,0,,,
96.264,odom,map,-1.83739,-0.55045,0.148602,0,0,0,,,
96.3,odom,map,-1.83739,-0.55045,0.148602,0,0,0,,,
96.336,odom,map,-1.83739,-0.55045,0.148602,0,0,0,,,
96.372,odom,map,-1.83739,-0.55045,0.148602,0,0,0,,,
96.408,odom,map,-1.83739,-0.55045,0.148602,0,0,0,,,
96.444,odom,map,-1.83739,-0.55045,0.148602,0,0,0,,,
96.48,odom,map,-1.83739,-0.55045,0.148602,0,0,0,,,
96.516,odom,map,-1.83739,-0.55045,0.148602,0,0,0,,,
96.552,odom,map,-1.83739,-0.55045,0.148602,0,0,0,,,
96.588,odom,map,-1.83739,-0.55045,0.148602,0,0,0,,,
96.624,odom,map,-1.83739,-0.55045,0.148602,0,0,0,,,
96.66,odom,map,-1.83739,-0.55045,0.148602,0,0,0,,,
96.696,odom,map,-1.83739,-0.55045,0.148602,0,0,0,,,
96.732,odom,map,-1.83739,-0.55045,0.148602,0,0,0,,,
96.768,odom,map,-1.83739,-0.55045,0.148602,0,0,0,,,
96.804,odom,map,-1.83739,-0.55045,0.148602,0,0,0,,,
96.84,odom,map,-1.83739,-0.55045,0.148602,0,0,0,,,
96.876,odom,map,-1.83739,-0.55045,0.148602,0,0,0,,,
96.912,odom,map,-1.83739,-0.55045,0.148602,0,0,0,,,
96.948,odom,map,-1.83739,-0.55045,0.148602,0,0,0,,,
96.984,odom,map,-1.83739,-0.55045,0.148602,0,0,0,,,
97.02,odom,map,-1.83739,-0.55045,0.148602,0,0,0,,,
97.056,odom,map,-1.83739,-0.55045,0.148602,0,0,0,,,
97.092,odom,map,-1.83739,-0.55045,0.148602,0,0,0,,,
97.128,odom,map,-1.83739,-0.55045,0.148602,0,0,0,,,
97.164,odom,map,-1.83739,-0.55045,0.148602,0,0,0,,,
97.2,odom,map,-1.83739,-0.55045,0.148602,0,0,0,,,
97.236,odom,map,-1.83739,-0.55045,0.148602,0,0,0,,,
97.272,odom,map,-1.83739,-0.55045,0.148602,0,0,0,,,
97.308,odom,map,-1.83739,-0.55045,0.148602,0,0,0,,,
97.344,odom,map,-1.83739,-0.55045,0.148602,0,0,0,,,
97.38,odom,map,-1.83739,-0.55045,0.148602,0,0,0,,,
97.416,odom,map,-1.83739,-0.55045,0.148602,0,0,0,,,
97.452,odom,map,-1.83739,-0.55045,0.148602,0,0,0,,,
97.488,odom,map,-1.83739,-0.55045,0.148602,0,0,0,,,
97.524,odom,map,-1.83739,-0.55045,0.148602,0,0,0,,,
97.56,odom,map,-1.83739,-0.55045,0.148602,0,0,0,,,
97.596,odom,map,-1.83739,-0.55045,0.148602,0,0,0,,,
97.632,odom,map,-1.83739,-0.55045,0.148602,0,0,0,,,
97.668,odom,map,-1.83739,-0.55045,0.148602,0,0,0,,,
97.704,odom,map,-1.83739,-0.55045,0.148602,0,0,0,,,
97.74,odom,map,-1.83739,-0.55045,0.148602,0,0,0,,,
97.776,odom,map,-1.83739,-0.55045,0.148602,0,0,0,,,
97.812,odom,map,-1.83739,-0.55045,0.148602,0,0,0,,,
97.848,odom,map,-1.83739,-0.55045,0.148602,0,0,0,,,
97.884,odom,map,-1.83739,-0.55045,0.148602,0,0,0,,,
97.92,odom,map,-1.83739,-0.55045,0.148602,0,0,0,,,
97.956,odom,map,-1.83739,-0.55045,0.148602,0,0,0,,,
97.992,odom,map,-1.83739,-0.55045,0.148602,0,0,0,,,
98.028,odom,map,-1.83739,-0.55045,0.148602,0,0,0,,,
98.064,odom,map,-1.83739,-0.55045,0.148602,0,0,0,,,
98.1,odom,map,-1.83739,-0.55045,0.148602,0,0,0,,,
98.136,odom,map,-1.83739,-0.55045,0.148602,0,0,0,,,
98.172,odom,map,-1.83739,-0.55045,0.148602,0,0,0,,,
98.208,odom,map,-1.83739,-0.55045,0.148602,0,0,0,,,
98.244,odom,map,-1.83739,-0.55045,0.148602,0,0,0,,,
98.28,odom,map,-1.83739,-0.55045,0.148602,0,0,0,,,
98.316,odom,map,-1.83739,-0.55045,0.148602,0,0,0,,,
98.352,odom,map,-1.83739,-0.55045,0.148602,0,0,0,,,
98.388,odom,map,-1.83739,-0.55045,0.148602,0,0,0,,,
98.424,odom,map,-1.83739,-0.55045,0.148602,0,0,0,,,
98.46,odom,map,-1.83739,-0.55045,0.148602,0,0,0,,,
98.496,odom,map,-1.83739,-0.55045,0.148602,0,0,0,,,
98.532,odom,map,-1.83739,-0.55045,0.148602,0,0,0,,,
98.568,odom,map,-1.83739,-0.55045,0.148602,0,0,0,,,
98.604,odom,map,-1.83739,-0.55045,0.148602,0,0,0,,,
98.64,odom,map,-1.83739,-0.55045,0.148602,0,0,0,,,
98.676,odom,map,-1.83739,-0.55045,0.148602,0,0,0,,,
98.712,odom,map,-1.83739,-0.55045,0.148602,0,0,0,,,
98.748,odom,map,-1.83739,-0.55045,0.148602,0,0,0,,,
98.784,odom,map,-1.83739,-0.55045,0.148602,0,0,0,,,
98.82,odom,map,-1.83739,-0.55045,0.148602,0,0,0,,,
98.856,odom,map,-1.83739,-0.55045,0.148602,0,0,0,,,
98.892,odom,map,-1.83739,-0.55045,0.148602,0,0,0,,,
98.928,odom,map,-1.83739,-0.55045,0.148602,0,0,0,,,
98.964,odom,map,-1.83739,-0.55045,0.148602,0,0,0,,,
99,odom,map,-1.83739,-0.55045,0.148602,0,0,0,,,
99.036,odom,map,-1.83739,-0.55045,0.148602,0,0,0,,,
99.072,odom,map,-1.83739,-0.55045,0.148602,0,0,0,,,
99.108,odom,map,-1.83739,-0.55045,0.148602,0,0,0,,,
99.144,odom,map,-1.83739,-0.55045,0.148602,0,0,0,,,
99.18,odom,map,-1.83739,-0.55045,0.148602,0,0,0,,,
99.216,odom,map,-1.83739,-0.55045,0.148602,0,0,0,,,
99.252,odom,map,-1.83739,-0.55045,0.148602,0,0,0,,,
99.288,odom,map,-1.83739,-0.55045,0.148602,0,0,0,,,
99.324,odom,map,-1.83739,-0.55045,0.148602,0,0,0,,,
99.36,odom,map,-1.83739,-0.55045,0.148602,0,0,0,,,
99.396,odom,map,-1.83739,-0.55045,0.148602,0,0,0,,,
99.432,odom,map,-1.83739,-0.55045,0.148602,0,0,0,,,
99.468,odom,map,-1.83739,-0.55045,0.148602,0,0,0,,,
99.504,odom,map,-1.83739,-0.55045,0.148602,0,0,0,,,
99.54,odom,map,-1.83739,-0.55045,0.148602,0,0,0,,,
99.576,odom,map,-1.83739,-0.55045,0.148602,0,0,0,,,
99.612,odom,map,-1.83739,-0.55045,0.148602,0,0,0,,,
99.648,odom,map,-1.83739,-0.55045,0.148602,0,0,0,,,
99.684,odom,map,-1.83739,-0.55045,0.148602,0,0,0,,,
99.72,odom,map,-1.83739,-0.55045,0.148602,0,0,0,,,
99.756,odom,map,-1.83739,-0.55045,0.148602,0,0,0,,,
99.792,odom,map,-1.83739,-0.55045,0.148602,0,0,0,,,
99.828,odom,map,-1.83739,-0.55045,0.148602,0,0,0,,,
99.864,odom,map,-1.83739,-0.55045,0.148602,0,0,0,,,
99.9,odom,map,-1.83739,-0.55045,0.148602,0,0,0,,,
99.936,odom,map,-1.83739,-0.55045,0.148602,0,0,0,,,
99.972,odom,map,-1.83739,-0.55045,0.148602,0,0,0,,,
100.008,odom,map,-1.83739,-0.55045,0.148602,0,0,0,,,
100.044,odom,map,-1.83739,-0.55045,0.148602,0,0,0,,,
100.08,odom,map,-1.83739,-0.55045,0.148602,0,0,0,,,
100.116,odom,map,-1.83739,-0.55045,0.148602,0,0,0,,,
100.152,odom,map,-1.83739,-0.55045,0.148602,0,0,0,,,
100.188,odom,map,-1.83739,-0.55045,0.148602,0,0,0,,,
100.224,odom,map,-1.83739,-0.55045,0.148602,0,0,0,,,
100.26,odom,map,-1.83739,-0.55045,0.148602,0,0,0,,,
100.296,odom,map,-1.83739,-0.55045,0.148602,0,0,0,,,
100.332,odom,map,-1.83739,-0.55045,0.148602,0,0,0,,,
100.368,odom,map,-1.83739,-0.55045,0.148602,0,0,0,,,
100.404,odom,map,-1.83739,-0.55045,0.148602,0,0,0,,,
100.44,odom,map,-1.83739,-0.55045,0.148602,0,0,0,,,
100.476,odom,map,-1.83739,-0.55045,0.148602,0,0,0,,,
100.512,odom,map,-1.83739,-0.55045,0.148602,0,0,0,,,
100.548,odom,map,-1.83739,-0.55045,0.148602,0,0,0,,,
100.584,odom,map,-1.83739,-0.55045,0.148602,0,0,0,,,
100.62,odom,map,-1.83739,-0.55045,0.148602,0,0,0,,,
100.656,odom,map,-1.83739,-0.55045,0.148602,0,0,0,,,
100.692,odom,map,-1.83739,-0.55045,0.148602,0,0,0,,,
100.728,odom,map,-1.83739,-0.55045,0.148602,0,0,0,,,
100.764,odom,map,-1.83739,-0.55045,0.148602,0,0,0,,,
100.8,odom,map,-1.83739,-0.55045,0.148602,0,0,0,,,
100.836,odom,map,-1.83739,-0.55045,0.148602,0,0,0,,,
100.872,odom,map,-1.83739,-0.55045,0.148602,0,0,0,,,
100.908,odom,map,-1.83739,-0.55045,0.148602,0,0,0,,,
100.944,odom,map,-1.83739,-0.55045,0.148602,0,0,0,,,
100.98,odom,map,-1.83739,-0.55045,0.148602,0,0,0,,,
101.016,odom,map,-1.83739,-0.55045,0.148602,0,0,0,,,
101.052,odom,map,-1.83739,-0.55045,0.148602,0,0,0,,,
101.088,odom,map,-1.83739,-0.55045,0.148602,0,0,0,,,
101.124,odom,map,-1.83739,-0.55045,0.148602,0,0,0,,,
101.16,odom,map,-1.83739,-0.55045,0.148602,0,0,0,,,
101.196,odom,map,-1.83739,-0.55045,0.148602,0,0,0,,,
101.232,odom,map,-1.83739,-0.55045,0.148602,0,0,0,,,
101.268,odom,map,-1.83739,-0.55045,0.148602,0,0,0,,,
101.304,odom,map,-1.83739,-0.55045,0.148602,0,0,0,,,
101.34,odom,map,-1.83739,-0.55045,0.148602,0,0,0,,,
101.376,odom,map,-1.83739,-0.55045,0.148602,0,0,0,,,
101.412,odom,map,-1.83739,-0.55045,0.148602,0,0,0,,,
101.448,odom,map,-1.83739,-0.55045,0.148602,0,0,0,,,
101.484,odom,map,-1.83739,-0.55045,0.148602,0,0,0,,,
101.52,odom,map,-1.83739,-0.55045,0.148602,0,0,0,,,
101.556,odom,map,-1.83739,-0.55045,0.148602,0,0,0,,,
101.592,odom,map,-1.83739,-0.55045,0.148602,0,0,0,,,
101.628,odom,map,-1.83739,-0.55045,0.148602,0,0,0,,,
101.664,odom,map,-1.83739,-0.55045,0.148602,0,0,0,,,
101.7,odom,map,-1.83739,-0.55045,0.148602,0,0,0,,,
101.736,odom,map,-1.83739,-0.55045,0.148602,0,0,0,,,
101.772,odom,map,-1.83739,-0.55045,0.148602,0,0,0,,,
101.808,odom,map,-1.83739,-0.55045,0.148602,0,0,0,,,
101.844,odom,map,-1.83739,-0.55045,0.148602,0,0,0,,,
101.88,odom,map,-1.83739,-0.55045,0.148602,0,0,0,,,
101.916,odom,map,-1.83739,-0.55045,0.148602,0,0,0,,,
101.952,odom,map,-1.83739,-0.55045,0.148602,0,0,0,,,
101.988,odom,map,-1.83739,-0.55045,0.148602,0,0,0,,,
102.024,odom,map,-1.83739,-0.55045,0.148602,0,0,0,,,
102.06,odom,map,-1.83739,-0.55045,0.148602,0,0,0,,,
102.096,odom,map,-1.83739,-0.55045,0.148602,0,0,0,,,
102.132,odom,map,-1.83739,-0.55045,0.148602,0,0,0,,,
102.168,odom,map,-1.83739,-0.55045,0.148602,0,0,0,,,
102.204,odom,map,-1.83739,-0.55045,0.148602,0,0,0,,,
102.24,odom,map,-1.83739,-0.55045,0.148602,0,0,0,,,
102.276,odom,map,-1.83739,-0.55045,0.148602,0,0,0,,,
102.312,odom,map,-1.83739,-0.55045,0.148602,0,0,0,,,
102.348,odom,map,-1.83739,-0.55045,0.148602,0,0,0,,,
102.384,odom,map,-1.83739,-0.55045,0.148602,0,0,0,,,
102.42,odom,map,-1.83739,-0.55045,0.148602,0,0,0,,,
102.456,odom,map,-1.83739,-0.55045,0.148602,0,0,0,,,
102.492,odom,map,-1.83739,-0.55045,0.148602,0,0,0,,,
102.528,odom,map,-1.83739,-0.55045,0.148602,0,0,0,,,
102.564,odom,map,-1.83739,-0.55045,0.148602,0,0,0,,,
102.6,odom,map,-1.83739,-0.55045,0.148602,0,0,0,,,
102.636,odom,map,-1.83739,-0.55045,0.148602,0,0,0,,,
102.672,odom,map,-1.83739,-0.55045,0.148602,0,0,0,,,
102.708,odom,map,-1.83739,-0.55045,0.148602,0,0,0,,,
102.744,odom,map,-1.83739,-0.55045,0.148602,0,0,0,,,
102.78,odom,map,-1.83739,-0.55045,0.148602,0,0,0,,,
102.816,odom,map,-1.83739,-0.55045,0.148602,0,0,0,,,
102.852,odom,map,-1.83739,-0.55045,0.148602,0,0,0,,,
102.888,odom,map,-1.83739,-0.55045,0.148602,0,0,0,,,
102.924,odom,map,-1.83739,-0.55045,0.148602,0,0,0,,,
102.96,odom,map,-1.83739,-0.55045,0.148602,0,0,0,,,
102.996,odom,map,-1.83739,-0.55045,0.148602,0,0,0,,,
103.032,odom,map,-1.83739,-0.55045,0.148602,0,0,0,,,
103.068,odom,map,-1.83739,-0.55045,0.148602,0,0,0,,,
103.104,odom,map,-1.83739,-0.55045,0.148602,0,0,0,,,
103.14,odom,map,-1.83739,-0.55045,0.148602,0,0,0,,,
103.176,odom,map,-1.83739,-0.55045,0.148602,0,0,0,,,
103.212,odom,map,-1.83739,-0.55045,0.148602,0,0,0,,,
103.248,odom,map,-1.83739,-0.55045,0.148602,0,0,0,,,
103.284,odom,map,-1.83739,-0.55045,0.148602,0,0,0,,,
103.32,odom,map,-1.83739,-0.55045,0.148602,0,0,0,,,
103.356,odom,map,-1.83739,-0.55045,0.148602,0,0,0,,,
103.392,odom,map,-1.83739,-0.55045,0.148602,0,0,0,,,
103.428,odom,map,-1.83739,-0.55045,0.148602,0,0,0,,,
103.464,odom,map,-1.83739,-0.55045,0.148602,0,0,0,,,
103.5,odom,map,-1.83739,-0.55045,0.148602,0,0,0,,,
103.536,odom,map,-1.83739,-0.55045,0.148602,0,0,0,,,
103.572,odom,map,-1.83739,-0.55045,0.148602,0,0,0,,,
103.608,odom,map,-1.83739,-0.55045,0.148602,0,0,0,,,
103.644,odom,map,-1.83739,-0.55045,0.148602,0,0,0,,,
103.68,odom,map,-1.83739,-0.55045,0.148602,0,0,0,,,
103.716,odom,map,-1.83739,-0.55045,0.148602,0,0,0,,,
103.752,odom,map,-1.83739,-0.55045,0.148602,0,0,0,,,
103.788,odom,map,-1.83739,-0.55045,0.148602,0,0,0,,,
103.824,odom,map,-1.83739,-0.55045,0.148602,0,0,0,,,
103.86,odom,map,-1.83739,-0.55045,0.148602,0,0,0,,,
103.896,odom,map,-1.83739,-0.55045,0.148602,0,0,0,,,
103.932,odom,map,-1.83739,-0.55045,0.148602,0,0,0,,,
103.968,odom,map,-1.83739,-0.55045,0.148602,0,0,0,,,
104.004,odom,map,-1.83739,-0.55045,0.148602,0,0,0,,,
104.04,odom,map,-1.83739,-0.55045,0.148602,0,0,0,,,
104.076,odom,map,-1.83739,-0.55045,0.148602,0,0,0,,,
104.112,odom,map,-1.83739,-0.55045,0.148602,0,0,0,,,
104.148,odom,map,-1.83739,-0.55045,0.148602,0,0,0,,,
104.184,odom,map,-1.83739,-0.55045,0.148602,0,0,0,,,
104.22,odom,map,-1.83739,-0.55045,0.148602,0,0,0,,,
104.256,odom,map,-1.83739,-0.55045,0.148602,0,0,0,,,
104.292,odom,map,-1.83739,-0.55045,0.148602,0,0,0,,,
104.328,odom,map,-1.83739,-0.55045,0.148602,0,0,0,,,
104.364,odom,map,-1.83739,-0.55045,0.148602,0,0,0,,,
104.4,odom,map,-1.83739,-0.55045,0.148602,0,0,0,,,
104.436,odom,map,-1.83739,-0.55045,0.148602,0,0,0,,,
104.472,odom,map,-1.83739,-0.55045,0.148602,0,0,0,,,
104.508,odom,map,-1.83739,-0.55045,0.148602,0,0,0,,,
104.544,odom,map,-1.83739,-0.55045,0.148602,0,0,0,,,
104.58,odom,map,-1.83739,-0.55045,0.148602,0,0,0,,,
104.616,odom,map,-1.83739,-0.55045,0.148602,0,0,0,,,
104.652,odom,map,-1.83739,-0.55045,0.148602,0,0,0,,,
104.688,odom,map,-1.83739,-0.55045,0.148602,0,0,0,,,
104.724,odom,map,-1.83739,-0.55045,0.148602,0,0,0,,,
104.76,odom,map,-1.83739,-0.55045,0.148602,0,0,0,,,
104.796,odom,map,-1.83739,-0.55045,0.148602,0,0,0,,,
104.832,odom,map,-1.83739,-0.55045,0.148602,0,0,0,,,
104.868,odom,map,-1.83739,-0.55045,0.148602,0,0,0,,,
104.904,odom,map,-1.83739,-0.55045,0.148602,0,0,0,,,
104.94,odom,map,-1.83739,-0.55045,0.148602,0,0,0,,,
104.976,odom,map,-1.83739,-0.55045,0.148602,0,0,0,,,
105.012,odom,map,-1.83739,-0.55045,0.148602,0,0,0,,,
105.048,odom,map,-1.83739,-0.55045,0.148602,0,0,0,,,
105.084,odom,map,-1.83739,-0.55045,0.148602,0,0,0,,,
105.12,odom,map,-1.83739,-0.55045,0.148602,0,0,0,,,
105.156,odom,map,-1.83739,-0.55045,0.148602,0,0,0,,,
105.192,odom,map,-1.83739,-0.55045,0.148602,0,0,0,,,
105.228,odom,map,-1.83739,-0.55045,0.148602,0,0,0,,,
105.264,odom,map,-1.83739,-0.55045,0.148602,0,0,0,,,
105.3,odom,map,-1.83739,-0.55045,0.148602,0,0,0,,,
105.336,odom,map,-1.83739,-0.55045,0.148602,0,0,0,,,
105.372,odom,map,-1.83739,-0.55045,0.148602,0,0,0,,,
105.408,odom,map,-1.83739,-0.55045,0.148602,0,0,0,,,
105.444,odom,map,-1.83739,-0.55045,0.148602,0,0,0,,,
105.48,odom,map,-1.83739,-0.55045,0.148602,0,0,0,,,
105.516,odom,map,-1.83739,-0.55045,0.148602,0,0,0,,,
105.552,odom,map,-1.83739,-0.55045,0.148602,0,0,0,,,
105.588,odom,map,-1.83739,-0.55045,0.148602,0,0,0,,,
105.624,odom,map,-1.83739,-0.55045,0.148602,0,0,0,,,
105.66,odom,map,-1.83739,-0.55045,0.148602,0,0,0,,,
105.696,odom,map,-1.83739,-0.55045,0.148602,0,0,0,,,
105.732,odom,map,-1.83739,-0.55045,0.148602,0,0,0,,,
105.768,odom,map,-1.83739,-0.55045,0.148602,0,0,0,,,
105.804,odom,map,-1.83739,-0.55045,0.148602,0,0,0,,,
105.84,odom,map,-1.83739,-0.55045,0.148602,0,0,0,,,
105.876,odom,map,-1.83739,-0.55045,0.148602,0,0,0,,,
105.912,odom,map,-1.83739,-0.55045,0.148602,0,0,0,,,
105.948,odom,map,-1.83739,-0.55045,0.148602,0,0,0,,,
105.984,odom,map,-1.83739,-0.55045,0.148602,0,0,0,,,
106.02,odom,map,-1.83739,-0.55045,0.148602,0,0,0,,,
106.056,odom,map,-1.83739,-0.55045,0.148602,0,0,0,,,
106.092,odom,map,-1.83739,-0.55045,0.148602,0,0,0,,,
106.128,odom,map,-1.83739,-0.55045,0.148602,0,0,0,,,
106.164,odom,map,-1.83739,-0.55045,0.148602,0,0,0,,,
106.2,odom,map,-1.83739,-0.55045,0.148602,0,0,0,,,
106.236,odom,map,-1.83739,-0.55045,0.148602,0,0,0,,,
106.272,odom,map,-1.83739,-0.55045,0.148602,0,0,0,,,
106.308,odom,map,-1.83739,-0.55045,0.148602,0,0,0,,,
106.344,odom,map,-1.83739,-0.55045,0.148602,0,0,0,,,
106.38,odom,map,-1.83739,-0.55045,0.148602,0,0,0,,,
106.416,odom,map,-1.83739,-0.55045,0.148602,0,0,0,,,
106.452,odom,map,-1.83739,-0.55045,0.148602,0,0,0,,,
106.488,odom,map,-1.83739,-0.55045,0.148602,0,0,0,,,
106.524,odom,map,-1.83739,-0.55045,0.148602,0,0,0,,,
106.56,odom,map,-1.83739,-0.55045,0.148602,0,0,0,,,
106.596,odom,map,-1.83739,-0.55045,0.148602,0,0,0,,,
106.632,odom,map,-1.83739,-0.55045,0.148602,0,0,0,,,
106.668,odom,map,-1.83739,-0.55045,0.148602,0,0,0,,,
106.704,odom,map,-1.83739,-0.55045,0.148602,0,0,0,,,
106.74,odom,map,-1.83739,-0.55045,0.148602,0,0,0,,,
106.776,odom,map,-1.83739,-0.55045,0.148602,0,0,0,,,
106.812,odom,map,-1.83739,-0.55045,0.148602,0,0,0,,,
106.848,odom,map,-1.83739,-0.55045,0.148602,0,0,0,,,
106.884,odom,map,-1.83739,-0.55045,0.148602,0,0,0,,,
106.92,odom,map,-1.83739,-0.55045,0.148602,0,0,0,,,
106.956,odom,map,-1.83739,-0.55045,0.148602,0,0,0,,,
106.992,odom,map,-1.83739,-0.55045,0.148602,0,0,0,,,
107.028,odom,map,-1.83739,-0.55045,0.148602,0,0,0,,,
107.064,odom,map,-1.83739,-0.55045,0.148602,0,0,0,,,
107.1,odom,map,-1.83739,-0.55045,0.148602,0,0,0,,,
107.136,odom,map,-1.83739,-0.55045,0.148602,0,0,0,,,
107.172,odom,map,-1.83739,-0.55045,0.148602,0,0,0,,,
107.208,odom,map,-1.83739,-0.55045,0.148602,0,0,0,,,
107.244,odom,map,-1.83739,-0.55045,0.148602,0,0,0,,,
107.28,odom,map,-1.83739,-0.55045,0.148602,0,0,0,,,
107.316,odom,map,-1.83739,-0.55045,0.148602,0,0,0,,,
107.352,odom,map,-1.83739,-0.55045,0.148602,0,0,0,,,
107.388,odom,map,-1.83739,-0.55045,0.148602,0,0,0,,,
107.424,odom,map,-1.83739,-0.55045,0.148602,0,0,0,,,
107.46,odom,map,-1.83739,-0.55045,0.148602,0,0,0,,,
107.496,odom,map,-1.83739,-0.55045,0.148602,0,0,0,,,
107.532,odom,map,-1.83739,-0.55045,0.148602,0,0,0,,,
107.568,odom,map,-1.83739,-0.55045,0.148602,0,0,0,,,
107.604,odom,map,-1.83739,-0.55045,0.148602,0,0,0,,,
107.64,odom,map,-1.83739,-0.55045,0.148602,0,0,0,,,
107.676,odom,map,-1.83739,-0.55045,0.148602,0,0,0,,,
107.712,odom,map,-1.83739,-0.55045,0.148602,0,0,0,,,
107.748,odom,map,-1.83739,-0.55045,0.148602,0,0,0,,,
107.784,odom,map,-1.83739,-0.55045,0.148602,0,0,0,,,
107.82,odom,map,-1.83739,-0.55045,0.148602,0,0,0,,,
107.856,odom,map,-1.83739,-0.55045,0.148602,0,0,0,,,
107.892,odom,map,-1.83739,-0.55045,0.148602,0,0,0,,,
107.928,odom,map,-1.83739,-0.55045,0.148602,0,0,0,,,
107.964,odom,map,-1.83739,-0.55045,0.148602,0,0,0,,,
108,odom,map,-1.83739,-0.55045,0.148602,0,0,0,,,
108.036,odom,map,-1.83739,-0.55045,0.148602,0,0,0,,,
108.072,odom,map,-1.83739,-0.55045,0.148602,0,0,0,,,
108.108,odom,map,-1.83739,-0.55045,0.148602,0,0,0,,,
108.144,odom,map,-1.83739,-0.55045,0.148602,0,0,0,,,
108.18,odom,map,-1.83739,-0.55045,0.148602,0,0,0,,,
108.216,odom,map,-1.83739,-0.55045,0.148602,0,0,0,,,
108.252,odom,map,-1.83739,-0.55045,0.148602,0,0,0,,,
108.288,odom,map,-1.83739,-0.55045,0.148602,0,0,0,,,
108.324,odom,map,-1.83739,-0.55045,0.148602,0,0,0,,,
108.36,odom,map,-1.83739,-0.55045,0.148602,0,0,0,,,
108.396,odom,map,-1.83739,-0.55045,0.148602,0,0,0,,,
108.432,odom,map,-1.83739,-0.55045,0.148602,0,0,0,,,
108.468,odom,map,-1.83739,-0.55045,0.148602,0,0,0,,,
108.504,odom,map,-1.83739,-0.55045,0.148602,0,0,0,,,
108.54,odom,map,-1.83739,-0.55045,0.148602,0,0,0,,,
108.576,odom,map,-1.83739,-0.55045,0.148602,0,0,0,,,
108.612,odom,map,-1.83739,-0.55045,0.148602,0,0,0,,,
108.648,odom,map,-1.83739,-0.55045,0.148602,0,0,0,,,
108.684,odom,map,-1.83739,-0.55045,0.148602,0,0,0,,,
108.72,odom,map,-1.83739,-0.55045,0.148602,0,0,0,,,
108.756,odom,map,-1.83739,-0.55045,0.148602,0,0,0,,,
108.792,odom,map,-1.83739,-0.55045,0.148602,0,0,0,,,
108.828,odom,map,-1.83739,-0.55045,0.148602,0,0,0,,,
108.864,odom,map,-1.83739,-0.55045,0.148602,0,0,0,,,
108.9,odom,map,-1.83739,-0.55045,0.148602,0,0,0,,,
108.936,odom,map,-1.83739,-0.55045,0.148602,0,0,0,,,
108.972,odom,map,-1.83739,-0.55045,0.148602,0,0,0,,,
109.008,odom,map,-1.83739,-0.55045,0.148602,0,0,0,,,
109.044,odom,map,-1.83739,-0.55045,0.148602,0,0,0,,,
109.08,odom,map,-1.83739,-0.55045,0.148602,0,0,0,,,
109.116,odom,map,-1.83739,-0.55045,0.148602,0,0,0,,,
109.152,odom,map,-1.83739,-0.55045,0.148602,0,0,0,,,
109.188,odom,map,-1.83739,-0.55045,0.148602,0,0,0,,,
109.224,odom,map,-1.83739,-0.55045,0.148602,0,0,0,,,
109.26,odom,map,-1.83739,-0.55045,0.148602,0,0,0,,,
109.296,odom,map,-1.83739,-0.55045,0.148602,0,0,0,,,
109.332,odom,map,-1.83739,-0.55045,0.148602,0,0,0,,,
109.368,odom,map,-1.83739,-0.55045,0.148602,0,0,0,,,
109.404,odom,map,-1.83739,-0.55045,0.148602,0,0,0,,,
109.44,odom,map,-1.83739,-0.55045,0.148602,0,0,0,,,
109.476,odom,map,-1.83739,-0.55045,0.148602,0,0,0,,,
109.512,odom,map,-1.83739,-0.55045,0.148602,0,0,0,,,
109.548,odom,map,-1.83739,-0.55045,0.148602,0,0,0,,,
109.584,odom,map,-1.83739,-0.55045,0.148602,0,0,0,,,
109.62,odom,map,-1.83739,-0.55045,0.148602,0,0,0,,,
109.656,odom,map,-1.83739,-0.55045,0.148602,0,0,0,,,
109.692,odom,map,-1.83739,-0.55045,0.148602,0,0,0,,,
109.728,odom,map,-1.83739,-0.55045,0.148602,0,0,0,,,
109.764,odom,map,-1.83739,-0.55045,0.148602,0,0,0,,,
109.8,odom,map,-1.83739,-0.55045,0.148602,0,0,0,,,
109.836,odom,map,-1.83739,-0.55045,0.148602,0,0,0,,,
109.872,odom,map,-1.83739,-0.55045,0.148602,0,0,0,,,
109.908,odom,map,-1.83739,-0.55045,0.148602,0,0,0,,,
109.944,odom,map,-1.83739,-0.55045,0.148602,0,0,0,,,
109.98,odom,map,-1.83739,-0.55045,0.148602,0,0,0,,,
110.016,odom,map,-1.83739,-0.55045,0.148602,0,0,0,,,
110.052,odom,map,-1.83739,-0.55045,0.148602,0,0,0,,,
110.088,odom,map,-1.83739,-0.55045,0.148602,0,0,0,,,
110.124,odom,map,-1.83739,-0.55045,0.148602,0,0,0,,,
110.16,odom,map,-1.83739,-0.55045,0.148602,0,0,0,,,
110.196,odom,map,-1.83739,-0.55045,0.148602,0,0,0,,,
110.232,odom,map,-1.83739,-0.55045,0.148602,0,0,0,,,
110.268,odom,map,-1.83739,-0.55045,0.148602,0,0,0,,,
110.304,odom,map,-1.83739,-0.55045,0.148602,0,0,0,,,
110.34,odom,map,-1.83739,-0.55045,0.148602,0,0,0,,,
110.376,odom,map,-1.83739,-0.55045,0.148602,0,0,0,,,
110.412,odom,map,-1.83739,-0.55045,0.148602,0,0,0,,,
110.448,odom,map,-1.83739,-0.55045,0.148602,0,0,0,,,
110.484,odom,map,-1.83739,-0.55045,0.148602,0,0,0,,,
110.52,odom,map,-1.83739,-0.55045,0.148602,0,0,0,,,
110.556,odom,map,-1.83739,-0.55045,0.148602,0,0,0,,,
110.592,odom,map,-1.83739,-0.55045,0.148602,0,0,0,,,
110.628,odom,map,-1.83739,-0.55045,0.148602,0,0,0,,,
110.664,odom,map,-1.83739,-0.55045,0.148602,0,0,0,,,
110.7,odom,map,-1.83739,-0.55045,0.148602,0,0,0,,,
110.736,odom,map,-1.83739,-0.55045,0.148602,0,0,0,,,
110.772,odom,map,-1.83739,-0.55045,0.148602,0,0,0,,,
110.808,odom,map,-1.83739,-0.55045,0.148602,0,0,0,,,
110.844,odom,map,-1.83739,-0.55045,0.148602,0,0,0,,,
110.88,odom,map,-1.83739,-0.55045,0.148602,0,0,0,,,
110.916,odom,map,-1.83739,-0.55045,0.148602,0,0,0,,,
110.952,odom,map,-1.83739,-0.55045,0.148602,0,0,0,,,
110.988,odom,map,-1.83739,-0.55045,0.148602,0,0,0,,,
111.024,odom,map,-1.83739,-0.55045,0.148602,0,0,0,,,
111.06,odom,map,-1.83739,-0.55045,0.148602,0,0,0,,,
111.096,odom,map,-1.83739,-0.55045,0.148602,0,0,0,,,
111.132,odom,map,-1.83739,-0.55045,0.148602,0,0,0,,,
111.168,odom,map,-1.83739,-0.55045,0.148602,0,0,0,,,
111.204,odom,map,-1.83739,-0.55045,0.148602,0,0,0,,,
111.24,odom,map,-1.83739,-0.55045,0.148602,0,0,0,,,
111.276,odom,map,-1.83739,-0.55045,0.148602,0,0,0,,,
111.312,odom,map,-1.83739,-0.55045,0.148602,0,0,0,,,
111.348,odom,map,-1.83739,-0.55045,0.148602,0,0,0,,,
111.384,odom,map,-1.83739,-0.55045,0.148602,0,0,0,,,
111.42,odom,map,-1.83739,-0.55045,0.148602,0,0,0,,,
111.456,odom,map,-1.83739,-0.55045,0.148602,0,0,0,,,
111.492,odom,map,-1.83739,-0.55045,0.148602,0,0,0,,,
111.528,odom,map,-1.83739,-0.55045,0.148602,0,0,0,,,
111.564,odom,map,-1.83739,-0.55045,0.148602,0,0,0,,,
111.6,odom,map,-1.83739,-0.55045,0.148602,0,0,0,,,
111.636,odom,map,-1.83739,-0.55045,0.148602,0,0,0,,,
111.672,odom,map,-1.83739,-0.55045,0.148602,0,0,0,,,
111.708,odom,map,-1.83739,-0.55045,0.148602,0,0,0,,,
111.744,odom,map,-1.83739,-0.55045,0.148602,0,0,0,,,
111.78,odom,map,-1.83739,-0.55045,0.148602,0,0,0,,,
111.816,odom,map,-1.83739,-0.55045,0.148602,0,0,0,,,
111.852,odom,map,-1.83739,-0.55045,0.148602,0,0,0,,,
111.888,odom,map,-1.83739,-0.55045,0.148602,0,0,0,,,
111.924,odom,map,-1.83739,-0.55045,0.148602,0,0,0,,,
111.96,odom,map,-1.83739,-0.55045,0.148602,0,0,0,,,
111.996,odom,map,-1.83739,-0.55045,0.148602,0,0,0,,,
112.032,odom,map,-1.83739,-0.55045,0.148602,0,0,0,,,
112.068,odom,map,-1.83739,-0.55045,0.148602,0,0,0,,,
112.104,odom,map,-1.83739,-0.55045,0.148602,0,0,0,,,
112.14,odom,map,-1.83739,-0.55045,0.148602,0,0,0,,,
112.176,odom,map,-1.83739,-0.55045,0.148602,0,0,0,,,
112.212,odom,map,-1.83739,-0.55045,0.148602,0,0,0,,,
112.248,odom,map,-1.83739,-0.55045,0.148602,0,0,0,,,
112.284,odom,map,-1.83739,-0.55045,0.148602,0,0,0,,,
112.32,odom,map,-1.83739,-0.55045,0.148602,0,0,0,,,
112.356,odom,map,-1.83739,-0.55045,0.148602,0,0,0,,,
112.392,odom,map,-1.83739,-0.55045,0.148602,0,0,0,,,
112.428,odom,map,-1.83739,-0.55045,0.148602,0,0,0,,,
112.464,odom,map,-1.83739,-0.55045,0.148602,0,0,0,,,
112.5,odom,map,-1.83739,-0.55045,0.148602,0,0,0,,,
112.536,odom,map,-1.83739,-0.55045,0.148602,0,0,0,,,
112.572,odom,map,-1.83739,-0.55045,0.148602,0,0,0,,,
112.608,odom,map,-1.83739,-0.55045,0.148602,0,0,0,,,
112.644,odom,map,-1.83739,-0.55045,0.148602,0,0,0,,,
112.68,odom,map,-1.83739,-0.55045,0.148602,0,0,0,,,
112.716,odom,map,-1.83739,-0.55045,0.148602,0,0,0,,,
112.752,odom,map,-1.83739,-0.55045,0.148602,0,0,0,,,
112.788,odom,map,-1.83739,-0.55045,0.148602,0,0,0,,,
112.824,odom,map,-1.83739,-0.55045,0.148602,0,0,0,,,
112.86,odom,map,-1.83739,-0.55045,0.148602,0,0,0,,,
112.896,odom,map,-1.83739,-0.55045,0.148602,0,0,0,,,
112.932,odom,map,-1.83739,-0.55045,0.148602,0,0,0,,,
112.968,odom,map,-1.83739,-0.55045,0.148602,0,0,0,,,
113.004,odom,map,-1.83739,-0.55045,0.148602,0,0,0,,,
113.04,odom,map,-1.83739,-0.55045,0.148602,0,0,0,,,
113.076,odom,map,-1.83739,-0.55045,0.148602,0,0,0,,,
113.112,odom,map,-1.83739,-0.55045,0.148602,0,0,0,,,
113.148,odom,map,-1.83739,-0.55045,0.148602,0,0,0,,,
113.184,odom,map,-1.83739,-0.55045,0.148602,0,0,0,,,
113.22,odom,map,-1.83739,-0.55045,0.148602,0,0,0,,,
113.256,odom,map,-1.83739,-0.55045,0.148602,0,0,0,,,
113.292,odom,map,-1.83739,-0.55045,0.148602,0,0,0,,,
113.328,odom,map,-1.83739,-0.55045,0.148602,0,0,0,,,
113.364,odom,map,-1.83739,-0.55045,0.148602,0,0,0,,,
113.4,odom,map,-1.83739,-0.55045,0.148602,0,0,0,,,
113.436,odom,map,-1.83739,-0.55045,0.148602,0,0,0,,,
113.472,odom,map,-1.83739,-0.55045,0.148602,0,0,0,,,
113.508,odom,map,-1.83739,-0.55045,0.148602,0,0,0,,,
113.544,odom,map,-1.83739,-0.55045,0.148602,0,0,0,,,
113.58,odom,map,-1.83739,-0.55045,0.148602,0,0,0,,,
113.616,odom,map,-1.83739,-0.55045,0.148602,0,0,0,,,
113.652,odom,map,-1.83739,-0.55045,0.148602,0,0,0,,,
113.688,odom,map,-1.83739,-0.55045,0.148602,0,0,0,,,
113.724,odom,map,-1.83739,-0.55045,0.148602,0,0,0,,,
113.76,odom,map,-1.83739,-0.55045,0.148602,0,0,0,,,
113.796,odom,map,-1.83739,-0.55045,0.148602,0,0,0,,,
113.832,odom,map,-1.83739,-0.55045,0.148602,0,0,0,,,
113.868,odom,map,-1.83739,-0.55045,0.148602,0,0,0,,,
113.904,odom,map,-1.83739,-0.55045,0.148602,0,0,0,,,
113.94,odom,map,-1.83739,-0.55045,0.148602,0,0,0,,,
113.976,odom,map,-1.83739,-0.55045,0.148602,0,0,0,,,
114.012,odom,map,-1.83739,-0.55045,0.148602,0,0,0,,,
114.048,odom,map,-1.83739,-0.55045,0.148602,0,0,0,,,
114.084,odom,map,-1.83739,-0.55045,0.148602,0,0,0,,,
114.12,odom,map,-1.83739,-0.55045,0.148602,0,0,0,,,
114.156,odom,map,-1.83739,-0.55045,0.148602,0,0,0,,,
114.192,odom,map,-1.83739,-0.55045,0.148602,0,0,0,,,
114.228,odom,map,-1.83739,-0.55045,0.148602,0,0,0,,,
114.264,odom,map,-1.83739,-0.55045,0.148602,0,0,0,,,
114.3,odom,map,-1.83739,-0.55045,0.148602,0,0,0,,,
114.336,odom,map,-1.83739,-0.55045,0.148602,0,0,0,,,
114.372,odom,map,-1.83739,-0.55045,0.148602,0,0,0,,,
114.408,odom,map,-1.83739,-0.55045,0.148602,0,0,0,,,
114.444,odom,map,-1.83739,-0.55045,0.148602,0,0,0,,,
114.48,odom,map,-1.83739,-0.55045,0.148602,0,0,0,,,
114.516,odom,map,-1.83739,-0.55045,0.148602,0,0,0,,,
114.552,odom,map,-1.83739,-0.55045,0.148602,0,0,0,,,
114.588,odom,map,-1.83739,-0.55045,0.148602,0,0,0,,,
114.624,odom,map,-1.83739,-0.55045,0.148602,0,0,0,,,
114.66,odom,map,-1.83739,-0.55045,0.148602,0,0,0,,,
114.696,odom,map,-1.83739,-0.55045,0.148602,0,0,0,,,
114.732,odom,map,-1.83739,-0.55045,0.148602,0,0,0,,,
114.768,odom,map,-1.83739,-0.55045,0.148602,0,0,0,,,
114.804,odom,map,-1.83739,-0.55045,0.148602,0,0,0,,,
114.84,odom,map,-1.83739,-0.55045,0.148602,0,0,0,,,
114.876,odom,map,-1.83739,-0.55045,0.148602,0,0,0,,,
114.912,odom,map,-1.83739,-0.55045,0.148602,0,0,0,,,
114.948,odom,map,-1.83739,-0.55045,0.148602,0,0,0,,,
114.984,odom,map,-1.83739,-0.55045,0.148602,0,0,0,,,
115.02,odom,map,-1.83739,-0.55045,0.148602,0,0,0,,,
115.056,odom,map,-1.83739,-0.55045,0.148602,0,0,0,,,
115.092,odom,map,-1.83739,-0.55045,0.148602,0,0,0,,,
115.128,odom,map,-1.83739,-0.55045,0.148602,0,0,0,,,
115.164,odom,map,-1.83739,-0.55045,0.148602,0,0,0,,,
115.2,odom,map,-1.83739,-0.55045,0.148602,0,0,0,,,
115.236,odom,map,-1.83739,-0.55045,0.148602,0,0,0,,,
115.272,odom,map,-1.83739,-0.55045,0.148602,0,0,0,,,
115.308,odom,map,-1.83739,-0.55045,0.148602,0,0,0,,,
115.344,odom,map,-1.83739,-0.55045,0.148602,0,0,0,,,
115.38,odom,map,-1.83739,-0.55045,0.148602,0,0,0,,,
115.416,odom,map,-1.83739,-0.55045,0.148602,0,0,0,,,
115.452,odom,map,-1.83739,-0.55045,0.148602,0,0,0,,,
115.488,odom,map,-1.83739,-0.55045,0.148602,0,0,0,,,
115.524,odom,map,-1.83739,-0.55045,0.148602,0,0,0,,,
115.56,odom,map,-1.83739,-0.55045,0.148602,0,0,0,,,
115.596,odom,map,-1.83739,-0.55045,0.148602,0,0,0,,,
115.632,odom,map,-1.83739,-0.55045,0.148602,0,0,0,,,
115.668,odom,map,-1.83739,-0.55045,0.148602,0,0,0,,,
115.704,odom,map,-1.83739,-0.55045,0.148602,0,0,0,,,
115.74,odom,map,-1.83739,-0.55045,0.148602,0,0,0,,,
115.776,odom,map,-1.83739,-0.55045,0.148602,0,0,0,,,
115.812,odom,map,-1.83739,-0.55045,0.148602,0,0,0,,,
115.848,odom,map,-1.83739,-0.55045,0.148602,0,0,0,,,
115.884,odom,map,-1.83739,-0.55045,0.148602,0,0,0,,,
115.92,odom,map,-1.83739,-0.55045,0.148602,0,0,0,,,
115.956,odom,map,-1.83739,-0.55045,0.148602,0,0,0,,,
115.992,odom,map,-1.83739,-0.55045,0.148602,0,0,0,,,
116.028,odom,map,-1.83739,-0.55045,0.148602,0,0,0,,,
116.064,odom,map,-1.83739,-0.55045,0.148602,0,0,0,,,
116.1,odom,map,-1.83739,-0.55045,0.148602,0,0,0,,,
116.136,odom,map,-1.83739,-0.55045,0.148602,0,0,0,,,
116.172,odom,map,-1.83739,-0.55045,0.148602,0,0,0,,,
116.208,odom,map,-1.83739,-0.55045,0.148602,0,0,0,,,
116.244,odom,map,-1.83739,-0.55045,0.148602,0,0,0,,,
116.28,odom,map,-1.83739,-0.55045,0.148602,0,0,0,,,
116.316,odom,map,-1.83739,-0.55045,0.148602,0,0,0,,,
116.352,odom,map,-1.83739,-0.55045,0.148602,0,0,0,,,
116.388,odom,map,-1.83739,-0.55045,0.148602,0,0,0,,,
116.424,odom,map,-1.83739,-0.55045,0.148602,0,0,0,,,
116.46,odom,map,-1.83739,-0.55045,0.148602,0,0,0,,,
116.496,odom,map,-1.83739,-0.55045,0.148602,0,0,0,,,
116.532,odom,map,-1.83739,-0.55045,0.148602,0,0,0,,,
116.568,odom,map,-1.83739,-0.55045,0.148602,0,0,0,,,
116.604,odom,map,-1.83739,-0.55045,0.148602,0,0,0,,,
116.64,odom,map,-1.83739,-0.55045,0.148602,0,0,0,,,
116.676,odom,map,-1.83739,-0.55045,0.148602,0,0,0,,,
116.712,odom,map,-1.83739,-0.55045,0.148602,0,0,0,,,
116.748,odom,map,-1.83739,-0.55045,0.148602,0,0,0,,,
116.784,odom,map,-1.83739,-0.55045,0.148602,0,0,0,,,
116.82,odom,map,-1.83739,-0.55045,0.148602,0,0,0,,,
116.856,odom,map,-1.83739,-0.55045,0.148602,0,0,0,,,
116.892,odom,map,-1.83739,-0.55045,0.148602,0,0,0,,,
