time,source,frame,x,y,theta,cov_xx,cov_yy,cov_xy,runtime_ms,ess,resampling_triggered
5.202,amcl,map,-1.97441,-0.521387,-0.0123764,0.178534,0.211913,-0.0101826,,,
6.201,amcl,map,-2.00504,-0.500248,0.00327844,0.16634,0.193932,-0.00259948,,,
6.264,odom,map,-1.97441,-0.521387,-0.0123764,0,0,0,,,
6.3,odom,map,-1.97441,-0.521387,-0.0123764,0,0,0,,,
6.336,odom,map,-1.97441,-0.521387,-0.0123764,0,0,0,,,
6.372,odom,map,-1.97441,-0.521387,-0.0123764,0,0,0,,,
6.408,odom,map,-1.97441,-0.521387,-0.0123764,0,0,0,,,
6.444,odom,map,-1.97441,-0.521387,-0.0123764,0,0,0,,,
6.48,odom,map,-1.97441,-0.521387,-0.0123764,0,0,0,,,
6.516,odom,map,-1.97441,-0.521387,-0.0123764,0,0,0,,,
6.552,odom,map,-1.97441,-0.521387,-0.0123764,0,0,0,,,
6.588,odom,map,-1.97441,-0.521387,-0.0123764,0,0,0,,,
6.624,odom,map,-1.97441,-0.521387,-0.0123764,0,0,0,,,
6.66,odom,map,-1.97441,-0.521387,-0.0123764,0,0,0,,,
6.696,odom,map,-1.97441,-0.521387,-0.0123764,0,0,0,,,
6.732,odom,map,-1.97441,-0.521387,-0.0123764,0,0,0,,,
6.768,odom,map,-1.97441,-0.521387,-0.0123764,0,0,0,,,
6.804,odom,map,-1.97441,-0.521387,-0.0123764,0,0,0,,,
6.84,odom,map,-1.97441,-0.521387,-0.0123764,0,0,0,,,
6.876,odom,map,-1.97441,-0.521387,-0.0123764,0,0,0,,,
6.912,odom,map,-1.97441,-0.521387,-0.0123764,0,0,0,,,
6.948,odom,map,-1.97441,-0.521387,-0.0123764,0,0,0,,,
6.984,odom,map,-1.97441,-0.521387,-0.0123764,0,0,0,,,
7.02,odom,map,-1.97746,-0.519283,-0.0108187,0,0,0,,,
7.056,odom,map,-1.98295,-0.515497,-0.00801482,0,0,0,,,
7.092,odom,map,-1.98843,-0.511711,-0.00521097,0,0,0,,,
7.128,odom,map,-1.99392,-0.507925,-0.00240713,0,0,0,,,
7.164,odom,map,-1.9994,-0.504139,0.000396713,0,0,0,,,
7.2,odom,map,-2.00488,-0.500353,0.00320056,0,0,0,,,
7.2,amcl,map,-1.97824,-0.509369,0.00261715,0.190831,0.238579,-0.0142142,,,
7.236,odom,map,-2.00504,-0.500248,0.00327844,0,0,0,,,
7.272,odom,map,-2.00504,-0.500248,0.00327844,0,0,0,,,
7.308,odom,map,-2.00504,-0.500248,0.00327844,0,0,0,,,
7.344,odom,map,-2.00504,-0.500248,0.00327844,0,0,0,,,
7.38,odom,map,-2.00504,-0.500248,0.00327844,0,0,0,,,
7.416,odom,map,-2.00504,-0.500248,0.00327844,0,0,0,,,
7.452,odom,map,-2.00504,-0.500248,0.00327844,0,0,0,,,
7.488,odom,map,-2.00504,-0.500248,0.00327844,0,0,0,,,
7.524,odom,map,-2.00504,-0.500248,0.00327844,0,0,0,,,
7.56,odom,map,-2.00504,-0.500248,0.00327844,0,0,0,,,
7.596,odom,map,-2.00504,-0.500248,0.00327844,0,0,0,,,
7.632,odom,map,-2.00504,-0.500248,0.00327844,0,0,0,,,
7.668,odom,map,-2.00504,-0.500248,0.00327844,0,0,0,,,
7.704,odom,map,-2.00504,-0.500248,0.00327844,0,0,0,,,
7.74,odom,map,-2.00504,-0.500248,0.00327844,0,0,0,,,
7.776,odom,map,-2.00504,-0.500248,0.00327844,0,0,0,,,
7.812,odom,map,-2.00504,-0.500248,0.00327844,0,0,0,,,
7.848,odom,map,-2.00504,-0.500248,0.00327844,0,0,0,,,
7.884,odom,map,-2.00504,-0.500248,0.00327844,0,0,0,,,
7.92,odom,map,-2.00504,-0.500248,0.00327844,0,0,0,,,
7.956,odom,map,-2.00504,-0.500248,0.00327844,0,0,0,,,
7.992,odom,map,-2.00504,-0.500248,0.00327844,0,0,0,,,
8.028,odom,map,-2.00152,-0.501445,0.00319161,0,0,0,,,
8.064,odom,map,-1.99665,-0.503104,0.00307137,0,0,0,,,
8.1,odom,map,-1.99177,-0.504762,0.00295114,0,0,0,,,
8.136,odom,map,-1.9869,-0.506421,0.0028309,0,0,0,,,
8.172,odom,map,-1.98203,-0.508079,0.00271067,0,0,0,,,
8.208,odom,map,-1.97824,-0.509369,0.00261715,0,0,0,,,
8.202,amcl,map,-1.96813,-0.470263,-0.000424096,0.187466,0.243171,-0.0152938,,,
8.244,odom,map,-1.97824,-0.509369,0.00261715,0,0,0,,,
8.28,odom,map,-1.97824,-0.509369,0.00261715,0,0,0,,,
8.316,odom,map,-1.97824,-0.509369,0.00261715,0,0,0,,,
8.352,odom,map,-1.97824,-0.509369,0.00261715,0,0,0,,,
8.388,odom,map,-1.97824,-0.509369,0.00261715,0,0,0,,,
8.424,odom,map,-1.97824,-0.509369,0.00261715,0,0,0,,,
8.46,odom,map,-1.97824,-0.509369,0.00261715,0,0,0,,,
8.496,odom,map,-1.97824,-0.509369,0.00261715,0,0,0,,,
8.532,odom,map,-1.97824,-0.509369,0.00261715,0,0,0,,,
8.568,odom,map,-1.97824,-0.509369,0.00261715,0,0,0,,,
8.604,odom,map,-1.97824,-0.509369,0.00261715,0,0,0,,,
8.64,odom,map,-1.97824,-0.509369,0.00261715,0,0,0,,,
8.676,odom,map,-1.97824,-0.509369,0.00261715,0,0,0,,,
8.712,odom,map,-1.97824,-0.509369,0.00261715,0,0,0,,,
8.748,odom,map,-1.97824,-0.509369,0.00261715,0,0,0,,,
8.784,odom,map,-1.97824,-0.509369,0.00261715,0,0,0,,,
8.82,odom,map,-1.97824,-0.509369,0.00261715,0,0,0,,,
8.856,odom,map,-1.97824,-0.509369,0.00261715,0,0,0,,,
8.892,odom,map,-1.97824,-0.509369,0.00261715,0,0,0,,,
8.928,odom,map,-1.97824,-0.509369,0.00261715,0,0,0,,,
8.964,odom,map,-1.97824,-0.509369,0.00261715,0,0,0,,,
9,odom,map,-1.97824,-0.509369,0.00261715,0,0,0,,,
9.036,odom,map,-1.97648,-0.50256,0.00208758,0,0,0,,,
9.072,odom,map,-1.97467,-0.495556,0.00154288,0,0,0,,,
9.108,odom,map,-1.97286,-0.488552,0.000998179,0,0,0,,,
9.144,odom,map,-1.97105,-0.481547,0.000453478,0,0,0,,,
9.18,odom,map,-1.96924,-0.474543,-9.12233e-05,0,0,0,,,
9.216,odom,map,-1.96813,-0.470263,-0.000424096,0,0,0,,,
9.252,odom,map,-1.96813,-0.470263,-0.000424096,0,0,0,,,
9.288,odom,map,-1.96813,-0.470263,-0.000424096,0,0,0,,,
9.324,odom,map,-1.96813,-0.470263,-0.000424096,0,0,0,,,
9.36,odom,map,-1.96813,-0.470263,-0.000424096,0,0,0,,,
9.396,odom,map,-1.96813,-0.470263,-0.000424096,0,0,0,,,
9.396,ekf_predict_only,map,-2,-0.5,0,0.25,0.25,0,,,
9.432,odom,map,-1.96813,-0.470263,-0.000424096,0,0,0,,,
9.396,ekf,map,-2,-0.5,-4.6128e-21,0.120515,0.120515,0,0.740916,,
9.396,kf,map,-2,-0.5,-4.6128e-21,0.120515,0.120515,0,0.057084,,
9.396,pf,map,-1.9984,-0.481797,-0.0176668,0.170694,0.186157,0.00334296,13.5888,164.221,0
9.468,odom,map,-1.96813,-0.470263,-0.000424096,0,0,0,,,
9.504,odom,map,-1.96813,-0.470263,-0.000424096,0,0,0,,,
9.54,odom,map,-1.96813,-0.470263,-0.000424096,0,0,0,,,
9.576,odom,map,-1.96813,-0.470263,-0.000424096,0,0,0,,,
9.612,ekf_predict_only,map,-2,-0.5,0,0.45,0.45,0,,,
9.612,ekf,map,-2,-0.5,-6.34951e-21,0.125591,0.125591,0,0.065333,,
9.612,kf,map,-2,-0.5,-6.33451e-21,0.124506,0.124506,0,0.095167,,
9.612,odom,map,-1.96813,-0.470263,-0.000424096,0,0,0,,,
9.612,pf,map,-2.01083,-0.469317,-0.0351672,0.14171,0.135513,0.00269398,10.4199,424.202,0
9.648,odom,map,-1.96813,-0.470263,-0.000424096,0,0,0,,,
9.684,odom,map,-1.96813,-0.470263,-0.000424096,0,0,0,,,
9.72,odom,map,-1.96813,-0.470263,-0.000424096,0,0,0,,,
9.756,odom,map,-1.96813,-0.470263,-0.000424096,0,0,0,,,
9.792,odom,map,-1.96813,-0.470263,-0.000424096,0,0,0,,,
9.828,odom,map,-1.96813,-0.470263,-0.000424096,0,0,0,,,
9.792,ekf,map,-2,-0.5,-5.94738e-21,0.127415,0.127415,0,0.059125,,
9.792,kf,map,-2,-0.5,-5.9504e-21,0.124669,0.124669,0,0.098625,,
9.792,ekf_predict_only,map,-2,-0.5,0,0.65,0.65,0,,,
9.792,pf,map,-2.02185,-0.446469,-0.03772,0.111089,0.128086,0.0049652,5.99979,482.515,0
9.864,odom,map,-1.96813,-0.470263,-0.000424096,0,0,0,,,
9.9,odom,map,-1.96813,-0.470263,-0.000424096,0,0,0,,,
9.936,odom,map,-1.96813,-0.470263,-0.000424096,0,0,0,,,
9.972,odom,map,-1.96813,-0.470263,-0.000424096,0,0,0,,,
10.008,odom,map,-1.96813,-0.470263,-0.000424096,0,0,0,,,
10.008,ekf_predict_only,map,-2,-0.5,0,0.85,0.85,0,,,
10.008,kf,map,-2,-0.5,-1.76712e-21,0.125094,0.125094,0,0.072041,,
10.008,ekf,map,-2,-0.5,-1.58144e-21,0.130615,0.130615,0,0.766708,,
10.008,pf,map,-2.01415,-0.488401,-0.0214672,0.133331,0.129055,0.00782724,5.09704,460.588,0
10.044,odom,map,-1.96813,-0.470263,-0.000424096,0,0,0,,,
10.08,odom,map,-1.96813,-0.470263,-0.000424096,0,0,0,,,
10.116,odom,map,-1.96813,-0.470263,-0.000424096,0,0,0,,,
10.152,odom,map,-1.96773,-0.470263,-0.000111711,0,0,0,,,
10.188,odom,map,-1.96618,-0.470263,0.000331234,0,0,0,,,
10.224,odom,map,-1.9641,-0.470262,0.00104133,0,0,0,,,
10.188,kf,map,-1.99338,-0.499999,0.00210791,0.124752,0.124752,0,0.06075,,
10.188,ekf,map,-1.99377,-0.500004,0.0019952,0.131023,0.131024,1.85524e-27,0.105667,,
10.188,ekf_predict_only,map,-1.98565,-0.5,0.0043503,1.05,1.05009,0,,,
10.188,pf,map,-2.01395,-0.465631,-0.0152829,0.118314,0.12755,1.62557e-05,6.91596,491.321,0
10.26,odom,map,-1.96092,-0.470257,0.00143114,0,0,0,,,
10.296,odom,map,-1.95649,-0.470251,0.00104238,0,0,0,,,
10.332,odom,map,-1.9513,-0.470248,0.000261436,0,0,0,,,
10.368,odom,map,-1.94564,-0.47025,-0.000855637,0,0,0,,,
10.404,odom,map,-1.93922,-0.47026,-0.00266166,0,0,0,,,
10.404,kf,map,-1.96452,-0.499959,-0.00521655,0.125105,0.125105,0,0.218209,,
10.404,ekf_predict_only,map,-1.9458,-0.499827,-0.0079503,1.25,1.25139,-4.63662e-06,,,
10.404,ekf,map,-1.96542,-0.499935,-0.00490203,0.133954,0.133968,-1.98256e-08,0.643833,,
10.404,pf,map,-1.96522,-0.507127,-0.0112353,0.124269,0.137694,0.000884696,4.93296,470.435,0
10.44,odom,map,-1.93258,-0.470285,-0.00471176,0,0,0,,,
10.476,odom,map,-1.92556,-0.470326,-0.00713612,0,0,0,,,
10.512,odom,map,-1.91807,-0.47039,-0.00990977,0,0,0,,,
10.548,odom,map,-1.91013,-0.470481,-0.0131309,0,0,0,,,
10.584,odom,map,-1.90198,-0.470602,-0.0165486,0,0,0,,,
10.62,odom,map,-1.89372,-0.470754,-0.0201374,0,0,0,,,
10.584,ekf_predict_only,map,-1.90416,-0.500158,-0.0263512,1.45,1.4547,9.01406e-06,,,
10.584,ekf,map,-1.93049,-0.500219,-0.0185218,0.13323,0.133262,3.68438e-08,0.063708,,
10.584,kf,map,-1.92972,-0.50026,-0.0189436,0.124753,0.124753,0,0.105208,,
10.584,pf,map,-1.93054,-0.52046,-0.0368869,0.130165,0.119645,-0.00457089,5.79817,472.424,0
10.656,odom,map,-1.88518,-0.470941,-0.0237236,0,0,0,,,
10.692,odom,map,-1.87655,-0.471162,-0.0274568,0,0,0,,,
10.728,odom,map,-1.86793,-0.471415,-0.0312521,0,0,0,,,
10.764,odom,map,-1.85906,-0.47171,-0.0352298,0,0,0,,,
10.8,odom,map,-1.85012,-0.472043,-0.039427,0,0,0,,,
10.8,ekf,map,-1.88036,-0.501526,-0.0409236,0.135792,0.135865,5.13542e-07,0.060792,,
10.8,kf,map,-1.87981,-0.50156,-0.0413987,0.125105,0.125105,0,0.106584,,
10.8,ekf_predict_only,map,-1.8506,-0.501569,-0.0528082,1.65,1.66239,0.000143802,,,
10.8,pf,map,-1.86803,-0.460332,-0.0564617,0.128785,0.12945,-0.00530983,4.62913,460.125,0
10.836,odom,map,-1.8412,-0.472415,-0.0438365,0,0,0,,,
10.872,odom,map,-1.8322,-0.47283,-0.0483853,0,0,0,,,
10.908,odom,map,-1.8232,-0.473287,-0.0531715,0,0,0,,,
10.944,odom,map,-1.81425,-0.473785,-0.0579786,0,0,0,,,
10.98,odom,map,-1.8053,-0.474326,-0.0627805,0,0,0,,,
11.016,ekf_predict_only,map,-1.79714,-0.504395,-0.0824004,1.85001,1.87448,0.000585693,,,
11.016,kf,map,-1.82752,-0.504274,-0.0686332,0.125155,0.125155,0,0.120833,,
11.016,odom,map,-1.79638,-0.474909,-0.0676474,0,0,0,,,
11.016,ekf,map,-1.82781,-0.504282,-0.0682669,0.136794,0.136898,1.66784e-06,0.143625,,
11.016,pf,map,-1.83141,-0.472352,-0.0969352,0.132267,0.121076,0.00570072,5.38138,461.832,0
11.052,odom,map,-1.78758,-0.475527,-0.0727086,0,0,0,,,
11.088,odom,map,-1.77881,-0.476188,-0.0779085,0,0,0,,,
11.124,odom,map,-1.77003,-0.476897,-0.0831564,0,0,0,,,
11.16,odom,map,-1.7613,-0.477648,-0.088446,0,0,0,,,
11.196,odom,map,-1.75264,-0.47844,-0.0938825,0,0,0,,,
11.232,odom,map,-1.74399,-0.479278,-0.0993715,0,0,0,,,
11.196,kf,map,-1.78438,-0.507773,-0.094444,0.12476,0.12476,0,0.086792,,
11.196,ekf_predict_only,map,-1.75384,-0.507972,-0.109846,2.05005,2.08789,0.0013602,,,
11.196,ekf,map,-1.78449,-0.507799,-0.0941967,0.1347,0.134803,2.85798e-06,0.067708,,
11.196,pf,map,-1.77566,-0.491652,-0.116218,0.115584,0.114085,-0.00692364,7.20812,488.37,0
11.268,odom,map,-1.73528,-0.480171,-0.104918,0,0,0,,,
11.304,odom,map,-1.72671,-0.481097,-0.11043,0,0,0,,,
11.34,odom,map,-1.7182,-0.482064,-0.115831,0,0,0,,,
11.376,odom,map,-1.70969,-0.483077,-0.121188,0,0,0,,,
11.412,odom,map,-1.70125,-0.484127,-0.126529,0,0,0,,,
11.412,ekf_predict_only,map,-1.70333,-0.513542,-0.141841,2.25016,2.30815,0.00296124,,,
11.412,ekf,map,-1.73336,-0.513381,-0.126136,0.136826,0.136961,5.96755e-06,0.065875,,
11.412,kf,map,-1.73337,-0.513307,-0.12623,0.125106,0.125106,0,0.058,,
11.412,pf,map,-1.75686,-0.497901,-0.148798,0.133707,0.12407,-0.00325951,4.82008,510.986,0
11.4,amcl,map,-1.69075,-0.48832,-0.125525,0.151056,0.22006,-0.0229437,,,
11.448,odom,map,-1.69291,-0.48521,-0.131589,0,0,0,,,
11.484,odom,map,-1.68461,-0.48633,-0.136496,0,0,0,,,
11.52,odom,map,-1.67632,-0.487488,-0.141317,0,0,0,,,
11.556,odom,map,-1.66803,-0.488689,-0.146095,0,0,0,,,
11.592,odom,map,-1.6597,-0.489934,-0.150623,0,0,0,,,
11.628,odom,map,-1.65136,-0.491218,-0.154948,0,0,0,,,
11.592,kf,map,-1.69154,-0.519194,-0.149318,0.124754,0.124754,0,0.060084,,
11.592,ekf_predict_only,map,-1.66156,-0.519507,-0.16347,2.45035,2.52902,0.00510938,,,
11.592,ekf,map,-1.69154,-0.519277,-0.149409,0.134959,0.13508,7.39465e-06,0.256291,,
11.592,pf,map,-1.72875,-0.489078,-0.158654,0.132476,0.118725,-0.00328625,7.03767,474.857,0
11.664,odom,map,-1.64299,-0.492543,-0.159133,0,0,0,,,
11.7,odom,map,-1.63465,-0.493898,-0.163047,0,0,0,,,
11.736,odom,map,-1.62627,-0.495294,-0.166734,0,0,0,,,
11.772,odom,map,-1.61787,-0.496723,-0.170345,0,0,0,,,
11.808,odom,map,-1.60938,-0.498198,-0.173748,0,0,0,,,
11.808,ekf,map,-1.6407,-0.527612,-0.171168,0.137136,0.137282,1.23542e-05,0.0585,,
11.808,ekf_predict_only,map,-1.60964,-0.528071,-0.180519,2.65076,2.76066,0.0089821,,,
11.808,kf,map,-1.64059,-0.527498,-0.170719,0.125106,0.125106,0,0.966709,,
11.808,pf,map,-1.63319,-0.507624,-0.198316,0.114931,0.123892,0.00256771,6.65529,469.491,0
11.844,odom,map,-1.60076,-0.499725,-0.176683,0,0,0,,,
11.88,odom,map,-1.59213,-0.501278,-0.179525,0,0,0,,,
11.916,odom,map,-1.58353,-0.502852,-0.182283,0,0,0,,,
11.952,odom,map,-1.57481,-0.504471,-0.184715,0,0,0,,,
11.988,odom,map,-1.56597,-0.506131,-0.18659,0,0,0,,,
11.988,ekf,map,-1.59737,-0.535595,-0.184056,0.13517,0.135297,1.35155e-05,0.054417,,
11.988,kf,map,-1.59724,-0.535487,-0.183547,0.124753,0.124753,0,0.09725,,
12.024,odom,map,-1.55714,-0.507807,-0.188287,0,0,0,,,
11.988,ekf_predict_only,map,-1.5654,-0.536145,-0.189004,2.85133,2.99302,0.0134778,,,
11.988,pf,map,-1.59401,-0.535779,-0.219362,0.134499,0.131181,-0.000173303,7.22192,473.854,0
12.06,odom,map,-1.54808,-0.50954,-0.189675,0,0,0,,,
12.096,odom,map,-1.53873,-0.511339,-0.190361,0,0,0,,,
12.132,odom,map,-1.52914,-0.513188,-0.190359,0,0,0,,,
12.168,odom,map,-1.51951,-0.515042,-0.190296,0,0,0,,,
12.204,odom,map,-1.50964,-0.516963,-0.189571,0,0,0,,,
12.204,ekf_predict_only,map,-1.50667,-0.547378,-0.181418,3.05241,3.24429,0.0212107,,,
12.204,ekf,map,-1.54069,-0.546565,-0.185168,0.13731,0.137467,2.07867e-05,0.0575,,
12.204,kf,map,-1.54044,-0.546436,-0.184204,0.125105,0.125105,0,0.143709,,
12.204,pf,map,-1.52368,-0.534071,-0.223562,0.124335,0.132423,0.00466408,7.78208,467.629,0
12.24,odom,map,-1.49739,-0.519696,-0.187952,0,0,0,,,
12.276,odom,map,-1.485,-0.522438,-0.185479,0,0,0,,,
12.312,odom,map,-1.47254,-0.525165,-0.182809,0,0,0,,,
12.348,odom,map,-1.45987,-0.527905,-0.179872,0,0,0,,,
12.384,odom,map,-1.44673,-0.530696,-0.176374,0,0,0,,,
12.384,kf,map,-1.48911,-0.55611,-0.171537,0.124753,0.124753,0,0.058375,,
12.42,odom,map,-1.43482,-0.532989,-0.172676,0,0,0,,,
12.384,ekf_predict_only,map,-1.45256,-0.557305,-0.162616,3.25367,3.5005,0.0298138,,,
12.384,ekf,map,-1.48944,-0.556191,-0.172365,0.135276,0.135421,2.20511e-05,0.104166,,
12.384,pf,map,-1.47617,-0.559514,-0.204192,0.118959,0.134993,0.00455372,5.57704,465.675,0
12.402,amcl,map,-1.44896,-0.54472,-0.174069,0.116402,0.185442,-0.0248075,,,
12.456,odom,map,-1.42376,-0.534895,-0.168816,0,0,0,,,
12.492,odom,map,-1.41223,-0.536835,-0.164472,0,0,0,,,
12.528,odom,map,-1.40025,-0.538794,-0.159624,0,0,0,,,
12.564,odom,map,-1.38812,-0.540716,-0.154673,0,0,0,,,
12.6,odom,map,-1.37572,-0.542618,-0.149509,0,0,0,,,
12.6,ekf,map,-1.41833,-0.568082,-0.145698,0.137393,0.137593,3.33446e-05,0.0565,,
12.6,kf,map,-1.4177,-0.568095,-0.14488,0.125105,0.125105,0,0.0595,,
12.6,ekf_predict_only,map,-1.3758,-0.569898,-0.130232,3.45572,3.79609,0.0439067,,,
12.6,pf,map,-1.42816,-0.550432,-0.18556,0.124813,0.121829,-0.00660437,4.89404,497.631,0
12.636,odom,map,-1.36295,-0.544506,-0.144138,0,0,0,,,
12.672,odom,map,-1.34995,-0.546355,-0.138449,0,0,0,,,
12.708,odom,map,-1.33688,-0.548138,-0.13264,0,0,0,,,
12.744,odom,map,-1.32356,-0.549876,-0.126872,0,0,0,,,
12.78,odom,map,-1.30998,-0.551567,-0.120895,0,0,0,,,
12.816,ekf,map,-1.33942,-0.578624,-0.111659,0.137898,0.13814,4.05301e-05,0.069166,,
12.816,kf,map,-1.33879,-0.578709,-0.110993,0.125155,0.125155,0,0.067917,,
12.816,odom,map,-1.29617,-0.553201,-0.114659,0,0,0,,,
12.816,ekf_predict_only,map,-1.29257,-0.580798,-0.0922218,3.65793,4.12199,0.0605594,,,
12.816,pf,map,-1.37078,-0.591501,-0.138762,0.136825,0.110998,0.00389875,5.88679,482.532,0
12.852,odom,map,-1.28227,-0.554758,-0.108324,0,0,0,,,
12.888,odom,map,-1.26813,-0.55625,-0.102052,0,0,0,,,
12.924,odom,map,-1.25366,-0.557684,-0.0955307,0,0,0,,,
12.96,odom,map,-1.23915,-0.559027,-0.08894,0,0,0,,,
12.996,odom,map,-1.22451,-0.560285,-0.0826456,0,0,0,,,
12.996,ekf_predict_only,map,-1.21868,-0.587632,-0.059993,3.85952,4.4543,0.0752948,,,
12.996,ekf,map,-1.26833,-0.585498,-0.0807868,0.135334,0.135571,3.71067e-05,0.059166,,
12.996,kf,map,-1.26788,-0.585606,-0.0804372,0.12476,0.12476,0,0.116792,,
13.032,odom,map,-1.20975,-0.56146,-0.0762471,0,0,0,,,
12.996,pf,map,-1.28062,-0.566313,-0.104703,0.138009,0.135785,-0.00048471,6.85262,467.932,0
13.068,odom,map,-1.19488,-0.562549,-0.069876,0,0,0,,,
13.104,odom,map,-1.1799,-0.563549,-0.0635797,0,0,0,,,
13.14,odom,map,-1.16493,-0.564456,-0.0573454,0,0,0,,,
13.176,odom,map,-1.15006,-0.565263,-0.0511602,0,0,0,,,
13.212,odom,map,-1.13581,-0.566659,-0.0451634,0,0,0,,,
13.212,kf,map,-1.18019,-0.591256,-0.0443248,0.125106,0.125106,0,0.066542,,
13.212,ekf,map,-1.18037,-0.591074,-0.0443689,0.137307,0.137633,4.44849e-05,0.05975,,
13.212,ekf_predict_only,map,-1.13048,-0.59293,-0.0244396,4.06088,4.83901,0.0921243,,,
13.2,amcl,map,-1.15465,-0.584972,-0.0596789,0.08594,0.163742,-0.0210276,,,
13.212,pf,map,-1.20049,-0.593732,-0.0743456,0.122651,0.124552,-0.00330506,5.65054,449.693,0
13.248,odom,map,-1.12266,-0.569525,-0.0391506,0,0,0,,,
13.284,odom,map,-1.10964,-0.572296,-0.03324,0,0,0,,,
13.32,odom,map,-1.09686,-0.574974,-0.0275726,0,0,0,,,
13.356,odom,map,-1.08411,-0.57757,-0.0219633,0,0,0,,,
13.392,odom,map,-1.0715,-0.580081,-0.016275,0,0,0,,,
13.428,odom,map,-1.05799,-0.580891,-0.0106965,0,0,0,,,
13.392,ekf_predict_only,map,-1.06099,-0.594629,0.00324549,4.26133,5.20607,0.103528,,,
13.392,kf,map,-1.10922,-0.593209,-0.0159523,0.124754,0.124754,0,0.106875,,
13.392,ekf,map,-1.10915,-0.593044,-0.0159012,0.135242,0.135545,3.50682e-05,0.067916,,
13.392,pf,map,-1.07874,-0.598709,-0.0313427,0.119154,0.121759,0.00715447,9.04917,488.864,0
13.464,odom,map,-1.04419,-0.581,-0.00505941,0,0,0,,,
13.5,odom,map,-1.03041,-0.58103,0.000597732,0,0,0,,,
13.536,odom,map,-1.01684,-0.580984,0.00629935,0,0,0,,,
13.572,odom,map,-1.00344,-0.580862,0.0119155,0,0,0,,,
13.608,odom,map,-0.990085,-0.580665,0.0175019,0,0,0,,,
13.608,kf,map,-1.02799,-0.593194,0.017543,0.125106,0.125106,0,0.106917,,
13.608,ekf_predict_only,map,-0.982306,-0.594373,0.0356182,4.46126,5.6194,0.113896,,,
13.608,ekf,map,-1.02772,-0.592997,0.0176776,0.137351,0.13772,3.3688e-05,0.0545,,
13.608,pf,map,-1.03113,-0.586438,-0.00202861,0.112227,0.130109,-0.00429098,6.62988,493.151,0
13.644,odom,map,-0.976921,-0.580399,0.0229292,0,0,0,,,
13.68,odom,map,-0.963737,-0.580058,0.0291089,0,0,0,,,
13.716,odom,map,-0.950619,-0.579629,0.0366209,0,0,0,,,
13.752,odom,map,-0.937573,-0.579098,0.0447187,0,0,0,,,
13.788,odom,map,-0.92456,-0.57846,0.0534439,0,0,0,,,
13.788,ekf_predict_only,map,-0.917075,-0.592049,0.0858835,4.66064,6.01658,0.11908,,,
13.788,ekf,map,-0.961424,-0.590827,0.0586254,0.135296,0.135611,2.16215e-05,0.055791,,
13.788,kf,map,-0.961608,-0.590884,0.0592931,0.124753,0.124753,0,0.063792,,
13.824,odom,map,-0.911537,-0.577702,0.0629702,0,0,0,,,
13.788,pf,map,-0.99919,-0.6065,0.023886,0.121139,0.138558,0.000364079,8.03225,492.873,0
13.86,odom,map,-0.898538,-0.576816,0.0734827,0,0,0,,,
13.896,odom,map,-0.885567,-0.575788,0.0846724,0,0,0,,,
13.932,odom,map,-0.872616,-0.574614,0.0962955,0,0,0,,,
13.968,odom,map,-0.859839,-0.573301,0.108739,0,0,0,,,
14.004,odom,map,-0.847188,-0.571937,0.121843,0,0,0,,,
14.004,ekf_predict_only,map,-0.840574,-0.585463,0.167197,4.85902,6.47248,0.11748,,,
14.004,ekf,map,-0.883898,-0.584528,0.128101,0.137404,0.137768,1.42687e-05,0.227709,,
14.004,kf,map,-0.884053,-0.584559,0.129397,0.125105,0.125105,0,0.06075,,
14.004,pf,map,-0.882226,-0.603555,0.0984062,0.126934,0.125009,0.00356548,5.19096,485.306,0
14.001,amcl,map,-0.863104,-0.587844,0.103689,0.0800802,0.129849,-0.0124626,,,
14.04,odom,map,-0.835503,-0.572257,0.133034,0,0,0,,,
14.076,odom,map,-0.823879,-0.572468,0.14463,0,0,0,,,
14.112,odom,map,-0.812446,-0.572583,0.156975,0,0,0,,,
14.148,odom,map,-0.801105,-0.572579,0.169956,0,0,0,,,
14.184,odom,map,-0.789771,-0.572438,0.183198,0,0,0,,,
14.22,odom,map,-0.778024,-0.571014,0.197977,0,0,0,,,
14.184,ekf,map,-0.821549,-0.574632,0.199683,0.13533,0.135632,2.52114e-06,0.067167,,
14.184,kf,map,-0.821697,-0.574691,0.200783,0.124753,0.124753,0,0.064958,,
14.184,ekf_predict_only,map,-0.779556,-0.575164,0.246766,5.0569,6.89643,0.104866,,,
14.184,pf,map,-0.839073,-0.612447,0.15978,0.126057,0.120568,0.00404616,5.52883,479.001,0
14.256,odom,map,-0.766021,-0.568504,0.214447,0,0,0,,,
14.292,odom,map,-0.754072,-0.565797,0.231033,0,0,0,,,
14.328,odom,map,-0.742324,-0.562931,0.247693,0,0,0,,,
14.364,odom,map,-0.730877,-0.559933,0.264827,0,0,0,,,
14.4,odom,map,-0.719792,-0.556824,0.282231,0,0,0,,,
14.4,ekf,map,-0.752138,-0.557704,0.298545,0.137433,0.137766,-1.1269e-05,0.068792,,
14.4,kf,map,-0.752457,-0.557956,0.29945,0.125105,0.125105,0,0.069334,,
14.4,ekf_predict_only,map,-0.713614,-0.558554,0.351314,5.25459,7.35915,0.0763667,,,
14.4,pf,map,-0.76002,-0.599688,0.256143,0.127485,0.132992,0.00566372,4.53512,457.758,0
14.436,odom,map,-0.708934,-0.553573,0.299656,0,0,0,,,
14.472,odom,map,-0.698299,-0.550185,0.317355,0,0,0,,,
14.508,odom,map,-0.688018,-0.546707,0.335243,0,0,0,,,
14.544,odom,map,-0.678148,-0.543168,0.353281,0,0,0,,,
14.58,odom,map,-0.6684,-0.539473,0.371363,0,0,0,,,
14.616,odom,map,-0.65898,-0.535706,0.389649,0,0,0,,,
14.616,kf,map,-0.691971,-0.536351,0.405567,0.125155,0.125155,0,0.065458,,
14.616,ekf_predict_only,map,-0.656789,-0.537726,0.461143,5.4537,7.80345,0.0328125,,,
14.616,ekf,map,-0.691587,-0.535931,0.404924,0.137926,0.13823,-2.42507e-05,0.0525,,
14.616,pf,map,-0.706537,-0.568275,0.372368,0.130019,0.132857,0.00458752,6.70971,483.872,0
14.601,amcl,map,-0.696623,-0.545038,0.379231,0.0703099,0.101153,-0.00472678,,,
14.652,odom,map,-0.649874,-0.531869,0.408103,0,0,0,,,
14.688,odom,map,-0.640898,-0.527889,0.426588,0,0,0,,,
14.724,odom,map,-0.632171,-0.523825,0.445169,0,0,0,,,
14.76,odom,map,-0.623942,-0.519805,0.463987,0,0,0,,,
14.796,odom,map,-0.616141,-0.515809,0.482926,0,0,0,,,
14.832,odom,map,-0.610057,-0.512786,0.501228,0,0,0,,,
14.796,ekf,map,-0.649298,-0.515419,0.497653,0.135353,0.13557,-2.79816e-05,0.058042,,
14.796,kf,map,-0.649696,-0.515849,0.498052,0.12476,0.12476,0,0.063084,,
14.796,ekf_predict_only,map,-0.61862,-0.518761,0.555997,5.6549,8.17719,-0.0115604,,,
14.796,pf,map,-0.662595,-0.51228,0.47759,0.119886,0.123289,0.00299008,5.40096,481.988,0
14.868,odom,map,-0.604385,-0.509847,0.519398,0,0,0,,,
14.904,odom,map,-0.599054,-0.506939,0.537597,0,0,0,,,
14.94,odom,map,-0.594242,-0.504182,0.555969,0,0,0,,,
14.976,odom,map,-0.589688,-0.501428,0.574462,0,0,0,,,
15.012,odom,map,-0.584992,-0.498396,0.593008,0,0,0,,,
15.012,kf,map,-0.610245,-0.491881,0.611408,0.125106,0.125106,0,0.316875,,
15.012,ekf_predict_only,map,-0.583938,-0.49721,0.670196,5.85869,8.54205,-0.0658284,,,
15.012,ekf,map,-0.609767,-0.491313,0.611209,0.137326,0.137529,-3.8679e-05,0.07075,,
15,amcl,map,-0.625869,-0.500741,0.593217,0.0558218,0.0689426,0.00250589,,,
15.012,pf,map,-0.580501,-0.501812,0.56735,0.130083,0.131325,0.00338,4.86396,471.816,0
15.048,odom,map,-0.579637,-0.494714,0.612026,0,0,0,,,
15.084,odom,map,-0.574456,-0.491003,0.631041,0,0,0,,,
15.12,odom,map,-0.569501,-0.487311,0.65,0,0,0,,,
15.156,odom,map,-0.564827,-0.483688,0.669017,0,0,0,,,
15.192,odom,map,-0.560496,-0.480197,0.687922,0,0,0,,,
15.228,odom,map,-0.556359,-0.476731,0.706782,0,0,0,,,
15.192,ekf_predict_only,map,-0.56279,-0.480449,0.764496,6.06347,8.84595,-0.110021,,,
15.192,ekf,map,-0.585146,-0.472272,0.705722,0.135258,0.135394,-3.3416e-05,0.117541,,
15.192,kf,map,-0.585521,-0.472763,0.705777,0.124754,0.124754,0,0.16025,,
15.192,pf,map,-0.590832,-0.473278,0.678921,0.131751,0.119545,-0.00271803,8.95063,466.814,0
15.264,odom,map,-0.552482,-0.473358,0.725677,0,0,0,,,
15.3,odom,map,-0.54889,-0.470111,0.744508,0,0,0,,,
15.336,odom,map,-0.545692,-0.46711,0.76329,0,0,0,,,
15.372,odom,map,-0.542717,-0.46421,0.782075,0,0,0,,,
15.408,odom,map,-0.540951,-0.461486,0.800727,0,0,0,,,
15.408,ekf_predict_only,map,-0.546191,-0.46453,0.875843,6.26956,9.12935,-0.153191,,,
15.408,ekf,map,-0.564969,-0.453287,0.8181,0.137369,0.137483,-3.54336e-05,0.115125,,
15.408,kf,map,-0.565345,-0.453839,0.818026,0.125106,0.125106,0,0.10525,,
15.402,amcl,map,-0.576583,-0.482822,0.800154,0.0473633,0.0463175,-5.24291e-05,,,
15.408,pf,map,-0.566326,-0.462023,0.777799,0.127653,0.121297,0.00277126,6.11396,491.585,0
15.444,odom,map,-0.542955,-0.459201,0.819454,0,0,0,,,
15.48,odom,map,-0.545096,-0.456968,0.838165,0,0,0,,,
15.516,odom,map,-0.547387,-0.454806,0.856795,0,0,0,,,
15.552,odom,map,-0.549931,-0.452849,0.875322,0,0,0,,,
15.588,odom,map,-0.552711,-0.451094,0.893513,0,0,0,,,
15.624,odom,map,-0.552775,-0.449241,0.911406,0,0,0,,,
15.588,ekf_predict_only,map,-0.538247,-0.455001,0.964857,6.47395,9.36987,-0.179318,,,
15.588,kf,map,-0.554792,-0.441517,0.908949,0.124753,0.124753,0,0.10725,,
15.588,ekf,map,-0.5545,-0.441057,0.909135,0.13531,0.13538,-2.53286e-05,0.056334,,
15.588,pf,map,-0.568457,-0.468284,0.872171,0.111561,0.109735,0.00978607,5.47225,469.453,0
15.66,odom,map,-0.55136,-0.447382,0.929003,0,0,0,,,
15.696,odom,map,-0.550056,-0.445606,0.946286,0,0,0,,,
15.732,odom,map,-0.548869,-0.443929,0.963265,0,0,0,,,
15.768,odom,map,-0.547753,-0.442296,0.980137,0,0,0,,,
15.804,odom,map,-0.546889,-0.440752,0.996885,0,0,0,,,
15.804,ekf_predict_only,map,-0.532655,-0.44693,1.0638,6.67811,9.59863,-0.201514,,,
15.804,ekf,map,-0.546877,-0.430341,1.01168,0.137417,0.137471,-2.24577e-05,0.055791,,
15.804,kf,map,-0.547123,-0.430784,1.01129,0.125105,0.125105,0,0.453292,,
15.804,pf,map,-0.599086,-0.44488,0.981566,0.11869,0.124189,0.00103423,5.28596,492.468,0
15.84,odom,map,-0.548754,-0.439374,1.01409,0,0,0,,,
15.876,odom,map,-0.55067,-0.438024,1.03125,0,0,0,,,
15.912,odom,map,-0.55265,-0.436733,1.04834,0,0,0,,,
15.948,odom,map,-0.554783,-0.435661,1.06498,0,0,0,,,
15.984,odom,map,-0.557001,-0.434706,1.08106,0,0,0,,,
15.984,ekf_predict_only,map,-0.530475,-0.443005,1.13881,6.88029,9.80989,-0.21226,,,
15.984,ekf,map,-0.543541,-0.424585,1.09083,0.135339,0.135371,-1.43307e-05,0.06575,,
16.02,odom,map,-0.557766,-0.433843,1.09648,0,0,0,,,
15.984,kf,map,-0.543705,-0.424906,1.09036,0.124753,0.124753,0,0.189041,,
16.002,amcl,map,-0.559762,-0.449317,1.07184,0.0318164,0.04368,-0.00440937,,,
15.984,pf,map,-0.549278,-0.433931,1.04627,0.122138,0.129421,-0.00350601,6.30138,462.028,0
16.056,odom,map,-0.557393,-0.433103,1.11114,0,0,0,,,
16.092,odom,map,-0.557064,-0.432426,1.12543,0,0,0,,,
16.128,odom,map,-0.556814,-0.431894,1.13924,0,0,0,,,
16.164,odom,map,-0.556604,-0.431431,1.1529,0,0,0,,,
16.2,odom,map,-0.556458,-0.431097,1.16653,0,0,0,,,
16.2,ekf,map,-0.542073,-0.421503,1.1654,0.137438,0.137462,-1.14471e-05,0.057541,,
16.2,kf,map,-0.542261,-0.421896,1.16277,0.125105,0.125105,0,0.089084,,
16.2,ekf_predict_only,map,-0.530475,-0.443005,1.18601,7.08029,10.0099,-0.21226,,,
16.2,pf,map,-0.567051,-0.448531,1.15511,0.109526,0.118921,-0.00493328,7.83342,481.621,0
16.236,odom,map,-0.555867,-0.434533,1.17865,0,0,0,,,
16.272,odom,map,-0.555301,-0.438161,1.18822,0,0,0,,,
16.308,odom,map,-0.554735,-0.44179,1.1952,0,0,0,,,
16.344,odom,map,-0.554169,-0.445419,1.19958,0,0,0,,,
16.38,odom,map,-0.553605,-0.449048,1.20137,0,0,0,,,
16.416,odom,map,-0.55326,-0.451265,1.20121,0,0,0,,,
16.416,ekf_predict_only,map,-0.530475,-0.443005,1.18601,7.28029,10.2099,-0.21226,,,
16.416,ekf,map,-0.541578,-0.420477,1.20066,0.137925,0.137942,-7.89313e-06,0.3005,,
16.416,kf,map,-0.541696,-0.420711,1.19641,0.125155,0.125155,0,0.190917,,
16.416,pf,map,-0.558631,-0.433776,1.20934,0.120218,0.125915,0.00253584,5.08179,489.789,0
16.452,odom,map,-0.55326,-0.451265,1.20121,0,0,0,,,
16.488,odom,map,-0.55326,-0.451265,1.20121,0,0,0,,,
16.524,odom,map,-0.55326,-0.451265,1.20121,0,0,0,,,
16.56,odom,map,-0.55326,-0.451265,1.20121,0,0,0,,,
16.596,odom,map,-0.55326,-0.451265,1.20121,0,0,0,,,
16.632,odom,map,-0.55326,-0.451265,1.20121,0,0,0,,,
16.596,ekf,map,-0.541429,-0.420158,1.21139,0.135348,0.135357,-4.5189e-06,0.121834,,
16.596,ekf_predict_only,map,-0.530475,-0.443005,1.18601,7.48029,10.4099,-0.21226,,,
16.596,kf,map,-0.541486,-0.420269,1.20896,0.12476,0.12476,0,3.17221,,
16.596,pf,map,-0.546039,-0.453154,1.20149,0.115327,0.114164,-0.00738006,4.75429,491.788,0
16.668,odom,map,-0.55326,-0.451265,1.20121,0,0,0,,,
16.704,odom,map,-0.55326,-0.451265,1.20121,0,0,0,,,
16.74,odom,map,-0.55326,-0.451265,1.20121,0,0,0,,,
16.776,odom,map,-0.55326,-0.451265,1.20121,0,0,0,,,
16.812,odom,map,-0.553521,-0.450983,1.20049,0,0,0,,,
16.812,ekf_predict_only,map,-0.530475,-0.443005,1.18601,7.68029,10.6099,-0.21226,,,
16.812,ekf,map,-0.54138,-0.420051,1.21492,0.137315,0.137322,-3.4011e-06,0.107334,,
16.812,kf,map,-0.541406,-0.420102,1.21369,0.125106,0.125106,0,0.104166,,
16.812,pf,map,-0.521737,-0.448517,1.20145,0.124812,0.120167,0.00141303,5.4505,504.734,0
16.848,odom,map,-0.554382,-0.450059,1.19814,0,0,0,,,
16.884,odom,map,-0.55525,-0.449135,1.19578,0,0,0,,,
16.92,odom,map,-0.556126,-0.448211,1.19342,0,0,0,,,
16.956,odom,map,-0.55701,-0.447287,1.19107,0,0,0,,,
16.992,odom,map,-0.557903,-0.446364,1.18871,0,0,0,,,
16.992,ekf_predict_only,map,-0.530475,-0.443005,1.18601,7.88029,10.8099,-0.21226,,,
16.992,ekf,map,-0.541366,-0.420018,1.216,0.135247,0.135251,-1.99619e-06,0.067,,
16.992,kf,map,-0.541377,-0.42004,1.21546,0.124754,0.124754,0,0.059125,,
17.028,odom,map,-0.558152,-0.446108,1.18806,0,0,0,,,
16.992,pf,map,-0.532738,-0.433647,1.20401,0.122532,0.120786,-0.00270637,13.376,490.099,0
17.064,odom,map,-0.557967,-0.445649,1.18829,0,0,0,,,
17.1,odom,map,-0.557542,-0.444591,1.18859,0,0,0,,,
17.136,odom,map,-0.557023,-0.443299,1.18891,0,0,0,,,
17.172,odom,map,-0.556125,-0.44106,1.18956,0,0,0,,,
17.208,odom,map,-0.554972,-0.43818,1.19097,0,0,0,,,
17.208,ekf_predict_only,map,-0.523431,-0.425613,1.19825,8.09135,11.0465,-0.259743,,,
17.208,kf,map,-0.537073,-0.408415,1.22253,0.125106,0.125106,0,0.099083,,
17.208,ekf,map,-0.537279,-0.408995,1.2222,0.137355,0.137357,-2.04435e-06,0.068166,,
17.208,pf,map,-0.550522,-0.391181,1.21847,0.123088,0.120871,-0.000612303,6.36367,469.736,0
17.244,odom,map,-0.553815,-0.435274,1.19301,0,0,0,,,
17.28,odom,map,-0.552599,-0.432197,1.19551,0,0,0,,,
17.316,odom,map,-0.551372,-0.429071,1.19872,0,0,0,,,
17.352,odom,map,-0.550128,-0.425862,1.20314,0,0,0,,,
17.388,odom,map,-0.548884,-0.422611,1.20797,0,0,0,,,
17.388,ekf_predict_only,map,-0.516653,-0.408266,1.22857,8.30478,11.2822,-0.307967,,,
17.388,ekf,map,-0.532135,-0.394722,1.24164,0.135302,0.1353,-2.48397e-06,0.110875,,
17.388,kf,map,-0.531994,-0.394241,1.24261,0.124753,0.124753,0,0.122958,,
17.424,odom,map,-0.547591,-0.419175,1.21359,0,0,0,,,
17.388,pf,map,-0.549054,-0.411742,1.22416,0.122629,0.108932,-0.00446511,10.2068,478.946,0
17.46,odom,map,-0.546257,-0.415565,1.22033,0,0,0,,,
17.496,odom,map,-0.544938,-0.411918,1.22739,0,0,0,,,
17.532,odom,map,-0.543589,-0.408099,1.23513,0,0,0,,,
17.568,odom,map,-0.542204,-0.404072,1.24378,0,0,0,,,
17.604,odom,map,-0.540772,-0.399787,1.25327,0,0,0,,,
17.604,ekf_predict_only,map,-0.507335,-0.382111,1.28774,8.52967,11.5318,-0.382015,,,
17.604,kf,map,-0.524458,-0.37124,1.28924,0.125105,0.125105,0,0.138833,,
17.604,ekf,map,-0.524579,-0.371735,1.28771,0.137417,0.137408,-5.01828e-06,0.0665,,
17.604,pf,map,-0.531705,-0.410424,1.24328,0.108773,0.124892,0.00520563,4.54696,503.365,0
17.64,odom,map,-0.539349,-0.395384,1.26313,0,0,0,,,
17.676,odom,map,-0.537925,-0.390819,1.27344,0,0,0,,,
17.712,odom,map,-0.536461,-0.385948,1.2845,0,0,0,,,
17.748,odom,map,-0.534979,-0.380804,1.29591,0,0,0,,,
17.784,odom,map,-0.533532,-0.375557,1.30737,0,0,0,,,
17.82,odom,map,-0.532079,-0.37004,1.31907,0,0,0,,,
17.784,ekf_predict_only,map,-0.499152,-0.353976,1.34673,8.76282,11.7759,-0.462745,,,
17.784,ekf,map,-0.517957,-0.347115,1.33935,0.135349,0.135333,-6.55734e-06,0.183542,,
17.784,kf,map,-0.517839,-0.34664,1.3405,0.124753,0.124753,0,0.061125,,
17.802,amcl,map,-0.534829,-0.37372,1.30161,0.0235015,0.0318959,-0.00371327,,,
17.784,pf,map,-0.534078,-0.391351,1.29848,0.115361,0.128463,-0.0113948,8.24258,482.307,0
17.856,odom,map,-0.530622,-0.36423,1.33102,0,0,0,,,
17.892,odom,map,-0.529137,-0.357989,1.34323,0,0,0,,,
17.928,odom,map,-0.527699,-0.351603,1.35546,0,0,0,,,
17.964,odom,map,-0.526293,-0.344977,1.36781,0,0,0,,,
18,odom,map,-0.524897,-0.337971,1.38029,0,0,0,,,
18,ekf_predict_only,map,-0.488616,-0.307749,1.42086,9.032,12.0336,-0.597202,,,
18,ekf,map,-0.509886,-0.307842,1.41024,0.137472,0.137435,-1.21909e-05,0.056916,,
18,kf,map,-0.50963,-0.307037,1.41096,0.125105,0.125105,0,0.068666,,
18,pf,map,-0.507368,-0.318226,1.38773,0.123689,0.131996,-0.00352336,6.81983,460.545,0
18.036,odom,map,-0.523481,-0.330371,1.39272,0,0,0,,,
18.072,odom,map,-0.522129,-0.322585,1.40507,0,0,0,,,
18.108,odom,map,-0.520831,-0.314518,1.41719,0,0,0,,,
18.144,odom,map,-0.519571,-0.306037,1.42912,0,0,0,,,
18.18,odom,map,-0.518351,-0.297104,1.44106,0,0,0,,,
18.216,ekf_predict_only,map,-0.479815,-0.249489,1.48924,9.34582,12.2826,-0.767779,,,
18.216,odom,map,-0.517185,-0.287728,1.45274,0,0,0,,,
18.216,ekf,map,-0.503552,-0.257152,1.48041,0.137991,0.137925,-1.71592e-05,1.90492,,
18.216,kf,map,-0.503171,-0.256159,1.48051,0.125155,0.125155,0,0.054958,,
18.216,pf,map,-0.51078,-0.293444,1.46073,0.126527,0.128512,-0.000180713,5.26513,460.529,0
18.252,odom,map,-0.516084,-0.277969,1.46414,0,0,0,,,
18.288,odom,map,-0.515066,-0.267916,1.47553,0,0,0,,,
18.324,odom,map,-0.514122,-0.257403,1.48658,0,0,0,,,
18.36,odom,map,-0.513245,-0.246317,1.49708,0,0,0,,,
18.396,odom,map,-0.512475,-0.235098,1.5075,0,0,0,,,
18.432,odom,map,-0.511804,-0.223569,1.51757,0,0,0,,,
18.396,ekf_predict_only,map,-0.47506,-0.191317,1.53912,9.68975,12.5093,-0.937154,,,
18.396,ekf,map,-0.50064,-0.204943,1.53414,0.135437,0.135349,-1.70444e-05,0.054375,,
18.396,kf,map,-0.500278,-0.204111,1.53387,0.12476,0.12476,0,0.060542,,
18.396,pf,map,-0.516098,-0.223327,1.55098,0.141394,0.124964,0.00611108,10.7907,464.598,0
18.468,odom,map,-0.511235,-0.211783,1.52737,0,0,0,,,
18.504,odom,map,-0.510759,-0.199483,1.53662,0,0,0,,,
18.54,odom,map,-0.510381,-0.186778,1.54544,0,0,0,,,
18.576,odom,map,-0.510113,-0.174025,1.55424,0,0,0,,,
18.612,odom,map,-0.509928,-0.161237,1.5622,0,0,0,,,
18.612,ekf_predict_only,map,-0.472602,-0.113752,1.58975,10.1299,12.7232,-1.16023,,,
18.6,amcl,map,-0.508665,-0.168333,1.54444,0.01833,0.0413135,-0.0032199,,,
18.612,ekf,map,-0.500256,-0.131795,1.58927,0.137478,0.137317,-2.08193e-05,0.104375,,
18.612,kf,map,-0.49984,-0.131095,1.58876,0.125106,0.125106,0,0.057667,,
18.612,pf,map,-0.51469,-0.132564,1.59464,0.121879,0.108711,-0.000616336,8.21625,465.015,0
18.648,odom,map,-0.509753,-0.148489,1.56839,0,0,0,,,
18.684,odom,map,-0.509637,-0.135735,1.57453,0,0,0,,,
18.72,odom,map,-0.50958,-0.122905,1.58051,0,0,0,,,
18.756,odom,map,-0.50958,-0.109941,1.58603,0,0,0,,,
18.792,odom,map,-0.509627,-0.0969973,1.59105,0,0,0,,,
18.828,odom,map,-0.509878,-0.0839015,1.59753,0,0,0,,,
18.792,kf,map,-0.502854,-0.0673286,1.6281,0.124754,0.124754,0,0.107625,,
18.792,ekf,map,-0.503205,-0.0677254,1.62862,0.135427,0.135248,-1.49139e-05,0.059,,
18.792,ekf_predict_only,map,-0.473849,-0.0479635,1.62502,10.5775,12.9161,-1.34404,,,
18.792,pf,map,-0.500233,-0.0859577,1.63773,0.122139,0.128049,0.00159462,7.72467,487.208,0
18.864,odom,map,-0.510275,-0.0707535,1.60439,0,0,0,,,
18.9,odom,map,-0.510763,-0.0575414,1.61089,0,0,0,,,
18.936,odom,map,-0.511335,-0.0443313,1.61717,0,0,0,,,
18.972,odom,map,-0.511987,-0.0311381,1.6232,0,0,0,,,
19.008,ekf,map,-0.509556,0.0107295,1.66706,0.137614,0.137355,-9.71427e-06,0.06675,,
19.008,kf,map,-0.509196,0.0109494,1.66647,0.125106,0.125106,0,0.063459,,
19.008,odom,map,-0.512718,-0.0179344,1.62893,0,0,0,,,
19.008,ekf_predict_only,map,-0.478149,0.0312711,1.65915,11.1306,13.0919,-1.55761,,,
19.008,pf,map,-0.50847,0.00265207,1.67055,0.117196,0.135084,-0.00552464,4.73104,479.449,0
19.044,odom,map,-0.513517,-0.0048144,1.63437,0,0,0,,,
19.08,odom,map,-0.514386,0.00827425,1.63972,0,0,0,,,
19.116,odom,map,-0.515328,0.0214325,1.64471,0,0,0,,,
19.152,odom,map,-0.51633,0.0345718,1.64897,0,0,0,,,
19.188,odom,map,-0.517379,0.0476072,1.65355,0,0,0,,,
19.224,odom,map,-0.51849,0.0605791,1.6589,0,0,0,,,
19.188,ekf,map,-0.516993,0.0756349,1.69371,0.135543,0.135298,-6.79263e-07,0.063125,,
19.188,ekf_predict_only,map,-0.483893,0.0961142,1.68593,11.6651,13.2598,-1.72383,,,
19.188,kf,map,-0.516751,0.0757103,1.69349,0.124753,0.124753,0,0.070125,,
19.188,pf,map,-0.495239,0.0739557,1.67721,0.120881,0.13165,-0.00314625,5.97742,501.545,0
19.26,odom,map,-0.519671,0.0735275,1.66473,0,0,0,,,
19.296,odom,map,-0.520925,0.086403,1.67117,0,0,0,,,
19.332,odom,map,-0.522251,0.0991319,1.67825,0,0,0,,,
19.368,odom,map,-0.523661,0.111751,1.68583,0,0,0,,,
19.404,odom,map,-0.52513,0.124204,1.6939,0,0,0,,,
19.404,ekf_predict_only,map,-0.492511,0.170628,1.73651,12.301,13.4123,-1.90399,,,
19.404,kf,map,-0.527471,0.151264,1.73778,0.125105,0.125105,0,0.063875,,
19.401,amcl,map,-0.517165,0.12536,1.69307,0.0195962,0.0450092,0.00261626,,,
19.404,ekf,map,-0.527617,0.151359,1.73724,0.137711,0.137407,1.00395e-05,0.100125,,
19.404,pf,map,-0.522779,0.139356,1.69774,0.119955,0.100706,-0.00454193,5.98187,466.994,0
19.44,odom,map,-0.526315,0.13621,1.70226,0,0,0,,,
19.476,odom,map,-0.527581,0.148076,1.71132,0,0,0,,,
19.512,odom,map,-0.528945,0.159868,1.72071,0,0,0,,,
19.548,odom,map,-0.530392,0.171486,1.73068,0,0,0,,,
19.584,odom,map,-0.531942,0.183016,1.74137,0,0,0,,,
19.62,odom,map,-0.533825,0.194522,1.75311,0,0,0,,,
19.584,ekf_predict_only,map,-0.502173,0.228399,1.79837,12.8778,13.56,-2.02903,,,
19.584,ekf,map,-0.538858,0.210931,1.7896,0.135593,0.135333,1.61067e-05,0.105834,,
19.584,kf,map,-0.538786,0.210737,1.79054,0.124753,0.124753,0,0.054458,,
19.584,pf,map,-0.514122,0.205484,1.7471,0.118759,0.11629,-0.0039808,4.499,489.339,0
19.656,odom,map,-0.53602,0.206029,1.76549,0,0,0,,,
19.692,odom,map,-0.538341,0.217423,1.77826,0,0,0,,,
19.728,odom,map,-0.540771,0.22859,1.79198,0,0,0,,,
19.764,odom,map,-0.543348,0.23969,1.80585,0,0,0,,,
19.8,odom,map,-0.546018,0.250498,1.82023,0,0,0,,,
19.8,ekf_predict_only,map,-0.516903,0.292004,1.89007,13.5324,13.682,-2.14471,,,
19.8,ekf,map,-0.555611,0.277456,1.86959,0.137728,0.137436,2.83571e-05,0.205667,,
19.8,kf,map,-0.555485,0.277104,1.87097,0.125105,0.125105,0,0.064,,
19.8,pf,map,-0.541105,0.263427,1.81745,0.128183,0.124538,-0.00392788,4.74988,481.219,0
19.836,odom,map,-0.5488,0.261095,1.83515,0,0,0,,,
19.872,odom,map,-0.551667,0.271371,1.8507,0,0,0,,,
19.908,odom,map,-0.554664,0.281499,1.86636,0,0,0,,,
19.944,odom,map,-0.557746,0.29134,1.88247,0,0,0,,,
19.98,odom,map,-0.560888,0.300826,1.89902,0,0,0,,,
20.016,odom,map,-0.564065,0.309906,1.91612,0,0,0,,,
20.016,ekf_predict_only,map,-0.534797,0.346134,1.99425,14.1529,13.7904,-2.21381,,,
20.016,ekf,map,-0.575907,0.335623,1.96437,0.138196,0.137928,3.59737e-05,0.21225,,
20.001,amcl,map,-0.547576,0.294131,1.89766,0.0270121,0.0370894,0.00452126,,,
20.016,kf,map,-0.575636,0.33512,1.96575,0.125155,0.125155,0,0.057042,,
20.016,pf,map,-0.549524,0.336022,1.92423,0.112632,0.130349,0.00137711,4.72717,483.393,0
20.052,odom,map,-0.567359,0.318818,1.93348,0,0,0,,,
20.088,odom,map,-0.570729,0.327472,1.95102,0,0,0,,,
20.124,odom,map,-0.574133,0.335777,1.96887,0,0,0,,,
20.16,odom,map,-0.577607,0.343834,1.98703,0,0,0,,,
20.196,odom,map,-0.581077,0.351493,2.00549,0,0,0,,,
20.232,odom,map,-0.583729,0.359274,2.02485,0,0,0,,,
20.196,ekf_predict_only,map,-0.550932,0.381932,2.08837,14.6483,13.9107,-2.23564,,,
20.196,pf,map,-0.572905,0.386329,2.03187,0.130662,0.115059,0.0012957,4.83992,492.521,0
20.196,ekf,map,-0.594625,0.376069,2.05241,0.135546,0.135353,3.33469e-05,0.0635,,
20.196,kf,map,-0.594291,0.37553,2.0534,0.12476,0.12476,0,0.160959,,
20.268,odom,map,-0.586232,0.366662,2.04469,0,0,0,,,
20.304,odom,map,-0.588777,0.373792,2.06469,0,0,0,,,
20.34,odom,map,-0.591324,0.38061,2.08491,0,0,0,,,
20.376,odom,map,-0.593887,0.387158,2.10542,0,0,0,,,
20.412,odom,map,-0.596627,0.393093,2.12611,0,0,0,,,
20.412,ekf,map,-0.616413,0.413457,2.16871,0.137505,0.137325,4.03591e-05,0.057917,,
20.412,kf,map,-0.615944,0.41289,2.16953,0.125106,0.125106,0,0.113417,,
20.412,ekf_predict_only,map,-0.569635,0.414782,2.20976,15.1316,14.0219,-2.23295,,,
20.4,amcl,map,-0.575717,0.372259,2.12127,0.026447,0.0299087,0.00655927,,,
20.412,pf,map,-0.591533,0.416753,2.14635,0.127567,0.122208,-0.00164062,4.67729,482.915,0
20.448,odom,map,-0.600002,0.398413,2.14634,0,0,0,,,
20.484,odom,map,-0.603357,0.403472,2.16662,0,0,0,,,
20.52,odom,map,-0.606616,0.408176,2.18696,0,0,0,,,
20.556,odom,map,-0.60974,0.412496,2.20739,0,0,0,,,
20.592,odom,map,-0.612838,0.416598,2.22785,0,0,0,,,
20.592,ekf_predict_only,map,-0.583691,0.433702,2.31297,15.5003,14.1577,-2.2135,,,
20.592,ekf,map,-0.633642,0.436397,2.26935,0.135377,0.135257,3.2529e-05,0.068083,,
20.592,kf,map,-0.63317,0.435906,2.26986,0.124754,0.124754,0,0.122916,,
20.628,odom,map,-0.615876,0.420455,2.24843,0,0,0,,,
20.592,pf,map,-0.624602,0.432371,2.26752,0.122836,0.124137,-0.0064808,6.794,490.816,0
20.664,odom,map,-0.618768,0.423975,2.26926,0,0,0,,,
20.7,odom,map,-0.621633,0.427316,2.29025,0,0,0,,,
20.736,odom,map,-0.624383,0.430389,2.31123,0,0,0,,,
20.772,odom,map,-0.626983,0.433175,2.33222,0,0,0,,,
20.808,odom,map,-0.628896,0.435063,2.3526,0,0,0,,,
20.808,ekf_predict_only,map,-0.596903,0.448108,2.4388,15.8314,14.2995,-2.18514,,,
20.808,ekf,map,-0.650766,0.454828,2.39401,0.137467,0.137366,3.26307e-05,0.056667,,
20.808,kf,map,-0.650186,0.454331,2.3943,0.125106,0.125106,0,0.103333,,
20.802,amcl,map,-0.605294,0.420252,2.34816,0.0279827,0.0285567,0.00885614,,,
20.808,pf,map,-0.647202,0.45114,2.39829,0.131996,0.143079,0.00631978,4.87008,468.025,0
20.844,odom,map,-0.628911,0.434634,2.37087,0,0,0,,,
20.88,odom,map,-0.628825,0.434023,2.38914,0,0,0,,,
20.916,odom,map,-0.628669,0.433273,2.40742,0,0,0,,,
20.952,odom,map,-0.628391,0.432341,2.4257,0,0,0,,,
20.988,odom,map,-0.628128,0.431355,2.44398,0,0,0,,,
20.988,ekf_predict_only,map,-0.604821,0.454815,2.54384,16.0933,14.4655,-2.16301,,,
21.024,odom,map,-0.629097,0.431851,2.464,0,0,0,,,
20.988,ekf,map,-0.661714,0.464119,2.49857,0.135369,0.135307,2.26023e-05,0.13975,,
20.988,kf,map,-0.661235,0.463756,2.49871,0.124753,0.124753,0,0.058125,,
20.988,pf,map,-0.657532,0.463824,2.48988,0.117077,0.135395,-0.00942818,5.24817,475.113,0
21.06,odom,map,-0.630661,0.433084,2.48488,0,0,0,,,
21.096,odom,map,-0.63209,0.434162,2.50555,0,0,0,,,
21.132,odom,map,-0.633431,0.435131,2.52616,0,0,0,,,
21.168,odom,map,-0.63468,0.435996,2.54667,0,0,0,,,
21.204,odom,map,-0.635667,0.436654,2.56703,0,0,0,,,
21.204,ekf_predict_only,map,-0.610639,0.458776,2.6642,16.3301,14.641,-2.14433,,,
21.204,ekf,map,-0.67057,0.470163,2.62117,0.137462,0.137414,1.94541e-05,0.058541,,
21.204,kf,map,-0.6701,0.469867,2.62102,0.125105,0.125105,0,0.109167,,
21.201,amcl,map,-0.616528,0.420391,2.58096,0.0256019,0.0261399,0.00823261,,,
21.204,pf,map,-0.685959,0.424679,2.62284,0.123638,0.138147,-0.0105527,6.56175,489.302,0
21.24,odom,map,-0.635168,0.436357,2.58996,0,0,0,,,
21.276,odom,map,-0.634633,0.43599,2.61276,0,0,0,,,
21.312,odom,map,-0.633981,0.435512,2.63538,0,0,0,,,
21.348,odom,map,-0.633142,0.434894,2.65783,0,0,0,,,
21.384,odom,map,-0.632273,0.434229,2.68026,0,0,0,,,
21.42,odom,map,-0.631933,0.433946,2.7005,0,0,0,,,
21.384,ekf_predict_only,map,-0.611651,0.4593,2.7581,16.5349,14.8368,-2.14071,,,
21.384,kf,map,-0.673847,0.471909,2.71809,0.124753,0.124753,0,0.056584,,
21.384,ekf,map,-0.674234,0.472129,2.71841,0.135365,0.135336,1.21173e-05,0.053375,,
21.384,pf,map,-0.67321,0.456389,2.71554,0.112816,0.137178,-0.00462345,4.72171,467.244,0
21.456,odom,map,-0.632058,0.434003,2.71899,0,0,0,,,
21.492,odom,map,-0.631952,0.433958,2.73708,0,0,0,,,
21.528,odom,map,-0.63168,0.433844,2.75499,0,0,0,,,
21.564,odom,map,-0.631251,0.433675,2.77261,0,0,0,,,
21.6,odom,map,-0.630685,0.433462,2.78975,0,0,0,,,
21.6,kf,map,-0.672842,0.471626,2.82457,0.125105,0.125105,0,0.055459,,
21.6,ekf_predict_only,map,-0.607819,0.457754,2.85866,16.7205,15.0528,-2.1553,,,
21.6,ekf,map,-0.673232,0.471837,2.82525,0.137458,0.137436,9.50676e-06,0.058417,,
21.6,amcl,map,-0.620999,0.420701,2.79918,0.0250909,0.0247957,0.00672654,,,
21.6,pf,map,-0.69206,0.449723,2.79742,0.122437,0.132679,0.000129644,4.71483,470.797,0
21.636,odom,map,-0.629345,0.433959,2.80594,0,0,0,,,
21.672,odom,map,-0.62797,0.434482,2.82208,0,0,0,,,
21.708,odom,map,-0.626523,0.434994,2.83792,0,0,0,,,
21.744,odom,map,-0.624967,0.435483,2.85345,0,0,0,,,
21.78,odom,map,-0.623341,0.435965,2.86883,0,0,0,,,
21.816,ekf_predict_only,map,-0.60138,0.455882,2.95345,16.9032,15.2802,-2.18122,,,
21.816,ekf,map,-0.668793,0.470749,2.92424,0.137939,0.137924,6.59471e-06,0.059708,,
21.816,odom,map,-0.621884,0.436143,2.88432,0,0,0,,,
21.816,kf,map,-0.66847,0.470572,2.9236,0.125155,0.125155,0,0.179791,,
21.816,pf,map,-0.668135,0.43809,2.90994,0.12593,0.112349,-0.000742624,7.14813,472.032,0
21.852,odom,map,-0.620739,0.435851,2.89986,0,0,0,,,
21.888,odom,map,-0.61943,0.435539,2.9148,0,0,0,,,
21.924,odom,map,-0.618089,0.43524,2.92965,0,0,0,,,
21.96,odom,map,-0.616625,0.434937,2.94428,0,0,0,,,
21.996,odom,map,-0.615485,0.434716,2.95799,0,0,0,,,
22.032,odom,map,-0.614157,0.432215,2.96951,0,0,0,,,
21.996,ekf_predict_only,map,-0.60138,0.455882,2.9684,17.1032,15.4802,-2.18122,,,
21.996,ekf,map,-0.665006,0.470282,2.98021,0.135356,0.135348,3.79901e-06,0.063458,,
21.996,kf,map,-0.665191,0.470237,2.97676,0.12476,0.12476,0,2.69229,,
21.996,pf,map,-0.626132,0.430483,2.99444,0.12046,0.142423,0.000821847,6.0165,483.262,0
22.068,odom,map,-0.612788,0.429425,2.97849,0,0,0,,,
22.104,odom,map,-0.611419,0.426635,2.98487,0,0,0,,,
22.14,odom,map,-0.61005,0.423844,2.98866,0,0,0,,,
22.176,odom,map,-0.608681,0.421054,2.98991,0,0,0,,,
22.212,odom,map,-0.607731,0.419115,2.99019,0,0,0,,,
22.212,ekf_predict_only,map,-0.60138,0.455882,2.9684,17.3032,15.6802,-2.18122,,,
22.212,ekf,map,-0.663693,0.470107,3.01421,0.137321,0.137315,2.87643e-06,0.733958,,
22.212,kf,map,-0.663884,0.4701,3.0099,0.125106,0.125106,0,0.100709,,
22.2,amcl,map,-0.60269,0.421341,3.00952,0.0248915,0.0192656,0.00534647,,,
22.212,pf,map,-0.618327,0.445682,3.0041,0.125697,0.124615,0.000680205,6.35117,468.491,0
22.248,odom,map,-0.607731,0.419115,2.99019,0,0,0,,,
22.284,odom,map,-0.607731,0.419115,2.99019,0,0,0,,,
22.32,odom,map,-0.607731,0.419115,2.99019,0,0,0,,,
22.356,odom,map,-0.607731,0.419115,2.99019,0,0,0,,,
22.392,odom,map,-0.607731,0.419115,2.99019,0,0,0,,,
22.428,odom,map,-0.607978,0.418964,2.99159,0,0,0,,,
22.392,kf,map,-0.663397,0.470049,3.02227,0.124754,0.124754,0,0.061291,,
22.392,ekf,map,-0.663293,0.470048,3.02471,0.13525,0.135246,1.69348e-06,0.068833,,
22.392,ekf_predict_only,map,-0.60138,0.455882,2.9684,17.5032,15.8802,-2.18122,,,
22.392,pf,map,-0.629976,0.442384,2.99355,0.12314,0.116233,-0.00562333,9.11021,491.285,0
22.464,odom,map,-0.608325,0.418752,2.99352,0,0,0,,,
22.5,odom,map,-0.608677,0.418536,2.99545,0,0,0,,,
22.536,odom,map,-0.609034,0.418317,2.99738,0,0,0,,,
22.572,odom,map,-0.609397,0.418094,2.99931,0,0,0,,,
22.608,odom,map,-0.609682,0.417918,3.00081,0,0,0,,,
22.608,ekf_predict_only,map,-0.60138,0.455882,2.9684,17.7032,16.0802,-2.18122,,,
22.608,ekf,map,-0.663162,0.470028,3.02816,0.137356,0.137354,1.2887e-06,0.065417,,
22.608,kf,map,-0.663212,0.47003,3.02694,0.125106,0.125106,0,0.065167,,
22.608,pf,map,-0.620715,0.441102,2.99697,0.129041,0.117558,0.00631928,4.79975,495.837,0
22.644,odom,map,-0.609682,0.417918,3.00081,0,0,0,,,
22.68,odom,map,-0.609682,0.417918,3.00081,0,0,0,,,
22.716,odom,map,-0.609682,0.417918,3.00081,0,0,0,,,
22.752,odom,map,-0.609682,0.417918,3.00081,0,0,0,,,
22.788,odom,map,-0.609682,0.417918,3.00081,0,0,0,,,
22.788,ekf_predict_only,map,-0.60138,0.455882,2.9684,17.9032,16.2802,-2.18122,,,
22.788,kf,map,-0.663144,0.470023,3.02869,0.124753,0.124753,0,0.062583,,
22.824,odom,map,-0.609682,0.417918,3.00081,0,0,0,,,
22.788,ekf,map,-0.663121,0.470022,3.02923,0.135299,0.135297,7.58509e-07,0.056291,,
22.788,pf,map,-0.651866,0.4459,2.99256,0.129065,0.120924,-0.000893406,5.27621,485.569,0
22.86,odom,map,-0.609682,0.417918,3.00081,0,0,0,,,
22.896,odom,map,-0.609682,0.417918,3.00081,0,0,0,,,
22.932,odom,map,-0.609926,0.417953,3.00099,0,0,0,,,
22.968,odom,map,-0.610603,0.418048,3.00131,0,0,0,,,
23.004,odom,map,-0.611511,0.418221,3.00142,0,0,0,,,
23.004,ekf,map,-0.666993,0.470455,3.02962,0.137406,0.137405,6.10714e-07,0.084083,,
23.004,kf,map,-0.667391,0.470503,3.02928,0.125105,0.125105,0,0.080792,,
23.004,ekf_predict_only,map,-0.609536,0.457308,2.96736,18.1164,16.4457,-2.14639,,,
23.004,pf,map,-0.672027,0.465299,2.98617,0.121131,0.136953,-0.000211567,4.88379,474.195,0
23.04,odom,map,-0.612083,0.419105,3.00235,0,0,0,,,
23.076,odom,map,-0.613564,0.420107,3.00266,0,0,0,,,
23.112,odom,map,-0.615493,0.421164,3.00273,0,0,0,,,
23.148,odom,map,-0.617842,0.422272,3.00247,0,0,0,,,
23.184,odom,map,-0.620653,0.423437,3.00206,0,0,0,,,
23.22,odom,map,-0.625148,0.424411,3.00062,0,0,0,,,
23.184,kf,map,-0.685578,0.472577,3.02122,0.124753,0.124753,0,0.071875,,
23.184,ekf_predict_only,map,-0.635823,0.461935,2.95637,18.3596,16.5406,-2.03307,,,
23.184,ekf,map,-0.684744,0.472471,3.02158,0.135331,0.135335,8.71051e-07,0.062792,,
23.184,pf,map,-0.69151,0.431633,3.00591,0.127409,0.133791,-0.00221792,4.97121,478.902,0
23.256,odom,map,-0.630433,0.425167,2.99842,0,0,0,,,
23.292,odom,map,-0.635995,0.425975,2.99596,0,0,0,,,
23.328,odom,map,-0.642232,0.426899,2.99309,0,0,0,,,
23.364,odom,map,-0.6491,0.427938,2.99002,0,0,0,,,
23.4,odom,map,-0.656015,0.429005,2.98693,0,0,0,,,
23.4,ekf,map,-0.719655,0.476865,3.00588,0.137432,0.137453,2.81488e-06,0.114125,,
23.4,ekf_predict_only,map,-0.677084,0.469666,2.93787,18.6323,16.5952,-1.85252,,,
23.4,kf,map,-0.720572,0.476983,3.0055,0.125105,0.125105,0,1.07108,,
23.4,pf,map,-0.708733,0.428341,2.9896,0.130634,0.131404,0.0047478,4.84687,467.905,0
23.436,odom,map,-0.663204,0.430138,2.9836,0,0,0,,,
23.472,odom,map,-0.670919,0.431381,2.97996,0,0,0,,,
23.508,odom,map,-0.678703,0.432665,2.97629,0,0,0,,,
23.544,odom,map,-0.686897,0.434047,2.97295,0,0,0,,,
23.58,odom,map,-0.695671,0.435556,2.96967,0,0,0,,,
23.616,kf,map,-0.76998,0.484144,2.98617,0.125155,0.125155,0,0.062666,,
23.616,odom,map,-0.704894,0.437173,2.96635,0,0,0,,,
23.616,ekf_predict_only,map,-0.733152,0.481249,2.91788,18.9429,16.6362,-1.60127,,,
23.616,ekf,map,-0.768951,0.484035,2.98636,0.137922,0.137972,6.64503e-06,0.06375,,
23.616,pf,map,-0.761122,0.427259,2.96194,0.129486,0.117146,-0.00256063,13.886,468.836,0
23.652,odom,map,-0.714287,0.438852,2.96302,0,0,0,,,
23.688,odom,map,-0.723977,0.440618,2.95978,0,0,0,,,
23.724,odom,map,-0.734256,0.442524,2.95672,0,0,0,,,
23.76,odom,map,-0.744989,0.444548,2.9537,0,0,0,,,
23.796,odom,map,-0.755923,0.446644,2.95067,0,0,0,,,
23.832,odom,map,-0.767193,0.44884,2.94775,0,0,0,,,
23.796,ekf_predict_only,map,-0.790548,0.494308,2.90349,19.2699,16.7202,-1.33539,,,
23.796,ekf,map,-0.820142,0.492523,2.97124,0.135347,0.135424,1.08523e-05,0.103541,,
23.796,kf,map,-0.821074,0.492609,2.97123,0.12476,0.12476,0,0.131459,,
23.796,pf,map,-0.82307,0.43404,2.94116,0.12425,0.12216,-0.00411378,5.80571,481.745,0
23.868,odom,map,-0.77904,0.451183,2.94497,0,0,0,,,
23.904,odom,map,-0.791323,0.453647,2.94228,0,0,0,,,
23.94,odom,map,-0.803743,0.456173,2.9396,0,0,0,,,
23.976,odom,map,-0.816321,0.458765,2.93736,0,0,0,,,
24.012,odom,map,-0.829233,0.46145,2.93597,0,0,0,,,
24.012,ekf_predict_only,map,-0.867889,0.513079,2.89627,19.6568,16.8396,-0.960132,,,
24.012,kf,map,-0.893817,0.50575,2.95912,0.125106,0.125106,0,0.062125,,
24.012,ekf,map,-0.892958,0.505758,2.95864,0.137317,0.137467,2.32836e-05,0.0585,,
24.012,pf,map,-0.847257,0.484959,2.92879,0.123755,0.132854,0.00781818,4.66592,471.019,0
24.048,odom,map,-0.842217,0.464166,2.93477,0,0,0,,,
24.084,odom,map,-0.855316,0.466922,2.93374,0,0,0,,,
24.12,odom,map,-0.868676,0.469745,2.93311,0,0,0,,,
24.156,odom,map,-0.882141,0.472596,2.93278,0,0,0,,,
24.192,odom,map,-0.895617,0.475453,2.93252,0,0,0,,,
24.192,ekf_predict_only,map,-0.935974,0.530125,2.89544,20.031,17.0417,-0.611946,,,
24.192,ekf,map,-0.958645,0.518348,2.95438,0.13525,0.135424,2.90236e-05,0.255584,,
24.192,kf,map,-0.959236,0.518306,2.95483,0.124754,0.124754,0,0.0605,,
24.228,odom,map,-0.909247,0.478347,2.93232,0,0,0,,,
24.201,amcl,map,-0.888952,0.462746,2.93564,0.0357165,0.0297957,0.00919817,,,
24.192,pf,map,-0.933373,0.498065,2.93638,0.114406,0.107671,0.0109135,8.92104,470.307,0
24.264,odom,map,-0.92303,0.481274,2.93236,0,0,0,,,
24.3,odom,map,-0.93685,0.484208,2.93256,0,0,0,,,
24.336,odom,map,-0.950644,0.487132,2.9328,0,0,0,,,
24.372,odom,map,-0.96443,0.490051,2.93315,0,0,0,,,
24.408,odom,map,-0.978239,0.492968,2.93376,0,0,0,,,
24.408,ekf_predict_only,map,-1.01816,0.550774,2.89985,20.4479,17.3365,-0.168469,,,
24.408,ekf,map,-1.0406,0.53411,2.95549,0.137361,0.137621,4.6066e-05,0.06125,,
24.408,kf,map,-1.04095,0.534038,2.95595,0.125106,0.125106,0,0.076125,,
24.408,pf,map,-1.03875,0.524314,2.96133,0.123069,0.120678,-0.00761262,4.98417,496.362,0
24.444,odom,map,-0.99206,0.495877,2.9345,0,0,0,,,
24.48,odom,map,-1.00582,0.498763,2.93524,0,0,0,,,
24.516,odom,map,-1.01958,0.501637,2.93603,0,0,0,,,
24.552,odom,map,-1.03327,0.504486,2.93706,0,0,0,,,
24.588,odom,map,-1.04697,0.507319,2.93812,0,0,0,,,
24.588,ekf,map,-1.10884,0.546979,2.95904,0.135305,0.135556,4.59573e-05,0.056375,,
24.588,kf,map,-1.10895,0.546916,2.95933,0.124753,0.124753,0,0.066792,,
24.624,odom,map,-1.06051,0.510107,2.93912,0,0,0,,,
24.588,ekf_predict_only,map,-1.08521,0.567304,2.90487,20.8261,17.6895,0.211884,,,
24.588,pf,map,-1.07383,0.540089,2.94721,0.138218,0.130337,0.000596878,4.63667,479.752,0
24.66,odom,map,-1.074,0.512868,2.94014,0,0,0,,,
24.696,odom,map,-1.08746,0.515609,2.94116,0,0,0,,,
24.732,odom,map,-1.10078,0.518309,2.94195,0,0,0,,,
24.768,odom,map,-1.11388,0.520956,2.94263,0,0,0,,,
24.804,odom,map,-1.12678,0.523552,2.94332,0,0,0,,,
24.804,ekf_predict_only,map,-1.16149,0.585708,2.90899,21.2295,18.1474,0.664538,,,
24.804,kf,map,-1.18802,0.561435,2.9635,0.125105,0.125105,0,0.058209,,
24.804,ekf,map,-1.18817,0.561487,2.96342,0.137415,0.137731,5.91569e-05,0.064625,,
24.804,pf,map,-1.14844,0.543487,2.93814,0.120932,0.117424,-0.0068558,4.52825,481.438,0
24.84,odom,map,-1.1396,0.526124,2.944,0,0,0,,,
24.876,odom,map,-1.15232,0.528665,2.94455,0,0,0,,,
24.912,odom,map,-1.16469,0.531134,2.94469,0,0,0,,,
24.948,odom,map,-1.17652,0.533497,2.94412,0,0,0,,,
24.984,odom,map,-1.18828,0.535854,2.94344,0,0,0,,,
25.02,odom,map,-1.19886,0.536749,2.94281,0,0,0,,,
24.984,ekf_predict_only,map,-1.21811,0.599119,2.9035,21.5811,18.5973,1.01396,,,
24.984,kf,map,-1.24878,0.57232,2.96154,0.124753,0.124753,0,0.063958,,
25.002,amcl,map,-1.19718,0.531313,2.94764,0.0368478,0.0517412,0.0172025,,,
24.984,ekf,map,-1.24913,0.572344,2.96181,0.135339,0.135608,5.06399e-05,0.061834,,
24.984,pf,map,-1.21535,0.575175,2.94803,0.118967,0.120265,-0.000924303,6.08429,471.144,0
25.056,odom,map,-1.20821,0.536415,2.94192,0,0,0,,,
25.092,odom,map,-1.21745,0.536063,2.94093,0,0,0,,,
25.128,odom,map,-1.22658,0.535695,2.9396,0,0,0,,,
25.164,odom,map,-1.23546,0.535285,2.93789,0,0,0,,,
25.2,odom,map,-1.2441,0.534839,2.93599,0,0,0,,,
25.2,ekf_predict_only,map,-1.27921,0.613949,2.88836,21.9519,19.1236,1.40556,,,
25.2,ekf,map,-1.31497,0.58438,2.95106,0.137441,0.13774,5.62127e-05,0.060584,,
25.2,kf,map,-1.31447,0.584348,2.95057,0.125105,0.125105,0,0.056708,,
25.2,pf,map,-1.29699,0.602632,2.93713,0.128976,0.116765,0.00770052,4.98829,469.505,0
25.236,odom,map,-1.25431,0.536919,2.93349,0,0,0,,,
25.272,odom,map,-1.2644,0.539064,2.93059,0,0,0,,,
25.308,odom,map,-1.27412,0.541163,2.92714,0,0,0,,,
25.344,odom,map,-1.28356,0.543236,2.92343,0,0,0,,,
25.38,odom,map,-1.29286,0.545317,2.91959,0,0,0,,,
25.416,odom,map,-1.30195,0.547387,2.91539,0,0,0,,,
25.416,ekf_predict_only,map,-1.33238,0.627709,2.86178,22.3136,19.656,1.76091,,,
25.416,ekf,map,-1.37302,0.595875,2.92997,0.13793,0.138203,5.16934e-05,0.062166,,
25.416,kf,map,-1.37244,0.595817,2.92928,0.125155,0.125155,0,0.061167,,
25.416,pf,map,-1.36705,0.578782,2.92465,0.126519,0.111898,-0.00259102,5.01304,493.825,0
25.452,odom,map,-1.31089,0.549466,2.91074,0,0,0,,,
25.488,odom,map,-1.3197,0.551561,2.90582,0,0,0,,,
25.524,odom,map,-1.32836,0.553663,2.90061,0,0,0,,,
25.56,odom,map,-1.33692,0.555791,2.89513,0,0,0,,,
25.596,odom,map,-1.34529,0.557924,2.88926,0,0,0,,,
25.596,ekf_predict_only,map,-1.3728,0.639323,2.83077,22.6524,20.1391,2.04315,,,
25.596,kf,map,-1.41656,0.605649,2.90328,0.12476,0.12476,0,0.063916,,
25.632,odom,map,-1.35351,0.56007,2.88319,0,0,0,,,
25.596,ekf,map,-1.41702,0.605705,2.90393,0.135352,0.135552,3.85112e-05,0.059375,,
25.596,pf,map,-1.42193,0.608181,2.91843,0.120467,0.123233,-0.0102919,7.35567,519.431,0
25.668,odom,map,-1.36164,0.562245,2.87699,0,0,0,,,
25.704,odom,map,-1.36971,0.564459,2.87049,0,0,0,,,
25.74,odom,map,-1.37771,0.566711,2.86356,0,0,0,,,
25.776,odom,map,-1.38555,0.568981,2.85624,0,0,0,,,
25.812,odom,map,-1.39404,0.571748,2.8489,0,0,0,,,
25.812,ekf_predict_only,map,-1.4191,0.654195,2.78623,23.0334,20.6963,2.38222,,,
25.812,ekf,map,-1.4659,0.618238,2.86384,0.137321,0.137522,4.04512e-05,0.110375,,
25.812,kf,map,-1.46558,0.618163,2.8632,0.125106,0.125106,0,0.100708,,
25.812,pf,map,-1.4709,0.627336,2.83414,0.112054,0.116534,-0.00962906,4.74954,469.242,0
25.848,odom,map,-1.40402,0.575576,2.84163,0,0,0,,,
25.884,odom,map,-1.41381,0.579404,2.83382,0,0,0,,,
25.92,odom,map,-1.42357,0.583283,2.82593,0,0,0,,,
25.956,odom,map,-1.4332,0.587185,2.81781,0,0,0,,,
25.992,odom,map,-1.44293,0.591182,2.80966,0,0,0,,,
25.992,ekf_predict_only,map,-1.45567,0.667769,2.74443,23.4018,21.2035,2.66609,,,
25.992,kf,map,-1.50366,0.629678,2.82382,0.124754,0.124754,0,0.062583,,
26.028,odom,map,-1.45096,0.594173,2.80137,0,0,0,,,
25.992,ekf,map,-1.50382,0.629748,2.82423,0.135252,0.135403,3.23944e-05,0.055875,,
25.992,pf,map,-1.4898,0.634544,2.80096,0.12379,0.115973,-0.00905408,5.13896,486.27,0
26.064,odom,map,-1.45831,0.596808,2.79301,0,0,0,,,
26.1,odom,map,-1.46569,0.599526,2.78455,0,0,0,,,
26.136,odom,map,-1.4731,0.602327,2.77604,0,0,0,,,
26.172,odom,map,-1.48057,0.605224,2.76739,0,0,0,,,
26.208,odom,map,-1.48804,0.608192,2.75871,0,0,0,,,
26.208,ekf_predict_only,map,-1.5001,0.686407,2.69235,23.838,21.8068,3.03226,,,
26.208,kf,map,-1.54898,0.645564,2.77332,0.125106,0.125106,0,0.063292,,
26.208,ekf,map,-1.54899,0.645652,2.7736,0.137362,0.137518,3.72016e-05,0.816417,,
26.202,amcl,map,-1.46804,0.62053,2.73679,0.0500633,0.0777963,0.0315788,,,
26.208,pf,map,-1.52221,0.65421,2.7446,0.121977,0.132467,0.00358885,6.60933,484.687,0
26.244,odom,map,-1.49529,0.611153,2.74962,0,0,0,,,
26.28,odom,map,-1.50234,0.614103,2.73994,0,0,0,,,
26.316,odom,map,-1.50932,0.61711,2.73008,0,0,0,,,
26.352,odom,map,-1.51605,0.620087,2.71984,0,0,0,,,
26.388,odom,map,-1.52252,0.623032,2.70924,0,0,0,,,
26.424,odom,map,-1.5288,0.625972,2.69831,0,0,0,,,
26.388,ekf_predict_only,map,-1.53099,0.701296,2.63684,24.2309,22.3068,3.30468,,,
26.388,kf,map,-1.5825,0.659439,2.72216,0.124753,0.124753,0,0.059083,,
26.388,ekf,map,-1.58264,0.659568,2.72262,0.135305,0.135422,3.12221e-05,0.055833,,
26.388,pf,map,-1.56151,0.694147,2.67209,0.132454,0.118028,0.000179059,5.01358,473.009,0
26.46,odom,map,-1.53494,0.628928,2.68719,0,0,0,,,
26.496,odom,map,-1.54099,0.631925,2.67605,0,0,0,,,
26.532,odom,map,-1.54694,0.634958,2.66471,0,0,0,,,
26.568,odom,map,-1.55273,0.63799,2.653,0,0,0,,,
26.604,odom,map,-1.55841,0.641055,2.6411,0,0,0,,,
26.604,ekf_predict_only,map,-1.56343,0.719222,2.56058,24.6683,22.8396,3.61141,,,
26.604,kf,map,-1.61838,0.676594,2.65263,0.125105,0.125105,0,0.058917,,
26.604,ekf,map,-1.61864,0.676793,2.65343,0.137415,0.137531,3.53865e-05,0.111625,,
26.604,pf,map,-1.6193,0.697028,2.64256,0.123886,0.124924,0.00272354,4.86904,485.685,0
26.64,odom,map,-1.5639,0.644096,2.62869,0,0,0,,,
26.676,odom,map,-1.56913,0.64709,2.61573,0,0,0,,,
26.712,odom,map,-1.57421,0.650079,2.60239,0,0,0,,,
26.748,odom,map,-1.57924,0.653134,2.58903,0,0,0,,,
26.784,odom,map,-1.58401,0.656122,2.5752,0,0,0,,,
26.784,ekf_predict_only,map,-1.58658,0.734422,2.48875,25.0739,23.2882,3.8496,,,
26.784,ekf,map,-1.64468,0.691589,2.58779,0.13534,0.135423,2.87386e-05,0.055042,,
26.784,kf,map,-1.64444,0.691405,2.58701,0.124753,0.124753,0,0.108917,,
26.82,odom,map,-1.58866,0.659127,2.56095,0,0,0,,,
26.784,pf,map,-1.63176,0.72949,2.59405,0.125022,0.127982,-0.00160106,6.29708,468.899,0
26.856,odom,map,-1.59324,0.662176,2.54646,0,0,0,,,
26.892,odom,map,-1.59775,0.665281,2.5319,0,0,0,,,
26.928,odom,map,-1.60204,0.668326,2.51691,0,0,0,,,
26.964,odom,map,-1.60606,0.671271,2.5015,0,0,0,,,
27,odom,map,-1.60982,0.674112,2.48585,0,0,0,,,
27,ekf_predict_only,map,-1.60805,0.750839,2.39254,25.5005,23.7272,4.08914,,,
27,ekf,map,-1.67032,0.708716,2.49832,0.137443,0.137519,3.07123e-05,0.056584,,
27,kf,map,-1.66997,0.708416,2.49743,0.125105,0.125105,0,0.054959,,
27,amcl,map,-1.57611,0.686323,2.45657,0.0455154,0.0784216,0.0280255,,,
27,pf,map,-1.6594,0.716083,2.47682,0.119623,0.139896,-0.000544589,4.52429,464.26,0
27.036,odom,map,-1.60982,0.679696,2.46579,0,0,0,,,
27.072,odom,map,-1.60959,0.68537,2.44524,0,0,0,,,
27.108,odom,map,-1.6092,0.691024,2.42445,0,0,0,,,
27.144,odom,map,-1.6087,0.696708,2.40358,0,0,0,,,
27.18,odom,map,-1.60815,0.702451,2.38246,0,0,0,,,
27.216,odom,map,-1.60908,0.707264,2.36263,0,0,0,,,
27.216,ekf_predict_only,map,-1.6277,0.769107,2.28877,25.9583,24.153,4.33277,,,
27.216,ekf,map,-1.69178,0.726144,2.39937,0.137933,0.137992,2.81625e-05,0.067292,,
27.216,kf,map,-1.69163,0.725929,2.39859,0.125155,0.125155,0,0.088959,,
27.216,pf,map,-1.66045,0.745289,2.38747,0.119166,0.136739,0.000924911,5.04679,460.047,0
27.252,odom,map,-1.61237,0.710578,2.34531,0,0,0,,,
27.288,odom,map,-1.61568,0.71402,2.32799,0,0,0,,,
27.324,odom,map,-1.6192,0.717803,2.31062,0,0,0,,,
27.36,odom,map,-1.62297,0.72201,2.29325,0,0,0,,,
27.396,odom,map,-1.62682,0.726457,2.27581,0,0,0,,,
27.396,ekf,map,-1.71132,0.745535,2.31385,0.135358,0.135395,2.30195e-05,0.10875,,
27.432,odom,map,-1.63061,0.730996,2.25834,0,0,0,,,
27.396,ekf_predict_only,map,-1.64716,0.791387,2.20142,26.4809,24.5835,4.60559,,,
27.396,kf,map,-1.71143,0.745514,2.31342,0.12476,0.12476,0,0.061,,
27.396,pf,map,-1.67253,0.762573,2.30798,0.135242,0.133759,-0.00257233,9.02654,465.127,0
27.468,odom,map,-1.63442,0.735717,2.24084,0,0,0,,,
27.504,odom,map,-1.63837,0.740786,2.22329,0,0,0,,,
27.54,odom,map,-1.64228,0.745999,2.20573,0,0,0,,,
27.576,odom,map,-1.64612,0.75131,2.18816,0,0,0,,,
27.612,odom,map,-1.64995,0.756812,2.17051,0,0,0,,,
27.612,ekf_predict_only,map,-1.671,0.824045,2.09539,27.1699,25.0753,4.98396,,,
27.612,kf,map,-1.73612,0.774918,2.20866,0.125106,0.125106,0,0.120208,,
27.612,ekf,map,-1.73584,0.774879,2.20892,0.137335,0.137365,3.00253e-05,0.116542,,
27.6,amcl,map,-1.63974,0.755735,2.18087,0.0450803,0.0803564,0.0290782,,,
27.612,pf,map,-1.74103,0.774713,2.20199,0.125901,0.139981,-0.00707114,6.08871,497.106,0
27.648,odom,map,-1.65376,0.762497,2.15289,0,0,0,,,
27.684,odom,map,-1.6575,0.76828,2.1353,0,0,0,,,
27.72,odom,map,-1.66116,0.774172,2.11764,0,0,0,,,
27.756,odom,map,-1.66476,0.780214,2.09994,0,0,0,,,
27.792,odom,map,-1.66834,0.786455,2.08215,0,0,0,,,
27.792,ekf_predict_only,map,-1.68908,0.855287,2.00633,27.8561,25.5035,5.3218,,,
27.792,ekf,map,-1.75512,0.80368,2.12067,0.135271,0.135286,2.93927e-05,0.066667,,
27.792,kf,map,-1.7554,0.803714,2.12051,0.124754,0.124754,0,0.056166,,
27.828,odom,map,-1.66998,0.792391,2.06356,0,0,0,,,
27.792,pf,map,-1.7602,0.794666,2.10965,0.131558,0.146436,0.00418426,6.05713,470.724,0
27.864,odom,map,-1.67079,0.798247,2.04466,0,0,0,,,
27.9,odom,map,-1.67152,0.804259,2.02588,0,0,0,,,
27.936,odom,map,-1.67213,0.810352,2.00712,0,0,0,,,
27.972,odom,map,-1.67268,0.816687,1.98878,0,0,0,,,
28.008,ekf_predict_only,map,-1.70965,0.899488,1.90649,28.7748,25.9705,5.77591,,,
28.008,ekf,map,-1.77696,0.843638,2.01757,0.137398,0.137398,4.10009e-05,0.057583,,
28.008,kf,map,-1.7774,0.843783,2.01781,0.125106,0.125106,0,0.062417,,
28.008,odom,map,-1.67388,0.823646,1.97127,0,0,0,,,
28.008,pf,map,-1.72613,0.876874,2.01517,0.108628,0.131375,0.0140129,5.43233,452.842,0
28.044,odom,map,-1.67706,0.831345,1.95445,0,0,0,,,
28.08,odom,map,-1.68021,0.839344,1.93773,0,0,0,,,
28.116,odom,map,-1.68333,0.847664,1.92121,0,0,0,,,
28.152,odom,map,-1.68634,0.856121,1.90457,0,0,0,,,
28.188,odom,map,-1.68927,0.864803,1.88798,0,0,0,,,
28.224,odom,map,-1.69209,0.873627,1.87145,0,0,0,,,
28.188,ekf,map,-1.79397,0.883993,1.93348,0.135351,0.135333,4.03218e-05,0.111625,,
28.188,kf,map,-1.79438,0.884151,1.93369,0.124753,0.124753,0,0.10175,,
28.188,ekf_predict_only,map,-1.72491,0.943215,1.82382,29.7219,26.3737,6.19738,,,
28.2,amcl,map,-1.69169,0.868379,1.9015,0.0481537,0.091668,0.0376125,,,
28.188,pf,map,-1.75241,0.895686,1.91656,0.126611,0.119459,0.00553584,7.87508,474.141,0
28.26,odom,map,-1.6948,0.882629,1.85503,0,0,0,,,
28.296,odom,map,-1.69742,0.891879,1.83873,0,0,0,,,
28.332,odom,map,-1.69992,0.901298,1.82262,0,0,0,,,
28.368,odom,map,-1.70229,0.910825,1.80662,0,0,0,,,
28.404,odom,map,-1.70461,0.920555,1.79092,0,0,0,,,
28.404,ekf_predict_only,map,-1.73998,1.00152,1.72959,30.9744,26.7788,6.73003,,,
28.404,ekf,map,-1.81185,0.938928,1.83676,0.137496,0.137443,5.41664e-05,0.061041,,
28.404,kf,map,-1.81234,0.939099,1.83707,0.125105,0.125105,0,0.060208,,
28.404,pf,map,-1.76668,0.910504,1.79422,0.133477,0.111026,-0.00281906,5.92833,466.648,0
28.44,odom,map,-1.70795,0.931009,1.77734,0,0,0,,,
28.476,odom,map,-1.71119,0.94154,1.76401,0,0,0,,,
28.512,odom,map,-1.71432,0.952117,1.75081,0,0,0,,,
28.548,odom,map,-1.71734,0.962695,1.73804,0,0,0,,,
28.584,odom,map,-1.72026,0.973343,1.7257,0,0,0,,,
28.62,odom,map,-1.72236,0.983734,1.71243,0,0,0,,,
28.584,kf,map,-1.82328,0.988125,1.76307,0.124753,0.124753,0,0.076958,,
28.584,ekf_predict_only,map,-1.7481,1.05219,1.65905,32.142,27.091,7.15779,,,
28.584,ekf,map,-1.82286,0.98804,1.76266,0.13543,0.135359,4.86573e-05,0.828625,,
28.584,pf,map,-1.80286,0.96972,1.73838,0.124736,0.116193,-0.00491652,6.38746,484.367,0
28.656,odom,map,-1.72373,0.99386,1.6986,0,0,0,,,
28.692,odom,map,-1.72495,1.00394,1.68518,0,0,0,,,
28.728,odom,map,-1.72603,1.01389,1.67209,0,0,0,,,
28.764,odom,map,-1.72697,1.02378,1.6592,0,0,0,,,
28.8,odom,map,-1.72779,1.03376,1.64662,0,0,0,,,
28.8,ekf,map,-1.83177,1.04742,1.68437,0.137574,0.137459,5.57354e-05,0.099792,,
28.8,kf,map,-1.83223,1.04737,1.68519,0.125105,0.125105,0,0.099916,,
28.8,ekf_predict_only,map,-1.75336,1.1117,1.58808,33.5416,27.3644,7.62608,,,
28.8,amcl,map,-1.70685,1.06363,1.62223,0.0545465,0.0909665,0.0475083,,,
28.8,pf,map,-1.8011,1.03875,1.66231,0.126148,0.135826,0.0012213,5.698,484.999,0
28.836,odom,map,-1.72849,1.04372,1.63467,0,0,0,,,
28.872,odom,map,-1.72907,1.05366,1.62284,0,0,0,,,
28.908,odom,map,-1.72952,1.06352,1.61119,0,0,0,,,
28.944,odom,map,-1.72986,1.07319,1.60003,0,0,0,,,
28.98,odom,map,-1.73008,1.0825,1.58964,0,0,0,,,
29.016,odom,map,-1.73001,1.09036,1.58234,0,0,0,,,
29.016,kf,map,-1.83535,1.09452,1.63015,0.125155,0.125155,0,0.124125,,
29.016,ekf,map,-1.83499,1.09625,1.6275,0.138061,0.137942,4.76014e-05,0.063708,,
29.016,ekf_predict_only,map,-1.75389,1.14249,1.55641,34.3894,27.5719,7.84736,,,
29.016,pf,map,-1.8152,1.12235,1.60183,0.121363,0.132105,0.000395842,8.47396,477.84,0
29.052,odom,map,-1.7296,1.09659,1.5786,0,0,0,,,
29.088,odom,map,-1.72917,1.10153,1.57745,0,0,0,,,
29.124,odom,map,-1.72874,1.10517,1.57862,0,0,0,,,
29.16,odom,map,-1.72831,1.1075,1.58019,0,0,0,,,
29.196,odom,map,-1.72788,1.10854,1.58176,0,0,0,,,
29.232,odom,map,-1.72783,1.10882,1.58194,0,0,0,,,
29.196,ekf_predict_only,map,-1.75389,1.14249,1.55641,34.5894,27.7719,7.84736,,,
29.196,ekf,map,-1.8356,1.11591,1.61413,0.135439,0.135358,3.00274e-05,0.128042,,
29.196,kf,map,-1.83572,1.11372,1.61617,0.12476,0.12476,0,0.104417,,
29.196,pf,map,-1.80362,1.13549,1.57224,0.127554,0.128125,0.00473005,10.699,473.95,0
29.268,odom,map,-1.72783,1.10882,1.58194,0,0,0,,,
29.304,odom,map,-1.72783,1.10882,1.58194,0,0,0,,,
29.34,odom,map,-1.72783,1.10882,1.58194,0,0,0,,,
29.376,odom,map,-1.72783,1.10882,1.58194,0,0,0,,,
29.412,odom,map,-1.72783,1.10882,1.58194,0,0,0,,,
29.412,ekf,map,-1.83584,1.12259,1.60974,0.137391,0.137323,2.38997e-05,1.91217,,
29.412,ekf_predict_only,map,-1.75389,1.14249,1.55641,34.7894,27.9719,7.84736,,,
29.412,kf,map,-1.83586,1.12117,1.6109,0.125106,0.125106,0,0.102417,,
29.412,pf,map,-1.81063,1.14184,1.59248,0.128796,0.13207,-0.00303838,5.06392,463.744,0
29.448,odom,map,-1.72783,1.10882,1.58194,0,0,0,,,
29.484,odom,map,-1.72783,1.10882,1.58194,0,0,0,,,
29.52,odom,map,-1.72783,1.10882,1.58194,0,0,0,,,
29.556,odom,map,-1.72783,1.10882,1.58194,0,0,0,,,
29.592,odom,map,-1.72783,1.10882,1.58194,0,0,0,,,
29.628,odom,map,-1.72514,1.11324,1.5776,0,0,0,,,
29.592,ekf,map,-1.83591,1.12465,1.60839,0.135292,0.135251,1.43406e-05,0.059875,,
29.592,ekf_predict_only,map,-1.75389,1.14249,1.55641,34.9894,28.1719,7.84736,,,
29.592,kf,map,-1.83591,1.12395,1.60893,0.124754,0.124754,0,0.105208,,
29.592,pf,map,-1.81947,1.15013,1.58694,0.117895,0.132913,0.00487207,5.79563,464.979,0
29.664,odom,map,-1.72142,1.1193,1.5716,0,0,0,,,
29.7,odom,map,-1.71771,1.12531,1.56559,0,0,0,,,
29.736,odom,map,-1.71401,1.13127,1.55959,0,0,0,,,
29.772,odom,map,-1.71032,1.13716,1.55358,0,0,0,,,
29.808,odom,map,-1.70745,1.1417,1.54891,0,0,0,,,
29.808,ekf_predict_only,map,-1.75389,1.14249,1.55641,35.1894,28.3719,7.84736,,,
29.808,ekf,map,-1.83594,1.12532,1.60794,0.137389,0.137357,1.10201e-05,0.080791,,
29.808,kf,map,-1.83593,1.125,1.60818,0.125106,0.125106,0,0.0575,,
29.808,pf,map,-1.80007,1.15058,1.59294,0.10084,0.123658,0.0164354,5.92025,467.283,0
29.844,odom,map,-1.70744,1.14202,1.54886,0,0,0,,,
29.88,odom,map,-1.70741,1.14337,1.54851,0,0,0,,,
29.916,odom,map,-1.70736,1.14558,1.5477,0,0,0,,,
29.952,odom,map,-1.70731,1.14806,1.54676,0,0,0,,,
29.988,odom,map,-1.70724,1.15074,1.54545,0,0,0,,,
29.988,kf,map,-1.83639,1.13772,1.6015,0.124753,0.124753,0,0.05875,,
30.024,odom,map,-1.70715,1.15402,1.54335,0,0,0,,,
29.988,ekf_predict_only,map,-1.75364,1.16027,1.54512,35.7721,28.5683,7.96916,,,
29.988,ekf,map,-1.83638,1.13739,1.60181,0.13532,0.135299,6.55165e-06,0.143792,,
29.988,pf,map,-1.81894,1.13369,1.58471,0.117433,0.117588,0.00948416,6.33554,463.026,0
30.06,odom,map,-1.70705,1.15758,1.5411,0,0,0,,,
30.096,odom,map,-1.70694,1.16129,1.53849,0,0,0,,,
30.132,odom,map,-1.70681,1.16488,1.53478,0,0,0,,,
30.168,odom,map,-1.70669,1.16824,1.53021,0,0,0,,,
30.204,odom,map,-1.70654,1.17155,1.52518,0,0,0,,,
30.204,kf,map,-1.83687,1.15625,1.57924,0.125105,0.125105,0,0.064208,,
30.204,ekf_predict_only,map,-1.75313,1.1801,1.51489,36.4068,28.7612,8.10247,,,
30.204,ekf,map,-1.83689,1.15603,1.58012,0.137427,0.137406,5.15923e-06,0.057584,,
30.204,pf,map,-1.79822,1.16533,1.58935,0.131039,0.11407,0.00940393,9.74354,484.531,0
30.24,odom,map,-1.70639,1.17471,1.51958,0,0,0,,,
30.276,odom,map,-1.70623,1.17771,1.51282,0,0,0,,,
30.312,odom,map,-1.70605,1.18065,1.50531,0,0,0,,,
30.348,odom,map,-1.70584,1.18356,1.49732,0,0,0,,,
30.384,odom,map,-1.70561,1.18651,1.48883,0,0,0,,,
30.384,ekf_predict_only,map,-1.75232,1.19457,1.46506,36.929,28.9498,8.19465,,,
30.384,ekf,map,-1.83687,1.17049,1.54204,0.135348,0.135331,3.1427e-06,0.0585,,
30.384,kf,map,-1.83684,1.17058,1.54079,0.124753,0.124753,0,0.059208,,
30.42,odom,map,-1.70536,1.18941,1.4792,0,0,0,,,
30.384,pf,map,-1.82465,1.18162,1.56065,0.129061,0.122955,0.000849117,5.69021,484.446,0
30.456,odom,map,-1.70508,1.1923,1.46924,0,0,0,,,
30.492,odom,map,-1.70476,1.19528,1.45871,0,0,0,,,
30.528,odom,map,-1.70438,1.19846,1.44697,0,0,0,,,
30.564,odom,map,-1.70395,1.20181,1.43453,0,0,0,,,
30.6,odom,map,-1.70346,1.20521,1.4219,0,0,0,,,
30.6,ekf_predict_only,map,-1.75005,1.2159,1.38394,37.6123,29.1182,8.3179,,,
30.6,kf,map,-1.83588,1.1903,1.47284,0.125105,0.125105,0,0.101666,,
30.6,ekf,map,-1.83592,1.1901,1.47453,0.137452,0.137432,2.37109e-06,0.054584,,
30.6,amcl,map,-1.71395,1.21178,1.42858,0.064899,0.09066,0.0561813,,,
30.6,pf,map,-1.79593,1.19334,1.46933,0.131598,0.150657,-0.000924797,7.59171,473.664,0
30.636,odom,map,-1.70291,1.20872,1.40864,0,0,0,,,
30.672,odom,map,-1.70228,1.21241,1.39493,0,0,0,,,
30.708,odom,map,-1.70153,1.21646,1.38073,0,0,0,,,
30.744,odom,map,-1.70071,1.22057,1.36642,0,0,0,,,
30.78,odom,map,-1.6998,1.22478,1.35189,0,0,0,,,
30.816,ekf_predict_only,map,-1.74496,1.24283,1.29481,38.4364,29.2476,8.44584,,,
30.816,kf,map,-1.83273,1.215,1.39135,0.125155,0.125155,0,0.057042,,
30.816,odom,map,-1.69879,1.22917,1.33709,0,0,0,,,
30.816,ekf,map,-1.83274,1.21469,1.39265,0.137945,0.137921,1.0468e-06,0.056583,,
30.816,pf,map,-1.81313,1.20804,1.3619,0.123212,0.123324,0.00292672,7.93346,463.815,0
30.852,odom,map,-1.6977,1.23361,1.32223,0,0,0,,,
30.888,odom,map,-1.69649,1.23823,1.30739,0,0,0,,,
30.924,odom,map,-1.69513,1.24313,1.2925,0,0,0,,,
30.96,odom,map,-1.6936,1.24835,1.27772,0,0,0,,,
30.996,odom,map,-1.69197,1.2536,1.26297,0,0,0,,,
31.032,odom,map,-1.69017,1.25911,1.24832,0,0,0,,,
30.996,ekf_predict_only,map,-1.73695,1.27111,1.22156,39.3084,29.3375,8.54494,,,
30.996,kf,map,-1.82723,1.24038,1.32041,0.12476,0.12476,0,0.061792,,
30.996,ekf,map,-1.82723,1.23998,1.32102,0.135372,0.135346,-9.60788e-07,0.113083,,
30.996,pf,map,-1.80322,1.23395,1.29897,0.13422,0.121856,-0.00327413,10.9569,479.122,0
31.068,odom,map,-1.6882,1.26488,1.23371,0,0,0,,,
31.104,odom,map,-1.68604,1.2709,1.21917,0,0,0,,,
31.14,odom,map,-1.68375,1.277,1.20465,0,0,0,,,
31.176,odom,map,-1.6813,1.28326,1.1903,0,0,0,,,
31.212,odom,map,-1.67866,1.28973,1.17596,0,0,0,,,
31.212,kf,map,-1.81619,1.27755,1.2346,0.125106,0.125106,0,0.062916,,
31.212,ekf_predict_only,map,-1.72238,1.31112,1.13543,40.489,29.3409,8.63634,,,
31.212,ekf,map,-1.81615,1.27702,1.23482,0.137358,0.137315,-5.66109e-06,0.107083,,
31.2,amcl,map,-1.69447,1.30782,1.18492,0.06085,0.0815358,0.0537536,,,
31.212,pf,map,-1.80185,1.28934,1.22328,0.127735,0.121983,-0.00379259,5.27767,469.801,0
31.248,odom,map,-1.67578,1.29648,1.16185,0,0,0,,,
31.284,odom,map,-1.67279,1.30327,1.14779,0,0,0,,,
31.32,odom,map,-1.66965,1.31011,1.13388,0,0,0,,,
31.356,odom,map,-1.66631,1.31714,1.12036,0,0,0,,,
31.392,odom,map,-1.66279,1.32429,1.10726,0,0,0,,,
31.392,ekf_predict_only,map,-1.70545,1.34753,1.07153,41.6118,29.3182,8.66107,,,
31.392,ekf,map,-1.80234,1.31195,1.16765,0.135297,0.135248,-1.02919e-05,0.059458,,
31.392,kf,map,-1.80242,1.31238,1.16783,0.124754,0.124754,0,0.060541,,
31.428,odom,map,-1.66064,1.33235,1.09536,0,0,0,,,
31.392,pf,map,-1.80631,1.31416,1.18194,0.12254,0.118961,0.00756773,8.97579,486.771,0
31.464,odom,map,-1.65896,1.34079,1.08382,0,0,0,,,
31.5,odom,map,-1.65705,1.34947,1.07249,0,0,0,,,
31.536,odom,map,-1.65488,1.35844,1.06138,0,0,0,,,
31.572,odom,map,-1.65253,1.36756,1.05038,0,0,0,,,
31.608,odom,map,-1.64955,1.3765,1.03936,0,0,0,,,
31.608,ekf_predict_only,map,-1.67866,1.39666,1.00067,43.1034,29.179,8.61992,,,
31.608,ekf,map,-1.78006,1.35908,1.09316,0.137435,0.137361,-2.32373e-05,0.057083,,
31.608,kf,map,-1.78015,1.35964,1.09355,0.125106,0.125106,0,0.132209,,
31.608,pf,map,-1.76944,1.3686,1.07821,0.113266,0.128187,0.0034948,5.37571,483.566,0
31.644,odom,map,-1.64463,1.38475,1.02663,0,0,0,,,
31.68,odom,map,-1.63957,1.39298,1.01353,0,0,0,,,
31.716,odom,map,-1.63434,1.40126,1.00004,0,0,0,,,
31.752,odom,map,-1.62883,1.4097,0.985823,0,0,0,,,
31.788,odom,map,-1.62304,1.41831,0.971123,0,0,0,,,
31.824,odom,map,-1.61688,1.42716,0.955928,0,0,0,,,
31.788,ekf_predict_only,map,-1.64943,1.44224,0.924453,44.5501,29.0272,8.49461,,,
31.788,kf,map,-1.75552,1.40307,1.02104,0.124753,0.124753,0,0.061458,,
31.788,ekf,map,-1.75554,1.40251,1.02121,0.135386,0.13531,-3.17892e-05,0.1035,,
31.8,amcl,map,-1.64569,1.4154,0.96924,0.0595035,0.0698755,0.0512183,,,
31.788,pf,map,-1.75522,1.41779,1.02322,0.128297,0.126414,-0.00243328,5.99733,492.554,0
31.86,odom,map,-1.61057,1.43596,0.940684,0,0,0,,,
31.896,odom,map,-1.60408,1.44471,0.925409,0,0,0,,,
31.932,odom,map,-1.59738,1.45348,0.910153,0,0,0,,,
31.968,odom,map,-1.59051,1.46217,0.894923,0,0,0,,,
32.004,odom,map,-1.58351,1.47095,0.879789,0,0,0,,,
32.004,ekf_predict_only,map,-1.60907,1.49574,0.834048,46.273,28.773,8.22111,,,
32.004,kf,map,-1.7195,1.45679,0.931465,0.125105,0.125105,0,0.063542,,
32.004,ekf,map,-1.71942,1.45629,0.931587,0.137534,0.137431,-5.67031e-05,0.066708,,
32.004,pf,map,-1.69491,1.50293,0.901342,0.124622,0.129221,0.00353302,4.554,487.017,0
32.04,odom,map,-1.57697,1.48189,0.864315,0,0,0,,,
32.076,odom,map,-1.57034,1.49266,0.849103,0,0,0,,,
32.112,odom,map,-1.56356,1.50334,0.833844,0,0,0,,,
32.148,odom,map,-1.55663,1.51392,0.818562,0,0,0,,,
32.184,odom,map,-1.5496,1.52436,0.803284,0,0,0,,,
32.184,ekf_predict_only,map,-1.57254,1.53601,0.760136,47.6624,28.5939,7.89065,,,
32.184,ekf,map,-1.68507,1.49867,0.857705,0.135452,0.135364,-6.16658e-05,0.059667,,
32.184,kf,map,-1.68525,1.49895,0.857667,0.124753,0.124753,0,0.1505,,
32.22,odom,map,-1.54224,1.53321,0.788296,0,0,0,,,
32.184,pf,map,-1.65003,1.51805,0.833626,0.109278,0.119786,0.0020274,4.77492,462.348,0
32.256,odom,map,-1.53451,1.54086,0.773514,0,0,0,,,
32.292,odom,map,-1.5267,1.54838,0.758805,0,0,0,,,
32.328,odom,map,-1.51888,1.55569,0.744228,0,0,0,,,
32.364,odom,map,-1.51111,1.56274,0.729737,0,0,0,,,
32.4,odom,map,-1.50329,1.56963,0.715277,0,0,0,,,
32.4,ekf_predict_only,map,-1.52769,1.57864,0.67396,49.1621,28.3703,7.40843,,,
32.4,ekf,map,-1.64146,1.54497,0.770417,0.137577,0.137485,-8.60371e-05,0.065541,,
32.4,kf,map,-1.64182,1.54513,0.770516,0.125105,0.125105,0,0.054375,,
32.4,amcl,map,-1.54152,1.55164,0.723222,0.0684118,0.0580678,0.050232,,,
32.4,pf,map,-1.61764,1.5796,0.737621,0.109617,0.122323,0.00106739,4.56758,476.193,0
32.436,odom,map,-1.49543,1.57636,0.70089,0,0,0,,,
32.472,odom,map,-1.48761,1.58287,0.686758,0,0,0,,,
32.508,odom,map,-1.47992,1.58908,0.672919,0,0,0,,,
32.544,odom,map,-1.47218,1.59517,0.659101,0,0,0,,,
32.58,odom,map,-1.46452,1.60102,0.645214,0,0,0,,,
32.616,odom,map,-1.45853,1.60533,0.63189,0,0,0,,,
32.616,ekf_predict_only,map,-1.48394,1.61359,0.591798,50.4588,28.2019,6.86903,,,
32.616,ekf,map,-1.59751,1.58413,0.686786,0.13806,0.137987,-9.27469e-05,0.056875,,
32.616,kf,map,-1.598,1.58419,0.68697,0.125155,0.125155,0,0.0605,,
32.616,pf,map,-1.56092,1.59844,0.647843,0.132647,0.129897,0.00154572,5.29863,470.067,0
32.652,odom,map,-1.45515,1.60737,0.619446,0,0,0,,,
32.688,odom,map,-1.45178,1.60927,0.607083,0,0,0,,,
32.724,odom,map,-1.44852,1.61097,0.594911,0,0,0,,,
32.76,odom,map,-1.44547,1.61242,0.583105,0,0,0,,,
32.796,odom,map,-1.44257,1.61365,0.571749,0,0,0,,,
32.796,ekf_predict_only,map,-1.44968,1.63662,0.530221,51.3971,28.1446,6.40631,,,
32.796,ekf,map,-1.56249,1.61067,0.622239,0.135448,0.135406,-7.57416e-05,0.061625,,
32.796,kf,map,-1.56294,1.61068,0.622547,0.12476,0.12476,0,0.116542,,
32.832,odom,map,-1.43605,1.61771,0.559549,0,0,0,,,
32.796,pf,map,-1.54069,1.61477,0.6022,0.121901,0.116184,-0.00128364,10.9872,467.525,0
32.868,odom,map,-1.42914,1.62198,0.547341,0,0,0,,,
32.904,odom,map,-1.42236,1.62606,0.535396,0,0,0,,,
32.94,odom,map,-1.41568,1.62997,0.523661,0,0,0,,,
32.976,odom,map,-1.40897,1.63379,0.511938,0,0,0,,,
33.012,ekf_predict_only,map,-1.41166,1.6589,0.461387,52.3233,28.0915,5.86108,,,
33.012,ekf,map,-1.52327,1.63673,0.550655,0.137413,0.137389,-8.22094e-05,0.110375,,
33.012,kf,map,-1.52375,1.63672,0.551021,0.125106,0.125106,0,0.064958,,
33.012,odom,map,-1.40249,1.63738,0.500442,0,0,0,,,
33,amcl,map,-1.43909,1.62486,0.518549,0.0702724,0.0519835,0.0485856,,,
33.012,pf,map,-1.48626,1.64991,0.522723,0.120155,0.139753,0.0054687,6.31517,485.72,0
33.048,odom,map,-1.39617,1.64079,0.489187,0,0,0,,,
33.084,odom,map,-1.39025,1.6439,0.478236,0,0,0,,,
33.12,odom,map,-1.38438,1.6469,0.4673,0,0,0,,,
33.156,odom,map,-1.37873,1.64972,0.456627,0,0,0,,,
33.192,odom,map,-1.37333,1.65234,0.446137,0,0,0,,,
33.192,ekf_predict_only,map,-1.38549,1.67191,0.40919,52.9528,28.1372,5.46753,,,
33.192,ekf,map,-1.49495,1.65287,0.496187,0.135314,0.135308,-6.21393e-05,0.062666,,
33.228,odom,map,-1.37021,1.65495,0.435994,0,0,0,,,
33.192,kf,map,-1.49541,1.65281,0.496503,0.124754,0.124754,0,0.100625,,
33.192,pf,map,-1.45344,1.65248,0.460038,0.144649,0.127139,-0.00622338,6.60663,467.053,0
33.264,odom,map,-1.36815,1.65744,0.426155,0,0,0,,,
33.3,odom,map,-1.36637,1.65976,0.41686,0,0,0,,,
33.336,odom,map,-1.36567,1.66155,0.409976,0,0,0,,,
33.372,odom,map,-1.36616,1.6628,0.405685,0,0,0,,,
33.408,odom,map,-1.36717,1.6635,0.403894,0,0,0,,,
33.408,ekf,map,-1.47856,1.6609,0.464882,0.137411,0.137412,-5.52759e-05,0.101959,,
33.408,kf,map,-1.48022,1.66021,0.467792,0.125106,0.125106,0,0.059791,,
33.408,ekf_predict_only,map,-1.38549,1.67191,0.40919,53.1528,28.3372,5.46753,,,
33.408,pf,map,-1.424,1.69306,0.416464,0.132987,0.130588,-0.00134002,7.18942,462.012,0
33.444,odom,map,-1.36694,1.6636,0.403767,0,0,0,,,
33.48,odom,map,-1.36694,1.6636,0.403767,0,0,0,,,
33.516,odom,map,-1.36694,1.6636,0.403767,0,0,0,,,
33.552,odom,map,-1.36694,1.6636,0.403767,0,0,0,,,
33.588,odom,map,-1.36694,1.6636,0.403767,0,0,0,,,
33.588,kf,map,-1.4744,1.66305,0.456991,0.124753,0.124753,0,0.066958,,
33.624,odom,map,-1.36694,1.6636,0.403767,0,0,0,,,
33.588,ekf_predict_only,map,-1.38549,1.67191,0.40919,53.3528,28.5372,5.46753,,,
33.588,ekf,map,-1.47337,1.6635,0.455137,0.135333,0.135334,-3.46941e-05,0.121541,,
33.588,pf,map,-1.40875,1.68068,0.427236,0.120082,0.13068,-0.00505859,7.02963,459.385,0
33.66,odom,map,-1.36694,1.6636,0.403767,0,0,0,,,
33.696,odom,map,-1.36694,1.6636,0.403767,0,0,0,,,
33.732,odom,map,-1.36676,1.66368,0.403565,0,0,0,,,
33.768,odom,map,-1.36579,1.66409,0.402793,0,0,0,,,
33.804,odom,map,-1.36463,1.66455,0.402001,0,0,0,,,
33.804,ekf_predict_only,map,-1.37748,1.67539,0.403704,53.6682,28.6932,5.34402,,,
33.804,ekf,map,-1.46754,1.66637,0.448921,0.137433,0.137435,-2.75238e-05,0.238792,,
33.804,kf,map,-1.46775,1.66629,0.449681,0.125105,0.125105,0,0.746125,,
33.804,pf,map,-1.42508,1.67238,0.428074,0.114105,0.130988,-0.00259622,5.00075,484.838,0
33.84,odom,map,-1.36623,1.66322,0.402662,0,0,0,,,
33.876,odom,map,-1.36714,1.66219,0.402632,0,0,0,,,
33.912,odom,map,-1.36783,1.66124,0.400698,0,0,0,,,
33.948,odom,map,-1.36853,1.66028,0.397371,0,0,0,,,
33.984,odom,map,-1.36891,1.65944,0.393243,0,0,0,,,
34.02,odom,map,-1.36692,1.65995,0.386288,0,0,0,,,
33.984,ekf,map,-1.45398,1.67287,0.420631,0.135347,0.135351,-1.76131e-05,0.062792,,
33.984,kf,map,-1.45366,1.673,0.419564,0.124753,0.124753,0,0.056708,,
33.984,ekf_predict_only,map,-1.35853,1.68348,0.3581,54.1381,28.7955,5.04895,,,
33.984,pf,map,-1.42619,1.66223,0.399739,0.115866,0.139728,0.000254624,4.80571,481.232,0
34.056,odom,map,-1.36267,1.66165,0.376655,0,0,0,,,
34.092,odom,map,-1.35824,1.66338,0.366923,0,0,0,,,
34.128,odom,map,-1.35344,1.66519,0.356832,0,0,0,,,
34.164,odom,map,-1.34778,1.66727,0.346251,0,0,0,,,
34.2,odom,map,-1.3416,1.66946,0.335596,0,0,0,,,
34.2,kf,map,-1.42237,1.6864,0.364738,0.125105,0.125105,0,0.06,,
34.2,ekf_predict_only,map,-1.31688,1.69907,0.294002,54.8625,28.812,4.38267,,,
34.2,ekf,map,-1.42342,1.68596,0.365982,0.137447,0.137461,-1.99458e-05,0.060375,,
34.2,pf,map,-1.40172,1.67102,0.347019,0.116816,0.13281,-0.00364985,4.60062,489.865,0
34.236,odom,map,-1.33463,1.67185,0.324913,0,0,0,,,
34.272,odom,map,-1.32713,1.67433,0.314243,0,0,0,,,
34.308,odom,map,-1.3185,1.67708,0.303727,0,0,0,,,
34.344,odom,map,-1.30939,1.67988,0.293223,0,0,0,,,
34.38,odom,map,-1.29972,1.68275,0.282724,0,0,0,,,
34.416,ekf_predict_only,map,-1.24912,1.71959,0.231877,55.762,28.806,3.2587,,,
34.416,ekf,map,-1.37031,1.70468,0.306034,0.137938,0.137982,-3.02567e-05,0.072083,,
34.416,kf,map,-1.36869,1.7054,0.305374,0.125155,0.125155,0,0.072875,,
34.416,odom,map,-1.28921,1.68574,0.272334,0,0,0,,,
34.401,amcl,map,-1.32177,1.67253,0.287932,0.0724901,0.0426249,0.0430988,,,
34.416,pf,map,-1.34504,1.72184,0.288763,0.109401,0.127535,0.00281026,4.53529,465.383,0
34.452,odom,map,-1.27753,1.68894,0.262137,0,0,0,,,
34.488,odom,map,-1.26526,1.69216,0.252021,0,0,0,,,
34.524,odom,map,-1.25282,1.6953,0.241809,0,0,0,,,
34.56,odom,map,-1.2395,1.69851,0.23138,0,0,0,,,
34.596,odom,map,-1.22528,1.70178,0.221057,0,0,0,,,
34.596,ekf_predict_only,map,-1.17423,1.73727,0.180711,56.5734,28.9127,1.9751,,,
34.632,odom,map,-1.2105,1.70503,0.21081,0,0,0,,,
34.596,kf,map,-1.30623,1.72316,0.255169,0.12476,0.12476,0,0.059625,,
34.596,ekf,map,-1.30769,1.72249,0.255453,0.135364,0.135449,-4.12116e-05,0.115416,,
34.596,pf,map,-1.28592,1.72172,0.237369,0.117691,0.130968,0.00325155,6.70425,486.521,0
34.668,odom,map,-1.19543,1.70817,0.200577,0,0,0,,,
34.704,odom,map,-1.18009,1.71121,0.190505,0,0,0,,,
34.74,odom,map,-1.16393,1.71424,0.180916,0,0,0,,,
34.776,odom,map,-1.14763,1.71714,0.171426,0,0,0,,,
34.812,odom,map,-1.1313,1.71989,0.162185,0,0,0,,,
34.812,ekf_predict_only,map,-1.07361,1.75566,0.125615,57.4173,29.2111,0.203807,,,
34.812,kf,map,-1.21493,1.74416,0.198074,0.125106,0.125106,0,0.140333,,
34.812,ekf,map,-1.21613,1.74344,0.197946,0.13734,0.137535,-7.43973e-05,0.069166,,
34.812,pf,map,-1.18061,1.72091,0.171864,0.11556,0.123578,0.00118139,9.19375,478.981,0
34.848,odom,map,-1.11494,1.72249,0.153225,0,0,0,,,
34.884,odom,map,-1.09857,1.72495,0.144724,0,0,0,,,
34.92,odom,map,-1.08217,1.72727,0.136334,0,0,0,,,
34.956,odom,map,-1.06575,1.72945,0.12811,0,0,0,,,
34.992,odom,map,-1.04932,1.7315,0.120349,0,0,0,,,
34.992,ekf_predict_only,map,-0.986756,1.76662,0.0913564,58.0056,29.704,-1.35216,,,
34.992,ekf,map,-1.13548,1.75722,0.157825,0.13527,0.135512,-7.78731e-05,0.061125,,
35.028,odom,map,-1.03287,1.73343,0.1132,0,0,0,,,
34.992,kf,map,-1.13465,1.75785,0.158342,0.124754,0.124754,0,0.059958,,
34.992,pf,map,-1.0983,1.75925,0.134836,0.127562,0.121556,-0.00257565,9.50421,487.844,0
35.064,odom,map,-1.01641,1.73524,0.106349,0,0,0,,,
35.1,odom,map,-0.999942,1.73695,0.0997573,0,0,0,,,
35.136,odom,map,-0.983459,1.73854,0.0936991,0,0,0,,,
35.172,odom,map,-0.966968,1.74005,0.088073,0,0,0,,,
35.208,odom,map,-0.951614,1.74114,0.083193,0,0,0,,,
35.208,ekf,map,-1.0376,1.77034,0.120596,0.13738,0.137757,-0.000100248,0.096958,,
35.208,kf,map,-1.03694,1.77099,0.121428,0.125106,0.125106,0,0.05775,,
35.208,ekf_predict_only,map,-0.883816,1.77605,0.0611089,58.542,30.5026,-3.21535,,,
35.202,amcl,map,-1.00839,1.73617,0.11938,0.0776552,0.0323694,0.0280528,,,
35.208,pf,map,-0.969875,1.75837,0.0828096,0.128611,0.136,0.00849581,7.69408,480.304,0
35.244,odom,map,-0.940269,1.74108,0.0807082,0,0,0,,,
35.28,odom,map,-0.928929,1.74101,0.0787,0,0,0,,,
35.316,odom,map,-0.917593,1.74093,0.0768034,0,0,0,,,
35.352,odom,map,-0.906261,1.74084,0.0752476,0,0,0,,,
35.388,odom,map,-0.894935,1.74076,0.0742047,0,0,0,,,
35.424,odom,map,-0.880295,1.74151,0.0724567,0,0,0,,,
35.388,ekf_predict_only,map,-0.79953,1.78121,0.0491555,58.9269,31.3974,-4.74767,,,
35.388,ekf,map,-0.956092,1.77867,0.101675,0.135317,0.135688,-8.40172e-05,0.106917,,
35.388,kf,map,-0.955679,1.77918,0.102539,0.124753,0.124753,0,2.42792,,
35.388,pf,map,-0.903741,1.77528,0.0666269,0.111476,0.117434,0.00172724,6.77083,482.911,0
35.46,odom,map,-0.863777,1.74268,0.070066,0,0,0,,,
35.496,odom,map,-0.847256,1.74383,0.0679131,0,0,0,,,
35.532,odom,map,-0.830733,1.74493,0.066185,0,0,0,,,
35.568,odom,map,-0.814209,1.74602,0.0645726,0,0,0,,,
35.604,odom,map,-0.797699,1.74707,0.0633196,0,0,0,,,
35.604,ekf_predict_only,map,-0.700406,1.78609,0.0422294,59.3024,32.6521,-6.55718,,,
35.604,ekf,map,-0.857996,1.78749,0.0892415,0.137424,0.137903,-9.04052e-05,0.055791,,
35.604,kf,map,-0.857797,1.78792,0.0900647,0.125105,0.125105,0,0.121167,,
35.604,pf,map,-0.787929,1.78588,0.0486187,0.123964,0.122425,-0.0064254,4.79546,488.893,0
35.64,odom,map,-0.781236,1.74811,0.0624078,0,0,0,,,
35.676,odom,map,-0.764898,1.74912,0.061893,0,0,0,,,
35.712,odom,map,-0.748633,1.75013,0.0615292,0,0,0,,,
35.748,odom,map,-0.732399,1.75113,0.0614254,0,0,0,,,
35.784,odom,map,-0.716546,1.75211,0.0619285,0,0,0,,,
35.784,ekf,map,-0.778311,1.79405,0.0880944,0.135343,0.135765,-6.87125e-05,0.062334,,
35.82,odom,map,-0.700967,1.75308,0.0627817,0,0,0,,,
35.784,ekf_predict_only,map,-0.622644,1.78937,0.0468277,59.621,33.8606,-7.98186,,,
35.784,kf,map,-0.778414,1.79434,0.088855,0.124753,0.124753,0,0.10575,,
35.802,amcl,map,-0.740003,1.75186,0.0645961,0.0857783,0.02804,0.0178203,,,
35.784,pf,map,-0.72584,1.78025,0.0469489,0.118639,0.124332,-0.00435791,5.81792,478.134,0
35.856,odom,map,-0.685432,1.75406,0.0637014,0,0,0,,,
35.892,odom,map,-0.67016,1.75504,0.06487,0,0,0,,,
35.928,odom,map,-0.655283,1.75602,0.0664056,0,0,0,,,
35.964,odom,map,-0.64054,1.75701,0.0680489,0,0,0,,,
36,odom,map,-0.625989,1.75802,0.0699721,0,0,0,,,
36,ekf_predict_only,map,-0.538289,1.79333,0.0602263,59.964,35.3361,-9.53818,,,
36,ekf,map,-0.68917,1.80178,0.0959299,0.137442,0.13793,-6.86004e-05,0.924916,,
36,kf,map,-0.689667,1.80196,0.0967126,0.125105,0.125105,0,0.064542,,
36,pf,map,-0.642192,1.80153,0.0803615,0.130814,0.125441,-0.00693016,6.01958,464.161,0
36.036,odom,map,-0.616467,1.76124,0.0764256,0,0,0,,,
36.072,odom,map,-0.607429,1.76461,0.0831569,0,0,0,,,
36.108,odom,map,-0.598554,1.76807,0.0899452,0,0,0,,,
36.144,odom,map,-0.589915,1.77163,0.0967269,0,0,0,,,
36.18,odom,map,-0.581534,1.77528,0.103419,0,0,0,,,
36.216,odom,map,-0.571298,1.77811,0.108598,0,0,0,,,
36.216,ekf_predict_only,map,-0.458328,1.79815,0.0760495,60.3391,36.9209,-11.0315,,,
36.216,ekf,map,-0.60648,1.80996,0.108852,0.13793,0.138397,-5.94608e-05,0.064834,,
36.216,kf,map,-0.606945,1.81004,0.109411,0.125155,0.125155,0,0.116416,,
36.216,pf,map,-0.581937,1.79852,0.0999827,0.127528,0.126363,0.00570291,5.17175,463.642,0
36.252,odom,map,-0.558028,1.77957,0.111235,0,0,0,,,
36.288,odom,map,-0.544647,1.78108,0.113249,0,0,0,,,
36.324,odom,map,-0.531339,1.7826,0.113831,0,0,0,,,
36.36,odom,map,-0.518048,1.78412,0.114281,0,0,0,,,
36.396,odom,map,-0.504829,1.78564,0.114461,0,0,0,,,
36.432,odom,map,-0.491767,1.78715,0.114283,0,0,0,,,
36.396,kf,map,-0.539972,1.81751,0.111267,0.12476,0.12476,0,0.123292,,
36.396,ekf_predict_only,map,-0.393296,1.8031,0.0743599,60.7197,38.374,-12.2641,,,
36.396,ekf,map,-0.539643,1.81755,0.111388,0.135351,0.135715,-4.35536e-05,0.054542,,
36.396,pf,map,-0.509436,1.82179,0.0892,0.121556,0.115037,0.00340128,6.04288,462.626,0
36.468,odom,map,-0.478931,1.78862,0.113777,0,0,0,,,
36.504,odom,map,-0.466202,1.79007,0.113139,0,0,0,,,
36.54,odom,map,-0.453647,1.79149,0.112373,0,0,0,,,
36.576,odom,map,-0.441353,1.79287,0.111374,0,0,0,,,
36.612,kf,map,-0.465107,1.82594,0.107413,0.125106,0.125106,0,0.09875,,
36.612,odom,map,-0.429484,1.79329,0.109043,0,0,0,,,
36.612,ekf_predict_only,map,-0.321467,1.80845,0.0675128,61.1154,40.0916,-13.6344,,,
36.612,ekf,map,-0.464688,1.82604,0.107743,0.137319,0.13771,-4.52699e-05,0.061542,,
36.6,amcl,map,-0.448235,1.77851,0.0995446,0.0867882,0.0347647,0.00897925,,,
36.612,pf,map,-0.439914,1.83597,0.0923896,0.123368,0.12448,0.00191215,6.65925,493.401,0
36.648,odom,map,-0.418165,1.79152,0.103919,0,0,0,,,
36.684,odom,map,-0.406988,1.78959,0.0986792,0,0,0,,,
36.72,odom,map,-0.396067,1.78748,0.093384,0,0,0,,,
36.756,odom,map,-0.385385,1.78522,0.0880102,0,0,0,,,
36.792,odom,map,-0.374814,1.7828,0.0825795,0,0,0,,,
36.828,odom,map,-0.363916,1.78274,0.0801216,0,0,0,,,
36.792,kf,map,-0.407033,1.83219,0.101939,0.124754,0.124754,0,0.064958,,
36.792,ekf_predict_only,map,-0.266176,1.81219,0.0608516,61.4526,41.5558,-14.6918,,,
36.792,ekf,map,-0.406649,1.83226,0.102145,0.13525,0.135557,-3.4996e-05,0.055625,,
36.792,pf,map,-0.369822,1.85028,0.0624085,0.132778,0.130337,-0.00500172,6.24667,470.943,0
36.864,odom,map,-0.353064,1.78361,0.0788922,0,0,0,,,
36.9,odom,map,-0.342488,1.78444,0.077761,0,0,0,,,
36.936,odom,map,-0.332098,1.78524,0.0766768,0,0,0,,,
36.972,odom,map,-0.321916,1.78602,0.0755742,0,0,0,,,
37.008,ekf_predict_only,map,-0.207967,1.81574,0.0546851,61.7832,43.1776,-15.8063,,,
37.008,ekf,map,-0.344393,1.83848,0.0957919,0.137357,0.137677,-3.58992e-05,0.057792,,
37.008,kf,map,-0.344915,1.83843,0.0957321,0.125106,0.125106,0,0.056042,,
37.008,odom,map,-0.312113,1.78676,0.0745254,0,0,0,,,
37.008,pf,map,-0.32223,1.82811,0.0678019,0.120417,0.14649,-0.0058179,8.85729,473.398,0
37.044,odom,map,-0.303012,1.78743,0.0742772,0,0,0,,,
37.08,odom,map,-0.295205,1.78802,0.0742772,0,0,0,,,
37.116,odom,map,-0.288689,1.7885,0.0742772,0,0,0,,,
37.152,odom,map,-0.283466,1.78889,0.0742772,0,0,0,,,
37.188,odom,map,-0.279536,1.78918,0.0742772,0,0,0,,,
37.188,ekf,map,-0.321085,1.84067,0.0955668,0.1353,0.135516,-2.4164e-05,0.057834,,
37.224,odom,map,-0.276898,1.78938,0.0742772,0,0,0,,,
37.188,ekf_predict_only,map,-0.207967,1.81574,0.0546851,61.9832,43.3776,-15.8063,,,
37.188,kf,map,-0.323098,1.84048,0.095562,0.124753,0.124753,0,0.057375,,
37.188,pf,map,-0.266144,1.82654,0.0496964,0.11545,0.123847,-0.00346802,5.11458,470.327,0
37.26,odom,map,-0.275552,1.78948,0.0742772,0,0,0,,,
37.296,odom,map,-0.275364,1.78949,0.0742772,0,0,0,,,
37.332,odom,map,-0.275364,1.78949,0.0742772,0,0,0,,,
37.368,odom,map,-0.275364,1.78949,0.0742772,0,0,0,,,
37.404,odom,map,-0.275477,1.78953,0.0743898,0,0,0,,,
37.404,ekf_predict_only,map,-0.207967,1.81574,0.0546851,62.1832,43.5776,-15.8063,,,
37.404,ekf,map,-0.310566,1.84167,0.0954931,0.137407,0.137585,-1.98358e-05,0.057583,,
37.404,kf,map,-0.312262,1.84151,0.0954979,0.125105,0.125105,0,0.140041,,
37.404,pf,map,-0.245146,1.8274,0.0640589,0.125998,0.128799,0.00775919,5.28321,471.535,0
37.44,odom,map,-0.277522,1.79024,0.0764173,0,0,0,,,
37.476,odom,map,-0.279573,1.79093,0.0784447,0,0,0,,,
37.512,odom,map,-0.281632,1.79162,0.0804722,0,0,0,,,
37.548,odom,map,-0.283698,1.7923,0.0824997,0,0,0,,,
37.584,odom,map,-0.285771,1.79296,0.0845271,0,0,0,,,
37.62,odom,map,-0.286694,1.79326,0.0854282,0,0,0,,,
37.584,ekf_predict_only,map,-0.207967,1.81574,0.0546851,62.3832,43.7776,-15.8063,,,
37.584,ekf,map,-0.307324,1.84198,0.0954704,0.135331,0.13544,-1.20211e-05,0.057375,,
37.584,kf,map,-0.308215,1.84189,0.0954739,0.124753,0.124753,0,0.056,,
37.584,pf,map,-0.252928,1.80024,0.0896703,0.120771,0.123504,0.0020577,6.83617,473.779,0
37.656,odom,map,-0.286506,1.79327,0.0856053,0,0,0,,,
37.692,odom,map,-0.285204,1.79339,0.0861545,0,0,0,,,
37.728,odom,map,-0.282643,1.79361,0.0867488,0,0,0,,,
37.764,odom,map,-0.278913,1.79393,0.0869679,0,0,0,,,
37.8,odom,map,-0.274583,1.79431,0.0870322,0,0,0,,,
37.8,ekf,map,-0.287673,1.84387,0.0963557,0.137432,0.137521,-9.76575e-06,0.058167,,
37.8,kf,map,-0.286824,1.84395,0.0962177,0.125105,0.125105,0,0.060416,,
37.8,ekf_predict_only,map,-0.175031,1.81754,0.054016,62.6496,44.8241,-16.4367,,,
37.8,pf,map,-0.256753,1.82622,0.0728243,0.121679,0.121309,-0.00593776,4.61808,468.792,0
37.836,odom,map,-0.26985,1.79472,0.0869647,0,0,0,,,
37.872,odom,map,-0.263976,1.79523,0.0864467,0,0,0,,,
37.908,odom,map,-0.257408,1.7958,0.0857309,0,0,0,,,
37.944,odom,map,-0.250362,1.7964,0.0848694,0,0,0,,,
37.98,odom,map,-0.24255,1.79706,0.0835794,0,0,0,,,
38.016,ekf_predict_only,map,-0.119422,1.82055,0.0438768,62.9607,46.5236,-17.5046,,,
38.016,ekf,map,-0.246509,1.84785,0.0901785,0.137921,0.138006,-9.03294e-06,0.069166,,
38.016,kf,map,-0.244868,1.84798,0.0897605,0.125155,0.125155,0,0.0585,,
38.016,odom,map,-0.2338,1.79779,0.0819312,0,0,0,,,
38.016,pf,map,-0.183786,1.80009,0.0652738,0.120856,0.127114,-0.0109872,7.3315,465.205,0
38.052,odom,map,-0.224548,1.79854,0.0802413,0,0,0,,,
38.088,odom,map,-0.214982,1.7993,0.0783771,0,0,0,,,
38.124,odom,map,-0.20473,1.8001,0.0762255,0,0,0,,,
38.16,odom,map,-0.193706,1.80093,0.0737964,0,0,0,,,
38.196,odom,map,-0.18245,1.80174,0.0713273,0,0,0,,,
38.196,kf,map,-0.195517,1.85228,0.0793061,0.12476,0.12476,0,0.06175,,
38.232,odom,map,-0.170784,1.80256,0.0686133,0,0,0,,,
38.196,ekf_predict_only,map,-0.0597664,1.82317,0.030019,63.2577,48.431,-18.6465,,,
38.196,ekf,map,-0.19691,1.8522,0.0797288,0.135346,0.135439,-9.26734e-06,0.061,,
38.202,amcl,map,-0.203714,1.81034,0.0928618,0.086327,0.0391792,-0.00309696,,,
38.196,pf,map,-0.143213,1.84965,0.0525592,0.121159,0.116817,0.00194946,4.54667,479.4,0
38.268,odom,map,-0.158566,1.80338,0.0657045,0,0,0,,,
38.304,odom,map,-0.145961,1.80419,0.062727,0,0,0,,,
38.34,odom,map,-0.133228,1.80497,0.0596122,0,0,0,,,
38.376,odom,map,-0.120093,1.80574,0.0562898,0,0,0,,,
38.412,odom,map,-0.106629,1.80647,0.0528495,0,0,0,,,
38.412,ekf_predict_only,map,0.0220828,1.82563,0.00908174,63.5489,51.1413,-20.2026,,,
38.412,kf,map,-0.121371,1.85775,0.0611912,0.125106,0.125106,0,0.058333,,
38.412,ekf,map,-0.122541,1.85767,0.0615954,0.137315,0.13748,-1.52591e-05,1.31779,,
38.412,pf,map,-0.0665153,1.83157,0.0418221,0.111455,0.116068,-0.00892478,7.44538,497.631,0
38.448,odom,map,-0.0929989,1.80717,0.04936,0,0,0,,,
38.484,odom,map,-0.0790805,1.80783,0.0457204,0,0,0,,,
38.52,odom,map,-0.0647681,1.80846,0.0418974,0,0,0,,,
38.556,odom,map,-0.0500959,1.80904,0.037962,0,0,0,,,
38.592,odom,map,-0.035363,1.80957,0.0340174,0,0,0,,,
38.628,odom,map,-0.0204827,1.81005,0.0299312,0,0,0,,,
38.592,ekf_predict_only,map,0.0968148,1.8263,-0.0115852,63.7741,53.8038,-21.6018,,,
38.592,ekf,map,-0.0524612,1.86141,0.0430341,0.135247,0.13544,-1.61395e-05,0.112875,,
38.592,kf,map,-0.0516683,1.86147,0.0427227,0.124754,0.124754,0,0.07,,
38.592,pf,map,-0.0152884,1.8355,0.0321938,0.119312,0.133592,-0.00295331,8.53238,471.227,0
38.664,odom,map,-0.00534516,1.81047,0.0257318,0,0,0,,,
38.7,odom,map,0.01005,1.81083,0.0211172,0,0,0,,,
38.736,odom,map,0.0254683,1.81112,0.0164436,0,0,0,,,
38.772,odom,map,0.0409715,1.81134,0.0117523,0,0,0,,,
38.808,odom,map,0.0565225,1.81149,0.0069068,0,0,0,,,
38.808,kf,map,0.0388592,1.86442,0.0156412,0.125106,0.125106,0,0.056125,,
38.808,ekf,map,0.0383445,1.86434,0.0159424,0.137355,0.137656,-2.13385e-05,0.05675,,
38.808,ekf_predict_only,map,0.190122,1.82522,-0.0408329,63.934,57.3085,-23.3154,,,
38.808,pf,map,0.0592588,1.83784,0.00746533,0.13269,0.134134,-0.00357168,4.7315,485.48,0
38.844,odom,map,0.0719995,1.81156,0.00204199,0,0,0,,,
38.88,odom,map,0.0874617,1.81155,-0.00282087,0,0,0,,,
38.916,odom,map,0.102995,1.81147,-0.00773083,0,0,0,,,
38.952,odom,map,0.118564,1.81131,-0.0127267,0,0,0,,,
38.988,odom,map,0.134142,1.81107,-0.0177729,0,0,0,,,
39.024,odom,map,0.147129,1.81261,-0.0203404,0,0,0,,,
38.988,ekf_predict_only,map,0.268349,1.82203,-0.0663832,64.0155,60.4772,-24.705,,,
38.988,ekf,map,0.115432,1.86464,-0.00835241,0.135298,0.135601,-1.74145e-05,0.055291,,
38.988,kf,map,0.11572,1.86472,-0.00855706,0.124753,0.124753,0,0.079875,,
39,amcl,map,0.0819234,1.84133,0.0250613,0.100301,0.0429349,-0.0119852,,,
38.988,pf,map,0.139258,1.79689,-0.0342293,0.119469,0.119289,-0.00973081,7.11258,461.544,0
39.06,odom,map,0.15864,1.81519,-0.021535,0,0,0,,,
39.096,odom,map,0.170219,1.81777,-0.0228903,0,0,0,,,
39.132,odom,map,0.181799,1.82036,-0.0242917,0,0,0,,,
39.168,odom,map,0.193322,1.82295,-0.0259661,0,0,0,,,
39.204,odom,map,0.205053,1.82536,-0.0282419,0,0,0,,,
39.204,ekf_predict_only,map,0.363026,1.81573,-0.10462,63.983,64.5137,-26.326,,,
39.204,kf,map,0.20975,1.86268,-0.0426676,0.125105,0.125105,0,0.066542,,
39.204,ekf,map,0.209577,1.8626,-0.0422096,0.137405,0.137812,-1.60464e-05,0.060209,,
39.204,pf,map,0.252806,1.78385,-0.0744365,0.120499,0.135707,-0.00148578,4.80588,466.804,0
39.24,odom,map,0.220854,1.82487,-0.0345656,0,0,0,,,
39.276,odom,map,0.236658,1.82427,-0.0409384,0,0,0,,,
39.312,odom,map,0.252361,1.82357,-0.0475702,0,0,0,,,
39.348,odom,map,0.26792,1.82278,-0.0543246,0,0,0,,,
39.384,odom,map,0.283457,1.82188,-0.0610726,0,0,0,,,
39.42,odom,map,0.298997,1.82088,-0.0678111,0,0,0,,,
39.384,ekf_predict_only,map,0.440509,1.8076,-0.138264,63.8842,68.053,-27.5733,,,
39.384,ekf,map,0.287539,1.85813,-0.073951,0.135331,0.135702,-7.93999e-06,0.150166,,
39.384,kf,map,0.287593,1.85821,-0.0742637,0.124753,0.124753,0,0.063416,,
39.384,pf,map,0.329973,1.81378,-0.0928069,0.126825,0.142477,-0.00881802,5.65567,466.285,0
39.456,odom,map,0.314503,1.81978,-0.0745933,0,0,0,,,
39.492,odom,map,0.329881,1.81857,-0.0812972,0,0,0,,,
39.528,odom,map,0.345205,1.81727,-0.0879351,0,0,0,,,
39.564,odom,map,0.360392,1.81588,-0.0946027,0,0,0,,,
39.6,odom,map,0.375732,1.81438,-0.101165,0,0,0,,,
39.6,kf,map,0.380859,1.84975,-0.112574,0.125105,0.125105,0,0.108375,,
39.6,ekf,map,0.380663,1.84957,-0.112578,0.137432,0.137893,1.40534e-06,0.058667,,
39.6,ekf_predict_only,map,0.53494,1.79446,-0.17566,63.6059,72.5676,-28.9917,,,
39.6,amcl,map,0.325403,1.82224,-0.105266,0.104345,0.0490166,-0.0211128,,,
39.6,pf,map,0.397023,1.82273,-0.117982,0.110818,0.125803,0.00299704,9.92075,472.182,0
39.636,odom,map,0.391478,1.81273,-0.107426,0,0,0,,,
39.672,odom,map,0.407271,1.81098,-0.113658,0,0,0,,,
39.708,odom,map,0.423265,1.8091,-0.119769,0,0,0,,,
39.744,odom,map,0.439407,1.80711,-0.125704,0,0,0,,,
39.78,odom,map,0.455737,1.805,-0.131346,0,0,0,,,
39.816,odom,map,0.469769,1.80445,-0.135355,0,0,0,,,
39.816,ekf_predict_only,map,0.632467,1.77715,-0.209274,63.1838,77.5076,-30.3235,,,
39.816,ekf,map,0.476951,1.83685,-0.148076,0.137922,0.138408,1.45766e-05,0.058458,,
39.816,kf,map,0.477225,1.83709,-0.147888,0.125155,0.125155,0,0.57725,,
39.816,pf,map,0.465714,1.78994,-0.162003,0.113109,0.126701,0.00211496,4.82683,489.768,0
39.852,odom,map,0.480162,1.80648,-0.136655,0,0,0,,,
39.888,odom,map,0.490524,1.80851,-0.137771,0,0,0,,,
39.924,odom,map,0.500852,1.81056,-0.138799,0,0,0,,,
39.96,odom,map,0.511145,1.81261,-0.13996,0,0,0,,,
39.996,odom,map,0.521404,1.81467,-0.14135,0,0,0,,,
40.032,odom,map,0.537109,1.81279,-0.146874,0,0,0,,,
39.996,ekf_predict_only,map,0.714027,1.75982,-0.240002,62.7705,81.8945,-31.3228,,,
39.996,ekf,map,0.558262,1.8234,-0.176506,0.135348,0.135764,2.43539e-05,0.056541,,
39.996,kf,map,0.558452,1.82356,-0.176605,0.12476,0.12476,0,0.062458,,
39.996,pf,map,0.551361,1.81222,-0.20239,0.118269,0.131947,0.00407039,5.55454,478.964,0
40.068,odom,map,0.553483,1.81031,-0.15302,0,0,0,,,
40.104,odom,map,0.569841,1.80774,-0.159517,0,0,0,,,
40.14,odom,map,0.586132,1.80506,-0.166184,0,0,0,,,
40.176,odom,map,0.602346,1.80228,-0.172995,0,0,0,,,
40.212,odom,map,0.618537,1.7994,-0.179815,0,0,0,,,
40.212,ekf_predict_only,map,0.80988,1.73637,-0.280923,62.1546,87.2766,-32.3557,,,
40.2,amcl,map,0.593264,1.77462,-0.208662,0.114689,0.0543711,-0.0290446,,,
40.212,ekf,map,0.655078,1.80447,-0.215303,0.13732,0.13782,4.63645e-05,0.0995,,
40.212,kf,map,0.655173,1.80464,-0.215516,0.125106,0.125106,0,0.099375,,
40.212,pf,map,0.686276,1.79122,-0.221615,0.127365,0.131169,0.00087527,5.02554,491.488,0
40.248,odom,map,0.634612,1.79642,-0.186563,0,0,0,,,
40.284,odom,map,0.650536,1.79336,-0.193226,0,0,0,,,
40.32,odom,map,0.666354,1.79021,-0.19984,0,0,0,,,
40.356,odom,map,0.681938,1.787,-0.206303,0,0,0,,,
40.392,odom,map,0.697297,1.78373,-0.212589,0,0,0,,,
40.428,odom,map,0.710118,1.77754,-0.222268,0,0,0,,,
40.392,kf,map,0.73197,1.78642,-0.246786,0.124754,0.124754,0,0.060334,,
40.392,ekf,map,0.732094,1.7862,-0.246768,0.135254,0.135679,5.15163e-05,0.136125,,
40.392,ekf_predict_only,map,0.883586,1.7151,-0.311694,61.6296,91.6547,-33.0092,,,
40.392,pf,map,0.773866,1.74711,-0.272642,0.142248,0.131796,0.00322051,6.37913,483.68,0
40.464,odom,map,0.721847,1.76999,-0.233266,0,0,0,,,
40.5,odom,map,0.733355,1.76218,-0.243927,0,0,0,,,
40.536,odom,map,0.7446,1.75412,-0.254076,0,0,0,,,
40.572,odom,map,0.755473,1.74586,-0.263462,0,0,0,,,
40.608,odom,map,0.766872,1.73843,-0.271286,0,0,0,,,
40.608,ekf_predict_only,map,0.967378,1.6881,-0.336038,60.9296,96.81,-33.6076,,,
40.608,kf,map,0.81936,1.76287,-0.276141,0.125106,0.125106,0,0.064792,,
40.608,ekf,map,0.819576,1.76251,-0.276636,0.137367,0.137847,7.42459e-05,0.068625,,
40.608,pf,map,0.830221,1.73549,-0.312476,0.142141,0.118484,-0.00805338,4.7715,455.188,0
40.644,odom,map,0.780877,1.7345,-0.274854,0,0,0,,,
40.68,odom,map,0.794698,1.73058,-0.277579,0,0,0,,,
40.716,odom,map,0.808429,1.72666,-0.279818,0,0,0,,,
40.752,odom,map,0.822194,1.72268,-0.28201,0,0,0,,,
40.788,odom,map,0.83593,1.71869,-0.284067,0,0,0,,,
40.824,odom,map,0.849597,1.71469,-0.285363,0,0,0,,,
40.788,ekf,map,0.888969,1.7418,-0.287384,0.135312,0.1357,7.13622e-05,0.062291,,
40.788,ekf_predict_only,map,1.03455,1.66464,-0.337286,60.366,101.141,-33.9792,,,
40.788,kf,map,0.888849,1.74215,-0.286454,0.124753,0.124753,0,0.057,,
40.788,pf,map,0.885245,1.71677,-0.303992,0.114193,0.11479,0.00364461,6.44033,486.62,0
40.86,odom,map,0.863251,1.71068,-0.285613,0,0,0,,,
40.896,odom,map,0.876839,1.70669,-0.285284,0,0,0,,,
40.932,odom,map,0.890321,1.70274,-0.284011,0,0,0,,,
40.968,odom,map,0.903762,1.69883,-0.282124,0,0,0,,,
41.004,odom,map,0.917081,1.69491,-0.27985,0,0,0,,,
41.004,ekf,map,0.969483,1.71733,-0.281491,0.137426,0.137848,9.15324e-05,0.056958,,
41.004,ekf_predict_only,map,1.11183,1.63754,-0.317853,59.7055,106.27,-34.3418,,,
41.004,kf,map,0.969317,1.71776,-0.279931,0.125105,0.125105,0,0.110542,,
41.001,amcl,map,0.92998,1.67478,-0.303845,0.111774,0.0767066,-0.0345708,,,
41.004,pf,map,1.0017,1.67268,-0.307049,0.136998,0.116389,0.000948259,5.92962,462.965,0
41.04,odom,map,0.92976,1.68985,-0.277563,0,0,0,,,
41.076,odom,map,0.942349,1.68484,-0.274865,0,0,0,,,
41.112,odom,map,0.954902,1.67987,-0.271914,0,0,0,,,
41.148,odom,map,0.967275,1.67498,-0.268561,0,0,0,,,
41.184,odom,map,0.97955,1.67015,-0.264818,0,0,0,,,
41.22,odom,map,0.991894,1.66617,-0.26008,0,0,0,,,
41.184,ekf,map,1.03394,1.69868,-0.26405,0.13535,0.135684,8.01903e-05,0.061417,,
41.184,ekf_predict_only,map,1.17291,1.61744,-0.29099,59.2825,110.5,-34.6256,,,
41.184,kf,map,1.0337,1.69904,-0.262729,0.124753,0.124753,0,0.05925,,
41.184,pf,map,1.07235,1.64125,-0.280359,0.121005,0.119309,0.00108054,5.72567,484.271,0
41.256,odom,map,1.00433,1.6629,-0.254708,0,0,0,,,
41.292,odom,map,1.01666,1.65972,-0.24909,0,0,0,,,
41.328,odom,map,1.02875,1.65669,-0.242922,0,0,0,,,
41.364,odom,map,1.04064,1.65378,-0.236452,0,0,0,,,
41.4,odom,map,1.05242,1.65098,-0.229842,0,0,0,,,
41.4,ekf_predict_only,map,1.2398,1.59741,-0.250372,58.8743,115.25,-34.9597,,,
41.4,ekf,map,1.1061,1.67982,-0.230152,0.137455,0.137808,9.15721e-05,0.055417,,
41.4,kf,map,1.10561,1.68011,-0.22906,0.125105,0.125105,0,0.115792,,
41.4,pf,map,1.1606,1.60764,-0.254887,0.120509,0.116778,-0.00378002,5.54612,471.167,0
41.436,odom,map,1.06394,1.64833,-0.223113,0,0,0,,,
41.472,odom,map,1.07515,1.64582,-0.216209,0,0,0,,,
41.508,odom,map,1.08615,1.64345,-0.209161,0,0,0,,,
41.544,odom,map,1.09696,1.64119,-0.202071,0,0,0,,,
41.58,odom,map,1.10749,1.63907,-0.194773,0,0,0,,,
41.616,ekf_predict_only,map,1.29903,1.58226,-0.205613,58.623,119.599,-35.3116,,,
41.616,ekf,map,1.171,1.66562,-0.189046,0.137943,0.138261,8.45595e-05,0.053875,,
41.616,kf,map,1.17034,1.66581,-0.188304,0.125155,0.125155,0,0.104083,,
41.616,odom,map,1.11761,1.63712,-0.187322,0,0,0,,,
41.616,pf,map,1.19776,1.61777,-0.196305,0.11667,0.125745,-0.000559758,10.4451,483.622,0
41.652,odom,map,1.12737,1.63531,-0.179784,0,0,0,,,
41.688,odom,map,1.13704,1.63359,-0.172231,0,0,0,,,
41.724,odom,map,1.14657,1.63196,-0.164596,0,0,0,,,
41.76,odom,map,1.15582,1.63046,-0.156816,0,0,0,,,
41.796,odom,map,1.16471,1.62909,-0.148881,0,0,0,,,
41.796,ekf_predict_only,map,1.3423,1.57324,-0.165697,58.5576,122.902,-35.6242,,,
41.832,odom,map,1.17599,1.62493,-0.143982,0,0,0,,,
41.796,ekf,map,1.21854,1.65734,-0.151243,0.135361,0.135593,6.07634e-05,0.058166,,
41.796,kf,map,1.21797,1.65744,-0.150803,0.12476,0.12476,0,0.426291,,
41.802,amcl,map,1.17385,1.60683,-0.162371,0.111263,0.0878808,-0.0448109,,,
41.796,pf,map,1.2515,1.62178,-0.181555,0.121623,0.116799,0.000680317,5.93912,468.7,0
41.868,odom,map,1.18725,1.62044,-0.139549,0,0,0,,,
41.904,odom,map,1.19808,1.61599,-0.135636,0,0,0,,,
41.94,odom,map,1.20768,1.61166,-0.134134,0,0,0,,,
41.976,odom,map,1.21595,1.60747,-0.135225,0,0,0,,,
42.012,ekf_predict_only,map,1.3423,1.57324,-0.165697,58.7576,123.102,-35.6242,,,
42.012,odom,map,1.22209,1.60446,-0.137409,0,0,0,,,
42.012,kf,map,1.24586,1.65386,-0.13242,0.125106,0.125106,0,0.0635,,
42.012,ekf,map,1.24877,1.65353,-0.130763,0.137327,0.137531,5.30317e-05,0.066458,,
42.012,pf,map,1.28007,1.6024,-0.135016,0.119341,0.113976,-0.00355746,4.91683,488.051,0
42.048,odom,map,1.22511,1.60405,-0.137409,0,0,0,,,
42.084,odom,map,1.22685,1.60381,-0.137409,0,0,0,,,
42.12,odom,map,1.22731,1.60374,-0.137409,0,0,0,,,
42.156,odom,map,1.22731,1.60374,-0.137409,0,0,0,,,
42.192,odom,map,1.22731,1.60374,-0.137409,0,0,0,,,
42.192,ekf_predict_only,map,1.3423,1.57324,-0.165697,58.9576,123.302,-35.6242,,,
42.192,ekf,map,1.26163,1.65187,-0.124443,0.135254,0.135382,3.311e-05,0.057417,,
42.192,kf,map,1.25953,1.65212,-0.125556,0.124754,0.124754,0,0.0765,,
42.228,odom,map,1.22731,1.60374,-0.137409,0,0,0,,,
42.192,pf,map,1.29062,1.59071,-0.131424,0.128639,0.113865,-0.00231596,6.80958,488.422,0
42.264,odom,map,1.22731,1.60374,-0.137409,0,0,0,,,
42.3,odom,map,1.22731,1.60374,-0.137409,0,0,0,,,
42.336,odom,map,1.22731,1.60374,-0.137409,0,0,0,,,
42.372,odom,map,1.22731,1.60374,-0.137409,0,0,0,,,
42.408,odom,map,1.22731,1.60374,-0.137409,0,0,0,,,
42.408,ekf_predict_only,map,1.3423,1.57324,-0.165697,59.1576,123.502,-35.6242,,,
42.408,ekf,map,1.26585,1.65132,-0.122364,0.13736,0.137461,2.60161e-05,0.054833,,
42.408,kf,map,1.26469,1.65147,-0.122966,0.125106,0.125106,0,0.349375,,
42.408,pf,map,1.34065,1.62421,-0.130067,0.120639,0.121484,0.00215598,4.86425,482.579,0
42.444,odom,map,1.22731,1.60374,-0.137409,0,0,0,,,
42.48,odom,map,1.22731,1.60374,-0.137409,0,0,0,,,
42.516,odom,map,1.22731,1.60374,-0.137409,0,0,0,,,
42.552,odom,map,1.22763,1.6037,-0.137455,0,0,0,,,
42.588,odom,map,1.22914,1.60349,-0.137771,0,0,0,,,
42.624,odom,map,1.2306,1.60277,-0.137981,0,0,0,,,
42.588,ekf,map,1.27271,1.65048,-0.123283,0.135301,0.135362,1.56054e-05,0.065917,,
42.588,ekf_predict_only,map,1.35554,1.57102,-0.169763,59.2929,124.663,-35.7372,,,
42.588,kf,map,1.27278,1.65046,-0.123755,0.124753,0.124753,0,3.01625,,
42.588,pf,map,1.31683,1.60722,-0.113891,0.120609,0.128244,0.00227128,5.25142,480.162,0
42.66,odom,map,1.23189,1.60177,-0.13798,0,0,0,,,
42.696,odom,map,1.23349,1.60073,-0.138311,0,0,0,,,
42.732,odom,map,1.23554,1.59963,-0.139054,0,0,0,,,
42.768,odom,map,1.23784,1.5985,-0.140039,0,0,0,,,
42.804,odom,map,1.24035,1.59737,-0.141453,0,0,0,,,
42.804,ekf_predict_only,map,1.3798,1.56687,-0.188297,59.3718,126.64,-35.9381,,,
42.804,ekf,map,1.29125,1.64817,-0.133705,0.137407,0.13746,1.25947e-05,0.056459,,
42.804,kf,map,1.2918,1.64807,-0.134608,0.125105,0.125105,0,0.062208,,
42.804,pf,map,1.31453,1.62011,-0.11839,0.118344,0.129605,-0.00296332,6.16479,465.77,0
42.84,odom,map,1.24439,1.59679,-0.144387,0,0,0,,,
42.876,odom,map,1.24848,1.59619,-0.147751,0,0,0,,,
42.912,odom,map,1.2526,1.59557,-0.151511,0,0,0,,,
42.948,odom,map,1.25674,1.59493,-0.155514,0,0,0,,,
42.984,odom,map,1.26056,1.59432,-0.160553,0,0,0,,,
43.02,odom,map,1.26368,1.5938,-0.167127,0,0,0,,,
42.984,ekf,map,1.30796,1.64585,-0.155349,0.135332,0.135368,8.0788e-06,0.065208,,
42.984,kf,map,1.30802,1.6458,-0.156709,0.124753,0.124753,0,0.10675,,
42.984,ekf_predict_only,map,1.39457,1.56405,-0.222996,59.4902,127.932,-36.0483,,,
42.984,pf,map,1.34845,1.61658,-0.152701,0.110845,0.128197,0.00497591,5.09054,492.336,0
43.056,odom,map,1.26665,1.59329,-0.174067,0,0,0,,,
43.092,odom,map,1.26935,1.59281,-0.1816,0,0,0,,,
43.128,odom,map,1.27165,1.59238,-0.190323,0,0,0,,,
43.164,odom,map,1.27399,1.59191,-0.200306,0,0,0,,,
43.2,odom,map,1.27634,1.59142,-0.210565,0,0,0,,,
43.2,ekf,map,1.32385,1.64317,-0.204684,0.137432,0.137465,6.95456e-06,0.057167,,
43.2,ekf_predict_only,map,1.4086,1.56087,-0.284548,59.5983,129.175,-36.1326,,,
43.2,kf,map,1.32372,1.64316,-0.206289,0.125105,0.125105,0,1.15775,,
43.2,pf,map,1.35731,1.60845,-0.214486,0.115482,0.128881,-0.00492849,4.80833,485.138,0
43.236,odom,map,1.27878,1.59089,-0.221307,0,0,0,,,
43.272,odom,map,1.28143,1.59028,-0.233309,0,0,0,,,
43.308,odom,map,1.28416,1.58961,-0.245991,0,0,0,,,
43.344,odom,map,1.28692,1.5889,-0.258956,0,0,0,,,
43.38,odom,map,1.28977,1.58812,-0.272385,0,0,0,,,
43.416,odom,map,1.29285,1.58724,-0.286842,0,0,0,,,
43.416,ekf_predict_only,map,1.42735,1.55538,-0.371796,59.6406,130.781,-36.1966,,,
43.416,ekf,map,1.34175,1.63905,-0.280532,0.137922,0.13795,5.70568e-06,0.064417,,
43.416,kf,map,1.3418,1.63901,-0.282186,0.125155,0.125155,0,0.079792,,
43.416,pf,map,1.36107,1.58961,-0.278732,0.105895,0.13442,-0.00599683,4.53238,484.293,0
43.452,odom,map,1.29597,1.58629,-0.301383,0,0,0,,,
43.488,odom,map,1.29915,1.58528,-0.316276,0,0,0,,,
43.524,odom,map,1.3024,1.58418,-0.331724,0,0,0,,,
43.56,odom,map,1.30588,1.58296,-0.347647,0,0,0,,,
43.596,odom,map,1.30944,1.58163,-0.363722,0,0,0,,,
43.596,ekf_predict_only,map,1.44657,1.54789,-0.455188,59.6269,132.433,-36.1875,,,
43.596,ekf,map,1.35905,1.63348,-0.356045,0.135346,0.135368,4.68609e-06,0.053583,,
43.596,kf,map,1.35925,1.63342,-0.357282,0.12476,0.12476,0,0.060375,,
43.632,odom,map,1.31314,1.58019,-0.380103,0,0,0,,,
43.602,amcl,map,1.29837,1.57937,-0.37102,0.112642,0.0914438,-0.0476812,,,
43.596,pf,map,1.38497,1.56981,-0.357865,0.128698,0.114315,-0.0074964,5.9225,479.557,0
43.668,odom,map,1.31719,1.57853,-0.39681,0,0,0,,,
43.704,odom,map,1.32142,1.57672,-0.413707,0,0,0,,,
43.74,odom,map,1.32573,1.57478,-0.430752,0,0,0,,,
43.776,odom,map,1.33005,1.57275,-0.448075,0,0,0,,,
43.812,odom,map,1.33455,1.57053,-0.465771,0,0,0,,,
43.812,ekf_predict_only,map,1.47459,1.53418,-0.562294,59.4406,134.774,-36.0581,,,
43.812,ekf,map,1.38472,1.6227,-0.457096,0.137315,0.137343,7.34303e-06,0.060083,,
43.812,kf,map,1.3851,1.62263,-0.458095,0.125106,0.125106,0,0.163583,,
43.812,pf,map,1.38088,1.55751,-0.464883,0.11908,0.116201,-0.0103051,6.15158,483.326,0
43.848,odom,map,1.33918,1.56816,-0.483622,0,0,0,,,
43.884,odom,map,1.34388,1.56563,-0.5017,0,0,0,,,
43.92,odom,map,1.3488,1.56288,-0.520071,0,0,0,,,
43.956,odom,map,1.35409,1.55978,-0.538607,0,0,0,,,
43.992,odom,map,1.35944,1.55652,-0.557155,0,0,0,,,
44.028,odom,map,1.36488,1.55305,-0.57596,0,0,0,,,
43.992,kf,map,1.41049,1.60867,-0.548316,0.124754,0.124754,0,0.107708,,
43.992,ekf_predict_only,map,1.50227,1.51673,-0.656832,59.1587,137.116,-35.7657,,,
43.992,ekf,map,1.41005,1.60876,-0.547633,0.135249,0.135276,9.88624e-06,0.1095,,
43.992,pf,map,1.41457,1.51825,-0.550732,0.139685,0.130526,0.00324673,7.0345,487.619,0
44.064,odom,map,1.37044,1.54937,-0.594818,0,0,0,,,
44.1,odom,map,1.37622,1.54538,-0.613848,0,0,0,,,
44.136,odom,map,1.38215,1.54111,-0.63299,0,0,0,,,
44.172,odom,map,1.38812,1.53664,-0.652332,0,0,0,,,
44.208,odom,map,1.39442,1.53173,-0.671646,0,0,0,,,
44.208,ekf_predict_only,map,1.54082,1.48701,-0.772646,58.5619,140.343,-35.1154,,,
44.208,ekf,map,1.44596,1.58423,-0.661227,0.137363,0.137402,2.09774e-05,0.06725,,
44.208,kf,map,1.44662,1.5841,-0.661674,0.125106,0.125106,0,0.05775,,
44.202,amcl,map,1.38043,1.5358,-0.665109,0.113742,0.100726,-0.0591386,,,
44.208,pf,map,1.46233,1.52497,-0.663289,0.143491,0.120538,-0.00318183,4.84663,462.548,0
44.244,odom,map,1.40072,1.52662,-0.690949,0,0,0,,,
44.28,odom,map,1.40716,1.52119,-0.710317,0,0,0,,,
44.316,odom,map,1.41375,1.51541,-0.729736,0,0,0,,,
44.352,odom,map,1.42067,1.5091,-0.748935,0,0,0,,,
44.388,odom,map,1.42763,1.5025,-0.76803,0,0,0,,,
44.388,ekf,map,1.47953,1.55513,-0.756649,0.135314,0.135352,2.94281e-05,0.061958,,
44.424,odom,map,1.43323,1.49533,-0.787655,0,0,0,,,
44.388,kf,map,1.4802,1.55498,-0.756817,0.124753,0.124753,0,0.055625,,
44.388,ekf_predict_only,map,1.57623,1.45249,-0.86817,57.8754,143.369,-34.1927,,,
44.388,pf,map,1.51064,1.50085,-0.781796,0.112647,0.115482,-0.00758012,7.17696,486.029,0
44.46,odom,map,1.43809,1.48767,-0.807437,0,0,0,,,
44.496,odom,map,1.44317,1.47947,-0.826943,0,0,0,,,
44.532,odom,map,1.44826,1.47093,-0.846388,0,0,0,,,
44.568,odom,map,1.45335,1.46206,-0.865504,0,0,0,,,
44.604,odom,map,1.45871,1.45269,-0.884017,0,0,0,,,
44.604,ekf_predict_only,map,1.62217,1.39824,-0.973235,56.7668,147.301,-32.5431,,,
44.604,ekf,map,1.52403,1.50825,-0.866055,0.137447,0.13749,5.79786e-05,0.100833,,
44.604,kf,map,1.52495,1.50806,-0.865713,0.125105,0.125105,0,0.111084,,
44.601,amcl,map,1.48229,1.47647,-0.848849,0.0981183,0.0961142,-0.0676134,,,
44.604,pf,map,1.58123,1.43984,-0.895813,0.125814,0.112054,0.00624326,12.2698,471.19,0
44.64,odom,map,1.46614,1.44346,-0.901528,0,0,0,,,
44.676,odom,map,1.47363,1.43382,-0.918578,0,0,0,,,
44.712,odom,map,1.48126,1.42365,-0.935178,0,0,0,,,
44.748,odom,map,1.48907,1.41289,-0.951141,0,0,0,,,
44.784,odom,map,1.49693,1.40169,-0.966563,0,0,0,,,
44.784,kf,map,1.56378,1.45728,-0.947016,0.124753,0.124753,0,0.061625,,
44.82,odom,map,1.50474,1.39018,-0.981725,0,0,0,,,
44.784,ekf_predict_only,map,1.66155,1.34037,-1.04868,55.6856,150.76,-30.5848,,,
44.784,ekf,map,1.56286,1.4575,-0.947641,0.135394,0.13542,7.29161e-05,0.0545,,
44.784,pf,map,1.60419,1.40803,-0.968423,0.121806,0.129413,0.00685698,6.17087,480.193,0
44.856,odom,map,1.51243,1.37848,-0.996813,0,0,0,,,
44.892,odom,map,1.52001,1.36657,-1.01175,0,0,0,,,
44.928,odom,map,1.52752,1.35436,-1.02624,0,0,0,,,
44.964,odom,map,1.53488,1.34201,-1.04058,0,0,0,,,
45,odom,map,1.54213,1.32944,-1.05466,0,0,0,,,
45,ekf_predict_only,map,1.70535,1.26424,-1.13014,54.3813,154.649,-27.8115,,,
45,ekf,map,1.60859,1.38688,-1.03569,0.137556,0.137554,0.000119501,0.195875,,
45,kf,map,1.60952,1.3868,-1.03484,0.125105,0.125105,0,0.114792,,
45,pf,map,1.66541,1.34902,-1.06371,0.121675,0.118373,0.00536993,5.38779,484.41,0
45.036,odom,map,1.54939,1.3179,-1.06696,0,0,0,,,
45.072,odom,map,1.55655,1.30624,-1.07894,0,0,0,,,
45.108,odom,map,1.56358,1.29447,-1.09076,0,0,0,,,
45.144,odom,map,1.5705,1.28258,-1.10246,0,0,0,,,
45.18,odom,map,1.57729,1.27056,-1.11394,0,0,0,,,
45.216,ekf_predict_only,map,1.74303,1.18436,-1.20542,53.2256,158.077,-24.7088,,,
45.216,ekf,map,1.64968,1.30975,-1.11559,0.138098,0.13805,0.000145894,0.056083,,
45.216,kf,map,1.65047,1.30988,-1.11482,0.125155,0.125155,0,0.06125,,
45.216,odom,map,1.58385,1.25803,-1.12575,0,0,0,,,
45.201,amcl,map,1.63752,1.27053,-1.09704,0.0812656,0.11399,-0.0681208,,,
45.216,pf,map,1.69549,1.25422,-1.14552,0.129179,0.125259,0.00735311,7.15921,482.043,0
45.252,odom,map,1.59011,1.24471,-1.1383,0,0,0,,,
45.288,odom,map,1.59618,1.23134,-1.15073,0,0,0,,,
45.324,odom,map,1.60205,1.21798,-1.16293,0,0,0,,,
45.36,odom,map,1.60775,1.20456,-1.17511,0,0,0,,,
45.396,odom,map,1.61327,1.19111,-1.18696,0,0,0,,,
45.432,odom,map,1.62383,1.18112,-1.19454,0,0,0,,,
45.396,ekf,map,1.67901,1.24337,-1.17726,0.135528,0.135448,0.000131695,0.111291,,
45.396,ekf_predict_only,map,1.76877,1.11707,-1.26375,52.4615,160.512,-21.9719,,,
45.396,kf,map,1.67955,1.24358,-1.1767,0.12476,0.12476,0,0.057917,,
45.396,pf,map,1.70894,1.17646,-1.19602,0.132958,0.126054,-0.00561955,6.93954,452.792,0
45.468,odom,map,1.63491,1.17157,-1.20128,0,0,0,,,
45.504,odom,map,1.64588,1.16199,-1.20789,0,0,0,,,
45.54,odom,map,1.65666,1.15255,-1.21464,0,0,0,,,
45.576,odom,map,1.66721,1.14341,-1.22213,0,0,0,,,
45.612,odom,map,1.67577,1.13337,-1.23179,0,0,0,,,
45.612,ekf_predict_only,map,1.79288,1.04101,-1.34291,51.7689,162.828,-18.7776,,,
45.612,ekf,map,1.70825,1.16542,-1.25167,0.137565,0.13742,0.000156406,0.507708,,
45.612,kf,map,1.70854,1.16587,-1.25186,0.125106,0.125106,0,0.057,,
45.612,pf,map,1.73868,1.11436,-1.25962,0.119449,0.115953,0.00244621,10.9991,489.564,0
45.648,odom,map,1.68002,1.12103,-1.24539,0,0,0,,,
45.684,odom,map,1.68404,1.10886,-1.25928,0,0,0,,,
45.72,odom,map,1.68785,1.09673,-1.27349,0,0,0,,,
45.756,odom,map,1.69138,1.08491,-1.28821,0,0,0,,,
45.792,odom,map,1.6947,1.07315,-1.30302,0,0,0,,,
45.792,ekf_predict_only,map,1.80675,0.981218,-1.41468,51.4147,164.254,-16.1986,,,
45.792,ekf,map,1.72611,1.10428,-1.3216,0.135474,0.135323,0.000126194,0.055875,,
45.792,kf,map,1.72631,1.10466,-1.3218,0.124754,0.124754,0,0.060625,,
45.828,odom,map,1.69786,1.0613,-1.31754,0,0,0,,,
45.801,amcl,map,1.70827,1.09431,-1.29378,0.0694721,0.11538,-0.0600218,,,
45.792,pf,map,1.7495,1.05987,-1.32794,0.12423,0.120293,-0.00545395,4.84775,471.249,0
45.864,odom,map,1.70086,1.04936,-1.33179,0,0,0,,,
45.9,odom,map,1.7037,1.03732,-1.34572,0,0,0,,,
45.936,odom,map,1.70638,1.02521,-1.3598,0,0,0,,,
45.972,odom,map,1.7089,1.01303,-1.37466,0,0,0,,,
46.008,odom,map,1.71227,1.00026,-1.39,0,0,0,,,
46.008,ekf_predict_only,map,1.81838,0.907306,-1.50777,51.1103,165.488,-12.9537,,,
46.008,ekf,map,1.74194,1.03075,-1.40983,0.137634,0.137425,0.000132235,0.163625,,
46.008,kf,map,1.7422,1.03097,-1.41032,0.125106,0.125106,0,0.118917,,
46.008,pf,map,1.74445,1.0111,-1.39806,0.113949,0.120288,0.00507792,7.73629,481.681,0
46.044,odom,map,1.71908,0.985588,-1.40657,0,0,0,,,
46.08,odom,map,1.72567,0.970875,-1.42354,0,0,0,,,
46.116,odom,map,1.73205,0.956126,-1.4411,0,0,0,,,
46.152,odom,map,1.7382,0.94131,-1.45915,0,0,0,,,
46.188,odom,map,1.74413,0.926365,-1.47787,0,0,0,,,
46.224,odom,map,1.74686,0.912891,-1.49659,0,0,0,,,
46.188,kf,map,1.74977,0.968298,-1.49703,0.124753,0.124753,0,0.060167,,
46.188,ekf_predict_only,map,1.82237,0.844156,-1.60062,51.0383,166.043,-10.1469,,,
46.188,ekf,map,1.74955,0.968221,-1.49637,0.135544,0.135345,9.84081e-05,0.055167,,
46.188,pf,map,1.77941,0.920064,-1.49337,0.107598,0.118127,0.00878043,7.57054,487.017,0
46.26,odom,map,1.74767,0.900348,-1.51557,0,0,0,,,
46.296,odom,map,1.74824,0.887836,-1.53512,0,0,0,,,
46.332,odom,map,1.74857,0.875313,-1.5551,0,0,0,,,
46.368,odom,map,1.74864,0.862779,-1.57535,0,0,0,,,
46.404,odom,map,1.74845,0.850292,-1.59634,0,0,0,,,
46.404,ekf_predict_only,map,1.82017,0.770241,-1.72948,51.107,166.047,-6.84844,,,
46.404,kf,map,1.74875,0.949959,-1.56086,0.124846,0.0359823,0.00480826,0.176542,,
46.404,ekf,map,1.78774,0.953544,-1.59818,0.0428797,0.0366806,0.000339685,1.48758,,
46.401,amcl,map,1.7528,0.89458,-1.6011,0.0477217,0.111612,-0.042064,,,
46.404,pf,map,1.83329,0.922206,-1.63357,0.0406379,0.0411719,0.00456244,7.41192,188.304,0
46.44,odom,map,1.748,0.837932,-1.61774,0,0,0,,,
46.476,odom,map,1.74729,0.825629,-1.63921,0,0,0,,,
46.512,odom,map,1.74633,0.813493,-1.66091,0,0,0,,,
46.548,odom,map,1.74512,0.801555,-1.68304,0,0,0,,,
46.584,odom,map,1.74366,0.78979,-1.70551,0,0,0,,,
46.62,odom,map,1.74107,0.781915,-1.72661,0,0,0,,,
46.584,kf,map,1.74385,0.88891,-1.66318,0.124399,0.0346838,0.00564146,0.107208,,
46.584,ekf,map,1.78485,0.891026,-1.70536,0.0399684,0.0350847,0.000240782,0.2185,,
46.584,ekf_predict_only,map,1.81086,0.712125,-1.84255,51.3463,165.419,-4.26587,,,
46.584,pf,map,1.83533,0.907319,-1.76804,0.0391365,0.0305658,-0.000891471,13.3558,222.523,0
46.656,odom,map,1.73757,0.777219,-1.74678,0,0,0,,,
46.692,odom,map,1.73389,0.772798,-1.76701,0,0,0,,,
46.728,odom,map,1.73002,0.768589,-1.78737,0,0,0,,,
46.764,odom,map,1.72593,0.764436,-1.80776,0,0,0,,,
46.8,odom,map,1.72167,0.760471,-1.82809,0,0,0,,,
46.8,ekf_predict_only,map,1.79338,0.649392,-1.98069,51.7302,164.072,-1.5161,,,
46.8,kf,map,1.72952,0.823676,-1.76865,0.124457,0.0349996,0.00759079,0.352625,,
46.8,amcl,map,1.74093,0.763049,-1.84635,0.0373363,0.101673,-0.0303559,,,
46.8,ekf,map,1.78966,0.827516,-1.83473,0.0360752,0.0353258,5.4744e-05,0.112875,,
46.8,pf,map,1.8185,0.818148,-1.88234,0.0399063,0.0314707,-0.00489046,8.24475,227.335,0
46.836,odom,map,1.71878,0.750333,-1.85116,0,0,0,,,
46.872,odom,map,1.71575,0.740237,-1.87439,0,0,0,,,
46.908,odom,map,1.7125,0.730288,-1.89764,0,0,0,,,
46.944,odom,map,1.70907,0.720523,-1.92098,0,0,0,,,
46.98,odom,map,1.70552,0.711162,-1.94429,0,0,0,,,
47.016,odom,map,1.70178,0.701942,-1.9676,0,0,0,,,
47.016,ekf_predict_only,map,1.76959,0.594637,-2.12054,52.2115,162.186,0.823993,,,
47.016,ekf,map,1.78002,0.770074,-1.97053,0.0324546,0.0353099,-0.000229015,0.29675,,
47.016,kf,map,1.70733,0.763491,-1.88369,0.12386,0.0356338,0.0106697,0.101708,,
47.016,pf,map,1.73588,0.722262,-1.92122,0.0379084,0.0348457,-0.00332826,6.21396,203.213,0
47.052,odom,map,1.69792,0.692998,-1.99084,0,0,0,,,
47.088,odom,map,1.69404,0.684576,-2.01424,0,0,0,,,
47.124,odom,map,1.69012,0.67657,-2.03743,0,0,0,,,
47.16,odom,map,1.6861,0.668822,-2.06047,0,0,0,,,
47.196,odom,map,1.682,0.661334,-2.08346,0,0,0,,,
47.232,odom,map,1.67963,0.655511,-2.10995,0,0,0,,,
47.196,ekf,map,1.76028,0.711877,-2.08715,0.0296372,0.0349823,-0.000586011,0.103375,,
47.196,ekf_predict_only,map,1.74898,0.560993,-2.23575,52.6404,160.595,2.2152,,,
47.196,kf,map,1.68778,0.703677,-1.99374,0.12255,0.0364862,0.0138742,0.094875,,
47.202,amcl,map,1.69998,0.676182,-2.09554,0.0321824,0.0968656,-0.0255792,,,
47.196,pf,map,1.7589,0.708651,-2.09652,0.0310415,0.028351,-0.00275274,7.8395,210.345,0
47.268,odom,map,1.67742,0.650286,-2.13674,0,0,0,,,
47.304,odom,map,1.67505,0.645328,-2.16349,0,0,0,,,
47.34,odom,map,1.6726,0.640688,-2.19028,0,0,0,,,
47.376,odom,map,1.67013,0.636466,-2.21706,0,0,0,,,
47.412,ekf_predict_only,map,1.72563,0.531218,-2.37253,53.0788,158.786,3.40258,,,
47.412,ekf,map,1.75547,0.674343,-2.21904,0.0274971,0.0351116,-0.00122683,1.29212,,
47.412,kf,map,1.66307,0.659512,-2.09369,0.121411,0.0380144,0.0178311,0.104625,,
47.412,odom,map,1.66724,0.632275,-2.24259,0,0,0,,,
47.412,pf,map,1.78252,0.713182,-2.25989,0.0290241,0.0302794,-0.000483013,6.68625,167.816,0
47.448,odom,map,1.66326,0.627384,-2.26538,0,0,0,,,
47.484,odom,map,1.65926,0.622691,-2.28804,0,0,0,,,
47.52,odom,map,1.65543,0.618393,-2.3104,0,0,0,,,
47.556,odom,map,1.65162,0.614307,-2.33268,0,0,0,,,
47.592,odom,map,1.64789,0.610486,-2.355,0,0,0,,,
47.628,odom,map,1.64536,0.606486,-2.37668,0,0,0,,,
47.592,ekf_predict_only,map,1.70804,0.514196,-2.48283,53.4303,157.487,4.04993,,,
47.592,ekf,map,1.73527,0.646383,-2.3322,0.0259532,0.0347675,-0.0016052,0.093291,,
47.592,kf,map,1.64364,0.629067,-2.20094,0.119554,0.0394698,0.0209832,0.101916,,
47.601,amcl,map,1.6731,0.626853,-2.35747,0.0256362,0.0756258,-0.0157684,,,
47.592,pf,map,1.7097,0.688272,-2.30076,0.0220056,0.0251585,-0.00460834,8.93571,197.328,0
47.664,odom,map,1.64339,0.60259,-2.39791,0,0,0,,,
47.7,odom,map,1.64145,0.598857,-2.41901,0,0,0,,,
47.736,odom,map,1.63962,0.595334,-2.43996,0,0,0,,,
47.772,odom,map,1.63806,0.592152,-2.4607,0,0,0,,,
47.808,odom,map,1.63654,0.58952,-2.48132,0,0,0,,,
47.808,ekf_predict_only,map,1.69257,0.502217,-2.60919,53.7435,156.377,4.48363,,,
47.808,ekf,map,1.72165,0.636447,-2.45985,0.0255036,0.0348433,-0.00214345,0.115083,,
47.808,kf,map,1.62262,0.613745,-2.31445,0.118188,0.0412478,0.0240271,0.117667,,
47.808,pf,map,1.7233,0.620452,-2.45712,0.0236288,0.0321319,0.00228236,9.42358,178.088,0
47.844,odom,map,1.63395,0.587547,-2.50238,0,0,0,,,
47.88,odom,map,1.63148,0.585751,-2.52332,0,0,0,,,
47.916,odom,map,1.62924,0.584189,-2.54409,0,0,0,,,
47.952,odom,map,1.62727,0.582879,-2.56462,0,0,0,,,
47.988,odom,map,1.62543,0.581709,-2.58505,0,0,0,,,
48.024,odom,map,1.62397,0.582056,-2.60419,0,0,0,,,
47.988,ekf_predict_only,map,1.68444,0.497426,-2.71032,53.9904,155.893,4.64551,,,
47.988,ekf,map,1.71183,0.625265,-2.56349,0.0250825,0.0345156,-0.0023186,0.174042,,
48,amcl,map,1.64875,0.591554,-2.59206,0.0233221,0.0718384,-0.0148281,,,
47.988,kf,map,1.61129,0.60051,-2.41326,0.116682,0.04236,0.0257618,0.20525,,
47.988,pf,map,1.71075,0.650725,-2.5762,0.0293742,0.0313653,-0.000441255,10.9245,184.291,0
48.06,odom,map,1.62291,0.583391,-2.62241,0,0,0,,,
48.096,odom,map,1.622,0.584838,-2.6405,0,0,0,,,
48.132,odom,map,1.62117,0.586363,-2.65844,0,0,0,,,
48.168,odom,map,1.62057,0.588026,-2.67612,0,0,0,,,
48.204,odom,map,1.62021,0.589723,-2.69372,0,0,0,,,
48.204,ekf_predict_only,map,1.68099,0.495839,-2.82589,54.2061,155.803,4.69504,,,
48.204,ekf,map,1.71544,0.613554,-2.67955,0.0252756,0.034688,-0.00250972,0.116125,,
48.204,kf,map,1.60674,0.585478,-2.51524,0.116228,0.0432308,0.0269499,0.110375,,
48.204,pf,map,1.72781,0.671115,-2.72432,0.0288239,0.0320835,6.28099e-05,6.20783,164.664,0
48.24,odom,map,1.61964,0.589454,-2.71298,0,0,0,,,
48.276,odom,map,1.61922,0.589267,-2.73191,0,0,0,,,
48.312,odom,map,1.619,0.589175,-2.75037,0,0,0,,,
48.348,odom,map,1.61892,0.589142,-2.76838,0,0,0,,,
48.384,odom,map,1.61889,0.589131,-2.78609,0,0,0,,,
48.384,ekf_predict_only,map,1.68238,0.496294,-2.91259,54.4016,156.12,4.68288,,,
48.384,ekf,map,1.71343,0.591098,-2.77286,0.0246552,0.0344437,-0.00252356,0.109542,,
48.384,kf,map,1.611,0.564995,-2.61339,0.115662,0.043393,0.0271951,0.0965,,
48.42,odom,map,1.62073,0.590104,-2.80451,0,0,0,,,
48.402,amcl,map,1.6391,0.575491,-2.80434,0.0252347,0.0628264,-0.0118152,,,
48.384,pf,map,1.74259,0.59612,-2.81078,0.0232857,0.0403124,0.00229081,8.16479,140.311,0
48.456,odom,map,1.62394,0.591814,-2.82354,0,0,0,,,
48.492,odom,map,1.62719,0.59353,-2.84225,0,0,0,,,
48.528,odom,map,1.63055,0.595271,-2.86058,0,0,0,,,
48.564,odom,map,1.634,0.597025,-2.8784,0,0,0,,,
48.6,odom,map,1.63749,0.598777,-2.89557,0,0,0,,,
48.6,ekf,map,1.71356,0.594458,-2.87185,0.0244935,0.0346502,-0.00268498,0.119542,,
48.6,kf,map,1.61179,0.567938,-2.71274,0.116118,0.043346,0.0271067,0.181417,,
48.6,ekf_predict_only,map,1.68628,0.497202,-3.00399,54.5926,156.647,4.664,,,
48.6,pf,map,1.7295,0.628553,-2.91456,0.0257607,0.0322918,0.0005766,8.21921,156.015,0
48.636,odom,map,1.63822,0.598978,-2.91085,0,0,0,,,
48.672,odom,map,1.63895,0.599143,-2.92576,0,0,0,,,
48.708,odom,map,1.63941,0.599242,-2.93979,0,0,0,,,
48.744,odom,map,1.63941,0.599242,-2.95134,0,0,0,,,
48.78,odom,map,1.63941,0.599242,-2.9603,0,0,0,,,
48.816,odom,map,1.63982,0.598481,-2.96666,0,0,0,,,
48.816,ekf,map,1.71576,0.583653,-2.9234,0.0245858,0.0347066,-0.0025723,0.115792,,
48.816,kf,map,1.61537,0.558144,-2.76393,0.116198,0.043317,0.0270743,0.090708,,
48.816,ekf_predict_only,map,1.68628,0.497202,-3.00399,54.7926,156.847,4.664,,,
48.816,pf,map,1.71233,0.639504,-2.9302,0.0177613,0.0243815,-0.000558713,6.98708,155.368,0
48.852,odom,map,1.64087,0.596525,-2.97042,0,0,0,,,
48.888,odom,map,1.64192,0.594568,-2.97158,0,0,0,,,
48.924,odom,map,1.64297,0.592612,-2.97156,0,0,0,,,
48.96,odom,map,1.64403,0.590655,-2.97155,0,0,0,,,
48.996,odom,map,1.64508,0.588699,-2.97153,0,0,0,,,
49.032,odom,map,1.6452,0.588482,-2.97152,0,0,0,,,
48.996,ekf_predict_only,map,1.68628,0.497202,-3.00399,54.9926,157.047,4.664,,,
48.996,ekf,map,1.71461,0.590336,-2.94246,0.023913,0.0343886,-0.00269875,0.198334,,
48.996,kf,map,1.61351,0.564149,-2.78302,0.115849,0.0432144,0.0269575,0.188791,,
48.996,pf,map,1.70886,0.619737,-2.93149,0.0200843,0.0309298,0.00334224,9.98858,176.322,0
49.068,odom,map,1.6452,0.588482,-2.97152,0,0,0,,,
49.104,odom,map,1.6452,0.588482,-2.97152,0,0,0,,,
49.14,odom,map,1.6452,0.588482,-2.97152,0,0,0,,,
49.176,odom,map,1.6452,0.588482,-2.97152,0,0,0,,,
49.212,odom,map,1.6451,0.587834,-2.97148,0,0,0,,,
49.212,ekf,map,1.71944,0.584663,-2.94766,0.0244275,0.0346347,-0.00269445,0.118583,,
49.212,kf,map,1.61565,0.557804,-2.78452,0.116171,0.0432947,0.0270379,0.101542,,
49.212,ekf_predict_only,map,1.68628,0.497202,-3.00399,55.1926,157.247,4.664,,,
49.212,pf,map,1.71303,0.625652,-2.96428,0.0219704,0.0307414,-5.05788e-05,6.18104,183.206,0
49.248,odom,map,1.64479,0.585714,-2.97134,0,0,0,,,
49.284,odom,map,1.64448,0.583594,-2.9712,0,0,0,,,
49.32,odom,map,1.64417,0.581475,-2.97106,0,0,0,,,
49.356,odom,map,1.64385,0.579355,-2.97092,0,0,0,,,
49.392,odom,map,1.64305,0.577151,-2.97092,0,0,0,,,
49.428,odom,map,1.6418,0.57636,-2.97105,0,0,0,,,
49.392,ekf,map,1.71759,0.594497,-2.94921,0.0239328,0.0343729,-0.00274062,0.108541,,
49.392,kf,map,1.61029,0.566069,-2.78119,0.115632,0.0434239,0.0272362,0.566792,,
49.392,ekf_predict_only,map,1.6804,0.496388,-3.00482,55.4007,156.953,4.6691,,,
49.392,pf,map,1.68934,0.611848,-2.89958,0.0246048,0.033135,-0.0017796,6.97704,169.949,0
49.464,odom,map,1.64031,0.576104,-2.97142,0,0,0,,,
49.5,odom,map,1.63772,0.57566,-2.97184,0,0,0,,,
49.536,odom,map,1.63396,0.575017,-2.97265,0,0,0,,,
49.572,odom,map,1.62971,0.574294,-2.97357,0,0,0,,,
49.608,odom,map,1.6249,0.57348,-2.97448,0,0,0,,,
49.608,ekf_predict_only,map,1.64237,0.491154,-3.01356,55.6531,153.994,4.69608,,,
49.608,ekf,map,1.70296,0.580925,-2.95316,0.0248879,0.0344288,-0.00302838,0.141125,,
49.608,kf,map,1.59209,0.546986,-2.77755,0.113741,0.0456983,0.0299994,0.631708,,
49.608,pf,map,1.71283,0.570814,-2.96251,0.0286866,0.0284693,-0.00331257,6.68504,133.548,0
49.644,odom,map,1.61931,0.572541,-2.97577,0,0,0,,,
49.68,odom,map,1.61275,0.571449,-2.97719,0,0,0,,,
49.716,odom,map,1.60532,0.570222,-2.97866,0,0,0,,,
49.752,odom,map,1.59762,0.568961,-2.98017,0,0,0,,,
49.788,odom,map,1.58967,0.567673,-2.98188,0,0,0,,,
49.788,ekf_predict_only,map,1.59702,0.485316,-3.02298,55.9128,150.503,4.70152,,,
49.788,ekf,map,1.66551,0.578605,-2.96134,0.024883,0.0338674,-0.00347107,0.129708,,
49.788,kf,map,1.55998,0.539881,-2.79045,0.109969,0.0490333,0.0333799,0.094208,,
49.824,odom,map,1.58079,0.566251,-2.98377,0,0,0,,,
49.788,pf,map,1.68056,0.602726,-3.00818,0.0221069,0.0232491,-0.00126382,7.29771,177.511,0
49.86,odom,map,1.57145,0.564775,-2.98567,0,0,0,,,
49.896,odom,map,1.56171,0.563253,-2.98759,0,0,0,,,
49.932,odom,map,1.55161,0.561695,-2.98946,0,0,0,,,
49.968,odom,map,1.54106,0.560088,-2.99151,0,0,0,,,
50.004,odom,map,1.53022,0.558461,-2.99368,0,0,0,,,
50.004,ekf_predict_only,map,1.529,0.477211,-3.03447,56.1981,145.323,4.66426,,,
50.004,kf,map,1.50509,0.528439,-2.79707,0.103789,0.0555339,0.0383298,0.109166,,
50.004,ekf,map,1.61091,0.579072,-2.97032,0.0268334,0.0335775,-0.0038321,2.02167,,
50.004,pf,map,1.61225,0.630067,-2.99495,0.0231565,0.0288597,-0.00432639,12.5953,164.495,0
50.04,odom,map,1.5191,0.556815,-2.99566,0,0,0,,,
50.076,odom,map,1.50765,0.555144,-2.99756,0,0,0,,,
50.112,odom,map,1.49596,0.553459,-2.99943,0,0,0,,,
50.148,odom,map,1.48416,0.551782,-3.00132,0,0,0,,,
50.184,odom,map,1.47209,0.550091,-3.00338,0,0,0,,,
50.184,ekf_predict_only,map,1.46784,0.470634,-3.04491,56.4693,140.845,4.58481,,,
50.184,kf,map,1.45551,0.516084,-2.84166,0.0971175,0.0618072,0.0415553,0.175917,,
50.22,odom,map,1.45991,0.54841,-3.00548,0,0,0,,,
50.184,ekf,map,1.54005,0.56512,-2.98517,0.0281664,0.0330186,-0.00374557,0.115083,,
50.202,amcl,map,1.48036,0.546224,-3.01501,0.0283161,0.0489635,-0.00916877,,,
50.184,pf,map,1.50577,0.59102,-2.95867,0.026505,0.0289257,-0.0065718,6.40996,183.487,0
50.256,odom,map,1.44772,0.546753,-3.00757,0,0,0,,,
50.292,odom,map,1.43546,0.545113,-3.00967,0,0,0,,,
50.328,odom,map,1.423,0.543472,-3.01175,0,0,0,,,
50.364,odom,map,1.41047,0.541849,-3.01373,0,0,0,,,
50.4,odom,map,1.39792,0.540249,-3.01566,0,0,0,,,
50.4,kf,map,1.39463,0.498107,-2.86194,0.08924,0.0700554,0.0442486,0.116708,,
50.4,ekf_predict_only,map,1.3928,0.463356,-3.05536,56.7501,135.516,4.43631,,,
50.4,ekf,map,1.47253,0.554764,-2.99566,0.0309016,0.033161,-0.00308225,0.226792,,
50.4,pf,map,1.44607,0.589276,-2.98825,0.0258285,0.0310197,-0.00663175,5.89492,178.099,0
50.436,odom,map,1.38544,0.53868,-3.01745,0,0,0,,,
50.472,odom,map,1.37304,0.537143,-3.01909,0,0,0,,,
50.508,odom,map,1.36076,0.535641,-3.02061,0,0,0,,,
50.544,odom,map,1.34853,0.534163,-3.02211,0,0,0,,,
50.58,odom,map,1.3362,0.532692,-3.0236,0,0,0,,,
50.616,odom,map,1.32379,0.531227,-3.02421,0,0,0,,,
50.616,ekf,map,1.40589,0.539116,-3.00179,0.0329884,0.0337411,-0.00192513,0.105584,,
50.616,kf,map,1.33726,0.479501,-2.88046,0.0816414,0.0777257,0.0452709,0.095292,,
50.616,ekf_predict_only,map,1.31808,0.456897,-3.05498,57.0237,130.441,4.23892,,,
50.616,pf,map,1.39775,0.563743,-3.04243,0.0293658,0.0228563,-0.00266362,9.42858,201.761,0
50.652,odom,map,1.31122,0.529742,-3.02356,0,0,0,,,
50.688,odom,map,1.29859,0.528237,-3.02252,0,0,0,,,
50.724,odom,map,1.28595,0.526716,-3.02081,0,0,0,,,
50.76,odom,map,1.27328,0.525162,-3.01802,0,0,0,,,
50.796,odom,map,1.26061,0.523566,-3.01463,0,0,0,,,
50.832,odom,map,1.248,0.521932,-3.01071,0,0,0,,,
50.796,ekf_predict_only,map,1.25485,0.451406,-3.03382,57.2875,126.357,4.05708,,,
50.796,ekf,map,1.3312,0.534479,-2.99355,0.0339647,0.0341368,-0.000993762,0.365125,,
50.796,kf,map,1.27547,0.478394,-2.89237,0.075621,0.0833486,0.0450104,0.250375,,
50.796,pf,map,1.32968,0.559359,-3.00642,0.0174331,0.0276448,-0.00351999,14.4941,209.349,0
50.868,odom,map,1.2353,0.520232,-3.00613,0,0,0,,,
50.904,odom,map,1.22258,0.518466,-3.00113,0,0,0,,,
50.94,odom,map,1.20986,0.516633,-2.99577,0,0,0,,,
50.976,odom,map,1.19704,0.514715,-2.99003,0,0,0,,,
51.012,odom,map,1.18505,0.512724,-2.98422,0,0,0,,,
51.012,ekf_predict_only,map,1.1779,0.443081,-2.99489,57.5868,121.567,3.86829,,,
51.012,ekf,map,1.25069,0.530126,-2.96322,0.0360726,0.0364636,0.000943833,0.16975,,
51.012,kf,map,1.20201,0.472699,-2.87416,0.0695193,0.0898487,0.0441634,0.153208,,
51,amcl,map,1.23119,0.499962,-2.98493,0.0342165,0.0400755,-0.00581759,,,
51.012,pf,map,1.24911,0.535599,-2.98113,0.0333267,0.0346584,-0.000808487,5.8665,190.94,0
51.048,odom,map,1.17484,0.510685,-2.97962,0,0,0,,,
51.084,odom,map,1.16467,0.508613,-2.97465,0,0,0,,,
51.12,odom,map,1.15444,0.506485,-2.96908,0,0,0,,,
51.156,odom,map,1.14437,0.504333,-2.96292,0,0,0,,,
51.192,odom,map,1.13445,0.502149,-2.95656,0,0,0,,,
51.192,ekf,map,1.19979,0.51098,-2.92649,0.0367072,0.0379593,0.00219354,0.102541,,
51.192,kf,map,1.15762,0.456052,-2.84788,0.0648004,0.0941938,0.0427337,0.096834,,
51.228,odom,map,1.12289,0.499838,-2.94836,0,0,0,,,
51.192,ekf_predict_only,map,1.11648,0.434005,-2.94992,57.8983,117.962,3.77218,,,
51.192,pf,map,1.20405,0.51762,-2.94127,0.0361067,0.0408944,-0.000618521,10.5001,192.06,0
51.264,odom,map,1.1108,0.497414,-2.93899,0,0,0,,,
51.3,odom,map,1.09895,0.494917,-2.92876,0,0,0,,,
51.336,odom,map,1.08721,0.492315,-2.91817,0,0,0,,,
51.372,odom,map,1.07564,0.489621,-2.90717,0,0,0,,,
51.408,odom,map,1.06441,0.486871,-2.89529,0,0,0,,,
51.408,ekf_predict_only,map,1.04871,0.420853,-2.87753,58.266,114.147,3.72968,,,
51.408,ekf,map,1.12814,0.495224,-2.86566,0.0377292,0.040704,0.00360727,0.111708,,
51.408,kf,map,1.09361,0.443618,-2.79847,0.060223,0.0991783,0.0409401,0.12725,,
51.408,pf,map,1.12695,0.472411,-2.85697,0.0362981,0.0319536,0.00479069,7.01183,248.62,0
51.444,odom,map,1.0534,0.48403,-2.88286,0,0,0,,,
51.48,odom,map,1.04259,0.481094,-2.86971,0,0,0,,,
51.516,odom,map,1.03204,0.478077,-2.85606,0,0,0,,,
51.552,odom,map,1.02188,0.475017,-2.84175,0,0,0,,,
51.588,odom,map,1.01198,0.471877,-2.82716,0,0,0,,,
51.624,odom,map,1.00236,0.468669,-2.81214,0,0,0,,,
51.588,ekf,map,1.06371,0.494323,-2.79663,0.0376876,0.0421157,0.00430923,0.104125,,
51.588,kf,map,1.03148,0.440587,-2.73309,0.05683,0.102188,0.039103,0.226542,,
51.588,ekf_predict_only,map,1.00039,0.40779,-2.80138,58.6398,111.603,3.7793,,,
51.588,pf,map,1.0429,0.479759,-2.78168,0.0296632,0.0261984,-0.00126826,12.8402,226.564,0
51.66,odom,map,0.993125,0.465432,-2.79664,0,0,0,,,
51.696,odom,map,0.984629,0.462302,-2.78033,0,0,0,,,
51.732,odom,map,0.976327,0.459088,-2.76392,0,0,0,,,
51.768,odom,map,0.968231,0.455798,-2.74713,0,0,0,,,
51.804,odom,map,0.960943,0.452401,-2.72954,0,0,0,,,
51.804,ekf_predict_only,map,0.954602,0.391582,-2.69596,59.0654,109.294,3.90468,,,
51.804,kf,map,0.99714,0.418295,-2.64707,0.0538653,0.105566,0.0372663,0.112125,,
51.804,ekf,map,1.02379,0.466014,-2.70147,0.0383432,0.0451461,0.00545205,0.098917,,
51.801,amcl,map,0.987811,0.426228,-2.72171,0.03854,0.0276493,0.000326717,,,
51.804,pf,map,1.00755,0.468365,-2.68275,0.0361545,0.0439304,-0.00299616,9.30096,221.423,0
51.84,odom,map,0.958929,0.446161,-2.7099,0,0,0,,,
51.876,odom,map,0.957139,0.439835,-2.68987,0,0,0,,,
51.912,odom,map,0.955761,0.433519,-2.66937,0,0,0,,,
51.948,odom,map,0.954865,0.427265,-2.64858,0,0,0,,,
51.984,odom,map,0.954166,0.420937,-2.62774,0,0,0,,,
52.02,odom,map,0.950706,0.416228,-2.60779,0,0,0,,,
51.984,ekf_predict_only,map,0.924964,0.377424,-2.59961,59.4717,107.917,4.06539,,,
51.984,ekf,map,0.989545,0.459769,-2.6076,0.0378623,0.0456219,0.00544232,0.132625,,
51.984,kf,map,0.962264,0.406351,-2.55077,0.0516289,0.107408,0.0355881,0.097792,,
51.984,pf,map,1.01088,0.4764,-2.63927,0.0398218,0.0391392,0.00591279,5.96133,225.914,0
52.056,odom,map,0.945335,0.412983,-2.58834,0,0,0,,,
52.092,odom,map,0.940237,0.409766,-2.56867,0,0,0,,,
52.128,odom,map,0.935268,0.406491,-2.54889,0,0,0,,,
52.164,odom,map,0.930605,0.403283,-2.52886,0,0,0,,,
52.2,odom,map,0.926311,0.4002,-2.50857,0,0,0,,,
52.2,kf,map,0.92164,0.396106,-2.43464,0.0497877,0.109661,0.0340839,0.120791,,
52.2,ekf,map,0.946789,0.449788,-2.48963,0.0381745,0.0476428,0.0059319,0.105334,,
52.2,ekf_predict_only,map,0.900015,0.362401,-2.47713,59.8999,106.819,4.26673,,,
52.2,amcl,map,0.932651,0.39264,-2.5185,0.0324876,0.0200899,0.00144922,,,
52.2,pf,map,0.939304,0.461529,-2.51462,0.0355519,0.0470434,0.00518547,7.57829,251.329,0
52.236,odom,map,0.922367,0.397244,-2.48817,0,0,0,,,
52.272,odom,map,0.918694,0.394374,-2.46756,0,0,0,,,
52.308,odom,map,0.915191,0.391515,-2.44684,0,0,0,,,
52.344,odom,map,0.911938,0.388748,-2.42607,0,0,0,,,
52.38,odom,map,0.908995,0.386136,-2.40511,0,0,0,,,
52.416,odom,map,0.906322,0.383662,-2.38409,0,0,0,,,
52.416,ekf_predict_only,map,0.883517,0.349479,-2.35103,60.304,106.175,4.46692,,,
52.416,ekf,map,0.913009,0.438152,-2.36727,0.0381433,0.0489437,0.00619478,0.115875,,
52.416,kf,map,0.890417,0.386899,-2.31627,0.0483422,0.111162,0.0327688,0.40375,,
52.416,pf,map,0.881865,0.460718,-2.38301,0.042809,0.0365511,0.00288399,6.67996,222.792,0
52.452,odom,map,0.90381,0.381235,-2.36307,0,0,0,,,
52.488,odom,map,0.901485,0.378895,-2.34194,0,0,0,,,
52.524,odom,map,0.899421,0.376726,-2.32074,0,0,0,,,
52.56,odom,map,0.897686,0.374826,-2.29969,0,0,0,,,
52.596,odom,map,0.896091,0.373001,-2.27872,0,0,0,,,
52.596,ekf_predict_only,map,0.875973,0.341857,-2.24632,60.6277,105.993,4.59862,,,
52.596,ekf,map,0.909198,0.42901,-2.26104,0.037697,0.0488015,0.00604052,0.098583,,
52.596,kf,map,0.885806,0.375364,-2.20867,0.047394,0.111665,0.0318235,0.177209,,
52.632,odom,map,0.894184,0.369646,-2.25809,0,0,0,,,
52.602,amcl,map,0.899001,0.375062,-2.26873,0.028349,0.0167227,0.000675885,,,
52.596,pf,map,0.872529,0.429775,-2.24433,0.0396842,0.0356476,0.00489137,7.83175,218.11,0
52.668,odom,map,0.892434,0.366282,-2.23764,0,0,0,,,
52.704,odom,map,0.890892,0.363124,-2.21731,0,0,0,,,
52.74,odom,map,0.889428,0.360016,-2.197,0,0,0,,,
52.776,odom,map,0.888065,0.356997,-2.17684,0,0,0,,,
52.812,odom,map,0.887013,0.354711,-2.15667,0,0,0,,,
52.812,ekf,map,0.882871,0.430061,-2.13764,0.0379313,0.0496083,0.00613045,0.10475,,
52.812,kf,map,0.860535,0.375918,-2.08573,0.0469134,0.11255,0.031331,0.113167,,
52.812,ekf_predict_only,map,0.871934,0.336815,-2.12392,60.911,105.99,4.69226,,,
52.812,pf,map,0.873824,0.437626,-2.14192,0.0266889,0.038671,0.00400528,6.36554,214.959,0
52.848,odom,map,0.886558,0.354011,-2.1364,0,0,0,,,
52.884,odom,map,0.88616,0.353371,-2.11617,0,0,0,,,
52.92,odom,map,0.885847,0.352844,-2.09603,0,0,0,,,
52.956,odom,map,0.885737,0.35265,-2.07604,0,0,0,,,
52.992,odom,map,0.885673,0.352532,-2.05607,0,0,0,,,
53.028,odom,map,0.886874,0.352978,-2.03735,0,0,0,,,
52.992,ekf,map,0.891755,0.42857,-2.03487,0.0376667,0.0493952,0.00612728,0.134125,,
52.992,kf,map,0.867245,0.370844,-1.97974,0.0466568,0.112399,0.0310613,1.26154,,
52.992,ekf_predict_only,map,0.872221,0.337281,-2.02552,61.1032,106.204,4.68294,,,
53.001,amcl,map,0.885637,0.356122,-2.03837,0.0209147,0.0171434,0.00260047,,,
52.992,pf,map,0.915213,0.455494,-2.06155,0.0386328,0.0404331,0.00684036,7.40679,253.061,0
53.064,odom,map,0.888658,0.353847,-2.0191,0,0,0,,,
53.1,odom,map,0.890544,0.354959,-2.00114,0,0,0,,,
53.136,odom,map,0.892425,0.356092,-1.98322,0,0,0,,,
53.172,odom,map,0.894359,0.357389,-1.96557,0,0,0,,,
53.208,odom,map,0.896008,0.358788,-1.94799,0,0,0,,,
53.208,ekf_predict_only,map,0.875377,0.343737,-1.91504,61.197,106.563,4.54633,,,
53.208,ekf,map,0.881917,0.433439,-1.92151,0.0380343,0.0498662,0.00629612,0.107792,,
53.208,kf,map,0.858649,0.378216,-1.86858,0.046961,0.112503,0.0313811,0.106792,,
53.208,pf,map,0.873451,0.463973,-1.94586,0.0360967,0.0439019,0.0068941,6.94146,229.602,0
53.244,odom,map,0.896438,0.359906,-1.92958,0,0,0,,,
53.28,odom,map,0.896865,0.361075,-1.91134,0,0,0,,,
53.316,odom,map,0.897306,0.362359,-1.89345,0,0,0,,,
53.352,odom,map,0.897769,0.363786,-1.87607,0,0,0,,,
53.388,odom,map,0.898216,0.365246,-1.85884,0,0,0,,,
53.424,odom,map,0.898366,0.367913,-1.83996,0,0,0,,,
53.388,ekf_predict_only,map,0.87818,0.351554,-1.83048,61.2708,106.905,4.37156,,,
53.388,ekf,map,0.893222,0.447965,-1.82618,0.0378156,0.0493597,0.00628621,0.113834,,
53.388,kf,map,0.864543,0.382115,-1.76393,0.0472183,0.111837,0.0316448,0.094958,,
53.4,amcl,map,0.885599,0.381137,-1.83394,0.0164778,0.0162403,0.000853696,,,
53.388,pf,map,0.87553,0.442086,-1.8188,0.0401119,0.0451078,0.00793627,9.63629,249.517,0
53.46,odom,map,0.898328,0.371342,-1.82043,0,0,0,,,
53.496,odom,map,0.898254,0.374876,-1.80138,0,0,0,,,
53.532,odom,map,0.898124,0.378445,-1.78257,0,0,0,,,
53.568,odom,map,0.89795,0.38212,-1.76403,0,0,0,,,
53.604,odom,map,0.897779,0.385882,-1.74628,0,0,0,,,
53.604,ekf_predict_only,map,0.881609,0.364462,-1.74146,61.2683,107.278,4.07163,,,
53.604,kf,map,0.850858,0.399432,-1.68298,0.0479764,0.111486,0.0324078,0.103334,,
53.604,ekf,map,0.875314,0.455089,-1.73672,0.0383516,0.0499038,0.00665719,0.113709,,
53.604,pf,map,0.882406,0.453001,-1.73794,0.0349598,0.0477709,0.00785974,5.72504,258.062,0
53.64,odom,map,0.898151,0.388076,-1.73144,0,0,0,,,
53.676,odom,map,0.898482,0.390219,-1.71698,0,0,0,,,
53.712,odom,map,0.898727,0.391954,-1.70344,0,0,0,,,
53.748,odom,map,0.89879,0.392443,-1.69243,0,0,0,,,
53.784,odom,map,0.89879,0.392443,-1.68402,0,0,0,,,
53.784,ekf_predict_only,map,0.881609,0.364462,-1.74146,61.4683,107.478,4.07163,,,
53.82,odom,map,0.89816,0.391548,-1.67778,0,0,0,,,
53.784,kf,map,0.852099,0.402198,-1.61463,0.0480909,0.110965,0.0325119,1.75333,,
53.784,ekf,map,0.884931,0.475904,-1.68229,0.0380162,0.0496676,0.00657766,0.097792,,
53.784,pf,map,0.886322,0.474788,-1.67705,0.0423552,0.0470796,0.00634424,9.06333,261.429,0
53.856,odom,map,0.897026,0.389937,-1.67379,0,0,0,,,
53.892,odom,map,0.895889,0.388326,-1.67231,0,0,0,,,
53.928,odom,map,0.894751,0.386714,-1.67155,0,0,0,,,
53.964,odom,map,0.893611,0.385101,-1.67079,0,0,0,,,
54,odom,map,0.89247,0.383488,-1.67003,0,0,0,,,
54,ekf_predict_only,map,0.881609,0.364462,-1.74146,61.6683,107.678,4.07163,,,
54,ekf,map,0.880138,0.470398,-1.66523,0.0384927,0.0502451,0.00688708,0.10125,,
54,kf,map,0.850143,0.404243,-1.60221,0.0482705,0.111194,0.0326939,0.1005,,
54,pf,map,0.870947,0.459083,-1.6635,0.0374302,0.0532832,0.0070413,9.79392,210.05,0
54.036,odom,map,0.892438,0.383443,-1.67001,0,0,0,,,
54.072,odom,map,0.892438,0.383443,-1.67001,0,0,0,,,
54.108,odom,map,0.892438,0.383443,-1.67001,0,0,0,,,
54.144,odom,map,0.892438,0.383443,-1.67001,0,0,0,,,
54.18,odom,map,0.892438,0.383443,-1.67001,0,0,0,,,
54.216,ekf_predict_only,map,0.881609,0.364462,-1.74146,61.8683,107.878,4.07163,,,
54.216,kf,map,0.849943,0.404772,-1.60161,0.0483075,0.111207,0.0327388,0.10525,,
54.216,odom,map,0.892188,0.384492,-1.67012,0,0,0,,,
54.216,ekf,map,0.878085,0.466716,-1.66093,0.0385346,0.0504354,0.00696734,0.200833,,
54.216,pf,map,0.864659,0.463109,-1.64767,0.0307947,0.0366615,0.00641495,8.33629,222.352,0
54.252,odom,map,0.891545,0.38719,-1.67038,0,0,0,,,
54.288,odom,map,0.890897,0.389841,-1.67099,0,0,0,,,
54.324,odom,map,0.890248,0.392483,-1.67171,0,0,0,,,
54.36,odom,map,0.88959,0.395039,-1.67272,0,0,0,,,
54.396,odom,map,0.888934,0.397619,-1.67453,0,0,0,,,
54.432,odom,map,0.888841,0.397712,-1.67673,0,0,0,,,
54.396,ekf_predict_only,map,0.881398,0.363235,-1.75337,62.0873,108.067,4.10112,,,
54.396,ekf,map,0.877258,0.4695,-1.66345,0.0381121,0.0496059,0.00668574,0.166167,,
54.396,kf,map,0.848075,0.405034,-1.60233,0.0481705,0.110893,0.0325903,0.198666,,
54.396,pf,map,0.853885,0.471656,-1.66081,0.0362681,0.0448999,0.00394671,10.9663,271.246,0
54.468,odom,map,0.888814,0.397465,-1.67911,0,0,0,,,
54.504,odom,map,0.888788,0.397224,-1.6818,0,0,0,,,
54.54,odom,map,0.888755,0.396936,-1.685,0,0,0,,,
54.576,odom,map,0.888718,0.396617,-1.68867,0,0,0,,,
54.612,odom,map,0.888679,0.396296,-1.69249,0,0,0,,,
54.612,ekf_predict_only,map,0.881045,0.361324,-1.77625,62.3169,108.25,4.14682,,,
54.612,ekf,map,0.870635,0.465475,-1.68294,0.0384433,0.0503016,0.00686411,1.39779,,
54.612,kf,map,0.843657,0.405406,-1.62565,0.0481868,0.111279,0.0326135,0.101833,,
54.612,pf,map,0.867658,0.442319,-1.6812,0.0362597,0.0454039,0.0068498,5.86538,241.002,0
54.648,odom,map,0.888632,0.395914,-1.6966,0,0,0,,,
54.684,odom,map,0.888581,0.395523,-1.70126,0,0,0,,,
54.72,odom,map,0.888531,0.395146,-1.7063,0,0,0,,,
54.756,odom,map,0.888482,0.394794,-1.71174,0,0,0,,,
54.792,odom,map,0.888437,0.394486,-1.71774,0,0,0,,,
54.792,ekf_predict_only,map,0.880885,0.360555,-1.80874,62.5288,108.441,4.16505,,,
54.792,ekf,map,0.866933,0.460032,-1.71142,0.0380893,0.0497263,0.00668076,0.88875,,
54.792,kf,map,0.84215,0.404741,-1.65869,0.0480101,0.111046,0.0324338,0.105375,,
54.828,odom,map,0.888408,0.394292,-1.72413,0,0,0,,,
54.792,pf,map,0.878638,0.449706,-1.71881,0.0377992,0.045018,4.29786e-05,11.1998,252.13,0
54.864,odom,map,0.888384,0.394137,-1.73063,0,0,0,,,
54.9,odom,map,0.888317,0.39373,-1.73755,0,0,0,,,
54.936,odom,map,0.888264,0.393425,-1.74477,0,0,0,,,
54.972,odom,map,0.888198,0.393057,-1.75257,0,0,0,,,
55.008,odom,map,0.888158,0.392841,-1.76076,0,0,0,,,
55.008,ekf_predict_only,map,0.880707,0.359823,-1.85796,62.7402,108.632,4.18222,,,
55.008,ekf,map,0.879615,0.459035,-1.75112,0.0383855,0.0504989,0.00683485,0.111125,,
55.008,kf,map,0.852448,0.39885,-1.69429,0.0480219,0.111442,0.0324529,0.100166,,
55.008,pf,map,0.887804,0.44886,-1.74889,0.0286633,0.0420747,0.00229206,5.73183,253.421,0
55.044,odom,map,0.888133,0.392718,-1.76896,0,0,0,,,
55.08,odom,map,0.888128,0.392692,-1.77767,0,0,0,,,
55.116,odom,map,0.888122,0.392662,-1.78678,0,0,0,,,
55.152,odom,map,0.888114,0.392628,-1.79594,0,0,0,,,
55.188,odom,map,0.888119,0.392647,-1.80562,0,0,0,,,
55.188,kf,map,0.844864,0.401316,-1.74445,0.0478773,0.111179,0.0323041,0.104625,,
55.224,odom,map,0.888094,0.392545,-1.81571,0,0,0,,,
55.188,ekf_predict_only,map,0.880483,0.359063,-1.90876,62.9521,108.821,4.19972,,,
55.188,ekf,map,0.869944,0.457818,-1.79835,0.0380187,0.0495394,0.00655462,0.256,,
55.188,pf,map,0.857354,0.442466,-1.78396,0.0318208,0.0433229,0.00603668,10.6834,237.473,0
55.26,odom,map,0.88803,0.392297,-1.82622,0,0,0,,,
55.296,odom,map,0.887943,0.391972,-1.83712,0,0,0,,,
55.332,odom,map,0.887853,0.391648,-1.84832,0,0,0,,,
55.368,odom,map,0.887742,0.391269,-1.8602,0,0,0,,,
55.404,odom,map,0.887622,0.390873,-1.87261,0,0,0,,,
55.404,ekf_predict_only,map,0.879653,0.356703,-1.98417,63.1892,108.979,4.25298,,,
55.404,ekf,map,0.887813,0.453452,-1.86321,0.0383416,0.0504562,0.00677141,0.320291,,
55.404,kf,map,0.860399,0.392681,-1.80555,0.047858,0.111606,0.032292,0.097416,,
55.404,pf,map,0.878071,0.433536,-1.84642,0.0245946,0.0414151,0.00492629,15.1471,258.227,0
55.44,odom,map,0.887495,0.390475,-1.88518,0,0,0,,,
55.476,odom,map,0.887349,0.390034,-1.89804,0,0,0,,,
55.512,odom,map,0.887155,0.389477,-1.91131,0,0,0,,,
55.548,odom,map,0.886938,0.388876,-1.92462,0,0,0,,,
55.584,odom,map,0.886717,0.38829,-1.93823,0,0,0,,,
55.584,ekf_predict_only,map,0.878162,0.353303,-2.05226,63.443,109.104,4.32716,,,
55.584,ekf,map,0.893448,0.439525,-1.93134,0.0379214,0.0493825,0.00640847,0.108792,,
55.62,odom,map,0.886449,0.387609,-1.95186,0,0,0,,,
55.584,kf,map,0.869463,0.385865,-1.87897,0.0475828,0.111473,0.0320128,0.199959,,
55.584,pf,map,0.862575,0.456325,-1.92495,0.0320375,0.0498775,0.00472139,9.24013,250.286,0
55.656,odom,map,0.886144,0.386863,-1.96562,0,0,0,,,
55.692,odom,map,0.885811,0.386079,-1.97949,0,0,0,,,
55.728,odom,map,0.885455,0.385273,-1.99331,0,0,0,,,
55.764,odom,map,0.885045,0.384378,-2.00708,0,0,0,,,
55.8,odom,map,0.884562,0.383361,-2.02081,0,0,0,,,
55.8,ekf_predict_only,map,0.87464,0.346563,-2.13441,63.7513,109.126,4.46898,,,
55.8,ekf,map,0.891033,0.439998,-2.01004,0.0381113,0.049987,0.00640482,0.110959,,
55.8,kf,map,0.865679,0.381285,-1.95393,0.0473317,0.112132,0.0317637,0.104875,,
55.8,pf,map,0.897699,0.421438,-2.01663,0.0386466,0.0427006,0.0108675,6.16446,228.466,0
55.836,odom,map,0.884003,0.382223,-2.0345,0,0,0,,,
55.872,odom,map,0.88343,0.381098,-2.04826,0,0,0,,,
55.908,odom,map,0.882785,0.379871,-2.06187,0,0,0,,,
55.944,odom,map,0.8821,0.37861,-2.07543,0,0,0,,,
55.98,odom,map,0.881424,0.377406,-2.08898,0,0,0,,,
56.016,odom,map,0.880749,0.37624,-2.10244,0,0,0,,,
56.016,kf,map,0.855562,0.377753,-2.02662,0.0469046,0.112609,0.0313304,0.114791,,
56.016,ekf,map,0.882838,0.442337,-2.08783,0.0380951,0.0502919,0.00644257,0.181291,,
56.016,ekf_predict_only,map,0.870358,0.339787,-2.21488,64.0623,109.111,4.6043,,,
56.001,amcl,map,0.888408,0.373164,-2.1039,0.0157271,0.0216763,0.00024487,,,
56.016,pf,map,0.859217,0.428729,-2.06904,0.0304535,0.04137,0.00583478,5.59912,236.646,0
56.052,odom,map,0.880006,0.374997,-2.11556,0,0,0,,,
56.088,odom,map,0.879234,0.373741,-2.12859,0,0,0,,,
56.124,odom,map,0.878458,0.372515,-2.14149,0,0,0,,,
56.16,odom,map,0.877672,0.371307,-2.1541,0,0,0,,,
56.196,odom,map,0.87687,0.370108,-2.16666,0,0,0,,,
56.232,odom,map,0.876084,0.368965,-2.1791,0,0,0,,,
56.196,ekf_predict_only,map,0.866353,0.334454,-2.27642,64.3512,109.11,4.70452,,,
56.196,kf,map,0.860577,0.368978,-2.10436,0.0464122,0.11265,0.0308015,0.136875,,
56.196,ekf,map,0.883432,0.422936,-2.157,0.0377164,0.0496893,0.0062578,0.097625,,
56.196,pf,map,0.867319,0.411569,-2.14484,0.0308871,0.037369,0.00391295,7.3445,244.109,0
56.268,odom,map,0.875335,0.367902,-2.19116,0,0,0,,,
56.304,odom,map,0.874356,0.36655,-2.20302,0,0,0,,,
56.34,odom,map,0.873091,0.364846,-2.21449,0,0,0,,,
56.376,odom,map,0.871364,0.362571,-2.22554,0,0,0,,,
56.412,odom,map,0.869389,0.360028,-2.23625,0,0,0,,,
56.412,ekf_predict_only,map,0.852667,0.318389,-2.33971,64.827,108.63,4.98612,,,
56.412,ekf,map,0.880247,0.417328,-2.22128,0.0378039,0.0506408,0.00619496,0.1095,,
56.412,kf,map,0.855322,0.355361,-2.16282,0.0456503,0.113812,0.0299517,0.805875,,
56.412,pf,map,0.88515,0.417335,-2.22679,0.0288301,0.0407662,0.00309303,7.50325,256.68,0
56.448,odom,map,0.86706,0.357093,-2.2466,0,0,0,,,
56.484,odom,map,0.86449,0.353921,-2.25679,0,0,0,,,
56.52,odom,map,0.861754,0.350614,-2.26676,0,0,0,,,
56.556,odom,map,0.858693,0.346986,-2.27629,0,0,0,,,
56.592,odom,map,0.85547,0.343238,-2.28538,0,0,0,,,
56.628,odom,map,0.852186,0.339486,-2.29424,0,0,0,,,
56.592,ekf_predict_only,map,0.835331,0.300472,-2.38396,65.3489,107.981,5.26891,,,
56.592,ekf,map,0.865502,0.38947,-2.27678,0.0373364,0.0504166,0.00592961,0.222042,,
56.592,kf,map,0.846156,0.338803,-2.22787,0.0444888,0.114561,0.0285914,0.830334,,
56.592,pf,map,0.85883,0.406243,-2.28985,0.036942,0.044604,0.00812044,7.16054,211.359,0
56.664,odom,map,0.848758,0.335638,-2.30276,0,0,0,,,
56.7,odom,map,0.845223,0.331735,-2.31095,0,0,0,,,
56.736,odom,map,0.841511,0.327704,-2.31862,0,0,0,,,
56.772,odom,map,0.83774,0.323669,-2.32621,0,0,0,,,
56.808,odom,map,0.834137,0.319448,-2.33389,0,0,0,,,
56.808,ekf_predict_only,map,0.810437,0.276924,-2.42778,65.9952,106.988,5.59764,,,
56.808,ekf,map,0.845631,0.371254,-2.32335,0.0373677,0.052189,0.00589357,0.114417,,
56.808,kf,map,0.826754,0.31682,-2.27322,0.0431233,0.116329,0.0268015,0.093166,,
56.802,amcl,map,0.831763,0.30628,-2.35297,0.0153119,0.0208604,0.00312469,,,
56.808,pf,map,0.845838,0.373169,-2.31872,0.0351056,0.0510022,0.00419982,7.07204,240.877,0
56.844,odom,map,0.831281,0.314613,-2.34207,0,0,0,,,
56.88,odom,map,0.8282,0.309628,-2.34978,0,0,0,,,
56.916,odom,map,0.82503,0.304635,-2.35736,0,0,0,,,
56.952,odom,map,0.821727,0.29959,-2.36465,0,0,0,,,
56.988,odom,map,0.818281,0.294483,-2.37153,0,0,0,,,
56.988,ekf_predict_only,map,0.785638,0.255443,-2.45483,66.6252,106.028,5.85172,,,
56.988,ekf,map,0.822075,0.34289,-2.35906,0.0368729,0.0524833,0.00563153,0.093,,
56.988,kf,map,0.807214,0.296391,-2.31616,0.0417667,0.117277,0.0248845,0.102416,,
57.024,odom,map,0.813993,0.28973,-2.37739,0,0,0,,,
56.988,pf,map,0.793626,0.321415,-2.3457,0.0347389,0.0432923,0.00861615,8.24696,247.474,0
57.06,odom,map,0.809164,0.285126,-2.38249,0,0,0,,,
57.096,odom,map,0.804168,0.280408,-2.38708,0,0,0,,,
57.132,odom,map,0.79898,0.275551,-2.39119,0,0,0,,,
57.168,odom,map,0.793728,0.270674,-2.3952,0,0,0,,,
57.204,odom,map,0.788416,0.265779,-2.39873,0,0,0,,,
57.204,ekf_predict_only,map,0.752069,0.22792,-2.47511,67.4084,104.704,6.12052,,,
57.204,ekf,map,0.794353,0.314243,-2.38596,0.036892,0.054887,0.00555659,0.098709,,
57.204,kf,map,0.781575,0.269173,-2.3459,0.0403537,0.119092,0.0225352,0.114083,,
57.204,pf,map,0.79961,0.3047,-2.39657,0.039193,0.0497508,-0.00207143,6.57879,251.004,0
57.24,odom,map,0.782965,0.26079,-2.40205,0,0,0,,,
57.276,odom,map,0.777309,0.255647,-2.40493,0,0,0,,,
57.312,odom,map,0.771623,0.250502,-2.40703,0,0,0,,,
57.348,odom,map,0.765958,0.245394,-2.40869,0,0,0,,,
57.384,odom,map,0.760397,0.240394,-2.40979,0,0,0,,,
57.42,odom,map,0.754939,0.235494,-2.41011,0,0,0,,,
57.384,ekf_predict_only,map,0.723487,0.205439,-2.47383,68.1118,103.65,6.29388,,,
57.384,ekf,map,0.769769,0.286024,-2.39739,0.0363884,0.0554134,0.00520775,0.096167,,
57.384,kf,map,0.759573,0.246044,-2.36221,0.0391471,0.119894,0.0203602,0.118917,,
57.384,pf,map,0.750442,0.250138,-2.38703,0.0329307,0.0392117,0.00224339,6.29458,229.476,0
57.456,odom,map,0.749676,0.230767,-2.40915,0,0,0,,,
57.492,odom,map,0.744442,0.226054,-2.40799,0,0,0,,,
57.528,odom,map,0.739239,0.221356,-2.40617,0,0,0,,,
57.564,odom,map,0.734147,0.216739,-2.40378,0,0,0,,,
57.6,odom,map,0.729108,0.212145,-2.40117,0,0,0,,,
57.6,ekf,map,0.740195,0.262771,-2.3874,0.0364333,0.0578911,0.0050194,0.105959,,
57.6,ekf_predict_only,map,0.691535,0.180241,-2.45521,68.9049,102.494,6.45245,,,
57.6,kf,map,0.730856,0.220512,-2.35189,0.0381129,0.121335,0.0180665,0.119709,,
57.6,pf,map,0.736558,0.256442,-2.3653,0.0322236,0.0423311,0.00221269,7.03142,259.201,0
57.636,odom,map,0.722192,0.205977,-2.40049,0,0,0,,,
57.672,odom,map,0.715228,0.199794,-2.39926,0,0,0,,,
57.708,odom,map,0.708251,0.193614,-2.39721,0,0,0,,,
57.744,odom,map,0.701256,0.187429,-2.39491,0,0,0,,,
57.78,odom,map,0.694349,0.181336,-2.39217,0,0,0,,,
57.816,ekf,map,0.717453,0.225518,-2.36644,0.0362536,0.0596099,0.00475025,0.101,,
57.816,odom,map,0.688446,0.176039,-2.38767,0,0,0,,,
57.816,ekf_predict_only,map,0.662656,0.156581,-2.41694,69.6897,101.511,6.58011,,,
57.816,kf,map,0.711358,0.194888,-2.34,0.0372201,0.122281,0.0158545,0.092583,,
57.816,pf,map,0.70898,0.24069,-2.37764,0.0353783,0.0364067,0.00303805,11.0203,253.335,0
57.852,odom,map,0.684034,0.171868,-2.38078,0,0,0,,,
57.888,odom,map,0.679696,0.167709,-2.37362,0,0,0,,,
57.924,odom,map,0.675493,0.16362,-2.36593,0,0,0,,,
57.96,odom,map,0.671473,0.159645,-2.35737,0,0,0,,,
57.996,odom,map,0.667588,0.155733,-2.348,0,0,0,,,
57.996,ekf,map,0.670927,0.204489,-2.33159,0.0357658,0.059444,0.00419597,0.203875,,
57.996,kf,map,0.667373,0.180457,-2.31168,0.0365715,0.122483,0.0141423,0.307167,,
58.032,odom,map,0.663749,0.151793,-2.33844,0,0,0,,,
57.996,ekf_predict_only,map,0.642065,0.138351,-2.36913,70.3588,100.893,6.67758,,,
57.996,pf,map,0.625864,0.198897,-2.33627,0.0363813,0.0361322,0.00816696,7.781,271.371,0
58.068,odom,map,0.660068,0.14794,-2.32813,0,0,0,,,
58.104,odom,map,0.656475,0.144099,-2.3173,0,0,0,,,
58.14,odom,map,0.652947,0.140242,-2.30617,0,0,0,,,
58.176,odom,map,0.649458,0.136342,-2.29478,0,0,0,,,
58.212,odom,map,0.646021,0.132406,-2.28265,0,0,0,,,
58.212,ekf_predict_only,map,0.619628,0.116488,-2.29551,71.1428,100.224,6.80111,,,
58.212,ekf,map,0.603515,0.176488,-2.2742,0.120141,0.123594,0.000346472,0.195875,,
58.212,kf,map,0.605773,0.164222,-2.26295,0.110219,0.124722,0.00238752,0.065709,,
58.212,pf,map,0.603164,0.142846,-2.29295,0.110215,0.115354,-0.000866426,4.55842,580.591,0
58.248,odom,map,0.642661,0.128462,-2.26985,0,0,0,,,
58.284,odom,map,0.639356,0.124478,-2.25693,0,0,0,,,
58.32,odom,map,0.636069,0.12041,-2.2437,0,0,0,,,
58.356,odom,map,0.632902,0.116379,-2.22969,0,0,0,,,
58.392,odom,map,0.629811,0.112328,-2.21548,0,0,0,,,
58.392,ekf_predict_only,map,0.602668,0.0973332,-2.22159,71.8737,99.7838,6.92761,,,
58.392,ekf,map,0.566543,0.152357,-2.21197,0.133134,0.133619,-1.71275e-05,0.05925,,
58.428,odom,map,0.626769,0.108221,-2.20088,0,0,0,,,
58.392,kf,map,0.569134,0.147722,-2.20656,0.122584,0.124698,0.000347951,0.132,,
58.392,pf,map,0.580351,0.126873,-2.24991,0.120758,0.106825,-0.000789894,8.32183,508.429,0
58.464,odom,map,0.623782,0.10406,-2.18574,0,0,0,,,
58.5,odom,map,0.620783,0.0997424,-2.17032,0,0,0,,,
58.536,odom,map,0.61782,0.0953342,-2.15486,0,0,0,,,
58.572,odom,map,0.614851,0.0907653,-2.13905,0,0,0,,,
58.608,odom,map,0.611905,0.0860681,-2.12286,0,0,0,,,
58.608,ekf,map,0.540908,0.124237,-2.12186,0.137182,0.137224,-2.71049e-05,0.060375,,
58.608,kf,map,0.54248,0.122555,-2.11916,0.1248,0.125098,4.89972e-05,0.056917,,
58.608,ekf_predict_only,map,0.582504,0.0708528,-2.12425,72.8373,99.241,7.1246,,,
58.602,amcl,map,0.621831,0.082613,-2.12401,0.0246643,0.0219714,0.00853839,,,
58.608,pf,map,0.539973,0.100313,-2.15688,0.133046,0.119133,-0.0026196,6.29979,487.898,0
58.644,odom,map,0.609034,0.0813216,-2.10663,0,0,0,,,
58.68,odom,map,0.606208,0.076472,-2.09046,0,0,0,,,
58.716,odom,map,0.603344,0.0713702,-2.07419,0,0,0,,,
58.752,odom,map,0.60046,0.0660289,-2.05777,0,0,0,,,
58.788,odom,map,0.59764,0.0605947,-2.0413,0,0,0,,,
58.824,odom,map,0.594833,0.0549616,-2.02486,0,0,0,,,
58.788,ekf_predict_only,map,0.565764,0.0437591,-2.04203,73.8544,98.8396,7.35885,,,
58.788,ekf,map,0.524065,0.0977762,-2.04233,0.135291,0.13527,-1.47097e-05,0.111041,,
58.788,kf,map,0.524708,0.0970659,-2.0411,0.12471,0.124752,6.93971e-06,0.059708,,
58.788,pf,map,0.539426,0.0856666,-2.06365,0.126924,0.128622,-0.00161293,8.27467,465.086,0
58.86,odom,map,0.591994,0.0490206,-2.00872,0,0,0,,,
58.896,odom,map,0.589178,0.0428797,-1.9928,0,0,0,,,
58.932,odom,map,0.586358,0.0364611,-1.97705,0,0,0,,,
58.968,odom,map,0.583408,0.0294544,-1.96176,0,0,0,,,
59.004,odom,map,0.580521,0.0223009,-1.94727,0,0,0,,,
59.004,ekf_predict_only,map,0.544739,0.0024943,-1.95972,75.3687,98.304,7.74594,,,
59.004,kf,map,0.505644,0.0583144,-1.95302,0.125099,0.125105,9.73234e-07,0.060291,,
59.004,ekf,map,0.505662,0.058766,-1.95284,0.137411,0.137369,-1.88122e-05,0.070125,,
59.004,pf,map,0.49922,0.047104,-1.95271,0.113671,0.116712,-0.000254689,5.85271,462.712,0
59.04,odom,map,0.577733,0.0151035,-1.93355,0,0,0,,,
59.076,odom,map,0.574983,0.00770969,-1.92053,0,0,0,,,
59.112,odom,map,0.572249,6.95652e-05,-1.90868,0,0,0,,,
59.148,odom,map,0.569531,-0.00779951,-1.89823,0,0,0,,,
59.184,odom,map,0.56688,-0.0157369,-1.88819,0,0,0,,,
59.184,ekf,map,0.492183,0.0212203,-1.89555,0.13535,0.135304,-2.13967e-05,0.104542,,
59.184,kf,map,0.491945,0.0209925,-1.89645,0.124753,0.124753,1.37764e-07,0.0635,,
59.22,odom,map,0.564312,-0.0236857,-1.87849,0,0,0,,,
59.184,ekf_predict_only,map,0.528923,-0.036102,-1.91301,76.8747,97.965,8.1359,,,
59.202,amcl,map,0.569373,-0.0261325,-1.90521,0.0242234,0.0194453,0.00953868,,,
59.184,pf,map,0.501273,-0.00544829,-1.91553,0.128111,0.12416,0.00193097,11.5703,488.567,0
59.256,odom,map,0.561795,-0.0317315,-1.86968,0,0,0,,,
59.292,odom,map,0.559313,-0.0399069,-1.86168,0,0,0,,,
59.328,odom,map,0.556873,-0.0481694,-1.85414,0,0,0,,,
59.364,odom,map,0.554478,-0.0565112,-1.84689,0,0,0,,,
59.4,odom,map,0.552121,-0.0649381,-1.84033,0,0,0,,,
59.4,ekf,map,0.477409,-0.0277729,-1.84745,0.137483,0.137413,-3.24825e-05,0.060583,,
59.4,ekf_predict_only,map,0.511279,-0.0856321,-1.87551,78.8598,97.5786,8.64111,,,
59.4,kf,map,0.477045,-0.0278971,-1.84874,0.125105,0.125105,1.93186e-08,0.062417,,
59.4,pf,map,0.501823,-0.0780646,-1.83138,0.135825,0.128935,-0.00294912,6.46617,449.209,0
59.436,odom,map,0.5515,-0.0741469,-1.83381,0,0,0,,,
59.472,odom,map,0.550968,-0.0834506,-1.82772,0,0,0,,,
59.508,odom,map,0.550496,-0.0927417,-1.82204,0,0,0,,,
59.544,odom,map,0.55007,-0.102049,-1.81701,0,0,0,,,
59.58,odom,map,0.549684,-0.111381,-1.81222,0,0,0,,,
59.616,odom,map,0.548672,-0.120381,-1.80774,0,0,0,,,
59.616,ekf_predict_only,map,0.495509,-0.135774,-1.85015,80.9921,97.2676,9.14956,,,
59.616,ekf,map,0.464373,-0.0784024,-1.81485,0.138,0.137912,-3.72338e-05,0.059333,,
59.616,kf,map,0.464035,-0.0784184,-1.816,0.125155,0.125155,2.70548e-09,0.063583,,
59.616,pf,map,0.493695,-0.106172,-1.80062,0.11904,0.114848,-0.0033212,4.58387,491.725,0
59.652,odom,map,0.546638,-0.128878,-1.80396,0,0,0,,,
59.688,odom,map,0.544655,-0.137291,-1.80055,0,0,0,,,
59.724,odom,map,0.542704,-0.145694,-1.79723,0,0,0,,,
59.76,odom,map,0.54079,-0.154064,-1.7942,0,0,0,,,
59.796,odom,map,0.538912,-0.162382,-1.79162,0,0,0,,,
59.832,odom,map,0.537066,-0.170648,-1.7893,0,0,0,,,
59.796,ekf_predict_only,map,0.483864,-0.176369,-1.839,82.8493,97.0984,9.55553,,,
59.796,ekf,map,0.454745,-0.12006,-1.79813,0.135427,0.135343,-3.192e-05,0.059417,,
59.796,kf,map,0.454515,-0.119999,-1.799,0.12476,0.12476,3.82893e-10,0.121375,,
59.796,pf,map,0.447948,-0.170035,-1.81419,0.13142,0.131198,0.0112876,5.31667,475.373,0
59.868,odom,map,0.535245,-0.178896,-1.78707,0,0,0,,,
59.904,odom,map,0.533447,-0.187119,-1.78505,0,0,0,,,
59.94,odom,map,0.531685,-0.195252,-1.78327,0,0,0,,,
59.976,odom,map,0.529951,-0.203324,-1.78161,0,0,0,,,
60.012,ekf_predict_only,map,0.471174,-0.222545,-1.83069,85.0355,96.9037,10.0006,,,
60.012,ekf,map,0.444101,-0.168416,-1.7858,0.137422,0.137315,-3.6594e-05,0.064333,,
60.012,kf,map,0.443957,-0.168232,-1.78649,0.125106,0.125106,5.36915e-11,0.060625,,
60.012,odom,map,0.52774,-0.211286,-1.78141,0,0,0,,,
60.012,pf,map,0.444258,-0.175948,-1.80285,0.1274,0.117717,-0.00624767,7.40492,462.158,0
60.048,odom,map,0.52432,-0.219168,-1.78456,0,0,0,,,
60.084,odom,map,0.52091,-0.226534,-1.78849,0,0,0,,,
60.12,odom,map,0.51768,-0.232637,-1.79269,0,0,0,,,
60.156,odom,map,0.514648,-0.237471,-1.79688,0,0,0,,,
60.192,odom,map,0.511828,-0.241038,-1.80194,0,0,0,,,
60.228,odom,map,0.510517,-0.244191,-1.8054,0,0,0,,,
60.192,ekf,map,0.438581,-0.1948,-1.78887,0.135333,0.135248,-2.73261e-05,0.059667,,
60.192,kf,map,0.438575,-0.194166,-1.78999,0.124754,0.124754,7.60007e-12,0.060333,,
60.192,ekf_predict_only,map,0.466107,-0.2416,-1.84489,86.0866,96.9485,10.1794,,,
60.192,pf,map,0.400232,-0.223176,-1.77497,0.121449,0.129067,0.00527346,11.1285,487.943,0
60.264,odom,map,0.509596,-0.24802,-1.80824,0,0,0,,,
60.3,odom,map,0.508564,-0.252248,-1.81199,0,0,0,,,
60.336,odom,map,0.507429,-0.256815,-1.81709,0,0,0,,,
60.372,odom,map,0.506171,-0.26175,-1.82381,0,0,0,,,
60.408,odom,map,0.50484,-0.266823,-1.831,0,0,0,,,
60.408,ekf_predict_only,map,0.45759,-0.271891,-1.88803,87.6778,96.8904,10.4427,,,
60.408,ekf,map,0.431972,-0.224528,-1.81787,0.137443,0.137356,-2.62458e-05,0.066125,,
60.408,kf,map,0.431877,-0.224363,-1.81955,0.125106,0.125106,1.06576e-12,0.055917,,
60.408,pf,map,0.424291,-0.242938,-1.81228,0.122928,0.134154,-0.00299593,8.72429,487.697,0
60.444,odom,map,0.503355,-0.272314,-1.83905,0,0,0,,,
60.48,odom,map,0.501688,-0.278271,-1.84828,0,0,0,,,
60.516,odom,map,0.499839,-0.284639,-1.8585,0,0,0,,,
60.552,odom,map,0.497819,-0.291336,-1.8691,0,0,0,,,
60.588,odom,map,0.495627,-0.298326,-1.88025,0,0,0,,,
60.588,ekf_predict_only,map,0.445254,-0.309465,-1.94903,89.6686,96.7232,10.7079,,,
60.588,ekf,map,0.423096,-0.25806,-1.86657,0.135372,0.1353,-2.06443e-05,0.057583,,
60.588,kf,map,0.422906,-0.258351,-1.86815,0.124753,0.124753,1.50859e-13,0.064209,,
60.624,odom,map,0.493224,-0.30569,-1.89213,0,0,0,,,
60.6,amcl,map,0.488067,-0.297932,-1.88092,0.0296936,0.0233637,0.0066711,,,
60.588,pf,map,0.405251,-0.290571,-1.85849,0.12658,0.129259,0.00271323,10.8094,460.401,0
60.66,odom,map,0.49063,-0.313325,-1.90458,0,0,0,,,
60.696,odom,map,0.487889,-0.321069,-1.91725,0,0,0,,,
60.732,odom,map,0.484987,-0.328948,-1.93043,0,0,0,,,
60.768,odom,map,0.481912,-0.336959,-1.94399,0,0,0,,,
60.804,odom,map,0.478678,-0.345054,-1.95796,0,0,0,,,
60.804,ekf_predict_only,map,0.425857,-0.358279,-2.03388,92.3034,96.3616,10.9308,,,
60.804,kf,map,0.407404,-0.30495,-1.94386,0.125105,0.125105,2.11549e-14,0.06725,,
60.804,ekf,map,0.407547,-0.304531,-1.94247,0.137501,0.13741,-2.63942e-05,0.561959,,
60.804,pf,map,0.398993,-0.361719,-1.95109,0.106915,0.121491,-0.00272725,6.34771,473.049,0
60.84,odom,map,0.475315,-0.353137,-1.9721,0,0,0,,,
60.876,odom,map,0.471786,-0.36129,-1.98652,0,0,0,,,
60.912,odom,map,0.468095,-0.369487,-2.0013,0,0,0,,,
60.948,odom,map,0.464291,-0.37761,-2.01638,0,0,0,,,
60.984,odom,map,0.460374,-0.385654,-2.03156,0,0,0,,,
60.984,ekf_predict_only,map,0.406045,-0.397957,-2.11093,94.573,96.0081,10.9685,,,
60.984,ekf,map,0.390388,-0.344431,-2.01443,0.135421,0.135337,-2.672e-05,0.060583,,
61.02,odom,map,0.456364,-0.393579,-2.04693,0,0,0,,,
60.984,kf,map,0.390361,-0.344679,-2.01535,0.124753,0.124753,2.9945e-15,1.48504,,
60.984,pf,map,0.390905,-0.381413,-2.02642,0.123198,0.125083,0.00319808,7.82333,474.851,0
61.056,odom,map,0.452254,-0.4014,-2.06229,0,0,0,,,
61.092,odom,map,0.44808,-0.409056,-2.07761,0,0,0,,,
61.128,odom,map,0.443794,-0.41664,-2.09292,0,0,0,,,
61.164,odom,map,0.439378,-0.424178,-2.10835,0,0,0,,,
61.2,odom,map,0.43489,-0.431577,-2.12381,0,0,0,,,
61.2,ekf_predict_only,map,0.379406,-0.442385,-2.20369,97.187,95.4958,10.8387,,,
61.2,kf,map,0.451451,-0.367435,-2.07432,0.0418999,0.118928,-0.0226708,0.102583,,
61.2,ekf,map,0.44756,-0.344252,-2.08758,0.0395009,0.0742041,-0.0103124,0.09725,,
61.2,amcl,map,0.411263,-0.416838,-2.13187,0.0350297,0.0265731,0.0091148,,,
61.2,pf,map,0.426906,-0.338676,-2.11617,0.0368182,0.079475,-0.00640084,11.9448,233.23,0
61.236,odom,map,0.430301,-0.438885,-2.13935,0,0,0,,,
61.272,odom,map,0.425599,-0.446119,-2.15492,0,0,0,,,
61.308,odom,map,0.420804,-0.453251,-2.17045,0,0,0,,,
61.344,odom,map,0.415973,-0.460202,-2.18596,0,0,0,,,
61.38,odom,map,0.411068,-0.46703,-2.20143,0,0,0,,,
61.416,odom,map,0.405632,-0.473588,-2.21663,0,0,0,,,
61.416,ekf_predict_only,map,0.349626,-0.482981,-2.29634,99.6823,94.9431,10.5098,,,
61.416,ekf,map,0.41712,-0.391108,-2.18315,0.0386339,0.0740698,-0.0112896,0.195958,,
61.416,kf,map,0.422354,-0.409609,-2.17095,0.0417053,0.117829,-0.02471,0.103834,,
61.416,pf,map,0.406618,-0.390028,-2.19148,0.0379168,0.0677455,-0.00189578,7.85517,297.728,0
61.452,odom,map,0.39949,-0.479683,-2.23154,0,0,0,,,
61.488,odom,map,0.393346,-0.48559,-2.24625,0,0,0,,,
61.524,odom,map,0.387206,-0.491311,-2.26078,0,0,0,,,
61.56,odom,map,0.381029,-0.496902,-2.27527,0,0,0,,,
61.596,odom,map,0.374824,-0.502358,-2.28957,0,0,0,,,
61.632,odom,map,0.369703,-0.507938,-2.30403,0,0,0,,,
61.596,kf,map,0.401497,-0.437974,-2.25914,0.0423432,0.116716,-0.02574,0.176166,,
61.596,ekf_predict_only,map,0.324854,-0.510912,-2.36869,101.512,94.5523,10.1204,,,
61.596,ekf,map,0.398897,-0.42942,-2.26537,0.0387093,0.0737192,-0.0118951,0.103292,,
61.596,pf,map,0.385112,-0.404421,-2.28088,0.0360099,0.0620253,-0.0108104,8.07938,278.561,0
61.668,odom,map,0.364764,-0.513344,-2.3183,0,0,0,,,
61.704,odom,map,0.359789,-0.518636,-2.33251,0,0,0,,,
61.74,odom,map,0.354798,-0.523795,-2.34663,0,0,0,,,
61.776,odom,map,0.349976,-0.528643,-2.36049,0,0,0,,,
61.812,odom,map,0.345144,-0.533368,-2.3743,0,0,0,,,
61.812,ekf,map,0.380265,-0.455044,-2.34942,0.0396027,0.0758044,-0.0131834,0.102875,,
61.812,kf,map,0.383125,-0.464601,-2.34335,0.0431331,0.116329,-0.0268177,0.09675,,
61.812,ekf_predict_only,map,0.295824,-0.539225,-2.45159,103.405,94.1008,9.57013,,,
61.8,amcl,map,0.331028,-0.512321,-2.37933,0.0401981,0.0211483,0.00709806,,,
61.812,pf,map,0.369495,-0.463384,-2.35361,0.0390103,0.0631293,-0.00701048,5.90996,310.347,0
61.848,odom,map,0.340362,-0.537917,-2.38799,0,0,0,,,
61.884,odom,map,0.3357,-0.542234,-2.40127,0,0,0,,,
61.92,odom,map,0.331199,-0.546294,-2.41413,0,0,0,,,
61.956,odom,map,0.326749,-0.550206,-2.42686,0,0,0,,,
61.992,odom,map,0.322396,-0.553936,-2.43919,0,0,0,,,
62.028,odom,map,0.315907,-0.555568,-2.45208,0,0,0,,,
61.992,kf,map,0.361914,-0.479973,-2.42782,0.0433526,0.115703,-0.0271413,0.098167,,
61.992,ekf_predict_only,map,0.291283,-0.542973,-2.48384,103.832,94.2028,9.47284,,,
61.992,ekf,map,0.365643,-0.492631,-2.42191,0.0393753,0.075006,-0.0131401,0.176209,,
61.992,pf,map,0.379668,-0.507286,-2.41233,0.0389332,0.0682615,-0.0113664,9.99921,284.803,0
62.064,odom,map,0.309408,-0.555669,-2.46301,0,0,0,,,
62.1,odom,map,0.303882,-0.554925,-2.47134,0,0,0,,,
62.136,odom,map,0.298961,-0.553665,-2.47791,0,0,0,,,
62.172,odom,map,0.293384,-0.552883,-2.48555,0,0,0,,,
62.208,odom,map,0.287682,-0.553283,-2.49359,0,0,0,,,
62.208,ekf_predict_only,map,0.272189,-0.557723,-2.52243,104.934,94.003,9.04366,,,
62.208,ekf,map,0.346756,-0.495956,-2.46165,0.0402206,0.0769005,-0.0142841,0.097125,,
62.208,kf,map,0.346502,-0.495256,-2.46242,0.0437813,0.115682,-0.0276814,0.099708,,
62.208,pf,map,0.349737,-0.515341,-2.45286,0.0318012,0.0519787,-0.00676029,6.31375,304.397,0
62.244,odom,map,0.284468,-0.5557,-2.50002,0,0,0,,,
62.28,odom,map,0.281027,-0.558252,-2.50685,0,0,0,,,
62.316,odom,map,0.27721,-0.561041,-2.51432,0,0,0,,,
62.352,odom,map,0.273221,-0.56391,-2.52202,0,0,0,,,
62.388,odom,map,0.26947,-0.566563,-2.53033,0,0,0,,,
62.388,ekf_predict_only,map,0.25755,-0.568155,-2.57133,105.778,93.9096,8.69591,,,
62.388,ekf,map,0.315853,-0.510359,-2.50309,0.0400131,0.0763486,-0.0143081,0.119458,,
62.424,odom,map,0.266379,-0.568709,-2.53991,0,0,0,,,
62.388,kf,map,0.316983,-0.512514,-2.50201,0.0439399,0.115116,-0.027907,0.180375,,
62.388,pf,map,0.302362,-0.499611,-2.51691,0.029616,0.0678279,-0.0124631,14.3272,300.939,0
62.46,odom,map,0.263591,-0.570603,-2.5501,0,0,0,,,
62.496,odom,map,0.260881,-0.572403,-2.56049,0,0,0,,,
62.532,odom,map,0.258292,-0.574083,-2.57161,0,0,0,,,
62.568,odom,map,0.255851,-0.575628,-2.58366,0,0,0,,,
62.604,odom,map,0.253403,-0.577087,-2.59672,0,0,0,,,
62.604,ekf_predict_only,map,0.242831,-0.577596,-2.65082,106.567,93.826,8.32816,,,
62.601,amcl,map,0.248078,-0.56934,-2.61072,0.0357193,0.016454,0.00425441,,,
62.604,ekf,map,0.310853,-0.516068,-2.57073,0.0405714,0.0783092,-0.0150319,0.136166,,
62.604,kf,map,0.311922,-0.519803,-2.5689,0.044218,0.115246,-0.0282396,1.33517,,
62.604,pf,map,0.310189,-0.537552,-2.57154,0.0503807,0.0726918,-0.0213257,8.6845,300.07,0
62.64,odom,map,0.251417,-0.577433,-2.60965,0,0,0,,,
62.676,odom,map,0.249419,-0.577742,-2.623,0,0,0,,,
62.712,odom,map,0.247193,-0.578134,-2.63715,0,0,0,,,
62.748,odom,map,0.244875,-0.578526,-2.65148,0,0,0,,,
62.784,odom,map,0.242394,-0.578951,-2.66624,0,0,0,,,
62.82,odom,map,0.239368,-0.580086,-2.68182,0,0,0,,,
62.784,ekf_predict_only,map,0.22646,-0.586344,-2.73012,107.316,93.7242,7.89467,,,
62.784,ekf,map,0.292238,-0.530213,-2.64435,0.0403054,0.0775486,-0.0149351,0.469834,,
62.784,kf,map,0.292329,-0.530295,-2.64428,0.0442544,0.114802,-0.0283036,0.10025,,
62.784,pf,map,0.286986,-0.539376,-2.63826,0.0359371,0.0527083,-0.0104398,13.9468,295.668,0
62.856,odom,map,0.235785,-0.581824,-2.69798,0,0,0,,,
62.892,odom,map,0.232028,-0.583572,-2.71426,0,0,0,,,
62.928,odom,map,0.22799,-0.585371,-2.73062,0,0,0,,,
62.964,odom,map,0.223601,-0.58724,-2.74706,0,0,0,,,
63,odom,map,0.218769,-0.589204,-2.7636,0,0,0,,,
63,ekf_predict_only,map,0.196579,-0.599383,-2.82951,108.343,93.4103,7.05969,,,
63,ekf,map,0.264156,-0.542897,-2.73914,0.0408998,0.0797704,-0.0157546,0.112125,,
63,kf,map,0.264375,-0.543613,-2.73884,0.0444587,0.115006,-0.0285397,0.098083,,
63,pf,map,0.287752,-0.526566,-2.74435,0.0362374,0.0579206,-0.00107133,6.07604,300.84,0
63.036,odom,map,0.213702,-0.591167,-2.78017,0,0,0,,,
63.072,odom,map,0.20837,-0.593132,-2.79685,0,0,0,,,
63.108,odom,map,0.202639,-0.595135,-2.81341,0,0,0,,,
63.144,odom,map,0.196424,-0.597195,-2.82968,0,0,0,,,
63.18,odom,map,0.190126,-0.599169,-2.84593,0,0,0,,,
63.216,ekf,map,0.174266,-0.575673,-2.83605,0.121295,0.127821,-0.00268273,0.063917,,
63.216,odom,map,0.183626,-0.601091,-2.86206,0,0,0,,,
63.216,ekf_predict_only,map,0.157163,-0.6121,-2.92598,109.358,93.0058,5.89421,,,
63.201,amcl,map,0.195927,-0.600677,-2.85924,0.0332592,0.0141024,0.0037417,,,
63.216,kf,map,0.178847,-0.574466,-2.83575,0.111551,0.123451,-0.0048143,0.114875,,
63.216,pf,map,0.177239,-0.59681,-2.83952,0.107717,0.101681,0.00333735,10.5444,562.031,0
63.252,odom,map,0.176782,-0.602997,-2.87774,0,0,0,,,
63.288,odom,map,0.16988,-0.604804,-2.89336,0,0,0,,,
63.324,odom,map,0.162736,-0.606555,-2.90886,0,0,0,,,
63.36,odom,map,0.155296,-0.608258,-2.92409,0,0,0,,,
63.396,odom,map,0.147423,-0.609936,-2.93897,0,0,0,,,
63.432,odom,map,0.138008,-0.610994,-2.95646,0,0,0,,,
63.396,ekf_predict_only,map,0.117232,-0.620846,-3.00009,110.123,92.6789,4.66087,,,
63.396,ekf,map,0.114518,-0.593709,-2.91211,0.133263,0.134204,-0.000390723,0.058375,,
63.396,kf,map,0.117954,-0.592811,-2.91181,0.122778,0.124512,-0.000701543,0.109417,,
63.396,pf,map,0.14972,-0.636918,-2.90774,0.122852,0.108369,0.00512599,8.12504,510.648,0
63.468,odom,map,0.128252,-0.611842,-2.97401,0,0,0,,,
63.504,odom,map,0.118283,-0.612547,-2.99135,0,0,0,,,
63.54,odom,map,0.107922,-0.613132,-3.00811,0,0,0,,,
63.576,odom,map,0.0974219,-0.613557,-3.02453,0,0,0,,,
63.612,odom,map,0.0871582,-0.614058,-3.03978,0,0,0,,,
63.612,ekf_predict_only,map,0.0623738,-0.628661,-3.07865,110.832,92.2958,2.91643,,,
63.612,ekf,map,0.0554959,-0.606173,-2.99506,0.137106,0.137272,-6.40628e-05,0.060833,,
63.612,kf,map,0.0572532,-0.605892,-2.99455,0.124827,0.125072,-9.87872e-05,0.220167,,
63.612,pf,map,0.0507616,-0.64424,-3.02173,0.140284,0.126533,0.00237199,6.64521,478.573,0
63.648,odom,map,0.0777736,-0.614955,-3.05244,0,0,0,,,
63.684,odom,map,0.0682127,-0.61575,-3.06465,0,0,0,,,
63.72,odom,map,0.0585589,-0.616437,-3.07657,0,0,0,,,
63.756,odom,map,0.0487196,-0.617021,-3.08802,0,0,0,,,
63.792,odom,map,0.0387107,-0.617502,-3.09885,0,0,0,,,
63.792,ekf_predict_only,map,0.0105621,-0.631926,-3.12932,111.246,92.0953,1.23448,,,
63.828,odom,map,0.028445,-0.617887,-3.10913,0,0,0,,,
63.792,kf,map,0.00529747,-0.612368,-3.05202,0.124714,0.124749,-1.39917e-05,0.058083,,
63.801,amcl,map,0.0689641,-0.620958,-3.08573,0.0360437,0.0126435,-0.000754276,,,
63.792,ekf,map,0.00466422,-0.612288,-3.05277,0.135206,0.135283,-2.04498e-05,0.055292,,
63.792,pf,map,0.00603103,-0.641845,-3.07475,0.135499,0.125486,0.00665602,5.31992,476.215,0
63.864,odom,map,0.0180661,-0.618172,-3.11927,0,0,0,,,
63.9,odom,map,0.00762322,-0.618353,-3.12894,0,0,0,,,
63.936,odom,map,-0.00280528,-0.618437,-3.13804,0,0,0,,,
63.972,odom,map,-0.0133636,-0.618429,3.13667,0,0,0,,,
64.008,odom,map,-0.023313,-0.618554,3.12913,0,0,0,,,
64.008,ekf_predict_only,map,-0.0553281,-0.632735,3.11956,111.499,91.9975,-0.922377,,,
64.008,ekf,map,-0.0587799,-0.615923,-3.1041,0.137312,0.137429,-2.07271e-05,0.12825,,
64.008,kf,map,-0.0587156,-0.616344,-3.10229,0.1251,0.125105,-1.96221e-06,0.066542,,
64.008,pf,map,-0.0609697,-0.633079,-3.12962,0.140921,0.123134,0.00532787,7.35171,495.129,0
64.044,odom,map,-0.0308568,-0.619394,3.12439,0,0,0,,,
64.08,odom,map,-0.0384643,-0.620219,3.12197,0,0,0,,,
64.116,odom,map,-0.0460795,-0.62105,3.1207,0,0,0,,,
64.152,odom,map,-0.0539542,-0.62189,3.12027,0,0,0,,,
64.188,odom,map,-0.0620759,-0.622751,3.121,0,0,0,,,
64.188,ekf_predict_only,map,-0.112732,-0.63147,3.12475,111.616,92.1317,-2.80339,,,
64.188,ekf,map,-0.11421,-0.616531,-3.12098,0.135265,0.135396,-1.72871e-05,0.109791,,
64.188,kf,map,-0.114322,-0.617068,-3.11858,0.124753,0.124753,-2.77757e-07,0.060125,,
64.224,odom,map,-0.0723798,-0.622926,3.12211,0,0,0,,,
64.188,pf,map,-0.100549,-0.660631,3.13007,0.142123,0.127488,0.00454252,10.5845,461.003,0
64.26,odom,map,-0.0838613,-0.622709,3.12315,0,0,0,,,
64.296,odom,map,-0.0954185,-0.622504,3.12487,0,0,0,,,
64.332,odom,map,-0.106993,-0.622325,3.12781,0,0,0,,,
64.368,odom,map,-0.118549,-0.622191,3.13239,0,0,0,,,
64.404,odom,map,-0.130104,-0.622113,3.13735,0,0,0,,,
64.404,ekf_predict_only,map,-0.182205,-0.630299,-3.1225,111.739,92.4942,-5.07533,,,
64.404,kf,map,-0.182971,-0.617729,-3.10352,0.125105,0.125105,-3.89498e-08,0.054334,,
64.404,ekf,map,-0.182865,-0.617162,-3.10632,0.137376,0.137568,-1.78374e-05,0.118333,,
64.404,pf,map,-0.165295,-0.633791,-3.12992,0.118595,0.119607,-0.00346888,6.517,493.826,0
64.44,odom,map,-0.141682,-0.622097,-3.14009,0,0,0,,,
64.476,odom,map,-0.153183,-0.622149,-3.13364,0,0,0,,,
64.512,odom,map,-0.164622,-0.622281,-3.1265,0,0,0,,,
64.548,odom,map,-0.176014,-0.622495,-3.11894,0,0,0,,,
64.584,odom,map,-0.187262,-0.622797,-3.11021,0,0,0,,,
64.62,odom,map,-0.197073,-0.623134,-3.10042,0,0,0,,,
64.584,ekf_predict_only,map,-0.238322,-0.631371,-3.07372,112.009,93.0198,-6.91464,,,
64.584,kf,map,-0.239393,-0.619672,-3.07074,0.124753,0.124753,-5.51339e-09,0.395125,,
64.584,ekf,map,-0.239394,-0.619258,-3.073,0.135312,0.135495,-1.32242e-05,0.098708,,
64.584,pf,map,-0.214219,-0.628875,-3.09392,0.122176,0.11316,-0.000455726,4.62279,484.848,0
64.656,odom,map,-0.205753,-0.623534,-3.09016,0,0,0,,,
64.692,odom,map,-0.214391,-0.624053,-3.0794,0,0,0,,,
64.728,odom,map,-0.222851,-0.624692,-3.06778,0,0,0,,,
64.764,odom,map,-0.231101,-0.625453,-3.05525,0,0,0,,,
64.8,odom,map,-0.239317,-0.626354,-3.04247,0,0,0,,,
64.8,ekf_predict_only,map,-0.30202,-0.6357,-2.99531,112.493,93.8006,-9.02339,,,
64.8,ekf,map,-0.304807,-0.624838,-3.0089,0.137417,0.137646,-1.4347e-05,0.058583,,
64.8,kf,map,-0.304642,-0.62508,-3.00678,0.125105,0.125105,-7.73141e-10,0.12325,,
64.8,amcl,map,-0.211809,-0.637487,-3.01569,0.0457665,0.0229831,-0.00948897,,,
64.8,pf,map,-0.283433,-0.620552,-3.03586,0.121274,0.115105,0.000596857,4.80363,476.001,0
64.836,odom,map,-0.249858,-0.627475,-3.02961,0,0,0,,,
64.872,odom,map,-0.260398,-0.628732,-3.01607,0,0,0,,,
64.908,odom,map,-0.27091,-0.630132,-3.00226,0,0,0,,,
64.944,odom,map,-0.281263,-0.631659,-2.988,0,0,0,,,
64.98,odom,map,-0.291424,-0.633307,-2.97332,0,0,0,,,
65.016,ekf_predict_only,map,-0.362252,-0.644575,-2.9027,113.279,94.757,-11.0655,,,
65.016,odom,map,-0.301425,-0.635084,-2.95803,0,0,0,,,
65.016,ekf,map,-0.366781,-0.634951,-2.92643,0.137911,0.138144,-1.61151e-05,0.173,,
65.016,kf,map,-0.366552,-0.634989,-2.92471,0.125155,0.125155,-1.08274e-10,0.059167,,
65.016,pf,map,-0.352317,-0.672272,-2.95606,0.121323,0.123437,-0.00579045,4.69092,484.243,0
65.052,odom,map,-0.311387,-0.637013,-2.9426,0,0,0,,,
65.088,odom,map,-0.321183,-0.639068,-2.92694,0,0,0,,,
65.124,odom,map,-0.330755,-0.641235,-2.91076,0,0,0,,,
65.16,odom,map,-0.340229,-0.643544,-2.89429,0,0,0,,,
65.196,odom,map,-0.349425,-0.645947,-2.87751,0,0,0,,,
65.196,ekf_predict_only,map,-0.406655,-0.655389,-2.81606,114.198,95.6441,-12.6257,,,
65.196,ekf,map,-0.328347,-0.627052,-2.85273,0.0416985,0.0973575,-0.0177649,0.089375,,
65.196,kf,map,-0.331513,-0.622903,-2.85432,0.0427026,0.117753,-0.0239802,0.125791,,
65.232,odom,map,-0.358314,-0.648432,-2.86031,0,0,0,,,
65.196,pf,map,-0.400057,-0.653282,-2.85704,0.129974,0.128828,-0.0101411,6.1855,487.716,0
65.268,odom,map,-0.366854,-0.65098,-2.8427,0,0,0,,,
65.304,odom,map,-0.37491,-0.653541,-2.82475,0,0,0,,,
65.34,odom,map,-0.382867,-0.656229,-2.80679,0,0,0,,,
65.376,odom,map,-0.390635,-0.65901,-2.78863,0,0,0,,,
65.412,ekf_predict_only,map,-0.450293,-0.670118,-2.70441,115.388,96.6268,-14.2246,,,
65.412,odom,map,-0.397932,-0.661774,-2.77007,0,0,0,,,
65.412,kf,map,-0.372813,-0.637406,-2.75597,0.0415725,0.11792,-0.0245006,0.117667,,
65.412,ekf,map,-0.369654,-0.647148,-2.75228,0.0408121,0.098796,-0.018653,0.12775,,
65.4,amcl,map,-0.347124,-0.687774,-2.73758,0.0437965,0.0245425,-0.00723865,,,
65.412,pf,map,-0.344361,-0.686821,-2.74556,0.038249,0.0679521,-0.012266,7.56358,328.135,0
65.448,odom,map,-0.405058,-0.664627,-2.75146,0,0,0,,,
65.484,odom,map,-0.411876,-0.667505,-2.73278,0,0,0,,,
65.52,odom,map,-0.418249,-0.670336,-2.71384,0,0,0,,,
65.556,odom,map,-0.424142,-0.67309,-2.69463,0,0,0,,,
65.592,odom,map,-0.429802,-0.675871,-2.67532,0,0,0,,,
65.628,odom,map,-0.43127,-0.680771,-2.6523,0,0,0,,,
65.592,kf,map,-0.398242,-0.650287,-2.64414,0.041576,0.117481,-0.0245951,0.212542,,
65.592,ekf_predict_only,map,-0.47681,-0.682511,-2.6067,116.43,97.3546,-15.2492,,,
65.592,ekf,map,-0.398671,-0.648658,-2.64435,0.0405985,0.0976705,-0.0186346,0.101166,,
65.592,pf,map,-0.352853,-0.720681,-2.61451,0.0359865,0.0946779,-0.0168446,9.10167,361.537,0
65.664,odom,map,-0.430887,-0.686469,-2.62774,0,0,0,,,
65.7,odom,map,-0.430159,-0.692132,-2.60314,0,0,0,,,
65.736,odom,map,-0.429257,-0.697845,-2.57854,0,0,0,,,
65.772,odom,map,-0.428156,-0.703579,-2.55396,0,0,0,,,
65.808,odom,map,-0.42787,-0.708543,-2.53048,0,0,0,,,
65.808,ekf_predict_only,map,-0.500063,-0.696288,-2.48855,117.577,98.0501,-16.195,,,
65.802,amcl,map,-0.392817,-0.732474,-2.50688,0.0415821,0.0245313,-0.00842382,,,
65.808,ekf,map,-0.432406,-0.666277,-2.52664,0.0410691,0.0995793,-0.0192311,0.259333,,
65.808,kf,map,-0.431487,-0.668347,-2.52582,0.0418205,0.117644,-0.0249285,0.124583,,
65.808,pf,map,-0.406337,-0.673251,-2.51885,0.0395716,0.0924497,-0.0134389,6.02896,349.113,0
65.844,odom,map,-0.431533,-0.711164,-2.51079,0,0,0,,,
65.88,odom,map,-0.434998,-0.713745,-2.49111,0,0,0,,,
65.916,odom,map,-0.4381,-0.716154,-2.47144,0,0,0,,,
65.952,odom,map,-0.440955,-0.718462,-2.45189,0,0,0,,,
65.988,odom,map,-0.443708,-0.720778,-2.4324,0,0,0,,,
65.988,ekf_predict_only,map,-0.513511,-0.706576,-2.39176,118.491,98.5506,-16.7766,,,
65.988,kf,map,-0.442254,-0.679027,-2.41948,0.0418928,0.117163,-0.0250781,0.114209,,
66.024,odom,map,-0.446316,-0.72306,-2.413,0,0,0,,,
65.988,ekf,map,-0.444583,-0.671248,-2.42231,0.0408408,0.0983042,-0.0191291,0.0965,,
65.988,pf,map,-0.459053,-0.684438,-2.427,0.0396603,0.0744981,-0.0201404,8.994,315.008,0
66.06,odom,map,-0.448769,-0.725291,-2.39368,0,0,0,,,
66.096,odom,map,-0.451009,-0.727408,-2.37441,0,0,0,,,
66.132,odom,map,-0.453027,-0.729392,-2.35513,0,0,0,,,
66.168,odom,map,-0.454954,-0.731361,-2.33586,0,0,0,,,
66.204,odom,map,-0.456444,-0.733291,-2.3166,0,0,0,,,
66.204,ekf_predict_only,map,-0.523467,-0.715848,-2.27732,119.34,98.9796,-17.2315,,,
66.204,kf,map,-0.447575,-0.6886,-2.30946,0.0421374,0.117327,-0.025404,0.119834,,
66.204,ekf,map,-0.448718,-0.684415,-2.31124,0.0413226,0.099895,-0.0196957,0.203042,,
66.201,amcl,map,-0.419312,-0.758543,-2.28677,0.043038,0.0206594,-0.0075362,,,
66.204,pf,map,-0.426865,-0.678333,-2.31278,0.0369798,0.0697888,-0.0104762,6.00429,335.636,0
66.24,odom,map,-0.454114,-0.737192,-2.29545,0,0,0,,,
66.276,odom,map,-0.451684,-0.741045,-2.27436,0,0,0,,,
66.312,odom,map,-0.449143,-0.744829,-2.25338,0,0,0,,,
66.348,odom,map,-0.446374,-0.748385,-2.23267,0,0,0,,,
66.384,odom,map,-0.443385,-0.751704,-2.21213,0,0,0,,,
66.42,odom,map,-0.442399,-0.753665,-2.19283,0,0,0,,,
66.384,ekf,map,-0.470015,-0.688303,-2.20917,0.0410495,0.0983258,-0.0194731,0.101625,,
66.384,kf,map,-0.466275,-0.699309,-2.2051,0.0421608,0.116895,-0.0254757,0.203167,,
66.384,ekf_predict_only,map,-0.527212,-0.720236,-2.1856,119.849,99.2673,-17.4145,,,
66.384,pf,map,-0.496675,-0.651592,-2.2312,0.0385774,0.0773684,-0.00971639,12.6037,296.37,0
66.456,odom,map,-0.442959,-0.754461,-2.17463,0,0,0,,,
66.492,odom,map,-0.443419,-0.75514,-2.15675,0,0,0,,,
66.528,odom,map,-0.44378,-0.755694,-2.13917,0,0,0,,,
66.564,odom,map,-0.444076,-0.756167,-2.1217,0,0,0,,,
66.6,odom,map,-0.444317,-0.756566,-2.10436,0,0,0,,,
66.6,ekf_predict_only,map,-0.527666,-0.720879,-2.08449,120.094,99.4779,-17.4381,,,
66.6,amcl,map,-0.434041,-0.757051,-2.09942,0.0321197,0.0159098,-0.00619236,,,
66.6,ekf,map,-0.470488,-0.695607,-2.10862,0.0414384,0.0999236,-0.0198879,0.13125,,
66.6,kf,map,-0.468227,-0.702599,-2.10577,0.0423007,0.117164,-0.025644,0.121791,,
66.6,pf,map,-0.473797,-0.65201,-2.13713,0.0352234,0.0906304,-0.0153397,8.57333,327.91,0
66.636,odom,map,-0.441844,-0.758928,-2.08482,0,0,0,,,
66.672,odom,map,-0.439274,-0.7613,-2.06529,0,0,0,,,
66.708,odom,map,-0.436674,-0.763599,-2.04602,0,0,0,,,
66.744,odom,map,-0.434058,-0.765847,-2.02708,0,0,0,,,
66.78,odom,map,-0.431357,-0.767893,-2.00861,0,0,0,,,
66.816,ekf,map,-0.476339,-0.698875,-2.01192,0.0415007,0.100201,-0.0200201,0.122375,,
66.816,odom,map,-0.429634,-0.768967,-1.99129,0,0,0,,,
66.816,ekf_predict_only,map,-0.526687,-0.719145,-1.99044,120.172,99.6549,-17.3832,,,
66.816,kf,map,-0.474306,-0.704672,-2.00963,0.0423126,0.117202,-0.0256673,0.287417,,
66.816,pf,map,-0.49575,-0.693103,-2.02194,0.0344819,0.0863887,-0.0167713,8.54267,344.384,0
66.852,odom,map,-0.42948,-0.768615,-1.97576,0,0,0,,,
66.888,odom,map,-0.429228,-0.768012,-1.96091,0,0,0,,,
66.924,odom,map,-0.428889,-0.767172,-1.94667,0,0,0,,,
66.96,odom,map,-0.428559,-0.766317,-1.93247,0,0,0,,,
66.996,odom,map,-0.42821,-0.765374,-1.91848,0,0,0,,,
66.996,ekf,map,-0.485784,-0.69567,-1.9364,0.0410324,0.0983976,-0.0194797,0.121,,
67.032,odom,map,-0.427469,-0.764312,-1.90432,0,0,0,,,
66.996,kf,map,-0.482842,-0.704243,-1.93322,0.0421667,0.116897,-0.0254854,0.169041,,
66.996,ekf_predict_only,map,-0.52417,-0.713503,-1.924,119.975,99.796,-17.2288,,,
66.996,pf,map,-0.488698,-0.671873,-1.94045,0.039735,0.0877163,-0.0152699,9.48817,337.069,0
67.068,odom,map,-0.426691,-0.763217,-1.89019,0,0,0,,,
67.104,odom,map,-0.426113,-0.762681,-1.87726,0,0,0,,,
67.14,odom,map,-0.425734,-0.762756,-1.86691,0,0,0,,,
67.176,odom,map,-0.425356,-0.76283,-1.85916,0,0,0,,,
67.212,odom,map,-0.425095,-0.762882,-1.85426,0,0,0,,,
67.212,ekf_predict_only,map,-0.52417,-0.713503,-1.924,120.175,99.996,-17.2288,,,
67.212,ekf,map,-0.481764,-0.683251,-1.88209,0.0414323,0.0998565,-0.0198925,0.10425,,
67.212,kf,map,-0.47636,-0.701321,-1.87624,0.042227,0.117238,-0.0255362,0.105417,,
67.2,amcl,map,-0.438987,-0.762046,-1.87955,0.028526,0.0199074,-0.00346442,,,
67.212,pf,map,-0.466843,-0.679395,-1.87575,0.0396781,0.0765726,-0.00876779,7.79579,390.037,0
67.248,odom,map,-0.425095,-0.762882,-1.85252,0,0,0,,,
67.284,odom,map,-0.425095,-0.762882,-1.85249,0,0,0,,,
67.32,odom,map,-0.425095,-0.762882,-1.85249,0,0,0,,,
67.356,odom,map,-0.425095,-0.762882,-1.85249,0,0,0,,,
67.392,odom,map,-0.425095,-0.762882,-1.85249,0,0,0,,,
67.428,odom,map,-0.425917,-0.761244,-1.85442,0,0,0,,,
67.392,ekf_predict_only,map,-0.52417,-0.713503,-1.924,120.375,100.196,-17.2288,,,
67.392,kf,map,-0.479634,-0.701991,-1.86462,0.0421375,0.116919,-0.0254415,0.097666,,
67.392,ekf,map,-0.484478,-0.686326,-1.87058,0.04095,0.0984653,-0.0193455,0.278625,,
67.392,pf,map,-0.475994,-0.706559,-1.8649,0.0347444,0.0746448,-0.011497,16.3341,330.473,0
67.464,odom,map,-0.427064,-0.758974,-1.85709,0,0,0,,,
67.5,odom,map,-0.428222,-0.756702,-1.85976,0,0,0,,,
67.536,odom,map,-0.42939,-0.75443,-1.86243,0,0,0,,,
67.572,odom,map,-0.430569,-0.752156,-1.8651,0,0,0,,,
67.608,odom,map,-0.431492,-0.750386,-1.86718,0,0,0,,,
67.608,ekf_predict_only,map,-0.52417,-0.713503,-1.924,120.575,100.396,-17.2288,,,
67.608,kf,map,-0.479564,-0.701845,-1.86379,0.0422164,0.117248,-0.0255206,0.102,,
67.608,ekf,map,-0.483588,-0.688687,-1.86899,0.0413255,0.099992,-0.0197256,0.102291,,
67.608,pf,map,-0.452379,-0.686001,-1.87505,0.0342917,0.0853158,-0.0117595,5.86637,341.493,0
67.644,odom,map,-0.431492,-0.750386,-1.86718,0,0,0,,,
67.68,odom,map,-0.431492,-0.750386,-1.86718,0,0,0,,,
67.716,odom,map,-0.431492,-0.750386,-1.86718,0,0,0,,,
67.752,odom,map,-0.431492,-0.750386,-1.86718,0,0,0,,,
67.788,odom,map,-0.431492,-0.750386,-1.86718,0,0,0,,,
67.824,odom,map,-0.431492,-0.750386,-1.86718,0,0,0,,,
67.788,ekf,map,-0.483651,-0.689597,-1.8686,0.0409651,0.0985278,-0.0193718,0.122333,,
67.788,ekf_predict_only,map,-0.52417,-0.713503,-1.924,120.775,100.596,-17.2288,,,
67.788,kf,map,-0.479884,-0.701897,-1.86374,0.0421336,0.116923,-0.0254359,0.103916,,
67.788,pf,map,-0.477554,-0.701078,-1.8644,0.0365341,0.0747936,-0.0128379,6.39333,326.256,0
67.86,odom,map,-0.431492,-0.750386,-1.86718,0,0,0,,,
67.896,odom,map,-0.431492,-0.750386,-1.86718,0,0,0,,,
67.932,odom,map,-0.431492,-0.750386,-1.86718,0,0,0,,,
67.968,odom,map,-0.431492,-0.750386,-1.86718,0,0,0,,,
68.004,odom,map,-0.431567,-0.750504,-1.86727,0,0,0,,,
68.004,ekf,map,-0.476048,-0.687565,-1.86848,0.0413489,0.100017,-0.019761,0.271917,,
68.004,kf,map,-0.47258,-0.699632,-1.86374,0.042215,0.117249,-0.0255185,0.128375,,
68.004,ekf_predict_only,map,-0.527178,-0.721662,-1.92555,121.549,100.866,-17.4301,,,
68.004,pf,map,-0.490945,-0.67316,-1.88542,0.0357098,0.0860698,-0.0114007,7.28896,330.17,0
68.04,odom,map,-0.432995,-0.752866,-1.86908,0,0,0,,,
68.076,odom,map,-0.434785,-0.75638,-1.87091,0,0,0,,,
68.112,odom,map,-0.436968,-0.761128,-1.87286,0,0,0,,,
68.148,odom,map,-0.43949,-0.766909,-1.87486,0,0,0,,,
68.184,odom,map,-0.442209,-0.773256,-1.87658,0,0,0,,,
68.22,odom,map,-0.44442,-0.779226,-1.87703,0,0,0,,,
68.184,ekf,map,-0.492287,-0.709301,-1.87027,0.0412511,0.0985488,-0.0198347,0.105834,,
68.184,ekf_predict_only,map,-0.537163,-0.748617,-1.92358,123.672,101.304,-18.1071,,,
68.184,kf,map,-0.488682,-0.720495,-1.86569,0.0424416,0.116614,-0.0258826,0.1895,,
68.184,pf,map,-0.493857,-0.647628,-1.89262,0.0355167,0.0719857,-0.0197675,9.3375,380.931,0
68.256,odom,map,-0.446152,-0.784708,-1.87664,0,0,0,,,
68.292,odom,map,-0.448016,-0.79062,-1.87584,0,0,0,,,
68.328,odom,map,-0.450066,-0.797144,-1.87451,0,0,0,,,
68.364,odom,map,-0.452338,-0.804419,-1.87234,0,0,0,,,
68.4,odom,map,-0.454684,-0.811994,-1.86996,0,0,0,,,
68.4,ekf_predict_only,map,-0.554565,-0.795881,-1.9057,127.348,101.932,-19.3284,,,
68.4,ekf,map,-0.496066,-0.746684,-1.86406,0.0422477,0.100101,-0.021192,0.098875,,
68.4,kf,map,-0.493603,-0.755326,-1.86031,0.0432013,0.11626,-0.0269106,0.108917,,
68.4,pf,map,-0.495391,-0.708677,-1.88502,0.0371773,0.0850662,-0.0141065,8.34904,349.29,0
68.436,odom,map,-0.457106,-0.819883,-1.86713,0,0,0,,,
68.472,odom,map,-0.459614,-0.828147,-1.86388,0,0,0,,,
68.508,odom,map,-0.462276,-0.837027,-1.86,0,0,0,,,
68.544,odom,map,-0.464957,-0.846107,-1.85584,0,0,0,,,
68.58,odom,map,-0.467685,-0.85549,-1.85151,0,0,0,,,
68.616,odom,map,-0.470497,-0.86533,-1.84681,0,0,0,,,
68.616,ekf_predict_only,map,-0.575032,-0.854692,-1.87669,132.058,102.659,-20.8696,,,
68.616,ekf,map,-0.512904,-0.795548,-1.83913,0.0431557,0.10021,-0.0225444,0.096625,,
68.616,kf,map,-0.509487,-0.805884,-1.83496,0.0441634,0.115346,-0.0281762,0.112916,,
68.616,pf,map,-0.505622,-0.743856,-1.85344,0.0501104,0.0939555,-0.017239,8.49696,349.717,0
68.652,odom,map,-0.473301,-0.875322,-1.84198,0,0,0,,,
68.688,odom,map,-0.476105,-0.885503,-1.83715,0,0,0,,,
68.724,odom,map,-0.478952,-0.89604,-1.8321,0,0,0,,,
68.76,odom,map,-0.481812,-0.906853,-1.82673,0,0,0,,,
68.796,odom,map,-0.484632,-0.917748,-1.8213,0,0,0,,,
68.832,odom,map,-0.487413,-0.928745,-1.81577,0,0,0,,,
68.796,kf,map,-0.52754,-0.856466,-1.80944,0.0450364,0.114021,-0.0292511,0.099917,,
68.796,ekf_predict_only,map,-0.592269,-0.909273,-1.8485,136.627,103.322,-22.2921,,,
68.796,ekf,map,-0.531443,-0.84585,-1.81368,0.0435134,0.0981526,-0.0231198,0.435125,,
68.796,pf,map,-0.514154,-0.824462,-1.82964,0.0342797,0.0717501,-0.00924394,8.75879,336.54,0
68.868,odom,map,-0.490197,-0.940016,-1.81023,0,0,0,,,
68.904,odom,map,-0.492958,-0.951461,-1.80476,0,0,0,,,
68.94,odom,map,-0.495669,-0.962976,-1.79932,0,0,0,,,
68.976,odom,map,-0.498309,-0.974471,-1.79374,0,0,0,,,
69.012,odom,map,-0.500891,-0.986009,-1.78813,0,0,0,,,
69.012,kf,map,-0.537852,-0.918966,-1.78587,0.0464329,0.113024,-0.0308178,0.10125,,
69.012,ekf_predict_only,map,-0.611729,-0.977539,-1.81481,142.54,104.065,-24.0601,,,
69.012,ekf,map,-0.539714,-0.9136,-1.78827,0.0450996,0.0991619,-0.0250108,0.108375,,
69.012,pf,map,-0.505094,-0.918291,-1.78433,0.0394175,0.0974448,-0.0272975,14.0338,388.113,0
69.048,odom,map,-0.50341,-0.997568,-1.78251,0,0,0,,,
69.084,odom,map,-0.505849,-1.00907,-1.77699,0,0,0,,,
69.12,odom,map,-0.508215,-1.02054,-1.77149,0,0,0,,,
69.156,odom,map,-0.510526,-1.03206,-1.76608,0,0,0,,,
69.192,odom,map,-0.512778,-1.04361,-1.76069,0,0,0,,,
69.228,odom,map,-0.514957,-1.05511,-1.75539,0,0,0,,,
69.192,ekf_predict_only,map,-0.625835,-1.03419,-1.78847,147.694,104.673,-25.4965,,,
69.192,ekf,map,-0.564547,-0.968863,-1.75572,0.0456919,0.0971587,-0.0257087,0.200709,,
69.192,kf,map,-0.560526,-0.978076,-1.75228,0.0474913,0.111558,-0.0319192,0.105958,,
69.201,amcl,map,-0.504148,-1.02421,-1.75564,0.0456283,0.0310773,-0.0081933,,,
69.192,pf,map,-0.540924,-1.04118,-1.7489,0.0505138,0.0893506,-0.0268736,5.78058,397.949,0
69.264,odom,map,-0.517049,-1.06648,-1.75023,0,0,0,,,
69.3,odom,map,-0.519076,-1.07781,-1.74533,0,0,0,,,
69.336,odom,map,-0.52106,-1.08922,-1.74065,0,0,0,,,
69.372,odom,map,-0.522985,-1.10061,-1.73594,0,0,0,,,
69.408,odom,map,-0.524841,-1.11191,-1.73128,0,0,0,,,
69.408,ekf_predict_only,map,-0.640652,-1.10119,-1.76064,153.999,105.315,-27.1701,,,
69.408,ekf,map,-0.577561,-1.03915,-1.73132,0.0474115,0.0981083,-0.0275637,0.123625,,
69.408,kf,map,-0.574974,-1.04488,-1.72896,0.0489978,0.110458,-0.0333758,0.105458,,
69.408,pf,map,-0.580644,-1.05007,-1.72355,0.0439614,0.0866736,-0.0276638,5.98187,362.044,0
69.444,odom,map,-0.526642,-1.1232,-1.72664,0,0,0,,,
69.48,odom,map,-0.528395,-1.13451,-1.72236,0,0,0,,,
69.516,odom,map,-0.530119,-1.14595,-1.71849,0,0,0,,,
69.552,odom,map,-0.531814,-1.15748,-1.71531,0,0,0,,,
69.588,odom,map,-0.533485,-1.16904,-1.71371,0,0,0,,,
69.588,ekf,map,-0.58837,-1.09299,-1.71541,0.0480599,0.096057,-0.0281657,0.116791,,
69.588,kf,map,-0.584669,-1.10102,-1.7126,0.0501273,0.108922,-0.0343623,0.10825,,
69.624,odom,map,-0.535148,-1.18065,-1.71279,0,0,0,,,
69.588,ekf_predict_only,map,-0.651742,-1.1589,-1.76034,159.675,105.854,-28.5788,,,
69.588,pf,map,-0.59091,-1.07409,-1.71513,0.0454364,0.0799248,-0.0235958,11.4203,352.492,0
69.66,odom,map,-0.536818,-1.19232,-1.71311,0,0,0,,,
69.696,odom,map,-0.538499,-1.20398,-1.71531,0,0,0,,,
69.732,odom,map,-0.540211,-1.21562,-1.71813,0,0,0,,,
69.768,odom,map,-0.541953,-1.22724,-1.7215,0,0,0,,,
69.804,odom,map,-0.543751,-1.2389,-1.7263,0,0,0,,,
69.804,ekf_predict_only,map,-0.665101,-1.22853,-1.7929,166.75,106.473,-30.3289,,,
69.804,ekf,map,-0.602486,-1.15695,-1.72308,0.0499514,0.0967742,-0.02999,0.194375,,
69.804,kf,map,-0.596312,-1.16959,-1.71884,0.0517351,0.107721,-0.0357027,0.104208,,
69.804,pf,map,-0.58842,-1.16458,-1.71963,0.0428803,0.0800641,-0.0189167,5.93387,362.89,0
69.84,odom,map,-0.545613,-1.25057,-1.73172,0,0,0,,,
69.876,odom,map,-0.547544,-1.26226,-1.73766,0,0,0,,,
69.912,odom,map,-0.54955,-1.27394,-1.74434,0,0,0,,,
69.948,odom,map,-0.551618,-1.28547,-1.75245,0,0,0,,,
69.984,odom,map,-0.553775,-1.29694,-1.76091,0,0,0,,,
69.984,ekf_predict_only,map,-0.67795,-1.28543,-1.8403,172.785,107.085,-31.9014,,,
69.984,ekf,map,-0.614481,-1.2201,-1.76341,0.0504825,0.0948174,-0.0303609,0.119083,,
70.02,odom,map,-0.555021,-1.30618,-1.76978,0,0,0,,,
70.002,amcl,map,-0.554527,-1.28187,-1.76091,0.0571216,0.0359323,-0.0143566,,,
69.984,kf,map,-0.610416,-1.22787,-1.76049,0.052868,0.106182,-0.0365296,1.62517,,
69.984,pf,map,-0.570032,-1.23078,-1.73683,0.0567334,0.0830391,-0.0275724,7.66696,319.412,0
70.056,odom,map,-0.555558,-1.31366,-1.77918,0,0,0,,,
70.092,odom,map,-0.556169,-1.32097,-1.78943,0,0,0,,,
70.128,odom,map,-0.556863,-1.32811,-1.80032,0,0,0,,,
70.164,odom,map,-0.557668,-1.33521,-1.81157,0,0,0,,,
70.2,odom,map,-0.558567,-1.34217,-1.82372,0,0,0,,,
70.2,ekf_predict_only,map,-0.695901,-1.35042,-1.91838,179.891,107.879,-33.9291,,,
70.2,ekf,map,-0.665002,-1.31111,-1.83736,0.123292,0.130317,-0.0054944,0.062542,,
70.2,kf,map,-0.660202,-1.31175,-1.8366,0.11297,0.12197,-0.00616701,0.062542,,
70.2,pf,map,-0.644036,-1.31918,-1.83124,0.109013,0.124289,0.00392194,4.53496,539.803,0
70.236,odom,map,-0.561398,-1.35292,-1.83671,0,0,0,,,
70.272,odom,map,-0.56437,-1.36355,-1.85032,0,0,0,,,
70.308,odom,map,-0.56748,-1.37411,-1.86457,0,0,0,,,
70.344,odom,map,-0.570729,-1.38457,-1.87964,0,0,0,,,
70.38,odom,map,-0.574129,-1.39495,-1.89508,0,0,0,,,
70.416,odom,map,-0.577633,-1.40511,-1.91088,0,0,0,,,
70.416,kf,map,-0.69749,-1.38312,-1.92623,0.123405,0.124703,-0.000889062,0.118041,,
70.416,ekf_predict_only,map,-0.717625,-1.41038,-2.01461,186.691,108.823,-36.1519,,,
70.416,ekf,map,-0.701118,-1.38404,-1.9258,0.136453,0.137126,-0.000748121,0.060416,,
70.416,pf,map,-0.750321,-1.38072,-1.93518,0.130881,0.118247,0.00369986,5.49517,497.163,0
70.452,odom,map,-0.581235,-1.41503,-1.92707,0,0,0,,,
70.488,odom,map,-0.584979,-1.42485,-1.94339,0,0,0,,,
70.524,odom,map,-0.588824,-1.43446,-1.95992,0,0,0,,,
70.56,odom,map,-0.592683,-1.44364,-1.97703,0,0,0,,,
70.596,odom,map,-0.596583,-1.4525,-1.99452,0,0,0,,,
70.632,odom,map,-0.600566,-1.46113,-2.01218,0,0,0,,,
70.596,kf,map,-0.723857,-1.43314,-2.00902,0.124512,0.124696,-0.000126348,0.061709,,
70.596,ekf_predict_only,map,-0.738025,-1.45328,-2.10289,191.748,109.748,-38.0693,,,
70.596,ekf,map,-0.725831,-1.43393,-2.00843,0.135292,0.135281,-9.18181e-05,0.071875,,
70.602,amcl,map,-0.606205,-1.45586,-1.98005,0.0707317,0.0387421,-0.0184442,,,
70.596,pf,map,-0.779193,-1.4426,-2.02862,0.122146,0.121717,-0.00100728,5.17746,456.499,0
70.668,odom,map,-0.604624,-1.46952,-2.03004,0,0,0,,,
70.704,odom,map,-0.608672,-1.47753,-2.04824,0,0,0,,,
70.74,odom,map,-0.612751,-1.48524,-2.06664,0,0,0,,,
70.776,odom,map,-0.616889,-1.49272,-2.08514,0,0,0,,,
70.812,ekf_predict_only,map,-0.763103,-1.49588,-2.21574,196.882,110.875,-40.3085,,,
70.812,ekf,map,-0.752266,-1.48209,-2.11703,0.137369,0.1373,-2.13412e-05,0.065333,,
70.812,kf,map,-0.751078,-1.48148,-2.11761,0.125072,0.125097,-1.77276e-05,0.06725,,
70.812,odom,map,-0.62157,-1.5,-2.10384,0,0,0,,,
70.812,pf,map,-0.791639,-1.50069,-2.13495,0.12564,0.120802,0.00373528,5.02283,461.153,0
70.848,odom,map,-0.627476,-1.50721,-2.12254,0,0,0,,,
70.884,odom,map,-0.633476,-1.51429,-2.14126,0,0,0,,,
70.92,odom,map,-0.639465,-1.52108,-2.16021,0,0,0,,,
70.956,odom,map,-0.645333,-1.52743,-2.17946,0,0,0,,,
70.992,odom,map,-0.651052,-1.53332,-2.19881,0,0,0,,,
71.028,odom,map,-0.655574,-1.53886,-2.21827,0,0,0,,,
70.992,ekf_predict_only,map,-0.783542,-1.52305,-2.31324,200.288,111.858,-42.0352,,,
70.992,ekf,map,-0.774106,-1.51405,-2.21203,0.135284,0.135234,-1.99732e-05,0.138625,,
70.992,kf,map,-0.773355,-1.51358,-2.21244,0.124749,0.124752,-2.50957e-06,0.102792,,
71.001,amcl,map,-0.646079,-1.53449,-2.18279,0.0679441,0.031279,-0.0194824,,,
70.992,pf,map,-0.795029,-1.5459,-2.21849,0.115852,0.116679,-0.00886348,7.53817,483.527,0
71.064,odom,map,-0.659551,-1.54401,-2.23782,0,0,0,,,
71.1,odom,map,-0.663355,-1.54875,-2.25753,0,0,0,,,
71.136,odom,map,-0.666899,-1.55299,-2.27737,0,0,0,,,
71.172,odom,map,-0.670432,-1.55704,-2.29721,0,0,0,,,
71.208,odom,map,-0.673869,-1.56084,-2.31699,0,0,0,,,
71.208,ekf_predict_only,map,-0.801786,-1.54293,-2.43308,202.862,112.78,-43.5177,,,
71.208,ekf,map,-0.796113,-1.54044,-2.32994,0.13739,0.137344,-2.77603e-05,0.060542,,
71.208,kf,map,-0.79532,-1.53983,-2.33026,0.125105,0.125105,-3.51919e-07,0.067291,,
71.208,pf,map,-0.817479,-1.52834,-2.35297,0.134436,0.127111,-0.00121905,4.80192,477.381,0
71.244,odom,map,-0.677027,-1.56419,-2.33695,0,0,0,,,
71.28,odom,map,-0.680177,-1.5674,-2.35692,0,0,0,,,
71.316,odom,map,-0.683238,-1.57039,-2.37681,0,0,0,,,
71.352,odom,map,-0.685955,-1.57295,-2.39663,0,0,0,,,
71.388,odom,map,-0.688455,-1.57521,-2.41646,0,0,0,,,
71.424,odom,map,-0.690563,-1.57756,-2.43439,0,0,0,,,
71.388,kf,map,-0.810866,-1.55481,-2.42884,0.124753,0.124753,-4.98147e-08,0.063625,,
71.388,ekf_predict_only,map,-0.814008,-1.55341,-2.53221,204.323,113.475,-44.4653,,,
71.388,ekf,map,-0.811499,-1.55528,-2.42869,0.135324,0.135293,-2.27268e-05,0.10275,,
71.4,amcl,map,-0.696433,-1.58595,-2.40493,0.0654119,0.0237208,-0.0162739,,,
71.388,pf,map,-0.838861,-1.56367,-2.43564,0.135066,0.112123,-0.00444224,8.28796,451.031,0
71.46,odom,map,-0.692364,-1.57985,-2.45138,0,0,0,,,
71.496,odom,map,-0.693913,-1.58187,-2.4683,0,0,0,,,
71.532,odom,map,-0.695256,-1.58366,-2.48504,0,0,0,,,
71.568,odom,map,-0.696506,-1.58532,-2.50168,0,0,0,,,
71.604,odom,map,-0.697635,-1.5868,-2.51844,0,0,0,,,
71.604,ekf_predict_only,map,-0.823288,-1.55988,-2.64949,205.306,114.056,-45.1595,,,
71.604,kf,map,-0.823315,-1.56469,-2.54668,0.125105,0.125105,-6.9855e-09,0.06,,
71.604,ekf,map,-0.823896,-1.56508,-2.54669,0.137429,0.137404,-2.19706e-05,0.061542,,
71.604,pf,map,-0.837651,-1.612,-2.55241,0.125336,0.118805,0.00353252,4.73038,463.905,0
71.64,odom,map,-0.699004,-1.58777,-2.53792,0,0,0,,,
71.676,odom,map,-0.700305,-1.58865,-2.55738,0,0,0,,,
71.712,odom,map,-0.701425,-1.58937,-2.57649,0,0,0,,,
71.748,odom,map,-0.702349,-1.58995,-2.59551,0,0,0,,,
71.784,odom,map,-0.703118,-1.5904,-2.61434,0,0,0,,,
71.82,odom,map,-0.703369,-1.59069,-2.63259,0,0,0,,,
71.784,ekf,map,-0.829973,-1.5689,-2.64201,0.135346,0.135331,-1.45059e-05,0.066834,,
71.784,kf,map,-0.829548,-1.56864,-2.64185,0.124753,0.124753,-9.88807e-10,0.054542,,
71.784,ekf_predict_only,map,-0.826962,-1.56185,-2.7429,205.745,114.409,-45.423,,,
71.802,amcl,map,-0.707298,-1.60382,-2.62483,0.0544418,0.0209578,-0.0140975,,,
71.784,pf,map,-0.860425,-1.57962,-2.66882,0.137019,0.129232,0.001601,6.65929,476.149,0
71.856,odom,map,-0.703111,-1.59077,-2.65032,0,0,0,,,
71.892,odom,map,-0.702571,-1.5907,-2.66776,0,0,0,,,
71.928,odom,map,-0.701971,-1.59059,-2.68517,0,0,0,,,
71.964,odom,map,-0.701297,-1.59043,-2.70245,0,0,0,,,
72,odom,map,-0.700336,-1.59014,-2.71922,0,0,0,,,
72,ekf_predict_only,map,-0.824518,-1.56082,-2.84535,205.82,114.507,-45.2535,,,
72,kf,map,-0.830956,-1.5694,-2.74918,0.125105,0.125105,-1.3866e-10,0.093667,,
72,ekf,map,-0.831456,-1.56968,-2.74971,0.137444,0.137432,-1.17511e-05,0.140291,,
72,pf,map,-0.869745,-1.56572,-2.78928,0.134672,0.132773,0.00628853,5.87538,469.907,0
72.036,odom,map,-0.699963,-1.58998,-2.73635,0,0,0,,,
72.072,odom,map,-0.699555,-1.58981,-2.75343,0,0,0,,,
72.108,odom,map,-0.699028,-1.5896,-2.77012,0,0,0,,,
72.144,odom,map,-0.698445,-1.58938,-2.78671,0,0,0,,,
72.18,odom,map,-0.697678,-1.5891,-2.80278,0,0,0,,,
72.216,odom,map,-0.697911,-1.5895,-2.81896,0,0,0,,,
72.216,ekf_predict_only,map,-0.819703,-1.55936,-2.94123,205.842,114.508,-44.9315,,,
72.216,ekf,map,-0.828814,-1.56891,-2.84979,0.137929,0.137922,-8.18605e-06,0.061542,,
72.216,kf,map,-0.828443,-1.56869,-2.8492,0.125155,0.125155,-1.94186e-11,2.34717,,
72.216,pf,map,-0.881721,-1.61539,-2.89358,0.121906,0.114604,0.00735713,11.5363,471.95,0
72.252,odom,map,-0.699723,-1.59096,-2.83532,0,0,0,,,
72.288,odom,map,-0.701338,-1.59238,-2.85117,0,0,0,,,
72.324,odom,map,-0.702905,-1.5938,-2.86689,0,0,0,,,
72.36,odom,map,-0.704432,-1.59522,-2.88242,0,0,0,,,
72.396,odom,map,-0.705819,-1.59663,-2.89743,0,0,0,,,
72.396,ekf_predict_only,map,-0.812287,-1.55785,-3.01018,205.86,114.404,-44.4519,,,
72.402,amcl,map,-0.723638,-1.60451,-2.91504,0.058533,0.0215501,-0.00939226,,,
72.396,kf,map,-0.823183,-1.56748,-2.92409,0.12476,0.12476,-2.74822e-12,0.058542,,
72.432,odom,map,-0.704704,-1.59648,-2.9115,0,0,0,,,
72.396,ekf,map,-0.823468,-1.56764,-2.92479,0.13535,0.135346,-4.85345e-06,0.057625,,
72.396,pf,map,-0.844842,-1.60518,-2.95296,0.139792,0.124192,-0.00362006,7.23183,483.439,0
72.468,odom,map,-0.703228,-1.59615,-2.92529,0,0,0,,,
72.504,odom,map,-0.702232,-1.59594,-2.9381,0,0,0,,,
72.54,odom,map,-0.702179,-1.59592,-2.94832,0,0,0,,,
72.576,odom,map,-0.702179,-1.59592,-2.95596,0,0,0,,,
72.612,odom,map,-0.701851,-1.5962,-2.96115,0,0,0,,,
72.612,ekf,map,-0.821363,-1.56742,-2.97038,0.137317,0.137315,-3.77187e-06,0.0635,,
72.612,kf,map,-0.821456,-1.56736,-2.96606,0.125106,0.125106,-3.85372e-13,0.059625,,
72.612,ekf_predict_only,map,-0.812287,-1.55785,-3.01018,206.06,114.604,-44.4519,,,
72.612,pf,map,-0.835333,-1.58768,-3.02989,0.139867,0.118905,-0.00692242,4.84213,462.877,0
72.648,odom,map,-0.70078,-1.59711,-2.9641,0,0,0,,,
72.684,odom,map,-0.699709,-1.59802,-2.96485,0,0,0,,,
72.72,odom,map,-0.698638,-1.59893,-2.96534,0,0,0,,,
72.756,odom,map,-0.697567,-1.59984,-2.96583,0,0,0,,,
72.792,odom,map,-0.696497,-1.60074,-2.96633,0,0,0,,,
72.792,ekf_predict_only,map,-0.812287,-1.55785,-3.01018,206.26,114.804,-44.4519,,,
72.792,ekf,map,-0.820724,-1.56733,-2.98628,0.135248,0.135246,-2.25072e-06,0.055208,,
72.792,kf,map,-0.820811,-1.56731,-2.98343,0.124754,0.124754,-5.45497e-14,0.0595,,
72.828,odom,map,-0.6962,-1.60099,-2.96646,0,0,0,,,
72.792,pf,map,-0.855484,-1.54931,-3.02614,0.129804,0.12337,-0.00899537,11.3386,486.916,0
72.864,odom,map,-0.6962,-1.60099,-2.96646,0,0,0,,,
72.9,odom,map,-0.6962,-1.60099,-2.96646,0,0,0,,,
72.936,odom,map,-0.6962,-1.60099,-2.96646,0,0,0,,,
72.972,odom,map,-0.696519,-1.60105,-2.96661,0,0,0,,,
73.008,odom,map,-0.697877,-1.60129,-2.96676,0,0,0,,,
73.008,ekf_predict_only,map,-0.825865,-1.55964,-3.01056,206.677,115.563,-45.3105,,,
73.008,ekf,map,-0.825912,-1.56813,-2.99183,0.137355,0.137354,-1.84043e-06,0.058333,,
73.008,kf,map,-0.826686,-1.56826,-2.9903,0.125106,0.125106,-7.64948e-15,0.056333,,
73.008,pf,map,-0.866459,-1.54648,-3.01313,0.112791,0.105698,-0.00203947,5.51496,479.013,0
73.044,odom,map,-0.700077,-1.60168,-2.96682,0,0,0,,,
73.08,odom,map,-0.702573,-1.60212,-2.96704,0,0,0,,,
73.116,odom,map,-0.706257,-1.60277,-2.96656,0,0,0,,,
73.152,odom,map,-0.71055,-1.60353,-2.96561,0,0,0,,,
73.188,odom,map,-0.715128,-1.60435,-2.96435,0,0,0,,,
73.224,odom,map,-0.723217,-1.6056,-2.96376,0,0,0,,,
73.188,ekf_predict_only,map,-0.854081,-1.56336,-2.99993,207.328,116.963,-47.0995,,,
73.188,kf,map,-0.845223,-1.57103,-2.98723,0.124753,0.124753,-1.08279e-15,0.128583,,
73.188,ekf,map,-0.844168,-1.57082,-2.98836,0.135298,0.135304,-1.97095e-06,0.101666,,
73.188,pf,map,-0.869538,-1.57081,-3.02273,0.113324,0.115259,0.0125149,5.71958,475.318,0
73.26,odom,map,-0.733419,-1.60711,-2.96399,0,0,0,,,
73.296,odom,map,-0.743935,-1.60865,-2.96427,0,0,0,,,
73.332,odom,map,-0.754763,-1.61022,-2.96431,0,0,0,,,
73.368,odom,map,-0.766356,-1.61191,-2.9644,0,0,0,,,
73.404,odom,map,-0.778093,-1.61362,-2.9644,0,0,0,,,
73.404,ekf_predict_only,map,-0.903558,-1.57042,-2.98853,208.385,119.389,-50.2652,,,
73.404,ekf,map,-0.883373,-1.57697,-2.97862,0.137406,0.137434,-5.24739e-06,0.0585,,
73.404,kf,map,-0.884675,-1.57721,-2.97804,0.125105,0.125105,-1.5184e-16,0.057125,,
73.404,pf,map,-0.884851,-1.57377,-2.98826,0.122142,0.126393,-0.00367747,4.88367,473.274,0
73.44,odom,map,-0.786164,-1.61507,-2.96245,0,0,0,,,
73.476,odom,map,-0.794359,-1.61657,-2.96055,0,0,0,,,
73.512,odom,map,-0.802819,-1.61812,-2.95874,0,0,0,,,
73.548,odom,map,-0.811514,-1.61974,-2.95732,0,0,0,,,
73.584,odom,map,-0.820292,-1.62138,-2.95607,0,0,0,,,
73.62,odom,map,-0.82921,-1.62306,-2.95499,0,0,0,,,
73.584,ekf,map,-0.923393,-1.58375,-2.9718,0.135332,0.135379,-8.0594e-06,0.059959,,
73.584,ekf_predict_only,map,-0.948577,-1.57736,-2.9833,209.433,121.751,-53.178,,,
73.584,kf,map,-0.924268,-1.58389,-2.97171,0.124753,0.124753,-2.14931e-17,0.145333,,
73.584,pf,map,-0.947224,-1.56777,-2.9896,0.12557,0.11885,0.000317269,14.2626,475.53,0
73.656,odom,map,-0.83821,-1.62476,-2.95417,0,0,0,,,
73.692,odom,map,-0.847378,-1.6265,-2.95385,0,0,0,,,
73.728,odom,map,-0.856615,-1.62826,-2.95365,0,0,0,,,
73.764,odom,map,-0.866021,-1.63005,-2.95377,0,0,0,,,
73.8,odom,map,-0.875685,-1.63188,-2.95442,0,0,0,,,
73.8,ekf_predict_only,map,-1.00718,-1.58672,-2.9879,210.779,124.961,-57.0081,,,
73.8,ekf,map,-0.978234,-1.59337,-2.97158,0.137434,0.137524,-1.53864e-05,0.142667,,
73.8,kf,map,-0.978896,-1.59342,-2.97198,0.125105,0.125105,-3.01397e-18,0.061709,,
73.8,pf,map,-0.995191,-1.58047,-2.97411,0.12427,0.125009,0.00427323,4.78642,472.002,0
73.836,odom,map,-0.885404,-1.63372,-2.95519,0,0,0,,,
73.872,odom,map,-0.895228,-1.63556,-2.95628,0,0,0,,,
73.908,odom,map,-0.905329,-1.63745,-2.95796,0,0,0,,,
73.944,odom,map,-0.915545,-1.63934,-2.96007,0,0,0,,,
73.98,odom,map,-0.925793,-1.64121,-2.96238,0,0,0,,,
74.016,odom,map,-0.93607,-1.64305,-2.96532,0,0,0,,,
74.016,ekf_predict_only,map,-1.06913,-1.59631,-3.00838,212.161,128.584,-61.0876,,,
74.016,ekf,map,-1.03801,-1.60365,-2.98395,0.137924,0.138047,-2.12455e-05,0.062875,,
74.016,kf,map,-1.03846,-1.60361,-2.98485,0.125155,0.125155,-4.22092e-19,0.058334,,
74.016,pf,map,-1.06342,-1.59763,-3.02633,0.130822,0.129838,0.00396074,4.74488,468.288,0
74.052,odom,map,-0.946312,-1.64486,-2.96915,0,0,0,,,
74.088,odom,map,-0.956556,-1.64662,-2.97366,0,0,0,,,
74.124,odom,map,-0.966811,-1.64833,-2.97877,0,0,0,,,
74.16,odom,map,-0.977131,-1.65,-2.98438,0,0,0,,,
74.196,odom,map,-0.987597,-1.65162,-2.99092,0,0,0,,,
74.232,odom,map,-0.998087,-1.65318,-2.99763,0,0,0,,,
74.196,ekf_predict_only,map,-1.12169,-1.60336,-3.04194,213.232,131.882,-64.5448,,,
74.196,ekf,map,-1.08928,-1.61151,-3.00965,0.135349,0.135473,-2.12606e-05,0.054958,,
74.196,kf,map,-1.08955,-1.61144,-3.0106,0.12476,0.12476,-5.97365e-20,0.064416,,
74.202,amcl,map,-1.00433,-1.63183,-3.00582,0.0672959,0.0271283,-0.0166655,,,
74.196,pf,map,-1.13762,-1.61194,-3.04155,0.136275,0.121395,0.00940547,6.89446,471.587,0
74.268,odom,map,-1.00856,-1.65466,-3.00469,0,0,0,,,
74.304,odom,map,-1.01898,-1.65605,-3.01256,0,0,0,,,
74.34,odom,map,-1.02942,-1.65736,-3.02094,0,0,0,,,
74.376,odom,map,-1.03988,-1.65859,-3.02948,0,0,0,,,
74.412,odom,map,-1.05042,-1.65973,-3.03841,0,0,0,,,
74.412,ekf,map,-1.152,-1.61893,-3.05737,0.137318,0.137489,-2.80274e-05,0.098958,,
74.412,ekf_predict_only,map,-1.1853,-1.60972,-3.09838,214.221,136.072,-68.6916,,,
74.412,kf,map,-1.15217,-1.61889,-3.0585,0.125106,0.125106,-8.37661e-21,0.055583,,
74.412,pf,map,-1.15578,-1.59528,-3.06991,0.132208,0.117024,0.00457451,7.79008,471.956,0
74.448,odom,map,-1.06106,-1.66078,-3.04803,0,0,0,,,
74.484,odom,map,-1.07171,-1.66172,-3.05792,0,0,0,,,
74.52,odom,map,-1.08236,-1.66256,-3.068,0,0,0,,,
74.556,odom,map,-1.09293,-1.66329,-3.07848,0,0,0,,,
74.592,odom,map,-1.10341,-1.66389,-3.08933,0,0,0,,,
74.628,odom,map,-1.11375,-1.66438,-3.10037,0,0,0,,,
74.592,ekf,map,-1.20428,-1.62227,-3.10709,0.135249,0.135408,-2.3801e-05,0.061583,,
74.592,kf,map,-1.20428,-1.62226,-3.10795,0.124754,0.124754,-1.18572e-21,0.05525,,
74.592,ekf_predict_only,map,-1.23672,-1.61194,3.12929,214.697,139.69,-71.9636,,,
74.592,pf,map,-1.21782,-1.62566,3.13599,0.119054,0.130772,0.00362804,10.0903,461.697,0
74.664,odom,map,-1.12398,-1.66474,-3.11153,0,0,0,,,
74.7,odom,map,-1.13414,-1.66499,-3.12274,0,0,0,,,
74.736,odom,map,-1.1444,-1.66513,-3.13402,0,0,0,,,
74.772,odom,map,-1.15487,-1.66514,3.13693,0,0,0,,,
74.808,odom,map,-1.16537,-1.66503,3.12401,0,0,0,,,
74.808,kf,map,-1.26717,-1.62285,3.10249,0.125106,0.125106,-1.66272e-22,0.061208,,
74.808,ekf_predict_only,map,-1.30037,-1.61116,3.0456,214.8,144.361,-75.8962,,,
74.808,ekf,map,-1.26709,-1.62283,3.10382,0.137356,0.137557,-2.47425e-05,0.059708,,
74.808,pf,map,-1.25175,-1.62613,3.10349,0.121516,0.122443,0.00306806,12.5267,474.737,0
74.844,odom,map,-1.17596,-1.66477,3.1104,0,0,0,,,
74.88,odom,map,-1.18657,-1.66436,3.09605,0,0,0,,,
74.916,odom,map,-1.19726,-1.6638,3.08102,0,0,0,,,
74.952,odom,map,-1.20804,-1.66306,3.06558,0,0,0,,,
74.988,odom,map,-1.21885,-1.66215,3.04991,0,0,0,,,
75.024,odom,map,-1.23145,-1.6584,3.03221,0,0,0,,,
74.988,ekf_predict_only,map,-1.35489,-1.60591,2.96424,214.348,148.601,-79.0884,,,
74.988,ekf,map,-1.3207,-1.61914,3.03089,0.135299,0.13548,-1.61697e-05,0.096458,,
74.988,kf,map,-1.32082,-1.61917,3.02974,0.124753,0.124753,-2.35361e-23,0.059667,,
75,amcl,map,-1.24213,-1.62163,3.021,0.0809555,0.0374276,-0.0260912,,,
74.988,pf,map,-1.31419,-1.64405,3.01515,0.138605,0.127535,-0.00518762,6.15696,477.91,0
75.06,odom,map,-1.24503,-1.65291,3.01333,0,0,0,,,
75.096,odom,map,-1.25861,-1.64718,2.99439,0,0,0,,,
75.132,odom,map,-1.2722,-1.64121,2.97517,0,0,0,,,
75.168,odom,map,-1.28581,-1.63498,2.95588,0,0,0,,,
75.204,odom,map,-1.29924,-1.62874,2.93671,0,0,0,,,
75.204,kf,map,-1.38604,-1.60938,2.93298,0.125105,0.125105,-3.30045e-24,0.058292,,
75.204,ekf_predict_only,map,-1.42047,-1.59415,2.86323,213.094,153.92,-82.6852,,,
75.204,ekf,map,-1.38591,-1.6092,2.93374,0.137406,0.13763,-8.85969e-06,0.101458,,
75.204,pf,map,-1.42696,-1.60582,2.91223,0.128684,0.124817,-0.00167399,5.99171,465.218,0
75.24,odom,map,-1.31003,-1.6264,2.91986,0,0,0,,,
75.276,odom,map,-1.32076,-1.62389,2.90313,0,0,0,,,
75.312,odom,map,-1.33133,-1.62123,2.88645,0,0,0,,,
75.348,odom,map,-1.34182,-1.6184,2.86978,0,0,0,,,
75.384,odom,map,-1.35221,-1.61541,2.8532,0,0,0,,,
75.42,odom,map,-1.36241,-1.61229,2.83662,0,0,0,,,
75.384,ekf_predict_only,map,-1.47152,-1.57956,2.78028,211.502,158.301,-85.2224,,,
75.384,ekf,map,-1.43822,-1.59577,2.8516,0.135332,0.135526,2.1641e-06,0.060334,,
75.384,kf,map,-1.43824,-1.59601,2.85126,0.124753,0.124753,-4.67184e-25,0.084208,,
75.384,pf,map,-1.46165,-1.61008,2.83766,0.123025,0.127602,-0.00599909,5.106,468.096,0
75.456,odom,map,-1.37246,-1.60904,2.8202,0,0,0,,,
75.492,odom,map,-1.38242,-1.60563,2.80387,0,0,0,,,
75.528,odom,map,-1.39221,-1.6021,2.78756,0,0,0,,,
75.564,odom,map,-1.40184,-1.59845,2.77149,0,0,0,,,
75.6,odom,map,-1.41139,-1.59466,2.75563,0,0,0,,,
75.6,ekf,map,-1.49709,-1.57522,2.7552,0.137436,0.137657,1.69693e-05,0.055625,,
75.6,kf,map,-1.49701,-1.57561,2.75523,0.125105,0.125105,-6.5513e-26,0.105292,,
75.6,ekf_predict_only,map,-1.52802,-1.55821,2.68558,209.106,163.329,-87.7456,,,
75.6,amcl,map,-1.43051,-1.56834,2.73448,0.0704043,0.0433022,-0.0298522,,,
75.6,pf,map,-1.52323,-1.58735,2.7419,0.115339,0.124587,-0.00780352,6.7915,461.925,0
75.636,odom,map,-1.42076,-1.59077,2.73982,0,0,0,,,
75.672,odom,map,-1.42995,-1.58678,2.72402,0,0,0,,,
75.708,odom,map,-1.43892,-1.58271,2.70835,0,0,0,,,
75.744,odom,map,-1.44778,-1.57853,2.69273,0,0,0,,,
75.78,odom,map,-1.45635,-1.57432,2.67714,0,0,0,,,
75.816,odom,map,-1.46488,-1.56876,2.66098,0,0,0,,,
75.816,kf,map,-1.54972,-1.55128,2.66133,0.125155,0.125155,-9.17476e-27,0.060209,,
75.816,ekf_predict_only,map,-1.57748,-1.53395,2.5931,206.392,167.929,-89.6366,,,
75.816,ekf,map,-1.54991,-1.55077,2.66116,0.13793,0.138136,2.9532e-05,0.069208,,
75.816,pf,map,-1.57573,-1.60275,2.65987,0.134297,0.121655,-0.00540341,8.38171,471.302,0
75.852,odom,map,-1.47355,-1.56104,2.64391,0,0,0,,,
75.888,odom,map,-1.48194,-1.55328,2.62696,0,0,0,,,
75.924,odom,map,-1.4901,-1.54546,2.61012,0,0,0,,,
75.96,odom,map,-1.4978,-1.53773,2.59363,0,0,0,,,
75.996,odom,map,-1.50533,-1.52993,2.57721,0,0,0,,,
76.032,odom,map,-1.51197,-1.52531,2.56265,0,0,0,,,
75.996,ekf_predict_only,map,-1.61035,-1.51387,2.52166,204.209,171.144,-90.6654,,,
75.996,ekf,map,-1.58661,-1.52958,2.58691,0.135356,0.135505,3.10877e-05,0.060625,,
75.996,kf,map,-1.58635,-1.53006,2.5872,0.12476,0.12476,-1.29846e-27,0.111875,,
75.996,pf,map,-1.61171,-1.5285,2.58246,0.119513,0.135753,0.00644829,8.96775,489.04,0
76.068,odom,map,-1.5181,-1.52124,2.54883,0,0,0,,,
76.104,odom,map,-1.52384,-1.51732,2.53534,0,0,0,,,
76.14,odom,map,-1.52933,-1.51346,2.52194,0,0,0,,,
76.176,odom,map,-1.53456,-1.50968,2.50881,0,0,0,,,
76.212,odom,map,-1.5394,-1.50608,2.49599,0,0,0,,,
76.212,ekf_predict_only,map,-1.6391,-1.49335,2.44513,202.003,174.039,-91.389,,,
76.212,kf,map,-1.61991,-1.50732,2.50685,0.125106,0.125106,-1.82078e-28,0.062167,,
76.212,ekf,map,-1.62032,-1.50673,2.50638,0.137329,0.137468,3.95957e-05,0.07175,,
76.2,amcl,map,-1.55658,-1.50369,2.48681,0.0530269,0.0462638,-0.0287161,,,
76.212,pf,map,-1.63585,-1.50123,2.51449,0.121715,0.127263,0.00174517,4.70529,472.465,0
76.248,odom,map,-1.54385,-1.50268,2.48317,0,0,0,,,
76.284,odom,map,-1.54786,-1.49954,2.47054,0,0,0,,,
76.32,odom,map,-1.55169,-1.49646,2.45797,0,0,0,,,
76.356,odom,map,-1.55534,-1.49345,2.44565,0,0,0,,,
76.392,odom,map,-1.55865,-1.49066,2.43374,0,0,0,,,
76.428,odom,map,-1.56359,-1.48673,2.42046,0,0,0,,,
76.392,ekf_predict_only,map,-1.6549,-1.48014,2.38618,200.668,175.744,-91.6773,,,
76.392,ekf,map,-1.63994,-1.49116,2.44397,0.13526,0.135352,3.17613e-05,0.057959,,
76.392,kf,map,-1.63956,-1.49165,2.44442,0.124754,0.124754,-2.57732e-29,0.098708,,
76.392,pf,map,-1.67503,-1.48476,2.43036,0.11239,0.129226,-0.000886877,5.41704,477.82,0
76.464,odom,map,-1.56904,-1.48243,2.40668,0,0,0,,,
76.5,odom,map,-1.57407,-1.47843,2.39373,0,0,0,,,
76.536,odom,map,-1.57815,-1.47526,2.38332,0,0,0,,,
76.572,odom,map,-1.58127,-1.47297,2.3755,0,0,0,,,
76.608,odom,map,-1.58325,-1.47161,2.37073,0,0,0,,,
76.608,ekf_predict_only,map,-1.6549,-1.48014,2.38618,200.868,175.944,-91.6773,,,
76.608,ekf,map,-1.64832,-1.48353,2.40738,0.137367,0.137442,2.89971e-05,0.059083,,
76.608,kf,map,-1.64746,-1.48443,2.41081,0.125106,0.125106,-3.61417e-30,0.067542,,
76.608,pf,map,-1.68324,-1.44801,2.377,0.125153,0.121557,0.00100263,4.44808,483.978,0
76.644,odom,map,-1.58325,-1.47161,2.37007,0,0,0,,,
76.68,odom,map,-1.58325,-1.47161,2.37007,0,0,0,,,
76.716,odom,map,-1.58325,-1.47161,2.37007,0,0,0,,,
76.752,odom,map,-1.58325,-1.47161,2.37007,0,0,0,,,
76.788,odom,map,-1.58325,-1.47161,2.37007,0,0,0,,,
76.824,odom,map,-1.58325,-1.47161,2.37007,0,0,0,,,
76.788,kf,map,-1.65041,-1.48173,2.39785,0.124753,0.124753,-5.1159e-31,0.060375,,
76.788,ekf_predict_only,map,-1.6549,-1.48014,2.38618,201.068,176.144,-91.6773,,,
76.788,ekf,map,-1.65094,-1.48121,2.39564,0.135306,0.135352,1.83655e-05,0.071625,,
76.788,pf,map,-1.67587,-1.45297,2.37524,0.111774,0.139592,0.00256754,15.3248,489.851,0
76.86,odom,map,-1.58325,-1.47161,2.37007,0,0,0,,,
76.896,odom,map,-1.58353,-1.47133,2.37005,0,0,0,,,
76.932,odom,map,-1.58436,-1.47053,2.36973,0,0,0,,,
76.968,odom,map,-1.5854,-1.46952,2.36923,0,0,0,,,
77.004,odom,map,-1.5867,-1.46835,2.36841,0,0,0,,,
77.004,ekf_predict_only,map,-1.66396,-1.4716,2.3802,200.283,177.215,-91.7902,,,
77.004,ekf,map,-1.65704,-1.47557,2.38879,0.137412,0.137447,1.49704e-05,0.100417,,
77.004,kf,map,-1.65713,-1.47552,2.38969,0.125105,0.125105,-7.17401e-32,0.099708,,
77.004,pf,map,-1.65514,-1.45989,2.36714,0.119718,0.127138,0.00656073,4.81171,459.384,0
77.04,odom,map,-1.58918,-1.46772,2.36674,0,0,0,,,
77.076,odom,map,-1.59207,-1.46669,2.36446,0,0,0,,,
77.112,odom,map,-1.59524,-1.46536,2.36168,0,0,0,,,
77.148,odom,map,-1.59863,-1.46381,2.35836,0,0,0,,,
77.184,odom,map,-1.60188,-1.46237,2.35365,0,0,0,,,
77.22,odom,map,-1.60462,-1.46041,2.3481,0,0,0,,,
77.184,ekf_predict_only,map,-1.67618,-1.45996,2.35328,199.147,178.598,-91.9274,,,
77.184,ekf,map,-1.66775,-1.46548,2.37109,0.135336,0.135357,1.02836e-05,0.081292,,
77.184,kf,map,-1.6679,-1.46534,2.37071,0.124753,0.124753,-1.01549e-32,0.064583,,
77.184,pf,map,-1.66563,-1.46025,2.36136,0.129224,0.122415,0.00153757,5.36442,465.912,0
77.256,odom,map,-1.60687,-1.4581,2.34197,0,0,0,,,
77.292,odom,map,-1.60895,-1.45595,2.3346,0,0,0,,,
77.328,odom,map,-1.61093,-1.45386,2.32557,0,0,0,,,
77.364,odom,map,-1.61293,-1.45171,2.31564,0,0,0,,,
77.4,odom,map,-1.61492,-1.44954,2.30525,0,0,0,,,
77.4,ekf_predict_only,map,-1.68883,-1.44723,2.27929,197.898,180.033,-92.0265,,,
77.4,kf,map,-1.68024,-1.45304,2.31583,0.125105,0.125105,-1.42402e-33,0.056333,,
77.4,ekf,map,-1.68018,-1.45315,2.31783,0.137438,0.137454,1.06277e-05,0.066167,,
77.4,pf,map,-1.69157,-1.44456,2.31412,0.124123,0.122033,0.00361949,4.75229,475.175,0
77.436,odom,map,-1.61691,-1.44731,2.29336,0,0,0,,,
77.472,odom,map,-1.61893,-1.44498,2.2805,0,0,0,,,
77.508,odom,map,-1.62096,-1.44259,2.26713,0,0,0,,,
77.544,odom,map,-1.6231,-1.44,2.2533,0,0,0,,,
77.58,odom,map,-1.62541,-1.43711,2.23888,0,0,0,,,
77.616,odom,map,-1.62792,-1.43388,2.22405,0,0,0,,,
77.616,ekf_predict_only,map,-1.70616,-1.42701,2.18937,195.817,181.943,-92.006,,,
77.616,kf,map,-1.69515,-1.43617,2.23852,0.125155,0.125155,-1.99427e-34,0.129542,,
77.616,ekf,map,-1.69486,-1.43652,2.24043,0.13793,0.137941,1.15215e-05,0.059791,,
77.601,amcl,map,-1.64573,-1.43974,2.22846,0.0460438,0.0571041,-0.0326809,,,
77.616,pf,map,-1.72243,-1.45341,2.25229,0.14025,0.12446,-0.0165818,5.59225,472.299,0
77.652,odom,map,-1.63059,-1.43033,2.20906,0,0,0,,,
77.688,odom,map,-1.63341,-1.42647,2.19369,0,0,0,,,
77.724,odom,map,-1.63638,-1.42226,2.17804,0,0,0,,,
77.76,odom,map,-1.6396,-1.41755,2.16229,0,0,0,,,
77.796,odom,map,-1.64281,-1.41269,2.14654,0,0,0,,,
77.832,odom,map,-1.64606,-1.4076,2.13076,0,0,0,,,
77.796,ekf_predict_only,map,-1.72422,-1.40164,2.11034,193.195,183.947,-91.7431,,,
77.796,ekf,map,-1.71043,-1.41539,2.16624,0.135358,0.135362,1.2751e-05,0.059833,,
77.796,kf,map,-1.7108,-1.41497,2.16515,0.12476,0.12476,-2.82238e-35,0.056458,,
77.796,pf,map,-1.74389,-1.44754,2.16218,0.134186,0.112403,-0.00202874,9.34538,461.362,0
77.868,odom,map,-1.64945,-1.40209,2.11498,0,0,0,,,
77.904,odom,map,-1.65282,-1.39643,2.09921,0,0,0,,,
77.94,odom,map,-1.65615,-1.39062,2.0833,0,0,0,,,
77.976,odom,map,-1.65949,-1.38456,2.06754,0,0,0,,,
78.012,odom,map,-1.66287,-1.37821,2.05193,0,0,0,,,
78.012,ekf_predict_only,map,-1.74688,-1.3638,2.01696,189.268,186.442,-91.0623,,,
78.012,kf,map,-1.7317,-1.38123,2.07313,0.125106,0.125106,-3.95772e-36,0.066042,,
78.012,ekf,map,-1.73123,-1.38164,2.0736,0.13734,0.137336,2.27166e-05,2.68954,,
78.012,pf,map,-1.74689,-1.39718,2.05573,0.133676,0.12893,-0.00465624,6.62225,456.721,0
78.048,odom,map,-1.66622,-1.37166,2.03637,0,0,0,,,
78.084,odom,map,-1.66955,-1.3649,2.02094,0,0,0,,,
78.12,odom,map,-1.67296,-1.35772,2.00557,0,0,0,,,
78.156,odom,map,-1.67639,-1.35017,1.9905,0,0,0,,,
78.192,odom,map,-1.67983,-1.3423,1.97564,0,0,0,,,
78.228,odom,map,-1.68324,-1.33419,1.9611,0,0,0,,,
78.192,ekf_predict_only,map,-1.76621,-1.32337,1.94532,185.169,188.629,-90.0144,,,
78.192,kf,map,-1.74947,-1.34534,1.9991,0.124754,0.124754,-5.60218e-37,0.121459,,
78.192,ekf,map,-1.74899,-1.34575,1.99905,0.135283,0.135267,2.73645e-05,0.098708,,
78.201,amcl,map,-1.69572,-1.3677,1.98754,0.0396965,0.0572917,-0.0314202,,,
78.192,pf,map,-1.74685,-1.34308,1.96804,0.123003,0.132079,0.000765756,4.97346,459.99,0
78.264,odom,map,-1.68667,-1.32569,1.94684,0,0,0,,,
78.3,odom,map,-1.69003,-1.31699,1.93262,0,0,0,,,
78.336,odom,map,-1.69333,-1.30807,1.9187,0,0,0,,,
78.372,odom,map,-1.69664,-1.29874,1.90526,0,0,0,,,
78.408,odom,map,-1.70067,-1.28926,1.89223,0,0,0,,,
78.408,ekf_predict_only,map,-1.78894,-1.26554,1.86886,179.414,191.197,-88.1726,,,
78.408,kf,map,-1.771,-1.29245,1.91744,0.125106,0.125106,-7.85591e-38,0.054417,,
78.408,ekf,map,-1.77038,-1.2929,1.9169,0.137427,0.137383,4.50347e-05,0.083333,,
78.408,pf,map,-1.75855,-1.30362,1.88126,0.134123,0.126529,-0.003554,4.6245,490.633,0
78.444,odom,map,-1.7072,-1.2802,1.87917,0,0,0,,,
78.48,odom,map,-1.71365,-1.27096,1.86652,0,0,0,,,
78.516,odom,map,-1.72003,-1.26147,1.85427,0,0,0,,,
78.552,odom,map,-1.72641,-1.25153,1.84257,0,0,0,,,
78.588,odom,map,-1.73267,-1.24149,1.83099,0,0,0,,,
78.588,kf,map,-1.78702,-1.24162,1.85798,0.124753,0.124753,-1.11201e-38,0.05975,,
78.624,odom,map,-1.73673,-1.23077,1.81998,0,0,0,,,
78.588,ekf,map,-1.78648,-1.24198,1.85733,0.135388,0.135324,4.73881e-05,0.056,,
78.588,ekf_predict_only,map,-1.80568,-1.21107,1.8149,174.216,193.163,-86.1272,,,
78.588,pf,map,-1.78942,-1.27515,1.83285,0.12035,0.125544,0.00870328,10.1701,474.81,0
78.66,odom,map,-1.73953,-1.21951,1.80962,0,0,0,,,
78.696,odom,map,-1.74224,-1.20814,1.79939,0,0,0,,,
78.732,odom,map,-1.74485,-1.19664,1.78945,0,0,0,,,
78.768,odom,map,-1.7474,-1.18493,1.78001,0,0,0,,,
78.804,odom,map,-1.74986,-1.17307,1.77118,0,0,0,,,
78.804,ekf_predict_only,map,-1.82328,-1.14038,1.76416,167.718,195.242,-83.1891,,,
78.804,ekf,map,-1.80393,-1.17406,1.79859,0.137555,0.137436,6.52694e-05,0.84925,,
78.804,kf,map,-1.80451,-1.17379,1.79956,0.125105,0.125105,-1.55937e-39,0.061875,,
78.804,pf,map,-1.82765,-1.15989,1.75742,0.115012,0.123997,0.000194387,4.60133,462.798,0
78.84,odom,map,-1.75223,-1.16116,1.76273,0,0,0,,,
78.876,odom,map,-1.7545,-1.14917,1.75455,0,0,0,,,
78.912,odom,map,-1.7567,-1.13709,1.74711,0,0,0,,,
78.948,odom,map,-1.75882,-1.12497,1.74012,0,0,0,,,
78.984,odom,map,-1.76085,-1.11284,1.73356,0,0,0,,,
79.02,odom,map,-1.76286,-1.10308,1.72917,0,0,0,,,
78.984,kf,map,-1.81635,-1.11456,1.762,0.124753,0.124753,-2.20731e-40,0.069291,,
78.984,ekf,map,-1.81587,-1.11469,1.76102,0.135489,0.135355,5.90863e-05,0.058,,
78.984,ekf_predict_only,map,-1.83513,-1.0799,1.73429,162.463,196.718,-80.4647,,,
79.002,amcl,map,-1.75064,-1.15738,1.74993,0.0333234,0.0675005,-0.027502,,,
78.984,pf,map,-1.82987,-1.08396,1.7164,0.120217,0.114286,-0.00858283,6.21071,477.676,0
79.056,odom,map,-1.7649,-1.09529,1.7269,0,0,0,,,
79.092,odom,map,-1.76695,-1.08751,1.72487,0,0,0,,,
79.128,odom,map,-1.76901,-1.07978,1.72313,0,0,0,,,
79.164,odom,map,-1.77108,-1.0721,1.722,0,0,0,,,
79.2,odom,map,-1.77318,-1.06441,1.72141,0,0,0,,,
79.2,ekf_predict_only,map,-1.84701,-1.00786,1.71295,156.497,198.209,-77.0617,,,
79.2,ekf,map,-1.82809,-1.04277,1.73163,0.137653,0.137456,6.92442e-05,0.116208,,
79.2,kf,map,-1.82853,-1.04277,1.73272,0.125105,0.125105,-3.09531e-41,0.072917,,
79.2,pf,map,-1.82123,-1.00793,1.7034,0.134347,0.133231,0.000762056,4.56492,485.269,0
79.236,odom,map,-1.775,-1.05249,1.71793,0,0,0,,,
79.272,odom,map,-1.77675,-1.04052,1.71471,0,0,0,,,
79.308,odom,map,-1.77846,-1.02864,1.71199,0,0,0,,,
79.344,odom,map,-1.78011,-1.01689,1.70998,0,0,0,,,
79.38,odom,map,-1.78175,-1.00515,1.70804,0,0,0,,,
79.416,odom,map,-1.78336,-0.993414,1.7064,0,0,0,,,
79.416,kf,map,-1.83883,-0.972033,1.71705,0.125155,0.125155,-4.33482e-42,0.104791,,
79.416,ekf_predict_only,map,-1.85708,-0.93754,1.70423,151.03,199.509,-73.6227,,,
79.416,ekf,map,-1.83847,-0.971953,1.71599,0.138167,0.137941,6.60813e-05,0.1285,,
79.416,pf,map,-1.82852,-0.965384,1.69883,0.129972,0.12683,0.00207415,6.90225,471.759,0
79.452,odom,map,-1.78494,-0.981752,1.70523,0,0,0,,,
79.488,odom,map,-1.78651,-0.97014,1.70434,0,0,0,,,
79.524,odom,map,-1.78804,-0.958675,1.70389,0,0,0,,,
79.56,odom,map,-1.78957,-0.947268,1.70382,0,0,0,,,
79.596,odom,map,-1.79108,-0.935989,1.70432,0,0,0,,,
79.632,odom,map,-1.79259,-0.924757,1.7051,0,0,0,,,
79.596,ekf,map,-1.84631,-0.914791,1.71374,0.135558,0.135359,4.99931e-05,0.1065,,
79.596,ekf_predict_only,map,-1.86461,-0.881376,1.70813,146.953,200.538,-70.8217,,,
79.596,kf,map,-1.84655,-0.914918,1.71462,0.12476,0.12476,-6.13485e-43,0.107334,,
79.596,pf,map,-1.83623,-0.917053,1.68887,0.121283,0.125408,0.00467459,6.05879,490.818,0
79.668,odom,map,-1.79413,-0.913442,1.70538,0,0,0,,,
79.704,odom,map,-1.79567,-0.901985,1.70404,0,0,0,,,
79.74,odom,map,-1.79718,-0.890628,1.70198,0,0,0,,,
79.776,odom,map,-1.79865,-0.879368,1.69954,0,0,0,,,
79.812,odom,map,-1.79949,-0.869561,1.69669,0,0,0,,,
79.812,ekf_predict_only,map,-1.87394,-0.813901,1.68753,142.307,201.769,-67.4265,,,
79.812,ekf,map,-1.85587,-0.846756,1.69995,0.137568,0.137326,5.23826e-05,0.140792,,
79.812,kf,map,-1.85592,-0.846852,1.69967,0.125106,0.125106,-8.60266e-44,0.105459,,
79.8,amcl,map,-1.79058,-0.905591,1.69642,0.031311,0.080468,-0.0200995,,,
79.812,pf,map,-1.86431,-0.862922,1.70987,0.144554,0.134669,0.00149242,7.79971,460.583,0
79.848,odom,map,-1.79891,-0.863061,1.6931,0,0,0,,,
79.884,odom,map,-1.79827,-0.85671,1.68868,0,0,0,,,
79.92,odom,map,-1.79758,-0.850375,1.68408,0,0,0,,,
79.956,odom,map,-1.79683,-0.844147,1.67874,0,0,0,,,
79.992,odom,map,-1.79601,-0.838018,1.67243,0,0,0,,,
79.992,ekf,map,-1.86262,-0.79192,1.67193,0.135463,0.135254,4.04233e-05,0.061834,,
80.028,odom,map,-1.79652,-0.828584,1.66509,0,0,0,,,
79.992,ekf_predict_only,map,-1.8802,-0.760555,1.64914,138.904,202.664,-64.6742,,,
79.992,kf,map,-1.86256,-0.792065,1.67102,0.124754,0.124754,-1.21771e-44,0.105875,,
79.992,pf,map,-1.89885,-0.81193,1.6762,0.139364,0.139777,-0.000244312,5.68208,452.853,0
80.064,odom,map,-1.79749,-0.817886,1.65741,0,0,0,,,
80.1,odom,map,-1.79838,-0.807233,1.64914,0,0,0,,,
80.136,odom,map,-1.79916,-0.796654,1.63993,0,0,0,,,
80.172,odom,map,-1.79983,-0.786216,1.62998,0,0,0,,,
80.208,odom,map,-1.8004,-0.775786,1.61999,0,0,0,,,
80.208,ekf_predict_only,map,-1.8851,-0.698075,1.58915,135.139,203.411,-61.3464,,,
80.208,ekf,map,-1.86811,-0.728236,1.62046,0.137603,0.137361,4.13782e-05,0.057875,,
80.208,kf,map,-1.86806,-0.728399,1.61937,0.125106,0.125106,-1.70759e-45,0.60725,,
80.208,pf,map,-1.8757,-0.730775,1.60798,0.114573,0.116904,-0.00197203,4.58442,480.557,0
80.244,odom,map,-1.80085,-0.765427,1.60941,0,0,0,,,
80.28,odom,map,-1.80118,-0.755304,1.5976,0,0,0,,,
80.316,odom,map,-1.80139,-0.74524,1.58556,0,0,0,,,
80.352,odom,map,-1.80148,-0.735405,1.57289,0,0,0,,,
80.388,odom,map,-1.80143,-0.725751,1.55941,0,0,0,,,
80.424,odom,map,-1.80126,-0.716269,1.54526,0,0,0,,,
80.388,ekf_predict_only,map,-1.88596,-0.65127,1.51665,132.551,203.707,-58.7578,,,
80.388,ekf,map,-1.86946,-0.678851,1.55865,0.135501,0.135302,2.97191e-05,0.061042,,
80.388,kf,map,-1.86941,-0.679111,1.55741,0.124753,0.124753,-2.41712e-46,0.097917,,
80.388,pf,map,-1.915,-0.681374,1.54461,0.120527,0.129318,-0.00132907,8.18737,477.536,0
80.46,odom,map,-1.80095,-0.706912,1.53076,0,0,0,,,
80.496,odom,map,-1.80052,-0.697754,1.51571,0,0,0,,,
80.532,odom,map,-1.79995,-0.688737,1.5002,0,0,0,,,
80.568,odom,map,-1.79926,-0.679978,1.48343,0,0,0,,,
80.604,odom,map,-1.79843,-0.671318,1.46648,0,0,0,,,
80.604,ekf,map,-1.86704,-0.624728,1.46549,0.137624,0.137409,2.59369e-05,0.106833,,
80.604,kf,map,-1.86708,-0.625152,1.46398,0.125105,0.125105,-3.38952e-47,0.055209,,
80.604,ekf_predict_only,map,-1.88323,-0.60086,1.41169,129.922,203.602,-55.8672,,,
80.601,amcl,map,-1.82836,-0.658772,1.46431,0.024061,0.0801896,-0.0138229,,,
80.604,pf,map,-1.8771,-0.61914,1.4504,0.130338,0.119733,-0.00674048,6.27458,476.212,0
80.64,odom,map,-1.79771,-0.664189,1.44848,0,0,0,,,
80.676,odom,map,-1.79688,-0.65739,1.42972,0,0,0,,,
80.712,odom,map,-1.79589,-0.65066,1.41078,0,0,0,,,
80.748,odom,map,-1.79479,-0.644249,1.39143,0,0,0,,,
80.784,odom,map,-1.7936,-0.638195,1.37164,0,0,0,,,
80.82,odom,map,-1.79222,-0.631797,1.3517,0,0,0,,,
80.784,kf,map,-1.86147,-0.586059,1.37355,0.124753,0.124753,-4.79791e-48,0.116084,,
80.784,ekf,map,-1.86137,-0.585544,1.3748,0.135497,0.135333,1.49896e-05,0.056667,,
80.784,ekf_predict_only,map,-1.87769,-0.566378,1.31221,128.291,203.186,-53.8006,,,
80.784,pf,map,-1.88209,-0.574979,1.37011,0.126998,0.123691,0.00448452,8.42446,473.545,0
80.856,odom,map,-1.79063,-0.624995,1.3318,0,0,0,,,
80.892,odom,map,-1.78896,-0.618425,1.31155,0,0,0,,,
80.928,odom,map,-1.78721,-0.612078,1.29095,0,0,0,,,
80.964,odom,map,-1.78541,-0.606058,1.27002,0,0,0,,,
81,odom,map,-1.78351,-0.600149,1.24909,0,0,0,,,
81,ekf_predict_only,map,-1.86817,-0.530372,1.18663,126.67,202.331,-51.5649,,,
81,ekf,map,-1.85162,-0.54606,1.25436,0.137596,0.137433,8.27045e-06,0.059708,,
81,amcl,map,-1.81738,-0.572085,1.25635,0.0217266,0.0742075,-0.0102763,,,
81,kf,map,-1.85184,-0.546527,1.25344,0.125105,0.125105,-6.72809e-49,0.054792,,
81,pf,map,-1.87091,-0.548368,1.23721,0.140986,0.112831,0.000821868,7.74904,474.478,0
81.036,odom,map,-1.78155,-0.594447,1.22793,0,0,0,,,
81.072,odom,map,-1.77957,-0.589091,1.20651,0,0,0,,,
81.108,odom,map,-1.7776,-0.58408,1.18483,0,0,0,,,
81.144,odom,map,-1.77559,-0.57928,1.163,0,0,0,,,
81.18,odom,map,-1.77357,-0.574749,1.14109,0,0,0,,,
81.216,odom,map,-1.77163,-0.570634,1.11892,0,0,0,,,
81.216,ekf_predict_only,map,-1.85814,-0.50557,1.05307,125.67,201.427,-49.9569,,,
81.216,ekf,map,-1.8402,-0.516826,1.12476,0.138057,0.137923,1.57548e-06,0.069,,
81.216,kf,map,-1.84055,-0.517362,1.12405,0.125155,0.125155,-9.42235e-50,0.06325,,
81.216,pf,map,-1.88116,-0.531287,1.10891,0.119983,0.118974,0.00451518,4.80021,474.799,0
81.252,odom,map,-1.76964,-0.566645,1.09666,0,0,0,,,
81.288,odom,map,-1.76766,-0.562892,1.07438,0,0,0,,,
81.324,odom,map,-1.76585,-0.559633,1.05193,0,0,0,,,
81.36,odom,map,-1.76415,-0.556725,1.02921,0,0,0,,,
81.396,odom,map,-1.76247,-0.554012,1.00634,0,0,0,,,
81.396,ekf_predict_only,map,-1.85108,-0.493164,0.938364,125.286,200.853,-49.1115,,,
81.396,kf,map,-1.8315,-0.500707,1.01223,0.12476,0.12476,-1.3335e-50,0.059791,,
81.432,odom,map,-1.76539,-0.548288,0.983368,0,0,0,,,
81.396,ekf,map,-1.83115,-0.500209,1.0127,0.135433,0.135348,-1.77992e-06,0.993875,,
81.402,amcl,map,-1.78587,-0.522673,1.00454,0.0206632,0.0709016,-0.00639489,,,
81.396,pf,map,-1.86497,-0.511801,0.99091,0.131446,0.121016,0.00953205,7.5045,479.583,0
81.468,odom,map,-1.76903,-0.542503,0.960218,0,0,0,,,
81.504,odom,map,-1.77284,-0.537061,0.937158,0,0,0,,,
81.54,odom,map,-1.77665,-0.531701,0.91411,0,0,0,,,
81.576,odom,map,-1.78061,-0.526616,0.890739,0,0,0,,,
81.612,odom,map,-1.78314,-0.522859,0.867407,0,0,0,,,
81.612,ekf_predict_only,map,-1.84592,-0.486124,0.799237,125.16,200.491,-48.6081,,,
81.612,ekf,map,-1.82343,-0.48918,0.874815,0.137386,0.137316,-3.58149e-06,0.09875,,
81.612,kf,map,-1.82383,-0.48969,0.874529,0.125106,0.125106,-1.86991e-51,0.056083,,
81.612,pf,map,-1.85149,-0.467377,0.85665,0.127351,0.131157,0.00264242,7.83346,487.603,0
81.648,odom,map,-1.78228,-0.521863,0.844233,0,0,0,,,
81.684,odom,map,-1.78144,-0.520949,0.821065,0,0,0,,,
81.72,odom,map,-1.78073,-0.520203,0.798105,0,0,0,,,
81.756,odom,map,-1.78032,-0.519789,0.775206,0,0,0,,,
81.792,odom,map,-1.77995,-0.519428,0.752302,0,0,0,,,
81.828,odom,map,-1.78051,-0.518192,0.730699,0,0,0,,,
81.792,ekf_predict_only,map,-1.84512,-0.485298,0.686421,125.322,200.603,-48.5446,,,
81.792,ekf,map,-1.82009,-0.485439,0.760834,0.13529,0.135247,-2.82521e-06,0.061167,,
81.792,kf,map,-1.82044,-0.485852,0.760817,0.124754,0.124754,-2.64687e-52,0.107125,,
81.801,amcl,map,-1.77103,-0.495089,0.738711,0.0197255,0.0607897,-0.00671072,,,
81.792,pf,map,-1.84552,-0.465198,0.748696,0.134364,0.121228,-0.00444582,6.52046,466.466,0
81.864,odom,map,-1.7816,-0.516773,0.709527,0,0,0,,,
81.9,odom,map,-1.78289,-0.515514,0.688567,0,0,0,,,
81.936,odom,map,-1.78434,-0.514383,0.667865,0,0,0,,,
81.972,odom,map,-1.78598,-0.513378,0.647368,0,0,0,,,
82.008,odom,map,-1.78755,-0.512804,0.626718,0,0,0,,,
82.008,ekf,map,-1.82174,-0.486651,0.62817,0.137388,0.137354,-2.49388e-06,0.063125,,
82.008,ekf_predict_only,map,-1.84948,-0.48887,0.556144,125.687,201.278,-48.8398,,,
82.008,kf,map,-1.82209,-0.487045,0.628376,0.125106,0.125106,-3.7117e-53,2.91583,,
82.008,pf,map,-1.84999,-0.477325,0.612583,0.130657,0.137688,0.00110468,8.54221,479.639,0
82.044,odom,map,-1.78848,-0.51346,0.605151,0,0,0,,,
82.08,odom,map,-1.78947,-0.514127,0.583614,0,0,0,,,
82.116,odom,map,-1.79059,-0.514855,0.562232,0,0,0,,,
82.152,odom,map,-1.79207,-0.515764,0.541278,0,0,0,,,
82.188,odom,map,-1.79377,-0.516761,0.520601,0,0,0,,,
82.224,odom,map,-1.79437,-0.517463,0.499433,0,0,0,,,
82.188,ekf,map,-1.82792,-0.490469,0.522377,0.135318,0.135298,-1.9153e-06,0.062042,,
82.188,kf,map,-1.82821,-0.490798,0.522685,0.124753,0.124753,-5.25395e-54,0.055959,,
82.2,amcl,map,-1.78737,-0.514757,0.506707,0.0173406,0.0480036,-0.00418821,,,
82.188,ekf_predict_only,map,-1.85827,-0.494334,0.453309,126.141,202.44,-49.3432,,,
82.188,pf,map,-1.8506,-0.498006,0.504066,0.150844,0.142366,0.000816675,7.90125,479.507,0
82.26,odom,map,-1.79443,-0.518016,0.478182,0,0,0,,,
82.296,odom,map,-1.79463,-0.518587,0.457206,0,0,0,,,
82.332,odom,map,-1.79494,-0.519152,0.436427,0,0,0,,,
82.368,odom,map,-1.79536,-0.519711,0.41582,0,0,0,,,
82.404,odom,map,-1.79605,-0.52031,0.395474,0,0,0,,,
82.404,ekf_predict_only,map,-1.87326,-0.50164,0.33706,126.684,204.295,-50.0983,,,
82.404,kf,map,-1.8408,-0.496986,0.403092,0.125105,0.125105,-7.3676e-55,0.060041,,
82.404,ekf,map,-1.84053,-0.496664,0.402666,0.137421,0.137408,-2.82397e-06,0.766709,,
82.404,pf,map,-1.8254,-0.482381,0.382189,0.129837,0.13683,-0.00760534,4.60617,464.258,0
82.44,odom,map,-1.79858,-0.521338,0.376246,0,0,0,,,
82.476,odom,map,-1.80112,-0.522312,0.357067,0,0,0,,,
82.512,odom,map,-1.80385,-0.5233,0.338235,0,0,0,,,
82.548,odom,map,-1.80676,-0.524292,0.319867,0,0,0,,,
82.584,odom,map,-1.80986,-0.525291,0.302182,0,0,0,,,
82.584,kf,map,-1.8544,-0.501771,0.310625,0.124753,0.124753,-1.04289e-55,0.062166,,
82.62,odom,map,-1.81263,-0.524845,0.283601,0,0,0,,,
82.584,ekf,map,-1.85419,-0.50151,0.310089,0.135341,0.135335,-3.27443e-06,0.354125,,
82.584,ekf_predict_only,map,-1.88879,-0.507082,0.249283,127.142,206.225,-50.7698,,,
82.602,amcl,map,-1.80577,-0.531221,0.29942,0.0158678,0.0568983,-0.00711666,,,
82.584,pf,map,-1.83848,-0.485564,0.294974,0.12375,0.124855,-0.00309307,13.8105,476.144,0
82.656,odom,map,-1.81524,-0.523255,0.264537,0,0,0,,,
82.692,odom,map,-1.81812,-0.521664,0.246163,0,0,0,,,
82.728,odom,map,-1.82117,-0.520036,0.228371,0,0,0,,,
82.764,odom,map,-1.82427,-0.518343,0.210818,0,0,0,,,
82.8,odom,map,-1.82715,-0.516528,0.193768,0,0,0,,,
82.8,ekf_predict_only,map,-1.88879,-0.507082,0.224151,127.342,206.425,-50.7698,,,
82.8,ekf,map,-1.86821,-0.504733,0.233195,0.13744,0.137437,-3.56555e-06,0.058417,,
82.8,kf,map,-1.867,-0.504593,0.23804,0.125105,0.125105,-1.46245e-56,0.0595,,
82.8,pf,map,-1.8656,-0.531231,0.176817,0.125889,0.134173,-0.00190277,8.887,476.483,0
82.836,odom,map,-1.82951,-0.516911,0.180925,0,0,0,,,
82.872,odom,map,-1.83063,-0.51711,0.170724,0,0,0,,,
82.908,odom,map,-1.83072,-0.517125,0.163115,0,0,0,,,
82.944,odom,map,-1.83072,-0.517125,0.158099,0,0,0,,,
82.98,odom,map,-1.83072,-0.517125,0.155674,0,0,0,,,
83.016,odom,map,-1.83125,-0.518153,0.156031,0,0,0,,,
83.016,ekf,map,-1.87506,-0.506291,0.190541,0.137927,0.137925,-2.79605e-06,0.065875,,
83.016,kf,map,-1.87397,-0.506103,0.196303,0.125155,0.125155,-2.04808e-57,0.06125,,
83.016,ekf_predict_only,map,-1.88879,-0.507082,0.224151,127.542,206.625,-50.7698,,,
83.016,pf,map,-1.87245,-0.521649,0.154637,0.12248,0.134339,-0.0023571,6.77954,468.286,0
83.052,odom,map,-1.8326,-0.520795,0.157579,0,0,0,,,
83.088,odom,map,-1.83395,-0.523438,0.159127,0,0,0,,,
83.124,odom,map,-1.83531,-0.52608,0.160675,0,0,0,,,
83.16,odom,map,-1.83666,-0.528723,0.162223,0,0,0,,,
83.196,odom,map,-1.83802,-0.531365,0.163771,0,0,0,,,
83.196,ekf_predict_only,map,-1.88879,-0.507082,0.224151,127.742,206.825,-50.7698,,,
83.232,odom,map,-1.83817,-0.531659,0.163943,0,0,0,,,
83.196,ekf,map,-1.87714,-0.506775,0.17755,0.135349,0.135348,-1.69108e-06,0.061125,,
83.196,kf,map,-1.87657,-0.506667,0.180733,0.12476,0.12476,-2.89855e-58,0.05525,,
83.196,pf,map,-1.83697,-0.506016,0.141468,0.127125,0.130452,-0.00628725,8.25417,453.685,0
83.268,odom,map,-1.83817,-0.531659,0.163943,0,0,0,,,
83.304,odom,map,-1.83817,-0.531659,0.163943,0,0,0,,,
83.34,odom,map,-1.83817,-0.531659,0.163943,0,0,0,,,
83.376,odom,map,-1.83817,-0.531659,0.163943,0,0,0,,,
83.412,odom,map,-1.83766,-0.531951,0.16437,0,0,0,,,
83.412,ekf,map,-1.87782,-0.506934,0.173289,0.137316,0.137316,-1.31323e-06,0.058166,,
83.412,kf,map,-1.87754,-0.506879,0.174859,0.125106,0.125106,-4.06452e-59,0.072375,,
83.412,ekf_predict_only,map,-1.88879,-0.507082,0.224151,127.942,207.025,-50.7698,,,
83.412,pf,map,-1.83772,-0.502267,0.128017,0.12599,0.127007,-0.0013588,5.87175,472.077,0
83.448,odom,map,-1.83599,-0.532905,0.165767,0,0,0,,,
83.484,odom,map,-1.83432,-0.53386,0.167164,0,0,0,,,
83.52,odom,map,-1.83266,-0.534814,0.168562,0,0,0,,,
83.556,odom,map,-1.83099,-0.535769,0.169959,0,0,0,,,
83.592,odom,map,-1.82932,-0.536724,0.171356,0,0,0,,,
83.628,odom,map,-1.82886,-0.536989,0.171744,0,0,0,,,
83.592,ekf,map,-1.87803,-0.506983,0.171973,0.135247,0.135247,-7.80614e-07,0.061875,,
83.592,kf,map,-1.87791,-0.506959,0.172666,0.124754,0.124754,-5.75335e-60,0.052625,,
83.592,ekf_predict_only,map,-1.88879,-0.507082,0.224151,128.142,207.225,-50.7698,,,
83.592,pf,map,-1.87946,-0.499885,0.129218,0.135066,0.137639,0.00656601,5.51229,476.045,0
83.664,odom,map,-1.82886,-0.536989,0.171744,0,0,0,,,
83.7,odom,map,-1.82886,-0.536989,0.171744,0,0,0,,,
83.736,odom,map,-1.82886,-0.536989,0.171744,0,0,0,,,
83.772,odom,map,-1.82886,-0.536989,0.171744,0,0,0,,,
83.808,odom,map,-1.82886,-0.536989,0.171744,0,0,0,,,
83.808,ekf_predict_only,map,-1.88879,-0.507082,0.224151,128.342,207.425,-50.7698,,,
83.808,ekf,map,-1.8781,-0.506999,0.171541,0.137354,0.137354,-5.97088e-07,0.060833,,
83.808,kf,map,-1.87805,-0.506989,0.171839,0.125106,0.125106,-8.0679e-61,0.056,,
83.808,pf,map,-1.8826,-0.500903,0.148658,0.133207,0.142772,-0.00286842,7.32763,461.415,0
83.844,odom,map,-1.82886,-0.536989,0.171744,0,0,0,,,
83.88,odom,map,-1.82886,-0.536989,0.171744,0,0,0,,,
83.916,odom,map,-1.82886,-0.536989,0.171744,0,0,0,,,
83.952,odom,map,-1.82886,-0.536989,0.171744,0,0,0,,,
83.988,odom,map,-1.82886,-0.536989,0.171744,0,0,0,,,
84.024,odom,map,-1.82886,-0.536989,0.171744,0,0,0,,,
84.06,odom,map,-1.82886,-0.536989,0.171744,0,0,0,,,
84.096,odom,map,-1.82886,-0.536989,0.171744,0,0,0,,,
84.132,odom,map,-1.82886,-0.536989,0.171744,0,0,0,,,
84.168,odom,map,-1.82886,-0.536989,0.171744,0,0,0,,,
84.204,odom,map,-1.82886,-0.536989,0.171744,0,0,0,,,
84.24,odom,map,-1.82886,-0.536989,0.171744,0,0,0,,,
84.276,odom,map,-1.82886,-0.536989,0.171744,0,0,0,,,
84.312,odom,map,-1.82886,-0.536989,0.171744,0,0,0,,,
84.348,odom,map,-1.82886,-0.536989,0.171744,0,0,0,,,
84.384,odom,map,-1.82886,-0.536989,0.171744,0,0,0,,,
84.42,odom,map,-1.82886,-0.536989,0.171744,0,0,0,,,
84.456,odom,map,-1.82886,-0.536989,0.171744,0,0,0,,,
84.492,odom,map,-1.82886,-0.536989,0.171744,0,0,0,,,
84.528,odom,map,-1.82886,-0.536989,0.171744,0,0,0,,,
84.564,odom,map,-1.82886,-0.536989,0.171744,0,0,0,,,
84.6,odom,map,-1.82886,-0.536989,0.171744,0,0,0,,,
84.636,odom,map,-1.82886,-0.536989,0.171744,0,0,0,,,
84.672,odom,map,-1.82886,-0.536989,0.171744,0,0,0,,,
84.708,odom,map,-1.82886,-0.536989,0.171744,0,0,0,,,
84.744,odom,map,-1.82886,-0.536989,0.171744,0,0,0,,,
84.78,odom,map,-1.82886,-0.536989,0.171744,0,0,0,,,
84.816,odom,map,-1.82886,-0.536989,0.171744,0,0,0,,,
84.852,odom,map,-1.82886,-0.536989,0.171744,0,0,0,,,
84.888,odom,map,-1.82886,-0.536989,0.171744,0,0,0,,,
84.924,odom,map,-1.82886,-0.536989,0.171744,0,0,0,,,
84.96,odom,map,-1.82886,-0.536989,0.171744,0,0,0,,,
84.996,odom,map,-1.82886,-0.536989,0.171744,0,0,0,,,
85.032,odom,map,-1.82886,-0.536989,0.171744,0,0,0,,,
85.068,odom,map,-1.82886,-0.536989,0.171744,0,0,0,,,
85.104,odom,map,-1.82886,-0.536989,0.171744,0,0,0,,,
85.14,odom,map,-1.82886,-0.536989,0.171744,0,0,0,,,
85.176,odom,map,-1.82886,-0.536989,0.171744,0,0,0,,,
85.212,odom,map,-1.82886,-0.536989,0.171744,0,0,0,,,
85.248,odom,map,-1.82886,-0.536989,0.171744,0,0,0,,,
85.284,odom,map,-1.82886,-0.536989,0.171744,0,0,0,,,
85.32,odom,map,-1.82886,-0.536989,0.171744,0,0,0,,,
85.356,odom,map,-1.82886,-0.536989,0.171744,0,0,0,,,
85.392,odom,map,-1.82886,-0.536989,0.171744,0,0,0,,,
85.428,odom,map,-1.82886,-0.536989,0.171744,0,0,0,,,
85.464,odom,map,-1.82886,-0.536989,0.171744,0,0,0,,,
85.5,odom,map,-1.82886,-0.536989,0.171744,0,0,0,,,
85.536,odom,map,-1.82886,-0.536989,0.171744,0,0,0,,,
85.572,odom,map,-1.82886,-0.536989,0.171744,0,0,0,,,
85.608,odom,map,-1.82886,-0.536989,0.171744,0,0,0,,,
85.644,odom,map,-1.82886,-0.536989,0.171744,0,0,0,,,
85.68,odom,map,-1.82886,-0.536989,0.171744,0,0,0,,,
85.716,odom,map,-1.82886,-0.536989,0.171744,0,0,0,,,
85.752,odom,map,-1.82886,-0.536989,0.171744,0,0,0,,,
85.788,odom,map,-1.82886,-0.536989,0.171744,0,0,0,,,
85.824,odom,map,-1.82886,-0.536989,0.171744,0,0,0,,,
85.86,odom,map,-1.82886,-0.536989,0.171744,0,0,0,,,
85.896,odom,map,-1.82886,-0.536989,0.171744,0,0,0,,,
85.932,odom,map,-1.82886,-0.536989,0.171744,0,0,0,,,
85.968,odom,map,-1.82886,-0.536989,0.171744,0,0,0,,,
86.004,odom,map,-1.82886,-0.536989,0.171744,0,0,0,,,
86.04,odom,map,-1.82886,-0.536989,0.171744,0,0,0,,,
86.076,odom,map,-1.82886,-0.536989,0.171744,0,0,0,,,
86.112,odom,map,-1.82886,-0.536989,0.171744,0,0,0,,,
86.148,odom,map,-1.82886,-0.536989,0.171744,0,0,0,,,
86.184,odom,map,-1.82886,-0.536989,0.171744,0,0,0,,,
86.22,odom,map,-1.82886,-0.536989,0.171744,0,0,0,,,
86.256,odom,map,-1.82886,-0.536989,0.171744,0,0,0,,,
86.292,odom,map,-1.82886,-0.536989,0.171744,0,0,0,,,
86.328,odom,map,-1.82886,-0.536989,0.171744,0,0,0,,,
86.364,odom,map,-1.82886,-0.536989,0.171744,0,0,0,,,
86.4,odom,map,-1.82886,-0.536989,0.171744,0,0,0,,,
86.436,odom,map,-1.82886,-0.536989,0.171744,0,0,0,,,
86.472,odom,map,-1.82886,-0.536989,0.171744,0,0,0,,,
86.508,odom,map,-1.82886,-0.536989,0.171744,0,0,0,,,
86.544,odom,map,-1.82886,-0.536989,0.171744,0,0,0,,,
86.58,odom,map,-1.82886,-0.536989,0.171744,0,0,0,,,
86.616,odom,map,-1.82886,-0.536989,0.171744,0,0,0,,,
86.652,odom,map,-1.82886,-0.536989,0.171744,0,0,0,,,
86.688,odom,map,-1.82886,-0.536989,0.171744,0,0,0,,,
86.724,odom,map,-1.82886,-0.536989,0.171744,0,0,0,,,
86.76,odom,map,-1.82886,-0.536989,0.171744,0,0,0,,,
86.796,odom,map,-1.82886,-0.536989,0.171744,0,0,0,,,
86.832,odom,map,-1.82886,-0.536989,0.171744,0,0,0,,,
86.868,odom,map,-1.82886,-0.536989,0.171744,0,0,0,,,
86.904,odom,map,-1.82886,-0.536989,0.171744,0,0,0,,,
86.94,odom,map,-1.82886,-0.536989,0.171744,0,0,0,,,
86.976,odom,map,-1.82886,-0.536989,0.171744,0,0,0,,,
87.012,odom,map,-1.82886,-0.536989,0.171744,0,0,0,,,
87.048,odom,map,-1.82886,-0.536989,0.171744,0,0,0,,,
87.084,odom,map,-1.82886,-0.536989,0.171744,0,0,0,,,
87.12,odom,map,-1.82886,-0.536989,0.171744,0,0,0,,,
87.156,odom,map,-1.82886,-0.536989,0.171744,0,0,0,,,
87.192,odom,map,-1.82886,-0.536989,0.171744,0,0,0,,,
87.228,odom,map,-1.82886,-0.536989,0.171744,0,0,0,,,
87.264,odom,map,-1.82886,-0.536989,0.171744,0,0,0,,,
87.3,odom,map,-1.82886,-0.536989,0.171744,0,0,0,,,
87.336,odom,map,-1.82886,-0.536989,0.171744,0,0,0,,,
87.372,odom,map,-1.82886,-0.536989,0.171744,0,0,0,,,
87.408,odom,map,-1.82886,-0.536989,0.171744,0,0,0,,,
87.444,odom,map,-1.82886,-0.536989,0.171744,0,0,0,,,
87.48,odom,map,-1.82886,-0.536989,0.171744,0,0,0,,,
87.516,odom,map,-1.82886,-0.536989,0.171744,0,0,0,,,
87.552,odom,map,-1.82886,-0.536989,0.171744,0,0,0,,,
87.588,odom,map,-1.82886,-0.536989,0.171744,0,0,0,,,
87.624,odom,map,-1.82886,-0.536989,0.171744,0,0,0,,,
87.66,odom,map,-1.82886,-0.536989,0.171744,0,0,0,,,
87.696,odom,map,-1.82886,-0.536989,0.171744,0,0,0,,,
87.732,odom,map,-1.82886,-0.536989,0.171744,0,0,0,,,
87.768,odom,map,-1.82886,-0.536989,0.171744,0,0,0,,,
87.804,odom,map,-1.82886,-0.536989,0.171744,0,0,0,,,
87.84,odom,map,-1.82886,-0.536989,0.171744,0,0,0,,,
87.876,odom,map,-1.82886,-0.536989,0.171744,0,0,0,,,
87.912,odom,map,-1.82886,-0.536989,0.171744,0,0,0,,,
87.948,odom,map,-1.82886,-0.536989,0.171744,0,0,0,,,
87.984,odom,map,-1.82886,-0.536989,0.171744,0,0,0,,,
88.02,odom,map,-1.82886,-0.536989,0.171744,0,0,0,,,
88.056,odom,map,-1.82886,-0.536989,0.171744,0,0,0,,,
88.092,odom,map,-1.82886,-0.536989,0.171744,0,0,0,,,
88.128,odom,map,-1.82886,-0.536989,0.171744,0,0,0,,,
88.164,odom,map,-1.82886,-0.536989,0.171744,0,0,0,,,
88.2,odom,map,-1.82886,-0.536989,0.171744,0,0,0,,,
88.236,odom,map,-1.82886,-0.536989,0.171744,0,0,0,,,
88.272,odom,map,-1.82886,-0.536989,0.171744,0,0,0,,,
88.308,odom,map,-1.82886,-0.536989,0.171744,0,0,0,,,
88.344,odom,map,-1.82886,-0.536989,0.171744,0,0,0,,,
88.38,odom,map,-1.82886,-0.536989,0.171744,0,0,0,,,
88.416,odom,map,-1.82886,-0.536989,0.171744,0,0,0,,,
88.452,odom,map,-1.82886,-0.536989,0.171744,0,0,0,,,
88.488,odom,map,-1.82886,-0.536989,0.171744,0,0,0,,,
88.524,odom,map,-1.82886,-0.536989,0.171744,0,0,0,,,
88.56,odom,map,-1.82886,-0.536989,0.171744,0,0,0,,,
88.596,odom,map,-1.82886,-0.536989,0.171744,0,0,0,,,
88.632,odom,map,-1.82886,-0.536989,0.171744,0,0,0,,,
88.668,odom,map,-1.82886,-0.536989,0.171744,0,0,0,,,
88.704,odom,map,-1.82886,-0.536989,0.171744,0,0,0,,,
88.74,odom,map,-1.82886,-0.536989,0.171744,0,0,0,,,
88.776,odom,map,-1.82886,-0.536989,0.171744,0,0,0,,,
88.812,odom,map,-1.82886,-0.536989,0.171744,0,0,0,,,
88.848,odom,map,-1.82886,-0.536989,0.171744,0,0,0,,,
88.884,odom,map,-1.82886,-0.536989,0.171744,0,0,0,,,
88.92,odom,map,-1.82886,-0.536989,0.171744,0,0,0,,,
88.956,odom,map,-1.82886,-0.536989,0.171744,0,0,0,,,
88.992,odom,map,-1.82886,-0.536989,0.171744,0,0,0,,,
89.028,odom,map,-1.82886,-0.536989,0.171744,0,0,0,,,
89.064,odom,map,-1.82886,-0.536989,0.171744,0,0,0,,,
89.1,odom,map,-1.82886,-0.536989,0.171744,0,0,0,,,
89.136,odom,map,-1.82886,-0.536989,0.171744,0,0,0,,,
89.172,odom,map,-1.82886,-0.536989,0.171744,0,0,0,,,
89.208,odom,map,-1.82886,-0.536989,0.171744,0,0,0,,,
89.244,odom,map,-1.82886,-0.536989,0.171744,0,0,0,,,
89.28,odom,map,-1.82886,-0.536989,0.171744,0,0,0,,,
89.316,odom,map,-1.82886,-0.536989,0.171744,0,0,0,,,
89.352,odom,map,-1.82886,-0.536989,0.171744,0,0,0,,,
89.388,odom,map,-1.82886,-0.536989,0.171744,0,0,0,,,
89.424,odom,map,-1.82886,-0.536989,0.171744,0,0,0,,,
89.46,odom,map,-1.82886,-0.536989,0.171744,0,0,0,,,
89.496,odom,map,-1.82886,-0.536989,0.171744,0,0,0,,,
89.532,odom,map,-1.82886,-0.536989,0.171744,0,0,0,,,
89.568,odom,map,-1.82886,-0.536989,0.171744,0,0,0,,,
89.604,odom,map,-1.82886,-0.536989,0.171744,0,0,0,,,
89.64,odom,map,-1.82886,-0.536989,0.171744,0,0,0,,,
89.676,odom,map,-1.82886,-0.536989,0.171744,0,0,0,,,
89.712,odom,map,-1.82886,-0.536989,0.171744,0,0,0,,,
89.748,odom,map,-1.82886,-0.536989,0.171744,0,0,0,,,
89.784,odom,map,-1.82886,-0.536989,0.171744,0,0,0,,,
89.82,odom,map,-1.82886,-0.536989,0.171744,0,0,0,,,
89.856,odom,map,-1.82886,-0.536989,0.171744,0,0,0,,,
89.892,odom,map,-1.82886,-0.536989,0.171744,0,0,0,,,
89.928,odom,map,-1.82886,-0.536989,0.171744,0,0,0,,,
89.964,odom,map,-1.82886,-0.536989,0.171744,0,0,0,,,
90,odom,map,-1.82886,-0.536989,0.171744,0,0,0,,,
90.036,odom,map,-1.82886,-0.536989,0.171744,0,0,0,,,
90.072,odom,map,-1.82886,-0.536989,0.171744,0,0,0,,,
90.108,odom,map,-1.82886,-0.536989,0.171744,0,0,0,,,
90.144,odom,map,-1.82886,-0.536989,0.171744,0,0,0,,,
90.18,odom,map,-1.82886,-0.536989,0.171744,0,0,0,,,
90.216,odom,map,-1.82886,-0.536989,0.171744,0,0,0,,,
90.252,odom,map,-1.82886,-0.536989,0.171744,0,0,0,,,
90.288,odom,map,-1.82886,-0.536989,0.171744,0,0,0,,,
90.324,odom,map,-1.82886,-0.536989,0.171744,0,0,0,,,
90.36,odom,map,-1.82886,-0.536989,0.171744,0,0,0,,,
90.396,odom,map,-1.82886,-0.536989,0.171744,0,0,0,,,
90.432,odom,map,-1.82886,-0.536989,0.171744,0,0,0,,,
90.468,odom,map,-1.82886,-0.536989,0.171744,0,0,0,,,
90.504,odom,map,-1.82886,-0.536989,0.171744,0,0,0,,,
90.54,odom,map,-1.82886,-0.536989,0.171744,0,0,0,,,
90.576,odom,map,-1.82886,-0.536989,0.171744,0,0,0,,,
90.612,odom,map,-1.82886,-0.536989,0.171744,0,0,0,,,
90.648,odom,map,-1.82886,-0.536989,0.171744,0,0,0,,,
90.684,odom,map,-1.82886,-0.536989,0.171744,0,0,0,,,
90.72,odom,map,-1.82886,-0.536989,0.171744,0,0,0,,,
90.756,odom,map,-1.82886,-0.536989,0.171744,0,0,0,,,
90.792,odom,map,-1.82886,-0.536989,0.171744,0,0,0,,,
90.828,odom,map,-1.82886,-0.536989,0.171744,0,0,0,,,
90.864,odom,map,-1.82886,-0.536989,0.171744,0,0,0,,,
90.9,odom,map,-1.82886,-0.536989,0.171744,0,0,0,,,
90.936,odom,map,-1.82886,-0.536989,0.171744,0,0,0,,,
90.972,odom,map,-1.82886,-0.536989,0.171744,0,0,0,,,
91.008,odom,map,-1.82886,-0.536989,0.171744,0,0,0,,,
91.044,odom,map,-1.82886,-0.536989,0.171744,0,0,0,,,
91.08,odom,map,-1.82886,-0.536989,0.171744,0,0,0,,,
91.116,odom,map,-1.82886,-0.536989,0.171744,0,0,0,,,
91.152,odom,map,-1.82886,-0.536989,0.171744,0,0,0,,,
91.188,odom,map,-1.82886,-0.536989,0.171744,0,0,0,,,
91.224,odom,map,-1.82886,-0.536989,0.171744,0,0,0,,,
91.26,odom,map,-1.82886,-0.536989,0.171744,0,0,0,,,
91.296,odom,map,-1.82886,-0.536989,0.171744,0,0,0,,,
91.332,odom,map,-1.82886,-0.536989,0.171744,0,0,0,,,
91.368,odom,map,-1.82886,-0.536989,0.171744,0,0,0,,,
91.404,odom,map,-1.82886,-0.536989,0.171744,0,0,0,,,
91.44,odom,map,-1.82886,-0.536989,0.171744,0,0,0,,,
91.476,odom,map,-1.82886,-0.536989,0.171744,0,0,0,,,
91.512,odom,map,-1.82886,-0.536989,0.171744,0,0,0,,,
91.548,odom,map,-1.82886,-0.536989,0.171744,0,0,0,,,
91.584,odom,map,-1.82886,-0.536989,0.171744,0,0,0,,,
91.62,odom,map,-1.82886,-0.536989,0.171744,0,0,0,,,
91.656,odom,map,-1.82886,-0.536989,0.171744,0,0,0,,,
91.692,odom,map,-1.82886,-0.536989,0.171744,0,0,0,,,
91.728,odom,map,-1.82886,-0.536989,0.171744,0,0,0,,,
91.764,odom,map,-1.82886,-0.536989,0.171744,0,0,0,,,
91.8,odom,map,-1.82886,-0.536989,0.171744,0,0,0,,,
91.836,odom,map,-1.82886,-0.536989,0.171744,0,0,0,,,
91.872,odom,map,-1.82886,-0.536989,0.171744,0,0,0,,,
91.908,odom,map,-1.82886,-0.536989,0.171744,0,0,0,,,
91.944,odom,map,-1.82886,-0.536989,0.171744,0,0,0,,,
91.98,odom,map,-1.82886,-0.536989,0.171744,0,0,0,,,
92.016,odom,map,-1.82886,-0.536989,0.171744,0,0,0,,,
92.052,odom,map,-1.82886,-0.536989,0.171744,0,0,0,,,
92.088,odom,map,-1.82886,-0.536989,0.171744,0,0,0,,,
92.124,odom,map,-1.82886,-0.536989,0.171744,0,0,0,,,
92.16,odom,map,-1.82886,-0.536989,0.171744,0,0,0,,,
92.196,odom,map,-1.82886,-0.536989,0.171744,0,0,0,,,
92.232,odom,map,-1.82886,-0.536989,0.171744,0,0,0,,,
92.268,odom,map,-1.82886,-0.536989,0.171744,0,0,0,,,
92.304,odom,map,-1.82886,-0.536989,0.171744,0,0,0,,,
92.34,odom,map,-1.82886,-0.536989,0.171744,0,0,0,,,
92.376,odom,map,-1.82886,-0.536989,0.171744,0,0,0,,,
92.412,odom,map,-1.82886,-0.536989,0.171744,0,0,0,,,
92.448,odom,map,-1.82886,-0.536989,0.171744,0,0,0,,,
92.484,odom,map,-1.82886,-0.536989,0.171744,0,0,0,,,
92.52,odom,map,-1.82886,-0.536989,0.171744,0,0,0,,,
92.556,odom,map,-1.82886,-0.536989,0.171744,0,0,0,,,
92.592,odom,map,-1.82886,-0.536989,0.171744,0,0,0,,,
92.628,odom,map,-1.82886,-0.536989,0.171744,0,0,0,,,
92.664,odom,map,-1.82886,-0.536989,0.171744,0,0,0,,,
92.7,odom,map,-1.82886,-0.536989,0.171744,0,0,0,,,
