time,source,frame,x,y,theta,cov_xx,cov_yy,cov_xy,runtime_ms,ess,resampling_triggered
4.8,amcl,map,-1.97353,-0.520787,-0.0133492,0.180469,0.212972,-0.0137454,,,
5.802,amcl,map,-1.99844,-0.506048,0.00534549,0.157927,0.201225,0.00133767,,,
5.904,odom,map,-1.97353,-0.520787,-0.0133492,0,0,0,,,
5.94,odom,map,-1.97353,-0.520787,-0.0133492,0,0,0,,,
5.976,odom,map,-1.97353,-0.520787,-0.0133492,0,0,0,,,
6.012,odom,map,-1.97353,-0.520787,-0.0133492,0,0,0,,,
6.048,odom,map,-1.97353,-0.520787,-0.0133492,0,0,0,,,
6.084,odom,map,-1.97353,-0.520787,-0.0133492,0,0,0,,,
6.12,odom,map,-1.97353,-0.520787,-0.0133492,0,0,0,,,
6.156,odom,map,-1.97353,-0.520787,-0.0133492,0,0,0,,,
6.192,odom,map,-1.97353,-0.520787,-0.0133492,0,0,0,,,
6.228,odom,map,-1.97353,-0.520787,-0.0133492,0,0,0,,,
6.264,odom,map,-1.97353,-0.520787,-0.0133492,0,0,0,,,
6.3,odom,map,-1.97353,-0.520787,-0.0133492,0,0,0,,,
6.336,odom,map,-1.97353,-0.520787,-0.0133492,0,0,0,,,
6.372,odom,map,-1.97353,-0.520787,-0.0133492,0,0,0,,,
6.408,odom,map,-1.97353,-0.520787,-0.0133492,0,0,0,,,
6.444,odom,map,-1.97353,-0.520787,-0.0133492,0,0,0,,,
6.48,odom,map,-1.97353,-0.520787,-0.0133492,0,0,0,,,
6.516,odom,map,-1.97353,-0.520787,-0.0133492,0,0,0,,,
6.552,odom,map,-1.97353,-0.520787,-0.0133492,0,0,0,,,
6.588,odom,map,-1.97353,-0.520787,-0.0133492,0,0,0,,,
6.624,odom,map,-1.97638,-0.5191,-0.01121,0,0,0,,,
6.66,odom,map,-1.98084,-0.516461,-0.00786167,0,0,0,,,
6.696,odom,map,-1.98531,-0.513821,-0.00451338,0,0,0,,,
6.732,odom,map,-1.98977,-0.511181,-0.00116508,0,0,0,,,
6.768,odom,map,-1.99423,-0.508542,0.00218321,0,0,0,,,
6.804,odom,map,-1.99844,-0.506048,0.00534549,0,0,0,,,
6.801,amcl,map,-1.97747,-0.523199,0.000615288,0.189018,0.237709,-0.010684,,,
6.84,odom,map,-1.99844,-0.506048,0.00534549,0,0,0,,,
6.876,odom,map,-1.99844,-0.506048,0.00534549,0,0,0,,,
6.912,odom,map,-1.99844,-0.506048,0.00534549,0,0,0,,,
6.948,odom,map,-1.99844,-0.506048,0.00534549,0,0,0,,,
6.984,odom,map,-1.99844,-0.506048,0.00534549,0,0,0,,,
7.02,odom,map,-1.99844,-0.506048,0.00534549,0,0,0,,,
7.056,odom,map,-1.99844,-0.506048,0.00534549,0,0,0,,,
7.092,odom,map,-1.99844,-0.506048,0.00534549,0,0,0,,,
7.128,odom,map,-1.99844,-0.506048,0.00534549,0,0,0,,,
7.164,odom,map,-1.99844,-0.506048,0.00534549,0,0,0,,,
7.2,odom,map,-1.99844,-0.506048,0.00534549,0,0,0,,,
7.236,odom,map,-1.99844,-0.506048,0.00534549,0,0,0,,,
7.272,odom,map,-1.99844,-0.506048,0.00534549,0,0,0,,,
7.308,odom,map,-1.99844,-0.506048,0.00534549,0,0,0,,,
7.344,odom,map,-1.99844,-0.506048,0.00534549,0,0,0,,,
7.38,odom,map,-1.99844,-0.506048,0.00534549,0,0,0,,,
7.416,odom,map,-1.99844,-0.506048,0.00534549,0,0,0,,,
7.452,odom,map,-1.99844,-0.506048,0.00534549,0,0,0,,,
7.488,odom,map,-1.99844,-0.506048,0.00534549,0,0,0,,,
7.524,odom,map,-1.99844,-0.506048,0.00534549,0,0,0,,,
7.56,odom,map,-1.99844,-0.506048,0.00534549,0,0,0,,,
7.596,odom,map,-1.99844,-0.506048,0.00534549,0,0,0,,,
7.632,odom,map,-1.99511,-0.508779,0.00459242,0,0,0,,,
7.668,odom,map,-1.99135,-0.511851,0.00374522,0,0,0,,,
7.704,odom,map,-1.98759,-0.514922,0.00289802,0,0,0,,,
7.74,odom,map,-1.98384,-0.517994,0.00205082,0,0,0,,,
7.776,odom,map,-1.98008,-0.521066,0.00120362,0,0,0,,,
7.812,odom,map,-1.97747,-0.523199,0.000615288,0,0,0,,,
7.8,amcl,map,-1.96508,-0.467541,-0.00347668,0.18107,0.236113,-0.013598,,,
7.848,odom,map,-1.97747,-0.523199,0.000615288,0,0,0,,,
7.884,odom,map,-1.97747,-0.523199,0.000615288,0,0,0,,,
7.92,odom,map,-1.97747,-0.523199,0.000615288,0,0,0,,,
7.956,odom,map,-1.97747,-0.523199,0.000615288,0,0,0,,,
7.992,odom,map,-1.97747,-0.523199,0.000615288,0,0,0,,,
8.028,odom,map,-1.97747,-0.523199,0.000615288,0,0,0,,,
8.064,odom,map,-1.97747,-0.523199,0.000615288,0,0,0,,,
8.1,odom,map,-1.97747,-0.523199,0.000615288,0,0,0,,,
8.136,odom,map,-1.97747,-0.523199,0.000615288,0,0,0,,,
8.172,odom,map,-1.97747,-0.523199,0.000615288,0,0,0,,,
8.208,odom,map,-1.97747,-0.523199,0.000615288,0,0,0,,,
8.244,odom,map,-1.97747,-0.523199,0.000615288,0,0,0,,,
8.28,odom,map,-1.97747,-0.523199,0.000615288,0,0,0,,,
8.316,odom,map,-1.97747,-0.523199,0.000615288,0,0,0,,,
8.352,odom,map,-1.97747,-0.523199,0.000615288,0,0,0,,,
8.388,odom,map,-1.97747,-0.523199,0.000615288,0,0,0,,,
8.424,odom,map,-1.97747,-0.523199,0.000615288,0,0,0,,,
8.46,odom,map,-1.97747,-0.523199,0.000615288,0,0,0,,,
8.496,odom,map,-1.97747,-0.523199,0.000615288,0,0,0,,,
8.532,odom,map,-1.97747,-0.523199,0.000615288,0,0,0,,,
8.568,odom,map,-1.97747,-0.523199,0.000615288,0,0,0,,,
8.604,odom,map,-1.97735,-0.522637,0.000573955,0,0,0,,,
8.64,odom,map,-1.9751,-0.512517,-0.00017004,0,0,0,,,
8.676,odom,map,-1.97284,-0.502397,-0.000914035,0,0,0,,,
8.712,odom,map,-1.97059,-0.492278,-0.00165803,0,0,0,,,
8.748,odom,map,-1.96833,-0.482158,-0.00240202,0,0,0,,,
8.784,odom,map,-1.96608,-0.472038,-0.00314602,0,0,0,,,
8.82,odom,map,-1.96508,-0.467541,-0.00347668,0,0,0,,,
8.856,odom,map,-1.96508,-0.467541,-0.00347668,0,0,0,,,
8.892,odom,map,-1.96508,-0.467541,-0.00347668,0,0,0,,,
8.928,odom,map,-1.96508,-0.467541,-0.00347668,0,0,0,,,
8.964,odom,map,-1.96508,-0.467541,-0.00347668,0,0,0,,,
9,odom,map,-1.96508,-0.467541,-0.00347668,0,0,0,,,
9,kf,map,-2,-0.5,1.2499e-21,0.0752882,0.0752882,0,0.067583,,
9,ekf_predict_only,map,-2,-0.5,0,0.25,0.25,0,,,
9,ekf,map,-2,-0.5,1.2499e-21,0.0752882,0.0752882,0,0.231,,
9,pf,map,-1.99336,-0.494433,-0.0280593,0.0778448,0.0845185,-0.00293285,4.40833,58.8886,0
9.036,odom,map,-1.96508,-0.467541,-0.00347668,0,0,0,,,
9.072,odom,map,-1.96508,-0.467541,-0.00347668,0,0,0,,,
9.108,odom,map,-1.96508,-0.467541,-0.00347668,0,0,0,,,
9.144,odom,map,-1.96508,-0.467541,-0.00347668,0,0,0,,,
9.18,odom,map,-1.96508,-0.467541,-0.00347668,0,0,0,,,
9.216,odom,map,-1.96508,-0.467541,-0.00347668,0,0,0,,,
9.216,ekf_predict_only,map,-2,-0.5,0,0.45,0.45,0,,,
9.216,ekf,map,-2,-0.5,4.16501e-21,0.0744596,0.0744596,0,0.068334,,
9.216,kf,map,-2,-0.5,4.14702e-21,0.0740003,0.0740003,0,0.361625,,
9.216,pf,map,-2.01601,-0.491039,-0.0259463,0.0740923,0.0740145,0.000930776,7.48221,302.587,0
9.252,odom,map,-1.96508,-0.467541,-0.00347668,0,0,0,,,
9.288,odom,map,-1.96508,-0.467541,-0.00347668,0,0,0,,,
9.324,odom,map,-1.96508,-0.467541,-0.00347668,0,0,0,,,
9.36,odom,map,-1.96508,-0.467541,-0.00347668,0,0,0,,,
9.396,odom,map,-1.96508,-0.467541,-0.00347668,0,0,0,,,
9.432,odom,map,-1.96508,-0.467541,-0.00347668,0,0,0,,,
9.396,kf,map,-2,-0.5,-7.45787e-22,0.0737174,0.0737174,0,0.144292,,
9.396,ekf,map,-2,-0.5,-8.12342e-22,0.0747885,0.0747885,0,0.056,,
9.396,ekf_predict_only,map,-2,-0.5,0,0.65,0.65,0,,,
9.396,pf,map,-2.01893,-0.510002,0.00519311,0.0786409,0.0620916,-0.00344025,6.58154,307.196,0
9.468,odom,map,-1.96508,-0.467541,-0.00347668,0,0,0,,,
9.504,odom,map,-1.96508,-0.467541,-0.00347668,0,0,0,,,
9.54,odom,map,-1.96508,-0.467541,-0.00347668,0,0,0,,,
9.576,odom,map,-1.96508,-0.467541,-0.00347668,0,0,0,,,
9.612,ekf_predict_only,map,-2,-0.5,0,0.85,0.85,0,,,
9.612,kf,map,-2,-0.5,-1.83036e-21,0.0738937,0.0738937,0,0.063375,,
9.612,ekf,map,-2,-0.5,-1.87751e-21,0.0760183,0.0760183,0,0.118917,,
9.612,odom,map,-1.96508,-0.467541,-0.00347668,0,0,0,,,
9.612,pf,map,-2.01457,-0.539461,0.0108702,0.0797581,0.0700695,0.000419823,4.64912,320.576,0
9.648,odom,map,-1.96508,-0.467541,-0.00347668,0,0,0,,,
9.684,odom,map,-1.96508,-0.467541,-0.00347668,0,0,0,,,
9.72,odom,map,-1.96508,-0.467541,-0.00347668,0,0,0,,,
9.756,odom,map,-1.96508,-0.467541,-0.00347668,0,0,0,,,
9.792,odom,map,-1.96448,-0.467542,-0.00309126,0,0,0,,,
9.792,kf,map,-1.99727,-0.5,0.00086497,0.0737101,0.0737101,0,0.065,,
9.828,odom,map,-1.96283,-0.467547,-0.00264936,0,0,0,,,
9.792,ekf_predict_only,map,-1.99128,-0.5,0.00220949,1.05,1.05003,0,,,
9.792,ekf,map,-1.99745,-0.500001,0.000823705,0.0759724,0.0759725,2.44771e-28,0.151875,,
9.792,pf,map,-2.02172,-0.542207,0.0181486,0.0760966,0.0711581,0.00659893,7.8785,312.083,0
9.864,odom,map,-1.96084,-0.467552,-0.00198078,0,0,0,,,
9.9,odom,map,-1.95775,-0.467557,-0.00152072,0,0,0,,,
9.936,odom,map,-1.95372,-0.467563,-0.00153829,0,0,0,,,
9.972,odom,map,-1.94936,-0.46757,-0.00194569,0,0,0,,,
10.008,odom,map,-1.94392,-0.467584,-0.00310378,0,0,0,,,
10.008,kf,map,-1.97452,-0.49997,-0.00142913,0.0738932,0.0738932,0,0.057958,,
10.008,ekf_predict_only,map,-1.95628,-0.499923,-0.00518511,1.25,1.25093,-1.69032e-06,,,
10.008,ekf,map,-1.9751,-0.499959,-0.00121469,0.0771369,0.0771393,-1.70357e-09,0.066083,,
10.008,pf,map,-1.97447,-0.535009,0.013575,0.0726713,0.0783319,-0.000948999,4.75108,297.484,0
10.044,odom,map,-1.93785,-0.467607,-0.00468698,0,0,0,,,
10.08,odom,map,-1.93125,-0.467645,-0.00679233,0,0,0,,,
10.116,odom,map,-1.92453,-0.467698,-0.00896681,0,0,0,,,
10.152,odom,map,-1.91747,-0.46777,-0.0114642,0,0,0,,,
10.188,odom,map,-1.91,-0.467866,-0.0142209,0,0,0,,,
10.188,ekf_predict_only,map,-1.91735,-0.500125,-0.0196002,1.45,1.45357,6.03066e-06,,,
10.188,kf,map,-1.94247,-0.500105,-0.012085,0.07371,0.07371,0,0.056125,,
10.188,ekf,map,-1.94288,-0.500093,-0.0118843,0.0766684,0.0766743,1.64709e-09,0.061375,,
10.224,odom,map,-1.90221,-0.467988,-0.0171039,0,0,0,,,
10.188,pf,map,-1.98008,-0.536509,-0.00321523,0.0709699,0.0636984,-0.000496658,4.84517,307.89,0
10.26,odom,map,-1.89433,-0.468135,-0.0202414,0,0,0,,,
10.296,odom,map,-1.88618,-0.468313,-0.0235444,0,0,0,,,
10.332,odom,map,-1.87782,-0.468524,-0.0269108,0,0,0,,,
10.368,odom,map,-1.86943,-0.468764,-0.0303053,0,0,0,,,
10.404,odom,map,-1.86085,-0.46904,-0.0339603,0,0,0,,,
10.404,ekf,map,-1.89454,-0.501026,-0.0318806,0.0777326,0.0777466,6.79226e-08,0.06,,
10.404,ekf_predict_only,map,-1.86475,-0.501156,-0.0444696,1.65,1.6604,9.69814e-05,,,
10.404,kf,map,-1.89422,-0.501034,-0.0321729,0.0738931,0.0738931,0,0.060208,,
10.404,pf,map,-1.92675,-0.540554,-0.0272331,0.0839794,0.0748373,-0.00476185,5.48971,309.282,0
10.44,odom,map,-1.8521,-0.469354,-0.0379838,0,0,0,,,
10.476,odom,map,-1.84334,-0.469706,-0.0424134,0,0,0,,,
10.512,odom,map,-1.83458,-0.470098,-0.0469139,0,0,0,,,
10.548,odom,map,-1.8258,-0.470531,-0.0516309,0,0,0,,,
10.584,odom,map,-1.81708,-0.471003,-0.0565902,0,0,0,,,
10.584,ekf_predict_only,map,-1.8212,-0.503093,-0.0694694,1.85001,1.86926,0.000364723,,,
10.584,kf,map,-1.85164,-0.502813,-0.0541807,0.07371,0.07371,0,0.065625,,
10.584,ekf,map,-1.85176,-0.502816,-0.0539799,0.0770211,0.0770369,2.0163e-07,0.070167,,
10.62,odom,map,-1.80838,-0.471518,-0.0615902,0,0,0,,,
10.584,pf,map,-1.83804,-0.547977,-0.0369578,0.072201,0.0786869,0.00319568,5.17504,302.527,0
10.656,odom,map,-1.79969,-0.472075,-0.0666214,0,0,0,,,
10.692,odom,map,-1.79118,-0.472665,-0.0719519,0,0,0,,,
10.728,odom,map,-1.78263,-0.473305,-0.0773682,0,0,0,,,
10.764,odom,map,-1.77405,-0.473994,-0.0827885,0,0,0,,,
10.8,odom,map,-1.76547,-0.474729,-0.088258,0,0,0,,,
10.8,kf,map,-1.80022,-0.506267,-0.0849135,0.0738931,0.0738931,0,0.060208,,
10.8,ekf,map,-1.80027,-0.506301,-0.0848497,0.0780223,0.0780457,5.82114e-07,0.056792,,
10.8,ekf_predict_only,map,-1.76942,-0.506697,-0.100576,2.05004,2.08411,0.00109238,,,
10.8,pf,map,-1.82359,-0.507306,-0.0698062,0.0771537,0.070161,4.0792e-05,4.52733,304.559,0
10.836,odom,map,-1.75687,-0.475514,-0.0935501,0,0,0,,,
10.872,odom,map,-1.74817,-0.476353,-0.0987862,0,0,0,,,
10.908,odom,map,-1.73943,-0.477242,-0.104048,0,0,0,,,
10.944,odom,map,-1.73087,-0.478158,-0.109099,0,0,0,,,
10.98,odom,map,-1.72239,-0.479108,-0.114008,0,0,0,,,
11.016,ekf_predict_only,map,-1.71894,-0.51179,-0.129816,2.25012,2.30359,0.00249571,,,
11.016,kf,map,-1.74907,-0.511389,-0.115079,0.0739056,0.0739056,0,0.121292,,
11.016,ekf,map,-1.74905,-0.511448,-0.115121,0.0782231,0.0782486,1.02699e-06,0.078708,,
11.016,odom,map,-1.71398,-0.480092,-0.118882,0,0,0,,,
11.016,pf,map,-1.76987,-0.545687,-0.12663,0.0753127,0.0694514,-0.000745391,6.65608,306.925,0
11.052,odom,map,-1.70558,-0.481115,-0.123756,0,0,0,,,
11.088,odom,map,-1.69729,-0.482167,-0.128401,0,0,0,,,
11.124,odom,map,-1.68906,-0.483248,-0.132839,0,0,0,,,
11.16,odom,map,-1.68084,-0.484365,-0.137246,0,0,0,,,
11.196,odom,map,-1.67261,-0.485519,-0.141639,0,0,0,,,
11.232,odom,map,-1.66438,-0.486711,-0.145727,0,0,0,,,
11.196,ekf_predict_only,map,-1.67766,-0.51718,-0.149632,2.45027,2.52356,0.0043747,,,
11.196,ekf,map,-1.70753,-0.516803,-0.137428,0.0772035,0.0772247,1.25115e-06,0.061958,,
11.196,kf,map,-1.70754,-0.516754,-0.137303,0.0737109,0.0737109,0,0.096,,
11.196,pf,map,-1.70398,-0.52178,-0.134999,0.0634211,0.0672703,7.57745e-05,7.10354,298.855,0
11.202,amcl,map,-1.68168,-0.478948,-0.146522,0.153385,0.213149,-0.0239274,,,
11.268,odom,map,-1.6561,-0.487942,-0.149407,0,0,0,,,
11.304,odom,map,-1.64782,-0.489204,-0.153052,0,0,0,,,
11.34,odom,map,-1.63961,-0.490485,-0.156603,0,0,0,,,
11.376,odom,map,-1.6314,-0.491796,-0.159932,0,0,0,,,
11.412,odom,map,-1.62311,-0.493147,-0.163118,0,0,0,,,
11.412,ekf,map,-1.6578,-0.524281,-0.158864,0.0781377,0.0781642,2.17479e-06,0.060792,,
11.412,ekf_predict_only,map,-1.62751,-0.52474,-0.168286,2.6506,2.7532,0.00769098,,,
11.412,kf,map,-1.65778,-0.524229,-0.15868,0.0738932,0.0738932,0,0.0705,,
11.412,pf,map,-1.68645,-0.552667,-0.151519,0.0684141,0.0746171,0.00426537,5.44062,320.824,0
11.448,odom,map,-1.61477,-0.494533,-0.166227,0,0,0,,,
11.484,odom,map,-1.60639,-0.495951,-0.169194,0,0,0,,,
11.52,odom,map,-1.59798,-0.4974,-0.17197,0,0,0,,,
11.556,odom,map,-1.58944,-0.498895,-0.174454,0,0,0,,,
11.592,odom,map,-1.58082,-0.500425,-0.17678,0,0,0,,,
11.592,ekf_predict_only,map,-1.58412,-0.532112,-0.177706,2.85106,2.98398,0.0116534,,,
11.592,ekf,map,-1.61534,-0.531492,-0.172162,0.0772499,0.0772723,2.32146e-06,0.059208,,
11.628,odom,map,-1.57217,-0.50198,-0.178832,0,0,0,,,
11.592,kf,map,-1.61529,-0.531452,-0.171935,0.07371,0.07371,0,0.057084,,
11.592,pf,map,-1.64354,-0.537427,-0.183693,0.0731725,0.0750055,0.00355981,9.26229,323.085,0
11.664,odom,map,-1.56339,-0.503574,-0.180513,0,0,0,,,
11.7,odom,map,-1.55451,-0.505201,-0.181861,0,0,0,,,
11.736,odom,map,-1.54562,-0.506841,-0.182928,0,0,0,,,
11.772,odom,map,-1.53668,-0.5085,-0.183738,0,0,0,,,
11.808,odom,map,-1.52771,-0.510169,-0.183863,0,0,0,,,
11.808,ekf_predict_only,map,-1.53024,-0.541788,-0.174551,3.05188,3.22942,0.0180388,,,
11.808,ekf,map,-1.56226,-0.541088,-0.177907,0.0782049,0.0782332,3.5972e-06,0.123417,,
11.808,kf,map,-1.56219,-0.541032,-0.177357,0.0738931,0.0738931,0,0.39275,,
11.808,pf,map,-1.6083,-0.566296,-0.176364,0.071972,0.0691249,-0.000304091,4.54379,316.37,0
11.844,odom,map,-1.51874,-0.511835,-0.183338,0,0,0,,,
11.88,odom,map,-1.50975,-0.513497,-0.182486,0,0,0,,,
11.916,odom,map,-1.50068,-0.515165,-0.181131,0,0,0,,,
11.952,odom,map,-1.49146,-0.516846,-0.179141,0,0,0,,,
11.988,odom,map,-1.48218,-0.518515,-0.176894,0,0,0,,,
11.988,ekf_predict_only,map,-1.48287,-0.550143,-0.160503,3.25282,3.47641,0.0248358,,,
11.988,kf,map,-1.51638,-0.549355,-0.17076,0.07371,0.07371,0,0.060708,,
12.024,odom,map,-1.47402,-0.5195,-0.174886,0,0,0,,,
11.988,ekf,map,-1.51647,-0.549391,-0.171247,0.0772931,0.0773175,3.53975e-06,0.276166,,
11.988,pf,map,-1.5535,-0.577221,-0.177063,0.0765873,0.0714722,-0.00569024,4.64908,325.467,0
12.06,odom,map,-1.46612,-0.520161,-0.172879,0,0,0,,,
12.096,odom,map,-1.45783,-0.520875,-0.170796,0,0,0,,,
12.132,odom,map,-1.44934,-0.521613,-0.16867,0,0,0,,,
12.168,odom,map,-1.44055,-0.522384,-0.166263,0,0,0,,,
12.204,odom,map,-1.43126,-0.523258,-0.163594,0,0,0,,,
12.204,ekf_predict_only,map,-1.41465,-0.561187,-0.139763,3.45439,3.75651,0.0361838,,,
12.204,kf,map,-1.45351,-0.559948,-0.154377,0.0738931,0.0738931,0,0.064625,,
12.204,ekf,map,-1.45384,-0.559914,-0.154738,0.078241,0.0782747,5.39075e-06,0.065,,
12.204,pf,map,-1.48499,-0.566516,-0.159772,0.0726418,0.0833607,0.00244319,5.56867,297.245,0
12.24,odom,map,-1.41974,-0.525138,-0.160038,0,0,0,,,
12.276,odom,map,-1.40816,-0.526986,-0.156449,0,0,0,,,
12.312,odom,map,-1.39637,-0.528822,-0.152706,0,0,0,,,
12.348,odom,map,-1.3842,-0.530672,-0.148821,0,0,0,,,
12.384,odom,map,-1.37169,-0.532522,-0.144807,0,0,0,,,
12.42,odom,map,-1.35902,-0.534343,-0.140738,0,0,0,,,
12.384,ekf_predict_only,map,-1.3513,-0.570099,-0.11942,3.65596,4.04482,0.0479649,,,
12.384,kf,map,-1.39429,-0.568726,-0.136315,0.07371,0.07371,0,0.060167,,
12.384,ekf,map,-1.39456,-0.568682,-0.136507,0.077314,0.0773467,5.34224e-06,0.059959,,
12.384,pf,map,-1.40924,-0.579818,-0.135711,0.0764689,0.071201,0.00135893,5.68363,307.435,0
12.402,amcl,map,-1.38229,-0.54348,-0.162717,0.134049,0.171626,-0.0210948,,,
12.456,odom,map,-1.34611,-0.536143,-0.136354,0,0,0,,,
12.492,odom,map,-1.33287,-0.53793,-0.131861,0,0,0,,,
12.528,odom,map,-1.31919,-0.539712,-0.127176,0,0,0,,,
12.564,odom,map,-1.30536,-0.541446,-0.122394,0,0,0,,,
12.6,odom,map,-1.29135,-0.543136,-0.117689,0,0,0,,,
12.6,ekf_predict_only,map,-1.26653,-0.580271,-0.0914251,3.85809,4.38529,0.0652795,,,
12.6,ekf,map,-1.31414,-0.578776,-0.109683,0.0782577,0.0783067,7.72843e-06,0.057709,,
12.6,kf,map,-1.31384,-0.578863,-0.10957,0.0738931,0.0738931,0,0.059708,,
12.6,pf,map,-1.31571,-0.602106,-0.105616,0.0735371,0.0730213,-0.001793,4.90846,302.238,0
12.636,odom,map,-1.27703,-0.544795,-0.112862,0,0,0,,,
12.672,odom,map,-1.26255,-0.546399,-0.107951,0,0,0,,,
12.708,odom,map,-1.2479,-0.54795,-0.102912,0,0,0,,,
12.744,odom,map,-1.23306,-0.549445,-0.0978302,0,0,0,,,
12.78,odom,map,-1.21818,-0.550866,-0.0926807,0,0,0,,,
12.816,odom,map,-1.2033,-0.55221,-0.0875066,0,0,0,,,
12.816,ekf_predict_only,map,-1.17725,-0.588456,-0.06038,4.06009,4.7623,0.0842805,,,
12.816,kf,map,-1.22654,-0.587245,-0.0794886,0.0739056,0.0739056,0,0.06425,,
12.816,ekf,map,-1.22672,-0.587147,-0.0795676,0.0783823,0.0784408,8.4262e-06,0.255083,,
12.816,pf,map,-1.25934,-0.608819,-0.0743542,0.0746045,0.0701748,0.00393187,5.87975,309.401,0
12.852,odom,map,-1.18845,-0.553475,-0.0823086,0,0,0,,,
12.888,odom,map,-1.17372,-0.554651,-0.0771015,0,0,0,,,
12.924,odom,map,-1.15909,-0.555744,-0.0720128,0,0,0,,,
12.96,odom,map,-1.14446,-0.556762,-0.0669475,0,0,0,,,
12.996,odom,map,-1.12991,-0.5577,-0.0618194,0,0,0,,,
13.032,odom,map,-1.11551,-0.558556,-0.0568468,0,0,0,,,
12.996,ekf,map,-1.15401,-0.591939,-0.0543102,0.0772912,0.077344,6.69272e-06,0.0735,,
12.996,kf,map,-1.15401,-0.59201,-0.0543191,0.0737109,0.0737109,0,0.061125,,
12.996,ekf_predict_only,map,-1.10535,-0.592803,-0.0357079,4.26126,5.12765,0.0989279,,,
12.996,pf,map,-1.16408,-0.611072,-0.0406767,0.0705177,0.0726547,0.00252839,12.7464,305.317,0
13.068,odom,map,-1.10117,-0.559336,-0.0519105,0,0,0,,,
13.104,odom,map,-1.08684,-0.560045,-0.0469737,0,0,0,,,
13.14,odom,map,-1.07261,-0.560679,-0.0420413,0,0,0,,,
13.176,odom,map,-1.05855,-0.561237,-0.0372367,0,0,0,,,
13.212,odom,map,-1.04561,-0.562622,-0.0336773,0,0,0,,,
13.212,ekf_predict_only,map,-1.02253,-0.595761,-0.00818903,4.4621,5.54463,0.11454,,,
13.212,kf,map,-1.0692,-0.595421,-0.0254021,0.0738932,0.0738932,0,0.06325,,
13.212,ekf,map,-1.06908,-0.595332,-0.0253152,0.0782069,0.0782759,7.2974e-06,0.059959,,
13.212,pf,map,-1.09828,-0.607269,-0.0344637,0.0742087,0.0693292,-0.000697527,11.1817,306.025,0
13.2,amcl,map,-1.07002,-0.580373,-0.0543645,0.118013,0.148273,-0.0157335,,,
13.248,odom,map,-1.03512,-0.566045,-0.0326568,0,0,0,,,
13.284,odom,map,-1.02469,-0.5695,-0.0316349,0,0,0,,,
13.32,odom,map,-1.01439,-0.572984,-0.0307389,0,0,0,,,
13.356,odom,map,-1.00437,-0.576496,-0.0298903,0,0,0,,,
13.392,odom,map,-0.994397,-0.58004,-0.0290331,0,0,0,,,
13.392,ekf_predict_only,map,-0.957092,-0.596297,0.015498,4.66225,5.9371,0.124847,,,
13.392,kf,map,-1.00208,-0.596248,-0.00222216,0.07371,0.07371,0,0.066334,,
13.428,odom,map,-0.982182,-0.581286,-0.0253727,0,0,0,,,
13.392,ekf,map,-1.00197,-0.596188,-0.00222492,0.0772891,0.0773468,4.99701e-06,0.054583,,
13.392,pf,map,-1.009,-0.630678,-0.0169447,0.0625293,0.0702001,0.00472357,9.62817,311.029,0
13.464,odom,map,-0.969153,-0.581585,-0.0204471,0,0,0,,,
13.5,odom,map,-0.956161,-0.581818,-0.0153677,0,0,0,,,
13.536,odom,map,-0.943267,-0.581982,-0.00976637,0,0,0,,,
13.572,odom,map,-0.930448,-0.582066,-0.00323603,0,0,0,,,
13.608,odom,map,-0.917605,-0.582063,0.00389324,0,0,0,,,
13.608,ekf_predict_only,map,-0.879964,-0.595102,0.0626334,4.86191,6.38894,0.134052,,,
13.608,ekf,map,-0.924022,-0.595307,0.0344344,0.0782358,0.0783052,4.45358e-06,0.063833,,
13.608,kf,map,-0.924095,-0.59533,0.0350133,0.0738931,0.0738931,0,0.058166,,
13.608,pf,map,-0.917917,-0.6178,0.00865899,0.0779341,0.0743389,0.000493345,4.68692,325.058,0
13.644,odom,map,-0.904798,-0.581962,0.0122106,0,0,0,,,
13.68,odom,map,-0.892163,-0.581748,0.0218497,0,0,0,,,
13.716,odom,map,-0.879565,-0.58141,0.0317636,0,0,0,,,
13.752,odom,map,-0.866917,-0.580944,0.042222,0,0,0,,,
13.788,odom,map,-0.854314,-0.58034,0.0536683,0,0,0,,,
13.824,odom,map,-0.841739,-0.579588,0.0659346,0,0,0,,,
13.788,ekf_predict_only,map,-0.817077,-0.591158,0.125239,5.06081,6.81511,0.13567,,,
13.788,kf,map,-0.86072,-0.591908,0.0855833,0.07371,0.07371,0,0.055292,,
13.788,ekf,map,-0.860681,-0.591907,0.0848676,0.0773104,0.0773664,2.34657e-06,0.060875,,
13.788,pf,map,-0.878514,-0.606937,0.0802464,0.0675027,0.0710155,0.00214391,7.83542,296.726,0
13.86,odom,map,-0.82917,-0.578679,0.0784557,0,0,0,,,
13.896,odom,map,-0.816727,-0.577622,0.0913582,0,0,0,,,
13.932,odom,map,-0.804401,-0.576409,0.104967,0,0,0,,,
13.968,odom,map,-0.792217,-0.575036,0.119618,0,0,0,,,
14.004,odom,map,-0.780188,-0.573521,0.134494,0,0,0,,,
14.004,kf,map,-0.787307,-0.583417,0.166589,0.0738931,0.0738931,0,0.079875,,
14.004,ekf,map,-0.78718,-0.583349,0.165693,0.0782543,0.0783194,7.95782e-07,0.058708,,
14.004,ekf_predict_only,map,-0.745864,-0.582192,0.218894,5.25862,7.29484,0.12678,,,
14.004,pf,map,-0.811755,-0.646903,0.156387,0.0761525,0.0708589,-0.000723917,10.4649,291.462,0
14.001,amcl,map,-0.802385,-0.574959,0.140059,0.10041,0.12803,-0.0136294,,,
14.04,odom,map,-0.768817,-0.572278,0.149613,0,0,0,,,
14.076,odom,map,-0.757706,-0.570886,0.165559,0,0,0,,,
14.112,odom,map,-0.746676,-0.569316,0.181755,0,0,0,,,
14.148,odom,map,-0.735699,-0.567561,0.198099,0,0,0,,,
14.184,odom,map,-0.7249,-0.565646,0.214676,0,0,0,,,
14.22,odom,map,-0.713963,-0.563314,0.231675,0,0,0,,,
14.184,kf,map,-0.729338,-0.571604,0.245159,0.07371,0.07371,0,0.058833,,
14.184,ekf,map,-0.729226,-0.571514,0.244604,0.0773214,0.077372,-1.13387e-06,0.056084,,
14.184,ekf_predict_only,map,-0.690044,-0.569774,0.304753,5.45626,7.73229,0.105665,,,
14.184,pf,map,-0.763673,-0.63703,0.255619,0.0740024,0.0714125,-0.000480737,6.21004,315.552,0
14.256,odom,map,-0.703002,-0.560629,0.24901,0,0,0,,,
14.292,odom,map,-0.692185,-0.557778,0.266429,0,0,0,,,
14.328,odom,map,-0.681611,-0.554792,0.284111,0,0,0,,,
14.364,odom,map,-0.671443,-0.551725,0.302135,0,0,0,,,
14.4,odom,map,-0.661604,-0.54856,0.320271,0,0,0,,,
14.4,ekf,map,-0.666481,-0.552775,0.349325,0.0782636,0.078319,-3.86346e-06,0.133875,,
14.4,ekf_predict_only,map,-0.631026,-0.55121,0.413579,5.65428,8.20144,0.0664826,,,
14.4,kf,map,-0.666668,-0.552986,0.349693,0.0738931,0.0738931,0,0.0555,,
14.4,pf,map,-0.699585,-0.600261,0.35824,0.0725535,0.0724688,-0.00193228,6.26758,313.064,0
14.436,odom,map,-0.651847,-0.545225,0.338408,0,0,0,,,
14.472,odom,map,-0.642384,-0.541798,0.356753,0,0,0,,,
14.508,odom,map,-0.633372,-0.538345,0.375466,0,0,0,,,
14.544,odom,map,-0.624731,-0.534845,0.394271,0,0,0,,,
14.58,odom,map,-0.616358,-0.531269,0.413035,0,0,0,,,
14.616,ekf_predict_only,map,-0.583509,-0.530355,0.527034,5.85434,8.63214,0.0157948,,,
14.616,kf,map,-0.614364,-0.530885,0.460702,0.0739056,0.0739056,0,0.060166,,
14.616,odom,map,-0.608378,-0.527683,0.431932,0,0,0,,,
14.616,ekf,map,-0.614104,-0.530587,0.460479,0.0783868,0.0784341,-5.65201e-06,0.053833,,
14.616,pf,map,-0.631252,-0.57557,0.460868,0.0625032,0.075966,-0.0048399,9.05,303.209,0
14.601,amcl,map,-0.631839,-0.535375,0.431793,0.088335,0.102971,-0.00618032,,,
14.652,odom,map,-0.600725,-0.524067,0.450914,0,0,0,,,
14.688,odom,map,-0.593218,-0.520344,0.469921,0,0,0,,,
14.724,odom,map,-0.585891,-0.516535,0.489077,0,0,0,,,
14.76,odom,map,-0.578927,-0.512743,0.508307,0,0,0,,,
14.796,odom,map,-0.572521,-0.509093,0.527662,0,0,0,,,
14.832,odom,map,-0.569202,-0.504918,0.548156,0,0,0,,,
14.796,ekf_predict_only,map,-0.551967,-0.512,0.623865,6.05645,8.99241,-0.0326533,,,
14.796,ekf,map,-0.578606,-0.510821,0.555966,0.0772943,0.0773253,-5.39783e-06,0.057917,,
14.796,kf,map,-0.578807,-0.51106,0.556084,0.0737109,0.0737109,0,0.114541,,
14.796,pf,map,-0.603003,-0.56414,0.551688,0.0751843,0.0779589,0.000656403,11.5654,309.966,0
14.868,odom,map,-0.566571,-0.5007,0.568896,0,0,0,,,
14.904,odom,map,-0.564435,-0.496621,0.58976,0,0,0,,,
14.94,odom,map,-0.562693,-0.492633,0.610567,0,0,0,,,
14.976,odom,map,-0.561167,-0.488631,0.631319,0,0,0,,,
15.012,ekf_predict_only,map,-0.524556,-0.49227,0.741254,6.26095,9.33649,-0.0876303,,,
15.012,odom,map,-0.558907,-0.484841,0.651751,0,0,0,,,
15.012,kf,map,-0.547141,-0.489051,0.672807,0.0738932,0.0738932,0,0.062958,,
15.012,ekf,map,-0.546922,-0.488755,0.672745,0.0782105,0.0782387,-6.78123e-06,0.102959,,
15.012,pf,map,-0.567592,-0.497668,0.659763,0.0717403,0.0674058,-0.00603934,5.46525,295.012,0
15,amcl,map,-0.552973,-0.502069,0.637544,0.0536318,0.0681537,-0.00324186,,,
15.048,odom,map,-0.554651,-0.481528,0.671345,0,0,0,,,
15.084,odom,map,-0.550669,-0.478301,0.690968,0,0,0,,,
15.12,odom,map,-0.54682,-0.475055,0.710599,0,0,0,,,
15.156,odom,map,-0.543257,-0.471929,0.730031,0,0,0,,,
15.192,odom,map,-0.53999,-0.468948,0.749317,0,0,0,,,
15.192,ekf,map,-0.528314,-0.472384,0.769743,0.0772919,0.0773091,-5.08473e-06,0.389625,,
15.192,kf,map,-0.528497,-0.472636,0.769697,0.07371,0.07371,0,0.106083,,
15.192,ekf_predict_only,map,-0.509595,-0.478576,0.836907,6.46547,9.61706,-0.126979,,,
15.228,odom,map,-0.537027,-0.466139,0.768456,0,0,0,,,
15.192,pf,map,-0.540144,-0.463381,0.77105,0.0772992,0.0745174,0.000722823,4.77163,312.858,0
15.264,odom,map,-0.534137,-0.463292,0.787587,0,0,0,,,
15.3,odom,map,-0.531447,-0.460538,0.80658,0,0,0,,,
15.336,odom,map,-0.5291,-0.458045,0.825323,0,0,0,,,
15.372,odom,map,-0.527129,-0.45587,0.843978,0,0,0,,,
15.408,odom,map,-0.525317,-0.454054,0.862661,0,0,0,,,
15.408,ekf_predict_only,map,-0.498088,-0.465818,0.948849,6.67076,9.87999,-0.16425,,,
15.408,kf,map,-0.513885,-0.457038,0.882981,0.0738931,0.0738931,0,0.05375,,
15.408,ekf,map,-0.513713,-0.456767,0.883071,0.0782388,0.078253,-5.03211e-06,0.053125,,
15.402,amcl,map,-0.515873,-0.465782,0.835976,0.0392442,0.0355304,-0.00198985,,,
15.408,pf,map,-0.522753,-0.501439,0.883084,0.0793807,0.0676054,0.00444848,4.52354,308.628,0
15.444,odom,map,-0.523897,-0.453517,0.88134,0,0,0,,,
15.48,odom,map,-0.522775,-0.45327,0.89968,0,0,0,,,
15.516,odom,map,-0.52178,-0.453115,0.917911,0,0,0,,,
15.552,odom,map,-0.520911,-0.453064,0.935788,0,0,0,,,
15.588,odom,map,-0.520186,-0.453152,0.953331,0,0,0,,,
15.624,odom,map,-0.519418,-0.452438,0.970499,0,0,0,,,
15.588,ekf_predict_only,map,-0.493652,-0.459629,1.03438,6.8737,10.1045,-0.182389,,,
15.588,ekf,map,-0.50706,-0.447913,0.972422,0.0773124,0.0773206,-3.19026e-06,0.225,,
15.588,kf,map,-0.507188,-0.448124,0.97222,0.07371,0.07371,0,0.061166,,
15.588,pf,map,-0.504759,-0.483611,0.963813,0.0738117,0.0741462,0.000348932,8.20796,318.882,0
15.66,odom,map,-0.518569,-0.451175,0.987604,0,0,0,,,
15.696,odom,map,-0.517844,-0.450057,1.00446,0,0,0,,,
15.732,odom,map,-0.517317,-0.449214,1.0212,0,0,0,,,
15.768,odom,map,-0.516856,-0.448446,1.03796,0,0,0,,,
15.804,odom,map,-0.516395,-0.4479,1.05433,0,0,0,,,
15.804,ekf_predict_only,map,-0.49235,-0.45744,1.12936,7.07481,10.3117,-0.188783,,,
15.804,kf,map,-0.503597,-0.442371,1.07266,0.0738931,0.0738931,0,0.149125,,
15.804,ekf,map,-0.503443,-0.442109,1.07302,0.078256,0.0782625,-2.68114e-06,0.055875,,
15.804,pf,map,-0.528466,-0.468534,1.08001,0.0760953,0.0687422,-0.000242932,4.59604,306.371,0
15.84,odom,map,-0.5144,-0.448905,1.0688,0,0,0,,,
15.876,odom,map,-0.512512,-0.45009,1.08301,0,0,0,,,
15.912,odom,map,-0.510672,-0.451351,1.09716,0,0,0,,,
15.948,odom,map,-0.508888,-0.452713,1.11092,0,0,0,,,
15.984,odom,map,-0.507158,-0.454175,1.12427,0,0,0,,,
15.984,ekf_predict_only,map,-0.492486,-0.457728,1.20314,7.27466,10.5109,-0.18795,,,
16.02,odom,map,-0.506411,-0.454869,1.13836,0,0,0,,,
15.984,kf,map,-0.502732,-0.44083,1.15062,0.07371,0.07371,0,0.059417,,
15.984,ekf,map,-0.502647,-0.440682,1.15091,0.0773222,0.0773259,-1.54838e-06,0.054958,,
16.002,amcl,map,-0.500396,-0.460339,1.11294,0.0268362,0.0260296,-0.00132562,,,
15.984,pf,map,-0.50546,-0.468196,1.13227,0.0699924,0.0734716,-0.000117892,6.34912,310.633,0
16.056,odom,map,-0.506487,-0.455036,1.15294,0,0,0,,,
16.092,odom,map,-0.50662,-0.455343,1.16701,0,0,0,,,
16.128,odom,map,-0.5068,-0.455774,1.18082,0,0,0,,,
16.164,odom,map,-0.506892,-0.455998,1.19371,0,0,0,,,
16.2,odom,map,-0.506892,-0.455998,1.20407,0,0,0,,,
16.2,ekf_predict_only,map,-0.492486,-0.457728,1.21625,7.47466,10.7109,-0.18795,,,
16.2,kf,map,-0.502813,-0.441237,1.21461,0.0738931,0.0738931,0,0.057208,,
16.2,ekf,map,-0.502797,-0.441235,1.21768,0.0782636,0.0782666,-1.2352e-06,0.057708,,
16.2,pf,map,-0.490687,-0.47628,1.22254,0.0672837,0.0770999,-0.00299732,5.17263,292.316,0
16.236,odom,map,-0.50648,-0.45522,1.20907,0,0,0,,,
16.272,odom,map,-0.506069,-0.454419,1.21141,0,0,0,,,
16.308,odom,map,-0.505669,-0.453619,1.21115,0,0,0,,,
16.344,odom,map,-0.505282,-0.452819,1.20862,0,0,0,,,
16.38,odom,map,-0.504907,-0.452018,1.20578,0,0,0,,,
16.416,ekf_predict_only,map,-0.492486,-0.457728,1.21625,7.67466,10.9109,-0.18795,,,
16.416,ekf,map,-0.502831,-0.441351,1.24177,0.0783859,0.0783879,-8.28687e-07,0.061875,,
16.416,odom,map,-0.504684,-0.451529,1.20405,0,0,0,,,
16.416,kf,map,-0.502835,-0.441344,1.2396,0.0739056,0.0739056,0,0.060542,,
16.416,pf,map,-0.540094,-0.468229,1.26472,0.0809462,0.0758053,-0.00139698,9.21783,294.931,0
16.452,odom,map,-0.504684,-0.451529,1.20405,0,0,0,,,
16.488,odom,map,-0.504684,-0.451529,1.20405,0,0,0,,,
16.524,odom,map,-0.504684,-0.451529,1.20405,0,0,0,,,
16.56,odom,map,-0.504593,-0.451294,1.20385,0,0,0,,,
16.596,odom,map,-0.504127,-0.450081,1.2035,0,0,0,,,
16.632,odom,map,-0.503484,-0.448411,1.20329,0,0,0,,,
16.596,ekf_predict_only,map,-0.488243,-0.446265,1.21553,7.881,11.1345,-0.220989,,,
16.596,kf,map,-0.501432,-0.437248,1.2455,0.0737109,0.0737109,0,0.4,,
16.596,ekf,map,-0.501566,-0.437609,1.24632,0.0772931,0.077294,-5.22222e-07,0.059542,,
16.596,pf,map,-0.520347,-0.481178,1.2512,0.0738551,0.0719485,0.00033482,7.11362,309.112,0
16.668,odom,map,-0.502428,-0.44567,1.20312,0,0,0,,,
16.704,odom,map,-0.501213,-0.442515,1.20333,0,0,0,,,
16.74,odom,map,-0.500061,-0.439516,1.20444,0,0,0,,,
16.776,odom,map,-0.49895,-0.436615,1.20625,0,0,0,,,
16.812,ekf_predict_only,map,-0.482116,-0.429751,1.23384,8.09193,11.3688,-0.269257,,,
16.812,kf,map,-0.49657,-0.422656,1.256,0.0738932,0.0738932,0,0.057292,,
16.812,ekf,map,-0.496637,-0.42286,1.25572,0.078209,0.078209,-6.56958e-07,0.062125,,
16.812,odom,map,-0.497682,-0.434375,1.20875,0,0,0,,,
16.812,pf,map,-0.520021,-0.465763,1.25955,0.0693321,0.069939,0.00688454,6.31267,305.845,0
16.848,odom,map,-0.495962,-0.433415,1.21141,0,0,0,,,
16.884,odom,map,-0.494273,-0.432515,1.21453,0,0,0,,,
16.92,odom,map,-0.492635,-0.431727,1.21887,0,0,0,,,
16.956,odom,map,-0.491057,-0.431066,1.22392,0,0,0,,,
16.992,odom,map,-0.489508,-0.430448,1.22923,0,0,0,,,
17.028,odom,map,-0.48847,-0.428541,1.23522,0,0,0,,,
16.992,ekf_predict_only,map,-0.477913,-0.417752,1.2666,8.30123,11.5926,-0.304728,,,
16.992,kf,map,-0.492669,-0.410394,1.27911,0.07371,0.07371,0,0.072417,,
16.992,ekf,map,-0.492676,-0.410435,1.27858,0.0772908,0.0772903,-5.75843e-07,0.068125,,
16.992,pf,map,-0.480775,-0.446191,1.26717,0.0754086,0.0695708,0.00881341,8.14721,314.019,0
17.064,odom,map,-0.487622,-0.426081,1.24229,0,0,0,,,
17.1,odom,map,-0.486779,-0.423576,1.25023,0,0,0,,,
17.136,odom,map,-0.485955,-0.421059,1.25838,0,0,0,,,
17.172,odom,map,-0.485103,-0.418382,1.26699,0,0,0,,,
17.208,odom,map,-0.484208,-0.415481,1.27666,0,0,0,,,
17.208,kf,map,-0.48806,-0.394163,1.32731,0.0738931,0.0738931,0,0.05425,,
17.208,ekf,map,-0.488085,-0.394258,1.32651,0.0782382,0.0782369,-7.73733e-07,0.055,,
17.208,ekf_predict_only,map,-0.472407,-0.400216,1.32643,8.51692,11.8238,-0.357,,,
17.208,pf,map,-0.493796,-0.403869,1.32818,0.0754302,0.0677051,0.00540862,7.14938,283.091,0
17.244,odom,map,-0.483288,-0.412386,1.28712,0,0,0,,,
17.28,odom,map,-0.482371,-0.409173,1.29803,0,0,0,,,
17.316,odom,map,-0.481449,-0.405804,1.30944,0,0,0,,,
17.352,odom,map,-0.480472,-0.402057,1.32177,0,0,0,,,
17.388,odom,map,-0.479482,-0.398057,1.33469,0,0,0,,,
17.388,kf,map,-0.484018,-0.376156,1.3844,0.07371,0.07371,0,0.101958,,
17.388,ekf,map,-0.484058,-0.3763,1.38378,0.077313,0.0773111,-7.73192e-07,0.058125,,
17.424,odom,map,-0.478523,-0.393955,1.34788,0,0,0,,,
17.388,ekf_predict_only,map,-0.467312,-0.379782,1.39238,8.73845,12.053,-0.418174,,,
17.4,amcl,map,-0.469228,-0.403339,1.33541,0.0202752,0.0214077,0.00176143,,,
17.388,pf,map,-0.519921,-0.416491,1.38234,0.0820921,0.0667684,-0.00106429,7.34825,302.519,0
17.46,odom,map,-0.477557,-0.389553,1.3613,0,0,0,,,
17.496,odom,map,-0.47661,-0.384945,1.3748,0,0,0,,,
17.532,odom,map,-0.475679,-0.380077,1.38856,0,0,0,,,
17.568,odom,map,-0.474723,-0.374681,1.40255,0,0,0,,,
17.604,odom,map,-0.47381,-0.369066,1.41629,0,0,0,,,
17.604,kf,map,-0.479182,-0.345023,1.46317,0.0738931,0.0738931,0,0.060459,,
17.604,ekf_predict_only,map,-0.46027,-0.340733,1.47211,8.98955,12.2937,-0.53557,,,
17.604,ekf,map,-0.479333,-0.345519,1.46298,0.07826,0.078255,-1.40209e-06,0.058917,,
17.604,pf,map,-0.515921,-0.369681,1.4577,0.0736305,0.0789226,-0.000491968,4.663,299.974,0
17.64,odom,map,-0.472865,-0.362714,1.4296,0,0,0,,,
17.676,odom,map,-0.471962,-0.356033,1.44295,0,0,0,,,
17.712,odom,map,-0.471106,-0.349001,1.45639,0,0,0,,,
17.748,odom,map,-0.470306,-0.341608,1.46972,0,0,0,,,
17.784,odom,map,-0.469573,-0.333861,1.483,0,0,0,,,
17.784,ekf_predict_only,map,-0.4561,-0.298614,1.53884,9.25962,12.518,-0.661722,,,
17.784,ekf,map,-0.476865,-0.310395,1.52958,0.0773297,0.0773217,-1.52608e-06,0.060333,,
17.82,odom,map,-0.46891,-0.325695,1.49632,0,0,0,,,
17.784,kf,map,-0.47673,-0.30994,1.52964,0.07371,0.07371,0,0.055792,,
17.784,pf,map,-0.490299,-0.320191,1.53489,0.0725251,0.0753409,-0.00230036,6.89804,291.154,0
17.856,odom,map,-0.468337,-0.31725,1.50966,0,0,0,,,
17.892,odom,map,-0.467855,-0.308426,1.52261,0,0,0,,,
17.928,odom,map,-0.467468,-0.299162,1.53526,0,0,0,,,
17.964,odom,map,-0.46718,-0.289353,1.54748,0,0,0,,,
18,odom,map,-0.467009,-0.279455,1.55966,0,0,0,,,
18,ekf_predict_only,map,-0.454202,-0.239245,1.61189,9.58536,12.7291,-0.837465,,,
18,kf,map,-0.476622,-0.256043,1.60528,0.0738931,0.0738931,0,0.057459,,
18,ekf,map,-0.4768,-0.256463,1.60543,0.0782803,0.0782633,-2.02256e-06,0.092333,,
18,amcl,map,-0.454173,-0.301037,1.54827,0.020349,0.0224666,-0.00224742,,,
18,pf,map,-0.510649,-0.292949,1.60415,0.0795599,0.069439,-0.00221618,5.36738,330.725,0
18.036,odom,map,-0.466958,-0.269371,1.57161,0,0,0,,,
18.072,odom,map,-0.46703,-0.258664,1.58305,0,0,0,,,
18.108,odom,map,-0.467226,-0.247673,1.59429,0,0,0,,,
18.144,odom,map,-0.467552,-0.236457,1.60526,0,0,0,,,
18.18,odom,map,-0.468015,-0.224835,1.61563,0,0,0,,,
18.216,odom,map,-0.467861,-0.213339,1.62518,0,0,0,,,
18.216,kf,map,-0.481362,-0.189289,1.66955,0.0739056,0.0739056,0,0.144583,,
18.216,ekf,map,-0.481573,-0.189765,1.67001,0.0784122,0.0783857,-1.37747e-06,0.152625,,
18.216,ekf_predict_only,map,-0.457206,-0.166171,1.66929,9.98441,12.9115,-1.04701,,,
18.216,pf,map,-0.50224,-0.20917,1.67587,0.0771609,0.0784693,-0.00370703,5.39133,306.208,0
18.252,odom,map,-0.466643,-0.202387,1.63407,0,0,0,,,
18.288,odom,map,-0.465534,-0.191329,1.64272,0,0,0,,,
18.324,odom,map,-0.464539,-0.179999,1.65055,0,0,0,,,
18.36,odom,map,-0.463654,-0.168393,1.6579,0,0,0,,,
18.396,odom,map,-0.462862,-0.15672,1.66521,0,0,0,,,
18.432,odom,map,-0.463931,-0.143784,1.67274,0,0,0,,,
18.396,kf,map,-0.489386,-0.127697,1.71318,0.0737109,0.0737109,0,0.118208,,
18.396,ekf_predict_only,map,-0.463692,-0.100535,1.70683,10.4057,13.0739,-1.22652,,,
18.396,ekf,map,-0.489544,-0.128005,1.71358,0.0773227,0.0772929,2.08918e-07,0.058958,,
18.396,pf,map,-0.502329,-0.15051,1.70553,0.0736728,0.0718789,0.00155385,6.02833,306.072,0
18.468,odom,map,-0.465322,-0.130656,1.67997,0,0,0,,,
18.504,odom,map,-0.466812,-0.117485,1.68684,0,0,0,,,
18.54,odom,map,-0.468394,-0.104307,1.69363,0,0,0,,,
18.576,odom,map,-0.470061,-0.0911541,1.70004,0,0,0,,,
18.612,odom,map,-0.471811,-0.0779974,1.70588,0,0,0,,,
18.612,ekf_predict_only,map,-0.4745,-0.0215743,1.74068,10.9264,13.2121,-1.4304,,,
18.612,ekf,map,-0.502611,-0.0504706,1.75422,0.0782546,0.0782084,2.74122e-06,0.06175,,
18.612,kf,map,-0.50243,-0.0503095,1.75373,0.0738932,0.0738932,0,0.059208,,
18.612,pf,map,-0.505837,-0.0498864,1.7464,0.0758681,0.0633038,-0.00433628,4.64729,299.007,0
18.648,odom,map,-0.473627,-0.0648934,1.71105,0,0,0,,,
18.684,odom,map,-0.475508,-0.0518094,1.71606,0,0,0,,,
18.72,odom,map,-0.477437,-0.0388319,1.72059,0,0,0,,,
18.756,odom,map,-0.479418,-0.0258818,1.72434,0,0,0,,,
18.792,odom,map,-0.481444,-0.0129385,1.72784,0,0,0,,,
18.828,odom,map,-0.482886,-0.00198566,1.72999,0,0,0,,,
18.792,ekf_predict_only,map,-0.485517,0.042651,1.75608,11.432,13.3502,-1.58446,,,
18.792,kf,map,-0.515497,0.0136827,1.77571,0.07371,0.07371,0,0.098833,,
18.792,ekf,map,-0.515636,0.0136348,1.77614,0.0773331,0.0772903,4.19824e-06,0.058917,,
18.801,amcl,map,-0.485077,-0.0213496,1.72644,0.0176579,0.0246413,0.00261115,,,
18.792,pf,map,-0.536687,0.0122691,1.7709,0.0811167,0.072085,0.00144364,10.8652,316.86,0
18.864,odom,map,-0.484093,0.00818635,1.73136,0,0,0,,,
18.9,odom,map,-0.48528,0.0182467,1.73194,0,0,0,,,
18.936,odom,map,-0.486446,0.0282405,1.73226,0,0,0,,,
18.972,odom,map,-0.487585,0.0381182,1.73317,0,0,0,,,
19.008,odom,map,-0.488899,0.048379,1.73533,0,0,0,,,
19.008,ekf_predict_only,map,-0.499283,0.116093,1.77671,12.0317,13.4746,-1.74862,,,
19.008,kf,map,-0.531915,0.0883258,1.79406,0.0738931,0.0738931,0,0.057875,,
19.008,ekf,map,-0.53201,0.0884041,1.79402,0.0782924,0.0782375,7.38765e-06,0.098875,,
19.008,pf,map,-0.555916,0.073663,1.79256,0.0665407,0.0779467,-0.00083118,5.11287,307.944,0
19.044,odom,map,-0.49096,0.0606608,1.73877,0,0,0,,,
19.08,odom,map,-0.493051,0.0728524,1.74281,0,0,0,,,
19.116,odom,map,-0.495171,0.0848769,1.748,0,0,0,,,
19.152,odom,map,-0.497352,0.0968555,1.75397,0,0,0,,,
19.188,odom,map,-0.499607,0.108814,1.76031,0,0,0,,,
19.224,odom,map,-0.501909,0.120605,1.76723,0,0,0,,,
19.188,ekf_predict_only,map,-0.511524,0.174698,1.81242,12.5899,13.609,-1.86824,,,
19.188,kf,map,-0.546174,0.148077,1.82127,0.07371,0.07371,0,0.06825,,
19.188,ekf,map,-0.546205,0.14817,1.82084,0.0773573,0.0773121,7.29181e-06,0.059959,,
19.188,pf,map,-0.565476,0.106385,1.82925,0.0715515,0.0637377,0.00375597,8.64087,294.05,0
19.26,odom,map,-0.50427,0.132242,1.77481,0,0,0,,,
19.296,odom,map,-0.506665,0.143573,1.78362,0,0,0,,,
19.332,odom,map,-0.509155,0.154849,1.79258,0,0,0,,,
19.368,odom,map,-0.511715,0.165967,1.80198,0,0,0,,,
19.404,odom,map,-0.514321,0.176787,1.81251,0,0,0,,,
19.404,kf,map,-0.5645,0.214755,1.87472,0.0738931,0.0738931,0,0.060709,,
19.404,ekf,map,-0.564556,0.214927,1.87392,0.078309,0.0782565,9.92161e-06,0.092167,,
19.404,ekf_predict_only,map,-0.527421,0.239207,1.87801,13.2253,13.7262,-1.98274,,,
19.404,pf,map,-0.585058,0.201174,1.86756,0.0777039,0.0651717,-0.00280194,8.03096,302.08,0
19.44,odom,map,-0.51703,0.187524,1.82344,0,0,0,,,
19.476,odom,map,-0.519815,0.198065,1.8349,0,0,0,,,
19.512,odom,map,-0.522691,0.208457,1.84702,0,0,0,,,
19.548,odom,map,-0.525643,0.218617,1.86026,0,0,0,,,
19.584,odom,map,-0.528705,0.228649,1.87377,0,0,0,,,
19.62,odom,map,-0.532773,0.238792,1.8881,0,0,0,,,
19.584,ekf_predict_only,map,-0.54291,0.288027,1.94828,13.7838,13.848,-2.04907,,,
19.584,ekf,map,-0.581878,0.265912,1.93453,0.0773632,0.0773233,8.65569e-06,0.08875,,
19.584,kf,map,-0.581811,0.265755,1.93519,0.07371,0.07371,0,0.060084,,
19.602,amcl,map,-0.539097,0.224526,1.90479,0.0252988,0.0340115,0.00435591,,,
19.584,pf,map,-0.610316,0.23679,1.93586,0.0742716,0.0730967,0.00222534,5.2385,322.733,0
19.656,odom,map,-0.53767,0.24894,1.9036,0,0,0,,,
19.692,odom,map,-0.542724,0.25902,1.91924,0,0,0,,,
19.728,odom,map,-0.547875,0.26887,1.93517,0,0,0,,,
19.764,odom,map,-0.553055,0.278316,1.95182,0,0,0,,,
19.8,odom,map,-0.558323,0.287517,1.96907,0,0,0,,,
19.8,ekf,map,-0.60505,0.320806,2.02421,0.0783085,0.0782659,1.09239e-05,0.062917,,
19.8,ekf_predict_only,map,-0.563609,0.340232,2.04763,14.3956,13.9475,-2.09411,,,
19.8,kf,map,-0.604895,0.320615,2.02491,0.0738931,0.0738931,0,0.186042,,
19.8,pf,map,-0.609555,0.305043,2.02884,0.0671471,0.075492,-0.00174849,4.79342,308.174,0
19.836,odom,map,-0.562071,0.296127,1.98566,0,0,0,,,
19.872,odom,map,-0.565844,0.304503,2.00253,0,0,0,,,
19.908,odom,map,-0.569725,0.312743,2.01953,0,0,0,,,
19.944,odom,map,-0.573746,0.320915,2.03654,0,0,0,,,
19.98,odom,map,-0.577758,0.328732,2.0539,0,0,0,,,
20.016,odom,map,-0.581583,0.33587,2.07164,0,0,0,,,
20.016,ekf_predict_only,map,-0.58547,0.382549,2.15464,14.9513,14.0465,-2.10001,,,
20.016,kf,map,-0.630152,0.367186,2.1261,0.0739056,0.0739056,0,0.065583,,
20.016,ekf,map,-0.630429,0.367466,2.1256,0.0784245,0.0783889,1.08062e-05,0.057,,
20.016,pf,map,-0.649019,0.338942,2.10462,0.0727574,0.0683254,0.00101,8.20167,314.52,0
20.052,odom,map,-0.585372,0.342648,2.08973,0,0,0,,,
20.088,odom,map,-0.589245,0.349288,2.10792,0,0,0,,,
20.124,odom,map,-0.593156,0.355723,2.12629,0,0,0,,,
20.16,odom,map,-0.596931,0.36168,2.14512,0,0,0,,,
20.196,odom,map,-0.600642,0.367299,2.16401,0,0,0,,,
20.196,ekf_predict_only,map,-0.603747,0.410214,2.24909,15.3945,14.1662,-2.08047,,,
20.232,odom,map,-0.604401,0.372762,2.1829,0,0,0,,,
20.196,kf,map,-0.651127,0.397972,2.21751,0.0737109,0.0737109,0,0.111292,,
20.196,ekf,map,-0.651351,0.398168,2.21725,0.0773186,0.0772958,8.23877e-06,0.053208,,
20.202,amcl,map,-0.588326,0.347879,2.17556,0.0347497,0.0357501,0.0086953,,,
20.196,pf,map,-0.657367,0.359318,2.19866,0.0795698,0.0664224,0.00175968,6.9295,319.474,0
20.268,odom,map,-0.608084,0.377905,2.20201,0,0,0,,,
20.304,odom,map,-0.611659,0.382699,2.22129,0,0,0,,,
20.34,odom,map,-0.615134,0.387177,2.24056,0,0,0,,,
20.376,odom,map,-0.618544,0.391398,2.25979,0,0,0,,,
20.412,odom,map,-0.622041,0.394683,2.28008,0,0,0,,,
20.412,ekf_predict_only,map,-0.622638,0.433657,2.3649,15.8074,14.2871,-2.04374,,,
20.412,kf,map,-0.673566,0.424852,2.33195,0.0738932,0.0738932,0,0.101,,
20.412,ekf,map,-0.673864,0.425064,2.33182,0.0782321,0.0782118,8.82311e-06,0.761417,,
20.412,pf,map,-0.659594,0.414214,2.31752,0.0751044,0.0766177,0.00169211,6.35442,306.279,0
20.448,odom,map,-0.625584,0.395827,2.30274,0,0,0,,,
20.484,odom,map,-0.629137,0.396776,2.3254,0,0,0,,,
20.52,odom,map,-0.632673,0.397511,2.34827,0,0,0,,,
20.556,odom,map,-0.636015,0.397868,2.37104,0,0,0,,,
20.592,odom,map,-0.639189,0.397899,2.39372,0,0,0,,,
20.592,kf,map,-0.68921,0.439814,2.4285,0.07371,0.07371,0,0.128417,,
20.628,odom,map,-0.641983,0.399608,2.41399,0,0,0,,,
20.592,ekf,map,-0.689441,0.439962,2.42846,0.0773048,0.0772926,6.06708e-06,0.349083,,
20.592,ekf_predict_only,map,-0.635349,0.446148,2.46158,16.1235,14.4362,-2.00971,,,
20.601,amcl,map,-0.622678,0.393775,2.378,0.0310572,0.0320936,0.00537344,,,
20.592,pf,map,-0.684069,0.433858,2.41807,0.081177,0.0813845,0.000872653,5.48225,310.405,0
20.664,odom,map,-0.644463,0.401776,2.43333,0,0,0,,,
20.7,odom,map,-0.646585,0.403559,2.4525,0,0,0,,,
20.736,odom,map,-0.648528,0.40513,2.47155,0,0,0,,,
20.772,odom,map,-0.650441,0.406616,2.49056,0,0,0,,,
20.808,odom,map,-0.652278,0.407988,2.50972,0,0,0,,,
20.808,ekf_predict_only,map,-0.644766,0.453763,2.57579,16.3951,14.5997,-1.98017,,,
20.808,kf,map,-0.702305,0.45006,2.54331,0.0738931,0.0738931,0,0.057833,,
20.808,ekf,map,-0.702587,0.450228,2.54334,0.0782491,0.0782392,5.53241e-06,0.087917,,
20.808,pf,map,-0.697741,0.432898,2.54029,0.0720501,0.0778598,0.00419446,7.09575,312.787,0
20.844,odom,map,-0.65394,0.409182,2.52877,0,0,0,,,
20.88,odom,map,-0.655602,0.410327,2.54781,0,0,0,,,
20.916,odom,map,-0.657113,0.411327,2.5668,0,0,0,,,
20.952,odom,map,-0.658361,0.412118,2.58587,0,0,0,,,
20.988,odom,map,-0.659416,0.412761,2.60474,0,0,0,,,
21.024,odom,map,-0.658623,0.412579,2.62235,0,0,0,,,
20.988,ekf,map,-0.710176,0.454977,2.63825,0.0773182,0.0773126,3.35384e-06,0.108334,,
21,amcl,map,-0.645808,0.401222,2.57824,0.0271023,0.0265399,0.00642264,,,
20.988,kf,map,-0.709972,0.454864,2.63819,0.07371,0.07371,0,0.059,,
20.988,ekf_predict_only,map,-0.649675,0.456881,2.66972,16.6247,14.7811,-1.96283,,,
20.988,pf,map,-0.711863,0.411173,2.65185,0.067562,0.0744555,0.00322748,5.32033,315.784,0
21.06,odom,map,-0.656655,0.41185,2.63919,0,0,0,,,
21.096,odom,map,-0.654461,0.410977,2.65592,0,0,0,,,
21.132,odom,map,-0.65201,0.409954,2.67254,0,0,0,,,
21.168,odom,map,-0.649494,0.408886,2.68914,0,0,0,,,
21.204,odom,map,-0.647049,0.407835,2.70572,0,0,0,,,
21.204,ekf,map,-0.713453,0.456639,2.74877,0.0782605,0.0782561,2.74221e-06,0.058041,,
21.204,kf,map,-0.71322,0.456519,2.74856,0.0738931,0.0738931,0,0.054833,,
21.204,ekf_predict_only,map,-0.649726,0.456907,2.77675,16.8249,14.9809,-1.96264,,,
21.204,pf,map,-0.726806,0.426331,2.74458,0.0671036,0.0667318,0.00510227,5.33633,295.869,0
21.24,odom,map,-0.647083,0.407851,2.72365,0,0,0,,,
21.276,odom,map,-0.646974,0.407804,2.74116,0,0,0,,,
21.312,odom,map,-0.646836,0.407747,2.75858,0,0,0,,,
21.348,odom,map,-0.646537,0.407629,2.77586,0,0,0,,,
21.384,odom,map,-0.64602,0.407437,2.79259,0,0,0,,,
21.42,odom,map,-0.645273,0.407565,2.8081,0,0,0,,,
21.384,kf,map,-0.712589,0.456396,2.83532,0.07371,0.07371,0,0.065708,,
21.384,ekf_predict_only,map,-0.647057,0.455887,2.85993,17.0152,15.191,-1.97337,,,
21.384,ekf,map,-0.712739,0.456471,2.83554,0.0773247,0.0773222,1.57315e-06,0.101292,,
21.402,amcl,map,-0.647401,0.398432,2.79237,0.0250694,0.0271196,0.00347789,,,
21.384,pf,map,-0.704732,0.420868,2.82639,0.0829135,0.0684709,0.00541872,5.44658,309.288,0
21.456,odom,map,-0.644348,0.407948,2.82262,0,0,0,,,
21.492,odom,map,-0.643294,0.408291,2.83674,0,0,0,,,
21.528,odom,map,-0.642191,0.408623,2.85069,0,0,0,,,
21.564,odom,map,-0.64109,0.408961,2.86464,0,0,0,,,
21.6,odom,map,-0.639778,0.409244,2.8782,0,0,0,,,
21.6,ekf_predict_only,map,-0.640618,0.454024,2.95225,17.1976,15.4157,-2.00027,,,
21.6,kf,map,-0.708272,0.45531,2.93191,0.0738931,0.0738931,0,0.062584,,
21.6,ekf,map,-0.708427,0.455384,2.93222,0.0782657,0.0782638,1.27678e-06,0.0535,,
21.6,pf,map,-0.721838,0.432861,2.91797,0.0717544,0.067618,-0.000499975,7.03908,310.685,0
21.636,odom,map,-0.638674,0.408973,2.89327,0,0,0,,,
21.672,odom,map,-0.637503,0.408686,2.90811,0,0,0,,,
21.708,odom,map,-0.636149,0.408374,2.92259,0,0,0,,,
21.744,odom,map,-0.635108,0.408149,2.93642,0,0,0,,,
21.78,odom,map,-0.635024,0.408132,2.94777,0,0,0,,,
21.816,odom,map,-0.635282,0.407556,2.95572,0,0,0,,,
21.816,ekf_predict_only,map,-0.640618,0.454024,2.96999,17.3976,15.6157,-2.00027,,,
21.816,ekf,map,-0.705114,0.454914,2.99844,0.0783873,0.078386,8.65092e-07,0.113083,,
21.816,kf,map,-0.705267,0.454916,2.99559,0.0739056,0.0739056,0,0.06175,,
21.816,pf,map,-0.719881,0.428593,3.02793,0.0769917,0.0751301,-0.00293799,5.64821,300.004,0
21.852,odom,map,-0.635949,0.406072,2.95983,0,0,0,,,
21.888,odom,map,-0.636622,0.404585,2.96135,0,0,0,,,
21.924,odom,map,-0.6373,0.403094,2.9603,0,0,0,,,
21.96,odom,map,-0.637985,0.401599,2.95825,0,0,0,,,
21.996,odom,map,-0.638674,0.4001,2.9562,0,0,0,,,
22.032,odom,map,-0.638751,0.399934,2.95597,0,0,0,,,
21.996,ekf_predict_only,map,-0.640618,0.454024,2.96999,17.5976,15.8157,-2.00027,,,
21.996,ekf,map,-0.704412,0.454809,3.01706,0.0772937,0.077293,4.75815e-07,0.058833,,
21.996,kf,map,-0.704485,0.454814,3.01545,0.0737109,0.0737109,0,0.058,,
21.996,pf,map,-0.746934,0.432211,3.02522,0.0854402,0.0726356,-0.0013986,6.9415,321.87,0
22.068,odom,map,-0.638751,0.399934,2.95597,0,0,0,,,
22.104,odom,map,-0.638751,0.399934,2.95597,0,0,0,,,
22.14,odom,map,-0.638751,0.399934,2.95597,0,0,0,,,
22.176,odom,map,-0.638751,0.399934,2.95597,0,0,0,,,
22.212,odom,map,-0.638741,0.399728,2.95674,0,0,0,,,
22.212,kf,map,-0.704279,0.454786,3.02068,0.0738932,0.0738932,0,0.068666,,
22.212,ekf_predict_only,map,-0.640618,0.454024,2.96999,17.7976,16.0157,-2.00027,,,
22.212,ekf,map,-0.704251,0.454784,3.02134,0.0782087,0.0782081,3.74804e-07,0.057875,,
22.212,pf,map,-0.743195,0.42618,3.02285,0.0632193,0.0677893,0.00246055,4.57246,317.43,0
22.248,odom,map,-0.638712,0.39905,2.95925,0,0,0,,,
22.284,odom,map,-0.638692,0.398367,2.96176,0,0,0,,,
22.32,odom,map,-0.638681,0.397679,2.96427,0,0,0,,,
22.356,odom,map,-0.638678,0.396985,2.96678,0,0,0,,,
22.392,odom,map,-0.638683,0.396286,2.96929,0,0,0,,,
22.428,odom,map,-0.638686,0.39609,2.96999,0,0,0,,,
22.392,kf,map,-0.704225,0.454779,3.02204,0.07371,0.07371,0,0.062708,,
22.392,ekf_predict_only,map,-0.640618,0.454024,2.96999,17.9976,16.2157,-2.00027,,,
22.392,pf,map,-0.732625,0.409663,3.00213,0.0646919,0.068021,-0.00145468,6.05021,322.43,0
22.392,ekf,map,-0.704216,0.454779,3.02226,0.0772901,0.0772898,2.12763e-07,0.053292,,
22.464,odom,map,-0.638686,0.39609,2.96999,0,0,0,,,
22.5,odom,map,-0.638686,0.39609,2.96999,0,0,0,,,
22.536,odom,map,-0.639076,0.396158,2.96987,0,0,0,,,
22.572,odom,map,-0.640069,0.39633,2.96971,0,0,0,,,
22.608,odom,map,-0.6412,0.396527,2.96955,0,0,0,,,
22.608,ekf_predict_only,map,-0.647401,0.4552,2.969,18.2087,16.3897,-1.97043,,,
22.608,kf,map,-0.707867,0.455216,3.02182,0.0738931,0.0738931,0,0.064333,,
22.608,ekf,map,-0.707677,0.455193,3.02191,0.0782365,0.0782364,1.76665e-07,0.060334,,
22.608,pf,map,-0.72083,0.424036,3.0132,0.0701176,0.0679254,-0.000106704,5.00892,294.331,0
22.644,odom,map,-0.642646,0.396778,2.96908,0,0,0,,,
22.68,odom,map,-0.645069,0.397202,2.96757,0,0,0,,,
22.716,odom,map,-0.648337,0.39778,2.96533,0,0,0,,,
22.752,odom,map,-0.651941,0.398427,2.96302,0,0,0,,,
22.788,odom,map,-0.655988,0.399163,2.96017,0,0,0,,,
22.824,odom,map,-0.660753,0.400046,2.9568,0,0,0,,,
22.788,ekf,map,-0.724387,0.457241,3.01082,0.0773109,0.077312,2.43762e-07,0.06225,,
22.788,kf,map,-0.724871,0.457309,3.01049,0.07371,0.07371,0,0.0555,,
22.788,ekf_predict_only,map,-0.673246,0.459705,2.95143,18.4515,16.4966,-1.85577,,,
22.788,pf,map,-0.730663,0.404044,3.01168,0.0742223,0.0682992,-0.00279927,7.02508,328.315,0
22.86,odom,map,-0.666182,0.40107,2.95331,0,0,0,,,
22.896,odom,map,-0.671897,0.402169,2.94983,0,0,0,,,
22.932,odom,map,-0.677902,0.403347,2.94595,0,0,0,,,
22.968,odom,map,-0.684552,0.40468,2.94185,0,0,0,,,
23.004,odom,map,-0.691587,0.406119,2.93779,0,0,0,,,
23.004,ekf_predict_only,map,-0.7166,0.46805,2.92711,18.7316,16.5614,-1.66088,,,
23.004,kf,map,-0.760454,0.462292,2.98925,0.0738931,0.0738931,0,0.0635,,
23.004,ekf,map,-0.759867,0.462219,2.9895,0.0782547,0.0782601,7.89222e-07,0.055875,,
23.004,pf,map,-0.767993,0.431133,2.96993,0.0790074,0.0811023,0.000809287,4.68433,292.983,0
23.04,odom,map,-0.69879,0.407623,2.93374,0,0,0,,,
23.076,odom,map,-0.706405,0.409245,2.92983,0,0,0,,,
23.112,odom,map,-0.714581,0.411019,2.92598,0,0,0,,,
23.148,odom,map,-0.723084,0.412899,2.92214,0,0,0,,,
23.184,odom,map,-0.731895,0.414881,2.91846,0,0,0,,,
23.22,odom,map,-0.74118,0.417006,2.91474,0,0,0,,,
23.184,ekf_predict_only,map,-0.765632,0.478732,2.90813,19.0354,16.6405,-1.43561,,,
23.184,kf,map,-0.80137,0.468978,2.97081,0.07371,0.07371,0,0.058208,,
23.184,ekf,map,-0.800812,0.468912,2.97089,0.0773216,0.0773315,1.46841e-06,0.068083,,
23.184,pf,map,-0.811016,0.443623,2.95559,0.0725936,0.0776794,5.016e-06,4.77933,301.122,0
23.256,odom,map,-0.750955,0.419282,2.91094,0,0,0,,,
23.292,odom,map,-0.760985,0.421657,2.90734,0,0,0,,,
23.328,odom,map,-0.771574,0.424203,2.90395,0,0,0,,,
23.364,odom,map,-0.782639,0.426903,2.90074,0,0,0,,,
23.4,odom,map,-0.793866,0.429679,2.89757,0,0,0,,,
23.4,ekf_predict_only,map,-0.836235,0.495521,2.89161,19.402,16.7271,-1.0988,,,
23.4,kf,map,-0.864055,0.480468,2.9512,0.0738931,0.0738931,0,0.059083,,
23.4,ekf,map,-0.863409,0.480419,2.95103,0.0782636,0.0782862,3.63461e-06,0.058709,,
23.4,pf,map,-0.880288,0.451048,2.94173,0.0809839,0.0865231,0.00141991,6.26304,313.4,0
23.436,odom,map,-0.805471,0.432587,2.89476,0,0,0,,,
23.472,odom,map,-0.81746,0.435624,2.89219,0,0,0,,,
23.508,odom,map,-0.82982,0.438788,2.88988,0,0,0,,,
23.544,odom,map,-0.842355,0.442027,2.88768,0,0,0,,,
23.58,odom,map,-0.855005,0.445323,2.88581,0,0,0,,,
23.616,odom,map,-0.868021,0.448735,2.88481,0,0,0,,,
23.616,ekf_predict_only,map,-0.914835,0.51559,2.88613,19.8066,16.8861,-0.70352,,,
23.616,kf,map,-0.938004,0.495439,2.93954,0.0739056,0.0739056,0,0.056292,,
23.616,ekf,map,-0.937511,0.495443,2.93912,0.0783865,0.0784204,5.96834e-06,0.076667,,
23.616,pf,map,-0.944549,0.461491,2.93353,0.0770112,0.0745137,0.00222893,4.82071,299.192,0
23.652,odom,map,-0.881096,0.452174,2.8839,0,0,0,,,
23.688,odom,map,-0.8943,0.45566,2.8831,0,0,0,,,
23.724,odom,map,-0.90769,0.459205,2.88256,0,0,0,,,
23.76,odom,map,-0.92115,0.462774,2.8823,0,0,0,,,
23.796,odom,map,-0.934641,0.466354,2.88218,0,0,0,,,
23.796,ekf_predict_only,map,-0.982196,0.533182,2.88666,20.1907,17.1234,-0.346068,,,
23.796,kf,map,-1.00417,0.509403,2.93613,0.0737109,0.0737109,0,0.055458,,
23.796,ekf,map,-1.00395,0.509429,2.93584,0.0772939,0.0773294,6.7385e-06,0.05775,,
23.832,odom,map,-0.948108,0.469927,2.88223,0,0,0,,,
23.802,amcl,map,-0.953072,0.459979,2.90364,0.0319317,0.0335854,0.00599668,,,
23.796,pf,map,-1.00757,0.481136,2.91621,0.0624109,0.077389,-0.00151822,10.0708,317.182,0
23.868,odom,map,-0.961623,0.473512,2.88253,0,0,0,,,
23.904,odom,map,-0.975154,0.477094,2.8831,0,0,0,,,
23.94,odom,map,-0.988675,0.480665,2.88372,0,0,0,,,
23.976,odom,map,-1.00219,0.484224,2.88425,0,0,0,,,
24.012,odom,map,-1.01576,0.487792,2.88493,0,0,0,,,
24.012,ekf_predict_only,map,-1.06372,0.554428,2.89081,20.6193,17.4593,0.110185,,,
24.012,kf,map,-1.08585,0.526559,2.9382,0.0738932,0.0738932,0,0.058792,,
24.012,ekf,map,-1.08576,0.52658,2.93802,0.0782099,0.0782624,1.053e-05,0.055209,,
24.012,pf,map,-1.07667,0.503552,2.93127,0.0644783,0.0809799,-0.00471139,6.00267,314.216,0
24.048,odom,map,-1.02934,0.491351,2.88562,0,0,0,,,
24.084,odom,map,-1.04292,0.494899,2.88644,0,0,0,,,
24.12,odom,map,-1.0566,0.498461,2.88725,0,0,0,,,
24.156,odom,map,-1.07028,0.502012,2.88795,0,0,0,,,
24.192,odom,map,-1.08395,0.505551,2.88863,0,0,0,,,
24.228,odom,map,-1.09754,0.50906,2.88921,0,0,0,,,
24.192,ekf_predict_only,map,-1.13157,0.571809,2.8935,21.0114,17.849,0.509403,,,
24.192,kf,map,-1.15456,0.540703,2.9411,0.07371,0.07371,0,0.099625,,
24.192,ekf,map,-1.15455,0.540709,2.94107,0.0772916,0.0773396,9.90869e-06,0.107333,,
24.192,pf,map,-1.16876,0.525766,2.93962,0.0769067,0.081606,0.000387574,7.8215,303.543,0
24.264,odom,map,-1.11108,0.512548,2.88959,0,0,0,,,
24.3,odom,map,-1.12451,0.516005,2.88993,0,0,0,,,
24.336,odom,map,-1.1379,0.519444,2.89028,0,0,0,,,
24.372,odom,map,-1.15108,0.522827,2.89027,0,0,0,,,
24.408,odom,map,-1.1641,0.526171,2.89014,0,0,0,,,
24.408,ekf_predict_only,map,-1.20946,0.59154,2.89261,21.4351,18.354,0.989509,,,
24.408,kf,map,-1.23509,0.556985,2.94204,0.0738931,0.0738931,0,0.064292,,
24.408,ekf,map,-1.2352,0.556993,2.94214,0.0782388,0.0783007,1.29453e-05,0.100208,,
24.408,pf,map,-1.25677,0.508715,2.93011,0.0675496,0.0684397,-0.0075106,9.35896,315.633,0
24.444,odom,map,-1.17697,0.52948,2.88958,0,0,0,,,
24.48,odom,map,-1.18969,0.532762,2.88873,0,0,0,,,
24.516,odom,map,-1.20227,0.536019,2.8877,0,0,0,,,
24.552,odom,map,-1.21452,0.539206,2.8861,0,0,0,,,
24.588,odom,map,-1.22647,0.542339,2.88431,0,0,0,,,
24.588,ekf_predict_only,map,-1.26749,0.606295,2.88349,21.8063,18.8424,1.36285,,,
24.588,kf,map,-1.29752,0.569665,2.93582,0.07371,0.07371,0,0.052959,,
24.588,ekf,map,-1.29773,0.569692,2.93598,0.0773128,0.0773631,1.05662e-05,0.060417,,
24.624,odom,map,-1.24013,0.543898,2.88494,0,0,0,,,
24.6,amcl,map,-1.23089,0.530339,2.88786,0.0366649,0.0596886,0.012119,,,
24.588,pf,map,-1.3318,0.547908,2.93438,0.0660121,0.0669945,-0.00365031,7.1825,309.851,0
24.66,odom,map,-1.25489,0.544521,2.88696,0,0,0,,,
24.696,odom,map,-1.2695,0.545017,2.88865,0,0,0,,,
24.732,odom,map,-1.28386,0.545363,2.8898,0,0,0,,,
24.768,odom,map,-1.29791,0.545557,2.89051,0,0,0,,,
24.804,odom,map,-1.31163,0.545793,2.89089,0,0,0,,,
24.804,ekf_predict_only,map,-1.32929,0.622609,2.86351,22.1996,19.4078,1.7772,,,
24.804,kf,map,-1.36553,0.584144,2.9205,0.0738931,0.0738931,0,0.060584,,
24.804,ekf,map,-1.36537,0.584099,2.92068,0.0782569,0.0783137,1.20077e-05,0.274375,,
24.804,pf,map,-1.42155,0.56039,2.92461,0.0703448,0.0741869,-0.00325759,5.43687,300.512,0
24.84,odom,map,-1.32208,0.548487,2.88759,0,0,0,,,
24.876,odom,map,-1.33218,0.551128,2.88386,0,0,0,,,
24.912,odom,map,-1.34165,0.553647,2.87913,0,0,0,,,
24.948,odom,map,-1.35093,0.556165,2.8742,0,0,0,,,
24.984,odom,map,-1.36002,0.558681,2.86893,0,0,0,,,
25.02,odom,map,-1.36875,0.561148,2.86311,0,0,0,,,
24.984,ekf_predict_only,map,-1.3716,0.634688,2.83297,22.5454,19.8931,2.07334,,,
24.984,ekf,map,-1.4139,0.59537,2.89778,0.0773231,0.0773645,8.88256e-06,0.059166,,
24.984,kf,map,-1.41368,0.595331,2.89738,0.07371,0.07371,0,0.10025,,
24.984,pf,map,-1.46419,0.557956,2.9143,0.0775148,0.0724984,-0.00530659,5.838,323.266,0
25.056,odom,map,-1.37703,0.563542,2.85668,0,0,0,,,
25.092,odom,map,-1.38516,0.565954,2.85002,0,0,0,,,
25.128,odom,map,-1.39315,0.568381,2.84314,0,0,0,,,
25.164,odom,map,-1.40083,0.570774,2.83558,0,0,0,,,
25.2,odom,map,-1.40827,0.573157,2.82761,0,0,0,,,
25.2,ekf_predict_only,map,-1.41555,0.6487,2.78417,22.9175,20.42,2.39542,,,
25.2,kf,map,-1.4627,0.608232,2.85606,0.0738931,0.0738931,0,0.059625,,
25.2,ekf,map,-1.46301,0.608317,2.85659,0.0782649,0.078307,9.28655e-06,0.128958,,
25.2,pf,map,-1.48394,0.57221,2.85982,0.0824095,0.0774581,-0.00511153,5.22421,313.83,0
25.236,odom,map,-1.41557,0.575561,2.81948,0,0,0,,,
25.272,odom,map,-1.42269,0.57797,2.8109,0,0,0,,,
25.308,odom,map,-1.42952,0.58035,2.80171,0,0,0,,,
25.344,odom,map,-1.43604,0.58269,2.79214,0,0,0,,,
25.38,odom,map,-1.4424,0.585041,2.78241,0,0,0,,,
25.416,ekf,map,-1.50409,0.621297,2.80167,0.0783872,0.0784215,7.94466e-06,0.062125,,
25.416,kf,map,-1.50382,0.621186,2.80116,0.0739056,0.0739056,0,0.060292,,
25.416,odom,map,-1.44732,0.587682,2.77115,0,0,0,,,
25.416,ekf_predict_only,map,-1.45248,0.662492,2.72273,23.2901,20.9191,2.68231,,,
25.416,pf,map,-1.50566,0.58198,2.81446,0.0739261,0.0747435,-0.000870191,6.07567,299.68,0
25.452,odom,map,-1.44998,0.590762,2.75763,0,0,0,,,
25.488,odom,map,-1.45252,0.593891,2.744,0,0,0,,,
25.524,odom,map,-1.45504,0.59712,2.73033,0,0,0,,,
25.56,odom,map,-1.45746,0.600406,2.71633,0,0,0,,,
25.596,odom,map,-1.45979,0.603757,2.70183,0,0,0,,,
25.632,odom,map,-1.46505,0.606529,2.69008,0,0,0,,,
25.596,kf,map,-1.53424,0.632732,2.74837,0.0737109,0.0737109,0,0.059166,,
25.596,ekf,map,-1.53435,0.6328,2.74869,0.077294,0.0773165,5.6141e-06,0.146666,,
25.596,ekf_predict_only,map,-1.48098,0.675181,2.66574,23.6516,21.3654,2.91855,,,
25.596,pf,map,-1.53127,0.591235,2.75447,0.0707988,0.0638313,-0.0025052,5.62179,301.821,0
25.668,odom,map,-1.47066,0.609291,2.67871,0,0,0,,,
25.704,odom,map,-1.47642,0.612205,2.66721,0,0,0,,,
25.74,odom,map,-1.48224,0.61524,2.6556,0,0,0,,,
25.776,odom,map,-1.48806,0.618354,2.64396,0,0,0,,,
25.812,odom,map,-1.49399,0.621623,2.63229,0,0,0,,,
25.8,amcl,map,-1.46111,0.615546,2.64131,0.0396407,0.084819,0.0143443,,,
25.812,kf,map,-1.57053,0.649017,2.68005,0.0738932,0.0738932,0,0.107041,,
25.812,ekf,map,-1.57047,0.64906,2.68022,0.0782097,0.078232,6.41823e-06,0.058292,,
25.812,ekf_predict_only,map,-1.51739,0.693943,2.59569,24.0954,21.8997,3.24123,,,
25.812,pf,map,-1.58034,0.616431,2.69636,0.0845326,0.0713771,-0.00496381,9.29725,287.145,0
25.848,odom,map,-1.49992,0.624979,2.62035,0,0,0,,,
25.884,odom,map,-1.50561,0.628295,2.60779,0,0,0,,,
25.92,odom,map,-1.51121,0.631651,2.59511,0,0,0,,,
25.956,odom,map,-1.5167,0.635043,2.58224,0,0,0,,,
25.992,odom,map,-1.52211,0.638475,2.56894,0,0,0,,,
25.992,ekf,map,-1.59885,0.664322,2.61588,0.0772914,0.0773069,5.22117e-06,0.063708,,
26.028,odom,map,-1.52741,0.641946,2.55528,0,0,0,,,
25.992,ekf_predict_only,map,-1.54431,0.710298,2.52644,24.5128,22.3614,3.49964,,,
25.992,kf,map,-1.59885,0.664264,2.61561,0.07371,0.07371,0,0.054583,,
25.992,pf,map,-1.58802,0.628127,2.6182,0.0740357,0.0686975,-0.011753,4.67846,325.249,0
26.064,odom,map,-1.53264,0.645468,2.54143,0,0,0,,,
26.1,odom,map,-1.53783,0.649077,2.52738,0,0,0,,,
26.136,odom,map,-1.54298,0.652765,2.51292,0,0,0,,,
26.172,odom,map,-1.54808,0.656527,2.49839,0,0,0,,,
26.208,odom,map,-1.55307,0.660329,2.4835,0,0,0,,,
26.208,ekf_predict_only,map,-1.57502,0.731996,2.43653,25.0083,22.875,3.81952,,,
26.208,kf,map,-1.631,0.684536,2.53027,0.0738931,0.0738931,0,0.06025,,
26.208,ekf,map,-1.63099,0.684619,2.5306,0.0782388,0.0782543,6.41264e-06,0.067,,
26.208,pf,map,-1.6026,0.666931,2.53744,0.0755502,0.0696137,0.00140057,4.85608,291.712,0
26.244,odom,map,-1.558,0.664197,2.46833,0,0,0,,,
26.28,odom,map,-1.56292,0.668183,2.45286,0,0,0,,,
26.316,odom,map,-1.5678,0.672268,2.43728,0,0,0,,,
26.352,odom,map,-1.57258,0.676394,2.42138,0,0,0,,,
26.388,odom,map,-1.57727,0.680578,2.40524,0,0,0,,,
26.388,ekf_predict_only,map,-1.59894,0.752355,2.35573,25.493,23.3306,4.09556,,,
26.388,ekf,map,-1.65619,0.703751,2.45275,0.0773132,0.0773238,5.4337e-06,0.112,,
26.424,odom,map,-1.58189,0.684835,2.38908,0,0,0,,,
26.388,kf,map,-1.65621,0.703685,2.45253,0.07371,0.07371,0,0.055875,,
26.4,amcl,map,-1.55003,0.691643,2.39222,0.0401016,0.0864243,0.0151871,,,
26.388,pf,map,-1.65116,0.689165,2.46443,0.0742904,0.0722522,-0.00218005,5.86221,298.255,0
26.46,odom,map,-1.58645,0.689174,2.37285,0,0,0,,,
26.496,odom,map,-1.59097,0.693611,2.35639,0,0,0,,,
26.532,odom,map,-1.59528,0.697993,2.33939,0,0,0,,,
26.568,odom,map,-1.59947,0.702402,2.32233,0,0,0,,,
26.604,odom,map,-1.60322,0.706765,2.30502,0,0,0,,,
26.604,kf,map,-1.68359,0.728345,2.35178,0.0738931,0.0738931,0,0.0585,,
26.604,ekf,map,-1.68358,0.728464,2.35209,0.0782583,0.0782683,6.75852e-06,0.065292,,
26.604,ekf_predict_only,map,-1.62421,0.777644,2.25054,26.0567,23.8115,4.41785,,,
26.604,pf,map,-1.71399,0.68826,2.36533,0.0716763,0.0724112,0.00122815,4.73987,299.914,0
26.64,odom,map,-1.60162,0.710196,2.28823,0,0,0,,,
26.676,odom,map,-1.6,0.713743,2.27121,0,0,0,,,
26.712,odom,map,-1.59832,0.717364,2.25417,0,0,0,,,
26.748,odom,map,-1.59664,0.721147,2.23702,0,0,0,,,
26.784,odom,map,-1.59506,0.72522,2.21988,0,0,0,,,
26.82,odom,map,-1.59668,0.73022,2.20233,0,0,0,,,
26.784,ekf_predict_only,map,-1.64638,0.805081,2.16116,26.6642,24.2674,4.7408,,,
26.784,kf,map,-1.70521,0.752118,2.26324,0.07371,0.07371,0,0.065375,,
26.784,ekf,map,-1.70506,0.75208,2.26335,0.0773254,0.0773315,6.00109e-06,0.058458,,
26.784,pf,map,-1.74259,0.737358,2.27287,0.0803389,0.070447,-0.00504517,5.66667,312.831,0
26.856,odom,map,-1.60079,0.735952,2.18445,0,0,0,,,
26.892,odom,map,-1.60505,0.742107,2.16705,0,0,0,,,
26.928,odom,map,-1.60934,0.748548,2.14994,0,0,0,,,
26.964,odom,map,-1.61354,0.755093,2.1329,0,0,0,,,
27,odom,map,-1.61772,0.761864,2.11582,0,0,0,,,
27,ekf_predict_only,map,-1.67425,0.846671,2.06214,27.5076,24.8015,5.20566,,,
27,kf,map,-1.73243,0.788429,2.16041,0.0738931,0.0738931,0,0.078834,,
27,ekf,map,-1.73211,0.788297,2.16021,0.0782705,0.0782747,8.6603e-06,0.13825,,
27,amcl,map,-1.6368,0.76167,2.12028,0.0411669,0.0886161,0.0219227,,,
27,pf,map,-1.7614,0.783156,2.16193,0.0739385,0.0655293,-0.00698513,7.06654,311.543,0
27.036,odom,map,-1.62193,0.76894,2.09913,0,0,0,,,
27.072,odom,map,-1.62615,0.776302,2.08268,0,0,0,,,
27.108,odom,map,-1.63028,0.783807,2.06627,0,0,0,,,
27.144,odom,map,-1.63434,0.79146,2.05013,0,0,0,,,
27.18,odom,map,-1.63835,0.799338,2.03423,0,0,0,,,
27.216,odom,map,-1.64231,0.808559,2.01753,0,0,0,,,
27.216,kf,map,-1.75871,0.832507,2.06279,0.0739056,0.0739056,0,0.0565,,
27.216,ekf,map,-1.75838,0.832412,2.06255,0.0783964,0.0783967,1.02664e-05,0.057792,,
27.216,ekf_predict_only,map,-1.69997,0.894727,1.96766,28.4902,25.3223,5.71477,,,
27.216,pf,map,-1.77616,0.796746,2.06203,0.072214,0.0779476,0.00278735,4.89071,328.62,0
27.252,odom,map,-1.64617,0.819762,1.99946,0,0,0,,,
27.288,odom,map,-1.64993,0.831176,1.98156,0,0,0,,,
27.324,odom,map,-1.65361,0.842868,1.96393,0,0,0,,,
27.36,odom,map,-1.65713,0.854655,1.94634,0,0,0,,,
27.396,odom,map,-1.66052,0.866632,1.92848,0,0,0,,,
27.432,odom,map,-1.66389,0.876231,1.91268,0,0,0,,,
27.396,ekf_predict_only,map,-1.71907,0.940306,1.89007,29.4716,25.7684,6.17213,,,
27.396,ekf,map,-1.77865,0.874671,1.9844,0.0773051,0.0773012,9.53595e-06,0.0575,,
27.396,kf,map,-1.77889,0.874754,1.98449,0.0737109,0.0737109,0,0.054875,,
27.396,pf,map,-1.79916,0.866926,1.99718,0.0766903,0.069256,0.00693522,7.39917,305.286,0
27.468,odom,map,-1.66714,0.885595,1.89712,0,0,0,,,
27.504,odom,map,-1.67026,0.895051,1.88172,0,0,0,,,
27.54,odom,map,-1.67324,0.904567,1.8664,0,0,0,,,
27.576,odom,map,-1.67609,0.914216,1.85116,0,0,0,,,
27.612,ekf_predict_only,map,-1.73816,0.99805,1.79977,30.7168,26.2211,6.72712,,,
27.612,kf,map,-1.8003,0.930246,1.89262,0.0738932,0.0738932,0,0.058333,,
27.612,odom,map,-1.67882,0.923969,1.83605,0,0,0,,,
27.612,ekf,map,-1.80007,0.93022,1.8925,0.0782284,0.0782174,1.28976e-05,0.111917,,
27.6,amcl,map,-1.69375,0.921099,1.85376,0.0434496,0.101089,0.0327173,,,
27.612,pf,map,-1.80567,0.924313,1.90084,0.0762053,0.0889024,0.0001664,10.117,277.63,0
27.648,odom,map,-1.68141,0.933803,1.82103,0,0,0,,,
27.684,odom,map,-1.68386,0.943681,1.80603,0,0,0,,,
27.72,odom,map,-1.68615,0.953551,1.7911,0,0,0,,,
27.756,odom,map,-1.68832,0.963598,1.77657,0,0,0,,,
27.792,odom,map,-1.69036,0.973708,1.76231,0,0,0,,,
27.792,ekf_predict_only,map,-1.74986,1.04824,1.72894,31.8761,26.5793,7.17839,,,
27.828,odom,map,-1.69512,0.981574,1.7504,0,0,0,,,
27.792,kf,map,-1.81434,0.979179,1.81924,0.07371,0.07371,0,0.121084,,
27.792,ekf,map,-1.81417,0.979179,1.81908,0.0773103,0.0772965,1.0908e-05,0.058459,,
27.792,pf,map,-1.84592,0.982177,1.80486,0.0756061,0.0661856,-0.00104207,5.97508,290.978,0
27.864,odom,map,-1.70089,0.988534,1.7396,0,0,0,,,
27.9,odom,map,-1.70659,0.995475,1.72902,0,0,0,,,
27.936,odom,map,-1.71221,1.00241,1.71858,0,0,0,,,
27.972,odom,map,-1.71774,1.0092,1.70821,0,0,0,,,
28.008,odom,map,-1.72228,1.01664,1.6974,0,0,0,,,
28.008,ekf_predict_only,map,-1.75936,1.10783,1.65017,33.2769,26.9098,7.68309,,,
28.008,kf,map,-1.82688,1.03873,1.73731,0.0738931,0.0738931,0,0.072416,,
28.008,ekf,map,-1.82669,1.0388,1.73708,0.0782655,0.0782429,1.26785e-05,0.132208,,
28.008,pf,map,-1.82135,1.05804,1.72748,0.0815812,0.0739188,-0.000534179,4.66362,297.623,0
28.044,odom,map,-1.72347,1.02658,1.68428,0,0,0,,,
28.08,odom,map,-1.72454,1.0365,1.67117,0,0,0,,,
28.116,odom,map,-1.72547,1.04639,1.65821,0,0,0,,,
28.152,odom,map,-1.72626,1.05604,1.64565,0,0,0,,,
28.188,odom,map,-1.72691,1.06557,1.63323,0,0,0,,,
28.188,ekf_predict_only,map,-1.76314,1.15529,1.5882,34.4819,27.1621,8.05181,,,
28.188,kf,map,-1.83316,1.08726,1.67289,0.07371,0.07371,0,0.142917,,
28.188,ekf,map,-1.83303,1.08735,1.67272,0.0773365,0.077315,9.30126e-06,0.06375,,
28.224,odom,map,-1.72745,1.07508,1.62084,0,0,0,,,
28.2,amcl,map,-1.72319,1.10271,1.6268,0.0410911,0.081665,0.0358141,,,
28.188,pf,map,-1.83617,1.04887,1.65925,0.0739274,0.079859,0.00175412,5.81158,311.498,0
28.26,odom,map,-1.72785,1.0841,1.60943,0,0,0,,,
28.296,odom,map,-1.72811,1.09183,1.60061,0,0,0,,,
28.332,odom,map,-1.72828,1.09827,1.59437,0,0,0,,,
28.368,odom,map,-1.72839,1.10342,1.59072,0,0,0,,,
28.404,odom,map,-1.72841,1.10745,1.58862,0,0,0,,,
28.404,kf,map,-1.83577,1.12517,1.63159,0.0738931,0.0738931,0,0.101458,,
28.404,ekf,map,-1.83571,1.1259,1.63086,0.0782819,0.0782581,8.64891e-06,0.055125,,
28.404,ekf_predict_only,map,-1.76359,1.18127,1.55862,35.2505,27.3683,8.23724,,,
28.404,pf,map,-1.85044,1.11519,1.6162,0.0720668,0.0661506,-0.000829572,5.04771,297.105,0
28.44,odom,map,-1.72738,1.11422,1.58358,0,0,0,,,
28.476,odom,map,-1.72635,1.12195,1.57788,0,0,0,,,
28.512,odom,map,-1.72529,1.1301,1.57224,0,0,0,,,
28.548,odom,map,-1.72419,1.13827,1.56628,0,0,0,,,
28.584,odom,map,-1.72306,1.14652,1.55988,0,0,0,,,
28.62,odom,map,-1.72251,1.15306,1.55356,0,0,0,,,
28.584,ekf_predict_only,map,-1.76328,1.20692,1.52818,36.0248,27.564,8.41197,,,
28.584,kf,map,-1.83692,1.15195,1.6024,0.07371,0.07371,0,0.061708,,
28.584,ekf,map,-1.83689,1.15218,1.6023,0.0773401,0.0773234,5.29123e-06,0.056416,,
28.584,pf,map,-1.8346,1.14659,1.5926,0.0716757,0.0682574,0.00159684,11.3217,295.294,0
28.656,odom,map,-1.7224,1.15819,1.54747,0,0,0,,,
28.692,odom,map,-1.72228,1.16299,1.54079,0,0,0,,,
28.728,odom,map,-1.72214,1.16687,1.53283,0,0,0,,,
28.764,odom,map,-1.722,1.17041,1.5241,0,0,0,,,
28.8,odom,map,-1.72182,1.1738,1.51499,0,0,0,,,
28.8,ekf_predict_only,map,-1.76241,1.2273,1.47351,36.6903,27.7519,8.54352,,,
28.8,kf,map,-1.83725,1.17669,1.55556,0.0738931,0.0738931,0,0.055584,,
28.8,ekf,map,-1.83724,1.177,1.556,0.0782806,0.0782646,4.39856e-06,0.058083,,
28.8,pf,map,-1.83416,1.13946,1.55852,0.0685825,0.075477,0.00401969,6.29683,293.763,0
28.836,odom,map,-1.72162,1.17707,1.5054,0,0,0,,,
28.872,odom,map,-1.72141,1.18016,1.49496,0,0,0,,,
28.908,odom,map,-1.72116,1.18319,1.4836,0,0,0,,,
28.944,odom,map,-1.72087,1.18624,1.4718,0,0,0,,,
28.98,odom,map,-1.72055,1.18928,1.45937,0,0,0,,,
29.016,odom,map,-1.72034,1.19349,1.44633,0,0,0,,,
29.016,kf,map,-1.83649,1.19639,1.48567,0.0739056,0.0739056,0,0.067583,,
29.016,ekf_predict_only,map,-1.76061,1.24568,1.39272,37.3174,27.9271,8.65007,,,
29.016,ekf,map,-1.83647,1.19653,1.48642,0.0783989,0.0783866,2.99273e-06,0.106917,,
29.016,pf,map,-1.83775,1.18222,1.4824,0.0694208,0.0727844,-0.00529483,6.82054,310.5,0
29.052,odom,map,-1.72031,1.1995,1.43328,0,0,0,,,
29.088,odom,map,-1.72023,1.20559,1.41965,0,0,0,,,
29.124,odom,map,-1.72009,1.21182,1.40553,0,0,0,,,
29.16,odom,map,-1.71985,1.21835,1.39077,0,0,0,,,
29.196,odom,map,-1.71953,1.225,1.37585,0,0,0,,,
29.232,odom,map,-1.7188,1.22913,1.36038,0,0,0,,,
29.196,ekf_predict_only,map,-1.75713,1.26504,1.31482,37.9743,28.079,8.74253,,,
29.196,kf,map,-1.83445,1.21426,1.41457,0.0737109,0.0737109,0,0.106875,,
29.202,amcl,map,-1.73239,1.22377,1.36689,0.0417531,0.079035,0.0380367,,,
29.196,ekf,map,-1.83444,1.21421,1.41507,0.0773014,0.0772933,1.57912e-06,0.728708,,
29.196,pf,map,-1.87166,1.2065,1.43099,0.0750929,0.0661714,0.0017167,8.06338,311.596,0
29.268,odom,map,-1.7179,1.23315,1.34466,0,0,0,,,
29.304,odom,map,-1.71689,1.23739,1.32882,0,0,0,,,
29.34,odom,map,-1.71578,1.24173,1.31275,0,0,0,,,
29.376,odom,map,-1.71452,1.24637,1.29633,0,0,0,,,
29.412,ekf_predict_only,map,-1.74944,1.29441,1.21684,38.8825,28.1737,8.85095,,,
29.412,kf,map,-1.82914,1.24092,1.31989,0.0738932,0.0738932,0,0.062625,,
29.412,ekf,map,-1.82911,1.24071,1.32019,0.0782174,0.0782084,9.21156e-07,0.116209,,
29.412,odom,map,-1.71312,1.25118,1.27996,0,0,0,,,
29.412,pf,map,-1.82846,1.20097,1.35428,0.0630961,0.0870244,0.00541558,7.5015,306.155,0
29.448,odom,map,-1.71163,1.25601,1.26363,0,0,0,,,
29.484,odom,map,-1.71002,1.26094,1.24708,0,0,0,,,
29.52,odom,map,-1.70827,1.26601,1.23042,0,0,0,,,
29.556,odom,map,-1.70638,1.27121,1.21387,0,0,0,,,
29.592,odom,map,-1.7044,1.27638,1.19734,0,0,0,,,
29.628,odom,map,-1.70229,1.28165,1.18079,0,0,0,,,
29.592,ekf_predict_only,map,-1.73956,1.32115,1.13409,39.7424,28.2403,8.90962,,,
29.592,kf,map,-1.82147,1.26614,1.23809,0.07371,0.07371,0,0.056167,,
29.592,ekf,map,-1.82143,1.26597,1.23821,0.0772977,0.07729,-2.28429e-08,0.052958,,
29.592,pf,map,-1.84194,1.23438,1.25486,0.0705309,0.0657575,0.00751376,5.72017,327.898,0
29.664,odom,map,-1.70005,1.28698,1.16456,0,0,0,,,
29.7,odom,map,-1.69766,1.29241,1.14846,0,0,0,,,
29.736,odom,map,-1.69505,1.29808,1.13225,0,0,0,,,
29.772,odom,map,-1.69232,1.30379,1.11602,0,0,0,,,
29.808,odom,map,-1.68937,1.30971,1.10002,0,0,0,,,
29.808,ekf_predict_only,map,-1.72261,1.35746,1.03827,40.8624,28.216,8.93514,,,
29.808,kf,map,-1.8078,1.30046,1.14142,0.0738931,0.0738931,0,0.107625,,
29.808,ekf,map,-1.80776,1.30021,1.14139,0.0782473,0.0782369,-1.38784e-06,0.136416,,
29.808,pf,map,-1.82748,1.31555,1.15986,0.0713369,0.0742013,0.00224667,4.60846,315.938,0
29.802,amcl,map,-1.69909,1.3114,1.093,0.0404511,0.070035,0.037433,,,
29.844,odom,map,-1.68623,1.31575,1.08418,0,0,0,,,
29.88,odom,map,-1.68274,1.32223,1.06882,0,0,0,,,
29.916,odom,map,-1.67902,1.32888,1.05353,0,0,0,,,
29.952,odom,map,-1.67506,1.33572,1.03854,0,0,0,,,
29.988,odom,map,-1.67081,1.34282,1.02396,0,0,0,,,
29.988,ekf,map,-1.79017,1.33473,1.0646,0.0773221,0.0773119,-2.8571e-06,0.110208,,
30.024,odom,map,-1.66762,1.34992,1.00812,0,0,0,,,
29.988,ekf_predict_only,map,-1.70013,1.3956,0.959965,42.0586,28.1279,8.88609,,,
29.988,kf,map,-1.79014,1.33506,1.06454,0.07371,0.07371,0,0.057667,,
29.988,pf,map,-1.77973,1.3345,1.03974,0.0807874,0.0702507,-0.000397844,8.03904,312.694,0
30.06,odom,map,-1.66501,1.35692,0.991306,0,0,0,,,
30.096,odom,map,-1.6621,1.36406,0.974215,0,0,0,,,
30.132,odom,map,-1.65885,1.3714,0.956825,0,0,0,,,
30.168,odom,map,-1.65531,1.37884,0.939427,0,0,0,,,
30.204,odom,map,-1.65147,1.38624,0.922113,0,0,0,,,
30.204,ekf_predict_only,map,-1.66638,1.44381,0.862598,43.5617,27.9152,8.72454,,,
30.204,kf,map,-1.76124,1.38201,0.968987,0.0738931,0.0738931,0,0.055083,,
30.204,ekf,map,-1.76123,1.38168,0.969102,0.0782724,0.0782577,-6.69016e-06,0.055417,,
30.204,pf,map,-1.76109,1.37454,0.946471,0.0707717,0.0716237,0.00232945,5.177,282.191,0
30.24,odom,map,-1.64536,1.39417,0.90596,0,0,0,,,
30.276,odom,map,-1.639,1.40215,0.889885,0,0,0,,,
30.312,odom,map,-1.63244,1.41011,0.87396,0,0,0,,,
30.348,odom,map,-1.62574,1.41799,0.858084,0,0,0,,,
30.384,odom,map,-1.6188,1.4259,0.842197,0,0,0,,,
30.42,odom,map,-1.61158,1.43387,0.826387,0,0,0,,,
30.384,ekf,map,-1.73042,1.42262,0.889802,0.0773389,0.0773259,-8.36944e-06,0.109042,,
30.384,kf,map,-1.73044,1.42287,0.889791,0.07371,0.07371,0,0.104458,,
30.384,ekf_predict_only,map,-1.63127,1.48481,0.783624,44.9087,27.7119,8.46886,,,
30.402,amcl,map,-1.63216,1.43744,0.854836,0.0438169,0.0577461,0.0349543,,,
30.384,pf,map,-1.73988,1.39109,0.884067,0.0744651,0.0691026,-0.00290011,8.04288,286.485,0
30.456,odom,map,-1.60421,1.44174,0.810643,0,0,0,,,
30.492,odom,map,-1.59672,1.44949,0.794917,0,0,0,,,
30.528,odom,map,-1.58905,1.45718,0.779459,0,0,0,,,
30.564,odom,map,-1.58122,1.4648,0.764142,0,0,0,,,
30.6,odom,map,-1.57327,1.47231,0.748897,0,0,0,,,
30.6,kf,map,-1.68762,1.47107,0.79694,0.0738931,0.0738931,0,0.062708,,
30.6,ekf,map,-1.68752,1.47085,0.796847,0.0782871,0.078272,-1.40124e-05,0.053125,,
30.6,ekf_predict_only,map,-1.58481,1.5311,0.692267,46.4476,27.419,8.04263,,,
30.6,pf,map,-1.70038,1.46024,0.803487,0.0802752,0.0654031,-0.000399437,4.69113,306.041,0
30.636,odom,map,-1.56456,1.48049,0.733101,0,0,0,,,
30.672,odom,map,-1.55569,1.48858,0.717444,0,0,0,,,
30.708,odom,map,-1.54668,1.49656,0.702184,0,0,0,,,
30.744,odom,map,-1.53755,1.50441,0.686993,0,0,0,,,
30.78,odom,map,-1.52841,1.51204,0.672107,0,0,0,,,
30.816,kf,map,-1.64015,1.5154,0.709234,0.0739056,0.0739056,0,0.059958,,
30.816,ekf,map,-1.63997,1.51524,0.709053,0.0784101,0.0783979,-1.67095e-05,0.054041,,
30.816,odom,map,-1.51953,1.51916,0.657549,0,0,0,,,
30.816,ekf_predict_only,map,-1.5353,1.57215,0.607115,47.8738,27.1454,7.49953,,,
30.816,pf,map,-1.6571,1.50147,0.726902,0.0731064,0.0727894,0.000749897,7.24729,316.897,0
30.852,odom,map,-1.51107,1.52561,0.643456,0,0,0,,,
30.888,odom,map,-1.50252,1.53192,0.629383,0,0,0,,,
30.924,odom,map,-1.49402,1.53802,0.61566,0,0,0,,,
30.96,odom,map,-1.48562,1.54388,0.602328,0,0,0,,,
30.996,odom,map,-1.47738,1.54947,0.589372,0,0,0,,,
30.996,ekf_predict_only,map,-1.49458,1.60044,0.54262,48.9403,26.9961,6.99719,,,
31.032,odom,map,-1.4691,1.55493,0.576473,0,0,0,,,
30.996,kf,map,-1.59971,1.54734,0.641361,0.0737109,0.0737109,0,0.10175,,
30.996,ekf,map,-1.59952,1.54727,0.641152,0.0773114,0.077305,-1.45121e-05,0.054458,,
31.002,amcl,map,-1.49286,1.56731,0.596343,0.0494622,0.0439052,0.0319739,,,
30.996,pf,map,-1.60508,1.51922,0.634564,0.0798769,0.0787732,-0.00572799,9.16367,334.242,0
31.068,odom,map,-1.46082,1.56023,0.563904,0,0,0,,,
31.104,odom,map,-1.45265,1.56533,0.551608,0,0,0,,,
31.14,odom,map,-1.4446,1.57022,0.539508,0,0,0,,,
31.176,odom,map,-1.43663,1.57493,0.527595,0,0,0,,,
31.212,odom,map,-1.42994,1.57995,0.517012,0,0,0,,,
31.212,ekf_predict_only,map,-1.44716,1.62904,0.471303,50.0342,26.8357,6.3646,,,
31.212,kf,map,-1.55253,1.57991,0.56742,0.0738932,0.0738932,0,0.058375,,
31.212,ekf,map,-1.55232,1.57985,0.567217,0.0782281,0.0782253,-1.78405e-05,0.126375,,
31.212,pf,map,-1.57717,1.5494,0.543721,0.0832619,0.0713336,-0.00425742,7.80325,304.471,0
31.248,odom,map,-1.42647,1.58569,0.509664,0,0,0,,,
31.284,odom,map,-1.42329,1.5912,0.502624,0,0,0,,,
31.32,odom,map,-1.42019,1.59662,0.495678,0,0,0,,,
31.356,odom,map,-1.4174,1.60182,0.488929,0,0,0,,,
31.392,odom,map,-1.41503,1.60673,0.482471,0,0,0,,,
31.392,ekf_predict_only,map,-1.41515,1.64535,0.418045,50.7523,26.8208,5.91107,,,
31.428,odom,map,-1.40973,1.61049,0.472999,0,0,0,,,
31.392,ekf,map,-1.51712,1.60069,0.511381,0.0773036,0.0773041,-1.34983e-05,0.057417,,
31.392,kf,map,-1.51741,1.60064,0.511556,0.07371,0.07371,0,0.174417,,
31.392,pf,map,-1.51444,1.55958,0.482753,0.07496,0.0708697,0.000138574,15.2041,314.306,0
31.464,odom,map,-1.40331,1.61373,0.462347,0,0,0,,,
31.5,odom,map,-1.39707,1.6168,0.451853,0,0,0,,,
31.536,odom,map,-1.39113,1.61964,0.441463,0,0,0,,,
31.572,odom,map,-1.38559,1.62223,0.431732,0,0,0,,,
31.608,odom,map,-1.38115,1.62425,0.424486,0,0,0,,,
31.608,ekf_predict_only,map,-1.40452,1.65007,0.390333,51.1034,26.9545,5.75569,,,
31.608,kf,map,-1.4879,1.61587,0.459912,0.0738931,0.0738931,0,0.060833,,
31.608,ekf,map,-1.48668,1.61642,0.458467,0.0782486,0.0782504,-1.25754e-05,4.79462,,
31.608,pf,map,-1.49234,1.58679,0.440085,0.068988,0.0629236,-0.00829599,7.93712,295.037,0
31.644,odom,map,-1.37789,1.62572,0.419831,0,0,0,,,
31.68,odom,map,-1.37581,1.62665,0.417769,0,0,0,,,
31.716,odom,map,-1.37491,1.62705,0.417657,0,0,0,,,
31.752,odom,map,-1.37487,1.62706,0.417657,0,0,0,,,
31.788,odom,map,-1.37487,1.62706,0.417657,0,0,0,,,
31.788,ekf_predict_only,map,-1.40452,1.65007,0.390333,51.3034,27.1545,5.75569,,,
31.824,odom,map,-1.374,1.62813,0.415976,0,0,0,,,
31.788,kf,map,-1.47828,1.62055,0.448646,0.07371,0.07371,0,0.061375,,
31.788,ekf,map,-1.47753,1.6209,0.447768,0.0773179,0.0773193,-7.49554e-06,0.348917,,
31.788,pf,map,-1.47032,1.58163,0.437648,0.079184,0.0675331,-0.00203148,9.14096,317.69,0
31.86,odom,map,-1.37265,1.62978,0.413344,0,0,0,,,
31.896,odom,map,-1.3713,1.63142,0.410713,0,0,0,,,
31.932,odom,map,-1.36996,1.63305,0.408081,0,0,0,,,
31.968,odom,map,-1.36862,1.63466,0.40545,0,0,0,,,
32.004,odom,map,-1.36736,1.63617,0.402965,0,0,0,,,
32.004,kf,map,-1.47575,1.62178,0.445677,0.0738931,0.0738931,0,0.057542,,
32.004,ekf,map,-1.47543,1.62193,0.44531,0.0782603,0.0782614,-6.05602e-06,0.057792,,
32.004,ekf_predict_only,map,-1.40452,1.65007,0.390333,51.5034,27.3545,5.75569,,,
32.004,pf,map,-1.46624,1.59888,0.458094,0.0715366,0.0755647,-0.0059913,4.65367,334.539,0
32.04,odom,map,-1.36736,1.63617,0.402965,0,0,0,,,
32.076,odom,map,-1.36736,1.63617,0.402965,0,0,0,,,
32.112,odom,map,-1.36736,1.63617,0.402965,0,0,0,,,
32.148,odom,map,-1.36736,1.63617,0.402965,0,0,0,,,
32.184,odom,map,-1.36736,1.63617,0.402965,0,0,0,,,
32.22,odom,map,-1.36692,1.63636,0.402794,0,0,0,,,
32.184,ekf,map,-1.47401,1.62262,0.444551,0.0773246,0.0773253,-3.46696e-06,0.066666,,
32.184,ekf_predict_only,map,-1.40013,1.65187,0.389313,51.7613,27.5279,5.69081,,,
32.184,kf,map,-1.47396,1.62264,0.444635,0.07371,0.07371,0,0.108333,,
32.184,pf,map,-1.45576,1.58596,0.45368,0.0747985,0.070891,0.000925418,7.901,310.499,0
32.256,odom,map,-1.36604,1.63673,0.40259,0,0,0,,,
32.292,odom,map,-1.36473,1.63729,0.401958,0,0,0,,,
32.328,odom,map,-1.36257,1.63821,0.400864,0,0,0,,,
32.364,odom,map,-1.35967,1.63944,0.399131,0,0,0,,,
32.4,odom,map,-1.35653,1.64075,0.397057,0,0,0,,,
32.4,ekf_predict_only,map,-1.38124,1.65962,0.376868,52.2107,27.6185,5.40926,,,
32.4,kf,map,-1.46195,1.62834,0.437015,0.0738931,0.0738931,0,0.068333,,
32.4,ekf,map,-1.46234,1.62816,0.437282,0.0782657,0.0782667,-3.02444e-06,0.058042,,
32.4,pf,map,-1.42366,1.59959,0.435523,0.0796532,0.0746339,-0.00192595,5.34142,323.396,0
32.436,odom,map,-1.35314,1.64217,0.394173,0,0,0,,,
32.472,odom,map,-1.34939,1.64372,0.38927,0,0,0,,,
32.508,odom,map,-1.34516,1.64544,0.382898,0,0,0,,,
32.544,odom,map,-1.34065,1.64724,0.375954,0,0,0,,,
32.58,odom,map,-1.33579,1.64914,0.368506,0,0,0,,,
32.616,ekf_predict_only,map,-1.34723,1.67309,0.327635,52.8473,27.6427,4.89246,,,
32.616,kf,map,-1.43605,1.64007,0.398439,0.0739056,0.0739056,0,0.065833,,
32.616,ekf,map,-1.43658,1.63983,0.399142,0.0783878,0.0783902,-3.08881e-06,0.062709,,
32.616,odom,map,-1.33046,1.65117,0.360538,0,0,0,,,
32.601,amcl,map,-1.33371,1.64623,0.336332,0.0571475,0.0345813,0.0291332,,,
32.616,pf,map,-1.42717,1.60728,0.398386,0.079493,0.0834396,-0.00385405,7.89987,305.583,0
32.652,odom,map,-1.32436,1.65344,0.352212,0,0,0,,,
32.688,odom,map,-1.3177,1.65585,0.343844,0,0,0,,,
32.724,odom,map,-1.31064,1.65835,0.335374,0,0,0,,,
32.76,odom,map,-1.30269,1.66108,0.326913,0,0,0,,,
32.796,odom,map,-1.29361,1.66412,0.318235,0,0,0,,,
32.832,odom,map,-1.28406,1.66722,0.309502,0,0,0,,,
32.796,ekf,map,-1.3996,1.65462,0.358892,0.0772949,0.0773006,-3.99705e-06,0.171375,,
32.796,kf,map,-1.39902,1.65488,0.35855,0.0737109,0.0737109,0,0.210458,,
32.796,ekf_predict_only,map,-1.29969,1.68924,0.283968,53.5771,27.6431,4.14704,,,
32.796,pf,map,-1.39225,1.61833,0.364229,0.0760455,0.07505,0.00240483,9.25346,276.194,0
32.868,odom,map,-1.27391,1.67041,0.30063,0,0,0,,,
32.904,odom,map,-1.26284,1.67379,0.29169,0,0,0,,,
32.94,odom,map,-1.25111,1.67725,0.282695,0,0,0,,,
32.976,odom,map,-1.23883,1.68076,0.273586,0,0,0,,,
33.012,odom,map,-1.22578,1.68435,0.264467,0,0,0,,,
33.012,kf,map,-1.3316,1.67833,0.305531,0.0738932,0.0738932,0,0.062166,,
33.012,ekf,map,-1.33236,1.67794,0.305699,0.0782121,0.07823,-9.3604e-06,0.05775,,
33.012,ekf_predict_only,map,-1.21955,1.71263,0.229254,54.555,27.6292,2.84557,,,
33.012,pf,map,-1.34752,1.65138,0.293581,0.0760136,0.0795744,-0.00104659,5.23412,304.214,0
33.048,odom,map,-1.21198,1.68802,0.255499,0,0,0,,,
33.084,odom,map,-1.19782,1.69166,0.246582,0,0,0,,,
33.12,odom,map,-1.18338,1.69522,0.237693,0,0,0,,,
33.156,odom,map,-1.16819,1.69883,0.228971,0,0,0,,,
33.192,odom,map,-1.15226,1.70247,0.220519,0,0,0,,,
33.228,odom,map,-1.13609,1.70603,0.212177,0,0,0,,,
33.192,kf,map,-1.25994,1.69899,0.262613,0.07371,0.07371,0,0.059167,,
33.192,ekf,map,-1.26049,1.69868,0.262587,0.0772943,0.0773218,-1.20197e-05,0.054,,
33.192,ekf_predict_only,map,-1.13847,1.73155,0.187543,55.3939,27.7705,1.48343,,,
33.192,pf,map,-1.27882,1.66265,0.249108,0.0657787,0.075648,-0.00134361,5.24304,318.566,0
33.264,odom,map,-1.11988,1.70945,0.203823,0,0,0,,,
33.3,odom,map,-1.10365,1.71273,0.195664,0,0,0,,,
33.336,odom,map,-1.0874,1.71589,0.187728,0,0,0,,,
33.372,odom,map,-1.07112,1.71891,0.179828,0,0,0,,,
33.408,odom,map,-1.05477,1.72137,0.170991,0,0,0,,,
33.408,ekf_predict_only,map,-1.03377,1.75142,0.141178,56.2743,28.1317,-0.324467,,,
33.402,amcl,map,-1.08741,1.70217,0.162678,0.0661727,0.0295379,0.0207764,,,
33.408,ekf,map,-1.16427,1.72199,0.214279,0.078243,0.0782968,-1.99109e-05,0.275458,,
33.408,kf,map,-1.16376,1.72233,0.214402,0.0738931,0.0738931,0,0.057334,,
33.408,pf,map,-1.15907,1.64707,0.202754,0.0676396,0.0669909,-0.00142674,7.90467,296.392,0
33.444,odom,map,-1.03823,1.72205,0.15874,0,0,0,,,
33.48,odom,map,-1.02167,1.7224,0.147028,0,0,0,,,
33.516,odom,map,-1.00509,1.72243,0.135548,0,0,0,,,
33.552,odom,map,-0.988503,1.72213,0.124365,0,0,0,,,
33.588,odom,map,-0.971907,1.72152,0.113921,0,0,0,,,
33.588,ekf,map,-1.08363,1.73774,0.183277,0.0773163,0.0773734,-1.83578e-05,0.062416,,
33.624,odom,map,-0.955396,1.72238,0.107272,0,0,0,,,
33.588,kf,map,-1.0833,1.738,0.183624,0.07371,0.07371,0,0.058834,,
33.588,ekf_predict_only,map,-0.94758,1.76367,0.116835,56.8986,28.6661,-1.84083,,,
33.588,pf,map,-1.09145,1.70781,0.195736,0.0833866,0.0675766,-0.00209377,5.15867,312.786,0
33.66,odom,map,-0.938927,1.72411,0.102796,0,0,0,,,
33.696,odom,map,-0.922452,1.72578,0.0995315,0,0,0,,,
33.732,odom,map,-0.905972,1.72741,0.09707,0,0,0,,,
33.768,odom,map,-0.889488,1.72899,0.0948052,0,0,0,,,
33.804,odom,map,-0.873001,1.73055,0.0929888,0,0,0,,,
33.804,ekf_predict_only,map,-0.846947,1.77548,0.11106,57.5112,29.4892,-3.63511,,,
33.804,ekf,map,-0.986339,1.75422,0.165506,0.0782607,0.0783425,-2.26594e-05,0.067,,
33.804,kf,map,-0.98614,1.75448,0.166269,0.0738931,0.0738931,0,0.057584,,
33.804,pf,map,-0.990231,1.71514,0.164491,0.0765564,0.0769777,-0.00059176,4.81992,289.919,0
33.84,odom,map,-0.856511,1.73207,0.091779,0,0,0,,,
33.876,odom,map,-0.84002,1.73358,0.0911128,0,0,0,,,
33.912,odom,map,-0.823529,1.73509,0.0906348,0,0,0,,,
33.948,odom,map,-0.807039,1.73658,0.0906283,0,0,0,,,
33.984,odom,map,-0.790682,1.73807,0.0909594,0,0,0,,,
34.02,odom,map,-0.774509,1.73955,0.0913725,0,0,0,,,
33.984,ekf,map,-0.905593,1.76708,0.161831,0.0773257,0.0773981,-1.77925e-05,0.104792,,
33.984,ekf_predict_only,map,-0.766247,1.78448,0.113126,58.0279,30.3713,-5.09318,,,
33.984,kf,map,-0.905579,1.76722,0.162301,0.07371,0.07371,0,0.315792,,
34.002,amcl,map,-0.829032,1.74211,0.133942,0.0734566,0.0305339,0.0137563,,,
33.984,pf,map,-0.908142,1.73239,0.149804,0.0738098,0.0693115,-0.000910319,9.29679,309.703,0
34.056,odom,map,-0.758401,1.74103,0.0920587,0,0,0,,,
34.092,odom,map,-0.742418,1.74252,0.0930507,0,0,0,,,
34.128,odom,map,-0.726475,1.74401,0.0941138,0,0,0,,,
34.164,odom,map,-0.710533,1.74552,0.0951769,0,0,0,,,
34.2,odom,map,-0.694799,1.74704,0.0966967,0,0,0,,,
34.2,ekf,map,-0.810802,1.78246,0.167179,0.0782674,0.0783582,-1.99511e-05,0.058583,,
34.2,kf,map,-0.810892,1.78253,0.167561,0.0738931,0.0738931,0,0.053958,,
34.2,ekf_predict_only,map,-0.675008,1.79485,0.124209,58.5952,31.5398,-6.76478,,,
34.2,pf,map,-0.844475,1.75614,0.155383,0.0749945,0.0794094,0.00179754,4.79642,308.667,0
34.236,odom,map,-0.684844,1.74839,0.101429,0,0,0,,,
34.272,odom,map,-0.675313,1.74982,0.106413,0,0,0,,,
34.308,odom,map,-0.665868,1.75134,0.111486,0,0,0,,,
34.344,odom,map,-0.656752,1.75293,0.11663,0,0,0,,,
34.38,odom,map,-0.647923,1.75459,0.121731,0,0,0,,,
34.416,ekf_predict_only,map,-0.588424,1.80566,0.136672,59.1812,32.8538,-8.38004,,,
34.416,odom,map,-0.636962,1.75636,0.12565,0,0,0,,,
34.416,ekf,map,-0.722467,1.79769,0.178366,0.0783893,0.078478,-1.81891e-05,0.123292,,
34.416,kf,map,-0.722624,1.79769,0.178537,0.0739056,0.0739056,0,0.932209,,
34.416,pf,map,-0.74268,1.7818,0.160419,0.0724279,0.0703409,0.000702167,6.62437,311.663,0
34.452,odom,map,-0.622707,1.75817,0.127689,0,0,0,,,
34.488,odom,map,-0.608675,1.75999,0.129546,0,0,0,,,
34.524,odom,map,-0.594767,1.76181,0.13131,0,0,0,,,
34.56,odom,map,-0.581104,1.76363,0.132991,0,0,0,,,
34.596,odom,map,-0.567662,1.76544,0.134631,0,0,0,,,
34.596,ekf_predict_only,map,-0.521383,1.81488,0.14713,59.7128,34.0479,-9.65379,,,
34.596,kf,map,-0.653873,1.81036,0.187519,0.0737109,0.0737109,0,0.124834,,
34.596,ekf,map,-0.653731,1.81038,0.18741,0.0772954,0.0773632,-1.33941e-05,0.061917,,
34.632,odom,map,-0.554242,1.76727,0.13655,0,0,0,,,
34.596,pf,map,-0.640316,1.7846,0.170997,0.0821521,0.0728101,-0.00126851,6.02967,319.787,0
34.668,odom,map,-0.54085,1.76912,0.138147,0,0,0,,,
34.704,odom,map,-0.527471,1.77099,0.138831,0,0,0,,,
34.74,odom,map,-0.514053,1.77286,0.139084,0,0,0,,,
34.776,odom,map,-0.500801,1.77471,0.138448,0,0,0,,,
34.812,odom,map,-0.488603,1.77737,0.1389,0,0,0,,,
34.812,kf,map,-0.574517,1.82565,0.18767,0.0738932,0.0738932,0,0.0625,,
34.812,ekf,map,-0.574384,1.82572,0.188006,0.0782108,0.0782879,-1.50158e-05,0.089042,,
34.812,ekf_predict_only,map,-0.443336,1.82645,0.141136,60.3318,35.5509,-11.1641,,,
34.8,amcl,map,-0.525201,1.79032,0.16478,0.0814164,0.0292701,0.00600212,,,
34.812,pf,map,-0.590739,1.79481,0.177479,0.0725383,0.0753655,-0.00114244,6.27596,299.689,0
34.848,odom,map,-0.478453,1.78195,0.142548,0,0,0,,,
34.884,odom,map,-0.468494,1.78658,0.14604,0,0,0,,,
34.92,odom,map,-0.458908,1.79121,0.149224,0,0,0,,,
34.956,odom,map,-0.449599,1.79585,0.152231,0,0,0,,,
34.992,odom,map,-0.440422,1.80052,0.155181,0,0,0,,,
34.992,kf,map,-0.512307,1.83748,0.181502,0.07371,0.07371,0,0.053083,,
34.992,ekf,map,-0.512148,1.83755,0.181766,0.0772918,0.0773509,-1.1492e-05,0.059625,,
35.028,odom,map,-0.429234,1.80318,0.154549,0,0,0,,,
34.992,ekf_predict_only,map,-0.383401,1.83496,0.131089,60.8425,36.8588,-12.3362,,,
34.992,pf,map,-0.535935,1.82923,0.190061,0.0685992,0.0756217,-0.00495983,5.021,304.304,0
35.064,odom,map,-0.417417,1.80501,0.15243,0,0,0,,,
35.1,odom,map,-0.405691,1.8068,0.150255,0,0,0,,,
35.136,odom,map,-0.394081,1.80854,0.147909,0,0,0,,,
35.172,odom,map,-0.382694,1.81022,0.145443,0,0,0,,,
35.208,odom,map,-0.37152,1.81184,0.142789,0,0,0,,,
35.208,ekf_predict_only,map,-0.317838,1.84361,0.115035,61.3599,38.3782,-13.6267,,,
35.208,kf,map,-0.443286,1.8499,0.168222,0.0738931,0.0738931,0,0.100083,,
35.208,ekf,map,-0.443021,1.84995,0.168442,0.0782386,0.0783032,-1.25495e-05,0.063042,,
35.208,pf,map,-0.429471,1.80719,0.170313,0.0761486,0.0716884,-0.00366237,9.10838,280.759,0
35.244,odom,map,-0.360582,1.8134,0.140111,0,0,0,,,
35.28,odom,map,-0.349666,1.81493,0.137435,0,0,0,,,
35.316,odom,map,-0.338923,1.8164,0.134792,0,0,0,,,
35.352,odom,map,-0.328612,1.81778,0.132189,0,0,0,,,
35.388,odom,map,-0.318344,1.81914,0.129587,0,0,0,,,
35.388,ekf_predict_only,map,-0.268082,1.84935,0.101631,61.772,39.655,-14.607,,,
35.388,kf,map,-0.390228,1.85863,0.155689,0.07371,0.07371,0,0.057833,,
35.388,ekf,map,-0.389989,1.85867,0.155781,0.0773124,0.07736,-9.136e-06,0.058209,,
35.424,odom,map,-0.308266,1.82043,0.126932,0,0,0,,,
35.388,pf,map,-0.401516,1.81179,0.158615,0.0754972,0.0770362,-0.00123086,7.57137,300.819,0
35.46,odom,map,-0.298515,1.82167,0.124629,0,0,0,,,
35.496,odom,map,-0.289915,1.82274,0.124315,0,0,0,,,
35.532,odom,map,-0.2826,1.82366,0.124315,0,0,0,,,
35.568,odom,map,-0.276572,1.82441,0.124315,0,0,0,,,
35.604,odom,map,-0.271999,1.825,0.124325,0,0,0,,,
35.604,ekf_predict_only,map,-0.268082,1.84935,0.101631,61.972,39.855,-14.607,,,
35.604,ekf,map,-0.352883,1.86429,0.151827,0.078256,0.0782989,-8.18935e-06,0.058458,,
35.604,kf,map,-0.355014,1.86397,0.152023,0.0738931,0.0738931,0,0.054625,,
35.604,pf,map,-0.343064,1.84685,0.139593,0.075748,0.0743294,-0.00895865,4.49029,315.306,0
35.64,odom,map,-0.271597,1.82546,0.124512,0,0,0,,,
35.676,odom,map,-0.272481,1.82576,0.124699,0,0,0,,,
35.712,odom,map,-0.274652,1.8259,0.124886,0,0,0,,,
35.748,odom,map,-0.277684,1.82593,0.125073,0,0,0,,,
35.784,odom,map,-0.280739,1.82596,0.125261,0,0,0,,,
35.784,ekf,map,-0.339878,1.86626,0.150977,0.0773222,0.0773475,-4.81561e-06,0.060208,,
35.82,odom,map,-0.282096,1.82598,0.125344,0,0,0,,,
35.784,ekf_predict_only,map,-0.268082,1.84935,0.101631,62.172,40.055,-14.607,,,
35.784,kf,map,-0.341046,1.86608,0.151069,0.07371,0.07371,0,0.05775,,
35.784,pf,map,-0.343822,1.85163,0.145533,0.0726457,0.0739748,-0.00462025,5.23446,304.337,0
35.856,odom,map,-0.282096,1.82598,0.125344,0,0,0,,,
35.892,odom,map,-0.282096,1.82598,0.125344,0,0,0,,,
35.928,odom,map,-0.282096,1.82598,0.125344,0,0,0,,,
35.964,odom,map,-0.282096,1.82598,0.125344,0,0,0,,,
36,odom,map,-0.282096,1.82598,0.125344,0,0,0,,,
36,kf,map,-0.337364,1.86664,0.150817,0.0738931,0.0738931,0,0.05875,,
36,ekf_predict_only,map,-0.268082,1.84935,0.101631,62.372,40.255,-14.607,,,
36,ekf,map,-0.336893,1.86671,0.150782,0.0782636,0.078284,-3.86733e-06,0.168792,,
36,pf,map,-0.350784,1.82812,0.132149,0.0781096,0.0754239,-0.00347287,6.22487,302.935,0
36.036,odom,map,-0.282096,1.82598,0.125344,0,0,0,,,
36.072,odom,map,-0.282096,1.82598,0.125344,0,0,0,,,
36.108,odom,map,-0.282096,1.82598,0.125344,0,0,0,,,
36.144,odom,map,-0.282096,1.82598,0.125344,0,0,0,,,
36.18,odom,map,-0.282096,1.82598,0.125344,0,0,0,,,
36.216,odom,map,-0.281613,1.82604,0.12524,0,0,0,,,
36.216,ekf_predict_only,map,-0.2622,1.84995,0.100883,62.5942,40.5867,-14.7225,,,
36.216,ekf,map,-0.334602,1.86706,0.150497,0.0783859,0.0783996,-2.60585e-06,0.120875,,
36.216,kf,map,-0.334521,1.86707,0.150479,0.0739056,0.0739056,0,0.063042,,
36.216,pf,map,-0.338439,1.8578,0.138813,0.0791176,0.0689237,-0.00101456,6.98046,296.55,0
36.252,odom,map,-0.280159,1.82622,0.125017,0,0,0,,,
36.288,odom,map,-0.277858,1.82651,0.12443,0,0,0,,,
36.324,odom,map,-0.275087,1.82685,0.12369,0,0,0,,,
36.36,odom,map,-0.271914,1.82725,0.122415,0,0,0,,,
36.396,odom,map,-0.267584,1.82777,0.120388,0,0,0,,,
36.396,ekf,map,-0.318904,1.86943,0.14415,0.0772929,0.0773015,-1.58891e-06,0.057125,,
36.432,odom,map,-0.262586,1.82837,0.118014,0,0,0,,,
36.396,ekf_predict_only,map,-0.237156,1.85249,0.0890112,62.8881,41.3578,-15.215,,,
36.402,amcl,map,-0.287889,1.82542,0.12379,0.0909627,0.0321955,0.000947527,,,
36.396,kf,map,-0.318455,1.86949,0.143889,0.0737109,0.0737109,0,0.054791,,
36.396,pf,map,-0.322222,1.84444,0.146471,0.0699836,0.0785389,0.00523052,4.51275,305.224,0
36.468,odom,map,-0.257335,1.82899,0.115496,0,0,0,,,
36.504,odom,map,-0.251059,1.82971,0.11241,0,0,0,,,
36.54,odom,map,-0.24384,1.83051,0.108734,0,0,0,,,
36.576,odom,map,-0.236301,1.83132,0.105015,0,0,0,,,
36.612,odom,map,-0.228509,1.83212,0.100964,0,0,0,,,
36.612,ekf_predict_only,map,-0.187062,1.85696,0.0626785,63.254,42.7521,-16.1982,,,
36.612,ekf,map,-0.279706,1.87487,0.124489,0.0782082,0.0782203,-2.05399e-06,0.062917,,
36.612,kf,map,-0.279003,1.87496,0.124053,0.0738932,0.0738932,0,0.062417,,
36.612,pf,map,-0.313187,1.83579,0.122918,0.0863219,0.0722636,0.000878911,4.73929,300.021,0
36.648,odom,map,-0.219812,1.83298,0.0963349,0,0,0,,,
36.684,odom,map,-0.21051,1.83386,0.0915041,0,0,0,,,
36.72,odom,map,-0.200879,1.83472,0.0866187,0,0,0,,,
36.756,odom,map,-0.190892,1.83556,0.0814759,0,0,0,,,
36.792,odom,map,-0.180326,1.8364,0.0761136,0,0,0,,,
36.828,odom,map,-0.169476,1.83719,0.0706924,0,0,0,,,
36.792,ekf_predict_only,map,-0.132773,1.86037,0.0355727,63.5809,44.3249,-17.252,,,
36.792,kf,map,-0.232076,1.88033,0.100302,0.07371,0.07371,0,0.065125,,
36.792,ekf,map,-0.23258,1.88026,0.100562,0.07729,0.0773051,-2.27628e-06,0.274292,,
36.792,pf,map,-0.242391,1.84859,0.098802,0.0692442,0.0686093,-0.000514075,5.99592,296.323,0
36.864,odom,map,-0.158354,1.83795,0.0650969,0,0,0,,,
36.9,odom,map,-0.146774,1.83867,0.0593398,0,0,0,,,
36.936,odom,map,-0.134489,1.83936,0.0535342,0,0,0,,,
36.972,odom,map,-0.122112,1.83999,0.047735,0,0,0,,,
37.008,odom,map,-0.109548,1.84056,0.0419019,0,0,0,,,
37.008,kf,map,-0.161198,1.88643,0.0664649,0.0738931,0.0738931,0,0.121167,,
37.008,ekf,map,-0.161765,1.88633,0.0666554,0.0782367,0.0782667,-3.85309e-06,0.054083,,
37.008,ekf_predict_only,map,-0.053784,1.86318,-0.000589222,63.8858,46.6696,-18.7642,,,
37.008,pf,map,-0.165656,1.87841,0.070098,0.0690599,0.07513,-0.00255824,4.82329,326.672,0
37.044,odom,map,-0.0964937,1.84106,0.0359032,0,0,0,,,
37.08,odom,map,-0.0831275,1.8415,0.0298129,0,0,0,,,
37.116,odom,map,-0.0695181,1.84187,0.0236775,0,0,0,,,
37.152,odom,map,-0.0557285,1.84215,0.0174854,0,0,0,,,
37.188,odom,map,-0.0416015,1.84235,0.0110409,0,0,0,,,
37.224,odom,map,-0.0296828,1.84229,0.00499793,0,0,0,,,
37.188,ekf,map,-0.0946307,1.88974,0.0359752,0.0773111,0.077346,-3.69822e-06,0.107542,,
37.188,kf,map,-0.0942535,1.88982,0.035857,0.07371,0.07371,0,0.060666,,
37.188,ekf_predict_only,map,0.0183893,1.86314,-0.0327906,64.0842,48.9827,-20.1118,,,
37.188,pf,map,-0.106224,1.86524,0.0324526,0.0716036,0.0722709,-0.00152707,5.62008,292.924,0
37.26,odom,map,-0.0190428,1.84205,-0.000762239,0,0,0,,,
37.296,odom,map,-0.00819163,1.84174,-0.00646165,0,0,0,,,
37.332,odom,map,0.00301919,1.84135,-0.0121943,0,0,0,,,
37.368,odom,map,0.0143525,1.84088,-0.0178174,0,0,0,,,
37.404,odom,map,0.0259173,1.84034,-0.0234376,0,0,0,,,
37.404,ekf_predict_only,map,0.10927,1.86016,-0.0703652,64.173,52.0535,-21.7604,,,
37.404,ekf,map,-0.00657729,1.89129,-0.00180073,0.0782549,0.0783113,-4.51501e-06,0.452333,,
37.404,kf,map,-0.00632182,1.89141,-0.00181566,0.0738931,0.0738931,0,0.145958,,
37.401,amcl,map,0.000185667,1.8527,-0.0158749,0.0948394,0.0411764,-0.00936756,,,
37.404,pf,map,-0.0216982,1.85154,-0.0205107,0.0758126,0.0782193,-0.00133472,5.21058,309.878,0
37.44,odom,map,0.0410901,1.83994,-0.0296407,0,0,0,,,
37.476,odom,map,0.0562426,1.83945,-0.0356137,0,0,0,,,
37.512,odom,map,0.0714887,1.83886,-0.0414083,0,0,0,,,
37.548,odom,map,0.086792,1.83818,-0.0471272,0,0,0,,,
37.584,odom,map,0.102131,1.83741,-0.0527878,0,0,0,,,
37.584,ekf_predict_only,map,0.186715,1.8547,-0.0976978,64.17,54.8859,-23.108,,,
37.584,kf,map,0.0695344,1.88999,-0.030661,0.07371,0.07371,0,0.12425,,
37.584,ekf,map,0.0693893,1.88989,-0.0307353,0.0773215,0.0773767,-3.04698e-06,0.063834,,
37.62,odom,map,0.117582,1.83655,-0.0583093,0,0,0,,,
37.584,pf,map,0.0601798,1.85724,-0.0297269,0.0756492,0.0710677,-0.00655853,4.77933,288.664,0
37.656,odom,map,0.133116,1.8356,-0.0637484,0,0,0,,,
37.692,odom,map,0.148648,1.83457,-0.0691849,0,0,0,,,
37.728,odom,map,0.164286,1.83344,-0.0745683,0,0,0,,,
37.764,odom,map,0.180003,1.83223,-0.0799225,0,0,0,,,
37.8,odom,map,0.19572,1.83093,-0.0852758,0,0,0,,,
37.8,kf,map,0.163019,1.88559,-0.0629758,0.0738931,0.0738931,0,0.068084,,
37.8,ekf,map,0.162918,1.88547,-0.063116,0.0782631,0.0783399,-2.08518e-06,0.05275,,
37.8,ekf_predict_only,map,0.280962,1.84546,-0.127995,64.0283,58.5221,-24.6825,,,
37.8,pf,map,0.16079,1.83668,-0.0542539,0.0725976,0.0744597,-0.00142323,4.885,299.279,0
37.836,odom,map,0.21144,1.82954,-0.0903833,0,0,0,,,
37.872,odom,map,0.227239,1.82807,-0.0954123,0,0,0,,,
37.908,odom,map,0.242992,1.82652,-0.100332,0,0,0,,,
37.944,odom,map,0.258689,1.8249,-0.105178,0,0,0,,,
37.98,odom,map,0.274351,1.82321,-0.10986,0,0,0,,,
38.016,ekf_predict_only,map,0.374787,1.83338,-0.154846,63.7854,62.3981,-26.1666,,,
38.016,odom,map,0.290009,1.82145,-0.114376,0,0,0,,,
38.016,ekf,map,0.257131,1.87802,-0.0921832,0.0783856,0.0784686,-6.35473e-08,0.057416,,
38.001,amcl,map,0.260345,1.82849,-0.118656,0.0994152,0.0454189,-0.0110086,,,
38.016,kf,map,0.25717,1.87815,-0.0920157,0.0739056,0.0739056,0,0.058084,,
38.016,pf,map,0.23804,1.82734,-0.0951942,0.0779739,0.0775415,0.00465986,10.5753,304.082,0
38.052,odom,map,0.305622,1.81962,-0.118867,0,0,0,,,
38.088,odom,map,0.321192,1.81773,-0.123371,0,0,0,,,
38.124,odom,map,0.336677,1.81577,-0.127734,0,0,0,,,
38.16,odom,map,0.351969,1.81377,-0.131895,0,0,0,,,
38.196,odom,map,0.367174,1.81173,-0.13602,0,0,0,,,
38.232,odom,map,0.378498,1.81199,-0.13889,0,0,0,,,
38.196,ekf_predict_only,map,0.450425,1.82158,-0.174309,63.5565,65.7483,-27.2946,,,
38.196,ekf,map,0.33419,1.86987,-0.113803,0.0772929,0.0773623,1.70459e-06,0.061291,,
38.196,kf,map,0.334163,1.86998,-0.113656,0.0737109,0.0737109,0,0.064875,,
38.196,pf,map,0.319516,1.83426,-0.112711,0.0739748,0.0707983,-0.00318865,5.27117,319.554,0
38.268,odom,map,0.389489,1.8125,-0.141453,0,0,0,,,
38.304,odom,map,0.400797,1.81294,-0.143904,0,0,0,,,
38.34,odom,map,0.412292,1.81333,-0.146376,0,0,0,,,
38.376,odom,map,0.423807,1.8137,-0.148882,0,0,0,,,
38.412,odom,map,0.436815,1.81317,-0.151762,0,0,0,,,
38.412,kf,map,0.429192,1.85798,-0.136945,0.0738932,0.0738932,0,0.124958,,
38.412,ekf,map,0.429089,1.85789,-0.137025,0.0782084,0.0782971,4.7083e-06,0.064958,,
38.412,ekf_predict_only,map,0.547019,1.80457,-0.197319,63.1457,70.2154,-28.6531,,,
38.412,pf,map,0.402409,1.81665,-0.142877,0.0725616,0.0771422,0.00202821,4.95488,294.375,0
38.448,odom,map,0.452946,1.81067,-0.155577,0,0,0,,,
38.484,odom,map,0.469144,1.8081,-0.159394,0,0,0,,,
38.52,odom,map,0.485359,1.80546,-0.163203,0,0,0,,,
38.556,odom,map,0.50167,1.80275,-0.167053,0,0,0,,,
38.592,odom,map,0.517994,1.79996,-0.171018,0,0,0,,,
38.592,kf,map,0.510518,1.84585,-0.156707,0.07371,0.07371,0,0.057375,,
38.628,odom,map,0.534306,1.79711,-0.17507,0,0,0,,,
38.592,ekf_predict_only,map,0.629243,1.78813,-0.217743,62.7636,74.2648,-29.7241,,,
38.592,ekf,map,0.51041,1.8458,-0.156696,0.0772903,0.077367,5.95709e-06,0.098291,,
38.592,pf,map,0.49978,1.78687,-0.156171,0.0728973,0.0700537,-0.0047297,5.93067,295.546,0
38.601,amcl,map,0.519696,1.78198,-0.18978,0.103061,0.0564729,-0.0238948,,,
38.664,odom,map,0.550607,1.79419,-0.179155,0,0,0,,,
38.7,odom,map,0.566896,1.79121,-0.183341,0,0,0,,,
38.736,odom,map,0.583172,1.78815,-0.187521,0,0,0,,,
38.772,odom,map,0.599435,1.78503,-0.191688,0,0,0,,,
38.808,odom,map,0.615713,1.78135,-0.196373,0,0,0,,,
38.808,ekf_predict_only,map,0.726517,1.76661,-0.242681,62.2137,79.2785,-30.8865,,,
38.808,ekf,map,0.608054,1.82921,-0.181377,0.0782375,0.0783345,1.00209e-05,0.060959,,
38.808,kf,map,0.608124,1.82928,-0.181391,0.0738931,0.0738931,0,0.064542,,
38.808,pf,map,0.594607,1.78898,-0.179283,0.0798161,0.0748149,-0.00729841,4.61554,299.666,0
38.844,odom,map,0.631993,1.77584,-0.202776,0,0,0,,,
38.88,odom,map,0.648103,1.7702,-0.209016,0,0,0,,,
38.916,odom,map,0.664155,1.76442,-0.215249,0,0,0,,,
38.952,odom,map,0.679994,1.75852,-0.221227,0,0,0,,,
38.988,odom,map,0.695551,1.75254,-0.226861,0,0,0,,,
38.988,ekf_predict_only,map,0.802478,1.7478,-0.257204,61.7697,83.4345,-31.6974,,,
39.024,odom,map,0.710836,1.74808,-0.230667,0,0,0,,,
38.988,kf,map,0.687022,1.81392,-0.198901,0.07371,0.07371,0,0.057916,,
38.988,ekf,map,0.687097,1.81383,-0.199046,0.0773121,0.0773918,9.91178e-06,0.114,,
38.988,pf,map,0.690101,1.75426,-0.195629,0.0705122,0.0771212,-0.00231078,11.2607,302.06,0
39.06,odom,map,0.726067,1.74448,-0.233571,0,0,0,,,
39.096,odom,map,0.741178,1.74086,-0.236014,0,0,0,,,
39.132,odom,map,0.756067,1.73727,-0.237655,0,0,0,,,
39.168,odom,map,0.770687,1.73372,-0.238831,0,0,0,,,
39.204,odom,map,0.785182,1.73018,-0.239859,0,0,0,,,
39.204,ekf_predict_only,map,0.887274,1.7255,-0.259997,61.2198,88.256,-32.5152,,,
39.204,kf,map,0.776615,1.79505,-0.209391,0.0738931,0.0738931,0,0.056708,,
39.204,ekf,map,0.776836,1.79489,-0.209878,0.0782567,0.0783496,1.36041e-05,0.067167,,
39.201,amcl,map,0.776653,1.72579,-0.241081,0.098389,0.0541283,-0.0289008,,,
39.204,pf,map,0.776747,1.7717,-0.215715,0.0731863,0.0819761,0.00245628,6.14321,310.985,0
39.24,odom,map,0.799449,1.72669,-0.240457,0,0,0,,,
39.276,odom,map,0.813642,1.7232,-0.241011,0,0,0,,,
39.312,odom,map,0.827845,1.7197,-0.241844,0,0,0,,,
39.348,odom,map,0.842048,1.71619,-0.242705,0,0,0,,,
39.384,odom,map,0.856102,1.71271,-0.243592,0,0,0,,,
39.384,ekf_predict_only,map,0.957044,1.70694,-0.257965,60.8072,92.4221,-33.139,,,
39.384,ekf,map,0.848857,1.77917,-0.214031,0.0773234,0.0773961,1.19601e-05,0.067708,,
39.42,odom,map,0.869776,1.70848,-0.244127,0,0,0,,,
39.384,pf,map,0.83903,1.75484,-0.218749,0.0688805,0.0827184,0.000835043,5.16617,311.74,0
39.384,kf,map,0.848742,1.77928,-0.213613,0.07371,0.07371,0,0.077417,,
39.456,odom,map,0.883133,1.70364,-0.244254,0,0,0,,,
39.492,odom,map,0.896464,1.6988,-0.244208,0,0,0,,,
39.528,odom,map,0.909712,1.69397,-0.243784,0,0,0,,,
39.564,odom,map,0.922844,1.68916,-0.242813,0,0,0,,,
39.6,odom,map,0.935837,1.68439,-0.241527,0,0,0,,,
39.6,ekf_predict_only,map,1.0384,1.68547,-0.245282,60.3119,97.4347,-33.8218,,,
39.6,kf,map,0.932503,1.76099,-0.207081,0.0738931,0.0738931,0,0.056084,,
39.6,ekf,map,0.932609,1.76089,-0.207535,0.0782658,0.078349,1.51516e-05,0.058542,,
39.6,pf,map,0.930752,1.72454,-0.207122,0.0681743,0.0782123,-0.0081885,5.69058,302.289,0
39.636,odom,map,0.949439,1.68102,-0.239435,0,0,0,,,
39.672,odom,map,0.962967,1.67773,-0.23697,0,0,0,,,
39.708,odom,map,0.976323,1.67452,-0.234096,0,0,0,,,
39.744,odom,map,0.989576,1.67139,-0.230905,0,0,0,,,
39.78,odom,map,1.0028,1.6683,-0.227577,0,0,0,,,
39.816,ekf,map,1.01286,1.74438,-0.189915,0.0783884,0.078466,1.50261e-05,0.060083,,
39.816,odom,map,1.01579,1.66532,-0.223812,0,0,0,,,
39.816,ekf_predict_only,map,1.11539,1.6662,-0.221863,59.8997,102.376,-34.4512,,,
39.816,kf,map,1.01269,1.74445,-0.189467,0.0739056,0.0739056,0,0.082708,,
39.816,pf,map,1.00553,1.71031,-0.21565,0.0717676,0.0818646,0.0007327,8.89025,318.268,0
39.852,odom,map,1.02856,1.66244,-0.219678,0,0,0,,,
39.888,odom,map,1.04126,1.65963,-0.21541,0,0,0,,,
39.924,odom,map,1.05384,1.65691,-0.210907,0,0,0,,,
39.96,odom,map,1.06608,1.65432,-0.20591,0,0,0,,,
39.996,odom,map,1.07797,1.65186,-0.200771,0,0,0,,,
40.032,odom,map,1.08906,1.65007,-0.195105,0,0,0,,,
39.996,ekf_predict_only,map,1.17353,1.65309,-0.196114,59.6896,106.278,-34.9426,,,
39.996,ekf,map,1.07508,1.73297,-0.167495,0.0772949,0.0773524,1.13954e-05,0.061208,,
39.996,kf,map,1.07487,1.73301,-0.167224,0.0737109,0.0737109,0,0.14025,,
40.002,amcl,map,1.08173,1.65678,-0.201441,0.104532,0.0589255,-0.0382264,,,
39.996,pf,map,1.07139,1.68656,-0.187107,0.0751487,0.0730404,-0.0083912,6.35633,306.274,0
40.068,odom,map,1.09993,1.64845,-0.189205,0,0,0,,,
40.104,odom,map,1.11027,1.647,-0.183044,0,0,0,,,
40.14,odom,map,1.12056,1.64564,-0.176877,0,0,0,,,
40.176,odom,map,1.13063,1.6444,-0.170507,0,0,0,,,
40.212,odom,map,1.1404,1.64312,-0.164097,0,0,0,,,
40.212,ekf,map,1.14116,1.72269,-0.134228,0.0782103,0.0782721,1.21796e-05,0.800375,,
40.212,ekf_predict_only,map,1.23384,1.6411,-0.159943,59.5197,110.43,-35.4811,,,
40.212,kf,map,1.14081,1.72272,-0.133999,0.0738932,0.0738932,0,0.101875,,
40.212,pf,map,1.1187,1.69901,-0.148784,0.0779193,0.0766053,-0.00185244,16.5613,293.38,0
40.248,odom,map,1.15035,1.6415,-0.158032,0,0,0,,,
40.284,odom,map,1.16,1.64,-0.15186,0,0,0,,,
40.32,odom,map,1.16946,1.63858,-0.145604,0,0,0,,,
40.356,odom,map,1.17865,1.63726,-0.139156,0,0,0,,,
40.392,odom,map,1.18752,1.63605,-0.132522,0,0,0,,,
40.428,odom,map,1.19624,1.63491,-0.125815,0,0,0,,,
40.392,ekf_predict_only,map,1.27722,1.63411,-0.126407,59.5057,113.543,-35.9094,,,
40.392,kf,map,1.18851,1.71696,-0.102676,0.07371,0.07371,0,0.071375,,
40.392,ekf,map,1.18879,1.71695,-0.102834,0.0772912,0.0773357,8.45715e-06,0.054625,,
40.392,pf,map,1.18209,1.67107,-0.112844,0.0661031,0.0712531,0.00481922,15.8922,294.943,0
40.464,odom,map,1.20471,1.63387,-0.119612,0,0,0,,,
40.5,odom,map,1.21199,1.63301,-0.11582,0,0,0,,,
40.536,odom,map,1.21798,1.63232,-0.114621,0,0,0,,,
40.572,odom,map,1.22269,1.63178,-0.114621,0,0,0,,,
40.608,odom,map,1.22611,1.63138,-0.114621,0,0,0,,,
40.608,ekf_predict_only,map,1.27722,1.63411,-0.126407,59.7057,113.743,-35.9094,,,
40.608,kf,map,1.2182,1.71438,-0.0900316,0.0738931,0.0738931,0,0.084959,,
40.608,ekf,map,1.22001,1.71423,-0.0893227,0.0782376,0.0782772,7.40144e-06,0.0565,,
40.608,pf,map,1.20355,1.6806,-0.0776526,0.0707585,0.0729023,0.000417375,5.94425,309.304,0
40.644,odom,map,1.22824,1.63114,-0.114621,0,0,0,,,
40.68,odom,map,1.22908,1.63104,-0.114621,0,0,0,,,
40.716,odom,map,1.2291,1.63104,-0.114621,0,0,0,,,
40.752,odom,map,1.2291,1.63104,-0.114621,0,0,0,,,
40.788,odom,map,1.2291,1.63104,-0.114621,0,0,0,,,
40.788,kf,map,1.22815,1.71351,-0.0867387,0.07371,0.07371,0,0.059125,,
40.788,ekf,map,1.22904,1.71344,-0.0864171,0.0773115,0.0773348,4.32405e-06,0.056084,,
40.824,odom,map,1.22973,1.63117,-0.115167,0,0,0,,,
40.788,ekf_predict_only,map,1.27722,1.63411,-0.126407,59.9057,113.943,-35.9094,,,
40.788,pf,map,1.23404,1.67273,-0.0769703,0.0733311,0.0701137,0.00261571,10.6662,303.249,0
40.86,odom,map,1.23071,1.63138,-0.116021,0,0,0,,,
40.896,odom,map,1.23169,1.63159,-0.116875,0,0,0,,,
40.932,odom,map,1.23266,1.63179,-0.117728,0,0,0,,,
40.968,odom,map,1.23364,1.632,-0.118582,0,0,0,,,
41.004,odom,map,1.23455,1.63219,-0.119389,0,0,0,,,
41.004,ekf_predict_only,map,1.27722,1.63411,-0.126407,60.1057,114.143,-35.9094,,,
41.004,ekf,map,1.23112,1.71325,-0.0857498,0.0782551,0.0782738,3.4654e-06,0.058125,,
41.004,kf,map,1.23077,1.71328,-0.0858709,0.0738931,0.0738931,0,0.098541,,
41.004,pf,map,1.229,1.7059,-0.0969617,0.0743734,0.0644604,-0.00221444,6.13567,328.92,0
41.04,odom,map,1.23455,1.63219,-0.119389,0,0,0,,,
41.076,odom,map,1.23475,1.63217,-0.119778,0,0,0,,,
41.112,odom,map,1.23503,1.63213,-0.120354,0,0,0,,,
41.148,odom,map,1.23553,1.63207,-0.121119,0,0,0,,,
41.184,odom,map,1.23647,1.63196,-0.122443,0,0,0,,,
41.22,odom,map,1.23793,1.63178,-0.124542,0,0,0,,,
41.184,kf,map,1.23504,1.71291,-0.0909134,0.07371,0.07371,0,0.120042,,
41.184,ekf,map,1.23492,1.71293,-0.0905707,0.0773216,0.0773324,1.98013e-06,0.059042,,
41.184,ekf_predict_only,map,1.28544,1.63306,-0.137883,60.2739,114.901,-35.9991,,,
41.184,pf,map,1.22937,1.71775,-0.0915459,0.0854134,0.0752906,-0.00106665,5.56479,308.155,0
41.256,odom,map,1.23977,1.63154,-0.12718,0,0,0,,,
41.292,odom,map,1.24186,1.63127,-0.130182,0,0,0,,,
41.328,odom,map,1.2442,1.63096,-0.133681,0,0,0,,,
41.364,odom,map,1.24698,1.63058,-0.138187,0,0,0,,,
41.4,odom,map,1.25006,1.63014,-0.143666,0,0,0,,,
41.4,kf,map,1.24898,1.71156,-0.113725,0.0738931,0.0738931,0,0.06075,,
41.4,ekf,map,1.24867,1.71159,-0.113001,0.0782632,0.0782725,1.635e-06,0.052541,,
41.4,ekf_predict_only,map,1.30415,1.63047,-0.171688,60.3949,116.381,-36.1946,,,
41.4,pf,map,1.2407,1.70602,-0.118563,0.0748331,0.081767,0.00142925,4.93508,295.581,0
41.436,odom,map,1.25318,1.62968,-0.1493,0,0,0,,,
41.472,odom,map,1.25605,1.62924,-0.155438,0,0,0,,,
41.508,odom,map,1.25817,1.6289,-0.163878,0,0,0,,,
41.544,odom,map,1.26011,1.62857,-0.17296,0,0,0,,,
41.58,odom,map,1.26175,1.62828,-0.182794,0,0,0,,,
41.616,odom,map,1.26312,1.62802,-0.193459,0,0,0,,,
41.616,kf,map,1.25933,1.71019,-0.16553,0.0739056,0.0739056,0,0.076459,,
41.616,ekf,map,1.25944,1.71018,-0.164361,0.0783856,0.0783923,1.14129e-06,0.055667,,
41.616,ekf_predict_only,map,1.31145,1.6292,-0.240187,60.5566,117.084,-36.2618,,,
41.616,pf,map,1.26437,1.70429,-0.134514,0.071905,0.0695189,-5.88741e-05,4.8535,293.733,0
41.652,odom,map,1.26424,1.62779,-0.205558,0,0,0,,,
41.688,odom,map,1.26534,1.62756,-0.21798,0,0,0,,,
41.724,odom,map,1.26647,1.6273,-0.230653,0,0,0,,,
41.76,odom,map,1.26773,1.62699,-0.243995,0,0,0,,,
41.796,odom,map,1.26916,1.62663,-0.258066,0,0,0,,,
41.832,odom,map,1.27064,1.62623,-0.272269,0,0,0,,,
41.796,ekf_predict_only,map,1.31888,1.62738,-0.311202,60.7015,117.796,-36.3114,,,
41.796,kf,map,1.26657,1.70884,-0.227476,0.0737109,0.0737109,0,0.063125,,
41.796,ekf,map,1.26659,1.70884,-0.22677,0.0772928,0.0772967,6.59148e-07,0.133084,,
41.796,pf,map,1.23815,1.6784,-0.222638,0.0707781,0.0765174,-0.000759722,5.535,316.362,0
41.868,odom,map,1.2722,1.62578,-0.286783,0,0,0,,,
41.904,odom,map,1.27407,1.62521,-0.301733,0,0,0,,,
41.94,odom,map,1.27624,1.62452,-0.317095,0,0,0,,,
41.976,odom,map,1.27852,1.62375,-0.332621,0,0,0,,,
42.012,odom,map,1.28099,1.62287,-0.348249,0,0,0,,,
42.012,kf,map,1.27981,1.70531,-0.316319,0.0738932,0.0738932,0,1.34858,,
42.012,ekf,map,1.27959,1.70534,-0.315852,0.078208,0.0782117,6.62896e-07,0.053084,,
42.012,ekf_predict_only,map,1.33567,1.62198,-0.405406,60.7386,119.163,-36.377,,,
42.012,pf,map,1.25734,1.66762,-0.306285,0.0739659,0.0847383,-0.00432247,6.9505,328.567,0
42.048,odom,map,1.28397,1.62176,-0.364247,0,0,0,,,
42.084,odom,map,1.28736,1.62044,-0.38077,0,0,0,,,
42.12,odom,map,1.29109,1.61891,-0.397787,0,0,0,,,
42.156,odom,map,1.29491,1.61726,-0.414939,0,0,0,,,
42.192,odom,map,1.29894,1.61544,-0.432521,0,0,0,,,
42.192,kf,map,1.29853,1.69832,-0.400864,0.07371,0.07371,0,0.059125,,
42.192,ekf,map,1.29822,1.69839,-0.400463,0.0772898,0.0772933,8.0863e-07,0.054292,,
42.228,odom,map,1.30333,1.61337,-0.450562,0,0,0,,,
42.192,ekf_predict_only,map,1.35898,1.61197,-0.496026,60.6394,120.998,-36.3748,,,
42.201,amcl,map,1.28505,1.61686,-0.424775,0.114406,0.076865,-0.05044,,,
42.192,pf,map,1.28288,1.69295,-0.403517,0.0716526,0.0721005,-0.00350189,5.39271,298.018,0
42.264,odom,map,1.30788,1.61112,-0.468686,0,0,0,,,
42.3,odom,map,1.31251,1.60872,-0.486895,0,0,0,,,
42.336,odom,map,1.31743,1.60606,-0.505291,0,0,0,,,
42.372,odom,map,1.32269,1.60308,-0.523944,0,0,0,,,
42.408,odom,map,1.32813,1.59986,-0.542678,0,0,0,,,
42.408,ekf,map,1.3278,1.68397,-0.509729,0.0782369,0.0782426,1.97681e-06,0.062083,,
42.408,ekf_predict_only,map,1.39234,1.59392,-0.608431,60.308,123.568,-36.2243,,,
42.408,kf,map,1.32818,1.68392,-0.510006,0.0738931,0.0738931,0,0.0575,,
42.408,pf,map,1.31063,1.63886,-0.490352,0.0633687,0.0702106,-0.00408581,7.23654,297.399,0
42.444,odom,map,1.33377,1.59639,-0.561432,0,0,0,,,
42.48,odom,map,1.34,1.59239,-0.580262,0,0,0,,,
42.516,odom,map,1.34672,1.58789,-0.59914,0,0,0,,,
42.552,odom,map,1.35356,1.58312,-0.618031,0,0,0,,,
42.588,odom,map,1.36067,1.57797,-0.637024,0,0,0,,,
42.624,odom,map,1.368,1.57243,-0.65615,0,0,0,,,
42.588,kf,map,1.362,1.66273,-0.60399,0.07371,0.07371,0,0.057,,
42.588,ekf,map,1.36159,1.66282,-0.603822,0.0773123,0.0773191,3.53662e-06,0.064959,,
42.588,ekf_predict_only,map,1.43055,1.56731,-0.704629,59.7445,126.529,-35.8107,,,
42.6,amcl,map,1.35507,1.5968,-0.615955,0.101663,0.063788,-0.0529166,,,
42.588,pf,map,1.33324,1.63058,-0.584842,0.0693727,0.0799042,0.00241538,10.0297,306.086,0
42.66,odom,map,1.37566,1.56641,-0.675619,0,0,0,,,
42.696,odom,map,1.38333,1.56014,-0.695112,0,0,0,,,
42.732,odom,map,1.39105,1.55357,-0.71469,0,0,0,,,
42.768,odom,map,1.39916,1.5464,-0.734201,0,0,0,,,
42.804,odom,map,1.40732,1.53888,-0.75367,0,0,0,,,
42.804,ekf_predict_only,map,1.48128,1.52417,-0.821442,58.7579,130.472,-34.9175,,,
42.804,kf,map,1.40994,1.62556,-0.720096,0.0738931,0.0738931,0,0.101042,,
42.804,ekf,map,1.40945,1.62563,-0.720025,0.0782594,0.0782705,8.66946e-06,0.101292,,
42.804,pf,map,1.39605,1.60544,-0.715787,0.0760857,0.0695187,-0.00294526,5.814,316.857,0
42.84,odom,map,1.4155,1.53105,-0.773254,0,0,0,,,
42.876,odom,map,1.42398,1.52262,-0.792533,0,0,0,,,
42.912,odom,map,1.43269,1.51361,-0.811673,0,0,0,,,
42.948,odom,map,1.44129,1.50437,-0.8308,0,0,0,,,
42.984,odom,map,1.44989,1.49477,-0.849692,0,0,0,,,
42.984,ekf,map,1.45366,1.58254,-0.815339,0.0773297,0.0773396,1.20761e-05,0.118209,,
43.02,odom,map,1.45736,1.48499,-0.867183,0,0,0,,,
42.984,kf,map,1.45413,1.58244,-0.815265,0.07371,0.07371,0,0.059959,,
42.984,ekf_predict_only,map,1.52788,1.47409,-0.914924,57.6593,134.186,-33.6328,,,
43.002,amcl,map,1.45069,1.52184,-0.840383,0.0730153,0.061372,-0.0446558,,,
42.984,pf,map,1.45784,1.54504,-0.801765,0.0799058,0.0771962,-0.00309762,6.95804,327.829,0
43.056,odom,map,1.46387,1.47508,-0.883667,0,0,0,,,
43.092,odom,map,1.47027,1.46496,-0.900143,0,0,0,,,
43.128,odom,map,1.47657,1.45462,-0.916418,0,0,0,,,
43.164,odom,map,1.48286,1.44394,-0.932221,0,0,0,,,
43.2,odom,map,1.48914,1.4329,-0.947581,0,0,0,,,
43.2,ekf_predict_only,map,1.58205,1.40369,-1.019,56.1789,138.566,-31.5639,,,
43.2,kf,map,1.50812,1.51844,-0.924227,0.0738931,0.0738931,0,0.058083,,
43.2,ekf,map,1.50758,1.51848,-0.924545,0.078282,0.0782911,2.25032e-05,0.061083,,
43.2,pf,map,1.50347,1.48158,-0.941949,0.0668969,0.0705807,-0.00817958,4.93283,301.946,0
43.236,odom,map,1.49762,1.42083,-0.964866,0,0,0,,,
43.272,odom,map,1.50607,1.4084,-0.981852,0,0,0,,,
43.308,odom,map,1.51446,1.39561,-0.998357,0,0,0,,,
43.344,odom,map,1.52272,1.38257,-1.01447,0,0,0,,,
43.38,odom,map,1.53077,1.36939,-1.03051,0,0,0,,,
43.416,odom,map,1.53936,1.35752,-1.04526,0,0,0,,,
43.416,ekf_predict_only,map,1.63088,1.32437,-1.11368,54.6895,142.619,-28.9543,,,
43.416,ekf,map,1.55832,1.44311,-1.02358,0.0784146,0.0784164,2.90742e-05,0.132,,
43.416,kf,map,1.5588,1.44318,-1.02324,0.0739056,0.0739056,0,0.058792,,
43.416,pf,map,1.56758,1.42244,-1.03448,0.0677573,0.0763815,0.00132343,4.60029,336.227,0
43.452,odom,map,1.54895,1.34783,-1.058,0,0,0,,,
43.488,odom,map,1.55838,1.33804,-1.07031,0,0,0,,,
43.524,odom,map,1.56766,1.32816,-1.0825,0,0,0,,,
43.56,odom,map,1.57678,1.3182,-1.09432,0,0,0,,,
43.596,odom,map,1.58571,1.30825,-1.10605,0,0,0,,,
43.632,odom,map,1.59277,1.29478,-1.12016,0,0,0,,,
43.596,ekf_predict_only,map,1.66509,1.25482,-1.18542,53.587,145.567,-26.4808,,,
43.596,ekf,map,1.59562,1.37533,-1.09845,0.0773245,0.0773175,2.70075e-05,0.742625,,
43.596,kf,map,1.59591,1.37543,-1.09821,0.0737109,0.0737109,0,0.059,,
43.602,amcl,map,1.5734,1.34582,-1.11307,0.0548386,0.0627385,-0.0388748,,,
43.596,pf,map,1.61473,1.34176,-1.11987,0.0768182,0.0788512,-0.000499874,11.6928,316.068,0
43.668,odom,map,1.59942,1.28078,-1.13451,0,0,0,,,
43.704,odom,map,1.60582,1.26678,-1.14896,0,0,0,,,
43.74,odom,map,1.61197,1.2528,-1.16346,0,0,0,,,
43.776,odom,map,1.61791,1.23876,-1.17795,0,0,0,,,
43.812,odom,map,1.62356,1.22522,-1.19258,0,0,0,,,
43.812,ekf_predict_only,map,1.69895,1.17136,-1.26979,52.4458,148.527,-23.3506,,,
43.812,kf,map,1.63398,1.29228,-1.1849,0.0738932,0.0738932,0,0.060791,,
43.812,ekf,map,1.63373,1.29208,-1.1851,0.0782567,0.0782356,3.51323e-05,0.177167,,
43.812,pf,map,1.64281,1.2883,-1.2045,0.0774056,0.083481,-0.00239303,5.30504,315.224,0
43.848,odom,map,1.62889,1.21267,-1.20814,0,0,0,,,
43.884,odom,map,1.63393,1.2001,-1.22346,0,0,0,,,
43.92,odom,map,1.63874,1.18744,-1.23868,0,0,0,,,
43.956,odom,map,1.64328,1.17477,-1.2535,0,0,0,,,
43.992,odom,map,1.64755,1.16214,-1.2679,0,0,0,,,
43.992,ekf_predict_only,map,1.72059,1.10163,-1.33369,51.7118,150.513,-20.6193,,,
43.992,kf,map,1.65916,1.22261,-1.25203,0.07371,0.07371,0,0.057542,,
43.992,ekf,map,1.65897,1.22245,-1.25224,0.0773355,0.0773096,2.85921e-05,0.492209,,
44.028,odom,map,1.65175,1.14853,-1.28112,0,0,0,,,
43.992,pf,map,1.62962,1.20292,-1.25439,0.0738,0.0692819,0.00177398,5.00725,316.886,0
44.064,odom,map,1.65584,1.1345,-1.29364,0,0,0,,,
44.1,odom,map,1.65969,1.12065,-1.30573,0,0,0,,,
44.136,odom,map,1.66332,1.10696,-1.31775,0,0,0,,,
44.172,odom,map,1.66677,1.09326,-1.32977,0,0,0,,,
44.208,odom,map,1.67003,1.07964,-1.34163,0,0,0,,,
44.208,ekf_predict_only,map,1.74031,1.02002,-1.40476,51.0359,152.354,-17.3296,,,
44.208,kf,map,1.683,1.1403,-1.32559,0.0738931,0.0738931,0,0.053791,,
44.208,ekf,map,1.68279,1.1401,-1.32579,0.0782972,0.0782558,3.22539e-05,0.58275,,
44.202,amcl,map,1.65912,1.14403,-1.28997,0.0495672,0.073774,-0.0355738,,,
44.208,pf,map,1.66423,1.10959,-1.31111,0.0766151,0.0725188,0.00137194,4.73888,309.406,0
44.244,odom,map,1.67309,1.06619,-1.35312,0,0,0,,,
44.28,odom,map,1.67596,1.05284,-1.36436,0,0,0,,,
44.316,odom,map,1.67868,1.03948,-1.37554,0,0,0,,,
44.352,odom,map,1.68125,1.02609,-1.38669,0,0,0,,,
44.388,odom,map,1.68366,1.01279,-1.39758,0,0,0,,,
44.424,odom,map,1.68445,1.00317,-1.40857,0,0,0,,,
44.388,ekf,map,1.69732,1.07319,-1.38372,0.0773629,0.0773235,2.36985e-05,0.085875,,
44.388,ekf_predict_only,map,1.75145,0.953536,-1.46711,50.6961,153.488,-14.5901,,,
44.388,kf,map,1.69745,1.07331,-1.38387,0.07371,0.07371,0,0.114542,,
44.388,pf,map,1.72086,1.06402,-1.37083,0.0716465,0.0773567,0.00433241,12.8816,305.438,0
44.46,odom,map,1.68427,0.995605,-1.42035,0,0,0,,,
44.496,odom,map,1.68394,0.988053,-1.43247,0,0,0,,,
44.532,odom,map,1.68345,0.980511,-1.44498,0,0,0,,,
44.568,odom,map,1.68278,0.973018,-1.45828,0,0,0,,,
44.604,odom,map,1.68207,0.965197,-1.47175,0,0,0,,,
44.604,ekf_predict_only,map,1.75973,0.873986,-1.55187,50.4568,154.384,-11.2674,,,
44.604,kf,map,1.70977,0.99359,-1.46258,0.0738931,0.0738931,0,0.063167,,
44.604,ekf,map,1.70963,0.993503,-1.4622,0.0783195,0.078266,2.43711e-05,0.059417,,
44.604,pf,map,1.69318,0.964277,-1.46157,0.0708675,0.0738184,-0.0013925,4.53283,308.804,0
44.64,odom,map,1.68329,0.951982,-1.48624,0,0,0,,,
44.676,odom,map,1.6843,0.93882,-1.5013,0,0,0,,,
44.712,odom,map,1.68511,0.925686,-1.51695,0,0,0,,,
44.748,odom,map,1.68572,0.912544,-1.53278,0,0,0,,,
44.784,odom,map,1.68611,0.899368,-1.54919,0,0,0,,,
44.82,odom,map,1.68628,0.886314,-1.56626,0,0,0,,,
44.784,ekf_predict_only,map,1.76096,0.809013,-1.63814,50.4657,154.687,-8.5312,,,
44.784,kf,map,1.71054,0.970573,-1.51273,0.0733401,0.0301614,0.00401388,0.11525,,
44.784,ekf,map,1.73151,0.973315,-1.53037,0.0272705,0.0303391,-0.000284608,0.145458,,
44.802,amcl,map,1.69374,0.944817,-1.50872,0.0406806,0.0908629,-0.031299,,,
44.784,pf,map,1.75076,1.00444,-1.55411,0.0315271,0.0256038,-0.0060774,8.66558,257.001,0
44.856,odom,map,1.68623,0.873318,-1.58351,0,0,0,,,
44.892,odom,map,1.68595,0.860368,-1.60103,0,0,0,,,
44.928,odom,map,1.68545,0.847524,-1.61924,0,0,0,,,
44.964,odom,map,1.68472,0.834837,-1.6381,0,0,0,,,
45,odom,map,1.68374,0.822194,-1.65712,0,0,0,,,
45,ekf,map,1.75673,0.906749,-1.62667,0.0250219,0.0299062,-0.000464778,0.098666,,
45,kf,map,1.70885,0.901944,-1.58286,0.0734442,0.0297039,0.00445278,0.089333,,
45,ekf_predict_only,map,1.75591,0.734161,-1.75291,50.6337,154.462,-5.37839,,,
45,pf,map,1.74709,0.89881,-1.6344,0.0361838,0.0284196,-0.00316053,12.0381,293.437,0
45.036,odom,map,1.68599,0.815421,-1.66825,0,0,0,,,
45.072,odom,map,1.68809,0.809009,-1.67949,0,0,0,,,
45.108,odom,map,1.68992,0.802777,-1.69116,0,0,0,,,
45.144,odom,map,1.69147,0.796535,-1.703,0,0,0,,,
45.18,odom,map,1.69275,0.790355,-1.71513,0,0,0,,,
45.216,odom,map,1.69272,0.782296,-1.73105,0,0,0,,,
45.216,kf,map,1.69977,0.828503,-1.68006,0.0732673,0.0298843,0.00529501,0.107958,,
45.216,ekf,map,1.76107,0.83494,-1.7422,0.0224168,0.0298624,-0.000787582,0.106083,,
45.216,ekf_predict_only,map,1.7435,0.666746,-1.87932,50.9781,153.621,-2.56375,,,
45.201,amcl,map,1.69633,0.807311,-1.70845,0.0329986,0.0909556,-0.0251121,,,
45.216,pf,map,1.79254,0.835122,-1.77588,0.0246232,0.0260913,0.003246,7.53287,298.114,0
45.252,odom,map,1.69077,0.771038,-1.75212,0,0,0,,,
45.288,odom,map,1.68861,0.759902,-1.77313,0,0,0,,,
45.324,odom,map,1.68625,0.74897,-1.79435,0,0,0,,,
45.36,odom,map,1.6837,0.738274,-1.81573,0,0,0,,,
45.396,odom,map,1.68096,0.727818,-1.83713,0,0,0,,,
45.396,ekf_predict_only,map,1.72746,0.616415,-1.98702,51.3936,152.483,-0.499791,,,
45.396,ekf,map,1.75062,0.777548,-1.84738,0.020158,0.0295883,-0.0011915,0.111542,,
45.432,odom,map,1.67807,0.717624,-1.85866,0,0,0,,,
45.396,kf,map,1.68572,0.769451,-1.77597,0.0727599,0.0301524,0.00642644,0.103,,
45.396,pf,map,1.77346,0.790173,-1.87828,0.0184305,0.0317032,0.0027053,9.55083,276.222,0
45.468,odom,map,1.67502,0.707718,-1.88034,0,0,0,,,
45.504,odom,map,1.67185,0.698174,-1.90223,0,0,0,,,
45.54,odom,map,1.66851,0.688798,-1.92418,0,0,0,,,
45.576,odom,map,1.66506,0.67976,-1.94619,0,0,0,,,
45.612,odom,map,1.66133,0.672292,-1.96806,0,0,0,,,
45.612,kf,map,1.66339,0.71332,-1.8876,0.0723312,0.0308029,0.00818635,0.112792,,
45.612,ekf_predict_only,map,1.70553,0.566814,-2.11934,51.8965,150.87,1.4839,,,
45.612,ekf,map,1.73808,0.725695,-1.97623,0.0183892,0.0296161,-0.00190758,0.099959,,
45.6,amcl,map,1.66829,0.69579,-1.97248,0.0249148,0.0796649,-0.0152655,,,
45.612,pf,map,1.7322,0.756852,-1.96887,0.0172524,0.0287052,-0.000815609,7.42229,287.458,0
45.648,odom,map,1.65709,0.66791,-1.98982,0,0,0,,,
45.684,odom,map,1.65273,0.663737,-2.01166,0,0,0,,,
45.72,odom,map,1.6483,0.659835,-2.03334,0,0,0,,,
45.756,odom,map,1.6439,0.656382,-2.05491,0,0,0,,,
45.792,odom,map,1.63951,0.653294,-2.07652,0,0,0,,,
45.792,kf,map,1.64569,0.66102,-1.9886,0.0714312,0.0314769,0.00979535,0.128833,,
45.828,odom,map,1.63568,0.647925,-2.09874,0,0,0,,,
45.792,ekf_predict_only,map,1.68671,0.536012,-2.23144,52.3301,149.528,2.67443,,,
45.792,ekf,map,1.72383,0.676415,-2.08736,0.0171648,0.0292439,-0.00249904,0.167833,,
45.792,pf,map,1.72482,0.691351,-2.09217,0.0161658,0.0280959,-0.00023053,10.1159,228.443,0
45.864,odom,map,1.63208,0.641906,-2.12107,0,0,0,,,
45.9,odom,map,1.62859,0.63635,-2.14342,0,0,0,,,
45.936,odom,map,1.62504,0.630987,-2.1658,0,0,0,,,
45.972,odom,map,1.62153,0.625923,-2.18826,0,0,0,,,
46.008,odom,map,1.6185,0.621177,-2.21033,0,0,0,,,
46.008,ekf_predict_only,map,1.66654,0.510057,-2.36569,52.7541,148.09,3.64137,,,
46.008,ekf,map,1.71514,0.64291,-2.21831,0.0164511,0.0291197,-0.00331939,0.109041,,
46.008,kf,map,1.62423,0.620631,-2.0971,0.0706068,0.0325255,0.0116434,0.097834,,
46.002,amcl,map,1.64015,0.609714,-2.24314,0.020477,0.068524,-0.00319574,,,
46.008,pf,map,1.69856,0.660794,-2.19844,0.0180327,0.0328629,-0.0037157,7.8265,226.322,0
46.044,odom,map,1.61692,0.616646,-2.23081,0,0,0,,,
46.08,odom,map,1.61528,0.612216,-2.25127,0,0,0,,,
46.116,odom,map,1.61368,0.608005,-2.27164,0,0,0,,,
46.152,odom,map,1.61232,0.604229,-2.29204,0,0,0,,,
46.188,odom,map,1.61109,0.600743,-2.31243,0,0,0,,,
46.224,odom,map,1.60869,0.597443,-2.33404,0,0,0,,,
46.188,kf,map,1.60799,0.59317,-2.20015,0.0695169,0.0333918,0.0129922,0.195583,,
46.188,ekf_predict_only,map,1.65072,0.494536,-2.47721,53.1001,147.016,4.19212,,,
46.188,ekf,map,1.70116,0.619019,-2.32988,0.0159273,0.028698,-0.00380111,0.355833,,
46.188,pf,map,1.71119,0.642976,-2.35601,0.0152838,0.0262871,-0.00437989,8.94575,206.133,0
46.26,odom,map,1.60574,0.594419,-2.35614,0,0,0,,,
46.296,odom,map,1.60305,0.59179,-2.37799,0,0,0,,,
46.332,odom,map,1.60052,0.589412,-2.39982,0,0,0,,,
46.368,odom,map,1.59811,0.587259,-2.42164,0,0,0,,,
46.404,odom,map,1.59593,0.585431,-2.44351,0,0,0,,,
46.404,ekf_predict_only,map,1.63937,0.485649,-2.60608,53.3876,146.308,4.49184,,,
46.404,kf,map,1.59312,0.574068,-2.31196,0.0687888,0.034347,0.0142007,0.120458,,
46.404,ekf,map,1.6956,0.606025,-2.45819,0.0159783,0.0285918,-0.00433797,0.096167,,
46.401,amcl,map,1.62929,0.583744,-2.4744,0.0213705,0.0556907,0.000588439,,,
46.404,pf,map,1.67511,0.621962,-2.42768,0.017434,0.0255457,-0.00102513,6.89612,238.716,0
46.44,odom,map,1.59385,0.584585,-2.46963,0,0,0,,,
46.476,odom,map,1.59173,0.583836,-2.49574,0,0,0,,,
46.512,odom,map,1.5896,0.583198,-2.52187,0,0,0,,,
46.548,odom,map,1.58757,0.58274,-2.54783,0,0,0,,,
46.584,odom,map,1.58582,0.582564,-2.57348,0,0,0,,,
46.62,odom,map,1.58433,0.582078,-2.59652,0,0,0,,,
46.584,kf,map,1.58571,0.560623,-2.42824,0.0680546,0.0348576,0.0148205,0.10675,,
46.584,ekf_predict_only,map,1.63304,0.481892,-2.71101,53.6256,146.003,4.60962,,,
46.584,ekf,map,1.68082,0.591716,-2.56752,0.0157928,0.0282909,-0.00450475,0.19775,,
46.584,pf,map,1.66624,0.610122,-2.55081,0.0157591,0.0275651,-0.00431573,10.2671,205.062,0
46.656,odom,map,1.58328,0.581453,-2.61742,0,0,0,,,
46.692,odom,map,1.58248,0.580999,-2.63797,0,0,0,,,
46.728,odom,map,1.58192,0.580698,-2.65827,0,0,0,,,
46.764,odom,map,1.58146,0.580465,-2.67851,0,0,0,,,
46.8,odom,map,1.58121,0.580338,-2.69859,0,0,0,,,
46.8,ekf_predict_only,map,1.63246,0.481623,-2.83099,53.8283,146.156,4.61736,,,
46.8,amcl,map,1.62867,0.576533,-2.6991,0.0210326,0.045358,-4.53797e-05,,,
46.8,kf,map,1.58364,0.551633,-2.54467,0.067949,0.0351901,0.0151669,0.121875,,
46.8,ekf,map,1.68204,0.585099,-2.68929,0.0159975,0.0283378,-0.00472788,0.104167,,
46.8,pf,map,1.63794,0.634256,-2.65702,0.0179125,0.0223287,-0.0025255,9.71396,210.438,0
46.836,odom,map,1.58334,0.578034,-2.72212,0,0,0,,,
46.872,odom,map,1.58569,0.575734,-2.74544,0,0,0,,,
46.908,odom,map,1.58811,0.573462,-2.76852,0,0,0,,,
46.944,odom,map,1.59068,0.571239,-2.79098,0,0,0,,,
46.98,odom,map,1.59344,0.569074,-2.81303,0,0,0,,,
47.016,odom,map,1.59554,0.56787,-2.83349,0,0,0,,,
47.016,ekf_predict_only,map,1.63786,0.483359,-2.93976,54.0107,146.787,4.57563,,,
47.016,kf,map,1.5931,0.533692,-2.64727,0.0680675,0.0350851,0.0150544,0.102042,,
47.016,ekf,map,1.6968,0.567995,-2.80069,0.0159067,0.0283951,-0.00466121,0.17425,,
47.016,pf,map,1.68589,0.594475,-2.79889,0.0158286,0.0303377,-0.00237317,10.1607,211.096,0
47.052,odom,map,1.5965,0.568166,-2.85135,0,0,0,,,
47.088,odom,map,1.59762,0.568491,-2.86855,0,0,0,,,
47.124,odom,map,1.599,0.568863,-2.88517,0,0,0,,,
47.16,odom,map,1.60043,0.569225,-2.90167,0,0,0,,,
47.196,odom,map,1.60196,0.569588,-2.91775,0,0,0,,,
47.196,kf,map,1.59347,0.550527,-2.73471,0.0682089,0.0347054,0.0146489,0.1075,,
47.232,odom,map,1.60741,0.571279,-2.93105,0,0,0,,,
47.196,ekf,map,1.69487,0.583172,-2.88537,0.0153705,0.028323,-0.00450439,0.182125,,
47.196,ekf_predict_only,map,1.64695,0.485218,-3.01601,54.192,147.714,4.54707,,,
47.202,amcl,map,1.61536,0.584782,-2.89273,0.0224226,0.0343682,-0.00453925,,,
47.196,pf,map,1.69372,0.591862,-2.88009,0.0197023,0.0258621,-0.00425697,16.375,199.458,0
47.268,odom,map,1.61321,0.573091,-2.94344,0,0,0,,,
47.304,odom,map,1.61786,0.57466,-2.95351,0,0,0,,,
47.34,odom,map,1.62198,0.576123,-2.96098,0,0,0,,,
47.376,odom,map,1.62608,0.577579,-2.96586,0,0,0,,,
47.412,odom,map,1.62892,0.578586,-2.96891,0,0,0,,,
47.412,kf,map,1.59714,0.546575,-2.79581,0.068484,0.0346555,0.0145685,0.238416,,
47.412,ekf,map,1.69315,0.576954,-2.93952,0.0156248,0.0285455,-0.00445202,0.108541,,
47.412,ekf_predict_only,map,1.64695,0.485218,-3.01601,54.392,147.914,4.54707,,,
47.412,pf,map,1.69408,0.576461,-2.92602,0.0140122,0.0250341,-0.00303914,6.12437,198.691,0
47.448,odom,map,1.62892,0.578586,-2.97109,0,0,0,,,
47.484,odom,map,1.62892,0.578586,-2.97124,0,0,0,,,
47.52,odom,map,1.62892,0.578586,-2.97124,0,0,0,,,
47.556,odom,map,1.62892,0.578586,-2.97124,0,0,0,,,
47.592,odom,map,1.62892,0.578586,-2.97124,0,0,0,,,
47.628,odom,map,1.63059,0.578814,-2.97033,0,0,0,,,
47.592,kf,map,1.59965,0.541306,-2.80109,0.0683467,0.034567,0.0144891,0.216125,,
47.592,ekf_predict_only,map,1.64695,0.485218,-3.01601,54.592,148.114,4.54707,,,
47.592,ekf,map,1.70079,0.573364,-2.95098,0.0154423,0.028337,-0.00447924,0.109875,,
47.592,pf,map,1.69178,0.608539,-2.9586,0.017174,0.0243979,-0.00503081,7.65463,204.497,0
47.664,odom,map,1.63291,0.579127,-2.96906,0,0,0,,,
47.7,odom,map,1.63522,0.579438,-2.96779,0,0,0,,,
47.736,odom,map,1.63752,0.579747,-2.96652,0,0,0,,,
47.772,odom,map,1.63981,0.580054,-2.96526,0,0,0,,,
47.808,odom,map,1.6416,0.580292,-2.96427,0,0,0,,,
47.808,ekf_predict_only,map,1.64695,0.485218,-3.01601,54.792,148.314,4.54707,,,
47.808,ekf,map,1.70183,0.574871,-2.95366,0.0155483,0.0285222,-0.00451116,0.111583,,
47.808,kf,map,1.59944,0.542258,-2.80164,0.0685205,0.0346191,0.0145261,0.1125,,
47.808,pf,map,1.69127,0.63608,-2.93804,0.0143595,0.0268893,0.00284973,12.6388,175.134,0
47.844,odom,map,1.6416,0.580292,-2.96427,0,0,0,,,
47.88,odom,map,1.6416,0.580292,-2.96427,0,0,0,,,
47.916,odom,map,1.6412,0.580221,-2.9646,0,0,0,,,
47.952,odom,map,1.63955,0.579927,-2.96508,0,0,0,,,
47.988,odom,map,1.63671,0.57942,-2.96557,0,0,0,,,
48.024,odom,map,1.63039,0.579364,-2.96553,0,0,0,,,
47.988,ekf_predict_only,map,1.6255,0.48251,-3.01992,55.0193,146.804,4.54677,,,
47.988,kf,map,1.59296,0.534136,-2.80365,0.0679103,0.0350028,0.0149818,0.179333,,
47.988,ekf,map,1.69502,0.568267,-2.9562,0.0155655,0.028223,-0.00464274,0.106583,,
47.988,pf,map,1.69171,0.599331,-2.95678,0.0155516,0.0341605,-0.00348882,11.2466,219.824,0
48.06,odom,map,1.62208,0.579551,-2.9651,0,0,0,,,
48.096,odom,map,1.61329,0.579642,-2.96454,0,0,0,,,
48.132,odom,map,1.60375,0.579591,-2.96412,0,0,0,,,
48.168,odom,map,1.59303,0.579317,-2.96356,0,0,0,,,
48.204,odom,map,1.58208,0.578896,-2.96303,0,0,0,,,
48.204,ekf_predict_only,map,1.58249,0.477251,-3.02364,55.2732,143.63,4.53269,,,
48.204,kf,map,1.56391,0.52554,-2.79763,0.0664413,0.03669,0.0166371,0.140709,,
48.204,ekf,map,1.67021,0.567628,-2.95786,0.0164238,0.0278954,-0.00525415,0.172291,,
48.204,pf,map,1.64673,0.596089,-2.92751,0.0162062,0.0270093,-0.00553105,7.31112,201.097,0
48.24,odom,map,1.57468,0.577561,-2.96354,0,0,0,,,
48.276,odom,map,1.56644,0.576082,-2.96423,0,0,0,,,
48.312,odom,map,1.55791,0.574556,-2.96498,0,0,0,,,
48.348,odom,map,1.54919,0.573003,-2.96568,0,0,0,,,
48.384,odom,map,1.53982,0.571341,-2.96643,0,0,0,,,
48.42,odom,map,1.52991,0.569591,-2.96716,0,0,0,,,
48.384,ekf_predict_only,map,1.53162,0.471223,-3.02714,55.5363,139.934,4.49729,,,
48.384,kf,map,1.5234,0.520331,-2.82084,0.0639692,0.03893,0.0183854,0.107208,,
48.384,ekf,map,1.61633,0.564245,-2.96432,0.0172943,0.0270991,-0.00573765,0.117709,,
48.384,pf,map,1.59709,0.592873,-2.96077,0.0175628,0.0197605,-0.00458051,6.77554,249.918,0
48.456,odom,map,1.51982,0.567817,-2.96786,0,0,0,,,
48.492,odom,map,1.50941,0.565995,-2.96885,0,0,0,,,
48.528,odom,map,1.49851,0.564099,-2.96983,0,0,0,,,
48.564,odom,map,1.48727,0.562154,-2.9708,0,0,0,,,
48.6,odom,map,1.47586,0.560193,-2.97179,0,0,0,,,
48.6,ekf_predict_only,map,1.46103,0.463109,-3.03396,55.8235,134.897,4.41896,,,
48.6,ekf,map,1.55907,0.559473,-2.9675,0.0194545,0.0262447,-0.00622149,0.109125,,
48.6,kf,map,1.46712,0.504238,-2.82446,0.0604366,0.0426742,0.0204593,1.64483,,
48.6,pf,map,1.54954,0.568651,-2.99778,0.0223458,0.0252468,-0.00704303,6.49883,183.066,0
48.636,odom,map,1.46425,0.558209,-2.9729,0,0,0,,,
48.672,odom,map,1.45243,0.556203,-2.97433,0,0,0,,,
48.708,odom,map,1.44058,0.554211,-2.9758,0,0,0,,,
48.744,odom,map,1.42873,0.552237,-2.97727,0,0,0,,,
48.78,odom,map,1.41676,0.550263,-2.97887,0,0,0,,,
48.816,ekf_predict_only,map,1.3877,0.455185,-3.0442,56.1112,129.866,4.29579,,,
48.816,kf,map,1.40861,0.485219,-2.84731,0.0564055,0.0467164,0.0217762,0.518666,,
48.816,ekf,map,1.48946,0.544831,-2.97691,0.0215106,0.0254534,-0.00615072,0.176833,,
48.816,odom,map,1.4047,0.548292,-2.98054,0,0,0,,,
48.816,pf,map,1.48224,0.541012,-2.97989,0.0257579,0.024439,-0.00549095,7.29725,191.926,0
48.852,odom,map,1.39256,0.546331,-2.98225,0,0,0,,,
48.888,odom,map,1.3804,0.544388,-2.98393,0,0,0,,,
48.924,odom,map,1.36823,0.542464,-2.9856,0,0,0,,,
48.96,odom,map,1.35645,0.540624,-2.98823,0,0,0,,,
48.996,odom,map,1.34489,0.538857,-2.99176,0,0,0,,,
49.032,odom,map,1.33351,0.537161,-2.99554,0,0,0,,,
48.996,ekf_predict_only,map,1.33072,0.449618,-3.06341,56.3743,126.15,4.16417,,,
48.996,kf,map,1.35268,0.480771,-2.88475,0.0531465,0.0497495,0.0221762,0.100625,,
48.996,ekf,map,1.41855,0.537556,-2.99282,0.0229042,0.0248033,-0.00580413,0.665375,,
49.002,amcl,map,1.35158,0.541336,-2.98585,0.0288896,0.0250474,-0.00380489,,,
48.996,pf,map,1.41389,0.55791,-2.99526,0.0179264,0.0236792,-0.000432608,12.2799,214.869,0
49.068,odom,map,1.32205,0.535494,-2.99827,0,0,0,,,
49.104,odom,map,1.31058,0.53385,-3.00027,0,0,0,,,
49.14,odom,map,1.2991,0.532229,-3.00227,0,0,0,,,
49.176,odom,map,1.28757,0.530623,-3.00375,0,0,0,,,
49.212,odom,map,1.2758,0.528992,-3.00395,0,0,0,,,
49.212,ekf_predict_only,map,1.25919,0.444014,-3.06218,56.6391,121.618,3.93609,,,
49.212,ekf,map,1.35116,0.527278,-3.00034,0.0249806,0.0249284,-0.00497627,0.170334,,
49.212,kf,map,1.29293,0.468278,-2.90365,0.0498875,0.0532327,0.0222476,0.106458,,
49.212,pf,map,1.32022,0.537653,-2.98435,0.024777,0.025367,-0.00393331,9.36854,257.618,0
49.248,odom,map,1.26388,0.527337,-3.00302,0,0,0,,,
49.284,odom,map,1.25194,0.525662,-3.0014,0,0,0,,,
49.32,odom,map,1.24002,0.523967,-2.99901,0,0,0,,,
49.356,odom,map,1.22811,0.52224,-2.99618,0,0,0,,,
49.392,odom,map,1.21612,0.520465,-2.99273,0,0,0,,,
49.392,kf,map,1.24452,0.457382,-2.90523,0.0472565,0.0556453,0.0218461,0.093958,,
49.392,ekf,map,1.2944,0.514199,-2.98972,0.0260261,0.0249954,-0.0041987,0.105583,,
49.428,odom,map,1.20409,0.518634,-2.98837,0,0,0,,,
49.392,ekf_predict_only,map,1.19857,0.439189,-3.0404,56.8959,117.969,3.73244,,,
49.392,pf,map,1.28917,0.511585,-2.97367,0.0263981,0.0296441,-0.00892204,14.8897,225.692,0
49.464,odom,map,1.192,0.516739,-2.9835,0,0,0,,,
49.5,odom,map,1.17997,0.514786,-2.97776,0,0,0,,,
49.536,odom,map,1.16798,0.512767,-2.97172,0,0,0,,,
49.572,odom,map,1.15602,0.510678,-2.96538,0,0,0,,,
49.608,odom,map,1.14392,0.50848,-2.9585,0,0,0,,,
49.608,ekf_predict_only,map,1.12538,0.431758,-2.99713,57.1852,113.721,3.51843,,,
49.608,kf,map,1.17011,0.45457,-2.88308,0.0446123,0.0585136,0.0212041,0.103375,,
49.608,ekf,map,1.21246,0.510614,-2.95653,0.0275377,0.0258843,-0.00311881,0.095709,,
49.608,pf,map,1.21342,0.525891,-2.98933,0.0240101,0.0219841,-0.00261252,6.00375,286.266,0
49.644,odom,map,1.13186,0.506202,-2.9513,0,0,0,,,
49.68,odom,map,1.11986,0.503845,-2.9438,0,0,0,,,
49.716,odom,map,1.1079,0.501399,-2.93603,0,0,0,,,
49.752,odom,map,1.096,0.498869,-2.9278,0,0,0,,,
49.788,odom,map,1.08426,0.496265,-2.91867,0,0,0,,,
49.788,kf,map,1.11107,0.448632,-2.85837,0.0425158,0.0603895,0.0203736,0.105791,,
49.824,odom,map,1.0736,0.493675,-2.90863,0,0,0,,,
49.788,ekf,map,1.14558,0.499313,-2.91943,0.0281978,0.0265262,-0.00223099,0.201375,,
49.8,amcl,map,1.08232,0.484312,-2.91459,0.0304875,0.0208282,-0.000788818,,,
49.788,ekf_predict_only,map,1.06603,0.423124,-2.95066,57.4918,110.475,3.40275,,,
49.788,pf,map,1.1662,0.527895,-2.96199,0.0319881,0.0206186,-0.0032031,7.93063,224.437,0
49.86,odom,map,1.06363,0.491039,-2.89785,0,0,0,,,
49.896,odom,map,1.05394,0.488323,-2.88631,0,0,0,,,
49.932,odom,map,1.04458,0.485536,-2.87379,0,0,0,,,
49.968,odom,map,1.03534,0.482616,-2.86086,0,0,0,,,
50.004,odom,map,1.02632,0.479612,-2.84728,0,0,0,,,
50.004,ekf,map,1.0837,0.483711,-2.85292,0.0291892,0.0279595,-0.00122,0.10925,,
50.004,kf,map,1.053,0.433115,-2.79753,0.0405374,0.0625931,0.0194023,0.099542,,
50.004,ekf_predict_only,map,1.00192,0.410733,-2.87368,57.8501,107.114,3.33736,,,
50.004,pf,map,1.10733,0.489035,-2.87252,0.0294563,0.0233231,-0.00033388,10.0944,292.752,0
50.04,odom,map,1.01614,0.476456,-2.83409,0,0,0,,,
50.076,odom,map,1.00635,0.473273,-2.82031,0,0,0,,,
50.112,odom,map,0.996768,0.470009,-2.80614,0,0,0,,,
50.148,odom,map,0.987237,0.466611,-2.79197,0,0,0,,,
50.184,odom,map,0.97806,0.463191,-2.77723,0,0,0,,,
50.22,odom,map,0.969577,0.45988,-2.76158,0,0,0,,,
50.184,ekf_predict_only,map,0.958396,0.398784,-2.79447,58.2087,104.993,3.36703,,,
50.184,kf,map,1.00165,0.424218,-2.73327,0.0390454,0.0638631,0.0184681,0.205,,
50.184,ekf,map,1.02858,0.473156,-2.78357,0.0293544,0.0285318,-0.00068961,0.112167,,
50.184,pf,map,1.00641,0.467719,-2.75728,0.028887,0.0283243,0.00123246,6.84183,289.101,0
50.256,odom,map,0.96122,0.456465,-2.74574,0,0,0,,,
50.292,odom,map,0.952919,0.452918,-2.7299,0,0,0,,,
50.328,odom,map,0.945107,0.449433,-2.71323,0,0,0,,,
50.364,odom,map,0.937944,0.446088,-2.69588,0,0,0,,,
50.4,odom,map,0.931116,0.442752,-2.67841,0,0,0,,,
50.4,ekf,map,0.978827,0.454446,-2.68627,0.0299017,0.0298289,-6.81971e-05,0.1125,,
50.4,ekf_predict_only,map,0.918575,0.384378,-2.68709,58.6079,103.137,3.46357,,,
50.4,kf,map,0.955967,0.408749,-2.64182,0.0377675,0.0653672,0.0175429,0.100417,,
50.4,amcl,map,0.938866,0.418979,-2.68941,0.0303684,0.0205433,-0.000251216,,,
50.4,pf,map,0.961588,0.483238,-2.69746,0.0292062,0.0269399,0.0020435,5.88279,284.451,0
50.436,odom,map,0.924588,0.439421,-2.66067,0,0,0,,,
50.472,odom,map,0.91836,0.4361,-2.64278,0,0,0,,,
50.508,odom,map,0.912193,0.432669,-2.62488,0,0,0,,,
50.544,odom,map,0.906574,0.429409,-2.60631,0,0,0,,,
50.58,odom,map,0.901473,0.42632,-2.58744,0,0,0,,,
50.616,odom,map,0.896307,0.422602,-2.56853,0,0,0,,,
50.616,ekf_predict_only,map,0.890261,0.370543,-2.57033,59.0072,101.916,3.60681,,,
50.616,ekf,map,0.942323,0.439471,-2.57595,0.0300771,0.0305914,0.000293902,0.106375,,
50.616,kf,map,0.921103,0.393454,-2.53336,0.0367334,0.066416,0.0166804,0.103625,,
50.616,pf,map,0.915216,0.421029,-2.55358,0.0276872,0.0258428,-0.00108645,7.38754,293.126,0
50.652,odom,map,0.890808,0.417856,-2.54987,0,0,0,,,
50.688,odom,map,0.885479,0.41312,-2.53113,0,0,0,,,
50.724,odom,map,0.880198,0.408312,-2.51239,0,0,0,,,
50.76,odom,map,0.875243,0.403642,-2.49345,0,0,0,,,
50.796,odom,map,0.870468,0.399008,-2.47448,0,0,0,,,
50.832,odom,map,0.8673,0.396363,-2.45428,0,0,0,,,
50.796,ekf_predict_only,map,0.875467,0.361035,-2.46837,59.3488,101.387,3.73099,,,
50.796,ekf,map,0.927879,0.437083,-2.47191,0.0299057,0.0306237,0.000387841,0.196417,,
50.796,kf,map,0.903266,0.38127,-2.42225,0.0360368,0.0668763,0.016044,0.0925,,
50.802,amcl,map,0.897696,0.389225,-2.49463,0.0257945,0.0192016,0.00177795,,,
50.796,pf,map,0.94073,0.447633,-2.49621,0.0273852,0.0273335,0.000460928,14.1293,270.173,0
50.868,odom,map,0.864759,0.394235,-2.43375,0,0,0,,,
50.904,odom,map,0.862519,0.392279,-2.4131,0,0,0,,,
50.94,odom,map,0.860474,0.390416,-2.3924,0,0,0,,,
50.976,odom,map,0.858724,0.388756,-2.37155,0,0,0,,,
51.012,odom,map,0.857297,0.387344,-2.35059,0,0,0,,,
51.012,ekf_predict_only,map,0.866623,0.353982,-2.34238,59.6563,101.155,3.83569,,,
51.012,kf,map,0.884932,0.373589,-2.30786,0.0356389,0.0674999,0.0156375,0.097916,,
51.012,ekf,map,0.905658,0.422729,-2.35192,0.0301603,0.0311981,0.00053809,0.114792,,
51.012,pf,map,0.926223,0.438128,-2.38322,0.0291625,0.0279422,0.00477822,5.99183,280.365,0
51.048,odom,map,0.856188,0.3862,-2.32974,0,0,0,,,
51.084,odom,map,0.855235,0.385175,-2.30894,0,0,0,,,
51.12,odom,map,0.854454,0.384299,-2.28822,0,0,0,,,
51.156,odom,map,0.85392,0.383675,-2.26759,0,0,0,,,
51.192,odom,map,0.853507,0.383171,-2.24698,0,0,0,,,
51.228,odom,map,0.855156,0.38121,-2.22713,0,0,0,,,
51.192,ekf_predict_only,map,0.865095,0.352411,-2.2396,59.8806,101.281,3.86207,,,
51.201,amcl,map,0.892588,0.374259,-2.2709,0.0184231,0.0173665,0.0033396,,,
51.192,kf,map,0.874308,0.372305,-2.19326,0.0354059,0.0675077,0.0154132,0.173708,,
51.192,ekf,map,0.898536,0.430607,-2.24388,0.0299618,0.0309923,0.000526129,0.162708,,
51.192,pf,map,0.886585,0.423062,-2.23784,0.0258126,0.0257712,-0.000232178,11.9008,335.269,0
51.264,odom,map,0.85764,0.378741,-2.20773,0,0,0,,,
51.3,odom,map,0.860262,0.376457,-2.18839,0,0,0,,,
51.336,odom,map,0.862931,0.374238,-2.16903,0,0,0,,,
51.372,odom,map,0.865695,0.372166,-2.14982,0,0,0,,,
51.408,odom,map,0.868013,0.370823,-2.13056,0,0,0,,,
51.408,ekf_predict_only,map,0.866886,0.354678,-2.11951,60.0456,101.568,3.8208,,,
51.408,kf,map,0.866926,0.375004,-2.07684,0.0354555,0.067684,0.0154487,0.249708,,
51.408,ekf,map,0.889476,0.429286,-2.12454,0.0301972,0.0313953,0.000616062,0.175959,,
51.408,pf,map,0.865572,0.391346,-2.07641,0.0284609,0.0250957,0.00107661,10.5122,314.654,0
51.444,odom,map,0.868355,0.371382,-2.11055,0,0,0,,,
51.48,odom,map,0.868709,0.371986,-2.09053,0,0,0,,,
51.516,odom,map,0.869123,0.372728,-2.07071,0,0,0,,,
51.552,odom,map,0.869619,0.373659,-2.051,0,0,0,,,
51.588,odom,map,0.87019,0.374783,-2.03143,0,0,0,,,
51.588,ekf,map,0.890049,0.44043,-2.02211,0.0299936,0.0311055,0.000583611,0.176083,,
51.624,odom,map,0.872277,0.376348,-2.01398,0,0,0,,,
51.588,ekf_predict_only,map,0.870265,0.360204,-2.02201,60.1614,101.933,3.71198,,,
51.588,kf,map,0.864654,0.380292,-1.9699,0.0355134,0.0674003,0.0155244,0.090834,,
51.6,amcl,map,0.890561,0.359846,-2.04336,0.0165683,0.0168374,0.00686239,,,
51.588,pf,map,0.858828,0.402666,-1.98391,0.0301104,0.0229159,0.000862622,8.15421,333.407,0
51.66,odom,map,0.87526,0.378301,-1.99805,0,0,0,,,
51.696,odom,map,0.878304,0.38049,-1.98257,0,0,0,,,
51.732,odom,map,0.881333,0.382756,-1.96723,0,0,0,,,
51.768,odom,map,0.884322,0.38504,-1.95205,0,0,0,,,
51.804,odom,map,0.887169,0.387377,-1.93719,0,0,0,,,
51.804,kf,map,0.859341,0.392875,-1.8636,0.0358684,0.0672709,0.0158681,0.090334,,
51.804,ekf_predict_only,map,0.875364,0.370727,-1.91531,60.2046,102.382,3.49278,,,
51.804,ekf,map,0.883563,0.449058,-1.91289,0.0302347,0.0314571,0.000669515,0.111625,,
51.804,pf,map,0.847729,0.394473,-1.84953,0.0275304,0.0244973,-0.00185968,9.00038,330.729,0
51.84,odom,map,0.887843,0.389181,-1.91958,0,0,0,,,
51.876,odom,map,0.888482,0.390989,-1.90202,0,0,0,,,
51.912,odom,map,0.88909,0.392809,-1.88447,0,0,0,,,
51.948,odom,map,0.889678,0.394676,-1.86739,0,0,0,,,
51.984,odom,map,0.890235,0.396553,-1.85087,0,0,0,,,
51.984,ekf_predict_only,map,0.878669,0.379937,-1.8329,60.2713,102.744,3.29079,,,
51.984,kf,map,0.866074,0.399647,-1.76988,0.0360831,0.0668304,0.0160887,0.228416,,
52.02,odom,map,0.891935,0.398429,-1.83495,0,0,0,,,
51.984,ekf,map,0.893469,0.460901,-1.82329,0.0300453,0.0312203,0.00066581,0.109625,,
52.002,amcl,map,0.901163,0.378019,-1.8482,0.0129619,0.0158457,0.0053684,,,
51.984,pf,map,0.818379,0.433306,-1.76403,0.031692,0.0303675,0.0010483,11.2934,347.93,0
52.056,odom,map,0.894555,0.400346,-1.8198,0,0,0,,,
52.092,odom,map,0.897166,0.402356,-1.80517,0,0,0,,,
52.128,odom,map,0.899761,0.404428,-1.79072,0,0,0,,,
52.164,odom,map,0.902304,0.40641,-1.77657,0,0,0,,,
52.2,odom,map,0.90482,0.408405,-1.76281,0,0,0,,,
52.2,ekf_predict_only,map,0.881893,0.391955,-1.74555,60.3028,103.103,3.01773,,,
52.2,kf,map,0.863922,0.413235,-1.68272,0.0365162,0.0666229,0.0164839,0.110792,,
52.2,ekf,map,0.889822,0.469778,-1.73265,0.0302922,0.0315638,0.000755532,0.109291,,
52.2,pf,map,0.862074,0.456227,-1.70838,0.0347628,0.0299627,-0.000279018,6.26258,316.067,0
52.236,odom,map,0.905255,0.410417,-1.74853,0,0,0,,,
52.272,odom,map,0.905601,0.412425,-1.73433,0,0,0,,,
52.308,odom,map,0.905919,0.414438,-1.72013,0,0,0,,,
52.344,odom,map,0.906163,0.416134,-1.70658,0,0,0,,,
52.38,odom,map,0.906227,0.416613,-1.69551,0,0,0,,,
52.416,odom,map,0.905907,0.415301,-1.68667,0,0,0,,,
52.416,ekf_predict_only,map,0.881893,0.391955,-1.72946,60.5028,103.303,3.01773,,,
52.416,kf,map,0.856352,0.422816,-1.61306,0.0367076,0.0664449,0.0166589,0.101584,,
52.416,ekf,map,0.884617,0.484434,-1.66576,0.0303197,0.0316823,0.00080972,0.18725,,
52.416,pf,map,0.90702,0.473538,-1.6699,0.0288115,0.0305491,0.00397544,8.92013,343.529,0
52.452,odom,map,0.905083,0.411928,-1.67984,0,0,0,,,
52.488,odom,map,0.904257,0.408553,-1.67561,0,0,0,,,
52.524,odom,map,0.903428,0.405178,-1.6739,0,0,0,,,
52.56,odom,map,0.902596,0.401802,-1.67296,0,0,0,,,
52.596,odom,map,0.901763,0.398425,-1.67201,0,0,0,,,
52.632,odom,map,0.90167,0.39805,-1.67191,0,0,0,,,
52.596,ekf_predict_only,map,0.881893,0.391955,-1.72946,60.7028,103.503,3.01773,,,
52.596,kf,map,0.849443,0.427503,-1.59534,0.0366898,0.0662248,0.0166476,0.184667,,
52.596,ekf,map,0.877697,0.488207,-1.64813,0.0300995,0.0313856,0.000775076,0.207291,,
52.596,pf,map,0.879,0.465032,-1.64415,0.04228,0.0316402,0.00243216,12.6338,337.32,0
52.668,odom,map,0.90167,0.39805,-1.67191,0,0,0,,,
52.704,odom,map,0.90167,0.39805,-1.67191,0,0,0,,,
52.74,odom,map,0.90167,0.39805,-1.67191,0,0,0,,,
52.776,odom,map,0.90167,0.39805,-1.67191,0,0,0,,,
52.812,odom,map,0.901861,0.398006,-1.67219,0,0,0,,,
52.812,ekf_predict_only,map,0.881568,0.389926,-1.73159,60.9308,103.687,3.06547,,,
52.812,kf,map,0.852973,0.425791,-1.59417,0.036754,0.0663856,0.0166981,0.101666,,
52.812,ekf,map,0.880486,0.484395,-1.64552,0.0303336,0.031756,0.000857427,0.128542,,
52.812,pf,map,0.850158,0.470897,-1.62759,0.0326289,0.0236996,-0.000122421,6.06313,358.186,0
52.848,odom,map,0.902461,0.397611,-1.67339,0,0,0,,,
52.884,odom,map,0.903039,0.397044,-1.67466,0,0,0,,,
52.92,odom,map,0.903604,0.396377,-1.67578,0,0,0,,,
52.956,odom,map,0.904161,0.395669,-1.67677,0,0,0,,,
52.992,odom,map,0.904706,0.394873,-1.67777,0,0,0,,,
53.028,odom,map,0.904805,0.39418,-1.67816,0,0,0,,,
52.992,ekf,map,0.88146,0.476792,-1.64756,0.0301011,0.031391,0.000771915,0.103583,,
52.992,ekf_predict_only,map,0.881044,0.386695,-1.73229,61.1758,103.861,3.14138,,,
52.992,kf,map,0.855959,0.422267,-1.59943,0.0366258,0.066288,0.0165904,0.094625,,
52.992,pf,map,0.883317,0.486828,-1.66208,0.0247547,0.0202695,0.00032869,11.2519,356.189,0
53.064,odom,map,0.904735,0.393529,-1.67829,0,0,0,,,
53.1,odom,map,0.904665,0.392877,-1.6784,0,0,0,,,
53.136,odom,map,0.904598,0.392257,-1.67874,0,0,0,,,
53.172,odom,map,0.904527,0.391606,-1.67937,0,0,0,,,
53.208,odom,map,0.904454,0.39094,-1.68007,0,0,0,,,
53.208,ekf,map,0.885008,0.469145,-1.65098,0.0303051,0.0316646,0.000798058,0.106,,
53.208,ekf_predict_only,map,0.880398,0.38273,-1.73651,61.4316,104.029,3.23442,,,
53.208,kf,map,0.860606,0.416492,-1.60459,0.0365843,0.0665552,0.0165459,0.107375,,
53.208,pf,map,0.885836,0.490495,-1.66816,0.0347769,0.0213162,0.00297649,8.879,290.912,0
53.244,odom,map,0.904366,0.390139,-1.68083,0,0,0,,,
53.28,odom,map,0.904274,0.389308,-1.68159,0,0,0,,,
53.316,odom,map,0.904184,0.388501,-1.68233,0,0,0,,,
53.352,odom,map,0.904086,0.387633,-1.68298,0,0,0,,,
53.388,odom,map,0.903992,0.3868,-1.68357,0,0,0,,,
53.424,odom,map,0.903912,0.386099,-1.68444,0,0,0,,,
53.388,ekf,map,0.875736,0.468129,-1.65509,0.0300637,0.0312735,0.000700165,0.187459,,
53.388,ekf_predict_only,map,0.879854,0.379475,-1.74145,61.6779,104.202,3.31061,,,
53.388,kf,map,0.852216,0.416269,-1.60963,0.0364044,0.0665093,0.0163898,0.1825,,
53.388,pf,map,0.885351,0.477464,-1.67036,0.0293832,0.0349244,-0.00389858,8.88621,332.23,0
53.46,odom,map,0.903837,0.385443,-1.68543,0,0,0,,,
53.496,odom,map,0.903767,0.384835,-1.68628,0,0,0,,,
53.532,odom,map,0.903704,0.384297,-1.68701,0,0,0,,,
53.568,odom,map,0.90364,0.38375,-1.688,0,0,0,,,
53.604,odom,map,0.903575,0.383198,-1.68905,0,0,0,,,
53.604,kf,map,0.858538,0.409752,-1.60833,0.0363602,0.0667793,0.0163402,0.106084,,
53.604,ekf,map,0.884272,0.466326,-1.65759,0.0302883,0.031643,0.000771261,0.100541,,
53.604,ekf_predict_only,map,0.879288,0.376191,-1.74775,61.9252,104.374,3.38727,,,
53.604,pf,map,0.898785,0.482447,-1.68654,0.0306621,0.0239599,0.005708,10.5628,298.407,0
53.64,odom,map,0.903518,0.38272,-1.69005,0,0,0,,,
53.676,odom,map,0.903452,0.382171,-1.69097,0,0,0,,,
53.712,odom,map,0.903376,0.381545,-1.69182,0,0,0,,,
53.748,odom,map,0.903306,0.380972,-1.6929,0,0,0,,,
53.784,odom,map,0.903234,0.380388,-1.69413,0,0,0,,,
53.82,odom,map,0.903172,0.37989,-1.69556,0,0,0,,,
53.784,ekf_predict_only,map,0.878876,0.373885,-1.75533,62.1586,104.554,3.44094,,,
53.784,ekf,map,0.882218,0.463938,-1.66329,0.0300497,0.0312411,0.000675484,0.157625,,
53.784,kf,map,0.856857,0.407632,-1.61393,0.0362117,0.066702,0.0162107,0.1055,,
53.784,pf,map,0.864063,0.470659,-1.6689,0.0279436,0.0351289,0.00244608,9.33013,361.703,0
53.856,odom,map,0.903113,0.379425,-1.69708,0,0,0,,,
53.892,odom,map,0.903061,0.379014,-1.69859,0,0,0,,,
53.928,odom,map,0.903011,0.378627,-1.70043,0,0,0,,,
53.964,odom,map,0.902961,0.378252,-1.70234,0,0,0,,,
54,odom,map,0.902912,0.377882,-1.70418,0,0,0,,,
54,ekf_predict_only,map,0.87856,0.372193,-1.76607,62.3833,104.739,3.48019,,,
54,ekf,map,0.889383,0.460388,-1.67198,0.0302674,0.0315627,0.000728266,0.109833,,
54,kf,map,0.863219,0.402281,-1.62108,0.0362002,0.0669393,0.0161898,0.182958,,
54,pf,map,0.886495,0.440754,-1.65893,0.0315409,0.0294475,0.000191834,8.639,317.555,0
54.036,odom,map,0.902869,0.377562,-1.70598,0,0,0,,,
54.072,odom,map,0.902843,0.377371,-1.70766,0,0,0,,,
54.108,odom,map,0.902824,0.377239,-1.70932,0,0,0,,,
54.144,odom,map,0.902806,0.37711,-1.711,0,0,0,,,
54.18,odom,map,0.902786,0.376966,-1.71254,0,0,0,,,
54.216,odom,map,0.902756,0.376755,-1.71401,0,0,0,,,
54.216,ekf_predict_only,map,0.878287,0.370813,-1.77481,62.6036,104.925,3.51209,,,
54.216,ekf,map,0.882322,0.463458,-1.68079,0.0302617,0.031534,0.000712497,0.138,,
54.216,kf,map,0.855993,0.40406,-1.62881,0.0361632,0.0669895,0.0161565,0.108041,,
54.216,pf,map,0.861137,0.477567,-1.685,0.0313156,0.0260848,0.00422829,15.4918,373.612,0
54.252,odom,map,0.9027,0.376369,-1.71589,0,0,0,,,
54.288,odom,map,0.902634,0.375921,-1.71799,0,0,0,,,
54.324,odom,map,0.90259,0.375629,-1.72003,0,0,0,,,
54.36,odom,map,0.902549,0.375356,-1.72222,0,0,0,,,
54.396,odom,map,0.902531,0.37524,-1.72437,0,0,0,,,
54.432,odom,map,0.902517,0.375148,-1.72651,0,0,0,,,
54.396,ekf_predict_only,map,0.878192,0.370354,-1.7855,62.8103,105.121,3.52265,,,
54.396,kf,map,0.85467,0.403367,-1.637,0.0360602,0.0668545,0.016067,0.104333,,
54.396,ekf,map,0.881858,0.464392,-1.69035,0.0300317,0.0312121,0.000661491,0.259792,,
54.396,pf,map,0.881332,0.469625,-1.70028,0.0275487,0.0204154,-0.00330673,6.2785,301.828,0
54.468,odom,map,0.902491,0.374988,-1.72879,0,0,0,,,
54.504,odom,map,0.902462,0.374805,-1.73114,0,0,0,,,
54.54,odom,map,0.902447,0.374715,-1.73343,0,0,0,,,
54.576,odom,map,0.902445,0.374698,-1.73567,0,0,0,,,
54.612,odom,map,0.90245,0.374729,-1.73813,0,0,0,,,
54.612,ekf_predict_only,map,0.878264,0.370683,-1.80106,63.0055,105.324,3.51511,,,
54.612,kf,map,0.850443,0.40466,-1.65325,0.036109,0.0670306,0.0161027,0.109458,,
54.612,ekf,map,0.876845,0.464204,-1.70537,0.0302523,0.0315363,0.00071854,0.097042,,
54.612,pf,map,0.862891,0.433059,-1.68198,0.0315125,0.0229092,0.00128275,7.95833,323.629,0
54.648,odom,map,0.902466,0.374826,-1.74063,0,0,0,,,
54.684,odom,map,0.902486,0.374937,-1.74317,0,0,0,,,
54.72,odom,map,0.902506,0.375052,-1.74573,0,0,0,,,
54.756,odom,map,0.902512,0.375087,-1.74852,0,0,0,,,
54.792,odom,map,0.902511,0.375082,-1.75171,0,0,0,,,
54.828,odom,map,0.902509,0.375071,-1.75501,0,0,0,,,
54.792,kf,map,0.859541,0.400824,-1.67015,0.0360454,0.0668684,0.0160527,0.089833,,
54.792,ekf,map,0.885214,0.458038,-1.72047,0.0300435,0.0312552,0.000677986,0.607459,,
54.792,ekf_predict_only,map,0.878251,0.370629,-1.8176,63.2063,105.524,3.51634,,,
54.792,pf,map,0.903127,0.445315,-1.72186,0.0311186,0.0232001,-0.000894951,10.1015,298.781,0
54.864,odom,map,0.90251,0.375074,-1.75856,0,0,0,,,
54.9,odom,map,0.902529,0.375177,-1.7627,0,0,0,,,
54.936,odom,map,0.902555,0.375306,-1.7672,0,0,0,,,
54.972,odom,map,0.902578,0.375421,-1.77188,0,0,0,,,
55.008,odom,map,0.902616,0.375608,-1.77694,0,0,0,,,
55.008,ekf_predict_only,map,0.878587,0.371962,-1.84958,63.3867,105.74,3.48607,,,
55.008,kf,map,0.863465,0.39995,-1.69721,0.0361322,0.0670074,0.016125,2.01817,,
55.008,ekf,map,0.888805,0.456601,-1.74694,0.0302515,0.0315106,0.000704206,0.111041,,
55.008,pf,map,0.89001,0.435194,-1.73463,0.0279739,0.0305358,-0.00242453,10.0427,358.324,0
55.044,odom,map,0.902662,0.375823,-1.7824,0,0,0,,,
55.08,odom,map,0.902708,0.376032,-1.78797,0,0,0,,,
55.116,odom,map,0.902757,0.376251,-1.79381,0,0,0,,,
55.152,odom,map,0.90282,0.376525,-1.80038,0,0,0,,,
55.188,odom,map,0.902877,0.376767,-1.80756,0,0,0,,,
55.224,odom,map,0.902933,0.376994,-1.81492,0,0,0,,,
55.188,kf,map,0.863603,0.400959,-1.72528,0.0360986,0.0668151,0.0161036,0.10825,,
55.188,ekf,map,0.889803,0.459595,-1.77662,0.0300286,0.0311612,0.000636049,0.117042,,
55.188,ekf_predict_only,map,0.878909,0.373087,-1.88639,63.5703,105.956,3.46078,,,
55.188,pf,map,0.87997,0.478122,-1.79673,0.0274326,0.0264748,-0.00399562,6.85942,316.5,0
55.26,odom,map,0.902992,0.37723,-1.8224,0,0,0,,,
55.296,odom,map,0.903017,0.377324,-1.83022,0,0,0,,,
55.332,odom,map,0.903,0.377262,-1.83848,0,0,0,,,
55.368,odom,map,0.902974,0.377167,-1.84688,0,0,0,,,
55.404,odom,map,0.902964,0.377135,-1.85596,0,0,0,,,
55.404,ekf_predict_only,map,0.879075,0.373598,-1.94511,63.7628,106.164,3.44946,,,
55.404,kf,map,0.860163,0.40283,-1.77722,0.0361752,0.0669643,0.016166,0.103125,,
55.404,ekf,map,0.885426,0.459609,-1.82699,0.0302519,0.0314921,0.000696888,0.200166,,
55.404,pf,map,0.85819,0.420633,-1.78677,0.0300747,0.0249902,-0.000503152,6.37204,307.858,0
55.44,odom,map,0.902984,0.377201,-1.86563,0,0,0,,,
55.476,odom,map,0.90301,0.377286,-1.87542,0,0,0,,,
55.512,odom,map,0.903078,0.377497,-1.88552,0,0,0,,,
55.548,odom,map,0.903127,0.377647,-1.89602,0,0,0,,,
55.584,odom,map,0.903182,0.377806,-1.90707,0,0,0,,,
55.62,odom,map,0.903241,0.377971,-1.91827,0,0,0,,,
55.584,ekf_predict_only,map,0.879395,0.37441,-2.00112,63.951,106.38,3.43181,,,
55.584,kf,map,0.863071,0.402329,-1.82979,0.0361321,0.0667817,0.0161355,0.113584,,
55.584,ekf,map,0.887725,0.457282,-1.87814,0.0300389,0.0311988,0.000654022,0.164625,,
55.584,pf,map,0.891549,0.418797,-1.84843,0.0288534,0.025736,-0.0032138,10.1693,269.067,0
55.656,odom,map,0.903256,0.378012,-1.92985,0,0,0,,,
55.692,odom,map,0.903232,0.377952,-1.94189,0,0,0,,,
55.728,odom,map,0.903152,0.377749,-1.95476,0,0,0,,,
55.764,odom,map,0.903057,0.377518,-1.96771,0,0,0,,,
55.8,odom,map,0.90289,0.377128,-1.98092,0,0,0,,,
55.8,ekf_predict_only,map,0.877798,0.370931,-2.08241,64.2018,106.501,3.50559,,,
55.8,kf,map,0.866026,0.399391,-1.89973,0.03615,0.0669896,0.016142,0.112667,,
55.8,ekf,map,0.891975,0.457545,-1.95053,0.0302505,0.0315028,0.000696072,0.100209,,
55.8,pf,map,0.893079,0.453313,-1.94431,0.025946,0.0303685,0.0017108,7.03329,348.069,0
55.836,odom,map,0.902635,0.376552,-1.99445,0,0,0,,,
55.872,odom,map,0.902369,0.375972,-2.008,0,0,0,,,
55.908,odom,map,0.902072,0.375349,-2.0217,0,0,0,,,
55.944,odom,map,0.901704,0.374603,-2.0356,0,0,0,,,
55.98,odom,map,0.901302,0.373814,-2.04943,0,0,0,,,
56.016,odom,map,0.900884,0.373022,-2.06322,0,0,0,,,
56.016,kf,map,0.868814,0.393792,-1.97539,0.036026,0.0671266,0.0160245,0.103625,,
56.016,ekf_predict_only,map,0.875165,0.366242,-2.16517,64.4713,106.572,3.60103,,,
56.016,ekf,map,0.896132,0.455449,-2.02936,0.0302497,0.0315211,0.000696208,0.106292,,
56.001,amcl,map,0.901735,0.374724,-2.0673,0.0102623,0.0155585,0.0038758,,,
56.016,pf,map,0.886088,0.461248,-2.03662,0.0254937,0.0252195,0.00203595,7.74346,360.244,0
56.052,odom,map,0.900428,0.372188,-2.07717,0,0,0,,,
56.088,odom,map,0.899914,0.371275,-2.09129,0,0,0,,,
56.124,odom,map,0.899263,0.370159,-2.1054,0,0,0,,,
56.16,odom,map,0.898563,0.368996,-2.1195,0,0,0,,,
56.196,odom,map,0.897807,0.367779,-2.13355,0,0,0,,,
56.232,odom,map,0.896976,0.366482,-2.14765,0,0,0,,,
56.196,ekf_predict_only,map,0.870762,0.359728,-2.23584,64.7694,106.557,3.72701,,,
56.196,ekf,map,0.90046,0.445166,-2.10023,0.0299997,0.0311335,0.000607998,0.119084,,
56.196,kf,map,0.874113,0.385114,-2.04717,0.035774,0.0671406,0.0157877,0.186542,,
56.196,pf,map,0.87531,0.462664,-2.09341,0.0370746,0.0281128,0.0006772,11.7192,310.278,0
56.268,odom,map,0.89608,0.365126,-2.16176,0,0,0,,,
56.304,odom,map,0.895114,0.363708,-2.17576,0,0,0,,,
56.34,odom,map,0.894116,0.362285,-2.18973,0,0,0,,,
56.376,odom,map,0.893041,0.360799,-2.2035,0,0,0,,,
56.412,odom,map,0.891881,0.35924,-2.21717,0,0,0,,,
56.412,ekf_predict_only,map,0.863529,0.350504,-2.31785,65.1119,106.406,3.89521,,,
56.412,ekf,map,0.888552,0.431588,-2.18728,0.0302046,0.031466,0.000648406,0.438667,,
56.412,kf,map,0.865942,0.37799,-2.13982,0.0355382,0.0676011,0.0155345,0.101375,,
56.412,pf,map,0.8614,0.42375,-2.16955,0.028241,0.0352434,0.0039743,7.67829,310.601,0
56.448,odom,map,0.890694,0.357688,-2.23083,0,0,0,,,
56.484,odom,map,0.889448,0.356105,-2.24438,0,0,0,,,
56.52,odom,map,0.888184,0.354544,-2.25779,0,0,0,,,
56.556,odom,map,0.886913,0.353014,-2.27096,0,0,0,,,
56.592,odom,map,0.885622,0.351503,-2.28407,0,0,0,,,
56.628,odom,map,0.884271,0.349962,-2.29707,0,0,0,,,
56.592,ekf,map,0.880567,0.417156,-2.25779,0.0299973,0.0312647,0.000626236,0.103791,,
56.592,ekf_predict_only,map,0.85646,0.342871,-2.38257,65.4328,106.265,4.02334,,,
56.592,kf,map,0.861288,0.37033,-2.21645,0.0352062,0.0677073,0.0152025,1.62825,,
56.601,amcl,map,0.881052,0.351243,-2.2975,0.0102458,0.0156344,0.00530799,,,
56.592,pf,map,0.880907,0.406835,-2.26302,0.0304788,0.0274025,0.00244472,14.2909,347.879,0
56.664,odom,map,0.88296,0.348504,-2.30991,0,0,0,,,
56.7,odom,map,0.881681,0.347119,-2.32256,0,0,0,,,
56.736,odom,map,0.880396,0.345761,-2.33513,0,0,0,,,
56.772,odom,map,0.879106,0.344433,-2.34746,0,0,0,,,
56.808,odom,map,0.877863,0.343228,-2.3599,0,0,0,,,
56.808,kf,map,0.863503,0.359034,-2.28074,0.0349765,0.0681627,0.0149329,0.173917,,
56.808,ekf_predict_only,map,0.848707,0.335517,-2.45451,65.7519,106.093,4.13664,,,
56.808,ekf,map,0.885742,0.414306,-2.32808,0.030221,0.0317387,0.00071605,0.093375,,
56.808,pf,map,0.873379,0.396345,-2.32599,0.0354612,0.0309447,-0.00475704,7.14971,291.502,0
56.844,odom,map,0.87656,0.342162,-2.37334,0,0,0,,,
56.88,odom,map,0.875177,0.341067,-2.38665,0,0,0,,,
56.916,odom,map,0.873756,0.339982,-2.39972,0,0,0,,,
56.952,odom,map,0.872218,0.338837,-2.4124,0,0,0,,,
56.988,odom,map,0.870573,0.337643,-2.42457,0,0,0,,,
57.024,odom,map,0.868872,0.336273,-2.43549,0,0,0,,,
56.988,ekf_predict_only,map,0.839969,0.328348,-2.50592,66.0706,105.878,4.23458,,,
56.988,kf,map,0.853064,0.353226,-2.33968,0.0346485,0.068265,0.0145834,0.112375,,
56.988,ekf,map,0.873544,0.405858,-2.38519,0.0300049,0.031475,0.000673027,0.118791,,
56.988,pf,map,0.863136,0.398379,-2.38493,0.0292792,0.0239138,-0.00075093,8.16571,311.484,0
57.06,odom,map,0.867176,0.334841,-2.44548,0,0,0,,,
57.096,odom,map,0.865266,0.333261,-2.45505,0,0,0,,,
57.132,odom,map,0.862802,0.331261,-2.46394,0,0,0,,,
57.168,odom,map,0.860208,0.329192,-2.47274,0,0,0,,,
57.204,odom,map,0.857421,0.327009,-2.48116,0,0,0,,,
57.204,kf,map,0.850733,0.338087,-2.40177,0.0342848,0.068854,0.0141264,0.168333,,
57.204,ekf,map,0.868859,0.386056,-2.44316,0.0302426,0.0321576,0.00082044,0.102708,,
57.204,ekf_predict_only,map,0.819952,0.313579,-2.55225,66.5228,105.142,4.40928,,,
57.204,pf,map,0.852503,0.385035,-2.43952,0.0357647,0.0319264,-0.00251064,6.85675,317.557,0
57.24,odom,map,0.854318,0.324619,-2.48908,0,0,0,,,
57.276,odom,map,0.850966,0.322078,-2.49665,0,0,0,,,
57.312,odom,map,0.847571,0.319544,-2.50414,0,0,0,,,
57.348,odom,map,0.844001,0.31692,-2.51124,0,0,0,,,
57.384,odom,map,0.840218,0.31418,-2.518,0,0,0,,,
57.42,odom,map,0.835897,0.31129,-2.52459,0,0,0,,,
57.384,ekf_predict_only,map,0.800263,0.300415,-2.58454,66.9565,104.439,4.53626,,,
57.384,kf,map,0.831085,0.327477,-2.43875,0.0337803,0.0691325,0.0135178,0.116459,,
57.384,ekf,map,0.848309,0.37646,-2.47986,0.0300342,0.0321048,0.000826446,0.108,,
57.402,amcl,map,0.836741,0.306118,-2.5219,0.0118599,0.0131652,0.00573863,,,
57.384,pf,map,0.83003,0.353408,-2.47785,0.0277499,0.0310179,0.000212676,8.14833,286.259,0
57.456,odom,map,0.831182,0.308314,-2.53112,0,0,0,,,
57.492,odom,map,0.826336,0.305285,-2.53738,0,0,0,,,
57.528,odom,map,0.821312,0.30217,-2.54328,0,0,0,,,
57.564,odom,map,0.816208,0.299037,-2.54902,0,0,0,,,
57.6,odom,map,0.810966,0.295847,-2.55456,0,0,0,,,
57.6,ekf_predict_only,map,0.772236,0.282958,-2.61251,67.4793,103.387,4.66708,,,
57.6,ekf,map,0.824331,0.352608,-2.51907,0.0302754,0.0331102,0.00103038,0.1015,,
57.6,kf,map,0.810426,0.310335,-2.4838,0.0332612,0.0698767,0.0127716,0.778333,,
57.6,pf,map,0.807357,0.355034,-2.50604,0.0287233,0.0256566,0.00392088,8.23129,292.801,0
57.636,odom,map,0.806363,0.292809,-2.55934,0,0,0,,,
57.672,odom,map,0.801681,0.289742,-2.56383,0,0,0,,,
57.708,odom,map,0.796959,0.286678,-2.56825,0,0,0,,,
57.744,odom,map,0.792188,0.283612,-2.57257,0,0,0,,,
57.78,odom,map,0.787354,0.280535,-2.57654,0,0,0,,,
57.816,odom,map,0.782391,0.277399,-2.57981,0,0,0,,,
57.816,ekf,map,0.798202,0.338482,-2.54251,0.0302922,0.033868,0.00117115,0.107,,
57.816,ekf_predict_only,map,0.741714,0.265112,-2.63157,68.0248,102.266,4.75766,,,
57.816,kf,map,0.784495,0.292907,-2.50624,0.0326939,0.0704569,0.0119177,0.10025,,
57.816,pf,map,0.789906,0.325655,-2.55275,0.0344193,0.0383717,-0.000194894,18.5977,302.373,0
57.852,odom,map,0.777399,0.274268,-2.58299,0,0,0,,,
57.888,odom,map,0.772503,0.271218,-2.58573,0,0,0,,,
57.924,odom,map,0.767492,0.268114,-2.58789,0,0,0,,,
57.96,odom,map,0.762489,0.265026,-2.58949,0,0,0,,,
57.996,odom,map,0.757543,0.261985,-2.59089,0,0,0,,,
57.996,ekf_predict_only,map,0.715124,0.250238,-2.63706,68.5246,101.353,4.801,,,
58.032,odom,map,0.752408,0.258835,-2.59205,0,0,0,,,
57.996,ekf,map,0.764039,0.318452,-2.55795,0.0300737,0.0340767,0.00121155,0.110542,,
57.996,kf,map,0.753568,0.280577,-2.52787,0.0322023,0.070711,0.0111559,0.897,,
57.996,pf,map,0.764061,0.319449,-2.56541,0.026396,0.0372007,0.00296695,19.265,317.518,0
58.068,odom,map,0.747132,0.255607,-2.59283,0,0,0,,,
58.104,odom,map,0.741947,0.252438,-2.59297,0,0,0,,,
58.14,odom,map,0.737081,0.249463,-2.59246,0,0,0,,,
58.176,odom,map,0.732361,0.246572,-2.59173,0,0,0,,,
58.212,odom,map,0.728208,0.243629,-2.59024,0,0,0,,,
58.212,ekf_predict_only,map,0.688796,0.2357,-2.62724,69.0281,100.485,4.82098,,,
58.212,kf,map,0.73191,0.263016,-2.52586,0.0318121,0.0713261,0.01039,0.120125,,
58.212,ekf,map,0.741948,0.30194,-2.55549,0.0302809,0.0352958,0.00136972,0.156791,,
58.212,pf,map,0.720736,0.266866,-2.54126,0.024403,0.0295342,0.00170563,8.38146,336.256,0
58.248,odom,map,0.724502,0.240056,-2.58866,0,0,0,,,
58.284,odom,map,0.720629,0.23637,-2.58677,0,0,0,,,
58.32,odom,map,0.716653,0.232607,-2.5843,0,0,0,,,
58.356,odom,map,0.712909,0.228972,-2.58109,0,0,0,,,
58.392,odom,map,0.709322,0.225414,-2.57737,0,0,0,,,
58.392,kf,map,0.706581,0.251094,-2.51087,0.031443,0.0714698,0.00972831,0.1825,,
58.392,ekf,map,0.716332,0.292158,-2.54135,0.0300678,0.0354617,0.00136846,0.160958,,
58.428,odom,map,0.705303,0.222499,-2.57359,0,0,0,,,
58.392,ekf_predict_only,map,0.66726,0.22353,-2.60826,69.4902,99.8374,4.82868,,,
58.392,pf,map,0.677596,0.308719,-2.54741,0.0288888,0.0303328,0.00135222,11.3922,355.835,0
58.464,odom,map,0.701316,0.219944,-2.56934,0,0,0,,,
58.5,odom,map,0.697332,0.217363,-2.56432,0,0,0,,,
58.536,odom,map,0.693265,0.2147,-2.55928,0,0,0,,,
58.572,odom,map,0.689362,0.212115,-2.55388,0,0,0,,,
58.608,odom,map,0.68578,0.209714,-2.54757,0,0,0,,,
58.608,ekf_predict_only,map,0.645595,0.210739,-2.56758,69.9736,99.2074,4.83367,,,
58.608,ekf,map,0.701681,0.267201,-2.51533,0.0302628,0.0365529,0.00146833,0.103458,,
58.608,kf,map,0.694254,0.234635,-2.49081,0.0311794,0.0719592,0.00908601,0.647834,,
58.608,pf,map,0.697309,0.297046,-2.53036,0.030253,0.0303854,-0.00175038,11.2795,348.338,0
58.644,odom,map,0.682442,0.207443,-2.54049,0,0,0,,,
58.68,odom,map,0.679247,0.205234,-2.53313,0,0,0,,,
58.716,odom,map,0.676225,0.203112,-2.5253,0,0,0,,,
58.752,odom,map,0.673375,0.201076,-2.51688,0,0,0,,,
58.788,odom,map,0.670588,0.199048,-2.50821,0,0,0,,,
58.824,odom,map,0.667797,0.196979,-2.49906,0,0,0,,,
58.788,ekf_predict_only,map,0.63097,0.201282,-2.52054,70.3884,98.8604,4.84449,,,
58.788,ekf,map,0.680234,0.263048,-2.47355,0.030037,0.0364836,0.00140634,0.104,,
58.788,kf,map,0.672616,0.225957,-2.44698,0.0309288,0.0719845,0.00859044,0.099125,,
58.788,pf,map,0.647192,0.23272,-2.44669,0.0333816,0.0323033,0.000382645,14.1748,352.708,0
58.86,odom,map,0.665079,0.194924,-2.48923,0,0,0,,,
58.896,odom,map,0.662515,0.192944,-2.47836,0,0,0,,,
58.932,odom,map,0.660005,0.190959,-2.46672,0,0,0,,,
58.968,odom,map,0.657519,0.188945,-2.45498,0,0,0,,,
59.004,odom,map,0.655023,0.186874,-2.44275,0,0,0,,,
59.004,ekf_predict_only,map,0.615038,0.189883,-2.44453,70.8532,98.4766,4.86829,,,
59.004,kf,map,0.659544,0.213924,-2.38148,0.0307701,0.0723689,0.00810571,0.872792,,
59.004,ekf,map,0.66677,0.250575,-2.40768,0.0302269,0.0374023,0.00146437,0.099542,,
59.004,pf,map,0.650617,0.223054,-2.38583,0.0308583,0.0303576,-0.0020674,5.85171,338.09,0
59.04,odom,map,0.652547,0.184767,-2.42978,0,0,0,,,
59.076,odom,map,0.650089,0.182617,-2.41611,0,0,0,,,
59.112,odom,map,0.647657,0.18043,-2.40233,0,0,0,,,
59.148,odom,map,0.645226,0.178183,-2.38826,0,0,0,,,
59.184,odom,map,0.642804,0.175877,-2.37339,0,0,0,,,
59.184,ekf,map,0.651451,0.237289,-2.34103,0.0300043,0.0372911,0.00139887,0.1,,
59.22,odom,map,0.640417,0.173536,-2.35831,0,0,0,,,
59.184,kf,map,0.645307,0.203905,-2.31727,0.0305548,0.0723585,0.00763561,0.171709,,
59.184,ekf_predict_only,map,0.602216,0.179147,-2.36915,71.3085,98.216,4.90863,,,
59.184,pf,map,0.630309,0.217346,-2.33369,0.0307192,0.0264953,0.000762094,11.0977,336.817,0
59.256,odom,map,0.638047,0.17114,-2.34291,0,0,0,,,
59.292,odom,map,0.635542,0.168525,-2.32694,0,0,0,,,
59.328,odom,map,0.632923,0.165702,-2.31053,0,0,0,,,
59.364,odom,map,0.630254,0.162728,-2.29379,0,0,0,,,
59.4,odom,map,0.627616,0.159687,-2.27697,0,0,0,,,
59.4,ekf_predict_only,map,0.58492,0.162294,-2.26823,71.9211,97.8078,4.99325,,,
59.4,kf,map,0.579234,0.196456,-2.25188,0.0705651,0.0737889,0.000588837,0.061875,,
59.4,ekf,map,0.577917,0.206579,-2.26035,0.0746301,0.0750077,3.20266e-05,0.057916,,
59.4,amcl,map,0.628417,0.152713,-2.28767,0.0228353,0.0169803,0.0110385,,,
59.4,pf,map,0.546082,0.172025,-2.26669,0.0732913,0.0789294,-0.000771332,4.80604,340.206,0
59.436,odom,map,0.624942,0.156497,-2.25992,0,0,0,,,
59.472,odom,map,0.622203,0.153112,-2.24246,0,0,0,,,
59.508,odom,map,0.619473,0.149615,-2.2248,0,0,0,,,
59.544,odom,map,0.616712,0.145945,-2.20696,0,0,0,,,
59.58,odom,map,0.613843,0.141985,-2.18884,0,0,0,,,
59.616,kf,map,0.546918,0.177401,-2.15654,0.073677,0.0738985,4.04572e-05,0.088542,,
59.616,odom,map,0.611029,0.13795,-2.1707,0,0,0,,,
59.616,ekf_predict_only,map,0.565964,0.139671,-2.15937,72.6975,97.3586,5.13917,,,
59.616,ekf,map,0.545736,0.179904,-2.15925,0.0782043,0.078231,-5.31319e-06,0.167458,,
59.616,pf,map,0.513023,0.15657,-2.16828,0.0739637,0.0738948,0.00264673,5.06225,297.882,0
59.652,odom,map,0.608247,0.133803,-2.15251,0,0,0,,,
59.688,odom,map,0.605353,0.129312,-2.13437,0,0,0,,,
59.724,odom,map,0.602412,0.124562,-2.1162,0,0,0,,,
59.76,odom,map,0.599498,0.11966,-2.09797,0,0,0,,,
59.796,odom,map,0.596632,0.114631,-2.0798,0,0,0,,,
59.796,kf,map,0.528344,0.154342,-2.06953,0.0736951,0.0737104,2.7978e-06,0.061791,,
59.796,ekf,map,0.527988,0.155056,-2.07028,0.0772869,0.0772851,-2.24605e-06,0.103833,,
59.832,odom,map,0.593735,0.109327,-2.06178,0,0,0,,,
59.796,ekf_predict_only,map,0.54876,0.113897,-2.06964,73.5858,96.9852,5.33898,,,
59.802,amcl,map,0.580467,0.0991892,-2.07898,0.0188545,0.0145568,0.00821284,,,
59.796,pf,map,0.505844,0.129103,-2.06729,0.0719372,0.0725017,0.000983063,5.7975,331.623,0
59.868,odom,map,0.590836,0.103784,-2.04391,0,0,0,,,
59.904,odom,map,0.588009,0.0981389,-2.02611,0,0,0,,,
59.94,odom,map,0.585263,0.0924006,-2.00836,0,0,0,,,
59.976,odom,map,0.582521,0.0864032,-1.99075,0,0,0,,,
60.012,odom,map,0.579827,0.0802219,-1.97319,0,0,0,,,
60.012,ekf_predict_only,map,0.529124,0.0778533,-1.96446,74.8051,96.5491,5.64508,,,
60.012,ekf,map,0.510689,0.120383,-1.96415,0.0782051,0.0781983,-2.77289e-06,0.073209,,
60.012,kf,map,0.510657,0.120119,-1.96401,0.0738921,0.0738932,1.90697e-07,0.05425,,
60.012,pf,map,0.497064,0.124716,-1.95542,0.0738253,0.0780683,0.00510186,4.995,289.954,0
60.048,odom,map,0.577203,0.0739042,-1.95566,0,0,0,,,
60.084,odom,map,0.574617,0.0673565,-1.9383,0,0,0,,,
60.12,odom,map,0.572084,0.0606024,-1.92117,0,0,0,,,
60.156,odom,map,0.569628,0.0536993,-1.90426,0,0,0,,,
60.192,odom,map,0.56727,0.046704,-1.88745,0,0,0,,,
60.192,ekf_predict_only,map,0.514404,0.0424124,-1.88336,76.0722,96.2852,5.98193,,,
60.192,kf,map,0.498272,0.0864841,-1.87941,0.07371,0.07371,1.31803e-08,0.102875,,
60.192,ekf,map,0.498401,0.0866275,-1.87927,0.07729,0.0772827,-3.31307e-06,0.061583,,
60.228,odom,map,0.564931,0.0386813,-1.8724,0,0,0,,,
60.192,pf,map,0.494647,0.0766607,-1.87205,0.0707625,0.0699788,-0.00450173,6.38213,318.06,0
60.264,odom,map,0.56257,0.0300225,-1.85847,0,0,0,,,
60.3,odom,map,0.560252,0.0212123,-1.84479,0,0,0,,,
60.336,odom,map,0.557957,0.0121685,-1.83203,0,0,0,,,
60.372,odom,map,0.55568,0.00290736,-1.82072,0,0,0,,,
60.408,odom,map,0.553465,-0.00629592,-1.81013,0,0,0,,,
60.408,kf,map,0.485556,0.0393657,-1.79544,0.0738931,0.0738931,8.98325e-10,0.057584,,
60.408,ekf,map,0.485817,0.0395149,-1.79453,0.0782434,0.0782308,-5.45631e-06,0.0625,,
60.408,ekf_predict_only,map,0.498439,-0.00698973,-1.8144,77.8672,95.9947,6.48317,,,
60.402,amcl,map,0.537384,-0.00192435,-1.79544,0.0179389,0.0200995,0.00740038,,,
60.408,pf,map,0.504035,0.0169042,-1.77379,0.0808609,0.0659572,-0.00221374,5.04662,315.077,0
60.444,odom,map,0.551462,-0.0147138,-1.79864,0,0,0,,,
60.48,odom,map,0.54951,-0.0233503,-1.78796,0,0,0,,,
60.516,odom,map,0.54763,-0.0320704,-1.77847,0,0,0,,,
60.552,odom,map,0.545818,-0.0408624,-1.76982,0,0,0,,,
60.588,odom,map,0.544073,-0.0497078,-1.76147,0,0,0,,,
60.624,odom,map,0.540719,-0.0596365,-1.75262,0,0,0,,,
60.588,ekf,map,0.477585,-0.00384393,-1.74505,0.0773218,0.077308,-5.10945e-06,0.061042,,
60.588,kf,map,0.477375,-0.00393948,-1.74586,0.07371,0.07371,6.20888e-11,0.13575,,
60.588,ekf_predict_only,map,0.487348,-0.0516156,-1.7771,79.6162,95.8616,6.96073,,,
60.588,pf,map,0.48618,-0.022677,-1.71085,0.0661828,0.0717373,0.000250833,6.91258,293.496,0
60.66,odom,map,0.536505,-0.0701688,-1.7439,0,0,0,,,
60.696,odom,map,0.532378,-0.0806897,-1.73589,0,0,0,,,
60.732,odom,map,0.528309,-0.091352,-1.72839,0,0,0,,,
60.768,odom,map,0.524296,-0.102148,-1.72155,0,0,0,,,
60.804,odom,map,0.520494,-0.112871,-1.71531,0,0,0,,,
60.804,ekf,map,0.469428,-0.058511,-1.70668,0.0782743,0.0782528,-6.43006e-06,0.067834,,
60.804,ekf_predict_only,map,0.475824,-0.10668,-1.74899,81.8695,95.7223,7.55653,,,
60.804,kf,map,0.469235,-0.0585679,-1.70746,0.0738931,0.0738931,4.23178e-12,0.118375,,
60.804,pf,map,0.469927,-0.0851467,-1.68498,0.0725532,0.0767669,0.00476692,8.2045,316.059,0
60.84,odom,map,0.519166,-0.122153,-1.71063,0,0,0,,,
60.876,odom,map,0.517896,-0.131319,-1.70644,0,0,0,,,
60.912,odom,map,0.516673,-0.140405,-1.70284,0,0,0,,,
60.948,odom,map,0.515491,-0.149421,-1.69961,0,0,0,,,
60.984,odom,map,0.514345,-0.158374,-1.69667,0,0,0,,,
60.984,ekf,map,0.464046,-0.103526,-1.68737,0.0773406,0.0773206,-5.00261e-06,0.058583,,
60.984,ekf_predict_only,map,0.467981,-0.150228,-1.73714,83.8048,95.6953,8.03042,,,
60.984,kf,map,0.463934,-0.103482,-1.68792,0.07371,0.07371,2.92485e-13,0.06275,,
61.02,odom,map,0.513238,-0.167219,-1.69406,0,0,0,,,
60.984,pf,map,0.460389,-0.10888,-1.70276,0.067523,0.0785948,-0.000677253,9.36204,298.145,0
61.056,odom,map,0.512165,-0.17596,-1.69187,0,0,0,,,
61.092,odom,map,0.511137,-0.184473,-1.69012,0,0,0,,,
61.128,odom,map,0.51013,-0.192934,-1.68842,0,0,0,,,
61.164,odom,map,0.509143,-0.201342,-1.68695,0,0,0,,,
61.2,odom,map,0.508178,-0.209649,-1.68613,0,0,0,,,
61.2,ekf_predict_only,map,0.459687,-0.199624,-1.73324,86.093,95.6588,8.55954,,,
61.2,kf,map,0.458476,-0.154691,-1.67709,0.0738931,0.0738931,1.99348e-14,0.058958,,
61.2,ekf,map,0.458554,-0.154791,-1.67656,0.0782884,0.0782626,-5.36209e-06,0.058708,,
61.2,pf,map,0.428951,-0.17316,-1.67768,0.0763751,0.0774643,-0.00515833,4.56033,279.467,0
61.236,odom,map,0.507282,-0.216022,-1.68405,0,0,0,,,
61.272,odom,map,0.506421,-0.22227,-1.6821,0,0,0,,,
61.308,odom,map,0.505626,-0.228117,-1.68053,0,0,0,,,
61.344,odom,map,0.504982,-0.232733,-1.67906,0,0,0,,,
61.38,odom,map,0.504491,-0.236062,-1.67759,0,0,0,,,
61.416,ekf,map,0.455347,-0.186673,-1.67409,0.0784056,0.0783853,-4.00482e-06,0.063041,,
61.416,odom,map,0.504114,-0.23887,-1.67669,0,0,0,,,
61.416,ekf_predict_only,map,0.459687,-0.199624,-1.73324,86.293,95.8588,8.55954,,,
61.416,kf,map,0.455508,-0.184825,-1.67437,0.0739056,0.0739056,1.35739e-15,0.546292,,
61.416,pf,map,0.435028,-0.206639,-1.66984,0.076505,0.0737805,-0.00357582,9.79,299.513,0
61.452,odom,map,0.503824,-0.24159,-1.67669,0,0,0,,,
61.488,odom,map,0.503672,-0.243022,-1.67669,0,0,0,,,
61.524,odom,map,0.503647,-0.243262,-1.67669,0,0,0,,,
61.56,odom,map,0.503647,-0.243262,-1.67669,0,0,0,,,
61.596,odom,map,0.503601,-0.24369,-1.67764,0,0,0,,,
61.596,ekf,map,0.454106,-0.198896,-1.67807,0.0773045,0.0772926,-2.28719e-06,0.083875,,
61.632,odom,map,0.503489,-0.244724,-1.68008,0,0,0,,,
61.596,ekf_predict_only,map,0.45847,-0.207054,-1.74987,86.8181,96.0244,8.63794,,,
61.596,kf,map,0.454165,-0.198191,-1.67873,0.0737109,0.0737109,9.38118e-17,0.264417,,
61.596,pf,map,0.431898,-0.212917,-1.66025,0.0657395,0.0664805,0.00273648,9.40121,311.518,0
61.668,odom,map,0.503288,-0.246521,-1.68405,0,0,0,,,
61.704,odom,map,0.503035,-0.248696,-1.68918,0,0,0,,,
61.74,odom,map,0.502734,-0.251167,-1.69484,0,0,0,,,
61.776,odom,map,0.502341,-0.254236,-1.70153,0,0,0,,,
61.812,odom,map,0.501873,-0.257688,-1.70949,0,0,0,,,
61.812,ekf_predict_only,map,0.454746,-0.227625,-1.79765,87.9335,96.1196,8.84454,,,
61.812,ekf,map,0.452208,-0.215467,-1.71049,0.0782182,0.0782078,-1.91775e-06,0.066334,,
61.8,amcl,map,0.503123,-0.230015,-1.70878,0.0217934,0.0248135,0.00504382,,,
61.812,kf,map,0.452185,-0.215513,-1.71151,0.0738932,0.0738932,6.39388e-18,0.058584,,
61.812,pf,map,0.432474,-0.229072,-1.68821,0.0689236,0.0701598,-0.00118924,4.65367,313.907,0
61.848,odom,map,0.501304,-0.261637,-1.71838,0,0,0,,,
61.884,odom,map,0.500604,-0.266188,-1.7285,0,0,0,,,
61.92,odom,map,0.499756,-0.271326,-1.73985,0,0,0,,,
61.956,odom,map,0.498801,-0.276732,-1.75154,0,0,0,,,
61.992,odom,map,0.497724,-0.282429,-1.76378,0,0,0,,,
61.992,kf,map,0.448042,-0.241439,-1.76539,0.07371,0.07371,4.41921e-19,0.104375,,
61.992,ekf,map,0.448107,-0.241107,-1.76449,0.077298,0.0772896,-1.41859e-06,0.059,,
62.028,odom,map,0.496467,-0.288644,-1.77692,0,0,0,,,
61.992,ekf_predict_only,map,0.447332,-0.259744,-1.86524,89.6075,96.1131,9.12161,,,
61.992,pf,map,0.432369,-0.281741,-1.75609,0.0795981,0.0718722,-0.00653053,5.95167,310.392,0
62.064,odom,map,0.495034,-0.295266,-1.79087,0,0,0,,,
62.1,odom,map,0.493479,-0.301991,-1.80516,0,0,0,,,
62.136,odom,map,0.491759,-0.308967,-1.82003,0,0,0,,,
62.172,odom,map,0.489855,-0.31621,-1.83547,0,0,0,,,
62.208,odom,map,0.487793,-0.323589,-1.85111,0,0,0,,,
62.208,ekf,map,0.438625,-0.281543,-1.85013,0.0782488,0.0782364,-2.15829e-06,0.062791,,
62.208,ekf_predict_only,map,0.433991,-0.303736,-1.95912,91.9154,95.949,9.40237,,,
62.208,kf,map,0.43861,-0.281883,-1.85082,0.0738931,0.0738931,3.01199e-20,0.067542,,
62.208,pf,map,0.384829,-0.315499,-1.85198,0.0761196,0.0727807,0.00161724,5.48596,301.728,0
62.244,odom,map,0.485576,-0.331066,-1.86711,0,0,0,,,
62.28,odom,map,0.483159,-0.338752,-1.88372,0,0,0,,,
62.316,odom,map,0.480586,-0.34648,-1.90069,0,0,0,,,
62.352,odom,map,0.477881,-0.354168,-1.91777,0,0,0,,,
62.388,odom,map,0.474996,-0.361933,-1.93505,0,0,0,,,
62.388,kf,map,0.42607,-0.3196,-1.93357,0.07371,0.07371,2.08178e-21,0.070541,,
62.388,ekf,map,0.426049,-0.319395,-1.93317,0.0773236,0.0773111,-2.62926e-06,0.058417,,
62.424,odom,map,0.471932,-0.369765,-1.95259,0,0,0,,,
62.388,ekf_predict_only,map,0.418052,-0.342698,-2.04691,94.0685,95.7264,9.51938,,,
62.4,amcl,map,0.479969,-0.329855,-1.92495,0.0229124,0.0231852,0.00458824,,,
62.388,pf,map,0.399465,-0.349555,-1.92156,0.0673563,0.0682086,0.00176626,6.76104,333.939,0
62.46,odom,map,0.468678,-0.377665,-1.97026,0,0,0,,,
62.496,odom,map,0.465266,-0.385552,-1.98796,0,0,0,,,
62.532,odom,map,0.461729,-0.393346,-2.0057,0,0,0,,,
62.568,odom,map,0.458081,-0.40102,-2.02344,0,0,0,,,
62.604,odom,map,0.454321,-0.408328,-2.0411,0,0,0,,,
62.604,ekf_predict_only,map,0.394756,-0.387872,-2.15248,96.6348,95.3332,9.4844,,,
62.604,kf,map,0.405951,-0.365815,-2.03815,0.0738931,0.0738931,1.41887e-22,0.067875,,
62.604,ekf,map,0.40583,-0.365696,-2.03801,0.0782732,0.0782557,-4.80697e-06,0.121542,,
62.604,pf,map,0.38267,-0.373934,-2.053,0.0765628,0.0764816,-0.00893995,5.54221,301.468,0
62.64,odom,map,0.450559,-0.411005,-2.05905,0,0,0,,,
62.676,odom,map,0.446693,-0.413547,-2.07715,0,0,0,,,
62.712,odom,map,0.442748,-0.415916,-2.09504,0,0,0,,,
62.748,odom,map,0.438675,-0.418203,-2.11289,0,0,0,,,
62.784,odom,map,0.434465,-0.420425,-2.13078,0,0,0,,,
62.784,ekf,map,0.445605,-0.375656,-2.11867,0.0314462,0.0435576,-0.00377382,0.177166,,
62.82,odom,map,0.43,-0.425346,-2.14827,0,0,0,,,
62.784,ekf_predict_only,map,0.371524,-0.423202,-2.23854,98.7618,94.9707,9.27854,,,
62.784,kf,map,0.446924,-0.384725,-2.11388,0.0330765,0.070425,-0.0115535,0.11725,,
62.784,pf,map,0.453384,-0.352302,-2.12272,0.027284,0.0404936,0.00116844,6.89121,356.133,0
62.856,odom,map,0.425307,-0.432414,-2.16535,0,0,0,,,
62.892,odom,map,0.420483,-0.439423,-2.182,0,0,0,,,
62.928,odom,map,0.415542,-0.446352,-2.19856,0,0,0,,,
62.964,odom,map,0.410535,-0.453134,-2.21485,0,0,0,,,
63,odom,map,0.405457,-0.459785,-2.23073,0,0,0,,,
63,kf,map,0.430416,-0.421543,-2.21345,0.0331021,0.0700449,-0.0125261,0.107,,
63,ekf_predict_only,map,0.340668,-0.462331,-2.33159,101.175,94.4686,8.85122,,,
63,ekf,map,0.428455,-0.413853,-2.21812,0.0313059,0.044338,-0.00441462,0.223792,,
63,amcl,map,0.422862,-0.462395,-2.19454,0.0229976,0.0226926,0.00504234,,,
63,pf,map,0.423382,-0.428812,-2.20682,0.0263338,0.0432596,-0.0029626,10.4186,386.656,0
63.036,odom,map,0.400304,-0.46632,-2.24631,0,0,0,,,
63.072,odom,map,0.395061,-0.47276,-2.26182,0,0,0,,,
63.108,odom,map,0.389777,-0.479051,-2.27709,0,0,0,,,
63.144,odom,map,0.3845,-0.485143,-2.29198,0,0,0,,,
63.18,odom,map,0.379234,-0.491046,-2.30652,0,0,0,,,
63.216,kf,map,0.41093,-0.453454,-2.29533,0.0335342,0.0696176,-0.0131552,0.138042,,
63.216,odom,map,0.374519,-0.496372,-2.31962,0,0,0,,,
63.216,ekf,map,0.406631,-0.43932,-2.30326,0.031551,0.0451024,-0.00493239,0.288084,,
63.216,ekf_predict_only,map,0.308234,-0.496401,-2.41774,103.369,93.9861,8.26042,,,
63.216,pf,map,0.397716,-0.47546,-2.28446,0.0338513,0.0384944,-0.00216788,6.93029,342.8,0
63.252,odom,map,0.370697,-0.500897,-2.33049,0,0,0,,,
63.288,odom,map,0.366891,-0.505296,-2.34109,0,0,0,,,
63.324,odom,map,0.363134,-0.509541,-2.35156,0,0,0,,,
63.36,odom,map,0.359383,-0.513677,-2.36196,0,0,0,,,
63.396,odom,map,0.355729,-0.517624,-2.37205,0,0,0,,,
63.396,ekf_predict_only,map,0.282498,-0.51915,-2.48228,104.935,93.6853,7.70869,,,
63.396,kf,map,0.377089,-0.481252,-2.38335,0.033763,0.0691511,-0.0134955,0.095,,
63.396,ekf,map,0.377161,-0.482024,-2.38378,0.0314631,0.0450609,-0.00514246,0.104791,,
63.432,odom,map,0.350864,-0.522317,-2.38474,0,0,0,,,
63.396,pf,map,0.389309,-0.532115,-2.35734,0.0320804,0.0471529,-0.00868259,14.7688,392.136,0
63.468,odom,map,0.34584,-0.527002,-2.39765,0,0,0,,,
63.504,odom,map,0.340801,-0.531581,-2.41034,0,0,0,,,
63.54,odom,map,0.335891,-0.535931,-2.42271,0,0,0,,,
63.576,odom,map,0.331269,-0.539929,-2.43424,0,0,0,,,
63.612,odom,map,0.327574,-0.543059,-2.44324,0,0,0,,,
63.612,ekf_predict_only,map,0.272935,-0.526561,-2.52176,105.587,93.7084,7.48606,,,
63.612,ekf,map,0.352555,-0.506675,-2.45228,0.0318668,0.04611,-0.00559372,0.096666,,
63.612,kf,map,0.351412,-0.50189,-2.45416,0.034025,0.0691144,-0.0138026,0.934083,,
63.6,amcl,map,0.347597,-0.554326,-2.42444,0.0261405,0.0215619,0.00693661,,,
63.612,pf,map,0.336699,-0.522221,-2.45602,0.0316429,0.0434513,-0.00333153,6.11717,388.845,0
63.648,odom,map,0.32485,-0.54533,-2.44964,0,0,0,,,
63.684,odom,map,0.323115,-0.546763,-2.45344,0,0,0,,,
63.72,odom,map,0.322377,-0.547369,-2.45466,0,0,0,,,
63.756,odom,map,0.322349,-0.547392,-2.45466,0,0,0,,,
63.792,odom,map,0.322349,-0.547392,-2.45466,0,0,0,,,
63.828,odom,map,0.323948,-0.548854,-2.45226,0,0,0,,,
63.792,ekf_predict_only,map,0.272935,-0.526561,-2.52176,105.787,93.9084,7.48606,,,
63.792,kf,map,0.356472,-0.50345,-2.47007,0.0340283,0.0688854,-0.0138364,0.191792,,
63.792,ekf,map,0.358345,-0.508733,-2.46742,0.0316913,0.0457429,-0.00558628,0.109458,,
63.792,pf,map,0.369792,-0.517493,-2.46044,0.0349317,0.0368593,-0.00575017,8.10725,381.069,0
63.864,odom,map,0.326141,-0.550878,-2.44893,0,0,0,,,
63.9,odom,map,0.328308,-0.552903,-2.44561,0,0,0,,,
63.936,odom,map,0.33045,-0.554928,-2.44228,0,0,0,,,
63.972,odom,map,0.332567,-0.556953,-2.43896,0,0,0,,,
64.008,odom,map,0.334197,-0.558528,-2.43637,0,0,0,,,
64.008,kf,map,0.350939,-0.506221,-2.47079,0.034102,0.0690375,-0.0139,0.101333,,
64.008,ekf,map,0.351891,-0.509371,-2.46902,0.0319359,0.0462299,-0.00570623,0.106083,,
64.008,ekf_predict_only,map,0.272935,-0.526561,-2.52176,105.987,94.1084,7.48606,,,
64.008,pf,map,0.341955,-0.530718,-2.45655,0.0314615,0.0343002,-0.00429978,8.10692,401.357,0
64.044,odom,map,0.334197,-0.558528,-2.43637,0,0,0,,,
64.08,odom,map,0.334197,-0.558528,-2.43637,0,0,0,,,
64.116,odom,map,0.334197,-0.558528,-2.43637,0,0,0,,,
64.152,odom,map,0.334197,-0.558528,-2.43637,0,0,0,,,
64.188,odom,map,0.334197,-0.558528,-2.43637,0,0,0,,,
64.224,odom,map,0.334197,-0.558528,-2.43637,0,0,0,,,
64.188,ekf,map,0.351415,-0.509116,-2.4693,0.0317053,0.0457472,-0.00560286,0.181334,,
64.188,ekf_predict_only,map,0.272935,-0.526561,-2.52176,106.187,94.3084,7.48606,,,
64.188,kf,map,0.350548,-0.506566,-2.47074,0.034048,0.0688658,-0.0138612,0.097792,,
64.188,pf,map,0.345571,-0.490153,-2.49342,0.0285291,0.0447457,-0.00336228,8.41808,368.354,0
64.26,odom,map,0.334197,-0.558528,-2.43637,0,0,0,,,
64.296,odom,map,0.334197,-0.558528,-2.43637,0,0,0,,,
64.332,odom,map,0.334197,-0.558528,-2.43637,0,0,0,,,
64.368,odom,map,0.334197,-0.558528,-2.43637,0,0,0,,,
64.404,odom,map,0.334268,-0.558541,-2.4364,0,0,0,,,
64.404,ekf_predict_only,map,0.272935,-0.526561,-2.52176,106.387,94.5084,7.48606,,,
64.404,kf,map,0.351134,-0.506414,-2.47071,0.0341069,0.0690326,-0.0139062,0.126625,,
64.404,ekf,map,0.351988,-0.508819,-2.46936,0.031941,0.0462763,-0.0057181,0.129292,,
64.404,pf,map,0.329624,-0.484691,-2.48211,0.0332805,0.0429238,-0.00455786,5.78367,352.581,0
64.44,odom,map,0.335547,-0.558773,-2.43685,0,0,0,,,
64.476,odom,map,0.336826,-0.559005,-2.4373,0,0,0,,,
64.512,odom,map,0.338104,-0.559236,-2.43776,0,0,0,,,
64.548,odom,map,0.339381,-0.559468,-2.43821,0,0,0,,,
64.584,odom,map,0.340281,-0.56002,-2.43867,0,0,0,,,
64.62,odom,map,0.339549,-0.561223,-2.43933,0,0,0,,,
64.584,ekf_predict_only,map,0.264345,-0.532691,-2.52473,106.962,94.5538,7.27807,,,
64.584,kf,map,0.346208,-0.509198,-2.47041,0.0340665,0.0688472,-0.0138844,0.109584,,
64.584,ekf,map,0.346839,-0.510745,-2.46947,0.0317251,0.0458224,-0.00564225,0.09125,,
64.584,pf,map,0.327781,-0.525952,-2.44753,0.0262814,0.0399264,0.00226224,8.13242,415.044,0
64.656,odom,map,0.337731,-0.56276,-2.44018,0,0,0,,,
64.692,odom,map,0.335705,-0.564469,-2.4412,0,0,0,,,
64.728,odom,map,0.33344,-0.566376,-2.44279,0,0,0,,,
64.764,odom,map,0.330844,-0.568552,-2.44499,0,0,0,,,
64.8,odom,map,0.328129,-0.570818,-2.44754,0,0,0,,,
64.8,ekf_predict_only,map,0.246572,-0.545295,-2.54299,107.941,94.447,6.83775,,,
64.8,kf,map,0.334068,-0.518774,-2.48385,0.0342127,0.0689268,-0.014038,0.100625,,
64.8,ekf,map,0.335578,-0.522586,-2.48171,0.0320417,0.046648,-0.00592484,0.130291,,
64.8,pf,map,0.314766,-0.547389,-2.47568,0.0298655,0.0380412,-0.00713975,6.79983,390.59,0
64.836,odom,map,0.325334,-0.573136,-2.45058,0,0,0,,,
64.872,odom,map,0.322407,-0.575549,-2.45404,0,0,0,,,
64.908,odom,map,0.319338,-0.578059,-2.45807,0,0,0,,,
64.944,odom,map,0.316156,-0.580639,-2.46261,0,0,0,,,
64.98,odom,map,0.312949,-0.583215,-2.46725,0,0,0,,,
65.016,odom,map,0.30998,-0.585577,-2.47246,0,0,0,,,
65.016,ekf_predict_only,map,0.230211,-0.556455,-2.57811,108.838,94.3802,6.41781,,,
65.016,kf,map,0.322911,-0.529219,-2.50035,0.0343242,0.0688284,-0.0141761,0.107208,,
65.016,ekf,map,0.322054,-0.526453,-2.50131,0.0321544,0.0470544,-0.00615183,0.090291,,
65.016,pf,map,0.286292,-0.548914,-2.50469,0.0338768,0.0385806,-0.00358234,11.995,408.358,0
65.052,odom,map,0.307242,-0.587729,-2.47842,0,0,0,,,
65.088,odom,map,0.304534,-0.589831,-2.48536,0,0,0,,,
65.124,odom,map,0.302042,-0.591735,-2.49294,0,0,0,,,
65.16,odom,map,0.299285,-0.593807,-2.50068,0,0,0,,,
65.196,odom,map,0.296688,-0.595729,-2.50926,0,0,0,,,
65.232,odom,map,0.29421,-0.597527,-2.51829,0,0,0,,,
65.196,kf,map,0.299836,-0.542168,-2.54646,0.0343429,0.0685717,-0.0142238,0.097875,,
65.196,ekf_predict_only,map,0.217271,-0.564631,-2.62326,109.553,94.3798,6.07351,,,
65.196,ekf,map,0.301282,-0.546745,-2.54421,0.0319499,0.0466976,-0.00612879,0.0925,,
65.196,pf,map,0.322557,-0.554195,-2.53164,0.0288899,0.0387497,-0.00285287,8.49854,398.92,0
65.268,odom,map,0.291838,-0.599217,-2.52765,0,0,0,,,
65.304,odom,map,0.289746,-0.600675,-2.53803,0,0,0,,,
65.34,odom,map,0.287804,-0.601998,-2.54937,0,0,0,,,
65.376,odom,map,0.28588,-0.603276,-2.56111,0,0,0,,,
65.412,odom,map,0.283968,-0.604514,-2.57355,0,0,0,,,
65.412,ekf_predict_only,map,0.205432,-0.571383,-2.69999,110.182,94.4047,5.74801,,,
65.412,ekf,map,0.281509,-0.553943,-2.60659,0.0322736,0.0475123,-0.00641795,0.102834,,
65.412,kf,map,0.281179,-0.552444,-2.60771,0.0344612,0.0686784,-0.0143398,0.194959,,
65.412,pf,map,0.287771,-0.561468,-2.59151,0.0209669,0.0437936,-0.00671805,7.53675,336.98,0
65.448,odom,map,0.282029,-0.605734,-2.58668,0,0,0,,,
65.484,odom,map,0.280062,-0.606934,-2.60015,0,0,0,,,
65.52,odom,map,0.277981,-0.608167,-2.61409,0,0,0,,,
65.556,odom,map,0.275721,-0.609461,-2.62869,0,0,0,,,
65.592,odom,map,0.273248,-0.610829,-2.64383,0,0,0,,,
65.628,odom,map,0.270578,-0.612252,-2.65931,0,0,0,,,
65.592,ekf_predict_only,map,0.191137,-0.578141,-2.77866,110.813,94.4039,5.33943,,,
65.592,kf,map,0.270145,-0.558683,-2.68305,0.0344395,0.0684742,-0.0143392,0.107083,,
65.592,ekf,map,0.272249,-0.564335,-2.68009,0.0320869,0.0472673,-0.00641344,0.22725,,
65.601,amcl,map,0.27629,-0.623508,-2.65197,0.0267001,0.0185566,0.00747094,,,
65.592,pf,map,0.26465,-0.565358,-2.68022,0.025277,0.0398453,-0.00514521,8.57263,409.618,0
65.664,odom,map,0.267765,-0.613697,-2.67505,0,0,0,,,
65.7,odom,map,0.264782,-0.615169,-2.69097,0,0,0,,,
65.736,odom,map,0.261601,-0.616677,-2.70714,0,0,0,,,
65.772,odom,map,0.258307,-0.618172,-2.72346,0,0,0,,,
65.808,odom,map,0.254771,-0.619709,-2.73991,0,0,0,,,
65.808,ekf_predict_only,map,0.167538,-0.587103,-2.87848,111.589,94.2977,4.63947,,,
65.808,kf,map,0.252767,-0.566619,-2.77177,0.0345252,0.0686143,-0.0144158,0.103584,,
65.808,ekf,map,0.25331,-0.567675,-2.77088,0.0324024,0.048192,-0.00670934,0.104959,,
65.808,pf,map,0.205098,-0.603901,-2.79279,0.0690708,0.0678113,0.000223111,5.63775,352.501,0
65.844,odom,map,0.250954,-0.621292,-2.75652,0,0,0,,,
65.88,odom,map,0.246842,-0.622918,-2.77336,0,0,0,,,
65.916,odom,map,0.242541,-0.624536,-2.79033,0,0,0,,,
65.952,odom,map,0.237986,-0.626161,-2.80726,0,0,0,,,
65.988,odom,map,0.23306,-0.627825,-2.82419,0,0,0,,,
66.024,odom,map,0.227762,-0.629515,-2.84119,0,0,0,,,
65.988,ekf_predict_only,map,0.140128,-0.594486,-2.96358,112.266,94.1819,3.79508,,,
65.988,ekf,map,0.173628,-0.595458,-2.85359,0.0736059,0.074812,-0.000514766,0.061625,,
65.988,kf,map,0.175736,-0.59424,-2.85397,0.0706272,0.0732967,-0.00112887,0.05925,,
65.988,pf,map,0.176629,-0.621722,-2.86792,0.0655824,0.07701,0.00331951,5.58558,326.958,0
66.06,odom,map,0.222324,-0.631148,-2.85821,0,0,0,,,
66.096,odom,map,0.21667,-0.632743,-2.87509,0,0,0,,,
66.132,odom,map,0.210622,-0.634338,-2.8918,0,0,0,,,
66.168,odom,map,0.204202,-0.635919,-2.90842,0,0,0,,,
66.204,odom,map,0.197515,-0.637449,-2.92485,0,0,0,,,
66.204,ekf_predict_only,map,0.0972594,-0.602199,-3.06064,112.969,93.9741,2.43543,,,
66.204,kf,map,0.122579,-0.609307,-2.95272,0.0736811,0.0738647,-7.76489e-05,0.60825,,
66.204,ekf,map,0.12144,-0.609729,-2.95274,0.078025,0.0781205,-4.02794e-05,0.055916,,
66.201,amcl,map,0.217471,-0.651598,-2.92768,0.0296932,0.0169235,0.00754406,,,
66.204,pf,map,0.12314,-0.63447,-2.97419,0.0714664,0.077549,-0.00194928,8.48696,312.062,0
66.24,odom,map,0.190504,-0.638933,-2.94107,0,0,0,,,
66.276,odom,map,0.183178,-0.64036,-2.95712,0,0,0,,,
66.312,odom,map,0.175769,-0.641681,-2.97314,0,0,0,,,
66.348,odom,map,0.167987,-0.642941,-2.98886,0,0,0,,,
66.384,odom,map,0.159784,-0.644139,-3.00413,0,0,0,,,
66.42,odom,map,0.151627,-0.646425,-3.01965,0,0,0,,,
66.384,ekf_predict_only,map,0.0535807,-0.605742,-3.13589,113.401,93.867,1.0181,,,
66.384,kf,map,0.0803205,-0.616327,-3.03138,0.0736954,0.0737081,-5.3702e-06,0.059042,,
66.384,ekf,map,0.0800976,-0.616351,-3.03156,0.0773049,0.0773193,-4.82449e-06,0.102042,,
66.384,pf,map,0.0841196,-0.643368,-3.04486,0.0733702,0.0721082,0.003642,4.51729,290.038,0
66.456,odom,map,0.14356,-0.649533,-3.03547,0,0,0,,,
66.492,odom,map,0.135277,-0.652516,-3.05095,0,0,0,,,
66.528,odom,map,0.126593,-0.65539,-3.06582,0,0,0,,,
66.564,odom,map,0.117667,-0.658135,-3.08033,0,0,0,,,
66.6,odom,map,0.108638,-0.66074,-3.09473,0,0,0,,,
66.6,ekf_predict_only,map,-0.00559045,-0.60608,3.06931,113.623,93.8261,-0.921419,,,
66.6,kf,map,0.0246807,-0.620289,-3.11645,0.0738922,0.073893,-3.66031e-07,0.138875,,
66.6,ekf,map,0.0248153,-0.620111,-3.11691,0.0782546,0.0782711,-3.15381e-06,0.059458,,
66.6,pf,map,0.0158711,-0.644496,-3.12147,0.0714801,0.0771633,-0.00570717,9.85867,293.684,0
66.636,odom,map,0.0988542,-0.661192,-3.10796,0,0,0,,,
66.672,odom,map,0.0887176,-0.661468,-3.12061,0,0,0,,,
66.708,odom,map,0.0784636,-0.66162,-3.13281,0,0,0,,,
66.744,odom,map,0.0681804,-0.661649,3.13849,0,0,0,,,
66.78,odom,map,0.0578164,-0.661556,3.12691,0,0,0,,,
66.816,ekf_predict_only,map,-0.0687318,-0.601507,3.00341,113.524,93.992,-2.98918,,,
66.816,kf,map,-0.036318,-0.619346,3.09395,0.0739056,0.0739056,-2.49238e-08,0.524375,,
66.816,odom,map,0.0473383,-0.661343,3.11571,0,0,0,,,
66.816,ekf,map,-0.0361521,-0.619117,3.09343,0.0783786,0.0784019,-2.82476e-06,0.104042,,
66.801,amcl,map,0.0655997,-0.659708,3.10242,0.028301,0.0146766,0.00565593,,,
66.816,pf,map,-0.0562595,-0.62917,3.11007,0.0714612,0.0686143,0.00117322,5.37517,313.668,0
66.852,odom,map,0.0367196,-0.661011,3.10516,0,0,0,,,
66.888,odom,map,0.0260903,-0.660569,3.09475,0,0,0,,,
66.924,odom,map,0.0152259,-0.660003,3.08475,0,0,0,,,
66.96,odom,map,0.00402791,-0.659314,3.07564,0,0,0,,,
66.996,odom,map,-0.00731596,-0.658515,3.06713,0,0,0,,,
67.032,odom,map,-0.0162087,-0.657981,3.05892,0,0,0,,,
66.996,ekf_predict_only,map,-0.125405,-0.593626,2.96229,113.211,94.358,-4.82223,,,
66.996,ekf,map,-0.0908113,-0.614738,3.04506,0.0772886,0.0773132,-1.48286e-06,0.060292,,
66.996,kf,map,-0.0909717,-0.614912,3.04553,0.0737109,0.0737109,-1.72252e-09,0.111125,,
66.996,pf,map,-0.118188,-0.643147,3.04324,0.0826116,0.0741757,-0.0046041,4.92804,323.448,0
67.068,odom,map,-0.0248393,-0.657396,3.05123,0,0,0,,,
67.104,odom,map,-0.0337084,-0.656706,3.04486,0,0,0,,,
67.14,odom,map,-0.0426439,-0.655944,3.03968,0,0,0,,,
67.176,odom,map,-0.0514905,-0.655131,3.035,0,0,0,,,
67.212,ekf_predict_only,map,-0.194929,-0.581025,2.9514,112.598,95.0169,-7.0228,,,
67.212,ekf,map,-0.159919,-0.606288,3.01388,0.0782047,0.0782421,-6.52364e-08,0.057791,,
67.212,odom,map,-0.0612076,-0.65415,3.0325,0,0,0,,,
67.212,kf,map,-0.160038,-0.606527,3.01513,0.0738932,0.0738932,-1.17401e-10,0.647291,,
67.212,pf,map,-0.181559,-0.629584,3.00937,0.0744586,0.0727899,-0.00289324,4.81337,315.712,0
67.248,odom,map,-0.072953,-0.652854,3.03123,0,0,0,,,
67.284,odom,map,-0.0847173,-0.651546,3.03052,0,0,0,,,
67.32,odom,map,-0.0964168,-0.65024,3.03056,0,0,0,,,
67.356,odom,map,-0.108172,-0.648936,3.03196,0,0,0,,,
67.392,odom,map,-0.119968,-0.64765,3.03414,0,0,0,,,
67.428,odom,map,-0.131714,-0.646398,3.03688,0,0,0,,,
67.392,ekf_predict_only,map,-0.252794,-0.569884,2.96806,112.087,95.8138,-8.81148,,,
67.392,ekf,map,-0.218211,-0.598134,3.01457,0.0772879,0.0773228,1.38042e-06,0.066167,,
67.392,kf,map,-0.21826,-0.598313,3.01563,0.07371,0.07371,-8.11433e-12,0.124792,,
67.392,pf,map,-0.217336,-0.668327,3.01879,0.0706772,0.0689654,0.00242101,4.88079,320.77,0
67.464,odom,map,-0.143395,-0.645191,3.04055,0,0,0,,,
67.5,odom,map,-0.154925,-0.644049,3.04548,0,0,0,,,
67.536,odom,map,-0.166418,-0.642972,3.05088,0,0,0,,,
67.572,odom,map,-0.17779,-0.641972,3.05708,0,0,0,,,
67.608,odom,map,-0.189062,-0.640716,3.06349,0,0,0,,,
67.608,ekf_predict_only,map,-0.317774,-0.558494,3.02059,111.568,96.9177,-10.7839,,,
67.608,kf,map,-0.286173,-0.589837,3.04731,0.0738931,0.0738931,-5.53046e-13,0.059542,,
67.608,ekf,map,-0.286292,-0.589675,3.04585,0.0782351,0.0782801,3.20725e-06,0.0695,,
67.602,amcl,map,-0.185298,-0.636318,3.03503,0.0350515,0.0187262,0.00026081,,,
67.608,pf,map,-0.311573,-0.621477,3.03755,0.0776452,0.0781616,0.000154056,5.719,294.525,0
67.644,odom,map,-0.200279,-0.638321,3.0687,0,0,0,,,
67.68,odom,map,-0.211485,-0.635952,3.07422,0,0,0,,,
67.716,odom,map,-0.222711,-0.633609,3.0803,0,0,0,,,
67.752,odom,map,-0.233893,-0.631307,3.08751,0,0,0,,,
67.788,odom,map,-0.244867,-0.629066,3.09582,0,0,0,,,
67.824,odom,map,-0.25561,-0.628007,3.10643,0,0,0,,,
67.788,ekf,map,-0.341006,-0.585201,3.09212,0.0773102,0.0773476,3.13977e-06,0.057916,,
67.788,ekf_predict_only,map,-0.370617,-0.552068,3.07946,111.365,98.0356,-12.3828,,,
67.788,kf,map,-0.340901,-0.585283,3.09309,0.07371,0.07371,-3.82245e-14,0.053167,,
67.788,pf,map,-0.358696,-0.615558,3.0735,0.0759807,0.0768509,0.00561825,6.56337,302.878,0
67.86,odom,map,-0.266233,-0.627696,3.11856,0,0,0,,,
67.896,odom,map,-0.276713,-0.627523,3.13182,0,0,0,,,
67.932,odom,map,-0.287163,-0.627492,-3.1377,0,0,0,,,
67.968,odom,map,-0.29749,-0.627604,-3.12366,0,0,0,,,
68.004,odom,map,-0.30763,-0.62786,-3.10882,0,0,0,,,
68.004,kf,map,-0.40346,-0.583916,-3.11096,0.0738931,0.0738931,-2.60526e-15,0.063958,,
68.004,ekf,map,-0.403598,-0.583932,-3.11185,0.0782542,0.0782987,3.67144e-06,0.060584,,
68.004,ekf_predict_only,map,-0.431116,-0.548305,-3.113,111.331,99.4887,-14.2292,,,
68.004,pf,map,-0.408591,-0.618504,-3.11145,0.077788,0.0738125,0.00220826,5.02108,285.851,0
68.04,odom,map,-0.317593,-0.628262,-3.09341,0,0,0,,,
68.076,odom,map,-0.32743,-0.628814,-3.0777,0,0,0,,,
68.112,odom,map,-0.337098,-0.629511,-3.06133,0,0,0,,,
68.148,odom,map,-0.346532,-0.630349,-3.04433,0,0,0,,,
68.184,odom,map,-0.355658,-0.631319,-3.02681,0,0,0,,,
68.184,ekf_predict_only,map,-0.476453,-0.549601,-3.02442,111.611,100.77,-15.6558,,,
68.184,kf,map,-0.45132,-0.58702,-3.03024,0.07371,0.07371,-1.80066e-16,0.065833,,
68.184,ekf,map,-0.451475,-0.587073,-3.03083,0.0773211,0.0773558,2.29555e-06,0.053709,,
68.22,odom,map,-0.36466,-0.632438,-3.0091,0,0,0,,,
68.202,amcl,map,-0.326772,-0.629471,-3.0112,0.0349443,0.0203611,-0.00492557,,,
68.184,pf,map,-0.441049,-0.594321,-3.02106,0.0711933,0.0651733,-0.00191527,4.60821,306.038,0
68.256,odom,map,-0.37339,-0.633681,-2.99106,0,0,0,,,
68.292,odom,map,-0.381823,-0.635039,-2.97252,0,0,0,,,
68.328,odom,map,-0.389886,-0.636494,-2.95348,0,0,0,,,
68.364,odom,map,-0.397866,-0.638092,-2.93443,0,0,0,,,
68.4,odom,map,-0.405649,-0.639805,-2.91505,0,0,0,,,
68.4,kf,map,-0.501188,-0.594879,-2.91906,0.0738931,0.0738931,-1.22727e-17,0.101666,,
68.4,ekf,map,-0.501404,-0.595021,-2.91955,0.0782629,0.0783006,1.35384e-06,0.05675,,
68.4,ekf_predict_only,map,-0.523247,-0.555109,-2.90693,112.155,102.213,-17.1902,,,
68.4,pf,map,-0.484603,-0.622688,-2.92257,0.0737001,0.0747308,-0.00294844,4.78283,285.376,0
68.436,odom,map,-0.4126,-0.641873,-2.89705,0,0,0,,,
68.472,odom,map,-0.419271,-0.64401,-2.87883,0,0,0,,,
68.508,odom,map,-0.425628,-0.646186,-2.86043,0,0,0,,,
68.544,odom,map,-0.431554,-0.648358,-2.84179,0,0,0,,,
68.58,odom,map,-0.437273,-0.650583,-2.82298,0,0,0,,,
68.616,odom,map,-0.443131,-0.652821,-2.80342,0,0,0,,,
68.616,kf,map,-0.460735,-0.585362,-2.8128,0.0325931,0.0711359,-0.0106969,0.111958,,
68.616,ekf,map,-0.456573,-0.593906,-2.80997,0.0324867,0.0597584,-0.00756719,0.094792,,
68.616,ekf_predict_only,map,-0.561438,-0.56424,-2.78305,112.93,103.524,-18.524,,,
68.601,amcl,map,-0.408961,-0.638176,-2.80388,0.0375828,0.0222734,-0.00735005,,,
68.616,pf,map,-0.424392,-0.612794,-2.79921,0.0293458,0.0480793,-0.00536729,10.4359,474.286,0
68.652,odom,map,-0.448968,-0.654941,-2.78263,0,0,0,,,
68.688,odom,map,-0.454353,-0.657025,-2.76157,0,0,0,,,
68.724,odom,map,-0.459347,-0.659081,-2.74028,0,0,0,,,
68.76,odom,map,-0.464249,-0.661223,-2.71898,0,0,0,,,
68.796,odom,map,-0.468759,-0.663309,-2.69746,0,0,0,,,
68.796,kf,map,-0.495227,-0.598158,-2.69372,0.0320415,0.0708819,-0.0108573,0.1275,,
68.796,ekf,map,-0.495248,-0.598313,-2.69338,0.031737,0.0588747,-0.00762322,0.199167,,
68.832,odom,map,-0.472868,-0.665318,-2.67603,0,0,0,,,
68.796,ekf_predict_only,map,-0.582358,-0.572079,-2.67599,113.627,104.37,-19.3081,,,
68.796,pf,map,-0.493085,-0.56721,-2.70186,0.0232195,0.0492338,-0.000701017,16.9362,471.032,0
68.868,odom,map,-0.476707,-0.667297,-2.65468,0,0,0,,,
68.904,odom,map,-0.480418,-0.669313,-2.63337,0,0,0,,,
68.94,odom,map,-0.483798,-0.671242,-2.61208,0,0,0,,,
68.976,odom,map,-0.486716,-0.672991,-2.59061,0,0,0,,,
69.012,ekf_predict_only,map,-0.597036,-0.579454,-2.54744,114.298,105.039,-19.8945,,,
69.012,odom,map,-0.487475,-0.674414,-2.56826,0,0,0,,,
69.012,kf,map,-0.511309,-0.60804,-2.5741,0.0321348,0.0710049,-0.0109822,0.107791,,
69,amcl,map,-0.450033,-0.667385,-2.55904,0.0345514,0.0225204,-0.00817412,,,
69.012,ekf,map,-0.509866,-0.613727,-2.5723,0.0319977,0.0597526,-0.00784624,1.93646,,
69.012,pf,map,-0.541426,-0.62034,-2.58583,0.0293209,0.0430925,-0.0056627,8.04513,432.416,0
69.048,odom,map,-0.484219,-0.675538,-2.54384,0,0,0,,,
69.084,odom,map,-0.48071,-0.676566,-2.5194,0,0,0,,,
69.12,odom,map,-0.476934,-0.677469,-2.4951,0,0,0,,,
69.156,odom,map,-0.472953,-0.678279,-2.4709,0,0,0,,,
69.192,odom,map,-0.468878,-0.679067,-2.44677,0,0,0,,,
69.228,odom,map,-0.468646,-0.680069,-2.42496,0,0,0,,,
69.192,ekf_predict_only,map,-0.604039,-0.584186,-2.44262,114.801,105.467,-20.1965,,,
69.192,ekf,map,-0.518882,-0.611085,-2.45536,0.0318148,0.0591186,-0.00780399,0.139959,,
69.192,kf,map,-0.518075,-0.614096,-2.45463,0.0321211,0.0707926,-0.0110151,0.096792,,
69.192,pf,map,-0.527887,-0.639207,-2.44169,0.028639,0.0482855,-0.00465994,9.11829,487.038,0
69.264,odom,map,-0.469883,-0.681169,-2.40404,0,0,0,,,
69.3,odom,map,-0.471088,-0.682287,-2.38313,0,0,0,,,
69.336,odom,map,-0.472236,-0.683398,-2.36247,0,0,0,,,
69.372,odom,map,-0.473378,-0.684549,-2.34193,0,0,0,,,
69.408,odom,map,-0.474437,-0.685251,-2.32187,0,0,0,,,
69.408,ekf_predict_only,map,-0.611196,-0.590201,-2.32056,115.39,105.903,-20.5267,,,
69.408,kf,map,-0.581549,-0.635881,-2.33391,0.0706859,0.0736682,-0.00084945,0.070166,,
69.408,ekf,map,-0.585067,-0.636062,-2.33413,0.0747698,0.0768012,-0.000585767,0.062375,,
69.402,amcl,map,-0.477614,-0.681103,-2.33703,0.0286924,0.0219166,-0.00685216,,,
69.408,pf,map,-0.611104,-0.67246,-2.33717,0.0669741,0.0720059,-0.00417731,6.17833,354.159,0
69.444,odom,map,-0.475323,-0.684374,-2.30305,0,0,0,,,
69.48,odom,map,-0.47612,-0.683432,-2.28456,0,0,0,,,
69.516,odom,map,-0.476812,-0.682401,-2.26633,0,0,0,,,
69.552,odom,map,-0.477423,-0.6813,-2.24825,0,0,0,,,
69.588,odom,map,-0.478002,-0.680188,-2.23021,0,0,0,,,
69.588,ekf_predict_only,map,-0.614917,-0.594197,-2.22435,115.849,106.228,-20.714,,,
69.588,ekf,map,-0.547249,-0.618312,-2.22133,0.0324341,0.0594492,-0.0078205,0.103458,,
69.624,odom,map,-0.478627,-0.680344,-2.2114,0,0,0,,,
69.588,kf,map,-0.544695,-0.629785,-2.21778,0.0327101,0.0707522,-0.0110123,0.096084,,
69.588,pf,map,-0.521539,-0.655971,-2.20084,0.0387251,0.0455507,-0.0144541,12.8706,413.642,0
69.66,odom,map,-0.479237,-0.681178,-2.19221,0,0,0,,,
69.696,odom,map,-0.479813,-0.682,-2.17304,0,0,0,,,
69.732,odom,map,-0.480349,-0.682795,-2.15412,0,0,0,,,
69.768,odom,map,-0.48083,-0.683538,-2.13557,0,0,0,,,
69.804,odom,map,-0.48115,-0.684234,-2.11711,0,0,0,,,
69.804,ekf_predict_only,map,-0.616658,-0.596471,-2.11785,116.197,106.486,-20.8087,,,
69.804,kf,map,-0.532895,-0.630044,-2.11598,0.0322882,0.0708596,-0.0112344,0.237167,,
69.804,ekf,map,-0.533679,-0.625694,-2.11763,0.0321181,0.0599753,-0.00807374,0.123708,,
69.801,amcl,map,-0.482503,-0.693983,-2.11492,0.0281852,0.022059,-0.00583024,,,
69.804,pf,map,-0.534645,-0.635405,-2.10904,0.0304603,0.0455481,-0.00326205,8.90308,446.501,0
69.84,odom,map,-0.480189,-0.685969,-2.0975,0,0,0,,,
69.876,odom,map,-0.479189,-0.687652,-2.07809,0,0,0,,,
69.912,odom,map,-0.478147,-0.689269,-2.05893,0,0,0,,,
69.948,odom,map,-0.477062,-0.690815,-2.04023,0,0,0,,,
69.984,odom,map,-0.475964,-0.692338,-2.02176,0,0,0,,,
70.02,odom,map,-0.475492,-0.693053,-2.00451,0,0,0,,,
69.984,ekf_predict_only,map,-0.617023,-0.59707,-2.03563,116.436,106.698,-20.8306,,,
69.984,kf,map,-0.543355,-0.63449,-2.01522,0.0322433,0.0706706,-0.0112266,0.110875,,
69.984,ekf,map,-0.546997,-0.621628,-2.01936,0.0318998,0.059238,-0.00797166,0.147708,,
69.984,pf,map,-0.539834,-0.647836,-1.9873,0.0336895,0.0400314,-0.00516602,8.20133,446.761,0
70.056,odom,map,-0.475549,-0.693178,-1.98835,0,0,0,,,
70.092,odom,map,-0.475603,-0.693303,-1.97238,0,0,0,,,
70.128,odom,map,-0.475629,-0.693365,-1.95675,0,0,0,,,
70.164,odom,map,-0.475614,-0.693327,-1.94167,0,0,0,,,
70.2,odom,map,-0.475541,-0.693134,-1.92719,0,0,0,,,
70.2,ekf_predict_only,map,-0.616354,-0.595735,-1.94932,116.549,106.876,-20.7864,,,
70.2,kf,map,-0.552564,-0.637113,-1.93229,0.0322971,0.0708425,-0.0112648,0.096,,
70.2,ekf,map,-0.554486,-0.631012,-1.93458,0.0321201,0.0599672,-0.00808937,0.098791,,
70.2,pf,map,-0.532589,-0.653024,-1.92598,0.0324592,0.0558391,-0.0111554,6.27092,456.264,0
70.236,odom,map,-0.477362,-0.692883,-1.91501,0,0,0,,,
70.272,odom,map,-0.479304,-0.692793,-1.90371,0,0,0,,,
70.308,odom,map,-0.48128,-0.692774,-1.89494,0,0,0,,,
70.344,odom,map,-0.483262,-0.692755,-1.88877,0,0,0,,,
70.38,odom,map,-0.485252,-0.692734,-1.88519,0,0,0,,,
70.416,ekf_predict_only,map,-0.616354,-0.595735,-1.94932,116.749,107.076,-20.7864,,,
70.401,amcl,map,-0.497836,-0.700748,-1.88127,0.0275428,0.0233929,-0.00137639,,,
70.416,kf,map,-0.595731,-0.648941,-1.899,0.0706998,0.0736705,-0.000868185,0.064833,,
70.416,ekf,map,-0.598303,-0.649861,-1.89706,0.0748062,0.0768828,-0.000602489,0.079,,
70.416,odom,map,-0.486471,-0.692722,-1.88332,0,0,0,,,
70.416,pf,map,-0.602315,-0.667742,-1.87227,0.074552,0.0731522,-0.00410032,12.335,347.363,0
70.452,odom,map,-0.486595,-0.693107,-1.88104,0,0,0,,,
70.488,odom,map,-0.487091,-0.694665,-1.87746,0,0,0,,,
70.524,odom,map,-0.487817,-0.696974,-1.87345,0,0,0,,,
70.56,odom,map,-0.488683,-0.699767,-1.86984,0,0,0,,,
70.596,odom,map,-0.48981,-0.703447,-1.86626,0,0,0,,,
70.632,odom,map,-0.490663,-0.708383,-1.86096,0,0,0,,,
70.596,ekf_predict_only,map,-0.625224,-0.61804,-1.92399,118.415,107.576,-21.4552,,,
70.596,kf,map,-0.556306,-0.650652,-1.85187,0.0328664,0.0705968,-0.011278,0.183709,,
70.596,ekf,map,-0.558459,-0.640027,-1.85499,0.0325519,0.0594725,-0.00805342,0.112875,,
70.596,pf,map,-0.557417,-0.667047,-1.84359,0.0311868,0.0517046,-0.0127181,9.10558,425.389,0
70.668,odom,map,-0.491467,-0.713533,-1.85457,0,0,0,,,
70.704,odom,map,-0.492314,-0.718964,-1.84774,0,0,0,,,
70.74,odom,map,-0.4933,-0.725041,-1.84022,0,0,0,,,
70.776,odom,map,-0.494327,-0.731462,-1.83235,0,0,0,,,
70.812,odom,map,-0.495523,-0.737896,-1.82465,0,0,0,,,
70.812,kf,map,-0.565613,-0.680588,-1.82742,0.0326592,0.0704883,-0.0118483,0.109417,,
70.812,ekf,map,-0.566234,-0.677924,-1.82871,0.0324057,0.0599597,-0.00860586,0.146041,,
70.812,ekf_predict_only,map,-0.63821,-0.653266,-1.88328,120.994,108.224,-22.5011,,,
70.812,pf,map,-0.557094,-0.682681,-1.82672,0.0322728,0.057842,-0.00855228,8.53629,458.933,0
70.848,odom,map,-0.497144,-0.744234,-1.81753,0,0,0,,,
70.884,odom,map,-0.498843,-0.751091,-1.80997,0,0,0,,,
70.92,odom,map,-0.500609,-0.758457,-1.80216,0,0,0,,,
70.956,odom,map,-0.502355,-0.766004,-1.79433,0,0,0,,,
70.992,odom,map,-0.504104,-0.773841,-1.78648,0,0,0,,,
70.992,ekf_predict_only,map,-0.651426,-0.694172,-1.84348,124.052,108.89,-23.6849,,,
70.992,kf,map,-0.578,-0.716734,-1.78295,0.0329001,0.0700132,-0.0122816,0.262792,,
70.992,ekf,map,-0.58009,-0.709738,-1.7853,0.0324187,0.0592308,-0.00888725,0.276208,,
71.028,odom,map,-0.505874,-0.782074,-1.77855,0,0,0,,,
70.992,pf,map,-0.593033,-0.693654,-1.79036,0.0337236,0.0603297,-0.00743439,8.16283,444.684,0
71.064,odom,map,-0.50767,-0.790769,-1.77055,0,0,0,,,
71.1,odom,map,-0.509472,-0.799858,-1.76265,0,0,0,,,
71.136,odom,map,-0.511236,-0.809134,-1.75478,0,0,0,,,
71.172,odom,map,-0.512984,-0.818733,-1.74712,0,0,0,,,
71.208,odom,map,-0.515315,-0.828925,-1.7396,0,0,0,,,
71.208,ekf,map,-0.585567,-0.757405,-1.73367,0.03304,0.0598347,-0.00963174,0.114083,,
71.208,kf,map,-0.582328,-0.768342,-1.73005,0.0334371,0.0697013,-0.0130202,0.157875,,
71.208,ekf_predict_only,map,-0.668221,-0.754229,-1.79724,128.638,109.699,-25.3862,,,
71.208,pf,map,-0.579523,-0.773753,-1.73164,0.0329178,0.0480478,-0.00982761,6.05642,504.498,0
71.244,odom,map,-0.519686,-0.840053,-1.7326,0,0,0,,,
71.28,odom,map,-0.52403,-0.851419,-1.7259,0,0,0,,,
71.316,odom,map,-0.528369,-0.863161,-1.71931,0,0,0,,,
71.352,odom,map,-0.532665,-0.875052,-1.71272,0,0,0,,,
71.388,odom,map,-0.536915,-0.887074,-1.70612,0,0,0,,,
71.424,odom,map,-0.539408,-0.898841,-1.69907,0,0,0,,,
71.388,kf,map,-0.588294,-0.819421,-1.70016,0.0338746,0.069038,-0.01364,0.112667,,
71.388,ekf_predict_only,map,-0.681268,-0.810857,-1.76068,133.178,110.384,-26.9385,,,
71.388,ekf,map,-0.590345,-0.813044,-1.70253,0.0331707,0.0589964,-0.010012,0.957666,,
71.388,pf,map,-0.576739,-0.819388,-1.69279,0.0324905,0.0481644,-0.00835783,9.59262,449.983,0
71.46,odom,map,-0.54088,-0.910569,-1.69234,0,0,0,,,
71.496,odom,map,-0.542299,-0.922515,-1.68578,0,0,0,,,
71.532,odom,map,-0.543654,-0.934594,-1.67922,0,0,0,,,
71.568,odom,map,-0.544942,-0.946784,-1.67293,0,0,0,,,
71.604,odom,map,-0.546166,-0.959092,-1.66694,0,0,0,,,
71.604,ekf_predict_only,map,-0.695316,-0.88395,-1.72623,139.278,111.118,-28.8947,,,
71.604,kf,map,-0.614889,-0.89553,-1.66626,0.034621,0.0685166,-0.0145274,0.10575,,
71.604,ekf,map,-0.616621,-0.891961,-1.66761,0.0339915,0.0594194,-0.0109281,0.101042,,
71.601,amcl,map,-0.532477,-0.954748,-1.66624,0.033046,0.0348616,-0.00407387,,,
71.604,pf,map,-0.619202,-0.863685,-1.67008,0.0279094,0.0530324,-0.0068594,8.37917,456.702,0
71.64,odom,map,-0.54732,-0.971441,-1.66117,0,0,0,,,
71.676,odom,map,-0.548404,-0.983799,-1.65542,0,0,0,,,
71.712,odom,map,-0.549419,-0.996182,-1.64978,0,0,0,,,
71.748,odom,map,-0.550364,-1.00855,-1.64441,0,0,0,,,
71.784,odom,map,-0.551238,-1.02081,-1.6395,0,0,0,,,
71.784,kf,map,-0.617035,-0.953809,-1.6307,0.0351797,0.0677325,-0.0151735,0.110416,,
71.784,ekf,map,-0.620216,-0.945621,-1.6333,0.0342308,0.0585207,-0.0113601,0.109791,,
71.82,odom,map,-0.552049,-1.03304,-1.63463,0,0,0,,,
71.784,ekf_predict_only,map,-0.7048,-0.944474,-1.70189,144.617,111.685,-30.47,,,
71.784,pf,map,-0.604082,-0.963503,-1.6238,0.0358845,0.0604521,-0.0144035,7.01646,418.128,0
71.856,odom,map,-0.552794,-1.04513,-1.62999,0,0,0,,,
71.892,odom,map,-0.553474,-1.05705,-1.62576,0,0,0,,,
71.928,odom,map,-0.554105,-1.06893,-1.62187,0,0,0,,,
71.964,odom,map,-0.554689,-1.08081,-1.61803,0,0,0,,,
72,odom,map,-0.555229,-1.09272,-1.61435,0,0,0,,,
72,ekf_predict_only,map,-0.714102,-1.01503,-1.68437,151.098,112.251,-32.2719,,,
72,kf,map,-0.623989,-1.0252,-1.60598,0.0359959,0.0671417,-0.0159925,0.14225,,
72,ekf,map,-0.627509,-1.017,-1.60868,0.0351076,0.0588559,-0.0122211,0.778167,,
72,pf,map,-0.620623,-1.04527,-1.59174,0.0284126,0.0450161,-0.00714396,7.91479,481.949,0
72.036,odom,map,-0.555727,-1.10458,-1.6112,0,0,0,,,
72.072,odom,map,-0.556188,-1.1164,-1.60831,0,0,0,,,
72.108,odom,map,-0.556614,-1.1282,-1.60542,0,0,0,,,
72.144,odom,map,-0.557009,-1.14007,-1.60297,0,0,0,,,
72.18,odom,map,-0.557386,-1.15208,-1.60172,0,0,0,,,
72.216,ekf_predict_only,map,-0.722221,-1.0862,-1.6926,157.953,112.775,-34.071,,,
72.216,kf,map,-0.620389,-1.09248,-1.59929,0.0367796,0.0663711,-0.016722,0.110375,,
72.216,odom,map,-0.55776,-1.16404,-1.60261,0,0,0,,,
72.216,ekf,map,-0.623348,-1.08548,-1.60145,0.0357705,0.0585631,-0.0129127,0.097625,,
72.216,pf,map,-0.621371,-1.08428,-1.60184,0.0334067,0.049933,-0.0102185,7.45333,453.026,0
72.252,odom,map,-0.558148,-1.17598,-1.60398,0,0,0,,,
72.288,odom,map,-0.558556,-1.18799,-1.606,0,0,0,,,
72.324,odom,map,-0.559,-1.2,-1.60972,0,0,0,,,
72.36,odom,map,-0.559495,-1.212,-1.61432,0,0,0,,,
72.396,odom,map,-0.56005,-1.22408,-1.6193,0,0,0,,,
72.432,odom,map,-0.55845,-1.23556,-1.62487,0,0,0,,,
72.396,kf,map,-0.635412,-1.15708,-1.61514,0.0373774,0.0655358,-0.0172324,0.100458,,
72.396,ekf,map,-0.639117,-1.14981,-1.61743,0.0359936,0.0574644,-0.0131714,0.164708,,
72.396,ekf_predict_only,map,-0.729467,-1.1454,-1.72585,163.933,113.268,-35.62,,,
72.402,amcl,map,-0.565342,-1.22115,-1.62339,0.0455396,0.0378873,-0.00766666,,,
72.396,pf,map,-0.640254,-1.13196,-1.61754,0.0259387,0.0486974,-0.0127648,14.5444,483.775,0
72.468,odom,map,-0.556634,-1.24676,-1.63188,0,0,0,,,
72.504,odom,map,-0.5549,-1.25792,-1.63926,0,0,0,,,
72.54,odom,map,-0.553253,-1.26909,-1.64721,0,0,0,,,
72.576,odom,map,-0.551711,-1.28036,-1.65615,0,0,0,,,
72.612,odom,map,-0.551035,-1.29167,-1.66652,0,0,0,,,
72.612,ekf,map,-0.631553,-1.21295,-1.66518,0.0369613,0.0577602,-0.0139854,0.099208,,
72.612,kf,map,-0.628091,-1.22046,-1.66291,0.0382256,0.0649123,-0.0178953,0.09675,,
72.612,ekf_predict_only,map,-0.740316,-1.2148,-1.79017,171.192,113.912,-37.5929,,,
72.612,pf,map,-0.612454,-1.21641,-1.65464,0.0348982,0.0594208,-0.0139141,6.62929,463.382,0
72.648,odom,map,-0.552216,-1.30332,-1.67724,0,0,0,,,
72.684,odom,map,-0.553522,-1.31492,-1.68866,0,0,0,,,
72.72,odom,map,-0.554958,-1.32646,-1.70081,0,0,0,,,
72.756,odom,map,-0.556535,-1.33794,-1.71385,0,0,0,,,
72.792,odom,map,-0.558254,-1.34934,-1.72725,0,0,0,,,
72.792,ekf_predict_only,map,-0.75262,-1.26999,-1.86201,177.225,114.625,-39.3935,,,
72.792,kf,map,-0.673882,-1.29689,-1.73336,0.070917,0.0730068,-0.00140134,0.065292,,
72.828,odom,map,-0.560103,-1.36055,-1.74133,0,0,0,,,
72.792,ekf,map,-0.676528,-1.29609,-1.7338,0.0740361,0.0755837,-0.00117248,0.116375,,
72.792,pf,map,-0.68763,-1.30575,-1.72543,0.0701294,0.0665426,-0.000855782,13.9018,347.204,0
72.864,odom,map,-0.562071,-1.3715,-1.75607,0,0,0,,,
72.9,odom,map,-0.564179,-1.3823,-1.77108,0,0,0,,,
72.936,odom,map,-0.566414,-1.3929,-1.78664,0,0,0,,,
72.972,odom,map,-0.568764,-1.40322,-1.80291,0,0,0,,,
73.008,odom,map,-0.57121,-1.41319,-1.81996,0,0,0,,,
73.008,ekf_predict_only,map,-0.770188,-1.3286,-1.96536,183.833,115.574,-41.6036,,,
73.008,ekf,map,-0.700411,-1.36644,-1.82804,0.078065,0.0781313,-8.80679e-05,0.058209,,
73.008,kf,map,-0.698968,-1.36608,-1.82842,0.073701,0.0738448,-9.63909e-05,0.145416,,
73.008,pf,map,-0.706182,-1.40408,-1.82348,0.0730807,0.0700454,-8.94915e-05,4.62063,328.935,0
73.044,odom,map,-0.57381,-1.42305,-1.83719,0,0,0,,,
73.08,odom,map,-0.576509,-1.43262,-1.85473,0,0,0,,,
73.116,odom,map,-0.579307,-1.4419,-1.87272,0,0,0,,,
73.152,odom,map,-0.582195,-1.45088,-1.89107,0,0,0,,,
73.188,odom,map,-0.585237,-1.45978,-1.90944,0,0,0,,,
73.224,odom,map,-0.590681,-1.46823,-1.92861,0,0,0,,,
73.2,amcl,map,-0.600879,-1.45546,-1.91324,0.0668127,0.0397429,-0.0123132,,,
73.188,kf,map,-0.716535,-1.4142,-1.91699,0.0736967,0.0737067,-6.66639e-06,0.102958,,
73.188,ekf,map,-0.717134,-1.4145,-1.91663,0.0773138,0.0773035,-6.54943e-06,0.059292,,
73.188,ekf_predict_only,map,-0.787613,-1.37045,-2.05974,188.742,116.537,-43.4999,,,
73.188,pf,map,-0.713724,-1.44331,-1.90697,0.0743949,0.0708527,-0.00872238,5.87171,326.464,0
73.26,odom,map,-0.597471,-1.47615,-1.94854,0,0,0,,,
73.296,odom,map,-0.60439,-1.48391,-1.96857,0,0,0,,,
73.332,odom,map,-0.611414,-1.49144,-1.98889,0,0,0,,,
73.368,odom,map,-0.618512,-1.4987,-2.00948,0,0,0,,,
73.404,odom,map,-0.625443,-1.50563,-2.03018,0,0,0,,,
73.404,ekf,map,-0.737595,-1.46245,-2.0325,0.0782665,0.0782513,-2.28545e-06,0.065542,,
73.404,kf,map,-0.737211,-1.46218,-2.03282,0.0738922,0.0738929,-4.54379e-07,0.055167,,
73.404,ekf_predict_only,map,-0.809909,-1.41235,-2.17975,193.772,117.741,-45.7285,,,
73.404,pf,map,-0.735366,-1.45207,-2.03579,0.0762938,0.0766604,0.000805761,4.63225,304.12,0
73.44,odom,map,-0.629022,-1.51269,-2.05018,0,0,0,,,
73.476,odom,map,-0.632636,-1.51947,-2.07029,0,0,0,,,
73.512,odom,map,-0.636227,-1.5259,-2.09059,0,0,0,,,
73.548,odom,map,-0.639755,-1.53192,-2.11102,0,0,0,,,
73.584,odom,map,-0.643159,-1.53747,-2.13172,0,0,0,,,
73.62,odom,map,-0.646633,-1.54287,-2.15245,0,0,0,,,
73.584,kf,map,-0.755252,-1.49406,-2.13382,0.07371,0.07371,-3.14051e-08,0.061417,,
73.584,ekf,map,-0.755513,-1.49428,-2.13362,0.0773313,0.0773197,-2.71597e-06,0.0595,,
73.584,ekf_predict_only,map,-0.828288,-1.43871,-2.28338,197.067,118.793,-47.4187,,,
73.602,amcl,map,-0.657912,-1.51992,-2.14122,0.0593829,0.0297546,-0.0108079,,,
73.584,pf,map,-0.781113,-1.51143,-2.14023,0.0731489,0.0672132,-0.00574826,8.67058,300.562,0
73.656,odom,map,-0.65004,-1.54794,-2.17322,0,0,0,,,
73.692,odom,map,-0.653343,-1.55264,-2.19414,0,0,0,,,
73.728,odom,map,-0.656562,-1.55702,-2.21498,0,0,0,,,
73.764,odom,map,-0.659841,-1.56129,-2.23577,0,0,0,,,
73.8,odom,map,-0.662995,-1.56523,-2.25659,0,0,0,,,
73.8,ekf,map,-0.775092,-1.52176,-2.25817,0.0782741,0.0782624,-3.9238e-06,0.058458,,
73.8,ekf_predict_only,map,-0.846316,-1.45957,-2.40947,199.749,119.85,-48.987,,,
73.8,kf,map,-0.774756,-1.52147,-2.25831,0.0738931,0.0738931,-2.14047e-09,0.064375,,
73.8,pf,map,-0.82135,-1.54109,-2.25963,0.0789259,0.0732835,-0.000420449,4.73042,323.869,0
73.836,odom,map,-0.666017,-1.56885,-2.27754,0,0,0,,,
73.872,odom,map,-0.669038,-1.57231,-2.29855,0,0,0,,,
73.908,odom,map,-0.671959,-1.57552,-2.31949,0,0,0,,,
73.944,odom,map,-0.674724,-1.57844,-2.34049,0,0,0,,,
73.98,odom,map,-0.677314,-1.58106,-2.36157,0,0,0,,,
74.016,odom,map,-0.679413,-1.58318,-2.38221,0,0,0,,,
74.016,ekf_predict_only,map,-0.861812,-1.4735,-2.53628,201.622,120.804,-50.2562,,,
74.001,amcl,map,-0.678601,-1.57162,-2.35867,0.0609741,0.0261159,-0.0120275,,,
74.016,kf,map,-0.791939,-1.54025,-2.38418,0.0739056,0.0739056,-1.45748e-10,0.532333,,
74.016,ekf,map,-0.792251,-1.54047,-2.38409,0.0783946,0.0783857,-3.7492e-06,0.146458,,
74.016,pf,map,-0.818335,-1.59362,-2.37686,0.0715202,0.0732218,-0.00168218,5.35579,312.333,0
74.052,odom,map,-0.680643,-1.58452,-2.40205,0,0,0,,,
74.088,odom,map,-0.681533,-1.58547,-2.42177,0,0,0,,,
74.124,odom,map,-0.682345,-1.58628,-2.44147,0,0,0,,,
74.16,odom,map,-0.683022,-1.58692,-2.46101,0,0,0,,,
74.196,odom,map,-0.683483,-1.58732,-2.48036,0,0,0,,,
74.232,odom,map,-0.684775,-1.58831,-2.5005,0,0,0,,,
74.196,kf,map,-0.801959,-1.54882,-2.48739,0.0737109,0.0737109,-1.00729e-11,0.063667,,
74.196,ekf_predict_only,map,-0.869023,-1.47849,-2.63742,202.425,121.36,-50.8146,,,
74.196,ekf,map,-0.802208,-1.54899,-2.48747,0.0772982,0.0772932,-2.48204e-06,0.055792,,
74.196,pf,map,-0.809026,-1.57189,-2.49201,0.0779013,0.0733954,-0.00130446,5.46621,313.516,0
74.268,odom,map,-0.686191,-1.58934,-2.52073,0,0,0,,,
74.304,odom,map,-0.6875,-1.59026,-2.54081,0,0,0,,,
74.34,odom,map,-0.68853,-1.59095,-2.56057,0,0,0,,,
74.376,odom,map,-0.689496,-1.59157,-2.5802,0,0,0,,,
74.412,ekf_predict_only,map,-0.873957,-1.48121,-2.75481,202.954,121.805,-51.1808,,,
74.412,kf,map,-0.809273,-1.55393,-2.60692,0.0738932,0.0738932,-6.86534e-13,0.115334,,
74.412,ekf,map,-0.809493,-1.55407,-2.60706,0.0782125,0.0782085,-2.18812e-06,0.115208,,
74.412,odom,map,-0.691395,-1.59124,-2.60009,0,0,0,,,
74.4,amcl,map,-0.697521,-1.56898,-2.59057,0.0547323,0.0202304,-0.00817485,,,
74.412,pf,map,-0.802716,-1.58293,-2.62616,0.0767638,0.0708955,-0.00689662,7.87492,299.224,0
74.448,odom,map,-0.695527,-1.58887,-2.62072,0,0,0,,,
74.484,odom,map,-0.699408,-1.58634,-2.64126,0,0,0,,,
74.52,odom,map,-0.703189,-1.58374,-2.66175,0,0,0,,,
74.556,odom,map,-0.706897,-1.58109,-2.68192,0,0,0,,,
74.592,odom,map,-0.71042,-1.57835,-2.70168,0,0,0,,,
74.592,ekf_predict_only,map,-0.873662,-1.48109,-2.84773,203.139,121.99,-51.1599,,,
74.628,odom,map,-0.711329,-1.57755,-2.72055,0,0,0,,,
74.592,ekf,map,-0.811299,-1.55508,-2.70309,0.0772923,0.07729,-1.28722e-06,0.110083,,
74.592,kf,map,-0.811145,-1.55499,-2.70291,0.07371,0.07371,-4.74506e-14,1.27079,,
74.592,pf,map,-0.842501,-1.58233,-2.72275,0.0774647,0.0721931,-0.000844311,7.92571,291.991,0
74.664,odom,map,-0.711173,-1.57748,-2.73914,0,0,0,,,
74.7,odom,map,-0.710859,-1.57735,-2.75724,0,0,0,,,
74.736,odom,map,-0.710478,-1.5772,-2.77496,0,0,0,,,
74.772,odom,map,-0.710064,-1.57705,-2.79249,0,0,0,,,
74.808,odom,map,-0.709011,-1.57725,-2.80914,0,0,0,,,
74.808,ekf_predict_only,map,-0.870468,-1.48013,-2.95075,203.222,122.031,-50.9425,,,
74.808,ekf,map,-0.809679,-1.55449,-2.81051,0.0782383,0.0782365,-1.04049e-06,0.117792,,
74.802,amcl,map,-0.704835,-1.56926,-2.80755,0.0457666,0.0170299,-0.003161,,,
74.808,kf,map,-0.809562,-1.55442,-2.81022,0.0738931,0.0738931,-3.23408e-15,0.064667,,
74.808,pf,map,-0.835944,-1.5739,-2.82893,0.0722563,0.0699249,-0.00269502,5.76117,322.846,0
74.844,odom,map,-0.705929,-1.57876,-2.82358,0,0,0,,,
74.88,odom,map,-0.702628,-1.5802,-2.83755,0,0,0,,,
74.916,odom,map,-0.699303,-1.58163,-2.85128,0,0,0,,,
74.952,odom,map,-0.695973,-1.58306,-2.86487,0,0,0,,,
74.988,odom,map,-0.692489,-1.58445,-2.87806,0,0,0,,,
74.988,ekf_predict_only,map,-0.864732,-1.47902,-3.02649,203.288,121.947,-50.5682,,,
74.988,ekf,map,-0.805211,-1.55321,-2.89187,0.0773119,0.0773109,-6.16546e-07,0.059375,,
75.024,odom,map,-0.690487,-1.58476,-2.89244,0,0,0,,,
74.988,kf,map,-0.805133,-1.55316,-2.89153,0.07371,0.07371,-2.23528e-16,0.081166,,
74.988,pf,map,-0.813093,-1.5852,-2.91819,0.0695291,0.0668595,-0.010737,4.82217,312.759,0
75.06,odom,map,-0.689352,-1.58448,-2.90759,0,0,0,,,
75.096,odom,map,-0.688259,-1.58422,-2.92254,0,0,0,,,
75.132,odom,map,-0.68744,-1.58405,-2.93682,0,0,0,,,
75.168,odom,map,-0.687412,-1.58404,-2.94868,0,0,0,,,
75.204,odom,map,-0.687426,-1.58387,-2.95802,0,0,0,,,
75.204,ekf_predict_only,map,-0.864732,-1.47902,-3.02649,203.488,122.147,-50.5682,,,
75.204,kf,map,-0.802291,-1.55263,-2.95783,0.0738931,0.0738931,-1.52349e-17,0.059458,,
75.204,ekf,map,-0.802136,-1.55262,-2.96066,0.0782554,0.0782547,-5.03084e-07,0.058666,,
75.204,pf,map,-0.81969,-1.55875,-2.98332,0.0749591,0.0747392,0.00215675,10.0944,299.993,0
75.24,odom,map,-0.687681,-1.58077,-2.96575,0,0,0,,,
75.276,odom,map,-0.687938,-1.57767,-2.9709,0,0,0,,,
75.312,odom,map,-0.688515,-1.57462,-2.97474,0,0,0,,,
75.348,odom,map,-0.690028,-1.57172,-2.97944,0,0,0,,,
75.384,odom,map,-0.692001,-1.56888,-2.98427,0,0,0,,,
75.42,odom,map,-0.694603,-1.56789,-2.98854,0,0,0,,,
75.384,ekf_predict_only,map,-0.87999,-1.48078,-3.04549,203.902,123.107,-51.5351,,,
75.384,ekf,map,-0.807452,-1.55348,-2.99177,0.0773218,0.0773217,-3.45403e-07,0.064042,,
75.384,kf,map,-0.807946,-1.5536,-2.99046,0.07371,0.07371,-1.05298e-18,0.058625,,
75.384,pf,map,-0.820819,-1.59149,-2.9883,0.0691459,0.0799962,-0.00192373,4.767,299.012,0
75.456,odom,map,-0.698137,-1.56843,-2.99157,0,0,0,,,
75.492,odom,map,-0.701921,-1.569,-2.99437,0,0,0,,,
75.528,odom,map,-0.705956,-1.56959,-2.99671,0,0,0,,,
75.564,odom,map,-0.710801,-1.57029,-2.99803,0,0,0,,,
75.6,odom,map,-0.71639,-1.5711,-2.9986,0,0,0,,,
75.6,kf,map,-0.833287,-1.55708,-3.00405,0.0738931,0.0738931,-7.17678e-20,0.067167,,
75.6,ekf_predict_only,map,-0.918043,-1.48445,-3.04456,204.546,125.271,-53.9348,,,
75.6,ekf,map,-0.832449,-1.55688,-3.00519,0.0782634,0.0782661,-7.09377e-07,0.063875,,
75.6,amcl,map,-0.72937,-1.56444,-3.01785,0.0447295,0.0153042,-0.00359275,,,
75.6,pf,map,-0.830752,-1.56384,-2.99683,0.0715969,0.0705251,-0.000388346,6.164,331.301,0
75.636,odom,map,-0.723609,-1.57191,-3.00031,0,0,0,,,
75.672,odom,map,-0.731518,-1.57278,-3.00133,0,0,0,,,
75.708,odom,map,-0.739927,-1.57371,-3.00187,0,0,0,,,
75.744,odom,map,-0.748595,-1.57465,-3.00229,0,0,0,,,
75.78,odom,map,-0.757655,-1.57563,-3.00236,0,0,0,,,
75.816,odom,map,-0.766742,-1.57673,-3.00158,0,0,0,,,
75.816,kf,map,-0.875154,-1.56264,-3.00036,0.0739056,0.0739056,-4.88679e-21,0.058292,,
75.816,ekf_predict_only,map,-0.968876,-1.4894,-3.03371,205.347,128.244,-57.1564,,,
75.816,ekf,map,-0.874448,-1.56248,-3.00104,0.0783859,0.0783939,-1.37307e-06,0.106833,,
75.816,pf,map,-0.893372,-1.56643,-2.99676,0.0747985,0.0807251,-0.00232128,7.76658,300.549,0
75.852,odom,map,-0.77517,-1.57792,-2.99977,0,0,0,,,
75.888,odom,map,-0.783931,-1.57918,-2.99794,0,0,0,,,
75.924,odom,map,-0.793044,-1.58051,-2.99627,0,0,0,,,
75.96,odom,map,-0.802407,-1.58188,-2.99467,0,0,0,,,
75.996,odom,map,-0.811832,-1.58329,-2.99308,0,0,0,,,
75.996,ekf,map,-0.918614,-1.56881,-2.99455,0.0772931,0.0773051,-1.85489e-06,0.060083,,
76.032,odom,map,-0.821498,-1.58474,-2.99178,0,0,0,,,
75.996,kf,map,-0.919026,-1.56889,-2.99439,0.0737109,0.0737109,-3.37734e-22,0.057958,,
75.996,ekf_predict_only,map,-1.01815,-1.49474,-3.02773,206.197,131.298,-60.3114,,,
75.996,pf,map,-0.960449,-1.60127,-2.9943,0.0728727,0.0804207,0.00199573,7.28329,304.524,0
76.068,odom,map,-0.831488,-1.58625,-2.99063,0,0,0,,,
76.104,odom,map,-0.841792,-1.58783,-2.98973,0,0,0,,,
76.14,odom,map,-0.852175,-1.58942,-2.98901,0,0,0,,,
76.176,odom,map,-0.862805,-1.59106,-2.98853,0,0,0,,,
76.212,odom,map,-0.873875,-1.59277,-2.98829,0,0,0,,,
76.212,ekf_predict_only,map,-1.08533,-1.50242,-3.02641,207.336,135.651,-64.654,,,
76.212,kf,map,-0.980971,-1.57824,-2.99051,0.0738932,0.0738932,-2.30188e-23,0.066125,,
76.212,ekf,map,-0.980591,-1.5782,-2.99039,0.0782085,0.0782321,-3.56004e-06,0.05425,,
76.212,pf,map,-0.978255,-1.60934,-2.98024,0.070936,0.0752351,-0.000264482,10.9857,303.731,0
76.248,odom,map,-0.885099,-1.5945,-2.98819,0,0,0,,,
76.284,odom,map,-0.896392,-1.59625,-2.98818,0,0,0,,,
76.32,odom,map,-0.907803,-1.59801,-2.98854,0,0,0,,,
76.356,odom,map,-0.919276,-1.59978,-2.98962,0,0,0,,,
76.392,odom,map,-0.93076,-1.60152,-2.99132,0,0,0,,,
76.428,odom,map,-0.943167,-1.60215,-2.99461,0,0,0,,,
76.392,ekf,map,-1.03681,-1.58684,-2.99468,0.0772903,0.0773161,-3.92544e-06,0.057958,,
76.392,kf,map,-1.03702,-1.58683,-2.99503,0.07371,0.07371,-1.59097e-24,0.054541,,
76.392,ekf_predict_only,map,-1.14416,-1.50922,-3.03767,208.371,139.738,-68.4888,,,
76.392,pf,map,-1.0516,-1.59327,-2.99926,0.0767216,0.0687851,-0.0021514,7.81483,315.507,0
76.464,odom,map,-0.955895,-1.60229,-2.99918,0,0,0,,,
76.5,odom,map,-0.968715,-1.60235,-3.00437,0,0,0,,,
76.536,odom,map,-0.981618,-1.60233,-3.00979,0,0,0,,,
76.572,odom,map,-0.994521,-1.60222,-3.01556,0,0,0,,,
76.608,odom,map,-1.00717,-1.60239,-3.02145,0,0,0,,,
76.608,kf,map,-1.10673,-1.5968,-3.01595,0.0738931,0.0738931,-1.08435e-25,0.063,,
76.608,ekf,map,-1.10661,-1.59683,-3.01535,0.0782371,0.0782758,-5.89143e-06,0.058541,,
76.608,ekf_predict_only,map,-1.21534,-1.51665,-3.06757,209.486,144.953,-73.1344,,,
76.602,amcl,map,-0.985522,-1.61024,-3.00087,0.0568865,0.0256885,-0.00953255,,,
76.608,pf,map,-1.14471,-1.62126,-3.0275,0.0821484,0.0821751,0.00577573,4.97492,309.909,0
76.644,odom,map,-1.019,-1.60379,-3.02637,0,0,0,,,
76.68,odom,map,-1.03085,-1.60513,-3.03135,0,0,0,,,
76.716,odom,map,-1.04262,-1.6064,-3.03672,0,0,0,,,
76.752,odom,map,-1.05445,-1.60761,-3.04241,0,0,0,,,
76.788,odom,map,-1.06628,-1.60875,-3.04816,0,0,0,,,
76.788,ekf_predict_only,map,-1.27448,-1.52103,-3.09676,210.228,149.581,-76.9529,,,
76.788,kf,map,-1.16545,-1.6037,-3.04098,0.07371,0.07371,-7.49465e-27,0.060333,,
76.824,odom,map,-1.0781,-1.60983,-3.05399,0,0,0,,,
76.788,ekf,map,-1.16541,-1.6037,-3.04064,0.0773114,0.0773471,-5.26301e-06,0.108708,,
76.788,pf,map,-1.18717,-1.63569,-3.04087,0.0798342,0.0703132,0.00538941,6.99067,285.756,0
76.86,odom,map,-1.08993,-1.61083,-3.06003,0,0,0,,,
76.896,odom,map,-1.1017,-1.61176,-3.06652,0,0,0,,,
76.932,odom,map,-1.11344,-1.6126,-3.07323,0,0,0,,,
76.968,odom,map,-1.1251,-1.61336,-3.07998,0,0,0,,,
77.004,odom,map,-1.13668,-1.61403,-3.08697,0,0,0,,,
77.004,ekf_predict_only,map,-1.34387,-1.52415,-3.13918,210.813,155.279,-81.3733,,,
77.004,kf,map,-1.23544,-1.60973,-3.07963,0.0738931,0.0738931,-5.10811e-28,0.061708,,
77.004,ekf,map,-1.23548,-1.6097,-3.07933,0.0782553,0.078302,-6.36609e-06,0.06025,,
77.004,pf,map,-1.23923,-1.61308,-3.06682,0.070579,0.0684766,-0.000336491,4.65587,308.021,0
77.04,odom,map,-1.14824,-1.61462,-3.09404,0,0,0,,,
77.076,odom,map,-1.15995,-1.61514,-3.1021,0,0,0,,,
77.112,odom,map,-1.17174,-1.61554,-3.1123,0,0,0,,,
77.148,odom,map,-1.18363,-1.61583,-3.1234,0,0,0,,,
77.184,odom,map,-1.19554,-1.61597,-3.13478,0,0,0,,,
77.184,ekf_predict_only,map,-1.40381,-1.52429,3.08059,211.031,160.493,-85.0942,,,
77.184,kf,map,-1.29477,-1.61227,-3.13056,0.07371,0.07371,-3.53054e-29,0.068083,,
77.184,ekf,map,-1.29475,-1.61226,-3.12989,0.0773219,0.0773623,-4.81319e-06,0.055417,,
77.22,odom,map,-1.20751,-1.61599,3.13631,0,0,0,,,
77.184,pf,map,-1.28809,-1.61169,-3.12202,0.0704437,0.0756813,0.00254836,9.62237,325.725,0
77.256,odom,map,-1.21949,-1.61584,3.12321,0,0,0,,,
77.292,odom,map,-1.2314,-1.61555,3.10989,0,0,0,,,
77.328,odom,map,-1.24327,-1.61509,3.09651,0,0,0,,,
77.364,odom,map,-1.25513,-1.61448,3.08283,0,0,0,,,
77.4,odom,map,-1.26693,-1.6137,3.06839,0,0,0,,,
77.4,ekf_predict_only,map,-1.47452,-1.51997,2.99314,210.696,166.923,-89.2814,,,
77.4,kf,map,-1.3659,-1.61094,3.07395,0.0738931,0.0738931,-2.4063e-30,0.060708,,
77.4,ekf,map,-1.36591,-1.61086,3.07461,0.0782635,0.0783146,-4.66139e-06,0.054958,,
77.4,amcl,map,-1.25661,-1.63301,3.08133,0.0655492,0.0355354,-0.0178719,,,
77.4,pf,map,-1.36627,-1.62586,3.05472,0.0750239,0.0743564,0.00324462,5.17567,301.404,0
77.436,odom,map,-1.27521,-1.61513,3.05726,0,0,0,,,
77.472,odom,map,-1.28326,-1.61654,3.04596,0,0,0,,,
77.508,odom,map,-1.2912,-1.61786,3.03427,0,0,0,,,
77.544,odom,map,-1.29908,-1.61907,3.02208,0,0,0,,,
77.58,odom,map,-1.30696,-1.62016,3.00985,0,0,0,,,
77.616,ekf_predict_only,map,-1.54214,-1.50986,2.897,209.649,173.402,-92.9813,,,
77.616,kf,map,-1.43482,-1.60357,2.98304,0.0739056,0.0739056,-1.63849e-31,0.08,,
77.616,ekf,map,-1.43486,-1.60342,2.98349,0.0783858,0.0784374,-2.795e-06,0.061458,,
77.616,odom,map,-1.31611,-1.62016,2.99604,0,0,0,,,
77.616,pf,map,-1.4774,-1.63027,2.98035,0.0823372,0.0750207,0.000899614,6.30025,288.318,0
77.652,odom,map,-1.32727,-1.61843,2.97967,0,0,0,,,
77.688,odom,map,-1.33836,-1.61652,2.96315,0,0,0,,,
77.724,odom,map,-1.34926,-1.61446,2.94635,0,0,0,,,
77.76,odom,map,-1.35989,-1.61227,2.92935,0,0,0,,,
77.796,odom,map,-1.37031,-1.60993,2.91224,0,0,0,,,
77.832,odom,map,-1.38065,-1.60742,2.89511,0,0,0,,,
77.796,ekf,map,-1.48875,-1.59252,2.90034,0.077293,0.0773333,-3.49532e-07,0.058167,,
77.796,kf,map,-1.48868,-1.59266,2.9001,0.0737109,0.0737109,-1.13239e-32,0.055042,,
77.796,ekf_predict_only,map,-1.59377,-1.49697,2.81132,208.27,178.607,-95.5195,,,
77.796,pf,map,-1.51081,-1.63415,2.90389,0.0791404,0.067514,0.00438982,6.64925,311.314,0
77.868,odom,map,-1.39077,-1.60478,2.87825,0,0,0,,,
77.904,odom,map,-1.40059,-1.60205,2.86136,0,0,0,,,
77.94,odom,map,-1.41019,-1.5992,2.84434,0,0,0,,,
77.976,odom,map,-1.41967,-1.5962,2.82726,0,0,0,,,
78.012,kf,map,-1.54704,-1.57543,2.79843,0.0738932,0.0738932,-7.71796e-34,0.056708,,
78.012,ekf,map,-1.54716,-1.57521,2.79856,0.0782087,0.0782542,2.24959e-06,0.055709,,
78.012,odom,map,-1.42898,-1.59309,2.8101,0,0,0,,,
78.012,ekf_predict_only,map,-1.64903,-1.47803,2.70818,206.17,184.368,-97.9215,,,
78,amcl,map,-1.43903,-1.59867,2.79596,0.0526129,0.034623,-0.0161733,,,
78.012,pf,map,-1.55512,-1.60356,2.799,0.0787926,0.0707743,0.00212525,5.1905,298.09,0
78.048,odom,map,-1.43791,-1.58993,2.79319,0,0,0,,,
78.084,odom,map,-1.44674,-1.58664,2.77631,0,0,0,,,
78.12,odom,map,-1.45547,-1.58321,2.75943,0,0,0,,,
78.156,odom,map,-1.464,-1.57971,2.74272,0,0,0,,,
78.192,odom,map,-1.47209,-1.57622,2.72628,0,0,0,,,
78.228,odom,map,-1.48124,-1.57322,2.70897,0,0,0,,,
78.192,kf,map,-1.58989,-1.55794,2.71545,0.07371,0.07371,-5.33436e-35,0.058125,,
78.192,ekf,map,-1.59,-1.55775,2.71543,0.0772907,0.0773242,3.53343e-06,0.119708,,
78.192,ekf_predict_only,map,-1.68855,-1.45974,2.62614,204.173,188.674,-99.3454,,,
78.192,pf,map,-1.60079,-1.586,2.70782,0.0763413,0.0599585,-0.00237872,8.0115,311.047,0
78.264,odom,map,-1.49061,-1.57039,2.6913,0,0,0,,,
78.3,odom,map,-1.4995,-1.56762,2.67381,0,0,0,,,
78.336,odom,map,-1.50804,-1.56486,2.65643,0,0,0,,,
78.372,odom,map,-1.51635,-1.56206,2.6391,0,0,0,,,
78.408,odom,map,-1.52409,-1.55904,2.62218,0,0,0,,,
78.408,ekf_predict_only,map,-1.72697,-1.43798,2.53063,201.788,192.97,-100.466,,,
78.408,ekf,map,-1.63252,-1.53603,2.61834,0.0782382,0.078272,5.81371e-06,0.122583,,
78.408,kf,map,-1.63236,-1.53628,2.61844,0.0738931,0.0738931,-3.63573e-36,0.068,,
78.408,pf,map,-1.65099,-1.5811,2.60855,0.0753306,0.0793017,0.00214899,9.15488,299.452,0
78.444,odom,map,-1.53028,-1.55544,2.60643,0,0,0,,,
78.48,odom,map,-1.53617,-1.55188,2.59086,0,0,0,,,
78.516,odom,map,-1.54177,-1.54839,2.57535,0,0,0,,,
78.552,odom,map,-1.54711,-1.54493,2.55985,0,0,0,,,
78.588,odom,map,-1.55225,-1.5415,2.54461,0,0,0,,,
78.588,ekf_predict_only,map,-1.74969,-1.42206,2.45563,200.119,195.641,-100.936,,,
78.588,kf,map,-1.65997,-1.51873,2.54116,0.07371,0.07371,-2.51288e-37,0.145375,,
78.588,ekf,map,-1.66017,-1.51849,2.54102,0.0773126,0.0773348,5.04206e-06,0.078834,,
78.624,odom,map,-1.55707,-1.53817,2.52957,0,0,0,,,
78.6,amcl,map,-1.57898,-1.53361,2.54031,0.0499606,0.0392724,-0.0206797,,,
78.588,pf,map,-1.68234,-1.55426,2.52643,0.0739842,0.0824652,-0.000579898,6.67708,303.835,0
78.66,odom,map,-1.56159,-1.53494,2.51457,0,0,0,,,
78.696,odom,map,-1.56591,-1.53177,2.49969,0,0,0,,,
78.732,odom,map,-1.56987,-1.52876,2.48518,0,0,0,,,
78.768,odom,map,-1.57342,-1.52598,2.47111,0,0,0,,,
78.804,odom,map,-1.57678,-1.52328,2.45706,0,0,0,,,
78.804,ekf,map,-1.6847,-1.50019,2.45394,0.0782569,0.0782765,5.65496e-06,0.066958,,
78.804,kf,map,-1.68446,-1.50047,2.45418,0.0738931,0.0738931,-1.7127e-38,0.054792,,
78.804,ekf_predict_only,map,-1.76944,-1.4059,2.37223,198.439,198.017,-101.193,,,
78.804,pf,map,-1.69276,-1.54104,2.44082,0.0804035,0.0839486,0.0012556,6.44637,277.017,0
78.84,odom,map,-1.58055,-1.52019,2.4408,0,0,0,,,
78.876,odom,map,-1.58414,-1.51715,2.42476,0,0,0,,,
78.912,odom,map,-1.58741,-1.51429,2.40918,0,0,0,,,
78.948,odom,map,-1.59048,-1.51151,2.39395,0,0,0,,,
78.984,odom,map,-1.59272,-1.50944,2.38094,0,0,0,,,
79.02,odom,map,-1.59373,-1.50848,2.37183,0,0,0,,,
78.984,ekf_predict_only,map,-1.76944,-1.4059,2.36413,198.639,198.217,-101.193,,,
78.984,kf,map,-1.69533,-1.49074,2.4037,0.07371,0.07371,-1.18375e-39,0.056417,,
78.984,ekf,map,-1.6959,-1.49019,2.40157,0.0773229,0.0773345,3.59295e-06,0.889875,,
78.984,pf,map,-1.70305,-1.52044,2.38265,0.0688712,0.0732538,0.00367711,7.63912,297.343,0
79.056,odom,map,-1.59379,-1.50842,2.36635,0,0,0,,,
79.092,odom,map,-1.59379,-1.50842,2.36347,0,0,0,,,
79.128,odom,map,-1.59379,-1.50842,2.36299,0,0,0,,,
79.164,odom,map,-1.59379,-1.50842,2.36299,0,0,0,,,
79.2,odom,map,-1.59379,-1.50842,2.36299,0,0,0,,,
79.2,ekf_predict_only,map,-1.76944,-1.4059,2.36413,198.839,198.417,-101.193,,,
79.2,kf,map,-1.69883,-1.48757,2.38005,0.0738931,0.0738931,-8.06808e-41,0.173375,,
79.2,ekf,map,-1.69917,-1.48727,2.37819,0.0782643,0.0782736,2.9767e-06,0.054625,,
79.2,pf,map,-1.72703,-1.51081,2.37981,0.0797031,0.0801446,0.00573024,9.06929,301.654,0
79.236,odom,map,-1.59379,-1.50842,2.36299,0,0,0,,,
79.272,odom,map,-1.59389,-1.50833,2.36291,0,0,0,,,
79.308,odom,map,-1.59468,-1.50755,2.36231,0,0,0,,,
79.344,odom,map,-1.59572,-1.50652,2.36136,0,0,0,,,
79.38,odom,map,-1.59698,-1.50527,2.36001,0,0,0,,,
79.416,odom,map,-1.60009,-1.50346,2.35901,0,0,0,,,
79.416,ekf,map,-1.70591,-1.48079,2.36611,0.0783865,0.0783928,2.17545e-06,0.058625,,
79.416,ekf_predict_only,map,-1.77999,-1.39551,2.34976,197.84,199.791,-101.224,,,
79.416,kf,map,-1.70605,-1.48066,2.36646,0.0739056,0.0739056,-5.49369e-42,0.120083,,
79.416,pf,map,-1.7115,-1.5018,2.38217,0.0706819,0.0807242,-0.00099538,5.26063,306.443,0
79.452,odom,map,-1.60612,-1.50076,2.35867,0,0,0,,,
79.488,odom,map,-1.61225,-1.49797,2.35812,0,0,0,,,
79.524,odom,map,-1.61857,-1.49499,2.35683,0,0,0,,,
79.56,odom,map,-1.62479,-1.49211,2.35452,0,0,0,,,
79.596,odom,map,-1.63079,-1.48945,2.35045,0,0,0,,,
79.632,odom,map,-1.63303,-1.48754,2.34351,0,0,0,,,
79.596,ekf_predict_only,map,-1.78895,-1.38643,2.31368,196.998,200.995,-101.23,,,
79.596,kf,map,-1.71496,-1.47178,2.34171,0.0737109,0.0737109,-3.79678e-43,0.059291,,
79.596,ekf,map,-1.71493,-1.47182,2.34218,0.0772935,0.0772969,1.44954e-06,0.063375,,
79.596,pf,map,-1.72783,-1.47839,2.33736,0.0800671,0.0812429,-0.000546077,7.54558,304.991,0
79.668,odom,map,-1.63464,-1.48588,2.33572,0,0,0,,,
79.704,odom,map,-1.63605,-1.4844,2.32677,0,0,0,,,
79.74,odom,map,-1.63739,-1.48296,2.31701,0,0,0,,,
79.776,odom,map,-1.63868,-1.48156,2.30657,0,0,0,,,
79.812,odom,map,-1.63989,-1.48021,2.29513,0,0,0,,,
79.812,kf,map,-1.72319,-1.46301,2.28434,0.0738932,0.0738932,-2.58775e-44,0.106458,,
79.8,amcl,map,-1.64259,-1.48573,2.2961,0.0426031,0.0364687,-0.0205007,,,
79.812,ekf,map,-1.72324,-1.46296,2.2854,0.0782088,0.0782116,1.44255e-06,0.0575,,
79.812,ekf_predict_only,map,-1.79611,-1.37864,2.23987,196.309,202,-101.2,,,
79.812,pf,map,-1.73589,-1.47713,2.30209,0.0738879,0.0627386,-0.000222534,7.33904,304.245,0
79.848,odom,map,-1.64117,-1.47874,2.28228,0,0,0,,,
79.884,odom,map,-1.64246,-1.47722,2.26921,0,0,0,,,
79.92,odom,map,-1.64383,-1.47557,2.25578,0,0,0,,,
79.956,odom,map,-1.64538,-1.47364,2.24168,0,0,0,,,
79.992,odom,map,-1.64723,-1.47128,2.22705,0,0,0,,,
79.992,kf,map,-1.73165,-1.45279,2.21906,0.07371,0.07371,-1.78856e-45,0.108292,,
80.028,odom,map,-1.64924,-1.46863,2.2123,0,0,0,,,
79.992,ekf_predict_only,map,-1.80643,-1.36559,2.16617,195.03,203.367,-101.047,,,
79.992,ekf,map,-1.73156,-1.4529,2.21971,0.0772906,0.077292,1.19079e-06,0.059875,,
79.992,pf,map,-1.74091,-1.46729,2.23305,0.0691585,0.0794626,-0.00197448,7.36079,296.329,0
80.064,odom,map,-1.65135,-1.46576,2.19714,0,0,0,,,
80.1,odom,map,-1.65367,-1.4625,2.18143,0,0,0,,,
80.136,odom,map,-1.65618,-1.45884,2.16544,0,0,0,,,
80.172,odom,map,-1.65877,-1.45494,2.14934,0,0,0,,,
80.208,odom,map,-1.66158,-1.45056,2.13299,0,0,0,,,
80.208,ekf_predict_only,map,-1.82496,-1.33823,2.06789,192.167,205.684,-100.522,,,
80.208,kf,map,-1.74675,-1.43117,2.12612,0.0738931,0.0738931,-1.21902e-46,0.071166,,
80.208,ekf,map,-1.74646,-1.43148,2.12657,0.0782385,0.0782391,2.19831e-06,0.05625,,
80.208,pf,map,-1.78436,-1.44438,2.13475,0.0680144,0.0783105,0.00129231,7.71113,315.319,0
80.244,odom,map,-1.66463,-1.44563,2.11637,0,0,0,,,
80.28,odom,map,-1.66775,-1.44039,2.0996,0,0,0,,,
80.316,odom,map,-1.67085,-1.43498,2.08266,0,0,0,,,
80.352,odom,map,-1.67405,-1.42917,2.06556,0,0,0,,,
80.388,odom,map,-1.6774,-1.42282,2.04871,0,0,0,,,
80.388,ekf_predict_only,map,-1.84215,-1.30655,1.98378,188.888,207.868,-99.6368,,,
80.388,kf,map,-1.76204,-1.40385,2.04327,0.07371,0.07371,-8.42543e-48,0.120791,,
80.388,ekf,map,-1.7618,-1.40408,2.04343,0.0773146,0.0773135,2.98509e-06,0.056625,,
80.424,odom,map,-1.68066,-1.4164,2.03188,0,0,0,,,
80.4,amcl,map,-1.68364,-1.42387,2.02078,0.0378143,0.0376082,-0.0237812,,,
80.388,pf,map,-1.79945,-1.40646,2.05473,0.0705867,0.0700557,-0.00201908,4.69337,311.153,0
80.46,odom,map,-1.68389,-1.40976,2.0152,0,0,0,,,
80.496,odom,map,-1.68718,-1.40269,1.99889,0,0,0,,,
80.532,odom,map,-1.69052,-1.39522,1.98265,0,0,0,,,
80.568,odom,map,-1.69377,-1.38761,1.96638,0,0,0,,,
80.604,odom,map,-1.69701,-1.37979,1.95014,0,0,0,,,
80.604,ekf_predict_only,map,-1.8628,-1.25941,1.88661,184.044,210.481,-97.9888,,,
80.604,kf,map,-1.78149,-1.36084,1.94543,0.0738931,0.0738931,-5.7425e-49,0.062292,,
80.604,ekf,map,-1.7812,-1.36106,1.94542,0.0782636,0.0782586,5.75625e-06,0.582208,,
80.604,pf,map,-1.80589,-1.37207,1.94869,0.0761639,0.0733859,0.00283418,4.49204,307.11,0
80.64,odom,map,-1.70074,-1.37241,1.93373,0,0,0,,,
80.676,odom,map,-1.70454,-1.36442,1.91772,0,0,0,,,
80.712,odom,map,-1.7082,-1.35634,1.90172,0,0,0,,,
80.748,odom,map,-1.71179,-1.34797,1.88617,0,0,0,,,
80.784,odom,map,-1.71536,-1.3392,1.87107,0,0,0,,,
80.82,odom,map,-1.71858,-1.32962,1.85668,0,0,0,,,
80.784,ekf,map,-1.7968,-1.31569,1.87035,0.0773338,0.0773251,6.54691e-06,0.106292,,
80.784,kf,map,-1.79707,-1.31548,1.87062,0.07371,0.07371,-3.969e-50,0.09625,,
80.784,ekf_predict_only,map,-1.87914,-1.20942,1.81721,179.069,212.61,-95.8817,,,
80.784,pf,map,-1.80847,-1.32353,1.86837,0.0723533,0.0748454,-0.000454304,6.66633,326.316,0
80.856,odom,map,-1.72148,-1.3195,1.8428,0,0,0,,,
80.892,odom,map,-1.72427,-1.30922,1.8292,0,0,0,,,
80.928,odom,map,-1.72701,-1.29857,1.81619,0,0,0,,,
80.964,odom,map,-1.72965,-1.28771,1.8034,0,0,0,,,
81,odom,map,-1.73222,-1.27659,1.79105,0,0,0,,,
81,ekf_predict_only,map,-1.89595,-1.14259,1.74389,172.631,214.816,-92.729,,,
81,ekf,map,-1.8133,-1.25286,1.79067,0.0782867,0.0782678,1.01356e-05,0.056292,,
81,kf,map,-1.81361,-1.25265,1.7911,0.0738931,0.0738931,-2.70514e-51,0.060125,,
81,amcl,map,-1.71553,-1.3026,1.79033,0.0323242,0.0445521,-0.0216182,,,
81,pf,map,-1.81991,-1.28256,1.78596,0.0810217,0.0814555,0.00385561,6.80508,272.627,0
81.036,odom,map,-1.73467,-1.26532,1.77923,0,0,0,,,
81.072,odom,map,-1.73702,-1.25386,1.7681,0,0,0,,,
81.108,odom,map,-1.73927,-1.24231,1.7571,0,0,0,,,
81.144,odom,map,-1.74142,-1.23054,1.74655,0,0,0,,,
81.18,odom,map,-1.74349,-1.21852,1.73661,0,0,0,,,
81.216,odom,map,-1.74532,-1.20613,1.72584,0,0,0,,,
81.216,ekf,map,-1.82623,-1.18272,1.72739,0.0784179,0.0783899,1.12772e-05,0.057667,,
81.216,ekf_predict_only,map,-1.90877,-1.06926,1.68905,165.918,216.56,-88.9188,,,
81.216,kf,map,-1.82655,-1.18253,1.72799,0.0739056,0.0739056,-1.84198e-52,0.104458,,
81.216,pf,map,-1.83409,-1.23437,1.74605,0.0805876,0.0727049,0.00225417,6.18783,290.732,0
81.252,odom,map,-1.74676,-1.19333,1.71316,0,0,0,,,
81.288,odom,map,-1.748,-1.18055,1.70142,0,0,0,,,
81.324,odom,map,-1.74906,-1.16772,1.6907,0,0,0,,,
81.36,odom,map,-1.74995,-1.15485,1.68041,0,0,0,,,
81.396,odom,map,-1.75067,-1.14205,1.67076,0,0,0,,,
81.396,ekf,map,-1.83407,-1.12213,1.69132,0.0773248,0.0772957,9.07546e-06,0.106,,
81.432,odom,map,-1.75179,-1.12976,1.66521,0,0,0,,,
81.396,ekf_predict_only,map,-1.91602,-1.0082,1.66535,160.66,217.639,-85.5457,,,
81.396,kf,map,-1.8343,-1.12209,1.69206,0.0737109,0.0737109,-1.27302e-53,1.17821,,
81.396,pf,map,-1.83918,-1.13454,1.66251,0.0787282,0.0676268,0.00327287,7.47304,308.989,0
81.468,odom,map,-1.75291,-1.11763,1.6609,0,0,0,,,
81.504,odom,map,-1.75398,-1.10552,1.65674,0,0,0,,,
81.54,odom,map,-1.755,-1.09348,1.65305,0,0,0,,,
81.576,odom,map,-1.75596,-1.08159,1.65013,0,0,0,,,
81.612,odom,map,-1.75687,-1.06997,1.64821,0,0,0,,,
81.612,kf,map,-1.84155,-1.05101,1.66963,0.0738932,0.0738932,-8.67647e-55,0.055834,,
81.612,ekf,map,-1.84137,-1.05089,1.66879,0.0782524,0.0782108,1.01057e-05,0.055125,,
81.612,ekf_predict_only,map,-1.92259,-0.938931,1.65452,154.994,218.638,-81.6112,,,
81.612,pf,map,-1.86917,-1.06684,1.66038,0.0745919,0.0667121,-0.00563137,5.6265,309.086,0
81.648,odom,map,-1.75776,-1.05841,1.6464,0,0,0,,,
81.684,odom,map,-1.75861,-1.04704,1.6451,0,0,0,,,
81.72,odom,map,-1.75943,-1.03589,1.64439,0,0,0,,,
81.756,odom,map,-1.76024,-1.02498,1.64452,0,0,0,,,
81.792,odom,map,-1.76104,-1.01411,1.64485,0,0,0,,,
81.828,odom,map,-1.7604,-1.00726,1.64825,0,0,0,,,
81.792,ekf_predict_only,map,-1.92707,-0.885596,1.66047,150.916,219.384,-78.5367,,,
81.792,ekf,map,-1.84632,-0.995216,1.66503,0.0773276,0.0772915,7.2623e-06,0.063042,,
81.792,kf,map,-1.84643,-0.995363,1.6657,0.07371,0.07371,-5.99685e-56,0.117625,,
81.801,amcl,map,-1.76705,-1.0397,1.6836,0.0243767,0.0507937,-0.0191727,,,
81.792,pf,map,-1.85652,-1.00229,1.66042,0.0659481,0.0654959,-0.00867293,6.07562,319.422,0
81.864,odom,map,-1.75928,-1.002,1.65328,0,0,0,,,
81.9,odom,map,-1.75825,-0.996845,1.65879,0,0,0,,,
81.936,odom,map,-1.7573,-0.991766,1.66454,0,0,0,,,
81.972,odom,map,-1.75645,-0.986726,1.67075,0,0,0,,,
82.008,ekf,map,-1.85225,-0.932424,1.67797,0.0782816,0.0782378,7.34724e-06,0.132875,,
82.008,odom,map,-1.75609,-0.980678,1.67678,0,0,0,,,
82.008,kf,map,-1.85231,-0.932605,1.67866,0.0738931,0.0738931,-4.08726e-57,0.057542,,
82.008,ekf_predict_only,map,-1.93249,-0.825276,1.68278,146.527,220.248,-75.0518,,,
82.008,pf,map,-1.85629,-0.936123,1.67437,0.0878034,0.0777037,-0.00387339,5.46871,290.909,0
82.044,odom,map,-1.75717,-0.97067,1.68059,0,0,0,,,
82.08,odom,map,-1.75829,-0.960702,1.68452,0,0,0,,,
82.116,odom,map,-1.75942,-0.95095,1.68868,0,0,0,,,
82.152,odom,map,-1.76058,-0.941329,1.69323,0,0,0,,,
82.188,odom,map,-1.76179,-0.931733,1.69793,0,0,0,,,
82.224,odom,map,-1.76302,-0.92228,1.70304,0,0,0,,,
82.188,kf,map,-1.85784,-0.883494,1.6988,0.07371,0.07371,-2.82496e-58,0.062375,,
82.188,ekf_predict_only,map,-1.93779,-0.778186,1.70932,143.329,221.098,-72.352,,,
82.188,ekf,map,-1.85782,-0.883352,1.69833,0.0773463,0.0773117,5.19002e-06,0.055333,,
82.188,pf,map,-1.87982,-0.890743,1.68033,0.0753538,0.0633725,-0.00362738,9.57446,291.224,0
82.26,odom,map,-1.76432,-0.912733,1.70834,0,0,0,,,
82.296,odom,map,-1.7657,-0.902938,1.713,0,0,0,,,
82.332,odom,map,-1.76713,-0.893052,1.71683,0,0,0,,,
82.368,odom,map,-1.7686,-0.883221,1.72017,0,0,0,,,
82.404,odom,map,-1.77007,-0.873497,1.72235,0,0,0,,,
82.404,ekf_predict_only,map,-1.94593,-0.719783,1.72113,139.542,222.301,-69.0303,,,
82.404,ekf,map,-1.86603,-0.824608,1.71858,0.0782957,0.0782554,5.62751e-06,0.056041,,
82.404,kf,map,-1.86598,-0.824657,1.71823,0.0738931,0.0738931,-1.9254e-59,0.707291,,
82.404,pf,map,-1.89852,-0.834955,1.70767,0.0804216,0.0713714,0.00448763,4.73358,296.399,0
82.44,odom,map,-1.77156,-0.863786,1.7239,0,0,0,,,
82.476,odom,map,-1.77307,-0.854077,1.72514,0,0,0,,,
82.512,odom,map,-1.77457,-0.844444,1.72576,0,0,0,,,
82.548,odom,map,-1.77605,-0.834931,1.72519,0,0,0,,,
82.584,odom,map,-1.77752,-0.825481,1.7242,0,0,0,,,
82.584,kf,map,-1.87342,-0.776762,1.71937,0.07371,0.07371,-1.33077e-60,0.067958,,
82.584,ekf,map,-1.87349,-0.776721,1.71992,0.077354,0.077322,4.43987e-06,0.176542,,
82.62,odom,map,-1.78109,-0.81601,1.72461,0,0,0,,,
82.584,ekf_predict_only,map,-1.95307,-0.672627,1.71272,136.705,223.386,-66.3406,,,
82.584,pf,map,-1.88976,-0.803868,1.72558,0.07536,0.065655,0.00693751,9.88087,302.525,0
82.656,odom,map,-1.78638,-0.806586,1.72581,0,0,0,,,
82.692,odom,map,-1.79172,-0.797097,1.72616,0,0,0,,,
82.728,odom,map,-1.7971,-0.787577,1.72635,0,0,0,,,
82.764,odom,map,-1.80252,-0.7781,1.72582,0,0,0,,,
82.8,odom,map,-1.80794,-0.768718,1.72421,0,0,0,,,
82.8,ekf_predict_only,map,-1.96102,-0.616992,1.67834,133.533,224.575,-63.1212,,,
82.8,kf,map,-1.88176,-0.72034,1.69839,0.0738931,0.0738931,-9.07007e-62,0.113833,,
82.8,ekf,map,-1.88184,-0.72029,1.6993,0.078301,0.0782638,5.27696e-06,0.061042,,
82.8,amcl,map,-1.80786,-0.802595,1.74772,0.0202846,0.055345,-0.0129019,,,
82.8,pf,map,-1.90639,-0.738696,1.71259,0.0758924,0.0820302,-0.000266972,5.05237,297.498,0
82.836,odom,map,-1.80945,-0.759456,1.71858,0,0,0,,,
82.872,odom,map,-1.8108,-0.750193,1.71254,0,0,0,,,
82.908,odom,map,-1.81207,-0.741096,1.70551,0,0,0,,,
82.944,odom,map,-1.81326,-0.732086,1.69749,0,0,0,,,
82.98,odom,map,-1.81437,-0.723077,1.68916,0,0,0,,,
83.016,odom,map,-1.81539,-0.714106,1.68027,0,0,0,,,
83.016,kf,map,-1.88814,-0.665657,1.65483,0.0739056,0.0739056,-6.17596e-63,0.056083,,
83.016,ekf,map,-1.88818,-0.66559,1.65575,0.0784217,0.0783862,5.01941e-06,0.064166,,
83.016,ekf_predict_only,map,-1.96683,-0.563221,1.62274,130.692,225.5,-59.9275,,,
83.016,pf,map,-1.89799,-0.703795,1.6625,0.0731227,0.0681062,-0.00107679,5.97592,305.37,0
83.052,odom,map,-1.81633,-0.705216,1.67059,0,0,0,,,
83.088,odom,map,-1.81717,-0.696354,1.6606,0,0,0,,,
83.124,odom,map,-1.81792,-0.687536,1.65022,0,0,0,,,
83.16,odom,map,-1.81856,-0.678855,1.63915,0,0,0,,,
83.196,odom,map,-1.81909,-0.670358,1.62705,0,0,0,,,
83.232,odom,map,-1.81952,-0.661885,1.61464,0,0,0,,,
83.196,kf,map,-1.89099,-0.621977,1.60242,0.0737109,0.0737109,-4.26831e-64,0.06275,,
83.196,ekf,map,-1.891,-0.621897,1.6031,0.0773203,0.0772932,3.60747e-06,0.103083,,
83.196,ekf_predict_only,map,-1.96903,-0.520861,1.56067,128.647,225.976,-57.3342,,,
83.196,pf,map,-1.89943,-0.652839,1.60867,0.0787923,0.0623488,-0.00127274,7.51092,318.229,0
83.268,odom,map,-1.81984,-0.653453,1.60203,0,0,0,,,
83.304,odom,map,-1.82004,-0.645297,1.58845,0,0,0,,,
83.34,odom,map,-1.82012,-0.637361,1.57417,0,0,0,,,
83.376,odom,map,-1.82009,-0.629525,1.5595,0,0,0,,,
83.412,kf,map,-1.89104,-0.574122,1.51981,0.0738932,0.0738932,-2.90913e-65,0.1085,,
83.412,ekf,map,-1.891,-0.573922,1.52052,0.0782386,0.0782083,3.48032e-06,0.154292,,
83.412,odom,map,-1.81995,-0.621903,1.54443,0,0,0,,,
83.412,ekf_predict_only,map,-1.96858,-0.476132,1.46836,126.621,226.119,-54.5216,,,
83.412,pf,map,-1.89928,-0.592893,1.5176,0.0743818,0.0627844,-0.00224781,6.78167,318.321,0
83.448,odom,map,-1.8197,-0.614589,1.5287,0,0,0,,,
83.484,odom,map,-1.81934,-0.607476,1.51236,0,0,0,,,
83.52,odom,map,-1.81887,-0.600481,1.49568,0,0,0,,,
83.556,odom,map,-1.81831,-0.593733,1.47849,0,0,0,,,
83.592,odom,map,-1.81765,-0.587225,1.46081,0,0,0,,,
83.592,ekf_predict_only,map,-1.96528,-0.444078,1.37863,125.318,225.907,-52.4391,,,
83.592,ekf,map,-1.88796,-0.53915,1.43761,0.0773123,0.0772899,2.0272e-06,0.0625,,
83.628,odom,map,-1.81743,-0.58531,1.44593,0,0,0,,,
83.592,kf,map,-1.88802,-0.539323,1.43711,0.07371,0.07371,-2.01068e-66,0.054791,,
83.592,pf,map,-1.91703,-0.580562,1.44453,0.0690606,0.0721045,-0.000194992,6.42462,315.143,0
83.601,amcl,map,-1.82226,-0.604148,1.46243,0.0216182,0.0651039,-0.0106816,,,
83.664,odom,map,-1.81739,-0.585307,1.43187,0,0,0,,,
83.7,odom,map,-1.81732,-0.585619,1.4173,0,0,0,,,
83.736,odom,map,-1.81726,-0.586336,1.40234,0,0,0,,,
83.772,odom,map,-1.81718,-0.587284,1.38724,0,0,0,,,
83.808,odom,map,-1.81688,-0.586995,1.37061,0,0,0,,,
83.808,ekf_predict_only,map,-1.95938,-0.413758,1.25675,124.167,225.371,-50.416,,,
83.808,kf,map,-1.88188,-0.505418,1.3232,0.0738931,0.0738931,-1.37042e-67,0.149458,,
83.808,ekf,map,-1.88177,-0.505184,1.32377,0.0782592,0.0782364,1.31632e-06,0.072458,,
83.808,pf,map,-1.88814,-0.53225,1.34196,0.0694641,0.0705503,-0.000997836,4.72492,323.638,0
83.844,odom,map,-1.81583,-0.582116,1.3501,0,0,0,,,
83.88,odom,map,-1.81475,-0.577491,1.32931,0,0,0,,,
83.916,odom,map,-1.81358,-0.572967,1.30843,0,0,0,,,
83.952,odom,map,-1.81236,-0.56859,1.28722,0,0,0,,,
83.988,odom,map,-1.8111,-0.564432,1.26545,0,0,0,,,
83.988,ekf_predict_only,map,-1.95272,-0.393239,1.14748,123.491,224.742,-48.9985,,,
83.988,ekf,map,-1.87487,-0.482491,1.21941,0.0773262,0.0773109,3.73764e-07,0.412542,,
84.024,odom,map,-1.80975,-0.560332,1.24359,0,0,0,,,
83.988,kf,map,-1.87497,-0.482638,1.21903,0.07371,0.07371,-9.4718e-69,0.500833,,
84,amcl,map,-1.80739,-0.541267,1.23145,0.0202487,0.0618406,-0.00688561,,,
83.988,pf,map,-1.90334,-0.507822,1.23293,0.085339,0.0775986,-0.00179371,7.71625,307.131,0
84.06,odom,map,-1.80835,-0.556345,1.22169,0,0,0,,,
84.096,odom,map,-1.80694,-0.552585,1.19959,0,0,0,,,
84.132,odom,map,-1.80556,-0.549168,1.17713,0,0,0,,,
84.168,odom,map,-1.80415,-0.545864,1.15459,0,0,0,,,
84.204,odom,map,-1.80272,-0.542719,1.13183,0,0,0,,,
84.204,kf,map,-1.86595,-0.46179,1.08555,0.0738931,0.0738931,-6.45567e-70,0.101917,,
84.204,ekf,map,-1.86565,-0.461209,1.08623,0.0782689,0.0782548,-2.47424e-07,0.052583,,
84.204,ekf_predict_only,map,-1.945,-0.376112,1.00921,122.985,223.987,-47.7795,,,
84.204,pf,map,-1.86172,-0.467519,1.09237,0.0754896,0.0698976,0.00737642,7.046,287.976,0
84.24,odom,map,-1.80132,-0.539837,1.10883,0,0,0,,,
84.276,odom,map,-1.79996,-0.53718,1.08567,0,0,0,,,
84.312,odom,map,-1.79873,-0.534906,1.0624,0,0,0,,,
84.348,odom,map,-1.79754,-0.532827,1.03914,0,0,0,,,
84.384,odom,map,-1.79643,-0.530988,1.01587,0,0,0,,,
84.42,odom,map,-1.79533,-0.527888,0.990949,0,0,0,,,
84.384,ekf_predict_only,map,-1.9405,-0.368952,0.893506,122.896,223.632,-47.2472,,,
84.384,kf,map,-1.85923,-0.450555,0.970897,0.07371,0.07371,-4.46192e-71,0.055584,,
84.384,ekf,map,-1.85903,-0.450238,0.971103,0.0773302,0.0773215,-3.8493e-07,0.109208,,
84.402,amcl,map,-1.79561,-0.515878,0.989226,0.0162316,0.051827,-0.00435348,,,
84.384,pf,map,-1.86337,-0.47323,0.970657,0.0744748,0.0765259,-0.00157726,4.84983,310.733,0
84.456,odom,map,-1.79433,-0.523907,0.964641,0,0,0,,,
84.492,odom,map,-1.79335,-0.520044,0.938299,0,0,0,,,
84.528,odom,map,-1.79248,-0.516401,0.911921,0,0,0,,,
84.564,odom,map,-1.79179,-0.51302,0.885609,0,0,0,,,
84.6,odom,map,-1.79129,-0.509923,0.859301,0,0,0,,,
84.6,ekf_predict_only,map,-1.93873,-0.366751,0.754233,123.008,223.614,-47.0764,,,
84.6,kf,map,-1.85478,-0.44464,0.831841,0.0738931,0.0738931,-3.0411e-72,0.114125,,
84.6,ekf,map,-1.85456,-0.444359,0.831899,0.0782703,0.0782632,-4.30572e-07,0.101375,,
84.6,pf,map,-1.86478,-0.454669,0.827614,0.0744044,0.0720064,-0.00163575,4.66087,311.498,0
84.636,odom,map,-1.79098,-0.509495,0.836002,0,0,0,,,
84.672,odom,map,-1.79081,-0.509311,0.812901,0,0,0,,,
84.708,odom,map,-1.79085,-0.50935,0.789917,0,0,0,,,
84.744,odom,map,-1.79106,-0.509557,0.766864,0,0,0,,,
84.78,odom,map,-1.79131,-0.509796,0.743794,0,0,0,,,
84.816,odom,map,-1.79149,-0.509728,0.720313,0,0,0,,,
84.816,ekf_predict_only,map,-1.94141,-0.369276,0.617704,123.309,224.145,-47.2855,,,
84.816,kf,map,-1.855,-0.444642,0.694107,0.0739056,0.0739056,-2.07074e-73,0.0585,,
84.816,ekf,map,-1.85482,-0.444416,0.694047,0.0783905,0.0783856,-3.18951e-07,0.114834,,
84.801,amcl,map,-1.80282,-0.498625,0.732748,0.0144623,0.0478122,-0.000919042,,,
84.816,pf,map,-1.86423,-0.451741,0.684519,0.0803716,0.085592,0.00202043,6.1615,311.02,0
84.852,odom,map,-1.79145,-0.509087,0.695954,0,0,0,,,
84.888,odom,map,-1.79157,-0.50855,0.671703,0,0,0,,,
84.924,odom,map,-1.79182,-0.508084,0.647476,0,0,0,,,
84.96,odom,map,-1.79227,-0.507733,0.623353,0,0,0,,,
84.996,odom,map,-1.79299,-0.507527,0.599594,0,0,0,,,
84.996,ekf_predict_only,map,-1.94828,-0.374156,0.5079,123.705,225.193,-47.7251,,,
84.996,kf,map,-1.85951,-0.447816,0.582255,0.0737109,0.0737109,-1.43112e-74,0.121792,,
84.996,ekf,map,-1.85938,-0.447656,0.582142,0.0772955,0.0772928,-2.44706e-07,0.1135,,
85.032,odom,map,-1.79433,-0.508336,0.577443,0,0,0,,,
84.996,pf,map,-1.8726,-0.486284,0.598396,0.0717722,0.0751913,-0.00485303,7.01075,300.081,0
85.068,odom,map,-1.79594,-0.509361,0.555655,0,0,0,,,
85.104,odom,map,-1.79773,-0.510448,0.534122,0,0,0,,,
85.14,odom,map,-1.79968,-0.511572,0.513122,0,0,0,,,
85.176,odom,map,-1.80171,-0.512687,0.492213,0,0,0,,,
85.212,kf,map,-1.87027,-0.453874,0.454449,0.0738932,0.0738932,-9.75401e-76,0.054708,,
85.212,ekf,map,-1.87017,-0.453729,0.454265,0.0782103,0.0782084,-4.31007e-07,0.060833,,
85.212,odom,map,-1.80403,-0.514191,0.472005,0,0,0,,,
85.212,ekf_predict_only,map,-1.96083,-0.381137,0.382816,124.19,226.951,-48.4141,,,
85.2,amcl,map,-1.81149,-0.51954,0.487694,0.0149417,0.0402756,-0.000682563,,,
85.212,pf,map,-1.86572,-0.471317,0.463022,0.0880083,0.0783318,0.00367581,5.99517,291.802,0
85.248,odom,map,-1.80699,-0.516624,0.453553,0,0,0,,,
85.284,odom,map,-1.81007,-0.519072,0.435328,0,0,0,,,
85.32,odom,map,-1.81325,-0.521518,0.417267,0,0,0,,,
85.356,odom,map,-1.81643,-0.523917,0.399366,0,0,0,,,
85.392,odom,map,-1.81969,-0.526303,0.381865,0,0,0,,,
85.392,ekf_predict_only,map,-1.97479,-0.386758,0.288796,124.621,228.898,-49.0536,,,
85.392,ekf,map,-1.8826,-0.458921,0.354564,0.0772911,0.0772904,-5.34538e-07,0.068,,
85.428,odom,map,-1.82264,-0.527752,0.363497,0,0,0,,,
85.392,kf,map,-1.88267,-0.45903,0.354876,0.07371,0.07371,-6.74161e-77,0.118333,,
85.392,pf,map,-1.89355,-0.495729,0.346092,0.071371,0.0697745,-0.00160513,7.94875,306.002,0
85.464,odom,map,-1.82546,-0.528795,0.344694,0,0,0,,,
85.5,odom,map,-1.82835,-0.5298,0.326183,0,0,0,,,
85.536,odom,map,-1.83138,-0.530795,0.30819,0,0,0,,,
85.572,odom,map,-1.83444,-0.53174,0.290539,0,0,0,,,
85.608,ekf,map,-1.9002,-0.464301,0.244556,0.0782376,0.0782378,-8.737e-07,0.057375,,
85.608,odom,map,-1.83794,-0.532143,0.272918,0,0,0,,,
85.608,ekf_predict_only,map,-1.99319,-0.392226,0.183064,125.049,231.426,-49.7825,,,
85.608,kf,map,-1.90024,-0.464407,0.244875,0.0738931,0.0738931,-4.59486e-78,0.067833,,
85.602,amcl,map,-1.84942,-0.538788,0.274881,0.0160046,0.0304528,-0.00253594,,,
85.608,pf,map,-1.88378,-0.505186,0.22093,0.0711915,0.0772365,0.000443962,7.64813,304.019,0
85.644,odom,map,-1.84302,-0.530805,0.255668,0,0,0,,,
85.68,odom,map,-1.84821,-0.52944,0.239111,0,0,0,,,
85.716,odom,map,-1.85347,-0.528033,0.222947,0,0,0,,,
85.752,odom,map,-1.85835,-0.526489,0.207593,0,0,0,,,
85.788,odom,map,-1.86199,-0.524649,0.194777,0,0,0,,,
85.788,ekf_predict_only,map,-1.99319,-0.392226,0.183064,125.249,231.626,-49.7825,,,
85.788,ekf,map,-1.91135,-0.466359,0.183219,0.0773115,0.0773119,-6.09805e-07,0.108833,,
85.824,odom,map,-1.86315,-0.523948,0.184552,0,0,0,,,
85.788,kf,map,-1.91083,-0.466306,0.18616,0.07371,0.07371,-3.1758e-79,0.098,,
85.788,pf,map,-1.90646,-0.47226,0.159065,0.0727886,0.0825831,-0.00262331,4.76054,310.415,0
85.86,odom,map,-1.86315,-0.523948,0.176919,0,0,0,,,
85.896,odom,map,-1.86315,-0.523948,0.171877,0,0,0,,,
85.932,odom,map,-1.86315,-0.523948,0.169428,0,0,0,,,
85.968,odom,map,-1.86315,-0.523948,0.169172,0,0,0,,,
86.004,odom,map,-1.86308,-0.524059,0.169149,0,0,0,,,
86.004,ekf_predict_only,map,-1.99319,-0.392226,0.183064,125.449,231.826,-49.7825,,,
86.004,kf,map,-1.91397,-0.466862,0.151765,0.0738931,0.0738931,-2.16452e-80,0.060417,,
86.004,ekf,map,-1.91427,-0.466907,0.149095,0.0782551,0.0782555,-5.23633e-07,0.102791,,
86.004,pf,map,-1.9249,-0.470161,0.134953,0.0692864,0.0711235,0.00253789,5.69446,300.991,0
86.04,odom,map,-1.86198,-0.526065,0.168731,0,0,0,,,
86.076,odom,map,-1.86087,-0.52807,0.168312,0,0,0,,,
86.112,odom,map,-1.85976,-0.530076,0.167894,0,0,0,,,
86.148,odom,map,-1.85865,-0.532081,0.167475,0,0,0,,,
86.184,odom,map,-1.85754,-0.534087,0.167057,0,0,0,,,
86.22,odom,map,-1.85705,-0.534978,0.166871,0,0,0,,,
86.184,ekf_predict_only,map,-1.99319,-0.392226,0.183064,125.649,232.026,-49.7825,,,
86.184,ekf,map,-1.91489,-0.467025,0.141763,0.0773217,0.0773219,-3.03806e-07,0.114042,,
86.184,kf,map,-1.91479,-0.467007,0.142808,0.07371,0.07371,-1.49604e-81,0.058458,,
86.184,pf,map,-1.9353,-0.452638,0.112089,0.0671828,0.0700441,-0.00202043,8.96496,305.955,0
86.256,odom,map,-1.85705,-0.534978,0.166871,0,0,0,,,
86.292,odom,map,-1.85705,-0.534978,0.166871,0,0,0,,,
86.328,odom,map,-1.85705,-0.534978,0.166871,0,0,0,,,
86.364,odom,map,-1.85705,-0.534978,0.166871,0,0,0,,,
86.4,odom,map,-1.85705,-0.534978,0.166871,0,0,0,,,
86.4,ekf,map,-1.91504,-0.467052,0.14008,0.0782632,0.0782634,-2.42849e-07,0.065542,,
86.4,kf,map,-1.915,-0.467046,0.140447,0.0738931,0.0738931,-1.01965e-82,0.147,,
86.4,ekf_predict_only,map,-1.99319,-0.392226,0.183064,125.849,232.226,-49.7825,,,
86.4,pf,map,-1.93368,-0.459466,0.124012,0.0648898,0.0708557,0.00232907,4.41171,312.948,0
86.436,odom,map,-1.8584,-0.536283,0.1671,0,0,0,,,
86.472,odom,map,-1.8598,-0.537626,0.167337,0,0,0,,,
86.508,odom,map,-1.86119,-0.538968,0.167573,0,0,0,,,
86.544,odom,map,-1.86258,-0.54031,0.167809,0,0,0,,,
86.58,odom,map,-1.86398,-0.541652,0.168045,0,0,0,,,
86.616,odom,map,-1.86483,-0.542473,0.16819,0,0,0,,,
86.616,ekf_predict_only,map,-1.99319,-0.392226,0.183064,126.049,232.426,-49.7825,,,
86.616,ekf,map,-1.91507,-0.467057,0.139714,0.0783856,0.0783858,-1.63061e-07,0.125709,,
86.616,kf,map,-1.91506,-0.467056,0.139831,0.0739056,0.0739056,-6.94296e-84,0.06175,,
86.616,pf,map,-1.9352,-0.458762,0.14257,0.0723959,0.0715591,0.00368333,7.00746,294.679,0
86.652,odom,map,-1.86483,-0.542473,0.16819,0,0,0,,,
86.688,odom,map,-1.86483,-0.542473,0.16819,0,0,0,,,
86.724,odom,map,-1.86483,-0.542473,0.16819,0,0,0,,,
86.76,odom,map,-1.86483,-0.542473,0.16819,0,0,0,,,
86.796,odom,map,-1.86483,-0.542473,0.16819,0,0,0,,,
86.796,ekf_predict_only,map,-1.99319,-0.392226,0.183064,126.249,232.626,-49.7825,,,
86.796,kf,map,-1.91507,-0.467058,0.13967,0.0737109,0.0737109,-4.7984e-85,0.107709,,
86.796,ekf,map,-1.91508,-0.467059,0.139636,0.0772928,0.0772928,-8.93669e-08,0.058875,,
86.832,odom,map,-1.86483,-0.542473,0.16819,0,0,0,,,
86.796,pf,map,-1.94435,-0.499985,0.149328,0.0717885,0.0736737,-0.00068814,6.35538,297.346,0
86.868,odom,map,-1.86483,-0.542473,0.16819,0,0,0,,,
86.904,odom,map,-1.86483,-0.542473,0.16819,0,0,0,,,
86.94,odom,map,-1.86483,-0.542473,0.16819,0,0,0,,,
86.976,odom,map,-1.86483,-0.542473,0.16819,0,0,0,,,
87.012,odom,map,-1.86483,-0.542473,0.16819,0,0,0,,,
87.048,odom,map,-1.86483,-0.542473,0.16819,0,0,0,,,
87.084,odom,map,-1.86483,-0.542473,0.16819,0,0,0,,,
87.12,odom,map,-1.86483,-0.542473,0.16819,0,0,0,,,
87.156,odom,map,-1.86483,-0.542473,0.16819,0,0,0,,,
87.192,odom,map,-1.86483,-0.542473,0.16819,0,0,0,,,
87.228,odom,map,-1.86483,-0.542473,0.16819,0,0,0,,,
87.264,odom,map,-1.86483,-0.542473,0.16819,0,0,0,,,
87.3,odom,map,-1.86483,-0.542473,0.16819,0,0,0,,,
87.336,odom,map,-1.86483,-0.542473,0.16819,0,0,0,,,
87.372,odom,map,-1.86483,-0.542473,0.16819,0,0,0,,,
87.408,odom,map,-1.86483,-0.542473,0.16819,0,0,0,,,
87.444,odom,map,-1.86483,-0.542473,0.16819,0,0,0,,,
87.48,odom,map,-1.86483,-0.542473,0.16819,0,0,0,,,
87.516,odom,map,-1.86483,-0.542473,0.16819,0,0,0,,,
87.552,odom,map,-1.86483,-0.542473,0.16819,0,0,0,,,
87.588,odom,map,-1.86483,-0.542473,0.16819,0,0,0,,,
87.624,odom,map,-1.86483,-0.542473,0.16819,0,0,0,,,
87.66,odom,map,-1.86483,-0.542473,0.16819,0,0,0,,,
87.696,odom,map,-1.86483,-0.542473,0.16819,0,0,0,,,
87.732,odom,map,-1.86483,-0.542473,0.16819,0,0,0,,,
87.768,odom,map,-1.86483,-0.542473,0.16819,0,0,0,,,
87.804,odom,map,-1.86483,-0.542473,0.16819,0,0,0,,,
87.84,odom,map,-1.86483,-0.542473,0.16819,0,0,0,,,
87.876,odom,map,-1.86483,-0.542473,0.16819,0,0,0,,,
87.912,odom,map,-1.86483,-0.542473,0.16819,0,0,0,,,
87.948,odom,map,-1.86483,-0.542473,0.16819,0,0,0,,,
87.984,odom,map,-1.86483,-0.542473,0.16819,0,0,0,,,
88.02,odom,map,-1.86483,-0.542473,0.16819,0,0,0,,,
88.056,odom,map,-1.86483,-0.542473,0.16819,0,0,0,,,
88.092,odom,map,-1.86483,-0.542473,0.16819,0,0,0,,,
88.128,odom,map,-1.86483,-0.542473,0.16819,0,0,0,,,
88.164,odom,map,-1.86483,-0.542473,0.16819,0,0,0,,,
88.2,odom,map,-1.86483,-0.542473,0.16819,0,0,0,,,
88.236,odom,map,-1.86483,-0.542473,0.16819,0,0,0,,,
88.272,odom,map,-1.86483,-0.542473,0.16819,0,0,0,,,
88.308,odom,map,-1.86483,-0.542473,0.16819,0,0,0,,,
88.344,odom,map,-1.86483,-0.542473,0.16819,0,0,0,,,
88.38,odom,map,-1.86483,-0.542473,0.16819,0,0,0,,,
88.416,odom,map,-1.86483,-0.542473,0.16819,0,0,0,,,
88.452,odom,map,-1.86483,-0.542473,0.16819,0,0,0,,,
88.488,odom,map,-1.86483,-0.542473,0.16819,0,0,0,,,
88.524,odom,map,-1.86483,-0.542473,0.16819,0,0,0,,,
88.56,odom,map,-1.86483,-0.542473,0.16819,0,0,0,,,
88.596,odom,map,-1.86483,-0.542473,0.16819,0,0,0,,,
88.632,odom,map,-1.86483,-0.542473,0.16819,0,0,0,,,
88.668,odom,map,-1.86483,-0.542473,0.16819,0,0,0,,,
88.704,odom,map,-1.86483,-0.542473,0.16819,0,0,0,,,
88.74,odom,map,-1.86483,-0.542473,0.16819,0,0,0,,,
88.776,odom,map,-1.86483,-0.542473,0.16819,0,0,0,,,
88.812,odom,map,-1.86483,-0.542473,0.16819,0,0,0,,,
88.848,odom,map,-1.86483,-0.542473,0.16819,0,0,0,,,
88.884,odom,map,-1.86483,-0.542473,0.16819,0,0,0,,,
88.92,odom,map,-1.86483,-0.542473,0.16819,0,0,0,,,
88.956,odom,map,-1.86483,-0.542473,0.16819,0,0,0,,,
88.992,odom,map,-1.86483,-0.542473,0.16819,0,0,0,,,
89.028,odom,map,-1.86483,-0.542473,0.16819,0,0,0,,,
89.064,odom,map,-1.86483,-0.542473,0.16819,0,0,0,,,
89.1,odom,map,-1.86483,-0.542473,0.16819,0,0,0,,,
89.136,odom,map,-1.86483,-0.542473,0.16819,0,0,0,,,
89.172,odom,map,-1.86483,-0.542473,0.16819,0,0,0,,,
89.208,odom,map,-1.86483,-0.542473,0.16819,0,0,0,,,
89.244,odom,map,-1.86483,-0.542473,0.16819,0,0,0,,,
89.28,odom,map,-1.86483,-0.542473,0.16819,0,0,0,,,
89.316,odom,map,-1.86483,-0.542473,0.16819,0,0,0,,,
89.352,odom,map,-1.86483,-0.542473,0.16819,0,0,0,,,
89.388,odom,map,-1.86483,-0.542473,0.16819,0,0,0,,,
89.424,odom,map,-1.86483,-0.542473,0.16819,0,0,0,,,
89.46,odom,map,-1.86483,-0.542473,0.16819,0,0,0,,,
89.496,odom,map,-1.86483,-0.542473,0.16819,0,0,0,,,
89.532,odom,map,-1.86483,-0.542473,0.16819,0,0,0,,,
89.568,odom,map,-1.86483,-0.542473,0.16819,0,0,0,,,
89.604,odom,map,-1.86483,-0.542473,0.16819,0,0,0,,,
89.64,odom,map,-1.86483,-0.542473,0.16819,0,0,0,,,
89.676,odom,map,-1.86483,-0.542473,0.16819,0,0,0,,,
89.712,odom,map,-1.86483,-0.542473,0.16819,0,0,0,,,
89.748,odom,map,-1.86483,-0.542473,0.16819,0,0,0,,,
89.784,odom,map,-1.86483,-0.542473,0.16819,0,0,0,,,
89.82,odom,map,-1.86483,-0.542473,0.16819,0,0,0,,,
89.856,odom,map,-1.86483,-0.542473,0.16819,0,0,0,,,
89.892,odom,map,-1.86483,-0.542473,0.16819,0,0,0,,,
89.928,odom,map,-1.86483,-0.542473,0.16819,0,0,0,,,
89.964,odom,map,-1.86483,-0.542473,0.16819,0,0,0,,,
90,odom,map,-1.86483,-0.542473,0.16819,0,0,0,,,
90.036,odom,map,-1.86483,-0.542473,0.16819,0,0,0,,,
90.072,odom,map,-1.86483,-0.542473,0.16819,0,0,0,,,
90.108,odom,map,-1.86483,-0.542473,0.16819,0,0,0,,,
90.144,odom,map,-1.86483,-0.542473,0.16819,0,0,0,,,
90.18,odom,map,-1.86483,-0.542473,0.16819,0,0,0,,,
90.216,odom,map,-1.86483,-0.542473,0.16819,0,0,0,,,
90.252,odom,map,-1.86483,-0.542473,0.16819,0,0,0,,,
90.288,odom,map,-1.86483,-0.542473,0.16819,0,0,0,,,
90.324,odom,map,-1.86483,-0.542473,0.16819,0,0,0,,,
90.36,odom,map,-1.86483,-0.542473,0.16819,0,0,0,,,
90.396,odom,map,-1.86483,-0.542473,0.16819,0,0,0,,,
90.432,odom,map,-1.86483,-0.542473,0.16819,0,0,0,,,
90.468,odom,map,-1.86483,-0.542473,0.16819,0,0,0,,,
90.504,odom,map,-1.86483,-0.542473,0.16819,0,0,0,,,
90.54,odom,map,-1.86483,-0.542473,0.16819,0,0,0,,,
90.576,odom,map,-1.86483,-0.542473,0.16819,0,0,0,,,
90.612,odom,map,-1.86483,-0.542473,0.16819,0,0,0,,,
90.648,odom,map,-1.86483,-0.542473,0.16819,0,0,0,,,
90.684,odom,map,-1.86483,-0.542473,0.16819,0,0,0,,,
90.72,odom,map,-1.86483,-0.542473,0.16819,0,0,0,,,
90.756,odom,map,-1.86483,-0.542473,0.16819,0,0,0,,,
90.792,odom,map,-1.86483,-0.542473,0.16819,0,0,0,,,
90.828,odom,map,-1.86483,-0.542473,0.16819,0,0,0,,,
90.864,odom,map,-1.86483,-0.542473,0.16819,0,0,0,,,
90.9,odom,map,-1.86483,-0.542473,0.16819,0,0,0,,,
90.936,odom,map,-1.86483,-0.542473,0.16819,0,0,0,,,
90.972,odom,map,-1.86483,-0.542473,0.16819,0,0,0,,,
91.008,odom,map,-1.86483,-0.542473,0.16819,0,0,0,,,
91.044,odom,map,-1.86483,-0.542473,0.16819,0,0,0,,,
91.08,odom,map,-1.86483,-0.542473,0.16819,0,0,0,,,
91.116,odom,map,-1.86483,-0.542473,0.16819,0,0,0,,,
91.152,odom,map,-1.86483,-0.542473,0.16819,0,0,0,,,
91.188,odom,map,-1.86483,-0.542473,0.16819,0,0,0,,,
91.224,odom,map,-1.86483,-0.542473,0.16819,0,0,0,,,
91.26,odom,map,-1.86483,-0.542473,0.16819,0,0,0,,,
91.296,odom,map,-1.86483,-0.542473,0.16819,0,0,0,,,
91.332,odom,map,-1.86483,-0.542473,0.16819,0,0,0,,,
91.368,odom,map,-1.86483,-0.542473,0.16819,0,0,0,,,
91.404,odom,map,-1.86483,-0.542473,0.16819,0,0,0,,,
91.44,odom,map,-1.86483,-0.542473,0.16819,0,0,0,,,
91.476,odom,map,-1.86483,-0.542473,0.16819,0,0,0,,,
91.512,odom,map,-1.86483,-0.542473,0.16819,0,0,0,,,
91.548,odom,map,-1.86483,-0.542473,0.16819,0,0,0,,,
91.584,odom,map,-1.86483,-0.542473,0.16819,0,0,0,,,
91.62,odom,map,-1.86483,-0.542473,0.16819,0,0,0,,,
91.656,odom,map,-1.86483,-0.542473,0.16819,0,0,0,,,
91.692,odom,map,-1.86483,-0.542473,0.16819,0,0,0,,,
91.728,odom,map,-1.86483,-0.542473,0.16819,0,0,0,,,
91.764,odom,map,-1.86483,-0.542473,0.16819,0,0,0,,,
91.8,odom,map,-1.86483,-0.542473,0.16819,0,0,0,,,
91.836,odom,map,-1.86483,-0.542473,0.16819,0,0,0,,,
91.872,odom,map,-1.86483,-0.542473,0.16819,0,0,0,,,
91.908,odom,map,-1.86483,-0.542473,0.16819,0,0,0,,,
91.944,odom,map,-1.86483,-0.542473,0.16819,0,0,0,,,
91.98,odom,map,-1.86483,-0.542473,0.16819,0,0,0,,,
92.016,odom,map,-1.86483,-0.542473,0.16819,0,0,0,,,
92.052,odom,map,-1.86483,-0.542473,0.16819,0,0,0,,,
92.088,odom,map,-1.86483,-0.542473,0.16819,0,0,0,,,
92.124,odom,map,-1.86483,-0.542473,0.16819,0,0,0,,,
92.16,odom,map,-1.86483,-0.542473,0.16819,0,0,0,,,
92.196,odom,map,-1.86483,-0.542473,0.16819,0,0,0,,,
92.232,odom,map,-1.86483,-0.542473,0.16819,0,0,0,,,
92.268,odom,map,-1.86483,-0.542473,0.16819,0,0,0,,,
92.304,odom,map,-1.86483,-0.542473,0.16819,0,0,0,,,
92.34,odom,map,-1.86483,-0.542473,0.16819,0,0,0,,,
92.376,odom,map,-1.86483,-0.542473,0.16819,0,0,0,,,
92.412,odom,map,-1.86483,-0.542473,0.16819,0,0,0,,,
92.448,odom,map,-1.86483,-0.542473,0.16819,0,0,0,,,
92.484,odom,map,-1.86483,-0.542473,0.16819,0,0,0,,,
92.52,odom,map,-1.86483,-0.542473,0.16819,0,0,0,,,
92.556,odom,map,-1.86483,-0.542473,0.16819,0,0,0,,,
92.592,odom,map,-1.86483,-0.542473,0.16819,0,0,0,,,
92.628,odom,map,-1.86483,-0.542473,0.16819,0,0,0,,,
92.664,odom,map,-1.86483,-0.542473,0.16819,0,0,0,,,
92.7,odom,map,-1.86483,-0.542473,0.16819,0,0,0,,,
92.736,odom,map,-1.86483,-0.542473,0.16819,0,0,0,,,
92.772,odom,map,-1.86483,-0.542473,0.16819,0,0,0,,,
92.808,odom,map,-1.86483,-0.542473,0.16819,0,0,0,,,
92.844,odom,map,-1.86483,-0.542473,0.16819,0,0,0,,,
92.88,odom,map,-1.86483,-0.542473,0.16819,0,0,0,,,
92.916,odom,map,-1.86483,-0.542473,0.16819,0,0,0,,,
92.952,odom,map,-1.86483,-0.542473,0.16819,0,0,0,,,
92.988,odom,map,-1.86483,-0.542473,0.16819,0,0,0,,,
93.024,odom,map,-1.86483,-0.542473,0.16819,0,0,0,,,
93.06,odom,map,-1.86483,-0.542473,0.16819,0,0,0,,,
93.096,odom,map,-1.86483,-0.542473,0.16819,0,0,0,,,
93.132,odom,map,-1.86483,-0.542473,0.16819,0,0,0,,,
93.168,odom,map,-1.86483,-0.542473,0.16819,0,0,0,,,
93.204,odom,map,-1.86483,-0.542473,0.16819,0,0,0,,,
93.24,odom,map,-1.86483,-0.542473,0.16819,0,0,0,,,
93.276,odom,map,-1.86483,-0.542473,0.16819,0,0,0,,,
93.312,odom,map,-1.86483,-0.542473,0.16819,0,0,0,,,
93.348,odom,map,-1.86483,-0.542473,0.16819,0,0,0,,,
93.384,odom,map,-1.86483,-0.542473,0.16819,0,0,0,,,
93.42,odom,map,-1.86483,-0.542473,0.16819,0,0,0,,,
93.456,odom,map,-1.86483,-0.542473,0.16819,0,0,0,,,
93.492,odom,map,-1.86483,-0.542473,0.16819,0,0,0,,,
93.528,odom,map,-1.86483,-0.542473,0.16819,0,0,0,,,
93.564,odom,map,-1.86483,-0.542473,0.16819,0,0,0,,,
93.6,odom,map,-1.86483,-0.542473,0.16819,0,0,0,,,
93.636,odom,map,-1.86483,-0.542473,0.16819,0,0,0,,,
93.672,odom,map,-1.86483,-0.542473,0.16819,0,0,0,,,
93.708,odom,map,-1.86483,-0.542473,0.16819,0,0,0,,,
93.744,odom,map,-1.86483,-0.542473,0.16819,0,0,0,,,
93.78,odom,map,-1.86483,-0.542473,0.16819,0,0,0,,,
93.816,odom,map,-1.86483,-0.542473,0.16819,0,0,0,,,
93.852,odom,map,-1.86483,-0.542473,0.16819,0,0,0,,,
93.888,odom,map,-1.86483,-0.542473,0.16819,0,0,0,,,
93.924,odom,map,-1.86483,-0.542473,0.16819,0,0,0,,,
93.96,odom,map,-1.86483,-0.542473,0.16819,0,0,0,,,
93.996,odom,map,-1.86483,-0.542473,0.16819,0,0,0,,,
94.032,odom,map,-1.86483,-0.542473,0.16819,0,0,0,,,
94.068,odom,map,-1.86483,-0.542473,0.16819,0,0,0,,,
94.104,odom,map,-1.86483,-0.542473,0.16819,0,0,0,,,
94.14,odom,map,-1.86483,-0.542473,0.16819,0,0,0,,,
94.176,odom,map,-1.86483,-0.542473,0.16819,0,0,0,,,
94.212,odom,map,-1.86483,-0.542473,0.16819,0,0,0,,,
94.248,odom,map,-1.86483,-0.542473,0.16819,0,0,0,,,
94.284,odom,map,-1.86483,-0.542473,0.16819,0,0,0,,,
94.32,odom,map,-1.86483,-0.542473,0.16819,0,0,0,,,
94.356,odom,map,-1.86483,-0.542473,0.16819,0,0,0,,,
94.392,odom,map,-1.86483,-0.542473,0.16819,0,0,0,,,
94.428,odom,map,-1.86483,-0.542473,0.16819,0,0,0,,,
94.464,odom,map,-1.86483,-0.542473,0.16819,0,0,0,,,
94.5,odom,map,-1.86483,-0.542473,0.16819,0,0,0,,,
94.536,odom,map,-1.86483,-0.542473,0.16819,0,0,0,,,
94.572,odom,map,-1.86483,-0.542473,0.16819,0,0,0,,,
94.608,odom,map,-1.86483,-0.542473,0.16819,0,0,0,,,
94.644,odom,map,-1.86483,-0.542473,0.16819,0,0,0,,,
94.68,odom,map,-1.86483,-0.542473,0.16819,0,0,0,,,
94.716,odom,map,-1.86483,-0.542473,0.16819,0,0,0,,,
94.752,odom,map,-1.86483,-0.542473,0.16819,0,0,0,,,
94.788,odom,map,-1.86483,-0.542473,0.16819,0,0,0,,,
94.824,odom,map,-1.86483,-0.542473,0.16819,0,0,0,,,
94.86,odom,map,-1.86483,-0.542473,0.16819,0,0,0,,,
94.896,odom,map,-1.86483,-0.542473,0.16819,0,0,0,,,
94.932,odom,map,-1.86483,-0.542473,0.16819,0,0,0,,,
94.968,odom,map,-1.86483,-0.542473,0.16819,0,0,0,,,
95.004,odom,map,-1.86483,-0.542473,0.16819,0,0,0,,,
95.04,odom,map,-1.86483,-0.542473,0.16819,0,0,0,,,
95.076,odom,map,-1.86483,-0.542473,0.16819,0,0,0,,,
95.112,odom,map,-1.86483,-0.542473,0.16819,0,0,0,,,
95.148,odom,map,-1.86483,-0.542473,0.16819,0,0,0,,,
95.184,odom,map,-1.86483,-0.542473,0.16819,0,0,0,,,
95.22,odom,map,-1.86483,-0.542473,0.16819,0,0,0,,,
95.256,odom,map,-1.86483,-0.542473,0.16819,0,0,0,,,
95.292,odom,map,-1.86483,-0.542473,0.16819,0,0,0,,,
95.328,odom,map,-1.86483,-0.542473,0.16819,0,0,0,,,
95.364,odom,map,-1.86483,-0.542473,0.16819,0,0,0,,,
95.4,odom,map,-1.86483,-0.542473,0.16819,0,0,0,,,
95.436,odom,map,-1.86483,-0.542473,0.16819,0,0,0,,,
95.472,odom,map,-1.86483,-0.542473,0.16819,0,0,0,,,
95.508,odom,map,-1.86483,-0.542473,0.16819,0,0,0,,,
95.544,odom,map,-1.86483,-0.542473,0.16819,0,0,0,,,
95.58,odom,map,-1.86483,-0.542473,0.16819,0,0,0,,,
95.616,odom,map,-1.86483,-0.542473,0.16819,0,0,0,,,
95.652,odom,map,-1.86483,-0.542473,0.16819,0,0,0,,,
95.688,odom,map,-1.86483,-0.542473,0.16819,0,0,0,,,
95.724,odom,map,-1.86483,-0.542473,0.16819,0,0,0,,,
95.76,odom,map,-1.86483,-0.542473,0.16819,0,0,0,,,
95.796,odom,map,-1.86483,-0.542473,0.16819,0,0,0,,,
95.832,odom,map,-1.86483,-0.542473,0.16819,0,0,0,,,
95.868,odom,map,-1.86483,-0.542473,0.16819,0,0,0,,,
95.904,odom,map,-1.86483,-0.542473,0.16819,0,0,0,,,
95.94,odom,map,-1.86483,-0.542473,0.16819,0,0,0,,,
95.976,odom,map,-1.86483,-0.542473,0.16819,0,0,0,,,
96.012,odom,map,-1.86483,-0.542473,0.16819,0,0,0,,,
96.048,odom,map,-1.86483,-0.542473,0.16819,0,0,0,,,
96.084,odom,map,-1.86483,-0.542473,0.16819,0,0,0,,,
96.12,odom,map,-1.86483,-0.542473,0.16819,0,0,0,,,
96.156,odom,map,-1.86483,-0.542473,0.16819,0,0,0,,,
96.192,odom,map,-1.86483,-0.542473,0.16819,0,0,0,,,
96.228,odom,map,-1.86483,-0.542473,0.16819,0,0,0,,,
96.264,odom,map,-1.86483,-0.542473,0.16819,0,0,0,,,
96.3,odom,map,-1.86483,-0.542473,0.16819,0,0,0,,,
96.336,odom,map,-1.86483,-0.542473,0.16819,0,0,0,,,
96.372,odom,map,-1.86483,-0.542473,0.16819,0,0,0,,,
96.408,odom,map,-1.86483,-0.542473,0.16819,0,0,0,,,
96.444,odom,map,-1.86483,-0.542473,0.16819,0,0,0,,,
96.48,odom,map,-1.86483,-0.542473,0.16819,0,0,0,,,
96.516,odom,map,-1.86483,-0.542473,0.16819,0,0,0,,,
96.552,odom,map,-1.86483,-0.542473,0.16819,0,0,0,,,
96.588,odom,map,-1.86483,-0.542473,0.16819,0,0,0,,,
96.624,odom,map,-1.86483,-0.542473,0.16819,0,0,0,,,
96.66,odom,map,-1.86483,-0.542473,0.16819,0,0,0,,,
96.696,odom,map,-1.86483,-0.542473,0.16819,0,0,0,,,
96.732,odom,map,-1.86483,-0.542473,0.16819,0,0,0,,,
96.768,odom,map,-1.86483,-0.542473,0.16819,0,0,0,,,
96.804,odom,map,-1.86483,-0.542473,0.16819,0,0,0,,,
96.84,odom,map,-1.86483,-0.542473,0.16819,0,0,0,,,
96.876,odom,map,-1.86483,-0.542473,0.16819,0,0,0,,,
96.912,odom,map,-1.86483,-0.542473,0.16819,0,0,0,,,
96.948,odom,map,-1.86483,-0.542473,0.16819,0,0,0,,,
96.984,odom,map,-1.86483,-0.542473,0.16819,0,0,0,,,
97.02,odom,map,-1.86483,-0.542473,0.16819,0,0,0,,,
97.056,odom,map,-1.86483,-0.542473,0.16819,0,0,0,,,
97.092,odom,map,-1.86483,-0.542473,0.16819,0,0,0,,,
97.128,odom,map,-1.86483,-0.542473,0.16819,0,0,0,,,
97.164,odom,map,-1.86483,-0.542473,0.16819,0,0,0,,,
97.2,odom,map,-1.86483,-0.542473,0.16819,0,0,0,,,
97.236,odom,map,-1.86483,-0.542473,0.16819,0,0,0,,,
97.272,odom,map,-1.86483,-0.542473,0.16819,0,0,0,,,
97.308,odom,map,-1.86483,-0.542473,0.16819,0,0,0,,,
97.344,odom,map,-1.86483,-0.542473,0.16819,0,0,0,,,
97.38,odom,map,-1.86483,-0.542473,0.16819,0,0,0,,,
97.416,odom,map,-1.86483,-0.542473,0.16819,0,0,0,,,
