time,source,frame,x,y,theta,cov_xx,cov_yy,cov_xy,runtime_ms,ess,resampling_triggered
4.2,amcl,map,-1.96985,-0.528514,-0.0120676,0.181533,0.221001,-0.0124154,,,
5.202,amcl,map,-1.99628,-0.506276,0.00310395,0.157544,0.20573,-0.00213343,,,
5.256,odom,map,-1.96985,-0.528514,-0.0120676,0,0,0,,,
5.292,odom,map,-1.96985,-0.528514,-0.0120676,0,0,0,,,
5.328,odom,map,-1.96985,-0.528514,-0.0120676,0,0,0,,,
5.364,odom,map,-1.96985,-0.528514,-0.0120676,0,0,0,,,
5.4,odom,map,-1.96985,-0.528514,-0.0120676,0,0,0,,,
5.436,odom,map,-1.96985,-0.528514,-0.0120676,0,0,0,,,
5.472,odom,map,-1.96985,-0.528514,-0.0120676,0,0,0,,,
5.508,odom,map,-1.96985,-0.528514,-0.0120676,0,0,0,,,
5.544,odom,map,-1.96985,-0.528514,-0.0120676,0,0,0,,,
5.58,odom,map,-1.96985,-0.528514,-0.0120676,0,0,0,,,
5.616,odom,map,-1.96985,-0.528514,-0.0120676,0,0,0,,,
5.652,odom,map,-1.96985,-0.528514,-0.0120676,0,0,0,,,
5.688,odom,map,-1.96985,-0.528514,-0.0120676,0,0,0,,,
5.724,odom,map,-1.96985,-0.528514,-0.0120676,0,0,0,,,
5.76,odom,map,-1.96985,-0.528514,-0.0120676,0,0,0,,,
5.796,odom,map,-1.96985,-0.528514,-0.0120676,0,0,0,,,
5.832,odom,map,-1.96985,-0.528514,-0.0120676,0,0,0,,,
5.868,odom,map,-1.96985,-0.528514,-0.0120676,0,0,0,,,
5.904,odom,map,-1.96985,-0.528514,-0.0120676,0,0,0,,,
5.94,odom,map,-1.96985,-0.528514,-0.0120676,0,0,0,,,
5.976,odom,map,-1.96985,-0.528514,-0.0120676,0,0,0,,,
6.012,odom,map,-1.97129,-0.527297,-0.0112373,0,0,0,,,
6.048,odom,map,-1.97603,-0.523314,-0.00852004,0,0,0,,,
6.084,odom,map,-1.98076,-0.519331,-0.00580275,0,0,0,,,
6.12,odom,map,-1.9855,-0.515348,-0.00308545,0,0,0,,,
6.156,odom,map,-1.99023,-0.511365,-0.00036815,0,0,0,,,
6.192,odom,map,-1.99497,-0.507382,0.00234915,0,0,0,,,
6.228,odom,map,-1.99628,-0.506276,0.00310395,0,0,0,,,
6.201,amcl,map,-1.97226,-0.520534,0.000398282,0.191322,0.228933,-0.0146591,,,
6.264,odom,map,-1.99628,-0.506276,0.00310395,0,0,0,,,
6.3,odom,map,-1.99628,-0.506276,0.00310395,0,0,0,,,
6.336,odom,map,-1.99628,-0.506276,0.00310395,0,0,0,,,
6.372,odom,map,-1.99628,-0.506276,0.00310395,0,0,0,,,
6.408,odom,map,-1.99628,-0.506276,0.00310395,0,0,0,,,
6.444,odom,map,-1.99628,-0.506276,0.00310395,0,0,0,,,
6.48,odom,map,-1.99628,-0.506276,0.00310395,0,0,0,,,
6.516,odom,map,-1.99628,-0.506276,0.00310395,0,0,0,,,
6.552,odom,map,-1.99628,-0.506276,0.00310395,0,0,0,,,
6.588,odom,map,-1.99628,-0.506276,0.00310395,0,0,0,,,
6.624,odom,map,-1.99628,-0.506276,0.00310395,0,0,0,,,
6.66,odom,map,-1.99628,-0.506276,0.00310395,0,0,0,,,
6.696,odom,map,-1.99628,-0.506276,0.00310395,0,0,0,,,
6.732,odom,map,-1.99628,-0.506276,0.00310395,0,0,0,,,
6.768,odom,map,-1.99628,-0.506276,0.00310395,0,0,0,,,
6.804,odom,map,-1.99628,-0.506276,0.00310395,0,0,0,,,
6.84,odom,map,-1.99628,-0.506276,0.00310395,0,0,0,,,
6.876,odom,map,-1.99628,-0.506276,0.00310395,0,0,0,,,
6.912,odom,map,-1.99628,-0.506276,0.00310395,0,0,0,,,
6.948,odom,map,-1.99628,-0.506276,0.00310395,0,0,0,,,
6.984,odom,map,-1.99628,-0.506276,0.00310395,0,0,0,,,
7.02,odom,map,-1.99389,-0.507695,0.00283473,0,0,0,,,
7.002,amcl,map,-1.9734,-0.464765,-0.00412665,0.189608,0.234693,-0.00871441,,,
7.056,odom,map,-1.98959,-0.510248,0.00235013,0,0,0,,,
7.092,odom,map,-1.98529,-0.512802,0.00186554,0,0,0,,,
7.128,odom,map,-1.98098,-0.515356,0.00138094,0,0,0,,,
7.164,odom,map,-1.97668,-0.51791,0.000896341,0,0,0,,,
7.2,odom,map,-1.97238,-0.520463,0.000411743,0,0,0,,,
7.236,odom,map,-1.97226,-0.520534,0.000398282,0,0,0,,,
7.272,odom,map,-1.97226,-0.520534,0.000398282,0,0,0,,,
7.308,odom,map,-1.97226,-0.520534,0.000398282,0,0,0,,,
7.344,odom,map,-1.97226,-0.520534,0.000398282,0,0,0,,,
7.38,odom,map,-1.97226,-0.520534,0.000398282,0,0,0,,,
7.416,odom,map,-1.97226,-0.520534,0.000398282,0,0,0,,,
7.452,odom,map,-1.97226,-0.520534,0.000398282,0,0,0,,,
7.488,odom,map,-1.97226,-0.520534,0.000398282,0,0,0,,,
7.524,odom,map,-1.97226,-0.520534,0.000398282,0,0,0,,,
7.56,odom,map,-1.97226,-0.520534,0.000398282,0,0,0,,,
7.596,odom,map,-1.97226,-0.520534,0.000398282,0,0,0,,,
7.632,odom,map,-1.97226,-0.520534,0.000398282,0,0,0,,,
7.668,odom,map,-1.97226,-0.520534,0.000398282,0,0,0,,,
7.704,odom,map,-1.97226,-0.520534,0.000398282,0,0,0,,,
7.74,odom,map,-1.97226,-0.520534,0.000398282,0,0,0,,,
7.776,odom,map,-1.97226,-0.520534,0.000398282,0,0,0,,,
7.812,odom,map,-1.97232,-0.517482,0.000150649,0,0,0,,,
7.848,odom,map,-1.97253,-0.507494,-0.000659786,0,0,0,,,
7.884,odom,map,-1.97273,-0.497505,-0.00147022,0,0,0,,,
7.92,odom,map,-1.97294,-0.487516,-0.00228066,0,0,0,,,
7.956,odom,map,-1.97314,-0.477528,-0.00309109,0,0,0,,,
7.992,odom,map,-1.97335,-0.467539,-0.00390153,0,0,0,,,
8.028,odom,map,-1.9734,-0.464765,-0.00412665,0,0,0,,,
8.001,amcl,map,-1.97896,-0.490419,-0.00159226,0.185252,0.210372,-0.0115484,,,
8.064,odom,map,-1.9734,-0.464765,-0.00412665,0,0,0,,,
8.1,odom,map,-1.9734,-0.464765,-0.00412665,0,0,0,,,
8.136,odom,map,-1.9734,-0.464765,-0.00412665,0,0,0,,,
8.172,odom,map,-1.9734,-0.464765,-0.00412665,0,0,0,,,
8.208,odom,map,-1.9734,-0.464765,-0.00412665,0,0,0,,,
8.244,odom,map,-1.9734,-0.464765,-0.00412665,0,0,0,,,
8.28,odom,map,-1.9734,-0.464765,-0.00412665,0,0,0,,,
8.316,odom,map,-1.9734,-0.464765,-0.00412665,0,0,0,,,
8.352,odom,map,-1.9734,-0.464765,-0.00412665,0,0,0,,,
8.388,odom,map,-1.9734,-0.464765,-0.00412665,0,0,0,,,
8.424,odom,map,-1.9734,-0.464765,-0.00412665,0,0,0,,,
8.46,odom,map,-1.9734,-0.464765,-0.00412665,0,0,0,,,
8.496,odom,map,-1.9734,-0.464765,-0.00412665,0,0,0,,,
8.532,odom,map,-1.9734,-0.464765,-0.00412665,0,0,0,,,
8.568,odom,map,-1.9734,-0.464765,-0.00412665,0,0,0,,,
8.604,odom,map,-1.9734,-0.464765,-0.00412665,0,0,0,,,
8.64,odom,map,-1.9734,-0.464765,-0.00412665,0,0,0,,,
8.676,odom,map,-1.9734,-0.464765,-0.00412665,0,0,0,,,
8.712,odom,map,-1.9734,-0.464765,-0.00412665,0,0,0,,,
8.748,odom,map,-1.9734,-0.464765,-0.00412665,0,0,0,,,
8.784,odom,map,-1.9734,-0.464765,-0.00412665,0,0,0,,,
8.82,odom,map,-1.97396,-0.467317,-0.00387447,0,0,0,,,
8.856,odom,map,-1.97495,-0.471912,-0.00342055,0,0,0,,,
8.892,odom,map,-1.97595,-0.476507,-0.00296663,0,0,0,,,
8.928,odom,map,-1.97694,-0.481102,-0.00251271,0,0,0,,,
8.964,odom,map,-1.97794,-0.485697,-0.00205879,0,0,0,,,
9,odom,map,-1.97894,-0.490291,-0.00160487,0,0,0,,,
9.036,odom,map,-1.97896,-0.490419,-0.00159226,0,0,0,,,
9.072,odom,map,-1.97896,-0.490419,-0.00159226,0,0,0,,,
9.108,odom,map,-1.97896,-0.490419,-0.00159226,0,0,0,,,
9.144,odom,map,-1.97896,-0.490419,-0.00159226,0,0,0,,,
9.18,odom,map,-1.97896,-0.490419,-0.00159226,0,0,0,,,
9.216,odom,map,-1.97896,-0.490419,-0.00159226,0,0,0,,,
9.216,ekf_predict_only,map,-2,-0.5,0,0.15,0.15,0,,,
9.216,kf,map,-2,-0.5,1.77259e-21,0.101153,0.101153,0,0.059709,,
9.216,ekf,map,-2,-0.5,1.77259e-21,0.101153,0.101153,0,0.056125,,
9.216,pf,map,-2.06092,-0.548362,-0.0101077,0.160256,0.162013,0.00259274,6.01229,185.989,0
9.252,odom,map,-1.97896,-0.490419,-0.00159226,0,0,0,,,
9.288,odom,map,-1.97896,-0.490419,-0.00159226,0,0,0,,,
9.324,odom,map,-1.97896,-0.490419,-0.00159226,0,0,0,,,
9.36,odom,map,-1.97896,-0.490419,-0.00159226,0,0,0,,,
9.396,odom,map,-1.97896,-0.490419,-0.00159226,0,0,0,,,
9.396,ekf_predict_only,map,-2,-0.5,0,0.25,0.25,0,,,
9.396,kf,map,-2,-0.5,-1.22107e-21,0.101086,0.101086,0,0.061292,,
9.432,odom,map,-1.97896,-0.490419,-0.00159226,0,0,0,,,
9.396,ekf,map,-2,-0.5,-1.27123e-21,0.10278,0.10278,0,0.059375,,
9.396,pf,map,-2.08027,-0.555855,0.0211882,0.115602,0.109664,-0.00328746,5.48425,537.987,0
9.468,odom,map,-1.97896,-0.490419,-0.00159226,0,0,0,,,
9.504,odom,map,-1.97896,-0.490419,-0.00159226,0,0,0,,,
9.54,odom,map,-1.97896,-0.490419,-0.00159226,0,0,0,,,
9.576,odom,map,-1.97896,-0.490419,-0.00159226,0,0,0,,,
9.612,odom,map,-1.97896,-0.490419,-0.00159226,0,0,0,,,
9.612,ekf_predict_only,map,-2,-0.5,0,0.35,0.35,0,,,
9.612,kf,map,-2,-0.5,-2.56618e-21,0.101418,0.101418,0,0.059917,,
9.612,ekf,map,-2,-0.5,-2.65255e-21,0.106155,0.106155,0,0.060458,,
9.612,pf,map,-2.05125,-0.527069,0.00963967,0.103811,0.10101,-0.0035436,4.60767,629.637,0
9.648,odom,map,-1.97896,-0.490419,-0.00159226,0,0,0,,,
9.684,odom,map,-1.97896,-0.490419,-0.00159226,0,0,0,,,
9.72,odom,map,-1.97896,-0.490419,-0.00159226,0,0,0,,,
9.756,odom,map,-1.97896,-0.490419,-0.00159226,0,0,0,,,
9.792,odom,map,-1.97896,-0.490419,-0.00159226,0,0,0,,,
9.792,ekf_predict_only,map,-2,-0.5,0,0.45,0.45,0,,,
9.828,odom,map,-1.97896,-0.490419,-0.00159226,0,0,0,,,
9.792,kf,map,-2,-0.5,-2.38783e-21,0.101151,0.101151,0,0.142875,,
9.792,ekf,map,-2,-0.5,-2.41637e-21,0.107594,0.107594,0,0.058,,
9.792,pf,map,-2.05677,-0.507829,0.0140576,0.103631,0.10038,0.000431343,7.6805,628.222,0
9.864,odom,map,-1.97896,-0.490419,-0.00159226,0,0,0,,,
9.9,odom,map,-1.97896,-0.490419,-0.00159226,0,0,0,,,
9.936,odom,map,-1.97896,-0.490419,-0.00159226,0,0,0,,,
9.972,odom,map,-1.97896,-0.490419,-0.00159226,0,0,0,,,
10.008,odom,map,-1.97896,-0.490419,-0.00159226,0,0,0,,,
10.008,ekf_predict_only,map,-2,-0.5,0,0.55,0.55,0,,,
10.008,ekf,map,-2,-0.5,1.2839e-21,0.111136,0.111136,0,0.095417,,
10.008,kf,map,-2,-0.5,9.74908e-22,0.101433,0.101433,0,3.79813,,
10.008,pf,map,-2.03741,-0.508901,0.00791475,0.108308,0.100514,-0.00156866,9.27083,638.185,0
10.044,odom,map,-1.97883,-0.490419,-0.00143644,0,0,0,,,
10.08,odom,map,-1.97759,-0.49042,-0.00070886,0,0,0,,,
10.116,odom,map,-1.97505,-0.490422,-0.000466452,0,0,0,,,
10.152,odom,map,-1.97129,-0.490424,-0.000841651,0,0,0,,,
10.188,odom,map,-1.96674,-0.49043,-0.00184564,0,0,0,,,
10.188,ekf_predict_only,map,-1.97088,-0.5,-0.00901753,0.65,0.650229,0,,,
10.188,ekf,map,-1.98028,-0.499964,-0.004141,0.111286,0.111292,-8.31769e-27,0.284125,,
10.224,odom,map,-1.96147,-0.490444,-0.00343351,0,0,0,,,
10.188,kf,map,-1.97942,-0.499996,-0.00458485,0.101155,0.101155,0,0.06075,,
10.188,pf,map,-2.02687,-0.504673,-0.00234798,0.085887,0.101411,-5.62245e-06,6.60642,634.807,0
10.26,odom,map,-1.95537,-0.490471,-0.00564721,0,0,0,,,
10.296,odom,map,-1.949,-0.490515,-0.00817599,0,0,0,,,
10.332,odom,map,-1.94229,-0.490579,-0.0110414,0,0,0,,,
10.368,odom,map,-1.93507,-0.490671,-0.0143273,0,0,0,,,
10.404,odom,map,-1.92728,-0.490797,-0.018045,0,0,0,,,
10.404,kf,map,-1.94008,-0.500256,-0.0217831,0.101434,0.101434,0,0.055458,,
10.404,ekf_predict_only,map,-1.92306,-0.500431,-0.0317012,0.75,0.751713,9.98879e-06,,,
10.404,ekf,map,-1.94152,-0.500155,-0.0208996,0.114281,0.114326,9.8994e-08,0.054333,,
10.404,pf,map,-2.01171,-0.471381,0.00355107,0.0901587,0.105749,-0.00527796,5.89462,648.738,0
10.44,odom,map,-1.91931,-0.490956,-0.0218256,0,0,0,,,
10.476,odom,map,-1.91121,-0.491148,-0.0256641,0,0,0,,,
10.512,odom,map,-1.90283,-0.49138,-0.0295327,0,0,0,,,
10.548,odom,map,-1.89422,-0.491651,-0.0333948,0,0,0,,,
10.584,odom,map,-1.88554,-0.491957,-0.0372501,0,0,0,,,
10.584,ekf,map,-1.90204,-0.501215,-0.0379593,0.113368,0.113458,7.40446e-07,0.0605,,
10.62,odom,map,-1.87661,-0.492308,-0.0412237,0,0,0,,,
10.584,pf,map,-1.95024,-0.495652,-0.0191549,0.0908805,0.0967449,-0.000946677,7.82604,658.067,0
10.584,kf,map,-1.9007,-0.501318,-0.0387174,0.101155,0.101155,0,0.107833,,
10.584,ekf_predict_only,map,-1.87767,-0.50187,-0.0517666,0.850001,0.854577,7.37581e-05,,,
10.656,odom,map,-1.86748,-0.492703,-0.0453434,0,0,0,,,
10.692,odom,map,-1.85821,-0.493144,-0.0497572,0,0,0,,,
10.728,odom,map,-1.84891,-0.493628,-0.0542531,0,0,0,,,
10.764,odom,map,-1.83949,-0.494161,-0.0588262,0,0,0,,,
10.8,odom,map,-1.83004,-0.494739,-0.0634086,0,0,0,,,
10.8,ekf_predict_only,map,-1.82095,-0.504809,-0.0792483,0.950009,0.960462,0.000299242,,,
10.8,kf,map,-1.84756,-0.503804,-0.0639763,0.101434,0.101434,0,0.070959,,
10.8,ekf,map,-1.84864,-0.503741,-0.0633464,0.115904,0.11609,3.17196e-06,0.052583,,
10.8,pf,map,-1.91146,-0.490616,-0.0397699,0.091787,0.0899311,-0.00218818,10.341,640.731,0
10.836,odom,map,-1.8206,-0.495361,-0.0679889,0,0,0,,,
10.872,odom,map,-1.81106,-0.496032,-0.0723932,0,0,0,,,
10.908,odom,map,-1.80156,-0.496741,-0.0767907,0,0,0,,,
10.944,odom,map,-1.79204,-0.497495,-0.081163,0,0,0,,,
10.98,odom,map,-1.78244,-0.498297,-0.0854714,0,0,0,,,
11.016,odom,map,-1.77285,-0.49914,-0.0899029,0,0,0,,,
11.016,ekf_predict_only,map,-1.7634,-0.50938,-0.105985,1.05004,1.06936,0.000824033,,,
11.016,kf,map,-1.79194,-0.507951,-0.0894939,0.101502,0.101502,0,0.149417,,
11.016,ekf,map,-1.79269,-0.507958,-0.0890534,0.11705,0.117315,7.45354e-06,1.14296,,
11.016,pf,map,-1.85047,-0.51748,-0.0626443,0.106262,0.104674,0.000508594,7.69292,642.646,0
11.052,odom,map,-1.76324,-0.500027,-0.0941454,0,0,0,,,
11.088,odom,map,-1.75363,-0.500954,-0.098308,0,0,0,,,
11.124,odom,map,-1.74393,-0.501932,-0.102498,0,0,0,,,
11.16,odom,map,-1.73437,-0.502935,-0.10646,0,0,0,,,
11.196,odom,map,-1.72483,-0.503972,-0.110122,0,0,0,,,
11.232,odom,map,-1.71527,-0.505046,-0.113738,0,0,0,,,
11.196,ekf_predict_only,map,-1.7156,-0.514464,-0.124065,1.15009,1.17923,0.00160592,,,
11.196,kf,map,-1.74496,-0.512703,-0.108057,0.101172,0.101172,0,0.209875,,
11.196,ekf,map,-1.74541,-0.512776,-0.10794,0.1148,0.115074,1.11492e-05,0.078167,,
11.202,amcl,map,-1.71093,-0.516626,-0.121221,0.143981,0.177465,-0.0175596,,,
11.196,pf,map,-1.79782,-0.52192,-0.0659805,0.11277,0.101604,0.00681659,8.58242,635.483,0
11.268,odom,map,-1.70574,-0.506151,-0.117193,0,0,0,,,
11.304,odom,map,-1.69618,-0.507293,-0.120196,0,0,0,,,
11.34,odom,map,-1.68652,-0.508473,-0.122858,0,0,0,,,
11.376,odom,map,-1.67673,-0.509694,-0.125308,0,0,0,,,
11.412,odom,map,-1.66687,-0.510948,-0.127696,0,0,0,,,
11.412,kf,map,-1.68681,-0.519587,-0.124272,0.101438,0.101438,0,0.058042,,
11.412,ekf_predict_only,map,-1.65647,-0.521839,-0.138395,1.25022,1.29491,0.00310362,,,
11.412,ekf,map,-1.68717,-0.519734,-0.124514,0.116795,0.117158,2.08748e-05,0.053958,,
11.412,pf,map,-1.72566,-0.52193,-0.0909949,0.0920695,0.101397,-0.000652027,5.80938,633.216,0
11.448,odom,map,-1.65696,-0.512231,-0.129651,0,0,0,,,
11.484,odom,map,-1.64692,-0.513547,-0.13093,0,0,0,,,
11.52,odom,map,-1.63682,-0.514882,-0.131955,0,0,0,,,
11.556,odom,map,-1.62661,-0.516242,-0.132794,0,0,0,,,
11.592,odom,map,-1.61632,-0.51762,-0.133543,0,0,0,,,
11.628,odom,map,-1.60581,-0.519035,-0.134046,0,0,0,,,
11.592,kf,map,-1.63566,-0.526408,-0.129333,0.101156,0.101156,0,0.06275,,
11.592,ekf,map,-1.63605,-0.526567,-0.129802,0.114875,0.115229,2.59148e-05,0.1675,,
11.592,ekf_predict_only,map,-1.60373,-0.529185,-0.140778,1.35041,1.41239,0.00501618,,,
11.592,pf,map,-1.67089,-0.510411,-0.0894438,0.0925359,0.0982131,-0.000917947,6.48221,654.528,0
11.664,odom,map,-1.59509,-0.520483,-0.134289,0,0,0,,,
11.7,odom,map,-1.58432,-0.521938,-0.134478,0,0,0,,,
11.736,odom,map,-1.57344,-0.523411,-0.134576,0,0,0,,,
11.772,odom,map,-1.56216,-0.524936,-0.134134,0,0,0,,,
11.808,odom,map,-1.55062,-0.52649,-0.133408,0,0,0,,,
11.808,ekf_predict_only,map,-1.53395,-0.539074,-0.135991,1.45079,1.54106,0.00835768,,,
11.808,ekf,map,-1.56935,-0.535611,-0.128994,0.116994,0.117451,4.1634e-05,0.109667,,
11.808,kf,map,-1.56873,-0.535443,-0.128233,0.101435,0.101435,0,0.127375,,
11.808,pf,map,-1.62044,-0.536116,-0.111251,0.0987946,0.101669,-0.00181771,15.042,648.494,0
11.844,odom,map,-1.53872,-0.528081,-0.132368,0,0,0,,,
11.88,odom,map,-1.52635,-0.529719,-0.130868,0,0,0,,,
11.916,odom,map,-1.51385,-0.531354,-0.129233,0,0,0,,,
11.952,odom,map,-1.50112,-0.532998,-0.127511,0,0,0,,,
11.988,odom,map,-1.48783,-0.534686,-0.125159,0,0,0,,,
11.988,kf,map,-1.50521,-0.543793,-0.119488,0.101155,0.101155,0,0.061583,,
12.024,odom,map,-1.47301,-0.538087,-0.123777,0,0,0,,,
11.988,ekf_predict_only,map,-1.46682,-0.54826,-0.123071,1.55125,1.67503,0.0123859,,,
11.988,ekf,map,-1.50599,-0.54395,-0.120382,0.115047,0.115504,4.7703e-05,0.058666,,
11.988,pf,map,-1.53858,-0.537973,-0.124749,0.0983822,0.1084,-0.00520499,13.4184,638.268,0
12.06,odom,map,-1.45722,-0.542494,-0.122844,0,0,0,,,
12.096,odom,map,-1.44099,-0.546965,-0.121527,0,0,0,,,
12.132,odom,map,-1.42461,-0.551462,-0.11989,0,0,0,,,
12.168,odom,map,-1.40812,-0.555972,-0.117846,0,0,0,,,
12.204,odom,map,-1.39158,-0.560339,-0.115438,0,0,0,,,
12.204,ekf_predict_only,map,-1.37947,-0.559065,-0.097588,1.65196,1.82933,0.0186141,,,
12.204,kf,map,-1.42115,-0.553722,-0.0987436,0.101434,0.101434,0,0.058958,,
12.204,ekf,map,-1.42202,-0.553878,-0.0998391,0.11715,0.117769,7.07301e-05,0.053875,,
12.201,amcl,map,-1.39642,-0.547298,-0.127338,0.120004,0.14829,-0.0125042,,,
12.204,pf,map,-1.46751,-0.555014,-0.105482,0.0923181,0.10644,0.00407592,4.57313,625.117,0
12.24,odom,map,-1.37695,-0.562003,-0.110795,0,0,0,,,
12.276,odom,map,-1.36219,-0.563607,-0.105688,0,0,0,,,
12.312,odom,map,-1.34731,-0.565146,-0.100386,0,0,0,,,
12.348,odom,map,-1.3323,-0.566616,-0.0947864,0,0,0,,,
12.384,odom,map,-1.31711,-0.568016,-0.0889199,0,0,0,,,
12.42,odom,map,-1.30186,-0.569329,-0.0828981,0,0,0,,,
12.384,ekf_predict_only,map,-1.30331,-0.56652,-0.0673526,1.75256,1.98655,0.0244664,,,
12.384,kf,map,-1.34745,-0.5606,-0.0727175,0.101155,0.101155,0,0.06175,,
12.384,ekf,map,-1.34817,-0.560728,-0.073752,0.115151,0.11578,7.2738e-05,0.060459,,
12.384,pf,map,-1.37401,-0.557456,-0.0785929,0.0975811,0.117,0.00218705,6.44238,639.015,0
12.456,odom,map,-1.28661,-0.57055,-0.0768511,0,0,0,,,
12.492,odom,map,-1.2714,-0.571674,-0.0707477,0,0,0,,,
12.528,odom,map,-1.25624,-0.572702,-0.0645881,0,0,0,,,
12.564,odom,map,-1.24107,-0.573636,-0.0584285,0,0,0,,,
12.6,odom,map,-1.22588,-0.574478,-0.0523138,0,0,0,,,
12.6,ekf_predict_only,map,-1.21281,-0.572625,-0.0306306,1.85312,2.16732,0.0313341,,,
12.6,kf,map,-1.25777,-0.566236,-0.0381404,0.101434,0.101434,0,0.0605,,
12.6,ekf,map,-1.2582,-0.566232,-0.0388813,0.11723,0.118052,9.02466e-05,0.061042,,
12.6,pf,map,-1.32047,-0.547169,-0.0257964,0.106109,0.105086,-0.00407254,4.59767,634.919,0
12.636,odom,map,-1.21075,-0.575224,-0.0461998,0,0,0,,,
12.672,odom,map,-1.19555,-0.57588,-0.0402189,0,0,0,,,
12.708,odom,map,-1.18028,-0.57645,-0.0343076,0,0,0,,,
12.744,odom,map,-1.16506,-0.576926,-0.0282283,0,0,0,,,
12.78,odom,map,-1.14991,-0.57731,-0.0225122,0,0,0,,,
12.816,kf,map,-1.16734,-0.568496,-0.00447191,0.101502,0.101502,0,0.054125,,
12.816,ekf,map,-1.16753,-0.568315,-0.00480381,0.117956,0.118877,8.97776e-05,0.060333,,
12.816,ekf_predict_only,map,-1.12228,-0.575399,0.00335305,1.95339,2.36279,0.0372977,,,
12.816,odom,map,-1.13481,-0.577607,-0.016867,0,0,0,,,
12.816,pf,map,-1.20719,-0.600617,0.0116244,0.0954237,0.0987684,-0.00229614,9.24508,633.163,0
12.801,amcl,map,-1.15731,-0.577774,-0.0223209,0.093125,0.126834,-0.00573167,,,
12.852,odom,map,-1.11971,-0.577819,-0.011203,0,0,0,,,
12.888,odom,map,-1.1046,-0.577947,-0.0057239,0,0,0,,,
12.924,odom,map,-1.0896,-0.577992,-0.000370298,0,0,0,,,
12.96,odom,map,-1.07481,-0.577959,0.00483444,0,0,0,,,
12.996,odom,map,-1.0601,-0.57785,0.00997978,0,0,0,,,
12.996,kf,map,-1.0937,-0.567736,0.0193467,0.101172,0.101172,0,0.066333,,
12.996,ekf,map,-1.09364,-0.56741,0.0196109,0.115334,0.116161,6.74272e-05,0.235083,,
13.032,odom,map,-1.04612,-0.576256,0.0127148,0,0,0,,,
12.996,ekf_predict_only,map,-1.04963,-0.575155,0.0243847,2.05337,2.55057,0.0408461,,,
12.996,pf,map,-1.1047,-0.589199,0.0354118,0.107868,0.0969541,-0.00481752,7.25717,650.121,0
13.068,odom,map,-1.03253,-0.574484,0.0144781,0,0,0,,,
13.104,odom,map,-1.01921,-0.572724,0.0156498,0,0,0,,,
13.14,odom,map,-1.00598,-0.570981,0.0164973,0,0,0,,,
13.176,odom,map,-0.992979,-0.569261,0.0170276,0,0,0,,,
13.212,ekf_predict_only,map,-0.969258,-0.573195,0.0357622,2.15317,2.75993,0.0435114,,,
13.212,ekf,map,-1.01063,-0.56451,0.0371035,0.117179,0.118133,5.73517e-05,0.064708,,
13.212,odom,map,-0.979965,-0.568009,0.0177647,0,0,0,,,
13.212,kf,map,-1.01102,-0.565027,0.0361415,0.101438,0.101438,0,0.0595,,
13.212,pf,map,-1.03762,-0.565741,0.0546006,0.100399,0.0991707,0.00343453,11.2817,637.374,0
13.248,odom,map,-0.966528,-0.567754,0.02047,0,0,0,,,
13.284,odom,map,-0.95308,-0.567453,0.0242992,0,0,0,,,
13.32,odom,map,-0.93974,-0.567102,0.0286324,0,0,0,,,
13.356,odom,map,-0.926519,-0.566684,0.0349521,0,0,0,,,
13.392,odom,map,-0.91331,-0.566175,0.0420092,0,0,0,,,
13.428,odom,map,-0.900197,-0.565576,0.049471,0,0,0,,,
13.392,ekf_predict_only,map,-0.903761,-0.570852,0.0736778,2.25295,2.95902,0.0448501,,,
13.392,kf,map,-0.943835,-0.561566,0.0698049,0.101156,0.101156,0,0.061541,,
13.392,ekf,map,-0.943437,-0.561306,0.0696419,0.115104,0.115938,3.46837e-05,0.10675,,
13.392,pf,map,-0.986887,-0.576071,0.0678894,0.0999475,0.100996,0.00479305,5.58879,643.584,0
13.464,odom,map,-0.887175,-0.56488,0.0575454,0,0,0,,,
13.5,odom,map,-0.874287,-0.56408,0.0667424,0,0,0,,,
13.536,odom,map,-0.861537,-0.563165,0.0765889,0,0,0,,,
13.572,odom,map,-0.848915,-0.562131,0.0869491,0,0,0,,,
13.608,odom,map,-0.836857,-0.561274,0.0983288,0,0,0,,,
13.608,kf,map,-0.8673,-0.554893,0.133229,0.101435,0.101435,0,0.06275,,
13.608,ekf,map,-0.866807,-0.554928,0.13134,0.117159,0.118078,1.74216e-05,0.182625,,
13.608,ekf_predict_only,map,-0.829216,-0.565349,0.149034,2.35248,3.18324,0.0434835,,,
13.602,amcl,map,-0.856792,-0.560273,0.121114,0.0817186,0.117267,0.00155974,,,
13.608,pf,map,-0.907272,-0.564038,0.130158,0.111524,0.10308,-0.000485067,7.07846,647.222,0
13.644,odom,map,-0.826677,-0.561331,0.112143,0,0,0,,,
13.68,odom,map,-0.816534,-0.561197,0.126215,0,0,0,,,
13.716,odom,map,-0.806484,-0.560878,0.140558,0,0,0,,,
13.752,odom,map,-0.796706,-0.560394,0.156109,0,0,0,,,
13.788,odom,map,-0.787089,-0.559723,0.171853,0,0,0,,,
13.824,odom,map,-0.776084,-0.55804,0.186934,0,0,0,,,
13.788,ekf_predict_only,map,-0.769881,-0.55644,0.223174,2.45186,3.39119,0.0374487,,,
13.788,kf,map,-0.806212,-0.54549,0.197365,0.101155,0.101155,0,0.10375,,
13.788,ekf,map,-0.805746,-0.545592,0.195205,0.115144,0.115918,-2.72383e-06,0.054667,,
13.788,pf,map,-0.849673,-0.525182,0.202166,0.103197,0.0994152,-0.000989758,9.598,652.542,0
13.86,odom,map,-0.764395,-0.555738,0.202138,0,0,0,,,
13.896,odom,map,-0.752942,-0.553298,0.217845,0,0,0,,,
13.932,odom,map,-0.741606,-0.550695,0.233691,0,0,0,,,
13.968,odom,map,-0.730311,-0.54791,0.249816,0,0,0,,,
14.004,odom,map,-0.719287,-0.545001,0.266266,0,0,0,,,
14.004,kf,map,-0.738497,-0.530106,0.290204,0.101434,0.101434,0,0.061042,,
14.004,ekf,map,-0.737897,-0.530051,0.287943,0.11722,0.118038,-2.92408e-05,0.557625,,
14.004,ekf_predict_only,map,-0.704833,-0.541677,0.325014,2.55125,3.6192,0.0242652,,,
14.004,pf,map,-0.792701,-0.509633,0.295305,0.11884,0.0901013,-0.00109352,5.55887,643.927,0
14.04,odom,map,-0.708528,-0.54197,0.283088,0,0,0,,,
14.076,odom,map,-0.697881,-0.538775,0.300061,0,0,0,,,
14.112,odom,map,-0.687598,-0.535498,0.317092,0,0,0,,,
14.148,odom,map,-0.67764,-0.532135,0.334469,0,0,0,,,
14.184,odom,map,-0.668165,-0.528749,0.352066,0,0,0,,,
14.184,kf,map,-0.688219,-0.513369,0.372694,0.101155,0.101155,0,0.058125,,
14.22,odom,map,-0.658913,-0.525258,0.369677,0,0,0,,,
14.184,ekf_predict_only,map,-0.657975,-0.525888,0.413069,2.65119,3.81793,0.00770776,,,
14.184,ekf,map,-0.687525,-0.513118,0.370989,0.115195,0.115853,-4.52258e-05,0.064,,
14.202,amcl,map,-0.693144,-0.531651,0.390602,0.0692883,0.0934628,0.00395621,,,
14.184,pf,map,-0.724006,-0.47666,0.389403,0.0935223,0.0987775,-0.00162312,8.09725,625.318,0
14.256,odom,map,-0.649989,-0.521708,0.387655,0,0,0,,,
14.292,odom,map,-0.641445,-0.51813,0.405688,0,0,0,,,
14.328,odom,map,-0.633276,-0.514534,0.423859,0,0,0,,,
14.364,odom,map,-0.625274,-0.510835,0.442099,0,0,0,,,
14.4,odom,map,-0.617561,-0.507098,0.460491,0,0,0,,,
14.4,ekf_predict_only,map,-0.613243,-0.506283,0.524681,2.75203,4.01748,-0.0150625,,,
14.4,kf,map,-0.638869,-0.491952,0.479932,0.101434,0.101434,0,0.057958,,
14.4,ekf,map,-0.637944,-0.491367,0.47857,0.117269,0.117913,-7.27963e-05,0.055125,,
14.4,pf,map,-0.652628,-0.444915,0.494908,0.104842,0.0984614,-0.00120916,5.75696,620.197,0
14.436,odom,map,-0.611369,-0.501163,0.481901,0,0,0,,,
14.472,odom,map,-0.605616,-0.495148,0.503538,0,0,0,,,
14.508,odom,map,-0.600169,-0.489073,0.525229,0,0,0,,,
14.544,odom,map,-0.595074,-0.48298,0.547075,0,0,0,,,
14.58,odom,map,-0.590411,-0.476933,0.568991,0,0,0,,,
14.616,odom,map,-0.585778,-0.471942,0.589648,0,0,0,,,
14.616,kf,map,-0.600352,-0.469836,0.590605,0.101502,0.101502,0,0.061167,,
14.616,ekf,map,-0.599282,-0.46894,0.589685,0.117991,0.118534,-8.57987e-05,0.106291,,
14.616,ekf_predict_only,map,-0.579692,-0.486864,0.637703,2.85388,4.19567,-0.039287,,,
14.601,amcl,map,-0.602361,-0.491606,0.590882,0.0494679,0.0429832,0.00318609,,,
14.616,pf,map,-0.622379,-0.417441,0.624029,0.100312,0.101355,-0.00338218,9.40821,618.279,0
14.652,odom,map,-0.580442,-0.468299,0.608485,0,0,0,,,
14.688,odom,map,-0.575312,-0.464653,0.627371,0,0,0,,,
14.724,odom,map,-0.570677,-0.461226,0.646385,0,0,0,,,
14.76,odom,map,-0.566262,-0.457829,0.665438,0,0,0,,,
14.796,odom,map,-0.562116,-0.454512,0.684315,0,0,0,,,
14.796,ekf_predict_only,map,-0.561233,-0.473186,0.731146,2.95581,4.34002,-0.0570223,,,
14.796,kf,map,-0.576912,-0.452643,0.683515,0.101172,0.101172,0,0.06,,
14.832,odom,map,-0.558353,-0.451384,0.70305,0,0,0,,,
14.796,ekf,map,-0.575846,-0.451643,0.683059,0.115364,0.115735,-7.38345e-05,0.102833,,
14.796,pf,map,-0.596823,-0.446339,0.720816,0.0988246,0.106328,0.00059465,10.3097,628.039,0
14.868,odom,map,-0.554969,-0.448462,0.721687,0,0,0,,,
14.904,odom,map,-0.551765,-0.44559,0.740273,0,0,0,,,
14.94,odom,map,-0.548616,-0.442658,0.75886,0,0,0,,,
14.976,odom,map,-0.545796,-0.439936,0.777363,0,0,0,,,
15.012,odom,map,-0.544629,-0.438257,0.796511,0,0,0,,,
15.012,ekf_predict_only,map,-0.546015,-0.459536,0.841575,3.05828,4.47733,-0.0751269,,,
15.012,kf,map,-0.557399,-0.435463,0.794208,0.101438,0.101438,0,0.06475,,
15.012,ekf,map,-0.556391,-0.434375,0.794066,0.117211,0.117516,-7.59909e-05,0.06375,,
15,amcl,map,-0.540973,-0.45715,0.812017,0.0315859,0.0251145,0.00207553,,,
15.012,pf,map,-0.572034,-0.434718,0.823968,0.102173,0.0966289,0.00298483,8.74912,656.913,0
15.048,odom,map,-0.54671,-0.438575,0.817221,0,0,0,,,
15.084,odom,map,-0.548973,-0.438971,0.8379,0,0,0,,,
15.12,odom,map,-0.551464,-0.439514,0.858547,0,0,0,,,
15.156,odom,map,-0.554217,-0.44026,0.878882,0,0,0,,,
15.192,odom,map,-0.557181,-0.44117,0.899069,0,0,0,,,
15.228,odom,map,-0.557088,-0.440225,0.917525,0,0,0,,,
15.192,kf,map,-0.547333,-0.424538,0.884205,0.101156,0.101156,0,0.055917,,
15.192,ekf,map,-0.546545,-0.423601,0.884284,0.115131,0.115329,-5.72884e-05,0.063875,,
15.192,ekf_predict_only,map,-0.538968,-0.451649,0.930565,3.15995,4.59483,-0.0856729,,,
15.192,pf,map,-0.553529,-0.428899,0.917904,0.0951702,0.0964286,-0.00118342,11.7422,654.091,0
15.264,odom,map,-0.555901,-0.438645,0.934991,0,0,0,,,
15.3,odom,map,-0.554806,-0.437135,0.952318,0,0,0,,,
15.336,odom,map,-0.553781,-0.435668,0.969578,0,0,0,,,
15.372,odom,map,-0.552781,-0.434183,0.986838,0,0,0,,,
15.408,odom,map,-0.551571,-0.433027,1.0034,0,0,0,,,
15.408,ekf_predict_only,map,-0.534031,-0.445021,1.02897,3.26151,4.70719,-0.0945482,,,
15.408,ekf,map,-0.539481,-0.414343,0.986396,0.117183,0.117336,-5.06397e-05,0.273958,,
15.408,kf,map,-0.540103,-0.415199,0.985859,0.101435,0.101435,0,0.055417,,
15.408,pf,map,-0.557769,-0.414624,1.02176,0.100666,0.0972633,-0.00539638,4.68817,638.687,0
15.444,odom,map,-0.549166,-0.432465,1.0189,0,0,0,,,
15.48,odom,map,-0.546789,-0.431911,1.03433,0,0,0,,,
15.516,odom,map,-0.544491,-0.431454,1.04952,0,0,0,,,
15.552,odom,map,-0.542363,-0.431261,1.0642,0,0,0,,,
15.588,odom,map,-0.540276,-0.431117,1.07881,0,0,0,,,
15.624,odom,map,-0.539345,-0.430719,1.09372,0,0,0,,,
15.588,ekf_predict_only,map,-0.532473,-0.442433,1.10445,3.36216,4.8111,-0.0979947,,,
15.588,ekf,map,-0.536369,-0.409389,1.06548,0.115161,0.115256,-3.42535e-05,0.062625,,
15.6,amcl,map,-0.515263,-0.444367,1.09338,0.0266702,0.0216236,0.00121446,,,
15.588,kf,map,-0.536846,-0.410112,1.06477,0.101155,0.101155,0,0.121208,,
15.588,pf,map,-0.561196,-0.3837,1.10741,0.105478,0.114007,-0.00094754,5.45796,647.986,0
15.66,odom,map,-0.539114,-0.430263,1.10869,0,0,0,,,
15.696,odom,map,-0.538994,-0.43002,1.12317,0,0,0,,,
15.732,odom,map,-0.538909,-0.429839,1.13748,0,0,0,,,
15.768,odom,map,-0.538867,-0.429747,1.15133,0,0,0,,,
15.804,odom,map,-0.538679,-0.429731,1.1649,0,0,0,,,
15.804,ekf_predict_only,map,-0.532759,-0.443001,1.18058,3.46201,4.91038,-0.0972433,,,
15.804,kf,map,-0.535793,-0.408306,1.14773,0.101434,0.101434,0,0.059917,,
15.804,ekf,map,-0.535387,-0.407641,1.14908,0.11723,0.1173,-2.71412e-05,0.314334,,
15.804,pf,map,-0.548401,-0.382307,1.19502,0.111123,0.110322,0.00334064,4.53225,640.707,0
15.84,odom,map,-0.535518,-0.429955,1.18016,0,0,0,,,
15.876,odom,map,-0.532373,-0.430203,1.19527,0,0,0,,,
15.912,odom,map,-0.529235,-0.430452,1.21037,0,0,0,,,
15.948,odom,map,-0.526077,-0.430628,1.22466,0,0,0,,,
15.984,odom,map,-0.522918,-0.43078,1.23642,0,0,0,,,
16.02,odom,map,-0.521517,-0.430848,1.24424,0,0,0,,,
15.984,ekf_predict_only,map,-0.532759,-0.443001,1.18643,3.56201,5.01038,-0.0972433,,,
15.984,ekf,map,-0.534928,-0.40689,1.18883,0.115197,0.115239,-1.71384e-05,0.06025,,
15.984,kf,map,-0.535185,-0.407295,1.18404,0.101155,0.101155,0,0.063875,,
15.984,pf,map,-0.565661,-0.380597,1.26144,0.103392,0.0982689,-0.00393833,10.7521,631.394,0
16.056,odom,map,-0.521517,-0.430848,1.2484,0,0,0,,,
16.092,odom,map,-0.521517,-0.430848,1.24997,0,0,0,,,
16.128,odom,map,-0.521517,-0.430848,1.24998,0,0,0,,,
16.164,odom,map,-0.521517,-0.430848,1.24998,0,0,0,,,
16.2,odom,map,-0.521517,-0.430848,1.24998,0,0,0,,,
16.2,ekf_predict_only,map,-0.532759,-0.443001,1.18643,3.66201,5.11038,-0.0972433,,,
16.2,kf,map,-0.534884,-0.406793,1.20547,0.101434,0.101434,0,0.0565,,
16.2,ekf,map,-0.534726,-0.406561,1.21079,0.11726,0.117291,-1.28691e-05,0.073958,,
16.2,pf,map,-0.563117,-0.384392,1.25755,0.106405,0.103823,-0.000424453,4.83954,641.018,0
16.236,odom,map,-0.521517,-0.430848,1.24998,0,0,0,,,
16.272,odom,map,-0.521517,-0.430848,1.24998,0,0,0,,,
16.308,odom,map,-0.521517,-0.430848,1.24998,0,0,0,,,
16.344,odom,map,-0.521517,-0.430848,1.24998,0,0,0,,,
16.38,odom,map,-0.521517,-0.430848,1.24998,0,0,0,,,
16.416,odom,map,-0.521034,-0.431726,1.24973,0,0,0,,,
16.416,ekf_predict_only,map,-0.532759,-0.443001,1.18643,3.76201,5.21038,-0.0972433,,,
16.416,ekf,map,-0.534645,-0.406415,1.21993,0.117973,0.117994,-8.80717e-06,0.149125,,
16.416,kf,map,-0.534736,-0.406546,1.21603,0.101502,0.101502,0,0.922708,,
16.416,pf,map,-0.596005,-0.385329,1.27067,0.0949269,0.0899988,-0.0012809,5.06679,628.631,0
16.452,odom,map,-0.519792,-0.433982,1.2491,0,0,0,,,
16.488,odom,map,-0.51855,-0.436239,1.24846,0,0,0,,,
16.524,odom,map,-0.517309,-0.438495,1.24782,0,0,0,,,
16.56,odom,map,-0.516069,-0.440752,1.24718,0,0,0,,,
16.596,odom,map,-0.51483,-0.443009,1.24655,0,0,0,,,
16.596,ekf_predict_only,map,-0.532759,-0.443001,1.18643,3.86201,5.31038,-0.0972433,,,
16.596,ekf,map,-0.534614,-0.406353,1.2236,0.115344,0.115356,-5.20295e-06,0.147333,,
16.632,odom,map,-0.514692,-0.443259,1.24648,0,0,0,,,
16.596,kf,map,-0.534663,-0.406425,1.22122,0.101172,0.101172,0,0.055875,,
16.596,pf,map,-0.610032,-0.392504,1.26395,0.10184,0.101941,-0.00165945,5.45212,643.73,0
16.668,odom,map,-0.514692,-0.443259,1.24648,0,0,0,,,
16.704,odom,map,-0.514692,-0.443259,1.24648,0,0,0,,,
16.74,odom,map,-0.514692,-0.443259,1.24648,0,0,0,,,
16.776,odom,map,-0.514692,-0.443259,1.24648,0,0,0,,,
16.812,odom,map,-0.514692,-0.443259,1.24648,0,0,0,,,
16.812,ekf_predict_only,map,-0.532759,-0.443001,1.18643,3.96201,5.41038,-0.0972433,,,
16.812,ekf,map,-0.534601,-0.406326,1.22517,0.117185,0.117194,-3.74595e-06,0.056917,,
16.812,kf,map,-0.534627,-0.406364,1.22379,0.101438,0.101438,0,1.86183,,
16.812,pf,map,-0.60608,-0.397897,1.25031,0.0996467,0.100905,0.00419222,5.33496,629.73,0
16.848,odom,map,-0.514692,-0.443259,1.24648,0,0,0,,,
16.884,odom,map,-0.514563,-0.442875,1.24648,0,0,0,,,
16.92,odom,map,-0.51403,-0.441289,1.24677,0,0,0,,,
16.956,odom,map,-0.513086,-0.438476,1.24734,0,0,0,,,
16.992,odom,map,-0.511965,-0.43513,1.24795,0,0,0,,,
16.992,ekf_predict_only,map,-0.526299,-0.427029,1.19637,4.06654,5.52671,-0.118342,,,
16.992,kf,map,-0.530252,-0.394245,1.23071,0.101156,0.101156,0,0.055042,,
16.992,ekf,map,-0.530441,-0.394793,1.23089,0.11511,0.115113,-2.88657e-06,0.121125,,
17.028,odom,map,-0.510863,-0.431829,1.24905,0,0,0,,,
16.992,pf,map,-0.587708,-0.374237,1.24154,0.0913867,0.0927019,-0.00112338,5.26471,622.606,0
17.064,odom,map,-0.509737,-0.428439,1.25169,0,0,0,,,
17.1,odom,map,-0.508606,-0.424997,1.25481,0,0,0,,,
17.136,odom,map,-0.507451,-0.421445,1.25845,0,0,0,,,
17.172,odom,map,-0.50633,-0.417948,1.263,0,0,0,,,
17.208,odom,map,-0.505248,-0.414509,1.26889,0,0,0,,,
17.208,ekf,map,-0.523949,-0.376397,1.25645,0.11717,0.117166,-5.10282e-06,0.089583,,
17.208,ekf_predict_only,map,-0.518397,-0.40692,1.23289,4.17369,5.64691,-0.145447,,,
17.208,kf,map,-0.523818,-0.375842,1.25783,0.101435,0.101435,0,0.059125,,
17.208,pf,map,-0.566316,-0.335052,1.25716,0.0950703,0.0924282,0.00356731,5.44346,642.286,0
17.244,odom,map,-0.504188,-0.411068,1.27497,0,0,0,,,
17.28,odom,map,-0.503128,-0.407552,1.28171,0,0,0,,,
17.316,odom,map,-0.502078,-0.403967,1.28988,0,0,0,,,
17.352,odom,map,-0.501024,-0.400252,1.29887,0,0,0,,,
17.388,odom,map,-0.499997,-0.396501,1.30806,0,0,0,,,
17.424,odom,map,-0.498951,-0.392537,1.31793,0,0,0,,,
17.388,ekf_predict_only,map,-0.511493,-0.387273,1.28382,4.28228,5.76477,-0.172362,,,
17.388,kf,map,-0.51819,-0.357963,1.2982,0.101155,0.101155,0,0.059084,,
17.388,ekf,map,-0.51826,-0.358497,1.29615,0.115162,0.115149,-7.17213e-06,0.057375,,
17.4,amcl,map,-0.49453,-0.389396,1.30349,0.0198454,0.0197085,0.00249594,,,
17.388,pf,map,-0.566787,-0.321535,1.2816,0.0928029,0.104134,0.00103834,4.85171,654.119,0
17.46,odom,map,-0.497885,-0.388317,1.3287,0,0,0,,,
17.496,odom,map,-0.496852,-0.384035,1.33971,0,0,0,,,
17.532,odom,map,-0.495842,-0.379629,1.35107,0,0,0,,,
17.568,odom,map,-0.494824,-0.374937,1.36311,0,0,0,,,
17.604,odom,map,-0.493821,-0.370028,1.3754,0,0,0,,,
17.604,ekf_predict_only,map,-0.502761,-0.357684,1.35806,4.39826,5.88764,-0.213469,,,
17.604,kf,map,-0.511083,-0.330919,1.3637,0.101434,0.101434,0,0.064583,,
17.604,ekf,map,-0.511185,-0.331589,1.3615,0.117255,0.117222,-1.32083e-05,0.1265,,
17.604,pf,map,-0.544513,-0.292742,1.36444,0.097768,0.101263,-0.00353894,4.53142,630.486,0
17.64,odom,map,-0.492854,-0.364978,1.38778,0,0,0,,,
17.676,odom,map,-0.491912,-0.3597,1.40029,0,0,0,,,
17.712,odom,map,-0.491006,-0.354234,1.41288,0,0,0,,,
17.748,odom,map,-0.490169,-0.348757,1.42547,0,0,0,,,
17.784,odom,map,-0.489349,-0.342887,1.43823,0,0,0,,,
17.82,odom,map,-0.48855,-0.336587,1.45095,0,0,0,,,
17.784,ekf_predict_only,map,-0.495887,-0.325862,1.4215,4.51965,6.00587,-0.257984,,,
17.784,kf,map,-0.505825,-0.302805,1.42254,0.101155,0.101155,0,0.062458,,
17.784,ekf,map,-0.505993,-0.303626,1.42097,0.115242,0.115193,-1.62941e-05,0.053375,,
17.784,pf,map,-0.520461,-0.274659,1.44639,0.0989919,0.103279,0.00605588,6.34479,644.482,0
17.856,odom,map,-0.487777,-0.329798,1.46351,0,0,0,,,
17.892,odom,map,-0.487064,-0.322761,1.47603,0,0,0,,,
17.928,odom,map,-0.486415,-0.315453,1.48828,0,0,0,,,
17.964,odom,map,-0.485822,-0.307721,1.50016,0,0,0,,,
18,odom,map,-0.485292,-0.299549,1.51182,0,0,0,,,
18,kf,map,-0.500415,-0.258487,1.49199,0.101434,0.101434,0,0.114583,,
18,ekf_predict_only,map,-0.48849,-0.276681,1.49132,4.66146,6.12572,-0.327127,,,
18,ekf,map,-0.500763,-0.259589,1.49129,0.117359,0.11726,-2.57686e-05,0.2265,,
18,amcl,map,-0.486056,-0.314746,1.51712,0.0121561,0.0171719,0.0018017,,,
18,pf,map,-0.54878,-0.214169,1.50506,0.103769,0.105185,0.00669896,7.09792,631.529,0
18.036,odom,map,-0.484852,-0.291272,1.52345,0,0,0,,,
18.072,odom,map,-0.484496,-0.282711,1.53488,0,0,0,,,
18.108,odom,map,-0.484218,-0.273536,1.54585,0,0,0,,,
18.144,odom,map,-0.484031,-0.263947,1.55663,0,0,0,,,
18.18,odom,map,-0.483945,-0.254135,1.56737,0,0,0,,,
18.216,ekf_predict_only,map,-0.483547,-0.214617,1.55038,4.82976,6.23913,-0.41399,,,
18.216,kf,map,-0.497712,-0.202124,1.55422,0.101502,0.101502,0,0.068708,,
18.216,odom,map,-0.483514,-0.243552,1.57692,0,0,0,,,
18.216,ekf,map,-0.498278,-0.203493,1.55446,0.118144,0.117976,-3.23883e-05,0.054917,,
18.216,pf,map,-0.531952,-0.166948,1.56669,0.104427,0.100839,0.00500412,14.7677,627.366,0
18.252,odom,map,-0.482463,-0.231921,1.58513,0,0,0,,,
18.288,odom,map,-0.481493,-0.219907,1.59294,0,0,0,,,
18.324,odom,map,-0.480599,-0.207655,1.60045,0,0,0,,,
18.36,odom,map,-0.479776,-0.195405,1.60797,0,0,0,,,
18.396,odom,map,-0.479043,-0.182612,1.61463,0,0,0,,,
18.432,odom,map,-0.479492,-0.170219,1.6223,0,0,0,,,
18.396,ekf_predict_only,map,-0.482287,-0.15294,1.58962,5.01514,6.34256,-0.498918,,,
18.396,kf,map,-0.498571,-0.146213,1.59785,0.101172,0.101172,0,0.110625,,
18.396,ekf,map,-0.499191,-0.147595,1.59859,0.115568,0.115346,-2.90999e-05,0.107,,
18.396,pf,map,-0.512005,-0.0920789,1.62329,0.103559,0.103234,0.00169651,5.44408,641.708,0
18.468,odom,map,-0.480183,-0.157751,1.62991,0,0,0,,,
18.504,odom,map,-0.480972,-0.145224,1.63742,0,0,0,,,
18.54,odom,map,-0.481857,-0.132667,1.64484,0,0,0,,,
18.576,odom,map,-0.482846,-0.11997,1.65216,0,0,0,,,
18.612,odom,map,-0.483936,-0.107144,1.65899,0,0,0,,,
18.612,ekf_predict_only,map,-0.483742,-0.0756681,1.62988,5.24731,6.43859,-0.602962,,,
18.612,kf,map,-0.502613,-0.0727515,1.64245,0.101438,0.101438,0,0.060625,,
18.612,ekf,map,-0.503327,-0.0739135,1.64345,0.117564,0.117187,-2.7678e-05,0.057,,
18.612,pf,map,-0.545403,-0.0366828,1.6625,0.0989881,0.085723,0.00827081,8.06804,642.095,0
18.648,odom,map,-0.485114,-0.0943174,1.6657,0,0,0,,,
18.684,odom,map,-0.486377,-0.0814849,1.67206,0,0,0,,,
18.72,odom,map,-0.487715,-0.0686846,1.67784,0,0,0,,,
18.756,odom,map,-0.489136,-0.0557998,1.68332,0,0,0,,,
18.792,odom,map,-0.49063,-0.0428891,1.68874,0,0,0,,,
18.828,odom,map,-0.493514,-0.0326825,1.69554,0,0,0,,,
18.792,kf,map,-0.508876,-0.00977301,1.67128,0.101156,0.101156,0,0.194375,,
18.792,ekf,map,-0.50957,-0.0106041,1.67245,0.115534,0.11511,-1.41552e-05,0.097917,,
18.792,ekf_predict_only,map,-0.487612,-0.0102474,1.65346,5.48156,6.5281,-0.687713,,,
18.801,amcl,map,-0.501637,-0.0742085,1.70195,0.0131754,0.0211683,0.00218034,,,
18.792,pf,map,-0.588781,0.0017479,1.69298,0.105968,0.0905681,0.00463317,9.45158,658.856,0
18.864,odom,map,-0.497039,-0.0234353,1.70232,0,0,0,,,
18.9,odom,map,-0.500684,-0.0142507,1.70863,0,0,0,,,
18.936,odom,map,-0.504444,-0.00511892,1.71473,0,0,0,,,
18.972,odom,map,-0.508326,0.00403784,1.72031,0,0,0,,,
19.008,odom,map,-0.511853,0.0139357,1.72482,0,0,0,,,
19.008,kf,map,-0.518221,0.0668667,1.69259,0.101435,0.101435,0,0.132834,,
19.008,ekf,map,-0.519001,0.0663645,1.69416,0.117751,0.117163,3.65996e-06,0.110375,,
19.008,ekf_predict_only,map,-0.494045,0.0673972,1.66783,5.76807,6.61081,-0.784305,,,
19.008,pf,map,-0.591756,0.0925365,1.73166,0.106813,0.100824,0.00106675,5.89458,645.089,0
19.044,odom,map,-0.513851,0.0266992,1.72759,0,0,0,,,
19.08,odom,map,-0.51588,0.0393859,1.73118,0,0,0,,,
19.116,odom,map,-0.517953,0.0520442,1.73517,0,0,0,,,
19.152,odom,map,-0.520064,0.0645953,1.73993,0,0,0,,,
19.188,odom,map,-0.522231,0.077088,1.74516,0,0,0,,,
19.188,kf,map,-0.527152,0.129108,1.72108,0.101155,0.101155,0,0.061333,,
19.188,ekf,map,-0.527651,0.128939,1.72156,0.115718,0.115148,1.94978e-05,0.05575,,
19.224,odom,map,-0.52444,0.0894284,1.75087,0,0,0,,,
19.188,ekf_predict_only,map,-0.50009,0.129497,1.69777,6.03887,6.69476,-0.85846,,,
19.188,pf,map,-0.596871,0.161532,1.73944,0.107435,0.0896564,-0.000118461,8.53388,641.325,0
19.26,odom,map,-0.526683,0.101533,1.75746,0,0,0,,,
19.296,odom,map,-0.528974,0.113423,1.76511,0,0,0,,,
19.332,odom,map,-0.531354,0.125266,1.77308,0,0,0,,,
19.368,odom,map,-0.533812,0.13701,1.7814,0,0,0,,,
19.404,odom,map,-0.536319,0.148474,1.79081,0,0,0,,,
19.404,ekf_predict_only,map,-0.508982,0.199156,1.75546,6.35382,6.77148,-0.935918,,,
19.404,ekf,map,-0.539478,0.200017,1.77111,0.117904,0.117222,4.31206e-05,0.055666,,
19.404,kf,map,-0.539223,0.199854,1.77195,0.101434,0.101434,0,0.055167,,
19.404,pf,map,-0.600521,0.24991,1.79585,0.107497,0.0951856,-0.00405247,4.83462,655.083,0
19.44,odom,map,-0.538922,0.159851,1.80089,0,0,0,,,
19.476,odom,map,-0.54164,0.171189,1.81121,0,0,0,,,
19.512,odom,map,-0.544449,0.182396,1.82184,0,0,0,,,
19.548,odom,map,-0.547317,0.193319,1.8335,0,0,0,,,
19.584,odom,map,-0.550278,0.20407,1.84583,0,0,0,,,
19.62,odom,map,-0.553383,0.213371,1.85833,0,0,0,,,
19.584,ekf_predict_only,map,-0.519151,0.253594,1.81853,6.63933,6.84536,-0.988502,,,
19.584,kf,map,-0.551798,0.255609,1.82759,0.101155,0.101155,0,0.062625,,
19.584,ekf,map,-0.551923,0.25592,1.82623,0.115793,0.115195,5.24651e-05,0.085875,,
19.602,amcl,map,-0.535728,0.194303,1.83445,0.0213978,0.0259311,0.00380289,,,
19.584,pf,map,-0.603985,0.297817,1.86123,0.0900929,0.104081,-0.00888164,5.34354,629.736,0
19.656,odom,map,-0.556583,0.221368,1.87121,0,0,0,,,
19.692,odom,map,-0.559872,0.229175,1.88453,0,0,0,,,
19.728,odom,map,-0.563295,0.236939,1.89785,0,0,0,,,
19.764,odom,map,-0.566785,0.244468,1.91162,0,0,0,,,
19.8,odom,map,-0.570259,0.251516,1.92634,0,0,0,,,
19.8,ekf,map,-0.569209,0.315663,1.90896,0.117908,0.117266,7.61086e-05,0.059083,,
19.8,kf,map,-0.568991,0.314925,1.91092,0.101434,0.101434,0,0.055042,,
19.8,ekf_predict_only,map,-0.533291,0.3095,1.91096,6.94615,6.90996,-1.03234,,,
19.8,pf,map,-0.62545,0.35376,1.92618,0.103646,0.105669,-0.00607138,7.09612,647.701,0
19.836,odom,map,-0.573733,0.260588,1.94161,0,0,0,,,
19.872,odom,map,-0.577284,0.269519,1.95701,0,0,0,,,
19.908,odom,map,-0.580916,0.278253,1.97288,0,0,0,,,
19.944,odom,map,-0.584577,0.286673,1.98919,0,0,0,,,
19.98,odom,map,-0.588206,0.294656,2.00602,0,0,0,,,
20.016,odom,map,-0.591936,0.302504,2.02298,0,0,0,,,
20.016,kf,map,-0.589182,0.367049,2.0056,0.101502,0.101502,0,0.119208,,
20.016,ekf_predict_only,map,-0.550686,0.358652,2.01273,7.24189,6.96788,-1.05715,,,
20.016,ekf,map,-0.589566,0.367887,2.00367,0.118579,0.117986,9.00667e-05,0.074917,,
20.016,pf,map,-0.633909,0.397431,2.02848,0.112415,0.104698,-0.00424717,5.73358,631.531,0
20.052,odom,map,-0.595682,0.310053,2.04027,0,0,0,,,
20.088,odom,map,-0.599353,0.317135,2.05798,0,0,0,,,
20.124,odom,map,-0.603042,0.323951,2.07584,0,0,0,,,
20.16,odom,map,-0.606852,0.3307,2.09369,0,0,0,,,
20.196,odom,map,-0.610574,0.337024,2.1121,0,0,0,,,
20.196,ekf_predict_only,map,-0.565355,0.389656,2.10794,7.47216,7.03368,-1.06246,,,
20.196,kf,map,-0.606695,0.401564,2.09425,0.101172,0.101172,0,0.145,,
20.232,odom,map,-0.614197,0.342925,2.13102,0,0,0,,,
20.196,ekf,map,-0.607182,0.402443,2.09253,0.115799,0.11536,8.18085e-05,0.106834,,
20.196,pf,map,-0.655702,0.425422,2.11377,0.100151,0.0951396,-0.00272234,5.95062,628.997,0
20.202,amcl,map,-0.584069,0.338161,2.09827,0.0254793,0.0335123,0.00394018,,,
20.268,odom,map,-0.617795,0.348543,2.15017,0,0,0,,,
20.304,odom,map,-0.621382,0.353912,2.16938,0,0,0,,,
20.34,odom,map,-0.624952,0.359041,2.18871,0,0,0,,,
20.376,odom,map,-0.628404,0.3638,2.20812,0,0,0,,,
20.412,odom,map,-0.630849,0.36843,2.22663,0,0,0,,,
20.412,kf,map,-0.627246,0.434344,2.20694,0.101438,0.101438,0,0.0755,,
20.412,ekf,map,-0.627876,0.435135,2.20566,0.117607,0.11721,9.32257e-05,0.135958,,
20.412,ekf_predict_only,map,-0.583216,0.419646,2.22442,7.70329,7.09368,-1.057,,,
20.412,pf,map,-0.68997,0.462141,2.24031,0.0977941,0.0893724,-0.00148744,5.086,640.828,0
20.448,odom,map,-0.630816,0.372793,2.2432,0,0,0,,,
20.484,odom,map,-0.630568,0.376742,2.25994,0,0,0,,,
20.52,odom,map,-0.630211,0.380428,2.27695,0,0,0,,,
20.556,odom,map,-0.629727,0.38384,2.2942,0,0,0,,,
20.592,odom,map,-0.629242,0.38713,2.31145,0,0,0,,,
20.628,odom,map,-0.631122,0.390174,2.33091,0,0,0,,,
20.592,ekf_predict_only,map,-0.5957,0.435945,2.32581,7.8767,7.16679,-1.04644,,,
20.592,kf,map,-0.642617,0.453437,2.30556,0.101156,0.101156,0,0.064917,,
20.592,ekf,map,-0.6433,0.454147,2.30463,0.115411,0.115133,7.71962e-05,0.058334,,
20.601,amcl,map,-0.60596,0.387978,2.31612,0.0236533,0.0304545,0.00654799,,,
20.592,pf,map,-0.710379,0.49762,2.32189,0.102399,0.0941175,-0.00552686,9.66658,638.982,0
20.664,odom,map,-0.633785,0.392921,2.35117,0,0,0,,,
20.7,odom,map,-0.636378,0.395488,2.37143,0,0,0,,,
20.736,odom,map,-0.639023,0.398001,2.39169,0,0,0,,,
20.772,odom,map,-0.641457,0.400224,2.41201,0,0,0,,,
20.808,ekf,map,-0.65876,0.469734,2.42531,0.117419,0.11719,7.6065e-05,0.056334,,
20.808,odom,map,-0.64376,0.402242,2.43231,0,0,0,,,
20.808,ekf_predict_only,map,-0.608163,0.449189,2.4476,8.03748,7.24085,-1.03163,,,
20.808,kf,map,-0.65799,0.469095,2.42591,0.101435,0.101435,0,0.10325,,
20.808,pf,map,-0.737074,0.515778,2.44486,0.103785,0.103063,-0.000248342,5.103,654.953,0
20.844,odom,map,-0.64608,0.404192,2.45261,0,0,0,,,
20.88,odom,map,-0.648234,0.405931,2.47297,0,0,0,,,
20.916,odom,map,-0.650172,0.407432,2.49312,0,0,0,,,
20.952,odom,map,-0.65188,0.408701,2.51307,0,0,0,,,
20.988,odom,map,-0.653525,0.409871,2.533,0,0,0,,,
21.024,odom,map,-0.654102,0.41102,2.55281,0,0,0,,,
20.988,kf,map,-0.667863,0.477014,2.52518,0.101155,0.101155,0,0.059625,,
20.988,ekf_predict_only,map,-0.615174,0.455023,2.54685,8.16458,7.32666,-1.02125,,,
20.988,ekf,map,-0.668607,0.477551,2.52493,0.115317,0.115169,5.56761e-05,0.05525,,
21,amcl,map,-0.638773,0.394093,2.56438,0.0218175,0.0300971,0.0038444,,,
20.988,pf,map,-0.734169,0.509996,2.53258,0.111226,0.0994302,0.00941224,8.39708,659.774,0
21.06,odom,map,-0.653939,0.412054,2.57227,0,0,0,,,
21.096,odom,map,-0.653495,0.412874,2.59133,0,0,0,,,
21.132,odom,map,-0.653043,0.413662,2.61038,0,0,0,,,
21.168,odom,map,-0.652411,0.41432,2.62923,0,0,0,,,
21.204,odom,map,-0.651681,0.414847,2.64795,0,0,0,,,
21.204,ekf,map,-0.675201,0.481829,2.63939,0.117353,0.117239,4.74878e-05,0.056958,,
21.204,ekf_predict_only,map,-0.618806,0.45748,2.65949,8.27605,7.41942,-1.01522,,,
21.204,kf,map,-0.674424,0.481334,2.63927,0.101434,0.101434,0,0.061583,,
21.204,pf,map,-0.72038,0.539589,2.64871,0.101603,0.105051,0.003858,4.71829,641.97,0
21.24,odom,map,-0.652213,0.415128,2.66652,0,0,0,,,
21.276,odom,map,-0.652592,0.415318,2.68484,0,0,0,,,
21.312,odom,map,-0.652848,0.415442,2.70282,0,0,0,,,
21.348,odom,map,-0.652791,0.415417,2.72042,0,0,0,,,
21.384,odom,map,-0.652629,0.415346,2.73797,0,0,0,,,
21.384,ekf_predict_only,map,-0.616759,0.456408,2.74511,8.37105,7.52349,-1.01894,,,
21.384,kf,map,-0.675367,0.481916,2.72782,0.101155,0.101155,0,0.056584,,
21.384,ekf,map,-0.676108,0.48236,2.72828,0.115274,0.115203,3.11394e-05,0.058333,,
21.42,odom,map,-0.650877,0.415144,2.75538,0,0,0,,,
21.402,amcl,map,-0.627507,0.40167,2.75113,0.0195228,0.0266047,0.000488774,,,
21.384,pf,map,-0.744017,0.513154,2.7403,0.0967403,0.10126,-0.0014231,5.69221,648.921,0
21.456,odom,map,-0.647785,0.414816,2.77245,0,0,0,,,
21.492,odom,map,-0.644606,0.414463,2.78921,0,0,0,,,
21.528,odom,map,-0.641405,0.414114,2.80595,0,0,0,,,
21.564,odom,map,-0.63814,0.413754,2.82248,0,0,0,,,
21.6,odom,map,-0.634725,0.413357,2.83856,0,0,0,,,
21.6,kf,map,-0.672412,0.480934,2.82646,0.101434,0.101434,0,0.137875,,
21.6,ekf,map,-0.673114,0.481349,2.82728,0.117318,0.117266,2.40828e-05,0.056708,,
21.6,ekf_predict_only,map,-0.611197,0.45408,2.83975,8.46019,7.63467,-1.02956,,,
21.6,pf,map,-0.733704,0.50207,2.84863,0.11434,0.107273,0.00261164,5.10854,640.964,0
21.636,odom,map,-0.633731,0.413074,2.85437,0,0,0,,,
21.672,odom,map,-0.632765,0.412797,2.87014,0,0,0,,,
21.708,odom,map,-0.631731,0.412518,2.88557,0,0,0,,,
21.744,odom,map,-0.630569,0.412223,2.90051,0,0,0,,,
21.78,odom,map,-0.629248,0.411909,2.91509,0,0,0,,,
21.816,odom,map,-0.628368,0.410474,2.93127,0,0,0,,,
21.816,ekf_predict_only,map,-0.60295,0.451512,2.92655,8.54825,7.75162,-1.04609,,,
21.816,kf,map,-0.666184,0.479406,2.91736,0.101502,0.101502,0,0.054875,,
21.816,ekf,map,-0.666787,0.479777,2.91836,0.118013,0.117978,1.7072e-05,0.061291,,
21.816,pf,map,-0.723868,0.500951,2.95686,0.111511,0.111514,-0.000579293,4.77396,648.47,0
21.852,odom,map,-0.628572,0.407342,2.94966,0,0,0,,,
21.888,odom,map,-0.629814,0.404402,2.96564,0,0,0,,,
21.924,odom,map,-0.631232,0.401471,2.97902,0,0,0,,,
21.96,odom,map,-0.632676,0.398521,2.98981,0,0,0,,,
21.996,odom,map,-0.634146,0.395551,2.99801,0,0,0,,,
21.996,kf,map,-0.666496,0.479827,2.94194,0.101172,0.101172,0,0.059083,,
21.996,ekf,map,-0.66677,0.480082,2.9458,0.115367,0.115347,1.03112e-05,0.3875,,
22.032,odom,map,-0.634311,0.395219,2.99969,0,0,0,,,
21.996,ekf_predict_only,map,-0.60295,0.451512,2.92655,8.64825,7.85162,-1.04609,,,
22.002,amcl,map,-0.604126,0.395471,2.97632,0.0176596,0.0198446,0.000492221,,,
21.996,pf,map,-0.730346,0.500548,3.00775,0.107704,0.103375,-0.00178495,6.36538,619.857,0
22.068,odom,map,-0.634311,0.395219,2.99969,0,0,0,,,
22.104,odom,map,-0.634311,0.395219,2.99969,0,0,0,,,
22.14,odom,map,-0.634311,0.395219,2.99969,0,0,0,,,
22.176,odom,map,-0.634311,0.395219,2.99969,0,0,0,,,
22.212,odom,map,-0.633302,0.395412,2.99855,0,0,0,,,
22.212,ekf_predict_only,map,-0.60295,0.451512,2.92655,8.74825,7.95162,-1.04609,,,
22.212,kf,map,-0.66665,0.480036,2.95472,0.101438,0.101438,0,0.06625,,
22.212,ekf,map,-0.66678,0.480183,2.9583,0.117202,0.117188,7.58735e-06,0.058458,,
22.212,pf,map,-0.71076,0.492937,2.99889,0.103286,0.0976975,-0.00429685,5.24808,632.936,0
22.248,odom,map,-0.630014,0.396033,2.99483,0,0,0,,,
22.284,odom,map,-0.626744,0.39664,2.99111,0,0,0,,,
22.32,odom,map,-0.623491,0.397233,2.98739,0,0,0,,,
22.356,odom,map,-0.620257,0.397812,2.98367,0,0,0,,,
22.392,odom,map,-0.617042,0.398377,2.97995,0,0,0,,,
22.428,odom,map,-0.616152,0.398532,2.97891,0,0,0,,,
22.392,ekf_predict_only,map,-0.60295,0.451512,2.92655,8.84825,8.05162,-1.04609,,,
22.392,kf,map,-0.666726,0.480138,2.961,0.101156,0.101156,0,0.055917,,
22.392,ekf,map,-0.66679,0.480216,2.96338,0.115118,0.11511,4.62894e-06,0.060625,,
22.392,pf,map,-0.730533,0.480954,3.00061,0.104562,0.0948516,-0.00425949,5.39629,640.048,0
22.464,odom,map,-0.616152,0.398532,2.97891,0,0,0,,,
22.5,odom,map,-0.616152,0.398532,2.97891,0,0,0,,,
22.536,odom,map,-0.616152,0.398532,2.97891,0,0,0,,,
22.572,odom,map,-0.616152,0.398532,2.97891,0,0,0,,,
22.608,odom,map,-0.616152,0.398532,2.97891,0,0,0,,,
22.608,kf,map,-0.666763,0.480189,2.96411,0.101435,0.101435,0,0.054,,
22.608,ekf,map,-0.666796,0.480229,2.96558,0.117168,0.117162,3.39875e-06,0.057166,,
22.608,ekf_predict_only,map,-0.60295,0.451512,2.92655,8.94825,8.15162,-1.04609,,,
22.608,pf,map,-0.734183,0.487613,2.98412,0.10255,0.0992161,-0.000532302,6.22138,643.338,0
22.644,odom,map,-0.616152,0.398532,2.97891,0,0,0,,,
22.68,odom,map,-0.6164,0.398573,2.9791,0,0,0,,,
22.716,odom,map,-0.61773,0.398791,2.97899,0,0,0,,,
22.752,odom,map,-0.619424,0.399069,2.97874,0,0,0,,,
22.788,odom,map,-0.621545,0.399418,2.97805,0,0,0,,,
22.788,ekf,map,-0.677027,0.482034,2.96302,0.115149,0.115147,2.38506e-06,0.060833,,
22.824,odom,map,-0.622899,0.399521,2.9767,0,0,0,,,
22.788,ekf_predict_only,map,-0.619622,0.455154,2.91959,9.06519,8.21788,-1.011,,,
22.788,kf,map,-0.677806,0.482183,2.96176,0.101155,0.101155,0,0.057125,,
22.788,pf,map,-0.723764,0.492967,2.98335,0.103186,0.0984664,-0.00582808,5.77567,654.331,0
22.86,odom,map,-0.624358,0.399581,2.97487,0,0,0,,,
22.896,odom,map,-0.626548,0.399772,2.97292,0,0,0,,,
22.932,odom,map,-0.629437,0.400093,2.97098,0,0,0,,,
22.968,odom,map,-0.632628,0.400478,2.96902,0,0,0,,,
23.004,odom,map,-0.636659,0.401032,2.96688,0,0,0,,,
23.004,kf,map,-0.707635,0.487629,2.95346,0.101434,0.101434,0,0.112916,,
23.004,ekf,map,-0.705983,0.487276,2.9545,0.11722,0.117237,5.10227e-06,0.058875,,
23.004,ekf_predict_only,map,-0.657726,0.463755,2.90795,9.20557,8.24796,-0.929442,,,
23.004,pf,map,-0.738892,0.50561,2.97804,0.111994,0.103789,-0.00182658,6.58042,638.907,0
23.04,odom,map,-0.64307,0.40217,2.96494,0,0,0,,,
23.076,odom,map,-0.649779,0.403375,2.96287,0,0,0,,,
23.112,odom,map,-0.657059,0.404698,2.96073,0,0,0,,,
23.148,odom,map,-0.664826,0.406128,2.95836,0,0,0,,,
23.184,odom,map,-0.672696,0.407596,2.95595,0,0,0,,,
23.22,odom,map,-0.68076,0.409121,2.95351,0,0,0,,,
23.184,ekf_predict_only,map,-0.698374,0.473429,2.89573,9.35161,8.28457,-0.84027,,,
23.184,ekf,map,-0.74025,0.493876,2.94429,0.115191,0.115239,1.01863e-05,0.058042,,
23.184,kf,map,-0.741885,0.494239,2.94353,0.101155,0.101155,0,0.05425,,
23.184,pf,map,-0.791934,0.521787,2.97162,0.109909,0.109789,-0.000837727,4.79783,641.49,0
23.256,odom,map,-0.689366,0.410769,2.95141,0,0,0,,,
23.292,odom,map,-0.698476,0.412532,2.94945,0,0,0,,,
23.328,odom,map,-0.707743,0.414344,2.94751,0,0,0,,,
23.364,odom,map,-0.717191,0.416211,2.94565,0,0,0,,,
23.4,odom,map,-0.727097,0.418186,2.94395,0,0,0,,,
23.4,ekf_predict_only,map,-0.76106,0.489159,2.88731,9.52788,8.3098,-0.697673,,,
23.4,kf,map,-0.797279,0.50556,2.93443,0.101434,0.101434,0,0.108291,,
23.4,ekf,map,-0.795359,0.505198,2.93464,0.117259,0.11739,2.65358e-05,0.0665,,
23.4,pf,map,-0.837086,0.537504,2.96828,0.11017,0.111564,0.00300776,5.98187,624.173,0
23.436,odom,map,-0.737533,0.420284,2.94252,0,0,0,,,
23.472,odom,map,-0.74809,0.422421,2.94112,0,0,0,,,
23.508,odom,map,-0.758957,0.424637,2.93993,0,0,0,,,
23.544,odom,map,-0.770317,0.426965,2.939,0,0,0,,,
23.58,odom,map,-0.782038,0.429377,2.93824,0,0,0,,,
23.616,odom,map,-0.794021,0.431853,2.93755,0,0,0,,,
23.616,ekf_predict_only,map,-0.833168,0.507901,2.88327,9.72108,8.35876,-0.525017,,,
23.616,ekf,map,-0.861209,0.5194,2.9287,0.117979,0.118215,4.88812e-05,0.127666,,
23.616,kf,map,-0.863148,0.5197,2.92886,0.101502,0.101502,0,0.559458,,
23.616,pf,map,-0.90367,0.555305,2.94366,0.11585,0.102402,0.000799136,8.93871,629.912,0
23.652,odom,map,-0.806179,0.434373,2.93687,0,0,0,,,
23.688,odom,map,-0.818477,0.436929,2.93641,0,0,0,,,
23.724,odom,map,-0.830947,0.439526,2.93633,0,0,0,,,
23.76,odom,map,-0.843601,0.442159,2.93667,0,0,0,,,
23.796,odom,map,-0.856303,0.444796,2.93708,0,0,0,,,
23.802,amcl,map,-0.846082,0.455821,2.92611,0.023616,0.025106,0.00119895,,,
23.796,ekf_predict_only,map,-0.896824,0.52472,2.88702,9.9069,8.44518,-0.364409,,,
23.796,kf,map,-0.92293,0.532855,2.92972,0.101172,0.101172,0,0.116042,,
23.832,odom,map,-0.869127,0.447452,2.93771,0,0,0,,,
23.796,ekf,map,-0.921474,0.532738,2.92994,0.115354,0.115647,6.23208e-05,0.059792,,
23.796,pf,map,-0.952901,0.533365,2.93338,0.10232,0.0986885,0.00175732,13.0042,642.676,0
23.868,odom,map,-0.882034,0.450114,2.93872,0,0,0,,,
23.904,odom,map,-0.895067,0.452787,2.93987,0,0,0,,,
23.94,odom,map,-0.908131,0.455451,2.94103,0,0,0,,,
23.976,odom,map,-0.921263,0.458111,2.94252,0,0,0,,,
24.012,ekf_predict_only,map,-0.974364,0.544898,2.89627,10.1126,8.56913,-0.158167,,,
24.012,kf,map,-0.998774,0.54928,2.9364,0.101438,0.101438,0,0.057375,,
24.012,ekf,map,-0.997767,0.549248,2.93609,0.117203,0.117658,9.87814e-05,0.062208,,
24.012,odom,map,-0.934364,0.460743,2.94406,0,0,0,,,
24.012,pf,map,-1.02535,0.552543,2.95871,0.0993201,0.0989219,-0.00300064,4.85283,640.451,0
24.048,odom,map,-0.94746,0.463354,2.94561,0,0,0,,,
24.084,odom,map,-0.960496,0.46593,2.94732,0,0,0,,,
24.12,odom,map,-0.97348,0.468473,2.94923,0,0,0,,,
24.156,odom,map,-0.986355,0.470967,2.95122,0,0,0,,,
24.192,odom,map,-0.999151,0.47342,2.95325,0,0,0,,,
24.228,odom,map,-1.01193,0.475841,2.95531,0,0,0,,,
24.192,ekf,map,-1.06117,0.562385,2.94449,0.115129,0.115604,0.000104176,0.060666,,
24.192,kf,map,-1.06171,0.562363,2.94487,0.101156,0.101156,0,0.101292,,
24.192,ekf_predict_only,map,-1.03743,0.560688,2.90658,10.2975,8.7218,0.0178886,,,
24.192,pf,map,-1.08913,0.593739,2.95948,0.106871,0.100843,-0.00275185,7.82429,625.288,0
24.264,odom,map,-1.02467,0.478227,2.95753,0,0,0,,,
24.3,odom,map,-1.03728,0.480561,2.95973,0,0,0,,,
24.336,odom,map,-1.0498,0.48285,2.96181,0,0,0,,,
24.372,odom,map,-1.06213,0.485079,2.9636,0,0,0,,,
24.408,odom,map,-1.0744,0.487276,2.9653,0,0,0,,,
24.408,ekf_predict_only,map,-1.11016,0.578101,2.91675,10.4932,8.92002,0.229634,,,
24.408,ekf,map,-1.13545,0.576899,2.95493,0.117188,0.117801,0.000133757,0.059583,,
24.408,kf,map,-1.13559,0.5769,2.95508,0.101435,0.101435,0,0.629208,,
24.408,pf,map,-1.19657,0.595723,2.98184,0.102482,0.0977885,0.00437577,4.594,634.545,0
24.444,odom,map,-1.08657,0.489433,2.96705,0,0,0,,,
24.48,odom,map,-1.09842,0.491513,2.96856,0,0,0,,,
24.516,odom,map,-1.11012,0.493549,2.96997,0,0,0,,,
24.552,odom,map,-1.12158,0.495529,2.97121,0,0,0,,,
24.588,odom,map,-1.13297,0.497482,2.9724,0,0,0,,,
24.624,odom,map,-1.14277,0.500983,2.97211,0,0,0,,,
24.588,ekf_predict_only,map,-1.16553,0.590766,2.92072,10.6644,9.12206,0.396778,,,
24.588,kf,map,-1.19301,0.58753,2.96066,0.101155,0.101155,0,0.071958,,
24.588,ekf,map,-1.19319,0.5875,2.96082,0.115169,0.115731,0.000121239,0.058083,,
24.6,amcl,map,-1.11408,0.522314,2.95375,0.0274943,0.0343343,0.00526307,,,
24.588,pf,map,-1.25772,0.604536,2.98187,0.108407,0.0959155,0.00245834,6.10804,643.424,0
24.66,odom,map,-1.15161,0.505381,2.97085,0,0,0,,,
24.696,odom,map,-1.16043,0.509811,2.96957,0,0,0,,,
24.732,odom,map,-1.16925,0.514271,2.96828,0,0,0,,,
24.768,odom,map,-1.17797,0.518747,2.96673,0,0,0,,,
24.804,odom,map,-1.18656,0.523073,2.96495,0,0,0,,,
24.804,kf,map,-1.25908,0.599384,2.96338,0.101434,0.101434,0,0.060167,,
24.804,ekf_predict_only,map,-1.22896,0.605009,2.9209,10.8458,9.36832,0.594621,,,
24.804,ekf,map,-1.25949,0.599322,2.96385,0.117243,0.117883,0.000135021,0.130333,,
24.804,pf,map,-1.32306,0.606714,2.98511,0.09415,0.108887,0.000200262,6.71975,639.23,0
24.84,odom,map,-1.19722,0.524977,2.96498,0,0,0,,,
24.876,odom,map,-1.20776,0.526857,2.965,0,0,0,,,
24.912,odom,map,-1.2181,0.528704,2.96484,0,0,0,,,
24.948,odom,map,-1.22815,0.530499,2.96446,0,0,0,,,
24.984,odom,map,-1.23815,0.532292,2.96407,0,0,0,,,
25.02,odom,map,-1.24792,0.534048,2.96333,0,0,0,,,
24.984,kf,map,-1.31003,0.608389,2.96197,0.101155,0.101155,0,0.087666,,
24.984,ekf_predict_only,map,-1.27673,0.615725,2.91641,11.0082,9.59939,0.748286,,,
24.984,pf,map,-1.37792,0.592294,2.97987,0.0980375,0.11081,-0.00185235,4.65108,641.773,0
24.984,ekf,map,-1.3106,0.608331,2.96259,0.11521,0.115752,0.000112172,0.055458,,
25.056,odom,map,-1.25743,0.535766,2.96232,0,0,0,,,
25.092,odom,map,-1.26682,0.537474,2.96124,0,0,0,,,
25.128,odom,map,-1.27624,0.539197,2.96001,0,0,0,,,
25.164,odom,map,-1.28549,0.540901,2.95843,0,0,0,,,
25.2,odom,map,-1.29463,0.542604,2.95651,0,0,0,,,
25.2,kf,map,-1.36707,0.618661,2.95374,0.101434,0.101434,0,0.105042,,
25.2,ekf,map,-1.36767,0.618591,2.95459,0.117276,0.117849,0.000116088,0.100792,,
25.2,ekf_predict_only,map,-1.33105,0.628167,2.90441,11.1817,9.8706,0.928438,,,
25.2,pf,map,-1.44735,0.616736,2.97753,0.111958,0.121461,0.00341757,8.30683,616.482,0
25.236,odom,map,-1.30376,0.544322,2.95451,0,0,0,,,
25.272,odom,map,-1.31281,0.546045,2.95242,0,0,0,,,
25.308,odom,map,-1.32165,0.547749,2.95007,0,0,0,,,
25.344,odom,map,-1.33044,0.549464,2.94751,0,0,0,,,
25.38,odom,map,-1.3392,0.551199,2.94488,0,0,0,,,
25.416,odom,map,-1.34719,0.553818,2.94137,0,0,0,,,
25.416,kf,map,-1.4209,0.628926,2.9391,0.101502,0.101502,0,0.065125,,
25.416,ekf,map,-1.42143,0.628861,2.94007,0.117989,0.118527,0.00010737,0.285708,,
25.416,ekf_predict_only,map,-1.38267,0.640646,2.88591,11.3568,10.1554,1.10594,,,
25.416,pf,map,-1.48005,0.616114,2.95488,0.106893,0.11664,0.000242518,5.49825,601.507,0
25.452,odom,map,-1.35393,0.557823,2.93668,0,0,0,,,
25.488,odom,map,-1.36057,0.56186,2.93184,0,0,0,,,
25.524,odom,map,-1.36711,0.565928,2.92699,0,0,0,,,
25.56,odom,map,-1.37359,0.570037,2.92214,0,0,0,,,
25.596,odom,map,-1.37998,0.574178,2.91696,0,0,0,,,
25.632,odom,map,-1.38795,0.576317,2.91283,0,0,0,,,
25.596,ekf_predict_only,map,-1.42321,0.651244,2.86606,11.5215,10.4159,1.25071,,,
25.596,ekf,map,-1.46365,0.637679,2.92331,0.115357,0.115778,8.37081e-05,0.06125,,
25.596,kf,map,-1.46323,0.637722,2.92246,0.101172,0.101172,0,0.065,,
25.602,amcl,map,-1.37435,0.588492,2.88609,0.0319938,0.0497273,0.0113739,,,
25.596,pf,map,-1.53691,0.628207,2.9491,0.0936962,0.0951527,0.00043322,8.95888,631.803,0
25.668,odom,map,-1.39619,0.578254,2.90873,0,0,0,,,
25.704,odom,map,-1.40424,0.580181,2.90412,0,0,0,,,
25.74,odom,map,-1.41179,0.582029,2.89896,0,0,0,,,
25.776,odom,map,-1.41918,0.58388,2.89355,0,0,0,,,
25.812,odom,map,-1.42657,0.585771,2.88814,0,0,0,,,
25.812,ekf_predict_only,map,-1.46722,0.663686,2.8336,11.6986,10.7055,1.41397,,,
25.812,kf,map,-1.50964,0.648346,2.89352,0.101438,0.101438,0,0.053625,,
25.812,ekf,map,-1.51011,0.648361,2.89441,0.117199,0.117623,8.5351e-05,0.05875,,
25.812,pf,map,-1.57319,0.625819,2.91405,0.094065,0.0903168,0.000864001,10.832,653.441,0
25.848,odom,map,-1.43374,0.58765,2.88229,0,0,0,,,
25.884,odom,map,-1.44064,0.589504,2.87587,0,0,0,,,
25.92,odom,map,-1.44753,0.591403,2.86944,0,0,0,,,
25.956,odom,map,-1.45411,0.593263,2.86248,0,0,0,,,
25.992,odom,map,-1.46026,0.595051,2.8549,0,0,0,,,
26.028,odom,map,-1.46631,0.59686,2.84714,0,0,0,,,
25.992,ekf_predict_only,map,-1.49742,0.673293,2.79481,11.8591,10.9449,1.5312,,,
25.992,kf,map,-1.54278,0.657071,2.85927,0.101156,0.101156,0,0.102959,,
25.992,ekf,map,-1.54333,0.657135,2.86027,0.11512,0.115452,6.85393e-05,0.105583,,
25.992,pf,map,-1.60995,0.648816,2.89609,0.0971303,0.104916,-0.0011287,11.538,652.719,0
26.064,odom,map,-1.47237,0.598723,2.83939,0,0,0,,,
26.1,odom,map,-1.47814,0.600547,2.83112,0,0,0,,,
26.136,odom,map,-1.48391,0.602425,2.82279,0,0,0,,,
26.172,odom,map,-1.48981,0.604399,2.81458,0,0,0,,,
26.208,odom,map,-1.49548,0.60635,2.80604,0,0,0,,,
26.208,ekf_predict_only,map,-1.52964,0.684939,2.74146,12.0335,11.2023,1.66252,,,
26.208,ekf,map,-1.57873,0.667958,2.81155,0.117174,0.117496,6.96413e-05,0.055708,,
26.208,kf,map,-1.57811,0.667816,2.81044,0.101435,0.101435,0,0.063459,,
26.208,pf,map,-1.64889,0.671688,2.84105,0.09599,0.0920576,-0.00839288,5.05104,637.313,0
26.244,odom,map,-1.50049,0.608123,2.79664,0,0,0,,,
26.28,odom,map,-1.50513,0.609813,2.78655,0,0,0,,,
26.316,odom,map,-1.50948,0.611453,2.77593,0,0,0,,,
26.352,odom,map,-1.51369,0.613091,2.7651,0,0,0,,,
26.388,odom,map,-1.51779,0.614738,2.75393,0,0,0,,,
26.424,odom,map,-1.52065,0.618428,2.73858,0,0,0,,,
26.388,kf,map,-1.60016,0.675827,2.75662,0.101155,0.101155,0,0.060042,,
26.388,ekf,map,-1.60082,0.676012,2.75795,0.115156,0.115394,5.42799e-05,0.139917,,
26.388,ekf_predict_only,map,-1.54844,0.692888,2.68139,12.1849,11.3983,1.74359,,,
26.388,pf,map,-1.67466,0.673546,2.77199,0.0982082,0.0901287,-0.00354445,14.3401,650.332,0
26.46,odom,map,-1.52292,0.623345,2.72077,0,0,0,,,
26.496,odom,map,-1.52517,0.628316,2.70289,0,0,0,,,
26.532,odom,map,-1.52736,0.633325,2.68471,0,0,0,,,
26.568,odom,map,-1.52954,0.638401,2.66593,0,0,0,,,
26.604,odom,map,-1.53178,0.643355,2.64739,0,0,0,,,
26.604,kf,map,-1.62412,0.686085,2.68113,0.101434,0.101434,0,0.05975,,
26.604,ekf,map,-1.6246,0.686267,2.68249,0.117229,0.117443,5.29373e-05,0.063834,,
26.604,ekf_predict_only,map,-1.57044,0.703795,2.60063,12.3563,11.6144,1.84446,,,
26.601,amcl,map,-1.52251,0.641569,2.64179,0.0383442,0.0577598,0.0182847,,,
26.604,pf,map,-1.6986,0.669645,2.69956,0.100259,0.0935345,0.00572776,5.70842,662.347,0
26.64,odom,map,-1.53522,0.645237,2.63361,0,0,0,,,
26.676,odom,map,-1.53845,0.647065,2.61923,0,0,0,,,
26.712,odom,map,-1.54162,0.648921,2.60421,0,0,0,,,
26.748,odom,map,-1.54474,0.650817,2.58896,0,0,0,,,
26.784,odom,map,-1.54788,0.652786,2.57343,0,0,0,,,
26.82,odom,map,-1.55099,0.654804,2.55738,0,0,0,,,
26.784,ekf_predict_only,map,-1.58631,0.713329,2.51962,12.5196,11.8009,1.92312,,,
26.784,kf,map,-1.64123,0.69511,2.60627,0.101155,0.101155,0,0.065,,
26.784,ekf,map,-1.64153,0.695248,2.6077,0.115198,0.115351,4.09904e-05,0.057375,,
26.784,pf,map,-1.70676,0.678742,2.63426,0.10272,0.105812,0.00325825,5.81533,652.58,0
26.856,odom,map,-1.55412,0.656913,2.54094,0,0,0,,,
26.892,odom,map,-1.55725,0.659094,2.52437,0,0,0,,,
26.928,odom,map,-1.56038,0.661356,2.50757,0,0,0,,,
26.964,odom,map,-1.56366,0.663812,2.49028,0,0,0,,,
27,odom,map,-1.56692,0.666344,2.47294,0,0,0,,,
27,ekf,map,-1.66234,0.708533,2.50799,0.117266,0.1174,4.20095e-05,0.055209,,
27,ekf_predict_only,map,-1.6073,0.728378,2.41454,12.7212,12.0187,2.03618,,,
27,kf,map,-1.66236,0.708495,2.50656,0.101434,0.101434,0,0.057666,,
27,pf,map,-1.7203,0.695254,2.53504,0.107347,0.0985975,0.00596053,5.49317,648.167,0
27.036,odom,map,-1.57022,0.668994,2.4555,0,0,0,,,
27.072,odom,map,-1.57355,0.671775,2.43781,0,0,0,,,
27.108,odom,map,-1.57686,0.674633,2.41986,0,0,0,,,
27.144,odom,map,-1.58011,0.677547,2.40177,0,0,0,,,
27.18,odom,map,-1.58337,0.680581,2.38353,0,0,0,,,
27.216,kf,map,-1.68346,0.725357,2.40008,0.101502,0.101502,0,0.075958,,
27.216,odom,map,-1.58671,0.683801,2.36513,0,0,0,,,
27.216,ekf,map,-1.68319,0.725334,2.40131,0.117985,0.118093,4.21548e-05,0.054542,,
27.201,amcl,map,-1.58439,0.698647,2.34955,0.0325569,0.047014,0.0134911,,,
27.216,ekf_predict_only,map,-1.62852,0.747253,2.30405,12.9515,12.2417,2.16414,,,
27.216,pf,map,-1.75757,0.730245,2.43007,0.0970536,0.103285,0.00480588,4.55971,644.834,0
27.252,odom,map,-1.59016,0.687253,2.3466,0,0,0,,,
27.288,odom,map,-1.59361,0.690835,2.32801,0,0,0,,,
27.324,odom,map,-1.59704,0.694534,2.30922,0,0,0,,,
27.36,odom,map,-1.60057,0.69849,2.29028,0,0,0,,,
27.396,odom,map,-1.60406,0.702539,2.27133,0,0,0,,,
27.432,odom,map,-1.60603,0.706564,2.25122,0,0,0,,,
27.396,kf,map,-1.7019,0.74381,2.30733,0.101172,0.101172,0,0.138041,,
27.396,ekf_predict_only,map,-1.6472,0.767988,2.20838,13.1984,12.4534,2.2923,,,
27.396,ekf,map,-1.70151,0.743715,2.30825,0.115361,0.115434,3.88047e-05,0.055083,,
27.396,pf,map,-1.76311,0.727451,2.35069,0.0991329,0.0949925,0.0055028,13.4655,646.388,0
27.468,odom,map,-1.60788,0.71083,2.23074,0,0,0,,,
27.504,odom,map,-1.60976,0.715341,2.21014,0,0,0,,,
27.54,odom,map,-1.61158,0.719976,2.18954,0,0,0,,,
27.576,odom,map,-1.61341,0.724867,2.16905,0,0,0,,,
27.612,odom,map,-1.61571,0.729954,2.14909,0,0,0,,,
27.612,ekf_predict_only,map,-1.6697,0.798366,2.09422,13.5207,12.6923,2.46837,,,
27.612,kf,map,-1.72466,0.771398,2.19393,0.101438,0.101438,0,0.067167,,
27.612,ekf,map,-1.7241,0.771282,2.19441,0.117219,0.117279,5.26096e-05,0.053417,,
27.6,amcl,map,-1.63771,0.746014,2.16366,0.0273409,0.0468754,0.0125845,,,
27.612,pf,map,-1.77507,0.769325,2.23399,0.112876,0.0914546,0.0025717,4.71483,640.589,0
27.648,odom,map,-1.61918,0.735383,2.13008,0,0,0,,,
27.684,odom,map,-1.62266,0.741075,2.11132,0,0,0,,,
27.72,odom,map,-1.62609,0.746907,2.0927,0,0,0,,,
27.756,odom,map,-1.62959,0.753127,2.07458,0,0,0,,,
27.792,odom,map,-1.63305,0.759534,2.05672,0,0,0,,,
27.828,odom,map,-1.63639,0.766007,2.0389,0,0,0,,,
27.792,ekf_predict_only,map,-1.68791,0.82992,2.00511,13.8606,12.9081,2.63796,,,
27.792,kf,map,-1.74332,0.800359,2.10354,0.101156,0.101156,0,0.099375,,
27.792,ekf,map,-1.74271,0.800234,2.10356,0.115155,0.115188,5.64531e-05,0.059208,,
27.792,pf,map,-1.80409,0.788575,2.13219,0.104098,0.0921239,-0.00218056,8.61187,636.148,0
27.864,odom,map,-1.63971,0.77272,2.02132,0,0,0,,,
27.9,odom,map,-1.64308,0.779841,2.00422,0,0,0,,,
27.936,odom,map,-1.6464,0.787171,1.98733,0,0,0,,,
27.972,odom,map,-1.64968,0.79475,1.97077,0,0,0,,,
28.008,odom,map,-1.65309,0.803158,1.95359,0,0,0,,,
28.008,ekf_predict_only,map,-1.70883,0.87501,1.90596,14.3198,13.145,2.86878,,,
28.008,kf,map,-1.76549,0.842415,2.00208,0.101435,0.101435,0,0.056,,
28.008,ekf,map,-1.76472,0.842271,2.00171,0.11725,0.11725,8.19765e-05,0.07125,,
28.008,pf,map,-1.84648,0.835578,2.00354,0.0992137,0.107096,0.0026891,4.61346,645.045,0
28.044,odom,map,-1.65735,0.814603,1.93462,0,0,0,,,
28.08,odom,map,-1.66156,0.826401,1.91607,0,0,0,,,
28.116,odom,map,-1.66566,0.838484,1.89756,0,0,0,,,
28.152,odom,map,-1.66963,0.850753,1.87899,0,0,0,,,
28.188,odom,map,-1.67345,0.863219,1.86077,0,0,0,,,
28.224,odom,map,-1.67652,0.873801,1.84463,0,0,0,,,
28.188,ekf_predict_only,map,-1.72497,0.921356,1.83075,14.8091,13.3534,3.09229,,,
28.188,kf,map,-1.78289,0.885484,1.9243,0.101155,0.101155,0,0.051792,,
28.188,ekf,map,-1.78208,0.88524,1.92377,0.115262,0.115223,8.80678e-05,0.056667,,
28.2,amcl,map,-1.69035,0.884957,1.86391,0.0255327,0.0524132,0.0129013,,,
28.188,pf,map,-1.85474,0.86192,1.93165,0.0993775,0.0968043,0.00336751,4.64446,650.743,0
28.26,odom,map,-1.6791,0.88327,1.82959,0,0,0,,,
28.296,odom,map,-1.68156,0.892867,1.81472,0,0,0,,,
28.332,odom,map,-1.68391,0.902608,1.8001,0,0,0,,,
28.368,odom,map,-1.68612,0.912394,1.78579,0,0,0,,,
28.404,odom,map,-1.68839,0.922191,1.77178,0,0,0,,,
28.404,ekf_predict_only,map,-1.74089,0.981189,1.74828,15.4421,13.5628,3.36879,,,
28.404,kf,map,-1.801,0.942151,1.83767,0.101434,0.101434,0,0.05725,,
28.404,ekf,map,-1.80005,0.941873,1.83678,0.117418,0.117302,0.000120897,0.057209,,
28.404,pf,map,-1.89425,0.938089,1.84873,0.115128,0.0955004,-0.00328376,4.90342,644.261,0
28.44,odom,map,-1.69404,0.931968,1.76245,0,0,0,,,
28.476,odom,map,-1.69965,0.941771,1.75353,0,0,0,,,
28.512,odom,map,-1.70523,0.951573,1.74492,0,0,0,,,
28.548,odom,map,-1.71078,0.961361,1.7364,0,0,0,,,
28.584,odom,map,-1.71629,0.971148,1.72807,0,0,0,,,
28.62,odom,map,-1.71957,0.98102,1.71756,0,0,0,,,
28.584,ekf_predict_only,map,-1.74987,1.03128,1.68582,16.0151,13.7257,3.58635,,,
28.584,ekf,map,-1.81109,0.991057,1.77034,0.115417,0.115258,0.000115733,0.065625,,
28.584,kf,map,-1.81194,0.991154,1.77128,0.101155,0.101155,0,0.062833,,
28.584,pf,map,-1.86988,0.986389,1.7875,0.102098,0.10468,-0.00335771,7.341,648.348,0
28.656,odom,map,-1.721,0.991145,1.70522,0,0,0,,,
28.692,odom,map,-1.72231,1.00132,1.693,0,0,0,,,
28.728,odom,map,-1.72349,1.01141,1.68091,0,0,0,,,
28.764,odom,map,-1.72453,1.02142,1.66904,0,0,0,,,
28.8,odom,map,-1.72545,1.03128,1.65743,0,0,0,,,
28.8,ekf,map,-1.82057,1.05007,1.69754,0.117575,0.117321,0.00013324,0.055,,
28.8,ekf_predict_only,map,-1.7566,1.08957,1.61696,16.6963,13.8733,3.826,,,
28.8,kf,map,-1.82138,1.04989,1.69856,0.101434,0.101434,0,0.057708,,
28.8,amcl,map,-1.71651,1.06783,1.64372,0.0292174,0.051525,0.0145707,,,
28.8,pf,map,-1.90721,1.03972,1.70703,0.0961892,0.100541,-0.00214121,5.53583,642.715,0
28.836,odom,map,-1.72624,1.04102,1.64595,0,0,0,,,
28.872,odom,map,-1.72691,1.05068,1.63456,0,0,0,,,
28.908,odom,map,-1.72747,1.06021,1.62362,0,0,0,,,
28.944,odom,map,-1.72792,1.06972,1.61282,0,0,0,,,
28.98,odom,map,-1.72826,1.07916,1.60223,0,0,0,,,
29.016,kf,map,-1.82476,1.09377,1.64957,0.101502,0.101502,0,0.069208,,
29.016,ekf,map,-1.82398,1.09627,1.64585,0.1183,0.118023,0.000120558,0.059042,,
29.016,odom,map,-1.72805,1.08958,1.59141,0,0,0,,,
29.016,ekf_predict_only,map,-1.75797,1.11915,1.58827,17.1041,13.983,3.93826,,,
29.016,pf,map,-1.91234,1.09815,1.64476,0.0996099,0.0982594,0.00758148,6.29321,642.408,0
29.052,odom,map,-1.72698,1.10092,1.5814,0,0,0,,,
29.088,odom,map,-1.72582,1.11095,1.57398,0,0,0,,,
29.124,odom,map,-1.72461,1.11967,1.56916,0,0,0,,,
29.16,odom,map,-1.72336,1.12708,1.56624,0,0,0,,,
29.196,odom,map,-1.72211,1.13318,1.56343,0,0,0,,,
29.232,odom,map,-1.72197,1.13486,1.56311,0,0,0,,,
29.196,kf,map,-1.82522,1.11395,1.63258,0.101172,0.101172,0,0.061125,,
29.196,ekf,map,-1.82483,1.11785,1.62862,0.115583,0.115376,8.28632e-05,0.053334,,
29.196,ekf_predict_only,map,-1.75797,1.11915,1.58827,17.2041,14.083,3.93826,,,
29.196,pf,map,-1.90239,1.11091,1.62115,0.0937761,0.0988746,0.000353575,9.4425,638.909,0
29.268,odom,map,-1.72196,1.13501,1.56311,0,0,0,,,
29.304,odom,map,-1.72196,1.13501,1.56311,0,0,0,,,
29.34,odom,map,-1.72196,1.13501,1.56311,0,0,0,,,
29.376,odom,map,-1.72196,1.13501,1.56311,0,0,0,,,
29.412,kf,map,-1.82548,1.12468,1.62416,0.101438,0.101438,0,0.052625,,
29.412,odom,map,-1.72196,1.13501,1.56311,0,0,0,,,
29.412,ekf_predict_only,map,-1.75797,1.11915,1.58827,17.3041,14.183,3.93826,,,
29.412,ekf,map,-1.82534,1.12796,1.62121,0.117387,0.11721,6.68482e-05,0.08025,,
29.412,pf,map,-1.90269,1.12725,1.62196,0.100631,0.0962222,-0.00017802,7.30425,643.321,0
29.448,odom,map,-1.72196,1.13501,1.56311,0,0,0,,,
29.484,odom,map,-1.72196,1.13501,1.56311,0,0,0,,,
29.52,odom,map,-1.72196,1.1355,1.56297,0,0,0,,,
29.556,odom,map,-1.72195,1.13729,1.56259,0,0,0,,,
29.592,odom,map,-1.72192,1.14001,1.56172,0,0,0,,,
29.592,ekf_predict_only,map,-1.75822,1.13351,1.58327,17.5567,14.2848,3.9907,,,
29.628,odom,map,-1.72147,1.14512,1.56095,0,0,0,,,
29.592,kf,map,-1.82609,1.13956,1.61684,0.101156,0.101156,0,0.063667,,
29.592,ekf,map,-1.82599,1.14103,1.61527,0.115242,0.115124,4.28303e-05,0.069667,,
29.592,pf,map,-1.88997,1.12984,1.62684,0.0951772,0.0910791,0.000480927,5.89592,657.552,0
29.664,odom,map,-1.72086,1.15127,1.55984,0,0,0,,,
29.7,odom,map,-1.72024,1.1575,1.5585,0,0,0,,,
29.736,odom,map,-1.71961,1.16389,1.55599,0,0,0,,,
29.772,odom,map,-1.71898,1.17031,1.55246,0,0,0,,,
29.808,odom,map,-1.71846,1.17591,1.54833,0,0,0,,,
29.808,ekf_predict_only,map,-1.75844,1.15093,1.54591,17.8447,14.3863,4.05392,,,
29.808,kf,map,-1.82678,1.15797,1.58959,0.101435,0.101435,0,0.194375,,
29.808,ekf,map,-1.82677,1.15873,1.59051,0.117272,0.117172,3.28746e-05,0.065292,,
29.808,pf,map,-1.89806,1.13738,1.62266,0.10058,0.108178,-0.000468887,4.65825,646.008,0
29.844,odom,map,-1.71839,1.17886,1.54263,0,0,0,,,
29.88,odom,map,-1.71829,1.1818,1.53587,0,0,0,,,
29.916,odom,map,-1.71818,1.18476,1.52892,0,0,0,,,
29.952,odom,map,-1.71805,1.18767,1.52099,0,0,0,,,
29.988,odom,map,-1.71789,1.19054,1.51204,0,0,0,,,
29.988,kf,map,-1.82695,1.17291,1.55323,0.101155,0.101155,0,0.072584,,
30.024,odom,map,-1.71771,1.19339,1.50274,0,0,0,,,
29.988,ekf,map,-1.82699,1.17333,1.55502,0.115222,0.115152,2.06043e-05,0.103791,,
29.988,ekf_predict_only,map,-1.75808,1.16521,1.49942,18.1011,14.4838,4.1028,,,
29.988,pf,map,-1.88747,1.15274,1.5946,0.101593,0.104672,-0.00150352,5.62042,652.91,0
30.06,odom,map,-1.7175,1.19623,1.49299,0,0,0,,,
30.096,odom,map,-1.71727,1.19905,1.48185,0,0,0,,,
30.132,odom,map,-1.717,1.20187,1.47033,0,0,0,,,
30.168,odom,map,-1.7167,1.20469,1.45881,0,0,0,,,
30.204,odom,map,-1.71635,1.20763,1.44624,0,0,0,,,
30.204,ekf_predict_only,map,-1.7567,1.18459,1.41833,18.4169,14.5739,4.164,,,
30.204,kf,map,-1.82639,1.19152,1.48491,0.101434,0.101434,0,0.055083,,
30.204,ekf,map,-1.82647,1.19157,1.48764,0.117287,0.117222,1.54439e-05,0.081375,,
30.204,pf,map,-1.8835,1.15365,1.53003,0.0955098,0.103367,0.00262561,6.15779,641.78,0
30.24,odom,map,-1.71593,1.21079,1.43279,0,0,0,,,
30.276,odom,map,-1.71545,1.21411,1.41881,0,0,0,,,
30.312,odom,map,-1.71491,1.21748,1.40456,0,0,0,,,
30.348,odom,map,-1.71428,1.22106,1.38987,0,0,0,,,
30.384,odom,map,-1.71353,1.22497,1.37483,0,0,0,,,
30.384,kf,map,-1.82438,1.21074,1.41637,0.101155,0.101155,0,0.063083,,
30.42,odom,map,-1.71266,1.22921,1.35926,0,0,0,,,
30.384,ekf_predict_only,map,-1.75337,1.20625,1.34001,18.7627,14.6504,4.22186,,,
30.384,ekf,map,-1.82449,1.2104,1.41887,0.115246,0.115191,8.94522e-06,0.055625,,
30.402,amcl,map,-1.72762,1.22984,1.37296,0.0338678,0.0678875,0.0228597,,,
30.384,pf,map,-1.87201,1.18139,1.45358,0.0907627,0.0987729,-0.000832822,7.55496,648.707,0
30.456,odom,map,-1.7117,1.23348,1.3436,0,0,0,,,
30.492,odom,map,-1.71061,1.23805,1.32792,0,0,0,,,
30.528,odom,map,-1.70935,1.24296,1.31229,0,0,0,,,
30.564,odom,map,-1.70794,1.24813,1.29667,0,0,0,,,
30.6,odom,map,-1.7064,1.25345,1.28104,0,0,0,,,
30.6,ekf_predict_only,map,-1.74547,1.23986,1.24837,19.2541,14.6949,4.29395,,,
30.6,kf,map,-1.81882,1.24087,1.32848,0.101434,0.101434,0,0.059792,,
30.6,ekf,map,-1.8189,1.24011,1.33009,0.117328,0.117256,3.64047e-06,0.066625,,
30.6,pf,map,-1.87761,1.20935,1.35142,0.0918799,0.10296,-0.00585155,5.04508,650.469,0
30.636,odom,map,-1.70472,1.25891,1.2657,0,0,0,,,
30.672,odom,map,-1.70289,1.26458,1.25021,0,0,0,,,
30.708,odom,map,-1.70095,1.27028,1.23468,0,0,0,,,
30.744,odom,map,-1.69884,1.27618,1.21907,0,0,0,,,
30.78,odom,map,-1.69649,1.28243,1.20345,0,0,0,,,
30.816,odom,map,-1.69394,1.28889,1.18799,0,0,0,,,
30.816,ekf_predict_only,map,-1.73214,1.27978,1.15594,19.8347,14.7027,4.35159,,,
30.816,kf,map,-1.80833,1.2773,1.23759,0.101502,0.101502,0,0.08,,
30.816,ekf,map,-1.80834,1.27629,1.23849,0.118067,0.117972,-5.48172e-06,0.0555,,
30.816,pf,map,-1.87732,1.24636,1.25083,0.0991047,0.0959143,0.000530285,4.79333,642.36,0
30.852,odom,map,-1.69127,1.29538,1.17259,0,0,0,,,
30.888,odom,map,-1.68839,1.30208,1.15712,0,0,0,,,
30.924,odom,map,-1.6853,1.30899,1.14189,0,0,0,,,
30.96,odom,map,-1.682,1.31605,1.12687,0,0,0,,,
30.996,odom,map,-1.67856,1.32314,1.1119,0,0,0,,,
31.032,odom,map,-1.67492,1.33036,1.09707,0,0,0,,,
30.996,ekf_predict_only,map,-1.71564,1.31723,1.08203,20.4014,14.6914,4.37518,,,
30.996,kf,map,-1.79464,1.31195,1.16332,0.101172,0.101172,0,0.060209,,
31.002,amcl,map,-1.69629,1.3389,1.12277,0.0318458,0.0616546,0.0256244,,,
30.996,ekf,map,-1.7946,1.31095,1.16365,0.115452,0.115346,-1.63783e-05,0.0565,,
30.996,pf,map,-1.87718,1.27112,1.18762,0.105065,0.104441,-0.0055004,5.30479,656.052,0
31.068,odom,map,-1.67109,1.33771,1.08251,0,0,0,,,
31.104,odom,map,-1.66704,1.3452,1.06833,0,0,0,,,
31.14,odom,map,-1.66284,1.35272,1.05429,0,0,0,,,
31.176,odom,map,-1.65842,1.36039,1.04057,0,0,0,,,
31.212,odom,map,-1.65453,1.3685,1.02762,0,0,0,,,
31.212,ekf_predict_only,map,-1.68936,1.36665,1.00296,21.141,14.6202,4.36608,,,
31.212,kf,map,-1.77213,1.35881,1.08127,0.101438,0.101438,0,0.431541,,
31.212,ekf,map,-1.772,1.35767,1.08093,0.117356,0.117197,-4.27091e-05,0.053042,,
31.212,pf,map,-1.86835,1.3358,1.09592,0.106126,0.100053,-0.00473799,5.39888,651.05,0
31.248,odom,map,-1.65237,1.37709,1.01494,0,0,0,,,
31.284,odom,map,-1.65008,1.38567,1.00166,0,0,0,,,
31.32,odom,map,-1.64762,1.3943,0.988028,0,0,0,,,
31.356,odom,map,-1.64488,1.40312,0.973658,0,0,0,,,
31.392,odom,map,-1.64188,1.41208,0.958887,0,0,0,,,
31.428,odom,map,-1.63666,1.42065,0.943217,0,0,0,,,
31.392,kf,map,-1.74757,1.40032,1.00292,0.101156,0.101156,0,0.059583,,
31.392,ekf_predict_only,map,-1.6616,1.41016,0.923136,21.8264,14.5477,4.31453,,,
31.392,ekf,map,-1.74749,1.39929,1.00295,0.1153,0.115131,-6.26811e-05,0.053458,,
31.392,pf,map,-1.83743,1.36785,1.02791,0.0966941,0.0982456,0.00254889,5.3825,639.134,0
31.464,odom,map,-1.63048,1.42902,0.927107,0,0,0,,,
31.5,odom,map,-1.62404,1.43746,0.910976,0,0,0,,,
31.536,odom,map,-1.61733,1.44597,0.894801,0,0,0,,,
31.572,odom,map,-1.61046,1.4544,0.878607,0,0,0,,,
31.608,odom,map,-1.60337,1.46281,0.86251,0,0,0,,,
31.608,ekf_predict_only,map,-1.62172,1.46288,0.826607,22.6641,14.415,4.18927,,,
31.608,kf,map,-1.71115,1.4523,0.907044,0.101435,0.101435,0,0.120333,,
31.602,amcl,map,-1.60753,1.48576,0.865988,0.0406064,0.0690416,0.0355968,,,
31.608,ekf,map,-1.711,1.4513,0.907129,0.117434,0.117213,-0.000113255,2.97183,,
31.608,pf,map,-1.8042,1.42836,0.944358,0.103667,0.103161,0.00227925,7.70379,644.513,0
31.644,odom,map,-1.59607,1.47119,0.846477,0,0,0,,,
31.68,odom,map,-1.58859,1.47951,0.830582,0,0,0,,,
31.716,odom,map,-1.58093,1.48777,0.814815,0,0,0,,,
31.752,odom,map,-1.57317,1.49586,0.799302,0,0,0,,,
31.788,odom,map,-1.56532,1.50381,0.783797,0,0,0,,,
31.824,odom,map,-1.55788,1.51308,0.769113,0,0,0,,,
31.788,ekf_predict_only,map,-1.58391,1.50394,0.74894,23.3605,14.311,4.0255,,,
31.788,ekf,map,-1.67519,1.493,0.82915,0.115416,0.115216,-0.000133207,0.062459,,
31.788,kf,map,-1.67544,1.49378,0.82917,0.101155,0.101155,0,0.056041,,
31.788,pf,map,-1.7773,1.46534,0.863006,0.100464,0.102885,0.000881466,5.50446,628.677,0
31.86,odom,map,-1.55064,1.52305,0.755103,0,0,0,,,
31.896,odom,map,-1.54335,1.53287,0.741394,0,0,0,,,
31.932,odom,map,-1.53609,1.54248,0.728056,0,0,0,,,
31.968,odom,map,-1.52877,1.55197,0.714825,0,0,0,,,
32.004,odom,map,-1.52143,1.56113,0.701855,0,0,0,,,
32.004,ekf_predict_only,map,-1.53712,1.54744,0.664936,24.1131,14.181,3.78135,,,
32.004,ekf,map,-1.62928,1.53876,0.74186,0.117547,0.117338,-0.000191404,0.059042,,
32.004,kf,map,-1.62984,1.53937,0.742341,0.101434,0.101434,0,0.055375,,
32.004,pf,map,-1.73676,1.51646,0.776378,0.0928111,0.0983701,-0.00486546,4.81733,621.564,0
32.04,odom,map,-1.51331,1.5679,0.68813,0,0,0,,,
32.076,odom,map,-1.50521,1.57446,0.674618,0,0,0,,,
32.112,odom,map,-1.49707,1.58089,0.661141,0,0,0,,,
32.148,odom,map,-1.48889,1.58716,0.647815,0,0,0,,,
32.184,odom,map,-1.48075,1.59324,0.634687,0,0,0,,,
32.22,odom,map,-1.47272,1.59907,0.621744,0,0,0,,,
32.184,ekf_predict_only,map,-1.49867,1.57759,0.600625,24.6782,14.1109,3.55144,,,
32.184,kf,map,-1.59089,1.57196,0.675197,0.101155,0.101155,0,0.062667,,
32.184,ekf,map,-1.59018,1.57158,0.674578,0.115475,0.115322,-0.000187664,0.053209,,
32.202,amcl,map,-1.49572,1.58864,0.619436,0.0533622,0.06347,0.0422938,,,
32.184,pf,map,-1.6846,1.55824,0.704588,0.089266,0.103735,-0.00262683,4.82038,626.836,0
32.256,odom,map,-1.46474,1.60472,0.608882,0,0,0,,,
32.292,odom,map,-1.45684,1.61015,0.59628,0,0,0,,,
32.328,odom,map,-1.44914,1.61531,0.583897,0,0,0,,,
32.364,odom,map,-1.44178,1.62011,0.571793,0,0,0,,,
32.4,odom,map,-1.43445,1.62476,0.559768,0,0,0,,,
32.4,ekf_predict_only,map,-1.45569,1.60703,0.528479,25.2426,14.041,3.27069,,,
32.4,kf,map,-1.54652,1.60465,0.600241,0.101434,0.101434,0,0.061083,,
32.4,ekf,map,-1.5456,1.60445,0.599525,0.117552,0.117435,-0.000222327,0.065875,,
32.4,pf,map,-1.64376,1.60955,0.633372,0.106451,0.0981603,-0.00414075,4.64025,647.602,0
32.436,odom,map,-1.42691,1.63108,0.546752,0,0,0,,,
32.472,odom,map,-1.41971,1.6371,0.533839,0,0,0,,,
32.508,odom,map,-1.41288,1.64278,0.52095,0,0,0,,,
32.544,odom,map,-1.40615,1.64828,0.508058,0,0,0,,,
32.58,odom,map,-1.39964,1.65354,0.495163,0,0,0,,,
32.616,odom,map,-1.39358,1.65779,0.482863,0,0,0,,,
32.616,ekf_predict_only,map,-1.42456,1.62521,0.460158,25.6344,14.0314,3.05284,,,
32.616,kf,map,-1.51096,1.62681,0.529544,0.101502,0.101502,0,0.056875,,
32.616,ekf,map,-1.5096,1.62698,0.52885,0.118229,0.11816,-0.000212877,0.067125,,
32.616,pf,map,-1.59875,1.62865,0.557642,0.0981983,0.100611,0.00466635,5.12975,646.07,0
32.652,odom,map,-1.38817,1.66058,0.471464,0,0,0,,,
32.688,odom,map,-1.3828,1.66328,0.460077,0,0,0,,,
32.724,odom,map,-1.37773,1.66576,0.449002,0,0,0,,,
32.76,odom,map,-1.37301,1.668,0.438286,0,0,0,,,
32.796,odom,map,-1.36869,1.67,0.427798,0,0,0,,,
32.796,ekf_predict_only,map,-1.40399,1.6354,0.407862,25.8997,14.0653,2.90248,,,
32.796,kf,map,-1.48602,1.64016,0.474681,0.101172,0.101172,0,0.104291,,
32.796,ekf,map,-1.4847,1.64044,0.474022,0.115523,0.115495,-0.000158793,0.060292,,
32.832,odom,map,-1.3645,1.67189,0.417338,0,0,0,,,
32.796,pf,map,-1.56336,1.64775,0.491018,0.0983178,0.0970865,0.000144393,11.1897,644.522,0
32.868,odom,map,-1.36059,1.6736,0.407527,0,0,0,,,
32.904,odom,map,-1.35781,1.67478,0.4002,0,0,0,,,
32.94,odom,map,-1.35622,1.67545,0.395464,0,0,0,,,
32.976,odom,map,-1.3558,1.67563,0.393321,0,0,0,,,
33.012,odom,map,-1.35695,1.67459,0.393065,0,0,0,,,
33.012,ekf_predict_only,map,-1.40399,1.6354,0.407862,25.9997,14.1653,2.90248,,,
33.012,kf,map,-1.47707,1.64416,0.455852,0.101438,0.101438,0,0.054667,,
33.012,ekf,map,-1.47508,1.6448,0.452657,0.117332,0.117323,-0.000136992,0.05775,,
33,amcl,map,-1.38218,1.65294,0.383421,0.0537607,0.0517391,0.0380774,,,
33.012,pf,map,-1.5798,1.63932,0.457926,0.105974,0.0979999,0.00175905,5.61392,640.882,0
33.048,odom,map,-1.36069,1.67119,0.392681,0,0,0,,,
33.084,odom,map,-1.36443,1.66779,0.392297,0,0,0,,,
33.12,odom,map,-1.36817,1.66439,0.391913,0,0,0,,,
33.156,odom,map,-1.37192,1.66099,0.391529,0,0,0,,,
33.192,odom,map,-1.37566,1.65759,0.391144,0,0,0,,,
33.228,odom,map,-1.3767,1.65664,0.391038,0,0,0,,,
33.192,kf,map,-1.47267,1.64613,0.4466,0.101156,0.101156,0,0.06925,,
33.192,ekf,map,-1.47122,1.64667,0.443968,0.115203,0.115202,-9.08061e-05,0.07475,,
33.192,ekf_predict_only,map,-1.40399,1.6354,0.407862,26.0997,14.2653,2.90248,,,
33.192,pf,map,-1.55691,1.62643,0.458689,0.100598,0.0967063,-2.85977e-06,6.40742,644.426,0
33.264,odom,map,-1.3767,1.65664,0.391038,0,0,0,,,
33.3,odom,map,-1.3767,1.65664,0.391038,0,0,0,,,
33.336,odom,map,-1.37648,1.65673,0.390962,0,0,0,,,
33.372,odom,map,-1.37593,1.65696,0.390833,0,0,0,,,
33.408,odom,map,-1.3751,1.6573,0.390513,0,0,0,,,
33.408,ekf_predict_only,map,-1.39273,1.64027,0.402707,26.279,14.3312,2.818,,,
33.408,kf,map,-1.46425,1.65009,0.439208,0.101435,0.101435,0,0.0615,,
33.408,ekf,map,-1.46405,1.65009,0.43777,0.117234,0.117237,-7.15162e-05,0.0545,,
33.408,pf,map,-1.5544,1.61874,0.457932,0.0990422,0.117248,-0.00173315,6.76083,638.854,0
33.444,odom,map,-1.37363,1.6579,0.389817,0,0,0,,,
33.48,odom,map,-1.37142,1.65881,0.388247,0,0,0,,,
33.516,odom,map,-1.36895,1.65982,0.386058,0,0,0,,,
33.552,odom,map,-1.36629,1.66089,0.38349,0,0,0,,,
33.588,odom,map,-1.36296,1.66223,0.378672,0,0,0,,,
33.624,odom,map,-1.35925,1.66369,0.372553,0,0,0,,,
33.588,ekf,map,-1.45036,1.65651,0.416846,0.115191,0.115198,-4.74018e-05,0.064583,,
33.588,ekf_predict_only,map,-1.37249,1.64889,0.370462,26.5204,14.3739,2.66432,,,
33.588,kf,map,-1.44969,1.65683,0.416183,0.101155,0.101155,0,0.109,,
33.588,pf,map,-1.54635,1.63506,0.46294,0.0992116,0.104342,-0.00046774,5.75133,631.919,0
33.66,odom,map,-1.35514,1.66528,0.366104,0,0,0,,,
33.696,odom,map,-1.35103,1.66684,0.359655,0,0,0,,,
33.732,odom,map,-1.34653,1.66852,0.352396,0,0,0,,,
33.768,odom,map,-1.34082,1.67059,0.343505,0,0,0,,,
33.804,odom,map,-1.33398,1.67298,0.334132,0,0,0,,,
33.804,ekf_predict_only,map,-1.32986,1.66544,0.314225,26.8943,14.3696,2.33198,,,
33.804,kf,map,-1.41727,1.6708,0.370487,0.101434,0.101434,0,0.056209,,
33.804,ekf,map,-1.41907,1.6701,0.372396,0.117257,0.117284,-4.78754e-05,0.060791,,
33.804,pf,map,-1.50137,1.65743,0.409546,0.109815,0.0980583,-0.00111693,6.2855,642.346,0
33.84,odom,map,-1.32773,1.67471,0.323366,0,0,0,,,
33.876,odom,map,-1.32146,1.67635,0.3126,0,0,0,,,
33.912,odom,map,-1.31472,1.67804,0.301595,0,0,0,,,
33.948,odom,map,-1.30732,1.67981,0.290238,0,0,0,,,
33.984,odom,map,-1.29874,1.68181,0.278595,0,0,0,,,
33.984,ekf,map,-1.37806,1.68532,0.328025,0.115222,0.115288,-5.35476e-05,0.061292,,
34.02,odom,map,-1.28879,1.68436,0.26785,0,0,0,,,
33.984,ekf_predict_only,map,-1.27546,1.68313,0.26426,27.2906,14.3693,1.89243,,,
33.984,kf,map,-1.37562,1.68621,0.326408,0.101155,0.101155,0,0.150125,,
33.984,pf,map,-1.48644,1.6849,0.355569,0.110726,0.0997698,-0.004617,6.03596,643.481,0
34.056,odom,map,-1.27744,1.68741,0.257946,0,0,0,,,
34.092,odom,map,-1.26499,1.69063,0.248051,0,0,0,,,
34.128,odom,map,-1.25202,1.69385,0.238144,0,0,0,,,
34.164,odom,map,-1.23863,1.69703,0.228395,0,0,0,,,
34.2,odom,map,-1.22437,1.70027,0.218739,0,0,0,,,
34.2,ekf_predict_only,map,-1.18471,1.70768,0.207186,27.8085,14.3842,1.13168,,,
34.2,ekf,map,-1.30332,1.70875,0.272081,0.117303,0.117498,-0.000103661,0.059583,,
34.2,kf,map,-1.30016,1.71002,0.271153,0.101434,0.101434,0,0.058708,,
34.2,pf,map,-1.42273,1.737,0.280939,0.10802,0.0944186,-0.00197716,5.6515,650.845,0
34.236,odom,map,-1.20944,1.70351,0.209185,0,0,0,,,
34.272,odom,map,-1.1941,1.70669,0.199673,0,0,0,,,
34.308,odom,map,-1.17847,1.70978,0.190328,0,0,0,,,
34.344,odom,map,-1.16254,1.71277,0.181072,0,0,0,,,
34.38,odom,map,-1.14659,1.71561,0.171816,0,0,0,,,
34.416,odom,map,-1.13041,1.71835,0.162946,0,0,0,,,
34.416,ekf_predict_only,map,-1.08421,1.72881,0.155652,28.2742,14.511,0.259084,,,
34.416,kf,map,-1.21101,1.73219,0.218356,0.101502,0.101502,0,0.0605,,
34.416,ekf,map,-1.21388,1.73076,0.21849,0.118032,0.118412,-0.000161311,0.139916,,
34.401,amcl,map,-1.1354,1.72163,0.149299,0.0605063,0.0374034,0.0290273,,,
34.416,pf,map,-1.32913,1.75967,0.226779,0.0957832,0.10432,0.00237206,7.93796,646.55,0
34.452,odom,map,-1.11406,1.72096,0.154611,0,0,0,,,
34.488,odom,map,-1.09768,1.72345,0.146812,0,0,0,,,
34.524,odom,map,-1.08129,1.72581,0.139081,0,0,0,,,
34.56,odom,map,-1.06488,1.72804,0.13135,0,0,0,,,
34.596,odom,map,-1.04846,1.73015,0.124148,0,0,0,,,
34.632,odom,map,-1.03202,1.73215,0.117782,0,0,0,,,
34.596,ekf_predict_only,map,-0.997668,1.74239,0.124233,28.6122,14.7368,-0.509246,,,
34.596,kf,map,-1.13249,1.74715,0.182584,0.101172,0.101172,0,0.06625,,
34.596,ekf,map,-1.13464,1.74581,0.182,0.115402,0.11589,-0.00017636,0.103833,,
34.596,pf,map,-1.24472,1.77421,0.209236,0.0955359,0.0969808,0.00135824,4.64725,635.503,0
34.668,odom,map,-1.01557,1.73404,0.111499,0,0,0,,,
34.704,odom,map,-0.999106,1.73583,0.105215,0,0,0,,,
34.74,odom,map,-0.982633,1.73752,0.0996038,0,0,0,,,
34.776,odom,map,-0.966151,1.73913,0.0945276,0,0,0,,,
34.812,odom,map,-0.949661,1.74065,0.0894514,0,0,0,,,
34.812,ekf_predict_only,map,-0.894567,1.75526,0.0937762,28.94,15.1117,-1.43873,,,
34.812,kf,map,-1.03585,1.76249,0.147819,0.101438,0.101438,0,0.056,,
34.812,ekf,map,-1.03756,1.76118,0.146874,0.117253,0.118023,-0.000233952,0.132708,,
34.812,pf,map,-1.14127,1.79553,0.166347,0.105523,0.0991113,0.000434633,4.99825,650.599,0
34.848,odom,map,-0.933163,1.74209,0.0849558,0,0,0,,,
34.884,odom,map,-0.91666,1.74346,0.0809973,0,0,0,,,
34.92,odom,map,-0.900152,1.74477,0.0773741,0,0,0,,,
34.956,odom,map,-0.883639,1.74602,0.073851,0,0,0,,,
34.992,odom,map,-0.867123,1.74722,0.0706691,0,0,0,,,
34.992,ekf,map,-0.956997,1.77134,0.129116,0.115164,0.115975,-0.000214599,0.057625,,
35.028,odom,map,-0.850602,1.74836,0.0680088,0,0,0,,,
35.001,amcl,map,-0.890601,1.74769,0.0647245,0.064528,0.0407563,0.0223279,,,
34.992,ekf_predict_only,map,-0.810592,1.76316,0.081845,29.1809,15.5368,-2.20271,,,
34.992,kf,map,-0.955842,1.77247,0.130306,0.101156,0.101156,0,0.057333,,
34.992,pf,map,-1.08018,1.81715,0.135988,0.101872,0.102085,0.00378112,11.0616,644.172,0
35.064,odom,map,-0.834079,1.74947,0.0658946,0,0,0,,,
35.1,odom,map,-0.81761,1.75054,0.064177,0,0,0,,,
35.136,odom,map,-0.801159,1.75159,0.0625762,0,0,0,,,
35.172,odom,map,-0.784917,1.75259,0.0614517,0,0,0,,,
35.208,odom,map,-0.768715,1.75351,0.0601548,0,0,0,,,
35.208,ekf_predict_only,map,-0.714279,1.77106,0.0791954,29.4226,16.1225,-3.08627,,,
35.208,ekf,map,-0.861243,1.78235,0.119752,0.117217,0.118262,-0.000237704,0.056167,,
35.208,kf,map,-0.860702,1.78337,0.121252,0.101435,0.101435,0,0.740334,,
35.208,pf,map,-0.976017,1.81727,0.131129,0.0992542,0.100044,-0.000548295,4.5715,631.464,0
35.244,odom,map,-0.752193,1.75412,0.056607,0,0,0,,,
35.28,odom,map,-0.735923,1.75458,0.0534157,0,0,0,,,
35.316,odom,map,-0.719743,1.75493,0.0503216,0,0,0,,,
35.352,odom,map,-0.703814,1.75514,0.0476676,0,0,0,,,
35.388,odom,map,-0.688113,1.75524,0.0453705,0,0,0,,,
35.388,kf,map,-0.784825,1.79159,0.122889,0.101155,0.101155,0,0.059875,,
35.388,ekf,map,-0.784801,1.79075,0.121244,0.115186,0.116149,-0.000194703,0.063292,,
35.424,odom,map,-0.672868,1.75568,0.0455627,0,0,0,,,
35.388,ekf_predict_only,map,-0.639665,1.77698,0.088114,29.6293,16.6822,-3.77694,,,
35.388,pf,map,-0.882596,1.81037,0.132889,0.0932352,0.0917415,-0.000962058,8.02392,683.265,0
35.46,odom,map,-0.658088,1.75637,0.0477305,0,0,0,,,
35.496,odom,map,-0.643615,1.75708,0.0503833,0,0,0,,,
35.532,odom,map,-0.629197,1.75783,0.0530811,0,0,0,,,
35.568,odom,map,-0.615159,1.75859,0.0563194,0,0,0,,,
35.604,odom,map,-0.601422,1.75939,0.0598969,0,0,0,,,
35.604,ekf,map,-0.699871,1.80082,0.136433,0.117254,0.118346,-0.000196291,0.060167,,
35.604,ekf_predict_only,map,-0.558196,1.78418,0.110383,29.8596,17.368,-4.54055,,,
35.604,kf,map,-0.700417,1.80147,0.138192,0.101434,0.101434,0,0.058166,,
35.601,amcl,map,-0.625131,1.74602,0.0575544,0.0694063,0.0388557,0.0179433,,,
35.604,pf,map,-0.781916,1.81338,0.157196,0.0962546,0.103107,-0.0025325,7.27254,663.552,0
35.64,odom,map,-0.587817,1.76023,0.0636085,0,0,0,,,
35.676,odom,map,-0.574216,1.76112,0.06732,0,0,0,,,
35.712,odom,map,-0.560953,1.76205,0.0715856,0,0,0,,,
35.748,odom,map,-0.547919,1.76301,0.0752068,0,0,0,,,
35.784,odom,map,-0.534902,1.76401,0.0782521,0,0,0,,,
35.784,ekf_predict_only,map,-0.494169,1.79128,0.119659,30.0888,17.9902,-5.15233,,,
35.784,ekf,map,-0.633293,1.81028,0.148055,0.115216,0.116139,-0.000154294,0.148917,,
35.82,odom,map,-0.524951,1.76551,0.0821286,0,0,0,,,
35.784,kf,map,-0.6339,1.81052,0.148636,0.101155,0.101155,0,0.118167,,
35.784,pf,map,-0.721817,1.82603,0.189215,0.0984544,0.0981413,-0.00278814,4.62958,651.963,0
35.856,odom,map,-0.517622,1.76744,0.0857418,0,0,0,,,
35.892,odom,map,-0.510455,1.76941,0.0889408,0,0,0,,,
35.928,odom,map,-0.50331,1.77144,0.0921175,0,0,0,,,
35.964,odom,map,-0.496309,1.77351,0.0950278,0,0,0,,,
36,odom,map,-0.48941,1.77563,0.097673,0,0,0,,,
36,ekf,map,-0.558184,1.82197,0.153915,0.117279,0.118257,-0.000154595,0.13525,,
36,kf,map,-0.558807,1.82188,0.153572,0.101434,0.101434,0,0.059125,,
36,ekf_predict_only,map,-0.42127,1.80004,0.120866,30.3493,18.7517,-5.85957,,,
36,pf,map,-0.626726,1.85443,0.184017,0.0853817,0.0956085,0.0024792,5.51171,631.837,0
36.036,odom,map,-0.477359,1.77685,0.0979639,0,0,0,,,
36.072,odom,map,-0.46518,1.77805,0.098165,0,0,0,,,
36.108,odom,map,-0.453002,1.77925,0.0983661,0,0,0,,,
36.144,odom,map,-0.441049,1.78043,0.0984864,0,0,0,,,
36.18,odom,map,-0.42937,1.78159,0.0984803,0,0,0,,,
36.216,ekf_predict_only,map,-0.351975,1.80846,0.120532,30.6044,19.5469,-6.54027,,,
36.216,odom,map,-0.417792,1.78273,0.0984247,0,0,0,,,
36.216,ekf,map,-0.48684,1.83333,0.156123,0.117991,0.11891,-0.000141851,0.127125,,
36.216,kf,map,-0.487467,1.83313,0.155598,0.101502,0.101502,0,0.062166,,
36.216,pf,map,-0.569104,1.85315,0.174045,0.0892336,0.0984932,0.000753711,11.1654,666.028,0
36.252,odom,map,-0.406373,1.78386,0.0983343,0,0,0,,,
36.288,odom,map,-0.395193,1.78496,0.0979833,0,0,0,,,
36.324,odom,map,-0.38429,1.78603,0.097376,0,0,0,,,
36.36,odom,map,-0.373482,1.78708,0.0967157,0,0,0,,,
36.396,odom,map,-0.362883,1.7881,0.0959253,0,0,0,,,
36.432,odom,map,-0.351327,1.78579,0.0928226,0,0,0,,,
36.396,kf,map,-0.433823,1.84168,0.153372,0.101172,0.101172,0,0.116417,,
36.402,amcl,map,-0.351694,1.78114,0.0901304,0.0803679,0.0431258,0.00989293,,,
36.396,ekf_predict_only,map,-0.301295,1.81459,0.116243,30.8182,20.1967,-7.04303,,,
36.396,pf,map,-0.524043,1.86794,0.192815,0.096431,0.0957801,-0.00132396,4.602,658.908,0
36.396,ekf,map,-0.433116,1.84191,0.153884,0.115358,0.116072,-0.00010959,0.105625,,
36.468,odom,map,-0.33995,1.78297,0.0893587,0,0,0,,,
36.504,odom,map,-0.328677,1.78006,0.0858682,0,0,0,,,
36.54,odom,map,-0.31741,1.77708,0.0823778,0,0,0,,,
36.576,odom,map,-0.306395,1.774,0.0788,0,0,0,,,
36.612,ekf_predict_only,map,-0.271857,1.81803,0.116243,30.9821,20.6322,-7.33628,,,
36.612,ekf,map,-0.385523,1.84923,0.151753,0.117199,0.117871,-0.000103158,0.058625,,
36.612,odom,map,-0.296521,1.772,0.0766768,0,0,0,,,
36.612,kf,map,-0.388335,1.84876,0.151787,0.101438,0.101438,0,0.057542,,
36.612,pf,map,-0.460487,1.87156,0.167651,0.096966,0.0988552,0.00766513,4.46913,631.865,0
36.648,odom,map,-0.288886,1.77258,0.0766768,0,0,0,,,
36.684,odom,map,-0.282543,1.77307,0.0766768,0,0,0,,,
36.72,odom,map,-0.277492,1.77346,0.0766768,0,0,0,,,
36.756,odom,map,-0.273734,1.77375,0.0766768,0,0,0,,,
36.792,odom,map,-0.271267,1.77394,0.0766768,0,0,0,,,
36.828,odom,map,-0.270093,1.77403,0.0766768,0,0,0,,,
36.792,kf,map,-0.367708,1.85194,0.151008,0.101156,0.101156,0,0.064875,,
36.792,ekf,map,-0.363669,1.85257,0.150886,0.115118,0.115585,-7.18258e-05,0.104125,,
36.792,ekf_predict_only,map,-0.271857,1.81803,0.116243,31.0821,20.7322,-7.33628,,,
36.792,pf,map,-0.440456,1.8816,0.16058,0.109187,0.100156,-0.00293497,5.8715,641.863,0
36.864,odom,map,-0.269985,1.77404,0.0766768,0,0,0,,,
36.9,odom,map,-0.269985,1.77404,0.0766768,0,0,0,,,
36.936,odom,map,-0.269985,1.77404,0.0766768,0,0,0,,,
36.972,odom,map,-0.269985,1.77404,0.0766768,0,0,0,,,
37.008,odom,map,-0.269985,1.77404,0.0766768,0,0,0,,,
37.008,ekf_predict_only,map,-0.271857,1.81803,0.116243,31.1821,20.8322,-7.33628,,,
37.008,kf,map,-0.356841,1.85361,0.150622,0.101435,0.101435,0,0.061041,,
37.008,ekf,map,-0.353483,1.85413,0.150512,0.117169,0.117547,-5.8228e-05,0.064875,,
37.008,pf,map,-0.438255,1.85184,0.178665,0.0997274,0.100892,-7.68113e-05,9.89071,658.478,0
37.044,odom,map,-0.269985,1.77404,0.0766768,0,0,0,,,
37.08,odom,map,-0.269985,1.77404,0.0766768,0,0,0,,,
37.116,odom,map,-0.269985,1.77404,0.0766768,0,0,0,,,
37.152,odom,map,-0.269985,1.77404,0.0766768,0,0,0,,,
37.188,odom,map,-0.269662,1.77406,0.0761012,0,0,0,,,
37.188,ekf_predict_only,map,-0.264861,1.81885,0.110132,31.2973,21.0136,-7.40617,,,
37.188,ekf,map,-0.346198,1.85524,0.147435,0.11515,0.115392,-3.7333e-05,0.1395,,
37.224,odom,map,-0.268155,1.77581,0.0758465,0,0,0,,,
37.188,kf,map,-0.347896,1.85497,0.147121,0.101155,0.101155,0,0.912708,,
37.188,pf,map,-0.442945,1.86613,0.177971,0.111433,0.111615,-0.000356937,6.16075,653.911,0
37.26,odom,map,-0.265968,1.77854,0.0761194,0,0,0,,,
37.296,odom,map,-0.262825,1.78134,0.0758469,0,0,0,,,
37.332,odom,map,-0.258404,1.78423,0.0750341,0,0,0,,,
37.368,odom,map,-0.253305,1.78717,0.0740722,0,0,0,,,
37.404,odom,map,-0.247748,1.79,0.0725424,0,0,0,,,
37.404,kf,map,-0.319857,1.8591,0.133092,0.101434,0.101434,0,0.073333,,
37.404,ekf,map,-0.320116,1.8591,0.133952,0.117221,0.117415,-3.00123e-05,0.071083,,
37.404,ekf_predict_only,map,-0.230505,1.82265,0.0914055,31.4681,21.5238,-7.74929,,,
37.404,pf,map,-0.440694,1.87873,0.169659,0.10428,0.10917,-0.00336725,4.83475,626.319,0
37.44,odom,map,-0.241597,1.79044,0.0690329,0,0,0,,,
37.476,odom,map,-0.234358,1.79093,0.0650381,0,0,0,,,
37.512,odom,map,-0.226351,1.79143,0.0607318,0,0,0,,,
37.548,odom,map,-0.217959,1.79192,0.0563218,0,0,0,,,
37.584,odom,map,-0.209142,1.7924,0.0516978,0,0,0,,,
37.62,odom,map,-0.199725,1.79286,0.0469491,0,0,0,,,
37.584,ekf,map,-0.280512,1.86425,0.113928,0.115191,0.115349,-2.3915e-05,0.061333,,
37.584,ekf_predict_only,map,-0.181201,1.82717,0.0674691,31.6527,22.2417,-8.23893,,,
37.584,kf,map,-0.279222,1.86436,0.113028,0.101155,0.101155,0,0.059834,,
37.584,pf,map,-0.430789,1.89548,0.153495,0.102073,0.105261,0.0125767,6.20925,648.167,0
37.656,odom,map,-0.189644,1.79331,0.0421168,0,0,0,,,
37.692,odom,map,-0.178893,1.79374,0.0372393,0,0,0,,,
37.728,odom,map,-0.167795,1.79412,0.0323063,0,0,0,,,
37.764,odom,map,-0.156081,1.79447,0.0270243,0,0,0,,,
37.8,odom,map,-0.143762,1.79477,0.0216029,0,0,0,,,
37.8,ekf,map,-0.215511,1.87105,0.0845125,0.117258,0.117495,-3.31316e-05,0.055416,,
37.8,ekf_predict_only,map,-0.106131,1.83224,0.0349485,31.848,23.3493,-8.97795,,,
37.8,kf,map,-0.213549,1.87125,0.0836573,0.101434,0.101434,0,0.124958,,
37.8,pf,map,-0.349736,1.90378,0.120576,0.104147,0.101219,0.0117902,5.45471,619.23,0
37.836,odom,map,-0.131224,1.79501,0.0161828,0,0,0,,,
37.872,odom,map,-0.118415,1.79518,0.0107697,0,0,0,,,
37.908,odom,map,-0.105024,1.79529,0.00526776,0,0,0,,,
37.944,odom,map,-0.09133,1.79532,-0.000153244,0,0,0,,,
37.98,odom,map,-0.0772858,1.79528,-0.00570092,0,0,0,,,
38.016,ekf,map,-0.137518,1.87656,0.0525484,0.117974,0.118333,-4.39465e-05,0.068667,,
38.016,odom,map,-0.0631658,1.79516,-0.0113204,0,0,0,,,
38.016,ekf_predict_only,map,-0.0214593,1.8352,0.00123138,32.0038,24.6831,-9.79711,,,
38.016,kf,map,-0.135647,1.87681,0.0518962,0.101502,0.101502,0,0.056625,,
38.001,amcl,map,-0.0874711,1.82147,0.0371815,0.0983822,0.0349059,-0.000367379,,,
38.016,pf,map,-0.272188,1.92403,0.101705,0.0885358,0.0938174,0.00665072,4.91771,630.307,0
38.052,odom,map,-0.0489602,1.79496,-0.0168663,0,0,0,,,
38.088,odom,map,-0.03448,1.79468,-0.0221535,0,0,0,,,
38.124,odom,map,-0.0198191,1.79431,-0.0274244,0,0,0,,,
38.16,odom,map,-0.00512427,1.79387,-0.0327078,0,0,0,,,
38.196,odom,map,0.00966517,1.79335,-0.0377537,0,0,0,,,
38.196,kf,map,-0.0648363,1.87948,0.0287144,0.101172,0.101172,0,0.147917,,
38.232,odom,map,0.0246951,1.79275,-0.0421883,0,0,0,,,
38.196,ekf_predict_only,map,0.0539051,1.83529,-0.0205651,32.1055,25.9687,-10.5086,,,
38.196,ekf,map,-0.0662484,1.87916,0.0287832,0.115345,0.11577,-4.38368e-05,0.05775,,
38.196,pf,map,-0.191513,1.89548,0.0563079,0.098563,0.100636,0.00630402,4.6425,647.902,0
38.268,odom,map,0.0399507,1.79207,-0.0464285,0,0,0,,,
38.304,odom,map,0.0553719,1.79132,-0.0504615,0,0,0,,,
38.34,odom,map,0.0708642,1.79051,-0.054375,0,0,0,,,
38.376,odom,map,0.0864196,1.78963,-0.0581858,0,0,0,,,
38.412,odom,map,0.102125,1.78869,-0.0618011,0,0,0,,,
38.412,ekf,map,0.0255023,1.88048,0.00503614,0.117187,0.117843,-5.2619e-05,0.118625,,
38.412,ekf_predict_only,map,0.148666,1.83334,-0.0418318,32.1688,27.677,-11.3851,,,
38.412,kf,map,0.0265965,1.8809,0.00535091,0.101438,0.101438,0,0.058,,
38.412,pf,map,-0.0749877,1.8931,0.0311334,0.096926,0.0962822,0.0024357,5.78025,632.841,0
38.448,odom,map,0.11786,1.78769,-0.0652234,0,0,0,,,
38.484,odom,map,0.133572,1.78664,-0.0684273,0,0,0,,,
38.52,odom,map,0.149283,1.78554,-0.0715363,0,0,0,,,
38.556,odom,map,0.165061,1.78438,-0.0746586,0,0,0,,,
38.592,odom,map,0.180848,1.78318,-0.0777147,0,0,0,,,
38.592,ekf_predict_only,map,0.22763,1.83004,-0.0564431,32.2066,29.218,-12.0976,,,
38.628,odom,map,0.196611,1.78192,-0.0806645,0,0,0,,,
38.592,kf,map,0.103944,1.88028,-0.0109495,0.101156,0.101156,0,0.111875,,
38.601,amcl,map,0.155874,1.82002,-0.0430696,0.101071,0.0328641,-0.0145971,,,
38.592,ekf,map,0.103248,1.87988,-0.0113291,0.11511,0.115806,-4.30716e-05,0.054167,,
38.592,pf,map,-0.0137722,1.89546,0.00687569,0.106364,0.107994,0.000529955,5.04446,663.149,0
38.664,odom,map,0.212365,1.78063,-0.0835868,0,0,0,,,
38.7,odom,map,0.228047,1.77929,-0.0864945,0,0,0,,,
38.736,odom,map,0.243703,1.77791,-0.0892189,0,0,0,,,
38.772,odom,map,0.2594,1.77649,-0.0917992,0,0,0,,,
38.808,odom,map,0.274486,1.77679,-0.0923606,0,0,0,,,
38.808,ekf_predict_only,map,0.322086,1.8247,-0.0701805,32.2066,31.1628,-12.9307,,,
38.808,kf,map,0.197702,1.87823,-0.0269165,0.101435,0.101435,0,0.06075,,
38.808,ekf,map,0.197283,1.87781,-0.027433,0.117163,0.118087,-3.86438e-05,0.073708,,
38.808,pf,map,0.102079,1.91791,-0.0118186,0.1075,0.0940625,-0.00341073,4.73538,628.251,0
38.844,odom,map,0.287324,1.78332,-0.0863827,0,0,0,,,
38.88,odom,map,0.299895,1.78993,-0.0803629,0,0,0,,,
38.916,odom,map,0.312163,1.79662,-0.0746054,0,0,0,,,
38.952,odom,map,0.324059,1.80338,-0.0694445,0,0,0,,,
38.988,odom,map,0.33575,1.81019,-0.0644088,0,0,0,,,
38.988,ekf_predict_only,map,0.396987,1.81944,-0.0896967,32.2083,32.8201,-13.5751,,,
38.988,kf,map,0.27347,1.87536,-0.044428,0.101155,0.101155,0,0.111083,,
39.024,odom,map,0.349511,1.81205,-0.0650428,0,0,0,,,
38.988,ekf,map,0.273391,1.87512,-0.0443825,0.115146,0.116022,-2.32514e-05,0.063125,,
38.988,pf,map,0.201531,1.92526,-0.0135631,0.109622,0.111401,-0.00387497,7.30921,623.113,0
39.06,odom,map,0.364656,1.81103,-0.0693555,0,0,0,,,
39.096,odom,map,0.379989,1.80992,-0.0745452,0,0,0,,,
39.132,odom,map,0.395349,1.80873,-0.0805504,0,0,0,,,
39.168,odom,map,0.410783,1.80743,-0.0872118,0,0,0,,,
39.204,odom,map,0.426421,1.80601,-0.0945018,0,0,0,,,
39.204,ekf_predict_only,map,0.49139,1.81095,-0.134306,32.1507,35.0027,-14.3576,,,
39.204,kf,map,0.367186,1.87021,-0.0821955,0.101434,0.101434,0,0.099459,,
39.204,ekf,map,0.367013,1.87022,-0.0811364,0.117218,0.118276,-9.27111e-06,0.140208,,
39.201,amcl,map,0.410479,1.79457,-0.0936305,0.100208,0.0390622,-0.0222224,,,
39.204,pf,map,0.282261,1.9019,-0.0381887,0.104117,0.103676,-0.00708851,10.9477,629.239,0
39.24,odom,map,0.442143,1.80446,-0.101937,0,0,0,,,
39.276,odom,map,0.457904,1.80279,-0.109627,0,0,0,,,
39.312,odom,map,0.473831,1.80097,-0.11735,0,0,0,,,
39.348,odom,map,0.489881,1.79902,-0.125038,0,0,0,,,
39.384,odom,map,0.505975,1.79693,-0.132688,0,0,0,,,
39.42,odom,map,0.521115,1.79425,-0.141293,0,0,0,,,
39.384,ekf_predict_only,map,0.572669,1.79996,-0.171917,32.0484,37.0035,-14.9777,,,
39.384,ekf,map,0.447148,1.86259,-0.115881,0.115189,0.116158,8.34716e-06,0.059542,,
39.384,kf,map,0.447422,1.86259,-0.116735,0.101155,0.101155,0,0.056584,,
39.384,pf,map,0.375039,1.87561,-0.0850098,0.0953346,0.0887744,0.00100175,10.3062,635.893,0
39.456,odom,map,0.53536,1.79103,-0.150614,0,0,0,,,
39.492,odom,map,0.549589,1.78762,-0.159726,0,0,0,,,
39.528,odom,map,0.563804,1.78402,-0.168681,0,0,0,,,
39.564,odom,map,0.577981,1.78023,-0.17758,0,0,0,,,
39.6,odom,map,0.592157,1.77626,-0.186208,0,0,0,,,
39.6,kf,map,0.544806,1.84969,-0.15454,0.101434,0.101434,0,0.060291,,
39.6,ekf_predict_only,map,0.670522,1.78297,-0.207674,31.8391,39.525,-15.6581,,,
39.6,ekf,map,0.544491,1.8494,-0.154533,0.117257,0.118406,3.77924e-05,0.748083,,
39.6,pf,map,0.483088,1.90544,-0.135102,0.101259,0.0984903,-0.00553012,4.79087,660.249,0
39.636,odom,map,0.608339,1.77312,-0.192453,0,0,0,,,
39.672,odom,map,0.624577,1.7699,-0.198412,0,0,0,,,
39.708,odom,map,0.640667,1.76662,-0.20394,0,0,0,,,
39.744,odom,map,0.656647,1.76327,-0.209049,0,0,0,,,
39.78,odom,map,0.672493,1.75987,-0.213717,0,0,0,,,
39.816,kf,map,0.639983,1.83316,-0.183719,0.101502,0.101502,0,0.060709,,
39.816,odom,map,0.688164,1.75644,-0.2179,0,0,0,,,
39.816,ekf_predict_only,map,0.764561,1.76316,-0.232269,31.584,42.0901,-16.2411,,,
39.816,ekf,map,0.639863,1.83256,-0.184485,0.117976,0.119174,6.99892e-05,0.11775,,
39.801,amcl,map,0.662062,1.77821,-0.185679,0.103563,0.0412874,-0.0300239,,,
39.816,pf,map,0.55674,1.90644,-0.169574,0.109431,0.0958646,-0.00535586,9.50154,625.346,0
39.852,odom,map,0.703795,1.75294,-0.221999,0,0,0,,,
39.888,odom,map,0.71927,1.74942,-0.225955,0,0,0,,,
39.924,odom,map,0.73451,1.74588,-0.229634,0,0,0,,,
39.96,odom,map,0.749501,1.74235,-0.233065,0,0,0,,,
39.996,odom,map,0.764384,1.73879,-0.236418,0,0,0,,,
39.996,ekf_predict_only,map,0.837955,1.7458,-0.247847,31.3778,44.2086,-16.6495,,,
39.996,kf,map,0.715536,1.81772,-0.203035,0.101172,0.101172,0,0.1385,,
39.996,ekf,map,0.715656,1.81708,-0.203898,0.115351,0.116366,8.42462e-05,0.057959,,
40.032,odom,map,0.778658,1.73462,-0.237837,0,0,0,,,
39.996,pf,map,0.623452,1.88122,-0.197877,0.107758,0.10398,-0.00134088,7.73337,646.05,0
40.068,odom,map,0.79278,1.73039,-0.238808,0,0,0,,,
40.104,odom,map,0.806878,1.72617,-0.239648,0,0,0,,,
40.14,odom,map,0.820852,1.72199,-0.240427,0,0,0,,,
40.176,odom,map,0.834693,1.71785,-0.241014,0,0,0,,,
40.212,odom,map,0.848554,1.71393,-0.241395,0,0,0,,,
40.212,ekf_predict_only,map,0.922886,1.72431,-0.25324,31.1053,46.7485,-17.077,,,
40.212,kf,map,0.802914,1.79848,-0.215669,0.101438,0.101438,0,0.064209,,
40.212,ekf,map,0.803151,1.79768,-0.21716,0.117201,0.118316,0.00012559,0.087958,,
40.212,pf,map,0.698919,1.86405,-0.210023,0.104971,0.0956488,-0.00467587,4.66571,634.753,0
40.248,odom,map,0.86273,1.71044,-0.242294,0,0,0,,,
40.284,odom,map,0.876963,1.70691,-0.242811,0,0,0,,,
40.32,odom,map,0.891022,1.70343,-0.242416,0,0,0,,,
40.356,odom,map,0.904965,1.69999,-0.241372,0,0,0,,,
40.392,odom,map,0.918896,1.69657,-0.240111,0,0,0,,,
40.428,odom,map,0.932737,1.69319,-0.238401,0,0,0,,,
40.392,ekf_predict_only,map,0.991745,1.70649,-0.243967,30.9018,48.9092,-17.3966,,,
40.392,ekf,map,0.87399,1.78129,-0.215678,0.115128,0.116074,0.000129155,0.056291,,
40.392,kf,map,0.87376,1.78206,-0.213995,0.101156,0.101156,0,2.03675,,
40.392,pf,map,0.785266,1.81907,-0.209033,0.106487,0.0983743,-0.000430212,9.95329,639.713,0
40.464,odom,map,0.946388,1.68989,-0.236151,0,0,0,,,
40.5,odom,map,0.959998,1.68663,-0.233785,0,0,0,,,
40.536,odom,map,0.97338,1.68346,-0.231338,0,0,0,,,
40.572,odom,map,0.986501,1.68039,-0.228585,0,0,0,,,
40.608,odom,map,0.998846,1.67868,-0.224842,0,0,0,,,
40.608,ekf_predict_only,map,1.06878,1.68731,-0.22603,30.6808,51.4027,-17.7434,,,
40.608,ekf,map,0.954093,1.76353,-0.203118,0.11719,0.118206,0.000163569,0.058417,,
40.608,kf,map,0.95368,1.76421,-0.20157,0.101435,0.101435,0,0.134167,,
40.602,amcl,map,0.960345,1.71848,-0.205055,0.109531,0.055949,-0.0383452,,,
40.608,pf,map,0.861922,1.81787,-0.195605,0.10636,0.0973169,0.00286686,5.30938,641.694,0
40.644,odom,map,1.00915,1.68151,-0.218372,0,0,0,,,
40.68,odom,map,1.01933,1.68446,-0.211691,0,0,0,,,
40.716,odom,map,1.02908,1.68761,-0.204639,0,0,0,,,
40.752,odom,map,1.03857,1.69092,-0.197437,0,0,0,,,
40.788,odom,map,1.04783,1.69437,-0.190065,0,0,0,,,
40.824,odom,map,1.05877,1.69421,-0.184843,0,0,0,,,
40.788,ekf_predict_only,map,1.12791,1.67371,-0.206201,30.5567,53.4036,-18.0121,,,
40.788,kf,map,1.01577,1.75136,-0.185693,0.101155,0.101155,0,0.059542,,
40.788,ekf,map,1.01628,1.75084,-0.18689,0.115172,0.116011,0.000147599,0.062917,,
40.788,pf,map,0.906793,1.79722,-0.174794,0.098965,0.108442,0.00173349,4.37492,646.036,0
40.86,odom,map,1.07054,1.69203,-0.180652,0,0,0,,,
40.896,odom,map,1.08197,1.68997,-0.176157,0,0,0,,,
40.932,odom,map,1.09302,1.68803,-0.171594,0,0,0,,,
40.968,odom,map,1.10397,1.68616,-0.167023,0,0,0,,,
41.004,odom,map,1.1147,1.68438,-0.162394,0,0,0,,,
41.004,ekf_predict_only,map,1.18809,1.66113,-0.177918,30.4519,55.495,-18.2934,,,
41.004,kf,map,1.08127,1.73926,-0.160316,0.101434,0.101434,0,0.06425,,
41.004,ekf,map,1.08225,1.73884,-0.161255,0.117248,0.118106,0.000160573,0.056542,,
41.004,pf,map,0.97726,1.77705,-0.145767,0.10812,0.102588,-0.00532827,5.21979,633.373,0
41.04,odom,map,1.12496,1.68272,-0.157689,0,0,0,,,
41.076,odom,map,1.13508,1.68113,-0.152976,0,0,0,,,
41.112,odom,map,1.14506,1.67962,-0.148138,0,0,0,,,
41.148,odom,map,1.15464,1.67821,-0.143081,0,0,0,,,
41.184,odom,map,1.16374,1.67693,-0.138636,0,0,0,,,
41.22,odom,map,1.17162,1.67584,-0.136674,0,0,0,,,
41.184,ekf_predict_only,map,1.21278,1.65669,-0.177918,30.4803,56.4289,-18.4177,,,
41.184,kf,map,1.1208,1.73313,-0.149728,0.101155,0.101155,0,0.05325,,
41.184,ekf,map,1.1233,1.73284,-0.148653,0.115212,0.115858,0.000123606,0.064042,,
41.184,pf,map,1.05643,1.7818,-0.1097,0.107888,0.102564,0.00636582,4.82179,642.912,0
41.256,odom,map,1.17821,1.67493,-0.136589,0,0,0,,,
41.292,odom,map,1.18352,1.6742,-0.136589,0,0,0,,,
41.328,odom,map,1.18755,1.67365,-0.136589,0,0,0,,,
41.364,odom,map,1.19029,1.67327,-0.136589,0,0,0,,,
41.4,odom,map,1.19175,1.67307,-0.136589,0,0,0,,,
41.4,ekf,map,1.14672,1.72956,-0.142015,0.117274,0.11783,0.000107558,0.363625,,
41.4,kf,map,1.14232,1.7301,-0.143442,0.101434,0.101434,0,0.328667,,
41.4,ekf_predict_only,map,1.21278,1.65669,-0.177918,30.5803,56.5289,-18.4177,,,
41.4,pf,map,1.06122,1.81641,-0.105864,0.0969425,0.103794,0.00348414,8.01204,630.907,0
41.436,odom,map,1.1882,1.67467,-0.136307,0,0,0,,,
41.472,odom,map,1.18428,1.67635,-0.136017,0,0,0,,,
41.508,odom,map,1.18036,1.67803,-0.135727,0,0,0,,,
41.544,odom,map,1.17644,1.6797,-0.135437,0,0,0,,,
41.58,odom,map,1.17252,1.68138,-0.135147,0,0,0,,,
41.616,odom,map,1.17012,1.68241,-0.13497,0,0,0,,,
41.616,ekf,map,1.15661,1.72813,-0.139254,0.117984,0.118396,8.00914e-05,0.059292,,
41.616,ekf_predict_only,map,1.21278,1.65669,-0.177918,30.6803,56.6289,-18.4177,,,
41.616,kf,map,1.15306,1.7286,-0.140343,0.101502,0.101502,0,0.138125,,
41.616,pf,map,1.06678,1.80163,-0.107469,0.10231,0.108869,0.00638922,6.95454,645.467,0
41.652,odom,map,1.17012,1.68241,-0.13497,0,0,0,,,
41.688,odom,map,1.17012,1.68241,-0.13497,0,0,0,,,
41.724,odom,map,1.17012,1.68241,-0.13497,0,0,0,,,
41.76,odom,map,1.17012,1.68241,-0.13497,0,0,0,,,
41.796,odom,map,1.17012,1.68241,-0.13497,0,0,0,,,
41.832,odom,map,1.17012,1.68241,-0.13497,0,0,0,,,
41.796,ekf_predict_only,map,1.21278,1.65669,-0.177918,30.7803,56.7289,-18.4177,,,
41.796,ekf,map,1.16058,1.72755,-0.138147,0.11535,0.115605,4.95479e-05,0.061208,,
41.796,kf,map,1.15834,1.72786,-0.138821,0.101172,0.101172,0,0.064709,,
41.796,pf,map,1.08301,1.80155,-0.0999389,0.108455,0.107877,-4.39328e-05,5.27821,635.545,0
41.868,odom,map,1.17012,1.68241,-0.13497,0,0,0,,,
41.904,odom,map,1.17012,1.68241,-0.13497,0,0,0,,,
41.94,odom,map,1.17012,1.68241,-0.13497,0,0,0,,,
41.976,odom,map,1.17018,1.6824,-0.134952,0,0,0,,,
42.012,ekf_predict_only,map,1.21341,1.65657,-0.179113,30.8784,56.8504,-18.4208,,,
42.012,kf,map,1.16134,1.72743,-0.138699,0.101438,0.101438,0,0.062042,,
42.012,ekf,map,1.16264,1.72726,-0.138216,0.11719,0.117379,3.69191e-05,0.053333,,
42.012,odom,map,1.17027,1.68239,-0.135055,0,0,0,,,
42.012,pf,map,1.08811,1.80419,-0.0960987,0.105914,0.100349,0.00348951,6.45983,629.273,0
42.048,odom,map,1.17038,1.68237,-0.135254,0,0,0,,,
42.084,odom,map,1.17058,1.68235,-0.135645,0,0,0,,,
42.12,odom,map,1.17088,1.6823,-0.136306,0,0,0,,,
42.156,odom,map,1.17125,1.68225,-0.137134,0,0,0,,,
42.192,odom,map,1.17179,1.68218,-0.138108,0,0,0,,,
42.228,odom,map,1.17259,1.68207,-0.139438,0,0,0,,,
42.192,ekf,map,1.16607,1.72678,-0.142901,0.115111,0.115227,2.26323e-05,0.105083,,
42.192,kf,map,1.16558,1.72684,-0.143539,0.101156,0.101156,0,0.109583,,
42.192,ekf_predict_only,map,1.21805,1.65573,-0.18709,30.9649,57.1083,-18.4439,,,
42.192,pf,map,1.07693,1.78206,-0.101547,0.106748,0.0997595,0.00307291,6.58192,651.34,0
42.264,odom,map,1.17377,1.6819,-0.141395,0,0,0,,,
42.3,odom,map,1.17517,1.6817,-0.143604,0,0,0,,,
42.336,odom,map,1.17679,1.68146,-0.146251,0,0,0,,,
42.372,odom,map,1.17869,1.68118,-0.15036,0,0,0,,,
42.408,odom,map,1.18049,1.6809,-0.156103,0,0,0,,,
42.408,kf,map,1.17505,1.72545,-0.17018,0.101435,0.101435,0,0.057458,,
42.408,ekf,map,1.17507,1.72548,-0.168048,0.117163,0.11725,1.68461e-05,0.056791,,
42.408,ekf_predict_only,map,1.22868,1.65372,-0.225785,31.0326,57.5712,-18.4949,,,
42.408,pf,map,1.07953,1.7965,-0.097403,0.111566,0.101594,-0.00410038,4.64487,640.742,0
42.444,odom,map,1.18227,1.68062,-0.162552,0,0,0,,,
42.48,odom,map,1.18402,1.68032,-0.169589,0,0,0,,,
42.516,odom,map,1.18577,1.68002,-0.177956,0,0,0,,,
42.552,odom,map,1.18761,1.67968,-0.187908,0,0,0,,,
42.588,odom,map,1.18947,1.67931,-0.198054,0,0,0,,,
42.624,odom,map,1.19149,1.6789,-0.208998,0,0,0,,,
42.588,ekf,map,1.18395,1.72392,-0.210898,0.115146,0.115201,1.06436e-05,0.062333,,
42.588,kf,map,1.18412,1.72383,-0.213679,0.101155,0.101155,0,0.05875,,
42.588,ekf_predict_only,map,1.23896,1.65136,-0.282854,31.0947,58.0239,-18.5368,,,
42.588,pf,map,1.09642,1.80611,-0.156566,0.102985,0.108895,0.000543675,6.43242,635.342,0
42.66,odom,map,1.19374,1.6784,-0.220741,0,0,0,,,
42.696,odom,map,1.19623,1.67783,-0.233048,0,0,0,,,
42.732,odom,map,1.1988,1.6772,-0.245715,0,0,0,,,
42.768,odom,map,1.20147,1.67651,-0.258661,0,0,0,,,
42.804,odom,map,1.20447,1.6757,-0.272245,0,0,0,,,
42.804,ekf_predict_only,map,1.26158,1.64478,-0.371252,31.0898,58.9067,-18.6036,,,
42.804,kf,map,1.20242,1.7196,-0.288146,0.101434,0.101434,0,0.057458,,
42.804,ekf,map,1.20164,1.71987,-0.284829,0.117218,0.117267,9.55962e-06,0.059167,,
42.804,pf,map,1.10498,1.78733,-0.262603,0.0973201,0.100002,-0.0020482,7.57967,652.25,0
42.84,odom,map,1.20809,1.67466,-0.28677,0,0,0,,,
42.876,odom,map,1.21184,1.67352,-0.301503,0,0,0,,,
42.912,odom,map,1.21583,1.67225,-0.316473,0,0,0,,,
42.948,odom,map,1.22054,1.67066,-0.332001,0,0,0,,,
42.984,odom,map,1.22552,1.6689,-0.347999,0,0,0,,,
43.02,odom,map,1.23083,1.66692,-0.364516,0,0,0,,,
42.984,ekf,map,1.22362,1.71277,-0.357993,0.11519,0.115236,1.01485e-05,0.074708,,
42.984,kf,map,1.22475,1.71236,-0.36089,0.101155,0.101155,0,0.056166,,
42.984,ekf_predict_only,map,1.28915,1.63405,-0.454768,31.0201,59.9721,-18.6336,,,
42.984,pf,map,1.08787,1.79136,-0.341904,0.0985165,0.100926,-0.00382688,7.33867,643.536,0
43.002,amcl,map,1.2211,1.6793,-0.357296,0.119632,0.0904348,-0.035613,,,
43.056,odom,map,1.23634,1.66477,-0.38122,0,0,0,,,
43.092,odom,map,1.24203,1.66243,-0.398206,0,0,0,,,
43.128,odom,map,1.2484,1.65969,-0.415492,0,0,0,,,
43.164,odom,map,1.25503,1.65669,-0.432786,0,0,0,,,
43.2,odom,map,1.2619,1.65344,-0.450155,0,0,0,,,
43.2,ekf_predict_only,map,1.33372,1.61226,-0.56187,30.7816,61.6602,-18.5915,,,
43.2,ekf,map,1.2614,1.69699,-0.457734,0.117259,0.117337,2.28863e-05,0.108667,,
43.2,kf,map,1.26307,1.69642,-0.460145,0.101434,0.101434,0,0.11375,,
43.2,pf,map,1.14039,1.79864,-0.450739,0.100804,0.118286,-0.00398689,4.90567,636.113,0
43.236,odom,map,1.26917,1.64985,-0.467904,0,0,0,,,
43.272,odom,map,1.27666,1.64598,-0.485879,0,0,0,,,
43.308,odom,map,1.28414,1.64194,-0.503896,0,0,0,,,
43.344,odom,map,1.29182,1.63762,-0.522157,0,0,0,,,
43.38,odom,map,1.30005,1.63278,-0.540749,0,0,0,,,
43.416,odom,map,1.30864,1.62751,-0.559358,0,0,0,,,
43.416,ekf_predict_only,map,1.38629,1.57917,-0.673377,30.3831,63.677,-18.384,,,
43.416,kf,map,1.31018,1.67039,-0.566613,0.101502,0.101502,0,0.127083,,
43.416,ekf,map,1.30817,1.67101,-0.564831,0.117986,0.118108,4.88071e-05,0.092917,,
43.416,pf,map,1.19669,1.74748,-0.55696,0.0995755,0.114757,7.08154e-05,8.26283,648.418,0
43.452,odom,map,1.31737,1.62193,-0.577943,0,0,0,,,
43.488,odom,map,1.32613,1.6161,-0.596701,0,0,0,,,
43.524,odom,map,1.33522,1.6098,-0.615642,0,0,0,,,
43.56,odom,map,1.34458,1.60304,-0.634551,0,0,0,,,
43.596,odom,map,1.35401,1.59596,-0.653442,0,0,0,,,
43.596,kf,map,1.35464,1.63876,-0.657921,0.101172,0.101172,0,0.0655,,
43.632,odom,map,1.36359,1.58848,-0.672169,0,0,0,,,
43.596,ekf_predict_only,map,1.43457,1.54065,-0.766849,29.9266,65.5794,-18.0139,,,
43.596,ekf,map,1.35276,1.6393,-0.656892,0.115376,0.115518,7.68451e-05,0.131208,,
43.596,pf,map,1.26253,1.6926,-0.633178,0.10008,0.109765,0.00212252,5.25592,627.077,0
43.602,amcl,map,1.34661,1.6101,-0.661386,0.115873,0.101172,-0.0293962,,,
43.668,odom,map,1.37348,1.58045,-0.690868,0,0,0,,,
43.704,odom,map,1.38338,1.57211,-0.709568,0,0,0,,,
43.74,odom,map,1.39342,1.56332,-0.72847,0,0,0,,,
43.776,odom,map,1.40351,1.55414,-0.747369,0,0,0,,,
43.812,ekf_predict_only,map,1.49669,1.48079,-0.879723,29.2126,68.0577,-17.2904,,,
43.812,kf,map,1.41477,1.5873,-0.769665,0.101438,0.101438,0,0.177708,,
43.812,ekf,map,1.41276,1.58776,-0.76912,0.117274,0.117477,0.000159203,0.112542,,
43.812,odom,map,1.41344,1.54501,-0.766259,0,0,0,,,
43.812,pf,map,1.30311,1.66076,-0.752499,0.0975502,0.0953542,-0.00527055,6.05225,643.685,0
43.848,odom,map,1.42241,1.53695,-0.785257,0,0,0,,,
43.884,odom,map,1.43139,1.52849,-0.804288,0,0,0,,,
43.92,odom,map,1.44048,1.51949,-0.823188,0,0,0,,,
43.956,odom,map,1.44966,1.50997,-0.841832,0,0,0,,,
43.992,odom,map,1.45879,1.50006,-0.86036,0,0,0,,,
44.028,odom,map,1.46871,1.48845,-0.878746,0,0,0,,,
43.992,ekf_predict_only,map,1.54782,1.41898,-0.971356,28.5375,70.1654,-16.3973,,,
43.992,kf,map,1.46541,1.5325,-0.861521,0.101156,0.101156,0,0.082375,,
43.992,ekf,map,1.46359,1.53283,-0.861376,0.115251,0.115436,0.000211234,0.056583,,
44.001,amcl,map,1.4559,1.5068,-0.873551,0.101569,0.102605,-0.021681,,,
43.992,pf,map,1.35406,1.61266,-0.839974,0.0889687,0.0918686,0.00244613,10.0199,642.806,0
44.064,odom,map,1.47884,1.47599,-0.896942,0,0,0,,,
44.1,odom,map,1.48877,1.46332,-0.91493,0,0,0,,,
44.136,odom,map,1.49849,1.45046,-0.9328,0,0,0,,,
44.172,odom,map,1.50802,1.43737,-0.950084,0,0,0,,,
44.208,odom,map,1.51734,1.4241,-0.966826,0,0,0,,,
44.208,ekf_predict_only,map,1.60272,1.33862,-1.07141,27.7299,72.4725,-15.0924,,,
44.208,kf,map,1.52302,1.45777,-0.964912,0.101435,0.101435,0,0.064917,,
44.208,ekf,map,1.52126,1.45765,-0.965451,0.117439,0.117606,0.000341177,0.098,,
44.208,pf,map,1.41193,1.56321,-0.943027,0.100932,0.100325,-0.00544779,15.7118,658.431,0
44.244,odom,map,1.52643,1.41069,-0.983299,0,0,0,,,
44.28,odom,map,1.53528,1.39716,-0.999606,0,0,0,,,
44.316,odom,map,1.54394,1.38345,-1.01566,0,0,0,,,
44.352,odom,map,1.55238,1.36959,-1.03121,0,0,0,,,
44.388,odom,map,1.56061,1.35561,-1.04673,0,0,0,,,
44.388,ekf,map,1.56341,1.38929,-1.04509,0.115488,0.11556,0.000363804,0.063583,,
44.424,odom,map,1.56831,1.34186,-1.06241,0,0,0,,,
44.388,ekf_predict_only,map,1.64166,1.26724,-1.14687,27.1188,74.1699,-13.8223,,,
44.388,kf,map,1.5649,1.38963,-1.04426,0.101155,0.101155,0,0.056625,,
44.388,pf,map,1.48875,1.50586,-1.00088,0.110076,0.109174,-0.000993338,7.16075,639.129,0
44.46,odom,map,1.57554,1.3283,-1.0778,0,0,0,,,
44.496,odom,map,1.58249,1.31471,-1.09272,0,0,0,,,
44.532,odom,map,1.58922,1.30101,-1.10746,0,0,0,,,
44.568,odom,map,1.59571,1.28725,-1.12187,0,0,0,,,
44.604,odom,map,1.60198,1.27342,-1.13574,0,0,0,,,
44.604,ekf_predict_only,map,1.68083,1.18045,-1.2244,26.4757,75.9035,-12.1799,,,
44.604,ekf,map,1.60733,1.30445,-1.12893,0.11774,0.117681,0.000471629,0.056833,,
44.604,kf,map,1.6088,1.3051,-1.12761,0.101434,0.101434,0,0.081625,,
44.601,amcl,map,1.59503,1.28731,-1.13572,0.0928659,0.110764,-0.0265084,,,
44.604,pf,map,1.54178,1.38643,-1.09076,0.107529,0.106809,0.00405279,4.67812,645.929,0
44.64,odom,map,1.60855,1.25904,-1.14848,0,0,0,,,
44.676,odom,map,1.61493,1.24461,-1.16106,0,0,0,,,
44.712,odom,map,1.62113,1.23009,-1.17316,0,0,0,,,
44.748,odom,map,1.62709,1.21565,-1.18484,0,0,0,,,
44.784,odom,map,1.63283,1.2013,-1.19639,0,0,0,,,
44.82,odom,map,1.63794,1.18741,-1.20826,0,0,0,,,
44.784,ekf,map,1.63758,1.23261,-1.19032,0.115735,0.115566,0.000431793,0.058042,,
44.784,ekf_predict_only,map,1.70686,1.10834,-1.28075,26.0601,77.1044,-10.7481,,,
44.784,kf,map,1.6388,1.23334,-1.18901,0.101155,0.101155,0,0.059042,,
44.784,pf,map,1.56327,1.29449,-1.15114,0.109721,0.103206,0.0047324,5.4945,642.018,0
44.856,odom,map,1.64245,1.17405,-1.22016,0,0,0,,,
44.892,odom,map,1.6467,1.16085,-1.23171,0,0,0,,,
44.928,odom,map,1.65074,1.14768,-1.2431,0,0,0,,,
44.964,odom,map,1.65458,1.13452,-1.25431,0,0,0,,,
45,odom,map,1.65815,1.12159,-1.2658,0,0,0,,,
45,kf,map,1.6683,1.15052,-1.25654,0.101434,0.101434,0,0.056166,,
45,ekf,map,1.66734,1.14955,-1.25746,0.117961,0.117622,0.000480969,0.060417,,
45,ekf_predict_only,map,1.73119,1.02682,-1.34616,25.6894,78.2443,-9.07621,,,
45,pf,map,1.60599,1.23038,-1.22709,0.104344,0.101237,-0.0054599,4.69708,640.23,0
45.036,odom,map,1.66227,1.10821,-1.27674,0,0,0,,,
45.072,odom,map,1.66622,1.09489,-1.28767,0,0,0,,,
45.108,odom,map,1.66999,1.08168,-1.29871,0,0,0,,,
45.144,odom,map,1.67352,1.06874,-1.30967,0,0,0,,,
45.18,odom,map,1.6769,1.05583,-1.32061,0,0,0,,,
45.216,odom,map,1.68015,1.04281,-1.33134,0,0,0,,,
45.216,ekf,map,1.69009,1.07006,-1.32316,0.118738,0.118279,0.000455413,0.058833,,
45.216,kf,map,1.69094,1.07098,-1.32246,0.101502,0.101502,0,0.060333,,
45.216,ekf_predict_only,map,1.74912,0.948332,-1.41039,25.4491,79.1177,-7.42268,,,
45.216,pf,map,1.6315,1.14777,-1.29532,0.111794,0.105885,-0.00198898,11.7579,643.666,0
45.252,odom,map,1.68323,1.02989,-1.34183,0,0,0,,,
45.288,odom,map,1.68616,1.01704,-1.35296,0,0,0,,,
45.324,odom,map,1.68891,1.00425,-1.36534,0,0,0,,,
45.36,odom,map,1.69149,0.991447,-1.37814,0,0,0,,,
45.396,odom,map,1.69389,0.978666,-1.39182,0,0,0,,,
45.396,kf,map,1.70501,1.00564,-1.39044,0.101172,0.101172,0,0.061375,,
45.432,odom,map,1.69593,0.967075,-1.40569,0,0,0,,,
45.396,ekf_predict_only,map,1.75962,0.883439,-1.48436,25.3519,79.6731,-6.03112,,,
45.396,ekf,map,1.70451,1.00506,-1.38993,0.116014,0.115556,0.000349369,0.056875,,
45.402,amcl,map,1.70526,1.00443,-1.37628,0.0875464,0.134816,-0.0179888,,,
45.396,pf,map,1.65448,1.08093,-1.35266,0.116234,0.100024,-0.00764397,9.08233,635.342,0
45.468,odom,map,1.69777,0.955566,-1.41982,0,0,0,,,
45.504,odom,map,1.69942,0.944122,-1.43436,0,0,0,,,
45.54,odom,map,1.70088,0.932701,-1.44979,0,0,0,,,
45.576,odom,map,1.70214,0.921238,-1.46584,0,0,0,,,
45.612,odom,map,1.70326,0.9093,-1.48228,0,0,0,,,
45.612,ekf_predict_only,map,1.76637,0.805581,-1.58578,25.3164,80.0669,-4.34216,,,
45.612,kf,map,1.71646,0.927621,-1.48521,0.101438,0.101438,0,0.065916,,
45.612,ekf,map,1.71605,0.92724,-1.48401,0.117957,0.117364,0.000336227,0.111125,,
45.612,pf,map,1.65811,1.01742,-1.4556,0.112684,0.103776,-0.00363057,4.73304,627.534,0
45.648,odom,map,1.7043,0.89634,-1.49982,0,0,0,,,
45.684,odom,map,1.7051,0.883471,-1.51794,0,0,0,,,
45.72,odom,map,1.70565,0.870766,-1.53655,0,0,0,,,
45.756,odom,map,1.70597,0.858108,-1.55533,0,0,0,,,
45.792,odom,map,1.70604,0.845509,-1.57461,0,0,0,,,
45.828,odom,map,1.70587,0.833041,-1.59462,0,0,0,,,
45.792,ekf_predict_only,map,1.76544,0.743358,-1.68655,25.3878,80.1262,-2.98583,,,
45.792,kf,map,1.71355,0.926229,-1.52357,0.100571,0.0340454,0.00626374,0.118833,,
45.792,ekf,map,1.7516,0.932351,-1.55994,0.0347883,0.0348669,3.64081e-06,0.102041,,
45.792,pf,map,1.69365,0.96957,-1.50142,0.0414306,0.0288707,0.00619528,9.19367,246.029,0
45.864,odom,map,1.70545,0.820602,-1.61477,0,0,0,,,
45.9,odom,map,1.70478,0.808304,-1.63529,0,0,0,,,
45.936,odom,map,1.70388,0.79626,-1.6564,0,0,0,,,
45.972,odom,map,1.70273,0.784364,-1.67773,0,0,0,,,
46.008,odom,map,1.70133,0.772538,-1.69914,0,0,0,,,
46.008,ekf_predict_only,map,1.75744,0.674585,-1.81603,25.539,79.8783,-1.49274,,,
46.008,kf,map,1.71124,0.855682,-1.62728,0.100699,0.0317507,0.00714598,0.109125,,
46.008,ekf,map,1.76111,0.860307,-1.67838,0.0331798,0.0325416,0.000109281,0.095958,,
46.002,amcl,map,1.73319,0.799173,-1.6739,0.0756437,0.118731,-0.00386216,,,
46.008,pf,map,1.72497,0.882315,-1.64159,0.0259842,0.0317579,-0.000227356,6.09012,301.48,0
46.044,odom,map,1.69972,0.761011,-1.72069,0,0,0,,,
46.08,odom,map,1.69791,0.749821,-1.74245,0,0,0,,,
46.116,odom,map,1.69592,0.73906,-1.76453,0,0,0,,,
46.152,odom,map,1.69371,0.728424,-1.78665,0,0,0,,,
46.188,odom,map,1.69131,0.718027,-1.80896,0,0,0,,,
46.224,odom,map,1.69068,0.710334,-1.82984,0,0,0,,,
46.188,ekf_predict_only,map,1.74519,0.625645,-1.92879,25.7287,79.4477,-0.443939,,,
46.188,ekf,map,1.75894,0.79823,-1.78524,0.0298786,0.0320636,-0.000145517,0.715042,,
46.188,kf,map,1.70268,0.793407,-1.72249,0.100143,0.031822,0.00833825,0.183375,,
46.188,pf,map,1.71908,0.835791,-1.74349,0.0326353,0.0318505,0.000450127,14.8338,300.102,0
46.26,odom,map,1.69101,0.704315,-1.84987,0,0,0,,,
46.296,odom,map,1.69122,0.698531,-1.86992,0,0,0,,,
46.332,odom,map,1.69134,0.69314,-1.89027,0,0,0,,,
46.368,odom,map,1.69144,0.688241,-1.91049,0,0,0,,,
46.404,odom,map,1.69122,0.68325,-1.93083,0,0,0,,,
46.404,kf,map,1.68536,0.74206,-1.82792,0.0998469,0.0324444,0.0103708,0.096416,,
46.404,ekf,map,1.7585,0.75053,-1.91488,0.0270723,0.0323699,-0.000540211,0.111125,,
46.404,ekf_predict_only,map,1.72668,0.576177,-2.0653,25.9646,78.7513,0.595033,,,
46.401,amcl,map,1.71144,0.688229,-1.92015,0.0488342,0.114344,-0.0129575,,,
46.404,pf,map,1.73516,0.770148,-1.89368,0.032373,0.0279285,-0.00162389,16.9728,318.148,0
46.44,odom,map,1.68813,0.675304,-1.95365,0,0,0,,,
46.476,odom,map,1.68496,0.667683,-1.97655,0,0,0,,,
46.512,odom,map,1.6818,0.66055,-1.99945,0,0,0,,,
46.548,odom,map,1.67859,0.653724,-2.02245,0,0,0,,,
46.584,odom,map,1.67528,0.647103,-2.04553,0,0,0,,,
46.62,odom,map,1.67191,0.64073,-2.06871,0,0,0,,,
46.584,ekf_predict_only,map,1.70991,0.545074,-2.18145,26.1735,78.1351,1.22981,,,
46.584,kf,map,1.66934,0.695661,-1.94683,0.0988307,0.0331011,0.0124724,0.227708,,
46.584,ekf,map,1.73554,0.704599,-2.03309,0.0250784,0.0319824,-0.00078675,0.089625,,
46.584,pf,map,1.70617,0.741339,-1.98777,0.0321607,0.0258401,0.00301273,6.57996,233.337,0
46.656,odom,map,1.66858,0.634759,-2.09197,0,0,0,,,
46.692,odom,map,1.66522,0.629075,-2.11515,0,0,0,,,
46.728,odom,map,1.66177,0.623522,-2.13832,0,0,0,,,
46.764,odom,map,1.65832,0.618232,-2.16143,0,0,0,,,
46.8,odom,map,1.65499,0.613398,-2.1846,0,0,0,,,
46.8,ekf_predict_only,map,1.6901,0.516763,-2.32055,26.3884,77.3958,1.78923,,,
46.8,kf,map,1.65044,0.647731,-2.0543,0.0979682,0.034296,0.0151233,0.102042,,
46.8,ekf,map,1.73372,0.661709,-2.16656,0.0235845,0.03218,-0.0014541,0.841334,,
46.8,amcl,map,1.68035,0.616859,-2.15744,0.0315011,0.104281,-0.0112587,,,
46.8,pf,map,1.7,0.692809,-2.11684,0.0237943,0.0303869,0.00220827,10.6259,242.412,0
46.836,odom,map,1.65471,0.609491,-2.20649,0,0,0,,,
46.872,odom,map,1.65449,0.605772,-2.22831,0,0,0,,,
46.908,odom,map,1.65439,0.602395,-2.24991,0,0,0,,,
46.944,odom,map,1.65448,0.599426,-2.27128,0,0,0,,,
46.98,odom,map,1.65458,0.596618,-2.29262,0,0,0,,,
47.016,ekf,map,1.73261,0.626183,-2.29854,0.0223438,0.0321205,-0.00184346,0.106709,,
47.016,odom,map,1.65357,0.593796,-2.3144,0,0,0,,,
47.016,ekf_predict_only,map,1.67286,0.498243,-2.45596,26.5717,76.7713,2.13945,,,
47.016,kf,map,1.63395,0.607098,-2.15753,0.0967094,0.035622,0.0176475,0.11425,,
47.016,pf,map,1.71883,0.638005,-2.2872,0.0181923,0.0240272,-0.0029779,6.07746,230.556,0
47.052,odom,map,1.6508,0.590859,-2.33686,0,0,0,,,
47.088,odom,map,1.64826,0.588275,-2.35917,0,0,0,,,
47.124,odom,map,1.64577,0.585852,-2.38145,0,0,0,,,
47.16,odom,map,1.64331,0.583568,-2.40372,0,0,0,,,
47.196,odom,map,1.64101,0.581518,-2.42585,0,0,0,,,
47.196,ekf_predict_only,map,1.66184,0.489236,-2.5661,26.7146,76.4117,2.30121,,,
47.196,kf,map,1.61649,0.600934,-2.26408,0.0952915,0.036652,0.0194015,0.223625,,
47.196,ekf,map,1.71534,0.623076,-2.41121,0.0210278,0.0316535,-0.0021009,0.2315,,
47.232,odom,map,1.63932,0.579604,-2.44766,0,0,0,,,
47.202,amcl,map,1.65072,0.586279,-2.41053,0.0267387,0.0931187,-0.011826,,,
47.196,pf,map,1.69491,0.663535,-2.39286,0.0200987,0.025475,-0.00257084,13.0563,235.998,0
47.268,odom,map,1.63777,0.57782,-2.46936,0,0,0,,,
47.304,odom,map,1.63645,0.576287,-2.49086,0,0,0,,,
47.34,odom,map,1.63542,0.575036,-2.51208,0,0,0,,,
47.376,odom,map,1.63443,0.573867,-2.53323,0,0,0,,,
47.412,ekf_predict_only,map,1.65402,0.484163,-2.69356,26.8394,76.1867,2.3875,,,
47.412,kf,map,1.60739,0.583169,-2.37618,0.0945999,0.0376954,0.0208331,0.098458,,
47.412,ekf,map,1.71482,0.608835,-2.5381,0.0214351,0.0318708,-0.00240421,0.1875,,
47.412,odom,map,1.63344,0.572875,-2.55434,0,0,0,,,
47.412,pf,map,1.66817,0.645981,-2.46958,0.0199571,0.0258389,-0.00108969,8.57362,238.683,0
47.448,odom,map,1.63229,0.572125,-2.57551,0,0,0,,,
47.484,odom,map,1.6314,0.571572,-2.59641,0,0,0,,,
47.52,odom,map,1.63065,0.571128,-2.61709,0,0,0,,,
47.556,odom,map,1.63007,0.570803,-2.63743,0,0,0,,,
47.592,odom,map,1.62965,0.570573,-2.65726,0,0,0,,,
47.628,odom,map,1.63005,0.570211,-2.67452,0,0,0,,,
47.592,ekf_predict_only,map,1.65199,0.483186,-2.79196,26.9443,76.2024,2.40272,,,
47.592,kf,map,1.60463,0.571404,-2.47674,0.0938488,0.038108,0.0214465,0.137292,,
47.592,ekf,map,1.71041,0.597181,-2.64067,0.0208089,0.0315326,-0.00242112,0.096416,,
47.601,amcl,map,1.63979,0.584466,-2.63962,0.0200754,0.0788842,-0.0092011,,,
47.592,pf,map,1.6615,0.677133,-2.57914,0.0244349,0.0280753,-0.00131249,15.6569,209.657,0
47.664,odom,map,1.63095,0.569891,-2.69061,0,0,0,,,
47.7,odom,map,1.63201,0.569656,-2.70628,0,0,0,,,
47.736,odom,map,1.63317,0.569473,-2.72155,0,0,0,,,
47.772,odom,map,1.63436,0.569306,-2.73663,0,0,0,,,
47.808,odom,map,1.63541,0.569228,-2.75211,0,0,0,,,
47.808,ekf,map,1.71402,0.594577,-2.7514,0.0209076,0.0318402,-0.00255488,0.123375,,
47.808,kf,map,1.60516,0.567815,-2.58179,0.0940123,0.0383015,0.0216424,0.103708,,
47.808,ekf_predict_only,map,1.65495,0.484264,-2.89703,27.0389,76.425,2.38769,,,
47.808,pf,map,1.6727,0.648961,-2.70985,0.0217341,0.0272416,-0.00127895,6.04408,252.644,0
47.844,odom,map,1.63588,0.569416,-2.76969,0,0,0,,,
47.88,odom,map,1.63637,0.569603,-2.7872,0,0,0,,,
47.916,odom,map,1.63695,0.569812,-2.8045,0,0,0,,,
47.952,odom,map,1.63762,0.570038,-2.82119,0,0,0,,,
47.988,odom,map,1.63833,0.570267,-2.83745,0,0,0,,,
48.024,odom,map,1.63925,0.571249,-2.85355,0,0,0,,,
47.988,ekf_predict_only,map,1.6587,0.4852,-2.97709,27.1343,76.6808,2.3775,,,
47.988,ekf,map,1.71635,0.581521,-2.838,0.0204598,0.0315359,-0.00246432,0.111792,,
47.988,kf,map,1.61076,0.556385,-2.67025,0.0938492,0.0381162,0.0214594,0.092792,,
47.988,pf,map,1.69824,0.649599,-2.84326,0.023992,0.0324897,-0.000140508,8.84179,205.846,0
48.06,odom,map,1.64028,0.572647,-2.86934,0,0,0,,,
48.096,odom,map,1.64132,0.574035,-2.88469,0,0,0,,,
48.132,odom,map,1.64237,0.575413,-2.89979,0,0,0,,,
48.168,odom,map,1.64349,0.576794,-2.91455,0,0,0,,,
48.204,kf,map,1.61085,0.559916,-2.74914,0.0941961,0.0381199,0.021407,0.109875,,
48.204,ekf,map,1.7148,0.585258,-2.91604,0.0203676,0.0318732,-0.00254888,0.088791,,
48.204,odom,map,1.6443,0.578033,-2.92849,0,0,0,,,
48.204,ekf_predict_only,map,1.6587,0.4852,-3.02932,27.2343,76.7808,2.3775,,,
48.201,amcl,map,1.64025,0.578792,-2.92147,0.0195875,0.0635209,-0.00514536,,,
48.204,pf,map,1.70936,0.623439,-2.91532,0.01672,0.0236244,-0.000743507,8.26929,252.794,0
48.24,odom,map,1.6443,0.578033,-2.93983,0,0,0,,,
48.276,odom,map,1.6443,0.578033,-2.94857,0,0,0,,,
48.312,odom,map,1.6443,0.578033,-2.95472,0,0,0,,,
48.348,odom,map,1.6443,0.578033,-2.95827,0,0,0,,,
48.384,odom,map,1.6443,0.578033,-2.95926,0,0,0,,,
48.42,odom,map,1.6446,0.578902,-2.95877,0,0,0,,,
48.384,kf,map,1.61568,0.547426,-2.77655,0.0939861,0.0379799,0.0212812,0.102959,,
48.384,ekf,map,1.71865,0.571673,-2.94384,0.0201426,0.0315488,-0.00247403,0.657583,,
48.384,ekf_predict_only,map,1.6587,0.4852,-3.02932,27.3343,76.8808,2.3775,,,
48.384,pf,map,1.69749,0.632504,-2.94587,0.0209998,0.0280666,-0.00180079,16.4117,202.159,0
48.456,odom,map,1.64514,0.580465,-2.95788,0,0,0,,,
48.492,odom,map,1.64568,0.582027,-2.957,0,0,0,,,
48.528,odom,map,1.64621,0.583588,-2.95612,0,0,0,,,
48.564,odom,map,1.64674,0.585148,-2.95524,0,0,0,,,
48.6,odom,map,1.64727,0.586707,-2.95436,0,0,0,,,
48.6,ekf_predict_only,map,1.6587,0.4852,-3.02932,27.4343,76.9808,2.3775,,,
48.6,kf,map,1.61303,0.556215,-2.78057,0.0942684,0.0380478,0.0213124,0.100792,,
48.6,ekf,map,1.72192,0.582927,-2.95458,0.0200965,0.0318427,-0.00265465,0.094958,,
48.6,pf,map,1.69901,0.662105,-2.93067,0.021304,0.0227273,0.000146366,6.0025,234.043,0
48.636,odom,map,1.64729,0.58675,-2.95433,0,0,0,,,
48.672,odom,map,1.64729,0.58675,-2.95433,0,0,0,,,
48.708,odom,map,1.64729,0.58675,-2.95433,0,0,0,,,
48.744,odom,map,1.64729,0.58675,-2.95433,0,0,0,,,
48.78,odom,map,1.64729,0.58675,-2.95433,0,0,0,,,
48.816,ekf_predict_only,map,1.6587,0.4852,-3.02932,27.5343,77.0808,2.3775,,,
48.816,odom,map,1.64729,0.58675,-2.95433,0,0,0,,,
48.816,kf,map,1.61433,0.552786,-2.78129,0.0943416,0.0380462,0.0213161,0.10875,,
48.816,ekf,map,1.72555,0.579325,-2.95872,0.0204652,0.0319203,-0.00252007,0.112875,,
48.816,pf,map,1.70868,0.671213,-2.95154,0.0194074,0.0227418,-0.00286457,10.0735,224.324,0
48.852,odom,map,1.64689,0.586675,-2.95451,0,0,0,,,
48.888,odom,map,1.64525,0.586364,-2.95477,0,0,0,,,
48.924,odom,map,1.64236,0.585819,-2.95492,0,0,0,,,
48.96,odom,map,1.63911,0.585205,-2.95504,0,0,0,,,
48.996,odom,map,1.63561,0.584544,-2.95521,0,0,0,,,
49.032,odom,map,1.62982,0.582395,-2.95509,0,0,0,,,
48.996,ekf_predict_only,map,1.63268,0.482266,-3.02933,27.6489,76.1056,2.37367,,,
48.996,ekf,map,1.70571,0.58143,-2.96162,0.0201374,0.0313724,-0.00283475,0.179083,,
48.996,kf,map,1.59523,0.550945,-2.78394,0.0927756,0.0391859,0.0227767,0.173292,,
48.996,pf,map,1.67995,0.620716,-2.94281,0.0215205,0.0317766,-0.00418556,11.1205,238.088,0
49.068,odom,map,1.62329,0.579972,-2.95488,0,0,0,,,
49.104,odom,map,1.61608,0.577418,-2.95462,0,0,0,,,
49.14,odom,map,1.60853,0.574796,-2.95424,0,0,0,,,
49.176,odom,map,1.60005,0.571995,-2.9541,0,0,0,,,
49.212,ekf_predict_only,map,1.58675,0.477088,-3.02998,27.7749,74.3411,2.36318,,,
49.212,ekf,map,1.67595,0.573503,-2.96086,0.0212226,0.0313367,-0.00342462,0.203083,,
49.212,odom,map,1.59161,0.569566,-2.95409,0,0,0,,,
49.212,kf,map,1.56223,0.534543,-2.77604,0.090064,0.0421581,0.0258199,0.147542,,
49.212,pf,map,1.6577,0.629647,-2.95585,0.02187,0.0274976,-0.00275116,12.9435,220,0
49.248,odom,map,1.58374,0.568072,-2.95416,0,0,0,,,
49.284,odom,map,1.57521,0.566456,-2.95436,0,0,0,,,
49.32,odom,map,1.56605,0.564721,-2.9548,0,0,0,,,
49.356,odom,map,1.5565,0.56292,-2.95539,0,0,0,,,
49.392,odom,map,1.54669,0.561074,-2.95619,0,0,0,,,
49.392,ekf_predict_only,map,1.53343,0.471112,-3.03568,27.9057,72.3295,2.34431,,,
49.392,kf,map,1.52032,0.522311,-2.78717,0.0858553,0.0459495,0.028849,0.114167,,
49.428,odom,map,1.53639,0.559148,-2.95723,0,0,0,,,
49.392,ekf,map,1.62711,0.567931,-2.96574,0.0216686,0.0305818,-0.00389867,0.165834,,
49.392,pf,map,1.63623,0.646541,-3.01651,0.019942,0.025355,-0.00256867,6.2065,238.878,0
49.464,odom,map,1.52572,0.557166,-2.95842,0,0,0,,,
49.5,odom,map,1.51481,0.555151,-2.95966,0,0,0,,,
49.536,odom,map,1.50371,0.553117,-2.96097,0,0,0,,,
49.572,odom,map,1.4921,0.551005,-2.96238,0,0,0,,,
49.608,odom,map,1.48035,0.548886,-2.96395,0,0,0,,,
49.608,kf,map,1.46542,0.49951,-2.79435,0.0800915,0.0519395,0.0321624,0.09375,,
49.608,ekf,map,1.56908,0.556649,-2.97181,0.0238456,0.030257,-0.00427505,0.103417,,
49.608,ekf_predict_only,map,1.46204,0.463523,-3.04543,28.0458,69.6922,2.30121,,,
49.608,pf,map,1.54659,0.60269,-2.96734,0.0208214,0.0255776,-0.00232404,6.22771,225.326,0
49.644,odom,map,1.46857,0.546781,-2.96557,0,0,0,,,
49.68,odom,map,1.45671,0.544681,-2.96724,0,0,0,,,
49.716,odom,map,1.44478,0.542592,-2.96908,0,0,0,,,
49.752,odom,map,1.4328,0.540515,-2.97103,0,0,0,,,
49.788,odom,map,1.42078,0.538458,-2.97301,0,0,0,,,
49.788,ekf_predict_only,map,1.4015,0.457683,-3.05596,28.1774,67.5517,2.2452,,,
49.788,kf,map,1.41244,0.48985,-2.83054,0.0745727,0.0571458,0.033928,0.112709,,
49.824,odom,map,1.40878,0.536429,-2.9751,0,0,0,,,
49.788,ekf,map,1.49863,0.54757,-2.98453,0.0249735,0.0295492,-0.00422046,0.105083,,
49.788,pf,map,1.43646,0.571873,-2.91858,0.0231826,0.024765,-0.00410859,6.70858,209.442,0
49.86,odom,map,1.39681,0.534431,-2.97757,0,0,0,,,
49.896,odom,map,1.38492,0.53248,-2.98036,0,0,0,,,
49.932,odom,map,1.37304,0.530565,-2.9832,0,0,0,,,
49.968,odom,map,1.36115,0.528684,-2.98604,0,0,0,,,
50.004,odom,map,1.34908,0.526809,-2.98904,0,0,0,,,
50.004,ekf_predict_only,map,1.32695,0.451284,-3.07494,28.3129,64.9957,2.15254,,,
50.004,kf,map,1.35429,0.471023,-2.85721,0.0686524,0.0633957,0.0350216,0.204584,,
50.004,ekf,map,1.43317,0.535528,-3.00003,0.0277245,0.0297915,-0.0035062,0.098625,,
50.001,amcl,map,1.35452,0.541138,-3.0166,0.0258519,0.0423795,-0.00319804,,,
50.004,pf,map,1.37033,0.53828,-2.9443,0.0232938,0.0256765,-0.00227725,6.48596,259.035,0
50.04,odom,map,1.33679,0.524939,-2.99218,0,0,0,,,
50.076,odom,map,1.32446,0.523102,-2.99534,0,0,0,,,
50.112,odom,map,1.31212,0.521302,-2.99772,0,0,0,,,
50.148,odom,map,1.29969,0.51951,-2.99882,0,0,0,,,
50.184,odom,map,1.28733,0.517734,-2.99877,0,0,0,,,
50.22,odom,map,1.27503,0.515962,-2.99828,0,0,0,,,
50.184,ekf_predict_only,map,1.26494,0.447145,-3.0725,28.4363,62.9734,2.04815,,,
50.184,kf,map,1.29923,0.464688,-2.89056,0.0638177,0.0679589,0.0350026,0.326333,,
50.184,ekf,map,1.36103,0.523556,-3.00805,0.0288065,0.0297596,-0.00275396,0.111542,,
50.184,pf,map,1.33094,0.569211,-3.00666,0.0269528,0.0257519,0.000791137,6.75079,249.884,0
50.256,odom,map,1.26275,0.514186,-2.99727,0,0,0,,,
50.292,odom,map,1.25049,0.512393,-2.99537,0,0,0,,,
50.328,odom,map,1.23837,0.510591,-2.99236,0,0,0,,,
50.364,odom,map,1.22635,0.508763,-2.98904,0,0,0,,,
50.4,odom,map,1.2144,0.506903,-2.98512,0,0,0,,,
50.4,ekf_predict_only,map,1.19266,0.442142,-3.04745,28.565,60.6991,1.92262,,,
50.4,kf,map,1.22777,0.461868,-2.88496,0.0592023,0.0729409,0.034499,0.123792,,
50.4,ekf,map,1.28401,0.525263,-2.99137,0.0310606,0.0312059,-0.00129937,0.094125,,
50.4,pf,map,1.27104,0.553594,-2.98768,0.0226877,0.024599,-0.00169411,6.79425,255.949,0
50.436,odom,map,1.20252,0.505001,-2.98044,0,0,0,,,
50.472,odom,map,1.19068,0.503045,-2.97502,0,0,0,,,
50.508,odom,map,1.17886,0.501023,-2.96926,0,0,0,,,
50.544,odom,map,1.16715,0.498947,-2.96298,0,0,0,,,
50.58,odom,map,1.15555,0.496812,-2.95605,0,0,0,,,
50.616,ekf,map,1.21955,0.513183,-2.95557,0.0325778,0.0330487,0.000307225,0.196709,,
50.616,odom,map,1.14399,0.494599,-2.94891,0,0,0,,,
50.616,kf,map,1.16946,0.449863,-2.85961,0.0551177,0.0771284,0.0334635,0.157833,,
50.616,ekf_predict_only,map,1.12234,0.435503,-3.00463,28.704,58.5931,1.82048,,,
50.616,pf,map,1.19821,0.540284,-2.9596,0.0250009,0.0330406,0.00226892,16.352,296.438,0
50.652,odom,map,1.13252,0.492318,-2.9413,0,0,0,,,
50.688,odom,map,1.1213,0.489989,-2.93244,0,0,0,,,
50.724,odom,map,1.11025,0.487591,-2.92305,0,0,0,,,
50.76,odom,map,1.09929,0.485101,-2.91344,0,0,0,,,
50.796,odom,map,1.08849,0.482538,-2.90332,0,0,0,,,
50.832,odom,map,1.07862,0.483439,-2.89691,0,0,0,,,
50.796,ekf,map,1.16735,0.500124,-2.90931,0.0327444,0.0336855,0.00106221,0.1975,,
50.796,ekf_predict_only,map,1.06945,0.428214,-2.94818,28.8478,57.1018,1.77118,,,
50.802,amcl,map,1.11034,0.484215,-2.91324,0.028659,0.0328995,-1.17549e-05,,,
50.796,kf,map,1.12432,0.440298,-2.82461,0.0520845,0.0798099,0.0322792,0.1,,
50.796,pf,map,1.14034,0.502782,-2.90594,0.0348999,0.0297957,0.00155442,11.937,257.281,0
50.868,odom,map,1.06909,0.484818,-2.8903,0,0,0,,,
50.904,odom,map,1.05974,0.486211,-2.88321,0,0,0,,,
50.94,odom,map,1.0504,0.487577,-2.87567,0,0,0,,,
50.976,odom,map,1.04128,0.488965,-2.86693,0,0,0,,,
51.012,odom,map,1.03213,0.489082,-2.85634,0,0,0,,,
51.012,ekf_predict_only,map,1.01195,0.416951,-2.86391,29.0177,55.5379,1.75572,,,
51.012,kf,map,1.06916,0.429434,-2.76016,0.0492976,0.082944,0.0309568,0.112292,,
51.012,ekf,map,1.10612,0.487286,-2.83528,0.0337433,0.0358741,0.00215554,0.09925,,
51.012,pf,map,1.07624,0.529494,-2.85655,0.0311694,0.0316897,0.00346687,5.89238,272.511,0
51.048,odom,map,1.0227,0.486244,-2.84205,0,0,0,,,
51.084,odom,map,1.01348,0.483321,-2.82718,0,0,0,,,
51.12,odom,map,1.00443,0.480302,-2.81185,0,0,0,,,
51.156,odom,map,0.995435,0.477146,-2.79649,0,0,0,,,
51.192,odom,map,0.986594,0.47389,-2.78065,0,0,0,,,
51.228,odom,map,0.978158,0.470627,-2.76409,0,0,0,,,
51.192,ekf_predict_only,map,0.969093,0.404734,-2.78076,29.1965,54.4428,1.78779,,,
51.192,kf,map,1.02133,0.421651,-2.69078,0.0470028,0.0849092,0.0295918,0.108791,,
51.192,ekf,map,1.05475,0.479202,-2.75998,0.0336291,0.0367156,0.0027034,0.098917,,
51.192,pf,map,1.01216,0.486855,-2.74302,0.032483,0.037744,0.00622345,9.40679,278.108,0
51.264,odom,map,0.9699,0.467273,-2.74746,0,0,0,,,
51.3,odom,map,0.961801,0.463825,-2.73056,0,0,0,,,
51.336,odom,map,0.953847,0.460277,-2.7134,0,0,0,,,
51.372,odom,map,0.946249,0.45673,-2.69572,0,0,0,,,
51.408,odom,map,0.939321,0.453341,-2.67754,0,0,0,,,
51.408,ekf_predict_only,map,0.927019,0.388858,-2.67122,29.4037,53.4073,1.86008,,,
51.408,kf,map,0.976112,0.406934,-2.59208,0.0449554,0.0873099,0.0281754,0.097208,,
51.408,ekf,map,1.00655,0.464464,-2.65696,0.0342981,0.0390578,0.00353641,0.108667,,
51.402,amcl,map,0.960026,0.427855,-2.68878,0.0305772,0.0246282,0.000827828,,,
51.408,pf,map,0.947474,0.460708,-2.63653,0.0320778,0.0325592,0.000338634,7.7025,286.694,0
51.444,odom,map,0.932594,0.449897,-2.65931,0,0,0,,,
51.48,odom,map,0.926224,0.446488,-2.64068,0,0,0,,,
51.516,odom,map,0.920271,0.443157,-2.62175,0,0,0,,,
51.552,odom,map,0.914709,0.439903,-2.6025,0,0,0,,,
51.588,odom,map,0.909363,0.436634,-2.58301,0,0,0,,,
51.624,odom,map,0.906777,0.430842,-2.56152,0,0,0,,,
51.588,ekf_predict_only,map,0.900737,0.375495,-2.57274,29.598,52.817,1.94282,,,
51.588,kf,map,0.939206,0.397765,-2.49752,0.0433601,0.0885732,0.0269204,0.219791,,
51.588,ekf,map,0.968812,0.458012,-2.5617,0.0339308,0.0394567,0.0037119,0.197208,,
51.588,pf,map,0.93402,0.482307,-2.57515,0.0313584,0.030361,0.00192881,11.4325,294.368,0
51.66,odom,map,0.906067,0.423751,-2.53861,0,0,0,,,
51.696,odom,map,0.905495,0.416591,-2.51565,0,0,0,,,
51.732,odom,map,0.9052,0.40947,-2.49246,0,0,0,,,
51.768,odom,map,0.90533,0.40252,-2.4693,0,0,0,,,
51.804,odom,map,0.905615,0.39595,-2.44621,0,0,0,,,
51.804,ekf_predict_only,map,0.879581,0.361969,-2.45031,29.7973,52.372,2.03935,,,
51.801,amcl,map,0.905665,0.391142,-2.47634,0.0281121,0.0247565,0.00135435,,,
51.804,kf,map,0.915212,0.383352,-2.38438,0.0421784,0.0901137,0.0258647,0.808791,,
51.804,ekf,map,0.941584,0.439951,-2.44362,0.0343927,0.0412052,0.00416199,0.104125,,
51.804,pf,map,0.917044,0.437451,-2.43606,0.0335765,0.0377233,0.00879297,8.87167,298.167,0
51.84,odom,map,0.90243,0.393236,-2.4258,0,0,0,,,
51.876,odom,map,0.899429,0.390574,-2.40538,0,0,0,,,
51.912,odom,map,0.896771,0.388116,-2.3849,0,0,0,,,
51.948,odom,map,0.894338,0.385772,-2.36446,0,0,0,,,
51.984,odom,map,0.892015,0.38344,-2.34406,0,0,0,,,
51.984,ekf_predict_only,map,0.867884,0.352289,-2.34734,29.9708,52.1748,2.11791,,,
51.984,kf,map,0.89822,0.374083,-2.26886,0.0412368,0.0907157,0.0249899,0.095667,,
51.984,ekf,map,0.928542,0.441823,-2.33591,0.0339207,0.0409971,0.00406692,0.112833,,
52.02,odom,map,0.889832,0.381158,-2.32355,0,0,0,,,
51.984,pf,map,0.905615,0.439665,-2.335,0.0287233,0.0357152,0.00267549,7.64796,341.65,0
52.056,odom,map,0.887993,0.379155,-2.30297,0,0,0,,,
52.092,odom,map,0.886317,0.377252,-2.28242,0,0,0,,,
52.128,odom,map,0.884818,0.375478,-2.26189,0,0,0,,,
52.164,odom,map,0.883525,0.373883,-2.24136,0,0,0,,,
52.2,odom,map,0.882492,0.372554,-2.22094,0,0,0,,,
52.2,ekf_predict_only,map,0.86125,0.345538,-2.22507,30.1233,52.1075,2.17726,,,
52.2,ekf,map,0.905819,0.435994,-2.21471,0.0343447,0.042023,0.00429748,0.10275,,
52.2,kf,map,0.877581,0.370003,-2.14931,0.0407325,0.0915763,0.0244508,0.10675,,
52.2,amcl,map,0.893656,0.372388,-2.24935,0.0248361,0.0202086,0.00102626,,,
52.2,pf,map,0.895283,0.463271,-2.23446,0.0274381,0.0350882,0.00359649,5.92804,309.36,0
52.236,odom,map,0.881138,0.370931,-2.20479,0,0,0,,,
52.272,odom,map,0.879877,0.369465,-2.18864,0,0,0,,,
52.308,odom,map,0.878739,0.368204,-2.17257,0,0,0,,,
52.344,odom,map,0.877727,0.367168,-2.15674,0,0,0,,,
52.38,odom,map,0.876757,0.366242,-2.141,0,0,0,,,
52.416,odom,map,0.876124,0.365638,-2.12373,0,0,0,,,
52.416,ekf_predict_only,map,0.860355,0.344371,-2.1061,30.2324,52.185,2.18841,,,
52.416,ekf,map,0.898633,0.426445,-2.09735,0.0344613,0.0426221,0.0045162,0.602125,,
52.416,kf,map,0.873114,0.36689,-2.03797,0.0404823,0.0919028,0.0241982,0.685666,,
52.416,pf,map,0.861232,0.44562,-2.10576,0.0303434,0.0354364,6.61327e-05,9.26067,312.898,0
52.452,odom,map,0.876102,0.365603,-2.10406,0,0,0,,,
52.488,odom,map,0.876199,0.365771,-2.08463,0,0,0,,,
52.524,odom,map,0.87635,0.366045,-2.06531,0,0,0,,,
52.56,odom,map,0.876566,0.366458,-2.04612,0,0,0,,,
52.596,odom,map,0.876879,0.367081,-2.02712,0,0,0,,,
52.596,ekf_predict_only,map,0.863362,0.34944,-2.01274,30.2928,52.3607,2.1364,,,
52.596,ekf,map,0.893682,0.435254,-1.99932,0.0339853,0.0417677,0.0043346,1.06579,,
52.632,odom,map,0.877686,0.367732,-2.00906,0,0,0,,,
52.596,kf,map,0.866529,0.371818,-1.93793,0.0404377,0.0915444,0.0241795,0.535875,,
52.602,amcl,map,0.893135,0.366689,-2.04487,0.0194312,0.0208785,0.00303031,,,
52.596,pf,map,0.849231,0.456179,-1.99928,0.0375118,0.0394237,0.00436703,8.82492,319.468,0
52.668,odom,map,0.878559,0.368439,-1.99113,0,0,0,,,
52.704,odom,map,0.879482,0.369317,-1.97343,0,0,0,,,
52.74,odom,map,0.880414,0.370278,-1.95581,0,0,0,,,
52.776,odom,map,0.88144,0.371546,-1.93861,0,0,0,,,
52.812,odom,map,0.882406,0.373159,-1.92138,0,0,0,,,
52.812,ekf_predict_only,map,0.868485,0.360267,-1.9063,30.3101,52.59,2.01931,,,
52.812,kf,map,0.860156,0.383411,-1.83806,0.0409031,0.0914156,0.0246293,0.110458,,
52.812,ekf,map,0.884583,0.43992,-1.8936,0.0345205,0.0425087,0.00463458,0.18575,,
52.812,pf,map,0.847866,0.43441,-1.87976,0.0240995,0.0350569,0.000970168,7.80837,336.288,0
52.848,odom,map,0.883072,0.375033,-1.90376,0,0,0,,,
52.884,odom,map,0.883748,0.377043,-1.88657,0,0,0,,,
52.92,odom,map,0.884414,0.379144,-1.86963,0,0,0,,,
52.956,odom,map,0.885053,0.38128,-1.85277,0,0,0,,,
52.992,odom,map,0.885661,0.383448,-1.83622,0,0,0,,,
53.028,odom,map,0.887839,0.386262,-1.82016,0,0,0,,,
52.992,ekf,map,0.893153,0.453986,-1.80605,0.0342332,0.0420617,0.00467268,0.107542,,
52.992,kf,map,0.864844,0.391495,-1.74618,0.0412458,0.0907187,0.0250021,0.175417,,
52.992,ekf_predict_only,map,0.872405,0.371511,-1.82721,30.327,52.7893,1.89134,,,
52.992,pf,map,0.854264,0.429047,-1.77271,0.0303338,0.033402,0.000964328,8.48004,298.806,0
53.064,odom,map,0.89062,0.389419,-1.80457,0,0,0,,,
53.1,odom,map,0.893371,0.392613,-1.78907,0,0,0,,,
53.136,odom,map,0.89608,0.395796,-1.77379,0,0,0,,,
53.172,odom,map,0.898749,0.398968,-1.75888,0,0,0,,,
53.208,odom,map,0.900902,0.402016,-1.74428,0,0,0,,,
53.208,ekf_predict_only,map,0.876233,0.386112,-1.74056,30.3231,52.9867,1.71933,,,
53.208,ekf,map,0.896983,0.467159,-1.71395,0.0348236,0.042685,0.00498502,0.102542,,
53.208,kf,map,0.867535,0.404545,-1.65312,0.0419798,0.090332,0.0256853,0.097625,,
53.202,amcl,map,0.886182,0.406586,-1.74916,0.0164551,0.0209463,0.00316858,,,
53.208,pf,map,0.885759,0.492532,-1.71922,0.034107,0.0408666,0.00474357,6.83454,303.259,0
53.244,odom,map,0.901318,0.404497,-1.72984,0,0,0,,,
53.28,odom,map,0.901692,0.406938,-1.71564,0,0,0,,,
53.316,odom,map,0.901995,0.409111,-1.70207,0,0,0,,,
53.352,odom,map,0.902119,0.410092,-1.69092,0,0,0,,,
53.388,odom,map,0.902125,0.410136,-1.68236,0,0,0,,,
53.424,odom,map,0.902473,0.409817,-1.67831,0,0,0,,,
53.388,ekf_predict_only,map,0.876233,0.386112,-1.74056,30.4231,53.0867,1.71933,,,
53.388,kf,map,0.868215,0.407681,-1.59463,0.042087,0.0898775,0.0258075,0.177334,,
53.388,ekf,map,0.905211,0.486336,-1.66741,0.0343746,0.0420624,0.0048127,0.110584,,
53.388,pf,map,0.872724,0.479073,-1.6526,0.0296611,0.0352053,0.00260827,12.2118,324.486,0
53.46,odom,map,0.902997,0.409311,-1.67794,0,0,0,,,
53.496,odom,map,0.903496,0.408797,-1.6801,0,0,0,,,
53.532,odom,map,0.903969,0.408275,-1.6831,0,0,0,,,
53.568,odom,map,0.904416,0.407745,-1.68611,0,0,0,,,
53.604,odom,map,0.904815,0.407237,-1.68894,0,0,0,,,
53.604,ekf,map,0.890954,0.485822,-1.64932,0.0348989,0.0426804,0.00505303,0.269333,,
53.604,kf,map,0.857303,0.414148,-1.58033,0.0422843,0.0900315,0.02597,0.098167,,
53.604,ekf_predict_only,map,0.876233,0.386112,-1.74056,30.5231,53.1867,1.71933,,,
53.604,pf,map,0.866375,0.520681,-1.65823,0.0326495,0.0365666,0.00372543,5.95042,300.603,0
53.64,odom,map,0.904815,0.407237,-1.68894,0,0,0,,,
53.676,odom,map,0.904815,0.407237,-1.68894,0,0,0,,,
53.712,odom,map,0.904815,0.407237,-1.68894,0,0,0,,,
53.748,odom,map,0.904815,0.407237,-1.68894,0,0,0,,,
53.784,odom,map,0.904801,0.407117,-1.68904,0,0,0,,,
53.784,ekf,map,0.892367,0.478694,-1.64323,0.034534,0.0422614,0.00502094,0.124667,,
53.82,odom,map,0.90475,0.406689,-1.68919,0,0,0,,,
53.784,ekf_predict_only,map,0.875803,0.383599,-1.74133,30.6406,53.2757,1.74982,,,
53.784,kf,map,0.86056,0.412214,-1.57821,0.0421693,0.0897967,0.0258839,0.109875,,
53.784,pf,map,0.873712,0.485426,-1.64699,0.0311136,0.0350707,0.000454926,6.46258,341.745,0
53.856,odom,map,0.90469,0.406183,-1.68934,0,0,0,,,
53.892,odom,map,0.90463,0.405677,-1.6895,0,0,0,,,
53.928,odom,map,0.904557,0.405065,-1.68958,0,0,0,,,
53.964,odom,map,0.90448,0.404421,-1.68965,0,0,0,,,
54,odom,map,0.904414,0.403867,-1.68978,0,0,0,,,
54,kf,map,0.854149,0.412789,-1.57643,0.0421812,0.090135,0.0258749,0.18525,,
54,ekf,map,0.885117,0.478857,-1.64042,0.0348889,0.0428675,0.00508547,0.169209,,
54,ekf_predict_only,map,0.875272,0.380515,-1.7422,30.7624,53.3622,1.78719,,,
54.036,odom,map,0.901388,0.404732,-1.68744,0,0,0,,,
54,pf,map,0.870177,0.458417,-1.62034,0.0308723,0.0354336,0.00542445,12.5413,346.548,0
54.072,odom,map,0.898262,0.405631,-1.68502,0,0,0,,,
54.108,odom,map,0.89512,0.406524,-1.68255,0,0,0,,,
54.144,odom,map,0.891962,0.407413,-1.68023,0,0,0,,,
54.18,odom,map,0.888788,0.408298,-1.67799,0,0,0,,,
54.216,odom,map,0.886824,0.408678,-1.67675,0,0,0,,,
54.216,ekf_predict_only,map,0.8748,0.377793,-1.74419,30.8817,53.4502,1.82015,,,
54.216,kf,map,0.861476,0.407118,-1.58159,0.0420827,0.0903049,0.0257938,0.104416,,
54.216,ekf,map,0.890938,0.468839,-1.64233,0.0349666,0.0432393,0.00521056,0.103167,,
54.216,pf,map,0.877591,0.466823,-1.63399,0.0294988,0.0348719,0.000643031,8.65058,301.28,0
54.252,odom,map,0.886766,0.408132,-1.6772,0,0,0,,,
54.288,odom,map,0.886704,0.407555,-1.6777,0,0,0,,,
54.324,odom,map,0.886642,0.406977,-1.67819,0,0,0,,,
54.36,odom,map,0.886584,0.406445,-1.67895,0,0,0,,,
54.396,odom,map,0.886533,0.405976,-1.67984,0,0,0,,,
54.396,ekf_predict_only,map,0.874407,0.375547,-1.75142,30.9978,53.5402,1.8473,,,
54.396,ekf,map,0.889365,0.465109,-1.64735,0.0343745,0.0421882,0.00485617,0.10425,,
54.432,odom,map,0.886484,0.405525,-1.68097,0,0,0,,,
54.396,kf,map,0.861133,0.404875,-1.58842,0.0418578,0.0901249,0.0255971,0.205792,,
54.396,pf,map,0.877277,0.456558,-1.6309,0.029705,0.0395347,0.00239939,6.22387,342.769,0
54.468,odom,map,0.886433,0.405071,-1.68242,0,0,0,,,
54.504,odom,map,0.886382,0.404618,-1.68387,0,0,0,,,
54.54,odom,map,0.886333,0.404192,-1.68523,0,0,0,,,
54.576,odom,map,0.886285,0.403774,-1.68656,0,0,0,,,
54.612,ekf,map,0.890051,0.462384,-1.65398,0.0347477,0.0428248,0.00495452,0.109667,,
54.612,odom,map,0.886251,0.403485,-1.68785,0,0,0,,,
54.612,ekf_predict_only,map,0.874175,0.374275,-1.75904,31.107,53.6343,1.86263,,,
54.612,kf,map,0.862127,0.402468,-1.5955,0.0418658,0.0904544,0.0255799,0.098667,,
54.612,pf,map,0.875367,0.458353,-1.63698,0.0316852,0.0405581,0.00182891,6.82163,302.733,0
54.648,odom,map,0.886226,0.403271,-1.68912,0,0,0,,,
54.684,odom,map,0.886201,0.403065,-1.69037,0,0,0,,,
54.72,odom,map,0.886177,0.402863,-1.69152,0,0,0,,,
54.756,odom,map,0.886152,0.40266,-1.69252,0,0,0,,,
54.792,odom,map,0.886118,0.40238,-1.69348,0,0,0,,,
54.828,odom,map,0.88608,0.402074,-1.69476,0,0,0,,,
54.792,ekf_predict_only,map,0.873886,0.372758,-1.76657,31.2179,53.7269,1.88087,,,
54.792,ekf,map,0.892642,0.46456,-1.65764,0.0343041,0.0421031,0.00475937,0.144875,,
54.792,kf,map,0.862879,0.400485,-1.59569,0.041684,0.090283,0.0254291,0.174125,,
54.792,pf,map,0.868914,0.437926,-1.634,0.0272922,0.0337045,0.00316832,7.95758,319.345,0
54.864,odom,map,0.886042,0.401768,-1.69627,0,0,0,,,
54.9,odom,map,0.886003,0.401462,-1.69777,0,0,0,,,
54.936,odom,map,0.885965,0.401167,-1.69932,0,0,0,,,
54.972,odom,map,0.88594,0.400978,-1.70081,0,0,0,,,
55.008,kf,map,0.856688,0.401272,-1.60225,0.0417029,0.0906135,0.0254234,0.118208,,
55.008,odom,map,0.885903,0.400696,-1.70237,0,0,0,,,
55.008,ekf_predict_only,map,0.873524,0.370934,-1.77598,31.3312,53.8177,1.90272,,,
55.008,ekf,map,0.886621,0.466732,-1.66555,0.0347193,0.0427418,0.00489089,0.100958,,
55.008,pf,map,0.863261,0.454832,-1.64738,0.0314297,0.048806,-0.00208482,14.364,332.547,0
55.044,odom,map,0.885862,0.400388,-1.70394,0,0,0,,,
55.08,odom,map,0.885821,0.400081,-1.70551,0,0,0,,,
55.116,odom,map,0.885802,0.399944,-1.70722,0,0,0,,,
55.152,odom,map,0.885794,0.399883,-1.70897,0,0,0,,,
55.188,odom,map,0.885785,0.399822,-1.71073,0,0,0,,,
55.224,odom,map,0.885784,0.399814,-1.7125,0,0,0,,,
55.188,ekf_predict_only,map,0.873521,0.37092,-1.78482,31.4313,53.9177,1.90289,,,
55.188,kf,map,0.859417,0.399665,-1.61718,0.0415727,0.0903935,0.025322,0.107667,,
55.188,ekf,map,0.887317,0.459861,-1.67647,0.0343512,0.0422161,0.00482634,0.092583,,
55.188,pf,map,0.860184,0.4496,-1.64776,0.0264758,0.035313,0.00277592,14.7165,303.936,0
55.26,odom,map,0.88577,0.399713,-1.71446,0,0,0,,,
55.296,odom,map,0.88575,0.399575,-1.7165,0,0,0,,,
55.332,odom,map,0.885729,0.399438,-1.71854,0,0,0,,,
55.368,odom,map,0.885713,0.399333,-1.72116,0,0,0,,,
55.404,odom,map,0.885713,0.39933,-1.72417,0,0,0,,,
55.404,ekf_predict_only,map,0.873563,0.371111,-1.80316,31.5299,54.0187,1.90062,,,
55.404,ekf,map,0.878765,0.467831,-1.68963,0.0347289,0.0428585,0.00492048,0.108167,,
55.404,kf,map,0.849676,0.403423,-1.6281,0.0416571,0.0906592,0.0253793,0.096,,
55.404,pf,map,0.833766,0.419919,-1.64123,0.0309252,0.0339344,0.00166341,8.51887,277.589,0
55.44,odom,map,0.885718,0.399362,-1.72722,0,0,0,,,
55.476,odom,map,0.885704,0.399277,-1.73074,0,0,0,,,
55.512,odom,map,0.88571,0.399309,-1.73466,0,0,0,,,
55.548,odom,map,0.885731,0.399433,-1.73874,0,0,0,,,
55.584,odom,map,0.885752,0.399556,-1.74282,0,0,0,,,
55.584,ekf,map,0.890737,0.463281,-1.70779,0.0343857,0.042429,0.00490861,0.140417,,
55.62,odom,map,0.885781,0.399721,-1.74712,0,0,0,,,
55.584,ekf_predict_only,map,0.873765,0.371965,-1.82496,31.6237,54.1239,1.8905,,,
55.584,kf,map,0.860622,0.399053,-1.64548,0.0415636,0.0904025,0.0253132,0.116292,,
55.584,pf,map,0.848394,0.457681,-1.67928,0.0348222,0.0295813,0.000121554,5.6865,281.821,0
55.656,odom,map,0.885814,0.399905,-1.75184,0,0,0,,,
55.692,odom,map,0.88583,0.399994,-1.75694,0,0,0,,,
55.728,odom,map,0.885832,0.400002,-1.76233,0,0,0,,,
55.764,odom,map,0.885853,0.400111,-1.76832,0,0,0,,,
55.8,odom,map,0.885867,0.400176,-1.77477,0,0,0,,,
55.8,ekf_predict_only,map,0.873769,0.371983,-1.86372,31.7236,54.224,1.89029,,,
55.8,ekf,map,0.891125,0.468069,-1.73907,0.0347444,0.0428248,0.00492528,0.142959,,
55.8,kf,map,0.859452,0.399593,-1.67326,0.0416691,0.0906472,0.0253908,0.107083,,
55.8,pf,map,0.857417,0.463798,-1.71902,0.0308998,0.0369587,0.00399894,8.29271,314.284,0
55.836,odom,map,0.885867,0.400179,-1.78123,0,0,0,,,
55.872,odom,map,0.885879,0.400231,-1.78808,0,0,0,,,
55.908,odom,map,0.885893,0.400294,-1.79504,0,0,0,,,
55.944,odom,map,0.885919,0.400405,-1.80265,0,0,0,,,
55.98,odom,map,0.885949,0.400534,-1.81073,0,0,0,,,
56.016,ekf_predict_only,map,0.873998,0.372741,-1.91221,31.8181,54.3298,1.88149,,,
56.016,kf,map,0.86097,0.399623,-1.71668,0.0417105,0.0906772,0.0254408,0.266667,,
56.016,odom,map,0.885981,0.400662,-1.81881,0,0,0,,,
56.016,ekf,map,0.89271,0.467745,-1.78282,0.0348543,0.0430517,0.00504882,0.096083,,
56.016,pf,map,0.868647,0.489904,-1.78331,0.0347668,0.0277696,0.00207956,6.90525,368.64,0
56.052,odom,map,0.886005,0.400755,-1.82748,0,0,0,,,
56.088,odom,map,0.886028,0.400841,-1.83638,0,0,0,,,
56.124,odom,map,0.886052,0.400927,-1.84528,0,0,0,,,
56.16,odom,map,0.886052,0.400929,-1.85491,0,0,0,,,
56.196,odom,map,0.886039,0.400882,-1.86531,0,0,0,,,
56.232,odom,map,0.885998,0.400752,-1.87653,0,0,0,,,
56.196,kf,map,0.870373,0.395276,-1.76836,0.0415856,0.0903972,0.0253378,0.098291,,
56.196,ekf,map,0.901348,0.46099,-1.8329,0.0343415,0.0421466,0.00481196,0.194416,,
56.196,ekf_predict_only,map,0.873735,0.372001,-1.96906,31.9234,54.4231,1.88994,,,
56.196,pf,map,0.858835,0.468314,-1.80906,0.033654,0.0380186,0.00548376,12.2683,289.139,0
56.268,odom,map,0.88595,0.400603,-1.8879,0,0,0,,,
56.304,odom,map,0.8859,0.400454,-1.89927,0,0,0,,,
56.34,odom,map,0.885781,0.400111,-1.91129,0,0,0,,,
56.376,odom,map,0.88559,0.399585,-1.92414,0,0,0,,,
56.412,odom,map,0.88539,0.399053,-1.93704,0,0,0,,,
56.412,ekf_predict_only,map,0.872412,0.368857,-2.04644,32.0464,54.4895,1.92502,,,
56.412,kf,map,0.859753,0.397195,-1.8369,0.0415795,0.0907406,0.025305,0.108667,,
56.412,ekf,map,0.890693,0.465504,-1.90282,0.0346484,0.042542,0.00478295,0.10225,,
56.412,pf,map,0.853061,0.482887,-1.89998,0.029992,0.046189,0.00688466,6.26329,313.327,0
56.448,odom,map,0.885183,0.398523,-1.94993,0,0,0,,,
56.484,odom,map,0.884946,0.397939,-1.9632,0,0,0,,,
56.52,odom,map,0.884692,0.397337,-1.97662,0,0,0,,,
56.556,odom,map,0.884428,0.396734,-1.99007,0,0,0,,,
56.592,odom,map,0.884132,0.396083,-2.00401,0,0,0,,,
56.592,ekf_predict_only,map,0.870747,0.365625,-2.11697,32.1703,54.5473,1.95987,,,
56.592,kf,map,0.869457,0.39002,-1.90332,0.0413387,0.0906281,0.0250945,0.105417,,
56.628,odom,map,0.883822,0.395425,-2.01812,0,0,0,,,
56.601,amcl,map,0.883002,0.384967,-2.00177,0.0135682,0.0268017,0.00453404,,,
56.592,ekf,map,0.900493,0.456874,-1.96885,0.0342717,0.0421336,0.00473238,0.178791,,
56.592,pf,map,0.845531,0.451375,-1.92999,0.0267639,0.0422464,0.00466521,10.9298,345.163,0
56.664,odom,map,0.883404,0.394569,-2.03234,0,0,0,,,
56.7,odom,map,0.882921,0.393614,-2.0466,0,0,0,,,
56.736,odom,map,0.882424,0.392667,-2.06087,0,0,0,,,
56.772,odom,map,0.881824,0.391563,-2.07524,0,0,0,,,
56.808,odom,map,0.881138,0.390342,-2.08964,0,0,0,,,
56.808,ekf_predict_only,map,0.866295,0.3583,-2.20341,32.3253,54.5347,2.03578,,,
56.808,kf,map,0.8678,0.383171,-1.99141,0.0411177,0.0911976,0.0248469,0.103834,,
56.808,ekf,map,0.896709,0.447318,-2.05464,0.034562,0.0426175,0.00469348,0.099917,,
56.808,pf,map,0.839197,0.469953,-2.03064,0.0303645,0.0398861,0.00182904,7.51333,325.565,0
56.844,odom,map,0.880421,0.389106,-2.10405,0,0,0,,,
56.88,odom,map,0.879686,0.387881,-2.11846,0,0,0,,,
56.916,odom,map,0.878851,0.386534,-2.13271,0,0,0,,,
56.952,odom,map,0.877962,0.385145,-2.14692,0,0,0,,,
56.988,odom,map,0.877053,0.383768,-2.16113,0,0,0,,,
57.024,odom,map,0.876092,0.382355,-2.17509,0,0,0,,,
56.988,ekf_predict_only,map,0.861156,0.35129,-2.27251,32.4791,54.5053,2.10427,,,
56.988,kf,map,0.872223,0.373656,-2.06287,0.0406698,0.0912947,0.024419,0.192042,,
56.988,ekf,map,0.900174,0.436318,-2.12485,0.0340774,0.0420385,0.00448937,0.106167,,
56.988,pf,map,0.863598,0.437891,-2.10932,0.0269018,0.0406901,0.00418032,17.5683,324.397,0
57.06,odom,map,0.875095,0.380932,-2.18891,0,0,0,,,
57.096,odom,map,0.874078,0.379522,-2.20274,0,0,0,,,
57.132,odom,map,0.873007,0.37808,-2.21642,0,0,0,,,
57.168,odom,map,0.87188,0.376606,-2.22995,0,0,0,,,
57.204,odom,map,0.8708,0.37523,-2.24338,0,0,0,,,
57.204,ekf_predict_only,map,0.854538,0.34346,-2.35286,32.6406,54.4397,2.17628,,,
57.204,ekf,map,0.906779,0.425609,-2.20544,0.0343787,0.0427308,0.00450571,0.695584,,
57.201,amcl,map,0.8658,0.355025,-2.25467,0.0125862,0.0255696,0.0047677,,,
57.204,kf,map,0.878524,0.361333,-2.14203,0.0403342,0.0919795,0.0240311,0.113458,,
57.204,pf,map,0.881367,0.441979,-2.20605,0.0282845,0.0401424,0.00137044,7.81179,326.732,0
57.24,odom,map,0.869726,0.373901,-2.25677,0,0,0,,,
57.276,odom,map,0.868428,0.372337,-2.26976,0,0,0,,,
57.312,odom,map,0.866582,0.370169,-2.28244,0,0,0,,,
57.348,odom,map,0.864489,0.367774,-2.2947,0,0,0,,,
57.384,odom,map,0.861969,0.364957,-2.30634,0,0,0,,,
57.384,ekf_predict_only,map,0.84105,0.329883,-2.4107,32.8508,54.2053,2.28985,,,
57.42,odom,map,0.859303,0.361032,-2.31734,0,0,0,,,
57.384,kf,map,0.869014,0.349217,-2.21176,0.0395665,0.0923936,0.0232194,0.198958,,
57.384,ekf,map,0.893245,0.40796,-2.27047,0.0338231,0.0420845,0.00420193,0.126708,,
57.384,pf,map,0.858977,0.432842,-2.27727,0.033154,0.0417629,0.00267457,7.51592,336.684,0
57.456,odom,map,0.856336,0.356029,-2.3275,0,0,0,,,
57.492,odom,map,0.853255,0.350962,-2.33756,0,0,0,,,
57.528,odom,map,0.850143,0.34592,-2.34762,0,0,0,,,
57.564,odom,map,0.846851,0.340752,-2.35723,0,0,0,,,
57.6,odom,map,0.843389,0.335472,-2.36647,0,0,0,,,
57.6,ekf_predict_only,map,0.818851,0.30998,-2.46966,33.1204,53.7645,2.43767,,,
57.6,ekf,map,0.874523,0.390689,-2.33501,0.0340726,0.0435379,0.00429581,0.107,,
57.6,kf,map,0.852103,0.331531,-2.2779,0.0386836,0.0936187,0.0221215,0.106667,,
57.6,pf,map,0.865078,0.390421,-2.32387,0.0347716,0.0373678,0.00536903,6.19292,305.413,0
57.636,odom,map,0.839875,0.332012,-2.37637,0,0,0,,,
57.672,odom,map,0.836274,0.328587,-2.3862,0,0,0,,,
57.708,odom,map,0.83264,0.325198,-2.39602,0,0,0,,,
57.744,odom,map,0.828916,0.321792,-2.40523,0,0,0,,,
57.78,odom,map,0.825118,0.31838,-2.41389,0,0,0,,,
57.816,odom,map,0.821268,0.314979,-2.42228,0,0,0,,,
57.816,ekf,map,0.854401,0.378983,-2.38739,0.0340127,0.0446659,0.00436862,0.112208,,
57.816,ekf_predict_only,map,0.794727,0.290792,-2.51997,33.393,53.2905,2.55748,,,
57.816,kf,map,0.831124,0.312976,-2.32587,0.0376742,0.0946949,0.0208101,0.103709,,
57.816,pf,map,0.83382,0.355443,-2.36344,0.0326227,0.0317662,0.00250065,6.25158,327.677,0
57.852,odom,map,0.817389,0.31161,-2.43066,0,0,0,,,
57.888,odom,map,0.813359,0.308168,-2.43864,0,0,0,,,
57.924,odom,map,0.809172,0.304648,-2.44613,0,0,0,,,
57.96,odom,map,0.80493,0.301133,-2.45336,0,0,0,,,
57.996,odom,map,0.800662,0.297649,-2.46046,0,0,0,,,
58.032,odom,map,0.795368,0.292788,-2.46979,0,0,0,,,
57.996,kf,map,0.820363,0.293949,-2.37817,0.0367198,0.095246,0.0195096,0.093083,,
57.996,ekf,map,0.838666,0.348264,-2.43072,0.0334815,0.0445978,0.00423835,0.109375,,
57.996,ekf_predict_only,map,0.770927,0.273743,-2.55068,33.6539,52.838,2.64305,,,
58.002,amcl,map,0.807555,0.296776,-2.47484,0.0143352,0.02192,0.00545628,,,
57.996,pf,map,0.820349,0.363942,-2.43241,0.0277795,0.0390984,0.00428322,8.94283,286.692,0
58.068,odom,map,0.789832,0.287762,-2.47919,0,0,0,,,
58.104,odom,map,0.784222,0.282786,-2.48858,0,0,0,,,
58.14,odom,map,0.778365,0.27773,-2.49732,0,0,0,,,
58.176,odom,map,0.77235,0.272656,-2.50555,0,0,0,,,
58.212,odom,map,0.766514,0.267983,-2.51245,0,0,0,,,
58.212,ekf_predict_only,map,0.739248,0.25249,-2.57716,33.9644,52.2242,2.72558,,,
58.212,ekf,map,0.813508,0.326331,-2.46453,0.0336659,0.0463748,0.00421377,0.126417,,
58.212,kf,map,0.79712,0.272106,-2.41453,0.0358282,0.0964697,0.0180077,0.105334,,
58.212,pf,map,0.805962,0.321941,-2.46806,0.0329737,0.0389174,0.0025199,10.5044,295.444,0
58.248,odom,map,0.761365,0.264253,-2.51686,0,0,0,,,
58.284,odom,map,0.75617,0.260522,-2.52075,0,0,0,,,
58.32,odom,map,0.750955,0.256807,-2.52446,0,0,0,,,
58.356,odom,map,0.745614,0.253031,-2.52745,0,0,0,,,
58.392,odom,map,0.740219,0.249236,-2.52982,0,0,0,,,
58.392,ekf_predict_only,map,0.711382,0.234847,-2.589,34.2476,51.7168,2.7732,,,
58.428,odom,map,0.734814,0.245454,-2.53218,0,0,0,,,
58.392,kf,map,0.77469,0.254644,-2.44322,0.0349839,0.0969644,0.0166117,0.162333,,
58.392,ekf,map,0.787585,0.301568,-2.48637,0.0331699,0.0466156,0.00403261,0.100458,,
58.392,pf,map,0.750271,0.315589,-2.4865,0.0261214,0.0359067,0.00333286,6.71479,339.116,0
58.464,odom,map,0.729126,0.241491,-2.5339,0,0,0,,,
58.5,odom,map,0.723303,0.237448,-2.53532,0,0,0,,,
58.536,odom,map,0.71755,0.233463,-2.536,0,0,0,,,
58.572,odom,map,0.711822,0.229497,-2.53593,0,0,0,,,
58.608,odom,map,0.706095,0.22553,-2.53586,0,0,0,,,
58.608,ekf_predict_only,map,0.675804,0.212906,-2.58858,34.5862,51.069,2.81034,,,
58.608,kf,map,0.739548,0.233331,-2.44538,0.0342328,0.0980605,0.0149988,0.166417,,
58.608,ekf,map,0.751853,0.284993,-2.48965,0.033389,0.048983,0.0040312,0.212958,,
58.608,pf,map,0.719895,0.304249,-2.50468,0.0289354,0.038572,0.00256548,6.21046,331.143,0
58.644,odom,map,0.700572,0.221704,-2.53529,0,0,0,,,
58.68,odom,map,0.69558,0.218235,-2.53328,0,0,0,,,
58.716,odom,map,0.69091,0.214975,-2.53103,0,0,0,,,
58.752,odom,map,0.686247,0.211705,-2.52879,0,0,0,,,
58.788,odom,map,0.681447,0.208321,-2.5261,0,0,0,,,
58.788,kf,map,0.719613,0.217328,-2.44232,0.0336083,0.0983422,0.0137415,0.142583,,
58.824,odom,map,0.67804,0.205632,-2.52221,0,0,0,,,
58.788,ekf_predict_only,map,0.65,0.196978,-2.57195,34.8669,50.6463,2.82531,,,
58.788,ekf,map,0.729952,0.263416,-2.48214,0.0329436,0.0492963,0.00389744,0.270292,,
58.788,pf,map,0.715642,0.293508,-2.49902,0.0282992,0.0432768,0.000471179,7.68138,327.826,0
58.86,odom,map,0.675722,0.20353,-2.51755,0,0,0,,,
58.896,odom,map,0.674199,0.201959,-2.51155,0,0,0,,,
58.932,odom,map,0.672869,0.200489,-2.50523,0,0,0,,,
58.968,odom,map,0.671557,0.19899,-2.49892,0,0,0,,,
59.004,odom,map,0.670062,0.197344,-2.49224,0,0,0,,,
59.004,ekf_predict_only,map,0.625917,0.181554,-2.53489,35.1478,50.2734,2.83547,,,
59.004,kf,map,0.698574,0.201395,-2.41613,0.0332169,0.0990869,0.0126171,3.00696,,
59.004,ekf,map,0.707567,0.245578,-2.45329,0.0332071,0.051169,0.00385028,0.106958,,
59.004,pf,map,0.701289,0.26577,-2.48148,0.0320165,0.0460965,2.7816e-05,9.27796,313.319,0
59.04,odom,map,0.666483,0.194608,-2.48547,0,0,0,,,
59.076,odom,map,0.663115,0.191996,-2.47798,0,0,0,,,
59.112,odom,map,0.659849,0.189422,-2.47002,0,0,0,,,
59.148,odom,map,0.65683,0.187001,-2.46131,0,0,0,,,
59.184,odom,map,0.653921,0.184625,-2.45222,0,0,0,,,
59.22,odom,map,0.651173,0.182338,-2.44262,0,0,0,,,
59.184,kf,map,0.682181,0.191206,-2.38521,0.0328447,0.0991143,0.0117846,0.094458,,
59.184,ekf,map,0.689056,0.228197,-2.41657,0.0327716,0.0508641,0.0036425,0.521667,,
59.184,ekf_predict_only,map,0.611336,0.171434,-2.48639,35.3698,50.0942,2.84452,,,
59.184,pf,map,0.652092,0.215368,-2.40562,0.0342668,0.045467,0.00961244,11.3251,337.586,0
59.256,odom,map,0.648466,0.180041,-2.43292,0,0,0,,,
59.292,odom,map,0.645849,0.177775,-2.42281,0,0,0,,,
59.328,odom,map,0.643249,0.175475,-2.41191,0,0,0,,,
59.364,odom,map,0.640671,0.173143,-2.40021,0,0,0,,,
59.4,odom,map,0.638123,0.170782,-2.3883,0,0,0,,,
59.4,kf,map,0.674933,0.177157,-2.33449,0.0326221,0.0996877,0.0109406,0.336833,,
59.4,ekf,map,0.679764,0.203144,-2.35759,0.0330477,0.0525606,0.00356007,0.111667,,
59.4,ekf_predict_only,map,0.595138,0.158987,-2.41105,35.6233,49.8902,2.86141,,,
59.4,pf,map,0.666088,0.219535,-2.3794,0.0306678,0.0468486,0.00611731,12.0749,313.268,0
59.436,odom,map,0.635628,0.168414,-2.37611,0,0,0,,,
59.472,odom,map,0.633126,0.165978,-2.36315,0,0,0,,,
59.508,odom,map,0.630578,0.163431,-2.34969,0,0,0,,,
59.544,odom,map,0.628033,0.160818,-2.33606,0,0,0,,,
59.58,odom,map,0.625432,0.158071,-2.32179,0,0,0,,,
59.616,ekf_predict_only,map,0.578082,0.143707,-2.32376,35.9171,49.6773,2.89342,,,
59.616,kf,map,0.618652,0.168025,-2.26709,0.0813027,0.10099,0.00321161,0.070916,,
59.616,odom,map,0.622848,0.155262,-2.30724,0,0,0,,,
59.616,ekf,map,0.61573,0.186448,-2.28398,0.0925175,0.0967822,0.000469957,0.056458,,
59.616,pf,map,0.597402,0.196983,-2.29459,0.0757187,0.0798679,-0.00139452,7.90517,723.839,0
59.652,odom,map,0.620305,0.152416,-2.29269,0,0,0,,,
59.688,odom,map,0.61778,0.149505,-2.2776,0,0,0,,,
59.724,odom,map,0.615289,0.14654,-2.26193,0,0,0,,,
59.76,odom,map,0.61273,0.143395,-2.24586,0,0,0,,,
59.796,odom,map,0.610097,0.140051,-2.22933,0,0,0,,,
59.832,odom,map,0.607412,0.136519,-2.21259,0,0,0,,,
59.796,kf,map,0.576236,0.156541,-2.20123,0.0959734,0.10104,0.000826492,0.095292,,
59.796,ekf,map,0.570884,0.166506,-2.21197,0.109526,0.110444,-2.608e-05,0.064708,,
59.796,ekf_predict_only,map,0.562241,0.126803,-2.23917,36.2384,49.4932,2.94129,,,
59.802,amcl,map,0.622425,0.156599,-2.23545,0.0248321,0.028298,0.0111797,,,
59.796,pf,map,0.521436,0.187931,-2.18506,0.0910969,0.104399,-0.0019613,6.43238,681.99,0
59.868,odom,map,0.60467,0.132784,-2.19567,0,0,0,,,
59.904,odom,map,0.601991,0.129004,-2.17876,0,0,0,,,
59.94,odom,map,0.599335,0.125116,-2.16168,0,0,0,,,
59.976,odom,map,0.596662,0.121055,-2.14431,0,0,0,,,
60.012,odom,map,0.593854,0.11662,-2.12646,0,0,0,,,
60.012,ekf_predict_only,map,0.542204,0.101428,-2.13137,36.6842,49.243,3.02648,,,
60.012,ekf,map,0.53909,0.140185,-2.11303,0.116099,0.116284,-6.8492e-05,0.058625,,
60.012,kf,map,0.543667,0.135063,-2.10634,0.100159,0.101406,0.000203393,0.069583,,
60.012,pf,map,0.493783,0.183376,-2.09407,0.0952322,0.114757,0.00623097,8.03233,642.5,0
60.048,odom,map,0.590949,0.111846,-2.10843,0,0,0,,,
60.084,odom,map,0.588101,0.106969,-2.09039,0,0,0,,,
60.12,odom,map,0.585248,0.101876,-2.07232,0,0,0,,,
60.156,odom,map,0.582359,0.0964901,-2.05435,0,0,0,,,
60.192,odom,map,0.579515,0.0909536,-2.03641,0,0,0,,,
60.228,odom,map,0.57677,0.085367,-2.01847,0,0,0,,,
60.192,kf,map,0.521856,0.111108,-2.02301,0.100843,0.101148,4.9841e-05,0.060416,,
60.192,ekf_predict_only,map,0.525657,0.075069,-2.04167,37.1608,49.0616,3.13246,,,
60.192,ekf,map,0.518973,0.113747,-2.02677,0.114944,0.11495,-4.38082e-05,0.383625,,
60.192,pf,map,0.486992,0.169464,-2.00689,0.0991422,0.109252,0.0108047,11.3812,633.043,0
60.264,odom,map,0.574027,0.0795198,-2.00067,0,0,0,,,
60.3,odom,map,0.571307,0.0734443,-1.98294,0,0,0,,,
60.336,odom,map,0.568694,0.0673215,-1.96521,0,0,0,,,
60.372,odom,map,0.566141,0.0610298,-1.94758,0,0,0,,,
60.408,ekf_predict_only,map,0.505903,0.0362642,-1.9397,37.8476,48.8347,3.30412,,,
60.408,kf,map,0.50157,0.0745889,-1.92217,0.101358,0.101433,1.21149e-05,0.124792,,
60.408,ekf,map,0.500129,0.0761149,-1.92391,0.117159,0.117099,-4.24351e-05,0.056125,,
60.408,odom,map,0.563573,0.0543693,-1.9304,0,0,0,,,
60.402,amcl,map,0.57127,0.0688339,-1.92437,0.0214541,0.0241085,0.00867369,,,
60.408,pf,map,0.478388,0.135824,-1.90055,0.0931371,0.102611,-9.54981e-05,4.9105,631.868,0
60.444,odom,map,0.561077,0.0475549,-1.9134,0,0,0,,,
60.48,odom,map,0.55853,0.040219,-1.89689,0,0,0,,,
60.516,odom,map,0.556022,0.0325952,-1.88046,0,0,0,,,
60.552,odom,map,0.553559,0.0246767,-1.86468,0,0,0,,,
60.588,odom,map,0.551138,0.0164711,-1.85104,0,0,0,,,
60.588,ekf_predict_only,map,0.490292,-0.00411538,-1.87832,38.5993,48.6835,3.50303,,,
60.588,ekf,map,0.487053,0.0375392,-1.85182,0.115181,0.115096,-4.38679e-05,0.063375,,
60.624,odom,map,0.550142,0.0101854,-1.83936,0,0,0,,,
60.588,kf,map,0.487433,0.0365893,-1.85226,0.101137,0.101155,2.95973e-06,0.111125,,
60.588,pf,map,0.47433,0.0923606,-1.81213,0.096455,0.0945504,0.00320293,6.76971,659.894,0
60.66,odom,map,0.549973,0.00499647,-1.82868,0,0,0,,,
60.696,odom,map,0.549859,-0.000262433,-1.81864,0,0,0,,,
60.732,odom,map,0.549795,-0.00556294,-1.81037,0,0,0,,,
60.768,odom,map,0.549781,-0.0108783,-1.80219,0,0,0,,,
60.804,odom,map,0.549677,-0.0164917,-1.79503,0,0,0,,,
60.804,kf,map,0.474284,-0.0130343,-1.79178,0.10143,0.101434,7.18893e-07,0.056791,,
60.804,ekf,map,0.474655,-0.0125226,-1.78955,0.117316,0.117171,-6.40432e-05,0.064875,,
60.804,ekf_predict_only,map,0.474208,-0.0547583,-1.83099,39.5761,48.5313,3.7609,,,
60.804,pf,map,0.444291,0.0224037,-1.741,0.107478,0.0993434,0.00106194,4.64504,652.656,0
60.84,odom,map,0.547742,-0.0251336,-1.78714,0,0,0,,,
60.876,odom,map,0.545875,-0.0337905,-1.77925,0,0,0,,,
60.912,odom,map,0.544062,-0.042524,-1.7722,0,0,0,,,
60.948,odom,map,0.542272,-0.0514352,-1.7659,0,0,0,,,
60.984,odom,map,0.540512,-0.0604849,-1.76012,0,0,0,,,
60.984,ekf_predict_only,map,0.46238,-0.0991875,-1.80465,40.4999,48.4501,3.99159,,,
61.02,odom,map,0.538805,-0.0695205,-1.75485,0,0,0,,,
60.984,kf,map,0.465816,-0.0568283,-1.75465,0.101154,0.101155,1.75597e-07,0.060958,,
60.984,ekf,map,0.466435,-0.0565301,-1.75219,0.115326,0.115159,-6.50323e-05,0.056083,,
60.984,pf,map,0.427805,-0.0263842,-1.71141,0.108087,0.104321,-0.00334038,9.04129,654.077,0
61.056,odom,map,0.537136,-0.078608,-1.75011,0,0,0,,,
61.092,odom,map,0.535507,-0.0877118,-1.74557,0,0,0,,,
61.128,odom,map,0.53392,-0.0968229,-1.74102,0,0,0,,,
61.164,odom,map,0.532377,-0.105913,-1.7372,0,0,0,,,
61.2,odom,map,0.530865,-0.115,-1.73405,0,0,0,,,
61.2,ekf_predict_only,map,0.449367,-0.153812,-1.79213,41.6831,48.3549,4.27221,,,
61.2,ekf,map,0.457917,-0.11105,-1.72697,0.11748,0.117235,-8.05453e-05,0.055334,,
61.2,kf,map,0.457106,-0.111231,-1.7299,0.101434,0.101434,4.26492e-08,0.081625,,
61.2,pf,map,0.423313,-0.0794021,-1.69755,0.0982204,0.108343,0.000958424,7.58333,624.67,0
61.2,amcl,map,0.536907,-0.123417,-1.68718,0.0222617,0.0259397,0.00887731,,,
61.236,odom,map,0.529198,-0.125082,-1.7286,0,0,0,,,
61.272,odom,map,0.527576,-0.135219,-1.72332,0,0,0,,,
61.308,odom,map,0.526019,-0.145295,-1.71839,0,0,0,,,
61.344,odom,map,0.524513,-0.15536,-1.71361,0,0,0,,,
61.38,odom,map,0.523056,-0.165438,-1.70883,0,0,0,,,
61.416,odom,map,0.521732,-0.17495,-1.70594,0,0,0,,,
61.416,ekf,map,0.450445,-0.165017,-1.71366,0.118253,0.11796,-8.2748e-05,0.067,,
61.416,ekf_predict_only,map,0.43752,-0.206464,-1.7874,42.9009,48.2811,4.53275,,,
61.416,kf,map,0.449693,-0.164976,-1.71631,0.101502,0.101502,1.03444e-08,0.482,,
61.416,pf,map,0.415191,-0.115025,-1.68655,0.101322,0.0983336,0.00373026,8.71696,633.688,0
61.452,odom,map,0.520546,-0.183692,-1.70553,0,0,0,,,
61.488,odom,map,0.519389,-0.192225,-1.70552,0,0,0,,,
61.524,odom,map,0.518236,-0.200732,-1.70555,0,0,0,,,
61.56,odom,map,0.517083,-0.209239,-1.70559,0,0,0,,,
61.596,odom,map,0.515983,-0.217344,-1.7056,0,0,0,,,
61.632,odom,map,0.515055,-0.224192,-1.7056,0,0,0,,,
61.596,kf,map,0.447305,-0.186641,-1.71178,0.101172,0.101172,2.52586e-09,0.063708,,
61.596,ekf,map,0.447327,-0.189696,-1.71003,0.115566,0.115338,-6.06276e-05,0.069,,
61.596,pf,map,0.419787,-0.141603,-1.675,0.104622,0.0994549,-0.000810987,5.95921,620.522,0
61.596,ekf_predict_only,map,0.43752,-0.206464,-1.7874,43.0009,48.3811,4.53275,,,
61.668,odom,map,0.5143,-0.229756,-1.7056,0,0,0,,,
61.704,odom,map,0.51372,-0.234035,-1.7056,0,0,0,,,
61.74,odom,map,0.513313,-0.23703,-1.7056,0,0,0,,,
61.776,odom,map,0.513081,-0.238741,-1.7056,0,0,0,,,
61.812,odom,map,0.513021,-0.239186,-1.7056,0,0,0,,,
61.812,ekf,map,0.444198,-0.213099,-1.70847,0.117383,0.117182,-5.13607e-05,0.097833,,
61.812,ekf_predict_only,map,0.43752,-0.206464,-1.7874,43.1009,48.4811,4.53275,,,
61.812,kf,map,0.444599,-0.20845,-1.70954,0.101438,0.101438,6.1343e-10,0.058792,,
61.812,pf,map,0.39982,-0.147502,-1.67356,0.0937003,0.101356,0.00152081,4.76492,655.133,0
61.848,odom,map,0.513021,-0.239186,-1.7056,0,0,0,,,
61.884,odom,map,0.513021,-0.239186,-1.7056,0,0,0,,,
61.92,odom,map,0.513021,-0.239186,-1.7056,0,0,0,,,
61.956,odom,map,0.513021,-0.239186,-1.7056,0,0,0,,,
61.992,odom,map,0.513021,-0.239186,-1.7056,0,0,0,,,
61.992,ekf,map,0.442917,-0.222619,-1.70784,0.115241,0.115106,-3.36378e-05,0.061583,,
62.028,odom,map,0.514573,-0.239681,-1.70178,0,0,0,,,
61.992,kf,map,0.44327,-0.219168,-1.70844,0.101156,0.101156,1.49832e-10,0.055583,,
61.992,ekf_predict_only,map,0.43752,-0.206464,-1.7874,43.2009,48.5811,4.53275,,,
61.992,pf,map,0.399795,-0.149982,-1.68755,0.0954237,0.102165,0.00520916,4.68125,642.173,0
62.064,odom,map,0.516663,-0.240373,-1.6965,0,0,0,,,
62.1,odom,map,0.518684,-0.241073,-1.69121,0,0,0,,,
62.136,odom,map,0.520638,-0.241782,-1.68593,0,0,0,,,
62.172,odom,map,0.522524,-0.2425,-1.68064,0,0,0,,,
62.208,odom,map,0.523943,-0.243064,-1.67653,0,0,0,,,
62.208,kf,map,0.442611,-0.22448,-1.7079,0.101435,0.101435,3.6391e-11,0.0615,,
62.208,ekf,map,0.442363,-0.226732,-1.70756,0.117265,0.11716,-2.59632e-05,0.066166,,
62.208,ekf_predict_only,map,0.43752,-0.206464,-1.7874,43.3009,48.6811,4.53275,,,
62.208,pf,map,0.39676,-0.15373,-1.67344,0.0857026,0.10157,-0.00323959,5.29,627.223,0
62.244,odom,map,0.523943,-0.243064,-1.67653,0,0,0,,,
62.28,odom,map,0.523943,-0.243064,-1.67653,0,0,0,,,
62.316,odom,map,0.523943,-0.243064,-1.67653,0,0,0,,,
62.352,odom,map,0.523943,-0.243064,-1.67653,0,0,0,,,
62.388,odom,map,0.523943,-0.243064,-1.67653,0,0,0,,,
62.424,odom,map,0.523943,-0.243064,-1.67653,0,0,0,,,
62.388,ekf_predict_only,map,0.43752,-0.206464,-1.7874,43.4009,48.7811,4.53275,,,
62.388,ekf,map,0.442137,-0.228407,-1.70745,0.11521,0.115144,-1.61639e-05,0.086458,,
62.388,kf,map,0.442287,-0.22709,-1.70763,0.101155,0.101155,8.88879e-12,0.736917,,
62.388,pf,map,0.400287,-0.165308,-1.67651,0.0981275,0.102544,-0.000843422,9.12275,648.818,0
62.46,odom,map,0.523934,-0.243154,-1.67671,0,0,0,,,
62.496,odom,map,0.523852,-0.243919,-1.67838,0,0,0,,,
62.532,odom,map,0.523737,-0.24497,-1.68066,0,0,0,,,
62.568,odom,map,0.523523,-0.246875,-1.68438,0,0,0,,,
62.604,odom,map,0.523212,-0.249544,-1.68914,0,0,0,,,
62.604,ekf_predict_only,map,0.433502,-0.224719,-1.8199,43.9055,48.823,4.62027,,,
62.604,ekf,map,0.440473,-0.240582,-1.72824,0.117268,0.117216,-1.22929e-05,0.0565,,
62.604,kf,map,0.440398,-0.240783,-1.7299,0.101434,0.101434,2.15891e-12,0.055042,,
62.604,pf,map,0.399284,-0.185367,-1.67335,0.107099,0.105712,-0.00333374,4.56629,643.061,0
62.64,odom,map,0.522836,-0.252637,-1.69455,0,0,0,,,
62.676,odom,map,0.522399,-0.256063,-1.70075,0,0,0,,,
62.712,odom,map,0.521869,-0.260006,-1.70835,0,0,0,,,
62.748,odom,map,0.521181,-0.264804,-1.71793,0,0,0,,,
62.784,odom,map,0.52042,-0.269766,-1.72809,0,0,0,,,
62.82,odom,map,0.51955,-0.275068,-1.73885,0,0,0,,,
62.784,ekf_predict_only,map,0.426667,-0.25159,-1.87492,44.6173,48.8251,4.73486,,,
62.784,kf,map,0.436825,-0.262121,-1.77178,0.101155,0.101155,5.27331e-13,0.060083,,
62.784,ekf,map,0.43709,-0.261216,-1.76925,0.11523,0.115188,-9.11194e-06,0.061333,,
62.784,pf,map,0.430149,-0.207735,-1.70864,0.109248,0.108642,-0.00647,4.98258,626.934,0
62.856,odom,map,0.518547,-0.280782,-1.75045,0,0,0,,,
62.892,odom,map,0.51743,-0.286721,-1.76276,0,0,0,,,
62.928,odom,map,0.516188,-0.292902,-1.77554,0,0,0,,,
62.964,odom,map,0.514784,-0.299439,-1.78905,0,0,0,,,
63,odom,map,0.513198,-0.306354,-1.80343,0,0,0,,,
63,kf,map,0.42874,-0.298466,-1.84652,0.101434,0.101434,1.28078e-13,0.071208,,
63,ekf,map,0.429146,-0.297185,-1.84352,0.117322,0.117254,-1.33573e-05,0.071333,,
63,ekf_predict_only,map,0.413706,-0.292887,-1.96228,45.6954,48.7429,4.87156,,,
63,pf,map,0.430615,-0.241453,-1.80654,0.101862,0.106822,-0.000725047,4.62458,624.414,0
63.036,odom,map,0.511484,-0.313361,-1.81799,0,0,0,,,
63.072,odom,map,0.50963,-0.320484,-1.83288,0,0,0,,,
63.108,odom,map,0.507615,-0.327772,-1.84827,0,0,0,,,
63.144,odom,map,0.505445,-0.335166,-1.86436,0,0,0,,,
63.18,odom,map,0.503154,-0.342527,-1.88062,0,0,0,,,
63.216,ekf_predict_only,map,0.395782,-0.336309,-2.06273,46.8734,48.5985,4.94513,,,
63.216,kf,map,0.415699,-0.339651,-1.9374,0.101502,0.101502,3.10648e-14,0.144542,,
63.216,ekf,map,0.416023,-0.338523,-1.93462,0.118076,0.117972,-2.26188e-05,0.070208,,
63.216,odom,map,0.500712,-0.349943,-1.89726,0,0,0,,,
63.201,amcl,map,0.50504,-0.341121,-1.88629,0.0287331,0.0312123,0.00873192,,,
63.216,pf,map,0.407903,-0.306896,-1.89927,0.101827,0.101764,-0.00572736,4.76579,646.204,0
63.252,odom,map,0.498109,-0.357422,-1.91425,0,0,0,,,
63.288,odom,map,0.495352,-0.364924,-1.93167,0,0,0,,,
63.324,odom,map,0.49246,-0.372389,-1.94924,0,0,0,,,
63.36,odom,map,0.489415,-0.379854,-1.967,0,0,0,,,
63.396,odom,map,0.486238,-0.38726,-1.98519,0,0,0,,,
63.432,odom,map,0.482908,-0.394647,-2.00349,0,0,0,,,
63.396,ekf_predict_only,map,0.376574,-0.372153,-2.15442,47.9018,48.4462,4.93177,,,
63.396,kf,map,0.400472,-0.375081,-2.02248,0.101172,0.101172,7.58529e-15,0.142584,,
63.396,ekf,map,0.400651,-0.374295,-2.02039,0.115465,0.115348,-3.08331e-05,0.123667,,
63.396,pf,map,0.367353,-0.333469,-2.00022,0.0972701,0.101485,-0.000511777,5.39687,647.435,0
63.468,odom,map,0.47943,-0.401999,-2.02183,0,0,0,,,
63.504,odom,map,0.47582,-0.40928,-2.04025,0,0,0,,,
63.54,odom,map,0.472046,-0.416552,-2.05874,0,0,0,,,
63.576,odom,map,0.468159,-0.423716,-2.07706,0,0,0,,,
63.612,odom,map,0.464146,-0.4308,-2.09536,0,0,0,,,
63.612,ekf_predict_only,map,0.349655,-0.412918,-2.26422,49.1001,48.2095,4.82405,,,
63.612,kf,map,0.45122,-0.395664,-2.09225,0.0388754,0.0960545,-0.0183528,0.102291,,
63.612,ekf,map,0.446973,-0.368042,-2.10714,0.0376303,0.0638393,-0.00860571,0.202125,,
63.612,pf,map,0.415484,-0.355396,-2.10582,0.0355993,0.0551273,-0.00659498,9.35412,259.218,0
63.648,odom,map,0.460059,-0.437718,-2.11363,0,0,0,,,
63.684,odom,map,0.455866,-0.444528,-2.1317,0,0,0,,,
63.72,odom,map,0.45159,-0.4512,-2.14968,0,0,0,,,
63.756,odom,map,0.447291,-0.457652,-2.16743,0,0,0,,,
63.792,odom,map,0.442918,-0.463971,-2.18505,0,0,0,,,
63.828,odom,map,0.438439,-0.470204,-2.2027,0,0,0,,,
63.792,ekf_predict_only,map,0.325138,-0.442416,-2.35252,50.0231,48.0201,4.65615,,,
63.792,kf,map,0.448209,-0.421161,-2.19126,0.0370922,0.0950049,-0.01984,0.099792,,
63.801,amcl,map,0.45547,-0.447005,-2.16573,0.0293963,0.0297019,0.010099,,,
63.792,ekf,map,0.444589,-0.404486,-2.20292,0.0349204,0.061898,-0.00906164,0.089459,,
63.792,pf,map,0.44399,-0.373625,-2.22272,0.0331457,0.0524936,-0.00724114,7.29971,354.194,0
63.864,odom,map,0.433834,-0.47638,-2.22008,0,0,0,,,
63.9,odom,map,0.429114,-0.482488,-2.23729,0,0,0,,,
63.936,odom,map,0.424315,-0.488483,-2.25442,0,0,0,,,
63.972,odom,map,0.419474,-0.494324,-2.27123,0,0,0,,,
64.008,odom,map,0.414828,-0.499714,-2.28739,0,0,0,,,
64.008,kf,map,0.420418,-0.454509,-2.29742,0.0377171,0.0945982,-0.0208557,0.106667,,
64.008,ekf_predict_only,map,0.29426,-0.473522,-2.44962,51.0168,47.7791,4.38438,,,
64.008,ekf,map,0.416553,-0.441973,-2.3064,0.0357147,0.0636504,-0.0101338,0.187542,,
64.008,pf,map,0.414806,-0.446353,-2.30805,0.0347828,0.0590654,-0.0110419,6.2625,366.667,0
64.044,odom,map,0.410696,-0.504222,-2.30285,0,0,0,,,
64.08,odom,map,0.406544,-0.508593,-2.31804,0,0,0,,,
64.116,odom,map,0.402409,-0.512794,-2.3329,0,0,0,,,
64.152,odom,map,0.398339,-0.516783,-2.34736,0,0,0,,,
64.188,odom,map,0.394226,-0.520682,-2.36174,0,0,0,,,
64.188,kf,map,0.395393,-0.477898,-2.38971,0.0380559,0.0939056,-0.021379,0.117958,,
64.188,ekf,map,0.394709,-0.476077,-2.39239,0.0356148,0.0633855,-0.0105282,0.099958,,
64.224,odom,map,0.389665,-0.52504,-2.37638,0,0,0,,,
64.188,ekf_predict_only,map,0.268585,-0.494797,-2.52348,51.7434,47.6154,4.11555,,,
64.188,pf,map,0.381122,-0.48913,-2.383,0.0319386,0.0529145,-0.008956,6.93696,363.92,0
64.26,odom,map,0.384906,-0.529545,-2.39083,0,0,0,,,
64.296,odom,map,0.380132,-0.533936,-2.40506,0,0,0,,,
64.332,odom,map,0.375302,-0.538254,-2.41919,0,0,0,,,
64.368,odom,map,0.370467,-0.542456,-2.43305,0,0,0,,,
64.404,odom,map,0.36584,-0.546369,-2.44618,0,0,0,,,
64.404,ekf,map,0.375014,-0.499181,-2.46874,0.0362613,0.0649873,-0.0111721,0.101334,,
64.401,amcl,map,0.39459,-0.529428,-2.41287,0.0281511,0.0287093,0.00927425,,,
64.404,ekf_predict_only,map,0.259372,-0.501348,-2.57161,52.0388,47.6252,4.01018,,,
64.404,kf,map,0.373954,-0.493705,-2.47005,0.0384025,0.0939116,-0.0217716,0.095458,,
64.404,pf,map,0.359228,-0.50495,-2.46627,0.0392845,0.0556845,-0.0112957,8.67621,363.708,0
64.44,odom,map,0.362124,-0.549436,-2.45683,0,0,0,,,
64.476,odom,map,0.359387,-0.551653,-2.46489,0,0,0,,,
64.512,odom,map,0.357648,-0.553042,-2.47035,0,0,0,,,
64.548,odom,map,0.356919,-0.55362,-2.47322,0,0,0,,,
64.584,odom,map,0.356895,-0.553639,-2.4737,0,0,0,,,
64.584,ekf_predict_only,map,0.259372,-0.501348,-2.57161,52.1388,47.7252,4.01018,,,
64.584,kf,map,0.369236,-0.498828,-2.50233,0.0384213,0.0935441,-0.0218498,0.212542,,
64.584,ekf,map,0.372356,-0.509033,-2.49782,0.0359185,0.0640226,-0.0110867,0.116292,,
64.62,odom,map,0.358103,-0.552513,-2.47174,0,0,0,,,
64.584,pf,map,0.348234,-0.481055,-2.52522,0.0306369,0.0528849,-0.00571492,6.72592,399.032,0
64.656,odom,map,0.360256,-0.550487,-2.46821,0,0,0,,,
64.692,odom,map,0.36238,-0.548462,-2.46469,0,0,0,,,
64.728,odom,map,0.364476,-0.546438,-2.46116,0,0,0,,,
64.764,odom,map,0.366544,-0.544414,-2.45763,0,0,0,,,
64.8,odom,map,0.368583,-0.542392,-2.4541,0,0,0,,,
64.8,ekf_predict_only,map,0.259372,-0.501348,-2.57161,52.2388,47.8252,4.01018,,,
64.8,kf,map,0.359966,-0.50373,-2.50581,0.0385675,0.0937486,-0.0219809,0.115625,,
64.8,ekf,map,0.360673,-0.507549,-2.5036,0.0364653,0.0650442,-0.0114841,0.097334,,
64.8,pf,map,0.335478,-0.480128,-2.51509,0.0356137,0.0619882,-0.00982014,6.43267,393.856,0
64.836,odom,map,0.368639,-0.542335,-2.454,0,0,0,,,
64.872,odom,map,0.368639,-0.542335,-2.454,0,0,0,,,
64.908,odom,map,0.368639,-0.542335,-2.454,0,0,0,,,
64.944,odom,map,0.368639,-0.542335,-2.454,0,0,0,,,
64.98,odom,map,0.368639,-0.542335,-2.454,0,0,0,,,
65.016,odom,map,0.368639,-0.542335,-2.454,0,0,0,,,
65.016,kf,map,0.357906,-0.50524,-2.50588,0.038603,0.0937847,-0.0220321,0.179209,,
65.016,ekf,map,0.357806,-0.505671,-2.50553,0.0365405,0.0655519,-0.0116277,0.159583,,
65.016,ekf_predict_only,map,0.259372,-0.501348,-2.57161,52.3388,47.9252,4.01018,,,
65.016,pf,map,0.328145,-0.461873,-2.53444,0.0345407,0.0488963,-0.0046446,7.2495,358.922,0
65.052,odom,map,0.368639,-0.542335,-2.454,0,0,0,,,
65.088,odom,map,0.368639,-0.542335,-2.454,0,0,0,,,
65.124,odom,map,0.368639,-0.542335,-2.454,0,0,0,,,
65.16,odom,map,0.368639,-0.542335,-2.454,0,0,0,,,
65.196,odom,map,0.368639,-0.542335,-2.454,0,0,0,,,
65.196,ekf_predict_only,map,0.259372,-0.501348,-2.57161,52.4388,48.0252,4.01018,,,
65.196,kf,map,0.359516,-0.505049,-2.50571,0.0385122,0.0934706,-0.0219668,0.098208,,
65.196,ekf,map,0.359174,-0.504024,-2.50627,0.0360002,0.064192,-0.0112655,0.178209,,
65.232,odom,map,0.371349,-0.541536,-2.45201,0,0,0,,,
65.196,pf,map,0.350531,-0.501536,-2.50053,0.0323116,0.052921,-0.0130455,13.7712,346.896,0
65.268,odom,map,0.374386,-0.540637,-2.44977,0,0,0,,,
65.304,odom,map,0.377413,-0.539738,-2.44753,0,0,0,,,
65.34,odom,map,0.380427,-0.53884,-2.44528,0,0,0,,,
65.376,odom,map,0.383431,-0.537943,-2.44304,0,0,0,,,
65.412,odom,map,0.385262,-0.537529,-2.44153,0,0,0,,,
65.412,ekf_predict_only,map,0.253178,-0.505318,-2.57204,52.6578,48.0659,3.93633,,,
65.412,kf,map,0.361771,-0.505572,-2.5051,0.0386378,0.0936825,-0.0220696,0.234,,
65.412,ekf,map,0.361408,-0.503201,-2.50641,0.0364565,0.0653377,-0.0115646,0.113125,,
65.412,pf,map,0.355462,-0.497229,-2.51336,0.0274691,0.0564678,-0.00338811,6.99133,373.037,0
65.448,odom,map,0.384064,-0.538537,-2.44188,0,0,0,,,
65.484,odom,map,0.382232,-0.540079,-2.44247,0,0,0,,,
65.52,odom,map,0.380046,-0.541914,-2.4438,0,0,0,,,
65.556,odom,map,0.37781,-0.543787,-2.4453,0,0,0,,,
65.592,odom,map,0.375332,-0.545854,-2.44727,0,0,0,,,
65.628,odom,map,0.372564,-0.548153,-2.45001,0,0,0,,,
65.592,ekf_predict_only,map,0.237691,-0.515236,-2.58699,53.0571,48.0224,3.74861,,,
65.592,kf,map,0.348616,-0.514408,-2.51225,0.0386488,0.0933182,-0.022134,0.188958,,
65.592,ekf,map,0.347226,-0.509954,-2.51458,0.0361409,0.0645964,-0.0115357,0.103667,,
65.592,pf,map,0.374763,-0.513765,-2.51056,0.0334869,0.0563986,-0.00420557,7.56954,380.293,0
65.664,odom,map,0.369727,-0.550495,-2.453,0,0,0,,,
65.7,odom,map,0.366734,-0.55295,-2.45634,0,0,0,,,
65.736,odom,map,0.363802,-0.555338,-2.46036,0,0,0,,,
65.772,odom,map,0.360903,-0.557675,-2.4654,0,0,0,,,
65.808,odom,map,0.357739,-0.5602,-2.4707,0,0,0,,,
65.808,kf,map,0.330496,-0.526821,-2.5351,0.0388985,0.0934177,-0.0223901,0.10225,,
65.808,ekf_predict_only,map,0.217044,-0.528026,-2.61878,53.5472,47.9416,3.48976,,,
65.808,ekf,map,0.32858,-0.521061,-2.53812,0.036773,0.0664364,-0.0121904,0.113917,,
65.808,pf,map,0.319572,-0.51426,-2.52732,0.0382703,0.0615492,-0.00919404,7.14071,379.092,0
65.844,odom,map,0.354464,-0.562784,-2.4766,0,0,0,,,
65.88,odom,map,0.351397,-0.565174,-2.48321,0,0,0,,,
65.916,odom,map,0.348693,-0.56725,-2.4908,0,0,0,,,
65.952,odom,map,0.346097,-0.56921,-2.49895,0,0,0,,,
65.988,odom,map,0.343277,-0.571303,-2.50724,0,0,0,,,
65.988,ekf_predict_only,map,0.203227,-0.535988,-2.66745,53.8923,47.9274,3.30995,,,
65.988,kf,map,0.321553,-0.53376,-2.57599,0.0389098,0.0930562,-0.0224523,0.184666,,
65.988,ekf,map,0.320285,-0.529602,-2.57818,0.0364351,0.0657257,-0.0121384,0.1815,,
66.024,odom,map,0.3405,-0.573328,-2.51632,0,0,0,,,
65.988,pf,map,0.329224,-0.529595,-2.56457,0.039028,0.0684414,-0.0166329,7.6645,342.532,0
66.06,odom,map,0.338092,-0.575049,-2.52654,0,0,0,,,
66.096,odom,map,0.335765,-0.576675,-2.53701,0,0,0,,,
66.132,odom,map,0.33359,-0.57816,-2.5481,0,0,0,,,
66.168,odom,map,0.331483,-0.579564,-2.55978,0,0,0,,,
66.204,odom,map,0.329282,-0.580991,-2.57248,0,0,0,,,
66.204,ekf_predict_only,map,0.188816,-0.543384,-2.74552,54.2217,47.914,3.1156,,,
66.204,ekf,map,0.293648,-0.538019,-2.64106,0.0370104,0.0672248,-0.0126525,0.106667,,
66.204,kf,map,0.297029,-0.545808,-2.63723,0.0390918,0.0932243,-0.0226234,1.57629,,
66.204,pf,map,0.287854,-0.580527,-2.62737,0.0322099,0.0591528,-0.0104179,6.69904,399.164,0
66.24,odom,map,0.326999,-0.582431,-2.58549,0,0,0,,,
66.276,odom,map,0.324625,-0.583885,-2.59906,0,0,0,,,
66.312,odom,map,0.322144,-0.585356,-2.61323,0,0,0,,,
66.348,odom,map,0.319539,-0.586852,-2.62802,0,0,0,,,
66.384,odom,map,0.316787,-0.588376,-2.64308,0,0,0,,,
66.384,ekf_predict_only,map,0.17204,-0.550399,-2.82287,54.5407,47.8896,2.87977,,,
66.384,kf,map,0.284598,-0.552373,-2.71889,0.0390542,0.0929119,-0.0226253,0.095417,,
66.384,ekf,map,0.285328,-0.55422,-2.71829,0.0366346,0.0667679,-0.0125975,0.102208,,
66.42,odom,map,0.313716,-0.590017,-2.65851,0,0,0,,,
66.402,amcl,map,0.299804,-0.595814,-2.66627,0.0333793,0.0212116,0.0077593,,,
66.384,pf,map,0.283532,-0.569537,-2.70674,0.0307077,0.0571975,-0.0086,8.6385,380.424,0
66.456,odom,map,0.310223,-0.591814,-2.67411,0,0,0,,,
66.492,odom,map,0.306599,-0.593607,-2.68974,0,0,0,,,
66.528,odom,map,0.302721,-0.595451,-2.70571,0,0,0,,,
66.564,odom,map,0.298549,-0.597353,-2.72195,0,0,0,,,
66.6,odom,map,0.294074,-0.599305,-2.73836,0,0,0,,,
66.6,ekf_predict_only,map,0.143381,-0.559856,-2.92164,54.9381,47.7956,2.46106,,,
66.6,ekf,map,0.215779,-0.581098,-2.81169,0.093504,0.102098,-0.00364992,0.05575,,
66.6,kf,map,0.220102,-0.577005,-2.81306,0.0831886,0.0990124,-0.0066475,0.060458,,
66.6,pf,map,0.268123,-0.56189,-2.79058,0.0313979,0.057482,-0.00867791,8.15883,385.877,0
66.636,odom,map,0.289432,-0.60124,-2.75482,0,0,0,,,
66.672,odom,map,0.284621,-0.603153,-2.77131,0,0,0,,,
66.708,odom,map,0.279467,-0.605104,-2.78777,0,0,0,,,
66.744,odom,map,0.273922,-0.6071,-2.80424,0,0,0,,,
66.78,odom,map,0.268303,-0.609019,-2.82072,0,0,0,,,
66.816,odom,map,0.262446,-0.610912,-2.83719,0,0,0,,,
66.816,ekf,map,0.154021,-0.600011,-2.90703,0.112822,0.114868,-0.000881553,0.104584,,
66.816,kf,map,0.160019,-0.596709,-2.90824,0.0968393,0.100883,-0.00169878,0.118625,,
66.816,ekf_predict_only,map,0.106939,-0.568003,-3.02038,55.2964,47.6832,1.90709,,,
66.816,pf,map,0.178925,-0.543692,-2.89654,0.0683557,0.0869349,0.00218657,5.26867,743.268,0
66.852,odom,map,0.256217,-0.612813,-2.85341,0,0,0,,,
66.888,odom,map,0.249849,-0.614645,-2.86959,0,0,0,,,
66.924,odom,map,0.243254,-0.616426,-2.88563,0,0,0,,,
66.96,odom,map,0.236242,-0.618202,-2.90147,0,0,0,,,
66.996,odom,map,0.228804,-0.619961,-2.917,0,0,0,,,
67.032,odom,map,0.221196,-0.621637,-2.93245,0,0,0,,,
66.996,ekf_predict_only,map,0.0682732,-0.572713,-3.09764,55.5467,47.5997,1.3017,,,
66.996,ekf,map,0.106457,-0.61066,-2.98419,0.114414,0.1149,-0.000206006,0.230459,,
67.002,amcl,map,0.21052,-0.610587,-2.93335,0.0343701,0.0211474,0.00806792,,,
66.996,kf,map,0.110677,-0.608775,-2.9848,0.100018,0.101019,-0.000420286,0.945625,,
66.996,pf,map,0.0995355,-0.536426,-2.9865,0.0907405,0.105671,0.000147503,5.67596,682.259,0
67.068,odom,map,0.213211,-0.623267,-2.94781,0,0,0,,,
67.104,odom,map,0.204868,-0.624838,-2.96289,0,0,0,,,
67.14,odom,map,0.19611,-0.626352,-2.97747,0,0,0,,,
67.176,odom,map,0.186963,-0.6278,-2.9918,0,0,0,,,
67.212,odom,map,0.176787,-0.629383,-3.00679,0,0,0,,,
67.212,ekf_predict_only,map,0.0113551,-0.575216,3.10131,55.7268,47.5085,0.395311,,,
67.212,kf,map,0.0509415,-0.617629,-3.07105,0.101157,0.101401,-0.0001024,0.06175,,
67.212,ekf,map,0.048638,-0.618368,-3.07113,0.117041,0.117229,-6.21797e-05,0.118958,,
67.212,pf,map,0.0246512,-0.55754,-3.05415,0.0950022,0.100231,0.00240446,4.61725,658.808,0
67.248,odom,map,0.164287,-0.6314,-3.02323,0,0,0,,,
67.284,odom,map,0.151386,-0.633273,-3.03917,0,0,0,,,
67.32,odom,map,0.138245,-0.63498,-3.05489,0,0,0,,,
67.356,odom,map,0.124994,-0.636504,-3.07043,0,0,0,,,
67.392,odom,map,0.111526,-0.637853,-3.08527,0,0,0,,,
67.428,odom,map,0.1001,-0.638565,-3.09741,0,0,0,,,
67.392,kf,map,-0.00279825,-0.620367,-3.13233,0.101087,0.101147,-2.50313e-05,0.061,,
67.392,ekf_predict_only,map,-0.0417643,-0.573075,3.04547,55.7582,47.5151,-0.456527,,,
67.392,ekf,map,-0.00389081,-0.620412,-3.13313,0.115051,0.115214,-3.31528e-05,1.0995,,
67.392,pf,map,-0.0384957,-0.560689,-3.11359,0.100961,0.113338,-0.00621559,6.50867,650.466,0
67.464,odom,map,0.0894752,-0.638976,-3.10858,0,0,0,,,
67.5,odom,map,0.0786401,-0.639274,-3.11932,0,0,0,,,
67.536,odom,map,0.0677538,-0.639461,-3.12946,0,0,0,,,
67.572,odom,map,0.0568196,-0.639541,-3.13897,0,0,0,,,
67.608,odom,map,0.0458467,-0.639518,3.13491,0,0,0,,,
67.608,ekf,map,-0.0690265,-0.61874,3.08912,0.117089,0.117356,-3.30024e-05,0.064917,,
67.608,ekf_predict_only,map,-0.107527,-0.566735,2.99282,55.6561,47.6136,-1.50479,,,
67.608,kf,map,-0.0686019,-0.619221,3.09064,0.101418,0.101432,-6.08074e-06,0.056958,,
67.602,amcl,map,0.0390831,-0.635688,3.13421,0.0381209,0.0177048,0.00552912,,,
67.608,pf,map,-0.09723,-0.570328,3.10639,0.0926837,0.0973435,-0.00457509,7.76833,652.876,0
67.644,odom,map,0.0348425,-0.639395,3.12601,0,0,0,,,
67.68,odom,map,0.0237721,-0.639176,3.11776,0,0,0,,,
67.716,odom,map,0.0125233,-0.638864,3.11005,0,0,0,,,
67.752,odom,map,0.00116288,-0.638463,3.1026,0,0,0,,,
67.788,odom,map,-0.0103464,-0.637973,3.09563,0,0,0,,,
67.824,odom,map,-0.0221355,-0.635737,3.08934,0,0,0,,,
67.788,ekf_predict_only,map,-0.165806,-0.558,2.96193,55.4796,47.8181,-2.41943,,,
67.788,kf,map,-0.125903,-0.614628,3.0518,0.101151,0.101155,-1.48534e-06,0.1365,,
67.788,ekf,map,-0.125955,-0.613798,3.05504,0.115081,0.115392,-2.33585e-05,0.061375,,
67.788,pf,map,-0.144029,-0.563125,3.05569,0.102321,0.0987574,0.00573851,10.2767,644.881,0
67.86,odom,map,-0.0341278,-0.63249,3.08428,0,0,0,,,
67.896,odom,map,-0.0461282,-0.629198,3.08075,0,0,0,,,
67.932,odom,map,-0.0581456,-0.62587,3.07814,0,0,0,,,
67.968,odom,map,-0.0701493,-0.622527,3.07738,0,0,0,,,
68.004,odom,map,-0.0821849,-0.619327,3.07795,0,0,0,,,
68.004,ekf_predict_only,map,-0.236104,-0.545233,2.96899,55.1795,48.177,-3.49751,,,
68.004,kf,map,-0.19593,-0.606684,3.0415,0.101433,0.101434,-3.60763e-07,0.056459,,
68.004,ekf,map,-0.195751,-0.605607,3.04014,0.117156,0.117605,-1.20611e-05,0.065458,,
68.004,pf,map,-0.195759,-0.571655,3.03184,0.101261,0.101124,-0.00169182,6.20942,624.17,0
68.04,odom,map,-0.0940692,-0.618577,3.07912,0,0,0,,,
68.076,odom,map,-0.106069,-0.617836,3.08107,0,0,0,,,
68.112,odom,map,-0.118061,-0.617128,3.08448,0,0,0,,,
68.148,odom,map,-0.13003,-0.616469,3.08872,0,0,0,,,
68.184,odom,map,-0.142024,-0.615861,3.0935,0,0,0,,,
68.184,kf,map,-0.254955,-0.599608,3.05701,0.101155,0.101155,-8.81194e-08,0.117542,,
68.184,ekf,map,-0.254757,-0.598501,3.05405,0.115147,0.1156,3.11605e-06,0.107875,,
68.22,odom,map,-0.154001,-0.615319,3.09952,0,0,0,,,
68.184,ekf_predict_only,map,-0.295108,-0.534946,3.00171,54.9606,48.6067,-4.38337,,,
68.184,pf,map,-0.273265,-0.567961,3.05449,0.108982,0.101615,0.00365481,8.84788,629.174,0
68.256,odom,map,-0.165996,-0.614856,3.10669,0,0,0,,,
68.292,odom,map,-0.178002,-0.614482,3.11429,0,0,0,,,
68.328,odom,map,-0.189885,-0.614205,3.12255,0,0,0,,,
68.364,odom,map,-0.201662,-0.614034,3.13181,0,0,0,,,
68.4,odom,map,-0.213326,-0.613978,-3.14115,0,0,0,,,
68.4,ekf,map,-0.32492,-0.592221,3.10102,0.117222,0.117793,2.03842e-05,0.070125,,
68.4,ekf_predict_only,map,-0.364142,-0.525225,3.06606,54.7621,49.2234,-5.40684,,,
68.4,kf,map,-0.324967,-0.593284,3.1048,0.101434,0.101434,-2.14024e-08,0.104375,,
68.4,amcl,map,-0.223979,-0.638473,3.12645,0.0385105,0.0175953,-0.000685909,,,
68.4,pf,map,-0.351166,-0.563897,3.11646,0.112433,0.10594,0.00117417,5.94558,624.705,0
68.436,odom,map,-0.226245,-0.615739,-3.13112,0,0,0,,,
68.472,odom,map,-0.239048,-0.617655,-3.12058,0,0,0,,,
68.508,odom,map,-0.251691,-0.619686,-3.10908,0,0,0,,,
68.544,odom,map,-0.264155,-0.621837,-3.09661,0,0,0,,,
68.58,odom,map,-0.276558,-0.624119,-3.08391,0,0,0,,,
68.616,odom,map,-0.288243,-0.625861,-3.07048,0,0,0,,,
68.616,ekf_predict_only,map,-0.42876,-0.520335,-3.13246,54.713,49.9352,-6.36872,,,
68.616,kf,map,-0.391369,-0.591278,-3.10698,0.101502,0.101502,-5.19108e-09,0.246334,,
68.616,ekf,map,-0.39159,-0.590488,-3.11066,0.117947,0.118555,2.93947e-05,0.063167,,
68.616,pf,map,-0.429921,-0.548824,-3.09815,0.0955788,0.0943746,-5.21705e-05,6.02504,632.39,0
68.652,odom,map,-0.298734,-0.626684,-3.05579,0,0,0,,,
68.688,odom,map,-0.308838,-0.627631,-3.04028,0,0,0,,,
68.724,odom,map,-0.318828,-0.628726,-3.02451,0,0,0,,,
68.76,odom,map,-0.328498,-0.629942,-3.00827,0,0,0,,,
68.796,odom,map,-0.337909,-0.631284,-2.99163,0,0,0,,,
68.832,odom,map,-0.34712,-0.632755,-2.97452,0,0,0,,,
68.796,ekf_predict_only,map,-0.474969,-0.520757,-3.04522,54.8258,50.5489,-7.07395,,,
68.796,ekf,map,-0.440692,-0.593273,-3.03353,0.115328,0.115839,2.4061e-05,0.060625,,
68.796,kf,map,-0.440226,-0.593754,-3.03049,0.101172,0.101172,-1.26754e-09,0.138459,,
68.796,pf,map,-0.489427,-0.563633,-3.01262,0.0992251,0.0961719,-0.00209258,9.74871,646.645,0
68.868,odom,map,-0.35622,-0.634371,-2.95707,0,0,0,,,
68.904,odom,map,-0.365192,-0.636127,-2.93945,0,0,0,,,
68.94,odom,map,-0.373788,-0.637968,-2.92141,0,0,0,,,
68.976,odom,map,-0.382017,-0.639889,-2.90311,0,0,0,,,
69.012,odom,map,-0.390167,-0.641949,-2.88477,0,0,0,,,
69.012,ekf_predict_only,map,-0.525175,-0.525611,-2.93514,55.0739,51.2794,-7.87009,,,
69.012,kf,map,-0.492993,-0.601039,-2.92737,0.101438,0.101438,-3.07835e-10,0.072916,,
69.012,ekf,map,-0.49361,-0.600929,-2.92969,0.117174,0.117714,1.7424e-05,0.065375,,
69,amcl,map,-0.388257,-0.651327,-2.90738,0.0422951,0.0213378,-0.00423331,,,
69.012,pf,map,-0.541496,-0.568457,-2.92349,0.105372,0.0957776,0.00187483,5.13975,632.985,0
69.048,odom,map,-0.398088,-0.644108,-2.86606,0,0,0,,,
69.084,odom,map,-0.405607,-0.64631,-2.84689,0,0,0,,,
69.12,odom,map,-0.412767,-0.648559,-2.82754,0,0,0,,,
69.156,odom,map,-0.419798,-0.650918,-2.80816,0,0,0,,,
69.192,odom,map,-0.426594,-0.653345,-2.78862,0,0,0,,,
69.192,ekf_predict_only,map,-0.557693,-0.532421,-2.83458,55.3828,51.8282,-8.41585,,,
69.228,odom,map,-0.433373,-0.657357,-2.77015,0,0,0,,,
69.192,kf,map,-0.46298,-0.592907,-2.83147,0.0378093,0.0968076,-0.016597,0.810458,,
69.192,ekf,map,-0.460883,-0.590579,-2.83233,0.0383771,0.0864168,-0.0134647,0.105333,,
69.192,pf,map,-0.451131,-0.587663,-2.82023,0.0454074,0.0772403,-0.0189335,8.52108,322.339,0
69.264,odom,map,-0.440178,-0.662046,-2.75215,0,0,0,,,
69.3,odom,map,-0.446728,-0.666739,-2.73403,0,0,0,,,
69.336,odom,map,-0.452917,-0.671383,-2.71573,0,0,0,,,
69.372,odom,map,-0.458708,-0.675946,-2.69728,0,0,0,,,
69.408,odom,map,-0.463954,-0.679938,-2.67835,0,0,0,,,
69.408,ekf,map,-0.47158,-0.599734,-2.71499,0.0363093,0.0874803,-0.0144205,0.100209,,
69.408,ekf_predict_only,map,-0.587707,-0.541936,-2.71116,55.777,52.3706,-8.95,,,
69.408,kf,map,-0.473285,-0.598975,-2.71511,0.035584,0.0968681,-0.0173406,0.132875,,
69.402,amcl,map,-0.463315,-0.662528,-2.69117,0.0351961,0.0221884,-0.00786772,,,
69.408,pf,map,-0.474054,-0.605982,-2.71224,0.0350974,0.0694611,-0.0136742,6.04237,425.018,0
69.444,odom,map,-0.468476,-0.682254,-2.65764,0,0,0,,,
69.48,odom,map,-0.472603,-0.684478,-2.63685,0,0,0,,,
69.516,odom,map,-0.476369,-0.686609,-2.61591,0,0,0,,,
69.552,odom,map,-0.479966,-0.688747,-2.59493,0,0,0,,,
69.588,odom,map,-0.483255,-0.690795,-2.57385,0,0,0,,,
69.588,kf,map,-0.492618,-0.608647,-2.60272,0.0354415,0.0965318,-0.0174302,0.168625,,
69.588,ekf,map,-0.493799,-0.603961,-2.60419,0.0358495,0.0857399,-0.0142405,0.173666,,
69.624,odom,map,-0.486154,-0.692686,-2.5528,0,0,0,,,
69.588,ekf_predict_only,map,-0.602054,-0.548524,-2.60603,56.0823,52.6916,-9.22432,,,
69.588,pf,map,-0.480932,-0.581991,-2.60809,0.0393754,0.0770032,-0.0153946,7.06167,455.164,0
69.66,odom,map,-0.48863,-0.694376,-2.53181,0,0,0,,,
69.696,odom,map,-0.490939,-0.696025,-2.51084,0,0,0,,,
69.732,odom,map,-0.493114,-0.697648,-2.4899,0,0,0,,,
69.768,odom,map,-0.494915,-0.69905,-2.46908,0,0,0,,,
69.804,odom,map,-0.496523,-0.700345,-2.44834,0,0,0,,,
69.804,ekf_predict_only,map,-0.612908,-0.554965,-2.48127,56.3843,52.963,-9.44537,,,
69.804,kf,map,-0.505795,-0.61748,-2.48395,0.0355943,0.0967223,-0.0176134,0.186583,,
69.804,ekf,map,-0.506102,-0.616851,-2.48447,0.0363264,0.0873141,-0.0146359,0.164167,,
69.801,amcl,map,-0.500609,-0.674235,-2.47386,0.0340884,0.0204217,-0.00494994,,,
69.804,pf,map,-0.487131,-0.635292,-2.48019,0.0339255,0.0657729,-0.0103048,8.90317,437.544,0
69.84,odom,map,-0.497536,-0.700977,-2.42834,0,0,0,,,
69.876,odom,map,-0.498357,-0.701487,-2.40847,0,0,0,,,
69.912,odom,map,-0.49889,-0.701772,-2.3887,0,0,0,,,
69.948,odom,map,-0.499317,-0.701992,-2.36894,0,0,0,,,
69.984,odom,map,-0.499651,-0.702147,-2.34939,0,0,0,,,
70.02,odom,map,-0.500054,-0.702492,-2.32972,0,0,0,,,
69.984,ekf_predict_only,map,-0.615975,-0.557346,-2.38135,56.5593,53.1121,-9.51273,,,
69.984,kf,map,-0.514792,-0.623024,-2.35889,0.0355567,0.0964093,-0.0176439,0.107625,,
69.984,ekf,map,-0.519294,-0.607419,-2.36384,0.035948,0.0856725,-0.0144183,0.09425,,
69.984,pf,map,-0.512936,-0.577897,-2.3831,0.0341969,0.0878443,-0.0103207,10.727,422.469,0
70.056,odom,map,-0.500461,-0.702928,-2.30993,0,0,0,,,
70.092,odom,map,-0.500774,-0.703279,-2.29024,0,0,0,,,
70.128,odom,map,-0.501016,-0.70356,-2.27056,0,0,0,,,
70.164,odom,map,-0.501114,-0.703678,-2.25109,0,0,0,,,
70.2,odom,map,-0.501083,-0.703639,-2.23179,0,0,0,,,
70.2,ekf_predict_only,map,-0.615759,-0.557141,-2.26557,56.6529,53.2086,-9.50768,,,
70.2,ekf,map,-0.52664,-0.620801,-2.25758,0.0363013,0.0871904,-0.0145779,0.211208,,
70.2,amcl,map,-0.517683,-0.689185,-2.24318,0.0307863,0.019798,-0.00386399,,,
70.2,kf,map,-0.524389,-0.626926,-2.25464,0.0356637,0.0966526,-0.017734,0.645792,,
70.2,pf,map,-0.534803,-0.540392,-2.29322,0.0283679,0.0883941,-0.0117703,6.49858,417.634,0
70.236,odom,map,-0.501451,-0.701042,-2.21341,0,0,0,,,
70.272,odom,map,-0.501679,-0.698161,-2.19547,0,0,0,,,
70.308,odom,map,-0.50184,-0.695172,-2.17784,0,0,0,,,
70.344,odom,map,-0.501996,-0.692157,-2.1603,0,0,0,,,
70.38,odom,map,-0.502144,-0.689111,-2.14289,0,0,0,,,
70.416,ekf_predict_only,map,-0.612974,-0.553799,-2.15908,56.6477,53.2641,-9.43711,,,
70.416,kf,map,-0.524074,-0.625278,-2.15103,0.0356543,0.0967334,-0.0177202,0.223291,,
70.416,ekf,map,-0.525045,-0.622633,-2.1523,0.0363962,0.0876043,-0.014744,0.1045,,
70.416,odom,map,-0.502063,-0.686966,-2.12558,0,0,0,,,
70.416,pf,map,-0.539453,-0.549723,-2.18741,0.0346364,0.0762084,-0.0137726,6.50629,435.335,0
70.452,odom,map,-0.501675,-0.686327,-2.10807,0,0,0,,,
70.488,odom,map,-0.501292,-0.685672,-2.09072,0,0,0,,,
70.524,odom,map,-0.500954,-0.685069,-2.07356,0,0,0,,,
70.56,odom,map,-0.50062,-0.684448,-2.05679,0,0,0,,,
70.596,odom,map,-0.500268,-0.68377,-2.04062,0,0,0,,,
70.596,kf,map,-0.524315,-0.623255,-2.04507,0.0355344,0.0964484,-0.0176073,0.10125,,
70.632,odom,map,-0.500519,-0.68169,-2.02687,0,0,0,,,
70.596,ekf_predict_only,map,-0.610831,-0.550587,-2.07884,56.6469,53.33,-9.37793,,,
70.596,ekf,map,-0.528952,-0.606537,-2.05044,0.0358852,0.0856447,-0.0143347,0.11125,,
70.596,pf,map,-0.537838,-0.57353,-2.06915,0.033786,0.0677511,-0.00689963,7.13054,437.109,0
70.668,odom,map,-0.500834,-0.679374,-2.01367,0,0,0,,,
70.704,odom,map,-0.501151,-0.677022,-2.00081,0,0,0,,,
70.74,odom,map,-0.501483,-0.674662,-1.98832,0,0,0,,,
70.776,odom,map,-0.501832,-0.672295,-1.97599,0,0,0,,,
70.812,odom,map,-0.50198,-0.6704,-1.96307,0,0,0,,,
70.812,ekf_predict_only,map,-0.608266,-0.54598,-1.99089,56.6029,53.3893,-9.30132,,,
70.812,kf,map,-0.511243,-0.616097,-1.96875,0.0355689,0.0967514,-0.0175705,0.667042,,
70.8,amcl,map,-0.537909,-0.687188,-1.97893,0.0233164,0.0189171,0.000911349,,,
70.812,ekf,map,-0.512378,-0.60987,-1.97168,0.0361683,0.0870628,-0.0143601,0.103292,,
70.812,pf,map,-0.50892,-0.606129,-1.97475,0.0318068,0.0704853,-0.013271,7.99579,428.951,0
70.848,odom,map,-0.501662,-0.669614,-1.94869,0,0,0,,,
70.884,odom,map,-0.501428,-0.669015,-1.93488,0,0,0,,,
70.92,odom,map,-0.501425,-0.669009,-1.92339,0,0,0,,,
70.956,odom,map,-0.501425,-0.669009,-1.91449,0,0,0,,,
70.992,odom,map,-0.501425,-0.669009,-1.90819,0,0,0,,,
70.992,ekf_predict_only,map,-0.608266,-0.54598,-1.99089,56.7029,53.4893,-9.30132,,,
70.992,kf,map,-0.520536,-0.618137,-1.9109,0.0354731,0.096494,-0.0174991,0.094375,,
70.992,ekf,map,-0.526962,-0.595252,-1.91766,0.0358456,0.0853858,-0.0142245,0.099792,,
71.028,odom,map,-0.502737,-0.670116,-1.90348,0,0,0,,,
70.992,pf,map,-0.516223,-0.633655,-1.89825,0.034132,0.0747672,-0.0133319,9.83088,395.13,0
71.064,odom,map,-0.504556,-0.671649,-1.90097,0,0,0,,,
71.1,odom,map,-0.506377,-0.673182,-1.89959,0,0,0,,,
71.136,odom,map,-0.508201,-0.674715,-1.89822,0,0,0,,,
71.172,odom,map,-0.510027,-0.676247,-1.89684,0,0,0,,,
71.208,odom,map,-0.51145,-0.677439,-1.89577,0,0,0,,,
71.208,ekf_predict_only,map,-0.608266,-0.54598,-1.99089,56.8029,53.5893,-9.30132,,,
71.208,kf,map,-0.514416,-0.616297,-1.9029,0.035554,0.0967625,-0.017544,0.107834,,
71.208,ekf,map,-0.518417,-0.600117,-1.90883,0.0361627,0.0871021,-0.0143345,0.200292,,
71.208,pf,map,-0.508209,-0.590667,-1.9109,0.0381717,0.087708,-0.00558211,9.43267,416.396,0
71.244,odom,map,-0.511553,-0.677746,-1.8957,0,0,0,,,
71.28,odom,map,-0.512053,-0.67923,-1.89591,0,0,0,,,
71.316,odom,map,-0.512834,-0.681546,-1.89625,0,0,0,,,
71.352,odom,map,-0.513779,-0.684344,-1.89649,0,0,0,,,
71.388,odom,map,-0.514998,-0.687954,-1.89602,0,0,0,,,
71.424,odom,map,-0.516421,-0.692184,-1.89437,0,0,0,,,
71.388,kf,map,-0.507944,-0.628948,-1.89572,0.0356514,0.096314,-0.017806,0.139208,,
71.388,ekf,map,-0.510859,-0.615428,-1.90123,0.0359276,0.0857189,-0.0144087,0.094,,
71.388,ekf_predict_only,map,-0.617958,-0.567678,-1.97916,57.5868,53.844,-9.62724,,,
71.388,pf,map,-0.494396,-0.642841,-1.88878,0.031727,0.0851322,-0.011588,13.0515,446.536,0
71.46,odom,map,-0.517927,-0.696692,-1.89203,0,0,0,,,
71.496,odom,map,-0.519496,-0.70143,-1.88916,0,0,0,,,
71.532,odom,map,-0.521206,-0.706651,-1.88512,0,0,0,,,
71.568,odom,map,-0.523037,-0.712331,-1.8799,0,0,0,,,
71.604,odom,map,-0.525153,-0.718264,-1.87445,0,0,0,,,
71.604,ekf_predict_only,map,-0.632585,-0.601483,-1.94531,58.7817,54.183,-10.1403,,,
71.604,kf,map,-0.530949,-0.661302,-1.87505,0.0360931,0.0962204,-0.0184518,0.124584,,
71.604,ekf,map,-0.534066,-0.651637,-1.87956,0.0367257,0.0872241,-0.0153767,0.117583,,
71.604,pf,map,-0.515848,-0.667305,-1.87579,0.032446,0.0842978,-0.0145132,8.06358,461.94,0
71.64,odom,map,-0.531853,-0.725785,-1.8717,0,0,0,,,
71.676,odom,map,-0.538694,-0.733706,-1.8683,0,0,0,,,
71.712,odom,map,-0.545697,-0.742108,-1.86426,0,0,0,,,
71.748,odom,map,-0.552777,-0.750737,-1.85982,0,0,0,,,
71.784,odom,map,-0.559932,-0.759594,-1.8549,0,0,0,,,
71.784,ekf_predict_only,map,-0.647944,-0.640559,-1.89846,60.1917,54.5412,-10.7262,,,
71.784,ekf,map,-0.546478,-0.685595,-1.84182,0.0367318,0.0858488,-0.0158476,0.112041,,
71.82,odom,map,-0.564441,-0.768165,-1.84718,0,0,0,,,
71.784,kf,map,-0.543604,-0.695248,-1.83757,0.0364453,0.0955164,-0.0190929,0.233084,,
71.784,pf,map,-0.557692,-0.659802,-1.84997,0.0293648,0.0741594,-0.0111607,7.40383,445.142,0
71.856,odom,map,-0.566751,-0.776465,-1.83718,0,0,0,,,
71.892,odom,map,-0.568994,-0.784854,-1.82691,0,0,0,,,
71.928,odom,map,-0.571225,-0.79357,-1.81592,0,0,0,,,
71.964,odom,map,-0.573437,-0.802632,-1.80455,0,0,0,,,
72,odom,map,-0.575579,-0.811863,-1.79311,0,0,0,,,
72,ekf_predict_only,map,-0.666241,-0.694387,-1.82982,62.1749,54.9585,-11.513,,,
72,ekf,map,-0.567206,-0.737274,-1.78049,0.0378485,0.0872945,-0.0172661,0.623875,,
72,kf,map,-0.564039,-0.746585,-1.77643,0.0371965,0.0951111,-0.0201375,0.373167,,
72,pf,map,-0.576071,-0.6922,-1.79087,0.0295279,0.0780205,-0.0120195,8.16896,424.118,0
72.036,odom,map,-0.577676,-0.821395,-1.78163,0,0,0,,,
72.072,odom,map,-0.579731,-0.83128,-1.77003,0,0,0,,,
72.108,odom,map,-0.581735,-0.841511,-1.75846,0,0,0,,,
72.144,odom,map,-0.583651,-0.851926,-1.74691,0,0,0,,,
72.18,odom,map,-0.58547,-0.862503,-1.73536,0,0,0,,,
72.216,ekf_predict_only,map,-0.683482,-0.759451,-1.76167,64.673,55.3671,-12.413,,,
72.216,odom,map,-0.587232,-0.873503,-1.72398,0,0,0,,,
72.216,ekf,map,-0.575502,-0.79659,-1.71527,0.0387839,0.0875572,-0.0186776,0.106791,,
72.216,kf,map,-0.572832,-0.805401,-1.71161,0.0380715,0.0943024,-0.0213451,0.140083,,
72.201,amcl,map,-0.591842,-0.869937,-1.73201,0.0265558,0.0234961,-0.00301311,,,
72.216,pf,map,-0.569995,-0.763909,-1.72429,0.0374551,0.0839539,-0.0152029,8.219,428.367,0
72.252,odom,map,-0.58888,-0.8846,-1.71262,0,0,0,,,
72.288,odom,map,-0.590417,-0.895808,-1.70147,0,0,0,,,
72.324,odom,map,-0.591838,-0.907103,-1.69046,0,0,0,,,
72.36,odom,map,-0.593148,-0.918522,-1.6797,0,0,0,,,
72.396,odom,map,-0.594339,-0.929984,-1.66902,0,0,0,,,
72.396,kf,map,-0.592599,-0.863219,-1.65821,0.0388061,0.0931633,-0.0223253,0.135459,,
72.432,odom,map,-0.595411,-0.941486,-1.65851,0,0,0,,,
72.396,ekf_predict_only,map,-0.69445,-0.816211,-1.70938,66.9742,55.6683,-13.1463,,,
72.396,ekf,map,-0.596193,-0.854396,-1.66171,0.038973,0.0852036,-0.0191791,0.172458,,
72.396,pf,map,-0.585804,-0.833692,-1.67147,0.0373225,0.0709965,-0.0139757,7.99171,444.482,0
72.468,odom,map,-0.596363,-0.952983,-1.64837,0,0,0,,,
72.504,odom,map,-0.597203,-0.964525,-1.63858,0,0,0,,,
72.54,odom,map,-0.597932,-0.976093,-1.62882,0,0,0,,,
72.576,odom,map,-0.598547,-0.987667,-1.61905,0,0,0,,,
72.612,odom,map,-0.599054,-0.999323,-1.60977,0,0,0,,,
72.612,ekf_predict_only,map,-0.704153,-0.885777,-1.65628,69.9113,55.9495,-13.9936,,,
72.612,kf,map,-0.597727,-0.929926,-1.60003,0.0399705,0.092332,-0.0236301,0.095625,,
72.612,ekf,map,-0.601324,-0.920533,-1.60349,0.0405037,0.0860464,-0.0208491,0.547334,,
72.612,pf,map,-0.595163,-0.898261,-1.61651,0.0402707,0.0725853,-0.0210861,7.8135,401.016,0
72.648,odom,map,-0.599457,-1.01093,-1.60115,0,0,0,,,
72.684,odom,map,-0.599759,-1.02253,-1.59255,0,0,0,,,
72.72,odom,map,-0.599962,-1.0341,-1.58427,0,0,0,,,
72.756,odom,map,-0.600073,-1.04566,-1.57657,0,0,0,,,
72.792,odom,map,-0.600098,-1.05728,-1.56938,0,0,0,,,
72.828,odom,map,-0.60004,-1.06891,-1.56226,0,0,0,,,
72.792,kf,map,-0.62575,-0.996906,-1.56735,0.0829721,0.098463,-0.00699083,0.05875,,
72.792,ekf,map,-0.630722,-0.992947,-1.56958,0.0922812,0.105034,-0.00681056,0.107208,,
72.792,ekf_predict_only,map,-0.709119,-0.943736,-1.62064,72.4925,56.1434,-14.6478,,,
72.792,pf,map,-0.63394,-0.971654,-1.58401,0.0878756,0.0883186,-0.000708377,5.86963,731.368,0
72.864,odom,map,-0.5999,-1.08052,-1.55546,0,0,0,,,
72.9,odom,map,-0.599689,-1.09197,-1.54923,0,0,0,,,
72.936,odom,map,-0.599407,-1.1034,-1.54307,0,0,0,,,
72.972,odom,map,-0.599059,-1.11474,-1.53725,0,0,0,,,
73.008,odom,map,-0.598892,-1.12618,-1.53245,0,0,0,,,
73.008,ekf_predict_only,map,-0.71254,-1.0123,-1.59864,75.666,56.3085,-15.3771,,,
73.008,kf,map,-0.612989,-1.05864,-1.52319,0.04389,0.0904201,-0.0251582,0.102958,,
73.008,ekf,map,-0.617653,-1.04712,-1.52675,0.0443919,0.0852006,-0.0224079,0.105958,,
73.002,amcl,map,-0.606605,-1.1023,-1.53233,0.0373867,0.0283171,-0.00732985,,,
73.008,pf,map,-0.620084,-1.01255,-1.53087,0.0363647,0.0705934,-0.0148757,12.0385,388.543,0
73.044,odom,map,-0.599546,-1.13788,-1.53018,0,0,0,,,
73.08,odom,map,-0.60019,-1.14961,-1.52934,0,0,0,,,
73.116,odom,map,-0.600836,-1.16128,-1.52917,0,0,0,,,
73.152,odom,map,-0.601501,-1.17283,-1.53066,0,0,0,,,
73.188,odom,map,-0.602203,-1.18429,-1.53355,0,0,0,,,
73.188,ekf_predict_only,map,-0.714106,-1.06853,-1.61401,78.3988,56.4384,-15.9513,,,
73.188,kf,map,-0.610806,-1.11423,-1.52153,0.0431584,0.0889006,-0.0266425,0.087375,,
73.188,ekf,map,-0.616509,-1.10162,-1.52569,0.0429689,0.0826103,-0.0233715,0.098583,,
73.224,odom,map,-0.602216,-1.1956,-1.53684,0,0,0,,,
73.188,pf,map,-0.598068,-1.11027,-1.51686,0.0353848,0.0662782,-0.0151099,18.6084,435.295,0
73.26,odom,map,-0.601851,-1.20689,-1.5404,0,0,0,,,
73.296,odom,map,-0.601533,-1.2182,-1.54528,0,0,0,,,
73.332,odom,map,-0.601279,-1.22959,-1.55185,0,0,0,,,
73.368,odom,map,-0.601102,-1.241,-1.55884,0,0,0,,,
73.404,odom,map,-0.601008,-1.25248,-1.56658,0,0,0,,,
73.404,ekf_predict_only,map,-0.717096,-1.13767,-1.67086,81.8754,56.5958,-16.6877,,,
73.404,ekf,map,-0.605906,-1.16115,-1.55735,0.0447054,0.0832093,-0.0249733,0.115333,,
73.404,kf,map,-0.598812,-1.17697,-1.55242,0.0444189,0.0878862,-0.0277701,0.67975,,
73.404,pf,map,-0.603495,-1.1886,-1.54441,0.0434976,0.0688378,-0.0139574,12.8732,437.862,0
73.44,odom,map,-0.60101,-1.264,-1.57566,0,0,0,,,
73.476,odom,map,-0.601121,-1.27554,-1.58513,0,0,0,,,
73.512,odom,map,-0.601344,-1.28709,-1.59526,0,0,0,,,
73.548,odom,map,-0.601688,-1.29864,-1.60587,0,0,0,,,
73.584,odom,map,-0.602151,-1.31008,-1.61712,0,0,0,,,
73.62,odom,map,-0.60275,-1.32146,-1.62961,0,0,0,,,
73.584,ekf_predict_only,map,-0.722784,-1.19432,-1.73332,84.8566,56.8058,-17.3799,,,
73.584,kf,map,-0.595284,-1.23068,-1.6157,0.0453656,0.0865869,-0.0284903,0.106667,,
73.584,ekf,map,-0.598316,-1.22413,-1.61833,0.0450095,0.0811643,-0.0251992,0.107333,,
73.584,pf,map,-0.58016,-1.23506,-1.60671,0.0446627,0.0692837,-0.022552,6.5885,420.438,0
73.656,odom,map,-0.603487,-1.33273,-1.64279,0,0,0,,,
73.692,odom,map,-0.604373,-1.34395,-1.65671,0,0,0,,,
73.728,odom,map,-0.605399,-1.35491,-1.67168,0,0,0,,,
73.764,odom,map,-0.606587,-1.36582,-1.68682,0,0,0,,,
73.8,odom,map,-0.607926,-1.37659,-1.70236,0,0,0,,,
73.8,ekf_predict_only,map,-0.733015,-1.25672,-1.83401,88.2502,57.1062,-18.2611,,,
73.8,kf,map,-0.625743,-1.30806,-1.71099,0.0850431,0.0971547,-0.00837096,0.065708,,
73.8,ekf,map,-0.630401,-1.30833,-1.71107,0.0968003,0.106446,-0.00800565,0.062334,,
73.8,amcl,map,-0.603727,-1.33125,-1.70369,0.0567022,0.0318143,-0.0117601,,,
73.8,pf,map,-0.625563,-1.29672,-1.68159,0.0924797,0.0893791,-0.0087345,6.37692,725.651,0
73.836,odom,map,-0.60951,-1.3831,-1.71812,0,0,0,,,
73.872,odom,map,-0.611249,-1.38941,-1.73417,0,0,0,,,
73.908,odom,map,-0.613157,-1.39573,-1.75073,0,0,0,,,
73.944,odom,map,-0.615201,-1.40186,-1.76783,0,0,0,,,
73.98,odom,map,-0.617379,-1.40777,-1.78541,0,0,0,,,
74.016,odom,map,-0.619658,-1.41507,-1.80389,0,0,0,,,
74.016,kf,map,-0.65515,-1.37852,-1.81703,0.0973133,0.100408,-0.00213923,0.061792,,
74.016,ekf_predict_only,map,-0.748648,-1.31473,-1.94849,91.5253,57.5189,-19.2692,,,
74.016,ekf,map,-0.660492,-1.38081,-1.81564,0.113929,0.115588,-0.00195689,0.103917,,
74.016,pf,map,-0.662729,-1.36004,-1.77898,0.112142,0.0992525,-0.00149881,6.12754,641.151,0
74.052,odom,map,-0.622064,-1.42479,-1.82297,0,0,0,,,
74.088,odom,map,-0.624616,-1.43432,-1.84235,0,0,0,,,
74.124,odom,map,-0.62728,-1.44353,-1.86213,0,0,0,,,
74.16,odom,map,-0.630022,-1.45235,-1.88225,0,0,0,,,
74.196,odom,map,-0.632922,-1.46106,-1.9024,0,0,0,,,
74.232,odom,map,-0.635953,-1.46958,-1.92272,0,0,0,,,
74.196,ekf,map,-0.682613,-1.43113,-1.91129,0.114821,0.114919,-0.000417574,0.057542,,
74.196,ekf_predict_only,map,-0.765116,-1.35624,-2.05081,93.9643,57.957,-20.1593,,,
74.196,kf,map,-0.678626,-1.42905,-1.91278,0.100135,0.100901,-0.000529257,0.059,,
74.202,amcl,map,-0.637603,-1.43035,-1.91915,0.0568116,0.0275056,-0.0122881,,,
74.196,pf,map,-0.672679,-1.40955,-1.86624,0.10663,0.0967241,-0.000233872,10.0685,635.427,0
74.268,odom,map,-0.63904,-1.47773,-1.94336,0,0,0,,,
74.304,odom,map,-0.642187,-1.48555,-1.96429,0,0,0,,,
74.34,odom,map,-0.645399,-1.49306,-1.98555,0,0,0,,,
74.376,odom,map,-0.648771,-1.5005,-2.00682,0,0,0,,,
74.412,odom,map,-0.652217,-1.5077,-2.02819,0,0,0,,,
74.412,ekf,map,-0.70517,-1.47884,-2.03537,0.117294,0.117129,-7.56149e-05,0.123958,,
74.412,kf,map,-0.702244,-1.47701,-2.03671,0.101186,0.101372,-0.000128951,0.058584,,
74.412,ekf_predict_only,map,-0.785697,-1.39577,-2.17961,96.3439,58.4919,-21.1704,,,
74.412,pf,map,-0.684097,-1.48354,-2.00113,0.107308,0.102383,0.00420391,4.55912,640.847,0
74.448,odom,map,-0.655483,-1.51416,-2.04965,0,0,0,,,
74.484,odom,map,-0.658824,-1.52043,-2.0711,0,0,0,,,
74.52,odom,map,-0.662189,-1.52643,-2.09265,0,0,0,,,
74.556,odom,map,-0.665363,-1.53182,-2.11431,0,0,0,,,
74.592,odom,map,-0.668585,-1.53702,-2.13599,0,0,0,,,
74.592,ekf_predict_only,map,-0.802203,-1.41945,-2.28927,97.8337,58.9508,-21.9122,,,
74.628,odom,map,-0.671317,-1.53902,-2.15853,0,0,0,,,
74.592,ekf,map,-0.723306,-1.50895,-2.14201,0.11523,0.115093,-1.95815e-05,0.061208,,
74.592,kf,map,-0.721272,-1.5075,-2.14302,0.101094,0.10114,-3.15214e-05,0.059958,,
74.601,amcl,map,-0.684204,-1.50473,-2.1538,0.047451,0.0257592,-0.0107185,,,
74.592,pf,map,-0.724554,-1.5342,-2.10859,0.100325,0.0986044,-0.00118626,6.36896,622.34,0
74.664,odom,map,-0.673744,-1.53946,-2.18139,0,0,0,,,
74.7,odom,map,-0.676049,-1.5395,-2.20423,0,0,0,,,
74.736,odom,map,-0.678249,-1.53919,-2.22694,0,0,0,,,
74.772,odom,map,-0.680515,-1.53878,-2.24965,0,0,0,,,
74.808,odom,map,-0.682891,-1.53906,-2.2721,0,0,0,,,
74.808,ekf_predict_only,map,-0.818736,-1.43836,-2.4185,99.0569,59.4191,-22.6139,,,
74.808,ekf,map,-0.741844,-1.53411,-2.27078,0.117261,0.117143,-2.34764e-05,0.060833,,
74.808,kf,map,-0.740187,-1.53284,-2.27132,0.10142,0.101431,-7.65734e-06,0.055667,,
74.808,pf,map,-0.750436,-1.54152,-2.23928,0.0970464,0.101108,-0.00200394,4.48867,640.076,0
74.844,odom,map,-0.685658,-1.54227,-2.29366,0,0,0,,,
74.88,odom,map,-0.688338,-1.54524,-2.31525,0,0,0,,,
74.916,odom,map,-0.690995,-1.54807,-2.33686,0,0,0,,,
74.952,odom,map,-0.693617,-1.55074,-2.35835,0,0,0,,,
74.988,odom,map,-0.696258,-1.55331,-2.37979,0,0,0,,,
75.024,odom,map,-0.699823,-1.55449,-2.40179,0,0,0,,,
74.988,ekf_predict_only,map,-0.830915,-1.44911,-2.52321,99.8006,59.7962,-23.1009,,,
74.988,kf,map,-0.754724,-1.54827,-2.37708,0.101151,0.101154,-1.87045e-06,0.061125,,
75,amcl,map,-0.70968,-1.56008,-2.38412,0.0393967,0.023671,-0.00989201,,,
74.988,ekf,map,-0.755998,-1.54922,-2.377,0.11521,0.115131,-2.5985e-05,0.119583,,
74.988,pf,map,-0.748901,-1.55452,-2.34645,0.0975006,0.0910416,0.00179105,4.79988,637.227,0
75.06,odom,map,-0.703924,-1.55484,-2.42416,0,0,0,,,
75.096,odom,map,-0.707964,-1.55504,-2.44644,0,0,0,,,
75.132,odom,map,-0.711873,-1.55503,-2.46858,0,0,0,,,
75.168,odom,map,-0.715677,-1.55485,-2.49054,0,0,0,,,
75.204,odom,map,-0.719163,-1.55453,-2.51229,0,0,0,,,
75.204,ekf_predict_only,map,-0.841728,-1.4568,-2.64557,100.364,60.1463,-23.5153,,,
75.204,ekf,map,-0.769428,-1.56088,-2.50131,0.117271,0.117207,-3.12705e-05,0.063875,,
75.204,kf,map,-0.768272,-1.56009,-2.50108,0.101433,0.101434,-4.543e-07,0.056333,,
75.204,pf,map,-0.782314,-1.56717,-2.47023,0.111656,0.101948,0.000585916,5.26271,639.395,0
75.24,odom,map,-0.720964,-1.55581,-2.53268,0,0,0,,,
75.276,odom,map,-0.722637,-1.55695,-2.55286,0,0,0,,,
75.312,odom,map,-0.724121,-1.55792,-2.57281,0,0,0,,,
75.348,odom,map,-0.725545,-1.55881,-2.5927,0,0,0,,,
75.384,odom,map,-0.726816,-1.55957,-2.61239,0,0,0,,,
75.42,odom,map,-0.728824,-1.56009,-2.63162,0,0,0,,,
75.384,ekf_predict_only,map,-0.846876,-1.45958,-2.74183,100.632,60.3668,-23.7032,,,
75.384,kf,map,-0.77639,-1.56571,-2.60009,0.101155,0.101155,-1.10967e-07,0.076417,,
75.384,ekf,map,-0.777363,-1.56632,-2.60057,0.115224,0.115184,-2.4817e-05,0.099875,,
75.402,amcl,map,-0.7179,-1.59155,-2.61011,0.0435025,0.0194207,-0.0093965,,,
75.384,pf,map,-0.787645,-1.55957,-2.56627,0.091365,0.106699,-0.000226094,11.4274,628.173,0
75.456,odom,map,-0.731421,-1.56042,-2.65041,0,0,0,,,
75.492,odom,map,-0.733964,-1.5607,-2.6691,0,0,0,,,
75.528,odom,map,-0.736415,-1.56091,-2.68744,0,0,0,,,
75.564,odom,map,-0.738675,-1.56102,-2.70537,0,0,0,,,
75.6,odom,map,-0.740695,-1.561,-2.7229,0,0,0,,,
75.6,ekf,map,-0.781836,-1.56885,-2.71064,0.117282,0.117252,-2.2073e-05,0.142875,,
75.6,ekf_predict_only,map,-0.848265,-1.46017,-2.84675,100.767,60.4994,-23.7521,,,
75.6,kf,map,-0.780923,-1.56832,-2.70972,0.101434,0.101434,-2.69516e-08,0.057875,,
75.6,pf,map,-0.781139,-1.55469,-2.67881,0.0950395,0.0994032,-0.00377019,4.63529,650.253,0
75.636,odom,map,-0.740973,-1.5611,-2.74038,0,0,0,,,
75.672,odom,map,-0.741076,-1.56114,-2.75771,0,0,0,,,
75.708,odom,map,-0.740988,-1.56111,-2.77489,0,0,0,,,
75.744,odom,map,-0.740753,-1.56102,-2.79202,0,0,0,,,
75.78,odom,map,-0.740345,-1.56088,-2.80897,0,0,0,,,
75.816,ekf_predict_only,map,-0.844525,-1.45903,-2.94407,100.799,60.5117,-23.6258,,,
75.816,kf,map,-0.780267,-1.56825,-2.81196,0.101502,0.101502,-6.53701e-09,0.111958,,
75.816,ekf,map,-0.781108,-1.56872,-2.81314,0.117989,0.117968,-1.65359e-05,0.070041,,
75.816,odom,map,-0.739276,-1.56189,-2.82467,0,0,0,,,
75.816,pf,map,-0.786711,-1.54066,-2.78669,0.0933532,0.0990479,-0.00171831,4.51279,636.109,0
75.852,odom,map,-0.737341,-1.56479,-2.8389,0,0,0,,,
75.888,odom,map,-0.7353,-1.56766,-2.85291,0,0,0,,,
75.924,odom,map,-0.733155,-1.57051,-2.86677,0,0,0,,,
75.96,odom,map,-0.730925,-1.57334,-2.88018,0,0,0,,,
75.996,odom,map,-0.728626,-1.57616,-2.89302,0,0,0,,,
75.996,kf,map,-0.776524,-1.56738,-2.88897,0.101172,0.101172,-1.59618e-09,0.059333,,
76.032,odom,map,-0.727342,-1.57622,-2.90723,0,0,0,,,
75.996,ekf,map,-0.777138,-1.56774,-2.89017,0.115353,0.115341,-1.03553e-05,0.103959,,
75.996,ekf_predict_only,map,-0.8387,-1.45787,-3.01608,100.828,60.4759,-23.4364,,,
76.002,amcl,map,-0.728913,-1.5955,-2.8975,0.045855,0.0205945,-0.00559482,,,
75.996,pf,map,-0.786687,-1.54845,-2.84528,0.101617,0.0966644,-0.00484957,7.30438,639.03,0
76.068,odom,map,-0.7265,-1.57602,-2.92099,0,0,0,,,
76.104,odom,map,-0.726474,-1.57602,-2.93226,0,0,0,,,
76.14,odom,map,-0.726474,-1.57602,-2.94093,0,0,0,,,
76.176,odom,map,-0.726474,-1.57602,-2.94702,0,0,0,,,
76.212,odom,map,-0.72579,-1.57686,-2.95044,0,0,0,,,
76.212,ekf_predict_only,map,-0.8387,-1.45787,-3.01608,100.928,60.5759,-23.4364,,,
76.212,kf,map,-0.776429,-1.56765,-2.9207,0.101438,0.101438,-3.87649e-10,0.063792,,
76.212,ekf,map,-0.776641,-1.56788,-2.92612,0.117192,0.117183,-7.8131e-06,0.056667,,
76.212,pf,map,-0.789915,-1.5574,-2.93436,0.105016,0.0961867,-0.0025893,6.97842,631.489,0
76.248,odom,map,-0.723551,-1.57961,-2.95114,0,0,0,,,
76.284,odom,map,-0.721313,-1.58236,-2.9509,0,0,0,,,
76.32,odom,map,-0.719075,-1.58511,-2.95067,0,0,0,,,
76.356,odom,map,-0.716837,-1.58786,-2.95043,0,0,0,,,
76.392,odom,map,-0.714599,-1.59062,-2.9502,0,0,0,,,
76.428,odom,map,-0.713977,-1.59138,-2.95013,0,0,0,,,
76.392,ekf_predict_only,map,-0.8387,-1.45787,-3.01608,101.028,60.6759,-23.4364,,,
76.392,kf,map,-0.776382,-1.56779,-2.93677,0.101156,0.101156,-9.46845e-11,0.110042,,
76.392,ekf,map,-0.776459,-1.56791,-2.94128,0.115112,0.115107,-4.83065e-06,0.0545,,
76.392,pf,map,-0.786367,-1.53442,-2.91877,0.101162,0.104737,-0.00518927,10.5091,630.678,0
76.464,odom,map,-0.713977,-1.59138,-2.95013,0,0,0,,,
76.5,odom,map,-0.713977,-1.59138,-2.95013,0,0,0,,,
76.536,odom,map,-0.713977,-1.59138,-2.95013,0,0,0,,,
76.572,odom,map,-0.713977,-1.59138,-2.95013,0,0,0,,,
76.608,odom,map,-0.713977,-1.59138,-2.95013,0,0,0,,,
76.608,ekf_predict_only,map,-0.8387,-1.45787,-3.01608,101.128,60.7759,-23.4364,,,
76.608,ekf,map,-0.776386,-1.56792,-2.94783,0.117164,0.11716,-3.58541e-06,0.060916,,
76.608,kf,map,-0.776359,-1.56785,-2.94473,0.101435,0.101435,-2.29969e-11,0.057167,,
76.608,pf,map,-0.768953,-1.55789,-2.94346,0.107924,0.101157,-0.00231278,4.66954,644.717,0
76.644,odom,map,-0.713977,-1.59138,-2.95013,0,0,0,,,
76.68,odom,map,-0.713977,-1.59138,-2.95013,0,0,0,,,
76.716,odom,map,-0.713977,-1.59138,-2.95013,0,0,0,,,
76.752,odom,map,-0.713977,-1.59138,-2.95013,0,0,0,,,
76.788,odom,map,-0.713977,-1.59138,-2.95013,0,0,0,,,
76.788,ekf,map,-0.776357,-1.56792,-2.9505,0.115146,0.115144,-2.18986e-06,0.067375,,
76.824,odom,map,-0.715476,-1.5918,-2.95054,0,0,0,,,
76.788,ekf_predict_only,map,-0.8387,-1.45787,-3.01608,101.228,60.8759,-23.4364,,,
76.788,kf,map,-0.776348,-1.56789,-2.94864,0.101155,0.101155,-5.61716e-12,0.065625,,
76.788,pf,map,-0.781123,-1.55524,-2.94604,0.0952977,0.109385,0.00727024,5.42208,632.629,0
76.86,odom,map,-0.717822,-1.59246,-2.95118,0,0,0,,,
76.896,odom,map,-0.720169,-1.59312,-2.95183,0,0,0,,,
76.932,odom,map,-0.722517,-1.59378,-2.95247,0,0,0,,,
76.968,odom,map,-0.724865,-1.59444,-2.95311,0,0,0,,,
77.004,odom,map,-0.727083,-1.59506,-2.95372,0,0,0,,,
77.004,kf,map,-0.776342,-1.5679,-2.95058,0.101434,0.101434,-1.36429e-12,0.109584,,
77.004,ekf,map,-0.776345,-1.56792,-2.95165,0.117218,0.117216,-1.60609e-06,0.057166,,
77.004,ekf_predict_only,map,-0.8387,-1.45787,-3.01608,101.328,60.9759,-23.4364,,,
77.004,pf,map,-0.78932,-1.52995,-2.94748,0.104764,0.103744,-0.00156252,5.25896,647.585,0
77.04,odom,map,-0.727083,-1.59506,-2.95372,0,0,0,,,
77.076,odom,map,-0.727083,-1.59506,-2.95372,0,0,0,,,
77.112,odom,map,-0.72733,-1.59511,-2.95382,0,0,0,,,
77.148,odom,map,-0.728763,-1.59538,-2.95391,0,0,0,,,
77.184,odom,map,-0.73131,-1.59586,-2.95419,0,0,0,,,
77.184,ekf_predict_only,map,-0.854694,-1.45989,-3.01788,101.55,61.4515,-23.943,,,
77.184,kf,map,-0.7863,-1.56983,-2.95266,0.101155,0.101155,-3.3324e-13,0.060625,,
77.184,ekf,map,-0.785488,-1.56968,-2.95315,0.115189,0.115189,-1.29739e-06,0.748709,,
77.22,odom,map,-0.734478,-1.59646,-2.95455,0,0,0,,,
77.184,pf,map,-0.808297,-1.52266,-2.94979,0.0974832,0.108809,-0.000136748,8.29704,636.223,0
77.256,odom,map,-0.738039,-1.59714,-2.95488,0,0,0,,,
77.292,odom,map,-0.742418,-1.59797,-2.95476,0,0,0,,,
77.328,odom,map,-0.747629,-1.59895,-2.95417,0,0,0,,,
77.364,odom,map,-0.753286,-1.60003,-2.95345,0,0,0,,,
77.4,odom,map,-0.759168,-1.60115,-2.95262,0,0,0,,,
77.4,ekf_predict_only,map,-0.896486,-1.46508,-3.01034,101.965,62.5739,-25.271,,,
77.4,ekf,map,-0.816051,-1.57547,-2.94899,0.117254,0.117275,-4.8013e-06,0.12575,,
77.4,kf,map,-0.817901,-1.57587,-2.94829,0.101434,0.101434,-8.09373e-14,0.059334,,
77.4,pf,map,-0.806247,-1.5659,-2.95668,0.101031,0.106177,-0.00679664,4.83233,640.41,0
77.436,odom,map,-0.76574,-1.60241,-2.95145,0,0,0,,,
77.472,odom,map,-0.772819,-1.60378,-2.95026,0,0,0,,,
77.508,odom,map,-0.780112,-1.60519,-2.9491,0,0,0,,,
77.544,odom,map,-0.787636,-1.60666,-2.94802,0,0,0,,,
77.58,odom,map,-0.79538,-1.60819,-2.94727,0,0,0,,,
77.616,ekf_predict_only,map,-0.946443,-1.47168,-3.0066,102.465,63.9745,-26.8733,,,
77.616,odom,map,-0.803396,-1.60977,-2.94665,0,0,0,,,
77.616,ekf,map,-0.857914,-1.5837,-2.94534,0.117971,0.118035,-1.32401e-05,0.066708,,
77.616,kf,map,-0.859882,-1.58411,-2.94498,0.101502,0.101502,-1.9631e-14,0.203625,,
77.616,pf,map,-0.850208,-1.59109,-2.94738,0.106596,0.104128,0.00368988,6.68729,624.717,0
77.652,odom,map,-0.811635,-1.6114,-2.94602,0,0,0,,,
77.688,odom,map,-0.820073,-1.61307,-2.94563,0,0,0,,,
77.724,odom,map,-0.828838,-1.61481,-2.94544,0,0,0,,,
77.76,odom,map,-0.837858,-1.6166,-2.94561,0,0,0,,,
77.796,odom,map,-0.846904,-1.6184,-2.94583,0,0,0,,,
77.832,odom,map,-0.856086,-1.62022,-2.94635,0,0,0,,,
77.796,ekf_predict_only,map,-0.993237,-1.47803,-3.01017,102.952,65.3704,-28.387,,,
77.796,ekf,map,-0.89955,-1.59208,-2.94641,0.115345,0.115448,-2.11979e-05,0.057917,,
77.796,kf,map,-0.901103,-1.59236,-2.94654,0.101172,0.101172,-4.79343e-15,0.053292,,
77.796,pf,map,-0.910475,-1.58854,-2.93985,0.0975888,0.101989,0.000900006,14.3659,626.564,0
77.868,odom,map,-0.865523,-1.62208,-2.9473,0,0,0,,,
77.904,odom,map,-0.875141,-1.62396,-2.94865,0,0,0,,,
77.94,odom,map,-0.884814,-1.62585,-2.95014,0,0,0,,,
77.976,odom,map,-0.894642,-1.62774,-2.95196,0,0,0,,,
78.012,ekf_predict_only,map,-1.05342,-1.48599,-3.02625,103.539,67.2476,-30.3454,,,
78.012,ekf,map,-0.955958,-1.6033,-2.95698,0.117191,0.117386,-4.00305e-05,0.063583,,
78.012,odom,map,-0.904565,-1.62964,-2.95433,0,0,0,,,
78.012,kf,map,-0.957166,-1.60341,-2.95778,0.101438,0.101438,-1.16413e-15,0.057292,,
78.012,pf,map,-0.94446,-1.59472,-2.95556,0.0992189,0.10662,-0.00145003,8.02079,624.048,0
78.048,odom,map,-0.914508,-1.63151,-2.95701,0,0,0,,,
78.084,odom,map,-0.924492,-1.63336,-2.95994,0,0,0,,,
78.12,odom,map,-0.934527,-1.63518,-2.96339,0,0,0,,,
78.156,odom,map,-0.944748,-1.637,-2.96806,0,0,0,,,
78.192,odom,map,-0.955039,-1.63878,-2.97287,0,0,0,,,
78.192,kf,map,-1.00623,-1.61241,-2.9794,0.101156,0.101156,-2.84343e-16,0.065833,,
78.228,odom,map,-0.965307,-1.6405,-2.97823,0,0,0,,,
78.192,ekf_predict_only,map,-1.10504,-1.49197,-3.05583,104.006,68.9718,-32.0249,,,
78.192,ekf,map,-1.00599,-1.61265,-2.97959,0.115116,0.115349,-4.72857e-05,1.08754,,
78.192,pf,map,-1.02081,-1.59896,-2.95536,0.0930428,0.0978149,-0.000182136,7.22375,634.249,0
78.264,odom,map,-0.975761,-1.64219,-2.98464,0,0,0,,,
78.3,odom,map,-0.98632,-1.64382,-2.99132,0,0,0,,,
78.336,odom,map,-0.996921,-1.64539,-2.99828,0,0,0,,,
78.372,odom,map,-1.00762,-1.6469,-3.00573,0,0,0,,,
78.408,odom,map,-1.01832,-1.64831,-3.01389,0,0,0,,,
78.408,kf,map,-1.06874,-1.62218,-3.02101,0.101435,0.101435,-6.90609e-17,0.060792,,
78.408,ekf,map,-1.06841,-1.62241,-3.01976,0.117172,0.117514,-6.71134e-05,0.053208,,
78.408,ekf_predict_only,map,-1.16945,-1.49751,-3.10605,104.447,71.2273,-34.1019,,,
78.402,amcl,map,-1.00326,-1.64441,-3.03506,0.0584038,0.028523,-0.0131307,,,
78.408,pf,map,-1.0833,-1.61386,-3.00294,0.0963146,0.0947173,-0.00181865,5.67067,631.461,0
78.444,odom,map,-1.02901,-1.64964,-3.02226,0,0,0,,,
78.48,odom,map,-1.03975,-1.65088,-3.03082,0,0,0,,,
78.516,odom,map,-1.05061,-1.65204,-3.0399,0,0,0,,,
78.552,odom,map,-1.06133,-1.65308,-3.04954,0,0,0,,,
78.588,odom,map,-1.07197,-1.65401,-3.05928,0,0,0,,,
78.624,odom,map,-1.08266,-1.65484,-3.06939,0,0,0,,,
78.588,kf,map,-1.12159,-1.62796,-3.06495,0.101155,0.101155,-1.68686e-17,0.106917,,
78.588,ekf,map,-1.12136,-1.62815,-3.06346,0.115155,0.115504,-6.43162e-05,0.135167,,
78.588,ekf_predict_only,map,-1.2231,-1.49941,3.12611,104.665,73.2327,-35.7921,,,
78.588,pf,map,-1.15118,-1.62102,-3.02368,0.101834,0.0909814,0.00406823,9.06067,642.792,0
78.66,odom,map,-1.09331,-1.65556,-3.07976,0,0,0,,,
78.696,odom,map,-1.10372,-1.65615,-3.09057,0,0,0,,,
78.732,odom,map,-1.11408,-1.65662,-3.10144,0,0,0,,,
78.768,odom,map,-1.12437,-1.65698,-3.11243,0,0,0,,,
78.804,odom,map,-1.13468,-1.65722,-3.12365,0,0,0,,,
78.804,kf,map,-1.18358,-1.63163,-3.1274,0.101434,0.101434,-4.09705e-18,0.054834,,
78.804,ekf_predict_only,map,-1.28498,-1.49846,3.05853,104.706,75.6548,-37.6852,,,
78.804,ekf,map,-1.18351,-1.63169,-3.126,0.117228,0.117673,-7.26875e-05,0.056792,,
78.804,pf,map,-1.21861,-1.61549,-3.10571,0.102737,0.0855299,0.00182568,9.24308,626.251,0
78.84,odom,map,-1.14499,-1.65735,-3.13491,0,0,0,,,
78.876,odom,map,-1.15536,-1.65736,3.13702,0,0,0,,,
78.912,odom,map,-1.16578,-1.65725,3.12515,0,0,0,,,
78.948,odom,map,-1.17635,-1.65701,3.11185,0,0,0,,,
78.984,odom,map,-1.18699,-1.65662,3.09813,0,0,0,,,
79.02,odom,map,-1.19771,-1.65607,3.08392,0,0,0,,,
78.984,kf,map,-1.2368,-1.63121,3.09109,0.101155,0.101155,-1.00074e-18,0.07175,,
78.984,ekf,map,-1.23667,-1.63128,3.09284,0.115196,0.115615,-5.76758e-05,0.142625,,
78.984,ekf_predict_only,map,-1.33866,-1.49399,2.98534,104.531,77.8772,-39.252,,,
78.984,pf,map,-1.24856,-1.62855,3.11823,0.104109,0.0933699,0.0040329,5.001,663.047,0
79.056,odom,map,-1.20859,-1.65536,3.06895,0,0,0,,,
79.092,odom,map,-1.21955,-1.65448,3.05366,0,0,0,,,
79.128,odom,map,-1.23054,-1.65343,3.03804,0,0,0,,,
79.164,odom,map,-1.24161,-1.65219,3.02221,0,0,0,,,
79.2,odom,map,-1.25272,-1.65076,3.00593,0,0,0,,,
79.2,ekf_predict_only,map,-1.40505,-1.48353,2.887,103.988,80.7418,-41.0728,,,
79.2,kf,map,-1.3029,-1.62602,3.00006,0.101434,0.101434,-2.43059e-19,0.065084,,
79.2,ekf,map,-1.30269,-1.62599,3.0019,0.11726,0.117771,-4.96549e-05,0.055875,,
79.2,amcl,map,-1.23482,-1.64853,2.99007,0.0667089,0.031735,-0.0169331,,,
79.2,pf,map,-1.30986,-1.63498,3.02162,0.097337,0.0942278,0.00269256,5.34788,652.268,0
79.236,odom,map,-1.26148,-1.64759,2.98546,0,0,0,,,
79.272,odom,map,-1.27014,-1.64408,2.9648,0,0,0,,,
79.308,odom,map,-1.27882,-1.64026,2.94399,0,0,0,,,
79.344,odom,map,-1.2874,-1.63617,2.92323,0,0,0,,,
79.38,odom,map,-1.29581,-1.63181,2.90264,0,0,0,,,
79.416,odom,map,-1.30509,-1.62793,2.88364,0,0,0,,,
79.416,ekf_predict_only,map,-1.46943,-1.46678,2.78776,103.067,83.6704,-42.6661,,,
79.416,kf,map,-1.3683,-1.61428,2.90417,0.101502,0.101502,-5.89531e-20,0.060625,,
79.416,ekf,map,-1.36815,-1.61399,2.90543,0.117974,0.118521,-2.73105e-05,0.060958,,
79.416,pf,map,-1.38006,-1.60986,2.93648,0.0953619,0.0859368,0.00231359,4.77583,659.402,0
79.452,odom,map,-1.31583,-1.625,2.8671,0,0,0,,,
79.488,odom,map,-1.32649,-1.6219,2.85075,0,0,0,,,
79.524,odom,map,-1.33708,-1.61864,2.83444,0,0,0,,,
79.56,odom,map,-1.34757,-1.61522,2.81819,0,0,0,,,
79.596,odom,map,-1.3579,-1.61166,2.80199,0,0,0,,,
79.632,odom,map,-1.36809,-1.60797,2.78581,0,0,0,,,
79.596,ekf_predict_only,map,-1.52007,-1.44807,2.70697,102.039,86.0979,-43.7633,,,
79.596,ekf,map,-1.42087,-1.59884,2.82526,0.115347,0.115821,5.95578e-07,0.055667,,
79.596,pf,map,-1.44471,-1.57453,2.85924,0.103161,0.0990766,-0.0036842,4.91925,639.684,0
79.596,kf,map,-1.4209,-1.59926,2.82458,0.101172,0.101172,-1.43949e-20,0.400042,,
79.668,odom,map,-1.37813,-1.60414,2.76986,0,0,0,,,
79.704,odom,map,-1.38808,-1.60017,2.75402,0,0,0,,,
79.74,odom,map,-1.39789,-1.59608,2.73817,0,0,0,,,
79.776,odom,map,-1.4074,-1.59193,2.7224,0,0,0,,,
79.812,odom,map,-1.41678,-1.58766,2.70664,0,0,0,,,
79.812,ekf_predict_only,map,-1.57617,-1.42203,2.61241,100.589,88.8818,-44.8097,,,
79.812,kf,map,-1.48008,-1.57714,2.73022,0.101438,0.101438,-3.49596e-21,0.108666,,
79.812,ekf,map,-1.48013,-1.57653,2.7305,0.117195,0.117723,3.68919e-05,0.102208,,
79.8,amcl,map,-1.39081,-1.59396,2.73896,0.0628002,0.0419518,-0.0262788,,,
79.812,pf,map,-1.51706,-1.58073,2.76515,0.101007,0.101138,-0.00314594,6.88375,643.06,0
79.848,odom,map,-1.42598,-1.5833,2.69096,0,0,0,,,
79.884,odom,map,-1.43486,-1.57892,2.67546,0,0,0,,,
79.92,odom,map,-1.4434,-1.57454,2.66043,0,0,0,,,
79.956,odom,map,-1.45175,-1.5701,2.64565,0,0,0,,,
79.992,odom,map,-1.45986,-1.56564,2.631,0,0,0,,,
80.028,odom,map,-1.46701,-1.56235,2.61751,0,0,0,,,
79.992,kf,map,-1.52223,-1.55645,2.65664,0.101156,0.101156,-8.53898e-22,0.064792,,
79.992,ekf_predict_only,map,-1.6141,-1.39984,2.54073,99.3878,90.8598,-45.3733,,,
79.992,ekf,map,-1.5225,-1.55571,2.65647,0.115125,0.115561,5.65591e-05,0.062875,,
79.992,pf,map,-1.56072,-1.55329,2.67706,0.106795,0.102879,0.00336655,13.4035,628.471,0
80.064,odom,map,-1.47385,-1.55941,2.60439,0,0,0,,,
80.1,odom,map,-1.48041,-1.55652,2.59135,0,0,0,,,
80.136,odom,map,-1.48663,-1.55372,2.57876,0,0,0,,,
80.172,odom,map,-1.49262,-1.55095,2.5664,0,0,0,,,
80.208,odom,map,-1.49868,-1.5478,2.55381,0,0,0,,,
80.208,ekf_predict_only,map,-1.65331,-1.37297,2.45952,97.9347,92.9545,-45.8227,,,
80.208,kf,map,-1.56589,-1.53114,2.57313,0.101435,0.101435,-2.07394e-22,0.061334,,
80.208,ekf,map,-1.56623,-1.53029,2.57269,0.117191,0.117629,8.89209e-05,0.063042,,
80.208,pf,map,-1.57765,-1.52112,2.60336,0.0983948,0.101918,-0.00131657,4.76583,641.993,0
80.244,odom,map,-1.50516,-1.54342,2.54045,0,0,0,,,
80.28,odom,map,-1.51123,-1.5392,2.52755,0,0,0,,,
80.316,odom,map,-1.51697,-1.5351,2.51475,0,0,0,,,
80.352,odom,map,-1.52255,-1.531,2.50196,0,0,0,,,
80.388,odom,map,-1.52788,-1.52699,2.4894,0,0,0,,,
80.388,kf,map,-1.59415,-1.51132,2.50927,0.101155,0.101155,-5.06575e-23,0.057666,,
80.388,ekf,map,-1.59467,-1.5104,2.50868,0.115178,0.115505,8.65463e-05,0.108209,,
80.424,odom,map,-1.53272,-1.52324,2.47717,0,0,0,,,
80.388,ekf_predict_only,map,-1.67666,-1.35401,2.39848,96.9543,94.2684,-45.995,,,
80.4,amcl,map,-1.52361,-1.52976,2.50342,0.0555795,0.0471965,-0.0329336,,,
80.388,pf,map,-1.60343,-1.48713,2.51786,0.0944196,0.104028,-0.00239452,5.22379,652.857,0
80.46,odom,map,-1.53744,-1.5195,2.46497,0,0,0,,,
80.496,odom,map,-1.54198,-1.51581,2.45297,0,0,0,,,
80.532,odom,map,-1.54623,-1.51227,2.44133,0,0,0,,,
80.568,odom,map,-1.5501,-1.50897,2.43054,0,0,0,,,
80.604,odom,map,-1.55281,-1.50648,2.4225,0,0,0,,,
80.604,ekf,map,-1.6108,-1.49686,2.46788,0.117252,0.117532,8.68538e-05,0.056875,,
80.604,ekf_predict_only,map,-1.67666,-1.35401,2.39802,97.0543,94.3684,-45.995,,,
80.604,kf,map,-1.6085,-1.49933,2.4736,0.101434,0.101434,-1.23037e-23,0.104209,,
80.604,pf,map,-1.64417,-1.49557,2.45746,0.106223,0.103912,5.97434e-05,9.14579,635.137,0
80.64,odom,map,-1.55165,-1.50483,2.42055,0,0,0,,,
80.676,odom,map,-1.54952,-1.50404,2.42119,0,0,0,,,
80.712,odom,map,-1.54658,-1.50395,2.4243,0,0,0,,,
80.748,odom,map,-1.54355,-1.50394,2.428,0,0,0,,,
80.784,odom,map,-1.54052,-1.50391,2.43171,0,0,0,,,
80.784,ekf_predict_only,map,-1.67666,-1.35401,2.39802,97.1543,94.4684,-45.995,,,
80.784,kf,map,-1.61704,-1.49218,2.45158,0.101155,0.101155,-3.00527e-24,0.054625,,
80.784,ekf,map,-1.61917,-1.4901,2.4461,0.115214,0.115398,6.15658e-05,0.108333,,
80.82,odom,map,-1.53918,-1.50389,2.43336,0,0,0,,,
80.784,pf,map,-1.637,-1.48921,2.44415,0.110709,0.1012,-6.42851e-05,12.0661,624.851,0
80.856,odom,map,-1.53918,-1.50389,2.43336,0,0,0,,,
80.892,odom,map,-1.53918,-1.50389,2.43336,0,0,0,,,
80.928,odom,map,-1.53918,-1.50389,2.43336,0,0,0,,,
80.964,odom,map,-1.53918,-1.50389,2.43336,0,0,0,,,
81,odom,map,-1.53937,-1.50373,2.43321,0,0,0,,,
81,ekf,map,-1.62496,-1.48541,2.43596,0.117275,0.117418,5.0607e-05,0.060667,,
81,ekf_predict_only,map,-1.68141,-1.34964,2.39645,97.0071,94.8178,-46.0147,,,
81,kf,map,-1.62382,-1.48652,2.43982,0.101434,0.101434,-7.29921e-25,0.108083,,
81,pf,map,-1.63242,-1.49595,2.44287,0.10689,0.0825813,-0.00466127,9.46242,648.13,0
81.036,odom,map,-1.54017,-1.50304,2.43295,0,0,0,,,
81.072,odom,map,-1.54123,-1.50213,2.43245,0,0,0,,,
81.108,odom,map,-1.54281,-1.50078,2.43139,0,0,0,,,
81.144,odom,map,-1.54487,-1.499,2.4299,0,0,0,,,
81.18,odom,map,-1.54702,-1.49715,2.42834,0,0,0,,,
81.216,odom,map,-1.5502,-1.49539,2.42601,0,0,0,,,
81.216,ekf_predict_only,map,-1.69611,-1.33608,2.38195,96.3448,95.6942,-46.0697,,,
81.216,ekf,map,-1.63747,-1.47474,2.42229,0.117986,0.118087,3.85486e-05,0.091,,
81.216,kf,map,-1.63731,-1.47499,2.42407,0.101502,0.101502,-1.77039e-25,0.060667,,
81.216,pf,map,-1.63427,-1.47604,2.43499,0.104639,0.094952,-0.0085269,6.718,652.055,0
81.252,odom,map,-1.55504,-1.49376,2.42255,0,0,0,,,
81.288,odom,map,-1.5598,-1.49218,2.41816,0,0,0,,,
81.324,odom,map,-1.56432,-1.49078,2.41188,0,0,0,,,
81.36,odom,map,-1.5688,-1.48939,2.40479,0,0,0,,,
81.396,odom,map,-1.57306,-1.48817,2.39672,0,0,0,,,
81.396,ekf_predict_only,map,-1.70668,-1.32604,2.33118,95.8845,96.3575,-46.0972,,,
81.396,kf,map,-1.64828,-1.4652,2.38462,0.101172,0.101172,-4.32288e-26,0.110083,,
81.396,ekf,map,-1.64839,-1.4651,2.38545,0.115355,0.115416,2.67645e-05,0.061208,,
81.432,odom,map,-1.57542,-1.48627,2.38714,0,0,0,,,
81.396,pf,map,-1.65122,-1.47193,2.4229,0.10489,0.101821,0.000603924,7.39513,641.14,0
81.468,odom,map,-1.57753,-1.48427,2.37633,0,0,0,,,
81.504,odom,map,-1.57961,-1.48225,2.36523,0,0,0,,,
81.54,odom,map,-1.58181,-1.48006,2.35349,0,0,0,,,
81.576,odom,map,-1.58409,-1.47774,2.34079,0,0,0,,,
81.612,odom,map,-1.58634,-1.47539,2.32809,0,0,0,,,
81.612,ekf_predict_only,map,-1.72013,-1.31189,2.25497,95.2011,97.1805,-46.0897,,,
81.612,kf,map,-1.66188,-1.45195,2.31789,0.101438,0.101438,-1.04986e-26,0.074209,,
81.612,ekf,map,-1.66189,-1.45199,2.3197,0.117199,0.117244,2.61442e-05,0.054708,,
81.612,pf,map,-1.67015,-1.49395,2.35706,0.104109,0.109379,-0.00192183,5.24867,644.89,0
81.648,odom,map,-1.58895,-1.47259,2.31431,0,0,0,,,
81.684,odom,map,-1.59187,-1.46937,2.29973,0,0,0,,,
81.72,odom,map,-1.59493,-1.46588,2.28456,0,0,0,,,
81.756,odom,map,-1.59818,-1.46208,2.26874,0,0,0,,,
81.792,odom,map,-1.60155,-1.45799,2.25255,0,0,0,,,
81.792,kf,map,-1.67916,-1.43255,2.24389,0.101156,0.101156,-2.5643e-27,0.06025,,
81.828,odom,map,-1.605,-1.45366,2.23625,0,0,0,,,
81.792,ekf_predict_only,map,-1.73874,-1.28907,2.17312,94.0527,98.2914,-45.9791,,,
81.801,amcl,map,-1.61338,-1.43971,2.23689,0.0467745,0.0504804,-0.0350779,,,
81.792,ekf,map,-1.67886,-1.43293,2.24573,0.115126,0.115154,2.57518e-05,0.057541,,
81.792,pf,map,-1.68887,-1.46048,2.2762,0.106549,0.11046,-0.00213793,6.2915,620.761,0
81.864,odom,map,-1.60879,-1.44875,2.21976,0,0,0,,,
81.9,odom,map,-1.61294,-1.44318,2.20314,0,0,0,,,
81.936,odom,map,-1.61714,-1.43735,2.1865,0,0,0,,,
81.972,odom,map,-1.62124,-1.43145,2.16986,0,0,0,,,
82.008,odom,map,-1.62543,-1.42521,2.15311,0,0,0,,,
82.008,ekf_predict_only,map,-1.76883,-1.24532,2.07216,91.812,100.052,-45.5761,,,
82.008,ekf,map,-1.70524,-1.39762,2.14907,0.117207,0.11722,4.76731e-05,0.064167,,
82.008,kf,map,-1.70622,-1.39654,2.14759,0.101435,0.101435,-6.22815e-28,0.056417,,
82.008,pf,map,-1.7413,-1.43511,2.17041,0.106237,0.104503,0.00246199,7.16342,623.035,0
82.044,odom,map,-1.63011,-1.41796,2.1363,0,0,0,,,
82.08,odom,map,-1.63479,-1.41045,2.11947,0,0,0,,,
82.116,odom,map,-1.63934,-1.40286,2.10264,0,0,0,,,
82.152,odom,map,-1.64391,-1.39494,2.08624,0,0,0,,,
82.188,odom,map,-1.64861,-1.38649,2.07045,0,0,0,,,
82.188,ekf_predict_only,map,-1.79289,-1.20141,1.99494,89.6338,101.504,-44.9671,,,
82.188,kf,map,-1.72845,-1.35891,2.06991,0.101155,0.101155,-1.52127e-28,0.066583,,
82.188,ekf,map,-1.72733,-1.35997,2.07045,0.115221,0.115209,6.59484e-05,0.12825,,
82.224,odom,map,-1.6533,-1.37774,2.05493,0,0,0,,,
82.188,pf,map,-1.77194,-1.37882,2.09722,0.0959585,0.107181,-0.00696327,18.382,641.365,0
82.26,odom,map,-1.65795,-1.36872,2.03969,0,0,0,,,
82.296,odom,map,-1.66256,-1.35945,2.0247,0,0,0,,,
82.332,odom,map,-1.66712,-1.34994,2.01001,0,0,0,,,
82.368,odom,map,-1.67156,-1.3403,1.9954,0,0,0,,,
82.404,odom,map,-1.67593,-1.33043,1.9811,0,0,0,,,
82.404,ekf_predict_only,map,-1.82185,-1.13729,1.91461,86.5328,103.259,-43.8571,,,
82.404,ekf,map,-1.75489,-1.30333,1.98423,0.117379,0.117309,0.000117823,0.064625,,
82.401,amcl,map,-1.6935,-1.32192,1.96575,0.039246,0.0574094,-0.0347801,,,
82.404,kf,map,-1.75636,-1.30217,1.98477,0.101434,0.101434,-3.69487e-29,0.055958,,
82.404,pf,map,-1.78569,-1.31553,2.00089,0.106266,0.100012,-0.0112305,8.37025,628.443,0
82.44,odom,map,-1.68051,-1.31971,1.96763,0,0,0,,,
82.476,odom,map,-1.68497,-1.30886,1.95424,0,0,0,,,
82.512,odom,map,-1.6893,-1.29791,1.94096,0,0,0,,,
82.548,odom,map,-1.69358,-1.28667,1.92836,0,0,0,,,
82.584,odom,map,-1.69772,-1.27537,1.91576,0,0,0,,,
82.62,odom,map,-1.70269,-1.26192,1.90267,0,0,0,,,
82.584,ekf_predict_only,map,-1.84284,-1.07865,1.85645,83.838,104.578,-42.6549,,,
82.584,kf,map,-1.7769,-1.24861,1.92062,0.101155,0.101155,-9.02501e-30,0.0575,,
82.584,ekf,map,-1.77549,-1.2495,1.91953,0.115403,0.115281,0.000136288,0.064958,,
82.584,pf,map,-1.80969,-1.25554,1.93765,0.112824,0.10129,-0.00743552,5.07708,634.774,0
82.656,odom,map,-1.70827,-1.24668,1.88944,0,0,0,,,
82.692,odom,map,-1.71373,-1.23118,1.87666,0,0,0,,,
82.728,odom,map,-1.71904,-1.21554,1.86398,0,0,0,,,
82.764,odom,map,-1.72417,-1.19984,1.8513,0,0,0,,,
82.8,odom,map,-1.72922,-1.18374,1.83944,0,0,0,,,
82.8,kf,map,-1.80019,-1.17584,1.85874,0.101434,0.101434,-2.19199e-30,0.054125,,
82.8,ekf,map,-1.79862,-1.17656,1.85685,0.117614,0.117366,0.000194035,0.063625,,
82.8,ekf_predict_only,map,-1.86558,-1.00124,1.8036,80.4417,106.017,-40.8893,,,
82.8,pf,map,-1.81925,-1.18075,1.86273,0.105487,0.114025,-0.00519341,19.1567,622.058,0
82.836,odom,map,-1.73277,-1.17066,1.83047,0,0,0,,,
82.872,odom,map,-1.73617,-1.15765,1.82166,0,0,0,,,
82.908,odom,map,-1.73946,-1.14456,1.81314,0,0,0,,,
82.944,odom,map,-1.74266,-1.13139,1.80506,0,0,0,,,
82.98,odom,map,-1.74571,-1.11837,1.79759,0,0,0,,,
83.016,odom,map,-1.74865,-1.10544,1.79089,0,0,0,,,
83.016,ekf_predict_only,map,-1.88393,-0.923841,1.7634,77.2675,107.211,-38.9697,,,
83.016,kf,map,-1.81942,-1.10019,1.80988,0.101502,0.101502,-5.31659e-31,0.066916,,
83.016,ekf,map,-1.81792,-1.10049,1.80767,0.118444,0.118081,0.000221606,0.056,,
83.016,pf,map,-1.84939,-1.1111,1.81552,0.103062,0.0986968,0.0029828,31.1237,616.286,0
83.052,odom,map,-1.75149,-1.09258,1.7846,0,0,0,,,
83.088,odom,map,-1.75423,-1.07976,1.77884,0,0,0,,,
83.124,odom,map,-1.75687,-1.06708,1.77346,0,0,0,,,
83.16,odom,map,-1.7594,-1.05462,1.76906,0,0,0,,,
83.196,odom,map,-1.76185,-1.04233,1.76523,0,0,0,,,
83.196,ekf,map,-1.83078,-1.03883,1.78328,0.115812,0.115429,0.000193269,0.058542,,
83.196,ekf_predict_only,map,-1.89577,-0.863128,1.74924,74.954,108.024,-37.3778,,,
83.232,odom,map,-1.76534,-1.03148,1.76125,0,0,0,,,
83.196,kf,map,-1.83202,-1.03895,1.78564,0.101172,0.101172,-1.29819e-31,0.099875,,
83.202,amcl,map,-1.77121,-1.06865,1.76505,0.031391,0.0696853,-0.0263438,,,
83.196,pf,map,-1.86839,-1.06399,1.79083,0.106749,0.101352,-0.00013124,8.13908,640.575,0
83.268,odom,map,-1.76891,-1.02082,1.75753,0,0,0,,,
83.304,odom,map,-1.77242,-1.01014,1.75381,0,0,0,,,
83.34,odom,map,-1.77585,-0.999651,1.7507,0,0,0,,,
83.376,odom,map,-1.77919,-0.989365,1.74857,0,0,0,,,
83.412,odom,map,-1.78213,-0.978668,1.74686,0,0,0,,,
83.412,ekf_predict_only,map,-1.90845,-0.792809,1.74265,72.4295,108.893,-35.4821,,,
83.412,kf,map,-1.84578,-0.967577,1.77061,0.101438,0.101438,-3.15277e-32,0.059958,,
83.412,ekf,map,-1.84474,-0.967216,1.76831,0.117774,0.117267,0.000210279,0.053958,,
83.412,pf,map,-1.86622,-0.973697,1.78281,0.0959763,0.100247,-0.0011445,6.45242,618.084,0
83.448,odom,map,-1.7842,-0.967026,1.74619,0,0,0,,,
83.484,odom,map,-1.78622,-0.955625,1.74643,0,0,0,,,
83.52,odom,map,-1.78823,-0.944274,1.74674,0,0,0,,,
83.556,odom,map,-1.79025,-0.932969,1.74733,0,0,0,,,
83.592,odom,map,-1.79227,-0.921625,1.7471,0,0,0,,,
83.628,odom,map,-1.79429,-0.910231,1.74595,0,0,0,,,
83.592,ekf_predict_only,map,-1.91835,-0.735756,1.73599,70.5354,109.598,-33.9132,,,
83.592,ekf,map,-1.85569,-0.909715,1.76222,0.115652,0.115169,0.000173159,0.056708,,
83.592,kf,map,-1.85631,-0.909992,1.76329,0.101156,0.101156,-7.70075e-33,0.062125,,
83.592,pf,map,-1.89089,-0.886523,1.779,0.0894739,0.106298,-0.00122614,6.33221,658.406,0
83.664,odom,map,-1.7963,-0.898826,1.74462,0,0,0,,,
83.7,odom,map,-1.79829,-0.88749,1.74302,0,0,0,,,
83.736,odom,map,-1.80021,-0.876329,1.73992,0,0,0,,,
83.772,odom,map,-1.80208,-0.865277,1.73575,0,0,0,,,
83.808,odom,map,-1.80389,-0.854233,1.73143,0,0,0,,,
83.808,ekf_predict_only,map,-1.9294,-0.669522,1.71009,68.4725,110.376,-32.0581,,,
83.808,kf,map,-1.86859,-0.843015,1.74225,0.101435,0.101435,-1.87035e-33,0.059792,,
83.808,ekf,map,-1.86836,-0.842756,1.74255,0.117792,0.117217,0.000178446,0.116083,,
83.808,pf,map,-1.89148,-0.837249,1.76165,0.0989183,0.109221,-0.00534094,4.58079,637.019,0
83.844,odom,map,-1.80563,-0.843342,1.72639,0,0,0,,,
83.88,odom,map,-1.80729,-0.832535,1.72046,0,0,0,,,
83.916,odom,map,-1.80887,-0.821857,1.71382,0,0,0,,,
83.952,odom,map,-1.81035,-0.811276,1.70671,0,0,0,,,
83.988,odom,map,-1.81175,-0.800742,1.69921,0,0,0,,,
84.024,odom,map,-1.81343,-0.792639,1.69134,0,0,0,,,
83.988,kf,map,-1.87712,-0.789992,1.70654,0.101155,0.101155,-4.56847e-34,0.061834,,
83.988,ekf_predict_only,map,-1.93667,-0.617648,1.66597,66.9931,110.926,-30.5659,,,
83.988,ekf,map,-1.87718,-0.789722,1.70782,0.115693,0.115186,0.000141862,0.059167,,
84,amcl,map,-1.81051,-0.869193,1.72351,0.0307121,0.0744297,-0.0238441,,,
83.988,pf,map,-1.90838,-0.774055,1.73469,0.0894113,0.100611,-0.000781409,6.40558,642.737,0
84.06,odom,map,-1.81524,-0.785865,1.68347,0,0,0,,,
84.096,odom,map,-1.81698,-0.779082,1.6756,0,0,0,,,
84.132,odom,map,-1.81863,-0.772437,1.66722,0,0,0,,,
84.168,odom,map,-1.82018,-0.766003,1.65723,0,0,0,,,
84.204,odom,map,-1.82158,-0.759534,1.64648,0,0,0,,,
84.204,ekf_predict_only,map,-1.94225,-0.55917,1.59322,65.4336,111.372,-28.8311,,,
84.204,kf,map,-1.88451,-0.72947,1.64542,0.101434,0.101434,-1.10959e-34,0.1025,,
84.204,ekf,map,-1.88474,-0.72904,1.64774,0.117816,0.117253,0.000139441,0.326667,,
84.204,pf,map,-1.91942,-0.72913,1.67835,0.0942075,0.103803,0.00140053,6.12692,635.897,0
84.24,odom,map,-1.82226,-0.74984,1.63382,0,0,0,,,
84.276,odom,map,-1.8228,-0.740174,1.62065,0,0,0,,,
84.312,odom,map,-1.82321,-0.730643,1.60705,0,0,0,,,
84.348,odom,map,-1.82349,-0.72132,1.59258,0,0,0,,,
84.384,odom,map,-1.82362,-0.712068,1.57755,0,0,0,,,
84.42,odom,map,-1.82361,-0.702884,1.56216,0,0,0,,,
84.384,ekf,map,-1.88744,-0.681378,1.57965,0.115687,0.115213,0.000104591,0.057791,,
84.384,ekf_predict_only,map,-1.94328,-0.513515,1.51413,64.3273,111.536,-27.4255,,,
84.384,kf,map,-1.88719,-0.681828,1.57718,0.101155,0.101155,-2.71026e-35,0.106375,,
84.384,pf,map,-1.92321,-0.68612,1.5961,0.0952043,0.105674,0.00239776,6.05667,631.748,0
84.456,odom,map,-1.82346,-0.693959,1.54572,0,0,0,,,
84.492,odom,map,-1.82317,-0.685256,1.52864,0,0,0,,,
84.528,odom,map,-1.82273,-0.676662,1.51131,0,0,0,,,
84.564,odom,map,-1.82215,-0.668188,1.49351,0,0,0,,,
84.6,odom,map,-1.82145,-0.660022,1.47491,0,0,0,,,
84.6,kf,map,-1.88615,-0.630577,1.47445,0.101434,0.101434,-6.58268e-36,0.060959,,
84.6,ekf,map,-1.88629,-0.629937,1.47716,0.117772,0.117274,9.25128e-05,0.056791,,
84.6,ekf_predict_only,map,-1.94054,-0.465292,1.4004,63.2385,111.466,-25.8937,,,
84.6,amcl,map,-1.81172,-0.735544,1.50838,0.0277083,0.0817795,-0.0200972,,,
84.6,pf,map,-1.93787,-0.622939,1.50107,0.10671,0.100474,-0.00125211,10.1168,646.295,0
84.636,odom,map,-1.82061,-0.652161,1.45581,0,0,0,,,
84.672,odom,map,-1.81965,-0.644452,1.4366,0,0,0,,,
84.708,odom,map,-1.81856,-0.636941,1.41704,0,0,0,,,
84.744,odom,map,-1.81738,-0.62981,1.39695,0,0,0,,,
84.78,odom,map,-1.81608,-0.622779,1.37678,0,0,0,,,
84.816,odom,map,-1.8146,-0.619492,1.35791,0,0,0,,,
84.816,ekf_predict_only,map,-1.93337,-0.423618,1.27659,62.3819,111.122,-24.5206,,,
84.816,ekf,map,-1.88018,-0.585244,1.36115,0.118442,0.117983,6.80281e-05,0.134542,,
84.816,kf,map,-1.88026,-0.585933,1.35874,0.101502,0.101502,-1.5966e-36,0.055667,,
84.816,pf,map,-1.92595,-0.565681,1.37075,0.0965221,0.0982937,0.00202633,10.6115,634.081,0
84.852,odom,map,-1.81303,-0.622291,1.34075,0,0,0,,,
84.888,odom,map,-1.81145,-0.625429,1.32312,0,0,0,,,
84.924,odom,map,-1.80985,-0.628838,1.30518,0,0,0,,,
84.96,odom,map,-1.80826,-0.6326,1.28668,0,0,0,,,
84.996,odom,map,-1.80661,-0.636445,1.26806,0,0,0,,,
85.032,odom,map,-1.80491,-0.632241,1.24547,0,0,0,,,
84.996,ekf_predict_only,map,-1.92545,-0.397473,1.16102,61.9154,110.733,-23.6288,,,
84.996,kf,map,-1.87255,-0.55633,1.25013,0.101172,0.101172,-3.89852e-37,0.055916,,
84.996,ekf,map,-1.87234,-0.555614,1.25211,0.115692,0.11535,3.83429e-05,0.884125,,
85.002,amcl,map,-1.79403,-0.684526,1.29572,0.0220794,0.079475,-0.017597,,,
84.996,pf,map,-1.92872,-0.540524,1.27751,0.0969131,0.10395,-0.000515996,8.50338,623.08,0
85.068,odom,map,-1.80313,-0.627152,1.22223,0,0,0,,,
85.104,odom,map,-1.80124,-0.622126,1.19896,0,0,0,,,
85.14,odom,map,-1.79928,-0.617265,1.17567,0,0,0,,,
85.176,odom,map,-1.79728,-0.612638,1.15232,0,0,0,,,
85.212,kf,map,-1.86118,-0.526668,1.11361,0.101438,0.101438,-9.46796e-38,0.055417,,
85.212,ekf,map,-1.86079,-0.525985,1.11502,0.117507,0.117191,2.01688e-05,0.065458,,
85.212,odom,map,-1.79525,-0.608209,1.12893,0,0,0,,,
85.212,ekf_predict_only,map,-1.91399,-0.371105,1.02065,61.4703,110.131,-22.7023,,,
85.212,pf,map,-1.90142,-0.523727,1.14318,0.11535,0.109599,0.00562015,7.71,639.438,0
85.248,odom,map,-1.79315,-0.603902,1.10554,0,0,0,,,
85.284,odom,map,-1.79103,-0.599802,1.08195,0,0,0,,,
85.32,odom,map,-1.78894,-0.595979,1.0584,0,0,0,,,
85.356,odom,map,-1.78692,-0.592484,1.0349,0,0,0,,,
85.392,odom,map,-1.78488,-0.589134,1.01138,0,0,0,,,
85.392,ekf_predict_only,map,-1.90466,-0.355889,0.902355,61.2678,109.663,-22.1462,,,
85.392,kf,map,-1.8508,-0.507997,0.997584,0.101156,0.101156,-2.31258e-38,0.059708,,
85.392,ekf,map,-1.8503,-0.50733,0.998489,0.115339,0.115114,5.00029e-06,0.812208,,
85.428,odom,map,-1.78196,-0.589032,0.989315,0,0,0,,,
85.392,pf,map,-1.84804,-0.514279,1.0316,0.0967594,0.114962,0.00182012,4.81513,630.87,0
85.401,amcl,map,-1.76782,-0.615053,1.03479,0.0176631,0.0676807,-0.0149719,,,
85.464,odom,map,-1.77889,-0.590522,0.96803,0,0,0,,,
85.5,odom,map,-1.77599,-0.592351,0.946693,0,0,0,,,
85.536,odom,map,-1.77313,-0.594346,0.925278,0,0,0,,,
85.572,odom,map,-1.77033,-0.596502,0.90391,0,0,0,,,
85.608,odom,map,-1.76794,-0.597965,0.882233,0,0,0,,,
85.608,ekf_predict_only,map,-1.89641,-0.345446,0.762814,61.1653,109.264,-21.7501,,,
85.608,ekf,map,-1.84003,-0.493239,0.85897,0.117359,0.117168,-4.52254e-06,0.056416,,
85.608,kf,map,-1.84069,-0.493961,0.858524,0.101435,0.101435,-5.61676e-39,0.066666,,
85.608,pf,map,-1.83207,-0.487633,0.87967,0.107546,0.108808,0.00457974,8.28717,633.261,0
85.644,odom,map,-1.76651,-0.596269,0.858977,0,0,0,,,
85.68,odom,map,-1.76513,-0.594704,0.835683,0,0,0,,,
85.716,odom,map,-1.76389,-0.593364,0.812499,0,0,0,,,
85.752,odom,map,-1.76282,-0.592265,0.789504,0,0,0,,,
85.788,odom,map,-1.7618,-0.59126,0.766551,0,0,0,,,
85.824,odom,map,-1.76055,-0.593179,0.746049,0,0,0,,,
85.788,ekf_predict_only,map,-1.89266,-0.341862,0.649484,61.1968,109.137,-21.6061,,,
85.788,kf,map,-1.83441,-0.487298,0.74424,0.101155,0.101155,-1.37194e-39,0.063542,,
85.788,ekf,map,-1.83372,-0.486616,0.744297,0.115277,0.115151,-6.8703e-06,0.067583,,
85.8,amcl,map,-1.75824,-0.583409,0.776776,0.0132002,0.0554503,-0.0078877,,,
85.788,pf,map,-1.82176,-0.484313,0.749725,0.100572,0.10487,0.000662558,13.0128,640.226,0
85.86,odom,map,-1.75928,-0.596843,0.726712,0,0,0,,,
85.896,odom,map,-1.75819,-0.60068,0.707649,0,0,0,,,
85.932,odom,map,-1.75727,-0.604682,0.688763,0,0,0,,,
85.968,odom,map,-1.75645,-0.608764,0.669919,0,0,0,,,
86.004,odom,map,-1.75578,-0.612701,0.651012,0,0,0,,,
86.004,ekf_predict_only,map,-1.89315,-0.342228,0.517219,61.3037,109.266,-21.6218,,,
86.004,ekf,map,-1.83118,-0.484376,0.609892,0.11732,0.117222,-7.73655e-06,0.060584,,
86.004,kf,map,-1.83192,-0.485067,0.610152,0.101434,0.101434,-3.33216e-40,0.385083,,
86.004,pf,map,-1.80088,-0.482561,0.613578,0.0873432,0.090727,0.00375762,6.3525,643.937,0
86.04,odom,map,-1.75585,-0.612756,0.628961,0,0,0,,,
86.076,odom,map,-1.75594,-0.612815,0.606917,0,0,0,,,
86.112,odom,map,-1.75613,-0.612948,0.58514,0,0,0,,,
86.148,odom,map,-1.75651,-0.613189,0.563701,0,0,0,,,
86.184,odom,map,-1.75705,-0.613524,0.542586,0,0,0,,,
86.22,odom,map,-1.75718,-0.611898,0.521562,0,0,0,,,
86.184,ekf,map,-1.83221,-0.484782,0.502466,0.115253,0.115192,-5.62257e-06,0.109167,,
86.184,kf,map,-1.83288,-0.485377,0.503008,0.101155,0.101155,-8.13907e-41,0.059041,,
86.184,ekf_predict_only,map,-1.89689,-0.344357,0.413202,61.4444,109.592,-21.7217,,,
86.202,amcl,map,-1.76677,-0.567511,0.524992,0.0147619,0.0461524,-0.000260072,,,
86.184,pf,map,-1.81438,-0.495052,0.518674,0.0988148,0.0891373,0.00798644,12.4953,655.63,0
86.256,odom,map,-1.75689,-0.608643,0.500446,0,0,0,,,
86.292,odom,map,-1.75673,-0.605433,0.479566,0,0,0,,,
86.328,odom,map,-1.75679,-0.602315,0.459018,0,0,0,,,
86.364,odom,map,-1.75718,-0.599326,0.438956,0,0,0,,,
86.4,odom,map,-1.75767,-0.596349,0.419051,0,0,0,,,
86.4,kf,map,-1.83988,-0.488549,0.383214,0.101434,0.101434,-1.97682e-41,0.105542,,
86.4,ekf_predict_only,map,-1.90742,-0.348974,0.298612,61.6332,110.331,-21.963,,,
86.4,ekf,map,-1.83914,-0.487917,0.382178,0.117302,0.117257,-5.16274e-06,0.238291,,
86.4,pf,map,-1.82331,-0.493332,0.385079,0.100978,0.0973065,0.00860879,8.90342,647.927,0
86.436,odom,map,-1.75934,-0.596981,0.399792,0,0,0,,,
86.472,odom,map,-1.76131,-0.597795,0.38118,0,0,0,,,
86.508,odom,map,-1.76357,-0.598674,0.363147,0,0,0,,,
86.544,odom,map,-1.76591,-0.599539,0.345242,0,0,0,,,
86.58,odom,map,-1.76846,-0.60043,0.32765,0,0,0,,,
86.616,odom,map,-1.77163,-0.600575,0.310533,0,0,0,,,
86.616,ekf,map,-1.85267,-0.492275,0.274157,0.118003,0.117975,-5.61019e-06,0.0595,,
86.616,kf,map,-1.85341,-0.492932,0.275576,0.101502,0.101502,-4.79469e-42,0.053125,,
86.616,ekf_predict_only,map,-1.92431,-0.354173,0.197095,61.8342,111.463,-22.286,,,
86.601,amcl,map,-1.78425,-0.55886,0.298984,0.0159537,0.0447255,0.000242116,,,
86.616,pf,map,-1.85114,-0.506479,0.282002,0.0941926,0.0952702,0.000806231,9.39813,628.525,0
86.652,odom,map,-1.77567,-0.599538,0.293952,0,0,0,,,
86.688,odom,map,-1.77985,-0.59849,0.27778,0,0,0,,,
86.724,odom,map,-1.78409,-0.597404,0.26178,0,0,0,,,
86.76,odom,map,-1.78838,-0.596277,0.246149,0,0,0,,,
86.796,odom,map,-1.79229,-0.595009,0.231431,0,0,0,,,
86.832,odom,map,-1.79398,-0.595153,0.219225,0,0,0,,,
86.796,ekf_predict_only,map,-1.92431,-0.354173,0.148112,61.9342,111.563,-22.286,,,
86.796,ekf,map,-1.86033,-0.493417,0.205111,0.115362,0.115347,-4.30171e-06,0.06075,,
86.796,kf,map,-1.85974,-0.493644,0.20828,0.101172,0.101172,-1.17075e-42,0.062166,,
86.796,pf,map,-1.90013,-0.509551,0.192477,0.108104,0.096971,0.00707924,10.4237,645.876,0
86.868,odom,map,-1.79433,-0.59523,0.209608,0,0,0,,,
86.904,odom,map,-1.79433,-0.59523,0.202584,0,0,0,,,
86.94,odom,map,-1.79433,-0.59523,0.198151,0,0,0,,,
86.976,odom,map,-1.79433,-0.59523,0.19631,0,0,0,,,
87.012,odom,map,-1.79483,-0.5944,0.19595,0,0,0,,,
87.012,kf,map,-1.86385,-0.494179,0.181365,0.101438,0.101438,-2.84328e-43,0.055625,,
87.012,ekf,map,-1.86476,-0.494138,0.175875,0.117198,0.117189,-3.83313e-06,0.057875,,
87.012,ekf_predict_only,map,-1.92431,-0.354173,0.148112,62.0342,111.663,-22.286,,,
87.012,pf,map,-1.9273,-0.487463,0.150364,0.107009,0.100398,0.00759952,5.14663,626.541,0
87.048,odom,map,-1.79646,-0.591683,0.194951,0,0,0,,,
87.084,odom,map,-1.7981,-0.588965,0.193952,0,0,0,,,
87.12,odom,map,-1.79973,-0.586248,0.192952,0,0,0,,,
87.156,odom,map,-1.80137,-0.58353,0.191953,0,0,0,,,
87.192,odom,map,-1.803,-0.580813,0.190954,0,0,0,,,
87.192,kf,map,-1.86587,-0.494442,0.168138,0.101156,0.101156,-6.94481e-44,0.059125,,
87.192,ekf,map,-1.86654,-0.494458,0.163983,0.115116,0.115111,-2.58899e-06,0.101125,,
87.228,odom,map,-1.80346,-0.580058,0.190677,0,0,0,,,
87.192,ekf_predict_only,map,-1.92431,-0.354173,0.148112,62.1342,111.763,-22.286,,,
87.192,pf,map,-1.94074,-0.470965,0.162794,0.0974358,0.0977904,-0.00237252,6.25683,644.507,0
87.264,odom,map,-1.80346,-0.580058,0.190677,0,0,0,,,
87.3,odom,map,-1.80346,-0.580058,0.190677,0,0,0,,,
87.336,odom,map,-1.80346,-0.580058,0.190677,0,0,0,,,
87.372,odom,map,-1.80346,-0.580058,0.190677,0,0,0,,,
87.408,odom,map,-1.80342,-0.5794,0.190149,0,0,0,,,
87.408,ekf_predict_only,map,-1.92431,-0.354173,0.148112,62.2342,111.863,-22.286,,,
87.408,kf,map,-1.86687,-0.494573,0.161583,0.101435,0.101435,-1.68675e-44,0.061333,,
87.408,ekf,map,-1.86731,-0.494599,0.158846,0.117166,0.117163,-2.04894e-06,0.065,,
87.408,pf,map,-1.93051,-0.479829,0.175207,0.0906888,0.0969583,0.0050657,5.18229,639.818,0
87.444,odom,map,-1.80325,-0.576438,0.187776,0,0,0,,,
87.48,odom,map,-1.80308,-0.573476,0.185402,0,0,0,,,
87.516,odom,map,-1.80291,-0.570514,0.183029,0,0,0,,,
87.552,odom,map,-1.80274,-0.567552,0.180655,0,0,0,,,
87.588,odom,map,-1.80257,-0.564591,0.178282,0,0,0,,,
87.624,odom,map,-1.80251,-0.563521,0.177425,0,0,0,,,
87.588,kf,map,-1.86737,-0.494637,0.158361,0.101155,0.101155,-4.12001e-45,0.065334,,
87.588,ekf_predict_only,map,-1.92431,-0.354173,0.148112,62.3342,111.963,-22.286,,,
87.588,ekf,map,-1.86762,-0.494657,0.156755,0.115148,0.115146,-1.29336e-06,0.066,,
87.588,pf,map,-1.90272,-0.510159,0.164841,0.102266,0.100553,0.00110885,4.52829,645.567,0
87.66,odom,map,-1.80251,-0.563521,0.177425,0,0,0,,,
87.696,odom,map,-1.80251,-0.563521,0.177425,0,0,0,,,
87.732,odom,map,-1.80251,-0.563521,0.177425,0,0,0,,,
87.768,odom,map,-1.80251,-0.563521,0.177425,0,0,0,,,
87.804,odom,map,-1.80251,-0.563521,0.177425,0,0,0,,,
87.804,ekf_predict_only,map,-1.92431,-0.354173,0.148112,62.4342,112.063,-22.286,,,
87.804,ekf,map,-1.86775,-0.494682,0.155851,0.117219,0.117218,-9.715e-07,0.054916,,
87.804,kf,map,-1.86761,-0.494668,0.156765,0.101434,0.101434,-1.00067e-45,0.062375,,
87.804,pf,map,-1.89339,-0.504684,0.182354,0.105762,0.0999093,-0.00448054,4.50488,618.002,0
87.84,odom,map,-1.80251,-0.563521,0.177425,0,0,0,,,
87.876,odom,map,-1.80251,-0.563521,0.177425,0,0,0,,,
87.912,odom,map,-1.80251,-0.563521,0.177425,0,0,0,,,
87.948,odom,map,-1.80251,-0.563521,0.177425,0,0,0,,,
87.984,odom,map,-1.80251,-0.563521,0.177425,0,0,0,,,
88.02,odom,map,-1.80251,-0.563521,0.177425,0,0,0,,,
88.056,odom,map,-1.80251,-0.563521,0.177425,0,0,0,,,
88.092,odom,map,-1.80251,-0.563521,0.177425,0,0,0,,,
88.128,odom,map,-1.80251,-0.563521,0.177425,0,0,0,,,
88.164,odom,map,-1.80251,-0.563521,0.177425,0,0,0,,,
88.2,odom,map,-1.80251,-0.563521,0.177425,0,0,0,,,
88.236,odom,map,-1.80251,-0.563521,0.177425,0,0,0,,,
88.272,odom,map,-1.80251,-0.563521,0.177425,0,0,0,,,
88.308,odom,map,-1.80251,-0.563521,0.177425,0,0,0,,,
88.344,odom,map,-1.80251,-0.563521,0.177425,0,0,0,,,
88.38,odom,map,-1.80251,-0.563521,0.177425,0,0,0,,,
88.416,odom,map,-1.80251,-0.563521,0.177425,0,0,0,,,
88.452,odom,map,-1.80251,-0.563521,0.177425,0,0,0,,,
88.488,odom,map,-1.80251,-0.563521,0.177425,0,0,0,,,
88.524,odom,map,-1.80251,-0.563521,0.177425,0,0,0,,,
88.56,odom,map,-1.80251,-0.563521,0.177425,0,0,0,,,
88.596,odom,map,-1.80251,-0.563521,0.177425,0,0,0,,,
88.632,odom,map,-1.80251,-0.563521,0.177425,0,0,0,,,
88.668,odom,map,-1.80251,-0.563521,0.177425,0,0,0,,,
88.704,odom,map,-1.80251,-0.563521,0.177425,0,0,0,,,
88.74,odom,map,-1.80251,-0.563521,0.177425,0,0,0,,,
88.776,odom,map,-1.80251,-0.563521,0.177425,0,0,0,,,
88.812,odom,map,-1.80251,-0.563521,0.177425,0,0,0,,,
88.848,odom,map,-1.80251,-0.563521,0.177425,0,0,0,,,
88.884,odom,map,-1.80251,-0.563521,0.177425,0,0,0,,,
88.92,odom,map,-1.80251,-0.563521,0.177425,0,0,0,,,
88.956,odom,map,-1.80251,-0.563521,0.177425,0,0,0,,,
88.992,odom,map,-1.80251,-0.563521,0.177425,0,0,0,,,
89.028,odom,map,-1.80251,-0.563521,0.177425,0,0,0,,,
89.064,odom,map,-1.80251,-0.563521,0.177425,0,0,0,,,
89.1,odom,map,-1.80251,-0.563521,0.177425,0,0,0,,,
89.136,odom,map,-1.80251,-0.563521,0.177425,0,0,0,,,
89.172,odom,map,-1.80251,-0.563521,0.177425,0,0,0,,,
89.208,odom,map,-1.80251,-0.563521,0.177425,0,0,0,,,
89.244,odom,map,-1.80251,-0.563521,0.177425,0,0,0,,,
89.28,odom,map,-1.80251,-0.563521,0.177425,0,0,0,,,
89.316,odom,map,-1.80251,-0.563521,0.177425,0,0,0,,,
89.352,odom,map,-1.80251,-0.563521,0.177425,0,0,0,,,
89.388,odom,map,-1.80251,-0.563521,0.177425,0,0,0,,,
89.424,odom,map,-1.80251,-0.563521,0.177425,0,0,0,,,
89.46,odom,map,-1.80251,-0.563521,0.177425,0,0,0,,,
89.496,odom,map,-1.80251,-0.563521,0.177425,0,0,0,,,
89.532,odom,map,-1.80251,-0.563521,0.177425,0,0,0,,,
89.568,odom,map,-1.80251,-0.563521,0.177425,0,0,0,,,
89.604,odom,map,-1.80251,-0.563521,0.177425,0,0,0,,,
89.64,odom,map,-1.80251,-0.563521,0.177425,0,0,0,,,
89.676,odom,map,-1.80251,-0.563521,0.177425,0,0,0,,,
89.712,odom,map,-1.80251,-0.563521,0.177425,0,0,0,,,
89.748,odom,map,-1.80251,-0.563521,0.177425,0,0,0,,,
89.784,odom,map,-1.80251,-0.563521,0.177425,0,0,0,,,
89.82,odom,map,-1.80251,-0.563521,0.177425,0,0,0,,,
89.856,odom,map,-1.80251,-0.563521,0.177425,0,0,0,,,
89.892,odom,map,-1.80251,-0.563521,0.177425,0,0,0,,,
89.928,odom,map,-1.80251,-0.563521,0.177425,0,0,0,,,
89.964,odom,map,-1.80251,-0.563521,0.177425,0,0,0,,,
90,odom,map,-1.80251,-0.563521,0.177425,0,0,0,,,
90.036,odom,map,-1.80251,-0.563521,0.177425,0,0,0,,,
90.072,odom,map,-1.80251,-0.563521,0.177425,0,0,0,,,
90.108,odom,map,-1.80251,-0.563521,0.177425,0,0,0,,,
90.144,odom,map,-1.80251,-0.563521,0.177425,0,0,0,,,
90.18,odom,map,-1.80251,-0.563521,0.177425,0,0,0,,,
90.216,odom,map,-1.80251,-0.563521,0.177425,0,0,0,,,
90.252,odom,map,-1.80251,-0.563521,0.177425,0,0,0,,,
90.288,odom,map,-1.80251,-0.563521,0.177425,0,0,0,,,
90.324,odom,map,-1.80251,-0.563521,0.177425,0,0,0,,,
90.36,odom,map,-1.80251,-0.563521,0.177425,0,0,0,,,
90.396,odom,map,-1.80251,-0.563521,0.177425,0,0,0,,,
90.432,odom,map,-1.80251,-0.563521,0.177425,0,0,0,,,
90.468,odom,map,-1.80251,-0.563521,0.177425,0,0,0,,,
90.504,odom,map,-1.80251,-0.563521,0.177425,0,0,0,,,
90.54,odom,map,-1.80251,-0.563521,0.177425,0,0,0,,,
90.576,odom,map,-1.80251,-0.563521,0.177425,0,0,0,,,
90.612,odom,map,-1.80251,-0.563521,0.177425,0,0,0,,,
90.648,odom,map,-1.80251,-0.563521,0.177425,0,0,0,,,
90.684,odom,map,-1.80251,-0.563521,0.177425,0,0,0,,,
90.72,odom,map,-1.80251,-0.563521,0.177425,0,0,0,,,
90.756,odom,map,-1.80251,-0.563521,0.177425,0,0,0,,,
90.792,odom,map,-1.80251,-0.563521,0.177425,0,0,0,,,
90.828,odom,map,-1.80251,-0.563521,0.177425,0,0,0,,,
90.864,odom,map,-1.80251,-0.563521,0.177425,0,0,0,,,
90.9,odom,map,-1.80251,-0.563521,0.177425,0,0,0,,,
90.936,odom,map,-1.80251,-0.563521,0.177425,0,0,0,,,
90.972,odom,map,-1.80251,-0.563521,0.177425,0,0,0,,,
91.008,odom,map,-1.80251,-0.563521,0.177425,0,0,0,,,
91.044,odom,map,-1.80251,-0.563521,0.177425,0,0,0,,,
91.08,odom,map,-1.80251,-0.563521,0.177425,0,0,0,,,
91.116,odom,map,-1.80251,-0.563521,0.177425,0,0,0,,,
91.152,odom,map,-1.80251,-0.563521,0.177425,0,0,0,,,
91.188,odom,map,-1.80251,-0.563521,0.177425,0,0,0,,,
91.224,odom,map,-1.80251,-0.563521,0.177425,0,0,0,,,
91.26,odom,map,-1.80251,-0.563521,0.177425,0,0,0,,,
91.296,odom,map,-1.80251,-0.563521,0.177425,0,0,0,,,
91.332,odom,map,-1.80251,-0.563521,0.177425,0,0,0,,,
91.368,odom,map,-1.80251,-0.563521,0.177425,0,0,0,,,
91.404,odom,map,-1.80251,-0.563521,0.177425,0,0,0,,,
91.44,odom,map,-1.80251,-0.563521,0.177425,0,0,0,,,
91.476,odom,map,-1.80251,-0.563521,0.177425,0,0,0,,,
91.512,odom,map,-1.80251,-0.563521,0.177425,0,0,0,,,
91.548,odom,map,-1.80251,-0.563521,0.177425,0,0,0,,,
91.584,odom,map,-1.80251,-0.563521,0.177425,0,0,0,,,
91.62,odom,map,-1.80251,-0.563521,0.177425,0,0,0,,,
91.656,odom,map,-1.80251,-0.563521,0.177425,0,0,0,,,
91.692,odom,map,-1.80251,-0.563521,0.177425,0,0,0,,,
91.728,odom,map,-1.80251,-0.563521,0.177425,0,0,0,,,
91.764,odom,map,-1.80251,-0.563521,0.177425,0,0,0,,,
91.8,odom,map,-1.80251,-0.563521,0.177425,0,0,0,,,
91.836,odom,map,-1.80251,-0.563521,0.177425,0,0,0,,,
91.872,odom,map,-1.80251,-0.563521,0.177425,0,0,0,,,
91.908,odom,map,-1.80251,-0.563521,0.177425,0,0,0,,,
91.944,odom,map,-1.80251,-0.563521,0.177425,0,0,0,,,
91.98,odom,map,-1.80251,-0.563521,0.177425,0,0,0,,,
92.016,odom,map,-1.80251,-0.563521,0.177425,0,0,0,,,
92.052,odom,map,-1.80251,-0.563521,0.177425,0,0,0,,,
92.088,odom,map,-1.80251,-0.563521,0.177425,0,0,0,,,
92.124,odom,map,-1.80251,-0.563521,0.177425,0,0,0,,,
92.16,odom,map,-1.80251,-0.563521,0.177425,0,0,0,,,
92.196,odom,map,-1.80251,-0.563521,0.177425,0,0,0,,,
92.232,odom,map,-1.80251,-0.563521,0.177425,0,0,0,,,
92.268,odom,map,-1.80251,-0.563521,0.177425,0,0,0,,,
92.304,odom,map,-1.80251,-0.563521,0.177425,0,0,0,,,
92.34,odom,map,-1.80251,-0.563521,0.177425,0,0,0,,,
92.376,odom,map,-1.80251,-0.563521,0.177425,0,0,0,,,
92.412,odom,map,-1.80251,-0.563521,0.177425,0,0,0,,,
92.448,odom,map,-1.80251,-0.563521,0.177425,0,0,0,,,
92.484,odom,map,-1.80251,-0.563521,0.177425,0,0,0,,,
92.52,odom,map,-1.80251,-0.563521,0.177425,0,0,0,,,
92.556,odom,map,-1.80251,-0.563521,0.177425,0,0,0,,,
92.592,odom,map,-1.80251,-0.563521,0.177425,0,0,0,,,
92.628,odom,map,-1.80251,-0.563521,0.177425,0,0,0,,,
92.664,odom,map,-1.80251,-0.563521,0.177425,0,0,0,,,
92.7,odom,map,-1.80251,-0.563521,0.177425,0,0,0,,,
92.736,odom,map,-1.80251,-0.563521,0.177425,0,0,0,,,
92.772,odom,map,-1.80251,-0.563521,0.177425,0,0,0,,,
92.808,odom,map,-1.80251,-0.563521,0.177425,0,0,0,,,
92.844,odom,map,-1.80251,-0.563521,0.177425,0,0,0,,,
92.88,odom,map,-1.80251,-0.563521,0.177425,0,0,0,,,
92.916,odom,map,-1.80251,-0.563521,0.177425,0,0,0,,,
92.952,odom,map,-1.80251,-0.563521,0.177425,0,0,0,,,
92.988,odom,map,-1.80251,-0.563521,0.177425,0,0,0,,,
93.024,odom,map,-1.80251,-0.563521,0.177425,0,0,0,,,
93.06,odom,map,-1.80251,-0.563521,0.177425,0,0,0,,,
93.096,odom,map,-1.80251,-0.563521,0.177425,0,0,0,,,
93.132,odom,map,-1.80251,-0.563521,0.177425,0,0,0,,,
93.168,odom,map,-1.80251,-0.563521,0.177425,0,0,0,,,
93.204,odom,map,-1.80251,-0.563521,0.177425,0,0,0,,,
93.24,odom,map,-1.80251,-0.563521,0.177425,0,0,0,,,
93.276,odom,map,-1.80251,-0.563521,0.177425,0,0,0,,,
93.312,odom,map,-1.80251,-0.563521,0.177425,0,0,0,,,
93.348,odom,map,-1.80251,-0.563521,0.177425,0,0,0,,,
93.384,odom,map,-1.80251,-0.563521,0.177425,0,0,0,,,
93.42,odom,map,-1.80251,-0.563521,0.177425,0,0,0,,,
93.456,odom,map,-1.80251,-0.563521,0.177425,0,0,0,,,
93.492,odom,map,-1.80251,-0.563521,0.177425,0,0,0,,,
93.528,odom,map,-1.80251,-0.563521,0.177425,0,0,0,,,
93.564,odom,map,-1.80251,-0.563521,0.177425,0,0,0,,,
93.6,odom,map,-1.80251,-0.563521,0.177425,0,0,0,,,
93.636,odom,map,-1.80251,-0.563521,0.177425,0,0,0,,,
93.672,odom,map,-1.80251,-0.563521,0.177425,0,0,0,,,
93.708,odom,map,-1.80251,-0.563521,0.177425,0,0,0,,,
93.744,odom,map,-1.80251,-0.563521,0.177425,0,0,0,,,
93.78,odom,map,-1.80251,-0.563521,0.177425,0,0,0,,,
93.816,odom,map,-1.80251,-0.563521,0.177425,0,0,0,,,
93.852,odom,map,-1.80251,-0.563521,0.177425,0,0,0,,,
93.888,odom,map,-1.80251,-0.563521,0.177425,0,0,0,,,
93.924,odom,map,-1.80251,-0.563521,0.177425,0,0,0,,,
93.96,odom,map,-1.80251,-0.563521,0.177425,0,0,0,,,
93.996,odom,map,-1.80251,-0.563521,0.177425,0,0,0,,,
94.032,odom,map,-1.80251,-0.563521,0.177425,0,0,0,,,
94.068,odom,map,-1.80251,-0.563521,0.177425,0,0,0,,,
94.104,odom,map,-1.80251,-0.563521,0.177425,0,0,0,,,
94.14,odom,map,-1.80251,-0.563521,0.177425,0,0,0,,,
94.176,odom,map,-1.80251,-0.563521,0.177425,0,0,0,,,
94.212,odom,map,-1.80251,-0.563521,0.177425,0,0,0,,,
94.248,odom,map,-1.80251,-0.563521,0.177425,0,0,0,,,
94.284,odom,map,-1.80251,-0.563521,0.177425,0,0,0,,,
94.32,odom,map,-1.80251,-0.563521,0.177425,0,0,0,,,
94.356,odom,map,-1.80251,-0.563521,0.177425,0,0,0,,,
94.392,odom,map,-1.80251,-0.563521,0.177425,0,0,0,,,
94.428,odom,map,-1.80251,-0.563521,0.177425,0,0,0,,,
94.464,odom,map,-1.80251,-0.563521,0.177425,0,0,0,,,
94.5,odom,map,-1.80251,-0.563521,0.177425,0,0,0,,,
94.536,odom,map,-1.80251,-0.563521,0.177425,0,0,0,,,
94.572,odom,map,-1.80251,-0.563521,0.177425,0,0,0,,,
94.608,odom,map,-1.80251,-0.563521,0.177425,0,0,0,,,
94.644,odom,map,-1.80251,-0.563521,0.177425,0,0,0,,,
94.68,odom,map,-1.80251,-0.563521,0.177425,0,0,0,,,
94.716,odom,map,-1.80251,-0.563521,0.177425,0,0,0,,,
94.752,odom,map,-1.80251,-0.563521,0.177425,0,0,0,,,
94.788,odom,map,-1.80251,-0.563521,0.177425,0,0,0,,,
94.824,odom,map,-1.80251,-0.563521,0.177425,0,0,0,,,
94.86,odom,map,-1.80251,-0.563521,0.177425,0,0,0,,,
94.896,odom,map,-1.80251,-0.563521,0.177425,0,0,0,,,
94.932,odom,map,-1.80251,-0.563521,0.177425,0,0,0,,,
94.968,odom,map,-1.80251,-0.563521,0.177425,0,0,0,,,
95.004,odom,map,-1.80251,-0.563521,0.177425,0,0,0,,,
95.04,odom,map,-1.80251,-0.563521,0.177425,0,0,0,,,
95.076,odom,map,-1.80251,-0.563521,0.177425,0,0,0,,,
95.112,odom,map,-1.80251,-0.563521,0.177425,0,0,0,,,
95.148,odom,map,-1.80251,-0.563521,0.177425,0,0,0,,,
95.184,odom,map,-1.80251,-0.563521,0.177425,0,0,0,,,
95.22,odom,map,-1.80251,-0.563521,0.177425,0,0,0,,,
95.256,odom,map,-1.80251,-0.563521,0.177425,0,0,0,,,
95.292,odom,map,-1.80251,-0.563521,0.177425,0,0,0,,,
95.328,odom,map,-1.80251,-0.563521,0.177425,0,0,0,,,
95.364,odom,map,-1.80251,-0.563521,0.177425,0,0,0,,,
95.4,odom,map,-1.80251,-0.563521,0.177425,0,0,0,,,
95.436,odom,map,-1.80251,-0.563521,0.177425,0,0,0,,,
95.472,odom,map,-1.80251,-0.563521,0.177425,0,0,0,,,
95.508,odom,map,-1.80251,-0.563521,0.177425,0,0,0,,,
95.544,odom,map,-1.80251,-0.563521,0.177425,0,0,0,,,
95.58,odom,map,-1.80251,-0.563521,0.177425,0,0,0,,,
95.616,odom,map,-1.80251,-0.563521,0.177425,0,0,0,,,
95.652,odom,map,-1.80251,-0.563521,0.177425,0,0,0,,,
95.688,odom,map,-1.80251,-0.563521,0.177425,0,0,0,,,
95.724,odom,map,-1.80251,-0.563521,0.177425,0,0,0,,,
95.76,odom,map,-1.80251,-0.563521,0.177425,0,0,0,,,
95.796,odom,map,-1.80251,-0.563521,0.177425,0,0,0,,,
95.832,odom,map,-1.80251,-0.563521,0.177425,0,0,0,,,
95.868,odom,map,-1.80251,-0.563521,0.177425,0,0,0,,,
95.904,odom,map,-1.80251,-0.563521,0.177425,0,0,0,,,
95.94,odom,map,-1.80251,-0.563521,0.177425,0,0,0,,,
95.976,odom,map,-1.80251,-0.563521,0.177425,0,0,0,,,
96.012,odom,map,-1.80251,-0.563521,0.177425,0,0,0,,,
96.048,odom,map,-1.80251,-0.563521,0.177425,0,0,0,,,
96.084,odom,map,-1.80251,-0.563521,0.177425,0,0,0,,,
96.12,odom,map,-1.80251,-0.563521,0.177425,0,0,0,,,
96.156,odom,map,-1.80251,-0.563521,0.177425,0,0,0,,,
96.192,odom,map,-1.80251,-0.563521,0.177425,0,0,0,,,
96.228,odom,map,-1.80251,-0.563521,0.177425,0,0,0,,,
96.264,odom,map,-1.80251,-0.563521,0.177425,0,0,0,,,
96.3,odom,map,-1.80251,-0.563521,0.177425,0,0,0,,,
96.336,odom,map,-1.80251,-0.563521,0.177425,0,0,0,,,
96.372,odom,map,-1.80251,-0.563521,0.177425,0,0,0,,,
96.408,odom,map,-1.80251,-0.563521,0.177425,0,0,0,,,
96.444,odom,map,-1.80251,-0.563521,0.177425,0,0,0,,,
96.48,odom,map,-1.80251,-0.563521,0.177425,0,0,0,,,
96.516,odom,map,-1.80251,-0.563521,0.177425,0,0,0,,,
96.552,odom,map,-1.80251,-0.563521,0.177425,0,0,0,,,
96.588,odom,map,-1.80251,-0.563521,0.177425,0,0,0,,,
96.624,odom,map,-1.80251,-0.563521,0.177425,0,0,0,,,
96.66,odom,map,-1.80251,-0.563521,0.177425,0,0,0,,,
96.696,odom,map,-1.80251,-0.563521,0.177425,0,0,0,,,
96.732,odom,map,-1.80251,-0.563521,0.177425,0,0,0,,,
96.768,odom,map,-1.80251,-0.563521,0.177425,0,0,0,,,
96.804,odom,map,-1.80251,-0.563521,0.177425,0,0,0,,,
96.84,odom,map,-1.80251,-0.563521,0.177425,0,0,0,,,
96.876,odom,map,-1.80251,-0.563521,0.177425,0,0,0,,,
96.912,odom,map,-1.80251,-0.563521,0.177425,0,0,0,,,
96.948,odom,map,-1.80251,-0.563521,0.177425,0,0,0,,,
96.984,odom,map,-1.80251,-0.563521,0.177425,0,0,0,,,
97.02,odom,map,-1.80251,-0.563521,0.177425,0,0,0,,,
97.056,odom,map,-1.80251,-0.563521,0.177425,0,0,0,,,
97.092,odom,map,-1.80251,-0.563521,0.177425,0,0,0,,,
97.128,odom,map,-1.80251,-0.563521,0.177425,0,0,0,,,
97.164,odom,map,-1.80251,-0.563521,0.177425,0,0,0,,,
97.2,odom,map,-1.80251,-0.563521,0.177425,0,0,0,,,
97.236,odom,map,-1.80251,-0.563521,0.177425,0,0,0,,,
97.272,odom,map,-1.80251,-0.563521,0.177425,0,0,0,,,
97.308,odom,map,-1.80251,-0.563521,0.177425,0,0,0,,,
97.344,odom,map,-1.80251,-0.563521,0.177425,0,0,0,,,
97.38,odom,map,-1.80251,-0.563521,0.177425,0,0,0,,,
97.416,odom,map,-1.80251,-0.563521,0.177425,0,0,0,,,
97.452,odom,map,-1.80251,-0.563521,0.177425,0,0,0,,,
97.488,odom,map,-1.80251,-0.563521,0.177425,0,0,0,,,
97.524,odom,map,-1.80251,-0.563521,0.177425,0,0,0,,,
97.56,odom,map,-1.80251,-0.563521,0.177425,0,0,0,,,
97.596,odom,map,-1.80251,-0.563521,0.177425,0,0,0,,,
97.632,odom,map,-1.80251,-0.563521,0.177425,0,0,0,,,
97.668,odom,map,-1.80251,-0.563521,0.177425,0,0,0,,,
97.704,odom,map,-1.80251,-0.563521,0.177425,0,0,0,,,
97.74,odom,map,-1.80251,-0.563521,0.177425,0,0,0,,,
97.776,odom,map,-1.80251,-0.563521,0.177425,0,0,0,,,
97.812,odom,map,-1.80251,-0.563521,0.177425,0,0,0,,,
97.848,odom,map,-1.80251,-0.563521,0.177425,0,0,0,,,
97.884,odom,map,-1.80251,-0.563521,0.177425,0,0,0,,,
97.92,odom,map,-1.80251,-0.563521,0.177425,0,0,0,,,
97.956,odom,map,-1.80251,-0.563521,0.177425,0,0,0,,,
97.992,odom,map,-1.80251,-0.563521,0.177425,0,0,0,,,
98.028,odom,map,-1.80251,-0.563521,0.177425,0,0,0,,,
98.064,odom,map,-1.80251,-0.563521,0.177425,0,0,0,,,
98.1,odom,map,-1.80251,-0.563521,0.177425,0,0,0,,,
98.136,odom,map,-1.80251,-0.563521,0.177425,0,0,0,,,
98.172,odom,map,-1.80251,-0.563521,0.177425,0,0,0,,,
98.208,odom,map,-1.80251,-0.563521,0.177425,0,0,0,,,
98.244,odom,map,-1.80251,-0.563521,0.177425,0,0,0,,,
98.28,odom,map,-1.80251,-0.563521,0.177425,0,0,0,,,
98.316,odom,map,-1.80251,-0.563521,0.177425,0,0,0,,,
98.352,odom,map,-1.80251,-0.563521,0.177425,0,0,0,,,
98.388,odom,map,-1.80251,-0.563521,0.177425,0,0,0,,,
98.424,odom,map,-1.80251,-0.563521,0.177425,0,0,0,,,
98.46,odom,map,-1.80251,-0.563521,0.177425,0,0,0,,,
98.496,odom,map,-1.80251,-0.563521,0.177425,0,0,0,,,
98.532,odom,map,-1.80251,-0.563521,0.177425,0,0,0,,,
98.568,odom,map,-1.80251,-0.563521,0.177425,0,0,0,,,
98.604,odom,map,-1.80251,-0.563521,0.177425,0,0,0,,,
98.64,odom,map,-1.80251,-0.563521,0.177425,0,0,0,,,
98.676,odom,map,-1.80251,-0.563521,0.177425,0,0,0,,,
98.712,odom,map,-1.80251,-0.563521,0.177425,0,0,0,,,
98.748,odom,map,-1.80251,-0.563521,0.177425,0,0,0,,,
98.784,odom,map,-1.80251,-0.563521,0.177425,0,0,0,,,
98.82,odom,map,-1.80251,-0.563521,0.177425,0,0,0,,,
98.856,odom,map,-1.80251,-0.563521,0.177425,0,0,0,,,
98.892,odom,map,-1.80251,-0.563521,0.177425,0,0,0,,,
98.928,odom,map,-1.80251,-0.563521,0.177425,0,0,0,,,
98.964,odom,map,-1.80251,-0.563521,0.177425,0,0,0,,,
99,odom,map,-1.80251,-0.563521,0.177425,0,0,0,,,
99.036,odom,map,-1.80251,-0.563521,0.177425,0,0,0,,,
99.072,odom,map,-1.80251,-0.563521,0.177425,0,0,0,,,
99.108,odom,map,-1.80251,-0.563521,0.177425,0,0,0,,,
99.144,odom,map,-1.80251,-0.563521,0.177425,0,0,0,,,
99.18,odom,map,-1.80251,-0.563521,0.177425,0,0,0,,,
99.216,odom,map,-1.80251,-0.563521,0.177425,0,0,0,,,
99.252,odom,map,-1.80251,-0.563521,0.177425,0,0,0,,,
99.288,odom,map,-1.80251,-0.563521,0.177425,0,0,0,,,
99.324,odom,map,-1.80251,-0.563521,0.177425,0,0,0,,,
99.36,odom,map,-1.80251,-0.563521,0.177425,0,0,0,,,
99.396,odom,map,-1.80251,-0.563521,0.177425,0,0,0,,,
99.432,odom,map,-1.80251,-0.563521,0.177425,0,0,0,,,
99.468,odom,map,-1.80251,-0.563521,0.177425,0,0,0,,,
99.504,odom,map,-1.80251,-0.563521,0.177425,0,0,0,,,
99.54,odom,map,-1.80251,-0.563521,0.177425,0,0,0,,,
99.576,odom,map,-1.80251,-0.563521,0.177425,0,0,0,,,
99.612,odom,map,-1.80251,-0.563521,0.177425,0,0,0,,,
99.648,odom,map,-1.80251,-0.563521,0.177425,0,0,0,,,
99.684,odom,map,-1.80251,-0.563521,0.177425,0,0,0,,,
99.72,odom,map,-1.80251,-0.563521,0.177425,0,0,0,,,
99.756,odom,map,-1.80251,-0.563521,0.177425,0,0,0,,,
99.792,odom,map,-1.80251,-0.563521,0.177425,0,0,0,,,
99.828,odom,map,-1.80251,-0.563521,0.177425,0,0,0,,,
99.864,odom,map,-1.80251,-0.563521,0.177425,0,0,0,,,
99.9,odom,map,-1.80251,-0.563521,0.177425,0,0,0,,,
99.936,odom,map,-1.80251,-0.563521,0.177425,0,0,0,,,
99.972,odom,map,-1.80251,-0.563521,0.177425,0,0,0,,,
100.008,odom,map,-1.80251,-0.563521,0.177425,0,0,0,,,
100.044,odom,map,-1.80251,-0.563521,0.177425,0,0,0,,,
100.08,odom,map,-1.80251,-0.563521,0.177425,0,0,0,,,
100.116,odom,map,-1.80251,-0.563521,0.177425,0,0,0,,,
100.152,odom,map,-1.80251,-0.563521,0.177425,0,0,0,,,
100.188,odom,map,-1.80251,-0.563521,0.177425,0,0,0,,,
100.224,odom,map,-1.80251,-0.563521,0.177425,0,0,0,,,
100.26,odom,map,-1.80251,-0.563521,0.177425,0,0,0,,,
100.296,odom,map,-1.80251,-0.563521,0.177425,0,0,0,,,
100.332,odom,map,-1.80251,-0.563521,0.177425,0,0,0,,,
100.368,odom,map,-1.80251,-0.563521,0.177425,0,0,0,,,
100.404,odom,map,-1.80251,-0.563521,0.177425,0,0,0,,,
100.44,odom,map,-1.80251,-0.563521,0.177425,0,0,0,,,
100.476,odom,map,-1.80251,-0.563521,0.177425,0,0,0,,,
100.512,odom,map,-1.80251,-0.563521,0.177425,0,0,0,,,
100.548,odom,map,-1.80251,-0.563521,0.177425,0,0,0,,,
100.584,odom,map,-1.80251,-0.563521,0.177425,0,0,0,,,
100.62,odom,map,-1.80251,-0.563521,0.177425,0,0,0,,,
100.656,odom,map,-1.80251,-0.563521,0.177425,0,0,0,,,
100.692,odom,map,-1.80251,-0.563521,0.177425,0,0,0,,,
100.728,odom,map,-1.80251,-0.563521,0.177425,0,0,0,,,
100.764,odom,map,-1.80251,-0.563521,0.177425,0,0,0,,,
100.8,odom,map,-1.80251,-0.563521,0.177425,0,0,0,,,
100.836,odom,map,-1.80251,-0.563521,0.177425,0,0,0,,,
100.872,odom,map,-1.80251,-0.563521,0.177425,0,0,0,,,
100.908,odom,map,-1.80251,-0.563521,0.177425,0,0,0,,,
100.944,odom,map,-1.80251,-0.563521,0.177425,0,0,0,,,
100.98,odom,map,-1.80251,-0.563521,0.177425,0,0,0,,,
101.016,odom,map,-1.80251,-0.563521,0.177425,0,0,0,,,
101.052,odom,map,-1.80251,-0.563521,0.177425,0,0,0,,,
101.088,odom,map,-1.80251,-0.563521,0.177425,0,0,0,,,
101.124,odom,map,-1.80251,-0.563521,0.177425,0,0,0,,,
101.16,odom,map,-1.80251,-0.563521,0.177425,0,0,0,,,
101.196,odom,map,-1.80251,-0.563521,0.177425,0,0,0,,,
101.232,odom,map,-1.80251,-0.563521,0.177425,0,0,0,,,
101.268,odom,map,-1.80251,-0.563521,0.177425,0,0,0,,,
101.304,odom,map,-1.80251,-0.563521,0.177425,0,0,0,,,
101.34,odom,map,-1.80251,-0.563521,0.177425,0,0,0,,,
101.376,odom,map,-1.80251,-0.563521,0.177425,0,0,0,,,
101.412,odom,map,-1.80251,-0.563521,0.177425,0,0,0,,,
101.448,odom,map,-1.80251,-0.563521,0.177425,0,0,0,,,
101.484,odom,map,-1.80251,-0.563521,0.177425,0,0,0,,,
101.52,odom,map,-1.80251,-0.563521,0.177425,0,0,0,,,
101.556,odom,map,-1.80251,-0.563521,0.177425,0,0,0,,,
101.592,odom,map,-1.80251,-0.563521,0.177425,0,0,0,,,
101.628,odom,map,-1.80251,-0.563521,0.177425,0,0,0,,,
101.664,odom,map,-1.80251,-0.563521,0.177425,0,0,0,,,
101.7,odom,map,-1.80251,-0.563521,0.177425,0,0,0,,,
101.736,odom,map,-1.80251,-0.563521,0.177425,0,0,0,,,
101.772,odom,map,-1.80251,-0.563521,0.177425,0,0,0,,,
101.808,odom,map,-1.80251,-0.563521,0.177425,0,0,0,,,
101.844,odom,map,-1.80251,-0.563521,0.177425,0,0,0,,,
101.88,odom,map,-1.80251,-0.563521,0.177425,0,0,0,,,
101.916,odom,map,-1.80251,-0.563521,0.177425,0,0,0,,,
101.952,odom,map,-1.80251,-0.563521,0.177425,0,0,0,,,
101.988,odom,map,-1.80251,-0.563521,0.177425,0,0,0,,,
102.024,odom,map,-1.80251,-0.563521,0.177425,0,0,0,,,
102.06,odom,map,-1.80251,-0.563521,0.177425,0,0,0,,,
102.096,odom,map,-1.80251,-0.563521,0.177425,0,0,0,,,
102.132,odom,map,-1.80251,-0.563521,0.177425,0,0,0,,,
102.168,odom,map,-1.80251,-0.563521,0.177425,0,0,0,,,
102.204,odom,map,-1.80251,-0.563521,0.177425,0,0,0,,,
102.24,odom,map,-1.80251,-0.563521,0.177425,0,0,0,,,
102.276,odom,map,-1.80251,-0.563521,0.177425,0,0,0,,,
102.312,odom,map,-1.80251,-0.563521,0.177425,0,0,0,,,
102.348,odom,map,-1.80251,-0.563521,0.177425,0,0,0,,,
102.384,odom,map,-1.80251,-0.563521,0.177425,0,0,0,,,
102.42,odom,map,-1.80251,-0.563521,0.177425,0,0,0,,,
102.456,odom,map,-1.80251,-0.563521,0.177425,0,0,0,,,
102.492,odom,map,-1.80251,-0.563521,0.177425,0,0,0,,,
102.528,odom,map,-1.80251,-0.563521,0.177425,0,0,0,,,
102.564,odom,map,-1.80251,-0.563521,0.177425,0,0,0,,,
102.6,odom,map,-1.80251,-0.563521,0.177425,0,0,0,,,
102.636,odom,map,-1.80251,-0.563521,0.177425,0,0,0,,,
102.672,odom,map,-1.80251,-0.563521,0.177425,0,0,0,,,
102.708,odom,map,-1.80251,-0.563521,0.177425,0,0,0,,,
102.744,odom,map,-1.80251,-0.563521,0.177425,0,0,0,,,
102.78,odom,map,-1.80251,-0.563521,0.177425,0,0,0,,,
102.816,odom,map,-1.80251,-0.563521,0.177425,0,0,0,,,
102.852,odom,map,-1.80251,-0.563521,0.177425,0,0,0,,,
102.888,odom,map,-1.80251,-0.563521,0.177425,0,0,0,,,
102.924,odom,map,-1.80251,-0.563521,0.177425,0,0,0,,,
102.96,odom,map,-1.80251,-0.563521,0.177425,0,0,0,,,
102.996,odom,map,-1.80251,-0.563521,0.177425,0,0,0,,,
103.032,odom,map,-1.80251,-0.563521,0.177425,0,0,0,,,
103.068,odom,map,-1.80251,-0.563521,0.177425,0,0,0,,,
103.104,odom,map,-1.80251,-0.563521,0.177425,0,0,0,,,
103.14,odom,map,-1.80251,-0.563521,0.177425,0,0,0,,,
103.176,odom,map,-1.80251,-0.563521,0.177425,0,0,0,,,
103.212,odom,map,-1.80251,-0.563521,0.177425,0,0,0,,,
103.248,odom,map,-1.80251,-0.563521,0.177425,0,0,0,,,
103.284,odom,map,-1.80251,-0.563521,0.177425,0,0,0,,,
103.32,odom,map,-1.80251,-0.563521,0.177425,0,0,0,,,
103.356,odom,map,-1.80251,-0.563521,0.177425,0,0,0,,,
103.392,odom,map,-1.80251,-0.563521,0.177425,0,0,0,,,
103.428,odom,map,-1.80251,-0.563521,0.177425,0,0,0,,,
103.464,odom,map,-1.80251,-0.563521,0.177425,0,0,0,,,
103.5,odom,map,-1.80251,-0.563521,0.177425,0,0,0,,,
103.536,odom,map,-1.80251,-0.563521,0.177425,0,0,0,,,
103.572,odom,map,-1.80251,-0.563521,0.177425,0,0,0,,,
103.608,odom,map,-1.80251,-0.563521,0.177425,0,0,0,,,
103.644,odom,map,-1.80251,-0.563521,0.177425,0,0,0,,,
103.68,odom,map,-1.80251,-0.563521,0.177425,0,0,0,,,
103.716,odom,map,-1.80251,-0.563521,0.177425,0,0,0,,,
103.752,odom,map,-1.80251,-0.563521,0.177425,0,0,0,,,
103.788,odom,map,-1.80251,-0.563521,0.177425,0,0,0,,,
103.824,odom,map,-1.80251,-0.563521,0.177425,0,0,0,,,
103.86,odom,map,-1.80251,-0.563521,0.177425,0,0,0,,,
103.896,odom,map,-1.80251,-0.563521,0.177425,0,0,0,,,
103.932,odom,map,-1.80251,-0.563521,0.177425,0,0,0,,,
103.968,odom,map,-1.80251,-0.563521,0.177425,0,0,0,,,
104.004,odom,map,-1.80251,-0.563521,0.177425,0,0,0,,,
104.04,odom,map,-1.80251,-0.563521,0.177425,0,0,0,,,
104.076,odom,map,-1.80251,-0.563521,0.177425,0,0,0,,,
104.112,odom,map,-1.80251,-0.563521,0.177425,0,0,0,,,
104.148,odom,map,-1.80251,-0.563521,0.177425,0,0,0,,,
104.184,odom,map,-1.80251,-0.563521,0.177425,0,0,0,,,
104.22,odom,map,-1.80251,-0.563521,0.177425,0,0,0,,,
104.256,odom,map,-1.80251,-0.563521,0.177425,0,0,0,,,
104.292,odom,map,-1.80251,-0.563521,0.177425,0,0,0,,,
104.328,odom,map,-1.80251,-0.563521,0.177425,0,0,0,,,
104.364,odom,map,-1.80251,-0.563521,0.177425,0,0,0,,,
104.4,odom,map,-1.80251,-0.563521,0.177425,0,0,0,,,
104.436,odom,map,-1.80251,-0.563521,0.177425,0,0,0,,,
104.472,odom,map,-1.80251,-0.563521,0.177425,0,0,0,,,
104.508,odom,map,-1.80251,-0.563521,0.177425,0,0,0,,,
104.544,odom,map,-1.80251,-0.563521,0.177425,0,0,0,,,
104.58,odom,map,-1.80251,-0.563521,0.177425,0,0,0,,,
104.616,odom,map,-1.80251,-0.563521,0.177425,0,0,0,,,
104.652,odom,map,-1.80251,-0.563521,0.177425,0,0,0,,,
104.688,odom,map,-1.80251,-0.563521,0.177425,0,0,0,,,
104.724,odom,map,-1.80251,-0.563521,0.177425,0,0,0,,,
104.76,odom,map,-1.80251,-0.563521,0.177425,0,0,0,,,
104.796,odom,map,-1.80251,-0.563521,0.177425,0,0,0,,,
104.832,odom,map,-1.80251,-0.563521,0.177425,0,0,0,,,
104.868,odom,map,-1.80251,-0.563521,0.177425,0,0,0,,,
104.904,odom,map,-1.80251,-0.563521,0.177425,0,0,0,,,
104.94,odom,map,-1.80251,-0.563521,0.177425,0,0,0,,,
104.976,odom,map,-1.80251,-0.563521,0.177425,0,0,0,,,
105.012,odom,map,-1.80251,-0.563521,0.177425,0,0,0,,,
105.048,odom,map,-1.80251,-0.563521,0.177425,0,0,0,,,
105.084,odom,map,-1.80251,-0.563521,0.177425,0,0,0,,,
105.12,odom,map,-1.80251,-0.563521,0.177425,0,0,0,,,
105.156,odom,map,-1.80251,-0.563521,0.177425,0,0,0,,,
105.192,odom,map,-1.80251,-0.563521,0.177425,0,0,0,,,
105.228,odom,map,-1.80251,-0.563521,0.177425,0,0,0,,,
105.264,odom,map,-1.80251,-0.563521,0.177425,0,0,0,,,
105.3,odom,map,-1.80251,-0.563521,0.177425,0,0,0,,,
105.336,odom,map,-1.80251,-0.563521,0.177425,0,0,0,,,
105.372,odom,map,-1.80251,-0.563521,0.177425,0,0,0,,,
105.408,odom,map,-1.80251,-0.563521,0.177425,0,0,0,,,
105.444,odom,map,-1.80251,-0.563521,0.177425,0,0,0,,,
105.48,odom,map,-1.80251,-0.563521,0.177425,0,0,0,,,
105.516,odom,map,-1.80251,-0.563521,0.177425,0,0,0,,,
105.552,odom,map,-1.80251,-0.563521,0.177425,0,0,0,,,
105.588,odom,map,-1.80251,-0.563521,0.177425,0,0,0,,,
105.624,odom,map,-1.80251,-0.563521,0.177425,0,0,0,,,
105.66,odom,map,-1.80251,-0.563521,0.177425,0,0,0,,,
105.696,odom,map,-1.80251,-0.563521,0.177425,0,0,0,,,
105.732,odom,map,-1.80251,-0.563521,0.177425,0,0,0,,,
105.768,odom,map,-1.80251,-0.563521,0.177425,0,0,0,,,
105.804,odom,map,-1.80251,-0.563521,0.177425,0,0,0,,,
105.84,odom,map,-1.80251,-0.563521,0.177425,0,0,0,,,
105.876,odom,map,-1.80251,-0.563521,0.177425,0,0,0,,,
105.912,odom,map,-1.80251,-0.563521,0.177425,0,0,0,,,
105.948,odom,map,-1.80251,-0.563521,0.177425,0,0,0,,,
105.984,odom,map,-1.80251,-0.563521,0.177425,0,0,0,,,
106.02,odom,map,-1.80251,-0.563521,0.177425,0,0,0,,,
106.056,odom,map,-1.80251,-0.563521,0.177425,0,0,0,,,
106.092,odom,map,-1.80251,-0.563521,0.177425,0,0,0,,,
106.128,odom,map,-1.80251,-0.563521,0.177425,0,0,0,,,
106.164,odom,map,-1.80251,-0.563521,0.177425,0,0,0,,,
106.2,odom,map,-1.80251,-0.563521,0.177425,0,0,0,,,
106.236,odom,map,-1.80251,-0.563521,0.177425,0,0,0,,,
106.272,odom,map,-1.80251,-0.563521,0.177425,0,0,0,,,
106.308,odom,map,-1.80251,-0.563521,0.177425,0,0,0,,,
106.344,odom,map,-1.80251,-0.563521,0.177425,0,0,0,,,
106.38,odom,map,-1.80251,-0.563521,0.177425,0,0,0,,,
106.416,odom,map,-1.80251,-0.563521,0.177425,0,0,0,,,
106.452,odom,map,-1.80251,-0.563521,0.177425,0,0,0,,,
106.488,odom,map,-1.80251,-0.563521,0.177425,0,0,0,,,
106.524,odom,map,-1.80251,-0.563521,0.177425,0,0,0,,,
106.56,odom,map,-1.80251,-0.563521,0.177425,0,0,0,,,
106.596,odom,map,-1.80251,-0.563521,0.177425,0,0,0,,,
106.632,odom,map,-1.80251,-0.563521,0.177425,0,0,0,,,
106.668,odom,map,-1.80251,-0.563521,0.177425,0,0,0,,,
106.704,odom,map,-1.80251,-0.563521,0.177425,0,0,0,,,
106.74,odom,map,-1.80251,-0.563521,0.177425,0,0,0,,,
106.776,odom,map,-1.80251,-0.563521,0.177425,0,0,0,,,
106.812,odom,map,-1.80251,-0.563521,0.177425,0,0,0,,,
106.848,odom,map,-1.80251,-0.563521,0.177425,0,0,0,,,
106.884,odom,map,-1.80251,-0.563521,0.177425,0,0,0,,,
106.92,odom,map,-1.80251,-0.563521,0.177425,0,0,0,,,
106.956,odom,map,-1.80251,-0.563521,0.177425,0,0,0,,,
106.992,odom,map,-1.80251,-0.563521,0.177425,0,0,0,,,
107.028,odom,map,-1.80251,-0.563521,0.177425,0,0,0,,,
107.064,odom,map,-1.80251,-0.563521,0.177425,0,0,0,,,
107.1,odom,map,-1.80251,-0.563521,0.177425,0,0,0,,,
107.136,odom,map,-1.80251,-0.563521,0.177425,0,0,0,,,
107.172,odom,map,-1.80251,-0.563521,0.177425,0,0,0,,,
107.208,odom,map,-1.80251,-0.563521,0.177425,0,0,0,,,
107.244,odom,map,-1.80251,-0.563521,0.177425,0,0,0,,,
107.28,odom,map,-1.80251,-0.563521,0.177425,0,0,0,,,
107.316,odom,map,-1.80251,-0.563521,0.177425,0,0,0,,,
107.352,odom,map,-1.80251,-0.563521,0.177425,0,0,0,,,
107.388,odom,map,-1.80251,-0.563521,0.177425,0,0,0,,,
107.424,odom,map,-1.80251,-0.563521,0.177425,0,0,0,,,
107.46,odom,map,-1.80251,-0.563521,0.177425,0,0,0,,,
107.496,odom,map,-1.80251,-0.563521,0.177425,0,0,0,,,
107.532,odom,map,-1.80251,-0.563521,0.177425,0,0,0,,,
107.568,odom,map,-1.80251,-0.563521,0.177425,0,0,0,,,
107.604,odom,map,-1.80251,-0.563521,0.177425,0,0,0,,,
107.64,odom,map,-1.80251,-0.563521,0.177425,0,0,0,,,
107.676,odom,map,-1.80251,-0.563521,0.177425,0,0,0,,,
107.712,odom,map,-1.80251,-0.563521,0.177425,0,0,0,,,
107.748,odom,map,-1.80251,-0.563521,0.177425,0,0,0,,,
107.784,odom,map,-1.80251,-0.563521,0.177425,0,0,0,,,
107.82,odom,map,-1.80251,-0.563521,0.177425,0,0,0,,,
107.856,odom,map,-1.80251,-0.563521,0.177425,0,0,0,,,
107.892,odom,map,-1.80251,-0.563521,0.177425,0,0,0,,,
107.928,odom,map,-1.80251,-0.563521,0.177425,0,0,0,,,
107.964,odom,map,-1.80251,-0.563521,0.177425,0,0,0,,,
108,odom,map,-1.80251,-0.563521,0.177425,0,0,0,,,
108.036,odom,map,-1.80251,-0.563521,0.177425,0,0,0,,,
108.072,odom,map,-1.80251,-0.563521,0.177425,0,0,0,,,
108.108,odom,map,-1.80251,-0.563521,0.177425,0,0,0,,,
108.144,odom,map,-1.80251,-0.563521,0.177425,0,0,0,,,
108.18,odom,map,-1.80251,-0.563521,0.177425,0,0,0,,,
108.216,odom,map,-1.80251,-0.563521,0.177425,0,0,0,,,
108.252,odom,map,-1.80251,-0.563521,0.177425,0,0,0,,,
108.288,odom,map,-1.80251,-0.563521,0.177425,0,0,0,,,
108.324,odom,map,-1.80251,-0.563521,0.177425,0,0,0,,,
108.36,odom,map,-1.80251,-0.563521,0.177425,0,0,0,,,
108.396,odom,map,-1.80251,-0.563521,0.177425,0,0,0,,,
108.432,odom,map,-1.80251,-0.563521,0.177425,0,0,0,,,
108.468,odom,map,-1.80251,-0.563521,0.177425,0,0,0,,,
108.504,odom,map,-1.80251,-0.563521,0.177425,0,0,0,,,
108.54,odom,map,-1.80251,-0.563521,0.177425,0,0,0,,,
108.576,odom,map,-1.80251,-0.563521,0.177425,0,0,0,,,
108.612,odom,map,-1.80251,-0.563521,0.177425,0,0,0,,,
108.648,odom,map,-1.80251,-0.563521,0.177425,0,0,0,,,
108.684,odom,map,-1.80251,-0.563521,0.177425,0,0,0,,,
108.72,odom,map,-1.80251,-0.563521,0.177425,0,0,0,,,
108.756,odom,map,-1.80251,-0.563521,0.177425,0,0,0,,,
108.792,odom,map,-1.80251,-0.563521,0.177425,0,0,0,,,
108.828,odom,map,-1.80251,-0.563521,0.177425,0,0,0,,,
108.864,odom,map,-1.80251,-0.563521,0.177425,0,0,0,,,
108.9,odom,map,-1.80251,-0.563521,0.177425,0,0,0,,,
108.936,odom,map,-1.80251,-0.563521,0.177425,0,0,0,,,
108.972,odom,map,-1.80251,-0.563521,0.177425,0,0,0,,,
109.008,odom,map,-1.80251,-0.563521,0.177425,0,0,0,,,
109.044,odom,map,-1.80251,-0.563521,0.177425,0,0,0,,,
109.08,odom,map,-1.80251,-0.563521,0.177425,0,0,0,,,
109.116,odom,map,-1.80251,-0.563521,0.177425,0,0,0,,,
109.152,odom,map,-1.80251,-0.563521,0.177425,0,0,0,,,
109.188,odom,map,-1.80251,-0.563521,0.177425,0,0,0,,,
109.224,odom,map,-1.80251,-0.563521,0.177425,0,0,0,,,
109.26,odom,map,-1.80251,-0.563521,0.177425,0,0,0,,,
109.296,odom,map,-1.80251,-0.563521,0.177425,0,0,0,,,
109.332,odom,map,-1.80251,-0.563521,0.177425,0,0,0,,,
109.368,odom,map,-1.80251,-0.563521,0.177425,0,0,0,,,
109.404,odom,map,-1.80251,-0.563521,0.177425,0,0,0,,,
109.44,odom,map,-1.80251,-0.563521,0.177425,0,0,0,,,
109.476,odom,map,-1.80251,-0.563521,0.177425,0,0,0,,,
109.512,odom,map,-1.80251,-0.563521,0.177425,0,0,0,,,
109.548,odom,map,-1.80251,-0.563521,0.177425,0,0,0,,,
109.584,odom,map,-1.80251,-0.563521,0.177425,0,0,0,,,
109.62,odom,map,-1.80251,-0.563521,0.177425,0,0,0,,,
109.656,odom,map,-1.80251,-0.563521,0.177425,0,0,0,,,
109.692,odom,map,-1.80251,-0.563521,0.177425,0,0,0,,,
109.728,odom,map,-1.80251,-0.563521,0.177425,0,0,0,,,
109.764,odom,map,-1.80251,-0.563521,0.177425,0,0,0,,,
109.8,odom,map,-1.80251,-0.563521,0.177425,0,0,0,,,
109.836,odom,map,-1.80251,-0.563521,0.177425,0,0,0,,,
109.872,odom,map,-1.80251,-0.563521,0.177425,0,0,0,,,
109.908,odom,map,-1.80251,-0.563521,0.177425,0,0,0,,,
109.944,odom,map,-1.80251,-0.563521,0.177425,0,0,0,,,
109.98,odom,map,-1.80251,-0.563521,0.177425,0,0,0,,,
110.016,odom,map,-1.80251,-0.563521,0.177425,0,0,0,,,
110.052,odom,map,-1.80251,-0.563521,0.177425,0,0,0,,,
110.088,odom,map,-1.80251,-0.563521,0.177425,0,0,0,,,
110.124,odom,map,-1.80251,-0.563521,0.177425,0,0,0,,,
110.16,odom,map,-1.80251,-0.563521,0.177425,0,0,0,,,
110.196,odom,map,-1.80251,-0.563521,0.177425,0,0,0,,,
110.232,odom,map,-1.80251,-0.563521,0.177425,0,0,0,,,
110.268,odom,map,-1.80251,-0.563521,0.177425,0,0,0,,,
110.304,odom,map,-1.80251,-0.563521,0.177425,0,0,0,,,
110.34,odom,map,-1.80251,-0.563521,0.177425,0,0,0,,,
110.376,odom,map,-1.80251,-0.563521,0.177425,0,0,0,,,
110.412,odom,map,-1.80251,-0.563521,0.177425,0,0,0,,,
110.448,odom,map,-1.80251,-0.563521,0.177425,0,0,0,,,
110.484,odom,map,-1.80251,-0.563521,0.177425,0,0,0,,,
110.52,odom,map,-1.80251,-0.563521,0.177425,0,0,0,,,
110.556,odom,map,-1.80251,-0.563521,0.177425,0,0,0,,,
110.592,odom,map,-1.80251,-0.563521,0.177425,0,0,0,,,
110.628,odom,map,-1.80251,-0.563521,0.177425,0,0,0,,,
110.664,odom,map,-1.80251,-0.563521,0.177425,0,0,0,,,
110.7,odom,map,-1.80251,-0.563521,0.177425,0,0,0,,,
110.736,odom,map,-1.80251,-0.563521,0.177425,0,0,0,,,
110.772,odom,map,-1.80251,-0.563521,0.177425,0,0,0,,,
110.808,odom,map,-1.80251,-0.563521,0.177425,0,0,0,,,
110.844,odom,map,-1.80251,-0.563521,0.177425,0,0,0,,,
110.88,odom,map,-1.80251,-0.563521,0.177425,0,0,0,,,
110.916,odom,map,-1.80251,-0.563521,0.177425,0,0,0,,,
110.952,odom,map,-1.80251,-0.563521,0.177425,0,0,0,,,
110.988,odom,map,-1.80251,-0.563521,0.177425,0,0,0,,,
111.024,odom,map,-1.80251,-0.563521,0.177425,0,0,0,,,
111.06,odom,map,-1.80251,-0.563521,0.177425,0,0,0,,,
111.096,odom,map,-1.80251,-0.563521,0.177425,0,0,0,,,
111.132,odom,map,-1.80251,-0.563521,0.177425,0,0,0,,,
111.168,odom,map,-1.80251,-0.563521,0.177425,0,0,0,,,
111.204,odom,map,-1.80251,-0.563521,0.177425,0,0,0,,,
111.24,odom,map,-1.80251,-0.563521,0.177425,0,0,0,,,
111.276,odom,map,-1.80251,-0.563521,0.177425,0,0,0,,,
111.312,odom,map,-1.80251,-0.563521,0.177425,0,0,0,,,
111.348,odom,map,-1.80251,-0.563521,0.177425,0,0,0,,,
111.384,odom,map,-1.80251,-0.563521,0.177425,0,0,0,,,
111.42,odom,map,-1.80251,-0.563521,0.177425,0,0,0,,,
111.456,odom,map,-1.80251,-0.563521,0.177425,0,0,0,,,
111.492,odom,map,-1.80251,-0.563521,0.177425,0,0,0,,,
111.528,odom,map,-1.80251,-0.563521,0.177425,0,0,0,,,
111.564,odom,map,-1.80251,-0.563521,0.177425,0,0,0,,,
111.6,odom,map,-1.80251,-0.563521,0.177425,0,0,0,,,
111.636,odom,map,-1.80251,-0.563521,0.177425,0,0,0,,,
111.672,odom,map,-1.80251,-0.563521,0.177425,0,0,0,,,
111.708,odom,map,-1.80251,-0.563521,0.177425,0,0,0,,,
111.744,odom,map,-1.80251,-0.563521,0.177425,0,0,0,,,
111.78,odom,map,-1.80251,-0.563521,0.177425,0,0,0,,,
111.816,odom,map,-1.80251,-0.563521,0.177425,0,0,0,,,
111.852,odom,map,-1.80251,-0.563521,0.177425,0,0,0,,,
111.888,odom,map,-1.80251,-0.563521,0.177425,0,0,0,,,
111.924,odom,map,-1.80251,-0.563521,0.177425,0,0,0,,,
111.96,odom,map,-1.80251,-0.563521,0.177425,0,0,0,,,
111.996,odom,map,-1.80251,-0.563521,0.177425,0,0,0,,,
112.032,odom,map,-1.80251,-0.563521,0.177425,0,0,0,,,
112.068,odom,map,-1.80251,-0.563521,0.177425,0,0,0,,,
112.104,odom,map,-1.80251,-0.563521,0.177425,0,0,0,,,
112.14,odom,map,-1.80251,-0.563521,0.177425,0,0,0,,,
112.176,odom,map,-1.80251,-0.563521,0.177425,0,0,0,,,
112.212,odom,map,-1.80251,-0.563521,0.177425,0,0,0,,,
112.248,odom,map,-1.80251,-0.563521,0.177425,0,0,0,,,
112.284,odom,map,-1.80251,-0.563521,0.177425,0,0,0,,,
112.32,odom,map,-1.80251,-0.563521,0.177425,0,0,0,,,
112.356,odom,map,-1.80251,-0.563521,0.177425,0,0,0,,,
112.392,odom,map,-1.80251,-0.563521,0.177425,0,0,0,,,
112.428,odom,map,-1.80251,-0.563521,0.177425,0,0,0,,,
112.464,odom,map,-1.80251,-0.563521,0.177425,0,0,0,,,
112.5,odom,map,-1.80251,-0.563521,0.177425,0,0,0,,,
112.536,odom,map,-1.80251,-0.563521,0.177425,0,0,0,,,
112.572,odom,map,-1.80251,-0.563521,0.177425,0,0,0,,,
112.608,odom,map,-1.80251,-0.563521,0.177425,0,0,0,,,
112.644,odom,map,-1.80251,-0.563521,0.177425,0,0,0,,,
112.68,odom,map,-1.80251,-0.563521,0.177425,0,0,0,,,
112.716,odom,map,-1.80251,-0.563521,0.177425,0,0,0,,,
112.752,odom,map,-1.80251,-0.563521,0.177425,0,0,0,,,
112.788,odom,map,-1.80251,-0.563521,0.177425,0,0,0,,,
112.824,odom,map,-1.80251,-0.563521,0.177425,0,0,0,,,
112.86,odom,map,-1.80251,-0.563521,0.177425,0,0,0,,,
112.896,odom,map,-1.80251,-0.563521,0.177425,0,0,0,,,
112.932,odom,map,-1.80251,-0.563521,0.177425,0,0,0,,,
112.968,odom,map,-1.80251,-0.563521,0.177425,0,0,0,,,
113.004,odom,map,-1.80251,-0.563521,0.177425,0,0,0,,,
113.04,odom,map,-1.80251,-0.563521,0.177425,0,0,0,,,
113.076,odom,map,-1.80251,-0.563521,0.177425,0,0,0,,,
113.112,odom,map,-1.80251,-0.563521,0.177425,0,0,0,,,
113.148,odom,map,-1.80251,-0.563521,0.177425,0,0,0,,,
113.184,odom,map,-1.80251,-0.563521,0.177425,0,0,0,,,
113.22,odom,map,-1.80251,-0.563521,0.177425,0,0,0,,,
113.256,odom,map,-1.80251,-0.563521,0.177425,0,0,0,,,
113.292,odom,map,-1.80251,-0.563521,0.177425,0,0,0,,,
113.328,odom,map,-1.80251,-0.563521,0.177425,0,0,0,,,
113.364,odom,map,-1.80251,-0.563521,0.177425,0,0,0,,,
113.4,odom,map,-1.80251,-0.563521,0.177425,0,0,0,,,
113.436,odom,map,-1.80251,-0.563521,0.177425,0,0,0,,,
113.472,odom,map,-1.80251,-0.563521,0.177425,0,0,0,,,
113.508,odom,map,-1.80251,-0.563521,0.177425,0,0,0,,,
113.544,odom,map,-1.80251,-0.563521,0.177425,0,0,0,,,
113.58,odom,map,-1.80251,-0.563521,0.177425,0,0,0,,,
113.616,odom,map,-1.80251,-0.563521,0.177425,0,0,0,,,
113.652,odom,map,-1.80251,-0.563521,0.177425,0,0,0,,,
113.688,odom,map,-1.80251,-0.563521,0.177425,0,0,0,,,
113.724,odom,map,-1.80251,-0.563521,0.177425,0,0,0,,,
113.76,odom,map,-1.80251,-0.563521,0.177425,0,0,0,,,
113.796,odom,map,-1.80251,-0.563521,0.177425,0,0,0,,,
113.832,odom,map,-1.80251,-0.563521,0.177425,0,0,0,,,
113.868,odom,map,-1.80251,-0.563521,0.177425,0,0,0,,,
113.904,odom,map,-1.80251,-0.563521,0.177425,0,0,0,,,
113.94,odom,map,-1.80251,-0.563521,0.177425,0,0,0,,,
113.976,odom,map,-1.80251,-0.563521,0.177425,0,0,0,,,
114.012,odom,map,-1.80251,-0.563521,0.177425,0,0,0,,,
114.048,odom,map,-1.80251,-0.563521,0.177425,0,0,0,,,
114.084,odom,map,-1.80251,-0.563521,0.177425,0,0,0,,,
114.12,odom,map,-1.80251,-0.563521,0.177425,0,0,0,,,
114.156,odom,map,-1.80251,-0.563521,0.177425,0,0,0,,,
114.192,odom,map,-1.80251,-0.563521,0.177425,0,0,0,,,
114.228,odom,map,-1.80251,-0.563521,0.177425,0,0,0,,,
114.264,odom,map,-1.80251,-0.563521,0.177425,0,0,0,,,
114.3,odom,map,-1.80251,-0.563521,0.177425,0,0,0,,,
114.336,odom,map,-1.80251,-0.563521,0.177425,0,0,0,,,
114.372,odom,map,-1.80251,-0.563521,0.177425,0,0,0,,,
114.408,odom,map,-1.80251,-0.563521,0.177425,0,0,0,,,
114.444,odom,map,-1.80251,-0.563521,0.177425,0,0,0,,,
114.48,odom,map,-1.80251,-0.563521,0.177425,0,0,0,,,
114.516,odom,map,-1.80251,-0.563521,0.177425,0,0,0,,,
114.552,odom,map,-1.80251,-0.563521,0.177425,0,0,0,,,
114.588,odom,map,-1.80251,-0.563521,0.177425,0,0,0,,,
114.624,odom,map,-1.80251,-0.563521,0.177425,0,0,0,,,
114.66,odom,map,-1.80251,-0.563521,0.177425,0,0,0,,,
114.696,odom,map,-1.80251,-0.563521,0.177425,0,0,0,,,
114.732,odom,map,-1.80251,-0.563521,0.177425,0,0,0,,,
114.768,odom,map,-1.80251,-0.563521,0.177425,0,0,0,,,
114.804,odom,map,-1.80251,-0.563521,0.177425,0,0,0,,,
114.84,odom,map,-1.80251,-0.563521,0.177425,0,0,0,,,
114.876,odom,map,-1.80251,-0.563521,0.177425,0,0,0,,,
114.912,odom,map,-1.80251,-0.563521,0.177425,0,0,0,,,
114.948,odom,map,-1.80251,-0.563521,0.177425,0,0,0,,,
114.984,odom,map,-1.80251,-0.563521,0.177425,0,0,0,,,
115.02,odom,map,-1.80251,-0.563521,0.177425,0,0,0,,,
115.056,odom,map,-1.80251,-0.563521,0.177425,0,0,0,,,
115.092,odom,map,-1.80251,-0.563521,0.177425,0,0,0,,,
115.128,odom,map,-1.80251,-0.563521,0.177425,0,0,0,,,
115.164,odom,map,-1.80251,-0.563521,0.177425,0,0,0,,,
115.2,odom,map,-1.80251,-0.563521,0.177425,0,0,0,,,
115.236,odom,map,-1.80251,-0.563521,0.177425,0,0,0,,,
115.272,odom,map,-1.80251,-0.563521,0.177425,0,0,0,,,
115.308,odom,map,-1.80251,-0.563521,0.177425,0,0,0,,,
115.344,odom,map,-1.80251,-0.563521,0.177425,0,0,0,,,
115.38,odom,map,-1.80251,-0.563521,0.177425,0,0,0,,,
115.416,odom,map,-1.80251,-0.563521,0.177425,0,0,0,,,
115.452,odom,map,-1.80251,-0.563521,0.177425,0,0,0,,,
115.488,odom,map,-1.80251,-0.563521,0.177425,0,0,0,,,
115.524,odom,map,-1.80251,-0.563521,0.177425,0,0,0,,,
115.56,odom,map,-1.80251,-0.563521,0.177425,0,0,0,,,
115.596,odom,map,-1.80251,-0.563521,0.177425,0,0,0,,,
115.632,odom,map,-1.80251,-0.563521,0.177425,0,0,0,,,
115.668,odom,map,-1.80251,-0.563521,0.177425,0,0,0,,,
115.704,odom,map,-1.80251,-0.563521,0.177425,0,0,0,,,
115.74,odom,map,-1.80251,-0.563521,0.177425,0,0,0,,,
115.776,odom,map,-1.80251,-0.563521,0.177425,0,0,0,,,
115.812,odom,map,-1.80251,-0.563521,0.177425,0,0,0,,,
115.848,odom,map,-1.80251,-0.563521,0.177425,0,0,0,,,
115.884,odom,map,-1.80251,-0.563521,0.177425,0,0,0,,,
115.92,odom,map,-1.80251,-0.563521,0.177425,0,0,0,,,
115.956,odom,map,-1.80251,-0.563521,0.177425,0,0,0,,,
115.992,odom,map,-1.80251,-0.563521,0.177425,0,0,0,,,
116.028,odom,map,-1.80251,-0.563521,0.177425,0,0,0,,,
116.064,odom,map,-1.80251,-0.563521,0.177425,0,0,0,,,
116.1,odom,map,-1.80251,-0.563521,0.177425,0,0,0,,,
116.136,odom,map,-1.80251,-0.563521,0.177425,0,0,0,,,
116.172,odom,map,-1.80251,-0.563521,0.177425,0,0,0,,,
116.208,odom,map,-1.80251,-0.563521,0.177425,0,0,0,,,
116.244,odom,map,-1.80251,-0.563521,0.177425,0,0,0,,,
116.28,odom,map,-1.80251,-0.563521,0.177425,0,0,0,,,
116.316,odom,map,-1.80251,-0.563521,0.177425,0,0,0,,,
116.352,odom,map,-1.80251,-0.563521,0.177425,0,0,0,,,
116.388,odom,map,-1.80251,-0.563521,0.177425,0,0,0,,,
116.424,odom,map,-1.80251,-0.563521,0.177425,0,0,0,,,
116.46,odom,map,-1.80251,-0.563521,0.177425,0,0,0,,,
116.496,odom,map,-1.80251,-0.563521,0.177425,0,0,0,,,
116.532,odom,map,-1.80251,-0.563521,0.177425,0,0,0,,,
116.568,odom,map,-1.80251,-0.563521,0.177425,0,0,0,,,
116.604,odom,map,-1.80251,-0.563521,0.177425,0,0,0,,,
116.64,odom,map,-1.80251,-0.563521,0.177425,0,0,0,,,
116.676,odom,map,-1.80251,-0.563521,0.177425,0,0,0,,,
116.712,odom,map,-1.80251,-0.563521,0.177425,0,0,0,,,
116.748,odom,map,-1.80251,-0.563521,0.177425,0,0,0,,,
116.784,odom,map,-1.80251,-0.563521,0.177425,0,0,0,,,
116.82,odom,map,-1.80251,-0.563521,0.177425,0,0,0,,,
116.856,odom,map,-1.80251,-0.563521,0.177425,0,0,0,,,
116.892,odom,map,-1.80251,-0.563521,0.177425,0,0,0,,,
116.928,odom,map,-1.80251,-0.563521,0.177425,0,0,0,,,
116.964,odom,map,-1.80251,-0.563521,0.177425,0,0,0,,,
117,odom,map,-1.80251,-0.563521,0.177425,0,0,0,,,
117.036,odom,map,-1.80251,-0.563521,0.177425,0,0,0,,,
117.072,odom,map,-1.80251,-0.563521,0.177425,0,0,0,,,
117.108,odom,map,-1.80251,-0.563521,0.177425,0,0,0,,,
117.144,odom,map,-1.80251,-0.563521,0.177425,0,0,0,,,
117.18,odom,map,-1.80251,-0.563521,0.177425,0,0,0,,,
117.216,odom,map,-1.80251,-0.563521,0.177425,0,0,0,,,
117.252,odom,map,-1.80251,-0.563521,0.177425,0,0,0,,,
117.288,odom,map,-1.80251,-0.563521,0.177425,0,0,0,,,
117.324,odom,map,-1.80251,-0.563521,0.177425,0,0,0,,,
117.36,odom,map,-1.80251,-0.563521,0.177425,0,0,0,,,
117.396,odom,map,-1.80251,-0.563521,0.177425,0,0,0,,,
117.432,odom,map,-1.80251,-0.563521,0.177425,0,0,0,,,
117.468,odom,map,-1.80251,-0.563521,0.177425,0,0,0,,,
117.504,odom,map,-1.80251,-0.563521,0.177425,0,0,0,,,
117.54,odom,map,-1.80251,-0.563521,0.177425,0,0,0,,,
117.576,odom,map,-1.80251,-0.563521,0.177425,0,0,0,,,
117.612,odom,map,-1.80251,-0.563521,0.177425,0,0,0,,,
117.648,odom,map,-1.80251,-0.563521,0.177425,0,0,0,,,
117.684,odom,map,-1.80251,-0.563521,0.177425,0,0,0,,,
117.72,odom,map,-1.80251,-0.563521,0.177425,0,0,0,,,
117.756,odom,map,-1.80251,-0.563521,0.177425,0,0,0,,,
117.792,odom,map,-1.80251,-0.563521,0.177425,0,0,0,,,
117.828,odom,map,-1.80251,-0.563521,0.177425,0,0,0,,,
117.864,odom,map,-1.80251,-0.563521,0.177425,0,0,0,,,
117.9,odom,map,-1.80251,-0.563521,0.177425,0,0,0,,,
117.936,odom,map,-1.80251,-0.563521,0.177425,0,0,0,,,
117.972,odom,map,-1.80251,-0.563521,0.177425,0,0,0,,,
118.008,odom,map,-1.80251,-0.563521,0.177425,0,0,0,,,
118.044,odom,map,-1.80251,-0.563521,0.177425,0,0,0,,,
118.08,odom,map,-1.80251,-0.563521,0.177425,0,0,0,,,
118.116,odom,map,-1.80251,-0.563521,0.177425,0,0,0,,,
118.152,odom,map,-1.80251,-0.563521,0.177425,0,0,0,,,
118.188,odom,map,-1.80251,-0.563521,0.177425,0,0,0,,,
118.224,odom,map,-1.80251,-0.563521,0.177425,0,0,0,,,
118.26,odom,map,-1.80251,-0.563521,0.177425,0,0,0,,,
118.296,odom,map,-1.80251,-0.563521,0.177425,0,0,0,,,
118.332,odom,map,-1.80251,-0.563521,0.177425,0,0,0,,,
118.368,odom,map,-1.80251,-0.563521,0.177425,0,0,0,,,
118.404,odom,map,-1.80251,-0.563521,0.177425,0,0,0,,,
118.44,odom,map,-1.80251,-0.563521,0.177425,0,0,0,,,
118.476,odom,map,-1.80251,-0.563521,0.177425,0,0,0,,,
118.512,odom,map,-1.80251,-0.563521,0.177425,0,0,0,,,
118.548,odom,map,-1.80251,-0.563521,0.177425,0,0,0,,,
118.584,odom,map,-1.80251,-0.563521,0.177425,0,0,0,,,
118.62,odom,map,-1.80251,-0.563521,0.177425,0,0,0,,,
118.656,odom,map,-1.80251,-0.563521,0.177425,0,0,0,,,
118.692,odom,map,-1.80251,-0.563521,0.177425,0,0,0,,,
118.728,odom,map,-1.80251,-0.563521,0.177425,0,0,0,,,
118.764,odom,map,-1.80251,-0.563521,0.177425,0,0,0,,,
118.8,odom,map,-1.80251,-0.563521,0.177425,0,0,0,,,
118.836,odom,map,-1.80251,-0.563521,0.177425,0,0,0,,,
118.872,odom,map,-1.80251,-0.563521,0.177425,0,0,0,,,
118.908,odom,map,-1.80251,-0.563521,0.177425,0,0,0,,,
118.944,odom,map,-1.80251,-0.563521,0.177425,0,0,0,,,
118.98,odom,map,-1.80251,-0.563521,0.177425,0,0,0,,,
119.016,odom,map,-1.80251,-0.563521,0.177425,0,0,0,,,
119.052,odom,map,-1.80251,-0.563521,0.177425,0,0,0,,,
119.088,odom,map,-1.80251,-0.563521,0.177425,0,0,0,,,
119.124,odom,map,-1.80251,-0.563521,0.177425,0,0,0,,,
119.16,odom,map,-1.80251,-0.563521,0.177425,0,0,0,,,
119.196,odom,map,-1.80251,-0.563521,0.177425,0,0,0,,,
119.232,odom,map,-1.80251,-0.563521,0.177425,0,0,0,,,
119.268,odom,map,-1.80251,-0.563521,0.177425,0,0,0,,,
119.304,odom,map,-1.80251,-0.563521,0.177425,0,0,0,,,
119.34,odom,map,-1.80251,-0.563521,0.177425,0,0,0,,,
119.376,odom,map,-1.80251,-0.563521,0.177425,0,0,0,,,
119.412,odom,map,-1.80251,-0.563521,0.177425,0,0,0,,,
119.448,odom,map,-1.80251,-0.563521,0.177425,0,0,0,,,
119.484,odom,map,-1.80251,-0.563521,0.177425,0,0,0,,,
119.52,odom,map,-1.80251,-0.563521,0.177425,0,0,0,,,
119.556,odom,map,-1.80251,-0.563521,0.177425,0,0,0,,,
119.592,odom,map,-1.80251,-0.563521,0.177425,0,0,0,,,
119.628,odom,map,-1.80251,-0.563521,0.177425,0,0,0,,,
119.664,odom,map,-1.80251,-0.563521,0.177425,0,0,0,,,
119.7,odom,map,-1.80251,-0.563521,0.177425,0,0,0,,,
119.736,odom,map,-1.80251,-0.563521,0.177425,0,0,0,,,
119.772,odom,map,-1.80251,-0.563521,0.177425,0,0,0,,,
119.808,odom,map,-1.80251,-0.563521,0.177425,0,0,0,,,
119.844,odom,map,-1.80251,-0.563521,0.177425,0,0,0,,,
119.88,odom,map,-1.80251,-0.563521,0.177425,0,0,0,,,
119.916,odom,map,-1.80251,-0.563521,0.177425,0,0,0,,,
119.952,odom,map,-1.80251,-0.563521,0.177425,0,0,0,,,
119.988,odom,map,-1.80251,-0.563521,0.177425,0,0,0,,,
120.024,odom,map,-1.80251,-0.563521,0.177425,0,0,0,,,
120.06,odom,map,-1.80251,-0.563521,0.177425,0,0,0,,,
120.096,odom,map,-1.80251,-0.563521,0.177425,0,0,0,,,
120.132,odom,map,-1.80251,-0.563521,0.177425,0,0,0,,,
120.168,odom,map,-1.80251,-0.563521,0.177425,0,0,0,,,
120.204,odom,map,-1.80251,-0.563521,0.177425,0,0,0,,,
120.24,odom,map,-1.80251,-0.563521,0.177425,0,0,0,,,
120.276,odom,map,-1.80251,-0.563521,0.177425,0,0,0,,,
120.312,odom,map,-1.80251,-0.563521,0.177425,0,0,0,,,
120.348,odom,map,-1.80251,-0.563521,0.177425,0,0,0,,,
120.384,odom,map,-1.80251,-0.563521,0.177425,0,0,0,,,
120.42,odom,map,-1.80251,-0.563521,0.177425,0,0,0,,,
120.456,odom,map,-1.80251,-0.563521,0.177425,0,0,0,,,
120.492,odom,map,-1.80251,-0.563521,0.177425,0,0,0,,,
120.528,odom,map,-1.80251,-0.563521,0.177425,0,0,0,,,
120.564,odom,map,-1.80251,-0.563521,0.177425,0,0,0,,,
120.6,odom,map,-1.80251,-0.563521,0.177425,0,0,0,,,
120.636,odom,map,-1.80251,-0.563521,0.177425,0,0,0,,,
120.672,odom,map,-1.80251,-0.563521,0.177425,0,0,0,,,
120.708,odom,map,-1.80251,-0.563521,0.177425,0,0,0,,,
120.744,odom,map,-1.80251,-0.563521,0.177425,0,0,0,,,
120.78,odom,map,-1.80251,-0.563521,0.177425,0,0,0,,,
120.816,odom,map,-1.80251,-0.563521,0.177425,0,0,0,,,
120.852,odom,map,-1.80251,-0.563521,0.177425,0,0,0,,,
120.888,odom,map,-1.80251,-0.563521,0.177425,0,0,0,,,
120.924,odom,map,-1.80251,-0.563521,0.177425,0,0,0,,,
120.96,odom,map,-1.80251,-0.563521,0.177425,0,0,0,,,
120.996,odom,map,-1.80251,-0.563521,0.177425,0,0,0,,,
121.032,odom,map,-1.80251,-0.563521,0.177425,0,0,0,,,
121.068,odom,map,-1.80251,-0.563521,0.177425,0,0,0,,,
121.104,odom,map,-1.80251,-0.563521,0.177425,0,0,0,,,
121.14,odom,map,-1.80251,-0.563521,0.177425,0,0,0,,,
121.176,odom,map,-1.80251,-0.563521,0.177425,0,0,0,,,
121.212,odom,map,-1.80251,-0.563521,0.177425,0,0,0,,,
121.248,odom,map,-1.80251,-0.563521,0.177425,0,0,0,,,
121.284,odom,map,-1.80251,-0.563521,0.177425,0,0,0,,,
121.32,odom,map,-1.80251,-0.563521,0.177425,0,0,0,,,
121.356,odom,map,-1.80251,-0.563521,0.177425,0,0,0,,,
121.392,odom,map,-1.80251,-0.563521,0.177425,0,0,0,,,
121.428,odom,map,-1.80251,-0.563521,0.177425,0,0,0,,,
121.464,odom,map,-1.80251,-0.563521,0.177425,0,0,0,,,
121.5,odom,map,-1.80251,-0.563521,0.177425,0,0,0,,,
121.536,odom,map,-1.80251,-0.563521,0.177425,0,0,0,,,
121.572,odom,map,-1.80251,-0.563521,0.177425,0,0,0,,,
121.608,odom,map,-1.80251,-0.563521,0.177425,0,0,0,,,
121.644,odom,map,-1.80251,-0.563521,0.177425,0,0,0,,,
121.68,odom,map,-1.80251,-0.563521,0.177425,0,0,0,,,
121.716,odom,map,-1.80251,-0.563521,0.177425,0,0,0,,,
121.752,odom,map,-1.80251,-0.563521,0.177425,0,0,0,,,
121.788,odom,map,-1.80251,-0.563521,0.177425,0,0,0,,,
121.824,odom,map,-1.80251,-0.563521,0.177425,0,0,0,,,
121.86,odom,map,-1.80251,-0.563521,0.177425,0,0,0,,,
121.896,odom,map,-1.80251,-0.563521,0.177425,0,0,0,,,
121.932,odom,map,-1.80251,-0.563521,0.177425,0,0,0,,,
121.968,odom,map,-1.80251,-0.563521,0.177425,0,0,0,,,
122.004,odom,map,-1.80251,-0.563521,0.177425,0,0,0,,,
122.04,odom,map,-1.80251,-0.563521,0.177425,0,0,0,,,
122.076,odom,map,-1.80251,-0.563521,0.177425,0,0,0,,,
122.112,odom,map,-1.80251,-0.563521,0.177425,0,0,0,,,
122.148,odom,map,-1.80251,-0.563521,0.177425,0,0,0,,,
122.184,odom,map,-1.80251,-0.563521,0.177425,0,0,0,,,
122.22,odom,map,-1.80251,-0.563521,0.177425,0,0,0,,,
122.256,odom,map,-1.80251,-0.563521,0.177425,0,0,0,,,
122.292,odom,map,-1.80251,-0.563521,0.177425,0,0,0,,,
122.328,odom,map,-1.80251,-0.563521,0.177425,0,0,0,,,
122.364,odom,map,-1.80251,-0.563521,0.177425,0,0,0,,,
122.4,odom,map,-1.80251,-0.563521,0.177425,0,0,0,,,
122.436,odom,map,-1.80251,-0.563521,0.177425,0,0,0,,,
122.472,odom,map,-1.80251,-0.563521,0.177425,0,0,0,,,
122.508,odom,map,-1.80251,-0.563521,0.177425,0,0,0,,,
122.544,odom,map,-1.80251,-0.563521,0.177425,0,0,0,,,
122.58,odom,map,-1.80251,-0.563521,0.177425,0,0,0,,,
122.616,odom,map,-1.80251,-0.563521,0.177425,0,0,0,,,
122.652,odom,map,-1.80251,-0.563521,0.177425,0,0,0,,,
122.688,odom,map,-1.80251,-0.563521,0.177425,0,0,0,,,
122.724,odom,map,-1.80251,-0.563521,0.177425,0,0,0,,,
122.76,odom,map,-1.80251,-0.563521,0.177425,0,0,0,,,
122.796,odom,map,-1.80251,-0.563521,0.177425,0,0,0,,,
122.832,odom,map,-1.80251,-0.563521,0.177425,0,0,0,,,
122.868,odom,map,-1.80251,-0.563521,0.177425,0,0,0,,,
122.904,odom,map,-1.80251,-0.563521,0.177425,0,0,0,,,
122.94,odom,map,-1.80251,-0.563521,0.177425,0,0,0,,,
122.976,odom,map,-1.80251,-0.563521,0.177425,0,0,0,,,
123.012,odom,map,-1.80251,-0.563521,0.177425,0,0,0,,,
123.048,odom,map,-1.80251,-0.563521,0.177425,0,0,0,,,
123.084,odom,map,-1.80251,-0.563521,0.177425,0,0,0,,,
123.12,odom,map,-1.80251,-0.563521,0.177425,0,0,0,,,
123.156,odom,map,-1.80251,-0.563521,0.177425,0,0,0,,,
123.192,odom,map,-1.80251,-0.563521,0.177425,0,0,0,,,
123.228,odom,map,-1.80251,-0.563521,0.177425,0,0,0,,,
123.264,odom,map,-1.80251,-0.563521,0.177425,0,0,0,,,
123.3,odom,map,-1.80251,-0.563521,0.177425,0,0,0,,,
123.336,odom,map,-1.80251,-0.563521,0.177425,0,0,0,,,
123.372,odom,map,-1.80251,-0.563521,0.177425,0,0,0,,,
123.408,odom,map,-1.80251,-0.563521,0.177425,0,0,0,,,
123.444,odom,map,-1.80251,-0.563521,0.177425,0,0,0,,,
123.48,odom,map,-1.80251,-0.563521,0.177425,0,0,0,,,
123.516,odom,map,-1.80251,-0.563521,0.177425,0,0,0,,,
123.552,odom,map,-1.80251,-0.563521,0.177425,0,0,0,,,
123.588,odom,map,-1.80251,-0.563521,0.177425,0,0,0,,,
123.624,odom,map,-1.80251,-0.563521,0.177425,0,0,0,,,
123.66,odom,map,-1.80251,-0.563521,0.177425,0,0,0,,,
123.696,odom,map,-1.80251,-0.563521,0.177425,0,0,0,,,
123.732,odom,map,-1.80251,-0.563521,0.177425,0,0,0,,,
123.768,odom,map,-1.80251,-0.563521,0.177425,0,0,0,,,
123.804,odom,map,-1.80251,-0.563521,0.177425,0,0,0,,,
123.84,odom,map,-1.80251,-0.563521,0.177425,0,0,0,,,
123.876,odom,map,-1.80251,-0.563521,0.177425,0,0,0,,,
123.912,odom,map,-1.80251,-0.563521,0.177425,0,0,0,,,
123.948,odom,map,-1.80251,-0.563521,0.177425,0,0,0,,,
123.984,odom,map,-1.80251,-0.563521,0.177425,0,0,0,,,
124.02,odom,map,-1.80251,-0.563521,0.177425,0,0,0,,,
124.056,odom,map,-1.80251,-0.563521,0.177425,0,0,0,,,
124.092,odom,map,-1.80251,-0.563521,0.177425,0,0,0,,,
124.128,odom,map,-1.80251,-0.563521,0.177425,0,0,0,,,
124.164,odom,map,-1.80251,-0.563521,0.177425,0,0,0,,,
124.2,odom,map,-1.80251,-0.563521,0.177425,0,0,0,,,
124.236,odom,map,-1.80251,-0.563521,0.177425,0,0,0,,,
124.272,odom,map,-1.80251,-0.563521,0.177425,0,0,0,,,
124.308,odom,map,-1.80251,-0.563521,0.177425,0,0,0,,,
124.344,odom,map,-1.80251,-0.563521,0.177425,0,0,0,,,
124.38,odom,map,-1.80251,-0.563521,0.177425,0,0,0,,,
124.416,odom,map,-1.80251,-0.563521,0.177425,0,0,0,,,
124.452,odom,map,-1.80251,-0.563521,0.177425,0,0,0,,,
124.488,odom,map,-1.80251,-0.563521,0.177425,0,0,0,,,
124.524,odom,map,-1.80251,-0.563521,0.177425,0,0,0,,,
124.56,odom,map,-1.80251,-0.563521,0.177425,0,0,0,,,
124.596,odom,map,-1.80251,-0.563521,0.177425,0,0,0,,,
124.632,odom,map,-1.80251,-0.563521,0.177425,0,0,0,,,
124.668,odom,map,-1.80251,-0.563521,0.177425,0,0,0,,,
124.704,odom,map,-1.80251,-0.563521,0.177425,0,0,0,,,
124.74,odom,map,-1.80251,-0.563521,0.177425,0,0,0,,,
124.776,odom,map,-1.80251,-0.563521,0.177425,0,0,0,,,
124.812,odom,map,-1.80251,-0.563521,0.177425,0,0,0,,,
124.848,odom,map,-1.80251,-0.563521,0.177425,0,0,0,,,
124.884,odom,map,-1.80251,-0.563521,0.177425,0,0,0,,,
124.92,odom,map,-1.80251,-0.563521,0.177425,0,0,0,,,
124.956,odom,map,-1.80251,-0.563521,0.177425,0,0,0,,,
124.992,odom,map,-1.80251,-0.563521,0.177425,0,0,0,,,
125.028,odom,map,-1.80251,-0.563521,0.177425,0,0,0,,,
125.064,odom,map,-1.80251,-0.563521,0.177425,0,0,0,,,
125.1,odom,map,-1.80251,-0.563521,0.177425,0,0,0,,,
125.136,odom,map,-1.80251,-0.563521,0.177425,0,0,0,,,
125.172,odom,map,-1.80251,-0.563521,0.177425,0,0,0,,,
125.208,odom,map,-1.80251,-0.563521,0.177425,0,0,0,,,
125.244,odom,map,-1.80251,-0.563521,0.177425,0,0,0,,,
125.28,odom,map,-1.80251,-0.563521,0.177425,0,0,0,,,
125.316,odom,map,-1.80251,-0.563521,0.177425,0,0,0,,,
125.352,odom,map,-1.80251,-0.563521,0.177425,0,0,0,,,
125.388,odom,map,-1.80251,-0.563521,0.177425,0,0,0,,,
125.424,odom,map,-1.80251,-0.563521,0.177425,0,0,0,,,
125.46,odom,map,-1.80251,-0.563521,0.177425,0,0,0,,,
125.496,odom,map,-1.80251,-0.563521,0.177425,0,0,0,,,
125.532,odom,map,-1.80251,-0.563521,0.177425,0,0,0,,,
125.568,odom,map,-1.80251,-0.563521,0.177425,0,0,0,,,
125.604,odom,map,-1.80251,-0.563521,0.177425,0,0,0,,,
125.64,odom,map,-1.80251,-0.563521,0.177425,0,0,0,,,
125.676,odom,map,-1.80251,-0.563521,0.177425,0,0,0,,,
125.712,odom,map,-1.80251,-0.563521,0.177425,0,0,0,,,
125.748,odom,map,-1.80251,-0.563521,0.177425,0,0,0,,,
125.784,odom,map,-1.80251,-0.563521,0.177425,0,0,0,,,
125.82,odom,map,-1.80251,-0.563521,0.177425,0,0,0,,,
125.856,odom,map,-1.80251,-0.563521,0.177425,0,0,0,,,
125.892,odom,map,-1.80251,-0.563521,0.177425,0,0,0,,,
125.928,odom,map,-1.80251,-0.563521,0.177425,0,0,0,,,
125.964,odom,map,-1.80251,-0.563521,0.177425,0,0,0,,,
126,odom,map,-1.80251,-0.563521,0.177425,0,0,0,,,
126.036,odom,map,-1.80251,-0.563521,0.177425,0,0,0,,,
126.072,odom,map,-1.80251,-0.563521,0.177425,0,0,0,,,
126.108,odom,map,-1.80251,-0.563521,0.177425,0,0,0,,,
126.144,odom,map,-1.80251,-0.563521,0.177425,0,0,0,,,
126.18,odom,map,-1.80251,-0.563521,0.177425,0,0,0,,,
126.216,odom,map,-1.80251,-0.563521,0.177425,0,0,0,,,
126.252,odom,map,-1.80251,-0.563521,0.177425,0,0,0,,,
126.288,odom,map,-1.80251,-0.563521,0.177425,0,0,0,,,
126.324,odom,map,-1.80251,-0.563521,0.177425,0,0,0,,,
126.36,odom,map,-1.80251,-0.563521,0.177425,0,0,0,,,
126.396,odom,map,-1.80251,-0.563521,0.177425,0,0,0,,,
126.432,odom,map,-1.80251,-0.563521,0.177425,0,0,0,,,
126.468,odom,map,-1.80251,-0.563521,0.177425,0,0,0,,,
126.504,odom,map,-1.80251,-0.563521,0.177425,0,0,0,,,
126.54,odom,map,-1.80251,-0.563521,0.177425,0,0,0,,,
126.576,odom,map,-1.80251,-0.563521,0.177425,0,0,0,,,
126.612,odom,map,-1.80251,-0.563521,0.177425,0,0,0,,,
126.648,odom,map,-1.80251,-0.563521,0.177425,0,0,0,,,
126.684,odom,map,-1.80251,-0.563521,0.177425,0,0,0,,,
126.72,odom,map,-1.80251,-0.563521,0.177425,0,0,0,,,
126.756,odom,map,-1.80251,-0.563521,0.177425,0,0,0,,,
126.792,odom,map,-1.80251,-0.563521,0.177425,0,0,0,,,
126.828,odom,map,-1.80251,-0.563521,0.177425,0,0,0,,,
126.864,odom,map,-1.80251,-0.563521,0.177425,0,0,0,,,
126.9,odom,map,-1.80251,-0.563521,0.177425,0,0,0,,,
126.936,odom,map,-1.80251,-0.563521,0.177425,0,0,0,,,
126.972,odom,map,-1.80251,-0.563521,0.177425,0,0,0,,,
127.008,odom,map,-1.80251,-0.563521,0.177425,0,0,0,,,
127.044,odom,map,-1.80251,-0.563521,0.177425,0,0,0,,,
127.08,odom,map,-1.80251,-0.563521,0.177425,0,0,0,,,
127.116,odom,map,-1.80251,-0.563521,0.177425,0,0,0,,,
127.152,odom,map,-1.80251,-0.563521,0.177425,0,0,0,,,
127.188,odom,map,-1.80251,-0.563521,0.177425,0,0,0,,,
127.224,odom,map,-1.80251,-0.563521,0.177425,0,0,0,,,
127.26,odom,map,-1.80251,-0.563521,0.177425,0,0,0,,,
127.296,odom,map,-1.80251,-0.563521,0.177425,0,0,0,,,
127.332,odom,map,-1.80251,-0.563521,0.177425,0,0,0,,,
127.368,odom,map,-1.80251,-0.563521,0.177425,0,0,0,,,
127.404,odom,map,-1.80251,-0.563521,0.177425,0,0,0,,,
127.44,odom,map,-1.80251,-0.563521,0.177425,0,0,0,,,
127.476,odom,map,-1.80251,-0.563521,0.177425,0,0,0,,,
127.512,odom,map,-1.80251,-0.563521,0.177425,0,0,0,,,
127.548,odom,map,-1.80251,-0.563521,0.177425,0,0,0,,,
127.584,odom,map,-1.80251,-0.563521,0.177425,0,0,0,,,
127.62,odom,map,-1.80251,-0.563521,0.177425,0,0,0,,,
127.656,odom,map,-1.80251,-0.563521,0.177425,0,0,0,,,
127.692,odom,map,-1.80251,-0.563521,0.177425,0,0,0,,,
127.728,odom,map,-1.80251,-0.563521,0.177425,0,0,0,,,
127.764,odom,map,-1.80251,-0.563521,0.177425,0,0,0,,,
127.8,odom,map,-1.80251,-0.563521,0.177425,0,0,0,,,
127.836,odom,map,-1.80251,-0.563521,0.177425,0,0,0,,,
127.872,odom,map,-1.80251,-0.563521,0.177425,0,0,0,,,
127.908,odom,map,-1.80251,-0.563521,0.177425,0,0,0,,,
127.944,odom,map,-1.80251,-0.563521,0.177425,0,0,0,,,
127.98,odom,map,-1.80251,-0.563521,0.177425,0,0,0,,,
128.016,odom,map,-1.80251,-0.563521,0.177425,0,0,0,,,
128.052,odom,map,-1.80251,-0.563521,0.177425,0,0,0,,,
128.088,odom,map,-1.80251,-0.563521,0.177425,0,0,0,,,
128.124,odom,map,-1.80251,-0.563521,0.177425,0,0,0,,,
128.16,odom,map,-1.80251,-0.563521,0.177425,0,0,0,,,
128.196,odom,map,-1.80251,-0.563521,0.177425,0,0,0,,,
128.232,odom,map,-1.80251,-0.563521,0.177425,0,0,0,,,
128.268,odom,map,-1.80251,-0.563521,0.177425,0,0,0,,,
128.304,odom,map,-1.80251,-0.563521,0.177425,0,0,0,,,
128.34,odom,map,-1.80251,-0.563521,0.177425,0,0,0,,,
128.376,odom,map,-1.80251,-0.563521,0.177425,0,0,0,,,
128.412,odom,map,-1.80251,-0.563521,0.177425,0,0,0,,,
128.448,odom,map,-1.80251,-0.563521,0.177425,0,0,0,,,
128.484,odom,map,-1.80251,-0.563521,0.177425,0,0,0,,,
128.52,odom,map,-1.80251,-0.563521,0.177425,0,0,0,,,
128.556,odom,map,-1.80251,-0.563521,0.177425,0,0,0,,,
128.592,odom,map,-1.80251,-0.563521,0.177425,0,0,0,,,
128.628,odom,map,-1.80251,-0.563521,0.177425,0,0,0,,,
128.664,odom,map,-1.80251,-0.563521,0.177425,0,0,0,,,
128.7,odom,map,-1.80251,-0.563521,0.177425,0,0,0,,,
128.736,odom,map,-1.80251,-0.563521,0.177425,0,0,0,,,
128.772,odom,map,-1.80251,-0.563521,0.177425,0,0,0,,,
128.808,odom,map,-1.80251,-0.563521,0.177425,0,0,0,,,
128.844,odom,map,-1.80251,-0.563521,0.177425,0,0,0,,,
128.88,odom,map,-1.80251,-0.563521,0.177425,0,0,0,,,
128.916,odom,map,-1.80251,-0.563521,0.177425,0,0,0,,,
128.952,odom,map,-1.80251,-0.563521,0.177425,0,0,0,,,
128.988,odom,map,-1.80251,-0.563521,0.177425,0,0,0,,,
129.024,odom,map,-1.80251,-0.563521,0.177425,0,0,0,,,
129.06,odom,map,-1.80251,-0.563521,0.177425,0,0,0,,,
129.096,odom,map,-1.80251,-0.563521,0.177425,0,0,0,,,
129.132,odom,map,-1.80251,-0.563521,0.177425,0,0,0,,,
129.168,odom,map,-1.80251,-0.563521,0.177425,0,0,0,,,
129.204,odom,map,-1.80251,-0.563521,0.177425,0,0,0,,,
129.24,odom,map,-1.80251,-0.563521,0.177425,0,0,0,,,
129.276,odom,map,-1.80251,-0.563521,0.177425,0,0,0,,,
129.312,odom,map,-1.80251,-0.563521,0.177425,0,0,0,,,
129.348,odom,map,-1.80251,-0.563521,0.177425,0,0,0,,,
129.384,odom,map,-1.80251,-0.563521,0.177425,0,0,0,,,
129.42,odom,map,-1.80251,-0.563521,0.177425,0,0,0,,,
129.456,odom,map,-1.80251,-0.563521,0.177425,0,0,0,,,
129.492,odom,map,-1.80251,-0.563521,0.177425,0,0,0,,,
129.528,odom,map,-1.80251,-0.563521,0.177425,0,0,0,,,
129.564,odom,map,-1.80251,-0.563521,0.177425,0,0,0,,,
129.6,odom,map,-1.80251,-0.563521,0.177425,0,0,0,,,
129.636,odom,map,-1.80251,-0.563521,0.177425,0,0,0,,,
129.672,odom,map,-1.80251,-0.563521,0.177425,0,0,0,,,
129.708,odom,map,-1.80251,-0.563521,0.177425,0,0,0,,,
129.744,odom,map,-1.80251,-0.563521,0.177425,0,0,0,,,
129.78,odom,map,-1.80251,-0.563521,0.177425,0,0,0,,,
129.816,odom,map,-1.80251,-0.563521,0.177425,0,0,0,,,
129.852,odom,map,-1.80251,-0.563521,0.177425,0,0,0,,,
129.888,odom,map,-1.80251,-0.563521,0.177425,0,0,0,,,
129.924,odom,map,-1.80251,-0.563521,0.177425,0,0,0,,,
129.96,odom,map,-1.80251,-0.563521,0.177425,0,0,0,,,
129.996,odom,map,-1.80251,-0.563521,0.177425,0,0,0,,,
130.032,odom,map,-1.80251,-0.563521,0.177425,0,0,0,,,
130.068,odom,map,-1.80251,-0.563521,0.177425,0,0,0,,,
130.104,odom,map,-1.80251,-0.563521,0.177425,0,0,0,,,
130.14,odom,map,-1.80251,-0.563521,0.177425,0,0,0,,,
130.176,odom,map,-1.80251,-0.563521,0.177425,0,0,0,,,
130.212,odom,map,-1.80251,-0.563521,0.177425,0,0,0,,,
130.248,odom,map,-1.80251,-0.563521,0.177425,0,0,0,,,
130.284,odom,map,-1.80251,-0.563521,0.177425,0,0,0,,,
130.32,odom,map,-1.80251,-0.563521,0.177425,0,0,0,,,
130.356,odom,map,-1.80251,-0.563521,0.177425,0,0,0,,,
130.392,odom,map,-1.80251,-0.563521,0.177425,0,0,0,,,
130.428,odom,map,-1.80251,-0.563521,0.177425,0,0,0,,,
130.464,odom,map,-1.80251,-0.563521,0.177425,0,0,0,,,
130.5,odom,map,-1.80251,-0.563521,0.177425,0,0,0,,,
130.536,odom,map,-1.80251,-0.563521,0.177425,0,0,0,,,
130.572,odom,map,-1.80251,-0.563521,0.177425,0,0,0,,,
130.608,odom,map,-1.80251,-0.563521,0.177425,0,0,0,,,
130.644,odom,map,-1.80251,-0.563521,0.177425,0,0,0,,,
130.68,odom,map,-1.80251,-0.563521,0.177425,0,0,0,,,
130.716,odom,map,-1.80251,-0.563521,0.177425,0,0,0,,,
130.752,odom,map,-1.80251,-0.563521,0.177425,0,0,0,,,
130.788,odom,map,-1.80251,-0.563521,0.177425,0,0,0,,,
130.824,odom,map,-1.80251,-0.563521,0.177425,0,0,0,,,
130.86,odom,map,-1.80251,-0.563521,0.177425,0,0,0,,,
130.896,odom,map,-1.80251,-0.563521,0.177425,0,0,0,,,
130.932,odom,map,-1.80251,-0.563521,0.177425,0,0,0,,,
130.968,odom,map,-1.80251,-0.563521,0.177425,0,0,0,,,
131.004,odom,map,-1.80251,-0.563521,0.177425,0,0,0,,,
131.04,odom,map,-1.80251,-0.563521,0.177425,0,0,0,,,
131.076,odom,map,-1.80251,-0.563521,0.177425,0,0,0,,,
131.112,odom,map,-1.80251,-0.563521,0.177425,0,0,0,,,
131.148,odom,map,-1.80251,-0.563521,0.177425,0,0,0,,,
131.184,odom,map,-1.80251,-0.563521,0.177425,0,0,0,,,
131.22,odom,map,-1.80251,-0.563521,0.177425,0,0,0,,,
131.256,odom,map,-1.80251,-0.563521,0.177425,0,0,0,,,
131.292,odom,map,-1.80251,-0.563521,0.177425,0,0,0,,,
131.328,odom,map,-1.80251,-0.563521,0.177425,0,0,0,,,
131.364,odom,map,-1.80251,-0.563521,0.177425,0,0,0,,,
131.4,odom,map,-1.80251,-0.563521,0.177425,0,0,0,,,
131.436,odom,map,-1.80251,-0.563521,0.177425,0,0,0,,,
131.472,odom,map,-1.80251,-0.563521,0.177425,0,0,0,,,
131.508,odom,map,-1.80251,-0.563521,0.177425,0,0,0,,,
131.544,odom,map,-1.80251,-0.563521,0.177425,0,0,0,,,
131.58,odom,map,-1.80251,-0.563521,0.177425,0,0,0,,,
131.616,odom,map,-1.80251,-0.563521,0.177425,0,0,0,,,
131.652,odom,map,-1.80251,-0.563521,0.177425,0,0,0,,,
131.688,odom,map,-1.80251,-0.563521,0.177425,0,0,0,,,
131.724,odom,map,-1.80251,-0.563521,0.177425,0,0,0,,,
131.76,odom,map,-1.80251,-0.563521,0.177425,0,0,0,,,
131.796,odom,map,-1.80251,-0.563521,0.177425,0,0,0,,,
131.832,odom,map,-1.80251,-0.563521,0.177425,0,0,0,,,
131.868,odom,map,-1.80251,-0.563521,0.177425,0,0,0,,,
131.904,odom,map,-1.80251,-0.563521,0.177425,0,0,0,,,
131.94,odom,map,-1.80251,-0.563521,0.177425,0,0,0,,,
131.976,odom,map,-1.80251,-0.563521,0.177425,0,0,0,,,
132.012,odom,map,-1.80251,-0.563521,0.177425,0,0,0,,,
132.048,odom,map,-1.80251,-0.563521,0.177425,0,0,0,,,
132.084,odom,map,-1.80251,-0.563521,0.177425,0,0,0,,,
132.12,odom,map,-1.80251,-0.563521,0.177425,0,0,0,,,
132.156,odom,map,-1.80251,-0.563521,0.177425,0,0,0,,,
132.192,odom,map,-1.80251,-0.563521,0.177425,0,0,0,,,
132.228,odom,map,-1.80251,-0.563521,0.177425,0,0,0,,,
132.264,odom,map,-1.80251,-0.563521,0.177425,0,0,0,,,
132.3,odom,map,-1.80251,-0.563521,0.177425,0,0,0,,,
132.336,odom,map,-1.80251,-0.563521,0.177425,0,0,0,,,
132.372,odom,map,-1.80251,-0.563521,0.177425,0,0,0,,,
132.408,odom,map,-1.80251,-0.563521,0.177425,0,0,0,,,
132.444,odom,map,-1.80251,-0.563521,0.177425,0,0,0,,,
132.48,odom,map,-1.80251,-0.563521,0.177425,0,0,0,,,
132.516,odom,map,-1.80251,-0.563521,0.177425,0,0,0,,,
132.552,odom,map,-1.80251,-0.563521,0.177425,0,0,0,,,
132.588,odom,map,-1.80251,-0.563521,0.177425,0,0,0,,,
132.624,odom,map,-1.80251,-0.563521,0.177425,0,0,0,,,
132.66,odom,map,-1.80251,-0.563521,0.177425,0,0,0,,,
132.696,odom,map,-1.80251,-0.563521,0.177425,0,0,0,,,
132.732,odom,map,-1.80251,-0.563521,0.177425,0,0,0,,,
132.768,odom,map,-1.80251,-0.563521,0.177425,0,0,0,,,
132.804,odom,map,-1.80251,-0.563521,0.177425,0,0,0,,,
132.84,odom,map,-1.80251,-0.563521,0.177425,0,0,0,,,
132.876,odom,map,-1.80251,-0.563521,0.177425,0,0,0,,,
132.912,odom,map,-1.80251,-0.563521,0.177425,0,0,0,,,
132.948,odom,map,-1.80251,-0.563521,0.177425,0,0,0,,,
132.984,odom,map,-1.80251,-0.563521,0.177425,0,0,0,,,
133.02,odom,map,-1.80251,-0.563521,0.177425,0,0,0,,,
133.056,odom,map,-1.80251,-0.563521,0.177425,0,0,0,,,
133.092,odom,map,-1.80251,-0.563521,0.177425,0,0,0,,,
133.128,odom,map,-1.80251,-0.563521,0.177425,0,0,0,,,
133.164,odom,map,-1.80251,-0.563521,0.177425,0,0,0,,,
133.2,odom,map,-1.80251,-0.563521,0.177425,0,0,0,,,
133.236,odom,map,-1.80251,-0.563521,0.177425,0,0,0,,,
133.272,odom,map,-1.80251,-0.563521,0.177425,0,0,0,,,
133.308,odom,map,-1.80251,-0.563521,0.177425,0,0,0,,,
133.344,odom,map,-1.80251,-0.563521,0.177425,0,0,0,,,
133.38,odom,map,-1.80251,-0.563521,0.177425,0,0,0,,,
133.416,odom,map,-1.80251,-0.563521,0.177425,0,0,0,,,
133.452,odom,map,-1.80251,-0.563521,0.177425,0,0,0,,,
133.488,odom,map,-1.80251,-0.563521,0.177425,0,0,0,,,
133.524,odom,map,-1.80251,-0.563521,0.177425,0,0,0,,,
133.56,odom,map,-1.80251,-0.563521,0.177425,0,0,0,,,
133.596,odom,map,-1.80251,-0.563521,0.177425,0,0,0,,,
133.632,odom,map,-1.80251,-0.563521,0.177425,0,0,0,,,
133.668,odom,map,-1.80251,-0.563521,0.177425,0,0,0,,,
133.704,odom,map,-1.80251,-0.563521,0.177425,0,0,0,,,
133.74,odom,map,-1.80251,-0.563521,0.177425,0,0,0,,,
133.776,odom,map,-1.80251,-0.563521,0.177425,0,0,0,,,
133.812,odom,map,-1.80251,-0.563521,0.177425,0,0,0,,,
133.848,odom,map,-1.80251,-0.563521,0.177425,0,0,0,,,
133.884,odom,map,-1.80251,-0.563521,0.177425,0,0,0,,,
133.92,odom,map,-1.80251,-0.563521,0.177425,0,0,0,,,
133.956,odom,map,-1.80251,-0.563521,0.177425,0,0,0,,,
133.992,odom,map,-1.80251,-0.563521,0.177425,0,0,0,,,
134.028,odom,map,-1.80251,-0.563521,0.177425,0,0,0,,,
134.064,odom,map,-1.80251,-0.563521,0.177425,0,0,0,,,
134.1,odom,map,-1.80251,-0.563521,0.177425,0,0,0,,,
134.136,odom,map,-1.80251,-0.563521,0.177425,0,0,0,,,
134.172,odom,map,-1.80251,-0.563521,0.177425,0,0,0,,,
134.208,odom,map,-1.80251,-0.563521,0.177425,0,0,0,,,
134.244,odom,map,-1.80251,-0.563521,0.177425,0,0,0,,,
134.28,odom,map,-1.80251,-0.563521,0.177425,0,0,0,,,
134.316,odom,map,-1.80251,-0.563521,0.177425,0,0,0,,,
134.352,odom,map,-1.80251,-0.563521,0.177425,0,0,0,,,
134.388,odom,map,-1.80251,-0.563521,0.177425,0,0,0,,,
134.424,odom,map,-1.80251,-0.563521,0.177425,0,0,0,,,
134.46,odom,map,-1.80251,-0.563521,0.177425,0,0,0,,,
134.496,odom,map,-1.80251,-0.563521,0.177425,0,0,0,,,
134.532,odom,map,-1.80251,-0.563521,0.177425,0,0,0,,,
134.568,odom,map,-1.80251,-0.563521,0.177425,0,0,0,,,
134.604,odom,map,-1.80251,-0.563521,0.177425,0,0,0,,,
134.64,odom,map,-1.80251,-0.563521,0.177425,0,0,0,,,
134.676,odom,map,-1.80251,-0.563521,0.177425,0,0,0,,,
134.712,odom,map,-1.80251,-0.563521,0.177425,0,0,0,,,
134.748,odom,map,-1.80251,-0.563521,0.177425,0,0,0,,,
134.784,odom,map,-1.80251,-0.563521,0.177425,0,0,0,,,
134.82,odom,map,-1.80251,-0.563521,0.177425,0,0,0,,,
134.856,odom,map,-1.80251,-0.563521,0.177425,0,0,0,,,
134.892,odom,map,-1.80251,-0.563521,0.177425,0,0,0,,,
134.928,odom,map,-1.80251,-0.563521,0.177425,0,0,0,,,
134.964,odom,map,-1.80251,-0.563521,0.177425,0,0,0,,,
135,odom,map,-1.80251,-0.563521,0.177425,0,0,0,,,
135.036,odom,map,-1.80251,-0.563521,0.177425,0,0,0,,,
135.072,odom,map,-1.80251,-0.563521,0.177425,0,0,0,,,
135.108,odom,map,-1.80251,-0.563521,0.177425,0,0,0,,,
135.144,odom,map,-1.80251,-0.563521,0.177425,0,0,0,,,
135.18,odom,map,-1.80251,-0.563521,0.177425,0,0,0,,,
135.216,odom,map,-1.80251,-0.563521,0.177425,0,0,0,,,
135.252,odom,map,-1.80251,-0.563521,0.177425,0,0,0,,,
135.288,odom,map,-1.80251,-0.563521,0.177425,0,0,0,,,
135.324,odom,map,-1.80251,-0.563521,0.177425,0,0,0,,,
135.36,odom,map,-1.80251,-0.563521,0.177425,0,0,0,,,
135.396,odom,map,-1.80251,-0.563521,0.177425,0,0,0,,,
135.432,odom,map,-1.80251,-0.563521,0.177425,0,0,0,,,
135.468,odom,map,-1.80251,-0.563521,0.177425,0,0,0,,,
135.504,odom,map,-1.80251,-0.563521,0.177425,0,0,0,,,
135.54,odom,map,-1.80251,-0.563521,0.177425,0,0,0,,,
135.576,odom,map,-1.80251,-0.563521,0.177425,0,0,0,,,
135.612,odom,map,-1.80251,-0.563521,0.177425,0,0,0,,,
135.648,odom,map,-1.80251,-0.563521,0.177425,0,0,0,,,
135.684,odom,map,-1.80251,-0.563521,0.177425,0,0,0,,,
135.72,odom,map,-1.80251,-0.563521,0.177425,0,0,0,,,
135.756,odom,map,-1.80251,-0.563521,0.177425,0,0,0,,,
135.792,odom,map,-1.80251,-0.563521,0.177425,0,0,0,,,
135.828,odom,map,-1.80251,-0.563521,0.177425,0,0,0,,,
135.864,odom,map,-1.80251,-0.563521,0.177425,0,0,0,,,
135.9,odom,map,-1.80251,-0.563521,0.177425,0,0,0,,,
135.936,odom,map,-1.80251,-0.563521,0.177425,0,0,0,,,
135.972,odom,map,-1.80251,-0.563521,0.177425,0,0,0,,,
136.008,odom,map,-1.80251,-0.563521,0.177425,0,0,0,,,
136.044,odom,map,-1.80251,-0.563521,0.177425,0,0,0,,,
136.08,odom,map,-1.80251,-0.563521,0.177425,0,0,0,,,
136.116,odom,map,-1.80251,-0.563521,0.177425,0,0,0,,,
136.152,odom,map,-1.80251,-0.563521,0.177425,0,0,0,,,
136.188,odom,map,-1.80251,-0.563521,0.177425,0,0,0,,,
136.224,odom,map,-1.80251,-0.563521,0.177425,0,0,0,,,
136.26,odom,map,-1.80251,-0.563521,0.177425,0,0,0,,,
136.296,odom,map,-1.80251,-0.563521,0.177425,0,0,0,,,
136.332,odom,map,-1.80251,-0.563521,0.177425,0,0,0,,,
136.368,odom,map,-1.80251,-0.563521,0.177425,0,0,0,,,
136.404,odom,map,-1.80251,-0.563521,0.177425,0,0,0,,,
136.44,odom,map,-1.80251,-0.563521,0.177425,0,0,0,,,
136.476,odom,map,-1.80251,-0.563521,0.177425,0,0,0,,,
136.512,odom,map,-1.80251,-0.563521,0.177425,0,0,0,,,
136.548,odom,map,-1.80251,-0.563521,0.177425,0,0,0,,,
136.584,odom,map,-1.80251,-0.563521,0.177425,0,0,0,,,
136.62,odom,map,-1.80251,-0.563521,0.177425,0,0,0,,,
136.656,odom,map,-1.80251,-0.563521,0.177425,0,0,0,,,
136.692,odom,map,-1.80251,-0.563521,0.177425,0,0,0,,,
136.728,odom,map,-1.80251,-0.563521,0.177425,0,0,0,,,
136.764,odom,map,-1.80251,-0.563521,0.177425,0,0,0,,,
136.8,odom,map,-1.80251,-0.563521,0.177425,0,0,0,,,
136.836,odom,map,-1.80251,-0.563521,0.177425,0,0,0,,,
136.872,odom,map,-1.80251,-0.563521,0.177425,0,0,0,,,
136.908,odom,map,-1.80251,-0.563521,0.177425,0,0,0,,,
136.944,odom,map,-1.80251,-0.563521,0.177425,0,0,0,,,
136.98,odom,map,-1.80251,-0.563521,0.177425,0,0,0,,,
137.016,odom,map,-1.80251,-0.563521,0.177425,0,0,0,,,
137.052,odom,map,-1.80251,-0.563521,0.177425,0,0,0,,,
137.088,odom,map,-1.80251,-0.563521,0.177425,0,0,0,,,
137.124,odom,map,-1.80251,-0.563521,0.177425,0,0,0,,,
137.16,odom,map,-1.80251,-0.563521,0.177425,0,0,0,,,
137.196,odom,map,-1.80251,-0.563521,0.177425,0,0,0,,,
137.232,odom,map,-1.80251,-0.563521,0.177425,0,0,0,,,
137.268,odom,map,-1.80251,-0.563521,0.177425,0,0,0,,,
137.304,odom,map,-1.80251,-0.563521,0.177425,0,0,0,,,
137.34,odom,map,-1.80251,-0.563521,0.177425,0,0,0,,,
137.376,odom,map,-1.80251,-0.563521,0.177425,0,0,0,,,
137.412,odom,map,-1.80251,-0.563521,0.177425,0,0,0,,,
137.448,odom,map,-1.80251,-0.563521,0.177425,0,0,0,,,
137.484,odom,map,-1.80251,-0.563521,0.177425,0,0,0,,,
137.52,odom,map,-1.80251,-0.563521,0.177425,0,0,0,,,
137.556,odom,map,-1.80251,-0.563521,0.177425,0,0,0,,,
137.592,odom,map,-1.80251,-0.563521,0.177425,0,0,0,,,
137.628,odom,map,-1.80251,-0.563521,0.177425,0,0,0,,,
137.664,odom,map,-1.80251,-0.563521,0.177425,0,0,0,,,
137.7,odom,map,-1.80251,-0.563521,0.177425,0,0,0,,,
137.736,odom,map,-1.80251,-0.563521,0.177425,0,0,0,,,
137.772,odom,map,-1.80251,-0.563521,0.177425,0,0,0,,,
137.808,odom,map,-1.80251,-0.563521,0.177425,0,0,0,,,
137.844,odom,map,-1.80251,-0.563521,0.177425,0,0,0,,,
137.88,odom,map,-1.80251,-0.563521,0.177425,0,0,0,,,
137.916,odom,map,-1.80251,-0.563521,0.177425,0,0,0,,,
137.952,odom,map,-1.80251,-0.563521,0.177425,0,0,0,,,
137.988,odom,map,-1.80251,-0.563521,0.177425,0,0,0,,,
138.024,odom,map,-1.80251,-0.563521,0.177425,0,0,0,,,
138.06,odom,map,-1.80251,-0.563521,0.177425,0,0,0,,,
138.096,odom,map,-1.80251,-0.563521,0.177425,0,0,0,,,
138.132,odom,map,-1.80251,-0.563521,0.177425,0,0,0,,,
138.168,odom,map,-1.80251,-0.563521,0.177425,0,0,0,,,
138.204,odom,map,-1.80251,-0.563521,0.177425,0,0,0,,,
138.24,odom,map,-1.80251,-0.563521,0.177425,0,0,0,,,
138.276,odom,map,-1.80251,-0.563521,0.177425,0,0,0,,,
138.312,odom,map,-1.80251,-0.563521,0.177425,0,0,0,,,
138.348,odom,map,-1.80251,-0.563521,0.177425,0,0,0,,,
138.384,odom,map,-1.80251,-0.563521,0.177425,0,0,0,,,
138.42,odom,map,-1.80251,-0.563521,0.177425,0,0,0,,,
138.456,odom,map,-1.80251,-0.563521,0.177425,0,0,0,,,
138.492,odom,map,-1.80251,-0.563521,0.177425,0,0,0,,,
138.528,odom,map,-1.80251,-0.563521,0.177425,0,0,0,,,
138.564,odom,map,-1.80251,-0.563521,0.177425,0,0,0,,,
138.6,odom,map,-1.80251,-0.563521,0.177425,0,0,0,,,
138.636,odom,map,-1.80251,-0.563521,0.177425,0,0,0,,,
138.672,odom,map,-1.80251,-0.563521,0.177425,0,0,0,,,
138.708,odom,map,-1.80251,-0.563521,0.177425,0,0,0,,,
138.744,odom,map,-1.80251,-0.563521,0.177425,0,0,0,,,
138.78,odom,map,-1.80251,-0.563521,0.177425,0,0,0,,,
138.816,odom,map,-1.80251,-0.563521,0.177425,0,0,0,,,
138.852,odom,map,-1.80251,-0.563521,0.177425,0,0,0,,,
138.888,odom,map,-1.80251,-0.563521,0.177425,0,0,0,,,
138.924,odom,map,-1.80251,-0.563521,0.177425,0,0,0,,,
138.96,odom,map,-1.80251,-0.563521,0.177425,0,0,0,,,
138.996,odom,map,-1.80251,-0.563521,0.177425,0,0,0,,,
139.032,odom,map,-1.80251,-0.563521,0.177425,0,0,0,,,
139.068,odom,map,-1.80251,-0.563521,0.177425,0,0,0,,,
139.104,odom,map,-1.80251,-0.563521,0.177425,0,0,0,,,
139.14,odom,map,-1.80251,-0.563521,0.177425,0,0,0,,,
139.176,odom,map,-1.80251,-0.563521,0.177425,0,0,0,,,
139.212,odom,map,-1.80251,-0.563521,0.177425,0,0,0,,,
139.248,odom,map,-1.80251,-0.563521,0.177425,0,0,0,,,
139.284,odom,map,-1.80251,-0.563521,0.177425,0,0,0,,,
139.32,odom,map,-1.80251,-0.563521,0.177425,0,0,0,,,
139.356,odom,map,-1.80251,-0.563521,0.177425,0,0,0,,,
139.392,odom,map,-1.80251,-0.563521,0.177425,0,0,0,,,
139.428,odom,map,-1.80251,-0.563521,0.177425,0,0,0,,,
139.464,odom,map,-1.80251,-0.563521,0.177425,0,0,0,,,
139.5,odom,map,-1.80251,-0.563521,0.177425,0,0,0,,,
139.536,odom,map,-1.80251,-0.563521,0.177425,0,0,0,,,
139.572,odom,map,-1.80251,-0.563521,0.177425,0,0,0,,,
139.608,odom,map,-1.80251,-0.563521,0.177425,0,0,0,,,
139.644,odom,map,-1.80251,-0.563521,0.177425,0,0,0,,,
139.68,odom,map,-1.80251,-0.563521,0.177425,0,0,0,,,
139.716,odom,map,-1.80251,-0.563521,0.177425,0,0,0,,,
139.752,odom,map,-1.80251,-0.563521,0.177425,0,0,0,,,
139.788,odom,map,-1.80251,-0.563521,0.177425,0,0,0,,,
139.824,odom,map,-1.80251,-0.563521,0.177425,0,0,0,,,
139.86,odom,map,-1.80251,-0.563521,0.177425,0,0,0,,,
139.896,odom,map,-1.80251,-0.563521,0.177425,0,0,0,,,
139.932,odom,map,-1.80251,-0.563521,0.177425,0,0,0,,,
139.968,odom,map,-1.80251,-0.563521,0.177425,0,0,0,,,
140.004,odom,map,-1.80251,-0.563521,0.177425,0,0,0,,,
140.04,odom,map,-1.80251,-0.563521,0.177425,0,0,0,,,
140.076,odom,map,-1.80251,-0.563521,0.177425,0,0,0,,,
140.112,odom,map,-1.80251,-0.563521,0.177425,0,0,0,,,
140.148,odom,map,-1.80251,-0.563521,0.177425,0,0,0,,,
140.184,odom,map,-1.80251,-0.563521,0.177425,0,0,0,,,
140.22,odom,map,-1.80251,-0.563521,0.177425,0,0,0,,,
140.256,odom,map,-1.80251,-0.563521,0.177425,0,0,0,,,
140.292,odom,map,-1.80251,-0.563521,0.177425,0,0,0,,,
